# generated by tools/gen_tower_models.py - do not edit by hand
mtllib lattice_tension.mtl
v -2.090000 0.000000 -2.090000
v -1.710000 0.000000 -2.090000
v -1.710000 0.000000 -1.710000
v -2.090000 0.000000 -1.710000
v -2.090000 0.100000 -1.710000
v -1.710000 0.100000 -1.710000
v -1.710000 0.100000 -2.090000
v -2.090000 0.100000 -2.090000
v -1.966000 0.122000 -1.980000
v -1.973000 0.122000 -1.967876
v -1.973000 0.100000 -1.967876
v -1.966000 0.100000 -1.980000
v -1.987000 0.122000 -1.967876
v -1.987000 0.100000 -1.967876
v -1.994000 0.122000 -1.980000
v -1.994000 0.100000 -1.980000
v -1.987000 0.122000 -1.992124
v -1.987000 0.100000 -1.992124
v -1.973000 0.122000 -1.992124
v -1.973000 0.100000 -1.992124
v -1.952630 0.101320 -1.980000
v -1.954713 0.101320 -1.969526
v -1.954713 0.098680 -1.969526
v -1.952630 0.098680 -1.980000
v -1.960646 0.101320 -1.960646
v -1.960646 0.098680 -1.960646
v -1.969526 0.101320 -1.954713
v -1.969526 0.098680 -1.954713
v -1.980000 0.101320 -1.952630
v -1.980000 0.098680 -1.952630
v -1.990474 0.101320 -1.954713
v -1.990474 0.098680 -1.954713
v -1.999354 0.101320 -1.960646
v -1.999354 0.098680 -1.960646
v -2.005287 0.101320 -1.969526
v -2.005287 0.098680 -1.969526
v -2.007370 0.101320 -1.980000
v -2.007370 0.098680 -1.980000
v -2.005287 0.101320 -1.990474
v -2.005287 0.098680 -1.990474
v -1.999354 0.101320 -1.999354
v -1.999354 0.098680 -1.999354
v -1.990474 0.101320 -2.005287
v -1.990474 0.098680 -2.005287
v -1.980000 0.101320 -2.007370
v -1.980000 0.098680 -2.007370
v -1.969526 0.101320 -2.005287
v -1.969526 0.098680 -2.005287
v -1.960646 0.101320 -1.999354
v -1.960646 0.098680 -1.999354
v -1.954713 0.101320 -1.990474
v -1.954713 0.098680 -1.990474
v -1.959389 0.104400 -1.968100
v -1.980000 0.104400 -1.956200
v -1.980000 0.100000 -1.956200
v -1.959389 0.100000 -1.968100
v -2.000611 0.104400 -1.968100
v -2.000611 0.100000 -1.968100
v -2.000611 0.104400 -1.991900
v -2.000611 0.100000 -1.991900
v -1.980000 0.104400 -2.003800
v -1.980000 0.100000 -2.003800
v -1.959389 0.104400 -1.991900
v -1.959389 0.100000 -1.991900
v -1.966000 0.122000 -1.820000
v -1.973000 0.122000 -1.807876
v -1.973000 0.100000 -1.807876
v -1.966000 0.100000 -1.820000
v -1.987000 0.122000 -1.807876
v -1.987000 0.100000 -1.807876
v -1.994000 0.122000 -1.820000
v -1.994000 0.100000 -1.820000
v -1.987000 0.122000 -1.832124
v -1.987000 0.100000 -1.832124
v -1.973000 0.122000 -1.832124
v -1.973000 0.100000 -1.832124
v -1.952630 0.101320 -1.820000
v -1.954713 0.101320 -1.809526
v -1.954713 0.098680 -1.809526
v -1.952630 0.098680 -1.820000
v -1.960646 0.101320 -1.800646
v -1.960646 0.098680 -1.800646
v -1.969526 0.101320 -1.794713
v -1.969526 0.098680 -1.794713
v -1.980000 0.101320 -1.792630
v -1.980000 0.098680 -1.792630
v -1.990474 0.101320 -1.794713
v -1.990474 0.098680 -1.794713
v -1.999354 0.101320 -1.800646
v -1.999354 0.098680 -1.800646
v -2.005287 0.101320 -1.809526
v -2.005287 0.098680 -1.809526
v -2.007370 0.101320 -1.820000
v -2.007370 0.098680 -1.820000
v -2.005287 0.101320 -1.830474
v -2.005287 0.098680 -1.830474
v -1.999354 0.101320 -1.839354
v -1.999354 0.098680 -1.839354
v -1.990474 0.101320 -1.845287
v -1.990474 0.098680 -1.845287
v -1.980000 0.101320 -1.847370
v -1.980000 0.098680 -1.847370
v -1.969526 0.101320 -1.845287
v -1.969526 0.098680 -1.845287
v -1.960646 0.101320 -1.839354
v -1.960646 0.098680 -1.839354
v -1.954713 0.101320 -1.830474
v -1.954713 0.098680 -1.830474
v -1.959389 0.104400 -1.808100
v -1.980000 0.104400 -1.796200
v -1.980000 0.100000 -1.796200
v -1.959389 0.100000 -1.808100
v -2.000611 0.104400 -1.808100
v -2.000611 0.100000 -1.808100
v -2.000611 0.104400 -1.831900
v -2.000611 0.100000 -1.831900
v -1.980000 0.104400 -1.843800
v -1.980000 0.100000 -1.843800
v -1.959389 0.104400 -1.831900
v -1.959389 0.100000 -1.831900
v -1.806000 0.122000 -1.980000
v -1.813000 0.122000 -1.967876
v -1.813000 0.100000 -1.967876
v -1.806000 0.100000 -1.980000
v -1.827000 0.122000 -1.967876
v -1.827000 0.100000 -1.967876
v -1.834000 0.122000 -1.980000
v -1.834000 0.100000 -1.980000
v -1.827000 0.122000 -1.992124
v -1.827000 0.100000 -1.992124
v -1.813000 0.122000 -1.992124
v -1.813000 0.100000 -1.992124
v -1.792630 0.101320 -1.980000
v -1.794713 0.101320 -1.969526
v -1.794713 0.098680 -1.969526
v -1.792630 0.098680 -1.980000
v -1.800646 0.101320 -1.960646
v -1.800646 0.098680 -1.960646
v -1.809526 0.101320 -1.954713
v -1.809526 0.098680 -1.954713
v -1.820000 0.101320 -1.952630
v -1.820000 0.098680 -1.952630
v -1.830474 0.101320 -1.954713
v -1.830474 0.098680 -1.954713
v -1.839354 0.101320 -1.960646
v -1.839354 0.098680 -1.960646
v -1.845287 0.101320 -1.969526
v -1.845287 0.098680 -1.969526
v -1.847370 0.101320 -1.980000
v -1.847370 0.098680 -1.980000
v -1.845287 0.101320 -1.990474
v -1.845287 0.098680 -1.990474
v -1.839354 0.101320 -1.999354
v -1.839354 0.098680 -1.999354
v -1.830474 0.101320 -2.005287
v -1.830474 0.098680 -2.005287
v -1.820000 0.101320 -2.007370
v -1.820000 0.098680 -2.007370
v -1.809526 0.101320 -2.005287
v -1.809526 0.098680 -2.005287
v -1.800646 0.101320 -1.999354
v -1.800646 0.098680 -1.999354
v -1.794713 0.101320 -1.990474
v -1.794713 0.098680 -1.990474
v -1.799389 0.104400 -1.968100
v -1.820000 0.104400 -1.956200
v -1.820000 0.100000 -1.956200
v -1.799389 0.100000 -1.968100
v -1.840611 0.104400 -1.968100
v -1.840611 0.100000 -1.968100
v -1.840611 0.104400 -1.991900
v -1.840611 0.100000 -1.991900
v -1.820000 0.104400 -2.003800
v -1.820000 0.100000 -2.003800
v -1.799389 0.104400 -1.991900
v -1.799389 0.100000 -1.991900
v -1.806000 0.122000 -1.820000
v -1.813000 0.122000 -1.807876
v -1.813000 0.100000 -1.807876
v -1.806000 0.100000 -1.820000
v -1.827000 0.122000 -1.807876
v -1.827000 0.100000 -1.807876
v -1.834000 0.122000 -1.820000
v -1.834000 0.100000 -1.820000
v -1.827000 0.122000 -1.832124
v -1.827000 0.100000 -1.832124
v -1.813000 0.122000 -1.832124
v -1.813000 0.100000 -1.832124
v -1.792630 0.101320 -1.820000
v -1.794713 0.101320 -1.809526
v -1.794713 0.098680 -1.809526
v -1.792630 0.098680 -1.820000
v -1.800646 0.101320 -1.800646
v -1.800646 0.098680 -1.800646
v -1.809526 0.101320 -1.794713
v -1.809526 0.098680 -1.794713
v -1.820000 0.101320 -1.792630
v -1.820000 0.098680 -1.792630
v -1.830474 0.101320 -1.794713
v -1.830474 0.098680 -1.794713
v -1.839354 0.101320 -1.800646
v -1.839354 0.098680 -1.800646
v -1.845287 0.101320 -1.809526
v -1.845287 0.098680 -1.809526
v -1.847370 0.101320 -1.820000
v -1.847370 0.098680 -1.820000
v -1.845287 0.101320 -1.830474
v -1.845287 0.098680 -1.830474
v -1.839354 0.101320 -1.839354
v -1.839354 0.098680 -1.839354
v -1.830474 0.101320 -1.845287
v -1.830474 0.098680 -1.845287
v -1.820000 0.101320 -1.847370
v -1.820000 0.098680 -1.847370
v -1.809526 0.101320 -1.845287
v -1.809526 0.098680 -1.845287
v -1.800646 0.101320 -1.839354
v -1.800646 0.098680 -1.839354
v -1.794713 0.101320 -1.830474
v -1.794713 0.098680 -1.830474
v -1.799389 0.104400 -1.808100
v -1.820000 0.104400 -1.796200
v -1.820000 0.100000 -1.796200
v -1.799389 0.100000 -1.808100
v -1.840611 0.104400 -1.808100
v -1.840611 0.100000 -1.808100
v -1.840611 0.104400 -1.831900
v -1.840611 0.100000 -1.831900
v -1.820000 0.104400 -1.843800
v -1.820000 0.100000 -1.843800
v -1.799389 0.104400 -1.831900
v -1.799389 0.100000 -1.831900
v -2.090000 0.000000 1.710000
v -1.710000 0.000000 1.710000
v -1.710000 0.000000 2.090000
v -2.090000 0.000000 2.090000
v -2.090000 0.100000 2.090000
v -1.710000 0.100000 2.090000
v -1.710000 0.100000 1.710000
v -2.090000 0.100000 1.710000
v -1.966000 0.122000 1.820000
v -1.973000 0.122000 1.832124
v -1.973000 0.100000 1.832124
v -1.966000 0.100000 1.820000
v -1.987000 0.122000 1.832124
v -1.987000 0.100000 1.832124
v -1.994000 0.122000 1.820000
v -1.994000 0.100000 1.820000
v -1.987000 0.122000 1.807876
v -1.987000 0.100000 1.807876
v -1.973000 0.122000 1.807876
v -1.973000 0.100000 1.807876
v -1.952630 0.101320 1.820000
v -1.954713 0.101320 1.830474
v -1.954713 0.098680 1.830474
v -1.952630 0.098680 1.820000
v -1.960646 0.101320 1.839354
v -1.960646 0.098680 1.839354
v -1.969526 0.101320 1.845287
v -1.969526 0.098680 1.845287
v -1.980000 0.101320 1.847370
v -1.980000 0.098680 1.847370
v -1.990474 0.101320 1.845287
v -1.990474 0.098680 1.845287
v -1.999354 0.101320 1.839354
v -1.999354 0.098680 1.839354
v -2.005287 0.101320 1.830474
v -2.005287 0.098680 1.830474
v -2.007370 0.101320 1.820000
v -2.007370 0.098680 1.820000
v -2.005287 0.101320 1.809526
v -2.005287 0.098680 1.809526
v -1.999354 0.101320 1.800646
v -1.999354 0.098680 1.800646
v -1.990474 0.101320 1.794713
v -1.990474 0.098680 1.794713
v -1.980000 0.101320 1.792630
v -1.980000 0.098680 1.792630
v -1.969526 0.101320 1.794713
v -1.969526 0.098680 1.794713
v -1.960646 0.101320 1.800646
v -1.960646 0.098680 1.800646
v -1.954713 0.101320 1.809526
v -1.954713 0.098680 1.809526
v -1.959389 0.104400 1.831900
v -1.980000 0.104400 1.843800
v -1.980000 0.100000 1.843800
v -1.959389 0.100000 1.831900
v -2.000611 0.104400 1.831900
v -2.000611 0.100000 1.831900
v -2.000611 0.104400 1.808100
v -2.000611 0.100000 1.808100
v -1.980000 0.104400 1.796200
v -1.980000 0.100000 1.796200
v -1.959389 0.104400 1.808100
v -1.959389 0.100000 1.808100
v -1.966000 0.122000 1.980000
v -1.973000 0.122000 1.992124
v -1.973000 0.100000 1.992124
v -1.966000 0.100000 1.980000
v -1.987000 0.122000 1.992124
v -1.987000 0.100000 1.992124
v -1.994000 0.122000 1.980000
v -1.994000 0.100000 1.980000
v -1.987000 0.122000 1.967876
v -1.987000 0.100000 1.967876
v -1.973000 0.122000 1.967876
v -1.973000 0.100000 1.967876
v -1.952630 0.101320 1.980000
v -1.954713 0.101320 1.990474
v -1.954713 0.098680 1.990474
v -1.952630 0.098680 1.980000
v -1.960646 0.101320 1.999354
v -1.960646 0.098680 1.999354
v -1.969526 0.101320 2.005287
v -1.969526 0.098680 2.005287
v -1.980000 0.101320 2.007370
v -1.980000 0.098680 2.007370
v -1.990474 0.101320 2.005287
v -1.990474 0.098680 2.005287
v -1.999354 0.101320 1.999354
v -1.999354 0.098680 1.999354
v -2.005287 0.101320 1.990474
v -2.005287 0.098680 1.990474
v -2.007370 0.101320 1.980000
v -2.007370 0.098680 1.980000
v -2.005287 0.101320 1.969526
v -2.005287 0.098680 1.969526
v -1.999354 0.101320 1.960646
v -1.999354 0.098680 1.960646
v -1.990474 0.101320 1.954713
v -1.990474 0.098680 1.954713
v -1.980000 0.101320 1.952630
v -1.980000 0.098680 1.952630
v -1.969526 0.101320 1.954713
v -1.969526 0.098680 1.954713
v -1.960646 0.101320 1.960646
v -1.960646 0.098680 1.960646
v -1.954713 0.101320 1.969526
v -1.954713 0.098680 1.969526
v -1.959389 0.104400 1.991900
v -1.980000 0.104400 2.003800
v -1.980000 0.100000 2.003800
v -1.959389 0.100000 1.991900
v -2.000611 0.104400 1.991900
v -2.000611 0.100000 1.991900
v -2.000611 0.104400 1.968100
v -2.000611 0.100000 1.968100
v -1.980000 0.104400 1.956200
v -1.980000 0.100000 1.956200
v -1.959389 0.104400 1.968100
v -1.959389 0.100000 1.968100
v -1.806000 0.122000 1.820000
v -1.813000 0.122000 1.832124
v -1.813000 0.100000 1.832124
v -1.806000 0.100000 1.820000
v -1.827000 0.122000 1.832124
v -1.827000 0.100000 1.832124
v -1.834000 0.122000 1.820000
v -1.834000 0.100000 1.820000
v -1.827000 0.122000 1.807876
v -1.827000 0.100000 1.807876
v -1.813000 0.122000 1.807876
v -1.813000 0.100000 1.807876
v -1.792630 0.101320 1.820000
v -1.794713 0.101320 1.830474
v -1.794713 0.098680 1.830474
v -1.792630 0.098680 1.820000
v -1.800646 0.101320 1.839354
v -1.800646 0.098680 1.839354
v -1.809526 0.101320 1.845287
v -1.809526 0.098680 1.845287
v -1.820000 0.101320 1.847370
v -1.820000 0.098680 1.847370
v -1.830474 0.101320 1.845287
v -1.830474 0.098680 1.845287
v -1.839354 0.101320 1.839354
v -1.839354 0.098680 1.839354
v -1.845287 0.101320 1.830474
v -1.845287 0.098680 1.830474
v -1.847370 0.101320 1.820000
v -1.847370 0.098680 1.820000
v -1.845287 0.101320 1.809526
v -1.845287 0.098680 1.809526
v -1.839354 0.101320 1.800646
v -1.839354 0.098680 1.800646
v -1.830474 0.101320 1.794713
v -1.830474 0.098680 1.794713
v -1.820000 0.101320 1.792630
v -1.820000 0.098680 1.792630
v -1.809526 0.101320 1.794713
v -1.809526 0.098680 1.794713
v -1.800646 0.101320 1.800646
v -1.800646 0.098680 1.800646
v -1.794713 0.101320 1.809526
v -1.794713 0.098680 1.809526
v -1.799389 0.104400 1.831900
v -1.820000 0.104400 1.843800
v -1.820000 0.100000 1.843800
v -1.799389 0.100000 1.831900
v -1.840611 0.104400 1.831900
v -1.840611 0.100000 1.831900
v -1.840611 0.104400 1.808100
v -1.840611 0.100000 1.808100
v -1.820000 0.104400 1.796200
v -1.820000 0.100000 1.796200
v -1.799389 0.104400 1.808100
v -1.799389 0.100000 1.808100
v -1.806000 0.122000 1.980000
v -1.813000 0.122000 1.992124
v -1.813000 0.100000 1.992124
v -1.806000 0.100000 1.980000
v -1.827000 0.122000 1.992124
v -1.827000 0.100000 1.992124
v -1.834000 0.122000 1.980000
v -1.834000 0.100000 1.980000
v -1.827000 0.122000 1.967876
v -1.827000 0.100000 1.967876
v -1.813000 0.122000 1.967876
v -1.813000 0.100000 1.967876
v -1.792630 0.101320 1.980000
v -1.794713 0.101320 1.990474
v -1.794713 0.098680 1.990474
v -1.792630 0.098680 1.980000
v -1.800646 0.101320 1.999354
v -1.800646 0.098680 1.999354
v -1.809526 0.101320 2.005287
v -1.809526 0.098680 2.005287
v -1.820000 0.101320 2.007370
v -1.820000 0.098680 2.007370
v -1.830474 0.101320 2.005287
v -1.830474 0.098680 2.005287
v -1.839354 0.101320 1.999354
v -1.839354 0.098680 1.999354
v -1.845287 0.101320 1.990474
v -1.845287 0.098680 1.990474
v -1.847370 0.101320 1.980000
v -1.847370 0.098680 1.980000
v -1.845287 0.101320 1.969526
v -1.845287 0.098680 1.969526
v -1.839354 0.101320 1.960646
v -1.839354 0.098680 1.960646
v -1.830474 0.101320 1.954713
v -1.830474 0.098680 1.954713
v -1.820000 0.101320 1.952630
v -1.820000 0.098680 1.952630
v -1.809526 0.101320 1.954713
v -1.809526 0.098680 1.954713
v -1.800646 0.101320 1.960646
v -1.800646 0.098680 1.960646
v -1.794713 0.101320 1.969526
v -1.794713 0.098680 1.969526
v -1.799389 0.104400 1.991900
v -1.820000 0.104400 2.003800
v -1.820000 0.100000 2.003800
v -1.799389 0.100000 1.991900
v -1.840611 0.104400 1.991900
v -1.840611 0.100000 1.991900
v -1.840611 0.104400 1.968100
v -1.840611 0.100000 1.968100
v -1.820000 0.104400 1.956200
v -1.820000 0.100000 1.956200
v -1.799389 0.104400 1.968100
v -1.799389 0.100000 1.968100
v 1.710000 0.000000 -2.090000
v 2.090000 0.000000 -2.090000
v 2.090000 0.000000 -1.710000
v 1.710000 0.000000 -1.710000
v 1.710000 0.100000 -1.710000
v 2.090000 0.100000 -1.710000
v 2.090000 0.100000 -2.090000
v 1.710000 0.100000 -2.090000
v 1.834000 0.122000 -1.980000
v 1.827000 0.122000 -1.967876
v 1.827000 0.100000 -1.967876
v 1.834000 0.100000 -1.980000
v 1.813000 0.122000 -1.967876
v 1.813000 0.100000 -1.967876
v 1.806000 0.122000 -1.980000
v 1.806000 0.100000 -1.980000
v 1.813000 0.122000 -1.992124
v 1.813000 0.100000 -1.992124
v 1.827000 0.122000 -1.992124
v 1.827000 0.100000 -1.992124
v 1.847370 0.101320 -1.980000
v 1.845287 0.101320 -1.969526
v 1.845287 0.098680 -1.969526
v 1.847370 0.098680 -1.980000
v 1.839354 0.101320 -1.960646
v 1.839354 0.098680 -1.960646
v 1.830474 0.101320 -1.954713
v 1.830474 0.098680 -1.954713
v 1.820000 0.101320 -1.952630
v 1.820000 0.098680 -1.952630
v 1.809526 0.101320 -1.954713
v 1.809526 0.098680 -1.954713
v 1.800646 0.101320 -1.960646
v 1.800646 0.098680 -1.960646
v 1.794713 0.101320 -1.969526
v 1.794713 0.098680 -1.969526
v 1.792630 0.101320 -1.980000
v 1.792630 0.098680 -1.980000
v 1.794713 0.101320 -1.990474
v 1.794713 0.098680 -1.990474
v 1.800646 0.101320 -1.999354
v 1.800646 0.098680 -1.999354
v 1.809526 0.101320 -2.005287
v 1.809526 0.098680 -2.005287
v 1.820000 0.101320 -2.007370
v 1.820000 0.098680 -2.007370
v 1.830474 0.101320 -2.005287
v 1.830474 0.098680 -2.005287
v 1.839354 0.101320 -1.999354
v 1.839354 0.098680 -1.999354
v 1.845287 0.101320 -1.990474
v 1.845287 0.098680 -1.990474
v 1.840611 0.104400 -1.968100
v 1.820000 0.104400 -1.956200
v 1.820000 0.100000 -1.956200
v 1.840611 0.100000 -1.968100
v 1.799389 0.104400 -1.968100
v 1.799389 0.100000 -1.968100
v 1.799389 0.104400 -1.991900
v 1.799389 0.100000 -1.991900
v 1.820000 0.104400 -2.003800
v 1.820000 0.100000 -2.003800
v 1.840611 0.104400 -1.991900
v 1.840611 0.100000 -1.991900
v 1.834000 0.122000 -1.820000
v 1.827000 0.122000 -1.807876
v 1.827000 0.100000 -1.807876
v 1.834000 0.100000 -1.820000
v 1.813000 0.122000 -1.807876
v 1.813000 0.100000 -1.807876
v 1.806000 0.122000 -1.820000
v 1.806000 0.100000 -1.820000
v 1.813000 0.122000 -1.832124
v 1.813000 0.100000 -1.832124
v 1.827000 0.122000 -1.832124
v 1.827000 0.100000 -1.832124
v 1.847370 0.101320 -1.820000
v 1.845287 0.101320 -1.809526
v 1.845287 0.098680 -1.809526
v 1.847370 0.098680 -1.820000
v 1.839354 0.101320 -1.800646
v 1.839354 0.098680 -1.800646
v 1.830474 0.101320 -1.794713
v 1.830474 0.098680 -1.794713
v 1.820000 0.101320 -1.792630
v 1.820000 0.098680 -1.792630
v 1.809526 0.101320 -1.794713
v 1.809526 0.098680 -1.794713
v 1.800646 0.101320 -1.800646
v 1.800646 0.098680 -1.800646
v 1.794713 0.101320 -1.809526
v 1.794713 0.098680 -1.809526
v 1.792630 0.101320 -1.820000
v 1.792630 0.098680 -1.820000
v 1.794713 0.101320 -1.830474
v 1.794713 0.098680 -1.830474
v 1.800646 0.101320 -1.839354
v 1.800646 0.098680 -1.839354
v 1.809526 0.101320 -1.845287
v 1.809526 0.098680 -1.845287
v 1.820000 0.101320 -1.847370
v 1.820000 0.098680 -1.847370
v 1.830474 0.101320 -1.845287
v 1.830474 0.098680 -1.845287
v 1.839354 0.101320 -1.839354
v 1.839354 0.098680 -1.839354
v 1.845287 0.101320 -1.830474
v 1.845287 0.098680 -1.830474
v 1.840611 0.104400 -1.808100
v 1.820000 0.104400 -1.796200
v 1.820000 0.100000 -1.796200
v 1.840611 0.100000 -1.808100
v 1.799389 0.104400 -1.808100
v 1.799389 0.100000 -1.808100
v 1.799389 0.104400 -1.831900
v 1.799389 0.100000 -1.831900
v 1.820000 0.104400 -1.843800
v 1.820000 0.100000 -1.843800
v 1.840611 0.104400 -1.831900
v 1.840611 0.100000 -1.831900
v 1.994000 0.122000 -1.980000
v 1.987000 0.122000 -1.967876
v 1.987000 0.100000 -1.967876
v 1.994000 0.100000 -1.980000
v 1.973000 0.122000 -1.967876
v 1.973000 0.100000 -1.967876
v 1.966000 0.122000 -1.980000
v 1.966000 0.100000 -1.980000
v 1.973000 0.122000 -1.992124
v 1.973000 0.100000 -1.992124
v 1.987000 0.122000 -1.992124
v 1.987000 0.100000 -1.992124
v 2.007370 0.101320 -1.980000
v 2.005287 0.101320 -1.969526
v 2.005287 0.098680 -1.969526
v 2.007370 0.098680 -1.980000
v 1.999354 0.101320 -1.960646
v 1.999354 0.098680 -1.960646
v 1.990474 0.101320 -1.954713
v 1.990474 0.098680 -1.954713
v 1.980000 0.101320 -1.952630
v 1.980000 0.098680 -1.952630
v 1.969526 0.101320 -1.954713
v 1.969526 0.098680 -1.954713
v 1.960646 0.101320 -1.960646
v 1.960646 0.098680 -1.960646
v 1.954713 0.101320 -1.969526
v 1.954713 0.098680 -1.969526
v 1.952630 0.101320 -1.980000
v 1.952630 0.098680 -1.980000
v 1.954713 0.101320 -1.990474
v 1.954713 0.098680 -1.990474
v 1.960646 0.101320 -1.999354
v 1.960646 0.098680 -1.999354
v 1.969526 0.101320 -2.005287
v 1.969526 0.098680 -2.005287
v 1.980000 0.101320 -2.007370
v 1.980000 0.098680 -2.007370
v 1.990474 0.101320 -2.005287
v 1.990474 0.098680 -2.005287
v 1.999354 0.101320 -1.999354
v 1.999354 0.098680 -1.999354
v 2.005287 0.101320 -1.990474
v 2.005287 0.098680 -1.990474
v 2.000611 0.104400 -1.968100
v 1.980000 0.104400 -1.956200
v 1.980000 0.100000 -1.956200
v 2.000611 0.100000 -1.968100
v 1.959389 0.104400 -1.968100
v 1.959389 0.100000 -1.968100
v 1.959389 0.104400 -1.991900
v 1.959389 0.100000 -1.991900
v 1.980000 0.104400 -2.003800
v 1.980000 0.100000 -2.003800
v 2.000611 0.104400 -1.991900
v 2.000611 0.100000 -1.991900
v 1.994000 0.122000 -1.820000
v 1.987000 0.122000 -1.807876
v 1.987000 0.100000 -1.807876
v 1.994000 0.100000 -1.820000
v 1.973000 0.122000 -1.807876
v 1.973000 0.100000 -1.807876
v 1.966000 0.122000 -1.820000
v 1.966000 0.100000 -1.820000
v 1.973000 0.122000 -1.832124
v 1.973000 0.100000 -1.832124
v 1.987000 0.122000 -1.832124
v 1.987000 0.100000 -1.832124
v 2.007370 0.101320 -1.820000
v 2.005287 0.101320 -1.809526
v 2.005287 0.098680 -1.809526
v 2.007370 0.098680 -1.820000
v 1.999354 0.101320 -1.800646
v 1.999354 0.098680 -1.800646
v 1.990474 0.101320 -1.794713
v 1.990474 0.098680 -1.794713
v 1.980000 0.101320 -1.792630
v 1.980000 0.098680 -1.792630
v 1.969526 0.101320 -1.794713
v 1.969526 0.098680 -1.794713
v 1.960646 0.101320 -1.800646
v 1.960646 0.098680 -1.800646
v 1.954713 0.101320 -1.809526
v 1.954713 0.098680 -1.809526
v 1.952630 0.101320 -1.820000
v 1.952630 0.098680 -1.820000
v 1.954713 0.101320 -1.830474
v 1.954713 0.098680 -1.830474
v 1.960646 0.101320 -1.839354
v 1.960646 0.098680 -1.839354
v 1.969526 0.101320 -1.845287
v 1.969526 0.098680 -1.845287
v 1.980000 0.101320 -1.847370
v 1.980000 0.098680 -1.847370
v 1.990474 0.101320 -1.845287
v 1.990474 0.098680 -1.845287
v 1.999354 0.101320 -1.839354
v 1.999354 0.098680 -1.839354
v 2.005287 0.101320 -1.830474
v 2.005287 0.098680 -1.830474
v 2.000611 0.104400 -1.808100
v 1.980000 0.104400 -1.796200
v 1.980000 0.100000 -1.796200
v 2.000611 0.100000 -1.808100
v 1.959389 0.104400 -1.808100
v 1.959389 0.100000 -1.808100
v 1.959389 0.104400 -1.831900
v 1.959389 0.100000 -1.831900
v 1.980000 0.104400 -1.843800
v 1.980000 0.100000 -1.843800
v 2.000611 0.104400 -1.831900
v 2.000611 0.100000 -1.831900
v 1.710000 0.000000 1.710000
v 2.090000 0.000000 1.710000
v 2.090000 0.000000 2.090000
v 1.710000 0.000000 2.090000
v 1.710000 0.100000 2.090000
v 2.090000 0.100000 2.090000
v 2.090000 0.100000 1.710000
v 1.710000 0.100000 1.710000
v 1.834000 0.122000 1.820000
v 1.827000 0.122000 1.832124
v 1.827000 0.100000 1.832124
v 1.834000 0.100000 1.820000
v 1.813000 0.122000 1.832124
v 1.813000 0.100000 1.832124
v 1.806000 0.122000 1.820000
v 1.806000 0.100000 1.820000
v 1.813000 0.122000 1.807876
v 1.813000 0.100000 1.807876
v 1.827000 0.122000 1.807876
v 1.827000 0.100000 1.807876
v 1.847370 0.101320 1.820000
v 1.845287 0.101320 1.830474
v 1.845287 0.098680 1.830474
v 1.847370 0.098680 1.820000
v 1.839354 0.101320 1.839354
v 1.839354 0.098680 1.839354
v 1.830474 0.101320 1.845287
v 1.830474 0.098680 1.845287
v 1.820000 0.101320 1.847370
v 1.820000 0.098680 1.847370
v 1.809526 0.101320 1.845287
v 1.809526 0.098680 1.845287
v 1.800646 0.101320 1.839354
v 1.800646 0.098680 1.839354
v 1.794713 0.101320 1.830474
v 1.794713 0.098680 1.830474
v 1.792630 0.101320 1.820000
v 1.792630 0.098680 1.820000
v 1.794713 0.101320 1.809526
v 1.794713 0.098680 1.809526
v 1.800646 0.101320 1.800646
v 1.800646 0.098680 1.800646
v 1.809526 0.101320 1.794713
v 1.809526 0.098680 1.794713
v 1.820000 0.101320 1.792630
v 1.820000 0.098680 1.792630
v 1.830474 0.101320 1.794713
v 1.830474 0.098680 1.794713
v 1.839354 0.101320 1.800646
v 1.839354 0.098680 1.800646
v 1.845287 0.101320 1.809526
v 1.845287 0.098680 1.809526
v 1.840611 0.104400 1.831900
v 1.820000 0.104400 1.843800
v 1.820000 0.100000 1.843800
v 1.840611 0.100000 1.831900
v 1.799389 0.104400 1.831900
v 1.799389 0.100000 1.831900
v 1.799389 0.104400 1.808100
v 1.799389 0.100000 1.808100
v 1.820000 0.104400 1.796200
v 1.820000 0.100000 1.796200
v 1.840611 0.104400 1.808100
v 1.840611 0.100000 1.808100
v 1.834000 0.122000 1.980000
v 1.827000 0.122000 1.992124
v 1.827000 0.100000 1.992124
v 1.834000 0.100000 1.980000
v 1.813000 0.122000 1.992124
v 1.813000 0.100000 1.992124
v 1.806000 0.122000 1.980000
v 1.806000 0.100000 1.980000
v 1.813000 0.122000 1.967876
v 1.813000 0.100000 1.967876
v 1.827000 0.122000 1.967876
v 1.827000 0.100000 1.967876
v 1.847370 0.101320 1.980000
v 1.845287 0.101320 1.990474
v 1.845287 0.098680 1.990474
v 1.847370 0.098680 1.980000
v 1.839354 0.101320 1.999354
v 1.839354 0.098680 1.999354
v 1.830474 0.101320 2.005287
v 1.830474 0.098680 2.005287
v 1.820000 0.101320 2.007370
v 1.820000 0.098680 2.007370
v 1.809526 0.101320 2.005287
v 1.809526 0.098680 2.005287
v 1.800646 0.101320 1.999354
v 1.800646 0.098680 1.999354
v 1.794713 0.101320 1.990474
v 1.794713 0.098680 1.990474
v 1.792630 0.101320 1.980000
v 1.792630 0.098680 1.980000
v 1.794713 0.101320 1.969526
v 1.794713 0.098680 1.969526
v 1.800646 0.101320 1.960646
v 1.800646 0.098680 1.960646
v 1.809526 0.101320 1.954713
v 1.809526 0.098680 1.954713
v 1.820000 0.101320 1.952630
v 1.820000 0.098680 1.952630
v 1.830474 0.101320 1.954713
v 1.830474 0.098680 1.954713
v 1.839354 0.101320 1.960646
v 1.839354 0.098680 1.960646
v 1.845287 0.101320 1.969526
v 1.845287 0.098680 1.969526
v 1.840611 0.104400 1.991900
v 1.820000 0.104400 2.003800
v 1.820000 0.100000 2.003800
v 1.840611 0.100000 1.991900
v 1.799389 0.104400 1.991900
v 1.799389 0.100000 1.991900
v 1.799389 0.104400 1.968100
v 1.799389 0.100000 1.968100
v 1.820000 0.104400 1.956200
v 1.820000 0.100000 1.956200
v 1.840611 0.104400 1.968100
v 1.840611 0.100000 1.968100
v 1.994000 0.122000 1.820000
v 1.987000 0.122000 1.832124
v 1.987000 0.100000 1.832124
v 1.994000 0.100000 1.820000
v 1.973000 0.122000 1.832124
v 1.973000 0.100000 1.832124
v 1.966000 0.122000 1.820000
v 1.966000 0.100000 1.820000
v 1.973000 0.122000 1.807876
v 1.973000 0.100000 1.807876
v 1.987000 0.122000 1.807876
v 1.987000 0.100000 1.807876
v 2.007370 0.101320 1.820000
v 2.005287 0.101320 1.830474
v 2.005287 0.098680 1.830474
v 2.007370 0.098680 1.820000
v 1.999354 0.101320 1.839354
v 1.999354 0.098680 1.839354
v 1.990474 0.101320 1.845287
v 1.990474 0.098680 1.845287
v 1.980000 0.101320 1.847370
v 1.980000 0.098680 1.847370
v 1.969526 0.101320 1.845287
v 1.969526 0.098680 1.845287
v 1.960646 0.101320 1.839354
v 1.960646 0.098680 1.839354
v 1.954713 0.101320 1.830474
v 1.954713 0.098680 1.830474
v 1.952630 0.101320 1.820000
v 1.952630 0.098680 1.820000
v 1.954713 0.101320 1.809526
v 1.954713 0.098680 1.809526
v 1.960646 0.101320 1.800646
v 1.960646 0.098680 1.800646
v 1.969526 0.101320 1.794713
v 1.969526 0.098680 1.794713
v 1.980000 0.101320 1.792630
v 1.980000 0.098680 1.792630
v 1.990474 0.101320 1.794713
v 1.990474 0.098680 1.794713
v 1.999354 0.101320 1.800646
v 1.999354 0.098680 1.800646
v 2.005287 0.101320 1.809526
v 2.005287 0.098680 1.809526
v 2.000611 0.104400 1.831900
v 1.980000 0.104400 1.843800
v 1.980000 0.100000 1.843800
v 2.000611 0.100000 1.831900
v 1.959389 0.104400 1.831900
v 1.959389 0.100000 1.831900
v 1.959389 0.104400 1.808100
v 1.959389 0.100000 1.808100
v 1.980000 0.104400 1.796200
v 1.980000 0.100000 1.796200
v 2.000611 0.104400 1.808100
v 2.000611 0.100000 1.808100
v 1.994000 0.122000 1.980000
v 1.987000 0.122000 1.992124
v 1.987000 0.100000 1.992124
v 1.994000 0.100000 1.980000
v 1.973000 0.122000 1.992124
v 1.973000 0.100000 1.992124
v 1.966000 0.122000 1.980000
v 1.966000 0.100000 1.980000
v 1.973000 0.122000 1.967876
v 1.973000 0.100000 1.967876
v 1.987000 0.122000 1.967876
v 1.987000 0.100000 1.967876
v 2.007370 0.101320 1.980000
v 2.005287 0.101320 1.990474
v 2.005287 0.098680 1.990474
v 2.007370 0.098680 1.980000
v 1.999354 0.101320 1.999354
v 1.999354 0.098680 1.999354
v 1.990474 0.101320 2.005287
v 1.990474 0.098680 2.005287
v 1.980000 0.101320 2.007370
v 1.980000 0.098680 2.007370
v 1.969526 0.101320 2.005287
v 1.969526 0.098680 2.005287
v 1.960646 0.101320 1.999354
v 1.960646 0.098680 1.999354
v 1.954713 0.101320 1.990474
v 1.954713 0.098680 1.990474
v 1.952630 0.101320 1.980000
v 1.952630 0.098680 1.980000
v 1.954713 0.101320 1.969526
v 1.954713 0.098680 1.969526
v 1.960646 0.101320 1.960646
v 1.960646 0.098680 1.960646
v 1.969526 0.101320 1.954713
v 1.969526 0.098680 1.954713
v 1.980000 0.101320 1.952630
v 1.980000 0.098680 1.952630
v 1.990474 0.101320 1.954713
v 1.990474 0.098680 1.954713
v 1.999354 0.101320 1.960646
v 1.999354 0.098680 1.960646
v 2.005287 0.101320 1.969526
v 2.005287 0.098680 1.969526
v 2.000611 0.104400 1.991900
v 1.980000 0.104400 2.003800
v 1.980000 0.100000 2.003800
v 2.000611 0.100000 1.991900
v 1.959389 0.104400 1.991900
v 1.959389 0.100000 1.991900
v 1.959389 0.104400 1.968100
v 1.959389 0.100000 1.968100
v 1.980000 0.104400 1.956200
v 1.980000 0.100000 1.956200
v 2.000611 0.104400 1.968100
v 2.000611 0.100000 1.968100
v -1.941926 0.013925 -1.940753
v -1.941926 -0.000192 -1.856934
v -1.781926 0.949808 -1.696934
v -1.781926 0.963925 -1.780753
v -1.858074 0.000192 -1.943066
v -1.698074 0.950192 -1.783066
v -1.698074 0.936075 -1.699247
v -1.858074 -0.013925 -1.859247
v -1.621926 1.899808 -1.536934
v -1.621926 1.913925 -1.620753
v -1.538074 1.900192 -1.623066
v -1.538074 1.886075 -1.539247
v -1.461926 2.849808 -1.376934
v -1.461926 2.863925 -1.460753
v -1.378074 2.850192 -1.463066
v -1.378074 2.836075 -1.379247
v -1.301926 3.799808 -1.216934
v -1.301926 3.813925 -1.300753
v -1.218074 3.800192 -1.303066
v -1.218074 3.786075 -1.219247
v -1.141926 4.749808 -1.056934
v -1.141926 4.763925 -1.140753
v -1.058074 4.750192 -1.143066
v -1.058074 4.736075 -1.059247
v -0.981926 5.699808 -0.896934
v -0.981926 5.713925 -0.980753
v -0.898074 5.700192 -0.983066
v -0.898074 5.686075 -0.899247
v -0.821926 6.649808 -0.736934
v -0.821926 6.663925 -0.820753
v -0.738074 6.650192 -0.823066
v -0.738074 6.636075 -0.739247
v -0.661926 7.599808 -0.576934
v -0.661926 7.613925 -0.660753
v -0.578074 7.600192 -0.663066
v -0.578074 7.586075 -0.579247
v -0.658250 7.600000 -0.658250
v -0.658250 7.600000 -0.581750
v -0.658250 9.900000 -0.581750
v -0.658250 9.900000 -0.658250
v -0.581750 7.600000 -0.658250
v -0.581750 9.900000 -0.658250
v -0.581750 9.900000 -0.581750
v -0.581750 7.600000 -0.581750
v -1.941926 -0.000192 1.856934
v -1.941926 0.013925 1.940753
v -1.781926 0.963925 1.780753
v -1.781926 0.949808 1.696934
v -1.858074 -0.013925 1.859247
v -1.698074 0.936075 1.699247
v -1.698074 0.950192 1.783066
v -1.858074 0.000192 1.943066
v -1.621926 1.913925 1.620753
v -1.621926 1.899808 1.536934
v -1.538074 1.886075 1.539247
v -1.538074 1.900192 1.623066
v -1.461926 2.863925 1.460753
v -1.461926 2.849808 1.376934
v -1.378074 2.836075 1.379247
v -1.378074 2.850192 1.463066
v -1.301926 3.813925 1.300753
v -1.301926 3.799808 1.216934
v -1.218074 3.786075 1.219247
v -1.218074 3.800192 1.303066
v -1.141926 4.763925 1.140753
v -1.141926 4.749808 1.056934
v -1.058074 4.736075 1.059247
v -1.058074 4.750192 1.143066
v -0.981926 5.713925 0.980753
v -0.981926 5.699808 0.896934
v -0.898074 5.686075 0.899247
v -0.898074 5.700192 0.983066
v -0.821926 6.663925 0.820753
v -0.821926 6.649808 0.736934
v -0.738074 6.636075 0.739247
v -0.738074 6.650192 0.823066
v -0.661926 7.613925 0.660753
v -0.661926 7.599808 0.576934
v -0.578074 7.586075 0.579247
v -0.578074 7.600192 0.663066
v -0.658250 7.600000 0.581750
v -0.658250 7.600000 0.658250
v -0.658250 9.900000 0.658250
v -0.658250 9.900000 0.581750
v -0.581750 7.600000 0.581750
v -0.581750 9.900000 0.581750
v -0.581750 9.900000 0.658250
v -0.581750 7.600000 0.658250
v 1.858074 0.000192 -1.943066
v 1.858074 -0.013925 -1.859247
v 1.698074 0.936075 -1.699247
v 1.698074 0.950192 -1.783066
v 1.941926 0.013925 -1.940753
v 1.781926 0.963925 -1.780753
v 1.781926 0.949808 -1.696934
v 1.941926 -0.000192 -1.856934
v 1.538074 1.886075 -1.539247
v 1.538074 1.900192 -1.623066
v 1.621926 1.913925 -1.620753
v 1.621926 1.899808 -1.536934
v 1.378074 2.836075 -1.379247
v 1.378074 2.850192 -1.463066
v 1.461926 2.863925 -1.460753
v 1.461926 2.849808 -1.376934
v 1.218074 3.786075 -1.219247
v 1.218074 3.800192 -1.303066
v 1.301926 3.813925 -1.300753
v 1.301926 3.799808 -1.216934
v 1.058074 4.736075 -1.059247
v 1.058074 4.750192 -1.143066
v 1.141926 4.763925 -1.140753
v 1.141926 4.749808 -1.056934
v 0.898074 5.686075 -0.899247
v 0.898074 5.700192 -0.983066
v 0.981926 5.713925 -0.980753
v 0.981926 5.699808 -0.896934
v 0.738074 6.636075 -0.739247
v 0.738074 6.650192 -0.823066
v 0.821926 6.663925 -0.820753
v 0.821926 6.649808 -0.736934
v 0.578074 7.586075 -0.579247
v 0.578074 7.600192 -0.663066
v 0.661926 7.613925 -0.660753
v 0.661926 7.599808 -0.576934
v 0.581750 7.600000 -0.658250
v 0.581750 7.600000 -0.581750
v 0.581750 9.900000 -0.581750
v 0.581750 9.900000 -0.658250
v 0.658250 7.600000 -0.658250
v 0.658250 9.900000 -0.658250
v 0.658250 9.900000 -0.581750
v 0.658250 7.600000 -0.581750
v 1.858074 -0.013925 1.859247
v 1.858074 0.000192 1.943066
v 1.698074 0.950192 1.783066
v 1.698074 0.936075 1.699247
v 1.941926 -0.000192 1.856934
v 1.781926 0.949808 1.696934
v 1.781926 0.963925 1.780753
v 1.941926 0.013925 1.940753
v 1.538074 1.900192 1.623066
v 1.538074 1.886075 1.539247
v 1.621926 1.899808 1.536934
v 1.621926 1.913925 1.620753
v 1.378074 2.850192 1.463066
v 1.378074 2.836075 1.379247
v 1.461926 2.849808 1.376934
v 1.461926 2.863925 1.460753
v 1.218074 3.800192 1.303066
v 1.218074 3.786075 1.219247
v 1.301926 3.799808 1.216934
v 1.301926 3.813925 1.300753
v 1.058074 4.750192 1.143066
v 1.058074 4.736075 1.059247
v 1.141926 4.749808 1.056934
v 1.141926 4.763925 1.140753
v 0.898074 5.700192 0.983066
v 0.898074 5.686075 0.899247
v 0.981926 5.699808 0.896934
v 0.981926 5.713925 0.980753
v 0.738074 6.650192 0.823066
v 0.738074 6.636075 0.739247
v 0.821926 6.649808 0.736934
v 0.821926 6.663925 0.820753
v 0.578074 7.600192 0.663066
v 0.578074 7.586075 0.579247
v 0.661926 7.599808 0.576934
v 0.661926 7.613925 0.660753
v 0.581750 7.600000 0.581750
v 0.581750 7.600000 0.658250
v 0.581750 9.900000 0.658250
v 0.581750 9.900000 0.581750
v 0.658250 7.600000 0.581750
v 0.658250 9.900000 0.581750
v 0.658250 9.900000 0.658250
v 0.658250 7.600000 0.658250
v -1.740000 0.924000 -1.714000
v -1.740000 0.924000 -1.766000
v 1.740000 0.924000 -1.766000
v 1.740000 0.924000 -1.714000
v -1.740000 0.976000 -1.714000
v 1.740000 0.976000 -1.714000
v 1.740000 0.976000 -1.766000
v -1.740000 0.976000 -1.766000
v 1.714000 0.924000 -1.740000
v 1.766000 0.924000 -1.740000
v 1.766000 0.924000 1.740000
v 1.714000 0.924000 1.740000
v 1.714000 0.976000 -1.740000
v 1.714000 0.976000 1.740000
v 1.766000 0.976000 1.740000
v 1.766000 0.976000 -1.740000
v 1.740000 0.924000 1.714000
v 1.740000 0.924000 1.766000
v -1.740000 0.924000 1.766000
v -1.740000 0.924000 1.714000
v 1.740000 0.976000 1.714000
v -1.740000 0.976000 1.714000
v -1.740000 0.976000 1.766000
v 1.740000 0.976000 1.766000
v -1.714000 0.924000 1.740000
v -1.766000 0.924000 1.740000
v -1.766000 0.924000 -1.740000
v -1.714000 0.924000 -1.740000
v -1.714000 0.976000 1.740000
v -1.714000 0.976000 -1.740000
v -1.766000 0.976000 -1.740000
v -1.766000 0.976000 1.740000
v -1.580000 1.874000 -1.554000
v -1.580000 1.874000 -1.606000
v 1.580000 1.874000 -1.606000
v 1.580000 1.874000 -1.554000
v -1.580000 1.926000 -1.554000
v 1.580000 1.926000 -1.554000
v 1.580000 1.926000 -1.606000
v -1.580000 1.926000 -1.606000
v 1.554000 1.874000 -1.580000
v 1.606000 1.874000 -1.580000
v 1.606000 1.874000 1.580000
v 1.554000 1.874000 1.580000
v 1.554000 1.926000 -1.580000
v 1.554000 1.926000 1.580000
v 1.606000 1.926000 1.580000
v 1.606000 1.926000 -1.580000
v 1.580000 1.874000 1.554000
v 1.580000 1.874000 1.606000
v -1.580000 1.874000 1.606000
v -1.580000 1.874000 1.554000
v 1.580000 1.926000 1.554000
v -1.580000 1.926000 1.554000
v -1.580000 1.926000 1.606000
v 1.580000 1.926000 1.606000
v -1.554000 1.874000 1.580000
v -1.606000 1.874000 1.580000
v -1.606000 1.874000 -1.580000
v -1.554000 1.874000 -1.580000
v -1.554000 1.926000 1.580000
v -1.554000 1.926000 -1.580000
v -1.606000 1.926000 -1.580000
v -1.606000 1.926000 1.580000
v -1.420000 2.824000 -1.394000
v -1.420000 2.824000 -1.446000
v 1.420000 2.824000 -1.446000
v 1.420000 2.824000 -1.394000
v -1.420000 2.876000 -1.394000
v 1.420000 2.876000 -1.394000
v 1.420000 2.876000 -1.446000
v -1.420000 2.876000 -1.446000
v 1.394000 2.824000 -1.420000
v 1.446000 2.824000 -1.420000
v 1.446000 2.824000 1.420000
v 1.394000 2.824000 1.420000
v 1.394000 2.876000 -1.420000
v 1.394000 2.876000 1.420000
v 1.446000 2.876000 1.420000
v 1.446000 2.876000 -1.420000
v 1.420000 2.824000 1.394000
v 1.420000 2.824000 1.446000
v -1.420000 2.824000 1.446000
v -1.420000 2.824000 1.394000
v 1.420000 2.876000 1.394000
v -1.420000 2.876000 1.394000
v -1.420000 2.876000 1.446000
v 1.420000 2.876000 1.446000
v -1.394000 2.824000 1.420000
v -1.446000 2.824000 1.420000
v -1.446000 2.824000 -1.420000
v -1.394000 2.824000 -1.420000
v -1.394000 2.876000 1.420000
v -1.394000 2.876000 -1.420000
v -1.446000 2.876000 -1.420000
v -1.446000 2.876000 1.420000
v -1.260000 3.774000 -1.234000
v -1.260000 3.774000 -1.286000
v 1.260000 3.774000 -1.286000
v 1.260000 3.774000 -1.234000
v -1.260000 3.826000 -1.234000
v 1.260000 3.826000 -1.234000
v 1.260000 3.826000 -1.286000
v -1.260000 3.826000 -1.286000
v 1.234000 3.774000 -1.260000
v 1.286000 3.774000 -1.260000
v 1.286000 3.774000 1.260000
v 1.234000 3.774000 1.260000
v 1.234000 3.826000 -1.260000
v 1.234000 3.826000 1.260000
v 1.286000 3.826000 1.260000
v 1.286000 3.826000 -1.260000
v 1.260000 3.774000 1.234000
v 1.260000 3.774000 1.286000
v -1.260000 3.774000 1.286000
v -1.260000 3.774000 1.234000
v 1.260000 3.826000 1.234000
v -1.260000 3.826000 1.234000
v -1.260000 3.826000 1.286000
v 1.260000 3.826000 1.286000
v -1.234000 3.774000 1.260000
v -1.286000 3.774000 1.260000
v -1.286000 3.774000 -1.260000
v -1.234000 3.774000 -1.260000
v -1.234000 3.826000 1.260000
v -1.234000 3.826000 -1.260000
v -1.286000 3.826000 -1.260000
v -1.286000 3.826000 1.260000
v -1.100000 4.724000 -1.074000
v -1.100000 4.724000 -1.126000
v 1.100000 4.724000 -1.126000
v 1.100000 4.724000 -1.074000
v -1.100000 4.776000 -1.074000
v 1.100000 4.776000 -1.074000
v 1.100000 4.776000 -1.126000
v -1.100000 4.776000 -1.126000
v 1.074000 4.724000 -1.100000
v 1.126000 4.724000 -1.100000
v 1.126000 4.724000 1.100000
v 1.074000 4.724000 1.100000
v 1.074000 4.776000 -1.100000
v 1.074000 4.776000 1.100000
v 1.126000 4.776000 1.100000
v 1.126000 4.776000 -1.100000
v 1.100000 4.724000 1.074000
v 1.100000 4.724000 1.126000
v -1.100000 4.724000 1.126000
v -1.100000 4.724000 1.074000
v 1.100000 4.776000 1.074000
v -1.100000 4.776000 1.074000
v -1.100000 4.776000 1.126000
v 1.100000 4.776000 1.126000
v -1.074000 4.724000 1.100000
v -1.126000 4.724000 1.100000
v -1.126000 4.724000 -1.100000
v -1.074000 4.724000 -1.100000
v -1.074000 4.776000 1.100000
v -1.074000 4.776000 -1.100000
v -1.126000 4.776000 -1.100000
v -1.126000 4.776000 1.100000
v -0.940000 5.674000 -0.914000
v -0.940000 5.674000 -0.966000
v 0.940000 5.674000 -0.966000
v 0.940000 5.674000 -0.914000
v -0.940000 5.726000 -0.914000
v 0.940000 5.726000 -0.914000
v 0.940000 5.726000 -0.966000
v -0.940000 5.726000 -0.966000
v 0.914000 5.674000 -0.940000
v 0.966000 5.674000 -0.940000
v 0.966000 5.674000 0.940000
v 0.914000 5.674000 0.940000
v 0.914000 5.726000 -0.940000
v 0.914000 5.726000 0.940000
v 0.966000 5.726000 0.940000
v 0.966000 5.726000 -0.940000
v 0.940000 5.674000 0.914000
v 0.940000 5.674000 0.966000
v -0.940000 5.674000 0.966000
v -0.940000 5.674000 0.914000
v 0.940000 5.726000 0.914000
v -0.940000 5.726000 0.914000
v -0.940000 5.726000 0.966000
v 0.940000 5.726000 0.966000
v -0.914000 5.674000 0.940000
v -0.966000 5.674000 0.940000
v -0.966000 5.674000 -0.940000
v -0.914000 5.674000 -0.940000
v -0.914000 5.726000 0.940000
v -0.914000 5.726000 -0.940000
v -0.966000 5.726000 -0.940000
v -0.966000 5.726000 0.940000
v -0.780000 6.624000 -0.754000
v -0.780000 6.624000 -0.806000
v 0.780000 6.624000 -0.806000
v 0.780000 6.624000 -0.754000
v -0.780000 6.676000 -0.754000
v 0.780000 6.676000 -0.754000
v 0.780000 6.676000 -0.806000
v -0.780000 6.676000 -0.806000
v 0.754000 6.624000 -0.780000
v 0.806000 6.624000 -0.780000
v 0.806000 6.624000 0.780000
v 0.754000 6.624000 0.780000
v 0.754000 6.676000 -0.780000
v 0.754000 6.676000 0.780000
v 0.806000 6.676000 0.780000
v 0.806000 6.676000 -0.780000
v 0.780000 6.624000 0.754000
v 0.780000 6.624000 0.806000
v -0.780000 6.624000 0.806000
v -0.780000 6.624000 0.754000
v 0.780000 6.676000 0.754000
v -0.780000 6.676000 0.754000
v -0.780000 6.676000 0.806000
v 0.780000 6.676000 0.806000
v -0.754000 6.624000 0.780000
v -0.806000 6.624000 0.780000
v -0.806000 6.624000 -0.780000
v -0.754000 6.624000 -0.780000
v -0.754000 6.676000 0.780000
v -0.754000 6.676000 -0.780000
v -0.806000 6.676000 -0.780000
v -0.806000 6.676000 0.780000
v -0.620000 7.574000 -0.594000
v -0.620000 7.574000 -0.646000
v 0.620000 7.574000 -0.646000
v 0.620000 7.574000 -0.594000
v -0.620000 7.626000 -0.594000
v 0.620000 7.626000 -0.594000
v 0.620000 7.626000 -0.646000
v -0.620000 7.626000 -0.646000
v 0.594000 7.574000 -0.620000
v 0.646000 7.574000 -0.620000
v 0.646000 7.574000 0.620000
v 0.594000 7.574000 0.620000
v 0.594000 7.626000 -0.620000
v 0.594000 7.626000 0.620000
v 0.646000 7.626000 0.620000
v 0.646000 7.626000 -0.620000
v 0.620000 7.574000 0.594000
v 0.620000 7.574000 0.646000
v -0.620000 7.574000 0.646000
v -0.620000 7.574000 0.594000
v 0.620000 7.626000 0.594000
v -0.620000 7.626000 0.594000
v -0.620000 7.626000 0.646000
v 0.620000 7.626000 0.646000
v -0.594000 7.574000 0.620000
v -0.646000 7.574000 0.620000
v -0.646000 7.574000 -0.620000
v -0.594000 7.574000 -0.620000
v -0.594000 7.626000 0.620000
v -0.594000 7.626000 -0.620000
v -0.646000 7.626000 -0.620000
v -0.646000 7.626000 0.620000
v -0.620000 8.109000 -0.594000
v -0.620000 8.109000 -0.646000
v 0.620000 8.109000 -0.646000
v 0.620000 8.109000 -0.594000
v -0.620000 8.161000 -0.594000
v 0.620000 8.161000 -0.594000
v 0.620000 8.161000 -0.646000
v -0.620000 8.161000 -0.646000
v 0.594000 8.109000 -0.620000
v 0.646000 8.109000 -0.620000
v 0.646000 8.109000 0.620000
v 0.594000 8.109000 0.620000
v 0.594000 8.161000 -0.620000
v 0.594000 8.161000 0.620000
v 0.646000 8.161000 0.620000
v 0.646000 8.161000 -0.620000
v 0.620000 8.109000 0.594000
v 0.620000 8.109000 0.646000
v -0.620000 8.109000 0.646000
v -0.620000 8.109000 0.594000
v 0.620000 8.161000 0.594000
v -0.620000 8.161000 0.594000
v -0.620000 8.161000 0.646000
v 0.620000 8.161000 0.646000
v -0.594000 8.109000 0.620000
v -0.646000 8.109000 0.620000
v -0.646000 8.109000 -0.620000
v -0.594000 8.109000 -0.620000
v -0.594000 8.161000 0.620000
v -0.594000 8.161000 -0.620000
v -0.646000 8.161000 -0.620000
v -0.646000 8.161000 0.620000
v -0.620000 8.644000 -0.594000
v -0.620000 8.644000 -0.646000
v 0.620000 8.644000 -0.646000
v 0.620000 8.644000 -0.594000
v -0.620000 8.696000 -0.594000
v 0.620000 8.696000 -0.594000
v 0.620000 8.696000 -0.646000
v -0.620000 8.696000 -0.646000
v 0.594000 8.644000 -0.620000
v 0.646000 8.644000 -0.620000
v 0.646000 8.644000 0.620000
v 0.594000 8.644000 0.620000
v 0.594000 8.696000 -0.620000
v 0.594000 8.696000 0.620000
v 0.646000 8.696000 0.620000
v 0.646000 8.696000 -0.620000
v 0.620000 8.644000 0.594000
v 0.620000 8.644000 0.646000
v -0.620000 8.644000 0.646000
v -0.620000 8.644000 0.594000
v 0.620000 8.696000 0.594000
v -0.620000 8.696000 0.594000
v -0.620000 8.696000 0.646000
v 0.620000 8.696000 0.646000
v -0.594000 8.644000 0.620000
v -0.646000 8.644000 0.620000
v -0.646000 8.644000 -0.620000
v -0.594000 8.644000 -0.620000
v -0.594000 8.696000 0.620000
v -0.594000 8.696000 -0.620000
v -0.646000 8.696000 -0.620000
v -0.646000 8.696000 0.620000
v -0.620000 9.179000 -0.594000
v -0.620000 9.179000 -0.646000
v 0.620000 9.179000 -0.646000
v 0.620000 9.179000 -0.594000
v -0.620000 9.231000 -0.594000
v 0.620000 9.231000 -0.594000
v 0.620000 9.231000 -0.646000
v -0.620000 9.231000 -0.646000
v 0.594000 9.179000 -0.620000
v 0.646000 9.179000 -0.620000
v 0.646000 9.179000 0.620000
v 0.594000 9.179000 0.620000
v 0.594000 9.231000 -0.620000
v 0.594000 9.231000 0.620000
v 0.646000 9.231000 0.620000
v 0.646000 9.231000 -0.620000
v 0.620000 9.179000 0.594000
v 0.620000 9.179000 0.646000
v -0.620000 9.179000 0.646000
v -0.620000 9.179000 0.594000
v 0.620000 9.231000 0.594000
v -0.620000 9.231000 0.594000
v -0.620000 9.231000 0.646000
v 0.620000 9.231000 0.646000
v -0.594000 9.179000 0.620000
v -0.646000 9.179000 0.620000
v -0.646000 9.179000 -0.620000
v -0.594000 9.179000 -0.620000
v -0.594000 9.231000 0.620000
v -0.594000 9.231000 -0.620000
v -0.646000 9.231000 -0.620000
v -0.646000 9.231000 0.620000
v -0.620000 9.714000 -0.594000
v -0.620000 9.714000 -0.646000
v 0.620000 9.714000 -0.646000
v 0.620000 9.714000 -0.594000
v -0.620000 9.766000 -0.594000
v 0.620000 9.766000 -0.594000
v 0.620000 9.766000 -0.646000
v -0.620000 9.766000 -0.646000
v 0.594000 9.714000 -0.620000
v 0.646000 9.714000 -0.620000
v 0.646000 9.714000 0.620000
v 0.594000 9.714000 0.620000
v 0.594000 9.766000 -0.620000
v 0.594000 9.766000 0.620000
v 0.646000 9.766000 0.620000
v 0.646000 9.766000 -0.620000
v 0.620000 9.714000 0.594000
v 0.620000 9.714000 0.646000
v -0.620000 9.714000 0.646000
v -0.620000 9.714000 0.594000
v 0.620000 9.766000 0.594000
v -0.620000 9.766000 0.594000
v -0.620000 9.766000 0.646000
v 0.620000 9.766000 0.646000
v -0.594000 9.714000 0.620000
v -0.646000 9.714000 0.620000
v -0.646000 9.714000 -0.620000
v -0.594000 9.714000 -0.620000
v -0.594000 9.766000 0.620000
v -0.594000 9.766000 -0.620000
v -0.646000 9.766000 -0.620000
v -0.646000 9.766000 0.620000
v 1.893536 -0.021133 -1.921577
v 1.895454 -0.021133 -1.877939
v -1.744546 0.928867 -1.717939
v -1.746464 0.928867 -1.761577
v 1.904546 0.021133 -1.922061
v -1.735454 0.971133 -1.762061
v -1.733536 0.971133 -1.718423
v 1.906464 0.021133 -1.878423
v 1.921577 -0.021133 1.893536
v 1.877939 -0.021133 1.895454
v 1.717939 0.928867 -1.744546
v 1.761577 0.928867 -1.746464
v 1.922061 0.021133 1.904546
v 1.762061 0.971133 -1.735454
v 1.718423 0.971133 -1.733536
v 1.878423 0.021133 1.906464
v -1.893536 -0.021133 1.921577
v -1.895454 -0.021133 1.877939
v 1.744546 0.928867 1.717939
v 1.746464 0.928867 1.761577
v -1.904546 0.021133 1.922061
v 1.735454 0.971133 1.762061
v 1.733536 0.971133 1.718423
v -1.906464 0.021133 1.878423
v -1.921577 -0.021133 -1.893536
v -1.877939 -0.021133 -1.895454
v -1.717939 0.928867 1.744546
v -1.761577 0.928867 1.746464
v -1.922061 0.021133 -1.904546
v -1.762061 0.971133 1.735454
v -1.718423 0.971133 1.733536
v -1.878423 0.021133 -1.906464
v -1.735056 0.929001 -1.717896
v -1.732954 0.929001 -1.761526
v 1.587046 1.879001 -1.601526
v 1.584944 1.879001 -1.557896
v -1.747046 0.970999 -1.718474
v 1.572954 1.920999 -1.558474
v 1.575056 1.920999 -1.602104
v -1.744944 0.970999 -1.762104
v 1.717896 0.929001 -1.735056
v 1.761526 0.929001 -1.732954
v 1.601526 1.879001 1.587046
v 1.557896 1.879001 1.584944
v 1.718474 0.970999 -1.747046
v 1.558474 1.920999 1.572954
v 1.602104 1.920999 1.575056
v 1.762104 0.970999 -1.744944
v 1.735056 0.929001 1.717896
v 1.732954 0.929001 1.761526
v -1.587046 1.879001 1.601526
v -1.584944 1.879001 1.557896
v 1.747046 0.970999 1.718474
v -1.572954 1.920999 1.558474
v -1.575056 1.920999 1.602104
v 1.744944 0.970999 1.762104
v -1.717896 0.929001 1.735056
v -1.761526 0.929001 1.732954
v -1.601526 1.879001 -1.587046
v -1.557896 1.879001 -1.584944
v -1.718474 0.970999 1.747046
v -1.558474 1.920999 -1.572954
v -1.602104 1.920999 -1.575056
v -1.762104 0.970999 1.744944
v 1.572261 1.879176 -1.601458
v 1.574588 1.879176 -1.557840
v -1.425412 2.829176 -1.397840
v -1.427739 2.829176 -1.441458
v 1.585412 1.920824 -1.602160
v -1.414588 2.870824 -1.442160
v -1.412261 2.870824 -1.398542
v 1.587739 1.920824 -1.558542
v 1.601458 1.879176 1.572261
v 1.557840 1.879176 1.574588
v 1.397840 2.829176 -1.425412
v 1.441458 2.829176 -1.427739
v 1.602160 1.920824 1.585412
v 1.442160 2.870824 -1.414588
v 1.398542 2.870824 -1.412261
v 1.558542 1.920824 1.587739
v -1.572261 1.879176 1.601458
v -1.574588 1.879176 1.557840
v 1.425412 2.829176 1.397840
v 1.427739 2.829176 1.441458
v -1.585412 1.920824 1.602160
v 1.414588 2.870824 1.442160
v 1.412261 2.870824 1.398542
v -1.587739 1.920824 1.558542
v -1.601458 1.879176 -1.572261
v -1.557840 1.879176 -1.574588
v -1.397840 2.829176 1.425412
v -1.441458 2.829176 1.427739
v -1.602160 1.920824 -1.585412
v -1.442160 2.870824 1.414588
v -1.398542 2.870824 1.412261
v -1.558542 1.920824 -1.587739
v -1.414029 2.829411 -1.397765
v -1.411426 2.829411 -1.441367
v 1.268574 3.779411 -1.281367
v 1.265971 3.779411 -1.237765
v -1.428574 2.870589 -1.398633
v 1.251426 3.820589 -1.238633
v 1.254029 3.820589 -1.282235
v -1.425971 2.870589 -1.442235
v 1.397765 2.829411 -1.414029
v 1.441367 2.829411 -1.411426
v 1.281367 3.779411 1.268574
v 1.237765 3.779411 1.265971
v 1.398633 2.870589 -1.428574
v 1.238633 3.820589 1.251426
v 1.282235 3.820589 1.254029
v 1.442235 2.870589 -1.425971
v 1.414029 2.829411 1.397765
v 1.411426 2.829411 1.441367
v -1.268574 3.779411 1.281367
v -1.265971 3.779411 1.237765
v 1.428574 2.870589 1.398633
v -1.251426 3.820589 1.238633
v -1.254029 3.820589 1.282235
v 1.425971 2.870589 1.442235
v -1.397765 2.829411 1.414029
v -1.441367 2.829411 1.411426
v -1.281367 3.779411 -1.268574
v -1.237765 3.779411 -1.265971
v -1.398633 2.870589 1.428574
v -1.238633 3.820589 -1.251426
v -1.282235 3.820589 -1.254029
v -1.442235 2.870589 1.425971
v 1.250402 3.779733 -1.281239
v 1.253356 3.779733 -1.237659
v -1.106644 4.729733 -1.077659
v -1.109598 4.729733 -1.121239
v 1.266644 3.820267 -1.282341
v -1.093356 4.770267 -1.122341
v -1.090402 4.770267 -1.078761
v 1.269598 3.820267 -1.238761
v 1.281239 3.779733 1.250402
v 1.237659 3.779733 1.253356
v 1.077659 4.729733 -1.106644
v 1.121239 4.729733 -1.109598
v 1.282341 3.820267 1.266644
v 1.122341 4.770267 -1.093356
v 1.078761 4.770267 -1.090402
v 1.238761 3.820267 1.269598
v -1.250402 3.779733 1.281239
v -1.253356 3.779733 1.237659
v 1.106644 4.729733 1.077659
v 1.109598 4.729733 1.121239
v -1.266644 3.820267 1.282341
v 1.093356 4.770267 1.122341
v 1.090402 4.770267 1.078761
v -1.269598 3.820267 1.238761
v -1.281239 3.779733 -1.250402
v -1.237659 3.779733 -1.253356
v -1.077659 4.729733 1.106644
v -1.121239 4.729733 1.109598
v -1.282341 3.820267 -1.266644
v -1.122341 4.770267 1.093356
v -1.078761 4.770267 1.090402
v -1.238761 3.820267 -1.269598
v -1.092539 4.730191 -1.077508
v -1.089124 4.730191 -1.121054
v 0.950876 5.680191 -0.961054
v 0.947461 5.680191 -0.917508
v -1.110876 4.769809 -1.078946
v 0.929124 5.719809 -0.918946
v 0.932539 5.719809 -0.962492
v -1.107461 4.769809 -1.122492
v 1.077508 4.730191 -1.092539
v 1.121054 4.730191 -1.089124
v 0.961054 5.680191 0.950876
v 0.917508 5.680191 0.947461
v 1.078946 4.769809 -1.110876
v 0.918946 5.719809 0.929124
v 0.962492 5.719809 0.932539
v 1.122492 4.769809 -1.107461
v 1.092539 4.730191 1.077508
v 1.089124 4.730191 1.121054
v -0.950876 5.680191 0.961054
v -0.947461 5.680191 0.917508
v 1.110876 4.769809 1.078946
v -0.929124 5.719809 0.918946
v -0.932539 5.719809 0.962492
v 1.107461 4.769809 1.122492
v -1.077508 4.730191 1.092539
v -1.121054 4.730191 1.089124
v -0.961054 5.680191 -0.950876
v -0.917508 5.680191 -0.947461
v -1.078946 4.769809 1.110876
v -0.918946 5.719809 -0.929124
v -0.962492 5.719809 -0.932539
v -1.122492 4.769809 1.107461
v 0.927498 5.680863 -0.960771
v 0.931544 5.680863 -0.917279
v -0.788456 6.630863 -0.757279
v -0.792502 6.630863 -0.800771
v 0.948456 5.719137 -0.962721
v -0.771544 6.669137 -0.802721
v -0.767498 6.669137 -0.759229
v 0.952502 5.719137 -0.919229
v 0.960771 5.680863 0.927498
v 0.917279 5.680863 0.931544
v 0.757279 6.630863 -0.788456
v 0.800771 6.630863 -0.792502
v 0.962721 5.719137 0.948456
v 0.802721 6.669137 -0.771544
v 0.759229 6.669137 -0.767498
v 0.919229 5.719137 0.952502
v -0.927498 5.680863 0.960771
v -0.931544 5.680863 0.917279
v 0.788456 6.630863 0.757279
v 0.792502 6.630863 0.800771
v -0.948456 5.719137 0.962721
v 0.771544 6.669137 0.802721
v 0.767498 6.669137 0.759229
v -0.952502 5.719137 0.919229
v -0.960771 5.680863 -0.927498
v -0.917279 5.680863 -0.931544
v -0.757279 6.630863 0.788456
v -0.800771 6.630863 0.792502
v -0.962721 5.719137 -0.948456
v -0.802721 6.669137 0.771544
v -0.759229 6.669137 0.767498
v -0.919229 5.719137 -0.952502
v -0.770350 6.631891 -0.756915
v -0.765390 6.631891 -0.800312
v 0.634610 7.581891 -0.640312
v 0.629650 7.581891 -0.596915
v -0.794610 6.668109 -0.759688
v 0.605390 7.618109 -0.599688
v 0.610350 7.618109 -0.643085
v -0.789650 6.668109 -0.803085
v 0.756915 6.631891 -0.770350
v 0.800312 6.631891 -0.765390
v 0.640312 7.581891 0.634610
v 0.596915 7.581891 0.629650
v 0.759688 6.668109 -0.794610
v 0.599688 7.618109 0.605390
v 0.643085 7.618109 0.610350
v 0.803085 6.668109 -0.789650
v 0.770350 6.631891 0.756915
v 0.765390 6.631891 0.800312
v -0.634610 7.581891 0.640312
v -0.629650 7.581891 0.596915
v 0.794610 6.668109 0.759688
v -0.605390 7.618109 0.599688
v -0.610350 7.618109 0.643085
v 0.789650 6.668109 0.803085
v -0.756915 6.631891 0.770350
v -0.800312 6.631891 0.765390
v -0.640312 7.581891 -0.634610
v -0.596915 7.581891 -0.629650
v -0.759688 6.668109 0.794610
v -0.599688 7.618109 -0.605390
v -0.643085 7.618109 -0.610350
v -0.803085 6.668109 0.789650
v 0.611348 7.579947 -0.641840
v 0.611348 7.579947 -0.598160
v -0.628652 8.114947 -0.598160
v -0.628652 8.114947 -0.641840
v 0.628652 7.620053 -0.641840
v -0.611348 8.155053 -0.641840
v -0.611348 8.155053 -0.598160
v 0.628652 7.620053 -0.598160
v 0.641840 7.579947 0.611348
v 0.598160 7.579947 0.611348
v 0.598160 8.114947 -0.628652
v 0.641840 8.114947 -0.628652
v 0.641840 7.620053 0.628652
v 0.641840 8.155053 -0.611348
v 0.598160 8.155053 -0.611348
v 0.598160 7.620053 0.628652
v -0.611348 7.579947 0.641840
v -0.611348 7.579947 0.598160
v 0.628652 8.114947 0.598160
v 0.628652 8.114947 0.641840
v -0.628652 7.620053 0.641840
v 0.611348 8.155053 0.641840
v 0.611348 8.155053 0.598160
v -0.628652 7.620053 0.598160
v -0.641840 7.579947 -0.611348
v -0.598160 7.579947 -0.611348
v -0.598160 8.114947 0.628652
v -0.641840 8.114947 0.628652
v -0.641840 7.620053 -0.628652
v -0.641840 8.155053 0.611348
v -0.598160 8.155053 0.611348
v -0.598160 7.620053 -0.628652
v -0.611348 8.114947 -0.598160
v -0.611348 8.114947 -0.641840
v 0.628652 8.649947 -0.641840
v 0.628652 8.649947 -0.598160
v -0.628652 8.155053 -0.598160
v 0.611348 8.690053 -0.598160
v 0.611348 8.690053 -0.641840
v -0.628652 8.155053 -0.641840
v 0.598160 8.114947 -0.611348
v 0.641840 8.114947 -0.611348
v 0.641840 8.649947 0.628652
v 0.598160 8.649947 0.628652
v 0.598160 8.155053 -0.628652
v 0.598160 8.690053 0.611348
v 0.641840 8.690053 0.611348
v 0.641840 8.155053 -0.628652
v 0.611348 8.114947 0.598160
v 0.611348 8.114947 0.641840
v -0.628652 8.649947 0.641840
v -0.628652 8.649947 0.598160
v 0.628652 8.155053 0.598160
v -0.611348 8.690053 0.598160
v -0.611348 8.690053 0.641840
v 0.628652 8.155053 0.641840
v -0.598160 8.114947 0.611348
v -0.641840 8.114947 0.611348
v -0.641840 8.649947 -0.628652
v -0.598160 8.649947 -0.628652
v -0.598160 8.155053 0.628652
v -0.598160 8.690053 -0.611348
v -0.641840 8.690053 -0.611348
v -0.641840 8.155053 0.628652
v 0.611348 8.649947 -0.641840
v 0.611348 8.649947 -0.598160
v -0.628652 9.184947 -0.598160
v -0.628652 9.184947 -0.641840
v 0.628652 8.690053 -0.641840
v -0.611348 9.225053 -0.641840
v -0.611348 9.225053 -0.598160
v 0.628652 8.690053 -0.598160
v 0.641840 8.649947 0.611348
v 0.598160 8.649947 0.611348
v 0.598160 9.184947 -0.628652
v 0.641840 9.184947 -0.628652
v 0.641840 8.690053 0.628652
v 0.641840 9.225053 -0.611348
v 0.598160 9.225053 -0.611348
v 0.598160 8.690053 0.628652
v -0.611348 8.649947 0.641840
v -0.611348 8.649947 0.598160
v 0.628652 9.184947 0.598160
v 0.628652 9.184947 0.641840
v -0.628652 8.690053 0.641840
v 0.611348 9.225053 0.641840
v 0.611348 9.225053 0.598160
v -0.628652 8.690053 0.598160
v -0.641840 8.649947 -0.611348
v -0.598160 8.649947 -0.611348
v -0.598160 9.184947 0.628652
v -0.641840 9.184947 0.628652
v -0.641840 8.690053 -0.628652
v -0.641840 9.225053 0.611348
v -0.598160 9.225053 0.611348
v -0.598160 8.690053 -0.628652
v -0.611348 9.184947 -0.598160
v -0.611348 9.184947 -0.641840
v 0.628652 9.719947 -0.641840
v 0.628652 9.719947 -0.598160
v -0.628652 9.225053 -0.598160
v 0.611348 9.760053 -0.598160
v 0.611348 9.760053 -0.641840
v -0.628652 9.225053 -0.641840
v 0.598160 9.184947 -0.611348
v 0.641840 9.184947 -0.611348
v 0.641840 9.719947 0.628652
v 0.598160 9.719947 0.628652
v 0.598160 9.225053 -0.628652
v 0.598160 9.760053 0.611348
v 0.641840 9.760053 0.611348
v 0.641840 9.225053 -0.628652
v 0.611348 9.184947 0.598160
v 0.611348 9.184947 0.641840
v -0.628652 9.719947 0.641840
v -0.628652 9.719947 0.598160
v 0.628652 9.225053 0.598160
v -0.611348 9.760053 0.598160
v -0.611348 9.760053 0.641840
v 0.628652 9.225053 0.641840
v -0.598160 9.184947 0.611348
v -0.641840 9.184947 0.611348
v -0.641840 9.719947 -0.628652
v -0.598160 9.719947 -0.628652
v -0.598160 9.225053 0.628652
v -0.598160 9.760053 -0.611348
v -0.641840 9.760053 -0.611348
v -0.641840 9.225053 0.628652
v -1.896320 -0.017108 -1.882141
v -1.894767 -0.017108 -1.917467
v 1.745233 0.932892 -1.757467
v 1.743680 0.932892 -1.722141
v -1.905233 0.017108 -1.882533
v 1.734767 0.967108 -1.722533
v 1.736320 0.967108 -1.757859
v -1.903680 0.017108 -1.917859
v 1.882141 -0.017108 -1.896320
v 1.917467 -0.017108 -1.894767
v 1.757467 0.932892 1.745233
v 1.722141 0.932892 1.743680
v 1.882533 0.017108 -1.905233
v 1.722533 0.967108 1.734767
v 1.757859 0.967108 1.736320
v 1.917859 0.017108 -1.903680
v 1.896320 -0.017108 1.882141
v 1.894767 -0.017108 1.917467
v -1.745233 0.932892 1.757467
v -1.743680 0.932892 1.722141
v 1.905233 0.017108 1.882533
v -1.734767 0.967108 1.722533
v -1.736320 0.967108 1.757859
v 1.903680 0.017108 1.917859
v -1.882141 -0.017108 1.896320
v -1.917467 -0.017108 1.894767
v -1.757467 0.932892 -1.745233
v -1.722141 0.932892 -1.743680
v -1.882533 0.017108 1.905233
v -1.722533 0.967108 -1.734767
v -1.757859 0.967108 -1.736320
v -1.917859 0.017108 1.903680
v 1.734296 0.933001 -1.757426
v 1.735998 0.933001 -1.722107
v -1.584002 1.883001 -1.562107
v -1.585704 1.883001 -1.597426
v 1.744002 0.966999 -1.757893
v -1.575998 1.916999 -1.597893
v -1.574296 1.916999 -1.562574
v 1.745704 0.966999 -1.722574
v 1.757426 0.933001 1.734296
v 1.722107 0.933001 1.735998
v 1.562107 1.883001 -1.584002
v 1.597426 1.883001 -1.585704
v 1.757893 0.966999 1.744002
v 1.597893 1.916999 -1.575998
v 1.562574 1.916999 -1.574296
v 1.722574 0.966999 1.745704
v -1.734296 0.933001 1.757426
v -1.735998 0.933001 1.722107
v 1.584002 1.883001 1.562107
v 1.585704 1.883001 1.597426
v -1.744002 0.966999 1.757893
v 1.575998 1.916999 1.597893
v 1.574296 1.916999 1.562574
v -1.745704 0.966999 1.722574
v -1.757426 0.933001 -1.734296
v -1.722107 0.933001 -1.735998
v -1.562107 1.883001 1.584002
v -1.597426 1.883001 1.585704
v -1.757893 0.966999 -1.744002
v -1.597893 1.916999 1.575998
v -1.562574 1.916999 1.574296
v -1.722574 0.966999 -1.745704
v -1.575619 1.883143 -1.562061
v -1.573735 1.883143 -1.597371
v 1.426265 2.833143 -1.437371
v 1.424381 2.833143 -1.402061
v -1.586265 1.916857 -1.562629
v 1.413735 2.866857 -1.402629
v 1.415619 2.866857 -1.437939
v -1.584381 1.916857 -1.597939
v 1.562061 1.883143 -1.575619
v 1.597371 1.883143 -1.573735
v 1.437371 2.833143 1.426265
v 1.402061 2.833143 1.424381
v 1.562629 1.916857 -1.586265
v 1.402629 2.866857 1.413735
v 1.437939 2.866857 1.415619
v 1.597939 1.916857 -1.584381
v 1.575619 1.883143 1.562061
v 1.573735 1.883143 1.597371
v -1.426265 2.833143 1.437371
v -1.424381 2.833143 1.402061
v 1.586265 1.916857 1.562629
v -1.413735 2.866857 1.402629
v -1.415619 2.866857 1.437939
v 1.584381 1.916857 1.597939
v -1.562061 1.883143 1.575619
v -1.597371 1.883143 1.573735
v -1.437371 2.833143 -1.426265
v -1.402061 2.833143 -1.424381
v -1.562629 1.916857 1.586265
v -1.402629 2.866857 -1.413735
v -1.437939 2.866857 -1.415619
v -1.597939 1.916857 1.584381
v 1.413059 2.833333 -1.437297
v 1.415166 2.833333 -1.402000
v -1.264834 3.783333 -1.242000
v -1.266941 3.783333 -1.277297
v 1.424834 2.866667 -1.438000
v -1.255166 3.816667 -1.278000
v -1.253059 3.816667 -1.242703
v 1.426941 2.866667 -1.402703
v 1.437297 2.833333 1.413059
v 1.402000 2.833333 1.415166
v 1.242000 3.783333 -1.264834
v 1.277297 3.783333 -1.266941
v 1.438000 2.866667 1.424834
v 1.278000 3.816667 -1.255166
v 1.242703 3.816667 -1.253059
v 1.402703 2.866667 1.426941
v -1.413059 2.833333 1.437297
v -1.415166 2.833333 1.402000
v 1.264834 3.783333 1.242000
v 1.266941 3.783333 1.277297
v -1.424834 2.866667 1.438000
v 1.255166 3.816667 1.278000
v 1.253059 3.816667 1.242703
v -1.426941 2.866667 1.402703
v -1.437297 2.833333 -1.413059
v -1.402000 2.833333 -1.415166
v -1.242000 3.783333 1.264834
v -1.277297 3.783333 1.266941
v -1.438000 2.866667 -1.424834
v -1.278000 3.816667 1.255166
v -1.242703 3.816667 1.253059
v -1.402703 2.866667 -1.426941
v -1.254622 3.783594 -1.241915
v -1.252230 3.783594 -1.277194
v 1.107770 4.733594 -1.117194
v 1.105378 4.733594 -1.081915
v -1.267770 3.816406 -1.242806
v 1.092230 4.766406 -1.082806
v 1.094622 4.766406 -1.118085
v -1.265378 3.816406 -1.278085
v 1.241915 3.783594 -1.254622
v 1.277194 3.783594 -1.252230
v 1.117194 4.733594 1.107770
v 1.081915 4.733594 1.105378
v 1.242806 3.816406 -1.267770
v 1.082806 4.766406 1.092230
v 1.118085 4.766406 1.094622
v 1.278085 3.816406 -1.265378
v 1.254622 3.783594 1.241915
v 1.252230 3.783594 1.277194
v -1.107770 4.733594 1.117194
v -1.105378 4.733594 1.081915
v 1.267770 3.816406 1.242806
v -1.092230 4.766406 1.082806
v -1.094622 4.766406 1.118085
v 1.265378 3.816406 1.278085
v -1.241915 3.783594 1.254622
v -1.277194 3.783594 1.252230
v -1.117194 4.733594 -1.107770
v -1.081915 4.733594 -1.105378
v -1.242806 3.816406 1.267770
v -1.082806 4.766406 -1.092230
v -1.118085 4.766406 -1.094622
v -1.278085 3.816406 1.265378
v 1.091195 4.733964 -1.117044
v 1.093960 4.733964 -1.081792
v -0.946040 5.683964 -0.921792
v -0.948805 5.683964 -0.957044
v 1.106040 4.766036 -1.118208
v -0.933960 5.716036 -0.958208
v -0.931195 5.716036 -0.922956
v 1.108805 4.766036 -1.082956
v 1.117044 4.733964 1.091195
v 1.081792 4.733964 1.093960
v 0.921792 5.683964 -0.946040
v 0.957044 5.683964 -0.948805
v 1.118208 4.766036 1.106040
v 0.958208 5.716036 -0.933960
v 0.922956 5.716036 -0.931195
v 1.082956 4.766036 1.108805
v -1.091195 4.733964 1.117044
v -1.093960 4.733964 1.081792
v 0.946040 5.683964 0.921792
v 0.948805 5.683964 0.957044
v -1.106040 4.766036 1.118208
v 0.933960 5.716036 0.958208
v 0.931195 5.716036 0.922956
v -1.108805 4.766036 1.082956
v -1.117044 4.733964 -1.091195
v -1.081792 4.733964 -1.093960
v -0.921792 5.683964 0.946040
v -0.957044 5.683964 0.948805
v -1.118208 4.766036 -1.106040
v -0.958208 5.716036 0.933960
v -0.922956 5.716036 0.931195
v -1.082956 4.766036 -1.108805
v -0.933154 5.684508 -0.921607
v -0.929879 5.684508 -0.956815
v 0.790121 6.634508 -0.796815
v 0.786846 6.634508 -0.761607
v -0.950121 5.715492 -0.923185
v 0.769879 6.665492 -0.763185
v 0.773154 6.665492 -0.798393
v -0.946846 5.715492 -0.958393
v 0.921607 5.684508 -0.933154
v 0.956815 5.684508 -0.929879
v 0.796815 6.634508 0.790121
v 0.761607 6.634508 0.786846
v 0.923185 5.715492 -0.950121
v 0.763185 6.665492 0.769879
v 0.798393 6.665492 0.773154
v 0.958393 5.715492 -0.946846
v 0.933154 5.684508 0.921607
v 0.929879 5.684508 0.956815
v -0.790121 6.634508 0.796815
v -0.786846 6.634508 0.761607
v 0.950121 5.715492 0.923185
v -0.769879 6.665492 0.763185
v -0.773154 6.665492 0.798393
v 0.946846 5.715492 0.958393
v -0.921607 5.684508 0.933154
v -0.956815 5.684508 0.929879
v -0.796815 6.634508 -0.790121
v -0.761607 6.634508 -0.786846
v -0.923185 5.715492 0.950121
v -0.763185 6.665492 -0.769879
v -0.798393 6.665492 -0.773154
v -0.958393 5.715492 0.946846
v 0.768173 6.635340 -0.796443
v 0.772188 6.635340 -0.761312
v -0.627812 7.585340 -0.601312
v -0.631827 7.585340 -0.636443
v 0.787812 6.664660 -0.798688
v -0.612188 7.614660 -0.638688
v -0.608173 7.614660 -0.603557
v 0.791827 6.664660 -0.763557
v 0.796443 6.635340 0.768173
v 0.761312 6.635340 0.772188
v 0.601312 7.585340 -0.627812
v 0.636443 7.585340 -0.631827
v 0.798688 6.664660 0.787812
v 0.638688 7.614660 -0.612188
v 0.603557 7.614660 -0.608173
v 0.763557 6.664660 0.791827
v -0.768173 6.635340 0.796443
v -0.772188 6.635340 0.761312
v 0.627812 7.585340 0.601312
v 0.631827 7.585340 0.636443
v -0.787812 6.664660 0.798688
v 0.612188 7.614660 0.638688
v 0.608173 7.614660 0.603557
v -0.791827 6.664660 0.763557
v -0.796443 6.635340 -0.768173
v -0.761312 6.635340 -0.772188
v -0.601312 7.585340 0.627812
v -0.636443 7.585340 0.631827
v -0.798688 6.664660 -0.787812
v -0.638688 7.614660 0.612188
v -0.603557 7.614660 0.608173
v -0.763557 6.664660 -0.791827
v -0.612996 7.583766 -0.602320
v -0.612996 7.583766 -0.637680
v 0.627004 8.118766 -0.637680
v 0.627004 8.118766 -0.602320
v -0.627004 7.616234 -0.602320
v 0.612996 8.151234 -0.602320
v 0.612996 8.151234 -0.637680
v -0.627004 7.616234 -0.637680
v 0.602320 7.583766 -0.612996
v 0.637680 7.583766 -0.612996
v 0.637680 8.118766 0.627004
v 0.602320 8.118766 0.627004
v 0.602320 7.616234 -0.627004
v 0.602320 8.151234 0.612996
v 0.637680 8.151234 0.612996
v 0.637680 7.616234 -0.627004
v 0.612996 7.583766 0.602320
v 0.612996 7.583766 0.637680
v -0.627004 8.118766 0.637680
v -0.627004 8.118766 0.602320
v 0.627004 7.616234 0.602320
v -0.612996 8.151234 0.602320
v -0.612996 8.151234 0.637680
v 0.627004 7.616234 0.637680
v -0.602320 7.583766 0.612996
v -0.637680 7.583766 0.612996
v -0.637680 8.118766 -0.627004
v -0.602320 8.118766 -0.627004
v -0.602320 7.616234 0.627004
v -0.602320 8.151234 -0.612996
v -0.637680 8.151234 -0.612996
v -0.637680 7.616234 0.627004
v 0.612996 8.118766 -0.637680
v 0.612996 8.118766 -0.602320
v -0.627004 8.653766 -0.602320
v -0.627004 8.653766 -0.637680
v 0.627004 8.151234 -0.637680
v -0.612996 8.686234 -0.637680
v -0.612996 8.686234 -0.602320
v 0.627004 8.151234 -0.602320
v 0.637680 8.118766 0.612996
v 0.602320 8.118766 0.612996
v 0.602320 8.653766 -0.627004
v 0.637680 8.653766 -0.627004
v 0.637680 8.151234 0.627004
v 0.637680 8.686234 -0.612996
v 0.602320 8.686234 -0.612996
v 0.602320 8.151234 0.627004
v -0.612996 8.118766 0.637680
v -0.612996 8.118766 0.602320
v 0.627004 8.653766 0.602320
v 0.627004 8.653766 0.637680
v -0.627004 8.151234 0.637680
v 0.612996 8.686234 0.637680
v 0.612996 8.686234 0.602320
v -0.627004 8.151234 0.602320
v -0.637680 8.118766 -0.612996
v -0.602320 8.118766 -0.612996
v -0.602320 8.653766 0.627004
v -0.637680 8.653766 0.627004
v -0.637680 8.151234 -0.627004
v -0.637680 8.686234 0.612996
v -0.602320 8.686234 0.612996
v -0.602320 8.151234 -0.627004
v -0.612996 8.653766 -0.602320
v -0.612996 8.653766 -0.637680
v 0.627004 9.188766 -0.637680
v 0.627004 9.188766 -0.602320
v -0.627004 8.686234 -0.602320
v 0.612996 9.221234 -0.602320
v 0.612996 9.221234 -0.637680
v -0.627004 8.686234 -0.637680
v 0.602320 8.653766 -0.612996
v 0.637680 8.653766 -0.612996
v 0.637680 9.188766 0.627004
v 0.602320 9.188766 0.627004
v 0.602320 8.686234 -0.627004
v 0.602320 9.221234 0.612996
v 0.637680 9.221234 0.612996
v 0.637680 8.686234 -0.627004
v 0.612996 8.653766 0.602320
v 0.612996 8.653766 0.637680
v -0.627004 9.188766 0.637680
v -0.627004 9.188766 0.602320
v 0.627004 8.686234 0.602320
v -0.612996 9.221234 0.602320
v -0.612996 9.221234 0.637680
v 0.627004 8.686234 0.637680
v -0.602320 8.653766 0.612996
v -0.637680 8.653766 0.612996
v -0.637680 9.188766 -0.627004
v -0.602320 9.188766 -0.627004
v -0.602320 8.686234 0.627004
v -0.602320 9.221234 -0.612996
v -0.637680 9.221234 -0.612996
v -0.637680 8.686234 0.627004
v 0.612996 9.188766 -0.637680
v 0.612996 9.188766 -0.602320
v -0.627004 9.723766 -0.602320
v -0.627004 9.723766 -0.637680
v 0.627004 9.221234 -0.637680
v -0.612996 9.756234 -0.637680
v -0.612996 9.756234 -0.602320
v 0.627004 9.221234 -0.602320
v 0.637680 9.188766 0.612996
v 0.602320 9.188766 0.612996
v 0.602320 9.723766 -0.627004
v 0.637680 9.723766 -0.627004
v 0.637680 9.221234 0.627004
v 0.637680 9.756234 -0.612996
v 0.602320 9.756234 -0.612996
v 0.602320 9.221234 0.627004
v -0.612996 9.188766 0.637680
v -0.612996 9.188766 0.602320
v 0.627004 9.723766 0.602320
v 0.627004 9.723766 0.637680
v -0.627004 9.221234 0.637680
v 0.612996 9.756234 0.637680
v 0.612996 9.756234 0.602320
v -0.627004 9.221234 0.602320
v -0.637680 9.188766 -0.612996
v -0.602320 9.188766 -0.612996
v -0.602320 9.723766 0.627004
v -0.637680 9.723766 0.627004
v -0.637680 9.221234 -0.627004
v -0.637680 9.756234 0.612996
v -0.602320 9.756234 0.612996
v -0.602320 9.221234 -0.627004
v -0.623641 8.274000 -0.445744
v -0.616359 8.274000 -0.394256
v -2.546359 8.274000 -0.121256
v -2.553641 8.274000 -0.172744
v -0.623641 8.326000 -0.445744
v -2.553641 8.326000 -0.172744
v -2.546359 8.326000 -0.121256
v -0.616359 8.326000 -0.394256
v -0.616359 8.274000 0.394256
v -0.623641 8.274000 0.445744
v -2.553641 8.274000 0.172744
v -2.546359 8.274000 0.121256
v -0.616359 8.326000 0.394256
v -2.546359 8.326000 0.121256
v -2.553641 8.326000 0.172744
v -0.623641 8.326000 0.445744
v -2.538646 8.279539 0.023400
v -2.538646 8.279539 -0.023400
v -0.608646 9.350539 -0.023400
v -0.608646 9.350539 0.023400
v -2.561354 8.320461 0.023400
v -0.631354 9.391461 0.023400
v -0.631354 9.391461 -0.023400
v -2.561354 8.320461 -0.023400
v -2.558622 8.278247 0.023400
v -2.558622 8.278247 -0.023400
v -0.628622 7.513247 -0.023400
v -0.628622 7.513247 0.023400
v -2.541378 8.321753 0.023400
v -0.611378 7.556753 0.023400
v -0.611378 7.556753 -0.023400
v -2.541378 8.321753 -0.023400
v -0.635867 8.282320 -0.427798
v -0.604133 8.282320 -0.412202
v -0.990133 8.282320 0.373198
v -1.021867 8.282320 0.357602
v -0.635867 8.317680 -0.427798
v -1.021867 8.317680 0.357602
v -0.990133 8.317680 0.373198
v -0.604133 8.317680 -0.412202
v -0.990646 8.282320 0.356635
v -1.021354 8.282320 0.374165
v -1.407354 8.282320 -0.302035
v -1.376646 8.282320 -0.319565
v -0.990646 8.317680 0.356635
v -1.376646 8.317680 -0.319565
v -1.407354 8.317680 -0.302035
v -1.021354 8.317680 0.374165
v -1.406615 8.282320 -0.320749
v -1.377385 8.282320 -0.300851
v -1.763385 8.282320 0.266149
v -1.792615 8.282320 0.246251
v -1.406615 8.317680 -0.320749
v -1.792615 8.317680 0.246251
v -1.763385 8.317680 0.266149
v -1.377385 8.317680 -0.300851
v -1.764483 8.282320 0.244803
v -1.791517 8.282320 0.267597
v -2.177517 8.282320 -0.190203
v -2.150483 8.282320 -0.212997
v -1.764483 8.317680 0.244803
v -2.150483 8.317680 -0.212997
v -2.177517 8.317680 -0.190203
v -1.791517 8.317680 0.267597
v -2.175850 8.282320 -0.214721
v -2.152150 8.282320 -0.188479
v -2.538150 8.282320 0.160121
v -2.561850 8.282320 0.133879
v -2.175850 8.317680 -0.214721
v -2.561850 8.317680 0.133879
v -2.538150 8.317680 0.160121
v -2.152150 8.317680 -0.188479
v 0.616359 8.274000 -0.394256
v 0.623641 8.274000 -0.445744
v 2.553641 8.274000 -0.172744
v 2.546359 8.274000 -0.121256
v 0.616359 8.326000 -0.394256
v 2.546359 8.326000 -0.121256
v 2.553641 8.326000 -0.172744
v 0.623641 8.326000 -0.445744
v 0.623641 8.274000 0.445744
v 0.616359 8.274000 0.394256
v 2.546359 8.274000 0.121256
v 2.553641 8.274000 0.172744
v 0.623641 8.326000 0.445744
v 2.553641 8.326000 0.172744
v 2.546359 8.326000 0.121256
v 0.616359 8.326000 0.394256
v 2.538646 8.279539 -0.023400
v 2.538646 8.279539 0.023400
v 0.608646 9.350539 0.023400
v 0.608646 9.350539 -0.023400
v 2.561354 8.320461 -0.023400
v 0.631354 9.391461 -0.023400
v 0.631354 9.391461 0.023400
v 2.561354 8.320461 0.023400
v 2.558622 8.278247 -0.023400
v 2.558622 8.278247 0.023400
v 0.628622 7.513247 0.023400
v 0.628622 7.513247 -0.023400
v 2.541378 8.321753 -0.023400
v 0.611378 7.556753 -0.023400
v 0.611378 7.556753 0.023400
v 2.541378 8.321753 0.023400
v 0.604133 8.282320 -0.412202
v 0.635867 8.282320 -0.427798
v 1.021867 8.282320 0.357602
v 0.990133 8.282320 0.373198
v 0.604133 8.317680 -0.412202
v 0.990133 8.317680 0.373198
v 1.021867 8.317680 0.357602
v 0.635867 8.317680 -0.427798
v 1.021354 8.282320 0.374165
v 0.990646 8.282320 0.356635
v 1.376646 8.282320 -0.319565
v 1.407354 8.282320 -0.302035
v 1.021354 8.317680 0.374165
v 1.407354 8.317680 -0.302035
v 1.376646 8.317680 -0.319565
v 0.990646 8.317680 0.356635
v 1.377385 8.282320 -0.300851
v 1.406615 8.282320 -0.320749
v 1.792615 8.282320 0.246251
v 1.763385 8.282320 0.266149
v 1.377385 8.317680 -0.300851
v 1.763385 8.317680 0.266149
v 1.792615 8.317680 0.246251
v 1.406615 8.317680 -0.320749
v 1.791517 8.282320 0.267597
v 1.764483 8.282320 0.244803
v 2.150483 8.282320 -0.212997
v 2.177517 8.282320 -0.190203
v 1.791517 8.317680 0.267597
v 2.177517 8.317680 -0.190203
v 2.150483 8.317680 -0.212997
v 1.764483 8.317680 0.244803
v 2.152150 8.282320 -0.188479
v 2.175850 8.282320 -0.214721
v 2.561850 8.282320 0.133879
v 2.538150 8.282320 0.160121
v 2.152150 8.317680 -0.188479
v 2.538150 8.317680 0.160121
v 2.561850 8.317680 0.133879
v 2.175850 8.317680 -0.214721
v -0.626011 9.874000 -0.365296
v -0.613989 9.874000 -0.314704
v -1.543989 9.874000 -0.093704
v -1.556011 9.874000 -0.144296
v -0.626011 9.926000 -0.365296
v -1.556011 9.926000 -0.144296
v -1.543989 9.926000 -0.093704
v -0.613989 9.926000 -0.314704
v -0.613989 9.874000 0.314704
v -0.626011 9.874000 0.365296
v -1.556011 9.874000 0.144296
v -1.543989 9.874000 0.093704
v -0.613989 9.926000 0.314704
v -1.543989 9.926000 0.093704
v -1.556011 9.926000 0.144296
v -0.626011 9.926000 0.365296
v -1.536581 9.880830 0.023400
v -1.536581 9.880830 -0.023400
v -0.606581 10.531830 -0.023400
v -0.606581 10.531830 0.023400
v -1.563419 9.919170 0.023400
v -0.633419 10.570170 0.023400
v -0.633419 10.570170 -0.023400
v -1.563419 9.919170 -0.023400
v -1.560465 9.879070 0.023400
v -1.560465 9.879070 -0.023400
v -0.630465 9.414070 -0.023400
v -0.630465 9.414070 0.023400
v -1.539535 9.920930 0.023400
v -0.609535 9.455930 0.023400
v -0.609535 9.455930 -0.023400
v -1.539535 9.920930 -0.023400
v -0.636969 9.882320 -0.344964
v -0.603031 9.882320 -0.335036
v -0.789031 9.882320 0.300764
v -0.822969 9.882320 0.290836
v -0.636969 9.917680 -0.344964
v -0.822969 9.917680 0.290836
v -0.789031 9.917680 0.300764
v -0.603031 9.917680 -0.335036
v -0.789260 9.882320 0.290112
v -0.822740 9.882320 0.301488
v -1.008740 9.882320 -0.245912
v -0.975260 9.882320 -0.257288
v -0.789260 9.917680 0.290112
v -0.975260 9.917680 -0.257288
v -1.008740 9.917680 -0.245912
v -0.822740 9.917680 0.301488
v -1.008386 9.882320 -0.258240
v -0.975614 9.882320 -0.244960
v -1.161614 9.882320 0.214040
v -1.194386 9.882320 0.200760
v -1.008386 9.917680 -0.258240
v -1.194386 9.917680 0.200760
v -1.161614 9.917680 0.214040
v -0.975614 9.917680 -0.244960
v -1.162198 9.882320 0.199469
v -1.193802 9.882320 0.215331
v -1.379802 9.882320 -0.155269
v -1.348198 9.882320 -0.171131
v -1.162198 9.917680 0.199469
v -1.348198 9.917680 -0.171131
v -1.379802 9.917680 -0.155269
v -1.193802 9.917680 0.215331
v -1.378762 9.882320 -0.172930
v -1.349238 9.882320 -0.153470
v -1.535238 9.882320 0.128730
v -1.564762 9.882320 0.109270
v -1.378762 9.917680 -0.172930
v -1.564762 9.917680 0.109270
v -1.535238 9.917680 0.128730
v -1.349238 9.917680 -0.153470
v 0.613989 9.874000 -0.314704
v 0.626011 9.874000 -0.365296
v 1.556011 9.874000 -0.144296
v 1.543989 9.874000 -0.093704
v 0.613989 9.926000 -0.314704
v 1.543989 9.926000 -0.093704
v 1.556011 9.926000 -0.144296
v 0.626011 9.926000 -0.365296
v 0.626011 9.874000 0.365296
v 0.613989 9.874000 0.314704
v 1.543989 9.874000 0.093704
v 1.556011 9.874000 0.144296
v 0.626011 9.926000 0.365296
v 1.556011 9.926000 0.144296
v 1.543989 9.926000 0.093704
v 0.613989 9.926000 0.314704
v 1.536581 9.880830 -0.023400
v 1.536581 9.880830 0.023400
v 0.606581 10.531830 0.023400
v 0.606581 10.531830 -0.023400
v 1.563419 9.919170 -0.023400
v 0.633419 10.570170 -0.023400
v 0.633419 10.570170 0.023400
v 1.563419 9.919170 0.023400
v 1.560465 9.879070 -0.023400
v 1.560465 9.879070 0.023400
v 0.630465 9.414070 0.023400
v 0.630465 9.414070 -0.023400
v 1.539535 9.920930 -0.023400
v 0.609535 9.455930 -0.023400
v 0.609535 9.455930 0.023400
v 1.539535 9.920930 0.023400
v 0.603031 9.882320 -0.335036
v 0.636969 9.882320 -0.344964
v 0.822969 9.882320 0.290836
v 0.789031 9.882320 0.300764
v 0.603031 9.917680 -0.335036
v 0.789031 9.917680 0.300764
v 0.822969 9.917680 0.290836
v 0.636969 9.917680 -0.344964
v 0.822740 9.882320 0.301488
v 0.789260 9.882320 0.290112
v 0.975260 9.882320 -0.257288
v 1.008740 9.882320 -0.245912
v 0.822740 9.917680 0.301488
v 1.008740 9.917680 -0.245912
v 0.975260 9.917680 -0.257288
v 0.789260 9.917680 0.290112
v 0.975614 9.882320 -0.244960
v 1.008386 9.882320 -0.258240
v 1.194386 9.882320 0.200760
v 1.161614 9.882320 0.214040
v 0.975614 9.917680 -0.244960
v 1.161614 9.917680 0.214040
v 1.194386 9.917680 0.200760
v 1.008386 9.917680 -0.258240
v 1.193802 9.882320 0.215331
v 1.162198 9.882320 0.199469
v 1.348198 9.882320 -0.171131
v 1.379802 9.882320 -0.155269
v 1.193802 9.917680 0.215331
v 1.379802 9.917680 -0.155269
v 1.348198 9.917680 -0.171131
v 1.162198 9.917680 0.199469
v 1.349238 9.882320 -0.153470
v 1.378762 9.882320 -0.172930
v 1.564762 9.882320 0.109270
v 1.535238 9.882320 0.128730
v 1.349238 9.917680 -0.153470
v 1.535238 9.917680 0.128730
v 1.564762 9.917680 0.109270
v 1.378762 9.917680 -0.172930
v -0.622036 9.888755 -0.588943
v -0.588943 9.888755 -0.622036
v 0.031057 11.488755 -0.002036
v -0.002036 11.488755 0.031057
v -0.651057 9.911245 -0.617964
v -0.031057 11.511245 0.002036
v 0.002036 11.511245 -0.031057
v -0.617964 9.911245 -0.651057
v -0.588943 9.888755 0.622036
v -0.622036 9.888755 0.588943
v -0.002036 11.488755 -0.031057
v 0.031057 11.488755 0.002036
v -0.617964 9.911245 0.651057
v 0.002036 11.511245 0.031057
v -0.031057 11.511245 -0.002036
v -0.651057 9.911245 0.617964
v 0.588943 9.888755 -0.622036
v 0.622036 9.888755 -0.588943
v 0.002036 11.488755 0.031057
v -0.031057 11.488755 -0.002036
v 0.617964 9.911245 -0.651057
v -0.002036 11.511245 -0.031057
v 0.031057 11.511245 0.002036
v 0.651057 9.911245 -0.617964
v 0.622036 9.888755 0.588943
v 0.588943 9.888755 0.622036
v -0.031057 11.488755 0.002036
v 0.002036 11.488755 -0.031057
v 0.651057 9.911245 0.617964
v 0.031057 11.511245 -0.002036
v -0.002036 11.511245 0.031057
v 0.617964 9.911245 0.651057
v -0.413333 10.415653 -0.395653
v -0.413333 10.415653 -0.431013
v 0.413333 10.415653 -0.431013
v 0.413333 10.415653 -0.395653
v -0.413333 10.451013 -0.395653
v 0.413333 10.451013 -0.395653
v 0.413333 10.451013 -0.431013
v -0.413333 10.451013 -0.431013
v 0.395653 10.415653 -0.413333
v 0.431013 10.415653 -0.413333
v 0.431013 10.415653 0.413333
v 0.395653 10.415653 0.413333
v 0.395653 10.451013 -0.413333
v 0.395653 10.451013 0.413333
v 0.431013 10.451013 0.413333
v 0.431013 10.451013 -0.413333
v 0.413333 10.415653 0.395653
v 0.413333 10.415653 0.431013
v -0.413333 10.415653 0.431013
v -0.413333 10.415653 0.395653
v 0.413333 10.451013 0.395653
v -0.413333 10.451013 0.395653
v -0.413333 10.451013 0.431013
v 0.413333 10.451013 0.431013
v -0.395653 10.415653 0.413333
v -0.431013 10.415653 0.413333
v -0.431013 10.415653 -0.413333
v -0.395653 10.415653 -0.413333
v -0.395653 10.451013 0.413333
v -0.395653 10.451013 -0.413333
v -0.431013 10.451013 -0.413333
v -0.431013 10.451013 0.413333
v -0.206667 10.948987 -0.188987
v -0.206667 10.948987 -0.224347
v 0.206667 10.948987 -0.224347
v 0.206667 10.948987 -0.188987
v -0.206667 10.984347 -0.188987
v 0.206667 10.984347 -0.188987
v 0.206667 10.984347 -0.224347
v -0.206667 10.984347 -0.224347
v 0.188987 10.948987 -0.206667
v 0.224347 10.948987 -0.206667
v 0.224347 10.948987 0.206667
v 0.188987 10.948987 0.206667
v 0.188987 10.984347 -0.206667
v 0.188987 10.984347 0.206667
v 0.224347 10.984347 0.206667
v 0.224347 10.984347 -0.206667
v 0.206667 10.948987 0.188987
v 0.206667 10.948987 0.224347
v -0.206667 10.948987 0.224347
v -0.206667 10.948987 0.188987
v 0.206667 10.984347 0.188987
v -0.206667 10.984347 0.188987
v -0.206667 10.984347 0.224347
v 0.206667 10.984347 0.224347
v -0.188987 10.948987 0.206667
v -0.224347 10.948987 0.206667
v -0.224347 10.948987 -0.206667
v -0.188987 10.948987 -0.206667
v -0.188987 10.984347 0.206667
v -0.188987 10.984347 -0.206667
v -0.224347 10.984347 -0.206667
v -0.224347 10.984347 0.206667
v 0.045000 11.530000 0.000000
v 0.041575 11.530000 0.017221
v 0.041575 11.470000 0.017221
v 0.045000 11.470000 0.000000
v 0.031820 11.530000 0.031820
v 0.031820 11.470000 0.031820
v 0.017221 11.530000 0.041575
v 0.017221 11.470000 0.041575
v 0.000000 11.530000 0.045000
v 0.000000 11.470000 0.045000
v -0.017221 11.530000 0.041575
v -0.017221 11.470000 0.041575
v -0.031820 11.530000 0.031820
v -0.031820 11.470000 0.031820
v -0.041575 11.530000 0.017221
v -0.041575 11.470000 0.017221
v -0.045000 11.530000 0.000000
v -0.045000 11.470000 0.000000
v -0.041575 11.530000 -0.017221
v -0.041575 11.470000 -0.017221
v -0.031820 11.530000 -0.031820
v -0.031820 11.470000 -0.031820
v -0.017221 11.530000 -0.041575
v -0.017221 11.470000 -0.041575
v -0.000000 11.530000 -0.045000
v -0.000000 11.470000 -0.045000
v 0.017221 11.530000 -0.041575
v 0.017221 11.470000 -0.041575
v 0.031820 11.530000 -0.031820
v 0.031820 11.470000 -0.031820
v 0.041575 11.530000 -0.017221
v 0.041575 11.470000 -0.017221
v -2.570800 8.279200 -0.147000
v -2.529200 8.279200 -0.147000
v -2.529200 8.279200 0.147000
v -2.570800 8.279200 0.147000
v -2.570800 8.320800 -0.147000
v -2.570800 8.320800 0.147000
v -2.529200 8.320800 0.147000
v -2.529200 8.320800 -0.147000
v -2.625000 8.270000 -0.075000
v -2.475000 8.270000 -0.075000
v -2.475000 8.270000 0.075000
v -2.625000 8.270000 0.075000
v -2.625000 8.310000 0.075000
v -2.475000 8.310000 0.075000
v -2.475000 8.310000 -0.075000
v -2.625000 8.310000 -0.075000
v -2.498000 8.300000 -0.031920
v -2.501958 8.319900 -0.031920
v -2.520214 8.312338 -0.006080
v -2.517760 8.300000 -0.006080
v -2.513230 8.336770 -0.031920
v -2.527203 8.322797 -0.006080
v -2.530100 8.348042 -0.031920
v -2.537662 8.329786 -0.006080
v -2.550000 8.352000 -0.031920
v -2.550000 8.332240 -0.006080
v -2.569900 8.348042 -0.031920
v -2.562338 8.329786 -0.006080
v -2.586770 8.336770 -0.031920
v -2.572797 8.322797 -0.006080
v -2.598042 8.319900 -0.031920
v -2.579786 8.312338 -0.006080
v -2.602000 8.300000 -0.031920
v -2.582240 8.300000 -0.006080
v -2.598042 8.280100 -0.031920
v -2.579786 8.287662 -0.006080
v -2.586770 8.263230 -0.031920
v -2.572797 8.277203 -0.006080
v -2.569900 8.251958 -0.031920
v -2.562338 8.270214 -0.006080
v -2.550000 8.248000 -0.031920
v -2.550000 8.267760 -0.006080
v -2.530100 8.251958 -0.031920
v -2.537662 8.270214 -0.006080
v -2.513230 8.263230 -0.031920
v -2.527203 8.277203 -0.006080
v -2.501958 8.280100 -0.031920
v -2.520214 8.287662 -0.006080
v -2.534400 8.300000 -0.038000
v -2.535587 8.305970 -0.038000
v -2.535587 8.305970 0.000000
v -2.534400 8.300000 0.000000
v -2.538969 8.311031 -0.038000
v -2.538969 8.311031 0.000000
v -2.544030 8.314413 -0.038000
v -2.544030 8.314413 0.000000
v -2.550000 8.315600 -0.038000
v -2.550000 8.315600 0.000000
v -2.555970 8.314413 -0.038000
v -2.555970 8.314413 0.000000
v -2.561031 8.311031 -0.038000
v -2.561031 8.311031 0.000000
v -2.564413 8.305970 -0.038000
v -2.564413 8.305970 0.000000
v -2.565600 8.300000 -0.038000
v -2.565600 8.300000 0.000000
v -2.564413 8.294030 -0.038000
v -2.564413 8.294030 0.000000
v -2.561031 8.288969 -0.038000
v -2.561031 8.288969 0.000000
v -2.555970 8.285587 -0.038000
v -2.555970 8.285587 0.000000
v -2.550000 8.284400 -0.038000
v -2.550000 8.284400 0.000000
v -2.544030 8.285587 -0.038000
v -2.544030 8.285587 0.000000
v -2.538969 8.288969 -0.038000
v -2.538969 8.288969 0.000000
v -2.535587 8.294030 -0.038000
v -2.535587 8.294030 0.000000
v -2.498000 8.300000 -0.069920
v -2.501958 8.319900 -0.069920
v -2.520214 8.312338 -0.044080
v -2.517760 8.300000 -0.044080
v -2.513230 8.336770 -0.069920
v -2.527203 8.322797 -0.044080
v -2.530100 8.348042 -0.069920
v -2.537662 8.329786 -0.044080
v -2.550000 8.352000 -0.069920
v -2.550000 8.332240 -0.044080
v -2.569900 8.348042 -0.069920
v -2.562338 8.329786 -0.044080
v -2.586770 8.336770 -0.069920
v -2.572797 8.322797 -0.044080
v -2.598042 8.319900 -0.069920
v -2.579786 8.312338 -0.044080
v -2.602000 8.300000 -0.069920
v -2.582240 8.300000 -0.044080
v -2.598042 8.280100 -0.069920
v -2.579786 8.287662 -0.044080
v -2.586770 8.263230 -0.069920
v -2.572797 8.277203 -0.044080
v -2.569900 8.251958 -0.069920
v -2.562338 8.270214 -0.044080
v -2.550000 8.248000 -0.069920
v -2.550000 8.267760 -0.044080
v -2.530100 8.251958 -0.069920
v -2.537662 8.270214 -0.044080
v -2.513230 8.263230 -0.069920
v -2.527203 8.277203 -0.044080
v -2.501958 8.280100 -0.069920
v -2.520214 8.287662 -0.044080
v -2.534400 8.300000 -0.076000
v -2.535587 8.305970 -0.076000
v -2.538969 8.311031 -0.076000
v -2.544030 8.314413 -0.076000
v -2.550000 8.315600 -0.076000
v -2.555970 8.314413 -0.076000
v -2.561031 8.311031 -0.076000
v -2.564413 8.305970 -0.076000
v -2.565600 8.300000 -0.076000
v -2.564413 8.294030 -0.076000
v -2.561031 8.288969 -0.076000
v -2.555970 8.285587 -0.076000
v -2.550000 8.284400 -0.076000
v -2.544030 8.285587 -0.076000
v -2.538969 8.288969 -0.076000
v -2.535587 8.294030 -0.076000
v -2.498000 8.300000 -0.107920
v -2.501958 8.319900 -0.107920
v -2.520214 8.312338 -0.082080
v -2.517760 8.300000 -0.082080
v -2.513230 8.336770 -0.107920
v -2.527203 8.322797 -0.082080
v -2.530100 8.348042 -0.107920
v -2.537662 8.329786 -0.082080
v -2.550000 8.352000 -0.107920
v -2.550000 8.332240 -0.082080
v -2.569900 8.348042 -0.107920
v -2.562338 8.329786 -0.082080
v -2.586770 8.336770 -0.107920
v -2.572797 8.322797 -0.082080
v -2.598042 8.319900 -0.107920
v -2.579786 8.312338 -0.082080
v -2.602000 8.300000 -0.107920
v -2.582240 8.300000 -0.082080
v -2.598042 8.280100 -0.107920
v -2.579786 8.287662 -0.082080
v -2.586770 8.263230 -0.107920
v -2.572797 8.277203 -0.082080
v -2.569900 8.251958 -0.107920
v -2.562338 8.270214 -0.082080
v -2.550000 8.248000 -0.107920
v -2.550000 8.267760 -0.082080
v -2.530100 8.251958 -0.107920
v -2.537662 8.270214 -0.082080
v -2.513230 8.263230 -0.107920
v -2.527203 8.277203 -0.082080
v -2.501958 8.280100 -0.107920
v -2.520214 8.287662 -0.082080
v -2.534400 8.300000 -0.114000
v -2.535587 8.305970 -0.114000
v -2.538969 8.311031 -0.114000
v -2.544030 8.314413 -0.114000
v -2.550000 8.315600 -0.114000
v -2.555970 8.314413 -0.114000
v -2.561031 8.311031 -0.114000
v -2.564413 8.305970 -0.114000
v -2.565600 8.300000 -0.114000
v -2.564413 8.294030 -0.114000
v -2.561031 8.288969 -0.114000
v -2.555970 8.285587 -0.114000
v -2.550000 8.284400 -0.114000
v -2.544030 8.285587 -0.114000
v -2.538969 8.288969 -0.114000
v -2.535587 8.294030 -0.114000
v -2.498000 8.300000 -0.145920
v -2.501958 8.319900 -0.145920
v -2.520214 8.312338 -0.120080
v -2.517760 8.300000 -0.120080
v -2.513230 8.336770 -0.145920
v -2.527203 8.322797 -0.120080
v -2.530100 8.348042 -0.145920
v -2.537662 8.329786 -0.120080
v -2.550000 8.352000 -0.145920
v -2.550000 8.332240 -0.120080
v -2.569900 8.348042 -0.145920
v -2.562338 8.329786 -0.120080
v -2.586770 8.336770 -0.145920
v -2.572797 8.322797 -0.120080
v -2.598042 8.319900 -0.145920
v -2.579786 8.312338 -0.120080
v -2.602000 8.300000 -0.145920
v -2.582240 8.300000 -0.120080
v -2.598042 8.280100 -0.145920
v -2.579786 8.287662 -0.120080
v -2.586770 8.263230 -0.145920
v -2.572797 8.277203 -0.120080
v -2.569900 8.251958 -0.145920
v -2.562338 8.270214 -0.120080
v -2.550000 8.248000 -0.145920
v -2.550000 8.267760 -0.120080
v -2.530100 8.251958 -0.145920
v -2.537662 8.270214 -0.120080
v -2.513230 8.263230 -0.145920
v -2.527203 8.277203 -0.120080
v -2.501958 8.280100 -0.145920
v -2.520214 8.287662 -0.120080
v -2.534400 8.300000 -0.152000
v -2.535587 8.305970 -0.152000
v -2.538969 8.311031 -0.152000
v -2.544030 8.314413 -0.152000
v -2.550000 8.315600 -0.152000
v -2.555970 8.314413 -0.152000
v -2.561031 8.311031 -0.152000
v -2.564413 8.305970 -0.152000
v -2.565600 8.300000 -0.152000
v -2.564413 8.294030 -0.152000
v -2.561031 8.288969 -0.152000
v -2.555970 8.285587 -0.152000
v -2.550000 8.284400 -0.152000
v -2.544030 8.285587 -0.152000
v -2.538969 8.288969 -0.152000
v -2.535587 8.294030 -0.152000
v -2.498000 8.300000 -0.183920
v -2.501958 8.319900 -0.183920
v -2.520214 8.312338 -0.158080
v -2.517760 8.300000 -0.158080
v -2.513230 8.336770 -0.183920
v -2.527203 8.322797 -0.158080
v -2.530100 8.348042 -0.183920
v -2.537662 8.329786 -0.158080
v -2.550000 8.352000 -0.183920
v -2.550000 8.332240 -0.158080
v -2.569900 8.348042 -0.183920
v -2.562338 8.329786 -0.158080
v -2.586770 8.336770 -0.183920
v -2.572797 8.322797 -0.158080
v -2.598042 8.319900 -0.183920
v -2.579786 8.312338 -0.158080
v -2.602000 8.300000 -0.183920
v -2.582240 8.300000 -0.158080
v -2.598042 8.280100 -0.183920
v -2.579786 8.287662 -0.158080
v -2.586770 8.263230 -0.183920
v -2.572797 8.277203 -0.158080
v -2.569900 8.251958 -0.183920
v -2.562338 8.270214 -0.158080
v -2.550000 8.248000 -0.183920
v -2.550000 8.267760 -0.158080
v -2.530100 8.251958 -0.183920
v -2.537662 8.270214 -0.158080
v -2.513230 8.263230 -0.183920
v -2.527203 8.277203 -0.158080
v -2.501958 8.280100 -0.183920
v -2.520214 8.287662 -0.158080
v -2.534400 8.300000 -0.190000
v -2.535587 8.305970 -0.190000
v -2.538969 8.311031 -0.190000
v -2.544030 8.314413 -0.190000
v -2.550000 8.315600 -0.190000
v -2.555970 8.314413 -0.190000
v -2.561031 8.311031 -0.190000
v -2.564413 8.305970 -0.190000
v -2.565600 8.300000 -0.190000
v -2.564413 8.294030 -0.190000
v -2.561031 8.288969 -0.190000
v -2.555970 8.285587 -0.190000
v -2.550000 8.284400 -0.190000
v -2.544030 8.285587 -0.190000
v -2.538969 8.288969 -0.190000
v -2.535587 8.294030 -0.190000
v -2.498000 8.300000 -0.221920
v -2.501958 8.319900 -0.221920
v -2.520214 8.312338 -0.196080
v -2.517760 8.300000 -0.196080
v -2.513230 8.336770 -0.221920
v -2.527203 8.322797 -0.196080
v -2.530100 8.348042 -0.221920
v -2.537662 8.329786 -0.196080
v -2.550000 8.352000 -0.221920
v -2.550000 8.332240 -0.196080
v -2.569900 8.348042 -0.221920
v -2.562338 8.329786 -0.196080
v -2.586770 8.336770 -0.221920
v -2.572797 8.322797 -0.196080
v -2.598042 8.319900 -0.221920
v -2.579786 8.312338 -0.196080
v -2.602000 8.300000 -0.221920
v -2.582240 8.300000 -0.196080
v -2.598042 8.280100 -0.221920
v -2.579786 8.287662 -0.196080
v -2.586770 8.263230 -0.221920
v -2.572797 8.277203 -0.196080
v -2.569900 8.251958 -0.221920
v -2.562338 8.270214 -0.196080
v -2.550000 8.248000 -0.221920
v -2.550000 8.267760 -0.196080
v -2.530100 8.251958 -0.221920
v -2.537662 8.270214 -0.196080
v -2.513230 8.263230 -0.221920
v -2.527203 8.277203 -0.196080
v -2.501958 8.280100 -0.221920
v -2.520214 8.287662 -0.196080
v -2.534400 8.300000 -0.228000
v -2.535587 8.305970 -0.228000
v -2.538969 8.311031 -0.228000
v -2.544030 8.314413 -0.228000
v -2.550000 8.315600 -0.228000
v -2.555970 8.314413 -0.228000
v -2.561031 8.311031 -0.228000
v -2.564413 8.305970 -0.228000
v -2.565600 8.300000 -0.228000
v -2.564413 8.294030 -0.228000
v -2.561031 8.288969 -0.228000
v -2.555970 8.285587 -0.228000
v -2.550000 8.284400 -0.228000
v -2.544030 8.285587 -0.228000
v -2.538969 8.288969 -0.228000
v -2.535587 8.294030 -0.228000
v -2.498000 8.300000 -0.259920
v -2.501958 8.319900 -0.259920
v -2.520214 8.312338 -0.234080
v -2.517760 8.300000 -0.234080
v -2.513230 8.336770 -0.259920
v -2.527203 8.322797 -0.234080
v -2.530100 8.348042 -0.259920
v -2.537662 8.329786 -0.234080
v -2.550000 8.352000 -0.259920
v -2.550000 8.332240 -0.234080
v -2.569900 8.348042 -0.259920
v -2.562338 8.329786 -0.234080
v -2.586770 8.336770 -0.259920
v -2.572797 8.322797 -0.234080
v -2.598042 8.319900 -0.259920
v -2.579786 8.312338 -0.234080
v -2.602000 8.300000 -0.259920
v -2.582240 8.300000 -0.234080
v -2.598042 8.280100 -0.259920
v -2.579786 8.287662 -0.234080
v -2.586770 8.263230 -0.259920
v -2.572797 8.277203 -0.234080
v -2.569900 8.251958 -0.259920
v -2.562338 8.270214 -0.234080
v -2.550000 8.248000 -0.259920
v -2.550000 8.267760 -0.234080
v -2.530100 8.251958 -0.259920
v -2.537662 8.270214 -0.234080
v -2.513230 8.263230 -0.259920
v -2.527203 8.277203 -0.234080
v -2.501958 8.280100 -0.259920
v -2.520214 8.287662 -0.234080
v -2.534400 8.300000 -0.266000
v -2.535587 8.305970 -0.266000
v -2.538969 8.311031 -0.266000
v -2.544030 8.314413 -0.266000
v -2.550000 8.315600 -0.266000
v -2.555970 8.314413 -0.266000
v -2.561031 8.311031 -0.266000
v -2.564413 8.305970 -0.266000
v -2.565600 8.300000 -0.266000
v -2.564413 8.294030 -0.266000
v -2.561031 8.288969 -0.266000
v -2.555970 8.285587 -0.266000
v -2.550000 8.284400 -0.266000
v -2.544030 8.285587 -0.266000
v -2.538969 8.288969 -0.266000
v -2.535587 8.294030 -0.266000
v -2.498000 8.300000 -0.297920
v -2.501958 8.319900 -0.297920
v -2.520214 8.312338 -0.272080
v -2.517760 8.300000 -0.272080
v -2.513230 8.336770 -0.297920
v -2.527203 8.322797 -0.272080
v -2.530100 8.348042 -0.297920
v -2.537662 8.329786 -0.272080
v -2.550000 8.352000 -0.297920
v -2.550000 8.332240 -0.272080
v -2.569900 8.348042 -0.297920
v -2.562338 8.329786 -0.272080
v -2.586770 8.336770 -0.297920
v -2.572797 8.322797 -0.272080
v -2.598042 8.319900 -0.297920
v -2.579786 8.312338 -0.272080
v -2.602000 8.300000 -0.297920
v -2.582240 8.300000 -0.272080
v -2.598042 8.280100 -0.297920
v -2.579786 8.287662 -0.272080
v -2.586770 8.263230 -0.297920
v -2.572797 8.277203 -0.272080
v -2.569900 8.251958 -0.297920
v -2.562338 8.270214 -0.272080
v -2.550000 8.248000 -0.297920
v -2.550000 8.267760 -0.272080
v -2.530100 8.251958 -0.297920
v -2.537662 8.270214 -0.272080
v -2.513230 8.263230 -0.297920
v -2.527203 8.277203 -0.272080
v -2.501958 8.280100 -0.297920
v -2.520214 8.287662 -0.272080
v -2.534400 8.300000 -0.304000
v -2.535587 8.305970 -0.304000
v -2.538969 8.311031 -0.304000
v -2.544030 8.314413 -0.304000
v -2.550000 8.315600 -0.304000
v -2.555970 8.314413 -0.304000
v -2.561031 8.311031 -0.304000
v -2.564413 8.305970 -0.304000
v -2.565600 8.300000 -0.304000
v -2.564413 8.294030 -0.304000
v -2.561031 8.288969 -0.304000
v -2.555970 8.285587 -0.304000
v -2.550000 8.284400 -0.304000
v -2.544030 8.285587 -0.304000
v -2.538969 8.288969 -0.304000
v -2.535587 8.294030 -0.304000
v -2.498000 8.300000 -0.335920
v -2.501958 8.319900 -0.335920
v -2.520214 8.312338 -0.310080
v -2.517760 8.300000 -0.310080
v -2.513230 8.336770 -0.335920
v -2.527203 8.322797 -0.310080
v -2.530100 8.348042 -0.335920
v -2.537662 8.329786 -0.310080
v -2.550000 8.352000 -0.335920
v -2.550000 8.332240 -0.310080
v -2.569900 8.348042 -0.335920
v -2.562338 8.329786 -0.310080
v -2.586770 8.336770 -0.335920
v -2.572797 8.322797 -0.310080
v -2.598042 8.319900 -0.335920
v -2.579786 8.312338 -0.310080
v -2.602000 8.300000 -0.335920
v -2.582240 8.300000 -0.310080
v -2.598042 8.280100 -0.335920
v -2.579786 8.287662 -0.310080
v -2.586770 8.263230 -0.335920
v -2.572797 8.277203 -0.310080
v -2.569900 8.251958 -0.335920
v -2.562338 8.270214 -0.310080
v -2.550000 8.248000 -0.335920
v -2.550000 8.267760 -0.310080
v -2.530100 8.251958 -0.335920
v -2.537662 8.270214 -0.310080
v -2.513230 8.263230 -0.335920
v -2.527203 8.277203 -0.310080
v -2.501958 8.280100 -0.335920
v -2.520214 8.287662 -0.310080
v -2.534400 8.300000 -0.342000
v -2.535587 8.305970 -0.342000
v -2.538969 8.311031 -0.342000
v -2.544030 8.314413 -0.342000
v -2.550000 8.315600 -0.342000
v -2.555970 8.314413 -0.342000
v -2.561031 8.311031 -0.342000
v -2.564413 8.305970 -0.342000
v -2.565600 8.300000 -0.342000
v -2.564413 8.294030 -0.342000
v -2.561031 8.288969 -0.342000
v -2.555970 8.285587 -0.342000
v -2.550000 8.284400 -0.342000
v -2.544030 8.285587 -0.342000
v -2.538969 8.288969 -0.342000
v -2.535587 8.294030 -0.342000
v -2.498000 8.300000 -0.373920
v -2.501958 8.319900 -0.373920
v -2.520214 8.312338 -0.348080
v -2.517760 8.300000 -0.348080
v -2.513230 8.336770 -0.373920
v -2.527203 8.322797 -0.348080
v -2.530100 8.348042 -0.373920
v -2.537662 8.329786 -0.348080
v -2.550000 8.352000 -0.373920
v -2.550000 8.332240 -0.348080
v -2.569900 8.348042 -0.373920
v -2.562338 8.329786 -0.348080
v -2.586770 8.336770 -0.373920
v -2.572797 8.322797 -0.348080
v -2.598042 8.319900 -0.373920
v -2.579786 8.312338 -0.348080
v -2.602000 8.300000 -0.373920
v -2.582240 8.300000 -0.348080
v -2.598042 8.280100 -0.373920
v -2.579786 8.287662 -0.348080
v -2.586770 8.263230 -0.373920
v -2.572797 8.277203 -0.348080
v -2.569900 8.251958 -0.373920
v -2.562338 8.270214 -0.348080
v -2.550000 8.248000 -0.373920
v -2.550000 8.267760 -0.348080
v -2.530100 8.251958 -0.373920
v -2.537662 8.270214 -0.348080
v -2.513230 8.263230 -0.373920
v -2.527203 8.277203 -0.348080
v -2.501958 8.280100 -0.373920
v -2.520214 8.287662 -0.348080
v -2.534400 8.300000 -0.380000
v -2.535587 8.305970 -0.380000
v -2.538969 8.311031 -0.380000
v -2.544030 8.314413 -0.380000
v -2.550000 8.315600 -0.380000
v -2.555970 8.314413 -0.380000
v -2.561031 8.311031 -0.380000
v -2.564413 8.305970 -0.380000
v -2.565600 8.300000 -0.380000
v -2.564413 8.294030 -0.380000
v -2.561031 8.288969 -0.380000
v -2.555970 8.285587 -0.380000
v -2.550000 8.284400 -0.380000
v -2.544030 8.285587 -0.380000
v -2.538969 8.288969 -0.380000
v -2.535587 8.294030 -0.380000
v -2.498000 8.300000 -0.411920
v -2.501958 8.319900 -0.411920
v -2.520214 8.312338 -0.386080
v -2.517760 8.300000 -0.386080
v -2.513230 8.336770 -0.411920
v -2.527203 8.322797 -0.386080
v -2.530100 8.348042 -0.411920
v -2.537662 8.329786 -0.386080
v -2.550000 8.352000 -0.411920
v -2.550000 8.332240 -0.386080
v -2.569900 8.348042 -0.411920
v -2.562338 8.329786 -0.386080
v -2.586770 8.336770 -0.411920
v -2.572797 8.322797 -0.386080
v -2.598042 8.319900 -0.411920
v -2.579786 8.312338 -0.386080
v -2.602000 8.300000 -0.411920
v -2.582240 8.300000 -0.386080
v -2.598042 8.280100 -0.411920
v -2.579786 8.287662 -0.386080
v -2.586770 8.263230 -0.411920
v -2.572797 8.277203 -0.386080
v -2.569900 8.251958 -0.411920
v -2.562338 8.270214 -0.386080
v -2.550000 8.248000 -0.411920
v -2.550000 8.267760 -0.386080
v -2.530100 8.251958 -0.411920
v -2.537662 8.270214 -0.386080
v -2.513230 8.263230 -0.411920
v -2.527203 8.277203 -0.386080
v -2.501958 8.280100 -0.411920
v -2.520214 8.287662 -0.386080
v -2.534400 8.300000 -0.418000
v -2.535587 8.305970 -0.418000
v -2.538969 8.311031 -0.418000
v -2.544030 8.314413 -0.418000
v -2.550000 8.315600 -0.418000
v -2.555970 8.314413 -0.418000
v -2.561031 8.311031 -0.418000
v -2.564413 8.305970 -0.418000
v -2.565600 8.300000 -0.418000
v -2.564413 8.294030 -0.418000
v -2.561031 8.288969 -0.418000
v -2.555970 8.285587 -0.418000
v -2.550000 8.284400 -0.418000
v -2.544030 8.285587 -0.418000
v -2.538969 8.288969 -0.418000
v -2.535587 8.294030 -0.418000
v -2.498000 8.300000 -0.449920
v -2.501958 8.319900 -0.449920
v -2.520214 8.312338 -0.424080
v -2.517760 8.300000 -0.424080
v -2.513230 8.336770 -0.449920
v -2.527203 8.322797 -0.424080
v -2.530100 8.348042 -0.449920
v -2.537662 8.329786 -0.424080
v -2.550000 8.352000 -0.449920
v -2.550000 8.332240 -0.424080
v -2.569900 8.348042 -0.449920
v -2.562338 8.329786 -0.424080
v -2.586770 8.336770 -0.449920
v -2.572797 8.322797 -0.424080
v -2.598042 8.319900 -0.449920
v -2.579786 8.312338 -0.424080
v -2.602000 8.300000 -0.449920
v -2.582240 8.300000 -0.424080
v -2.598042 8.280100 -0.449920
v -2.579786 8.287662 -0.424080
v -2.586770 8.263230 -0.449920
v -2.572797 8.277203 -0.424080
v -2.569900 8.251958 -0.449920
v -2.562338 8.270214 -0.424080
v -2.550000 8.248000 -0.449920
v -2.550000 8.267760 -0.424080
v -2.530100 8.251958 -0.449920
v -2.537662 8.270214 -0.424080
v -2.513230 8.263230 -0.449920
v -2.527203 8.277203 -0.424080
v -2.501958 8.280100 -0.449920
v -2.520214 8.287662 -0.424080
v -2.534400 8.300000 -0.456000
v -2.535587 8.305970 -0.456000
v -2.538969 8.311031 -0.456000
v -2.544030 8.314413 -0.456000
v -2.550000 8.315600 -0.456000
v -2.555970 8.314413 -0.456000
v -2.561031 8.311031 -0.456000
v -2.564413 8.305970 -0.456000
v -2.565600 8.300000 -0.456000
v -2.564413 8.294030 -0.456000
v -2.561031 8.288969 -0.456000
v -2.555970 8.285587 -0.456000
v -2.550000 8.284400 -0.456000
v -2.544030 8.285587 -0.456000
v -2.538969 8.288969 -0.456000
v -2.535587 8.294030 -0.456000
v -2.498000 8.300000 -0.487920
v -2.501958 8.319900 -0.487920
v -2.520214 8.312338 -0.462080
v -2.517760 8.300000 -0.462080
v -2.513230 8.336770 -0.487920
v -2.527203 8.322797 -0.462080
v -2.530100 8.348042 -0.487920
v -2.537662 8.329786 -0.462080
v -2.550000 8.352000 -0.487920
v -2.550000 8.332240 -0.462080
v -2.569900 8.348042 -0.487920
v -2.562338 8.329786 -0.462080
v -2.586770 8.336770 -0.487920
v -2.572797 8.322797 -0.462080
v -2.598042 8.319900 -0.487920
v -2.579786 8.312338 -0.462080
v -2.602000 8.300000 -0.487920
v -2.582240 8.300000 -0.462080
v -2.598042 8.280100 -0.487920
v -2.579786 8.287662 -0.462080
v -2.586770 8.263230 -0.487920
v -2.572797 8.277203 -0.462080
v -2.569900 8.251958 -0.487920
v -2.562338 8.270214 -0.462080
v -2.550000 8.248000 -0.487920
v -2.550000 8.267760 -0.462080
v -2.530100 8.251958 -0.487920
v -2.537662 8.270214 -0.462080
v -2.513230 8.263230 -0.487920
v -2.527203 8.277203 -0.462080
v -2.501958 8.280100 -0.487920
v -2.520214 8.287662 -0.462080
v -2.534400 8.300000 -0.494000
v -2.535587 8.305970 -0.494000
v -2.538969 8.311031 -0.494000
v -2.544030 8.314413 -0.494000
v -2.550000 8.315600 -0.494000
v -2.555970 8.314413 -0.494000
v -2.561031 8.311031 -0.494000
v -2.564413 8.305970 -0.494000
v -2.565600 8.300000 -0.494000
v -2.564413 8.294030 -0.494000
v -2.561031 8.288969 -0.494000
v -2.555970 8.285587 -0.494000
v -2.550000 8.284400 -0.494000
v -2.544030 8.285587 -0.494000
v -2.538969 8.288969 -0.494000
v -2.535587 8.294030 -0.494000
v -2.498000 8.300000 -0.525920
v -2.501958 8.319900 -0.525920
v -2.520214 8.312338 -0.500080
v -2.517760 8.300000 -0.500080
v -2.513230 8.336770 -0.525920
v -2.527203 8.322797 -0.500080
v -2.530100 8.348042 -0.525920
v -2.537662 8.329786 -0.500080
v -2.550000 8.352000 -0.525920
v -2.550000 8.332240 -0.500080
v -2.569900 8.348042 -0.525920
v -2.562338 8.329786 -0.500080
v -2.586770 8.336770 -0.525920
v -2.572797 8.322797 -0.500080
v -2.598042 8.319900 -0.525920
v -2.579786 8.312338 -0.500080
v -2.602000 8.300000 -0.525920
v -2.582240 8.300000 -0.500080
v -2.598042 8.280100 -0.525920
v -2.579786 8.287662 -0.500080
v -2.586770 8.263230 -0.525920
v -2.572797 8.277203 -0.500080
v -2.569900 8.251958 -0.525920
v -2.562338 8.270214 -0.500080
v -2.550000 8.248000 -0.525920
v -2.550000 8.267760 -0.500080
v -2.530100 8.251958 -0.525920
v -2.537662 8.270214 -0.500080
v -2.513230 8.263230 -0.525920
v -2.527203 8.277203 -0.500080
v -2.501958 8.280100 -0.525920
v -2.520214 8.287662 -0.500080
v -2.534400 8.300000 -0.532000
v -2.535587 8.305970 -0.532000
v -2.538969 8.311031 -0.532000
v -2.544030 8.314413 -0.532000
v -2.550000 8.315600 -0.532000
v -2.555970 8.314413 -0.532000
v -2.561031 8.311031 -0.532000
v -2.564413 8.305970 -0.532000
v -2.565600 8.300000 -0.532000
v -2.564413 8.294030 -0.532000
v -2.561031 8.288969 -0.532000
v -2.555970 8.285587 -0.532000
v -2.550000 8.284400 -0.532000
v -2.544030 8.285587 -0.532000
v -2.538969 8.288969 -0.532000
v -2.535587 8.294030 -0.532000
v -2.498000 8.300000 -0.563920
v -2.501958 8.319900 -0.563920
v -2.520214 8.312338 -0.538080
v -2.517760 8.300000 -0.538080
v -2.513230 8.336770 -0.563920
v -2.527203 8.322797 -0.538080
v -2.530100 8.348042 -0.563920
v -2.537662 8.329786 -0.538080
v -2.550000 8.352000 -0.563920
v -2.550000 8.332240 -0.538080
v -2.569900 8.348042 -0.563920
v -2.562338 8.329786 -0.538080
v -2.586770 8.336770 -0.563920
v -2.572797 8.322797 -0.538080
v -2.598042 8.319900 -0.563920
v -2.579786 8.312338 -0.538080
v -2.602000 8.300000 -0.563920
v -2.582240 8.300000 -0.538080
v -2.598042 8.280100 -0.563920
v -2.579786 8.287662 -0.538080
v -2.586770 8.263230 -0.563920
v -2.572797 8.277203 -0.538080
v -2.569900 8.251958 -0.563920
v -2.562338 8.270214 -0.538080
v -2.550000 8.248000 -0.563920
v -2.550000 8.267760 -0.538080
v -2.530100 8.251958 -0.563920
v -2.537662 8.270214 -0.538080
v -2.513230 8.263230 -0.563920
v -2.527203 8.277203 -0.538080
v -2.501958 8.280100 -0.563920
v -2.520214 8.287662 -0.538080
v -2.534400 8.300000 -0.570000
v -2.535587 8.305970 -0.570000
v -2.538969 8.311031 -0.570000
v -2.544030 8.314413 -0.570000
v -2.550000 8.315600 -0.570000
v -2.555970 8.314413 -0.570000
v -2.561031 8.311031 -0.570000
v -2.564413 8.305970 -0.570000
v -2.565600 8.300000 -0.570000
v -2.564413 8.294030 -0.570000
v -2.561031 8.288969 -0.570000
v -2.555970 8.285587 -0.570000
v -2.550000 8.284400 -0.570000
v -2.544030 8.285587 -0.570000
v -2.538969 8.288969 -0.570000
v -2.535587 8.294030 -0.570000
v -2.498000 8.300000 -0.601920
v -2.501958 8.319900 -0.601920
v -2.520214 8.312338 -0.576080
v -2.517760 8.300000 -0.576080
v -2.513230 8.336770 -0.601920
v -2.527203 8.322797 -0.576080
v -2.530100 8.348042 -0.601920
v -2.537662 8.329786 -0.576080
v -2.550000 8.352000 -0.601920
v -2.550000 8.332240 -0.576080
v -2.569900 8.348042 -0.601920
v -2.562338 8.329786 -0.576080
v -2.586770 8.336770 -0.601920
v -2.572797 8.322797 -0.576080
v -2.598042 8.319900 -0.601920
v -2.579786 8.312338 -0.576080
v -2.602000 8.300000 -0.601920
v -2.582240 8.300000 -0.576080
v -2.598042 8.280100 -0.601920
v -2.579786 8.287662 -0.576080
v -2.586770 8.263230 -0.601920
v -2.572797 8.277203 -0.576080
v -2.569900 8.251958 -0.601920
v -2.562338 8.270214 -0.576080
v -2.550000 8.248000 -0.601920
v -2.550000 8.267760 -0.576080
v -2.530100 8.251958 -0.601920
v -2.537662 8.270214 -0.576080
v -2.513230 8.263230 -0.601920
v -2.527203 8.277203 -0.576080
v -2.501958 8.280100 -0.601920
v -2.520214 8.287662 -0.576080
v -2.534400 8.300000 -0.608000
v -2.535587 8.305970 -0.608000
v -2.538969 8.311031 -0.608000
v -2.544030 8.314413 -0.608000
v -2.550000 8.315600 -0.608000
v -2.555970 8.314413 -0.608000
v -2.561031 8.311031 -0.608000
v -2.564413 8.305970 -0.608000
v -2.565600 8.300000 -0.608000
v -2.564413 8.294030 -0.608000
v -2.561031 8.288969 -0.608000
v -2.555970 8.285587 -0.608000
v -2.550000 8.284400 -0.608000
v -2.544030 8.285587 -0.608000
v -2.538969 8.288969 -0.608000
v -2.535587 8.294030 -0.608000
v -2.498000 8.300000 -0.639920
v -2.501958 8.319900 -0.639920
v -2.520214 8.312338 -0.614080
v -2.517760 8.300000 -0.614080
v -2.513230 8.336770 -0.639920
v -2.527203 8.322797 -0.614080
v -2.530100 8.348042 -0.639920
v -2.537662 8.329786 -0.614080
v -2.550000 8.352000 -0.639920
v -2.550000 8.332240 -0.614080
v -2.569900 8.348042 -0.639920
v -2.562338 8.329786 -0.614080
v -2.586770 8.336770 -0.639920
v -2.572797 8.322797 -0.614080
v -2.598042 8.319900 -0.639920
v -2.579786 8.312338 -0.614080
v -2.602000 8.300000 -0.639920
v -2.582240 8.300000 -0.614080
v -2.598042 8.280100 -0.639920
v -2.579786 8.287662 -0.614080
v -2.586770 8.263230 -0.639920
v -2.572797 8.277203 -0.614080
v -2.569900 8.251958 -0.639920
v -2.562338 8.270214 -0.614080
v -2.550000 8.248000 -0.639920
v -2.550000 8.267760 -0.614080
v -2.530100 8.251958 -0.639920
v -2.537662 8.270214 -0.614080
v -2.513230 8.263230 -0.639920
v -2.527203 8.277203 -0.614080
v -2.501958 8.280100 -0.639920
v -2.520214 8.287662 -0.614080
v -2.534400 8.300000 -0.646000
v -2.535587 8.305970 -0.646000
v -2.538969 8.311031 -0.646000
v -2.544030 8.314413 -0.646000
v -2.550000 8.315600 -0.646000
v -2.555970 8.314413 -0.646000
v -2.561031 8.311031 -0.646000
v -2.564413 8.305970 -0.646000
v -2.565600 8.300000 -0.646000
v -2.564413 8.294030 -0.646000
v -2.561031 8.288969 -0.646000
v -2.555970 8.285587 -0.646000
v -2.550000 8.284400 -0.646000
v -2.544030 8.285587 -0.646000
v -2.538969 8.288969 -0.646000
v -2.535587 8.294030 -0.646000
v -2.498000 8.300000 -0.677920
v -2.501958 8.319900 -0.677920
v -2.520214 8.312338 -0.652080
v -2.517760 8.300000 -0.652080
v -2.513230 8.336770 -0.677920
v -2.527203 8.322797 -0.652080
v -2.530100 8.348042 -0.677920
v -2.537662 8.329786 -0.652080
v -2.550000 8.352000 -0.677920
v -2.550000 8.332240 -0.652080
v -2.569900 8.348042 -0.677920
v -2.562338 8.329786 -0.652080
v -2.586770 8.336770 -0.677920
v -2.572797 8.322797 -0.652080
v -2.598042 8.319900 -0.677920
v -2.579786 8.312338 -0.652080
v -2.602000 8.300000 -0.677920
v -2.582240 8.300000 -0.652080
v -2.598042 8.280100 -0.677920
v -2.579786 8.287662 -0.652080
v -2.586770 8.263230 -0.677920
v -2.572797 8.277203 -0.652080
v -2.569900 8.251958 -0.677920
v -2.562338 8.270214 -0.652080
v -2.550000 8.248000 -0.677920
v -2.550000 8.267760 -0.652080
v -2.530100 8.251958 -0.677920
v -2.537662 8.270214 -0.652080
v -2.513230 8.263230 -0.677920
v -2.527203 8.277203 -0.652080
v -2.501958 8.280100 -0.677920
v -2.520214 8.287662 -0.652080
v -2.534400 8.300000 -0.684000
v -2.535587 8.305970 -0.684000
v -2.538969 8.311031 -0.684000
v -2.544030 8.314413 -0.684000
v -2.550000 8.315600 -0.684000
v -2.555970 8.314413 -0.684000
v -2.561031 8.311031 -0.684000
v -2.564413 8.305970 -0.684000
v -2.565600 8.300000 -0.684000
v -2.564413 8.294030 -0.684000
v -2.561031 8.288969 -0.684000
v -2.555970 8.285587 -0.684000
v -2.550000 8.284400 -0.684000
v -2.544030 8.285587 -0.684000
v -2.538969 8.288969 -0.684000
v -2.535587 8.294030 -0.684000
v -2.605000 8.265000 -0.769000
v -2.495000 8.265000 -0.769000
v -2.495000 8.265000 -0.699000
v -2.605000 8.265000 -0.699000
v -2.605000 8.335000 -0.699000
v -2.495000 8.335000 -0.699000
v -2.495000 8.335000 -0.769000
v -2.605000 8.335000 -0.769000
v -2.498000 8.300000 0.006080
v -2.501958 8.319900 0.006080
v -2.520214 8.312338 0.031920
v -2.517760 8.300000 0.031920
v -2.513230 8.336770 0.006080
v -2.527203 8.322797 0.031920
v -2.530100 8.348042 0.006080
v -2.537662 8.329786 0.031920
v -2.550000 8.352000 0.006080
v -2.550000 8.332240 0.031920
v -2.569900 8.348042 0.006080
v -2.562338 8.329786 0.031920
v -2.586770 8.336770 0.006080
v -2.572797 8.322797 0.031920
v -2.598042 8.319900 0.006080
v -2.579786 8.312338 0.031920
v -2.602000 8.300000 0.006080
v -2.582240 8.300000 0.031920
v -2.598042 8.280100 0.006080
v -2.579786 8.287662 0.031920
v -2.586770 8.263230 0.006080
v -2.572797 8.277203 0.031920
v -2.569900 8.251958 0.006080
v -2.562338 8.270214 0.031920
v -2.550000 8.248000 0.006080
v -2.550000 8.267760 0.031920
v -2.530100 8.251958 0.006080
v -2.537662 8.270214 0.031920
v -2.513230 8.263230 0.006080
v -2.527203 8.277203 0.031920
v -2.501958 8.280100 0.006080
v -2.520214 8.287662 0.031920
v -2.535587 8.305970 0.038000
v -2.534400 8.300000 0.038000
v -2.538969 8.311031 0.038000
v -2.544030 8.314413 0.038000
v -2.550000 8.315600 0.038000
v -2.555970 8.314413 0.038000
v -2.561031 8.311031 0.038000
v -2.564413 8.305970 0.038000
v -2.565600 8.300000 0.038000
v -2.564413 8.294030 0.038000
v -2.561031 8.288969 0.038000
v -2.555970 8.285587 0.038000
v -2.550000 8.284400 0.038000
v -2.544030 8.285587 0.038000
v -2.538969 8.288969 0.038000
v -2.535587 8.294030 0.038000
v -2.498000 8.300000 0.044080
v -2.501958 8.319900 0.044080
v -2.520214 8.312338 0.069920
v -2.517760 8.300000 0.069920
v -2.513230 8.336770 0.044080
v -2.527203 8.322797 0.069920
v -2.530100 8.348042 0.044080
v -2.537662 8.329786 0.069920
v -2.550000 8.352000 0.044080
v -2.550000 8.332240 0.069920
v -2.569900 8.348042 0.044080
v -2.562338 8.329786 0.069920
v -2.586770 8.336770 0.044080
v -2.572797 8.322797 0.069920
v -2.598042 8.319900 0.044080
v -2.579786 8.312338 0.069920
v -2.602000 8.300000 0.044080
v -2.582240 8.300000 0.069920
v -2.598042 8.280100 0.044080
v -2.579786 8.287662 0.069920
v -2.586770 8.263230 0.044080
v -2.572797 8.277203 0.069920
v -2.569900 8.251958 0.044080
v -2.562338 8.270214 0.069920
v -2.550000 8.248000 0.044080
v -2.550000 8.267760 0.069920
v -2.530100 8.251958 0.044080
v -2.537662 8.270214 0.069920
v -2.513230 8.263230 0.044080
v -2.527203 8.277203 0.069920
v -2.501958 8.280100 0.044080
v -2.520214 8.287662 0.069920
v -2.535587 8.305970 0.076000
v -2.534400 8.300000 0.076000
v -2.538969 8.311031 0.076000
v -2.544030 8.314413 0.076000
v -2.550000 8.315600 0.076000
v -2.555970 8.314413 0.076000
v -2.561031 8.311031 0.076000
v -2.564413 8.305970 0.076000
v -2.565600 8.300000 0.076000
v -2.564413 8.294030 0.076000
v -2.561031 8.288969 0.076000
v -2.555970 8.285587 0.076000
v -2.550000 8.284400 0.076000
v -2.544030 8.285587 0.076000
v -2.538969 8.288969 0.076000
v -2.535587 8.294030 0.076000
v -2.498000 8.300000 0.082080
v -2.501958 8.319900 0.082080
v -2.520214 8.312338 0.107920
v -2.517760 8.300000 0.107920
v -2.513230 8.336770 0.082080
v -2.527203 8.322797 0.107920
v -2.530100 8.348042 0.082080
v -2.537662 8.329786 0.107920
v -2.550000 8.352000 0.082080
v -2.550000 8.332240 0.107920
v -2.569900 8.348042 0.082080
v -2.562338 8.329786 0.107920
v -2.586770 8.336770 0.082080
v -2.572797 8.322797 0.107920
v -2.598042 8.319900 0.082080
v -2.579786 8.312338 0.107920
v -2.602000 8.300000 0.082080
v -2.582240 8.300000 0.107920
v -2.598042 8.280100 0.082080
v -2.579786 8.287662 0.107920
v -2.586770 8.263230 0.082080
v -2.572797 8.277203 0.107920
v -2.569900 8.251958 0.082080
v -2.562338 8.270214 0.107920
v -2.550000 8.248000 0.082080
v -2.550000 8.267760 0.107920
v -2.530100 8.251958 0.082080
v -2.537662 8.270214 0.107920
v -2.513230 8.263230 0.082080
v -2.527203 8.277203 0.107920
v -2.501958 8.280100 0.082080
v -2.520214 8.287662 0.107920
v -2.535587 8.305970 0.114000
v -2.534400 8.300000 0.114000
v -2.538969 8.311031 0.114000
v -2.544030 8.314413 0.114000
v -2.550000 8.315600 0.114000
v -2.555970 8.314413 0.114000
v -2.561031 8.311031 0.114000
v -2.564413 8.305970 0.114000
v -2.565600 8.300000 0.114000
v -2.564413 8.294030 0.114000
v -2.561031 8.288969 0.114000
v -2.555970 8.285587 0.114000
v -2.550000 8.284400 0.114000
v -2.544030 8.285587 0.114000
v -2.538969 8.288969 0.114000
v -2.535587 8.294030 0.114000
v -2.498000 8.300000 0.120080
v -2.501958 8.319900 0.120080
v -2.520214 8.312338 0.145920
v -2.517760 8.300000 0.145920
v -2.513230 8.336770 0.120080
v -2.527203 8.322797 0.145920
v -2.530100 8.348042 0.120080
v -2.537662 8.329786 0.145920
v -2.550000 8.352000 0.120080
v -2.550000 8.332240 0.145920
v -2.569900 8.348042 0.120080
v -2.562338 8.329786 0.145920
v -2.586770 8.336770 0.120080
v -2.572797 8.322797 0.145920
v -2.598042 8.319900 0.120080
v -2.579786 8.312338 0.145920
v -2.602000 8.300000 0.120080
v -2.582240 8.300000 0.145920
v -2.598042 8.280100 0.120080
v -2.579786 8.287662 0.145920
v -2.586770 8.263230 0.120080
v -2.572797 8.277203 0.145920
v -2.569900 8.251958 0.120080
v -2.562338 8.270214 0.145920
v -2.550000 8.248000 0.120080
v -2.550000 8.267760 0.145920
v -2.530100 8.251958 0.120080
v -2.537662 8.270214 0.145920
v -2.513230 8.263230 0.120080
v -2.527203 8.277203 0.145920
v -2.501958 8.280100 0.120080
v -2.520214 8.287662 0.145920
v -2.535587 8.305970 0.152000
v -2.534400 8.300000 0.152000
v -2.538969 8.311031 0.152000
v -2.544030 8.314413 0.152000
v -2.550000 8.315600 0.152000
v -2.555970 8.314413 0.152000
v -2.561031 8.311031 0.152000
v -2.564413 8.305970 0.152000
v -2.565600 8.300000 0.152000
v -2.564413 8.294030 0.152000
v -2.561031 8.288969 0.152000
v -2.555970 8.285587 0.152000
v -2.550000 8.284400 0.152000
v -2.544030 8.285587 0.152000
v -2.538969 8.288969 0.152000
v -2.535587 8.294030 0.152000
v -2.498000 8.300000 0.158080
v -2.501958 8.319900 0.158080
v -2.520214 8.312338 0.183920
v -2.517760 8.300000 0.183920
v -2.513230 8.336770 0.158080
v -2.527203 8.322797 0.183920
v -2.530100 8.348042 0.158080
v -2.537662 8.329786 0.183920
v -2.550000 8.352000 0.158080
v -2.550000 8.332240 0.183920
v -2.569900 8.348042 0.158080
v -2.562338 8.329786 0.183920
v -2.586770 8.336770 0.158080
v -2.572797 8.322797 0.183920
v -2.598042 8.319900 0.158080
v -2.579786 8.312338 0.183920
v -2.602000 8.300000 0.158080
v -2.582240 8.300000 0.183920
v -2.598042 8.280100 0.158080
v -2.579786 8.287662 0.183920
v -2.586770 8.263230 0.158080
v -2.572797 8.277203 0.183920
v -2.569900 8.251958 0.158080
v -2.562338 8.270214 0.183920
v -2.550000 8.248000 0.158080
v -2.550000 8.267760 0.183920
v -2.530100 8.251958 0.158080
v -2.537662 8.270214 0.183920
v -2.513230 8.263230 0.158080
v -2.527203 8.277203 0.183920
v -2.501958 8.280100 0.158080
v -2.520214 8.287662 0.183920
v -2.535587 8.305970 0.190000
v -2.534400 8.300000 0.190000
v -2.538969 8.311031 0.190000
v -2.544030 8.314413 0.190000
v -2.550000 8.315600 0.190000
v -2.555970 8.314413 0.190000
v -2.561031 8.311031 0.190000
v -2.564413 8.305970 0.190000
v -2.565600 8.300000 0.190000
v -2.564413 8.294030 0.190000
v -2.561031 8.288969 0.190000
v -2.555970 8.285587 0.190000
v -2.550000 8.284400 0.190000
v -2.544030 8.285587 0.190000
v -2.538969 8.288969 0.190000
v -2.535587 8.294030 0.190000
v -2.498000 8.300000 0.196080
v -2.501958 8.319900 0.196080
v -2.520214 8.312338 0.221920
v -2.517760 8.300000 0.221920
v -2.513230 8.336770 0.196080
v -2.527203 8.322797 0.221920
v -2.530100 8.348042 0.196080
v -2.537662 8.329786 0.221920
v -2.550000 8.352000 0.196080
v -2.550000 8.332240 0.221920
v -2.569900 8.348042 0.196080
v -2.562338 8.329786 0.221920
v -2.586770 8.336770 0.196080
v -2.572797 8.322797 0.221920
v -2.598042 8.319900 0.196080
v -2.579786 8.312338 0.221920
v -2.602000 8.300000 0.196080
v -2.582240 8.300000 0.221920
v -2.598042 8.280100 0.196080
v -2.579786 8.287662 0.221920
v -2.586770 8.263230 0.196080
v -2.572797 8.277203 0.221920
v -2.569900 8.251958 0.196080
v -2.562338 8.270214 0.221920
v -2.550000 8.248000 0.196080
v -2.550000 8.267760 0.221920
v -2.530100 8.251958 0.196080
v -2.537662 8.270214 0.221920
v -2.513230 8.263230 0.196080
v -2.527203 8.277203 0.221920
v -2.501958 8.280100 0.196080
v -2.520214 8.287662 0.221920
v -2.535587 8.305970 0.228000
v -2.534400 8.300000 0.228000
v -2.538969 8.311031 0.228000
v -2.544030 8.314413 0.228000
v -2.550000 8.315600 0.228000
v -2.555970 8.314413 0.228000
v -2.561031 8.311031 0.228000
v -2.564413 8.305970 0.228000
v -2.565600 8.300000 0.228000
v -2.564413 8.294030 0.228000
v -2.561031 8.288969 0.228000
v -2.555970 8.285587 0.228000
v -2.550000 8.284400 0.228000
v -2.544030 8.285587 0.228000
v -2.538969 8.288969 0.228000
v -2.535587 8.294030 0.228000
v -2.498000 8.300000 0.234080
v -2.501958 8.319900 0.234080
v -2.520214 8.312338 0.259920
v -2.517760 8.300000 0.259920
v -2.513230 8.336770 0.234080
v -2.527203 8.322797 0.259920
v -2.530100 8.348042 0.234080
v -2.537662 8.329786 0.259920
v -2.550000 8.352000 0.234080
v -2.550000 8.332240 0.259920
v -2.569900 8.348042 0.234080
v -2.562338 8.329786 0.259920
v -2.586770 8.336770 0.234080
v -2.572797 8.322797 0.259920
v -2.598042 8.319900 0.234080
v -2.579786 8.312338 0.259920
v -2.602000 8.300000 0.234080
v -2.582240 8.300000 0.259920
v -2.598042 8.280100 0.234080
v -2.579786 8.287662 0.259920
v -2.586770 8.263230 0.234080
v -2.572797 8.277203 0.259920
v -2.569900 8.251958 0.234080
v -2.562338 8.270214 0.259920
v -2.550000 8.248000 0.234080
v -2.550000 8.267760 0.259920
v -2.530100 8.251958 0.234080
v -2.537662 8.270214 0.259920
v -2.513230 8.263230 0.234080
v -2.527203 8.277203 0.259920
v -2.501958 8.280100 0.234080
v -2.520214 8.287662 0.259920
v -2.535587 8.305970 0.266000
v -2.534400 8.300000 0.266000
v -2.538969 8.311031 0.266000
v -2.544030 8.314413 0.266000
v -2.550000 8.315600 0.266000
v -2.555970 8.314413 0.266000
v -2.561031 8.311031 0.266000
v -2.564413 8.305970 0.266000
v -2.565600 8.300000 0.266000
v -2.564413 8.294030 0.266000
v -2.561031 8.288969 0.266000
v -2.555970 8.285587 0.266000
v -2.550000 8.284400 0.266000
v -2.544030 8.285587 0.266000
v -2.538969 8.288969 0.266000
v -2.535587 8.294030 0.266000
v -2.498000 8.300000 0.272080
v -2.501958 8.319900 0.272080
v -2.520214 8.312338 0.297920
v -2.517760 8.300000 0.297920
v -2.513230 8.336770 0.272080
v -2.527203 8.322797 0.297920
v -2.530100 8.348042 0.272080
v -2.537662 8.329786 0.297920
v -2.550000 8.352000 0.272080
v -2.550000 8.332240 0.297920
v -2.569900 8.348042 0.272080
v -2.562338 8.329786 0.297920
v -2.586770 8.336770 0.272080
v -2.572797 8.322797 0.297920
v -2.598042 8.319900 0.272080
v -2.579786 8.312338 0.297920
v -2.602000 8.300000 0.272080
v -2.582240 8.300000 0.297920
v -2.598042 8.280100 0.272080
v -2.579786 8.287662 0.297920
v -2.586770 8.263230 0.272080
v -2.572797 8.277203 0.297920
v -2.569900 8.251958 0.272080
v -2.562338 8.270214 0.297920
v -2.550000 8.248000 0.272080
v -2.550000 8.267760 0.297920
v -2.530100 8.251958 0.272080
v -2.537662 8.270214 0.297920
v -2.513230 8.263230 0.272080
v -2.527203 8.277203 0.297920
v -2.501958 8.280100 0.272080
v -2.520214 8.287662 0.297920
v -2.535587 8.305970 0.304000
v -2.534400 8.300000 0.304000
v -2.538969 8.311031 0.304000
v -2.544030 8.314413 0.304000
v -2.550000 8.315600 0.304000
v -2.555970 8.314413 0.304000
v -2.561031 8.311031 0.304000
v -2.564413 8.305970 0.304000
v -2.565600 8.300000 0.304000
v -2.564413 8.294030 0.304000
v -2.561031 8.288969 0.304000
v -2.555970 8.285587 0.304000
v -2.550000 8.284400 0.304000
v -2.544030 8.285587 0.304000
v -2.538969 8.288969 0.304000
v -2.535587 8.294030 0.304000
v -2.498000 8.300000 0.310080
v -2.501958 8.319900 0.310080
v -2.520214 8.312338 0.335920
v -2.517760 8.300000 0.335920
v -2.513230 8.336770 0.310080
v -2.527203 8.322797 0.335920
v -2.530100 8.348042 0.310080
v -2.537662 8.329786 0.335920
v -2.550000 8.352000 0.310080
v -2.550000 8.332240 0.335920
v -2.569900 8.348042 0.310080
v -2.562338 8.329786 0.335920
v -2.586770 8.336770 0.310080
v -2.572797 8.322797 0.335920
v -2.598042 8.319900 0.310080
v -2.579786 8.312338 0.335920
v -2.602000 8.300000 0.310080
v -2.582240 8.300000 0.335920
v -2.598042 8.280100 0.310080
v -2.579786 8.287662 0.335920
v -2.586770 8.263230 0.310080
v -2.572797 8.277203 0.335920
v -2.569900 8.251958 0.310080
v -2.562338 8.270214 0.335920
v -2.550000 8.248000 0.310080
v -2.550000 8.267760 0.335920
v -2.530100 8.251958 0.310080
v -2.537662 8.270214 0.335920
v -2.513230 8.263230 0.310080
v -2.527203 8.277203 0.335920
v -2.501958 8.280100 0.310080
v -2.520214 8.287662 0.335920
v -2.535587 8.305970 0.342000
v -2.534400 8.300000 0.342000
v -2.538969 8.311031 0.342000
v -2.544030 8.314413 0.342000
v -2.550000 8.315600 0.342000
v -2.555970 8.314413 0.342000
v -2.561031 8.311031 0.342000
v -2.564413 8.305970 0.342000
v -2.565600 8.300000 0.342000
v -2.564413 8.294030 0.342000
v -2.561031 8.288969 0.342000
v -2.555970 8.285587 0.342000
v -2.550000 8.284400 0.342000
v -2.544030 8.285587 0.342000
v -2.538969 8.288969 0.342000
v -2.535587 8.294030 0.342000
v -2.498000 8.300000 0.348080
v -2.501958 8.319900 0.348080
v -2.520214 8.312338 0.373920
v -2.517760 8.300000 0.373920
v -2.513230 8.336770 0.348080
v -2.527203 8.322797 0.373920
v -2.530100 8.348042 0.348080
v -2.537662 8.329786 0.373920
v -2.550000 8.352000 0.348080
v -2.550000 8.332240 0.373920
v -2.569900 8.348042 0.348080
v -2.562338 8.329786 0.373920
v -2.586770 8.336770 0.348080
v -2.572797 8.322797 0.373920
v -2.598042 8.319900 0.348080
v -2.579786 8.312338 0.373920
v -2.602000 8.300000 0.348080
v -2.582240 8.300000 0.373920
v -2.598042 8.280100 0.348080
v -2.579786 8.287662 0.373920
v -2.586770 8.263230 0.348080
v -2.572797 8.277203 0.373920
v -2.569900 8.251958 0.348080
v -2.562338 8.270214 0.373920
v -2.550000 8.248000 0.348080
v -2.550000 8.267760 0.373920
v -2.530100 8.251958 0.348080
v -2.537662 8.270214 0.373920
v -2.513230 8.263230 0.348080
v -2.527203 8.277203 0.373920
v -2.501958 8.280100 0.348080
v -2.520214 8.287662 0.373920
v -2.535587 8.305970 0.380000
v -2.534400 8.300000 0.380000
v -2.538969 8.311031 0.380000
v -2.544030 8.314413 0.380000
v -2.550000 8.315600 0.380000
v -2.555970 8.314413 0.380000
v -2.561031 8.311031 0.380000
v -2.564413 8.305970 0.380000
v -2.565600 8.300000 0.380000
v -2.564413 8.294030 0.380000
v -2.561031 8.288969 0.380000
v -2.555970 8.285587 0.380000
v -2.550000 8.284400 0.380000
v -2.544030 8.285587 0.380000
v -2.538969 8.288969 0.380000
v -2.535587 8.294030 0.380000
v -2.498000 8.300000 0.386080
v -2.501958 8.319900 0.386080
v -2.520214 8.312338 0.411920
v -2.517760 8.300000 0.411920
v -2.513230 8.336770 0.386080
v -2.527203 8.322797 0.411920
v -2.530100 8.348042 0.386080
v -2.537662 8.329786 0.411920
v -2.550000 8.352000 0.386080
v -2.550000 8.332240 0.411920
v -2.569900 8.348042 0.386080
v -2.562338 8.329786 0.411920
v -2.586770 8.336770 0.386080
v -2.572797 8.322797 0.411920
v -2.598042 8.319900 0.386080
v -2.579786 8.312338 0.411920
v -2.602000 8.300000 0.386080
v -2.582240 8.300000 0.411920
v -2.598042 8.280100 0.386080
v -2.579786 8.287662 0.411920
v -2.586770 8.263230 0.386080
v -2.572797 8.277203 0.411920
v -2.569900 8.251958 0.386080
v -2.562338 8.270214 0.411920
v -2.550000 8.248000 0.386080
v -2.550000 8.267760 0.411920
v -2.530100 8.251958 0.386080
v -2.537662 8.270214 0.411920
v -2.513230 8.263230 0.386080
v -2.527203 8.277203 0.411920
v -2.501958 8.280100 0.386080
v -2.520214 8.287662 0.411920
v -2.535587 8.305970 0.418000
v -2.534400 8.300000 0.418000
v -2.538969 8.311031 0.418000
v -2.544030 8.314413 0.418000
v -2.550000 8.315600 0.418000
v -2.555970 8.314413 0.418000
v -2.561031 8.311031 0.418000
v -2.564413 8.305970 0.418000
v -2.565600 8.300000 0.418000
v -2.564413 8.294030 0.418000
v -2.561031 8.288969 0.418000
v -2.555970 8.285587 0.418000
v -2.550000 8.284400 0.418000
v -2.544030 8.285587 0.418000
v -2.538969 8.288969 0.418000
v -2.535587 8.294030 0.418000
v -2.498000 8.300000 0.424080
v -2.501958 8.319900 0.424080
v -2.520214 8.312338 0.449920
v -2.517760 8.300000 0.449920
v -2.513230 8.336770 0.424080
v -2.527203 8.322797 0.449920
v -2.530100 8.348042 0.424080
v -2.537662 8.329786 0.449920
v -2.550000 8.352000 0.424080
v -2.550000 8.332240 0.449920
v -2.569900 8.348042 0.424080
v -2.562338 8.329786 0.449920
v -2.586770 8.336770 0.424080
v -2.572797 8.322797 0.449920
v -2.598042 8.319900 0.424080
v -2.579786 8.312338 0.449920
v -2.602000 8.300000 0.424080
v -2.582240 8.300000 0.449920
v -2.598042 8.280100 0.424080
v -2.579786 8.287662 0.449920
v -2.586770 8.263230 0.424080
v -2.572797 8.277203 0.449920
v -2.569900 8.251958 0.424080
v -2.562338 8.270214 0.449920
v -2.550000 8.248000 0.424080
v -2.550000 8.267760 0.449920
v -2.530100 8.251958 0.424080
v -2.537662 8.270214 0.449920
v -2.513230 8.263230 0.424080
v -2.527203 8.277203 0.449920
v -2.501958 8.280100 0.424080
v -2.520214 8.287662 0.449920
v -2.535587 8.305970 0.456000
v -2.534400 8.300000 0.456000
v -2.538969 8.311031 0.456000
v -2.544030 8.314413 0.456000
v -2.550000 8.315600 0.456000
v -2.555970 8.314413 0.456000
v -2.561031 8.311031 0.456000
v -2.564413 8.305970 0.456000
v -2.565600 8.300000 0.456000
v -2.564413 8.294030 0.456000
v -2.561031 8.288969 0.456000
v -2.555970 8.285587 0.456000
v -2.550000 8.284400 0.456000
v -2.544030 8.285587 0.456000
v -2.538969 8.288969 0.456000
v -2.535587 8.294030 0.456000
v -2.498000 8.300000 0.462080
v -2.501958 8.319900 0.462080
v -2.520214 8.312338 0.487920
v -2.517760 8.300000 0.487920
v -2.513230 8.336770 0.462080
v -2.527203 8.322797 0.487920
v -2.530100 8.348042 0.462080
v -2.537662 8.329786 0.487920
v -2.550000 8.352000 0.462080
v -2.550000 8.332240 0.487920
v -2.569900 8.348042 0.462080
v -2.562338 8.329786 0.487920
v -2.586770 8.336770 0.462080
v -2.572797 8.322797 0.487920
v -2.598042 8.319900 0.462080
v -2.579786 8.312338 0.487920
v -2.602000 8.300000 0.462080
v -2.582240 8.300000 0.487920
v -2.598042 8.280100 0.462080
v -2.579786 8.287662 0.487920
v -2.586770 8.263230 0.462080
v -2.572797 8.277203 0.487920
v -2.569900 8.251958 0.462080
v -2.562338 8.270214 0.487920
v -2.550000 8.248000 0.462080
v -2.550000 8.267760 0.487920
v -2.530100 8.251958 0.462080
v -2.537662 8.270214 0.487920
v -2.513230 8.263230 0.462080
v -2.527203 8.277203 0.487920
v -2.501958 8.280100 0.462080
v -2.520214 8.287662 0.487920
v -2.535587 8.305970 0.494000
v -2.534400 8.300000 0.494000
v -2.538969 8.311031 0.494000
v -2.544030 8.314413 0.494000
v -2.550000 8.315600 0.494000
v -2.555970 8.314413 0.494000
v -2.561031 8.311031 0.494000
v -2.564413 8.305970 0.494000
v -2.565600 8.300000 0.494000
v -2.564413 8.294030 0.494000
v -2.561031 8.288969 0.494000
v -2.555970 8.285587 0.494000
v -2.550000 8.284400 0.494000
v -2.544030 8.285587 0.494000
v -2.538969 8.288969 0.494000
v -2.535587 8.294030 0.494000
v -2.498000 8.300000 0.500080
v -2.501958 8.319900 0.500080
v -2.520214 8.312338 0.525920
v -2.517760 8.300000 0.525920
v -2.513230 8.336770 0.500080
v -2.527203 8.322797 0.525920
v -2.530100 8.348042 0.500080
v -2.537662 8.329786 0.525920
v -2.550000 8.352000 0.500080
v -2.550000 8.332240 0.525920
v -2.569900 8.348042 0.500080
v -2.562338 8.329786 0.525920
v -2.586770 8.336770 0.500080
v -2.572797 8.322797 0.525920
v -2.598042 8.319900 0.500080
v -2.579786 8.312338 0.525920
v -2.602000 8.300000 0.500080
v -2.582240 8.300000 0.525920
v -2.598042 8.280100 0.500080
v -2.579786 8.287662 0.525920
v -2.586770 8.263230 0.500080
v -2.572797 8.277203 0.525920
v -2.569900 8.251958 0.500080
v -2.562338 8.270214 0.525920
v -2.550000 8.248000 0.500080
v -2.550000 8.267760 0.525920
v -2.530100 8.251958 0.500080
v -2.537662 8.270214 0.525920
v -2.513230 8.263230 0.500080
v -2.527203 8.277203 0.525920
v -2.501958 8.280100 0.500080
v -2.520214 8.287662 0.525920
v -2.535587 8.305970 0.532000
v -2.534400 8.300000 0.532000
v -2.538969 8.311031 0.532000
v -2.544030 8.314413 0.532000
v -2.550000 8.315600 0.532000
v -2.555970 8.314413 0.532000
v -2.561031 8.311031 0.532000
v -2.564413 8.305970 0.532000
v -2.565600 8.300000 0.532000
v -2.564413 8.294030 0.532000
v -2.561031 8.288969 0.532000
v -2.555970 8.285587 0.532000
v -2.550000 8.284400 0.532000
v -2.544030 8.285587 0.532000
v -2.538969 8.288969 0.532000
v -2.535587 8.294030 0.532000
v -2.498000 8.300000 0.538080
v -2.501958 8.319900 0.538080
v -2.520214 8.312338 0.563920
v -2.517760 8.300000 0.563920
v -2.513230 8.336770 0.538080
v -2.527203 8.322797 0.563920
v -2.530100 8.348042 0.538080
v -2.537662 8.329786 0.563920
v -2.550000 8.352000 0.538080
v -2.550000 8.332240 0.563920
v -2.569900 8.348042 0.538080
v -2.562338 8.329786 0.563920
v -2.586770 8.336770 0.538080
v -2.572797 8.322797 0.563920
v -2.598042 8.319900 0.538080
v -2.579786 8.312338 0.563920
v -2.602000 8.300000 0.538080
v -2.582240 8.300000 0.563920
v -2.598042 8.280100 0.538080
v -2.579786 8.287662 0.563920
v -2.586770 8.263230 0.538080
v -2.572797 8.277203 0.563920
v -2.569900 8.251958 0.538080
v -2.562338 8.270214 0.563920
v -2.550000 8.248000 0.538080
v -2.550000 8.267760 0.563920
v -2.530100 8.251958 0.538080
v -2.537662 8.270214 0.563920
v -2.513230 8.263230 0.538080
v -2.527203 8.277203 0.563920
v -2.501958 8.280100 0.538080
v -2.520214 8.287662 0.563920
v -2.535587 8.305970 0.570000
v -2.534400 8.300000 0.570000
v -2.538969 8.311031 0.570000
v -2.544030 8.314413 0.570000
v -2.550000 8.315600 0.570000
v -2.555970 8.314413 0.570000
v -2.561031 8.311031 0.570000
v -2.564413 8.305970 0.570000
v -2.565600 8.300000 0.570000
v -2.564413 8.294030 0.570000
v -2.561031 8.288969 0.570000
v -2.555970 8.285587 0.570000
v -2.550000 8.284400 0.570000
v -2.544030 8.285587 0.570000
v -2.538969 8.288969 0.570000
v -2.535587 8.294030 0.570000
v -2.498000 8.300000 0.576080
v -2.501958 8.319900 0.576080
v -2.520214 8.312338 0.601920
v -2.517760 8.300000 0.601920
v -2.513230 8.336770 0.576080
v -2.527203 8.322797 0.601920
v -2.530100 8.348042 0.576080
v -2.537662 8.329786 0.601920
v -2.550000 8.352000 0.576080
v -2.550000 8.332240 0.601920
v -2.569900 8.348042 0.576080
v -2.562338 8.329786 0.601920
v -2.586770 8.336770 0.576080
v -2.572797 8.322797 0.601920
v -2.598042 8.319900 0.576080
v -2.579786 8.312338 0.601920
v -2.602000 8.300000 0.576080
v -2.582240 8.300000 0.601920
v -2.598042 8.280100 0.576080
v -2.579786 8.287662 0.601920
v -2.586770 8.263230 0.576080
v -2.572797 8.277203 0.601920
v -2.569900 8.251958 0.576080
v -2.562338 8.270214 0.601920
v -2.550000 8.248000 0.576080
v -2.550000 8.267760 0.601920
v -2.530100 8.251958 0.576080
v -2.537662 8.270214 0.601920
v -2.513230 8.263230 0.576080
v -2.527203 8.277203 0.601920
v -2.501958 8.280100 0.576080
v -2.520214 8.287662 0.601920
v -2.535587 8.305970 0.608000
v -2.534400 8.300000 0.608000
v -2.538969 8.311031 0.608000
v -2.544030 8.314413 0.608000
v -2.550000 8.315600 0.608000
v -2.555970 8.314413 0.608000
v -2.561031 8.311031 0.608000
v -2.564413 8.305970 0.608000
v -2.565600 8.300000 0.608000
v -2.564413 8.294030 0.608000
v -2.561031 8.288969 0.608000
v -2.555970 8.285587 0.608000
v -2.550000 8.284400 0.608000
v -2.544030 8.285587 0.608000
v -2.538969 8.288969 0.608000
v -2.535587 8.294030 0.608000
v -2.498000 8.300000 0.614080
v -2.501958 8.319900 0.614080
v -2.520214 8.312338 0.639920
v -2.517760 8.300000 0.639920
v -2.513230 8.336770 0.614080
v -2.527203 8.322797 0.639920
v -2.530100 8.348042 0.614080
v -2.537662 8.329786 0.639920
v -2.550000 8.352000 0.614080
v -2.550000 8.332240 0.639920
v -2.569900 8.348042 0.614080
v -2.562338 8.329786 0.639920
v -2.586770 8.336770 0.614080
v -2.572797 8.322797 0.639920
v -2.598042 8.319900 0.614080
v -2.579786 8.312338 0.639920
v -2.602000 8.300000 0.614080
v -2.582240 8.300000 0.639920
v -2.598042 8.280100 0.614080
v -2.579786 8.287662 0.639920
v -2.586770 8.263230 0.614080
v -2.572797 8.277203 0.639920
v -2.569900 8.251958 0.614080
v -2.562338 8.270214 0.639920
v -2.550000 8.248000 0.614080
v -2.550000 8.267760 0.639920
v -2.530100 8.251958 0.614080
v -2.537662 8.270214 0.639920
v -2.513230 8.263230 0.614080
v -2.527203 8.277203 0.639920
v -2.501958 8.280100 0.614080
v -2.520214 8.287662 0.639920
v -2.535587 8.305970 0.646000
v -2.534400 8.300000 0.646000
v -2.538969 8.311031 0.646000
v -2.544030 8.314413 0.646000
v -2.550000 8.315600 0.646000
v -2.555970 8.314413 0.646000
v -2.561031 8.311031 0.646000
v -2.564413 8.305970 0.646000
v -2.565600 8.300000 0.646000
v -2.564413 8.294030 0.646000
v -2.561031 8.288969 0.646000
v -2.555970 8.285587 0.646000
v -2.550000 8.284400 0.646000
v -2.544030 8.285587 0.646000
v -2.538969 8.288969 0.646000
v -2.535587 8.294030 0.646000
v -2.498000 8.300000 0.652080
v -2.501958 8.319900 0.652080
v -2.520214 8.312338 0.677920
v -2.517760 8.300000 0.677920
v -2.513230 8.336770 0.652080
v -2.527203 8.322797 0.677920
v -2.530100 8.348042 0.652080
v -2.537662 8.329786 0.677920
v -2.550000 8.352000 0.652080
v -2.550000 8.332240 0.677920
v -2.569900 8.348042 0.652080
v -2.562338 8.329786 0.677920
v -2.586770 8.336770 0.652080
v -2.572797 8.322797 0.677920
v -2.598042 8.319900 0.652080
v -2.579786 8.312338 0.677920
v -2.602000 8.300000 0.652080
v -2.582240 8.300000 0.677920
v -2.598042 8.280100 0.652080
v -2.579786 8.287662 0.677920
v -2.586770 8.263230 0.652080
v -2.572797 8.277203 0.677920
v -2.569900 8.251958 0.652080
v -2.562338 8.270214 0.677920
v -2.550000 8.248000 0.652080
v -2.550000 8.267760 0.677920
v -2.530100 8.251958 0.652080
v -2.537662 8.270214 0.677920
v -2.513230 8.263230 0.652080
v -2.527203 8.277203 0.677920
v -2.501958 8.280100 0.652080
v -2.520214 8.287662 0.677920
v -2.535587 8.305970 0.684000
v -2.534400 8.300000 0.684000
v -2.538969 8.311031 0.684000
v -2.544030 8.314413 0.684000
v -2.550000 8.315600 0.684000
v -2.555970 8.314413 0.684000
v -2.561031 8.311031 0.684000
v -2.564413 8.305970 0.684000
v -2.565600 8.300000 0.684000
v -2.564413 8.294030 0.684000
v -2.561031 8.288969 0.684000
v -2.555970 8.285587 0.684000
v -2.550000 8.284400 0.684000
v -2.544030 8.285587 0.684000
v -2.538969 8.288969 0.684000
v -2.535587 8.294030 0.684000
v -2.605000 8.265000 0.699000
v -2.495000 8.265000 0.699000
v -2.495000 8.265000 0.769000
v -2.605000 8.265000 0.769000
v -2.605000 8.335000 0.769000
v -2.495000 8.335000 0.769000
v -2.495000 8.335000 0.699000
v -2.605000 8.335000 0.699000
v -2.550000 8.324165 -0.716222
v -2.561481 8.322325 -0.717575
v -2.561481 8.215229 -0.572080
v -2.550000 8.217143 -0.570834
v -2.571213 8.317087 -0.721429
v -2.571213 8.209779 -0.575628
v -2.577716 8.309248 -0.727197
v -2.577716 8.201622 -0.580937
v -2.580000 8.300000 -0.734000
v -2.580000 8.192000 -0.587200
v -2.577716 8.290752 -0.740803
v -2.577716 8.182378 -0.593463
v -2.571213 8.282913 -0.746571
v -2.571213 8.174221 -0.598772
v -2.561481 8.277675 -0.750425
v -2.561481 8.168771 -0.602320
v -2.550000 8.275835 -0.751778
v -2.550000 8.166857 -0.603566
v -2.538519 8.277675 -0.750425
v -2.538519 8.168771 -0.602320
v -2.528787 8.282913 -0.746571
v -2.528787 8.174221 -0.598772
v -2.522284 8.290752 -0.740803
v -2.522284 8.182378 -0.593463
v -2.520000 8.300000 -0.734000
v -2.520000 8.192000 -0.587200
v -2.522284 8.309248 -0.727197
v -2.522284 8.201622 -0.580937
v -2.528787 8.317087 -0.721429
v -2.528787 8.209779 -0.575628
v -2.538519 8.322325 -0.717575
v -2.538519 8.215229 -0.572080
v -2.561481 8.132910 -0.428248
v -2.550000 8.134963 -0.427247
v -2.571213 8.127066 -0.431099
v -2.577716 8.118318 -0.435366
v -2.580000 8.108000 -0.440400
v -2.577716 8.097682 -0.445434
v -2.571213 8.088934 -0.449701
v -2.561481 8.083090 -0.452552
v -2.550000 8.081037 -0.453553
v -2.538519 8.083090 -0.452552
v -2.528787 8.088934 -0.449701
v -2.522284 8.097682 -0.445434
v -2.520000 8.108000 -0.440400
v -2.522284 8.118318 -0.435366
v -2.528787 8.127066 -0.431099
v -2.538519 8.132910 -0.428248
v -2.561481 8.074359 -0.285033
v -2.550000 8.076531 -0.284327
v -2.571213 8.068174 -0.287043
v -2.577716 8.058918 -0.290051
v -2.580000 8.048000 -0.293600
v -2.577716 8.037082 -0.297149
v -2.571213 8.027826 -0.300157
v -2.561481 8.021641 -0.302167
v -2.550000 8.019469 -0.302873
v -2.538519 8.021641 -0.302167
v -2.528787 8.027826 -0.300157
v -2.522284 8.037082 -0.297149
v -2.520000 8.048000 -0.293600
v -2.522284 8.058918 -0.290051
v -2.528787 8.068174 -0.287043
v -2.538519 8.074359 -0.285033
v -2.561481 8.039358 -0.142356
v -2.550000 8.041612 -0.141990
v -2.571213 8.032939 -0.143399
v -2.577716 8.023332 -0.144959
v -2.580000 8.012000 -0.146800
v -2.577716 8.000668 -0.148641
v -2.571213 7.991061 -0.150201
v -2.561481 7.984642 -0.151244
v -2.550000 7.982388 -0.151610
v -2.538519 7.984642 -0.151244
v -2.528787 7.991061 -0.150201
v -2.522284 8.000668 -0.148641
v -2.520000 8.012000 -0.146800
v -2.522284 8.023332 -0.144959
v -2.528787 8.032939 -0.143399
v -2.538519 8.039358 -0.142356
v -2.561481 8.027716 0.000000
v -2.550000 8.030000 0.000000
v -2.571213 8.021213 0.000000
v -2.577716 8.011481 0.000000
v -2.580000 8.000000 0.000000
v -2.577716 7.988519 0.000000
v -2.571213 7.978787 0.000000
v -2.561481 7.972284 0.000000
v -2.550000 7.970000 0.000000
v -2.538519 7.972284 0.000000
v -2.528787 7.978787 0.000000
v -2.522284 7.988519 0.000000
v -2.520000 8.000000 0.000000
v -2.522284 8.011481 0.000000
v -2.528787 8.021213 0.000000
v -2.538519 8.027716 0.000000
v -2.561481 8.039358 0.142356
v -2.550000 8.041612 0.141990
v -2.571213 8.032939 0.143399
v -2.577716 8.023332 0.144959
v -2.580000 8.012000 0.146800
v -2.577716 8.000668 0.148641
v -2.571213 7.991061 0.150201
v -2.561481 7.984642 0.151244
v -2.550000 7.982388 0.151610
v -2.538519 7.984642 0.151244
v -2.528787 7.991061 0.150201
v -2.522284 8.000668 0.148641
v -2.520000 8.012000 0.146800
v -2.522284 8.023332 0.144959
v -2.528787 8.032939 0.143399
v -2.538519 8.039358 0.142356
v -2.561481 8.074359 0.285033
v -2.550000 8.076531 0.284327
v -2.571213 8.068174 0.287043
v -2.577716 8.058918 0.290051
v -2.580000 8.048000 0.293600
v -2.577716 8.037082 0.297149
v -2.571213 8.027826 0.300157
v -2.561481 8.021641 0.302167
v -2.550000 8.019469 0.302873
v -2.538519 8.021641 0.302167
v -2.528787 8.027826 0.300157
v -2.522284 8.037082 0.297149
v -2.520000 8.048000 0.293600
v -2.522284 8.058918 0.290051
v -2.528787 8.068174 0.287043
v -2.538519 8.074359 0.285033
v -2.561481 8.132910 0.428248
v -2.550000 8.134963 0.427247
v -2.571213 8.127066 0.431099
v -2.577716 8.118318 0.435366
v -2.580000 8.108000 0.440400
v -2.577716 8.097682 0.445434
v -2.571213 8.088934 0.449701
v -2.561481 8.083090 0.452552
v -2.550000 8.081037 0.453553
v -2.538519 8.083090 0.452552
v -2.528787 8.088934 0.449701
v -2.522284 8.097682 0.445434
v -2.520000 8.108000 0.440400
v -2.522284 8.118318 0.435366
v -2.528787 8.127066 0.431099
v -2.538519 8.132910 0.428248
v -2.561481 8.215229 0.572080
v -2.550000 8.217143 0.570834
v -2.571213 8.209779 0.575628
v -2.577716 8.201622 0.580937
v -2.580000 8.192000 0.587200
v -2.577716 8.182378 0.593463
v -2.571213 8.174221 0.598772
v -2.561481 8.168771 0.602320
v -2.550000 8.166857 0.603566
v -2.538519 8.168771 0.602320
v -2.528787 8.174221 0.598772
v -2.522284 8.182378 0.593463
v -2.520000 8.192000 0.587200
v -2.522284 8.201622 0.580937
v -2.528787 8.209779 0.575628
v -2.538519 8.215229 0.572080
v -2.561481 8.322325 0.717575
v -2.550000 8.324165 0.716222
v -2.571213 8.317087 0.721429
v -2.577716 8.309248 0.727197
v -2.580000 8.300000 0.734000
v -2.577716 8.290752 0.740803
v -2.571213 8.282913 0.746571
v -2.561481 8.277675 0.750425
v -2.550000 8.275835 0.751778
v -2.538519 8.277675 0.750425
v -2.528787 8.282913 0.746571
v -2.522284 8.290752 0.740803
v -2.520000 8.300000 0.734000
v -2.522284 8.309248 0.727197
v -2.528787 8.317087 0.721429
v -2.538519 8.322325 0.717575
v -1.423300 8.279200 -0.309315
v -1.381700 8.279200 -0.309315
v -1.381700 8.279200 0.309315
v -1.423300 8.279200 0.309315
v -1.423300 8.320800 -0.309315
v -1.423300 8.320800 0.309315
v -1.381700 8.320800 0.309315
v -1.381700 8.320800 -0.309315
v -1.477500 8.270000 -0.075000
v -1.327500 8.270000 -0.075000
v -1.327500 8.270000 0.075000
v -1.477500 8.270000 0.075000
v -1.477500 8.310000 0.075000
v -1.327500 8.310000 0.075000
v -1.327500 8.310000 -0.075000
v -1.477500 8.310000 -0.075000
v -1.350500 8.300000 -0.031920
v -1.354458 8.319900 -0.031920
v -1.372714 8.312338 -0.006080
v -1.370260 8.300000 -0.006080
v -1.365730 8.336770 -0.031920
v -1.379703 8.322797 -0.006080
v -1.382600 8.348042 -0.031920
v -1.390162 8.329786 -0.006080
v -1.402500 8.352000 -0.031920
v -1.402500 8.332240 -0.006080
v -1.422400 8.348042 -0.031920
v -1.414838 8.329786 -0.006080
v -1.439270 8.336770 -0.031920
v -1.425297 8.322797 -0.006080
v -1.450542 8.319900 -0.031920
v -1.432286 8.312338 -0.006080
v -1.454500 8.300000 -0.031920
v -1.434740 8.300000 -0.006080
v -1.450542 8.280100 -0.031920
v -1.432286 8.287662 -0.006080
v -1.439270 8.263230 -0.031920
v -1.425297 8.277203 -0.006080
v -1.422400 8.251958 -0.031920
v -1.414838 8.270214 -0.006080
v -1.402500 8.248000 -0.031920
v -1.402500 8.267760 -0.006080
v -1.382600 8.251958 -0.031920
v -1.390162 8.270214 -0.006080
v -1.365730 8.263230 -0.031920
v -1.379703 8.277203 -0.006080
v -1.354458 8.280100 -0.031920
v -1.372714 8.287662 -0.006080
v -1.386900 8.300000 -0.038000
v -1.388087 8.305970 -0.038000
v -1.388087 8.305970 0.000000
v -1.386900 8.300000 0.000000
v -1.391469 8.311031 -0.038000
v -1.391469 8.311031 0.000000
v -1.396530 8.314413 -0.038000
v -1.396530 8.314413 0.000000
v -1.402500 8.315600 -0.038000
v -1.402500 8.315600 0.000000
v -1.408470 8.314413 -0.038000
v -1.408470 8.314413 0.000000
v -1.413531 8.311031 -0.038000
v -1.413531 8.311031 0.000000
v -1.416913 8.305970 -0.038000
v -1.416913 8.305970 0.000000
v -1.418100 8.300000 -0.038000
v -1.418100 8.300000 0.000000
v -1.416913 8.294030 -0.038000
v -1.416913 8.294030 0.000000
v -1.413531 8.288969 -0.038000
v -1.413531 8.288969 0.000000
v -1.408470 8.285587 -0.038000
v -1.408470 8.285587 0.000000
v -1.402500 8.284400 -0.038000
v -1.402500 8.284400 0.000000
v -1.396530 8.285587 -0.038000
v -1.396530 8.285587 0.000000
v -1.391469 8.288969 -0.038000
v -1.391469 8.288969 0.000000
v -1.388087 8.294030 -0.038000
v -1.388087 8.294030 0.000000
v -1.350500 8.300000 -0.069920
v -1.354458 8.319900 -0.069920
v -1.372714 8.312338 -0.044080
v -1.370260 8.300000 -0.044080
v -1.365730 8.336770 -0.069920
v -1.379703 8.322797 -0.044080
v -1.382600 8.348042 -0.069920
v -1.390162 8.329786 -0.044080
v -1.402500 8.352000 -0.069920
v -1.402500 8.332240 -0.044080
v -1.422400 8.348042 -0.069920
v -1.414838 8.329786 -0.044080
v -1.439270 8.336770 -0.069920
v -1.425297 8.322797 -0.044080
v -1.450542 8.319900 -0.069920
v -1.432286 8.312338 -0.044080
v -1.454500 8.300000 -0.069920
v -1.434740 8.300000 -0.044080
v -1.450542 8.280100 -0.069920
v -1.432286 8.287662 -0.044080
v -1.439270 8.263230 -0.069920
v -1.425297 8.277203 -0.044080
v -1.422400 8.251958 -0.069920
v -1.414838 8.270214 -0.044080
v -1.402500 8.248000 -0.069920
v -1.402500 8.267760 -0.044080
v -1.382600 8.251958 -0.069920
v -1.390162 8.270214 -0.044080
v -1.365730 8.263230 -0.069920
v -1.379703 8.277203 -0.044080
v -1.354458 8.280100 -0.069920
v -1.372714 8.287662 -0.044080
v -1.386900 8.300000 -0.076000
v -1.388087 8.305970 -0.076000
v -1.391469 8.311031 -0.076000
v -1.396530 8.314413 -0.076000
v -1.402500 8.315600 -0.076000
v -1.408470 8.314413 -0.076000
v -1.413531 8.311031 -0.076000
v -1.416913 8.305970 -0.076000
v -1.418100 8.300000 -0.076000
v -1.416913 8.294030 -0.076000
v -1.413531 8.288969 -0.076000
v -1.408470 8.285587 -0.076000
v -1.402500 8.284400 -0.076000
v -1.396530 8.285587 -0.076000
v -1.391469 8.288969 -0.076000
v -1.388087 8.294030 -0.076000
v -1.350500 8.300000 -0.107920
v -1.354458 8.319900 -0.107920
v -1.372714 8.312338 -0.082080
v -1.370260 8.300000 -0.082080
v -1.365730 8.336770 -0.107920
v -1.379703 8.322797 -0.082080
v -1.382600 8.348042 -0.107920
v -1.390162 8.329786 -0.082080
v -1.402500 8.352000 -0.107920
v -1.402500 8.332240 -0.082080
v -1.422400 8.348042 -0.107920
v -1.414838 8.329786 -0.082080
v -1.439270 8.336770 -0.107920
v -1.425297 8.322797 -0.082080
v -1.450542 8.319900 -0.107920
v -1.432286 8.312338 -0.082080
v -1.454500 8.300000 -0.107920
v -1.434740 8.300000 -0.082080
v -1.450542 8.280100 -0.107920
v -1.432286 8.287662 -0.082080
v -1.439270 8.263230 -0.107920
v -1.425297 8.277203 -0.082080
v -1.422400 8.251958 -0.107920
v -1.414838 8.270214 -0.082080
v -1.402500 8.248000 -0.107920
v -1.402500 8.267760 -0.082080
v -1.382600 8.251958 -0.107920
v -1.390162 8.270214 -0.082080
v -1.365730 8.263230 -0.107920
v -1.379703 8.277203 -0.082080
v -1.354458 8.280100 -0.107920
v -1.372714 8.287662 -0.082080
v -1.386900 8.300000 -0.114000
v -1.388087 8.305970 -0.114000
v -1.391469 8.311031 -0.114000
v -1.396530 8.314413 -0.114000
v -1.402500 8.315600 -0.114000
v -1.408470 8.314413 -0.114000
v -1.413531 8.311031 -0.114000
v -1.416913 8.305970 -0.114000
v -1.418100 8.300000 -0.114000
v -1.416913 8.294030 -0.114000
v -1.413531 8.288969 -0.114000
v -1.408470 8.285587 -0.114000
v -1.402500 8.284400 -0.114000
v -1.396530 8.285587 -0.114000
v -1.391469 8.288969 -0.114000
v -1.388087 8.294030 -0.114000
v -1.350500 8.300000 -0.145920
v -1.354458 8.319900 -0.145920
v -1.372714 8.312338 -0.120080
v -1.370260 8.300000 -0.120080
v -1.365730 8.336770 -0.145920
v -1.379703 8.322797 -0.120080
v -1.382600 8.348042 -0.145920
v -1.390162 8.329786 -0.120080
v -1.402500 8.352000 -0.145920
v -1.402500 8.332240 -0.120080
v -1.422400 8.348042 -0.145920
v -1.414838 8.329786 -0.120080
v -1.439270 8.336770 -0.145920
v -1.425297 8.322797 -0.120080
v -1.450542 8.319900 -0.145920
v -1.432286 8.312338 -0.120080
v -1.454500 8.300000 -0.145920
v -1.434740 8.300000 -0.120080
v -1.450542 8.280100 -0.145920
v -1.432286 8.287662 -0.120080
v -1.439270 8.263230 -0.145920
v -1.425297 8.277203 -0.120080
v -1.422400 8.251958 -0.145920
v -1.414838 8.270214 -0.120080
v -1.402500 8.248000 -0.145920
v -1.402500 8.267760 -0.120080
v -1.382600 8.251958 -0.145920
v -1.390162 8.270214 -0.120080
v -1.365730 8.263230 -0.145920
v -1.379703 8.277203 -0.120080
v -1.354458 8.280100 -0.145920
v -1.372714 8.287662 -0.120080
v -1.386900 8.300000 -0.152000
v -1.388087 8.305970 -0.152000
v -1.391469 8.311031 -0.152000
v -1.396530 8.314413 -0.152000
v -1.402500 8.315600 -0.152000
v -1.408470 8.314413 -0.152000
v -1.413531 8.311031 -0.152000
v -1.416913 8.305970 -0.152000
v -1.418100 8.300000 -0.152000
v -1.416913 8.294030 -0.152000
v -1.413531 8.288969 -0.152000
v -1.408470 8.285587 -0.152000
v -1.402500 8.284400 -0.152000
v -1.396530 8.285587 -0.152000
v -1.391469 8.288969 -0.152000
v -1.388087 8.294030 -0.152000
v -1.350500 8.300000 -0.183920
v -1.354458 8.319900 -0.183920
v -1.372714 8.312338 -0.158080
v -1.370260 8.300000 -0.158080
v -1.365730 8.336770 -0.183920
v -1.379703 8.322797 -0.158080
v -1.382600 8.348042 -0.183920
v -1.390162 8.329786 -0.158080
v -1.402500 8.352000 -0.183920
v -1.402500 8.332240 -0.158080
v -1.422400 8.348042 -0.183920
v -1.414838 8.329786 -0.158080
v -1.439270 8.336770 -0.183920
v -1.425297 8.322797 -0.158080
v -1.450542 8.319900 -0.183920
v -1.432286 8.312338 -0.158080
v -1.454500 8.300000 -0.183920
v -1.434740 8.300000 -0.158080
v -1.450542 8.280100 -0.183920
v -1.432286 8.287662 -0.158080
v -1.439270 8.263230 -0.183920
v -1.425297 8.277203 -0.158080
v -1.422400 8.251958 -0.183920
v -1.414838 8.270214 -0.158080
v -1.402500 8.248000 -0.183920
v -1.402500 8.267760 -0.158080
v -1.382600 8.251958 -0.183920
v -1.390162 8.270214 -0.158080
v -1.365730 8.263230 -0.183920
v -1.379703 8.277203 -0.158080
v -1.354458 8.280100 -0.183920
v -1.372714 8.287662 -0.158080
v -1.386900 8.300000 -0.190000
v -1.388087 8.305970 -0.190000
v -1.391469 8.311031 -0.190000
v -1.396530 8.314413 -0.190000
v -1.402500 8.315600 -0.190000
v -1.408470 8.314413 -0.190000
v -1.413531 8.311031 -0.190000
v -1.416913 8.305970 -0.190000
v -1.418100 8.300000 -0.190000
v -1.416913 8.294030 -0.190000
v -1.413531 8.288969 -0.190000
v -1.408470 8.285587 -0.190000
v -1.402500 8.284400 -0.190000
v -1.396530 8.285587 -0.190000
v -1.391469 8.288969 -0.190000
v -1.388087 8.294030 -0.190000
v -1.350500 8.300000 -0.221920
v -1.354458 8.319900 -0.221920
v -1.372714 8.312338 -0.196080
v -1.370260 8.300000 -0.196080
v -1.365730 8.336770 -0.221920
v -1.379703 8.322797 -0.196080
v -1.382600 8.348042 -0.221920
v -1.390162 8.329786 -0.196080
v -1.402500 8.352000 -0.221920
v -1.402500 8.332240 -0.196080
v -1.422400 8.348042 -0.221920
v -1.414838 8.329786 -0.196080
v -1.439270 8.336770 -0.221920
v -1.425297 8.322797 -0.196080
v -1.450542 8.319900 -0.221920
v -1.432286 8.312338 -0.196080
v -1.454500 8.300000 -0.221920
v -1.434740 8.300000 -0.196080
v -1.450542 8.280100 -0.221920
v -1.432286 8.287662 -0.196080
v -1.439270 8.263230 -0.221920
v -1.425297 8.277203 -0.196080
v -1.422400 8.251958 -0.221920
v -1.414838 8.270214 -0.196080
v -1.402500 8.248000 -0.221920
v -1.402500 8.267760 -0.196080
v -1.382600 8.251958 -0.221920
v -1.390162 8.270214 -0.196080
v -1.365730 8.263230 -0.221920
v -1.379703 8.277203 -0.196080
v -1.354458 8.280100 -0.221920
v -1.372714 8.287662 -0.196080
v -1.386900 8.300000 -0.228000
v -1.388087 8.305970 -0.228000
v -1.391469 8.311031 -0.228000
v -1.396530 8.314413 -0.228000
v -1.402500 8.315600 -0.228000
v -1.408470 8.314413 -0.228000
v -1.413531 8.311031 -0.228000
v -1.416913 8.305970 -0.228000
v -1.418100 8.300000 -0.228000
v -1.416913 8.294030 -0.228000
v -1.413531 8.288969 -0.228000
v -1.408470 8.285587 -0.228000
v -1.402500 8.284400 -0.228000
v -1.396530 8.285587 -0.228000
v -1.391469 8.288969 -0.228000
v -1.388087 8.294030 -0.228000
v -1.350500 8.300000 -0.259920
v -1.354458 8.319900 -0.259920
v -1.372714 8.312338 -0.234080
v -1.370260 8.300000 -0.234080
v -1.365730 8.336770 -0.259920
v -1.379703 8.322797 -0.234080
v -1.382600 8.348042 -0.259920
v -1.390162 8.329786 -0.234080
v -1.402500 8.352000 -0.259920
v -1.402500 8.332240 -0.234080
v -1.422400 8.348042 -0.259920
v -1.414838 8.329786 -0.234080
v -1.439270 8.336770 -0.259920
v -1.425297 8.322797 -0.234080
v -1.450542 8.319900 -0.259920
v -1.432286 8.312338 -0.234080
v -1.454500 8.300000 -0.259920
v -1.434740 8.300000 -0.234080
v -1.450542 8.280100 -0.259920
v -1.432286 8.287662 -0.234080
v -1.439270 8.263230 -0.259920
v -1.425297 8.277203 -0.234080
v -1.422400 8.251958 -0.259920
v -1.414838 8.270214 -0.234080
v -1.402500 8.248000 -0.259920
v -1.402500 8.267760 -0.234080
v -1.382600 8.251958 -0.259920
v -1.390162 8.270214 -0.234080
v -1.365730 8.263230 -0.259920
v -1.379703 8.277203 -0.234080
v -1.354458 8.280100 -0.259920
v -1.372714 8.287662 -0.234080
v -1.386900 8.300000 -0.266000
v -1.388087 8.305970 -0.266000
v -1.391469 8.311031 -0.266000
v -1.396530 8.314413 -0.266000
v -1.402500 8.315600 -0.266000
v -1.408470 8.314413 -0.266000
v -1.413531 8.311031 -0.266000
v -1.416913 8.305970 -0.266000
v -1.418100 8.300000 -0.266000
v -1.416913 8.294030 -0.266000
v -1.413531 8.288969 -0.266000
v -1.408470 8.285587 -0.266000
v -1.402500 8.284400 -0.266000
v -1.396530 8.285587 -0.266000
v -1.391469 8.288969 -0.266000
v -1.388087 8.294030 -0.266000
v -1.350500 8.300000 -0.297920
v -1.354458 8.319900 -0.297920
v -1.372714 8.312338 -0.272080
v -1.370260 8.300000 -0.272080
v -1.365730 8.336770 -0.297920
v -1.379703 8.322797 -0.272080
v -1.382600 8.348042 -0.297920
v -1.390162 8.329786 -0.272080
v -1.402500 8.352000 -0.297920
v -1.402500 8.332240 -0.272080
v -1.422400 8.348042 -0.297920
v -1.414838 8.329786 -0.272080
v -1.439270 8.336770 -0.297920
v -1.425297 8.322797 -0.272080
v -1.450542 8.319900 -0.297920
v -1.432286 8.312338 -0.272080
v -1.454500 8.300000 -0.297920
v -1.434740 8.300000 -0.272080
v -1.450542 8.280100 -0.297920
v -1.432286 8.287662 -0.272080
v -1.439270 8.263230 -0.297920
v -1.425297 8.277203 -0.272080
v -1.422400 8.251958 -0.297920
v -1.414838 8.270214 -0.272080
v -1.402500 8.248000 -0.297920
v -1.402500 8.267760 -0.272080
v -1.382600 8.251958 -0.297920
v -1.390162 8.270214 -0.272080
v -1.365730 8.263230 -0.297920
v -1.379703 8.277203 -0.272080
v -1.354458 8.280100 -0.297920
v -1.372714 8.287662 -0.272080
v -1.386900 8.300000 -0.304000
v -1.388087 8.305970 -0.304000
v -1.391469 8.311031 -0.304000
v -1.396530 8.314413 -0.304000
v -1.402500 8.315600 -0.304000
v -1.408470 8.314413 -0.304000
v -1.413531 8.311031 -0.304000
v -1.416913 8.305970 -0.304000
v -1.418100 8.300000 -0.304000
v -1.416913 8.294030 -0.304000
v -1.413531 8.288969 -0.304000
v -1.408470 8.285587 -0.304000
v -1.402500 8.284400 -0.304000
v -1.396530 8.285587 -0.304000
v -1.391469 8.288969 -0.304000
v -1.388087 8.294030 -0.304000
v -1.350500 8.300000 -0.335920
v -1.354458 8.319900 -0.335920
v -1.372714 8.312338 -0.310080
v -1.370260 8.300000 -0.310080
v -1.365730 8.336770 -0.335920
v -1.379703 8.322797 -0.310080
v -1.382600 8.348042 -0.335920
v -1.390162 8.329786 -0.310080
v -1.402500 8.352000 -0.335920
v -1.402500 8.332240 -0.310080
v -1.422400 8.348042 -0.335920
v -1.414838 8.329786 -0.310080
v -1.439270 8.336770 -0.335920
v -1.425297 8.322797 -0.310080
v -1.450542 8.319900 -0.335920
v -1.432286 8.312338 -0.310080
v -1.454500 8.300000 -0.335920
v -1.434740 8.300000 -0.310080
v -1.450542 8.280100 -0.335920
v -1.432286 8.287662 -0.310080
v -1.439270 8.263230 -0.335920
v -1.425297 8.277203 -0.310080
v -1.422400 8.251958 -0.335920
v -1.414838 8.270214 -0.310080
v -1.402500 8.248000 -0.335920
v -1.402500 8.267760 -0.310080
v -1.382600 8.251958 -0.335920
v -1.390162 8.270214 -0.310080
v -1.365730 8.263230 -0.335920
v -1.379703 8.277203 -0.310080
v -1.354458 8.280100 -0.335920
v -1.372714 8.287662 -0.310080
v -1.386900 8.300000 -0.342000
v -1.388087 8.305970 -0.342000
v -1.391469 8.311031 -0.342000
v -1.396530 8.314413 -0.342000
v -1.402500 8.315600 -0.342000
v -1.408470 8.314413 -0.342000
v -1.413531 8.311031 -0.342000
v -1.416913 8.305970 -0.342000
v -1.418100 8.300000 -0.342000
v -1.416913 8.294030 -0.342000
v -1.413531 8.288969 -0.342000
v -1.408470 8.285587 -0.342000
v -1.402500 8.284400 -0.342000
v -1.396530 8.285587 -0.342000
v -1.391469 8.288969 -0.342000
v -1.388087 8.294030 -0.342000
v -1.350500 8.300000 -0.373920
v -1.354458 8.319900 -0.373920
v -1.372714 8.312338 -0.348080
v -1.370260 8.300000 -0.348080
v -1.365730 8.336770 -0.373920
v -1.379703 8.322797 -0.348080
v -1.382600 8.348042 -0.373920
v -1.390162 8.329786 -0.348080
v -1.402500 8.352000 -0.373920
v -1.402500 8.332240 -0.348080
v -1.422400 8.348042 -0.373920
v -1.414838 8.329786 -0.348080
v -1.439270 8.336770 -0.373920
v -1.425297 8.322797 -0.348080
v -1.450542 8.319900 -0.373920
v -1.432286 8.312338 -0.348080
v -1.454500 8.300000 -0.373920
v -1.434740 8.300000 -0.348080
v -1.450542 8.280100 -0.373920
v -1.432286 8.287662 -0.348080
v -1.439270 8.263230 -0.373920
v -1.425297 8.277203 -0.348080
v -1.422400 8.251958 -0.373920
v -1.414838 8.270214 -0.348080
v -1.402500 8.248000 -0.373920
v -1.402500 8.267760 -0.348080
v -1.382600 8.251958 -0.373920
v -1.390162 8.270214 -0.348080
v -1.365730 8.263230 -0.373920
v -1.379703 8.277203 -0.348080
v -1.354458 8.280100 -0.373920
v -1.372714 8.287662 -0.348080
v -1.386900 8.300000 -0.380000
v -1.388087 8.305970 -0.380000
v -1.391469 8.311031 -0.380000
v -1.396530 8.314413 -0.380000
v -1.402500 8.315600 -0.380000
v -1.408470 8.314413 -0.380000
v -1.413531 8.311031 -0.380000
v -1.416913 8.305970 -0.380000
v -1.418100 8.300000 -0.380000
v -1.416913 8.294030 -0.380000
v -1.413531 8.288969 -0.380000
v -1.408470 8.285587 -0.380000
v -1.402500 8.284400 -0.380000
v -1.396530 8.285587 -0.380000
v -1.391469 8.288969 -0.380000
v -1.388087 8.294030 -0.380000
v -1.350500 8.300000 -0.411920
v -1.354458 8.319900 -0.411920
v -1.372714 8.312338 -0.386080
v -1.370260 8.300000 -0.386080
v -1.365730 8.336770 -0.411920
v -1.379703 8.322797 -0.386080
v -1.382600 8.348042 -0.411920
v -1.390162 8.329786 -0.386080
v -1.402500 8.352000 -0.411920
v -1.402500 8.332240 -0.386080
v -1.422400 8.348042 -0.411920
v -1.414838 8.329786 -0.386080
v -1.439270 8.336770 -0.411920
v -1.425297 8.322797 -0.386080
v -1.450542 8.319900 -0.411920
v -1.432286 8.312338 -0.386080
v -1.454500 8.300000 -0.411920
v -1.434740 8.300000 -0.386080
v -1.450542 8.280100 -0.411920
v -1.432286 8.287662 -0.386080
v -1.439270 8.263230 -0.411920
v -1.425297 8.277203 -0.386080
v -1.422400 8.251958 -0.411920
v -1.414838 8.270214 -0.386080
v -1.402500 8.248000 -0.411920
v -1.402500 8.267760 -0.386080
v -1.382600 8.251958 -0.411920
v -1.390162 8.270214 -0.386080
v -1.365730 8.263230 -0.411920
v -1.379703 8.277203 -0.386080
v -1.354458 8.280100 -0.411920
v -1.372714 8.287662 -0.386080
v -1.386900 8.300000 -0.418000
v -1.388087 8.305970 -0.418000
v -1.391469 8.311031 -0.418000
v -1.396530 8.314413 -0.418000
v -1.402500 8.315600 -0.418000
v -1.408470 8.314413 -0.418000
v -1.413531 8.311031 -0.418000
v -1.416913 8.305970 -0.418000
v -1.418100 8.300000 -0.418000
v -1.416913 8.294030 -0.418000
v -1.413531 8.288969 -0.418000
v -1.408470 8.285587 -0.418000
v -1.402500 8.284400 -0.418000
v -1.396530 8.285587 -0.418000
v -1.391469 8.288969 -0.418000
v -1.388087 8.294030 -0.418000
v -1.350500 8.300000 -0.449920
v -1.354458 8.319900 -0.449920
v -1.372714 8.312338 -0.424080
v -1.370260 8.300000 -0.424080
v -1.365730 8.336770 -0.449920
v -1.379703 8.322797 -0.424080
v -1.382600 8.348042 -0.449920
v -1.390162 8.329786 -0.424080
v -1.402500 8.352000 -0.449920
v -1.402500 8.332240 -0.424080
v -1.422400 8.348042 -0.449920
v -1.414838 8.329786 -0.424080
v -1.439270 8.336770 -0.449920
v -1.425297 8.322797 -0.424080
v -1.450542 8.319900 -0.449920
v -1.432286 8.312338 -0.424080
v -1.454500 8.300000 -0.449920
v -1.434740 8.300000 -0.424080
v -1.450542 8.280100 -0.449920
v -1.432286 8.287662 -0.424080
v -1.439270 8.263230 -0.449920
v -1.425297 8.277203 -0.424080
v -1.422400 8.251958 -0.449920
v -1.414838 8.270214 -0.424080
v -1.402500 8.248000 -0.449920
v -1.402500 8.267760 -0.424080
v -1.382600 8.251958 -0.449920
v -1.390162 8.270214 -0.424080
v -1.365730 8.263230 -0.449920
v -1.379703 8.277203 -0.424080
v -1.354458 8.280100 -0.449920
v -1.372714 8.287662 -0.424080
v -1.386900 8.300000 -0.456000
v -1.388087 8.305970 -0.456000
v -1.391469 8.311031 -0.456000
v -1.396530 8.314413 -0.456000
v -1.402500 8.315600 -0.456000
v -1.408470 8.314413 -0.456000
v -1.413531 8.311031 -0.456000
v -1.416913 8.305970 -0.456000
v -1.418100 8.300000 -0.456000
v -1.416913 8.294030 -0.456000
v -1.413531 8.288969 -0.456000
v -1.408470 8.285587 -0.456000
v -1.402500 8.284400 -0.456000
v -1.396530 8.285587 -0.456000
v -1.391469 8.288969 -0.456000
v -1.388087 8.294030 -0.456000
v -1.350500 8.300000 -0.487920
v -1.354458 8.319900 -0.487920
v -1.372714 8.312338 -0.462080
v -1.370260 8.300000 -0.462080
v -1.365730 8.336770 -0.487920
v -1.379703 8.322797 -0.462080
v -1.382600 8.348042 -0.487920
v -1.390162 8.329786 -0.462080
v -1.402500 8.352000 -0.487920
v -1.402500 8.332240 -0.462080
v -1.422400 8.348042 -0.487920
v -1.414838 8.329786 -0.462080
v -1.439270 8.336770 -0.487920
v -1.425297 8.322797 -0.462080
v -1.450542 8.319900 -0.487920
v -1.432286 8.312338 -0.462080
v -1.454500 8.300000 -0.487920
v -1.434740 8.300000 -0.462080
v -1.450542 8.280100 -0.487920
v -1.432286 8.287662 -0.462080
v -1.439270 8.263230 -0.487920
v -1.425297 8.277203 -0.462080
v -1.422400 8.251958 -0.487920
v -1.414838 8.270214 -0.462080
v -1.402500 8.248000 -0.487920
v -1.402500 8.267760 -0.462080
v -1.382600 8.251958 -0.487920
v -1.390162 8.270214 -0.462080
v -1.365730 8.263230 -0.487920
v -1.379703 8.277203 -0.462080
v -1.354458 8.280100 -0.487920
v -1.372714 8.287662 -0.462080
v -1.386900 8.300000 -0.494000
v -1.388087 8.305970 -0.494000
v -1.391469 8.311031 -0.494000
v -1.396530 8.314413 -0.494000
v -1.402500 8.315600 -0.494000
v -1.408470 8.314413 -0.494000
v -1.413531 8.311031 -0.494000
v -1.416913 8.305970 -0.494000
v -1.418100 8.300000 -0.494000
v -1.416913 8.294030 -0.494000
v -1.413531 8.288969 -0.494000
v -1.408470 8.285587 -0.494000
v -1.402500 8.284400 -0.494000
v -1.396530 8.285587 -0.494000
v -1.391469 8.288969 -0.494000
v -1.388087 8.294030 -0.494000
v -1.350500 8.300000 -0.525920
v -1.354458 8.319900 -0.525920
v -1.372714 8.312338 -0.500080
v -1.370260 8.300000 -0.500080
v -1.365730 8.336770 -0.525920
v -1.379703 8.322797 -0.500080
v -1.382600 8.348042 -0.525920
v -1.390162 8.329786 -0.500080
v -1.402500 8.352000 -0.525920
v -1.402500 8.332240 -0.500080
v -1.422400 8.348042 -0.525920
v -1.414838 8.329786 -0.500080
v -1.439270 8.336770 -0.525920
v -1.425297 8.322797 -0.500080
v -1.450542 8.319900 -0.525920
v -1.432286 8.312338 -0.500080
v -1.454500 8.300000 -0.525920
v -1.434740 8.300000 -0.500080
v -1.450542 8.280100 -0.525920
v -1.432286 8.287662 -0.500080
v -1.439270 8.263230 -0.525920
v -1.425297 8.277203 -0.500080
v -1.422400 8.251958 -0.525920
v -1.414838 8.270214 -0.500080
v -1.402500 8.248000 -0.525920
v -1.402500 8.267760 -0.500080
v -1.382600 8.251958 -0.525920
v -1.390162 8.270214 -0.500080
v -1.365730 8.263230 -0.525920
v -1.379703 8.277203 -0.500080
v -1.354458 8.280100 -0.525920
v -1.372714 8.287662 -0.500080
v -1.386900 8.300000 -0.532000
v -1.388087 8.305970 -0.532000
v -1.391469 8.311031 -0.532000
v -1.396530 8.314413 -0.532000
v -1.402500 8.315600 -0.532000
v -1.408470 8.314413 -0.532000
v -1.413531 8.311031 -0.532000
v -1.416913 8.305970 -0.532000
v -1.418100 8.300000 -0.532000
v -1.416913 8.294030 -0.532000
v -1.413531 8.288969 -0.532000
v -1.408470 8.285587 -0.532000
v -1.402500 8.284400 -0.532000
v -1.396530 8.285587 -0.532000
v -1.391469 8.288969 -0.532000
v -1.388087 8.294030 -0.532000
v -1.350500 8.300000 -0.563920
v -1.354458 8.319900 -0.563920
v -1.372714 8.312338 -0.538080
v -1.370260 8.300000 -0.538080
v -1.365730 8.336770 -0.563920
v -1.379703 8.322797 -0.538080
v -1.382600 8.348042 -0.563920
v -1.390162 8.329786 -0.538080
v -1.402500 8.352000 -0.563920
v -1.402500 8.332240 -0.538080
v -1.422400 8.348042 -0.563920
v -1.414838 8.329786 -0.538080
v -1.439270 8.336770 -0.563920
v -1.425297 8.322797 -0.538080
v -1.450542 8.319900 -0.563920
v -1.432286 8.312338 -0.538080
v -1.454500 8.300000 -0.563920
v -1.434740 8.300000 -0.538080
v -1.450542 8.280100 -0.563920
v -1.432286 8.287662 -0.538080
v -1.439270 8.263230 -0.563920
v -1.425297 8.277203 -0.538080
v -1.422400 8.251958 -0.563920
v -1.414838 8.270214 -0.538080
v -1.402500 8.248000 -0.563920
v -1.402500 8.267760 -0.538080
v -1.382600 8.251958 -0.563920
v -1.390162 8.270214 -0.538080
v -1.365730 8.263230 -0.563920
v -1.379703 8.277203 -0.538080
v -1.354458 8.280100 -0.563920
v -1.372714 8.287662 -0.538080
v -1.386900 8.300000 -0.570000
v -1.388087 8.305970 -0.570000
v -1.391469 8.311031 -0.570000
v -1.396530 8.314413 -0.570000
v -1.402500 8.315600 -0.570000
v -1.408470 8.314413 -0.570000
v -1.413531 8.311031 -0.570000
v -1.416913 8.305970 -0.570000
v -1.418100 8.300000 -0.570000
v -1.416913 8.294030 -0.570000
v -1.413531 8.288969 -0.570000
v -1.408470 8.285587 -0.570000
v -1.402500 8.284400 -0.570000
v -1.396530 8.285587 -0.570000
v -1.391469 8.288969 -0.570000
v -1.388087 8.294030 -0.570000
v -1.350500 8.300000 -0.601920
v -1.354458 8.319900 -0.601920
v -1.372714 8.312338 -0.576080
v -1.370260 8.300000 -0.576080
v -1.365730 8.336770 -0.601920
v -1.379703 8.322797 -0.576080
v -1.382600 8.348042 -0.601920
v -1.390162 8.329786 -0.576080
v -1.402500 8.352000 -0.601920
v -1.402500 8.332240 -0.576080
v -1.422400 8.348042 -0.601920
v -1.414838 8.329786 -0.576080
v -1.439270 8.336770 -0.601920
v -1.425297 8.322797 -0.576080
v -1.450542 8.319900 -0.601920
v -1.432286 8.312338 -0.576080
v -1.454500 8.300000 -0.601920
v -1.434740 8.300000 -0.576080
v -1.450542 8.280100 -0.601920
v -1.432286 8.287662 -0.576080
v -1.439270 8.263230 -0.601920
v -1.425297 8.277203 -0.576080
v -1.422400 8.251958 -0.601920
v -1.414838 8.270214 -0.576080
v -1.402500 8.248000 -0.601920
v -1.402500 8.267760 -0.576080
v -1.382600 8.251958 -0.601920
v -1.390162 8.270214 -0.576080
v -1.365730 8.263230 -0.601920
v -1.379703 8.277203 -0.576080
v -1.354458 8.280100 -0.601920
v -1.372714 8.287662 -0.576080
v -1.386900 8.300000 -0.608000
v -1.388087 8.305970 -0.608000
v -1.391469 8.311031 -0.608000
v -1.396530 8.314413 -0.608000
v -1.402500 8.315600 -0.608000
v -1.408470 8.314413 -0.608000
v -1.413531 8.311031 -0.608000
v -1.416913 8.305970 -0.608000
v -1.418100 8.300000 -0.608000
v -1.416913 8.294030 -0.608000
v -1.413531 8.288969 -0.608000
v -1.408470 8.285587 -0.608000
v -1.402500 8.284400 -0.608000
v -1.396530 8.285587 -0.608000
v -1.391469 8.288969 -0.608000
v -1.388087 8.294030 -0.608000
v -1.350500 8.300000 -0.639920
v -1.354458 8.319900 -0.639920
v -1.372714 8.312338 -0.614080
v -1.370260 8.300000 -0.614080
v -1.365730 8.336770 -0.639920
v -1.379703 8.322797 -0.614080
v -1.382600 8.348042 -0.639920
v -1.390162 8.329786 -0.614080
v -1.402500 8.352000 -0.639920
v -1.402500 8.332240 -0.614080
v -1.422400 8.348042 -0.639920
v -1.414838 8.329786 -0.614080
v -1.439270 8.336770 -0.639920
v -1.425297 8.322797 -0.614080
v -1.450542 8.319900 -0.639920
v -1.432286 8.312338 -0.614080
v -1.454500 8.300000 -0.639920
v -1.434740 8.300000 -0.614080
v -1.450542 8.280100 -0.639920
v -1.432286 8.287662 -0.614080
v -1.439270 8.263230 -0.639920
v -1.425297 8.277203 -0.614080
v -1.422400 8.251958 -0.639920
v -1.414838 8.270214 -0.614080
v -1.402500 8.248000 -0.639920
v -1.402500 8.267760 -0.614080
v -1.382600 8.251958 -0.639920
v -1.390162 8.270214 -0.614080
v -1.365730 8.263230 -0.639920
v -1.379703 8.277203 -0.614080
v -1.354458 8.280100 -0.639920
v -1.372714 8.287662 -0.614080
v -1.386900 8.300000 -0.646000
v -1.388087 8.305970 -0.646000
v -1.391469 8.311031 -0.646000
v -1.396530 8.314413 -0.646000
v -1.402500 8.315600 -0.646000
v -1.408470 8.314413 -0.646000
v -1.413531 8.311031 -0.646000
v -1.416913 8.305970 -0.646000
v -1.418100 8.300000 -0.646000
v -1.416913 8.294030 -0.646000
v -1.413531 8.288969 -0.646000
v -1.408470 8.285587 -0.646000
v -1.402500 8.284400 -0.646000
v -1.396530 8.285587 -0.646000
v -1.391469 8.288969 -0.646000
v -1.388087 8.294030 -0.646000
v -1.350500 8.300000 -0.677920
v -1.354458 8.319900 -0.677920
v -1.372714 8.312338 -0.652080
v -1.370260 8.300000 -0.652080
v -1.365730 8.336770 -0.677920
v -1.379703 8.322797 -0.652080
v -1.382600 8.348042 -0.677920
v -1.390162 8.329786 -0.652080
v -1.402500 8.352000 -0.677920
v -1.402500 8.332240 -0.652080
v -1.422400 8.348042 -0.677920
v -1.414838 8.329786 -0.652080
v -1.439270 8.336770 -0.677920
v -1.425297 8.322797 -0.652080
v -1.450542 8.319900 -0.677920
v -1.432286 8.312338 -0.652080
v -1.454500 8.300000 -0.677920
v -1.434740 8.300000 -0.652080
v -1.450542 8.280100 -0.677920
v -1.432286 8.287662 -0.652080
v -1.439270 8.263230 -0.677920
v -1.425297 8.277203 -0.652080
v -1.422400 8.251958 -0.677920
v -1.414838 8.270214 -0.652080
v -1.402500 8.248000 -0.677920
v -1.402500 8.267760 -0.652080
v -1.382600 8.251958 -0.677920
v -1.390162 8.270214 -0.652080
v -1.365730 8.263230 -0.677920
v -1.379703 8.277203 -0.652080
v -1.354458 8.280100 -0.677920
v -1.372714 8.287662 -0.652080
v -1.386900 8.300000 -0.684000
v -1.388087 8.305970 -0.684000
v -1.391469 8.311031 -0.684000
v -1.396530 8.314413 -0.684000
v -1.402500 8.315600 -0.684000
v -1.408470 8.314413 -0.684000
v -1.413531 8.311031 -0.684000
v -1.416913 8.305970 -0.684000
v -1.418100 8.300000 -0.684000
v -1.416913 8.294030 -0.684000
v -1.413531 8.288969 -0.684000
v -1.408470 8.285587 -0.684000
v -1.402500 8.284400 -0.684000
v -1.396530 8.285587 -0.684000
v -1.391469 8.288969 -0.684000
v -1.388087 8.294030 -0.684000
v -1.457500 8.265000 -0.769000
v -1.347500 8.265000 -0.769000
v -1.347500 8.265000 -0.699000
v -1.457500 8.265000 -0.699000
v -1.457500 8.335000 -0.699000
v -1.347500 8.335000 -0.699000
v -1.347500 8.335000 -0.769000
v -1.457500 8.335000 -0.769000
v -1.350500 8.300000 0.006080
v -1.354458 8.319900 0.006080
v -1.372714 8.312338 0.031920
v -1.370260 8.300000 0.031920
v -1.365730 8.336770 0.006080
v -1.379703 8.322797 0.031920
v -1.382600 8.348042 0.006080
v -1.390162 8.329786 0.031920
v -1.402500 8.352000 0.006080
v -1.402500 8.332240 0.031920
v -1.422400 8.348042 0.006080
v -1.414838 8.329786 0.031920
v -1.439270 8.336770 0.006080
v -1.425297 8.322797 0.031920
v -1.450542 8.319900 0.006080
v -1.432286 8.312338 0.031920
v -1.454500 8.300000 0.006080
v -1.434740 8.300000 0.031920
v -1.450542 8.280100 0.006080
v -1.432286 8.287662 0.031920
v -1.439270 8.263230 0.006080
v -1.425297 8.277203 0.031920
v -1.422400 8.251958 0.006080
v -1.414838 8.270214 0.031920
v -1.402500 8.248000 0.006080
v -1.402500 8.267760 0.031920
v -1.382600 8.251958 0.006080
v -1.390162 8.270214 0.031920
v -1.365730 8.263230 0.006080
v -1.379703 8.277203 0.031920
v -1.354458 8.280100 0.006080
v -1.372714 8.287662 0.031920
v -1.388087 8.305970 0.038000
v -1.386900 8.300000 0.038000
v -1.391469 8.311031 0.038000
v -1.396530 8.314413 0.038000
v -1.402500 8.315600 0.038000
v -1.408470 8.314413 0.038000
v -1.413531 8.311031 0.038000
v -1.416913 8.305970 0.038000
v -1.418100 8.300000 0.038000
v -1.416913 8.294030 0.038000
v -1.413531 8.288969 0.038000
v -1.408470 8.285587 0.038000
v -1.402500 8.284400 0.038000
v -1.396530 8.285587 0.038000
v -1.391469 8.288969 0.038000
v -1.388087 8.294030 0.038000
v -1.350500 8.300000 0.044080
v -1.354458 8.319900 0.044080
v -1.372714 8.312338 0.069920
v -1.370260 8.300000 0.069920
v -1.365730 8.336770 0.044080
v -1.379703 8.322797 0.069920
v -1.382600 8.348042 0.044080
v -1.390162 8.329786 0.069920
v -1.402500 8.352000 0.044080
v -1.402500 8.332240 0.069920
v -1.422400 8.348042 0.044080
v -1.414838 8.329786 0.069920
v -1.439270 8.336770 0.044080
v -1.425297 8.322797 0.069920
v -1.450542 8.319900 0.044080
v -1.432286 8.312338 0.069920
v -1.454500 8.300000 0.044080
v -1.434740 8.300000 0.069920
v -1.450542 8.280100 0.044080
v -1.432286 8.287662 0.069920
v -1.439270 8.263230 0.044080
v -1.425297 8.277203 0.069920
v -1.422400 8.251958 0.044080
v -1.414838 8.270214 0.069920
v -1.402500 8.248000 0.044080
v -1.402500 8.267760 0.069920
v -1.382600 8.251958 0.044080
v -1.390162 8.270214 0.069920
v -1.365730 8.263230 0.044080
v -1.379703 8.277203 0.069920
v -1.354458 8.280100 0.044080
v -1.372714 8.287662 0.069920
v -1.388087 8.305970 0.076000
v -1.386900 8.300000 0.076000
v -1.391469 8.311031 0.076000
v -1.396530 8.314413 0.076000
v -1.402500 8.315600 0.076000
v -1.408470 8.314413 0.076000
v -1.413531 8.311031 0.076000
v -1.416913 8.305970 0.076000
v -1.418100 8.300000 0.076000
v -1.416913 8.294030 0.076000
v -1.413531 8.288969 0.076000
v -1.408470 8.285587 0.076000
v -1.402500 8.284400 0.076000
v -1.396530 8.285587 0.076000
v -1.391469 8.288969 0.076000
v -1.388087 8.294030 0.076000
v -1.350500 8.300000 0.082080
v -1.354458 8.319900 0.082080
v -1.372714 8.312338 0.107920
v -1.370260 8.300000 0.107920
v -1.365730 8.336770 0.082080
v -1.379703 8.322797 0.107920
v -1.382600 8.348042 0.082080
v -1.390162 8.329786 0.107920
v -1.402500 8.352000 0.082080
v -1.402500 8.332240 0.107920
v -1.422400 8.348042 0.082080
v -1.414838 8.329786 0.107920
v -1.439270 8.336770 0.082080
v -1.425297 8.322797 0.107920
v -1.450542 8.319900 0.082080
v -1.432286 8.312338 0.107920
v -1.454500 8.300000 0.082080
v -1.434740 8.300000 0.107920
v -1.450542 8.280100 0.082080
v -1.432286 8.287662 0.107920
v -1.439270 8.263230 0.082080
v -1.425297 8.277203 0.107920
v -1.422400 8.251958 0.082080
v -1.414838 8.270214 0.107920
v -1.402500 8.248000 0.082080
v -1.402500 8.267760 0.107920
v -1.382600 8.251958 0.082080
v -1.390162 8.270214 0.107920
v -1.365730 8.263230 0.082080
v -1.379703 8.277203 0.107920
v -1.354458 8.280100 0.082080
v -1.372714 8.287662 0.107920
v -1.388087 8.305970 0.114000
v -1.386900 8.300000 0.114000
v -1.391469 8.311031 0.114000
v -1.396530 8.314413 0.114000
v -1.402500 8.315600 0.114000
v -1.408470 8.314413 0.114000
v -1.413531 8.311031 0.114000
v -1.416913 8.305970 0.114000
v -1.418100 8.300000 0.114000
v -1.416913 8.294030 0.114000
v -1.413531 8.288969 0.114000
v -1.408470 8.285587 0.114000
v -1.402500 8.284400 0.114000
v -1.396530 8.285587 0.114000
v -1.391469 8.288969 0.114000
v -1.388087 8.294030 0.114000
v -1.350500 8.300000 0.120080
v -1.354458 8.319900 0.120080
v -1.372714 8.312338 0.145920
v -1.370260 8.300000 0.145920
v -1.365730 8.336770 0.120080
v -1.379703 8.322797 0.145920
v -1.382600 8.348042 0.120080
v -1.390162 8.329786 0.145920
v -1.402500 8.352000 0.120080
v -1.402500 8.332240 0.145920
v -1.422400 8.348042 0.120080
v -1.414838 8.329786 0.145920
v -1.439270 8.336770 0.120080
v -1.425297 8.322797 0.145920
v -1.450542 8.319900 0.120080
v -1.432286 8.312338 0.145920
v -1.454500 8.300000 0.120080
v -1.434740 8.300000 0.145920
v -1.450542 8.280100 0.120080
v -1.432286 8.287662 0.145920
v -1.439270 8.263230 0.120080
v -1.425297 8.277203 0.145920
v -1.422400 8.251958 0.120080
v -1.414838 8.270214 0.145920
v -1.402500 8.248000 0.120080
v -1.402500 8.267760 0.145920
v -1.382600 8.251958 0.120080
v -1.390162 8.270214 0.145920
v -1.365730 8.263230 0.120080
v -1.379703 8.277203 0.145920
v -1.354458 8.280100 0.120080
v -1.372714 8.287662 0.145920
v -1.388087 8.305970 0.152000
v -1.386900 8.300000 0.152000
v -1.391469 8.311031 0.152000
v -1.396530 8.314413 0.152000
v -1.402500 8.315600 0.152000
v -1.408470 8.314413 0.152000
v -1.413531 8.311031 0.152000
v -1.416913 8.305970 0.152000
v -1.418100 8.300000 0.152000
v -1.416913 8.294030 0.152000
v -1.413531 8.288969 0.152000
v -1.408470 8.285587 0.152000
v -1.402500 8.284400 0.152000
v -1.396530 8.285587 0.152000
v -1.391469 8.288969 0.152000
v -1.388087 8.294030 0.152000
v -1.350500 8.300000 0.158080
v -1.354458 8.319900 0.158080
v -1.372714 8.312338 0.183920
v -1.370260 8.300000 0.183920
v -1.365730 8.336770 0.158080
v -1.379703 8.322797 0.183920
v -1.382600 8.348042 0.158080
v -1.390162 8.329786 0.183920
v -1.402500 8.352000 0.158080
v -1.402500 8.332240 0.183920
v -1.422400 8.348042 0.158080
v -1.414838 8.329786 0.183920
v -1.439270 8.336770 0.158080
v -1.425297 8.322797 0.183920
v -1.450542 8.319900 0.158080
v -1.432286 8.312338 0.183920
v -1.454500 8.300000 0.158080
v -1.434740 8.300000 0.183920
v -1.450542 8.280100 0.158080
v -1.432286 8.287662 0.183920
v -1.439270 8.263230 0.158080
v -1.425297 8.277203 0.183920
v -1.422400 8.251958 0.158080
v -1.414838 8.270214 0.183920
v -1.402500 8.248000 0.158080
v -1.402500 8.267760 0.183920
v -1.382600 8.251958 0.158080
v -1.390162 8.270214 0.183920
v -1.365730 8.263230 0.158080
v -1.379703 8.277203 0.183920
v -1.354458 8.280100 0.158080
v -1.372714 8.287662 0.183920
v -1.388087 8.305970 0.190000
v -1.386900 8.300000 0.190000
v -1.391469 8.311031 0.190000
v -1.396530 8.314413 0.190000
v -1.402500 8.315600 0.190000
v -1.408470 8.314413 0.190000
v -1.413531 8.311031 0.190000
v -1.416913 8.305970 0.190000
v -1.418100 8.300000 0.190000
v -1.416913 8.294030 0.190000
v -1.413531 8.288969 0.190000
v -1.408470 8.285587 0.190000
v -1.402500 8.284400 0.190000
v -1.396530 8.285587 0.190000
v -1.391469 8.288969 0.190000
v -1.388087 8.294030 0.190000
v -1.350500 8.300000 0.196080
v -1.354458 8.319900 0.196080
v -1.372714 8.312338 0.221920
v -1.370260 8.300000 0.221920
v -1.365730 8.336770 0.196080
v -1.379703 8.322797 0.221920
v -1.382600 8.348042 0.196080
v -1.390162 8.329786 0.221920
v -1.402500 8.352000 0.196080
v -1.402500 8.332240 0.221920
v -1.422400 8.348042 0.196080
v -1.414838 8.329786 0.221920
v -1.439270 8.336770 0.196080
v -1.425297 8.322797 0.221920
v -1.450542 8.319900 0.196080
v -1.432286 8.312338 0.221920
v -1.454500 8.300000 0.196080
v -1.434740 8.300000 0.221920
v -1.450542 8.280100 0.196080
v -1.432286 8.287662 0.221920
v -1.439270 8.263230 0.196080
v -1.425297 8.277203 0.221920
v -1.422400 8.251958 0.196080
v -1.414838 8.270214 0.221920
v -1.402500 8.248000 0.196080
v -1.402500 8.267760 0.221920
v -1.382600 8.251958 0.196080
v -1.390162 8.270214 0.221920
v -1.365730 8.263230 0.196080
v -1.379703 8.277203 0.221920
v -1.354458 8.280100 0.196080
v -1.372714 8.287662 0.221920
v -1.388087 8.305970 0.228000
v -1.386900 8.300000 0.228000
v -1.391469 8.311031 0.228000
v -1.396530 8.314413 0.228000
v -1.402500 8.315600 0.228000
v -1.408470 8.314413 0.228000
v -1.413531 8.311031 0.228000
v -1.416913 8.305970 0.228000
v -1.418100 8.300000 0.228000
v -1.416913 8.294030 0.228000
v -1.413531 8.288969 0.228000
v -1.408470 8.285587 0.228000
v -1.402500 8.284400 0.228000
v -1.396530 8.285587 0.228000
v -1.391469 8.288969 0.228000
v -1.388087 8.294030 0.228000
v -1.350500 8.300000 0.234080
v -1.354458 8.319900 0.234080
v -1.372714 8.312338 0.259920
v -1.370260 8.300000 0.259920
v -1.365730 8.336770 0.234080
v -1.379703 8.322797 0.259920
v -1.382600 8.348042 0.234080
v -1.390162 8.329786 0.259920
v -1.402500 8.352000 0.234080
v -1.402500 8.332240 0.259920
v -1.422400 8.348042 0.234080
v -1.414838 8.329786 0.259920
v -1.439270 8.336770 0.234080
v -1.425297 8.322797 0.259920
v -1.450542 8.319900 0.234080
v -1.432286 8.312338 0.259920
v -1.454500 8.300000 0.234080
v -1.434740 8.300000 0.259920
v -1.450542 8.280100 0.234080
v -1.432286 8.287662 0.259920
v -1.439270 8.263230 0.234080
v -1.425297 8.277203 0.259920
v -1.422400 8.251958 0.234080
v -1.414838 8.270214 0.259920
v -1.402500 8.248000 0.234080
v -1.402500 8.267760 0.259920
v -1.382600 8.251958 0.234080
v -1.390162 8.270214 0.259920
v -1.365730 8.263230 0.234080
v -1.379703 8.277203 0.259920
v -1.354458 8.280100 0.234080
v -1.372714 8.287662 0.259920
v -1.388087 8.305970 0.266000
v -1.386900 8.300000 0.266000
v -1.391469 8.311031 0.266000
v -1.396530 8.314413 0.266000
v -1.402500 8.315600 0.266000
v -1.408470 8.314413 0.266000
v -1.413531 8.311031 0.266000
v -1.416913 8.305970 0.266000
v -1.418100 8.300000 0.266000
v -1.416913 8.294030 0.266000
v -1.413531 8.288969 0.266000
v -1.408470 8.285587 0.266000
v -1.402500 8.284400 0.266000
v -1.396530 8.285587 0.266000
v -1.391469 8.288969 0.266000
v -1.388087 8.294030 0.266000
v -1.350500 8.300000 0.272080
v -1.354458 8.319900 0.272080
v -1.372714 8.312338 0.297920
v -1.370260 8.300000 0.297920
v -1.365730 8.336770 0.272080
v -1.379703 8.322797 0.297920
v -1.382600 8.348042 0.272080
v -1.390162 8.329786 0.297920
v -1.402500 8.352000 0.272080
v -1.402500 8.332240 0.297920
v -1.422400 8.348042 0.272080
v -1.414838 8.329786 0.297920
v -1.439270 8.336770 0.272080
v -1.425297 8.322797 0.297920
v -1.450542 8.319900 0.272080
v -1.432286 8.312338 0.297920
v -1.454500 8.300000 0.272080
v -1.434740 8.300000 0.297920
v -1.450542 8.280100 0.272080
v -1.432286 8.287662 0.297920
v -1.439270 8.263230 0.272080
v -1.425297 8.277203 0.297920
v -1.422400 8.251958 0.272080
v -1.414838 8.270214 0.297920
v -1.402500 8.248000 0.272080
v -1.402500 8.267760 0.297920
v -1.382600 8.251958 0.272080
v -1.390162 8.270214 0.297920
v -1.365730 8.263230 0.272080
v -1.379703 8.277203 0.297920
v -1.354458 8.280100 0.272080
v -1.372714 8.287662 0.297920
v -1.388087 8.305970 0.304000
v -1.386900 8.300000 0.304000
v -1.391469 8.311031 0.304000
v -1.396530 8.314413 0.304000
v -1.402500 8.315600 0.304000
v -1.408470 8.314413 0.304000
v -1.413531 8.311031 0.304000
v -1.416913 8.305970 0.304000
v -1.418100 8.300000 0.304000
v -1.416913 8.294030 0.304000
v -1.413531 8.288969 0.304000
v -1.408470 8.285587 0.304000
v -1.402500 8.284400 0.304000
v -1.396530 8.285587 0.304000
v -1.391469 8.288969 0.304000
v -1.388087 8.294030 0.304000
v -1.350500 8.300000 0.310080
v -1.354458 8.319900 0.310080
v -1.372714 8.312338 0.335920
v -1.370260 8.300000 0.335920
v -1.365730 8.336770 0.310080
v -1.379703 8.322797 0.335920
v -1.382600 8.348042 0.310080
v -1.390162 8.329786 0.335920
v -1.402500 8.352000 0.310080
v -1.402500 8.332240 0.335920
v -1.422400 8.348042 0.310080
v -1.414838 8.329786 0.335920
v -1.439270 8.336770 0.310080
v -1.425297 8.322797 0.335920
v -1.450542 8.319900 0.310080
v -1.432286 8.312338 0.335920
v -1.454500 8.300000 0.310080
v -1.434740 8.300000 0.335920
v -1.450542 8.280100 0.310080
v -1.432286 8.287662 0.335920
v -1.439270 8.263230 0.310080
v -1.425297 8.277203 0.335920
v -1.422400 8.251958 0.310080
v -1.414838 8.270214 0.335920
v -1.402500 8.248000 0.310080
v -1.402500 8.267760 0.335920
v -1.382600 8.251958 0.310080
v -1.390162 8.270214 0.335920
v -1.365730 8.263230 0.310080
v -1.379703 8.277203 0.335920
v -1.354458 8.280100 0.310080
v -1.372714 8.287662 0.335920
v -1.388087 8.305970 0.342000
v -1.386900 8.300000 0.342000
v -1.391469 8.311031 0.342000
v -1.396530 8.314413 0.342000
v -1.402500 8.315600 0.342000
v -1.408470 8.314413 0.342000
v -1.413531 8.311031 0.342000
v -1.416913 8.305970 0.342000
v -1.418100 8.300000 0.342000
v -1.416913 8.294030 0.342000
v -1.413531 8.288969 0.342000
v -1.408470 8.285587 0.342000
v -1.402500 8.284400 0.342000
v -1.396530 8.285587 0.342000
v -1.391469 8.288969 0.342000
v -1.388087 8.294030 0.342000
v -1.350500 8.300000 0.348080
v -1.354458 8.319900 0.348080
v -1.372714 8.312338 0.373920
v -1.370260 8.300000 0.373920
v -1.365730 8.336770 0.348080
v -1.379703 8.322797 0.373920
v -1.382600 8.348042 0.348080
v -1.390162 8.329786 0.373920
v -1.402500 8.352000 0.348080
v -1.402500 8.332240 0.373920
v -1.422400 8.348042 0.348080
v -1.414838 8.329786 0.373920
v -1.439270 8.336770 0.348080
v -1.425297 8.322797 0.373920
v -1.450542 8.319900 0.348080
v -1.432286 8.312338 0.373920
v -1.454500 8.300000 0.348080
v -1.434740 8.300000 0.373920
v -1.450542 8.280100 0.348080
v -1.432286 8.287662 0.373920
v -1.439270 8.263230 0.348080
v -1.425297 8.277203 0.373920
v -1.422400 8.251958 0.348080
v -1.414838 8.270214 0.373920
v -1.402500 8.248000 0.348080
v -1.402500 8.267760 0.373920
v -1.382600 8.251958 0.348080
v -1.390162 8.270214 0.373920
v -1.365730 8.263230 0.348080
v -1.379703 8.277203 0.373920
v -1.354458 8.280100 0.348080
v -1.372714 8.287662 0.373920
v -1.388087 8.305970 0.380000
v -1.386900 8.300000 0.380000
v -1.391469 8.311031 0.380000
v -1.396530 8.314413 0.380000
v -1.402500 8.315600 0.380000
v -1.408470 8.314413 0.380000
v -1.413531 8.311031 0.380000
v -1.416913 8.305970 0.380000
v -1.418100 8.300000 0.380000
v -1.416913 8.294030 0.380000
v -1.413531 8.288969 0.380000
v -1.408470 8.285587 0.380000
v -1.402500 8.284400 0.380000
v -1.396530 8.285587 0.380000
v -1.391469 8.288969 0.380000
v -1.388087 8.294030 0.380000
v -1.350500 8.300000 0.386080
v -1.354458 8.319900 0.386080
v -1.372714 8.312338 0.411920
v -1.370260 8.300000 0.411920
v -1.365730 8.336770 0.386080
v -1.379703 8.322797 0.411920
v -1.382600 8.348042 0.386080
v -1.390162 8.329786 0.411920
v -1.402500 8.352000 0.386080
v -1.402500 8.332240 0.411920
v -1.422400 8.348042 0.386080
v -1.414838 8.329786 0.411920
v -1.439270 8.336770 0.386080
v -1.425297 8.322797 0.411920
v -1.450542 8.319900 0.386080
v -1.432286 8.312338 0.411920
v -1.454500 8.300000 0.386080
v -1.434740 8.300000 0.411920
v -1.450542 8.280100 0.386080
v -1.432286 8.287662 0.411920
v -1.439270 8.263230 0.386080
v -1.425297 8.277203 0.411920
v -1.422400 8.251958 0.386080
v -1.414838 8.270214 0.411920
v -1.402500 8.248000 0.386080
v -1.402500 8.267760 0.411920
v -1.382600 8.251958 0.386080
v -1.390162 8.270214 0.411920
v -1.365730 8.263230 0.386080
v -1.379703 8.277203 0.411920
v -1.354458 8.280100 0.386080
v -1.372714 8.287662 0.411920
v -1.388087 8.305970 0.418000
v -1.386900 8.300000 0.418000
v -1.391469 8.311031 0.418000
v -1.396530 8.314413 0.418000
v -1.402500 8.315600 0.418000
v -1.408470 8.314413 0.418000
v -1.413531 8.311031 0.418000
v -1.416913 8.305970 0.418000
v -1.418100 8.300000 0.418000
v -1.416913 8.294030 0.418000
v -1.413531 8.288969 0.418000
v -1.408470 8.285587 0.418000
v -1.402500 8.284400 0.418000
v -1.396530 8.285587 0.418000
v -1.391469 8.288969 0.418000
v -1.388087 8.294030 0.418000
v -1.350500 8.300000 0.424080
v -1.354458 8.319900 0.424080
v -1.372714 8.312338 0.449920
v -1.370260 8.300000 0.449920
v -1.365730 8.336770 0.424080
v -1.379703 8.322797 0.449920
v -1.382600 8.348042 0.424080
v -1.390162 8.329786 0.449920
v -1.402500 8.352000 0.424080
v -1.402500 8.332240 0.449920
v -1.422400 8.348042 0.424080
v -1.414838 8.329786 0.449920
v -1.439270 8.336770 0.424080
v -1.425297 8.322797 0.449920
v -1.450542 8.319900 0.424080
v -1.432286 8.312338 0.449920
v -1.454500 8.300000 0.424080
v -1.434740 8.300000 0.449920
v -1.450542 8.280100 0.424080
v -1.432286 8.287662 0.449920
v -1.439270 8.263230 0.424080
v -1.425297 8.277203 0.449920
v -1.422400 8.251958 0.424080
v -1.414838 8.270214 0.449920
v -1.402500 8.248000 0.424080
v -1.402500 8.267760 0.449920
v -1.382600 8.251958 0.424080
v -1.390162 8.270214 0.449920
v -1.365730 8.263230 0.424080
v -1.379703 8.277203 0.449920
v -1.354458 8.280100 0.424080
v -1.372714 8.287662 0.449920
v -1.388087 8.305970 0.456000
v -1.386900 8.300000 0.456000
v -1.391469 8.311031 0.456000
v -1.396530 8.314413 0.456000
v -1.402500 8.315600 0.456000
v -1.408470 8.314413 0.456000
v -1.413531 8.311031 0.456000
v -1.416913 8.305970 0.456000
v -1.418100 8.300000 0.456000
v -1.416913 8.294030 0.456000
v -1.413531 8.288969 0.456000
v -1.408470 8.285587 0.456000
v -1.402500 8.284400 0.456000
v -1.396530 8.285587 0.456000
v -1.391469 8.288969 0.456000
v -1.388087 8.294030 0.456000
v -1.350500 8.300000 0.462080
v -1.354458 8.319900 0.462080
v -1.372714 8.312338 0.487920
v -1.370260 8.300000 0.487920
v -1.365730 8.336770 0.462080
v -1.379703 8.322797 0.487920
v -1.382600 8.348042 0.462080
v -1.390162 8.329786 0.487920
v -1.402500 8.352000 0.462080
v -1.402500 8.332240 0.487920
v -1.422400 8.348042 0.462080
v -1.414838 8.329786 0.487920
v -1.439270 8.336770 0.462080
v -1.425297 8.322797 0.487920
v -1.450542 8.319900 0.462080
v -1.432286 8.312338 0.487920
v -1.454500 8.300000 0.462080
v -1.434740 8.300000 0.487920
v -1.450542 8.280100 0.462080
v -1.432286 8.287662 0.487920
v -1.439270 8.263230 0.462080
v -1.425297 8.277203 0.487920
v -1.422400 8.251958 0.462080
v -1.414838 8.270214 0.487920
v -1.402500 8.248000 0.462080
v -1.402500 8.267760 0.487920
v -1.382600 8.251958 0.462080
v -1.390162 8.270214 0.487920
v -1.365730 8.263230 0.462080
v -1.379703 8.277203 0.487920
v -1.354458 8.280100 0.462080
v -1.372714 8.287662 0.487920
v -1.388087 8.305970 0.494000
v -1.386900 8.300000 0.494000
v -1.391469 8.311031 0.494000
v -1.396530 8.314413 0.494000
v -1.402500 8.315600 0.494000
v -1.408470 8.314413 0.494000
v -1.413531 8.311031 0.494000
v -1.416913 8.305970 0.494000
v -1.418100 8.300000 0.494000
v -1.416913 8.294030 0.494000
v -1.413531 8.288969 0.494000
v -1.408470 8.285587 0.494000
v -1.402500 8.284400 0.494000
v -1.396530 8.285587 0.494000
v -1.391469 8.288969 0.494000
v -1.388087 8.294030 0.494000
v -1.350500 8.300000 0.500080
v -1.354458 8.319900 0.500080
v -1.372714 8.312338 0.525920
v -1.370260 8.300000 0.525920
v -1.365730 8.336770 0.500080
v -1.379703 8.322797 0.525920
v -1.382600 8.348042 0.500080
v -1.390162 8.329786 0.525920
v -1.402500 8.352000 0.500080
v -1.402500 8.332240 0.525920
v -1.422400 8.348042 0.500080
v -1.414838 8.329786 0.525920
v -1.439270 8.336770 0.500080
v -1.425297 8.322797 0.525920
v -1.450542 8.319900 0.500080
v -1.432286 8.312338 0.525920
v -1.454500 8.300000 0.500080
v -1.434740 8.300000 0.525920
v -1.450542 8.280100 0.500080
v -1.432286 8.287662 0.525920
v -1.439270 8.263230 0.500080
v -1.425297 8.277203 0.525920
v -1.422400 8.251958 0.500080
v -1.414838 8.270214 0.525920
v -1.402500 8.248000 0.500080
v -1.402500 8.267760 0.525920
v -1.382600 8.251958 0.500080
v -1.390162 8.270214 0.525920
v -1.365730 8.263230 0.500080
v -1.379703 8.277203 0.525920
v -1.354458 8.280100 0.500080
v -1.372714 8.287662 0.525920
v -1.388087 8.305970 0.532000
v -1.386900 8.300000 0.532000
v -1.391469 8.311031 0.532000
v -1.396530 8.314413 0.532000
v -1.402500 8.315600 0.532000
v -1.408470 8.314413 0.532000
v -1.413531 8.311031 0.532000
v -1.416913 8.305970 0.532000
v -1.418100 8.300000 0.532000
v -1.416913 8.294030 0.532000
v -1.413531 8.288969 0.532000
v -1.408470 8.285587 0.532000
v -1.402500 8.284400 0.532000
v -1.396530 8.285587 0.532000
v -1.391469 8.288969 0.532000
v -1.388087 8.294030 0.532000
v -1.350500 8.300000 0.538080
v -1.354458 8.319900 0.538080
v -1.372714 8.312338 0.563920
v -1.370260 8.300000 0.563920
v -1.365730 8.336770 0.538080
v -1.379703 8.322797 0.563920
v -1.382600 8.348042 0.538080
v -1.390162 8.329786 0.563920
v -1.402500 8.352000 0.538080
v -1.402500 8.332240 0.563920
v -1.422400 8.348042 0.538080
v -1.414838 8.329786 0.563920
v -1.439270 8.336770 0.538080
v -1.425297 8.322797 0.563920
v -1.450542 8.319900 0.538080
v -1.432286 8.312338 0.563920
v -1.454500 8.300000 0.538080
v -1.434740 8.300000 0.563920
v -1.450542 8.280100 0.538080
v -1.432286 8.287662 0.563920
v -1.439270 8.263230 0.538080
v -1.425297 8.277203 0.563920
v -1.422400 8.251958 0.538080
v -1.414838 8.270214 0.563920
v -1.402500 8.248000 0.538080
v -1.402500 8.267760 0.563920
v -1.382600 8.251958 0.538080
v -1.390162 8.270214 0.563920
v -1.365730 8.263230 0.538080
v -1.379703 8.277203 0.563920
v -1.354458 8.280100 0.538080
v -1.372714 8.287662 0.563920
v -1.388087 8.305970 0.570000
v -1.386900 8.300000 0.570000
v -1.391469 8.311031 0.570000
v -1.396530 8.314413 0.570000
v -1.402500 8.315600 0.570000
v -1.408470 8.314413 0.570000
v -1.413531 8.311031 0.570000
v -1.416913 8.305970 0.570000
v -1.418100 8.300000 0.570000
v -1.416913 8.294030 0.570000
v -1.413531 8.288969 0.570000
v -1.408470 8.285587 0.570000
v -1.402500 8.284400 0.570000
v -1.396530 8.285587 0.570000
v -1.391469 8.288969 0.570000
v -1.388087 8.294030 0.570000
v -1.350500 8.300000 0.576080
v -1.354458 8.319900 0.576080
v -1.372714 8.312338 0.601920
v -1.370260 8.300000 0.601920
v -1.365730 8.336770 0.576080
v -1.379703 8.322797 0.601920
v -1.382600 8.348042 0.576080
v -1.390162 8.329786 0.601920
v -1.402500 8.352000 0.576080
v -1.402500 8.332240 0.601920
v -1.422400 8.348042 0.576080
v -1.414838 8.329786 0.601920
v -1.439270 8.336770 0.576080
v -1.425297 8.322797 0.601920
v -1.450542 8.319900 0.576080
v -1.432286 8.312338 0.601920
v -1.454500 8.300000 0.576080
v -1.434740 8.300000 0.601920
v -1.450542 8.280100 0.576080
v -1.432286 8.287662 0.601920
v -1.439270 8.263230 0.576080
v -1.425297 8.277203 0.601920
v -1.422400 8.251958 0.576080
v -1.414838 8.270214 0.601920
v -1.402500 8.248000 0.576080
v -1.402500 8.267760 0.601920
v -1.382600 8.251958 0.576080
v -1.390162 8.270214 0.601920
v -1.365730 8.263230 0.576080
v -1.379703 8.277203 0.601920
v -1.354458 8.280100 0.576080
v -1.372714 8.287662 0.601920
v -1.388087 8.305970 0.608000
v -1.386900 8.300000 0.608000
v -1.391469 8.311031 0.608000
v -1.396530 8.314413 0.608000
v -1.402500 8.315600 0.608000
v -1.408470 8.314413 0.608000
v -1.413531 8.311031 0.608000
v -1.416913 8.305970 0.608000
v -1.418100 8.300000 0.608000
v -1.416913 8.294030 0.608000
v -1.413531 8.288969 0.608000
v -1.408470 8.285587 0.608000
v -1.402500 8.284400 0.608000
v -1.396530 8.285587 0.608000
v -1.391469 8.288969 0.608000
v -1.388087 8.294030 0.608000
v -1.350500 8.300000 0.614080
v -1.354458 8.319900 0.614080
v -1.372714 8.312338 0.639920
v -1.370260 8.300000 0.639920
v -1.365730 8.336770 0.614080
v -1.379703 8.322797 0.639920
v -1.382600 8.348042 0.614080
v -1.390162 8.329786 0.639920
v -1.402500 8.352000 0.614080
v -1.402500 8.332240 0.639920
v -1.422400 8.348042 0.614080
v -1.414838 8.329786 0.639920
v -1.439270 8.336770 0.614080
v -1.425297 8.322797 0.639920
v -1.450542 8.319900 0.614080
v -1.432286 8.312338 0.639920
v -1.454500 8.300000 0.614080
v -1.434740 8.300000 0.639920
v -1.450542 8.280100 0.614080
v -1.432286 8.287662 0.639920
v -1.439270 8.263230 0.614080
v -1.425297 8.277203 0.639920
v -1.422400 8.251958 0.614080
v -1.414838 8.270214 0.639920
v -1.402500 8.248000 0.614080
v -1.402500 8.267760 0.639920
v -1.382600 8.251958 0.614080
v -1.390162 8.270214 0.639920
v -1.365730 8.263230 0.614080
v -1.379703 8.277203 0.639920
v -1.354458 8.280100 0.614080
v -1.372714 8.287662 0.639920
v -1.388087 8.305970 0.646000
v -1.386900 8.300000 0.646000
v -1.391469 8.311031 0.646000
v -1.396530 8.314413 0.646000
v -1.402500 8.315600 0.646000
v -1.408470 8.314413 0.646000
v -1.413531 8.311031 0.646000
v -1.416913 8.305970 0.646000
v -1.418100 8.300000 0.646000
v -1.416913 8.294030 0.646000
v -1.413531 8.288969 0.646000
v -1.408470 8.285587 0.646000
v -1.402500 8.284400 0.646000
v -1.396530 8.285587 0.646000
v -1.391469 8.288969 0.646000
v -1.388087 8.294030 0.646000
v -1.350500 8.300000 0.652080
v -1.354458 8.319900 0.652080
v -1.372714 8.312338 0.677920
v -1.370260 8.300000 0.677920
v -1.365730 8.336770 0.652080
v -1.379703 8.322797 0.677920
v -1.382600 8.348042 0.652080
v -1.390162 8.329786 0.677920
v -1.402500 8.352000 0.652080
v -1.402500 8.332240 0.677920
v -1.422400 8.348042 0.652080
v -1.414838 8.329786 0.677920
v -1.439270 8.336770 0.652080
v -1.425297 8.322797 0.677920
v -1.450542 8.319900 0.652080
v -1.432286 8.312338 0.677920
v -1.454500 8.300000 0.652080
v -1.434740 8.300000 0.677920
v -1.450542 8.280100 0.652080
v -1.432286 8.287662 0.677920
v -1.439270 8.263230 0.652080
v -1.425297 8.277203 0.677920
v -1.422400 8.251958 0.652080
v -1.414838 8.270214 0.677920
v -1.402500 8.248000 0.652080
v -1.402500 8.267760 0.677920
v -1.382600 8.251958 0.652080
v -1.390162 8.270214 0.677920
v -1.365730 8.263230 0.652080
v -1.379703 8.277203 0.677920
v -1.354458 8.280100 0.652080
v -1.372714 8.287662 0.677920
v -1.388087 8.305970 0.684000
v -1.386900 8.300000 0.684000
v -1.391469 8.311031 0.684000
v -1.396530 8.314413 0.684000
v -1.402500 8.315600 0.684000
v -1.408470 8.314413 0.684000
v -1.413531 8.311031 0.684000
v -1.416913 8.305970 0.684000
v -1.418100 8.300000 0.684000
v -1.416913 8.294030 0.684000
v -1.413531 8.288969 0.684000
v -1.408470 8.285587 0.684000
v -1.402500 8.284400 0.684000
v -1.396530 8.285587 0.684000
v -1.391469 8.288969 0.684000
v -1.388087 8.294030 0.684000
v -1.457500 8.265000 0.699000
v -1.347500 8.265000 0.699000
v -1.347500 8.265000 0.769000
v -1.457500 8.265000 0.769000
v -1.457500 8.335000 0.769000
v -1.347500 8.335000 0.769000
v -1.347500 8.335000 0.699000
v -1.457500 8.335000 0.699000
v -1.402500 8.324165 -0.716222
v -1.413981 8.322325 -0.717575
v -1.413981 8.215229 -0.572080
v -1.402500 8.217143 -0.570834
v -1.423713 8.317087 -0.721429
v -1.423713 8.209779 -0.575628
v -1.430216 8.309248 -0.727197
v -1.430216 8.201622 -0.580937
v -1.432500 8.300000 -0.734000
v -1.432500 8.192000 -0.587200
v -1.430216 8.290752 -0.740803
v -1.430216 8.182378 -0.593463
v -1.423713 8.282913 -0.746571
v -1.423713 8.174221 -0.598772
v -1.413981 8.277675 -0.750425
v -1.413981 8.168771 -0.602320
v -1.402500 8.275835 -0.751778
v -1.402500 8.166857 -0.603566
v -1.391019 8.277675 -0.750425
v -1.391019 8.168771 -0.602320
v -1.381287 8.282913 -0.746571
v -1.381287 8.174221 -0.598772
v -1.374784 8.290752 -0.740803
v -1.374784 8.182378 -0.593463
v -1.372500 8.300000 -0.734000
v -1.372500 8.192000 -0.587200
v -1.374784 8.309248 -0.727197
v -1.374784 8.201622 -0.580937
v -1.381287 8.317087 -0.721429
v -1.381287 8.209779 -0.575628
v -1.391019 8.322325 -0.717575
v -1.391019 8.215229 -0.572080
v -1.413981 8.132910 -0.428248
v -1.402500 8.134963 -0.427247
v -1.423713 8.127066 -0.431099
v -1.430216 8.118318 -0.435366
v -1.432500 8.108000 -0.440400
v -1.430216 8.097682 -0.445434
v -1.423713 8.088934 -0.449701
v -1.413981 8.083090 -0.452552
v -1.402500 8.081037 -0.453553
v -1.391019 8.083090 -0.452552
v -1.381287 8.088934 -0.449701
v -1.374784 8.097682 -0.445434
v -1.372500 8.108000 -0.440400
v -1.374784 8.118318 -0.435366
v -1.381287 8.127066 -0.431099
v -1.391019 8.132910 -0.428248
v -1.413981 8.074359 -0.285033
v -1.402500 8.076531 -0.284327
v -1.423713 8.068174 -0.287043
v -1.430216 8.058918 -0.290051
v -1.432500 8.048000 -0.293600
v -1.430216 8.037082 -0.297149
v -1.423713 8.027826 -0.300157
v -1.413981 8.021641 -0.302167
v -1.402500 8.019469 -0.302873
v -1.391019 8.021641 -0.302167
v -1.381287 8.027826 -0.300157
v -1.374784 8.037082 -0.297149
v -1.372500 8.048000 -0.293600
v -1.374784 8.058918 -0.290051
v -1.381287 8.068174 -0.287043
v -1.391019 8.074359 -0.285033
v -1.413981 8.039358 -0.142356
v -1.402500 8.041612 -0.141990
v -1.423713 8.032939 -0.143399
v -1.430216 8.023332 -0.144959
v -1.432500 8.012000 -0.146800
v -1.430216 8.000668 -0.148641
v -1.423713 7.991061 -0.150201
v -1.413981 7.984642 -0.151244
v -1.402500 7.982388 -0.151610
v -1.391019 7.984642 -0.151244
v -1.381287 7.991061 -0.150201
v -1.374784 8.000668 -0.148641
v -1.372500 8.012000 -0.146800
v -1.374784 8.023332 -0.144959
v -1.381287 8.032939 -0.143399
v -1.391019 8.039358 -0.142356
v -1.413981 8.027716 0.000000
v -1.402500 8.030000 0.000000
v -1.423713 8.021213 0.000000
v -1.430216 8.011481 0.000000
v -1.432500 8.000000 0.000000
v -1.430216 7.988519 0.000000
v -1.423713 7.978787 0.000000
v -1.413981 7.972284 0.000000
v -1.402500 7.970000 0.000000
v -1.391019 7.972284 0.000000
v -1.381287 7.978787 0.000000
v -1.374784 7.988519 0.000000
v -1.372500 8.000000 0.000000
v -1.374784 8.011481 0.000000
v -1.381287 8.021213 0.000000
v -1.391019 8.027716 0.000000
v -1.413981 8.039358 0.142356
v -1.402500 8.041612 0.141990
v -1.423713 8.032939 0.143399
v -1.430216 8.023332 0.144959
v -1.432500 8.012000 0.146800
v -1.430216 8.000668 0.148641
v -1.423713 7.991061 0.150201
v -1.413981 7.984642 0.151244
v -1.402500 7.982388 0.151610
v -1.391019 7.984642 0.151244
v -1.381287 7.991061 0.150201
v -1.374784 8.000668 0.148641
v -1.372500 8.012000 0.146800
v -1.374784 8.023332 0.144959
v -1.381287 8.032939 0.143399
v -1.391019 8.039358 0.142356
v -1.413981 8.074359 0.285033
v -1.402500 8.076531 0.284327
v -1.423713 8.068174 0.287043
v -1.430216 8.058918 0.290051
v -1.432500 8.048000 0.293600
v -1.430216 8.037082 0.297149
v -1.423713 8.027826 0.300157
v -1.413981 8.021641 0.302167
v -1.402500 8.019469 0.302873
v -1.391019 8.021641 0.302167
v -1.381287 8.027826 0.300157
v -1.374784 8.037082 0.297149
v -1.372500 8.048000 0.293600
v -1.374784 8.058918 0.290051
v -1.381287 8.068174 0.287043
v -1.391019 8.074359 0.285033
v -1.413981 8.132910 0.428248
v -1.402500 8.134963 0.427247
v -1.423713 8.127066 0.431099
v -1.430216 8.118318 0.435366
v -1.432500 8.108000 0.440400
v -1.430216 8.097682 0.445434
v -1.423713 8.088934 0.449701
v -1.413981 8.083090 0.452552
v -1.402500 8.081037 0.453553
v -1.391019 8.083090 0.452552
v -1.381287 8.088934 0.449701
v -1.374784 8.097682 0.445434
v -1.372500 8.108000 0.440400
v -1.374784 8.118318 0.435366
v -1.381287 8.127066 0.431099
v -1.391019 8.132910 0.428248
v -1.413981 8.215229 0.572080
v -1.402500 8.217143 0.570834
v -1.423713 8.209779 0.575628
v -1.430216 8.201622 0.580937
v -1.432500 8.192000 0.587200
v -1.430216 8.182378 0.593463
v -1.423713 8.174221 0.598772
v -1.413981 8.168771 0.602320
v -1.402500 8.166857 0.603566
v -1.391019 8.168771 0.602320
v -1.381287 8.174221 0.598772
v -1.374784 8.182378 0.593463
v -1.372500 8.192000 0.587200
v -1.374784 8.201622 0.580937
v -1.381287 8.209779 0.575628
v -1.391019 8.215229 0.572080
v -1.413981 8.322325 0.717575
v -1.402500 8.324165 0.716222
v -1.423713 8.317087 0.721429
v -1.430216 8.309248 0.727197
v -1.432500 8.300000 0.734000
v -1.430216 8.290752 0.740803
v -1.423713 8.282913 0.746571
v -1.413981 8.277675 0.750425
v -1.402500 8.275835 0.751778
v -1.391019 8.277675 0.750425
v -1.381287 8.282913 0.746571
v -1.374784 8.290752 0.740803
v -1.372500 8.300000 0.734000
v -1.374784 8.309248 0.727197
v -1.381287 8.317087 0.721429
v -1.391019 8.322325 0.717575
v 1.381700 8.279200 -0.309315
v 1.423300 8.279200 -0.309315
v 1.423300 8.279200 0.309315
v 1.381700 8.279200 0.309315
v 1.381700 8.320800 -0.309315
v 1.381700 8.320800 0.309315
v 1.423300 8.320800 0.309315
v 1.423300 8.320800 -0.309315
v 1.327500 8.270000 -0.075000
v 1.477500 8.270000 -0.075000
v 1.477500 8.270000 0.075000
v 1.327500 8.270000 0.075000
v 1.327500 8.310000 0.075000
v 1.477500 8.310000 0.075000
v 1.477500 8.310000 -0.075000
v 1.327500 8.310000 -0.075000
v 1.454500 8.300000 -0.031920
v 1.450542 8.319900 -0.031920
v 1.432286 8.312338 -0.006080
v 1.434740 8.300000 -0.006080
v 1.439270 8.336770 -0.031920
v 1.425297 8.322797 -0.006080
v 1.422400 8.348042 -0.031920
v 1.414838 8.329786 -0.006080
v 1.402500 8.352000 -0.031920
v 1.402500 8.332240 -0.006080
v 1.382600 8.348042 -0.031920
v 1.390162 8.329786 -0.006080
v 1.365730 8.336770 -0.031920
v 1.379703 8.322797 -0.006080
v 1.354458 8.319900 -0.031920
v 1.372714 8.312338 -0.006080
v 1.350500 8.300000 -0.031920
v 1.370260 8.300000 -0.006080
v 1.354458 8.280100 -0.031920
v 1.372714 8.287662 -0.006080
v 1.365730 8.263230 -0.031920
v 1.379703 8.277203 -0.006080
v 1.382600 8.251958 -0.031920
v 1.390162 8.270214 -0.006080
v 1.402500 8.248000 -0.031920
v 1.402500 8.267760 -0.006080
v 1.422400 8.251958 -0.031920
v 1.414838 8.270214 -0.006080
v 1.439270 8.263230 -0.031920
v 1.425297 8.277203 -0.006080
v 1.450542 8.280100 -0.031920
v 1.432286 8.287662 -0.006080
v 1.418100 8.300000 -0.038000
v 1.416913 8.305970 -0.038000
v 1.416913 8.305970 0.000000
v 1.418100 8.300000 0.000000
v 1.413531 8.311031 -0.038000
v 1.413531 8.311031 0.000000
v 1.408470 8.314413 -0.038000
v 1.408470 8.314413 0.000000
v 1.402500 8.315600 -0.038000
v 1.402500 8.315600 0.000000
v 1.396530 8.314413 -0.038000
v 1.396530 8.314413 0.000000
v 1.391469 8.311031 -0.038000
v 1.391469 8.311031 0.000000
v 1.388087 8.305970 -0.038000
v 1.388087 8.305970 0.000000
v 1.386900 8.300000 -0.038000
v 1.386900 8.300000 0.000000
v 1.388087 8.294030 -0.038000
v 1.388087 8.294030 0.000000
v 1.391469 8.288969 -0.038000
v 1.391469 8.288969 0.000000
v 1.396530 8.285587 -0.038000
v 1.396530 8.285587 0.000000
v 1.402500 8.284400 -0.038000
v 1.402500 8.284400 0.000000
v 1.408470 8.285587 -0.038000
v 1.408470 8.285587 0.000000
v 1.413531 8.288969 -0.038000
v 1.413531 8.288969 0.000000
v 1.416913 8.294030 -0.038000
v 1.416913 8.294030 0.000000
v 1.454500 8.300000 -0.069920
v 1.450542 8.319900 -0.069920
v 1.432286 8.312338 -0.044080
v 1.434740 8.300000 -0.044080
v 1.439270 8.336770 -0.069920
v 1.425297 8.322797 -0.044080
v 1.422400 8.348042 -0.069920
v 1.414838 8.329786 -0.044080
v 1.402500 8.352000 -0.069920
v 1.402500 8.332240 -0.044080
v 1.382600 8.348042 -0.069920
v 1.390162 8.329786 -0.044080
v 1.365730 8.336770 -0.069920
v 1.379703 8.322797 -0.044080
v 1.354458 8.319900 -0.069920
v 1.372714 8.312338 -0.044080
v 1.350500 8.300000 -0.069920
v 1.370260 8.300000 -0.044080
v 1.354458 8.280100 -0.069920
v 1.372714 8.287662 -0.044080
v 1.365730 8.263230 -0.069920
v 1.379703 8.277203 -0.044080
v 1.382600 8.251958 -0.069920
v 1.390162 8.270214 -0.044080
v 1.402500 8.248000 -0.069920
v 1.402500 8.267760 -0.044080
v 1.422400 8.251958 -0.069920
v 1.414838 8.270214 -0.044080
v 1.439270 8.263230 -0.069920
v 1.425297 8.277203 -0.044080
v 1.450542 8.280100 -0.069920
v 1.432286 8.287662 -0.044080
v 1.418100 8.300000 -0.076000
v 1.416913 8.305970 -0.076000
v 1.413531 8.311031 -0.076000
v 1.408470 8.314413 -0.076000
v 1.402500 8.315600 -0.076000
v 1.396530 8.314413 -0.076000
v 1.391469 8.311031 -0.076000
v 1.388087 8.305970 -0.076000
v 1.386900 8.300000 -0.076000
v 1.388087 8.294030 -0.076000
v 1.391469 8.288969 -0.076000
v 1.396530 8.285587 -0.076000
v 1.402500 8.284400 -0.076000
v 1.408470 8.285587 -0.076000
v 1.413531 8.288969 -0.076000
v 1.416913 8.294030 -0.076000
v 1.454500 8.300000 -0.107920
v 1.450542 8.319900 -0.107920
v 1.432286 8.312338 -0.082080
v 1.434740 8.300000 -0.082080
v 1.439270 8.336770 -0.107920
v 1.425297 8.322797 -0.082080
v 1.422400 8.348042 -0.107920
v 1.414838 8.329786 -0.082080
v 1.402500 8.352000 -0.107920
v 1.402500 8.332240 -0.082080
v 1.382600 8.348042 -0.107920
v 1.390162 8.329786 -0.082080
v 1.365730 8.336770 -0.107920
v 1.379703 8.322797 -0.082080
v 1.354458 8.319900 -0.107920
v 1.372714 8.312338 -0.082080
v 1.350500 8.300000 -0.107920
v 1.370260 8.300000 -0.082080
v 1.354458 8.280100 -0.107920
v 1.372714 8.287662 -0.082080
v 1.365730 8.263230 -0.107920
v 1.379703 8.277203 -0.082080
v 1.382600 8.251958 -0.107920
v 1.390162 8.270214 -0.082080
v 1.402500 8.248000 -0.107920
v 1.402500 8.267760 -0.082080
v 1.422400 8.251958 -0.107920
v 1.414838 8.270214 -0.082080
v 1.439270 8.263230 -0.107920
v 1.425297 8.277203 -0.082080
v 1.450542 8.280100 -0.107920
v 1.432286 8.287662 -0.082080
v 1.418100 8.300000 -0.114000
v 1.416913 8.305970 -0.114000
v 1.413531 8.311031 -0.114000
v 1.408470 8.314413 -0.114000
v 1.402500 8.315600 -0.114000
v 1.396530 8.314413 -0.114000
v 1.391469 8.311031 -0.114000
v 1.388087 8.305970 -0.114000
v 1.386900 8.300000 -0.114000
v 1.388087 8.294030 -0.114000
v 1.391469 8.288969 -0.114000
v 1.396530 8.285587 -0.114000
v 1.402500 8.284400 -0.114000
v 1.408470 8.285587 -0.114000
v 1.413531 8.288969 -0.114000
v 1.416913 8.294030 -0.114000
v 1.454500 8.300000 -0.145920
v 1.450542 8.319900 -0.145920
v 1.432286 8.312338 -0.120080
v 1.434740 8.300000 -0.120080
v 1.439270 8.336770 -0.145920
v 1.425297 8.322797 -0.120080
v 1.422400 8.348042 -0.145920
v 1.414838 8.329786 -0.120080
v 1.402500 8.352000 -0.145920
v 1.402500 8.332240 -0.120080
v 1.382600 8.348042 -0.145920
v 1.390162 8.329786 -0.120080
v 1.365730 8.336770 -0.145920
v 1.379703 8.322797 -0.120080
v 1.354458 8.319900 -0.145920
v 1.372714 8.312338 -0.120080
v 1.350500 8.300000 -0.145920
v 1.370260 8.300000 -0.120080
v 1.354458 8.280100 -0.145920
v 1.372714 8.287662 -0.120080
v 1.365730 8.263230 -0.145920
v 1.379703 8.277203 -0.120080
v 1.382600 8.251958 -0.145920
v 1.390162 8.270214 -0.120080
v 1.402500 8.248000 -0.145920
v 1.402500 8.267760 -0.120080
v 1.422400 8.251958 -0.145920
v 1.414838 8.270214 -0.120080
v 1.439270 8.263230 -0.145920
v 1.425297 8.277203 -0.120080
v 1.450542 8.280100 -0.145920
v 1.432286 8.287662 -0.120080
v 1.418100 8.300000 -0.152000
v 1.416913 8.305970 -0.152000
v 1.413531 8.311031 -0.152000
v 1.408470 8.314413 -0.152000
v 1.402500 8.315600 -0.152000
v 1.396530 8.314413 -0.152000
v 1.391469 8.311031 -0.152000
v 1.388087 8.305970 -0.152000
v 1.386900 8.300000 -0.152000
v 1.388087 8.294030 -0.152000
v 1.391469 8.288969 -0.152000
v 1.396530 8.285587 -0.152000
v 1.402500 8.284400 -0.152000
v 1.408470 8.285587 -0.152000
v 1.413531 8.288969 -0.152000
v 1.416913 8.294030 -0.152000
v 1.454500 8.300000 -0.183920
v 1.450542 8.319900 -0.183920
v 1.432286 8.312338 -0.158080
v 1.434740 8.300000 -0.158080
v 1.439270 8.336770 -0.183920
v 1.425297 8.322797 -0.158080
v 1.422400 8.348042 -0.183920
v 1.414838 8.329786 -0.158080
v 1.402500 8.352000 -0.183920
v 1.402500 8.332240 -0.158080
v 1.382600 8.348042 -0.183920
v 1.390162 8.329786 -0.158080
v 1.365730 8.336770 -0.183920
v 1.379703 8.322797 -0.158080
v 1.354458 8.319900 -0.183920
v 1.372714 8.312338 -0.158080
v 1.350500 8.300000 -0.183920
v 1.370260 8.300000 -0.158080
v 1.354458 8.280100 -0.183920
v 1.372714 8.287662 -0.158080
v 1.365730 8.263230 -0.183920
v 1.379703 8.277203 -0.158080
v 1.382600 8.251958 -0.183920
v 1.390162 8.270214 -0.158080
v 1.402500 8.248000 -0.183920
v 1.402500 8.267760 -0.158080
v 1.422400 8.251958 -0.183920
v 1.414838 8.270214 -0.158080
v 1.439270 8.263230 -0.183920
v 1.425297 8.277203 -0.158080
v 1.450542 8.280100 -0.183920
v 1.432286 8.287662 -0.158080
v 1.418100 8.300000 -0.190000
v 1.416913 8.305970 -0.190000
v 1.413531 8.311031 -0.190000
v 1.408470 8.314413 -0.190000
v 1.402500 8.315600 -0.190000
v 1.396530 8.314413 -0.190000
v 1.391469 8.311031 -0.190000
v 1.388087 8.305970 -0.190000
v 1.386900 8.300000 -0.190000
v 1.388087 8.294030 -0.190000
v 1.391469 8.288969 -0.190000
v 1.396530 8.285587 -0.190000
v 1.402500 8.284400 -0.190000
v 1.408470 8.285587 -0.190000
v 1.413531 8.288969 -0.190000
v 1.416913 8.294030 -0.190000
v 1.454500 8.300000 -0.221920
v 1.450542 8.319900 -0.221920
v 1.432286 8.312338 -0.196080
v 1.434740 8.300000 -0.196080
v 1.439270 8.336770 -0.221920
v 1.425297 8.322797 -0.196080
v 1.422400 8.348042 -0.221920
v 1.414838 8.329786 -0.196080
v 1.402500 8.352000 -0.221920
v 1.402500 8.332240 -0.196080
v 1.382600 8.348042 -0.221920
v 1.390162 8.329786 -0.196080
v 1.365730 8.336770 -0.221920
v 1.379703 8.322797 -0.196080
v 1.354458 8.319900 -0.221920
v 1.372714 8.312338 -0.196080
v 1.350500 8.300000 -0.221920
v 1.370260 8.300000 -0.196080
v 1.354458 8.280100 -0.221920
v 1.372714 8.287662 -0.196080
v 1.365730 8.263230 -0.221920
v 1.379703 8.277203 -0.196080
v 1.382600 8.251958 -0.221920
v 1.390162 8.270214 -0.196080
v 1.402500 8.248000 -0.221920
v 1.402500 8.267760 -0.196080
v 1.422400 8.251958 -0.221920
v 1.414838 8.270214 -0.196080
v 1.439270 8.263230 -0.221920
v 1.425297 8.277203 -0.196080
v 1.450542 8.280100 -0.221920
v 1.432286 8.287662 -0.196080
v 1.418100 8.300000 -0.228000
v 1.416913 8.305970 -0.228000
v 1.413531 8.311031 -0.228000
v 1.408470 8.314413 -0.228000
v 1.402500 8.315600 -0.228000
v 1.396530 8.314413 -0.228000
v 1.391469 8.311031 -0.228000
v 1.388087 8.305970 -0.228000
v 1.386900 8.300000 -0.228000
v 1.388087 8.294030 -0.228000
v 1.391469 8.288969 -0.228000
v 1.396530 8.285587 -0.228000
v 1.402500 8.284400 -0.228000
v 1.408470 8.285587 -0.228000
v 1.413531 8.288969 -0.228000
v 1.416913 8.294030 -0.228000
v 1.454500 8.300000 -0.259920
v 1.450542 8.319900 -0.259920
v 1.432286 8.312338 -0.234080
v 1.434740 8.300000 -0.234080
v 1.439270 8.336770 -0.259920
v 1.425297 8.322797 -0.234080
v 1.422400 8.348042 -0.259920
v 1.414838 8.329786 -0.234080
v 1.402500 8.352000 -0.259920
v 1.402500 8.332240 -0.234080
v 1.382600 8.348042 -0.259920
v 1.390162 8.329786 -0.234080
v 1.365730 8.336770 -0.259920
v 1.379703 8.322797 -0.234080
v 1.354458 8.319900 -0.259920
v 1.372714 8.312338 -0.234080
v 1.350500 8.300000 -0.259920
v 1.370260 8.300000 -0.234080
v 1.354458 8.280100 -0.259920
v 1.372714 8.287662 -0.234080
v 1.365730 8.263230 -0.259920
v 1.379703 8.277203 -0.234080
v 1.382600 8.251958 -0.259920
v 1.390162 8.270214 -0.234080
v 1.402500 8.248000 -0.259920
v 1.402500 8.267760 -0.234080
v 1.422400 8.251958 -0.259920
v 1.414838 8.270214 -0.234080
v 1.439270 8.263230 -0.259920
v 1.425297 8.277203 -0.234080
v 1.450542 8.280100 -0.259920
v 1.432286 8.287662 -0.234080
v 1.418100 8.300000 -0.266000
v 1.416913 8.305970 -0.266000
v 1.413531 8.311031 -0.266000
v 1.408470 8.314413 -0.266000
v 1.402500 8.315600 -0.266000
v 1.396530 8.314413 -0.266000
v 1.391469 8.311031 -0.266000
v 1.388087 8.305970 -0.266000
v 1.386900 8.300000 -0.266000
v 1.388087 8.294030 -0.266000
v 1.391469 8.288969 -0.266000
v 1.396530 8.285587 -0.266000
v 1.402500 8.284400 -0.266000
v 1.408470 8.285587 -0.266000
v 1.413531 8.288969 -0.266000
v 1.416913 8.294030 -0.266000
v 1.454500 8.300000 -0.297920
v 1.450542 8.319900 -0.297920
v 1.432286 8.312338 -0.272080
v 1.434740 8.300000 -0.272080
v 1.439270 8.336770 -0.297920
v 1.425297 8.322797 -0.272080
v 1.422400 8.348042 -0.297920
v 1.414838 8.329786 -0.272080
v 1.402500 8.352000 -0.297920
v 1.402500 8.332240 -0.272080
v 1.382600 8.348042 -0.297920
v 1.390162 8.329786 -0.272080
v 1.365730 8.336770 -0.297920
v 1.379703 8.322797 -0.272080
v 1.354458 8.319900 -0.297920
v 1.372714 8.312338 -0.272080
v 1.350500 8.300000 -0.297920
v 1.370260 8.300000 -0.272080
v 1.354458 8.280100 -0.297920
v 1.372714 8.287662 -0.272080
v 1.365730 8.263230 -0.297920
v 1.379703 8.277203 -0.272080
v 1.382600 8.251958 -0.297920
v 1.390162 8.270214 -0.272080
v 1.402500 8.248000 -0.297920
v 1.402500 8.267760 -0.272080
v 1.422400 8.251958 -0.297920
v 1.414838 8.270214 -0.272080
v 1.439270 8.263230 -0.297920
v 1.425297 8.277203 -0.272080
v 1.450542 8.280100 -0.297920
v 1.432286 8.287662 -0.272080
v 1.418100 8.300000 -0.304000
v 1.416913 8.305970 -0.304000
v 1.413531 8.311031 -0.304000
v 1.408470 8.314413 -0.304000
v 1.402500 8.315600 -0.304000
v 1.396530 8.314413 -0.304000
v 1.391469 8.311031 -0.304000
v 1.388087 8.305970 -0.304000
v 1.386900 8.300000 -0.304000
v 1.388087 8.294030 -0.304000
v 1.391469 8.288969 -0.304000
v 1.396530 8.285587 -0.304000
v 1.402500 8.284400 -0.304000
v 1.408470 8.285587 -0.304000
v 1.413531 8.288969 -0.304000
v 1.416913 8.294030 -0.304000
v 1.454500 8.300000 -0.335920
v 1.450542 8.319900 -0.335920
v 1.432286 8.312338 -0.310080
v 1.434740 8.300000 -0.310080
v 1.439270 8.336770 -0.335920
v 1.425297 8.322797 -0.310080
v 1.422400 8.348042 -0.335920
v 1.414838 8.329786 -0.310080
v 1.402500 8.352000 -0.335920
v 1.402500 8.332240 -0.310080
v 1.382600 8.348042 -0.335920
v 1.390162 8.329786 -0.310080
v 1.365730 8.336770 -0.335920
v 1.379703 8.322797 -0.310080
v 1.354458 8.319900 -0.335920
v 1.372714 8.312338 -0.310080
v 1.350500 8.300000 -0.335920
v 1.370260 8.300000 -0.310080
v 1.354458 8.280100 -0.335920
v 1.372714 8.287662 -0.310080
v 1.365730 8.263230 -0.335920
v 1.379703 8.277203 -0.310080
v 1.382600 8.251958 -0.335920
v 1.390162 8.270214 -0.310080
v 1.402500 8.248000 -0.335920
v 1.402500 8.267760 -0.310080
v 1.422400 8.251958 -0.335920
v 1.414838 8.270214 -0.310080
v 1.439270 8.263230 -0.335920
v 1.425297 8.277203 -0.310080
v 1.450542 8.280100 -0.335920
v 1.432286 8.287662 -0.310080
v 1.418100 8.300000 -0.342000
v 1.416913 8.305970 -0.342000
v 1.413531 8.311031 -0.342000
v 1.408470 8.314413 -0.342000
v 1.402500 8.315600 -0.342000
v 1.396530 8.314413 -0.342000
v 1.391469 8.311031 -0.342000
v 1.388087 8.305970 -0.342000
v 1.386900 8.300000 -0.342000
v 1.388087 8.294030 -0.342000
v 1.391469 8.288969 -0.342000
v 1.396530 8.285587 -0.342000
v 1.402500 8.284400 -0.342000
v 1.408470 8.285587 -0.342000
v 1.413531 8.288969 -0.342000
v 1.416913 8.294030 -0.342000
v 1.454500 8.300000 -0.373920
v 1.450542 8.319900 -0.373920
v 1.432286 8.312338 -0.348080
v 1.434740 8.300000 -0.348080
v 1.439270 8.336770 -0.373920
v 1.425297 8.322797 -0.348080
v 1.422400 8.348042 -0.373920
v 1.414838 8.329786 -0.348080
v 1.402500 8.352000 -0.373920
v 1.402500 8.332240 -0.348080
v 1.382600 8.348042 -0.373920
v 1.390162 8.329786 -0.348080
v 1.365730 8.336770 -0.373920
v 1.379703 8.322797 -0.348080
v 1.354458 8.319900 -0.373920
v 1.372714 8.312338 -0.348080
v 1.350500 8.300000 -0.373920
v 1.370260 8.300000 -0.348080
v 1.354458 8.280100 -0.373920
v 1.372714 8.287662 -0.348080
v 1.365730 8.263230 -0.373920
v 1.379703 8.277203 -0.348080
v 1.382600 8.251958 -0.373920
v 1.390162 8.270214 -0.348080
v 1.402500 8.248000 -0.373920
v 1.402500 8.267760 -0.348080
v 1.422400 8.251958 -0.373920
v 1.414838 8.270214 -0.348080
v 1.439270 8.263230 -0.373920
v 1.425297 8.277203 -0.348080
v 1.450542 8.280100 -0.373920
v 1.432286 8.287662 -0.348080
v 1.418100 8.300000 -0.380000
v 1.416913 8.305970 -0.380000
v 1.413531 8.311031 -0.380000
v 1.408470 8.314413 -0.380000
v 1.402500 8.315600 -0.380000
v 1.396530 8.314413 -0.380000
v 1.391469 8.311031 -0.380000
v 1.388087 8.305970 -0.380000
v 1.386900 8.300000 -0.380000
v 1.388087 8.294030 -0.380000
v 1.391469 8.288969 -0.380000
v 1.396530 8.285587 -0.380000
v 1.402500 8.284400 -0.380000
v 1.408470 8.285587 -0.380000
v 1.413531 8.288969 -0.380000
v 1.416913 8.294030 -0.380000
v 1.454500 8.300000 -0.411920
v 1.450542 8.319900 -0.411920
v 1.432286 8.312338 -0.386080
v 1.434740 8.300000 -0.386080
v 1.439270 8.336770 -0.411920
v 1.425297 8.322797 -0.386080
v 1.422400 8.348042 -0.411920
v 1.414838 8.329786 -0.386080
v 1.402500 8.352000 -0.411920
v 1.402500 8.332240 -0.386080
v 1.382600 8.348042 -0.411920
v 1.390162 8.329786 -0.386080
v 1.365730 8.336770 -0.411920
v 1.379703 8.322797 -0.386080
v 1.354458 8.319900 -0.411920
v 1.372714 8.312338 -0.386080
v 1.350500 8.300000 -0.411920
v 1.370260 8.300000 -0.386080
v 1.354458 8.280100 -0.411920
v 1.372714 8.287662 -0.386080
v 1.365730 8.263230 -0.411920
v 1.379703 8.277203 -0.386080
v 1.382600 8.251958 -0.411920
v 1.390162 8.270214 -0.386080
v 1.402500 8.248000 -0.411920
v 1.402500 8.267760 -0.386080
v 1.422400 8.251958 -0.411920
v 1.414838 8.270214 -0.386080
v 1.439270 8.263230 -0.411920
v 1.425297 8.277203 -0.386080
v 1.450542 8.280100 -0.411920
v 1.432286 8.287662 -0.386080
v 1.418100 8.300000 -0.418000
v 1.416913 8.305970 -0.418000
v 1.413531 8.311031 -0.418000
v 1.408470 8.314413 -0.418000
v 1.402500 8.315600 -0.418000
v 1.396530 8.314413 -0.418000
v 1.391469 8.311031 -0.418000
v 1.388087 8.305970 -0.418000
v 1.386900 8.300000 -0.418000
v 1.388087 8.294030 -0.418000
v 1.391469 8.288969 -0.418000
v 1.396530 8.285587 -0.418000
v 1.402500 8.284400 -0.418000
v 1.408470 8.285587 -0.418000
v 1.413531 8.288969 -0.418000
v 1.416913 8.294030 -0.418000
v 1.454500 8.300000 -0.449920
v 1.450542 8.319900 -0.449920
v 1.432286 8.312338 -0.424080
v 1.434740 8.300000 -0.424080
v 1.439270 8.336770 -0.449920
v 1.425297 8.322797 -0.424080
v 1.422400 8.348042 -0.449920
v 1.414838 8.329786 -0.424080
v 1.402500 8.352000 -0.449920
v 1.402500 8.332240 -0.424080
v 1.382600 8.348042 -0.449920
v 1.390162 8.329786 -0.424080
v 1.365730 8.336770 -0.449920
v 1.379703 8.322797 -0.424080
v 1.354458 8.319900 -0.449920
v 1.372714 8.312338 -0.424080
v 1.350500 8.300000 -0.449920
v 1.370260 8.300000 -0.424080
v 1.354458 8.280100 -0.449920
v 1.372714 8.287662 -0.424080
v 1.365730 8.263230 -0.449920
v 1.379703 8.277203 -0.424080
v 1.382600 8.251958 -0.449920
v 1.390162 8.270214 -0.424080
v 1.402500 8.248000 -0.449920
v 1.402500 8.267760 -0.424080
v 1.422400 8.251958 -0.449920
v 1.414838 8.270214 -0.424080
v 1.439270 8.263230 -0.449920
v 1.425297 8.277203 -0.424080
v 1.450542 8.280100 -0.449920
v 1.432286 8.287662 -0.424080
v 1.418100 8.300000 -0.456000
v 1.416913 8.305970 -0.456000
v 1.413531 8.311031 -0.456000
v 1.408470 8.314413 -0.456000
v 1.402500 8.315600 -0.456000
v 1.396530 8.314413 -0.456000
v 1.391469 8.311031 -0.456000
v 1.388087 8.305970 -0.456000
v 1.386900 8.300000 -0.456000
v 1.388087 8.294030 -0.456000
v 1.391469 8.288969 -0.456000
v 1.396530 8.285587 -0.456000
v 1.402500 8.284400 -0.456000
v 1.408470 8.285587 -0.456000
v 1.413531 8.288969 -0.456000
v 1.416913 8.294030 -0.456000
v 1.454500 8.300000 -0.487920
v 1.450542 8.319900 -0.487920
v 1.432286 8.312338 -0.462080
v 1.434740 8.300000 -0.462080
v 1.439270 8.336770 -0.487920
v 1.425297 8.322797 -0.462080
v 1.422400 8.348042 -0.487920
v 1.414838 8.329786 -0.462080
v 1.402500 8.352000 -0.487920
v 1.402500 8.332240 -0.462080
v 1.382600 8.348042 -0.487920
v 1.390162 8.329786 -0.462080
v 1.365730 8.336770 -0.487920
v 1.379703 8.322797 -0.462080
v 1.354458 8.319900 -0.487920
v 1.372714 8.312338 -0.462080
v 1.350500 8.300000 -0.487920
v 1.370260 8.300000 -0.462080
v 1.354458 8.280100 -0.487920
v 1.372714 8.287662 -0.462080
v 1.365730 8.263230 -0.487920
v 1.379703 8.277203 -0.462080
v 1.382600 8.251958 -0.487920
v 1.390162 8.270214 -0.462080
v 1.402500 8.248000 -0.487920
v 1.402500 8.267760 -0.462080
v 1.422400 8.251958 -0.487920
v 1.414838 8.270214 -0.462080
v 1.439270 8.263230 -0.487920
v 1.425297 8.277203 -0.462080
v 1.450542 8.280100 -0.487920
v 1.432286 8.287662 -0.462080
v 1.418100 8.300000 -0.494000
v 1.416913 8.305970 -0.494000
v 1.413531 8.311031 -0.494000
v 1.408470 8.314413 -0.494000
v 1.402500 8.315600 -0.494000
v 1.396530 8.314413 -0.494000
v 1.391469 8.311031 -0.494000
v 1.388087 8.305970 -0.494000
v 1.386900 8.300000 -0.494000
v 1.388087 8.294030 -0.494000
v 1.391469 8.288969 -0.494000
v 1.396530 8.285587 -0.494000
v 1.402500 8.284400 -0.494000
v 1.408470 8.285587 -0.494000
v 1.413531 8.288969 -0.494000
v 1.416913 8.294030 -0.494000
v 1.454500 8.300000 -0.525920
v 1.450542 8.319900 -0.525920
v 1.432286 8.312338 -0.500080
v 1.434740 8.300000 -0.500080
v 1.439270 8.336770 -0.525920
v 1.425297 8.322797 -0.500080
v 1.422400 8.348042 -0.525920
v 1.414838 8.329786 -0.500080
v 1.402500 8.352000 -0.525920
v 1.402500 8.332240 -0.500080
v 1.382600 8.348042 -0.525920
v 1.390162 8.329786 -0.500080
v 1.365730 8.336770 -0.525920
v 1.379703 8.322797 -0.500080
v 1.354458 8.319900 -0.525920
v 1.372714 8.312338 -0.500080
v 1.350500 8.300000 -0.525920
v 1.370260 8.300000 -0.500080
v 1.354458 8.280100 -0.525920
v 1.372714 8.287662 -0.500080
v 1.365730 8.263230 -0.525920
v 1.379703 8.277203 -0.500080
v 1.382600 8.251958 -0.525920
v 1.390162 8.270214 -0.500080
v 1.402500 8.248000 -0.525920
v 1.402500 8.267760 -0.500080
v 1.422400 8.251958 -0.525920
v 1.414838 8.270214 -0.500080
v 1.439270 8.263230 -0.525920
v 1.425297 8.277203 -0.500080
v 1.450542 8.280100 -0.525920
v 1.432286 8.287662 -0.500080
v 1.418100 8.300000 -0.532000
v 1.416913 8.305970 -0.532000
v 1.413531 8.311031 -0.532000
v 1.408470 8.314413 -0.532000
v 1.402500 8.315600 -0.532000
v 1.396530 8.314413 -0.532000
v 1.391469 8.311031 -0.532000
v 1.388087 8.305970 -0.532000
v 1.386900 8.300000 -0.532000
v 1.388087 8.294030 -0.532000
v 1.391469 8.288969 -0.532000
v 1.396530 8.285587 -0.532000
v 1.402500 8.284400 -0.532000
v 1.408470 8.285587 -0.532000
v 1.413531 8.288969 -0.532000
v 1.416913 8.294030 -0.532000
v 1.454500 8.300000 -0.563920
v 1.450542 8.319900 -0.563920
v 1.432286 8.312338 -0.538080
v 1.434740 8.300000 -0.538080
v 1.439270 8.336770 -0.563920
v 1.425297 8.322797 -0.538080
v 1.422400 8.348042 -0.563920
v 1.414838 8.329786 -0.538080
v 1.402500 8.352000 -0.563920
v 1.402500 8.332240 -0.538080
v 1.382600 8.348042 -0.563920
v 1.390162 8.329786 -0.538080
v 1.365730 8.336770 -0.563920
v 1.379703 8.322797 -0.538080
v 1.354458 8.319900 -0.563920
v 1.372714 8.312338 -0.538080
v 1.350500 8.300000 -0.563920
v 1.370260 8.300000 -0.538080
v 1.354458 8.280100 -0.563920
v 1.372714 8.287662 -0.538080
v 1.365730 8.263230 -0.563920
v 1.379703 8.277203 -0.538080
v 1.382600 8.251958 -0.563920
v 1.390162 8.270214 -0.538080
v 1.402500 8.248000 -0.563920
v 1.402500 8.267760 -0.538080
v 1.422400 8.251958 -0.563920
v 1.414838 8.270214 -0.538080
v 1.439270 8.263230 -0.563920
v 1.425297 8.277203 -0.538080
v 1.450542 8.280100 -0.563920
v 1.432286 8.287662 -0.538080
v 1.418100 8.300000 -0.570000
v 1.416913 8.305970 -0.570000
v 1.413531 8.311031 -0.570000
v 1.408470 8.314413 -0.570000
v 1.402500 8.315600 -0.570000
v 1.396530 8.314413 -0.570000
v 1.391469 8.311031 -0.570000
v 1.388087 8.305970 -0.570000
v 1.386900 8.300000 -0.570000
v 1.388087 8.294030 -0.570000
v 1.391469 8.288969 -0.570000
v 1.396530 8.285587 -0.570000
v 1.402500 8.284400 -0.570000
v 1.408470 8.285587 -0.570000
v 1.413531 8.288969 -0.570000
v 1.416913 8.294030 -0.570000
v 1.454500 8.300000 -0.601920
v 1.450542 8.319900 -0.601920
v 1.432286 8.312338 -0.576080
v 1.434740 8.300000 -0.576080
v 1.439270 8.336770 -0.601920
v 1.425297 8.322797 -0.576080
v 1.422400 8.348042 -0.601920
v 1.414838 8.329786 -0.576080
v 1.402500 8.352000 -0.601920
v 1.402500 8.332240 -0.576080
v 1.382600 8.348042 -0.601920
v 1.390162 8.329786 -0.576080
v 1.365730 8.336770 -0.601920
v 1.379703 8.322797 -0.576080
v 1.354458 8.319900 -0.601920
v 1.372714 8.312338 -0.576080
v 1.350500 8.300000 -0.601920
v 1.370260 8.300000 -0.576080
v 1.354458 8.280100 -0.601920
v 1.372714 8.287662 -0.576080
v 1.365730 8.263230 -0.601920
v 1.379703 8.277203 -0.576080
v 1.382600 8.251958 -0.601920
v 1.390162 8.270214 -0.576080
v 1.402500 8.248000 -0.601920
v 1.402500 8.267760 -0.576080
v 1.422400 8.251958 -0.601920
v 1.414838 8.270214 -0.576080
v 1.439270 8.263230 -0.601920
v 1.425297 8.277203 -0.576080
v 1.450542 8.280100 -0.601920
v 1.432286 8.287662 -0.576080
v 1.418100 8.300000 -0.608000
v 1.416913 8.305970 -0.608000
v 1.413531 8.311031 -0.608000
v 1.408470 8.314413 -0.608000
v 1.402500 8.315600 -0.608000
v 1.396530 8.314413 -0.608000
v 1.391469 8.311031 -0.608000
v 1.388087 8.305970 -0.608000
v 1.386900 8.300000 -0.608000
v 1.388087 8.294030 -0.608000
v 1.391469 8.288969 -0.608000
v 1.396530 8.285587 -0.608000
v 1.402500 8.284400 -0.608000
v 1.408470 8.285587 -0.608000
v 1.413531 8.288969 -0.608000
v 1.416913 8.294030 -0.608000
v 1.454500 8.300000 -0.639920
v 1.450542 8.319900 -0.639920
v 1.432286 8.312338 -0.614080
v 1.434740 8.300000 -0.614080
v 1.439270 8.336770 -0.639920
v 1.425297 8.322797 -0.614080
v 1.422400 8.348042 -0.639920
v 1.414838 8.329786 -0.614080
v 1.402500 8.352000 -0.639920
v 1.402500 8.332240 -0.614080
v 1.382600 8.348042 -0.639920
v 1.390162 8.329786 -0.614080
v 1.365730 8.336770 -0.639920
v 1.379703 8.322797 -0.614080
v 1.354458 8.319900 -0.639920
v 1.372714 8.312338 -0.614080
v 1.350500 8.300000 -0.639920
v 1.370260 8.300000 -0.614080
v 1.354458 8.280100 -0.639920
v 1.372714 8.287662 -0.614080
v 1.365730 8.263230 -0.639920
v 1.379703 8.277203 -0.614080
v 1.382600 8.251958 -0.639920
v 1.390162 8.270214 -0.614080
v 1.402500 8.248000 -0.639920
v 1.402500 8.267760 -0.614080
v 1.422400 8.251958 -0.639920
v 1.414838 8.270214 -0.614080
v 1.439270 8.263230 -0.639920
v 1.425297 8.277203 -0.614080
v 1.450542 8.280100 -0.639920
v 1.432286 8.287662 -0.614080
v 1.418100 8.300000 -0.646000
v 1.416913 8.305970 -0.646000
v 1.413531 8.311031 -0.646000
v 1.408470 8.314413 -0.646000
v 1.402500 8.315600 -0.646000
v 1.396530 8.314413 -0.646000
v 1.391469 8.311031 -0.646000
v 1.388087 8.305970 -0.646000
v 1.386900 8.300000 -0.646000
v 1.388087 8.294030 -0.646000
v 1.391469 8.288969 -0.646000
v 1.396530 8.285587 -0.646000
v 1.402500 8.284400 -0.646000
v 1.408470 8.285587 -0.646000
v 1.413531 8.288969 -0.646000
v 1.416913 8.294030 -0.646000
v 1.454500 8.300000 -0.677920
v 1.450542 8.319900 -0.677920
v 1.432286 8.312338 -0.652080
v 1.434740 8.300000 -0.652080
v 1.439270 8.336770 -0.677920
v 1.425297 8.322797 -0.652080
v 1.422400 8.348042 -0.677920
v 1.414838 8.329786 -0.652080
v 1.402500 8.352000 -0.677920
v 1.402500 8.332240 -0.652080
v 1.382600 8.348042 -0.677920
v 1.390162 8.329786 -0.652080
v 1.365730 8.336770 -0.677920
v 1.379703 8.322797 -0.652080
v 1.354458 8.319900 -0.677920
v 1.372714 8.312338 -0.652080
v 1.350500 8.300000 -0.677920
v 1.370260 8.300000 -0.652080
v 1.354458 8.280100 -0.677920
v 1.372714 8.287662 -0.652080
v 1.365730 8.263230 -0.677920
v 1.379703 8.277203 -0.652080
v 1.382600 8.251958 -0.677920
v 1.390162 8.270214 -0.652080
v 1.402500 8.248000 -0.677920
v 1.402500 8.267760 -0.652080
v 1.422400 8.251958 -0.677920
v 1.414838 8.270214 -0.652080
v 1.439270 8.263230 -0.677920
v 1.425297 8.277203 -0.652080
v 1.450542 8.280100 -0.677920
v 1.432286 8.287662 -0.652080
v 1.418100 8.300000 -0.684000
v 1.416913 8.305970 -0.684000
v 1.413531 8.311031 -0.684000
v 1.408470 8.314413 -0.684000
v 1.402500 8.315600 -0.684000
v 1.396530 8.314413 -0.684000
v 1.391469 8.311031 -0.684000
v 1.388087 8.305970 -0.684000
v 1.386900 8.300000 -0.684000
v 1.388087 8.294030 -0.684000
v 1.391469 8.288969 -0.684000
v 1.396530 8.285587 -0.684000
v 1.402500 8.284400 -0.684000
v 1.408470 8.285587 -0.684000
v 1.413531 8.288969 -0.684000
v 1.416913 8.294030 -0.684000
v 1.347500 8.265000 -0.769000
v 1.457500 8.265000 -0.769000
v 1.457500 8.265000 -0.699000
v 1.347500 8.265000 -0.699000
v 1.347500 8.335000 -0.699000
v 1.457500 8.335000 -0.699000
v 1.457500 8.335000 -0.769000
v 1.347500 8.335000 -0.769000
v 1.454500 8.300000 0.006080
v 1.450542 8.319900 0.006080
v 1.432286 8.312338 0.031920
v 1.434740 8.300000 0.031920
v 1.439270 8.336770 0.006080
v 1.425297 8.322797 0.031920
v 1.422400 8.348042 0.006080
v 1.414838 8.329786 0.031920
v 1.402500 8.352000 0.006080
v 1.402500 8.332240 0.031920
v 1.382600 8.348042 0.006080
v 1.390162 8.329786 0.031920
v 1.365730 8.336770 0.006080
v 1.379703 8.322797 0.031920
v 1.354458 8.319900 0.006080
v 1.372714 8.312338 0.031920
v 1.350500 8.300000 0.006080
v 1.370260 8.300000 0.031920
v 1.354458 8.280100 0.006080
v 1.372714 8.287662 0.031920
v 1.365730 8.263230 0.006080
v 1.379703 8.277203 0.031920
v 1.382600 8.251958 0.006080
v 1.390162 8.270214 0.031920
v 1.402500 8.248000 0.006080
v 1.402500 8.267760 0.031920
v 1.422400 8.251958 0.006080
v 1.414838 8.270214 0.031920
v 1.439270 8.263230 0.006080
v 1.425297 8.277203 0.031920
v 1.450542 8.280100 0.006080
v 1.432286 8.287662 0.031920
v 1.416913 8.305970 0.038000
v 1.418100 8.300000 0.038000
v 1.413531 8.311031 0.038000
v 1.408470 8.314413 0.038000
v 1.402500 8.315600 0.038000
v 1.396530 8.314413 0.038000
v 1.391469 8.311031 0.038000
v 1.388087 8.305970 0.038000
v 1.386900 8.300000 0.038000
v 1.388087 8.294030 0.038000
v 1.391469 8.288969 0.038000
v 1.396530 8.285587 0.038000
v 1.402500 8.284400 0.038000
v 1.408470 8.285587 0.038000
v 1.413531 8.288969 0.038000
v 1.416913 8.294030 0.038000
v 1.454500 8.300000 0.044080
v 1.450542 8.319900 0.044080
v 1.432286 8.312338 0.069920
v 1.434740 8.300000 0.069920
v 1.439270 8.336770 0.044080
v 1.425297 8.322797 0.069920
v 1.422400 8.348042 0.044080
v 1.414838 8.329786 0.069920
v 1.402500 8.352000 0.044080
v 1.402500 8.332240 0.069920
v 1.382600 8.348042 0.044080
v 1.390162 8.329786 0.069920
v 1.365730 8.336770 0.044080
v 1.379703 8.322797 0.069920
v 1.354458 8.319900 0.044080
v 1.372714 8.312338 0.069920
v 1.350500 8.300000 0.044080
v 1.370260 8.300000 0.069920
v 1.354458 8.280100 0.044080
v 1.372714 8.287662 0.069920
v 1.365730 8.263230 0.044080
v 1.379703 8.277203 0.069920
v 1.382600 8.251958 0.044080
v 1.390162 8.270214 0.069920
v 1.402500 8.248000 0.044080
v 1.402500 8.267760 0.069920
v 1.422400 8.251958 0.044080
v 1.414838 8.270214 0.069920
v 1.439270 8.263230 0.044080
v 1.425297 8.277203 0.069920
v 1.450542 8.280100 0.044080
v 1.432286 8.287662 0.069920
v 1.416913 8.305970 0.076000
v 1.418100 8.300000 0.076000
v 1.413531 8.311031 0.076000
v 1.408470 8.314413 0.076000
v 1.402500 8.315600 0.076000
v 1.396530 8.314413 0.076000
v 1.391469 8.311031 0.076000
v 1.388087 8.305970 0.076000
v 1.386900 8.300000 0.076000
v 1.388087 8.294030 0.076000
v 1.391469 8.288969 0.076000
v 1.396530 8.285587 0.076000
v 1.402500 8.284400 0.076000
v 1.408470 8.285587 0.076000
v 1.413531 8.288969 0.076000
v 1.416913 8.294030 0.076000
v 1.454500 8.300000 0.082080
v 1.450542 8.319900 0.082080
v 1.432286 8.312338 0.107920
v 1.434740 8.300000 0.107920
v 1.439270 8.336770 0.082080
v 1.425297 8.322797 0.107920
v 1.422400 8.348042 0.082080
v 1.414838 8.329786 0.107920
v 1.402500 8.352000 0.082080
v 1.402500 8.332240 0.107920
v 1.382600 8.348042 0.082080
v 1.390162 8.329786 0.107920
v 1.365730 8.336770 0.082080
v 1.379703 8.322797 0.107920
v 1.354458 8.319900 0.082080
v 1.372714 8.312338 0.107920
v 1.350500 8.300000 0.082080
v 1.370260 8.300000 0.107920
v 1.354458 8.280100 0.082080
v 1.372714 8.287662 0.107920
v 1.365730 8.263230 0.082080
v 1.379703 8.277203 0.107920
v 1.382600 8.251958 0.082080
v 1.390162 8.270214 0.107920
v 1.402500 8.248000 0.082080
v 1.402500 8.267760 0.107920
v 1.422400 8.251958 0.082080
v 1.414838 8.270214 0.107920
v 1.439270 8.263230 0.082080
v 1.425297 8.277203 0.107920
v 1.450542 8.280100 0.082080
v 1.432286 8.287662 0.107920
v 1.416913 8.305970 0.114000
v 1.418100 8.300000 0.114000
v 1.413531 8.311031 0.114000
v 1.408470 8.314413 0.114000
v 1.402500 8.315600 0.114000
v 1.396530 8.314413 0.114000
v 1.391469 8.311031 0.114000
v 1.388087 8.305970 0.114000
v 1.386900 8.300000 0.114000
v 1.388087 8.294030 0.114000
v 1.391469 8.288969 0.114000
v 1.396530 8.285587 0.114000
v 1.402500 8.284400 0.114000
v 1.408470 8.285587 0.114000
v 1.413531 8.288969 0.114000
v 1.416913 8.294030 0.114000
v 1.454500 8.300000 0.120080
v 1.450542 8.319900 0.120080
v 1.432286 8.312338 0.145920
v 1.434740 8.300000 0.145920
v 1.439270 8.336770 0.120080
v 1.425297 8.322797 0.145920
v 1.422400 8.348042 0.120080
v 1.414838 8.329786 0.145920
v 1.402500 8.352000 0.120080
v 1.402500 8.332240 0.145920
v 1.382600 8.348042 0.120080
v 1.390162 8.329786 0.145920
v 1.365730 8.336770 0.120080
v 1.379703 8.322797 0.145920
v 1.354458 8.319900 0.120080
v 1.372714 8.312338 0.145920
v 1.350500 8.300000 0.120080
v 1.370260 8.300000 0.145920
v 1.354458 8.280100 0.120080
v 1.372714 8.287662 0.145920
v 1.365730 8.263230 0.120080
v 1.379703 8.277203 0.145920
v 1.382600 8.251958 0.120080
v 1.390162 8.270214 0.145920
v 1.402500 8.248000 0.120080
v 1.402500 8.267760 0.145920
v 1.422400 8.251958 0.120080
v 1.414838 8.270214 0.145920
v 1.439270 8.263230 0.120080
v 1.425297 8.277203 0.145920
v 1.450542 8.280100 0.120080
v 1.432286 8.287662 0.145920
v 1.416913 8.305970 0.152000
v 1.418100 8.300000 0.152000
v 1.413531 8.311031 0.152000
v 1.408470 8.314413 0.152000
v 1.402500 8.315600 0.152000
v 1.396530 8.314413 0.152000
v 1.391469 8.311031 0.152000
v 1.388087 8.305970 0.152000
v 1.386900 8.300000 0.152000
v 1.388087 8.294030 0.152000
v 1.391469 8.288969 0.152000
v 1.396530 8.285587 0.152000
v 1.402500 8.284400 0.152000
v 1.408470 8.285587 0.152000
v 1.413531 8.288969 0.152000
v 1.416913 8.294030 0.152000
v 1.454500 8.300000 0.158080
v 1.450542 8.319900 0.158080
v 1.432286 8.312338 0.183920
v 1.434740 8.300000 0.183920
v 1.439270 8.336770 0.158080
v 1.425297 8.322797 0.183920
v 1.422400 8.348042 0.158080
v 1.414838 8.329786 0.183920
v 1.402500 8.352000 0.158080
v 1.402500 8.332240 0.183920
v 1.382600 8.348042 0.158080
v 1.390162 8.329786 0.183920
v 1.365730 8.336770 0.158080
v 1.379703 8.322797 0.183920
v 1.354458 8.319900 0.158080
v 1.372714 8.312338 0.183920
v 1.350500 8.300000 0.158080
v 1.370260 8.300000 0.183920
v 1.354458 8.280100 0.158080
v 1.372714 8.287662 0.183920
v 1.365730 8.263230 0.158080
v 1.379703 8.277203 0.183920
v 1.382600 8.251958 0.158080
v 1.390162 8.270214 0.183920
v 1.402500 8.248000 0.158080
v 1.402500 8.267760 0.183920
v 1.422400 8.251958 0.158080
v 1.414838 8.270214 0.183920
v 1.439270 8.263230 0.158080
v 1.425297 8.277203 0.183920
v 1.450542 8.280100 0.158080
v 1.432286 8.287662 0.183920
v 1.416913 8.305970 0.190000
v 1.418100 8.300000 0.190000
v 1.413531 8.311031 0.190000
v 1.408470 8.314413 0.190000
v 1.402500 8.315600 0.190000
v 1.396530 8.314413 0.190000
v 1.391469 8.311031 0.190000
v 1.388087 8.305970 0.190000
v 1.386900 8.300000 0.190000
v 1.388087 8.294030 0.190000
v 1.391469 8.288969 0.190000
v 1.396530 8.285587 0.190000
v 1.402500 8.284400 0.190000
v 1.408470 8.285587 0.190000
v 1.413531 8.288969 0.190000
v 1.416913 8.294030 0.190000
v 1.454500 8.300000 0.196080
v 1.450542 8.319900 0.196080
v 1.432286 8.312338 0.221920
v 1.434740 8.300000 0.221920
v 1.439270 8.336770 0.196080
v 1.425297 8.322797 0.221920
v 1.422400 8.348042 0.196080
v 1.414838 8.329786 0.221920
v 1.402500 8.352000 0.196080
v 1.402500 8.332240 0.221920
v 1.382600 8.348042 0.196080
v 1.390162 8.329786 0.221920
v 1.365730 8.336770 0.196080
v 1.379703 8.322797 0.221920
v 1.354458 8.319900 0.196080
v 1.372714 8.312338 0.221920
v 1.350500 8.300000 0.196080
v 1.370260 8.300000 0.221920
v 1.354458 8.280100 0.196080
v 1.372714 8.287662 0.221920
v 1.365730 8.263230 0.196080
v 1.379703 8.277203 0.221920
v 1.382600 8.251958 0.196080
v 1.390162 8.270214 0.221920
v 1.402500 8.248000 0.196080
v 1.402500 8.267760 0.221920
v 1.422400 8.251958 0.196080
v 1.414838 8.270214 0.221920
v 1.439270 8.263230 0.196080
v 1.425297 8.277203 0.221920
v 1.450542 8.280100 0.196080
v 1.432286 8.287662 0.221920
v 1.416913 8.305970 0.228000
v 1.418100 8.300000 0.228000
v 1.413531 8.311031 0.228000
v 1.408470 8.314413 0.228000
v 1.402500 8.315600 0.228000
v 1.396530 8.314413 0.228000
v 1.391469 8.311031 0.228000
v 1.388087 8.305970 0.228000
v 1.386900 8.300000 0.228000
v 1.388087 8.294030 0.228000
v 1.391469 8.288969 0.228000
v 1.396530 8.285587 0.228000
v 1.402500 8.284400 0.228000
v 1.408470 8.285587 0.228000
v 1.413531 8.288969 0.228000
v 1.416913 8.294030 0.228000
v 1.454500 8.300000 0.234080
v 1.450542 8.319900 0.234080
v 1.432286 8.312338 0.259920
v 1.434740 8.300000 0.259920
v 1.439270 8.336770 0.234080
v 1.425297 8.322797 0.259920
v 1.422400 8.348042 0.234080
v 1.414838 8.329786 0.259920
v 1.402500 8.352000 0.234080
v 1.402500 8.332240 0.259920
v 1.382600 8.348042 0.234080
v 1.390162 8.329786 0.259920
v 1.365730 8.336770 0.234080
v 1.379703 8.322797 0.259920
v 1.354458 8.319900 0.234080
v 1.372714 8.312338 0.259920
v 1.350500 8.300000 0.234080
v 1.370260 8.300000 0.259920
v 1.354458 8.280100 0.234080
v 1.372714 8.287662 0.259920
v 1.365730 8.263230 0.234080
v 1.379703 8.277203 0.259920
v 1.382600 8.251958 0.234080
v 1.390162 8.270214 0.259920
v 1.402500 8.248000 0.234080
v 1.402500 8.267760 0.259920
v 1.422400 8.251958 0.234080
v 1.414838 8.270214 0.259920
v 1.439270 8.263230 0.234080
v 1.425297 8.277203 0.259920
v 1.450542 8.280100 0.234080
v 1.432286 8.287662 0.259920
v 1.416913 8.305970 0.266000
v 1.418100 8.300000 0.266000
v 1.413531 8.311031 0.266000
v 1.408470 8.314413 0.266000
v 1.402500 8.315600 0.266000
v 1.396530 8.314413 0.266000
v 1.391469 8.311031 0.266000
v 1.388087 8.305970 0.266000
v 1.386900 8.300000 0.266000
v 1.388087 8.294030 0.266000
v 1.391469 8.288969 0.266000
v 1.396530 8.285587 0.266000
v 1.402500 8.284400 0.266000
v 1.408470 8.285587 0.266000
v 1.413531 8.288969 0.266000
v 1.416913 8.294030 0.266000
v 1.454500 8.300000 0.272080
v 1.450542 8.319900 0.272080
v 1.432286 8.312338 0.297920
v 1.434740 8.300000 0.297920
v 1.439270 8.336770 0.272080
v 1.425297 8.322797 0.297920
v 1.422400 8.348042 0.272080
v 1.414838 8.329786 0.297920
v 1.402500 8.352000 0.272080
v 1.402500 8.332240 0.297920
v 1.382600 8.348042 0.272080
v 1.390162 8.329786 0.297920
v 1.365730 8.336770 0.272080
v 1.379703 8.322797 0.297920
v 1.354458 8.319900 0.272080
v 1.372714 8.312338 0.297920
v 1.350500 8.300000 0.272080
v 1.370260 8.300000 0.297920
v 1.354458 8.280100 0.272080
v 1.372714 8.287662 0.297920
v 1.365730 8.263230 0.272080
v 1.379703 8.277203 0.297920
v 1.382600 8.251958 0.272080
v 1.390162 8.270214 0.297920
v 1.402500 8.248000 0.272080
v 1.402500 8.267760 0.297920
v 1.422400 8.251958 0.272080
v 1.414838 8.270214 0.297920
v 1.439270 8.263230 0.272080
v 1.425297 8.277203 0.297920
v 1.450542 8.280100 0.272080
v 1.432286 8.287662 0.297920
v 1.416913 8.305970 0.304000
v 1.418100 8.300000 0.304000
v 1.413531 8.311031 0.304000
v 1.408470 8.314413 0.304000
v 1.402500 8.315600 0.304000
v 1.396530 8.314413 0.304000
v 1.391469 8.311031 0.304000
v 1.388087 8.305970 0.304000
v 1.386900 8.300000 0.304000
v 1.388087 8.294030 0.304000
v 1.391469 8.288969 0.304000
v 1.396530 8.285587 0.304000
v 1.402500 8.284400 0.304000
v 1.408470 8.285587 0.304000
v 1.413531 8.288969 0.304000
v 1.416913 8.294030 0.304000
v 1.454500 8.300000 0.310080
v 1.450542 8.319900 0.310080
v 1.432286 8.312338 0.335920
v 1.434740 8.300000 0.335920
v 1.439270 8.336770 0.310080
v 1.425297 8.322797 0.335920
v 1.422400 8.348042 0.310080
v 1.414838 8.329786 0.335920
v 1.402500 8.352000 0.310080
v 1.402500 8.332240 0.335920
v 1.382600 8.348042 0.310080
v 1.390162 8.329786 0.335920
v 1.365730 8.336770 0.310080
v 1.379703 8.322797 0.335920
v 1.354458 8.319900 0.310080
v 1.372714 8.312338 0.335920
v 1.350500 8.300000 0.310080
v 1.370260 8.300000 0.335920
v 1.354458 8.280100 0.310080
v 1.372714 8.287662 0.335920
v 1.365730 8.263230 0.310080
v 1.379703 8.277203 0.335920
v 1.382600 8.251958 0.310080
v 1.390162 8.270214 0.335920
v 1.402500 8.248000 0.310080
v 1.402500 8.267760 0.335920
v 1.422400 8.251958 0.310080
v 1.414838 8.270214 0.335920
v 1.439270 8.263230 0.310080
v 1.425297 8.277203 0.335920
v 1.450542 8.280100 0.310080
v 1.432286 8.287662 0.335920
v 1.416913 8.305970 0.342000
v 1.418100 8.300000 0.342000
v 1.413531 8.311031 0.342000
v 1.408470 8.314413 0.342000
v 1.402500 8.315600 0.342000
v 1.396530 8.314413 0.342000
v 1.391469 8.311031 0.342000
v 1.388087 8.305970 0.342000
v 1.386900 8.300000 0.342000
v 1.388087 8.294030 0.342000
v 1.391469 8.288969 0.342000
v 1.396530 8.285587 0.342000
v 1.402500 8.284400 0.342000
v 1.408470 8.285587 0.342000
v 1.413531 8.288969 0.342000
v 1.416913 8.294030 0.342000
v 1.454500 8.300000 0.348080
v 1.450542 8.319900 0.348080
v 1.432286 8.312338 0.373920
v 1.434740 8.300000 0.373920
v 1.439270 8.336770 0.348080
v 1.425297 8.322797 0.373920
v 1.422400 8.348042 0.348080
v 1.414838 8.329786 0.373920
v 1.402500 8.352000 0.348080
v 1.402500 8.332240 0.373920
v 1.382600 8.348042 0.348080
v 1.390162 8.329786 0.373920
v 1.365730 8.336770 0.348080
v 1.379703 8.322797 0.373920
v 1.354458 8.319900 0.348080
v 1.372714 8.312338 0.373920
v 1.350500 8.300000 0.348080
v 1.370260 8.300000 0.373920
v 1.354458 8.280100 0.348080
v 1.372714 8.287662 0.373920
v 1.365730 8.263230 0.348080
v 1.379703 8.277203 0.373920
v 1.382600 8.251958 0.348080
v 1.390162 8.270214 0.373920
v 1.402500 8.248000 0.348080
v 1.402500 8.267760 0.373920
v 1.422400 8.251958 0.348080
v 1.414838 8.270214 0.373920
v 1.439270 8.263230 0.348080
v 1.425297 8.277203 0.373920
v 1.450542 8.280100 0.348080
v 1.432286 8.287662 0.373920
v 1.416913 8.305970 0.380000
v 1.418100 8.300000 0.380000
v 1.413531 8.311031 0.380000
v 1.408470 8.314413 0.380000
v 1.402500 8.315600 0.380000
v 1.396530 8.314413 0.380000
v 1.391469 8.311031 0.380000
v 1.388087 8.305970 0.380000
v 1.386900 8.300000 0.380000
v 1.388087 8.294030 0.380000
v 1.391469 8.288969 0.380000
v 1.396530 8.285587 0.380000
v 1.402500 8.284400 0.380000
v 1.408470 8.285587 0.380000
v 1.413531 8.288969 0.380000
v 1.416913 8.294030 0.380000
v 1.454500 8.300000 0.386080
v 1.450542 8.319900 0.386080
v 1.432286 8.312338 0.411920
v 1.434740 8.300000 0.411920
v 1.439270 8.336770 0.386080
v 1.425297 8.322797 0.411920
v 1.422400 8.348042 0.386080
v 1.414838 8.329786 0.411920
v 1.402500 8.352000 0.386080
v 1.402500 8.332240 0.411920
v 1.382600 8.348042 0.386080
v 1.390162 8.329786 0.411920
v 1.365730 8.336770 0.386080
v 1.379703 8.322797 0.411920
v 1.354458 8.319900 0.386080
v 1.372714 8.312338 0.411920
v 1.350500 8.300000 0.386080
v 1.370260 8.300000 0.411920
v 1.354458 8.280100 0.386080
v 1.372714 8.287662 0.411920
v 1.365730 8.263230 0.386080
v 1.379703 8.277203 0.411920
v 1.382600 8.251958 0.386080
v 1.390162 8.270214 0.411920
v 1.402500 8.248000 0.386080
v 1.402500 8.267760 0.411920
v 1.422400 8.251958 0.386080
v 1.414838 8.270214 0.411920
v 1.439270 8.263230 0.386080
v 1.425297 8.277203 0.411920
v 1.450542 8.280100 0.386080
v 1.432286 8.287662 0.411920
v 1.416913 8.305970 0.418000
v 1.418100 8.300000 0.418000
v 1.413531 8.311031 0.418000
v 1.408470 8.314413 0.418000
v 1.402500 8.315600 0.418000
v 1.396530 8.314413 0.418000
v 1.391469 8.311031 0.418000
v 1.388087 8.305970 0.418000
v 1.386900 8.300000 0.418000
v 1.388087 8.294030 0.418000
v 1.391469 8.288969 0.418000
v 1.396530 8.285587 0.418000
v 1.402500 8.284400 0.418000
v 1.408470 8.285587 0.418000
v 1.413531 8.288969 0.418000
v 1.416913 8.294030 0.418000
v 1.454500 8.300000 0.424080
v 1.450542 8.319900 0.424080
v 1.432286 8.312338 0.449920
v 1.434740 8.300000 0.449920
v 1.439270 8.336770 0.424080
v 1.425297 8.322797 0.449920
v 1.422400 8.348042 0.424080
v 1.414838 8.329786 0.449920
v 1.402500 8.352000 0.424080
v 1.402500 8.332240 0.449920
v 1.382600 8.348042 0.424080
v 1.390162 8.329786 0.449920
v 1.365730 8.336770 0.424080
v 1.379703 8.322797 0.449920
v 1.354458 8.319900 0.424080
v 1.372714 8.312338 0.449920
v 1.350500 8.300000 0.424080
v 1.370260 8.300000 0.449920
v 1.354458 8.280100 0.424080
v 1.372714 8.287662 0.449920
v 1.365730 8.263230 0.424080
v 1.379703 8.277203 0.449920
v 1.382600 8.251958 0.424080
v 1.390162 8.270214 0.449920
v 1.402500 8.248000 0.424080
v 1.402500 8.267760 0.449920
v 1.422400 8.251958 0.424080
v 1.414838 8.270214 0.449920
v 1.439270 8.263230 0.424080
v 1.425297 8.277203 0.449920
v 1.450542 8.280100 0.424080
v 1.432286 8.287662 0.449920
v 1.416913 8.305970 0.456000
v 1.418100 8.300000 0.456000
v 1.413531 8.311031 0.456000
v 1.408470 8.314413 0.456000
v 1.402500 8.315600 0.456000
v 1.396530 8.314413 0.456000
v 1.391469 8.311031 0.456000
v 1.388087 8.305970 0.456000
v 1.386900 8.300000 0.456000
v 1.388087 8.294030 0.456000
v 1.391469 8.288969 0.456000
v 1.396530 8.285587 0.456000
v 1.402500 8.284400 0.456000
v 1.408470 8.285587 0.456000
v 1.413531 8.288969 0.456000
v 1.416913 8.294030 0.456000
v 1.454500 8.300000 0.462080
v 1.450542 8.319900 0.462080
v 1.432286 8.312338 0.487920
v 1.434740 8.300000 0.487920
v 1.439270 8.336770 0.462080
v 1.425297 8.322797 0.487920
v 1.422400 8.348042 0.462080
v 1.414838 8.329786 0.487920
v 1.402500 8.352000 0.462080
v 1.402500 8.332240 0.487920
v 1.382600 8.348042 0.462080
v 1.390162 8.329786 0.487920
v 1.365730 8.336770 0.462080
v 1.379703 8.322797 0.487920
v 1.354458 8.319900 0.462080
v 1.372714 8.312338 0.487920
v 1.350500 8.300000 0.462080
v 1.370260 8.300000 0.487920
v 1.354458 8.280100 0.462080
v 1.372714 8.287662 0.487920
v 1.365730 8.263230 0.462080
v 1.379703 8.277203 0.487920
v 1.382600 8.251958 0.462080
v 1.390162 8.270214 0.487920
v 1.402500 8.248000 0.462080
v 1.402500 8.267760 0.487920
v 1.422400 8.251958 0.462080
v 1.414838 8.270214 0.487920
v 1.439270 8.263230 0.462080
v 1.425297 8.277203 0.487920
v 1.450542 8.280100 0.462080
v 1.432286 8.287662 0.487920
v 1.416913 8.305970 0.494000
v 1.418100 8.300000 0.494000
v 1.413531 8.311031 0.494000
v 1.408470 8.314413 0.494000
v 1.402500 8.315600 0.494000
v 1.396530 8.314413 0.494000
v 1.391469 8.311031 0.494000
v 1.388087 8.305970 0.494000
v 1.386900 8.300000 0.494000
v 1.388087 8.294030 0.494000
v 1.391469 8.288969 0.494000
v 1.396530 8.285587 0.494000
v 1.402500 8.284400 0.494000
v 1.408470 8.285587 0.494000
v 1.413531 8.288969 0.494000
v 1.416913 8.294030 0.494000
v 1.454500 8.300000 0.500080
v 1.450542 8.319900 0.500080
v 1.432286 8.312338 0.525920
v 1.434740 8.300000 0.525920
v 1.439270 8.336770 0.500080
v 1.425297 8.322797 0.525920
v 1.422400 8.348042 0.500080
v 1.414838 8.329786 0.525920
v 1.402500 8.352000 0.500080
v 1.402500 8.332240 0.525920
v 1.382600 8.348042 0.500080
v 1.390162 8.329786 0.525920
v 1.365730 8.336770 0.500080
v 1.379703 8.322797 0.525920
v 1.354458 8.319900 0.500080
v 1.372714 8.312338 0.525920
v 1.350500 8.300000 0.500080
v 1.370260 8.300000 0.525920
v 1.354458 8.280100 0.500080
v 1.372714 8.287662 0.525920
v 1.365730 8.263230 0.500080
v 1.379703 8.277203 0.525920
v 1.382600 8.251958 0.500080
v 1.390162 8.270214 0.525920
v 1.402500 8.248000 0.500080
v 1.402500 8.267760 0.525920
v 1.422400 8.251958 0.500080
v 1.414838 8.270214 0.525920
v 1.439270 8.263230 0.500080
v 1.425297 8.277203 0.525920
v 1.450542 8.280100 0.500080
v 1.432286 8.287662 0.525920
v 1.416913 8.305970 0.532000
v 1.418100 8.300000 0.532000
v 1.413531 8.311031 0.532000
v 1.408470 8.314413 0.532000
v 1.402500 8.315600 0.532000
v 1.396530 8.314413 0.532000
v 1.391469 8.311031 0.532000
v 1.388087 8.305970 0.532000
v 1.386900 8.300000 0.532000
v 1.388087 8.294030 0.532000
v 1.391469 8.288969 0.532000
v 1.396530 8.285587 0.532000
v 1.402500 8.284400 0.532000
v 1.408470 8.285587 0.532000
v 1.413531 8.288969 0.532000
v 1.416913 8.294030 0.532000
v 1.454500 8.300000 0.538080
v 1.450542 8.319900 0.538080
v 1.432286 8.312338 0.563920
v 1.434740 8.300000 0.563920
v 1.439270 8.336770 0.538080
v 1.425297 8.322797 0.563920
v 1.422400 8.348042 0.538080
v 1.414838 8.329786 0.563920
v 1.402500 8.352000 0.538080
v 1.402500 8.332240 0.563920
v 1.382600 8.348042 0.538080
v 1.390162 8.329786 0.563920
v 1.365730 8.336770 0.538080
v 1.379703 8.322797 0.563920
v 1.354458 8.319900 0.538080
v 1.372714 8.312338 0.563920
v 1.350500 8.300000 0.538080
v 1.370260 8.300000 0.563920
v 1.354458 8.280100 0.538080
v 1.372714 8.287662 0.563920
v 1.365730 8.263230 0.538080
v 1.379703 8.277203 0.563920
v 1.382600 8.251958 0.538080
v 1.390162 8.270214 0.563920
v 1.402500 8.248000 0.538080
v 1.402500 8.267760 0.563920
v 1.422400 8.251958 0.538080
v 1.414838 8.270214 0.563920
v 1.439270 8.263230 0.538080
v 1.425297 8.277203 0.563920
v 1.450542 8.280100 0.538080
v 1.432286 8.287662 0.563920
v 1.416913 8.305970 0.570000
v 1.418100 8.300000 0.570000
v 1.413531 8.311031 0.570000
v 1.408470 8.314413 0.570000
v 1.402500 8.315600 0.570000
v 1.396530 8.314413 0.570000
v 1.391469 8.311031 0.570000
v 1.388087 8.305970 0.570000
v 1.386900 8.300000 0.570000
v 1.388087 8.294030 0.570000
v 1.391469 8.288969 0.570000
v 1.396530 8.285587 0.570000
v 1.402500 8.284400 0.570000
v 1.408470 8.285587 0.570000
v 1.413531 8.288969 0.570000
v 1.416913 8.294030 0.570000
v 1.454500 8.300000 0.576080
v 1.450542 8.319900 0.576080
v 1.432286 8.312338 0.601920
v 1.434740 8.300000 0.601920
v 1.439270 8.336770 0.576080
v 1.425297 8.322797 0.601920
v 1.422400 8.348042 0.576080
v 1.414838 8.329786 0.601920
v 1.402500 8.352000 0.576080
v 1.402500 8.332240 0.601920
v 1.382600 8.348042 0.576080
v 1.390162 8.329786 0.601920
v 1.365730 8.336770 0.576080
v 1.379703 8.322797 0.601920
v 1.354458 8.319900 0.576080
v 1.372714 8.312338 0.601920
v 1.350500 8.300000 0.576080
v 1.370260 8.300000 0.601920
v 1.354458 8.280100 0.576080
v 1.372714 8.287662 0.601920
v 1.365730 8.263230 0.576080
v 1.379703 8.277203 0.601920
v 1.382600 8.251958 0.576080
v 1.390162 8.270214 0.601920
v 1.402500 8.248000 0.576080
v 1.402500 8.267760 0.601920
v 1.422400 8.251958 0.576080
v 1.414838 8.270214 0.601920
v 1.439270 8.263230 0.576080
v 1.425297 8.277203 0.601920
v 1.450542 8.280100 0.576080
v 1.432286 8.287662 0.601920
v 1.416913 8.305970 0.608000
v 1.418100 8.300000 0.608000
v 1.413531 8.311031 0.608000
v 1.408470 8.314413 0.608000
v 1.402500 8.315600 0.608000
v 1.396530 8.314413 0.608000
v 1.391469 8.311031 0.608000
v 1.388087 8.305970 0.608000
v 1.386900 8.300000 0.608000
v 1.388087 8.294030 0.608000
v 1.391469 8.288969 0.608000
v 1.396530 8.285587 0.608000
v 1.402500 8.284400 0.608000
v 1.408470 8.285587 0.608000
v 1.413531 8.288969 0.608000
v 1.416913 8.294030 0.608000
v 1.454500 8.300000 0.614080
v 1.450542 8.319900 0.614080
v 1.432286 8.312338 0.639920
v 1.434740 8.300000 0.639920
v 1.439270 8.336770 0.614080
v 1.425297 8.322797 0.639920
v 1.422400 8.348042 0.614080
v 1.414838 8.329786 0.639920
v 1.402500 8.352000 0.614080
v 1.402500 8.332240 0.639920
v 1.382600 8.348042 0.614080
v 1.390162 8.329786 0.639920
v 1.365730 8.336770 0.614080
v 1.379703 8.322797 0.639920
v 1.354458 8.319900 0.614080
v 1.372714 8.312338 0.639920
v 1.350500 8.300000 0.614080
v 1.370260 8.300000 0.639920
v 1.354458 8.280100 0.614080
v 1.372714 8.287662 0.639920
v 1.365730 8.263230 0.614080
v 1.379703 8.277203 0.639920
v 1.382600 8.251958 0.614080
v 1.390162 8.270214 0.639920
v 1.402500 8.248000 0.614080
v 1.402500 8.267760 0.639920
v 1.422400 8.251958 0.614080
v 1.414838 8.270214 0.639920
v 1.439270 8.263230 0.614080
v 1.425297 8.277203 0.639920
v 1.450542 8.280100 0.614080
v 1.432286 8.287662 0.639920
v 1.416913 8.305970 0.646000
v 1.418100 8.300000 0.646000
v 1.413531 8.311031 0.646000
v 1.408470 8.314413 0.646000
v 1.402500 8.315600 0.646000
v 1.396530 8.314413 0.646000
v 1.391469 8.311031 0.646000
v 1.388087 8.305970 0.646000
v 1.386900 8.300000 0.646000
v 1.388087 8.294030 0.646000
v 1.391469 8.288969 0.646000
v 1.396530 8.285587 0.646000
v 1.402500 8.284400 0.646000
v 1.408470 8.285587 0.646000
v 1.413531 8.288969 0.646000
v 1.416913 8.294030 0.646000
v 1.454500 8.300000 0.652080
v 1.450542 8.319900 0.652080
v 1.432286 8.312338 0.677920
v 1.434740 8.300000 0.677920
v 1.439270 8.336770 0.652080
v 1.425297 8.322797 0.677920
v 1.422400 8.348042 0.652080
v 1.414838 8.329786 0.677920
v 1.402500 8.352000 0.652080
v 1.402500 8.332240 0.677920
v 1.382600 8.348042 0.652080
v 1.390162 8.329786 0.677920
v 1.365730 8.336770 0.652080
v 1.379703 8.322797 0.677920
v 1.354458 8.319900 0.652080
v 1.372714 8.312338 0.677920
v 1.350500 8.300000 0.652080
v 1.370260 8.300000 0.677920
v 1.354458 8.280100 0.652080
v 1.372714 8.287662 0.677920
v 1.365730 8.263230 0.652080
v 1.379703 8.277203 0.677920
v 1.382600 8.251958 0.652080
v 1.390162 8.270214 0.677920
v 1.402500 8.248000 0.652080
v 1.402500 8.267760 0.677920
v 1.422400 8.251958 0.652080
v 1.414838 8.270214 0.677920
v 1.439270 8.263230 0.652080
v 1.425297 8.277203 0.677920
v 1.450542 8.280100 0.652080
v 1.432286 8.287662 0.677920
v 1.416913 8.305970 0.684000
v 1.418100 8.300000 0.684000
v 1.413531 8.311031 0.684000
v 1.408470 8.314413 0.684000
v 1.402500 8.315600 0.684000
v 1.396530 8.314413 0.684000
v 1.391469 8.311031 0.684000
v 1.388087 8.305970 0.684000
v 1.386900 8.300000 0.684000
v 1.388087 8.294030 0.684000
v 1.391469 8.288969 0.684000
v 1.396530 8.285587 0.684000
v 1.402500 8.284400 0.684000
v 1.408470 8.285587 0.684000
v 1.413531 8.288969 0.684000
v 1.416913 8.294030 0.684000
v 1.347500 8.265000 0.699000
v 1.457500 8.265000 0.699000
v 1.457500 8.265000 0.769000
v 1.347500 8.265000 0.769000
v 1.347500 8.335000 0.769000
v 1.457500 8.335000 0.769000
v 1.457500 8.335000 0.699000
v 1.347500 8.335000 0.699000
v 1.402500 8.324165 -0.716222
v 1.391019 8.322325 -0.717575
v 1.391019 8.215229 -0.572080
v 1.402500 8.217143 -0.570834
v 1.381287 8.317087 -0.721429
v 1.381287 8.209779 -0.575628
v 1.374784 8.309248 -0.727197
v 1.374784 8.201622 -0.580937
v 1.372500 8.300000 -0.734000
v 1.372500 8.192000 -0.587200
v 1.374784 8.290752 -0.740803
v 1.374784 8.182378 -0.593463
v 1.381287 8.282913 -0.746571
v 1.381287 8.174221 -0.598772
v 1.391019 8.277675 -0.750425
v 1.391019 8.168771 -0.602320
v 1.402500 8.275835 -0.751778
v 1.402500 8.166857 -0.603566
v 1.413981 8.277675 -0.750425
v 1.413981 8.168771 -0.602320
v 1.423713 8.282913 -0.746571
v 1.423713 8.174221 -0.598772
v 1.430216 8.290752 -0.740803
v 1.430216 8.182378 -0.593463
v 1.432500 8.300000 -0.734000
v 1.432500 8.192000 -0.587200
v 1.430216 8.309248 -0.727197
v 1.430216 8.201622 -0.580937
v 1.423713 8.317087 -0.721429
v 1.423713 8.209779 -0.575628
v 1.413981 8.322325 -0.717575
v 1.413981 8.215229 -0.572080
v 1.391019 8.132910 -0.428248
v 1.402500 8.134963 -0.427247
v 1.381287 8.127066 -0.431099
v 1.374784 8.118318 -0.435366
v 1.372500 8.108000 -0.440400
v 1.374784 8.097682 -0.445434
v 1.381287 8.088934 -0.449701
v 1.391019 8.083090 -0.452552
v 1.402500 8.081037 -0.453553
v 1.413981 8.083090 -0.452552
v 1.423713 8.088934 -0.449701
v 1.430216 8.097682 -0.445434
v 1.432500 8.108000 -0.440400
v 1.430216 8.118318 -0.435366
v 1.423713 8.127066 -0.431099
v 1.413981 8.132910 -0.428248
v 1.391019 8.074359 -0.285033
v 1.402500 8.076531 -0.284327
v 1.381287 8.068174 -0.287043
v 1.374784 8.058918 -0.290051
v 1.372500 8.048000 -0.293600
v 1.374784 8.037082 -0.297149
v 1.381287 8.027826 -0.300157
v 1.391019 8.021641 -0.302167
v 1.402500 8.019469 -0.302873
v 1.413981 8.021641 -0.302167
v 1.423713 8.027826 -0.300157
v 1.430216 8.037082 -0.297149
v 1.432500 8.048000 -0.293600
v 1.430216 8.058918 -0.290051
v 1.423713 8.068174 -0.287043
v 1.413981 8.074359 -0.285033
v 1.391019 8.039358 -0.142356
v 1.402500 8.041612 -0.141990
v 1.381287 8.032939 -0.143399
v 1.374784 8.023332 -0.144959
v 1.372500 8.012000 -0.146800
v 1.374784 8.000668 -0.148641
v 1.381287 7.991061 -0.150201
v 1.391019 7.984642 -0.151244
v 1.402500 7.982388 -0.151610
v 1.413981 7.984642 -0.151244
v 1.423713 7.991061 -0.150201
v 1.430216 8.000668 -0.148641
v 1.432500 8.012000 -0.146800
v 1.430216 8.023332 -0.144959
v 1.423713 8.032939 -0.143399
v 1.413981 8.039358 -0.142356
v 1.391019 8.027716 0.000000
v 1.402500 8.030000 0.000000
v 1.381287 8.021213 0.000000
v 1.374784 8.011481 0.000000
v 1.372500 8.000000 0.000000
v 1.374784 7.988519 0.000000
v 1.381287 7.978787 0.000000
v 1.391019 7.972284 0.000000
v 1.402500 7.970000 0.000000
v 1.413981 7.972284 0.000000
v 1.423713 7.978787 0.000000
v 1.430216 7.988519 0.000000
v 1.432500 8.000000 0.000000
v 1.430216 8.011481 0.000000
v 1.423713 8.021213 0.000000
v 1.413981 8.027716 0.000000
v 1.391019 8.039358 0.142356
v 1.402500 8.041612 0.141990
v 1.381287 8.032939 0.143399
v 1.374784 8.023332 0.144959
v 1.372500 8.012000 0.146800
v 1.374784 8.000668 0.148641
v 1.381287 7.991061 0.150201
v 1.391019 7.984642 0.151244
v 1.402500 7.982388 0.151610
v 1.413981 7.984642 0.151244
v 1.423713 7.991061 0.150201
v 1.430216 8.000668 0.148641
v 1.432500 8.012000 0.146800
v 1.430216 8.023332 0.144959
v 1.423713 8.032939 0.143399
v 1.413981 8.039358 0.142356
v 1.391019 8.074359 0.285033
v 1.402500 8.076531 0.284327
v 1.381287 8.068174 0.287043
v 1.374784 8.058918 0.290051
v 1.372500 8.048000 0.293600
v 1.374784 8.037082 0.297149
v 1.381287 8.027826 0.300157
v 1.391019 8.021641 0.302167
v 1.402500 8.019469 0.302873
v 1.413981 8.021641 0.302167
v 1.423713 8.027826 0.300157
v 1.430216 8.037082 0.297149
v 1.432500 8.048000 0.293600
v 1.430216 8.058918 0.290051
v 1.423713 8.068174 0.287043
v 1.413981 8.074359 0.285033
v 1.391019 8.132910 0.428248
v 1.402500 8.134963 0.427247
v 1.381287 8.127066 0.431099
v 1.374784 8.118318 0.435366
v 1.372500 8.108000 0.440400
v 1.374784 8.097682 0.445434
v 1.381287 8.088934 0.449701
v 1.391019 8.083090 0.452552
v 1.402500 8.081037 0.453553
v 1.413981 8.083090 0.452552
v 1.423713 8.088934 0.449701
v 1.430216 8.097682 0.445434
v 1.432500 8.108000 0.440400
v 1.430216 8.118318 0.435366
v 1.423713 8.127066 0.431099
v 1.413981 8.132910 0.428248
v 1.391019 8.215229 0.572080
v 1.402500 8.217143 0.570834
v 1.381287 8.209779 0.575628
v 1.374784 8.201622 0.580937
v 1.372500 8.192000 0.587200
v 1.374784 8.182378 0.593463
v 1.381287 8.174221 0.598772
v 1.391019 8.168771 0.602320
v 1.402500 8.166857 0.603566
v 1.413981 8.168771 0.602320
v 1.423713 8.174221 0.598772
v 1.430216 8.182378 0.593463
v 1.432500 8.192000 0.587200
v 1.430216 8.201622 0.580937
v 1.423713 8.209779 0.575628
v 1.413981 8.215229 0.572080
v 1.391019 8.322325 0.717575
v 1.402500 8.324165 0.716222
v 1.381287 8.317087 0.721429
v 1.374784 8.309248 0.727197
v 1.372500 8.300000 0.734000
v 1.374784 8.290752 0.740803
v 1.381287 8.282913 0.746571
v 1.391019 8.277675 0.750425
v 1.402500 8.275835 0.751778
v 1.413981 8.277675 0.750425
v 1.423713 8.282913 0.746571
v 1.430216 8.290752 0.740803
v 1.432500 8.300000 0.734000
v 1.430216 8.309248 0.727197
v 1.423713 8.317087 0.721429
v 1.413981 8.322325 0.717575
v 2.529200 8.279200 -0.147000
v 2.570800 8.279200 -0.147000
v 2.570800 8.279200 0.147000
v 2.529200 8.279200 0.147000
v 2.529200 8.320800 -0.147000
v 2.529200 8.320800 0.147000
v 2.570800 8.320800 0.147000
v 2.570800 8.320800 -0.147000
v 2.475000 8.270000 -0.075000
v 2.625000 8.270000 -0.075000
v 2.625000 8.270000 0.075000
v 2.475000 8.270000 0.075000
v 2.475000 8.310000 0.075000
v 2.625000 8.310000 0.075000
v 2.625000 8.310000 -0.075000
v 2.475000 8.310000 -0.075000
v 2.602000 8.300000 -0.031920
v 2.598042 8.319900 -0.031920
v 2.579786 8.312338 -0.006080
v 2.582240 8.300000 -0.006080
v 2.586770 8.336770 -0.031920
v 2.572797 8.322797 -0.006080
v 2.569900 8.348042 -0.031920
v 2.562338 8.329786 -0.006080
v 2.550000 8.352000 -0.031920
v 2.550000 8.332240 -0.006080
v 2.530100 8.348042 -0.031920
v 2.537662 8.329786 -0.006080
v 2.513230 8.336770 -0.031920
v 2.527203 8.322797 -0.006080
v 2.501958 8.319900 -0.031920
v 2.520214 8.312338 -0.006080
v 2.498000 8.300000 -0.031920
v 2.517760 8.300000 -0.006080
v 2.501958 8.280100 -0.031920
v 2.520214 8.287662 -0.006080
v 2.513230 8.263230 -0.031920
v 2.527203 8.277203 -0.006080
v 2.530100 8.251958 -0.031920
v 2.537662 8.270214 -0.006080
v 2.550000 8.248000 -0.031920
v 2.550000 8.267760 -0.006080
v 2.569900 8.251958 -0.031920
v 2.562338 8.270214 -0.006080
v 2.586770 8.263230 -0.031920
v 2.572797 8.277203 -0.006080
v 2.598042 8.280100 -0.031920
v 2.579786 8.287662 -0.006080
v 2.565600 8.300000 -0.038000
v 2.564413 8.305970 -0.038000
v 2.564413 8.305970 0.000000
v 2.565600 8.300000 0.000000
v 2.561031 8.311031 -0.038000
v 2.561031 8.311031 0.000000
v 2.555970 8.314413 -0.038000
v 2.555970 8.314413 0.000000
v 2.550000 8.315600 -0.038000
v 2.550000 8.315600 0.000000
v 2.544030 8.314413 -0.038000
v 2.544030 8.314413 0.000000
v 2.538969 8.311031 -0.038000
v 2.538969 8.311031 0.000000
v 2.535587 8.305970 -0.038000
v 2.535587 8.305970 0.000000
v 2.534400 8.300000 -0.038000
v 2.534400 8.300000 0.000000
v 2.535587 8.294030 -0.038000
v 2.535587 8.294030 0.000000
v 2.538969 8.288969 -0.038000
v 2.538969 8.288969 0.000000
v 2.544030 8.285587 -0.038000
v 2.544030 8.285587 0.000000
v 2.550000 8.284400 -0.038000
v 2.550000 8.284400 0.000000
v 2.555970 8.285587 -0.038000
v 2.555970 8.285587 0.000000
v 2.561031 8.288969 -0.038000
v 2.561031 8.288969 0.000000
v 2.564413 8.294030 -0.038000
v 2.564413 8.294030 0.000000
v 2.602000 8.300000 -0.069920
v 2.598042 8.319900 -0.069920
v 2.579786 8.312338 -0.044080
v 2.582240 8.300000 -0.044080
v 2.586770 8.336770 -0.069920
v 2.572797 8.322797 -0.044080
v 2.569900 8.348042 -0.069920
v 2.562338 8.329786 -0.044080
v 2.550000 8.352000 -0.069920
v 2.550000 8.332240 -0.044080
v 2.530100 8.348042 -0.069920
v 2.537662 8.329786 -0.044080
v 2.513230 8.336770 -0.069920
v 2.527203 8.322797 -0.044080
v 2.501958 8.319900 -0.069920
v 2.520214 8.312338 -0.044080
v 2.498000 8.300000 -0.069920
v 2.517760 8.300000 -0.044080
v 2.501958 8.280100 -0.069920
v 2.520214 8.287662 -0.044080
v 2.513230 8.263230 -0.069920
v 2.527203 8.277203 -0.044080
v 2.530100 8.251958 -0.069920
v 2.537662 8.270214 -0.044080
v 2.550000 8.248000 -0.069920
v 2.550000 8.267760 -0.044080
v 2.569900 8.251958 -0.069920
v 2.562338 8.270214 -0.044080
v 2.586770 8.263230 -0.069920
v 2.572797 8.277203 -0.044080
v 2.598042 8.280100 -0.069920
v 2.579786 8.287662 -0.044080
v 2.565600 8.300000 -0.076000
v 2.564413 8.305970 -0.076000
v 2.561031 8.311031 -0.076000
v 2.555970 8.314413 -0.076000
v 2.550000 8.315600 -0.076000
v 2.544030 8.314413 -0.076000
v 2.538969 8.311031 -0.076000
v 2.535587 8.305970 -0.076000
v 2.534400 8.300000 -0.076000
v 2.535587 8.294030 -0.076000
v 2.538969 8.288969 -0.076000
v 2.544030 8.285587 -0.076000
v 2.550000 8.284400 -0.076000
v 2.555970 8.285587 -0.076000
v 2.561031 8.288969 -0.076000
v 2.564413 8.294030 -0.076000
v 2.602000 8.300000 -0.107920
v 2.598042 8.319900 -0.107920
v 2.579786 8.312338 -0.082080
v 2.582240 8.300000 -0.082080
v 2.586770 8.336770 -0.107920
v 2.572797 8.322797 -0.082080
v 2.569900 8.348042 -0.107920
v 2.562338 8.329786 -0.082080
v 2.550000 8.352000 -0.107920
v 2.550000 8.332240 -0.082080
v 2.530100 8.348042 -0.107920
v 2.537662 8.329786 -0.082080
v 2.513230 8.336770 -0.107920
v 2.527203 8.322797 -0.082080
v 2.501958 8.319900 -0.107920
v 2.520214 8.312338 -0.082080
v 2.498000 8.300000 -0.107920
v 2.517760 8.300000 -0.082080
v 2.501958 8.280100 -0.107920
v 2.520214 8.287662 -0.082080
v 2.513230 8.263230 -0.107920
v 2.527203 8.277203 -0.082080
v 2.530100 8.251958 -0.107920
v 2.537662 8.270214 -0.082080
v 2.550000 8.248000 -0.107920
v 2.550000 8.267760 -0.082080
v 2.569900 8.251958 -0.107920
v 2.562338 8.270214 -0.082080
v 2.586770 8.263230 -0.107920
v 2.572797 8.277203 -0.082080
v 2.598042 8.280100 -0.107920
v 2.579786 8.287662 -0.082080
v 2.565600 8.300000 -0.114000
v 2.564413 8.305970 -0.114000
v 2.561031 8.311031 -0.114000
v 2.555970 8.314413 -0.114000
v 2.550000 8.315600 -0.114000
v 2.544030 8.314413 -0.114000
v 2.538969 8.311031 -0.114000
v 2.535587 8.305970 -0.114000
v 2.534400 8.300000 -0.114000
v 2.535587 8.294030 -0.114000
v 2.538969 8.288969 -0.114000
v 2.544030 8.285587 -0.114000
v 2.550000 8.284400 -0.114000
v 2.555970 8.285587 -0.114000
v 2.561031 8.288969 -0.114000
v 2.564413 8.294030 -0.114000
v 2.602000 8.300000 -0.145920
v 2.598042 8.319900 -0.145920
v 2.579786 8.312338 -0.120080
v 2.582240 8.300000 -0.120080
v 2.586770 8.336770 -0.145920
v 2.572797 8.322797 -0.120080
v 2.569900 8.348042 -0.145920
v 2.562338 8.329786 -0.120080
v 2.550000 8.352000 -0.145920
v 2.550000 8.332240 -0.120080
v 2.530100 8.348042 -0.145920
v 2.537662 8.329786 -0.120080
v 2.513230 8.336770 -0.145920
v 2.527203 8.322797 -0.120080
v 2.501958 8.319900 -0.145920
v 2.520214 8.312338 -0.120080
v 2.498000 8.300000 -0.145920
v 2.517760 8.300000 -0.120080
v 2.501958 8.280100 -0.145920
v 2.520214 8.287662 -0.120080
v 2.513230 8.263230 -0.145920
v 2.527203 8.277203 -0.120080
v 2.530100 8.251958 -0.145920
v 2.537662 8.270214 -0.120080
v 2.550000 8.248000 -0.145920
v 2.550000 8.267760 -0.120080
v 2.569900 8.251958 -0.145920
v 2.562338 8.270214 -0.120080
v 2.586770 8.263230 -0.145920
v 2.572797 8.277203 -0.120080
v 2.598042 8.280100 -0.145920
v 2.579786 8.287662 -0.120080
v 2.565600 8.300000 -0.152000
v 2.564413 8.305970 -0.152000
v 2.561031 8.311031 -0.152000
v 2.555970 8.314413 -0.152000
v 2.550000 8.315600 -0.152000
v 2.544030 8.314413 -0.152000
v 2.538969 8.311031 -0.152000
v 2.535587 8.305970 -0.152000
v 2.534400 8.300000 -0.152000
v 2.535587 8.294030 -0.152000
v 2.538969 8.288969 -0.152000
v 2.544030 8.285587 -0.152000
v 2.550000 8.284400 -0.152000
v 2.555970 8.285587 -0.152000
v 2.561031 8.288969 -0.152000
v 2.564413 8.294030 -0.152000
v 2.602000 8.300000 -0.183920
v 2.598042 8.319900 -0.183920
v 2.579786 8.312338 -0.158080
v 2.582240 8.300000 -0.158080
v 2.586770 8.336770 -0.183920
v 2.572797 8.322797 -0.158080
v 2.569900 8.348042 -0.183920
v 2.562338 8.329786 -0.158080
v 2.550000 8.352000 -0.183920
v 2.550000 8.332240 -0.158080
v 2.530100 8.348042 -0.183920
v 2.537662 8.329786 -0.158080
v 2.513230 8.336770 -0.183920
v 2.527203 8.322797 -0.158080
v 2.501958 8.319900 -0.183920
v 2.520214 8.312338 -0.158080
v 2.498000 8.300000 -0.183920
v 2.517760 8.300000 -0.158080
v 2.501958 8.280100 -0.183920
v 2.520214 8.287662 -0.158080
v 2.513230 8.263230 -0.183920
v 2.527203 8.277203 -0.158080
v 2.530100 8.251958 -0.183920
v 2.537662 8.270214 -0.158080
v 2.550000 8.248000 -0.183920
v 2.550000 8.267760 -0.158080
v 2.569900 8.251958 -0.183920
v 2.562338 8.270214 -0.158080
v 2.586770 8.263230 -0.183920
v 2.572797 8.277203 -0.158080
v 2.598042 8.280100 -0.183920
v 2.579786 8.287662 -0.158080
v 2.565600 8.300000 -0.190000
v 2.564413 8.305970 -0.190000
v 2.561031 8.311031 -0.190000
v 2.555970 8.314413 -0.190000
v 2.550000 8.315600 -0.190000
v 2.544030 8.314413 -0.190000
v 2.538969 8.311031 -0.190000
v 2.535587 8.305970 -0.190000
v 2.534400 8.300000 -0.190000
v 2.535587 8.294030 -0.190000
v 2.538969 8.288969 -0.190000
v 2.544030 8.285587 -0.190000
v 2.550000 8.284400 -0.190000
v 2.555970 8.285587 -0.190000
v 2.561031 8.288969 -0.190000
v 2.564413 8.294030 -0.190000
v 2.602000 8.300000 -0.221920
v 2.598042 8.319900 -0.221920
v 2.579786 8.312338 -0.196080
v 2.582240 8.300000 -0.196080
v 2.586770 8.336770 -0.221920
v 2.572797 8.322797 -0.196080
v 2.569900 8.348042 -0.221920
v 2.562338 8.329786 -0.196080
v 2.550000 8.352000 -0.221920
v 2.550000 8.332240 -0.196080
v 2.530100 8.348042 -0.221920
v 2.537662 8.329786 -0.196080
v 2.513230 8.336770 -0.221920
v 2.527203 8.322797 -0.196080
v 2.501958 8.319900 -0.221920
v 2.520214 8.312338 -0.196080
v 2.498000 8.300000 -0.221920
v 2.517760 8.300000 -0.196080
v 2.501958 8.280100 -0.221920
v 2.520214 8.287662 -0.196080
v 2.513230 8.263230 -0.221920
v 2.527203 8.277203 -0.196080
v 2.530100 8.251958 -0.221920
v 2.537662 8.270214 -0.196080
v 2.550000 8.248000 -0.221920
v 2.550000 8.267760 -0.196080
v 2.569900 8.251958 -0.221920
v 2.562338 8.270214 -0.196080
v 2.586770 8.263230 -0.221920
v 2.572797 8.277203 -0.196080
v 2.598042 8.280100 -0.221920
v 2.579786 8.287662 -0.196080
v 2.565600 8.300000 -0.228000
v 2.564413 8.305970 -0.228000
v 2.561031 8.311031 -0.228000
v 2.555970 8.314413 -0.228000
v 2.550000 8.315600 -0.228000
v 2.544030 8.314413 -0.228000
v 2.538969 8.311031 -0.228000
v 2.535587 8.305970 -0.228000
v 2.534400 8.300000 -0.228000
v 2.535587 8.294030 -0.228000
v 2.538969 8.288969 -0.228000
v 2.544030 8.285587 -0.228000
v 2.550000 8.284400 -0.228000
v 2.555970 8.285587 -0.228000
v 2.561031 8.288969 -0.228000
v 2.564413 8.294030 -0.228000
v 2.602000 8.300000 -0.259920
v 2.598042 8.319900 -0.259920
v 2.579786 8.312338 -0.234080
v 2.582240 8.300000 -0.234080
v 2.586770 8.336770 -0.259920
v 2.572797 8.322797 -0.234080
v 2.569900 8.348042 -0.259920
v 2.562338 8.329786 -0.234080
v 2.550000 8.352000 -0.259920
v 2.550000 8.332240 -0.234080
v 2.530100 8.348042 -0.259920
v 2.537662 8.329786 -0.234080
v 2.513230 8.336770 -0.259920
v 2.527203 8.322797 -0.234080
v 2.501958 8.319900 -0.259920
v 2.520214 8.312338 -0.234080
v 2.498000 8.300000 -0.259920
v 2.517760 8.300000 -0.234080
v 2.501958 8.280100 -0.259920
v 2.520214 8.287662 -0.234080
v 2.513230 8.263230 -0.259920
v 2.527203 8.277203 -0.234080
v 2.530100 8.251958 -0.259920
v 2.537662 8.270214 -0.234080
v 2.550000 8.248000 -0.259920
v 2.550000 8.267760 -0.234080
v 2.569900 8.251958 -0.259920
v 2.562338 8.270214 -0.234080
v 2.586770 8.263230 -0.259920
v 2.572797 8.277203 -0.234080
v 2.598042 8.280100 -0.259920
v 2.579786 8.287662 -0.234080
v 2.565600 8.300000 -0.266000
v 2.564413 8.305970 -0.266000
v 2.561031 8.311031 -0.266000
v 2.555970 8.314413 -0.266000
v 2.550000 8.315600 -0.266000
v 2.544030 8.314413 -0.266000
v 2.538969 8.311031 -0.266000
v 2.535587 8.305970 -0.266000
v 2.534400 8.300000 -0.266000
v 2.535587 8.294030 -0.266000
v 2.538969 8.288969 -0.266000
v 2.544030 8.285587 -0.266000
v 2.550000 8.284400 -0.266000
v 2.555970 8.285587 -0.266000
v 2.561031 8.288969 -0.266000
v 2.564413 8.294030 -0.266000
v 2.602000 8.300000 -0.297920
v 2.598042 8.319900 -0.297920
v 2.579786 8.312338 -0.272080
v 2.582240 8.300000 -0.272080
v 2.586770 8.336770 -0.297920
v 2.572797 8.322797 -0.272080
v 2.569900 8.348042 -0.297920
v 2.562338 8.329786 -0.272080
v 2.550000 8.352000 -0.297920
v 2.550000 8.332240 -0.272080
v 2.530100 8.348042 -0.297920
v 2.537662 8.329786 -0.272080
v 2.513230 8.336770 -0.297920
v 2.527203 8.322797 -0.272080
v 2.501958 8.319900 -0.297920
v 2.520214 8.312338 -0.272080
v 2.498000 8.300000 -0.297920
v 2.517760 8.300000 -0.272080
v 2.501958 8.280100 -0.297920
v 2.520214 8.287662 -0.272080
v 2.513230 8.263230 -0.297920
v 2.527203 8.277203 -0.272080
v 2.530100 8.251958 -0.297920
v 2.537662 8.270214 -0.272080
v 2.550000 8.248000 -0.297920
v 2.550000 8.267760 -0.272080
v 2.569900 8.251958 -0.297920
v 2.562338 8.270214 -0.272080
v 2.586770 8.263230 -0.297920
v 2.572797 8.277203 -0.272080
v 2.598042 8.280100 -0.297920
v 2.579786 8.287662 -0.272080
v 2.565600 8.300000 -0.304000
v 2.564413 8.305970 -0.304000
v 2.561031 8.311031 -0.304000
v 2.555970 8.314413 -0.304000
v 2.550000 8.315600 -0.304000
v 2.544030 8.314413 -0.304000
v 2.538969 8.311031 -0.304000
v 2.535587 8.305970 -0.304000
v 2.534400 8.300000 -0.304000
v 2.535587 8.294030 -0.304000
v 2.538969 8.288969 -0.304000
v 2.544030 8.285587 -0.304000
v 2.550000 8.284400 -0.304000
v 2.555970 8.285587 -0.304000
v 2.561031 8.288969 -0.304000
v 2.564413 8.294030 -0.304000
v 2.602000 8.300000 -0.335920
v 2.598042 8.319900 -0.335920
v 2.579786 8.312338 -0.310080
v 2.582240 8.300000 -0.310080
v 2.586770 8.336770 -0.335920
v 2.572797 8.322797 -0.310080
v 2.569900 8.348042 -0.335920
v 2.562338 8.329786 -0.310080
v 2.550000 8.352000 -0.335920
v 2.550000 8.332240 -0.310080
v 2.530100 8.348042 -0.335920
v 2.537662 8.329786 -0.310080
v 2.513230 8.336770 -0.335920
v 2.527203 8.322797 -0.310080
v 2.501958 8.319900 -0.335920
v 2.520214 8.312338 -0.310080
v 2.498000 8.300000 -0.335920
v 2.517760 8.300000 -0.310080
v 2.501958 8.280100 -0.335920
v 2.520214 8.287662 -0.310080
v 2.513230 8.263230 -0.335920
v 2.527203 8.277203 -0.310080
v 2.530100 8.251958 -0.335920
v 2.537662 8.270214 -0.310080
v 2.550000 8.248000 -0.335920
v 2.550000 8.267760 -0.310080
v 2.569900 8.251958 -0.335920
v 2.562338 8.270214 -0.310080
v 2.586770 8.263230 -0.335920
v 2.572797 8.277203 -0.310080
v 2.598042 8.280100 -0.335920
v 2.579786 8.287662 -0.310080
v 2.565600 8.300000 -0.342000
v 2.564413 8.305970 -0.342000
v 2.561031 8.311031 -0.342000
v 2.555970 8.314413 -0.342000
v 2.550000 8.315600 -0.342000
v 2.544030 8.314413 -0.342000
v 2.538969 8.311031 -0.342000
v 2.535587 8.305970 -0.342000
v 2.534400 8.300000 -0.342000
v 2.535587 8.294030 -0.342000
v 2.538969 8.288969 -0.342000
v 2.544030 8.285587 -0.342000
v 2.550000 8.284400 -0.342000
v 2.555970 8.285587 -0.342000
v 2.561031 8.288969 -0.342000
v 2.564413 8.294030 -0.342000
v 2.602000 8.300000 -0.373920
v 2.598042 8.319900 -0.373920
v 2.579786 8.312338 -0.348080
v 2.582240 8.300000 -0.348080
v 2.586770 8.336770 -0.373920
v 2.572797 8.322797 -0.348080
v 2.569900 8.348042 -0.373920
v 2.562338 8.329786 -0.348080
v 2.550000 8.352000 -0.373920
v 2.550000 8.332240 -0.348080
v 2.530100 8.348042 -0.373920
v 2.537662 8.329786 -0.348080
v 2.513230 8.336770 -0.373920
v 2.527203 8.322797 -0.348080
v 2.501958 8.319900 -0.373920
v 2.520214 8.312338 -0.348080
v 2.498000 8.300000 -0.373920
v 2.517760 8.300000 -0.348080
v 2.501958 8.280100 -0.373920
v 2.520214 8.287662 -0.348080
v 2.513230 8.263230 -0.373920
v 2.527203 8.277203 -0.348080
v 2.530100 8.251958 -0.373920
v 2.537662 8.270214 -0.348080
v 2.550000 8.248000 -0.373920
v 2.550000 8.267760 -0.348080
v 2.569900 8.251958 -0.373920
v 2.562338 8.270214 -0.348080
v 2.586770 8.263230 -0.373920
v 2.572797 8.277203 -0.348080
v 2.598042 8.280100 -0.373920
v 2.579786 8.287662 -0.348080
v 2.565600 8.300000 -0.380000
v 2.564413 8.305970 -0.380000
v 2.561031 8.311031 -0.380000
v 2.555970 8.314413 -0.380000
v 2.550000 8.315600 -0.380000
v 2.544030 8.314413 -0.380000
v 2.538969 8.311031 -0.380000
v 2.535587 8.305970 -0.380000
v 2.534400 8.300000 -0.380000
v 2.535587 8.294030 -0.380000
v 2.538969 8.288969 -0.380000
v 2.544030 8.285587 -0.380000
v 2.550000 8.284400 -0.380000
v 2.555970 8.285587 -0.380000
v 2.561031 8.288969 -0.380000
v 2.564413 8.294030 -0.380000
v 2.602000 8.300000 -0.411920
v 2.598042 8.319900 -0.411920
v 2.579786 8.312338 -0.386080
v 2.582240 8.300000 -0.386080
v 2.586770 8.336770 -0.411920
v 2.572797 8.322797 -0.386080
v 2.569900 8.348042 -0.411920
v 2.562338 8.329786 -0.386080
v 2.550000 8.352000 -0.411920
v 2.550000 8.332240 -0.386080
v 2.530100 8.348042 -0.411920
v 2.537662 8.329786 -0.386080
v 2.513230 8.336770 -0.411920
v 2.527203 8.322797 -0.386080
v 2.501958 8.319900 -0.411920
v 2.520214 8.312338 -0.386080
v 2.498000 8.300000 -0.411920
v 2.517760 8.300000 -0.386080
v 2.501958 8.280100 -0.411920
v 2.520214 8.287662 -0.386080
v 2.513230 8.263230 -0.411920
v 2.527203 8.277203 -0.386080
v 2.530100 8.251958 -0.411920
v 2.537662 8.270214 -0.386080
v 2.550000 8.248000 -0.411920
v 2.550000 8.267760 -0.386080
v 2.569900 8.251958 -0.411920
v 2.562338 8.270214 -0.386080
v 2.586770 8.263230 -0.411920
v 2.572797 8.277203 -0.386080
v 2.598042 8.280100 -0.411920
v 2.579786 8.287662 -0.386080
v 2.565600 8.300000 -0.418000
v 2.564413 8.305970 -0.418000
v 2.561031 8.311031 -0.418000
v 2.555970 8.314413 -0.418000
v 2.550000 8.315600 -0.418000
v 2.544030 8.314413 -0.418000
v 2.538969 8.311031 -0.418000
v 2.535587 8.305970 -0.418000
v 2.534400 8.300000 -0.418000
v 2.535587 8.294030 -0.418000
v 2.538969 8.288969 -0.418000
v 2.544030 8.285587 -0.418000
v 2.550000 8.284400 -0.418000
v 2.555970 8.285587 -0.418000
v 2.561031 8.288969 -0.418000
v 2.564413 8.294030 -0.418000
v 2.602000 8.300000 -0.449920
v 2.598042 8.319900 -0.449920
v 2.579786 8.312338 -0.424080
v 2.582240 8.300000 -0.424080
v 2.586770 8.336770 -0.449920
v 2.572797 8.322797 -0.424080
v 2.569900 8.348042 -0.449920
v 2.562338 8.329786 -0.424080
v 2.550000 8.352000 -0.449920
v 2.550000 8.332240 -0.424080
v 2.530100 8.348042 -0.449920
v 2.537662 8.329786 -0.424080
v 2.513230 8.336770 -0.449920
v 2.527203 8.322797 -0.424080
v 2.501958 8.319900 -0.449920
v 2.520214 8.312338 -0.424080
v 2.498000 8.300000 -0.449920
v 2.517760 8.300000 -0.424080
v 2.501958 8.280100 -0.449920
v 2.520214 8.287662 -0.424080
v 2.513230 8.263230 -0.449920
v 2.527203 8.277203 -0.424080
v 2.530100 8.251958 -0.449920
v 2.537662 8.270214 -0.424080
v 2.550000 8.248000 -0.449920
v 2.550000 8.267760 -0.424080
v 2.569900 8.251958 -0.449920
v 2.562338 8.270214 -0.424080
v 2.586770 8.263230 -0.449920
v 2.572797 8.277203 -0.424080
v 2.598042 8.280100 -0.449920
v 2.579786 8.287662 -0.424080
v 2.565600 8.300000 -0.456000
v 2.564413 8.305970 -0.456000
v 2.561031 8.311031 -0.456000
v 2.555970 8.314413 -0.456000
v 2.550000 8.315600 -0.456000
v 2.544030 8.314413 -0.456000
v 2.538969 8.311031 -0.456000
v 2.535587 8.305970 -0.456000
v 2.534400 8.300000 -0.456000
v 2.535587 8.294030 -0.456000
v 2.538969 8.288969 -0.456000
v 2.544030 8.285587 -0.456000
v 2.550000 8.284400 -0.456000
v 2.555970 8.285587 -0.456000
v 2.561031 8.288969 -0.456000
v 2.564413 8.294030 -0.456000
v 2.602000 8.300000 -0.487920
v 2.598042 8.319900 -0.487920
v 2.579786 8.312338 -0.462080
v 2.582240 8.300000 -0.462080
v 2.586770 8.336770 -0.487920
v 2.572797 8.322797 -0.462080
v 2.569900 8.348042 -0.487920
v 2.562338 8.329786 -0.462080
v 2.550000 8.352000 -0.487920
v 2.550000 8.332240 -0.462080
v 2.530100 8.348042 -0.487920
v 2.537662 8.329786 -0.462080
v 2.513230 8.336770 -0.487920
v 2.527203 8.322797 -0.462080
v 2.501958 8.319900 -0.487920
v 2.520214 8.312338 -0.462080
v 2.498000 8.300000 -0.487920
v 2.517760 8.300000 -0.462080
v 2.501958 8.280100 -0.487920
v 2.520214 8.287662 -0.462080
v 2.513230 8.263230 -0.487920
v 2.527203 8.277203 -0.462080
v 2.530100 8.251958 -0.487920
v 2.537662 8.270214 -0.462080
v 2.550000 8.248000 -0.487920
v 2.550000 8.267760 -0.462080
v 2.569900 8.251958 -0.487920
v 2.562338 8.270214 -0.462080
v 2.586770 8.263230 -0.487920
v 2.572797 8.277203 -0.462080
v 2.598042 8.280100 -0.487920
v 2.579786 8.287662 -0.462080
v 2.565600 8.300000 -0.494000
v 2.564413 8.305970 -0.494000
v 2.561031 8.311031 -0.494000
v 2.555970 8.314413 -0.494000
v 2.550000 8.315600 -0.494000
v 2.544030 8.314413 -0.494000
v 2.538969 8.311031 -0.494000
v 2.535587 8.305970 -0.494000
v 2.534400 8.300000 -0.494000
v 2.535587 8.294030 -0.494000
v 2.538969 8.288969 -0.494000
v 2.544030 8.285587 -0.494000
v 2.550000 8.284400 -0.494000
v 2.555970 8.285587 -0.494000
v 2.561031 8.288969 -0.494000
v 2.564413 8.294030 -0.494000
v 2.602000 8.300000 -0.525920
v 2.598042 8.319900 -0.525920
v 2.579786 8.312338 -0.500080
v 2.582240 8.300000 -0.500080
v 2.586770 8.336770 -0.525920
v 2.572797 8.322797 -0.500080
v 2.569900 8.348042 -0.525920
v 2.562338 8.329786 -0.500080
v 2.550000 8.352000 -0.525920
v 2.550000 8.332240 -0.500080
v 2.530100 8.348042 -0.525920
v 2.537662 8.329786 -0.500080
v 2.513230 8.336770 -0.525920
v 2.527203 8.322797 -0.500080
v 2.501958 8.319900 -0.525920
v 2.520214 8.312338 -0.500080
v 2.498000 8.300000 -0.525920
v 2.517760 8.300000 -0.500080
v 2.501958 8.280100 -0.525920
v 2.520214 8.287662 -0.500080
v 2.513230 8.263230 -0.525920
v 2.527203 8.277203 -0.500080
v 2.530100 8.251958 -0.525920
v 2.537662 8.270214 -0.500080
v 2.550000 8.248000 -0.525920
v 2.550000 8.267760 -0.500080
v 2.569900 8.251958 -0.525920
v 2.562338 8.270214 -0.500080
v 2.586770 8.263230 -0.525920
v 2.572797 8.277203 -0.500080
v 2.598042 8.280100 -0.525920
v 2.579786 8.287662 -0.500080
v 2.565600 8.300000 -0.532000
v 2.564413 8.305970 -0.532000
v 2.561031 8.311031 -0.532000
v 2.555970 8.314413 -0.532000
v 2.550000 8.315600 -0.532000
v 2.544030 8.314413 -0.532000
v 2.538969 8.311031 -0.532000
v 2.535587 8.305970 -0.532000
v 2.534400 8.300000 -0.532000
v 2.535587 8.294030 -0.532000
v 2.538969 8.288969 -0.532000
v 2.544030 8.285587 -0.532000
v 2.550000 8.284400 -0.532000
v 2.555970 8.285587 -0.532000
v 2.561031 8.288969 -0.532000
v 2.564413 8.294030 -0.532000
v 2.602000 8.300000 -0.563920
v 2.598042 8.319900 -0.563920
v 2.579786 8.312338 -0.538080
v 2.582240 8.300000 -0.538080
v 2.586770 8.336770 -0.563920
v 2.572797 8.322797 -0.538080
v 2.569900 8.348042 -0.563920
v 2.562338 8.329786 -0.538080
v 2.550000 8.352000 -0.563920
v 2.550000 8.332240 -0.538080
v 2.530100 8.348042 -0.563920
v 2.537662 8.329786 -0.538080
v 2.513230 8.336770 -0.563920
v 2.527203 8.322797 -0.538080
v 2.501958 8.319900 -0.563920
v 2.520214 8.312338 -0.538080
v 2.498000 8.300000 -0.563920
v 2.517760 8.300000 -0.538080
v 2.501958 8.280100 -0.563920
v 2.520214 8.287662 -0.538080
v 2.513230 8.263230 -0.563920
v 2.527203 8.277203 -0.538080
v 2.530100 8.251958 -0.563920
v 2.537662 8.270214 -0.538080
v 2.550000 8.248000 -0.563920
v 2.550000 8.267760 -0.538080
v 2.569900 8.251958 -0.563920
v 2.562338 8.270214 -0.538080
v 2.586770 8.263230 -0.563920
v 2.572797 8.277203 -0.538080
v 2.598042 8.280100 -0.563920
v 2.579786 8.287662 -0.538080
v 2.565600 8.300000 -0.570000
v 2.564413 8.305970 -0.570000
v 2.561031 8.311031 -0.570000
v 2.555970 8.314413 -0.570000
v 2.550000 8.315600 -0.570000
v 2.544030 8.314413 -0.570000
v 2.538969 8.311031 -0.570000
v 2.535587 8.305970 -0.570000
v 2.534400 8.300000 -0.570000
v 2.535587 8.294030 -0.570000
v 2.538969 8.288969 -0.570000
v 2.544030 8.285587 -0.570000
v 2.550000 8.284400 -0.570000
v 2.555970 8.285587 -0.570000
v 2.561031 8.288969 -0.570000
v 2.564413 8.294030 -0.570000
v 2.602000 8.300000 -0.601920
v 2.598042 8.319900 -0.601920
v 2.579786 8.312338 -0.576080
v 2.582240 8.300000 -0.576080
v 2.586770 8.336770 -0.601920
v 2.572797 8.322797 -0.576080
v 2.569900 8.348042 -0.601920
v 2.562338 8.329786 -0.576080
v 2.550000 8.352000 -0.601920
v 2.550000 8.332240 -0.576080
v 2.530100 8.348042 -0.601920
v 2.537662 8.329786 -0.576080
v 2.513230 8.336770 -0.601920
v 2.527203 8.322797 -0.576080
v 2.501958 8.319900 -0.601920
v 2.520214 8.312338 -0.576080
v 2.498000 8.300000 -0.601920
v 2.517760 8.300000 -0.576080
v 2.501958 8.280100 -0.601920
v 2.520214 8.287662 -0.576080
v 2.513230 8.263230 -0.601920
v 2.527203 8.277203 -0.576080
v 2.530100 8.251958 -0.601920
v 2.537662 8.270214 -0.576080
v 2.550000 8.248000 -0.601920
v 2.550000 8.267760 -0.576080
v 2.569900 8.251958 -0.601920
v 2.562338 8.270214 -0.576080
v 2.586770 8.263230 -0.601920
v 2.572797 8.277203 -0.576080
v 2.598042 8.280100 -0.601920
v 2.579786 8.287662 -0.576080
v 2.565600 8.300000 -0.608000
v 2.564413 8.305970 -0.608000
v 2.561031 8.311031 -0.608000
v 2.555970 8.314413 -0.608000
v 2.550000 8.315600 -0.608000
v 2.544030 8.314413 -0.608000
v 2.538969 8.311031 -0.608000
v 2.535587 8.305970 -0.608000
v 2.534400 8.300000 -0.608000
v 2.535587 8.294030 -0.608000
v 2.538969 8.288969 -0.608000
v 2.544030 8.285587 -0.608000
v 2.550000 8.284400 -0.608000
v 2.555970 8.285587 -0.608000
v 2.561031 8.288969 -0.608000
v 2.564413 8.294030 -0.608000
v 2.602000 8.300000 -0.639920
v 2.598042 8.319900 -0.639920
v 2.579786 8.312338 -0.614080
v 2.582240 8.300000 -0.614080
v 2.586770 8.336770 -0.639920
v 2.572797 8.322797 -0.614080
v 2.569900 8.348042 -0.639920
v 2.562338 8.329786 -0.614080
v 2.550000 8.352000 -0.639920
v 2.550000 8.332240 -0.614080
v 2.530100 8.348042 -0.639920
v 2.537662 8.329786 -0.614080
v 2.513230 8.336770 -0.639920
v 2.527203 8.322797 -0.614080
v 2.501958 8.319900 -0.639920
v 2.520214 8.312338 -0.614080
v 2.498000 8.300000 -0.639920
v 2.517760 8.300000 -0.614080
v 2.501958 8.280100 -0.639920
v 2.520214 8.287662 -0.614080
v 2.513230 8.263230 -0.639920
v 2.527203 8.277203 -0.614080
v 2.530100 8.251958 -0.639920
v 2.537662 8.270214 -0.614080
v 2.550000 8.248000 -0.639920
v 2.550000 8.267760 -0.614080
v 2.569900 8.251958 -0.639920
v 2.562338 8.270214 -0.614080
v 2.586770 8.263230 -0.639920
v 2.572797 8.277203 -0.614080
v 2.598042 8.280100 -0.639920
v 2.579786 8.287662 -0.614080
v 2.565600 8.300000 -0.646000
v 2.564413 8.305970 -0.646000
v 2.561031 8.311031 -0.646000
v 2.555970 8.314413 -0.646000
v 2.550000 8.315600 -0.646000
v 2.544030 8.314413 -0.646000
v 2.538969 8.311031 -0.646000
v 2.535587 8.305970 -0.646000
v 2.534400 8.300000 -0.646000
v 2.535587 8.294030 -0.646000
v 2.538969 8.288969 -0.646000
v 2.544030 8.285587 -0.646000
v 2.550000 8.284400 -0.646000
v 2.555970 8.285587 -0.646000
v 2.561031 8.288969 -0.646000
v 2.564413 8.294030 -0.646000
v 2.602000 8.300000 -0.677920
v 2.598042 8.319900 -0.677920
v 2.579786 8.312338 -0.652080
v 2.582240 8.300000 -0.652080
v 2.586770 8.336770 -0.677920
v 2.572797 8.322797 -0.652080
v 2.569900 8.348042 -0.677920
v 2.562338 8.329786 -0.652080
v 2.550000 8.352000 -0.677920
v 2.550000 8.332240 -0.652080
v 2.530100 8.348042 -0.677920
v 2.537662 8.329786 -0.652080
v 2.513230 8.336770 -0.677920
v 2.527203 8.322797 -0.652080
v 2.501958 8.319900 -0.677920
v 2.520214 8.312338 -0.652080
v 2.498000 8.300000 -0.677920
v 2.517760 8.300000 -0.652080
v 2.501958 8.280100 -0.677920
v 2.520214 8.287662 -0.652080
v 2.513230 8.263230 -0.677920
v 2.527203 8.277203 -0.652080
v 2.530100 8.251958 -0.677920
v 2.537662 8.270214 -0.652080
v 2.550000 8.248000 -0.677920
v 2.550000 8.267760 -0.652080
v 2.569900 8.251958 -0.677920
v 2.562338 8.270214 -0.652080
v 2.586770 8.263230 -0.677920
v 2.572797 8.277203 -0.652080
v 2.598042 8.280100 -0.677920
v 2.579786 8.287662 -0.652080
v 2.565600 8.300000 -0.684000
v 2.564413 8.305970 -0.684000
v 2.561031 8.311031 -0.684000
v 2.555970 8.314413 -0.684000
v 2.550000 8.315600 -0.684000
v 2.544030 8.314413 -0.684000
v 2.538969 8.311031 -0.684000
v 2.535587 8.305970 -0.684000
v 2.534400 8.300000 -0.684000
v 2.535587 8.294030 -0.684000
v 2.538969 8.288969 -0.684000
v 2.544030 8.285587 -0.684000
v 2.550000 8.284400 -0.684000
v 2.555970 8.285587 -0.684000
v 2.561031 8.288969 -0.684000
v 2.564413 8.294030 -0.684000
v 2.495000 8.265000 -0.769000
v 2.605000 8.265000 -0.769000
v 2.605000 8.265000 -0.699000
v 2.495000 8.265000 -0.699000
v 2.495000 8.335000 -0.699000
v 2.605000 8.335000 -0.699000
v 2.605000 8.335000 -0.769000
v 2.495000 8.335000 -0.769000
v 2.602000 8.300000 0.006080
v 2.598042 8.319900 0.006080
v 2.579786 8.312338 0.031920
v 2.582240 8.300000 0.031920
v 2.586770 8.336770 0.006080
v 2.572797 8.322797 0.031920
v 2.569900 8.348042 0.006080
v 2.562338 8.329786 0.031920
v 2.550000 8.352000 0.006080
v 2.550000 8.332240 0.031920
v 2.530100 8.348042 0.006080
v 2.537662 8.329786 0.031920
v 2.513230 8.336770 0.006080
v 2.527203 8.322797 0.031920
v 2.501958 8.319900 0.006080
v 2.520214 8.312338 0.031920
v 2.498000 8.300000 0.006080
v 2.517760 8.300000 0.031920
v 2.501958 8.280100 0.006080
v 2.520214 8.287662 0.031920
v 2.513230 8.263230 0.006080
v 2.527203 8.277203 0.031920
v 2.530100 8.251958 0.006080
v 2.537662 8.270214 0.031920
v 2.550000 8.248000 0.006080
v 2.550000 8.267760 0.031920
v 2.569900 8.251958 0.006080
v 2.562338 8.270214 0.031920
v 2.586770 8.263230 0.006080
v 2.572797 8.277203 0.031920
v 2.598042 8.280100 0.006080
v 2.579786 8.287662 0.031920
v 2.564413 8.305970 0.038000
v 2.565600 8.300000 0.038000
v 2.561031 8.311031 0.038000
v 2.555970 8.314413 0.038000
v 2.550000 8.315600 0.038000
v 2.544030 8.314413 0.038000
v 2.538969 8.311031 0.038000
v 2.535587 8.305970 0.038000
v 2.534400 8.300000 0.038000
v 2.535587 8.294030 0.038000
v 2.538969 8.288969 0.038000
v 2.544030 8.285587 0.038000
v 2.550000 8.284400 0.038000
v 2.555970 8.285587 0.038000
v 2.561031 8.288969 0.038000
v 2.564413 8.294030 0.038000
v 2.602000 8.300000 0.044080
v 2.598042 8.319900 0.044080
v 2.579786 8.312338 0.069920
v 2.582240 8.300000 0.069920
v 2.586770 8.336770 0.044080
v 2.572797 8.322797 0.069920
v 2.569900 8.348042 0.044080
v 2.562338 8.329786 0.069920
v 2.550000 8.352000 0.044080
v 2.550000 8.332240 0.069920
v 2.530100 8.348042 0.044080
v 2.537662 8.329786 0.069920
v 2.513230 8.336770 0.044080
v 2.527203 8.322797 0.069920
v 2.501958 8.319900 0.044080
v 2.520214 8.312338 0.069920
v 2.498000 8.300000 0.044080
v 2.517760 8.300000 0.069920
v 2.501958 8.280100 0.044080
v 2.520214 8.287662 0.069920
v 2.513230 8.263230 0.044080
v 2.527203 8.277203 0.069920
v 2.530100 8.251958 0.044080
v 2.537662 8.270214 0.069920
v 2.550000 8.248000 0.044080
v 2.550000 8.267760 0.069920
v 2.569900 8.251958 0.044080
v 2.562338 8.270214 0.069920
v 2.586770 8.263230 0.044080
v 2.572797 8.277203 0.069920
v 2.598042 8.280100 0.044080
v 2.579786 8.287662 0.069920
v 2.564413 8.305970 0.076000
v 2.565600 8.300000 0.076000
v 2.561031 8.311031 0.076000
v 2.555970 8.314413 0.076000
v 2.550000 8.315600 0.076000
v 2.544030 8.314413 0.076000
v 2.538969 8.311031 0.076000
v 2.535587 8.305970 0.076000
v 2.534400 8.300000 0.076000
v 2.535587 8.294030 0.076000
v 2.538969 8.288969 0.076000
v 2.544030 8.285587 0.076000
v 2.550000 8.284400 0.076000
v 2.555970 8.285587 0.076000
v 2.561031 8.288969 0.076000
v 2.564413 8.294030 0.076000
v 2.602000 8.300000 0.082080
v 2.598042 8.319900 0.082080
v 2.579786 8.312338 0.107920
v 2.582240 8.300000 0.107920
v 2.586770 8.336770 0.082080
v 2.572797 8.322797 0.107920
v 2.569900 8.348042 0.082080
v 2.562338 8.329786 0.107920
v 2.550000 8.352000 0.082080
v 2.550000 8.332240 0.107920
v 2.530100 8.348042 0.082080
v 2.537662 8.329786 0.107920
v 2.513230 8.336770 0.082080
v 2.527203 8.322797 0.107920
v 2.501958 8.319900 0.082080
v 2.520214 8.312338 0.107920
v 2.498000 8.300000 0.082080
v 2.517760 8.300000 0.107920
v 2.501958 8.280100 0.082080
v 2.520214 8.287662 0.107920
v 2.513230 8.263230 0.082080
v 2.527203 8.277203 0.107920
v 2.530100 8.251958 0.082080
v 2.537662 8.270214 0.107920
v 2.550000 8.248000 0.082080
v 2.550000 8.267760 0.107920
v 2.569900 8.251958 0.082080
v 2.562338 8.270214 0.107920
v 2.586770 8.263230 0.082080
v 2.572797 8.277203 0.107920
v 2.598042 8.280100 0.082080
v 2.579786 8.287662 0.107920
v 2.564413 8.305970 0.114000
v 2.565600 8.300000 0.114000
v 2.561031 8.311031 0.114000
v 2.555970 8.314413 0.114000
v 2.550000 8.315600 0.114000
v 2.544030 8.314413 0.114000
v 2.538969 8.311031 0.114000
v 2.535587 8.305970 0.114000
v 2.534400 8.300000 0.114000
v 2.535587 8.294030 0.114000
v 2.538969 8.288969 0.114000
v 2.544030 8.285587 0.114000
v 2.550000 8.284400 0.114000
v 2.555970 8.285587 0.114000
v 2.561031 8.288969 0.114000
v 2.564413 8.294030 0.114000
v 2.602000 8.300000 0.120080
v 2.598042 8.319900 0.120080
v 2.579786 8.312338 0.145920
v 2.582240 8.300000 0.145920
v 2.586770 8.336770 0.120080
v 2.572797 8.322797 0.145920
v 2.569900 8.348042 0.120080
v 2.562338 8.329786 0.145920
v 2.550000 8.352000 0.120080
v 2.550000 8.332240 0.145920
v 2.530100 8.348042 0.120080
v 2.537662 8.329786 0.145920
v 2.513230 8.336770 0.120080
v 2.527203 8.322797 0.145920
v 2.501958 8.319900 0.120080
v 2.520214 8.312338 0.145920
v 2.498000 8.300000 0.120080
v 2.517760 8.300000 0.145920
v 2.501958 8.280100 0.120080
v 2.520214 8.287662 0.145920
v 2.513230 8.263230 0.120080
v 2.527203 8.277203 0.145920
v 2.530100 8.251958 0.120080
v 2.537662 8.270214 0.145920
v 2.550000 8.248000 0.120080
v 2.550000 8.267760 0.145920
v 2.569900 8.251958 0.120080
v 2.562338 8.270214 0.145920
v 2.586770 8.263230 0.120080
v 2.572797 8.277203 0.145920
v 2.598042 8.280100 0.120080
v 2.579786 8.287662 0.145920
v 2.564413 8.305970 0.152000
v 2.565600 8.300000 0.152000
v 2.561031 8.311031 0.152000
v 2.555970 8.314413 0.152000
v 2.550000 8.315600 0.152000
v 2.544030 8.314413 0.152000
v 2.538969 8.311031 0.152000
v 2.535587 8.305970 0.152000
v 2.534400 8.300000 0.152000
v 2.535587 8.294030 0.152000
v 2.538969 8.288969 0.152000
v 2.544030 8.285587 0.152000
v 2.550000 8.284400 0.152000
v 2.555970 8.285587 0.152000
v 2.561031 8.288969 0.152000
v 2.564413 8.294030 0.152000
v 2.602000 8.300000 0.158080
v 2.598042 8.319900 0.158080
v 2.579786 8.312338 0.183920
v 2.582240 8.300000 0.183920
v 2.586770 8.336770 0.158080
v 2.572797 8.322797 0.183920
v 2.569900 8.348042 0.158080
v 2.562338 8.329786 0.183920
v 2.550000 8.352000 0.158080
v 2.550000 8.332240 0.183920
v 2.530100 8.348042 0.158080
v 2.537662 8.329786 0.183920
v 2.513230 8.336770 0.158080
v 2.527203 8.322797 0.183920
v 2.501958 8.319900 0.158080
v 2.520214 8.312338 0.183920
v 2.498000 8.300000 0.158080
v 2.517760 8.300000 0.183920
v 2.501958 8.280100 0.158080
v 2.520214 8.287662 0.183920
v 2.513230 8.263230 0.158080
v 2.527203 8.277203 0.183920
v 2.530100 8.251958 0.158080
v 2.537662 8.270214 0.183920
v 2.550000 8.248000 0.158080
v 2.550000 8.267760 0.183920
v 2.569900 8.251958 0.158080
v 2.562338 8.270214 0.183920
v 2.586770 8.263230 0.158080
v 2.572797 8.277203 0.183920
v 2.598042 8.280100 0.158080
v 2.579786 8.287662 0.183920
v 2.564413 8.305970 0.190000
v 2.565600 8.300000 0.190000
v 2.561031 8.311031 0.190000
v 2.555970 8.314413 0.190000
v 2.550000 8.315600 0.190000
v 2.544030 8.314413 0.190000
v 2.538969 8.311031 0.190000
v 2.535587 8.305970 0.190000
v 2.534400 8.300000 0.190000
v 2.535587 8.294030 0.190000
v 2.538969 8.288969 0.190000
v 2.544030 8.285587 0.190000
v 2.550000 8.284400 0.190000
v 2.555970 8.285587 0.190000
v 2.561031 8.288969 0.190000
v 2.564413 8.294030 0.190000
v 2.602000 8.300000 0.196080
v 2.598042 8.319900 0.196080
v 2.579786 8.312338 0.221920
v 2.582240 8.300000 0.221920
v 2.586770 8.336770 0.196080
v 2.572797 8.322797 0.221920
v 2.569900 8.348042 0.196080
v 2.562338 8.329786 0.221920
v 2.550000 8.352000 0.196080
v 2.550000 8.332240 0.221920
v 2.530100 8.348042 0.196080
v 2.537662 8.329786 0.221920
v 2.513230 8.336770 0.196080
v 2.527203 8.322797 0.221920
v 2.501958 8.319900 0.196080
v 2.520214 8.312338 0.221920
v 2.498000 8.300000 0.196080
v 2.517760 8.300000 0.221920
v 2.501958 8.280100 0.196080
v 2.520214 8.287662 0.221920
v 2.513230 8.263230 0.196080
v 2.527203 8.277203 0.221920
v 2.530100 8.251958 0.196080
v 2.537662 8.270214 0.221920
v 2.550000 8.248000 0.196080
v 2.550000 8.267760 0.221920
v 2.569900 8.251958 0.196080
v 2.562338 8.270214 0.221920
v 2.586770 8.263230 0.196080
v 2.572797 8.277203 0.221920
v 2.598042 8.280100 0.196080
v 2.579786 8.287662 0.221920
v 2.564413 8.305970 0.228000
v 2.565600 8.300000 0.228000
v 2.561031 8.311031 0.228000
v 2.555970 8.314413 0.228000
v 2.550000 8.315600 0.228000
v 2.544030 8.314413 0.228000
v 2.538969 8.311031 0.228000
v 2.535587 8.305970 0.228000
v 2.534400 8.300000 0.228000
v 2.535587 8.294030 0.228000
v 2.538969 8.288969 0.228000
v 2.544030 8.285587 0.228000
v 2.550000 8.284400 0.228000
v 2.555970 8.285587 0.228000
v 2.561031 8.288969 0.228000
v 2.564413 8.294030 0.228000
v 2.602000 8.300000 0.234080
v 2.598042 8.319900 0.234080
v 2.579786 8.312338 0.259920
v 2.582240 8.300000 0.259920
v 2.586770 8.336770 0.234080
v 2.572797 8.322797 0.259920
v 2.569900 8.348042 0.234080
v 2.562338 8.329786 0.259920
v 2.550000 8.352000 0.234080
v 2.550000 8.332240 0.259920
v 2.530100 8.348042 0.234080
v 2.537662 8.329786 0.259920
v 2.513230 8.336770 0.234080
v 2.527203 8.322797 0.259920
v 2.501958 8.319900 0.234080
v 2.520214 8.312338 0.259920
v 2.498000 8.300000 0.234080
v 2.517760 8.300000 0.259920
v 2.501958 8.280100 0.234080
v 2.520214 8.287662 0.259920
v 2.513230 8.263230 0.234080
v 2.527203 8.277203 0.259920
v 2.530100 8.251958 0.234080
v 2.537662 8.270214 0.259920
v 2.550000 8.248000 0.234080
v 2.550000 8.267760 0.259920
v 2.569900 8.251958 0.234080
v 2.562338 8.270214 0.259920
v 2.586770 8.263230 0.234080
v 2.572797 8.277203 0.259920
v 2.598042 8.280100 0.234080
v 2.579786 8.287662 0.259920
v 2.564413 8.305970 0.266000
v 2.565600 8.300000 0.266000
v 2.561031 8.311031 0.266000
v 2.555970 8.314413 0.266000
v 2.550000 8.315600 0.266000
v 2.544030 8.314413 0.266000
v 2.538969 8.311031 0.266000
v 2.535587 8.305970 0.266000
v 2.534400 8.300000 0.266000
v 2.535587 8.294030 0.266000
v 2.538969 8.288969 0.266000
v 2.544030 8.285587 0.266000
v 2.550000 8.284400 0.266000
v 2.555970 8.285587 0.266000
v 2.561031 8.288969 0.266000
v 2.564413 8.294030 0.266000
v 2.602000 8.300000 0.272080
v 2.598042 8.319900 0.272080
v 2.579786 8.312338 0.297920
v 2.582240 8.300000 0.297920
v 2.586770 8.336770 0.272080
v 2.572797 8.322797 0.297920
v 2.569900 8.348042 0.272080
v 2.562338 8.329786 0.297920
v 2.550000 8.352000 0.272080
v 2.550000 8.332240 0.297920
v 2.530100 8.348042 0.272080
v 2.537662 8.329786 0.297920
v 2.513230 8.336770 0.272080
v 2.527203 8.322797 0.297920
v 2.501958 8.319900 0.272080
v 2.520214 8.312338 0.297920
v 2.498000 8.300000 0.272080
v 2.517760 8.300000 0.297920
v 2.501958 8.280100 0.272080
v 2.520214 8.287662 0.297920
v 2.513230 8.263230 0.272080
v 2.527203 8.277203 0.297920
v 2.530100 8.251958 0.272080
v 2.537662 8.270214 0.297920
v 2.550000 8.248000 0.272080
v 2.550000 8.267760 0.297920
v 2.569900 8.251958 0.272080
v 2.562338 8.270214 0.297920
v 2.586770 8.263230 0.272080
v 2.572797 8.277203 0.297920
v 2.598042 8.280100 0.272080
v 2.579786 8.287662 0.297920
v 2.564413 8.305970 0.304000
v 2.565600 8.300000 0.304000
v 2.561031 8.311031 0.304000
v 2.555970 8.314413 0.304000
v 2.550000 8.315600 0.304000
v 2.544030 8.314413 0.304000
v 2.538969 8.311031 0.304000
v 2.535587 8.305970 0.304000
v 2.534400 8.300000 0.304000
v 2.535587 8.294030 0.304000
v 2.538969 8.288969 0.304000
v 2.544030 8.285587 0.304000
v 2.550000 8.284400 0.304000
v 2.555970 8.285587 0.304000
v 2.561031 8.288969 0.304000
v 2.564413 8.294030 0.304000
v 2.602000 8.300000 0.310080
v 2.598042 8.319900 0.310080
v 2.579786 8.312338 0.335920
v 2.582240 8.300000 0.335920
v 2.586770 8.336770 0.310080
v 2.572797 8.322797 0.335920
v 2.569900 8.348042 0.310080
v 2.562338 8.329786 0.335920
v 2.550000 8.352000 0.310080
v 2.550000 8.332240 0.335920
v 2.530100 8.348042 0.310080
v 2.537662 8.329786 0.335920
v 2.513230 8.336770 0.310080
v 2.527203 8.322797 0.335920
v 2.501958 8.319900 0.310080
v 2.520214 8.312338 0.335920
v 2.498000 8.300000 0.310080
v 2.517760 8.300000 0.335920
v 2.501958 8.280100 0.310080
v 2.520214 8.287662 0.335920
v 2.513230 8.263230 0.310080
v 2.527203 8.277203 0.335920
v 2.530100 8.251958 0.310080
v 2.537662 8.270214 0.335920
v 2.550000 8.248000 0.310080
v 2.550000 8.267760 0.335920
v 2.569900 8.251958 0.310080
v 2.562338 8.270214 0.335920
v 2.586770 8.263230 0.310080
v 2.572797 8.277203 0.335920
v 2.598042 8.280100 0.310080
v 2.579786 8.287662 0.335920
v 2.564413 8.305970 0.342000
v 2.565600 8.300000 0.342000
v 2.561031 8.311031 0.342000
v 2.555970 8.314413 0.342000
v 2.550000 8.315600 0.342000
v 2.544030 8.314413 0.342000
v 2.538969 8.311031 0.342000
v 2.535587 8.305970 0.342000
v 2.534400 8.300000 0.342000
v 2.535587 8.294030 0.342000
v 2.538969 8.288969 0.342000
v 2.544030 8.285587 0.342000
v 2.550000 8.284400 0.342000
v 2.555970 8.285587 0.342000
v 2.561031 8.288969 0.342000
v 2.564413 8.294030 0.342000
v 2.602000 8.300000 0.348080
v 2.598042 8.319900 0.348080
v 2.579786 8.312338 0.373920
v 2.582240 8.300000 0.373920
v 2.586770 8.336770 0.348080
v 2.572797 8.322797 0.373920
v 2.569900 8.348042 0.348080
v 2.562338 8.329786 0.373920
v 2.550000 8.352000 0.348080
v 2.550000 8.332240 0.373920
v 2.530100 8.348042 0.348080
v 2.537662 8.329786 0.373920
v 2.513230 8.336770 0.348080
v 2.527203 8.322797 0.373920
v 2.501958 8.319900 0.348080
v 2.520214 8.312338 0.373920
v 2.498000 8.300000 0.348080
v 2.517760 8.300000 0.373920
v 2.501958 8.280100 0.348080
v 2.520214 8.287662 0.373920
v 2.513230 8.263230 0.348080
v 2.527203 8.277203 0.373920
v 2.530100 8.251958 0.348080
v 2.537662 8.270214 0.373920
v 2.550000 8.248000 0.348080
v 2.550000 8.267760 0.373920
v 2.569900 8.251958 0.348080
v 2.562338 8.270214 0.373920
v 2.586770 8.263230 0.348080
v 2.572797 8.277203 0.373920
v 2.598042 8.280100 0.348080
v 2.579786 8.287662 0.373920
v 2.564413 8.305970 0.380000
v 2.565600 8.300000 0.380000
v 2.561031 8.311031 0.380000
v 2.555970 8.314413 0.380000
v 2.550000 8.315600 0.380000
v 2.544030 8.314413 0.380000
v 2.538969 8.311031 0.380000
v 2.535587 8.305970 0.380000
v 2.534400 8.300000 0.380000
v 2.535587 8.294030 0.380000
v 2.538969 8.288969 0.380000
v 2.544030 8.285587 0.380000
v 2.550000 8.284400 0.380000
v 2.555970 8.285587 0.380000
v 2.561031 8.288969 0.380000
v 2.564413 8.294030 0.380000
v 2.602000 8.300000 0.386080
v 2.598042 8.319900 0.386080
v 2.579786 8.312338 0.411920
v 2.582240 8.300000 0.411920
v 2.586770 8.336770 0.386080
v 2.572797 8.322797 0.411920
v 2.569900 8.348042 0.386080
v 2.562338 8.329786 0.411920
v 2.550000 8.352000 0.386080
v 2.550000 8.332240 0.411920
v 2.530100 8.348042 0.386080
v 2.537662 8.329786 0.411920
v 2.513230 8.336770 0.386080
v 2.527203 8.322797 0.411920
v 2.501958 8.319900 0.386080
v 2.520214 8.312338 0.411920
v 2.498000 8.300000 0.386080
v 2.517760 8.300000 0.411920
v 2.501958 8.280100 0.386080
v 2.520214 8.287662 0.411920
v 2.513230 8.263230 0.386080
v 2.527203 8.277203 0.411920
v 2.530100 8.251958 0.386080
v 2.537662 8.270214 0.411920
v 2.550000 8.248000 0.386080
v 2.550000 8.267760 0.411920
v 2.569900 8.251958 0.386080
v 2.562338 8.270214 0.411920
v 2.586770 8.263230 0.386080
v 2.572797 8.277203 0.411920
v 2.598042 8.280100 0.386080
v 2.579786 8.287662 0.411920
v 2.564413 8.305970 0.418000
v 2.565600 8.300000 0.418000
v 2.561031 8.311031 0.418000
v 2.555970 8.314413 0.418000
v 2.550000 8.315600 0.418000
v 2.544030 8.314413 0.418000
v 2.538969 8.311031 0.418000
v 2.535587 8.305970 0.418000
v 2.534400 8.300000 0.418000
v 2.535587 8.294030 0.418000
v 2.538969 8.288969 0.418000
v 2.544030 8.285587 0.418000
v 2.550000 8.284400 0.418000
v 2.555970 8.285587 0.418000
v 2.561031 8.288969 0.418000
v 2.564413 8.294030 0.418000
v 2.602000 8.300000 0.424080
v 2.598042 8.319900 0.424080
v 2.579786 8.312338 0.449920
v 2.582240 8.300000 0.449920
v 2.586770 8.336770 0.424080
v 2.572797 8.322797 0.449920
v 2.569900 8.348042 0.424080
v 2.562338 8.329786 0.449920
v 2.550000 8.352000 0.424080
v 2.550000 8.332240 0.449920
v 2.530100 8.348042 0.424080
v 2.537662 8.329786 0.449920
v 2.513230 8.336770 0.424080
v 2.527203 8.322797 0.449920
v 2.501958 8.319900 0.424080
v 2.520214 8.312338 0.449920
v 2.498000 8.300000 0.424080
v 2.517760 8.300000 0.449920
v 2.501958 8.280100 0.424080
v 2.520214 8.287662 0.449920
v 2.513230 8.263230 0.424080
v 2.527203 8.277203 0.449920
v 2.530100 8.251958 0.424080
v 2.537662 8.270214 0.449920
v 2.550000 8.248000 0.424080
v 2.550000 8.267760 0.449920
v 2.569900 8.251958 0.424080
v 2.562338 8.270214 0.449920
v 2.586770 8.263230 0.424080
v 2.572797 8.277203 0.449920
v 2.598042 8.280100 0.424080
v 2.579786 8.287662 0.449920
v 2.564413 8.305970 0.456000
v 2.565600 8.300000 0.456000
v 2.561031 8.311031 0.456000
v 2.555970 8.314413 0.456000
v 2.550000 8.315600 0.456000
v 2.544030 8.314413 0.456000
v 2.538969 8.311031 0.456000
v 2.535587 8.305970 0.456000
v 2.534400 8.300000 0.456000
v 2.535587 8.294030 0.456000
v 2.538969 8.288969 0.456000
v 2.544030 8.285587 0.456000
v 2.550000 8.284400 0.456000
v 2.555970 8.285587 0.456000
v 2.561031 8.288969 0.456000
v 2.564413 8.294030 0.456000
v 2.602000 8.300000 0.462080
v 2.598042 8.319900 0.462080
v 2.579786 8.312338 0.487920
v 2.582240 8.300000 0.487920
v 2.586770 8.336770 0.462080
v 2.572797 8.322797 0.487920
v 2.569900 8.348042 0.462080
v 2.562338 8.329786 0.487920
v 2.550000 8.352000 0.462080
v 2.550000 8.332240 0.487920
v 2.530100 8.348042 0.462080
v 2.537662 8.329786 0.487920
v 2.513230 8.336770 0.462080
v 2.527203 8.322797 0.487920
v 2.501958 8.319900 0.462080
v 2.520214 8.312338 0.487920
v 2.498000 8.300000 0.462080
v 2.517760 8.300000 0.487920
v 2.501958 8.280100 0.462080
v 2.520214 8.287662 0.487920
v 2.513230 8.263230 0.462080
v 2.527203 8.277203 0.487920
v 2.530100 8.251958 0.462080
v 2.537662 8.270214 0.487920
v 2.550000 8.248000 0.462080
v 2.550000 8.267760 0.487920
v 2.569900 8.251958 0.462080
v 2.562338 8.270214 0.487920
v 2.586770 8.263230 0.462080
v 2.572797 8.277203 0.487920
v 2.598042 8.280100 0.462080
v 2.579786 8.287662 0.487920
v 2.564413 8.305970 0.494000
v 2.565600 8.300000 0.494000
v 2.561031 8.311031 0.494000
v 2.555970 8.314413 0.494000
v 2.550000 8.315600 0.494000
v 2.544030 8.314413 0.494000
v 2.538969 8.311031 0.494000
v 2.535587 8.305970 0.494000
v 2.534400 8.300000 0.494000
v 2.535587 8.294030 0.494000
v 2.538969 8.288969 0.494000
v 2.544030 8.285587 0.494000
v 2.550000 8.284400 0.494000
v 2.555970 8.285587 0.494000
v 2.561031 8.288969 0.494000
v 2.564413 8.294030 0.494000
v 2.602000 8.300000 0.500080
v 2.598042 8.319900 0.500080
v 2.579786 8.312338 0.525920
v 2.582240 8.300000 0.525920
v 2.586770 8.336770 0.500080
v 2.572797 8.322797 0.525920
v 2.569900 8.348042 0.500080
v 2.562338 8.329786 0.525920
v 2.550000 8.352000 0.500080
v 2.550000 8.332240 0.525920
v 2.530100 8.348042 0.500080
v 2.537662 8.329786 0.525920
v 2.513230 8.336770 0.500080
v 2.527203 8.322797 0.525920
v 2.501958 8.319900 0.500080
v 2.520214 8.312338 0.525920
v 2.498000 8.300000 0.500080
v 2.517760 8.300000 0.525920
v 2.501958 8.280100 0.500080
v 2.520214 8.287662 0.525920
v 2.513230 8.263230 0.500080
v 2.527203 8.277203 0.525920
v 2.530100 8.251958 0.500080
v 2.537662 8.270214 0.525920
v 2.550000 8.248000 0.500080
v 2.550000 8.267760 0.525920
v 2.569900 8.251958 0.500080
v 2.562338 8.270214 0.525920
v 2.586770 8.263230 0.500080
v 2.572797 8.277203 0.525920
v 2.598042 8.280100 0.500080
v 2.579786 8.287662 0.525920
v 2.564413 8.305970 0.532000
v 2.565600 8.300000 0.532000
v 2.561031 8.311031 0.532000
v 2.555970 8.314413 0.532000
v 2.550000 8.315600 0.532000
v 2.544030 8.314413 0.532000
v 2.538969 8.311031 0.532000
v 2.535587 8.305970 0.532000
v 2.534400 8.300000 0.532000
v 2.535587 8.294030 0.532000
v 2.538969 8.288969 0.532000
v 2.544030 8.285587 0.532000
v 2.550000 8.284400 0.532000
v 2.555970 8.285587 0.532000
v 2.561031 8.288969 0.532000
v 2.564413 8.294030 0.532000
v 2.602000 8.300000 0.538080
v 2.598042 8.319900 0.538080
v 2.579786 8.312338 0.563920
v 2.582240 8.300000 0.563920
v 2.586770 8.336770 0.538080
v 2.572797 8.322797 0.563920
v 2.569900 8.348042 0.538080
v 2.562338 8.329786 0.563920
v 2.550000 8.352000 0.538080
v 2.550000 8.332240 0.563920
v 2.530100 8.348042 0.538080
v 2.537662 8.329786 0.563920
v 2.513230 8.336770 0.538080
v 2.527203 8.322797 0.563920
v 2.501958 8.319900 0.538080
v 2.520214 8.312338 0.563920
v 2.498000 8.300000 0.538080
v 2.517760 8.300000 0.563920
v 2.501958 8.280100 0.538080
v 2.520214 8.287662 0.563920
v 2.513230 8.263230 0.538080
v 2.527203 8.277203 0.563920
v 2.530100 8.251958 0.538080
v 2.537662 8.270214 0.563920
v 2.550000 8.248000 0.538080
v 2.550000 8.267760 0.563920
v 2.569900 8.251958 0.538080
v 2.562338 8.270214 0.563920
v 2.586770 8.263230 0.538080
v 2.572797 8.277203 0.563920
v 2.598042 8.280100 0.538080
v 2.579786 8.287662 0.563920
v 2.564413 8.305970 0.570000
v 2.565600 8.300000 0.570000
v 2.561031 8.311031 0.570000
v 2.555970 8.314413 0.570000
v 2.550000 8.315600 0.570000
v 2.544030 8.314413 0.570000
v 2.538969 8.311031 0.570000
v 2.535587 8.305970 0.570000
v 2.534400 8.300000 0.570000
v 2.535587 8.294030 0.570000
v 2.538969 8.288969 0.570000
v 2.544030 8.285587 0.570000
v 2.550000 8.284400 0.570000
v 2.555970 8.285587 0.570000
v 2.561031 8.288969 0.570000
v 2.564413 8.294030 0.570000
v 2.602000 8.300000 0.576080
v 2.598042 8.319900 0.576080
v 2.579786 8.312338 0.601920
v 2.582240 8.300000 0.601920
v 2.586770 8.336770 0.576080
v 2.572797 8.322797 0.601920
v 2.569900 8.348042 0.576080
v 2.562338 8.329786 0.601920
v 2.550000 8.352000 0.576080
v 2.550000 8.332240 0.601920
v 2.530100 8.348042 0.576080
v 2.537662 8.329786 0.601920
v 2.513230 8.336770 0.576080
v 2.527203 8.322797 0.601920
v 2.501958 8.319900 0.576080
v 2.520214 8.312338 0.601920
v 2.498000 8.300000 0.576080
v 2.517760 8.300000 0.601920
v 2.501958 8.280100 0.576080
v 2.520214 8.287662 0.601920
v 2.513230 8.263230 0.576080
v 2.527203 8.277203 0.601920
v 2.530100 8.251958 0.576080
v 2.537662 8.270214 0.601920
v 2.550000 8.248000 0.576080
v 2.550000 8.267760 0.601920
v 2.569900 8.251958 0.576080
v 2.562338 8.270214 0.601920
v 2.586770 8.263230 0.576080
v 2.572797 8.277203 0.601920
v 2.598042 8.280100 0.576080
v 2.579786 8.287662 0.601920
v 2.564413 8.305970 0.608000
v 2.565600 8.300000 0.608000
v 2.561031 8.311031 0.608000
v 2.555970 8.314413 0.608000
v 2.550000 8.315600 0.608000
v 2.544030 8.314413 0.608000
v 2.538969 8.311031 0.608000
v 2.535587 8.305970 0.608000
v 2.534400 8.300000 0.608000
v 2.535587 8.294030 0.608000
v 2.538969 8.288969 0.608000
v 2.544030 8.285587 0.608000
v 2.550000 8.284400 0.608000
v 2.555970 8.285587 0.608000
v 2.561031 8.288969 0.608000
v 2.564413 8.294030 0.608000
v 2.602000 8.300000 0.614080
v 2.598042 8.319900 0.614080
v 2.579786 8.312338 0.639920
v 2.582240 8.300000 0.639920
v 2.586770 8.336770 0.614080
v 2.572797 8.322797 0.639920
v 2.569900 8.348042 0.614080
v 2.562338 8.329786 0.639920
v 2.550000 8.352000 0.614080
v 2.550000 8.332240 0.639920
v 2.530100 8.348042 0.614080
v 2.537662 8.329786 0.639920
v 2.513230 8.336770 0.614080
v 2.527203 8.322797 0.639920
v 2.501958 8.319900 0.614080
v 2.520214 8.312338 0.639920
v 2.498000 8.300000 0.614080
v 2.517760 8.300000 0.639920
v 2.501958 8.280100 0.614080
v 2.520214 8.287662 0.639920
v 2.513230 8.263230 0.614080
v 2.527203 8.277203 0.639920
v 2.530100 8.251958 0.614080
v 2.537662 8.270214 0.639920
v 2.550000 8.248000 0.614080
v 2.550000 8.267760 0.639920
v 2.569900 8.251958 0.614080
v 2.562338 8.270214 0.639920
v 2.586770 8.263230 0.614080
v 2.572797 8.277203 0.639920
v 2.598042 8.280100 0.614080
v 2.579786 8.287662 0.639920
v 2.564413 8.305970 0.646000
v 2.565600 8.300000 0.646000
v 2.561031 8.311031 0.646000
v 2.555970 8.314413 0.646000
v 2.550000 8.315600 0.646000
v 2.544030 8.314413 0.646000
v 2.538969 8.311031 0.646000
v 2.535587 8.305970 0.646000
v 2.534400 8.300000 0.646000
v 2.535587 8.294030 0.646000
v 2.538969 8.288969 0.646000
v 2.544030 8.285587 0.646000
v 2.550000 8.284400 0.646000
v 2.555970 8.285587 0.646000
v 2.561031 8.288969 0.646000
v 2.564413 8.294030 0.646000
v 2.602000 8.300000 0.652080
v 2.598042 8.319900 0.652080
v 2.579786 8.312338 0.677920
v 2.582240 8.300000 0.677920
v 2.586770 8.336770 0.652080
v 2.572797 8.322797 0.677920
v 2.569900 8.348042 0.652080
v 2.562338 8.329786 0.677920
v 2.550000 8.352000 0.652080
v 2.550000 8.332240 0.677920
v 2.530100 8.348042 0.652080
v 2.537662 8.329786 0.677920
v 2.513230 8.336770 0.652080
v 2.527203 8.322797 0.677920
v 2.501958 8.319900 0.652080
v 2.520214 8.312338 0.677920
v 2.498000 8.300000 0.652080
v 2.517760 8.300000 0.677920
v 2.501958 8.280100 0.652080
v 2.520214 8.287662 0.677920
v 2.513230 8.263230 0.652080
v 2.527203 8.277203 0.677920
v 2.530100 8.251958 0.652080
v 2.537662 8.270214 0.677920
v 2.550000 8.248000 0.652080
v 2.550000 8.267760 0.677920
v 2.569900 8.251958 0.652080
v 2.562338 8.270214 0.677920
v 2.586770 8.263230 0.652080
v 2.572797 8.277203 0.677920
v 2.598042 8.280100 0.652080
v 2.579786 8.287662 0.677920
v 2.564413 8.305970 0.684000
v 2.565600 8.300000 0.684000
v 2.561031 8.311031 0.684000
v 2.555970 8.314413 0.684000
v 2.550000 8.315600 0.684000
v 2.544030 8.314413 0.684000
v 2.538969 8.311031 0.684000
v 2.535587 8.305970 0.684000
v 2.534400 8.300000 0.684000
v 2.535587 8.294030 0.684000
v 2.538969 8.288969 0.684000
v 2.544030 8.285587 0.684000
v 2.550000 8.284400 0.684000
v 2.555970 8.285587 0.684000
v 2.561031 8.288969 0.684000
v 2.564413 8.294030 0.684000
v 2.495000 8.265000 0.699000
v 2.605000 8.265000 0.699000
v 2.605000 8.265000 0.769000
v 2.495000 8.265000 0.769000
v 2.495000 8.335000 0.769000
v 2.605000 8.335000 0.769000
v 2.605000 8.335000 0.699000
v 2.495000 8.335000 0.699000
v 2.550000 8.324165 -0.716222
v 2.538519 8.322325 -0.717575
v 2.538519 8.215229 -0.572080
v 2.550000 8.217143 -0.570834
v 2.528787 8.317087 -0.721429
v 2.528787 8.209779 -0.575628
v 2.522284 8.309248 -0.727197
v 2.522284 8.201622 -0.580937
v 2.520000 8.300000 -0.734000
v 2.520000 8.192000 -0.587200
v 2.522284 8.290752 -0.740803
v 2.522284 8.182378 -0.593463
v 2.528787 8.282913 -0.746571
v 2.528787 8.174221 -0.598772
v 2.538519 8.277675 -0.750425
v 2.538519 8.168771 -0.602320
v 2.550000 8.275835 -0.751778
v 2.550000 8.166857 -0.603566
v 2.561481 8.277675 -0.750425
v 2.561481 8.168771 -0.602320
v 2.571213 8.282913 -0.746571
v 2.571213 8.174221 -0.598772
v 2.577716 8.290752 -0.740803
v 2.577716 8.182378 -0.593463
v 2.580000 8.300000 -0.734000
v 2.580000 8.192000 -0.587200
v 2.577716 8.309248 -0.727197
v 2.577716 8.201622 -0.580937
v 2.571213 8.317087 -0.721429
v 2.571213 8.209779 -0.575628
v 2.561481 8.322325 -0.717575
v 2.561481 8.215229 -0.572080
v 2.538519 8.132910 -0.428248
v 2.550000 8.134963 -0.427247
v 2.528787 8.127066 -0.431099
v 2.522284 8.118318 -0.435366
v 2.520000 8.108000 -0.440400
v 2.522284 8.097682 -0.445434
v 2.528787 8.088934 -0.449701
v 2.538519 8.083090 -0.452552
v 2.550000 8.081037 -0.453553
v 2.561481 8.083090 -0.452552
v 2.571213 8.088934 -0.449701
v 2.577716 8.097682 -0.445434
v 2.580000 8.108000 -0.440400
v 2.577716 8.118318 -0.435366
v 2.571213 8.127066 -0.431099
v 2.561481 8.132910 -0.428248
v 2.538519 8.074359 -0.285033
v 2.550000 8.076531 -0.284327
v 2.528787 8.068174 -0.287043
v 2.522284 8.058918 -0.290051
v 2.520000 8.048000 -0.293600
v 2.522284 8.037082 -0.297149
v 2.528787 8.027826 -0.300157
v 2.538519 8.021641 -0.302167
v 2.550000 8.019469 -0.302873
v 2.561481 8.021641 -0.302167
v 2.571213 8.027826 -0.300157
v 2.577716 8.037082 -0.297149
v 2.580000 8.048000 -0.293600
v 2.577716 8.058918 -0.290051
v 2.571213 8.068174 -0.287043
v 2.561481 8.074359 -0.285033
v 2.538519 8.039358 -0.142356
v 2.550000 8.041612 -0.141990
v 2.528787 8.032939 -0.143399
v 2.522284 8.023332 -0.144959
v 2.520000 8.012000 -0.146800
v 2.522284 8.000668 -0.148641
v 2.528787 7.991061 -0.150201
v 2.538519 7.984642 -0.151244
v 2.550000 7.982388 -0.151610
v 2.561481 7.984642 -0.151244
v 2.571213 7.991061 -0.150201
v 2.577716 8.000668 -0.148641
v 2.580000 8.012000 -0.146800
v 2.577716 8.023332 -0.144959
v 2.571213 8.032939 -0.143399
v 2.561481 8.039358 -0.142356
v 2.538519 8.027716 0.000000
v 2.550000 8.030000 0.000000
v 2.528787 8.021213 0.000000
v 2.522284 8.011481 0.000000
v 2.520000 8.000000 0.000000
v 2.522284 7.988519 0.000000
v 2.528787 7.978787 0.000000
v 2.538519 7.972284 0.000000
v 2.550000 7.970000 0.000000
v 2.561481 7.972284 0.000000
v 2.571213 7.978787 0.000000
v 2.577716 7.988519 0.000000
v 2.580000 8.000000 0.000000
v 2.577716 8.011481 0.000000
v 2.571213 8.021213 0.000000
v 2.561481 8.027716 0.000000
v 2.538519 8.039358 0.142356
v 2.550000 8.041612 0.141990
v 2.528787 8.032939 0.143399
v 2.522284 8.023332 0.144959
v 2.520000 8.012000 0.146800
v 2.522284 8.000668 0.148641
v 2.528787 7.991061 0.150201
v 2.538519 7.984642 0.151244
v 2.550000 7.982388 0.151610
v 2.561481 7.984642 0.151244
v 2.571213 7.991061 0.150201
v 2.577716 8.000668 0.148641
v 2.580000 8.012000 0.146800
v 2.577716 8.023332 0.144959
v 2.571213 8.032939 0.143399
v 2.561481 8.039358 0.142356
v 2.538519 8.074359 0.285033
v 2.550000 8.076531 0.284327
v 2.528787 8.068174 0.287043
v 2.522284 8.058918 0.290051
v 2.520000 8.048000 0.293600
v 2.522284 8.037082 0.297149
v 2.528787 8.027826 0.300157
v 2.538519 8.021641 0.302167
v 2.550000 8.019469 0.302873
v 2.561481 8.021641 0.302167
v 2.571213 8.027826 0.300157
v 2.577716 8.037082 0.297149
v 2.580000 8.048000 0.293600
v 2.577716 8.058918 0.290051
v 2.571213 8.068174 0.287043
v 2.561481 8.074359 0.285033
v 2.538519 8.132910 0.428248
v 2.550000 8.134963 0.427247
v 2.528787 8.127066 0.431099
v 2.522284 8.118318 0.435366
v 2.520000 8.108000 0.440400
v 2.522284 8.097682 0.445434
v 2.528787 8.088934 0.449701
v 2.538519 8.083090 0.452552
v 2.550000 8.081037 0.453553
v 2.561481 8.083090 0.452552
v 2.571213 8.088934 0.449701
v 2.577716 8.097682 0.445434
v 2.580000 8.108000 0.440400
v 2.577716 8.118318 0.435366
v 2.571213 8.127066 0.431099
v 2.561481 8.132910 0.428248
v 2.538519 8.215229 0.572080
v 2.550000 8.217143 0.570834
v 2.528787 8.209779 0.575628
v 2.522284 8.201622 0.580937
v 2.520000 8.192000 0.587200
v 2.522284 8.182378 0.593463
v 2.528787 8.174221 0.598772
v 2.538519 8.168771 0.602320
v 2.550000 8.166857 0.603566
v 2.561481 8.168771 0.602320
v 2.571213 8.174221 0.598772
v 2.577716 8.182378 0.593463
v 2.580000 8.192000 0.587200
v 2.577716 8.201622 0.580937
v 2.571213 8.209779 0.575628
v 2.561481 8.215229 0.572080
v 2.538519 8.322325 0.717575
v 2.550000 8.324165 0.716222
v 2.528787 8.317087 0.721429
v 2.522284 8.309248 0.727197
v 2.520000 8.300000 0.734000
v 2.522284 8.290752 0.740803
v 2.528787 8.282913 0.746571
v 2.538519 8.277675 0.750425
v 2.550000 8.275835 0.751778
v 2.561481 8.277675 0.750425
v 2.571213 8.282913 0.746571
v 2.577716 8.290752 0.740803
v 2.580000 8.300000 0.734000
v 2.577716 8.309248 0.727197
v 2.571213 8.317087 0.721429
v 2.561481 8.322325 0.717575
v -1.570800 9.879200 -0.119000
v -1.529200 9.879200 -0.119000
v -1.529200 9.879200 0.119000
v -1.570800 9.879200 0.119000
v -1.570800 9.920800 -0.119000
v -1.570800 9.920800 0.119000
v -1.529200 9.920800 0.119000
v -1.529200 9.920800 -0.119000
v -1.625000 9.870000 -0.075000
v -1.475000 9.870000 -0.075000
v -1.475000 9.870000 0.075000
v -1.625000 9.870000 0.075000
v -1.625000 9.910000 0.075000
v -1.475000 9.910000 0.075000
v -1.475000 9.910000 -0.075000
v -1.625000 9.910000 -0.075000
v -1.498000 9.900000 -0.031920
v -1.501958 9.919900 -0.031920
v -1.520214 9.912338 -0.006080
v -1.517760 9.900000 -0.006080
v -1.513230 9.936770 -0.031920
v -1.527203 9.922797 -0.006080
v -1.530100 9.948042 -0.031920
v -1.537662 9.929786 -0.006080
v -1.550000 9.952000 -0.031920
v -1.550000 9.932240 -0.006080
v -1.569900 9.948042 -0.031920
v -1.562338 9.929786 -0.006080
v -1.586770 9.936770 -0.031920
v -1.572797 9.922797 -0.006080
v -1.598042 9.919900 -0.031920
v -1.579786 9.912338 -0.006080
v -1.602000 9.900000 -0.031920
v -1.582240 9.900000 -0.006080
v -1.598042 9.880100 -0.031920
v -1.579786 9.887662 -0.006080
v -1.586770 9.863230 -0.031920
v -1.572797 9.877203 -0.006080
v -1.569900 9.851958 -0.031920
v -1.562338 9.870214 -0.006080
v -1.550000 9.848000 -0.031920
v -1.550000 9.867760 -0.006080
v -1.530100 9.851958 -0.031920
v -1.537662 9.870214 -0.006080
v -1.513230 9.863230 -0.031920
v -1.527203 9.877203 -0.006080
v -1.501958 9.880100 -0.031920
v -1.520214 9.887662 -0.006080
v -1.534400 9.900000 -0.038000
v -1.535587 9.905970 -0.038000
v -1.535587 9.905970 0.000000
v -1.534400 9.900000 0.000000
v -1.538969 9.911031 -0.038000
v -1.538969 9.911031 0.000000
v -1.544030 9.914413 -0.038000
v -1.544030 9.914413 0.000000
v -1.550000 9.915600 -0.038000
v -1.550000 9.915600 0.000000
v -1.555970 9.914413 -0.038000
v -1.555970 9.914413 0.000000
v -1.561031 9.911031 -0.038000
v -1.561031 9.911031 0.000000
v -1.564413 9.905970 -0.038000
v -1.564413 9.905970 0.000000
v -1.565600 9.900000 -0.038000
v -1.565600 9.900000 0.000000
v -1.564413 9.894030 -0.038000
v -1.564413 9.894030 0.000000
v -1.561031 9.888969 -0.038000
v -1.561031 9.888969 0.000000
v -1.555970 9.885587 -0.038000
v -1.555970 9.885587 0.000000
v -1.550000 9.884400 -0.038000
v -1.550000 9.884400 0.000000
v -1.544030 9.885587 -0.038000
v -1.544030 9.885587 0.000000
v -1.538969 9.888969 -0.038000
v -1.538969 9.888969 0.000000
v -1.535587 9.894030 -0.038000
v -1.535587 9.894030 0.000000
v -1.498000 9.900000 -0.069920
v -1.501958 9.919900 -0.069920
v -1.520214 9.912338 -0.044080
v -1.517760 9.900000 -0.044080
v -1.513230 9.936770 -0.069920
v -1.527203 9.922797 -0.044080
v -1.530100 9.948042 -0.069920
v -1.537662 9.929786 -0.044080
v -1.550000 9.952000 -0.069920
v -1.550000 9.932240 -0.044080
v -1.569900 9.948042 -0.069920
v -1.562338 9.929786 -0.044080
v -1.586770 9.936770 -0.069920
v -1.572797 9.922797 -0.044080
v -1.598042 9.919900 -0.069920
v -1.579786 9.912338 -0.044080
v -1.602000 9.900000 -0.069920
v -1.582240 9.900000 -0.044080
v -1.598042 9.880100 -0.069920
v -1.579786 9.887662 -0.044080
v -1.586770 9.863230 -0.069920
v -1.572797 9.877203 -0.044080
v -1.569900 9.851958 -0.069920
v -1.562338 9.870214 -0.044080
v -1.550000 9.848000 -0.069920
v -1.550000 9.867760 -0.044080
v -1.530100 9.851958 -0.069920
v -1.537662 9.870214 -0.044080
v -1.513230 9.863230 -0.069920
v -1.527203 9.877203 -0.044080
v -1.501958 9.880100 -0.069920
v -1.520214 9.887662 -0.044080
v -1.534400 9.900000 -0.076000
v -1.535587 9.905970 -0.076000
v -1.538969 9.911031 -0.076000
v -1.544030 9.914413 -0.076000
v -1.550000 9.915600 -0.076000
v -1.555970 9.914413 -0.076000
v -1.561031 9.911031 -0.076000
v -1.564413 9.905970 -0.076000
v -1.565600 9.900000 -0.076000
v -1.564413 9.894030 -0.076000
v -1.561031 9.888969 -0.076000
v -1.555970 9.885587 -0.076000
v -1.550000 9.884400 -0.076000
v -1.544030 9.885587 -0.076000
v -1.538969 9.888969 -0.076000
v -1.535587 9.894030 -0.076000
v -1.498000 9.900000 -0.107920
v -1.501958 9.919900 -0.107920
v -1.520214 9.912338 -0.082080
v -1.517760 9.900000 -0.082080
v -1.513230 9.936770 -0.107920
v -1.527203 9.922797 -0.082080
v -1.530100 9.948042 -0.107920
v -1.537662 9.929786 -0.082080
v -1.550000 9.952000 -0.107920
v -1.550000 9.932240 -0.082080
v -1.569900 9.948042 -0.107920
v -1.562338 9.929786 -0.082080
v -1.586770 9.936770 -0.107920
v -1.572797 9.922797 -0.082080
v -1.598042 9.919900 -0.107920
v -1.579786 9.912338 -0.082080
v -1.602000 9.900000 -0.107920
v -1.582240 9.900000 -0.082080
v -1.598042 9.880100 -0.107920
v -1.579786 9.887662 -0.082080
v -1.586770 9.863230 -0.107920
v -1.572797 9.877203 -0.082080
v -1.569900 9.851958 -0.107920
v -1.562338 9.870214 -0.082080
v -1.550000 9.848000 -0.107920
v -1.550000 9.867760 -0.082080
v -1.530100 9.851958 -0.107920
v -1.537662 9.870214 -0.082080
v -1.513230 9.863230 -0.107920
v -1.527203 9.877203 -0.082080
v -1.501958 9.880100 -0.107920
v -1.520214 9.887662 -0.082080
v -1.534400 9.900000 -0.114000
v -1.535587 9.905970 -0.114000
v -1.538969 9.911031 -0.114000
v -1.544030 9.914413 -0.114000
v -1.550000 9.915600 -0.114000
v -1.555970 9.914413 -0.114000
v -1.561031 9.911031 -0.114000
v -1.564413 9.905970 -0.114000
v -1.565600 9.900000 -0.114000
v -1.564413 9.894030 -0.114000
v -1.561031 9.888969 -0.114000
v -1.555970 9.885587 -0.114000
v -1.550000 9.884400 -0.114000
v -1.544030 9.885587 -0.114000
v -1.538969 9.888969 -0.114000
v -1.535587 9.894030 -0.114000
v -1.498000 9.900000 -0.145920
v -1.501958 9.919900 -0.145920
v -1.520214 9.912338 -0.120080
v -1.517760 9.900000 -0.120080
v -1.513230 9.936770 -0.145920
v -1.527203 9.922797 -0.120080
v -1.530100 9.948042 -0.145920
v -1.537662 9.929786 -0.120080
v -1.550000 9.952000 -0.145920
v -1.550000 9.932240 -0.120080
v -1.569900 9.948042 -0.145920
v -1.562338 9.929786 -0.120080
v -1.586770 9.936770 -0.145920
v -1.572797 9.922797 -0.120080
v -1.598042 9.919900 -0.145920
v -1.579786 9.912338 -0.120080
v -1.602000 9.900000 -0.145920
v -1.582240 9.900000 -0.120080
v -1.598042 9.880100 -0.145920
v -1.579786 9.887662 -0.120080
v -1.586770 9.863230 -0.145920
v -1.572797 9.877203 -0.120080
v -1.569900 9.851958 -0.145920
v -1.562338 9.870214 -0.120080
v -1.550000 9.848000 -0.145920
v -1.550000 9.867760 -0.120080
v -1.530100 9.851958 -0.145920
v -1.537662 9.870214 -0.120080
v -1.513230 9.863230 -0.145920
v -1.527203 9.877203 -0.120080
v -1.501958 9.880100 -0.145920
v -1.520214 9.887662 -0.120080
v -1.534400 9.900000 -0.152000
v -1.535587 9.905970 -0.152000
v -1.538969 9.911031 -0.152000
v -1.544030 9.914413 -0.152000
v -1.550000 9.915600 -0.152000
v -1.555970 9.914413 -0.152000
v -1.561031 9.911031 -0.152000
v -1.564413 9.905970 -0.152000
v -1.565600 9.900000 -0.152000
v -1.564413 9.894030 -0.152000
v -1.561031 9.888969 -0.152000
v -1.555970 9.885587 -0.152000
v -1.550000 9.884400 -0.152000
v -1.544030 9.885587 -0.152000
v -1.538969 9.888969 -0.152000
v -1.535587 9.894030 -0.152000
v -1.498000 9.900000 -0.183920
v -1.501958 9.919900 -0.183920
v -1.520214 9.912338 -0.158080
v -1.517760 9.900000 -0.158080
v -1.513230 9.936770 -0.183920
v -1.527203 9.922797 -0.158080
v -1.530100 9.948042 -0.183920
v -1.537662 9.929786 -0.158080
v -1.550000 9.952000 -0.183920
v -1.550000 9.932240 -0.158080
v -1.569900 9.948042 -0.183920
v -1.562338 9.929786 -0.158080
v -1.586770 9.936770 -0.183920
v -1.572797 9.922797 -0.158080
v -1.598042 9.919900 -0.183920
v -1.579786 9.912338 -0.158080
v -1.602000 9.900000 -0.183920
v -1.582240 9.900000 -0.158080
v -1.598042 9.880100 -0.183920
v -1.579786 9.887662 -0.158080
v -1.586770 9.863230 -0.183920
v -1.572797 9.877203 -0.158080
v -1.569900 9.851958 -0.183920
v -1.562338 9.870214 -0.158080
v -1.550000 9.848000 -0.183920
v -1.550000 9.867760 -0.158080
v -1.530100 9.851958 -0.183920
v -1.537662 9.870214 -0.158080
v -1.513230 9.863230 -0.183920
v -1.527203 9.877203 -0.158080
v -1.501958 9.880100 -0.183920
v -1.520214 9.887662 -0.158080
v -1.534400 9.900000 -0.190000
v -1.535587 9.905970 -0.190000
v -1.538969 9.911031 -0.190000
v -1.544030 9.914413 -0.190000
v -1.550000 9.915600 -0.190000
v -1.555970 9.914413 -0.190000
v -1.561031 9.911031 -0.190000
v -1.564413 9.905970 -0.190000
v -1.565600 9.900000 -0.190000
v -1.564413 9.894030 -0.190000
v -1.561031 9.888969 -0.190000
v -1.555970 9.885587 -0.190000
v -1.550000 9.884400 -0.190000
v -1.544030 9.885587 -0.190000
v -1.538969 9.888969 -0.190000
v -1.535587 9.894030 -0.190000
v -1.498000 9.900000 -0.221920
v -1.501958 9.919900 -0.221920
v -1.520214 9.912338 -0.196080
v -1.517760 9.900000 -0.196080
v -1.513230 9.936770 -0.221920
v -1.527203 9.922797 -0.196080
v -1.530100 9.948042 -0.221920
v -1.537662 9.929786 -0.196080
v -1.550000 9.952000 -0.221920
v -1.550000 9.932240 -0.196080
v -1.569900 9.948042 -0.221920
v -1.562338 9.929786 -0.196080
v -1.586770 9.936770 -0.221920
v -1.572797 9.922797 -0.196080
v -1.598042 9.919900 -0.221920
v -1.579786 9.912338 -0.196080
v -1.602000 9.900000 -0.221920
v -1.582240 9.900000 -0.196080
v -1.598042 9.880100 -0.221920
v -1.579786 9.887662 -0.196080
v -1.586770 9.863230 -0.221920
v -1.572797 9.877203 -0.196080
v -1.569900 9.851958 -0.221920
v -1.562338 9.870214 -0.196080
v -1.550000 9.848000 -0.221920
v -1.550000 9.867760 -0.196080
v -1.530100 9.851958 -0.221920
v -1.537662 9.870214 -0.196080
v -1.513230 9.863230 -0.221920
v -1.527203 9.877203 -0.196080
v -1.501958 9.880100 -0.221920
v -1.520214 9.887662 -0.196080
v -1.534400 9.900000 -0.228000
v -1.535587 9.905970 -0.228000
v -1.538969 9.911031 -0.228000
v -1.544030 9.914413 -0.228000
v -1.550000 9.915600 -0.228000
v -1.555970 9.914413 -0.228000
v -1.561031 9.911031 -0.228000
v -1.564413 9.905970 -0.228000
v -1.565600 9.900000 -0.228000
v -1.564413 9.894030 -0.228000
v -1.561031 9.888969 -0.228000
v -1.555970 9.885587 -0.228000
v -1.550000 9.884400 -0.228000
v -1.544030 9.885587 -0.228000
v -1.538969 9.888969 -0.228000
v -1.535587 9.894030 -0.228000
v -1.498000 9.900000 -0.259920
v -1.501958 9.919900 -0.259920
v -1.520214 9.912338 -0.234080
v -1.517760 9.900000 -0.234080
v -1.513230 9.936770 -0.259920
v -1.527203 9.922797 -0.234080
v -1.530100 9.948042 -0.259920
v -1.537662 9.929786 -0.234080
v -1.550000 9.952000 -0.259920
v -1.550000 9.932240 -0.234080
v -1.569900 9.948042 -0.259920
v -1.562338 9.929786 -0.234080
v -1.586770 9.936770 -0.259920
v -1.572797 9.922797 -0.234080
v -1.598042 9.919900 -0.259920
v -1.579786 9.912338 -0.234080
v -1.602000 9.900000 -0.259920
v -1.582240 9.900000 -0.234080
v -1.598042 9.880100 -0.259920
v -1.579786 9.887662 -0.234080
v -1.586770 9.863230 -0.259920
v -1.572797 9.877203 -0.234080
v -1.569900 9.851958 -0.259920
v -1.562338 9.870214 -0.234080
v -1.550000 9.848000 -0.259920
v -1.550000 9.867760 -0.234080
v -1.530100 9.851958 -0.259920
v -1.537662 9.870214 -0.234080
v -1.513230 9.863230 -0.259920
v -1.527203 9.877203 -0.234080
v -1.501958 9.880100 -0.259920
v -1.520214 9.887662 -0.234080
v -1.534400 9.900000 -0.266000
v -1.535587 9.905970 -0.266000
v -1.538969 9.911031 -0.266000
v -1.544030 9.914413 -0.266000
v -1.550000 9.915600 -0.266000
v -1.555970 9.914413 -0.266000
v -1.561031 9.911031 -0.266000
v -1.564413 9.905970 -0.266000
v -1.565600 9.900000 -0.266000
v -1.564413 9.894030 -0.266000
v -1.561031 9.888969 -0.266000
v -1.555970 9.885587 -0.266000
v -1.550000 9.884400 -0.266000
v -1.544030 9.885587 -0.266000
v -1.538969 9.888969 -0.266000
v -1.535587 9.894030 -0.266000
v -1.498000 9.900000 -0.297920
v -1.501958 9.919900 -0.297920
v -1.520214 9.912338 -0.272080
v -1.517760 9.900000 -0.272080
v -1.513230 9.936770 -0.297920
v -1.527203 9.922797 -0.272080
v -1.530100 9.948042 -0.297920
v -1.537662 9.929786 -0.272080
v -1.550000 9.952000 -0.297920
v -1.550000 9.932240 -0.272080
v -1.569900 9.948042 -0.297920
v -1.562338 9.929786 -0.272080
v -1.586770 9.936770 -0.297920
v -1.572797 9.922797 -0.272080
v -1.598042 9.919900 -0.297920
v -1.579786 9.912338 -0.272080
v -1.602000 9.900000 -0.297920
v -1.582240 9.900000 -0.272080
v -1.598042 9.880100 -0.297920
v -1.579786 9.887662 -0.272080
v -1.586770 9.863230 -0.297920
v -1.572797 9.877203 -0.272080
v -1.569900 9.851958 -0.297920
v -1.562338 9.870214 -0.272080
v -1.550000 9.848000 -0.297920
v -1.550000 9.867760 -0.272080
v -1.530100 9.851958 -0.297920
v -1.537662 9.870214 -0.272080
v -1.513230 9.863230 -0.297920
v -1.527203 9.877203 -0.272080
v -1.501958 9.880100 -0.297920
v -1.520214 9.887662 -0.272080
v -1.534400 9.900000 -0.304000
v -1.535587 9.905970 -0.304000
v -1.538969 9.911031 -0.304000
v -1.544030 9.914413 -0.304000
v -1.550000 9.915600 -0.304000
v -1.555970 9.914413 -0.304000
v -1.561031 9.911031 -0.304000
v -1.564413 9.905970 -0.304000
v -1.565600 9.900000 -0.304000
v -1.564413 9.894030 -0.304000
v -1.561031 9.888969 -0.304000
v -1.555970 9.885587 -0.304000
v -1.550000 9.884400 -0.304000
v -1.544030 9.885587 -0.304000
v -1.538969 9.888969 -0.304000
v -1.535587 9.894030 -0.304000
v -1.498000 9.900000 -0.335920
v -1.501958 9.919900 -0.335920
v -1.520214 9.912338 -0.310080
v -1.517760 9.900000 -0.310080
v -1.513230 9.936770 -0.335920
v -1.527203 9.922797 -0.310080
v -1.530100 9.948042 -0.335920
v -1.537662 9.929786 -0.310080
v -1.550000 9.952000 -0.335920
v -1.550000 9.932240 -0.310080
v -1.569900 9.948042 -0.335920
v -1.562338 9.929786 -0.310080
v -1.586770 9.936770 -0.335920
v -1.572797 9.922797 -0.310080
v -1.598042 9.919900 -0.335920
v -1.579786 9.912338 -0.310080
v -1.602000 9.900000 -0.335920
v -1.582240 9.900000 -0.310080
v -1.598042 9.880100 -0.335920
v -1.579786 9.887662 -0.310080
v -1.586770 9.863230 -0.335920
v -1.572797 9.877203 -0.310080
v -1.569900 9.851958 -0.335920
v -1.562338 9.870214 -0.310080
v -1.550000 9.848000 -0.335920
v -1.550000 9.867760 -0.310080
v -1.530100 9.851958 -0.335920
v -1.537662 9.870214 -0.310080
v -1.513230 9.863230 -0.335920
v -1.527203 9.877203 -0.310080
v -1.501958 9.880100 -0.335920
v -1.520214 9.887662 -0.310080
v -1.534400 9.900000 -0.342000
v -1.535587 9.905970 -0.342000
v -1.538969 9.911031 -0.342000
v -1.544030 9.914413 -0.342000
v -1.550000 9.915600 -0.342000
v -1.555970 9.914413 -0.342000
v -1.561031 9.911031 -0.342000
v -1.564413 9.905970 -0.342000
v -1.565600 9.900000 -0.342000
v -1.564413 9.894030 -0.342000
v -1.561031 9.888969 -0.342000
v -1.555970 9.885587 -0.342000
v -1.550000 9.884400 -0.342000
v -1.544030 9.885587 -0.342000
v -1.538969 9.888969 -0.342000
v -1.535587 9.894030 -0.342000
v -1.498000 9.900000 -0.373920
v -1.501958 9.919900 -0.373920
v -1.520214 9.912338 -0.348080
v -1.517760 9.900000 -0.348080
v -1.513230 9.936770 -0.373920
v -1.527203 9.922797 -0.348080
v -1.530100 9.948042 -0.373920
v -1.537662 9.929786 -0.348080
v -1.550000 9.952000 -0.373920
v -1.550000 9.932240 -0.348080
v -1.569900 9.948042 -0.373920
v -1.562338 9.929786 -0.348080
v -1.586770 9.936770 -0.373920
v -1.572797 9.922797 -0.348080
v -1.598042 9.919900 -0.373920
v -1.579786 9.912338 -0.348080
v -1.602000 9.900000 -0.373920
v -1.582240 9.900000 -0.348080
v -1.598042 9.880100 -0.373920
v -1.579786 9.887662 -0.348080
v -1.586770 9.863230 -0.373920
v -1.572797 9.877203 -0.348080
v -1.569900 9.851958 -0.373920
v -1.562338 9.870214 -0.348080
v -1.550000 9.848000 -0.373920
v -1.550000 9.867760 -0.348080
v -1.530100 9.851958 -0.373920
v -1.537662 9.870214 -0.348080
v -1.513230 9.863230 -0.373920
v -1.527203 9.877203 -0.348080
v -1.501958 9.880100 -0.373920
v -1.520214 9.887662 -0.348080
v -1.534400 9.900000 -0.380000
v -1.535587 9.905970 -0.380000
v -1.538969 9.911031 -0.380000
v -1.544030 9.914413 -0.380000
v -1.550000 9.915600 -0.380000
v -1.555970 9.914413 -0.380000
v -1.561031 9.911031 -0.380000
v -1.564413 9.905970 -0.380000
v -1.565600 9.900000 -0.380000
v -1.564413 9.894030 -0.380000
v -1.561031 9.888969 -0.380000
v -1.555970 9.885587 -0.380000
v -1.550000 9.884400 -0.380000
v -1.544030 9.885587 -0.380000
v -1.538969 9.888969 -0.380000
v -1.535587 9.894030 -0.380000
v -1.498000 9.900000 -0.411920
v -1.501958 9.919900 -0.411920
v -1.520214 9.912338 -0.386080
v -1.517760 9.900000 -0.386080
v -1.513230 9.936770 -0.411920
v -1.527203 9.922797 -0.386080
v -1.530100 9.948042 -0.411920
v -1.537662 9.929786 -0.386080
v -1.550000 9.952000 -0.411920
v -1.550000 9.932240 -0.386080
v -1.569900 9.948042 -0.411920
v -1.562338 9.929786 -0.386080
v -1.586770 9.936770 -0.411920
v -1.572797 9.922797 -0.386080
v -1.598042 9.919900 -0.411920
v -1.579786 9.912338 -0.386080
v -1.602000 9.900000 -0.411920
v -1.582240 9.900000 -0.386080
v -1.598042 9.880100 -0.411920
v -1.579786 9.887662 -0.386080
v -1.586770 9.863230 -0.411920
v -1.572797 9.877203 -0.386080
v -1.569900 9.851958 -0.411920
v -1.562338 9.870214 -0.386080
v -1.550000 9.848000 -0.411920
v -1.550000 9.867760 -0.386080
v -1.530100 9.851958 -0.411920
v -1.537662 9.870214 -0.386080
v -1.513230 9.863230 -0.411920
v -1.527203 9.877203 -0.386080
v -1.501958 9.880100 -0.411920
v -1.520214 9.887662 -0.386080
v -1.534400 9.900000 -0.418000
v -1.535587 9.905970 -0.418000
v -1.538969 9.911031 -0.418000
v -1.544030 9.914413 -0.418000
v -1.550000 9.915600 -0.418000
v -1.555970 9.914413 -0.418000
v -1.561031 9.911031 -0.418000
v -1.564413 9.905970 -0.418000
v -1.565600 9.900000 -0.418000
v -1.564413 9.894030 -0.418000
v -1.561031 9.888969 -0.418000
v -1.555970 9.885587 -0.418000
v -1.550000 9.884400 -0.418000
v -1.544030 9.885587 -0.418000
v -1.538969 9.888969 -0.418000
v -1.535587 9.894030 -0.418000
v -1.498000 9.900000 -0.449920
v -1.501958 9.919900 -0.449920
v -1.520214 9.912338 -0.424080
v -1.517760 9.900000 -0.424080
v -1.513230 9.936770 -0.449920
v -1.527203 9.922797 -0.424080
v -1.530100 9.948042 -0.449920
v -1.537662 9.929786 -0.424080
v -1.550000 9.952000 -0.449920
v -1.550000 9.932240 -0.424080
v -1.569900 9.948042 -0.449920
v -1.562338 9.929786 -0.424080
v -1.586770 9.936770 -0.449920
v -1.572797 9.922797 -0.424080
v -1.598042 9.919900 -0.449920
v -1.579786 9.912338 -0.424080
v -1.602000 9.900000 -0.449920
v -1.582240 9.900000 -0.424080
v -1.598042 9.880100 -0.449920
v -1.579786 9.887662 -0.424080
v -1.586770 9.863230 -0.449920
v -1.572797 9.877203 -0.424080
v -1.569900 9.851958 -0.449920
v -1.562338 9.870214 -0.424080
v -1.550000 9.848000 -0.449920
v -1.550000 9.867760 -0.424080
v -1.530100 9.851958 -0.449920
v -1.537662 9.870214 -0.424080
v -1.513230 9.863230 -0.449920
v -1.527203 9.877203 -0.424080
v -1.501958 9.880100 -0.449920
v -1.520214 9.887662 -0.424080
v -1.534400 9.900000 -0.456000
v -1.535587 9.905970 -0.456000
v -1.538969 9.911031 -0.456000
v -1.544030 9.914413 -0.456000
v -1.550000 9.915600 -0.456000
v -1.555970 9.914413 -0.456000
v -1.561031 9.911031 -0.456000
v -1.564413 9.905970 -0.456000
v -1.565600 9.900000 -0.456000
v -1.564413 9.894030 -0.456000
v -1.561031 9.888969 -0.456000
v -1.555970 9.885587 -0.456000
v -1.550000 9.884400 -0.456000
v -1.544030 9.885587 -0.456000
v -1.538969 9.888969 -0.456000
v -1.535587 9.894030 -0.456000
v -1.498000 9.900000 -0.487920
v -1.501958 9.919900 -0.487920
v -1.520214 9.912338 -0.462080
v -1.517760 9.900000 -0.462080
v -1.513230 9.936770 -0.487920
v -1.527203 9.922797 -0.462080
v -1.530100 9.948042 -0.487920
v -1.537662 9.929786 -0.462080
v -1.550000 9.952000 -0.487920
v -1.550000 9.932240 -0.462080
v -1.569900 9.948042 -0.487920
v -1.562338 9.929786 -0.462080
v -1.586770 9.936770 -0.487920
v -1.572797 9.922797 -0.462080
v -1.598042 9.919900 -0.487920
v -1.579786 9.912338 -0.462080
v -1.602000 9.900000 -0.487920
v -1.582240 9.900000 -0.462080
v -1.598042 9.880100 -0.487920
v -1.579786 9.887662 -0.462080
v -1.586770 9.863230 -0.487920
v -1.572797 9.877203 -0.462080
v -1.569900 9.851958 -0.487920
v -1.562338 9.870214 -0.462080
v -1.550000 9.848000 -0.487920
v -1.550000 9.867760 -0.462080
v -1.530100 9.851958 -0.487920
v -1.537662 9.870214 -0.462080
v -1.513230 9.863230 -0.487920
v -1.527203 9.877203 -0.462080
v -1.501958 9.880100 -0.487920
v -1.520214 9.887662 -0.462080
v -1.534400 9.900000 -0.494000
v -1.535587 9.905970 -0.494000
v -1.538969 9.911031 -0.494000
v -1.544030 9.914413 -0.494000
v -1.550000 9.915600 -0.494000
v -1.555970 9.914413 -0.494000
v -1.561031 9.911031 -0.494000
v -1.564413 9.905970 -0.494000
v -1.565600 9.900000 -0.494000
v -1.564413 9.894030 -0.494000
v -1.561031 9.888969 -0.494000
v -1.555970 9.885587 -0.494000
v -1.550000 9.884400 -0.494000
v -1.544030 9.885587 -0.494000
v -1.538969 9.888969 -0.494000
v -1.535587 9.894030 -0.494000
v -1.498000 9.900000 -0.525920
v -1.501958 9.919900 -0.525920
v -1.520214 9.912338 -0.500080
v -1.517760 9.900000 -0.500080
v -1.513230 9.936770 -0.525920
v -1.527203 9.922797 -0.500080
v -1.530100 9.948042 -0.525920
v -1.537662 9.929786 -0.500080
v -1.550000 9.952000 -0.525920
v -1.550000 9.932240 -0.500080
v -1.569900 9.948042 -0.525920
v -1.562338 9.929786 -0.500080
v -1.586770 9.936770 -0.525920
v -1.572797 9.922797 -0.500080
v -1.598042 9.919900 -0.525920
v -1.579786 9.912338 -0.500080
v -1.602000 9.900000 -0.525920
v -1.582240 9.900000 -0.500080
v -1.598042 9.880100 -0.525920
v -1.579786 9.887662 -0.500080
v -1.586770 9.863230 -0.525920
v -1.572797 9.877203 -0.500080
v -1.569900 9.851958 -0.525920
v -1.562338 9.870214 -0.500080
v -1.550000 9.848000 -0.525920
v -1.550000 9.867760 -0.500080
v -1.530100 9.851958 -0.525920
v -1.537662 9.870214 -0.500080
v -1.513230 9.863230 -0.525920
v -1.527203 9.877203 -0.500080
v -1.501958 9.880100 -0.525920
v -1.520214 9.887662 -0.500080
v -1.534400 9.900000 -0.532000
v -1.535587 9.905970 -0.532000
v -1.538969 9.911031 -0.532000
v -1.544030 9.914413 -0.532000
v -1.550000 9.915600 -0.532000
v -1.555970 9.914413 -0.532000
v -1.561031 9.911031 -0.532000
v -1.564413 9.905970 -0.532000
v -1.565600 9.900000 -0.532000
v -1.564413 9.894030 -0.532000
v -1.561031 9.888969 -0.532000
v -1.555970 9.885587 -0.532000
v -1.550000 9.884400 -0.532000
v -1.544030 9.885587 -0.532000
v -1.538969 9.888969 -0.532000
v -1.535587 9.894030 -0.532000
v -1.498000 9.900000 -0.563920
v -1.501958 9.919900 -0.563920
v -1.520214 9.912338 -0.538080
v -1.517760 9.900000 -0.538080
v -1.513230 9.936770 -0.563920
v -1.527203 9.922797 -0.538080
v -1.530100 9.948042 -0.563920
v -1.537662 9.929786 -0.538080
v -1.550000 9.952000 -0.563920
v -1.550000 9.932240 -0.538080
v -1.569900 9.948042 -0.563920
v -1.562338 9.929786 -0.538080
v -1.586770 9.936770 -0.563920
v -1.572797 9.922797 -0.538080
v -1.598042 9.919900 -0.563920
v -1.579786 9.912338 -0.538080
v -1.602000 9.900000 -0.563920
v -1.582240 9.900000 -0.538080
v -1.598042 9.880100 -0.563920
v -1.579786 9.887662 -0.538080
v -1.586770 9.863230 -0.563920
v -1.572797 9.877203 -0.538080
v -1.569900 9.851958 -0.563920
v -1.562338 9.870214 -0.538080
v -1.550000 9.848000 -0.563920
v -1.550000 9.867760 -0.538080
v -1.530100 9.851958 -0.563920
v -1.537662 9.870214 -0.538080
v -1.513230 9.863230 -0.563920
v -1.527203 9.877203 -0.538080
v -1.501958 9.880100 -0.563920
v -1.520214 9.887662 -0.538080
v -1.534400 9.900000 -0.570000
v -1.535587 9.905970 -0.570000
v -1.538969 9.911031 -0.570000
v -1.544030 9.914413 -0.570000
v -1.550000 9.915600 -0.570000
v -1.555970 9.914413 -0.570000
v -1.561031 9.911031 -0.570000
v -1.564413 9.905970 -0.570000
v -1.565600 9.900000 -0.570000
v -1.564413 9.894030 -0.570000
v -1.561031 9.888969 -0.570000
v -1.555970 9.885587 -0.570000
v -1.550000 9.884400 -0.570000
v -1.544030 9.885587 -0.570000
v -1.538969 9.888969 -0.570000
v -1.535587 9.894030 -0.570000
v -1.498000 9.900000 -0.601920
v -1.501958 9.919900 -0.601920
v -1.520214 9.912338 -0.576080
v -1.517760 9.900000 -0.576080
v -1.513230 9.936770 -0.601920
v -1.527203 9.922797 -0.576080
v -1.530100 9.948042 -0.601920
v -1.537662 9.929786 -0.576080
v -1.550000 9.952000 -0.601920
v -1.550000 9.932240 -0.576080
v -1.569900 9.948042 -0.601920
v -1.562338 9.929786 -0.576080
v -1.586770 9.936770 -0.601920
v -1.572797 9.922797 -0.576080
v -1.598042 9.919900 -0.601920
v -1.579786 9.912338 -0.576080
v -1.602000 9.900000 -0.601920
v -1.582240 9.900000 -0.576080
v -1.598042 9.880100 -0.601920
v -1.579786 9.887662 -0.576080
v -1.586770 9.863230 -0.601920
v -1.572797 9.877203 -0.576080
v -1.569900 9.851958 -0.601920
v -1.562338 9.870214 -0.576080
v -1.550000 9.848000 -0.601920
v -1.550000 9.867760 -0.576080
v -1.530100 9.851958 -0.601920
v -1.537662 9.870214 -0.576080
v -1.513230 9.863230 -0.601920
v -1.527203 9.877203 -0.576080
v -1.501958 9.880100 -0.601920
v -1.520214 9.887662 -0.576080
v -1.534400 9.900000 -0.608000
v -1.535587 9.905970 -0.608000
v -1.538969 9.911031 -0.608000
v -1.544030 9.914413 -0.608000
v -1.550000 9.915600 -0.608000
v -1.555970 9.914413 -0.608000
v -1.561031 9.911031 -0.608000
v -1.564413 9.905970 -0.608000
v -1.565600 9.900000 -0.608000
v -1.564413 9.894030 -0.608000
v -1.561031 9.888969 -0.608000
v -1.555970 9.885587 -0.608000
v -1.550000 9.884400 -0.608000
v -1.544030 9.885587 -0.608000
v -1.538969 9.888969 -0.608000
v -1.535587 9.894030 -0.608000
v -1.498000 9.900000 -0.639920
v -1.501958 9.919900 -0.639920
v -1.520214 9.912338 -0.614080
v -1.517760 9.900000 -0.614080
v -1.513230 9.936770 -0.639920
v -1.527203 9.922797 -0.614080
v -1.530100 9.948042 -0.639920
v -1.537662 9.929786 -0.614080
v -1.550000 9.952000 -0.639920
v -1.550000 9.932240 -0.614080
v -1.569900 9.948042 -0.639920
v -1.562338 9.929786 -0.614080
v -1.586770 9.936770 -0.639920
v -1.572797 9.922797 -0.614080
v -1.598042 9.919900 -0.639920
v -1.579786 9.912338 -0.614080
v -1.602000 9.900000 -0.639920
v -1.582240 9.900000 -0.614080
v -1.598042 9.880100 -0.639920
v -1.579786 9.887662 -0.614080
v -1.586770 9.863230 -0.639920
v -1.572797 9.877203 -0.614080
v -1.569900 9.851958 -0.639920
v -1.562338 9.870214 -0.614080
v -1.550000 9.848000 -0.639920
v -1.550000 9.867760 -0.614080
v -1.530100 9.851958 -0.639920
v -1.537662 9.870214 -0.614080
v -1.513230 9.863230 -0.639920
v -1.527203 9.877203 -0.614080
v -1.501958 9.880100 -0.639920
v -1.520214 9.887662 -0.614080
v -1.534400 9.900000 -0.646000
v -1.535587 9.905970 -0.646000
v -1.538969 9.911031 -0.646000
v -1.544030 9.914413 -0.646000
v -1.550000 9.915600 -0.646000
v -1.555970 9.914413 -0.646000
v -1.561031 9.911031 -0.646000
v -1.564413 9.905970 -0.646000
v -1.565600 9.900000 -0.646000
v -1.564413 9.894030 -0.646000
v -1.561031 9.888969 -0.646000
v -1.555970 9.885587 -0.646000
v -1.550000 9.884400 -0.646000
v -1.544030 9.885587 -0.646000
v -1.538969 9.888969 -0.646000
v -1.535587 9.894030 -0.646000
v -1.498000 9.900000 -0.677920
v -1.501958 9.919900 -0.677920
v -1.520214 9.912338 -0.652080
v -1.517760 9.900000 -0.652080
v -1.513230 9.936770 -0.677920
v -1.527203 9.922797 -0.652080
v -1.530100 9.948042 -0.677920
v -1.537662 9.929786 -0.652080
v -1.550000 9.952000 -0.677920
v -1.550000 9.932240 -0.652080
v -1.569900 9.948042 -0.677920
v -1.562338 9.929786 -0.652080
v -1.586770 9.936770 -0.677920
v -1.572797 9.922797 -0.652080
v -1.598042 9.919900 -0.677920
v -1.579786 9.912338 -0.652080
v -1.602000 9.900000 -0.677920
v -1.582240 9.900000 -0.652080
v -1.598042 9.880100 -0.677920
v -1.579786 9.887662 -0.652080
v -1.586770 9.863230 -0.677920
v -1.572797 9.877203 -0.652080
v -1.569900 9.851958 -0.677920
v -1.562338 9.870214 -0.652080
v -1.550000 9.848000 -0.677920
v -1.550000 9.867760 -0.652080
v -1.530100 9.851958 -0.677920
v -1.537662 9.870214 -0.652080
v -1.513230 9.863230 -0.677920
v -1.527203 9.877203 -0.652080
v -1.501958 9.880100 -0.677920
v -1.520214 9.887662 -0.652080
v -1.534400 9.900000 -0.684000
v -1.535587 9.905970 -0.684000
v -1.538969 9.911031 -0.684000
v -1.544030 9.914413 -0.684000
v -1.550000 9.915600 -0.684000
v -1.555970 9.914413 -0.684000
v -1.561031 9.911031 -0.684000
v -1.564413 9.905970 -0.684000
v -1.565600 9.900000 -0.684000
v -1.564413 9.894030 -0.684000
v -1.561031 9.888969 -0.684000
v -1.555970 9.885587 -0.684000
v -1.550000 9.884400 -0.684000
v -1.544030 9.885587 -0.684000
v -1.538969 9.888969 -0.684000
v -1.535587 9.894030 -0.684000
v -1.605000 9.865000 -0.769000
v -1.495000 9.865000 -0.769000
v -1.495000 9.865000 -0.699000
v -1.605000 9.865000 -0.699000
v -1.605000 9.935000 -0.699000
v -1.495000 9.935000 -0.699000
v -1.495000 9.935000 -0.769000
v -1.605000 9.935000 -0.769000
v -1.498000 9.900000 0.006080
v -1.501958 9.919900 0.006080
v -1.520214 9.912338 0.031920
v -1.517760 9.900000 0.031920
v -1.513230 9.936770 0.006080
v -1.527203 9.922797 0.031920
v -1.530100 9.948042 0.006080
v -1.537662 9.929786 0.031920
v -1.550000 9.952000 0.006080
v -1.550000 9.932240 0.031920
v -1.569900 9.948042 0.006080
v -1.562338 9.929786 0.031920
v -1.586770 9.936770 0.006080
v -1.572797 9.922797 0.031920
v -1.598042 9.919900 0.006080
v -1.579786 9.912338 0.031920
v -1.602000 9.900000 0.006080
v -1.582240 9.900000 0.031920
v -1.598042 9.880100 0.006080
v -1.579786 9.887662 0.031920
v -1.586770 9.863230 0.006080
v -1.572797 9.877203 0.031920
v -1.569900 9.851958 0.006080
v -1.562338 9.870214 0.031920
v -1.550000 9.848000 0.006080
v -1.550000 9.867760 0.031920
v -1.530100 9.851958 0.006080
v -1.537662 9.870214 0.031920
v -1.513230 9.863230 0.006080
v -1.527203 9.877203 0.031920
v -1.501958 9.880100 0.006080
v -1.520214 9.887662 0.031920
v -1.535587 9.905970 0.038000
v -1.534400 9.900000 0.038000
v -1.538969 9.911031 0.038000
v -1.544030 9.914413 0.038000
v -1.550000 9.915600 0.038000
v -1.555970 9.914413 0.038000
v -1.561031 9.911031 0.038000
v -1.564413 9.905970 0.038000
v -1.565600 9.900000 0.038000
v -1.564413 9.894030 0.038000
v -1.561031 9.888969 0.038000
v -1.555970 9.885587 0.038000
v -1.550000 9.884400 0.038000
v -1.544030 9.885587 0.038000
v -1.538969 9.888969 0.038000
v -1.535587 9.894030 0.038000
v -1.498000 9.900000 0.044080
v -1.501958 9.919900 0.044080
v -1.520214 9.912338 0.069920
v -1.517760 9.900000 0.069920
v -1.513230 9.936770 0.044080
v -1.527203 9.922797 0.069920
v -1.530100 9.948042 0.044080
v -1.537662 9.929786 0.069920
v -1.550000 9.952000 0.044080
v -1.550000 9.932240 0.069920
v -1.569900 9.948042 0.044080
v -1.562338 9.929786 0.069920
v -1.586770 9.936770 0.044080
v -1.572797 9.922797 0.069920
v -1.598042 9.919900 0.044080
v -1.579786 9.912338 0.069920
v -1.602000 9.900000 0.044080
v -1.582240 9.900000 0.069920
v -1.598042 9.880100 0.044080
v -1.579786 9.887662 0.069920
v -1.586770 9.863230 0.044080
v -1.572797 9.877203 0.069920
v -1.569900 9.851958 0.044080
v -1.562338 9.870214 0.069920
v -1.550000 9.848000 0.044080
v -1.550000 9.867760 0.069920
v -1.530100 9.851958 0.044080
v -1.537662 9.870214 0.069920
v -1.513230 9.863230 0.044080
v -1.527203 9.877203 0.069920
v -1.501958 9.880100 0.044080
v -1.520214 9.887662 0.069920
v -1.535587 9.905970 0.076000
v -1.534400 9.900000 0.076000
v -1.538969 9.911031 0.076000
v -1.544030 9.914413 0.076000
v -1.550000 9.915600 0.076000
v -1.555970 9.914413 0.076000
v -1.561031 9.911031 0.076000
v -1.564413 9.905970 0.076000
v -1.565600 9.900000 0.076000
v -1.564413 9.894030 0.076000
v -1.561031 9.888969 0.076000
v -1.555970 9.885587 0.076000
v -1.550000 9.884400 0.076000
v -1.544030 9.885587 0.076000
v -1.538969 9.888969 0.076000
v -1.535587 9.894030 0.076000
v -1.498000 9.900000 0.082080
v -1.501958 9.919900 0.082080
v -1.520214 9.912338 0.107920
v -1.517760 9.900000 0.107920
v -1.513230 9.936770 0.082080
v -1.527203 9.922797 0.107920
v -1.530100 9.948042 0.082080
v -1.537662 9.929786 0.107920
v -1.550000 9.952000 0.082080
v -1.550000 9.932240 0.107920
v -1.569900 9.948042 0.082080
v -1.562338 9.929786 0.107920
v -1.586770 9.936770 0.082080
v -1.572797 9.922797 0.107920
v -1.598042 9.919900 0.082080
v -1.579786 9.912338 0.107920
v -1.602000 9.900000 0.082080
v -1.582240 9.900000 0.107920
v -1.598042 9.880100 0.082080
v -1.579786 9.887662 0.107920
v -1.586770 9.863230 0.082080
v -1.572797 9.877203 0.107920
v -1.569900 9.851958 0.082080
v -1.562338 9.870214 0.107920
v -1.550000 9.848000 0.082080
v -1.550000 9.867760 0.107920
v -1.530100 9.851958 0.082080
v -1.537662 9.870214 0.107920
v -1.513230 9.863230 0.082080
v -1.527203 9.877203 0.107920
v -1.501958 9.880100 0.082080
v -1.520214 9.887662 0.107920
v -1.535587 9.905970 0.114000
v -1.534400 9.900000 0.114000
v -1.538969 9.911031 0.114000
v -1.544030 9.914413 0.114000
v -1.550000 9.915600 0.114000
v -1.555970 9.914413 0.114000
v -1.561031 9.911031 0.114000
v -1.564413 9.905970 0.114000
v -1.565600 9.900000 0.114000
v -1.564413 9.894030 0.114000
v -1.561031 9.888969 0.114000
v -1.555970 9.885587 0.114000
v -1.550000 9.884400 0.114000
v -1.544030 9.885587 0.114000
v -1.538969 9.888969 0.114000
v -1.535587 9.894030 0.114000
v -1.498000 9.900000 0.120080
v -1.501958 9.919900 0.120080
v -1.520214 9.912338 0.145920
v -1.517760 9.900000 0.145920
v -1.513230 9.936770 0.120080
v -1.527203 9.922797 0.145920
v -1.530100 9.948042 0.120080
v -1.537662 9.929786 0.145920
v -1.550000 9.952000 0.120080
v -1.550000 9.932240 0.145920
v -1.569900 9.948042 0.120080
v -1.562338 9.929786 0.145920
v -1.586770 9.936770 0.120080
v -1.572797 9.922797 0.145920
v -1.598042 9.919900 0.120080
v -1.579786 9.912338 0.145920
v -1.602000 9.900000 0.120080
v -1.582240 9.900000 0.145920
v -1.598042 9.880100 0.120080
v -1.579786 9.887662 0.145920
v -1.586770 9.863230 0.120080
v -1.572797 9.877203 0.145920
v -1.569900 9.851958 0.120080
v -1.562338 9.870214 0.145920
v -1.550000 9.848000 0.120080
v -1.550000 9.867760 0.145920
v -1.530100 9.851958 0.120080
v -1.537662 9.870214 0.145920
v -1.513230 9.863230 0.120080
v -1.527203 9.877203 0.145920
v -1.501958 9.880100 0.120080
v -1.520214 9.887662 0.145920
v -1.535587 9.905970 0.152000
v -1.534400 9.900000 0.152000
v -1.538969 9.911031 0.152000
v -1.544030 9.914413 0.152000
v -1.550000 9.915600 0.152000
v -1.555970 9.914413 0.152000
v -1.561031 9.911031 0.152000
v -1.564413 9.905970 0.152000
v -1.565600 9.900000 0.152000
v -1.564413 9.894030 0.152000
v -1.561031 9.888969 0.152000
v -1.555970 9.885587 0.152000
v -1.550000 9.884400 0.152000
v -1.544030 9.885587 0.152000
v -1.538969 9.888969 0.152000
v -1.535587 9.894030 0.152000
v -1.498000 9.900000 0.158080
v -1.501958 9.919900 0.158080
v -1.520214 9.912338 0.183920
v -1.517760 9.900000 0.183920
v -1.513230 9.936770 0.158080
v -1.527203 9.922797 0.183920
v -1.530100 9.948042 0.158080
v -1.537662 9.929786 0.183920
v -1.550000 9.952000 0.158080
v -1.550000 9.932240 0.183920
v -1.569900 9.948042 0.158080
v -1.562338 9.929786 0.183920
v -1.586770 9.936770 0.158080
v -1.572797 9.922797 0.183920
v -1.598042 9.919900 0.158080
v -1.579786 9.912338 0.183920
v -1.602000 9.900000 0.158080
v -1.582240 9.900000 0.183920
v -1.598042 9.880100 0.158080
v -1.579786 9.887662 0.183920
v -1.586770 9.863230 0.158080
v -1.572797 9.877203 0.183920
v -1.569900 9.851958 0.158080
v -1.562338 9.870214 0.183920
v -1.550000 9.848000 0.158080
v -1.550000 9.867760 0.183920
v -1.530100 9.851958 0.158080
v -1.537662 9.870214 0.183920
v -1.513230 9.863230 0.158080
v -1.527203 9.877203 0.183920
v -1.501958 9.880100 0.158080
v -1.520214 9.887662 0.183920
v -1.535587 9.905970 0.190000
v -1.534400 9.900000 0.190000
v -1.538969 9.911031 0.190000
v -1.544030 9.914413 0.190000
v -1.550000 9.915600 0.190000
v -1.555970 9.914413 0.190000
v -1.561031 9.911031 0.190000
v -1.564413 9.905970 0.190000
v -1.565600 9.900000 0.190000
v -1.564413 9.894030 0.190000
v -1.561031 9.888969 0.190000
v -1.555970 9.885587 0.190000
v -1.550000 9.884400 0.190000
v -1.544030 9.885587 0.190000
v -1.538969 9.888969 0.190000
v -1.535587 9.894030 0.190000
v -1.498000 9.900000 0.196080
v -1.501958 9.919900 0.196080
v -1.520214 9.912338 0.221920
v -1.517760 9.900000 0.221920
v -1.513230 9.936770 0.196080
v -1.527203 9.922797 0.221920
v -1.530100 9.948042 0.196080
v -1.537662 9.929786 0.221920
v -1.550000 9.952000 0.196080
v -1.550000 9.932240 0.221920
v -1.569900 9.948042 0.196080
v -1.562338 9.929786 0.221920
v -1.586770 9.936770 0.196080
v -1.572797 9.922797 0.221920
v -1.598042 9.919900 0.196080
v -1.579786 9.912338 0.221920
v -1.602000 9.900000 0.196080
v -1.582240 9.900000 0.221920
v -1.598042 9.880100 0.196080
v -1.579786 9.887662 0.221920
v -1.586770 9.863230 0.196080
v -1.572797 9.877203 0.221920
v -1.569900 9.851958 0.196080
v -1.562338 9.870214 0.221920
v -1.550000 9.848000 0.196080
v -1.550000 9.867760 0.221920
v -1.530100 9.851958 0.196080
v -1.537662 9.870214 0.221920
v -1.513230 9.863230 0.196080
v -1.527203 9.877203 0.221920
v -1.501958 9.880100 0.196080
v -1.520214 9.887662 0.221920
v -1.535587 9.905970 0.228000
v -1.534400 9.900000 0.228000
v -1.538969 9.911031 0.228000
v -1.544030 9.914413 0.228000
v -1.550000 9.915600 0.228000
v -1.555970 9.914413 0.228000
v -1.561031 9.911031 0.228000
v -1.564413 9.905970 0.228000
v -1.565600 9.900000 0.228000
v -1.564413 9.894030 0.228000
v -1.561031 9.888969 0.228000
v -1.555970 9.885587 0.228000
v -1.550000 9.884400 0.228000
v -1.544030 9.885587 0.228000
v -1.538969 9.888969 0.228000
v -1.535587 9.894030 0.228000
v -1.498000 9.900000 0.234080
v -1.501958 9.919900 0.234080
v -1.520214 9.912338 0.259920
v -1.517760 9.900000 0.259920
v -1.513230 9.936770 0.234080
v -1.527203 9.922797 0.259920
v -1.530100 9.948042 0.234080
v -1.537662 9.929786 0.259920
v -1.550000 9.952000 0.234080
v -1.550000 9.932240 0.259920
v -1.569900 9.948042 0.234080
v -1.562338 9.929786 0.259920
v -1.586770 9.936770 0.234080
v -1.572797 9.922797 0.259920
v -1.598042 9.919900 0.234080
v -1.579786 9.912338 0.259920
v -1.602000 9.900000 0.234080
v -1.582240 9.900000 0.259920
v -1.598042 9.880100 0.234080
v -1.579786 9.887662 0.259920
v -1.586770 9.863230 0.234080
v -1.572797 9.877203 0.259920
v -1.569900 9.851958 0.234080
v -1.562338 9.870214 0.259920
v -1.550000 9.848000 0.234080
v -1.550000 9.867760 0.259920
v -1.530100 9.851958 0.234080
v -1.537662 9.870214 0.259920
v -1.513230 9.863230 0.234080
v -1.527203 9.877203 0.259920
v -1.501958 9.880100 0.234080
v -1.520214 9.887662 0.259920
v -1.535587 9.905970 0.266000
v -1.534400 9.900000 0.266000
v -1.538969 9.911031 0.266000
v -1.544030 9.914413 0.266000
v -1.550000 9.915600 0.266000
v -1.555970 9.914413 0.266000
v -1.561031 9.911031 0.266000
v -1.564413 9.905970 0.266000
v -1.565600 9.900000 0.266000
v -1.564413 9.894030 0.266000
v -1.561031 9.888969 0.266000
v -1.555970 9.885587 0.266000
v -1.550000 9.884400 0.266000
v -1.544030 9.885587 0.266000
v -1.538969 9.888969 0.266000
v -1.535587 9.894030 0.266000
v -1.498000 9.900000 0.272080
v -1.501958 9.919900 0.272080
v -1.520214 9.912338 0.297920
v -1.517760 9.900000 0.297920
v -1.513230 9.936770 0.272080
v -1.527203 9.922797 0.297920
v -1.530100 9.948042 0.272080
v -1.537662 9.929786 0.297920
v -1.550000 9.952000 0.272080
v -1.550000 9.932240 0.297920
v -1.569900 9.948042 0.272080
v -1.562338 9.929786 0.297920
v -1.586770 9.936770 0.272080
v -1.572797 9.922797 0.297920
v -1.598042 9.919900 0.272080
v -1.579786 9.912338 0.297920
v -1.602000 9.900000 0.272080
v -1.582240 9.900000 0.297920
v -1.598042 9.880100 0.272080
v -1.579786 9.887662 0.297920
v -1.586770 9.863230 0.272080
v -1.572797 9.877203 0.297920
v -1.569900 9.851958 0.272080
v -1.562338 9.870214 0.297920
v -1.550000 9.848000 0.272080
v -1.550000 9.867760 0.297920
v -1.530100 9.851958 0.272080
v -1.537662 9.870214 0.297920
v -1.513230 9.863230 0.272080
v -1.527203 9.877203 0.297920
v -1.501958 9.880100 0.272080
v -1.520214 9.887662 0.297920
v -1.535587 9.905970 0.304000
v -1.534400 9.900000 0.304000
v -1.538969 9.911031 0.304000
v -1.544030 9.914413 0.304000
v -1.550000 9.915600 0.304000
v -1.555970 9.914413 0.304000
v -1.561031 9.911031 0.304000
v -1.564413 9.905970 0.304000
v -1.565600 9.900000 0.304000
v -1.564413 9.894030 0.304000
v -1.561031 9.888969 0.304000
v -1.555970 9.885587 0.304000
v -1.550000 9.884400 0.304000
v -1.544030 9.885587 0.304000
v -1.538969 9.888969 0.304000
v -1.535587 9.894030 0.304000
v -1.498000 9.900000 0.310080
v -1.501958 9.919900 0.310080
v -1.520214 9.912338 0.335920
v -1.517760 9.900000 0.335920
v -1.513230 9.936770 0.310080
v -1.527203 9.922797 0.335920
v -1.530100 9.948042 0.310080
v -1.537662 9.929786 0.335920
v -1.550000 9.952000 0.310080
v -1.550000 9.932240 0.335920
v -1.569900 9.948042 0.310080
v -1.562338 9.929786 0.335920
v -1.586770 9.936770 0.310080
v -1.572797 9.922797 0.335920
v -1.598042 9.919900 0.310080
v -1.579786 9.912338 0.335920
v -1.602000 9.900000 0.310080
v -1.582240 9.900000 0.335920
v -1.598042 9.880100 0.310080
v -1.579786 9.887662 0.335920
v -1.586770 9.863230 0.310080
v -1.572797 9.877203 0.335920
v -1.569900 9.851958 0.310080
v -1.562338 9.870214 0.335920
v -1.550000 9.848000 0.310080
v -1.550000 9.867760 0.335920
v -1.530100 9.851958 0.310080
v -1.537662 9.870214 0.335920
v -1.513230 9.863230 0.310080
v -1.527203 9.877203 0.335920
v -1.501958 9.880100 0.310080
v -1.520214 9.887662 0.335920
v -1.535587 9.905970 0.342000
v -1.534400 9.900000 0.342000
v -1.538969 9.911031 0.342000
v -1.544030 9.914413 0.342000
v -1.550000 9.915600 0.342000
v -1.555970 9.914413 0.342000
v -1.561031 9.911031 0.342000
v -1.564413 9.905970 0.342000
v -1.565600 9.900000 0.342000
v -1.564413 9.894030 0.342000
v -1.561031 9.888969 0.342000
v -1.555970 9.885587 0.342000
v -1.550000 9.884400 0.342000
v -1.544030 9.885587 0.342000
v -1.538969 9.888969 0.342000
v -1.535587 9.894030 0.342000
v -1.498000 9.900000 0.348080
v -1.501958 9.919900 0.348080
v -1.520214 9.912338 0.373920
v -1.517760 9.900000 0.373920
v -1.513230 9.936770 0.348080
v -1.527203 9.922797 0.373920
v -1.530100 9.948042 0.348080
v -1.537662 9.929786 0.373920
v -1.550000 9.952000 0.348080
v -1.550000 9.932240 0.373920
v -1.569900 9.948042 0.348080
v -1.562338 9.929786 0.373920
v -1.586770 9.936770 0.348080
v -1.572797 9.922797 0.373920
v -1.598042 9.919900 0.348080
v -1.579786 9.912338 0.373920
v -1.602000 9.900000 0.348080
v -1.582240 9.900000 0.373920
v -1.598042 9.880100 0.348080
v -1.579786 9.887662 0.373920
v -1.586770 9.863230 0.348080
v -1.572797 9.877203 0.373920
v -1.569900 9.851958 0.348080
v -1.562338 9.870214 0.373920
v -1.550000 9.848000 0.348080
v -1.550000 9.867760 0.373920
v -1.530100 9.851958 0.348080
v -1.537662 9.870214 0.373920
v -1.513230 9.863230 0.348080
v -1.527203 9.877203 0.373920
v -1.501958 9.880100 0.348080
v -1.520214 9.887662 0.373920
v -1.535587 9.905970 0.380000
v -1.534400 9.900000 0.380000
v -1.538969 9.911031 0.380000
v -1.544030 9.914413 0.380000
v -1.550000 9.915600 0.380000
v -1.555970 9.914413 0.380000
v -1.561031 9.911031 0.380000
v -1.564413 9.905970 0.380000
v -1.565600 9.900000 0.380000
v -1.564413 9.894030 0.380000
v -1.561031 9.888969 0.380000
v -1.555970 9.885587 0.380000
v -1.550000 9.884400 0.380000
v -1.544030 9.885587 0.380000
v -1.538969 9.888969 0.380000
v -1.535587 9.894030 0.380000
v -1.498000 9.900000 0.386080
v -1.501958 9.919900 0.386080
v -1.520214 9.912338 0.411920
v -1.517760 9.900000 0.411920
v -1.513230 9.936770 0.386080
v -1.527203 9.922797 0.411920
v -1.530100 9.948042 0.386080
v -1.537662 9.929786 0.411920
v -1.550000 9.952000 0.386080
v -1.550000 9.932240 0.411920
v -1.569900 9.948042 0.386080
v -1.562338 9.929786 0.411920
v -1.586770 9.936770 0.386080
v -1.572797 9.922797 0.411920
v -1.598042 9.919900 0.386080
v -1.579786 9.912338 0.411920
v -1.602000 9.900000 0.386080
v -1.582240 9.900000 0.411920
v -1.598042 9.880100 0.386080
v -1.579786 9.887662 0.411920
v -1.586770 9.863230 0.386080
v -1.572797 9.877203 0.411920
v -1.569900 9.851958 0.386080
v -1.562338 9.870214 0.411920
v -1.550000 9.848000 0.386080
v -1.550000 9.867760 0.411920
v -1.530100 9.851958 0.386080
v -1.537662 9.870214 0.411920
v -1.513230 9.863230 0.386080
v -1.527203 9.877203 0.411920
v -1.501958 9.880100 0.386080
v -1.520214 9.887662 0.411920
v -1.535587 9.905970 0.418000
v -1.534400 9.900000 0.418000
v -1.538969 9.911031 0.418000
v -1.544030 9.914413 0.418000
v -1.550000 9.915600 0.418000
v -1.555970 9.914413 0.418000
v -1.561031 9.911031 0.418000
v -1.564413 9.905970 0.418000
v -1.565600 9.900000 0.418000
v -1.564413 9.894030 0.418000
v -1.561031 9.888969 0.418000
v -1.555970 9.885587 0.418000
v -1.550000 9.884400 0.418000
v -1.544030 9.885587 0.418000
v -1.538969 9.888969 0.418000
v -1.535587 9.894030 0.418000
v -1.498000 9.900000 0.424080
v -1.501958 9.919900 0.424080
v -1.520214 9.912338 0.449920
v -1.517760 9.900000 0.449920
v -1.513230 9.936770 0.424080
v -1.527203 9.922797 0.449920
v -1.530100 9.948042 0.424080
v -1.537662 9.929786 0.449920
v -1.550000 9.952000 0.424080
v -1.550000 9.932240 0.449920
v -1.569900 9.948042 0.424080
v -1.562338 9.929786 0.449920
v -1.586770 9.936770 0.424080
v -1.572797 9.922797 0.449920
v -1.598042 9.919900 0.424080
v -1.579786 9.912338 0.449920
v -1.602000 9.900000 0.424080
v -1.582240 9.900000 0.449920
v -1.598042 9.880100 0.424080
v -1.579786 9.887662 0.449920
v -1.586770 9.863230 0.424080
v -1.572797 9.877203 0.449920
v -1.569900 9.851958 0.424080
v -1.562338 9.870214 0.449920
v -1.550000 9.848000 0.424080
v -1.550000 9.867760 0.449920
v -1.530100 9.851958 0.424080
v -1.537662 9.870214 0.449920
v -1.513230 9.863230 0.424080
v -1.527203 9.877203 0.449920
v -1.501958 9.880100 0.424080
v -1.520214 9.887662 0.449920
v -1.535587 9.905970 0.456000
v -1.534400 9.900000 0.456000
v -1.538969 9.911031 0.456000
v -1.544030 9.914413 0.456000
v -1.550000 9.915600 0.456000
v -1.555970 9.914413 0.456000
v -1.561031 9.911031 0.456000
v -1.564413 9.905970 0.456000
v -1.565600 9.900000 0.456000
v -1.564413 9.894030 0.456000
v -1.561031 9.888969 0.456000
v -1.555970 9.885587 0.456000
v -1.550000 9.884400 0.456000
v -1.544030 9.885587 0.456000
v -1.538969 9.888969 0.456000
v -1.535587 9.894030 0.456000
v -1.498000 9.900000 0.462080
v -1.501958 9.919900 0.462080
v -1.520214 9.912338 0.487920
v -1.517760 9.900000 0.487920
v -1.513230 9.936770 0.462080
v -1.527203 9.922797 0.487920
v -1.530100 9.948042 0.462080
v -1.537662 9.929786 0.487920
v -1.550000 9.952000 0.462080
v -1.550000 9.932240 0.487920
v -1.569900 9.948042 0.462080
v -1.562338 9.929786 0.487920
v -1.586770 9.936770 0.462080
v -1.572797 9.922797 0.487920
v -1.598042 9.919900 0.462080
v -1.579786 9.912338 0.487920
v -1.602000 9.900000 0.462080
v -1.582240 9.900000 0.487920
v -1.598042 9.880100 0.462080
v -1.579786 9.887662 0.487920
v -1.586770 9.863230 0.462080
v -1.572797 9.877203 0.487920
v -1.569900 9.851958 0.462080
v -1.562338 9.870214 0.487920
v -1.550000 9.848000 0.462080
v -1.550000 9.867760 0.487920
v -1.530100 9.851958 0.462080
v -1.537662 9.870214 0.487920
v -1.513230 9.863230 0.462080
v -1.527203 9.877203 0.487920
v -1.501958 9.880100 0.462080
v -1.520214 9.887662 0.487920
v -1.535587 9.905970 0.494000
v -1.534400 9.900000 0.494000
v -1.538969 9.911031 0.494000
v -1.544030 9.914413 0.494000
v -1.550000 9.915600 0.494000
v -1.555970 9.914413 0.494000
v -1.561031 9.911031 0.494000
v -1.564413 9.905970 0.494000
v -1.565600 9.900000 0.494000
v -1.564413 9.894030 0.494000
v -1.561031 9.888969 0.494000
v -1.555970 9.885587 0.494000
v -1.550000 9.884400 0.494000
v -1.544030 9.885587 0.494000
v -1.538969 9.888969 0.494000
v -1.535587 9.894030 0.494000
v -1.498000 9.900000 0.500080
v -1.501958 9.919900 0.500080
v -1.520214 9.912338 0.525920
v -1.517760 9.900000 0.525920
v -1.513230 9.936770 0.500080
v -1.527203 9.922797 0.525920
v -1.530100 9.948042 0.500080
v -1.537662 9.929786 0.525920
v -1.550000 9.952000 0.500080
v -1.550000 9.932240 0.525920
v -1.569900 9.948042 0.500080
v -1.562338 9.929786 0.525920
v -1.586770 9.936770 0.500080
v -1.572797 9.922797 0.525920
v -1.598042 9.919900 0.500080
v -1.579786 9.912338 0.525920
v -1.602000 9.900000 0.500080
v -1.582240 9.900000 0.525920
v -1.598042 9.880100 0.500080
v -1.579786 9.887662 0.525920
v -1.586770 9.863230 0.500080
v -1.572797 9.877203 0.525920
v -1.569900 9.851958 0.500080
v -1.562338 9.870214 0.525920
v -1.550000 9.848000 0.500080
v -1.550000 9.867760 0.525920
v -1.530100 9.851958 0.500080
v -1.537662 9.870214 0.525920
v -1.513230 9.863230 0.500080
v -1.527203 9.877203 0.525920
v -1.501958 9.880100 0.500080
v -1.520214 9.887662 0.525920
v -1.535587 9.905970 0.532000
v -1.534400 9.900000 0.532000
v -1.538969 9.911031 0.532000
v -1.544030 9.914413 0.532000
v -1.550000 9.915600 0.532000
v -1.555970 9.914413 0.532000
v -1.561031 9.911031 0.532000
v -1.564413 9.905970 0.532000
v -1.565600 9.900000 0.532000
v -1.564413 9.894030 0.532000
v -1.561031 9.888969 0.532000
v -1.555970 9.885587 0.532000
v -1.550000 9.884400 0.532000
v -1.544030 9.885587 0.532000
v -1.538969 9.888969 0.532000
v -1.535587 9.894030 0.532000
v -1.498000 9.900000 0.538080
v -1.501958 9.919900 0.538080
v -1.520214 9.912338 0.563920
v -1.517760 9.900000 0.563920
v -1.513230 9.936770 0.538080
v -1.527203 9.922797 0.563920
v -1.530100 9.948042 0.538080
v -1.537662 9.929786 0.563920
v -1.550000 9.952000 0.538080
v -1.550000 9.932240 0.563920
v -1.569900 9.948042 0.538080
v -1.562338 9.929786 0.563920
v -1.586770 9.936770 0.538080
v -1.572797 9.922797 0.563920
v -1.598042 9.919900 0.538080
v -1.579786 9.912338 0.563920
v -1.602000 9.900000 0.538080
v -1.582240 9.900000 0.563920
v -1.598042 9.880100 0.538080
v -1.579786 9.887662 0.563920
v -1.586770 9.863230 0.538080
v -1.572797 9.877203 0.563920
v -1.569900 9.851958 0.538080
v -1.562338 9.870214 0.563920
v -1.550000 9.848000 0.538080
v -1.550000 9.867760 0.563920
v -1.530100 9.851958 0.538080
v -1.537662 9.870214 0.563920
v -1.513230 9.863230 0.538080
v -1.527203 9.877203 0.563920
v -1.501958 9.880100 0.538080
v -1.520214 9.887662 0.563920
v -1.535587 9.905970 0.570000
v -1.534400 9.900000 0.570000
v -1.538969 9.911031 0.570000
v -1.544030 9.914413 0.570000
v -1.550000 9.915600 0.570000
v -1.555970 9.914413 0.570000
v -1.561031 9.911031 0.570000
v -1.564413 9.905970 0.570000
v -1.565600 9.900000 0.570000
v -1.564413 9.894030 0.570000
v -1.561031 9.888969 0.570000
v -1.555970 9.885587 0.570000
v -1.550000 9.884400 0.570000
v -1.544030 9.885587 0.570000
v -1.538969 9.888969 0.570000
v -1.535587 9.894030 0.570000
v -1.498000 9.900000 0.576080
v -1.501958 9.919900 0.576080
v -1.520214 9.912338 0.601920
v -1.517760 9.900000 0.601920
v -1.513230 9.936770 0.576080
v -1.527203 9.922797 0.601920
v -1.530100 9.948042 0.576080
v -1.537662 9.929786 0.601920
v -1.550000 9.952000 0.576080
v -1.550000 9.932240 0.601920
v -1.569900 9.948042 0.576080
v -1.562338 9.929786 0.601920
v -1.586770 9.936770 0.576080
v -1.572797 9.922797 0.601920
v -1.598042 9.919900 0.576080
v -1.579786 9.912338 0.601920
v -1.602000 9.900000 0.576080
v -1.582240 9.900000 0.601920
v -1.598042 9.880100 0.576080
v -1.579786 9.887662 0.601920
v -1.586770 9.863230 0.576080
v -1.572797 9.877203 0.601920
v -1.569900 9.851958 0.576080
v -1.562338 9.870214 0.601920
v -1.550000 9.848000 0.576080
v -1.550000 9.867760 0.601920
v -1.530100 9.851958 0.576080
v -1.537662 9.870214 0.601920
v -1.513230 9.863230 0.576080
v -1.527203 9.877203 0.601920
v -1.501958 9.880100 0.576080
v -1.520214 9.887662 0.601920
v -1.535587 9.905970 0.608000
v -1.534400 9.900000 0.608000
v -1.538969 9.911031 0.608000
v -1.544030 9.914413 0.608000
v -1.550000 9.915600 0.608000
v -1.555970 9.914413 0.608000
v -1.561031 9.911031 0.608000
v -1.564413 9.905970 0.608000
v -1.565600 9.900000 0.608000
v -1.564413 9.894030 0.608000
v -1.561031 9.888969 0.608000
v -1.555970 9.885587 0.608000
v -1.550000 9.884400 0.608000
v -1.544030 9.885587 0.608000
v -1.538969 9.888969 0.608000
v -1.535587 9.894030 0.608000
v -1.498000 9.900000 0.614080
v -1.501958 9.919900 0.614080
v -1.520214 9.912338 0.639920
v -1.517760 9.900000 0.639920
v -1.513230 9.936770 0.614080
v -1.527203 9.922797 0.639920
v -1.530100 9.948042 0.614080
v -1.537662 9.929786 0.639920
v -1.550000 9.952000 0.614080
v -1.550000 9.932240 0.639920
v -1.569900 9.948042 0.614080
v -1.562338 9.929786 0.639920
v -1.586770 9.936770 0.614080
v -1.572797 9.922797 0.639920
v -1.598042 9.919900 0.614080
v -1.579786 9.912338 0.639920
v -1.602000 9.900000 0.614080
v -1.582240 9.900000 0.639920
v -1.598042 9.880100 0.614080
v -1.579786 9.887662 0.639920
v -1.586770 9.863230 0.614080
v -1.572797 9.877203 0.639920
v -1.569900 9.851958 0.614080
v -1.562338 9.870214 0.639920
v -1.550000 9.848000 0.614080
v -1.550000 9.867760 0.639920
v -1.530100 9.851958 0.614080
v -1.537662 9.870214 0.639920
v -1.513230 9.863230 0.614080
v -1.527203 9.877203 0.639920
v -1.501958 9.880100 0.614080
v -1.520214 9.887662 0.639920
v -1.535587 9.905970 0.646000
v -1.534400 9.900000 0.646000
v -1.538969 9.911031 0.646000
v -1.544030 9.914413 0.646000
v -1.550000 9.915600 0.646000
v -1.555970 9.914413 0.646000
v -1.561031 9.911031 0.646000
v -1.564413 9.905970 0.646000
v -1.565600 9.900000 0.646000
v -1.564413 9.894030 0.646000
v -1.561031 9.888969 0.646000
v -1.555970 9.885587 0.646000
v -1.550000 9.884400 0.646000
v -1.544030 9.885587 0.646000
v -1.538969 9.888969 0.646000
v -1.535587 9.894030 0.646000
v -1.498000 9.900000 0.652080
v -1.501958 9.919900 0.652080
v -1.520214 9.912338 0.677920
v -1.517760 9.900000 0.677920
v -1.513230 9.936770 0.652080
v -1.527203 9.922797 0.677920
v -1.530100 9.948042 0.652080
v -1.537662 9.929786 0.677920
v -1.550000 9.952000 0.652080
v -1.550000 9.932240 0.677920
v -1.569900 9.948042 0.652080
v -1.562338 9.929786 0.677920
v -1.586770 9.936770 0.652080
v -1.572797 9.922797 0.677920
v -1.598042 9.919900 0.652080
v -1.579786 9.912338 0.677920
v -1.602000 9.900000 0.652080
v -1.582240 9.900000 0.677920
v -1.598042 9.880100 0.652080
v -1.579786 9.887662 0.677920
v -1.586770 9.863230 0.652080
v -1.572797 9.877203 0.677920
v -1.569900 9.851958 0.652080
v -1.562338 9.870214 0.677920
v -1.550000 9.848000 0.652080
v -1.550000 9.867760 0.677920
v -1.530100 9.851958 0.652080
v -1.537662 9.870214 0.677920
v -1.513230 9.863230 0.652080
v -1.527203 9.877203 0.677920
v -1.501958 9.880100 0.652080
v -1.520214 9.887662 0.677920
v -1.535587 9.905970 0.684000
v -1.534400 9.900000 0.684000
v -1.538969 9.911031 0.684000
v -1.544030 9.914413 0.684000
v -1.550000 9.915600 0.684000
v -1.555970 9.914413 0.684000
v -1.561031 9.911031 0.684000
v -1.564413 9.905970 0.684000
v -1.565600 9.900000 0.684000
v -1.564413 9.894030 0.684000
v -1.561031 9.888969 0.684000
v -1.555970 9.885587 0.684000
v -1.550000 9.884400 0.684000
v -1.544030 9.885587 0.684000
v -1.538969 9.888969 0.684000
v -1.535587 9.894030 0.684000
v -1.605000 9.865000 0.699000
v -1.495000 9.865000 0.699000
v -1.495000 9.865000 0.769000
v -1.605000 9.865000 0.769000
v -1.605000 9.935000 0.769000
v -1.495000 9.935000 0.769000
v -1.495000 9.935000 0.699000
v -1.605000 9.935000 0.699000
v -1.550000 9.924165 -0.716222
v -1.561481 9.922325 -0.717575
v -1.561481 9.815229 -0.572080
v -1.550000 9.817143 -0.570834
v -1.571213 9.917087 -0.721429
v -1.571213 9.809779 -0.575628
v -1.577716 9.909248 -0.727197
v -1.577716 9.801622 -0.580937
v -1.580000 9.900000 -0.734000
v -1.580000 9.792000 -0.587200
v -1.577716 9.890752 -0.740803
v -1.577716 9.782378 -0.593463
v -1.571213 9.882913 -0.746571
v -1.571213 9.774221 -0.598772
v -1.561481 9.877675 -0.750425
v -1.561481 9.768771 -0.602320
v -1.550000 9.875835 -0.751778
v -1.550000 9.766857 -0.603566
v -1.538519 9.877675 -0.750425
v -1.538519 9.768771 -0.602320
v -1.528787 9.882913 -0.746571
v -1.528787 9.774221 -0.598772
v -1.522284 9.890752 -0.740803
v -1.522284 9.782378 -0.593463
v -1.520000 9.900000 -0.734000
v -1.520000 9.792000 -0.587200
v -1.522284 9.909248 -0.727197
v -1.522284 9.801622 -0.580937
v -1.528787 9.917087 -0.721429
v -1.528787 9.809779 -0.575628
v -1.538519 9.922325 -0.717575
v -1.538519 9.815229 -0.572080
v -1.561481 9.732910 -0.428248
v -1.550000 9.734963 -0.427247
v -1.571213 9.727066 -0.431099
v -1.577716 9.718318 -0.435366
v -1.580000 9.708000 -0.440400
v -1.577716 9.697682 -0.445434
v -1.571213 9.688934 -0.449701
v -1.561481 9.683090 -0.452552
v -1.550000 9.681037 -0.453553
v -1.538519 9.683090 -0.452552
v -1.528787 9.688934 -0.449701
v -1.522284 9.697682 -0.445434
v -1.520000 9.708000 -0.440400
v -1.522284 9.718318 -0.435366
v -1.528787 9.727066 -0.431099
v -1.538519 9.732910 -0.428248
v -1.561481 9.674359 -0.285033
v -1.550000 9.676531 -0.284327
v -1.571213 9.668174 -0.287043
v -1.577716 9.658918 -0.290051
v -1.580000 9.648000 -0.293600
v -1.577716 9.637082 -0.297149
v -1.571213 9.627826 -0.300157
v -1.561481 9.621641 -0.302167
v -1.550000 9.619469 -0.302873
v -1.538519 9.621641 -0.302167
v -1.528787 9.627826 -0.300157
v -1.522284 9.637082 -0.297149
v -1.520000 9.648000 -0.293600
v -1.522284 9.658918 -0.290051
v -1.528787 9.668174 -0.287043
v -1.538519 9.674359 -0.285033
v -1.561481 9.639358 -0.142356
v -1.550000 9.641612 -0.141990
v -1.571213 9.632939 -0.143399
v -1.577716 9.623332 -0.144959
v -1.580000 9.612000 -0.146800
v -1.577716 9.600668 -0.148641
v -1.571213 9.591061 -0.150201
v -1.561481 9.584642 -0.151244
v -1.550000 9.582388 -0.151610
v -1.538519 9.584642 -0.151244
v -1.528787 9.591061 -0.150201
v -1.522284 9.600668 -0.148641
v -1.520000 9.612000 -0.146800
v -1.522284 9.623332 -0.144959
v -1.528787 9.632939 -0.143399
v -1.538519 9.639358 -0.142356
v -1.561481 9.627716 0.000000
v -1.550000 9.630000 0.000000
v -1.571213 9.621213 0.000000
v -1.577716 9.611481 0.000000
v -1.580000 9.600000 0.000000
v -1.577716 9.588519 0.000000
v -1.571213 9.578787 0.000000
v -1.561481 9.572284 0.000000
v -1.550000 9.570000 0.000000
v -1.538519 9.572284 0.000000
v -1.528787 9.578787 0.000000
v -1.522284 9.588519 0.000000
v -1.520000 9.600000 0.000000
v -1.522284 9.611481 0.000000
v -1.528787 9.621213 0.000000
v -1.538519 9.627716 0.000000
v -1.561481 9.639358 0.142356
v -1.550000 9.641612 0.141990
v -1.571213 9.632939 0.143399
v -1.577716 9.623332 0.144959
v -1.580000 9.612000 0.146800
v -1.577716 9.600668 0.148641
v -1.571213 9.591061 0.150201
v -1.561481 9.584642 0.151244
v -1.550000 9.582388 0.151610
v -1.538519 9.584642 0.151244
v -1.528787 9.591061 0.150201
v -1.522284 9.600668 0.148641
v -1.520000 9.612000 0.146800
v -1.522284 9.623332 0.144959
v -1.528787 9.632939 0.143399
v -1.538519 9.639358 0.142356
v -1.561481 9.674359 0.285033
v -1.550000 9.676531 0.284327
v -1.571213 9.668174 0.287043
v -1.577716 9.658918 0.290051
v -1.580000 9.648000 0.293600
v -1.577716 9.637082 0.297149
v -1.571213 9.627826 0.300157
v -1.561481 9.621641 0.302167
v -1.550000 9.619469 0.302873
v -1.538519 9.621641 0.302167
v -1.528787 9.627826 0.300157
v -1.522284 9.637082 0.297149
v -1.520000 9.648000 0.293600
v -1.522284 9.658918 0.290051
v -1.528787 9.668174 0.287043
v -1.538519 9.674359 0.285033
v -1.561481 9.732910 0.428248
v -1.550000 9.734963 0.427247
v -1.571213 9.727066 0.431099
v -1.577716 9.718318 0.435366
v -1.580000 9.708000 0.440400
v -1.577716 9.697682 0.445434
v -1.571213 9.688934 0.449701
v -1.561481 9.683090 0.452552
v -1.550000 9.681037 0.453553
v -1.538519 9.683090 0.452552
v -1.528787 9.688934 0.449701
v -1.522284 9.697682 0.445434
v -1.520000 9.708000 0.440400
v -1.522284 9.718318 0.435366
v -1.528787 9.727066 0.431099
v -1.538519 9.732910 0.428248
v -1.561481 9.815229 0.572080
v -1.550000 9.817143 0.570834
v -1.571213 9.809779 0.575628
v -1.577716 9.801622 0.580937
v -1.580000 9.792000 0.587200
v -1.577716 9.782378 0.593463
v -1.571213 9.774221 0.598772
v -1.561481 9.768771 0.602320
v -1.550000 9.766857 0.603566
v -1.538519 9.768771 0.602320
v -1.528787 9.774221 0.598772
v -1.522284 9.782378 0.593463
v -1.520000 9.792000 0.587200
v -1.522284 9.801622 0.580937
v -1.528787 9.809779 0.575628
v -1.538519 9.815229 0.572080
v -1.561481 9.922325 0.717575
v -1.550000 9.924165 0.716222
v -1.571213 9.917087 0.721429
v -1.577716 9.909248 0.727197
v -1.580000 9.900000 0.734000
v -1.577716 9.890752 0.740803
v -1.571213 9.882913 0.746571
v -1.561481 9.877675 0.750425
v -1.550000 9.875835 0.751778
v -1.538519 9.877675 0.750425
v -1.528787 9.882913 0.746571
v -1.522284 9.890752 0.740803
v -1.520000 9.900000 0.734000
v -1.522284 9.909248 0.727197
v -1.528787 9.917087 0.721429
v -1.538519 9.922325 0.717575
v 1.529200 9.879200 -0.119000
v 1.570800 9.879200 -0.119000
v 1.570800 9.879200 0.119000
v 1.529200 9.879200 0.119000
v 1.529200 9.920800 -0.119000
v 1.529200 9.920800 0.119000
v 1.570800 9.920800 0.119000
v 1.570800 9.920800 -0.119000
v 1.475000 9.870000 -0.075000
v 1.625000 9.870000 -0.075000
v 1.625000 9.870000 0.075000
v 1.475000 9.870000 0.075000
v 1.475000 9.910000 0.075000
v 1.625000 9.910000 0.075000
v 1.625000 9.910000 -0.075000
v 1.475000 9.910000 -0.075000
v 1.602000 9.900000 -0.031920
v 1.598042 9.919900 -0.031920
v 1.579786 9.912338 -0.006080
v 1.582240 9.900000 -0.006080
v 1.586770 9.936770 -0.031920
v 1.572797 9.922797 -0.006080
v 1.569900 9.948042 -0.031920
v 1.562338 9.929786 -0.006080
v 1.550000 9.952000 -0.031920
v 1.550000 9.932240 -0.006080
v 1.530100 9.948042 -0.031920
v 1.537662 9.929786 -0.006080
v 1.513230 9.936770 -0.031920
v 1.527203 9.922797 -0.006080
v 1.501958 9.919900 -0.031920
v 1.520214 9.912338 -0.006080
v 1.498000 9.900000 -0.031920
v 1.517760 9.900000 -0.006080
v 1.501958 9.880100 -0.031920
v 1.520214 9.887662 -0.006080
v 1.513230 9.863230 -0.031920
v 1.527203 9.877203 -0.006080
v 1.530100 9.851958 -0.031920
v 1.537662 9.870214 -0.006080
v 1.550000 9.848000 -0.031920
v 1.550000 9.867760 -0.006080
v 1.569900 9.851958 -0.031920
v 1.562338 9.870214 -0.006080
v 1.586770 9.863230 -0.031920
v 1.572797 9.877203 -0.006080
v 1.598042 9.880100 -0.031920
v 1.579786 9.887662 -0.006080
v 1.565600 9.900000 -0.038000
v 1.564413 9.905970 -0.038000
v 1.564413 9.905970 0.000000
v 1.565600 9.900000 0.000000
v 1.561031 9.911031 -0.038000
v 1.561031 9.911031 0.000000
v 1.555970 9.914413 -0.038000
v 1.555970 9.914413 0.000000
v 1.550000 9.915600 -0.038000
v 1.550000 9.915600 0.000000
v 1.544030 9.914413 -0.038000
v 1.544030 9.914413 0.000000
v 1.538969 9.911031 -0.038000
v 1.538969 9.911031 0.000000
v 1.535587 9.905970 -0.038000
v 1.535587 9.905970 0.000000
v 1.534400 9.900000 -0.038000
v 1.534400 9.900000 0.000000
v 1.535587 9.894030 -0.038000
v 1.535587 9.894030 0.000000
v 1.538969 9.888969 -0.038000
v 1.538969 9.888969 0.000000
v 1.544030 9.885587 -0.038000
v 1.544030 9.885587 0.000000
v 1.550000 9.884400 -0.038000
v 1.550000 9.884400 0.000000
v 1.555970 9.885587 -0.038000
v 1.555970 9.885587 0.000000
v 1.561031 9.888969 -0.038000
v 1.561031 9.888969 0.000000
v 1.564413 9.894030 -0.038000
v 1.564413 9.894030 0.000000
v 1.602000 9.900000 -0.069920
v 1.598042 9.919900 -0.069920
v 1.579786 9.912338 -0.044080
v 1.582240 9.900000 -0.044080
v 1.586770 9.936770 -0.069920
v 1.572797 9.922797 -0.044080
v 1.569900 9.948042 -0.069920
v 1.562338 9.929786 -0.044080
v 1.550000 9.952000 -0.069920
v 1.550000 9.932240 -0.044080
v 1.530100 9.948042 -0.069920
v 1.537662 9.929786 -0.044080
v 1.513230 9.936770 -0.069920
v 1.527203 9.922797 -0.044080
v 1.501958 9.919900 -0.069920
v 1.520214 9.912338 -0.044080
v 1.498000 9.900000 -0.069920
v 1.517760 9.900000 -0.044080
v 1.501958 9.880100 -0.069920
v 1.520214 9.887662 -0.044080
v 1.513230 9.863230 -0.069920
v 1.527203 9.877203 -0.044080
v 1.530100 9.851958 -0.069920
v 1.537662 9.870214 -0.044080
v 1.550000 9.848000 -0.069920
v 1.550000 9.867760 -0.044080
v 1.569900 9.851958 -0.069920
v 1.562338 9.870214 -0.044080
v 1.586770 9.863230 -0.069920
v 1.572797 9.877203 -0.044080
v 1.598042 9.880100 -0.069920
v 1.579786 9.887662 -0.044080
v 1.565600 9.900000 -0.076000
v 1.564413 9.905970 -0.076000
v 1.561031 9.911031 -0.076000
v 1.555970 9.914413 -0.076000
v 1.550000 9.915600 -0.076000
v 1.544030 9.914413 -0.076000
v 1.538969 9.911031 -0.076000
v 1.535587 9.905970 -0.076000
v 1.534400 9.900000 -0.076000
v 1.535587 9.894030 -0.076000
v 1.538969 9.888969 -0.076000
v 1.544030 9.885587 -0.076000
v 1.550000 9.884400 -0.076000
v 1.555970 9.885587 -0.076000
v 1.561031 9.888969 -0.076000
v 1.564413 9.894030 -0.076000
v 1.602000 9.900000 -0.107920
v 1.598042 9.919900 -0.107920
v 1.579786 9.912338 -0.082080
v 1.582240 9.900000 -0.082080
v 1.586770 9.936770 -0.107920
v 1.572797 9.922797 -0.082080
v 1.569900 9.948042 -0.107920
v 1.562338 9.929786 -0.082080
v 1.550000 9.952000 -0.107920
v 1.550000 9.932240 -0.082080
v 1.530100 9.948042 -0.107920
v 1.537662 9.929786 -0.082080
v 1.513230 9.936770 -0.107920
v 1.527203 9.922797 -0.082080
v 1.501958 9.919900 -0.107920
v 1.520214 9.912338 -0.082080
v 1.498000 9.900000 -0.107920
v 1.517760 9.900000 -0.082080
v 1.501958 9.880100 -0.107920
v 1.520214 9.887662 -0.082080
v 1.513230 9.863230 -0.107920
v 1.527203 9.877203 -0.082080
v 1.530100 9.851958 -0.107920
v 1.537662 9.870214 -0.082080
v 1.550000 9.848000 -0.107920
v 1.550000 9.867760 -0.082080
v 1.569900 9.851958 -0.107920
v 1.562338 9.870214 -0.082080
v 1.586770 9.863230 -0.107920
v 1.572797 9.877203 -0.082080
v 1.598042 9.880100 -0.107920
v 1.579786 9.887662 -0.082080
v 1.565600 9.900000 -0.114000
v 1.564413 9.905970 -0.114000
v 1.561031 9.911031 -0.114000
v 1.555970 9.914413 -0.114000
v 1.550000 9.915600 -0.114000
v 1.544030 9.914413 -0.114000
v 1.538969 9.911031 -0.114000
v 1.535587 9.905970 -0.114000
v 1.534400 9.900000 -0.114000
v 1.535587 9.894030 -0.114000
v 1.538969 9.888969 -0.114000
v 1.544030 9.885587 -0.114000
v 1.550000 9.884400 -0.114000
v 1.555970 9.885587 -0.114000
v 1.561031 9.888969 -0.114000
v 1.564413 9.894030 -0.114000
v 1.602000 9.900000 -0.145920
v 1.598042 9.919900 -0.145920
v 1.579786 9.912338 -0.120080
v 1.582240 9.900000 -0.120080
v 1.586770 9.936770 -0.145920
v 1.572797 9.922797 -0.120080
v 1.569900 9.948042 -0.145920
v 1.562338 9.929786 -0.120080
v 1.550000 9.952000 -0.145920
v 1.550000 9.932240 -0.120080
v 1.530100 9.948042 -0.145920
v 1.537662 9.929786 -0.120080
v 1.513230 9.936770 -0.145920
v 1.527203 9.922797 -0.120080
v 1.501958 9.919900 -0.145920
v 1.520214 9.912338 -0.120080
v 1.498000 9.900000 -0.145920
v 1.517760 9.900000 -0.120080
v 1.501958 9.880100 -0.145920
v 1.520214 9.887662 -0.120080
v 1.513230 9.863230 -0.145920
v 1.527203 9.877203 -0.120080
v 1.530100 9.851958 -0.145920
v 1.537662 9.870214 -0.120080
v 1.550000 9.848000 -0.145920
v 1.550000 9.867760 -0.120080
v 1.569900 9.851958 -0.145920
v 1.562338 9.870214 -0.120080
v 1.586770 9.863230 -0.145920
v 1.572797 9.877203 -0.120080
v 1.598042 9.880100 -0.145920
v 1.579786 9.887662 -0.120080
v 1.565600 9.900000 -0.152000
v 1.564413 9.905970 -0.152000
v 1.561031 9.911031 -0.152000
v 1.555970 9.914413 -0.152000
v 1.550000 9.915600 -0.152000
v 1.544030 9.914413 -0.152000
v 1.538969 9.911031 -0.152000
v 1.535587 9.905970 -0.152000
v 1.534400 9.900000 -0.152000
v 1.535587 9.894030 -0.152000
v 1.538969 9.888969 -0.152000
v 1.544030 9.885587 -0.152000
v 1.550000 9.884400 -0.152000
v 1.555970 9.885587 -0.152000
v 1.561031 9.888969 -0.152000
v 1.564413 9.894030 -0.152000
v 1.602000 9.900000 -0.183920
v 1.598042 9.919900 -0.183920
v 1.579786 9.912338 -0.158080
v 1.582240 9.900000 -0.158080
v 1.586770 9.936770 -0.183920
v 1.572797 9.922797 -0.158080
v 1.569900 9.948042 -0.183920
v 1.562338 9.929786 -0.158080
v 1.550000 9.952000 -0.183920
v 1.550000 9.932240 -0.158080
v 1.530100 9.948042 -0.183920
v 1.537662 9.929786 -0.158080
v 1.513230 9.936770 -0.183920
v 1.527203 9.922797 -0.158080
v 1.501958 9.919900 -0.183920
v 1.520214 9.912338 -0.158080
v 1.498000 9.900000 -0.183920
v 1.517760 9.900000 -0.158080
v 1.501958 9.880100 -0.183920
v 1.520214 9.887662 -0.158080
v 1.513230 9.863230 -0.183920
v 1.527203 9.877203 -0.158080
v 1.530100 9.851958 -0.183920
v 1.537662 9.870214 -0.158080
v 1.550000 9.848000 -0.183920
v 1.550000 9.867760 -0.158080
v 1.569900 9.851958 -0.183920
v 1.562338 9.870214 -0.158080
v 1.586770 9.863230 -0.183920
v 1.572797 9.877203 -0.158080
v 1.598042 9.880100 -0.183920
v 1.579786 9.887662 -0.158080
v 1.565600 9.900000 -0.190000
v 1.564413 9.905970 -0.190000
v 1.561031 9.911031 -0.190000
v 1.555970 9.914413 -0.190000
v 1.550000 9.915600 -0.190000
v 1.544030 9.914413 -0.190000
v 1.538969 9.911031 -0.190000
v 1.535587 9.905970 -0.190000
v 1.534400 9.900000 -0.190000
v 1.535587 9.894030 -0.190000
v 1.538969 9.888969 -0.190000
v 1.544030 9.885587 -0.190000
v 1.550000 9.884400 -0.190000
v 1.555970 9.885587 -0.190000
v 1.561031 9.888969 -0.190000
v 1.564413 9.894030 -0.190000
v 1.602000 9.900000 -0.221920
v 1.598042 9.919900 -0.221920
v 1.579786 9.912338 -0.196080
v 1.582240 9.900000 -0.196080
v 1.586770 9.936770 -0.221920
v 1.572797 9.922797 -0.196080
v 1.569900 9.948042 -0.221920
v 1.562338 9.929786 -0.196080
v 1.550000 9.952000 -0.221920
v 1.550000 9.932240 -0.196080
v 1.530100 9.948042 -0.221920
v 1.537662 9.929786 -0.196080
v 1.513230 9.936770 -0.221920
v 1.527203 9.922797 -0.196080
v 1.501958 9.919900 -0.221920
v 1.520214 9.912338 -0.196080
v 1.498000 9.900000 -0.221920
v 1.517760 9.900000 -0.196080
v 1.501958 9.880100 -0.221920
v 1.520214 9.887662 -0.196080
v 1.513230 9.863230 -0.221920
v 1.527203 9.877203 -0.196080
v 1.530100 9.851958 -0.221920
v 1.537662 9.870214 -0.196080
v 1.550000 9.848000 -0.221920
v 1.550000 9.867760 -0.196080
v 1.569900 9.851958 -0.221920
v 1.562338 9.870214 -0.196080
v 1.586770 9.863230 -0.221920
v 1.572797 9.877203 -0.196080
v 1.598042 9.880100 -0.221920
v 1.579786 9.887662 -0.196080
v 1.565600 9.900000 -0.228000
v 1.564413 9.905970 -0.228000
v 1.561031 9.911031 -0.228000
v 1.555970 9.914413 -0.228000
v 1.550000 9.915600 -0.228000
v 1.544030 9.914413 -0.228000
v 1.538969 9.911031 -0.228000
v 1.535587 9.905970 -0.228000
v 1.534400 9.900000 -0.228000
v 1.535587 9.894030 -0.228000
v 1.538969 9.888969 -0.228000
v 1.544030 9.885587 -0.228000
v 1.550000 9.884400 -0.228000
v 1.555970 9.885587 -0.228000
v 1.561031 9.888969 -0.228000
v 1.564413 9.894030 -0.228000
v 1.602000 9.900000 -0.259920
v 1.598042 9.919900 -0.259920
v 1.579786 9.912338 -0.234080
v 1.582240 9.900000 -0.234080
v 1.586770 9.936770 -0.259920
v 1.572797 9.922797 -0.234080
v 1.569900 9.948042 -0.259920
v 1.562338 9.929786 -0.234080
v 1.550000 9.952000 -0.259920
v 1.550000 9.932240 -0.234080
v 1.530100 9.948042 -0.259920
v 1.537662 9.929786 -0.234080
v 1.513230 9.936770 -0.259920
v 1.527203 9.922797 -0.234080
v 1.501958 9.919900 -0.259920
v 1.520214 9.912338 -0.234080
v 1.498000 9.900000 -0.259920
v 1.517760 9.900000 -0.234080
v 1.501958 9.880100 -0.259920
v 1.520214 9.887662 -0.234080
v 1.513230 9.863230 -0.259920
v 1.527203 9.877203 -0.234080
v 1.530100 9.851958 -0.259920
v 1.537662 9.870214 -0.234080
v 1.550000 9.848000 -0.259920
v 1.550000 9.867760 -0.234080
v 1.569900 9.851958 -0.259920
v 1.562338 9.870214 -0.234080
v 1.586770 9.863230 -0.259920
v 1.572797 9.877203 -0.234080
v 1.598042 9.880100 -0.259920
v 1.579786 9.887662 -0.234080
v 1.565600 9.900000 -0.266000
v 1.564413 9.905970 -0.266000
v 1.561031 9.911031 -0.266000
v 1.555970 9.914413 -0.266000
v 1.550000 9.915600 -0.266000
v 1.544030 9.914413 -0.266000
v 1.538969 9.911031 -0.266000
v 1.535587 9.905970 -0.266000
v 1.534400 9.900000 -0.266000
v 1.535587 9.894030 -0.266000
v 1.538969 9.888969 -0.266000
v 1.544030 9.885587 -0.266000
v 1.550000 9.884400 -0.266000
v 1.555970 9.885587 -0.266000
v 1.561031 9.888969 -0.266000
v 1.564413 9.894030 -0.266000
v 1.602000 9.900000 -0.297920
v 1.598042 9.919900 -0.297920
v 1.579786 9.912338 -0.272080
v 1.582240 9.900000 -0.272080
v 1.586770 9.936770 -0.297920
v 1.572797 9.922797 -0.272080
v 1.569900 9.948042 -0.297920
v 1.562338 9.929786 -0.272080
v 1.550000 9.952000 -0.297920
v 1.550000 9.932240 -0.272080
v 1.530100 9.948042 -0.297920
v 1.537662 9.929786 -0.272080
v 1.513230 9.936770 -0.297920
v 1.527203 9.922797 -0.272080
v 1.501958 9.919900 -0.297920
v 1.520214 9.912338 -0.272080
v 1.498000 9.900000 -0.297920
v 1.517760 9.900000 -0.272080
v 1.501958 9.880100 -0.297920
v 1.520214 9.887662 -0.272080
v 1.513230 9.863230 -0.297920
v 1.527203 9.877203 -0.272080
v 1.530100 9.851958 -0.297920
v 1.537662 9.870214 -0.272080
v 1.550000 9.848000 -0.297920
v 1.550000 9.867760 -0.272080
v 1.569900 9.851958 -0.297920
v 1.562338 9.870214 -0.272080
v 1.586770 9.863230 -0.297920
v 1.572797 9.877203 -0.272080
v 1.598042 9.880100 -0.297920
v 1.579786 9.887662 -0.272080
v 1.565600 9.900000 -0.304000
v 1.564413 9.905970 -0.304000
v 1.561031 9.911031 -0.304000
v 1.555970 9.914413 -0.304000
v 1.550000 9.915600 -0.304000
v 1.544030 9.914413 -0.304000
v 1.538969 9.911031 -0.304000
v 1.535587 9.905970 -0.304000
v 1.534400 9.900000 -0.304000
v 1.535587 9.894030 -0.304000
v 1.538969 9.888969 -0.304000
v 1.544030 9.885587 -0.304000
v 1.550000 9.884400 -0.304000
v 1.555970 9.885587 -0.304000
v 1.561031 9.888969 -0.304000
v 1.564413 9.894030 -0.304000
v 1.602000 9.900000 -0.335920
v 1.598042 9.919900 -0.335920
v 1.579786 9.912338 -0.310080
v 1.582240 9.900000 -0.310080
v 1.586770 9.936770 -0.335920
v 1.572797 9.922797 -0.310080
v 1.569900 9.948042 -0.335920
v 1.562338 9.929786 -0.310080
v 1.550000 9.952000 -0.335920
v 1.550000 9.932240 -0.310080
v 1.530100 9.948042 -0.335920
v 1.537662 9.929786 -0.310080
v 1.513230 9.936770 -0.335920
v 1.527203 9.922797 -0.310080
v 1.501958 9.919900 -0.335920
v 1.520214 9.912338 -0.310080
v 1.498000 9.900000 -0.335920
v 1.517760 9.900000 -0.310080
v 1.501958 9.880100 -0.335920
v 1.520214 9.887662 -0.310080
v 1.513230 9.863230 -0.335920
v 1.527203 9.877203 -0.310080
v 1.530100 9.851958 -0.335920
v 1.537662 9.870214 -0.310080
v 1.550000 9.848000 -0.335920
v 1.550000 9.867760 -0.310080
v 1.569900 9.851958 -0.335920
v 1.562338 9.870214 -0.310080
v 1.586770 9.863230 -0.335920
v 1.572797 9.877203 -0.310080
v 1.598042 9.880100 -0.335920
v 1.579786 9.887662 -0.310080
v 1.565600 9.900000 -0.342000
v 1.564413 9.905970 -0.342000
v 1.561031 9.911031 -0.342000
v 1.555970 9.914413 -0.342000
v 1.550000 9.915600 -0.342000
v 1.544030 9.914413 -0.342000
v 1.538969 9.911031 -0.342000
v 1.535587 9.905970 -0.342000
v 1.534400 9.900000 -0.342000
v 1.535587 9.894030 -0.342000
v 1.538969 9.888969 -0.342000
v 1.544030 9.885587 -0.342000
v 1.550000 9.884400 -0.342000
v 1.555970 9.885587 -0.342000
v 1.561031 9.888969 -0.342000
v 1.564413 9.894030 -0.342000
v 1.602000 9.900000 -0.373920
v 1.598042 9.919900 -0.373920
v 1.579786 9.912338 -0.348080
v 1.582240 9.900000 -0.348080
v 1.586770 9.936770 -0.373920
v 1.572797 9.922797 -0.348080
v 1.569900 9.948042 -0.373920
v 1.562338 9.929786 -0.348080
v 1.550000 9.952000 -0.373920
v 1.550000 9.932240 -0.348080
v 1.530100 9.948042 -0.373920
v 1.537662 9.929786 -0.348080
v 1.513230 9.936770 -0.373920
v 1.527203 9.922797 -0.348080
v 1.501958 9.919900 -0.373920
v 1.520214 9.912338 -0.348080
v 1.498000 9.900000 -0.373920
v 1.517760 9.900000 -0.348080
v 1.501958 9.880100 -0.373920
v 1.520214 9.887662 -0.348080
v 1.513230 9.863230 -0.373920
v 1.527203 9.877203 -0.348080
v 1.530100 9.851958 -0.373920
v 1.537662 9.870214 -0.348080
v 1.550000 9.848000 -0.373920
v 1.550000 9.867760 -0.348080
v 1.569900 9.851958 -0.373920
v 1.562338 9.870214 -0.348080
v 1.586770 9.863230 -0.373920
v 1.572797 9.877203 -0.348080
v 1.598042 9.880100 -0.373920
v 1.579786 9.887662 -0.348080
v 1.565600 9.900000 -0.380000
v 1.564413 9.905970 -0.380000
v 1.561031 9.911031 -0.380000
v 1.555970 9.914413 -0.380000
v 1.550000 9.915600 -0.380000
v 1.544030 9.914413 -0.380000
v 1.538969 9.911031 -0.380000
v 1.535587 9.905970 -0.380000
v 1.534400 9.900000 -0.380000
v 1.535587 9.894030 -0.380000
v 1.538969 9.888969 -0.380000
v 1.544030 9.885587 -0.380000
v 1.550000 9.884400 -0.380000
v 1.555970 9.885587 -0.380000
v 1.561031 9.888969 -0.380000
v 1.564413 9.894030 -0.380000
v 1.602000 9.900000 -0.411920
v 1.598042 9.919900 -0.411920
v 1.579786 9.912338 -0.386080
v 1.582240 9.900000 -0.386080
v 1.586770 9.936770 -0.411920
v 1.572797 9.922797 -0.386080
v 1.569900 9.948042 -0.411920
v 1.562338 9.929786 -0.386080
v 1.550000 9.952000 -0.411920
v 1.550000 9.932240 -0.386080
v 1.530100 9.948042 -0.411920
v 1.537662 9.929786 -0.386080
v 1.513230 9.936770 -0.411920
v 1.527203 9.922797 -0.386080
v 1.501958 9.919900 -0.411920
v 1.520214 9.912338 -0.386080
v 1.498000 9.900000 -0.411920
v 1.517760 9.900000 -0.386080
v 1.501958 9.880100 -0.411920
v 1.520214 9.887662 -0.386080
v 1.513230 9.863230 -0.411920
v 1.527203 9.877203 -0.386080
v 1.530100 9.851958 -0.411920
v 1.537662 9.870214 -0.386080
v 1.550000 9.848000 -0.411920
v 1.550000 9.867760 -0.386080
v 1.569900 9.851958 -0.411920
v 1.562338 9.870214 -0.386080
v 1.586770 9.863230 -0.411920
v 1.572797 9.877203 -0.386080
v 1.598042 9.880100 -0.411920
v 1.579786 9.887662 -0.386080
v 1.565600 9.900000 -0.418000
v 1.564413 9.905970 -0.418000
v 1.561031 9.911031 -0.418000
v 1.555970 9.914413 -0.418000
v 1.550000 9.915600 -0.418000
v 1.544030 9.914413 -0.418000
v 1.538969 9.911031 -0.418000
v 1.535587 9.905970 -0.418000
v 1.534400 9.900000 -0.418000
v 1.535587 9.894030 -0.418000
v 1.538969 9.888969 -0.418000
v 1.544030 9.885587 -0.418000
v 1.550000 9.884400 -0.418000
v 1.555970 9.885587 -0.418000
v 1.561031 9.888969 -0.418000
v 1.564413 9.894030 -0.418000
v 1.602000 9.900000 -0.449920
v 1.598042 9.919900 -0.449920
v 1.579786 9.912338 -0.424080
v 1.582240 9.900000 -0.424080
v 1.586770 9.936770 -0.449920
v 1.572797 9.922797 -0.424080
v 1.569900 9.948042 -0.449920
v 1.562338 9.929786 -0.424080
v 1.550000 9.952000 -0.449920
v 1.550000 9.932240 -0.424080
v 1.530100 9.948042 -0.449920
v 1.537662 9.929786 -0.424080
v 1.513230 9.936770 -0.449920
v 1.527203 9.922797 -0.424080
v 1.501958 9.919900 -0.449920
v 1.520214 9.912338 -0.424080
v 1.498000 9.900000 -0.449920
v 1.517760 9.900000 -0.424080
v 1.501958 9.880100 -0.449920
v 1.520214 9.887662 -0.424080
v 1.513230 9.863230 -0.449920
v 1.527203 9.877203 -0.424080
v 1.530100 9.851958 -0.449920
v 1.537662 9.870214 -0.424080
v 1.550000 9.848000 -0.449920
v 1.550000 9.867760 -0.424080
v 1.569900 9.851958 -0.449920
v 1.562338 9.870214 -0.424080
v 1.586770 9.863230 -0.449920
v 1.572797 9.877203 -0.424080
v 1.598042 9.880100 -0.449920
v 1.579786 9.887662 -0.424080
v 1.565600 9.900000 -0.456000
v 1.564413 9.905970 -0.456000
v 1.561031 9.911031 -0.456000
v 1.555970 9.914413 -0.456000
v 1.550000 9.915600 -0.456000
v 1.544030 9.914413 -0.456000
v 1.538969 9.911031 -0.456000
v 1.535587 9.905970 -0.456000
v 1.534400 9.900000 -0.456000
v 1.535587 9.894030 -0.456000
v 1.538969 9.888969 -0.456000
v 1.544030 9.885587 -0.456000
v 1.550000 9.884400 -0.456000
v 1.555970 9.885587 -0.456000
v 1.561031 9.888969 -0.456000
v 1.564413 9.894030 -0.456000
v 1.602000 9.900000 -0.487920
v 1.598042 9.919900 -0.487920
v 1.579786 9.912338 -0.462080
v 1.582240 9.900000 -0.462080
v 1.586770 9.936770 -0.487920
v 1.572797 9.922797 -0.462080
v 1.569900 9.948042 -0.487920
v 1.562338 9.929786 -0.462080
v 1.550000 9.952000 -0.487920
v 1.550000 9.932240 -0.462080
v 1.530100 9.948042 -0.487920
v 1.537662 9.929786 -0.462080
v 1.513230 9.936770 -0.487920
v 1.527203 9.922797 -0.462080
v 1.501958 9.919900 -0.487920
v 1.520214 9.912338 -0.462080
v 1.498000 9.900000 -0.487920
v 1.517760 9.900000 -0.462080
v 1.501958 9.880100 -0.487920
v 1.520214 9.887662 -0.462080
v 1.513230 9.863230 -0.487920
v 1.527203 9.877203 -0.462080
v 1.530100 9.851958 -0.487920
v 1.537662 9.870214 -0.462080
v 1.550000 9.848000 -0.487920
v 1.550000 9.867760 -0.462080
v 1.569900 9.851958 -0.487920
v 1.562338 9.870214 -0.462080
v 1.586770 9.863230 -0.487920
v 1.572797 9.877203 -0.462080
v 1.598042 9.880100 -0.487920
v 1.579786 9.887662 -0.462080
v 1.565600 9.900000 -0.494000
v 1.564413 9.905970 -0.494000
v 1.561031 9.911031 -0.494000
v 1.555970 9.914413 -0.494000
v 1.550000 9.915600 -0.494000
v 1.544030 9.914413 -0.494000
v 1.538969 9.911031 -0.494000
v 1.535587 9.905970 -0.494000
v 1.534400 9.900000 -0.494000
v 1.535587 9.894030 -0.494000
v 1.538969 9.888969 -0.494000
v 1.544030 9.885587 -0.494000
v 1.550000 9.884400 -0.494000
v 1.555970 9.885587 -0.494000
v 1.561031 9.888969 -0.494000
v 1.564413 9.894030 -0.494000
v 1.602000 9.900000 -0.525920
v 1.598042 9.919900 -0.525920
v 1.579786 9.912338 -0.500080
v 1.582240 9.900000 -0.500080
v 1.586770 9.936770 -0.525920
v 1.572797 9.922797 -0.500080
v 1.569900 9.948042 -0.525920
v 1.562338 9.929786 -0.500080
v 1.550000 9.952000 -0.525920
v 1.550000 9.932240 -0.500080
v 1.530100 9.948042 -0.525920
v 1.537662 9.929786 -0.500080
v 1.513230 9.936770 -0.525920
v 1.527203 9.922797 -0.500080
v 1.501958 9.919900 -0.525920
v 1.520214 9.912338 -0.500080
v 1.498000 9.900000 -0.525920
v 1.517760 9.900000 -0.500080
v 1.501958 9.880100 -0.525920
v 1.520214 9.887662 -0.500080
v 1.513230 9.863230 -0.525920
v 1.527203 9.877203 -0.500080
v 1.530100 9.851958 -0.525920
v 1.537662 9.870214 -0.500080
v 1.550000 9.848000 -0.525920
v 1.550000 9.867760 -0.500080
v 1.569900 9.851958 -0.525920
v 1.562338 9.870214 -0.500080
v 1.586770 9.863230 -0.525920
v 1.572797 9.877203 -0.500080
v 1.598042 9.880100 -0.525920
v 1.579786 9.887662 -0.500080
v 1.565600 9.900000 -0.532000
v 1.564413 9.905970 -0.532000
v 1.561031 9.911031 -0.532000
v 1.555970 9.914413 -0.532000
v 1.550000 9.915600 -0.532000
v 1.544030 9.914413 -0.532000
v 1.538969 9.911031 -0.532000
v 1.535587 9.905970 -0.532000
v 1.534400 9.900000 -0.532000
v 1.535587 9.894030 -0.532000
v 1.538969 9.888969 -0.532000
v 1.544030 9.885587 -0.532000
v 1.550000 9.884400 -0.532000
v 1.555970 9.885587 -0.532000
v 1.561031 9.888969 -0.532000
v 1.564413 9.894030 -0.532000
v 1.602000 9.900000 -0.563920
v 1.598042 9.919900 -0.563920
v 1.579786 9.912338 -0.538080
v 1.582240 9.900000 -0.538080
v 1.586770 9.936770 -0.563920
v 1.572797 9.922797 -0.538080
v 1.569900 9.948042 -0.563920
v 1.562338 9.929786 -0.538080
v 1.550000 9.952000 -0.563920
v 1.550000 9.932240 -0.538080
v 1.530100 9.948042 -0.563920
v 1.537662 9.929786 -0.538080
v 1.513230 9.936770 -0.563920
v 1.527203 9.922797 -0.538080
v 1.501958 9.919900 -0.563920
v 1.520214 9.912338 -0.538080
v 1.498000 9.900000 -0.563920
v 1.517760 9.900000 -0.538080
v 1.501958 9.880100 -0.563920
v 1.520214 9.887662 -0.538080
v 1.513230 9.863230 -0.563920
v 1.527203 9.877203 -0.538080
v 1.530100 9.851958 -0.563920
v 1.537662 9.870214 -0.538080
v 1.550000 9.848000 -0.563920
v 1.550000 9.867760 -0.538080
v 1.569900 9.851958 -0.563920
v 1.562338 9.870214 -0.538080
v 1.586770 9.863230 -0.563920
v 1.572797 9.877203 -0.538080
v 1.598042 9.880100 -0.563920
v 1.579786 9.887662 -0.538080
v 1.565600 9.900000 -0.570000
v 1.564413 9.905970 -0.570000
v 1.561031 9.911031 -0.570000
v 1.555970 9.914413 -0.570000
v 1.550000 9.915600 -0.570000
v 1.544030 9.914413 -0.570000
v 1.538969 9.911031 -0.570000
v 1.535587 9.905970 -0.570000
v 1.534400 9.900000 -0.570000
v 1.535587 9.894030 -0.570000
v 1.538969 9.888969 -0.570000
v 1.544030 9.885587 -0.570000
v 1.550000 9.884400 -0.570000
v 1.555970 9.885587 -0.570000
v 1.561031 9.888969 -0.570000
v 1.564413 9.894030 -0.570000
v 1.602000 9.900000 -0.601920
v 1.598042 9.919900 -0.601920
v 1.579786 9.912338 -0.576080
v 1.582240 9.900000 -0.576080
v 1.586770 9.936770 -0.601920
v 1.572797 9.922797 -0.576080
v 1.569900 9.948042 -0.601920
v 1.562338 9.929786 -0.576080
v 1.550000 9.952000 -0.601920
v 1.550000 9.932240 -0.576080
v 1.530100 9.948042 -0.601920
v 1.537662 9.929786 -0.576080
v 1.513230 9.936770 -0.601920
v 1.527203 9.922797 -0.576080
v 1.501958 9.919900 -0.601920
v 1.520214 9.912338 -0.576080
v 1.498000 9.900000 -0.601920
v 1.517760 9.900000 -0.576080
v 1.501958 9.880100 -0.601920
v 1.520214 9.887662 -0.576080
v 1.513230 9.863230 -0.601920
v 1.527203 9.877203 -0.576080
v 1.530100 9.851958 -0.601920
v 1.537662 9.870214 -0.576080
v 1.550000 9.848000 -0.601920
v 1.550000 9.867760 -0.576080
v 1.569900 9.851958 -0.601920
v 1.562338 9.870214 -0.576080
v 1.586770 9.863230 -0.601920
v 1.572797 9.877203 -0.576080
v 1.598042 9.880100 -0.601920
v 1.579786 9.887662 -0.576080
v 1.565600 9.900000 -0.608000
v 1.564413 9.905970 -0.608000
v 1.561031 9.911031 -0.608000
v 1.555970 9.914413 -0.608000
v 1.550000 9.915600 -0.608000
v 1.544030 9.914413 -0.608000
v 1.538969 9.911031 -0.608000
v 1.535587 9.905970 -0.608000
v 1.534400 9.900000 -0.608000
v 1.535587 9.894030 -0.608000
v 1.538969 9.888969 -0.608000
v 1.544030 9.885587 -0.608000
v 1.550000 9.884400 -0.608000
v 1.555970 9.885587 -0.608000
v 1.561031 9.888969 -0.608000
v 1.564413 9.894030 -0.608000
v 1.602000 9.900000 -0.639920
v 1.598042 9.919900 -0.639920
v 1.579786 9.912338 -0.614080
v 1.582240 9.900000 -0.614080
v 1.586770 9.936770 -0.639920
v 1.572797 9.922797 -0.614080
v 1.569900 9.948042 -0.639920
v 1.562338 9.929786 -0.614080
v 1.550000 9.952000 -0.639920
v 1.550000 9.932240 -0.614080
v 1.530100 9.948042 -0.639920
v 1.537662 9.929786 -0.614080
v 1.513230 9.936770 -0.639920
v 1.527203 9.922797 -0.614080
v 1.501958 9.919900 -0.639920
v 1.520214 9.912338 -0.614080
v 1.498000 9.900000 -0.639920
v 1.517760 9.900000 -0.614080
v 1.501958 9.880100 -0.639920
v 1.520214 9.887662 -0.614080
v 1.513230 9.863230 -0.639920
v 1.527203 9.877203 -0.614080
v 1.530100 9.851958 -0.639920
v 1.537662 9.870214 -0.614080
v 1.550000 9.848000 -0.639920
v 1.550000 9.867760 -0.614080
v 1.569900 9.851958 -0.639920
v 1.562338 9.870214 -0.614080
v 1.586770 9.863230 -0.639920
v 1.572797 9.877203 -0.614080
v 1.598042 9.880100 -0.639920
v 1.579786 9.887662 -0.614080
v 1.565600 9.900000 -0.646000
v 1.564413 9.905970 -0.646000
v 1.561031 9.911031 -0.646000
v 1.555970 9.914413 -0.646000
v 1.550000 9.915600 -0.646000
v 1.544030 9.914413 -0.646000
v 1.538969 9.911031 -0.646000
v 1.535587 9.905970 -0.646000
v 1.534400 9.900000 -0.646000
v 1.535587 9.894030 -0.646000
v 1.538969 9.888969 -0.646000
v 1.544030 9.885587 -0.646000
v 1.550000 9.884400 -0.646000
v 1.555970 9.885587 -0.646000
v 1.561031 9.888969 -0.646000
v 1.564413 9.894030 -0.646000
v 1.602000 9.900000 -0.677920
v 1.598042 9.919900 -0.677920
v 1.579786 9.912338 -0.652080
v 1.582240 9.900000 -0.652080
v 1.586770 9.936770 -0.677920
v 1.572797 9.922797 -0.652080
v 1.569900 9.948042 -0.677920
v 1.562338 9.929786 -0.652080
v 1.550000 9.952000 -0.677920
v 1.550000 9.932240 -0.652080
v 1.530100 9.948042 -0.677920
v 1.537662 9.929786 -0.652080
v 1.513230 9.936770 -0.677920
v 1.527203 9.922797 -0.652080
v 1.501958 9.919900 -0.677920
v 1.520214 9.912338 -0.652080
v 1.498000 9.900000 -0.677920
v 1.517760 9.900000 -0.652080
v 1.501958 9.880100 -0.677920
v 1.520214 9.887662 -0.652080
v 1.513230 9.863230 -0.677920
v 1.527203 9.877203 -0.652080
v 1.530100 9.851958 -0.677920
v 1.537662 9.870214 -0.652080
v 1.550000 9.848000 -0.677920
v 1.550000 9.867760 -0.652080
v 1.569900 9.851958 -0.677920
v 1.562338 9.870214 -0.652080
v 1.586770 9.863230 -0.677920
v 1.572797 9.877203 -0.652080
v 1.598042 9.880100 -0.677920
v 1.579786 9.887662 -0.652080
v 1.565600 9.900000 -0.684000
v 1.564413 9.905970 -0.684000
v 1.561031 9.911031 -0.684000
v 1.555970 9.914413 -0.684000
v 1.550000 9.915600 -0.684000
v 1.544030 9.914413 -0.684000
v 1.538969 9.911031 -0.684000
v 1.535587 9.905970 -0.684000
v 1.534400 9.900000 -0.684000
v 1.535587 9.894030 -0.684000
v 1.538969 9.888969 -0.684000
v 1.544030 9.885587 -0.684000
v 1.550000 9.884400 -0.684000
v 1.555970 9.885587 -0.684000
v 1.561031 9.888969 -0.684000
v 1.564413 9.894030 -0.684000
v 1.495000 9.865000 -0.769000
v 1.605000 9.865000 -0.769000
v 1.605000 9.865000 -0.699000
v 1.495000 9.865000 -0.699000
v 1.495000 9.935000 -0.699000
v 1.605000 9.935000 -0.699000
v 1.605000 9.935000 -0.769000
v 1.495000 9.935000 -0.769000
v 1.602000 9.900000 0.006080
v 1.598042 9.919900 0.006080
v 1.579786 9.912338 0.031920
v 1.582240 9.900000 0.031920
v 1.586770 9.936770 0.006080
v 1.572797 9.922797 0.031920
v 1.569900 9.948042 0.006080
v 1.562338 9.929786 0.031920
v 1.550000 9.952000 0.006080
v 1.550000 9.932240 0.031920
v 1.530100 9.948042 0.006080
v 1.537662 9.929786 0.031920
v 1.513230 9.936770 0.006080
v 1.527203 9.922797 0.031920
v 1.501958 9.919900 0.006080
v 1.520214 9.912338 0.031920
v 1.498000 9.900000 0.006080
v 1.517760 9.900000 0.031920
v 1.501958 9.880100 0.006080
v 1.520214 9.887662 0.031920
v 1.513230 9.863230 0.006080
v 1.527203 9.877203 0.031920
v 1.530100 9.851958 0.006080
v 1.537662 9.870214 0.031920
v 1.550000 9.848000 0.006080
v 1.550000 9.867760 0.031920
v 1.569900 9.851958 0.006080
v 1.562338 9.870214 0.031920
v 1.586770 9.863230 0.006080
v 1.572797 9.877203 0.031920
v 1.598042 9.880100 0.006080
v 1.579786 9.887662 0.031920
v 1.564413 9.905970 0.038000
v 1.565600 9.900000 0.038000
v 1.561031 9.911031 0.038000
v 1.555970 9.914413 0.038000
v 1.550000 9.915600 0.038000
v 1.544030 9.914413 0.038000
v 1.538969 9.911031 0.038000
v 1.535587 9.905970 0.038000
v 1.534400 9.900000 0.038000
v 1.535587 9.894030 0.038000
v 1.538969 9.888969 0.038000
v 1.544030 9.885587 0.038000
v 1.550000 9.884400 0.038000
v 1.555970 9.885587 0.038000
v 1.561031 9.888969 0.038000
v 1.564413 9.894030 0.038000
v 1.602000 9.900000 0.044080
v 1.598042 9.919900 0.044080
v 1.579786 9.912338 0.069920
v 1.582240 9.900000 0.069920
v 1.586770 9.936770 0.044080
v 1.572797 9.922797 0.069920
v 1.569900 9.948042 0.044080
v 1.562338 9.929786 0.069920
v 1.550000 9.952000 0.044080
v 1.550000 9.932240 0.069920
v 1.530100 9.948042 0.044080
v 1.537662 9.929786 0.069920
v 1.513230 9.936770 0.044080
v 1.527203 9.922797 0.069920
v 1.501958 9.919900 0.044080
v 1.520214 9.912338 0.069920
v 1.498000 9.900000 0.044080
v 1.517760 9.900000 0.069920
v 1.501958 9.880100 0.044080
v 1.520214 9.887662 0.069920
v 1.513230 9.863230 0.044080
v 1.527203 9.877203 0.069920
v 1.530100 9.851958 0.044080
v 1.537662 9.870214 0.069920
v 1.550000 9.848000 0.044080
v 1.550000 9.867760 0.069920
v 1.569900 9.851958 0.044080
v 1.562338 9.870214 0.069920
v 1.586770 9.863230 0.044080
v 1.572797 9.877203 0.069920
v 1.598042 9.880100 0.044080
v 1.579786 9.887662 0.069920
v 1.564413 9.905970 0.076000
v 1.565600 9.900000 0.076000
v 1.561031 9.911031 0.076000
v 1.555970 9.914413 0.076000
v 1.550000 9.915600 0.076000
v 1.544030 9.914413 0.076000
v 1.538969 9.911031 0.076000
v 1.535587 9.905970 0.076000
v 1.534400 9.900000 0.076000
v 1.535587 9.894030 0.076000
v 1.538969 9.888969 0.076000
v 1.544030 9.885587 0.076000
v 1.550000 9.884400 0.076000
v 1.555970 9.885587 0.076000
v 1.561031 9.888969 0.076000
v 1.564413 9.894030 0.076000
v 1.602000 9.900000 0.082080
v 1.598042 9.919900 0.082080
v 1.579786 9.912338 0.107920
v 1.582240 9.900000 0.107920
v 1.586770 9.936770 0.082080
v 1.572797 9.922797 0.107920
v 1.569900 9.948042 0.082080
v 1.562338 9.929786 0.107920
v 1.550000 9.952000 0.082080
v 1.550000 9.932240 0.107920
v 1.530100 9.948042 0.082080
v 1.537662 9.929786 0.107920
v 1.513230 9.936770 0.082080
v 1.527203 9.922797 0.107920
v 1.501958 9.919900 0.082080
v 1.520214 9.912338 0.107920
v 1.498000 9.900000 0.082080
v 1.517760 9.900000 0.107920
v 1.501958 9.880100 0.082080
v 1.520214 9.887662 0.107920
v 1.513230 9.863230 0.082080
v 1.527203 9.877203 0.107920
v 1.530100 9.851958 0.082080
v 1.537662 9.870214 0.107920
v 1.550000 9.848000 0.082080
v 1.550000 9.867760 0.107920
v 1.569900 9.851958 0.082080
v 1.562338 9.870214 0.107920
v 1.586770 9.863230 0.082080
v 1.572797 9.877203 0.107920
v 1.598042 9.880100 0.082080
v 1.579786 9.887662 0.107920
v 1.564413 9.905970 0.114000
v 1.565600 9.900000 0.114000
v 1.561031 9.911031 0.114000
v 1.555970 9.914413 0.114000
v 1.550000 9.915600 0.114000
v 1.544030 9.914413 0.114000
v 1.538969 9.911031 0.114000
v 1.535587 9.905970 0.114000
v 1.534400 9.900000 0.114000
v 1.535587 9.894030 0.114000
v 1.538969 9.888969 0.114000
v 1.544030 9.885587 0.114000
v 1.550000 9.884400 0.114000
v 1.555970 9.885587 0.114000
v 1.561031 9.888969 0.114000
v 1.564413 9.894030 0.114000
v 1.602000 9.900000 0.120080
v 1.598042 9.919900 0.120080
v 1.579786 9.912338 0.145920
v 1.582240 9.900000 0.145920
v 1.586770 9.936770 0.120080
v 1.572797 9.922797 0.145920
v 1.569900 9.948042 0.120080
v 1.562338 9.929786 0.145920
v 1.550000 9.952000 0.120080
v 1.550000 9.932240 0.145920
v 1.530100 9.948042 0.120080
v 1.537662 9.929786 0.145920
v 1.513230 9.936770 0.120080
v 1.527203 9.922797 0.145920
v 1.501958 9.919900 0.120080
v 1.520214 9.912338 0.145920
v 1.498000 9.900000 0.120080
v 1.517760 9.900000 0.145920
v 1.501958 9.880100 0.120080
v 1.520214 9.887662 0.145920
v 1.513230 9.863230 0.120080
v 1.527203 9.877203 0.145920
v 1.530100 9.851958 0.120080
v 1.537662 9.870214 0.145920
v 1.550000 9.848000 0.120080
v 1.550000 9.867760 0.145920
v 1.569900 9.851958 0.120080
v 1.562338 9.870214 0.145920
v 1.586770 9.863230 0.120080
v 1.572797 9.877203 0.145920
v 1.598042 9.880100 0.120080
v 1.579786 9.887662 0.145920
v 1.564413 9.905970 0.152000
v 1.565600 9.900000 0.152000
v 1.561031 9.911031 0.152000
v 1.555970 9.914413 0.152000
v 1.550000 9.915600 0.152000
v 1.544030 9.914413 0.152000
v 1.538969 9.911031 0.152000
v 1.535587 9.905970 0.152000
v 1.534400 9.900000 0.152000
v 1.535587 9.894030 0.152000
v 1.538969 9.888969 0.152000
v 1.544030 9.885587 0.152000
v 1.550000 9.884400 0.152000
v 1.555970 9.885587 0.152000
v 1.561031 9.888969 0.152000
v 1.564413 9.894030 0.152000
v 1.602000 9.900000 0.158080
v 1.598042 9.919900 0.158080
v 1.579786 9.912338 0.183920
v 1.582240 9.900000 0.183920
v 1.586770 9.936770 0.158080
v 1.572797 9.922797 0.183920
v 1.569900 9.948042 0.158080
v 1.562338 9.929786 0.183920
v 1.550000 9.952000 0.158080
v 1.550000 9.932240 0.183920
v 1.530100 9.948042 0.158080
v 1.537662 9.929786 0.183920
v 1.513230 9.936770 0.158080
v 1.527203 9.922797 0.183920
v 1.501958 9.919900 0.158080
v 1.520214 9.912338 0.183920
v 1.498000 9.900000 0.158080
v 1.517760 9.900000 0.183920
v 1.501958 9.880100 0.158080
v 1.520214 9.887662 0.183920
v 1.513230 9.863230 0.158080
v 1.527203 9.877203 0.183920
v 1.530100 9.851958 0.158080
v 1.537662 9.870214 0.183920
v 1.550000 9.848000 0.158080
v 1.550000 9.867760 0.183920
v 1.569900 9.851958 0.158080
v 1.562338 9.870214 0.183920
v 1.586770 9.863230 0.158080
v 1.572797 9.877203 0.183920
v 1.598042 9.880100 0.158080
v 1.579786 9.887662 0.183920
v 1.564413 9.905970 0.190000
v 1.565600 9.900000 0.190000
v 1.561031 9.911031 0.190000
v 1.555970 9.914413 0.190000
v 1.550000 9.915600 0.190000
v 1.544030 9.914413 0.190000
v 1.538969 9.911031 0.190000
v 1.535587 9.905970 0.190000
v 1.534400 9.900000 0.190000
v 1.535587 9.894030 0.190000
v 1.538969 9.888969 0.190000
v 1.544030 9.885587 0.190000
v 1.550000 9.884400 0.190000
v 1.555970 9.885587 0.190000
v 1.561031 9.888969 0.190000
v 1.564413 9.894030 0.190000
v 1.602000 9.900000 0.196080
v 1.598042 9.919900 0.196080
v 1.579786 9.912338 0.221920
v 1.582240 9.900000 0.221920
v 1.586770 9.936770 0.196080
v 1.572797 9.922797 0.221920
v 1.569900 9.948042 0.196080
v 1.562338 9.929786 0.221920
v 1.550000 9.952000 0.196080
v 1.550000 9.932240 0.221920
v 1.530100 9.948042 0.196080
v 1.537662 9.929786 0.221920
v 1.513230 9.936770 0.196080
v 1.527203 9.922797 0.221920
v 1.501958 9.919900 0.196080
v 1.520214 9.912338 0.221920
v 1.498000 9.900000 0.196080
v 1.517760 9.900000 0.221920
v 1.501958 9.880100 0.196080
v 1.520214 9.887662 0.221920
v 1.513230 9.863230 0.196080
v 1.527203 9.877203 0.221920
v 1.530100 9.851958 0.196080
v 1.537662 9.870214 0.221920
v 1.550000 9.848000 0.196080
v 1.550000 9.867760 0.221920
v 1.569900 9.851958 0.196080
v 1.562338 9.870214 0.221920
v 1.586770 9.863230 0.196080
v 1.572797 9.877203 0.221920
v 1.598042 9.880100 0.196080
v 1.579786 9.887662 0.221920
v 1.564413 9.905970 0.228000
v 1.565600 9.900000 0.228000
v 1.561031 9.911031 0.228000
v 1.555970 9.914413 0.228000
v 1.550000 9.915600 0.228000
v 1.544030 9.914413 0.228000
v 1.538969 9.911031 0.228000
v 1.535587 9.905970 0.228000
v 1.534400 9.900000 0.228000
v 1.535587 9.894030 0.228000
v 1.538969 9.888969 0.228000
v 1.544030 9.885587 0.228000
v 1.550000 9.884400 0.228000
v 1.555970 9.885587 0.228000
v 1.561031 9.888969 0.228000
v 1.564413 9.894030 0.228000
v 1.602000 9.900000 0.234080
v 1.598042 9.919900 0.234080
v 1.579786 9.912338 0.259920
v 1.582240 9.900000 0.259920
v 1.586770 9.936770 0.234080
v 1.572797 9.922797 0.259920
v 1.569900 9.948042 0.234080
v 1.562338 9.929786 0.259920
v 1.550000 9.952000 0.234080
v 1.550000 9.932240 0.259920
v 1.530100 9.948042 0.234080
v 1.537662 9.929786 0.259920
v 1.513230 9.936770 0.234080
v 1.527203 9.922797 0.259920
v 1.501958 9.919900 0.234080
v 1.520214 9.912338 0.259920
v 1.498000 9.900000 0.234080
v 1.517760 9.900000 0.259920
v 1.501958 9.880100 0.234080
v 1.520214 9.887662 0.259920
v 1.513230 9.863230 0.234080
v 1.527203 9.877203 0.259920
v 1.530100 9.851958 0.234080
v 1.537662 9.870214 0.259920
v 1.550000 9.848000 0.234080
v 1.550000 9.867760 0.259920
v 1.569900 9.851958 0.234080
v 1.562338 9.870214 0.259920
v 1.586770 9.863230 0.234080
v 1.572797 9.877203 0.259920
v 1.598042 9.880100 0.234080
v 1.579786 9.887662 0.259920
v 1.564413 9.905970 0.266000
v 1.565600 9.900000 0.266000
v 1.561031 9.911031 0.266000
v 1.555970 9.914413 0.266000
v 1.550000 9.915600 0.266000
v 1.544030 9.914413 0.266000
v 1.538969 9.911031 0.266000
v 1.535587 9.905970 0.266000
v 1.534400 9.900000 0.266000
v 1.535587 9.894030 0.266000
v 1.538969 9.888969 0.266000
v 1.544030 9.885587 0.266000
v 1.550000 9.884400 0.266000
v 1.555970 9.885587 0.266000
v 1.561031 9.888969 0.266000
v 1.564413 9.894030 0.266000
v 1.602000 9.900000 0.272080
v 1.598042 9.919900 0.272080
v 1.579786 9.912338 0.297920
v 1.582240 9.900000 0.297920
v 1.586770 9.936770 0.272080
v 1.572797 9.922797 0.297920
v 1.569900 9.948042 0.272080
v 1.562338 9.929786 0.297920
v 1.550000 9.952000 0.272080
v 1.550000 9.932240 0.297920
v 1.530100 9.948042 0.272080
v 1.537662 9.929786 0.297920
v 1.513230 9.936770 0.272080
v 1.527203 9.922797 0.297920
v 1.501958 9.919900 0.272080
v 1.520214 9.912338 0.297920
v 1.498000 9.900000 0.272080
v 1.517760 9.900000 0.297920
v 1.501958 9.880100 0.272080
v 1.520214 9.887662 0.297920
v 1.513230 9.863230 0.272080
v 1.527203 9.877203 0.297920
v 1.530100 9.851958 0.272080
v 1.537662 9.870214 0.297920
v 1.550000 9.848000 0.272080
v 1.550000 9.867760 0.297920
v 1.569900 9.851958 0.272080
v 1.562338 9.870214 0.297920
v 1.586770 9.863230 0.272080
v 1.572797 9.877203 0.297920
v 1.598042 9.880100 0.272080
v 1.579786 9.887662 0.297920
v 1.564413 9.905970 0.304000
v 1.565600 9.900000 0.304000
v 1.561031 9.911031 0.304000
v 1.555970 9.914413 0.304000
v 1.550000 9.915600 0.304000
v 1.544030 9.914413 0.304000
v 1.538969 9.911031 0.304000
v 1.535587 9.905970 0.304000
v 1.534400 9.900000 0.304000
v 1.535587 9.894030 0.304000
v 1.538969 9.888969 0.304000
v 1.544030 9.885587 0.304000
v 1.550000 9.884400 0.304000
v 1.555970 9.885587 0.304000
v 1.561031 9.888969 0.304000
v 1.564413 9.894030 0.304000
v 1.602000 9.900000 0.310080
v 1.598042 9.919900 0.310080
v 1.579786 9.912338 0.335920
v 1.582240 9.900000 0.335920
v 1.586770 9.936770 0.310080
v 1.572797 9.922797 0.335920
v 1.569900 9.948042 0.310080
v 1.562338 9.929786 0.335920
v 1.550000 9.952000 0.310080
v 1.550000 9.932240 0.335920
v 1.530100 9.948042 0.310080
v 1.537662 9.929786 0.335920
v 1.513230 9.936770 0.310080
v 1.527203 9.922797 0.335920
v 1.501958 9.919900 0.310080
v 1.520214 9.912338 0.335920
v 1.498000 9.900000 0.310080
v 1.517760 9.900000 0.335920
v 1.501958 9.880100 0.310080
v 1.520214 9.887662 0.335920
v 1.513230 9.863230 0.310080
v 1.527203 9.877203 0.335920
v 1.530100 9.851958 0.310080
v 1.537662 9.870214 0.335920
v 1.550000 9.848000 0.310080
v 1.550000 9.867760 0.335920
v 1.569900 9.851958 0.310080
v 1.562338 9.870214 0.335920
v 1.586770 9.863230 0.310080
v 1.572797 9.877203 0.335920
v 1.598042 9.880100 0.310080
v 1.579786 9.887662 0.335920
v 1.564413 9.905970 0.342000
v 1.565600 9.900000 0.342000
v 1.561031 9.911031 0.342000
v 1.555970 9.914413 0.342000
v 1.550000 9.915600 0.342000
v 1.544030 9.914413 0.342000
v 1.538969 9.911031 0.342000
v 1.535587 9.905970 0.342000
v 1.534400 9.900000 0.342000
v 1.535587 9.894030 0.342000
v 1.538969 9.888969 0.342000
v 1.544030 9.885587 0.342000
v 1.550000 9.884400 0.342000
v 1.555970 9.885587 0.342000
v 1.561031 9.888969 0.342000
v 1.564413 9.894030 0.342000
v 1.602000 9.900000 0.348080
v 1.598042 9.919900 0.348080
v 1.579786 9.912338 0.373920
v 1.582240 9.900000 0.373920
v 1.586770 9.936770 0.348080
v 1.572797 9.922797 0.373920
v 1.569900 9.948042 0.348080
v 1.562338 9.929786 0.373920
v 1.550000 9.952000 0.348080
v 1.550000 9.932240 0.373920
v 1.530100 9.948042 0.348080
v 1.537662 9.929786 0.373920
v 1.513230 9.936770 0.348080
v 1.527203 9.922797 0.373920
v 1.501958 9.919900 0.348080
v 1.520214 9.912338 0.373920
v 1.498000 9.900000 0.348080
v 1.517760 9.900000 0.373920
v 1.501958 9.880100 0.348080
v 1.520214 9.887662 0.373920
v 1.513230 9.863230 0.348080
v 1.527203 9.877203 0.373920
v 1.530100 9.851958 0.348080
v 1.537662 9.870214 0.373920
v 1.550000 9.848000 0.348080
v 1.550000 9.867760 0.373920
v 1.569900 9.851958 0.348080
v 1.562338 9.870214 0.373920
v 1.586770 9.863230 0.348080
v 1.572797 9.877203 0.373920
v 1.598042 9.880100 0.348080
v 1.579786 9.887662 0.373920
v 1.564413 9.905970 0.380000
v 1.565600 9.900000 0.380000
v 1.561031 9.911031 0.380000
v 1.555970 9.914413 0.380000
v 1.550000 9.915600 0.380000
v 1.544030 9.914413 0.380000
v 1.538969 9.911031 0.380000
v 1.535587 9.905970 0.380000
v 1.534400 9.900000 0.380000
v 1.535587 9.894030 0.380000
v 1.538969 9.888969 0.380000
v 1.544030 9.885587 0.380000
v 1.550000 9.884400 0.380000
v 1.555970 9.885587 0.380000
v 1.561031 9.888969 0.380000
v 1.564413 9.894030 0.380000
v 1.602000 9.900000 0.386080
v 1.598042 9.919900 0.386080
v 1.579786 9.912338 0.411920
v 1.582240 9.900000 0.411920
v 1.586770 9.936770 0.386080
v 1.572797 9.922797 0.411920
v 1.569900 9.948042 0.386080
v 1.562338 9.929786 0.411920
v 1.550000 9.952000 0.386080
v 1.550000 9.932240 0.411920
v 1.530100 9.948042 0.386080
v 1.537662 9.929786 0.411920
v 1.513230 9.936770 0.386080
v 1.527203 9.922797 0.411920
v 1.501958 9.919900 0.386080
v 1.520214 9.912338 0.411920
v 1.498000 9.900000 0.386080
v 1.517760 9.900000 0.411920
v 1.501958 9.880100 0.386080
v 1.520214 9.887662 0.411920
v 1.513230 9.863230 0.386080
v 1.527203 9.877203 0.411920
v 1.530100 9.851958 0.386080
v 1.537662 9.870214 0.411920
v 1.550000 9.848000 0.386080
v 1.550000 9.867760 0.411920
v 1.569900 9.851958 0.386080
v 1.562338 9.870214 0.411920
v 1.586770 9.863230 0.386080
v 1.572797 9.877203 0.411920
v 1.598042 9.880100 0.386080
v 1.579786 9.887662 0.411920
v 1.564413 9.905970 0.418000
v 1.565600 9.900000 0.418000
v 1.561031 9.911031 0.418000
v 1.555970 9.914413 0.418000
v 1.550000 9.915600 0.418000
v 1.544030 9.914413 0.418000
v 1.538969 9.911031 0.418000
v 1.535587 9.905970 0.418000
v 1.534400 9.900000 0.418000
v 1.535587 9.894030 0.418000
v 1.538969 9.888969 0.418000
v 1.544030 9.885587 0.418000
v 1.550000 9.884400 0.418000
v 1.555970 9.885587 0.418000
v 1.561031 9.888969 0.418000
v 1.564413 9.894030 0.418000
v 1.602000 9.900000 0.424080
v 1.598042 9.919900 0.424080
v 1.579786 9.912338 0.449920
v 1.582240 9.900000 0.449920
v 1.586770 9.936770 0.424080
v 1.572797 9.922797 0.449920
v 1.569900 9.948042 0.424080
v 1.562338 9.929786 0.449920
v 1.550000 9.952000 0.424080
v 1.550000 9.932240 0.449920
v 1.530100 9.948042 0.424080
v 1.537662 9.929786 0.449920
v 1.513230 9.936770 0.424080
v 1.527203 9.922797 0.449920
v 1.501958 9.919900 0.424080
v 1.520214 9.912338 0.449920
v 1.498000 9.900000 0.424080
v 1.517760 9.900000 0.449920
v 1.501958 9.880100 0.424080
v 1.520214 9.887662 0.449920
v 1.513230 9.863230 0.424080
v 1.527203 9.877203 0.449920
v 1.530100 9.851958 0.424080
v 1.537662 9.870214 0.449920
v 1.550000 9.848000 0.424080
v 1.550000 9.867760 0.449920
v 1.569900 9.851958 0.424080
v 1.562338 9.870214 0.449920
v 1.586770 9.863230 0.424080
v 1.572797 9.877203 0.449920
v 1.598042 9.880100 0.424080
v 1.579786 9.887662 0.449920
v 1.564413 9.905970 0.456000
v 1.565600 9.900000 0.456000
v 1.561031 9.911031 0.456000
v 1.555970 9.914413 0.456000
v 1.550000 9.915600 0.456000
v 1.544030 9.914413 0.456000
v 1.538969 9.911031 0.456000
v 1.535587 9.905970 0.456000
v 1.534400 9.900000 0.456000
v 1.535587 9.894030 0.456000
v 1.538969 9.888969 0.456000
v 1.544030 9.885587 0.456000
v 1.550000 9.884400 0.456000
v 1.555970 9.885587 0.456000
v 1.561031 9.888969 0.456000
v 1.564413 9.894030 0.456000
v 1.602000 9.900000 0.462080
v 1.598042 9.919900 0.462080
v 1.579786 9.912338 0.487920
v 1.582240 9.900000 0.487920
v 1.586770 9.936770 0.462080
v 1.572797 9.922797 0.487920
v 1.569900 9.948042 0.462080
v 1.562338 9.929786 0.487920
v 1.550000 9.952000 0.462080
v 1.550000 9.932240 0.487920
v 1.530100 9.948042 0.462080
v 1.537662 9.929786 0.487920
v 1.513230 9.936770 0.462080
v 1.527203 9.922797 0.487920
v 1.501958 9.919900 0.462080
v 1.520214 9.912338 0.487920
v 1.498000 9.900000 0.462080
v 1.517760 9.900000 0.487920
v 1.501958 9.880100 0.462080
v 1.520214 9.887662 0.487920
v 1.513230 9.863230 0.462080
v 1.527203 9.877203 0.487920
v 1.530100 9.851958 0.462080
v 1.537662 9.870214 0.487920
v 1.550000 9.848000 0.462080
v 1.550000 9.867760 0.487920
v 1.569900 9.851958 0.462080
v 1.562338 9.870214 0.487920
v 1.586770 9.863230 0.462080
v 1.572797 9.877203 0.487920
v 1.598042 9.880100 0.462080
v 1.579786 9.887662 0.487920
v 1.564413 9.905970 0.494000
v 1.565600 9.900000 0.494000
v 1.561031 9.911031 0.494000
v 1.555970 9.914413 0.494000
v 1.550000 9.915600 0.494000
v 1.544030 9.914413 0.494000
v 1.538969 9.911031 0.494000
v 1.535587 9.905970 0.494000
v 1.534400 9.900000 0.494000
v 1.535587 9.894030 0.494000
v 1.538969 9.888969 0.494000
v 1.544030 9.885587 0.494000
v 1.550000 9.884400 0.494000
v 1.555970 9.885587 0.494000
v 1.561031 9.888969 0.494000
v 1.564413 9.894030 0.494000
v 1.602000 9.900000 0.500080
v 1.598042 9.919900 0.500080
v 1.579786 9.912338 0.525920
v 1.582240 9.900000 0.525920
v 1.586770 9.936770 0.500080
v 1.572797 9.922797 0.525920
v 1.569900 9.948042 0.500080
v 1.562338 9.929786 0.525920
v 1.550000 9.952000 0.500080
v 1.550000 9.932240 0.525920
v 1.530100 9.948042 0.500080
v 1.537662 9.929786 0.525920
v 1.513230 9.936770 0.500080
v 1.527203 9.922797 0.525920
v 1.501958 9.919900 0.500080
v 1.520214 9.912338 0.525920
v 1.498000 9.900000 0.500080
v 1.517760 9.900000 0.525920
v 1.501958 9.880100 0.500080
v 1.520214 9.887662 0.525920
v 1.513230 9.863230 0.500080
v 1.527203 9.877203 0.525920
v 1.530100 9.851958 0.500080
v 1.537662 9.870214 0.525920
v 1.550000 9.848000 0.500080
v 1.550000 9.867760 0.525920
v 1.569900 9.851958 0.500080
v 1.562338 9.870214 0.525920
v 1.586770 9.863230 0.500080
v 1.572797 9.877203 0.525920
v 1.598042 9.880100 0.500080
v 1.579786 9.887662 0.525920
v 1.564413 9.905970 0.532000
v 1.565600 9.900000 0.532000
v 1.561031 9.911031 0.532000
v 1.555970 9.914413 0.532000
v 1.550000 9.915600 0.532000
v 1.544030 9.914413 0.532000
v 1.538969 9.911031 0.532000
v 1.535587 9.905970 0.532000
v 1.534400 9.900000 0.532000
v 1.535587 9.894030 0.532000
v 1.538969 9.888969 0.532000
v 1.544030 9.885587 0.532000
v 1.550000 9.884400 0.532000
v 1.555970 9.885587 0.532000
v 1.561031 9.888969 0.532000
v 1.564413 9.894030 0.532000
v 1.602000 9.900000 0.538080
v 1.598042 9.919900 0.538080
v 1.579786 9.912338 0.563920
v 1.582240 9.900000 0.563920
v 1.586770 9.936770 0.538080
v 1.572797 9.922797 0.563920
v 1.569900 9.948042 0.538080
v 1.562338 9.929786 0.563920
v 1.550000 9.952000 0.538080
v 1.550000 9.932240 0.563920
v 1.530100 9.948042 0.538080
v 1.537662 9.929786 0.563920
v 1.513230 9.936770 0.538080
v 1.527203 9.922797 0.563920
v 1.501958 9.919900 0.538080
v 1.520214 9.912338 0.563920
v 1.498000 9.900000 0.538080
v 1.517760 9.900000 0.563920
v 1.501958 9.880100 0.538080
v 1.520214 9.887662 0.563920
v 1.513230 9.863230 0.538080
v 1.527203 9.877203 0.563920
v 1.530100 9.851958 0.538080
v 1.537662 9.870214 0.563920
v 1.550000 9.848000 0.538080
v 1.550000 9.867760 0.563920
v 1.569900 9.851958 0.538080
v 1.562338 9.870214 0.563920
v 1.586770 9.863230 0.538080
v 1.572797 9.877203 0.563920
v 1.598042 9.880100 0.538080
v 1.579786 9.887662 0.563920
v 1.564413 9.905970 0.570000
v 1.565600 9.900000 0.570000
v 1.561031 9.911031 0.570000
v 1.555970 9.914413 0.570000
v 1.550000 9.915600 0.570000
v 1.544030 9.914413 0.570000
v 1.538969 9.911031 0.570000
v 1.535587 9.905970 0.570000
v 1.534400 9.900000 0.570000
v 1.535587 9.894030 0.570000
v 1.538969 9.888969 0.570000
v 1.544030 9.885587 0.570000
v 1.550000 9.884400 0.570000
v 1.555970 9.885587 0.570000
v 1.561031 9.888969 0.570000
v 1.564413 9.894030 0.570000
v 1.602000 9.900000 0.576080
v 1.598042 9.919900 0.576080
v 1.579786 9.912338 0.601920
v 1.582240 9.900000 0.601920
v 1.586770 9.936770 0.576080
v 1.572797 9.922797 0.601920
v 1.569900 9.948042 0.576080
v 1.562338 9.929786 0.601920
v 1.550000 9.952000 0.576080
v 1.550000 9.932240 0.601920
v 1.530100 9.948042 0.576080
v 1.537662 9.929786 0.601920
v 1.513230 9.936770 0.576080
v 1.527203 9.922797 0.601920
v 1.501958 9.919900 0.576080
v 1.520214 9.912338 0.601920
v 1.498000 9.900000 0.576080
v 1.517760 9.900000 0.601920
v 1.501958 9.880100 0.576080
v 1.520214 9.887662 0.601920
v 1.513230 9.863230 0.576080
v 1.527203 9.877203 0.601920
v 1.530100 9.851958 0.576080
v 1.537662 9.870214 0.601920
v 1.550000 9.848000 0.576080
v 1.550000 9.867760 0.601920
v 1.569900 9.851958 0.576080
v 1.562338 9.870214 0.601920
v 1.586770 9.863230 0.576080
v 1.572797 9.877203 0.601920
v 1.598042 9.880100 0.576080
v 1.579786 9.887662 0.601920
v 1.564413 9.905970 0.608000
v 1.565600 9.900000 0.608000
v 1.561031 9.911031 0.608000
v 1.555970 9.914413 0.608000
v 1.550000 9.915600 0.608000
v 1.544030 9.914413 0.608000
v 1.538969 9.911031 0.608000
v 1.535587 9.905970 0.608000
v 1.534400 9.900000 0.608000
v 1.535587 9.894030 0.608000
v 1.538969 9.888969 0.608000
v 1.544030 9.885587 0.608000
v 1.550000 9.884400 0.608000
v 1.555970 9.885587 0.608000
v 1.561031 9.888969 0.608000
v 1.564413 9.894030 0.608000
v 1.602000 9.900000 0.614080
v 1.598042 9.919900 0.614080
v 1.579786 9.912338 0.639920
v 1.582240 9.900000 0.639920
v 1.586770 9.936770 0.614080
v 1.572797 9.922797 0.639920
v 1.569900 9.948042 0.614080
v 1.562338 9.929786 0.639920
v 1.550000 9.952000 0.614080
v 1.550000 9.932240 0.639920
v 1.530100 9.948042 0.614080
v 1.537662 9.929786 0.639920
v 1.513230 9.936770 0.614080
v 1.527203 9.922797 0.639920
v 1.501958 9.919900 0.614080
v 1.520214 9.912338 0.639920
v 1.498000 9.900000 0.614080
v 1.517760 9.900000 0.639920
v 1.501958 9.880100 0.614080
v 1.520214 9.887662 0.639920
v 1.513230 9.863230 0.614080
v 1.527203 9.877203 0.639920
v 1.530100 9.851958 0.614080
v 1.537662 9.870214 0.639920
v 1.550000 9.848000 0.614080
v 1.550000 9.867760 0.639920
v 1.569900 9.851958 0.614080
v 1.562338 9.870214 0.639920
v 1.586770 9.863230 0.614080
v 1.572797 9.877203 0.639920
v 1.598042 9.880100 0.614080
v 1.579786 9.887662 0.639920
v 1.564413 9.905970 0.646000
v 1.565600 9.900000 0.646000
v 1.561031 9.911031 0.646000
v 1.555970 9.914413 0.646000
v 1.550000 9.915600 0.646000
v 1.544030 9.914413 0.646000
v 1.538969 9.911031 0.646000
v 1.535587 9.905970 0.646000
v 1.534400 9.900000 0.646000
v 1.535587 9.894030 0.646000
v 1.538969 9.888969 0.646000
v 1.544030 9.885587 0.646000
v 1.550000 9.884400 0.646000
v 1.555970 9.885587 0.646000
v 1.561031 9.888969 0.646000
v 1.564413 9.894030 0.646000
v 1.602000 9.900000 0.652080
v 1.598042 9.919900 0.652080
v 1.579786 9.912338 0.677920
v 1.582240 9.900000 0.677920
v 1.586770 9.936770 0.652080
v 1.572797 9.922797 0.677920
v 1.569900 9.948042 0.652080
v 1.562338 9.929786 0.677920
v 1.550000 9.952000 0.652080
v 1.550000 9.932240 0.677920
v 1.530100 9.948042 0.652080
v 1.537662 9.929786 0.677920
v 1.513230 9.936770 0.652080
v 1.527203 9.922797 0.677920
v 1.501958 9.919900 0.652080
v 1.520214 9.912338 0.677920
v 1.498000 9.900000 0.652080
v 1.517760 9.900000 0.677920
v 1.501958 9.880100 0.652080
v 1.520214 9.887662 0.677920
v 1.513230 9.863230 0.652080
v 1.527203 9.877203 0.677920
v 1.530100 9.851958 0.652080
v 1.537662 9.870214 0.677920
v 1.550000 9.848000 0.652080
v 1.550000 9.867760 0.677920
v 1.569900 9.851958 0.652080
v 1.562338 9.870214 0.677920
v 1.586770 9.863230 0.652080
v 1.572797 9.877203 0.677920
v 1.598042 9.880100 0.652080
v 1.579786 9.887662 0.677920
v 1.564413 9.905970 0.684000
v 1.565600 9.900000 0.684000
v 1.561031 9.911031 0.684000
v 1.555970 9.914413 0.684000
v 1.550000 9.915600 0.684000
v 1.544030 9.914413 0.684000
v 1.538969 9.911031 0.684000
v 1.535587 9.905970 0.684000
v 1.534400 9.900000 0.684000
v 1.535587 9.894030 0.684000
v 1.538969 9.888969 0.684000
v 1.544030 9.885587 0.684000
v 1.550000 9.884400 0.684000
v 1.555970 9.885587 0.684000
v 1.561031 9.888969 0.684000
v 1.564413 9.894030 0.684000
v 1.495000 9.865000 0.699000
v 1.605000 9.865000 0.699000
v 1.605000 9.865000 0.769000
v 1.495000 9.865000 0.769000
v 1.495000 9.935000 0.769000
v 1.605000 9.935000 0.769000
v 1.605000 9.935000 0.699000
v 1.495000 9.935000 0.699000
v 1.550000 9.924165 -0.716222
v 1.538519 9.922325 -0.717575
v 1.538519 9.815229 -0.572080
v 1.550000 9.817143 -0.570834
v 1.528787 9.917087 -0.721429
v 1.528787 9.809779 -0.575628
v 1.522284 9.909248 -0.727197
v 1.522284 9.801622 -0.580937
v 1.520000 9.900000 -0.734000
v 1.520000 9.792000 -0.587200
v 1.522284 9.890752 -0.740803
v 1.522284 9.782378 -0.593463
v 1.528787 9.882913 -0.746571
v 1.528787 9.774221 -0.598772
v 1.538519 9.877675 -0.750425
v 1.538519 9.768771 -0.602320
v 1.550000 9.875835 -0.751778
v 1.550000 9.766857 -0.603566
v 1.561481 9.877675 -0.750425
v 1.561481 9.768771 -0.602320
v 1.571213 9.882913 -0.746571
v 1.571213 9.774221 -0.598772
v 1.577716 9.890752 -0.740803
v 1.577716 9.782378 -0.593463
v 1.580000 9.900000 -0.734000
v 1.580000 9.792000 -0.587200
v 1.577716 9.909248 -0.727197
v 1.577716 9.801622 -0.580937
v 1.571213 9.917087 -0.721429
v 1.571213 9.809779 -0.575628
v 1.561481 9.922325 -0.717575
v 1.561481 9.815229 -0.572080
v 1.538519 9.732910 -0.428248
v 1.550000 9.734963 -0.427247
v 1.528787 9.727066 -0.431099
v 1.522284 9.718318 -0.435366
v 1.520000 9.708000 -0.440400
v 1.522284 9.697682 -0.445434
v 1.528787 9.688934 -0.449701
v 1.538519 9.683090 -0.452552
v 1.550000 9.681037 -0.453553
v 1.561481 9.683090 -0.452552
v 1.571213 9.688934 -0.449701
v 1.577716 9.697682 -0.445434
v 1.580000 9.708000 -0.440400
v 1.577716 9.718318 -0.435366
v 1.571213 9.727066 -0.431099
v 1.561481 9.732910 -0.428248
v 1.538519 9.674359 -0.285033
v 1.550000 9.676531 -0.284327
v 1.528787 9.668174 -0.287043
v 1.522284 9.658918 -0.290051
v 1.520000 9.648000 -0.293600
v 1.522284 9.637082 -0.297149
v 1.528787 9.627826 -0.300157
v 1.538519 9.621641 -0.302167
v 1.550000 9.619469 -0.302873
v 1.561481 9.621641 -0.302167
v 1.571213 9.627826 -0.300157
v 1.577716 9.637082 -0.297149
v 1.580000 9.648000 -0.293600
v 1.577716 9.658918 -0.290051
v 1.571213 9.668174 -0.287043
v 1.561481 9.674359 -0.285033
v 1.538519 9.639358 -0.142356
v 1.550000 9.641612 -0.141990
v 1.528787 9.632939 -0.143399
v 1.522284 9.623332 -0.144959
v 1.520000 9.612000 -0.146800
v 1.522284 9.600668 -0.148641
v 1.528787 9.591061 -0.150201
v 1.538519 9.584642 -0.151244
v 1.550000 9.582388 -0.151610
v 1.561481 9.584642 -0.151244
v 1.571213 9.591061 -0.150201
v 1.577716 9.600668 -0.148641
v 1.580000 9.612000 -0.146800
v 1.577716 9.623332 -0.144959
v 1.571213 9.632939 -0.143399
v 1.561481 9.639358 -0.142356
v 1.538519 9.627716 0.000000
v 1.550000 9.630000 0.000000
v 1.528787 9.621213 0.000000
v 1.522284 9.611481 0.000000
v 1.520000 9.600000 0.000000
v 1.522284 9.588519 0.000000
v 1.528787 9.578787 0.000000
v 1.538519 9.572284 0.000000
v 1.550000 9.570000 0.000000
v 1.561481 9.572284 0.000000
v 1.571213 9.578787 0.000000
v 1.577716 9.588519 0.000000
v 1.580000 9.600000 0.000000
v 1.577716 9.611481 0.000000
v 1.571213 9.621213 0.000000
v 1.561481 9.627716 0.000000
v 1.538519 9.639358 0.142356
v 1.550000 9.641612 0.141990
v 1.528787 9.632939 0.143399
v 1.522284 9.623332 0.144959
v 1.520000 9.612000 0.146800
v 1.522284 9.600668 0.148641
v 1.528787 9.591061 0.150201
v 1.538519 9.584642 0.151244
v 1.550000 9.582388 0.151610
v 1.561481 9.584642 0.151244
v 1.571213 9.591061 0.150201
v 1.577716 9.600668 0.148641
v 1.580000 9.612000 0.146800
v 1.577716 9.623332 0.144959
v 1.571213 9.632939 0.143399
v 1.561481 9.639358 0.142356
v 1.538519 9.674359 0.285033
v 1.550000 9.676531 0.284327
v 1.528787 9.668174 0.287043
v 1.522284 9.658918 0.290051
v 1.520000 9.648000 0.293600
v 1.522284 9.637082 0.297149
v 1.528787 9.627826 0.300157
v 1.538519 9.621641 0.302167
v 1.550000 9.619469 0.302873
v 1.561481 9.621641 0.302167
v 1.571213 9.627826 0.300157
v 1.577716 9.637082 0.297149
v 1.580000 9.648000 0.293600
v 1.577716 9.658918 0.290051
v 1.571213 9.668174 0.287043
v 1.561481 9.674359 0.285033
v 1.538519 9.732910 0.428248
v 1.550000 9.734963 0.427247
v 1.528787 9.727066 0.431099
v 1.522284 9.718318 0.435366
v 1.520000 9.708000 0.440400
v 1.522284 9.697682 0.445434
v 1.528787 9.688934 0.449701
v 1.538519 9.683090 0.452552
v 1.550000 9.681037 0.453553
v 1.561481 9.683090 0.452552
v 1.571213 9.688934 0.449701
v 1.577716 9.697682 0.445434
v 1.580000 9.708000 0.440400
v 1.577716 9.718318 0.435366
v 1.571213 9.727066 0.431099
v 1.561481 9.732910 0.428248
v 1.538519 9.815229 0.572080
v 1.550000 9.817143 0.570834
v 1.528787 9.809779 0.575628
v 1.522284 9.801622 0.580937
v 1.520000 9.792000 0.587200
v 1.522284 9.782378 0.593463
v 1.528787 9.774221 0.598772
v 1.538519 9.768771 0.602320
v 1.550000 9.766857 0.603566
v 1.561481 9.768771 0.602320
v 1.571213 9.774221 0.598772
v 1.577716 9.782378 0.593463
v 1.580000 9.792000 0.587200
v 1.577716 9.801622 0.580937
v 1.571213 9.809779 0.575628
v 1.561481 9.815229 0.572080
v 1.538519 9.922325 0.717575
v 1.550000 9.924165 0.716222
v 1.528787 9.917087 0.721429
v 1.522284 9.909248 0.727197
v 1.520000 9.900000 0.734000
v 1.522284 9.890752 0.740803
v 1.528787 9.882913 0.746571
v 1.538519 9.877675 0.750425
v 1.550000 9.875835 0.751778
v 1.561481 9.877675 0.750425
v 1.571213 9.882913 0.746571
v 1.577716 9.890752 0.740803
v 1.580000 9.900000 0.734000
v 1.577716 9.909248 0.727197
v 1.571213 9.917087 0.721429
v 1.561481 9.922325 0.717575
v -0.140000 1.100000 -1.734737
v 0.140000 1.100000 -1.734737
v 0.140000 1.100000 -1.722737
v -0.140000 1.100000 -1.722737
v -0.140000 1.460000 -1.722737
v 0.140000 1.460000 -1.722737
v 0.140000 1.460000 -1.734737
v -0.140000 1.460000 -1.734737
vn 0.0000 -1.0000 0.0000
vn 0.0000 1.0000 0.0000
vn 0.0000 0.0000 -1.0000
vn 0.0000 0.0000 1.0000
vn -1.0000 0.0000 0.0000
vn 1.0000 0.0000 0.0000
vn 0.8660 0.0000 0.5000
vn -0.8660 0.0000 0.5000
vn -0.8660 0.0000 -0.5000
vn 0.8660 0.0000 -0.5000
vn 0.9808 0.0000 0.1951
vn 0.8315 0.0000 0.5556
vn 0.5556 0.0000 0.8315
vn 0.1951 0.0000 0.9808
vn -0.1951 0.0000 0.9808
vn -0.5556 0.0000 0.8315
vn -0.8315 0.0000 0.5556
vn -0.9808 0.0000 0.1951
vn -0.9808 0.0000 -0.1951
vn -0.8315 0.0000 -0.5556
vn -0.5556 0.0000 -0.8315
vn -0.1951 0.0000 -0.9808
vn 0.1951 0.0000 -0.9808
vn 0.5556 0.0000 -0.8315
vn 0.8315 0.0000 -0.5556
vn 0.9808 0.0000 -0.1951
vn 0.5000 0.0000 0.8660
vn -0.5000 0.0000 0.8660
vn -0.5000 0.0000 -0.8660
vn 0.5000 0.0000 -0.8660
vn -0.9865 0.1616 0.0272
vn 0.9865 -0.1616 -0.0272
vn -0.0000 0.1661 -0.9861
vn 0.0000 -0.1661 0.9861
vn -0.1638 -0.9728 -0.1638
vn 0.1638 0.9728 0.1638
vn -0.9865 0.1616 -0.0272
vn 0.9865 -0.1616 0.0272
vn 0.0000 -0.1661 -0.9861
vn -0.0000 0.1661 0.9861
vn -0.1638 -0.9728 0.1638
vn 0.1638 0.9728 -0.1638
vn -0.9865 -0.1616 -0.0272
vn 0.9865 0.1616 0.0272
vn 0.1638 -0.9728 -0.1638
vn -0.1638 0.9728 0.1638
vn -0.9865 -0.1616 0.0272
vn 0.9865 0.1616 -0.0272
vn 0.1638 -0.9728 0.1638
vn -0.1638 0.9728 -0.1638
vn -0.2521 -0.9676 0.0111
vn 0.2521 0.9676 -0.0111
vn -0.0439 0.0000 -0.9990
vn 0.0439 -0.0000 0.9990
vn 0.9667 -0.2523 -0.0425
vn -0.9667 0.2523 0.0425
vn -0.0111 -0.9676 -0.2521
vn 0.0111 0.9676 0.2521
vn 0.9990 -0.0000 -0.0439
vn -0.9990 0.0000 0.0439
vn 0.0425 -0.2523 0.9667
vn -0.0425 0.2523 -0.9667
vn 0.2521 -0.9676 -0.0111
vn -0.2521 0.9676 0.0111
vn -0.9667 -0.2523 0.0425
vn 0.9667 0.2523 -0.0425
vn 0.0111 -0.9676 0.2521
vn -0.0111 0.9676 -0.2521
vn -0.0425 -0.2523 -0.9667
vn 0.0425 0.2523 0.9667
vn 0.2745 -0.9615 0.0132
vn -0.2745 0.9615 -0.0132
vn -0.0481 -0.0000 0.9988
vn 0.0481 0.0000 -0.9988
vn -0.9604 -0.2748 -0.0463
vn 0.9604 0.2748 0.0463
vn -0.0132 -0.9615 0.2745
vn 0.0132 0.9615 -0.2745
vn -0.9988 0.0000 -0.0481
vn 0.9988 -0.0000 0.0481
vn 0.0463 -0.2748 -0.9604
vn -0.0463 0.2748 0.9604
vn -0.2745 -0.9615 -0.0132
vn 0.2745 0.9615 0.0132
vn 0.9604 -0.2748 0.0463
vn -0.9604 0.2748 -0.0463
vn 0.0132 -0.9615 -0.2745
vn -0.0132 0.9615 0.2745
vn -0.0463 -0.2748 0.9604
vn 0.0463 0.2748 -0.9604
vn -0.3011 -0.9535 0.0161
vn 0.3011 0.9535 -0.0161
vn -0.0533 0.0000 -0.9986
vn 0.0533 -0.0000 0.9986
vn 0.9521 -0.3015 -0.0508
vn -0.9521 0.3015 0.0508
vn -0.0161 -0.9535 -0.3011
vn 0.0161 0.9535 0.3011
vn 0.9986 -0.0000 -0.0533
vn -0.9986 0.0000 0.0533
vn 0.0508 -0.3015 0.9521
vn -0.0508 0.3015 -0.9521
vn 0.3011 -0.9535 -0.0161
vn -0.3011 0.9535 0.0161
vn -0.9521 -0.3015 0.0508
vn 0.9521 0.3015 -0.0508
vn 0.0161 -0.9535 0.3011
vn -0.0161 0.9535 -0.3011
vn -0.0508 -0.3015 -0.9521
vn 0.0508 0.3015 0.9521
vn 0.3330 -0.9427 0.0199
vn -0.3330 0.9427 -0.0199
vn -0.0596 -0.0000 0.9982
vn 0.0596 0.0000 -0.9982
vn -0.9410 -0.3336 -0.0562
vn 0.9410 0.3336 0.0562
vn -0.0199 -0.9427 0.3330
vn 0.0199 0.9427 -0.3330
vn -0.9982 0.0000 -0.0596
vn 0.9982 -0.0000 0.0596
vn 0.0562 -0.3336 -0.9410
vn -0.0562 0.3336 0.9410
vn -0.3330 -0.9427 -0.0199
vn 0.3330 0.9427 0.0199
vn 0.9410 -0.3336 0.0562
vn -0.9410 0.3336 -0.0562
vn 0.0199 -0.9427 -0.3330
vn -0.0199 0.9427 0.3330
vn -0.0562 -0.3336 0.9410
vn 0.0562 0.3336 -0.9410
vn -0.3718 -0.9280 0.0252
vn 0.3718 0.9280 -0.0252
vn -0.0676 0.0000 -0.9977
vn 0.0676 -0.0000 0.9977
vn 0.9258 -0.3727 -0.0628
vn -0.9258 0.3727 0.0628
vn -0.0252 -0.9280 -0.3718
vn 0.0252 0.9280 0.3718
vn 0.9977 -0.0000 -0.0676
vn -0.9977 0.0000 0.0676
vn 0.0628 -0.3727 0.9258
vn -0.0628 0.3727 -0.9258
vn 0.3718 -0.9280 -0.0252
vn -0.3718 0.9280 0.0252
vn -0.9258 -0.3727 0.0628
vn 0.9258 0.3727 -0.0628
vn 0.0252 -0.9280 0.3718
vn -0.0252 0.9280 -0.3718
vn -0.0628 -0.3727 -0.9258
vn 0.0628 0.3727 0.9258
vn 0.4198 -0.9070 0.0329
vn -0.4198 0.9070 -0.0329
vn -0.0782 -0.0000 0.9969
vn 0.0782 0.0000 -0.9969
vn -0.9042 -0.4211 -0.0709
vn 0.9042 0.4211 0.0709
vn -0.0329 -0.9070 0.4198
vn 0.0329 0.9070 -0.4198
vn -0.9969 0.0000 -0.0782
vn 0.9969 -0.0000 0.0782
vn 0.0709 -0.4211 -0.9042
vn -0.0709 0.4211 0.9042
vn -0.4198 -0.9070 -0.0329
vn 0.4198 0.9070 0.0329
vn 0.9042 -0.4211 0.0709
vn -0.9042 0.4211 -0.0709
vn 0.0329 -0.9070 -0.4198
vn -0.0329 0.9070 0.4198
vn -0.0709 -0.4211 0.9042
vn 0.0709 0.4211 -0.9042
vn -0.4798 -0.8762 0.0446
vn 0.4798 0.8762 -0.0446
vn -0.0926 0.0000 -0.9957
vn 0.0926 -0.0000 0.9957
vn 0.8725 -0.4819 -0.0812
vn -0.8725 0.4819 0.0812
vn -0.0446 -0.8762 -0.4798
vn 0.0446 0.8762 0.4798
vn 0.9957 -0.0000 -0.0926
vn -0.9957 0.0000 0.0926
vn 0.0812 -0.4819 0.8725
vn -0.0812 0.4819 -0.8725
vn 0.4798 -0.8762 -0.0446
vn -0.4798 0.8762 0.0446
vn -0.8725 -0.4819 0.0812
vn 0.8725 0.4819 -0.0812
vn 0.0446 -0.8762 0.4798
vn -0.0446 0.8762 -0.4798
vn -0.0812 -0.4819 -0.8725
vn 0.0812 0.4819 0.8725
vn 0.5554 -0.8292 0.0635
vn -0.5554 0.8292 -0.0635
vn -0.1135 -0.0000 0.9935
vn 0.1135 0.0000 -0.9935
vn -0.8238 -0.5590 -0.0941
vn 0.8238 0.5590 0.0941
vn -0.0635 -0.8292 0.5554
vn 0.0635 0.8292 -0.5554
vn -0.9935 0.0000 -0.1135
vn 0.9935 -0.0000 0.1135
vn 0.0941 -0.5590 -0.8238
vn -0.0941 0.5590 0.8238
vn -0.5554 -0.8292 -0.0635
vn 0.5554 0.8292 0.0635
vn 0.8238 -0.5590 0.0941
vn -0.8238 0.5590 -0.0941
vn 0.0635 -0.8292 -0.5554
vn -0.0635 0.8292 0.5554
vn -0.0941 -0.5590 0.8238
vn 0.0941 0.5590 -0.8238
vn -0.3962 -0.9182 -0.0000
vn 0.3962 0.9182 0.0000
vn 0.9182 -0.3962 -0.0000
vn -0.9182 0.3962 0.0000
vn -0.0000 -0.9182 -0.3962
vn 0.0000 0.9182 0.3962
vn -0.0000 -0.3962 0.9182
vn 0.0000 0.3962 -0.9182
vn 0.3962 -0.9182 -0.0000
vn -0.3962 0.9182 0.0000
vn -0.9182 -0.3962 -0.0000
vn 0.9182 0.3962 0.0000
vn -0.0000 -0.9182 0.3962
vn 0.0000 0.9182 -0.3962
vn -0.0000 -0.3962 -0.9182
vn 0.0000 0.3962 0.9182
vn 0.2521 -0.9676 0.0111
vn -0.2521 0.9676 -0.0111
vn -0.0439 -0.0000 0.9990
vn 0.0439 0.0000 -0.9990
vn -0.9667 -0.2523 -0.0425
vn 0.9667 0.2523 0.0425
vn -0.0111 -0.9676 0.2521
vn 0.0111 0.9676 -0.2521
vn -0.9990 0.0000 -0.0439
vn 0.9990 -0.0000 0.0439
vn 0.0425 -0.2523 -0.9667
vn -0.0425 0.2523 0.9667
vn -0.2521 -0.9676 -0.0111
vn 0.2521 0.9676 0.0111
vn 0.9667 -0.2523 0.0425
vn -0.9667 0.2523 -0.0425
vn 0.0111 -0.9676 -0.2521
vn -0.0111 0.9676 0.2521
vn -0.0425 -0.2523 0.9667
vn 0.0425 0.2523 -0.9667
vn -0.2745 -0.9615 0.0132
vn 0.2745 0.9615 -0.0132
vn -0.0481 0.0000 -0.9988
vn 0.0481 -0.0000 0.9988
vn 0.9604 -0.2748 -0.0463
vn -0.9604 0.2748 0.0463
vn -0.0132 -0.9615 -0.2745
vn 0.0132 0.9615 0.2745
vn 0.9988 -0.0000 -0.0481
vn -0.9988 0.0000 0.0481
vn 0.0463 -0.2748 0.9604
vn -0.0463 0.2748 -0.9604
vn 0.2745 -0.9615 -0.0132
vn -0.2745 0.9615 0.0132
vn -0.9604 -0.2748 0.0463
vn 0.9604 0.2748 -0.0463
vn 0.0132 -0.9615 0.2745
vn -0.0132 0.9615 -0.2745
vn -0.0463 -0.2748 -0.9604
vn 0.0463 0.2748 0.9604
vn 0.3011 -0.9535 0.0161
vn -0.3011 0.9535 -0.0161
vn -0.0533 -0.0000 0.9986
vn 0.0533 0.0000 -0.9986
vn -0.9521 -0.3015 -0.0508
vn 0.9521 0.3015 0.0508
vn -0.0161 -0.9535 0.3011
vn 0.0161 0.9535 -0.3011
vn -0.9986 0.0000 -0.0533
vn 0.9986 -0.0000 0.0533
vn 0.0508 -0.3015 -0.9521
vn -0.0508 0.3015 0.9521
vn -0.3011 -0.9535 -0.0161
vn 0.3011 0.9535 0.0161
vn 0.9521 -0.3015 0.0508
vn -0.9521 0.3015 -0.0508
vn 0.0161 -0.9535 -0.3011
vn -0.0161 0.9535 0.3011
vn -0.0508 -0.3015 0.9521
vn 0.0508 0.3015 -0.9521
vn -0.3330 -0.9427 0.0199
vn 0.3330 0.9427 -0.0199
vn -0.0596 0.0000 -0.9982
vn 0.0596 -0.0000 0.9982
vn 0.9410 -0.3336 -0.0562
vn -0.9410 0.3336 0.0562
vn -0.0199 -0.9427 -0.3330
vn 0.0199 0.9427 0.3330
vn 0.9982 -0.0000 -0.0596
vn -0.9982 0.0000 0.0596
vn 0.0562 -0.3336 0.9410
vn -0.0562 0.3336 -0.9410
vn 0.3330 -0.9427 -0.0199
vn -0.3330 0.9427 0.0199
vn -0.9410 -0.3336 0.0562
vn 0.9410 0.3336 -0.0562
vn 0.0199 -0.9427 0.3330
vn -0.0199 0.9427 -0.3330
vn -0.0562 -0.3336 -0.9410
vn 0.0562 0.3336 0.9410
vn 0.3718 -0.9280 0.0252
vn -0.3718 0.9280 -0.0252
vn -0.0676 -0.0000 0.9977
vn 0.0676 0.0000 -0.9977
vn -0.9258 -0.3727 -0.0628
vn 0.9258 0.3727 0.0628
vn -0.0252 -0.9280 0.3718
vn 0.0252 0.9280 -0.3718
vn -0.9977 0.0000 -0.0676
vn 0.9977 -0.0000 0.0676
vn 0.0628 -0.3727 -0.9258
vn -0.0628 0.3727 0.9258
vn -0.3718 -0.9280 -0.0252
vn 0.3718 0.9280 0.0252
vn 0.9258 -0.3727 0.0628
vn -0.9258 0.3727 -0.0628
vn 0.0252 -0.9280 -0.3718
vn -0.0252 0.9280 0.3718
vn -0.0628 -0.3727 0.9258
vn 0.0628 0.3727 -0.9258
vn -0.4198 -0.9070 0.0329
vn 0.4198 0.9070 -0.0329
vn -0.0782 0.0000 -0.9969
vn 0.0782 -0.0000 0.9969
vn 0.9042 -0.4211 -0.0709
vn -0.9042 0.4211 0.0709
vn -0.0329 -0.9070 -0.4198
vn 0.0329 0.9070 0.4198
vn 0.9969 -0.0000 -0.0782
vn -0.9969 0.0000 0.0782
vn 0.0709 -0.4211 0.9042
vn -0.0709 0.4211 -0.9042
vn 0.4198 -0.9070 -0.0329
vn -0.4198 0.9070 0.0329
vn -0.9042 -0.4211 0.0709
vn 0.9042 0.4211 -0.0709
vn 0.0329 -0.9070 0.4198
vn -0.0329 0.9070 -0.4198
vn -0.0709 -0.4211 -0.9042
vn 0.0709 0.4211 0.9042
vn 0.4798 -0.8762 0.0446
vn -0.4798 0.8762 -0.0446
vn -0.0926 -0.0000 0.9957
vn 0.0926 0.0000 -0.9957
vn -0.8725 -0.4819 -0.0812
vn 0.8725 0.4819 0.0812
vn -0.0446 -0.8762 0.4798
vn 0.0446 0.8762 -0.4798
vn -0.9957 0.0000 -0.0926
vn 0.9957 -0.0000 0.0926
vn 0.0812 -0.4819 -0.8725
vn -0.0812 0.4819 0.8725
vn -0.4798 -0.8762 -0.0446
vn 0.4798 0.8762 0.0446
vn 0.8725 -0.4819 0.0812
vn -0.8725 0.4819 -0.0812
vn 0.0446 -0.8762 -0.4798
vn -0.0446 0.8762 0.4798
vn -0.0812 -0.4819 0.8725
vn 0.0812 0.4819 -0.8725
vn -0.5554 -0.8292 0.0635
vn 0.5554 0.8292 -0.0635
vn -0.1135 0.0000 -0.9935
vn 0.1135 -0.0000 0.9935
vn 0.8238 -0.5590 -0.0941
vn -0.8238 0.5590 0.0941
vn -0.0635 -0.8292 -0.5554
vn 0.0635 0.8292 0.5554
vn 0.9935 -0.0000 -0.1135
vn -0.9935 0.0000 0.1135
vn 0.0941 -0.5590 0.8238
vn -0.0941 0.5590 -0.8238
vn 0.5554 -0.8292 -0.0635
vn -0.5554 0.8292 0.0635
vn -0.8238 -0.5590 0.0941
vn 0.8238 0.5590 -0.0941
vn 0.0635 -0.8292 0.5554
vn -0.0635 0.8292 -0.5554
vn -0.0941 -0.5590 -0.8238
vn 0.0941 0.5590 0.8238
vn -0.1401 0.0000 -0.9901
vn 0.1401 -0.0000 0.9901
vn 0.9901 -0.0000 -0.1401
vn -0.9901 0.0000 0.1401
vn 0.1401 -0.0000 -0.9901
vn -0.1401 0.0000 0.9901
vn 0.9901 -0.0000 0.1401
vn -0.9901 0.0000 -0.1401
vn 0.4852 -0.8744 -0.0000
vn -0.4852 0.8744 0.0000
vn -0.8744 -0.4852 -0.0000
vn 0.8744 0.4852 0.0000
vn -0.3685 -0.9296 -0.0000
vn 0.3685 0.9296 0.0000
vn -0.9296 0.3685 -0.0000
vn 0.9296 -0.3685 0.0000
vn -0.8975 0.0000 -0.4411
vn 0.8975 -0.0000 0.4411
vn 0.4411 -0.0000 -0.8975
vn -0.4411 0.0000 0.8975
vn 0.8685 -0.0000 -0.4958
vn -0.8685 0.0000 0.4958
vn 0.4958 -0.0000 0.8685
vn -0.4958 0.0000 -0.8685
vn -0.8266 0.0000 -0.5627
vn 0.8266 -0.0000 0.5627
vn 0.5627 -0.0000 -0.8266
vn -0.5627 0.0000 0.8266
vn 0.7645 -0.0000 -0.6446
vn -0.7645 0.0000 0.6446
vn 0.6446 -0.0000 0.7645
vn -0.6446 0.0000 -0.7645
vn -0.6702 0.0000 -0.7421
vn 0.6702 -0.0000 0.7421
vn 0.7421 -0.0000 -0.6702
vn -0.7421 0.0000 0.6702
vn -0.4852 -0.8744 -0.0000
vn 0.4852 0.8744 0.0000
vn 0.8744 -0.4852 -0.0000
vn -0.8744 0.4852 0.0000
vn 0.3685 -0.9296 -0.0000
vn -0.3685 0.9296 0.0000
vn 0.9296 0.3685 -0.0000
vn -0.9296 -0.3685 0.0000
vn -0.8975 -0.0000 0.4411
vn 0.8975 0.0000 -0.4411
vn -0.4411 -0.0000 -0.8975
vn 0.4411 0.0000 0.8975
vn 0.8685 -0.0000 0.4958
vn -0.8685 0.0000 -0.4958
vn -0.4958 -0.0000 0.8685
vn 0.4958 0.0000 -0.8685
vn -0.8266 -0.0000 0.5627
vn 0.8266 0.0000 -0.5627
vn -0.5627 -0.0000 -0.8266
vn 0.5627 0.0000 0.8266
vn 0.7645 -0.0000 0.6446
vn -0.7645 0.0000 -0.6446
vn -0.6446 -0.0000 0.7645
vn 0.6446 0.0000 -0.7645
vn -0.6702 -0.0000 0.7421
vn 0.6702 0.0000 -0.7421
vn -0.7421 -0.0000 -0.6702
vn 0.7421 0.0000 0.6702
vn -0.2312 0.0000 -0.9729
vn 0.2312 -0.0000 0.9729
vn 0.9729 -0.0000 -0.2312
vn -0.9729 0.0000 0.2312
vn 0.2312 -0.0000 -0.9729
vn -0.2312 0.0000 0.9729
vn 0.9729 -0.0000 0.2312
vn -0.9729 0.0000 -0.2312
vn 0.5735 -0.8192 -0.0000
vn -0.5735 0.8192 0.0000
vn -0.8192 -0.5735 -0.0000
vn 0.8192 0.5735 0.0000
vn -0.4472 -0.8944 -0.0000
vn 0.4472 0.8944 0.0000
vn -0.8944 0.4472 -0.0000
vn 0.8944 -0.4472 0.0000
vn -0.9598 0.0000 -0.2808
vn 0.9598 -0.0000 0.2808
vn 0.2808 -0.0000 -0.9598
vn -0.2808 0.0000 0.9598
vn 0.9468 -0.0000 -0.3217
vn -0.9468 0.0000 0.3217
vn 0.3217 -0.0000 0.9468
vn -0.3217 0.0000 -0.9468
vn -0.9268 0.0000 -0.3756
vn 0.9268 -0.0000 0.3756
vn 0.3756 -0.0000 -0.9268
vn -0.3756 0.0000 0.9268
vn 0.8938 -0.0000 -0.4486
vn -0.8938 0.0000 0.4486
vn 0.4486 -0.0000 0.8938
vn -0.4486 0.0000 -0.8938
vn -0.8350 0.0000 -0.5503
vn 0.8350 -0.0000 0.5503
vn 0.5503 -0.0000 -0.8350
vn -0.5503 0.0000 0.8350
vn -0.5735 -0.8192 -0.0000
vn 0.5735 0.8192 0.0000
vn 0.8192 -0.5735 -0.0000
vn -0.8192 0.5735 0.0000
vn 0.4472 -0.8944 -0.0000
vn -0.4472 0.8944 0.0000
vn 0.8944 0.4472 -0.0000
vn -0.8944 -0.4472 0.0000
vn -0.9598 -0.0000 0.2808
vn 0.9598 0.0000 -0.2808
vn -0.2808 -0.0000 -0.9598
vn 0.2808 0.0000 0.9598
vn 0.9468 -0.0000 0.3217
vn -0.9468 0.0000 -0.3217
vn -0.3217 -0.0000 0.9468
vn 0.3217 0.0000 -0.9468
vn -0.9268 -0.0000 0.3756
vn 0.9268 0.0000 -0.3756
vn -0.3756 -0.0000 -0.9268
vn 0.3756 0.0000 0.9268
vn 0.8938 -0.0000 0.4486
vn -0.8938 0.0000 -0.4486
vn -0.4486 -0.0000 0.8938
vn 0.4486 0.0000 -0.8938
vn -0.8350 -0.0000 0.5503
vn 0.8350 0.0000 -0.5503
vn -0.5503 -0.0000 -0.8350
vn 0.5503 0.0000 0.8350
vn 0.6201 -0.4806 0.6201
vn -0.6201 0.4806 -0.6201
vn -0.7071 -0.0000 0.7071
vn 0.7071 0.0000 -0.7071
vn -0.3398 -0.8770 -0.3398
vn 0.3398 0.8770 0.3398
vn 0.6201 -0.4806 -0.6201
vn -0.6201 0.4806 0.6201
vn 0.7071 -0.0000 0.7071
vn -0.7071 0.0000 -0.7071
vn -0.3398 -0.8770 0.3398
vn 0.3398 0.8770 -0.3398
vn -0.6201 -0.4806 0.6201
vn 0.6201 0.4806 -0.6201
vn 0.3398 -0.8770 -0.3398
vn -0.3398 0.8770 0.3398
vn -0.6201 -0.4806 -0.6201
vn 0.6201 0.4806 0.6201
vn 0.3398 -0.8770 0.3398
vn -0.3398 0.8770 -0.3398
vn 0.9888 0.1492 0.0000
vn 0.8565 0.5162 0.0000
vn 0.5937 0.8047 0.0000
vn 0.2406 0.9706 0.0000
vn -0.1492 0.9888 0.0000
vn -0.5162 0.8565 0.0000
vn -0.8047 0.5937 0.0000
vn -0.9706 0.2406 0.0000
vn -0.9888 -0.1492 0.0000
vn -0.8565 -0.5162 0.0000
vn -0.5937 -0.8047 0.0000
vn -0.2406 -0.9706 0.0000
vn 0.1492 -0.9888 0.0000
vn 0.5162 -0.8565 0.0000
vn 0.8047 -0.5937 0.0000
vn 0.9706 -0.2406 0.0000
vn 0.9808 0.1951 0.0000
vn 0.8315 0.5556 0.0000
vn 0.5556 0.8315 0.0000
vn 0.1951 0.9808 0.0000
vn -0.1951 0.9808 0.0000
vn -0.5556 0.8315 0.0000
vn -0.8315 0.5556 0.0000
vn -0.9808 0.1951 0.0000
vn -0.9808 -0.1951 0.0000
vn -0.8315 -0.5556 0.0000
vn -0.5556 -0.8315 0.0000
vn -0.1951 -0.9808 0.0000
vn 0.1951 -0.9808 0.0000
vn 0.5556 -0.8315 0.0000
vn 0.8315 -0.5556 0.0000
vn 0.9808 -0.1951 0.0000
vn -0.1913 0.7748 0.5700
vn -0.5449 0.6569 0.4833
vn -0.8155 0.4389 0.3229
vn -0.9619 0.1541 0.1134
vn -0.9619 -0.1541 -0.1134
vn -0.8155 -0.4389 -0.3229
vn -0.5449 -0.6569 -0.4833
vn -0.1913 -0.7748 -0.5700
vn 0.1913 -0.7748 -0.5700
vn 0.5449 -0.6569 -0.4833
vn 0.8155 -0.4389 -0.3229
vn 0.9619 -0.1541 -0.1134
vn 0.9619 0.1541 0.1134
vn 0.8155 0.4389 0.3229
vn 0.5449 0.6569 0.4833
vn 0.1913 0.7748 0.5700
vn -0.1913 0.8062 0.5248
vn -0.5449 0.6835 0.4449
vn -0.8155 0.4567 0.2973
vn -0.9619 0.1604 0.1044
vn -0.9619 -0.1604 -0.1044
vn -0.8155 -0.4567 -0.2973
vn -0.5449 -0.6835 -0.4449
vn -0.1913 -0.8062 -0.5248
vn 0.1913 -0.8062 -0.5248
vn 0.5449 -0.6835 -0.4449
vn 0.8155 -0.4567 -0.2973
vn 0.9619 -0.1604 -0.1044
vn 0.9619 0.1604 0.1044
vn 0.8155 0.4567 0.2973
vn 0.5449 0.6835 0.4449
vn 0.1913 0.8062 0.5248
vn -0.1913 0.8646 0.4218
vn -0.5449 0.7329 0.3575
vn -0.8155 0.4897 0.2389
vn -0.9619 0.1720 0.0839
vn -0.9619 -0.1720 -0.0839
vn -0.8155 -0.4897 -0.2389
vn -0.5449 -0.7329 -0.3575
vn -0.1913 -0.8646 -0.4218
vn 0.1913 -0.8646 -0.4218
vn 0.5449 -0.7329 -0.3575
vn 0.8155 -0.4897 -0.2389
vn 0.9619 -0.1720 -0.0839
vn 0.9619 0.1720 0.0839
vn 0.8155 0.4897 0.2389
vn 0.5449 0.7329 0.3575
vn 0.1913 0.8646 0.4218
vn -0.1913 0.9148 0.2973
vn -0.5449 0.7756 0.2521
vn -0.8155 0.5182 0.1684
vn -0.9619 0.1820 0.0591
vn -0.9619 -0.1820 -0.0591
vn -0.8155 -0.5182 -0.1684
vn -0.5449 -0.7756 -0.2521
vn -0.1913 -0.9148 -0.2973
vn 0.1913 -0.9148 -0.2973
vn 0.5449 -0.7756 -0.2521
vn 0.8155 -0.5182 -0.1684
vn 0.9619 -0.1820 -0.0591
vn 0.9619 0.1820 0.0591
vn 0.8155 0.5182 0.1684
vn 0.5449 0.7756 0.2521
vn 0.1913 0.9148 0.2973
vn -0.1913 0.9495 0.1542
vn -0.5449 0.8049 0.1307
vn -0.8155 0.5378 0.0874
vn -0.9619 0.1889 0.0307
vn -0.9619 -0.1889 -0.0307
vn -0.8155 -0.5378 -0.0874
vn -0.5449 -0.8049 -0.1307
vn -0.1913 -0.9495 -0.1542
vn 0.1913 -0.9495 -0.1542
vn 0.5449 -0.8049 -0.1307
vn 0.8155 -0.5378 -0.0874
vn 0.9619 -0.1889 -0.0307
vn 0.9619 0.1889 0.0307
vn 0.8155 0.5378 0.0874
vn 0.5449 0.8049 0.1307
vn 0.1913 0.9495 0.1542
vn -0.1913 0.9619 0.0000
vn -0.5449 0.8155 0.0000
vn -0.8155 0.5449 0.0000
vn -0.9619 0.1913 0.0000
vn -0.9619 -0.1913 0.0000
vn -0.8155 -0.5449 0.0000
vn -0.5449 -0.8155 0.0000
vn -0.1913 -0.9619 0.0000
vn 0.1913 -0.9619 0.0000
vn 0.5449 -0.8155 0.0000
vn 0.8155 -0.5449 0.0000
vn 0.9619 -0.1913 0.0000
vn 0.9619 0.1913 0.0000
vn 0.8155 0.5449 -0.0000
vn 0.5449 0.8155 -0.0000
vn 0.1913 0.9619 0.0000
vn -0.1913 0.9495 -0.1542
vn -0.5449 0.8049 -0.1307
vn -0.8155 0.5378 -0.0874
vn -0.9619 0.1889 -0.0307
vn -0.9619 -0.1889 0.0307
vn -0.8155 -0.5378 0.0874
vn -0.5449 -0.8049 0.1307
vn -0.1913 -0.9495 0.1542
vn 0.1913 -0.9495 0.1542
vn 0.5449 -0.8049 0.1307
vn 0.8155 -0.5378 0.0874
vn 0.9619 -0.1889 0.0307
vn 0.9619 0.1889 -0.0307
vn 0.8155 0.5378 -0.0874
vn 0.5449 0.8049 -0.1307
vn 0.1913 0.9495 -0.1542
vn -0.1913 0.9148 -0.2973
vn -0.5449 0.7756 -0.2521
vn -0.8155 0.5182 -0.1684
vn -0.9619 0.1820 -0.0591
vn -0.9619 -0.1820 0.0591
vn -0.8155 -0.5182 0.1684
vn -0.5449 -0.7756 0.2521
vn -0.1913 -0.9148 0.2973
vn 0.1913 -0.9148 0.2973
vn 0.5449 -0.7756 0.2521
vn 0.8155 -0.5182 0.1684
vn 0.9619 -0.1820 0.0591
vn 0.9619 0.1820 -0.0591
vn 0.8155 0.5182 -0.1684
vn 0.5449 0.7756 -0.2521
vn 0.1913 0.9148 -0.2973
vn -0.1913 0.8646 -0.4218
vn -0.5449 0.7329 -0.3575
vn -0.8155 0.4897 -0.2389
vn -0.9619 0.1720 -0.0839
vn -0.9619 -0.1720 0.0839
vn -0.8155 -0.4897 0.2389
vn -0.5449 -0.7329 0.3575
vn -0.1913 -0.8646 0.4218
vn 0.1913 -0.8646 0.4218
vn 0.5449 -0.7329 0.3575
vn 0.8155 -0.4897 0.2389
vn 0.9619 -0.1720 0.0839
vn 0.9619 0.1720 -0.0839
vn 0.8155 0.4897 -0.2389
vn 0.5449 0.7329 -0.3575
vn 0.1913 0.8646 -0.4218
vn -0.1913 0.8062 -0.5248
vn -0.5449 0.6835 -0.4449
vn -0.8155 0.4567 -0.2973
vn -0.9619 0.1604 -0.1044
vn -0.9619 -0.1604 0.1044
vn -0.8155 -0.4567 0.2973
vn -0.5449 -0.6835 0.4449
vn -0.1913 -0.8062 0.5248
vn 0.1913 -0.8062 0.5248
vn 0.5449 -0.6835 0.4449
vn 0.8155 -0.4567 0.2973
vn 0.9619 -0.1604 0.1044
vn 0.9619 0.1604 -0.1044
vn 0.8155 0.4567 -0.2973
vn 0.5449 0.6835 -0.4449
vn 0.1913 0.8062 -0.5248
vn -0.0000 0.5926 -0.8055
vn 0.0000 0.5926 0.8055
vt 0.000000 0.500000
vt 0.500000 0.500000
vt 0.500000 0.000000
vt 0.000000 0.000000
vt 0.000000 0.100000
vt 0.016667 0.100000
vt 0.016667 0.000000
vt 0.033333 0.100000
vt 0.033333 0.000000
vt 0.050000 0.100000
vt 0.050000 0.000000
vt 0.066667 0.100000
vt 0.066667 0.000000
vt 0.083333 0.100000
vt 0.083333 0.000000
vt 0.100000 0.100000
vt 0.100000 0.000000
vt 0.006250 0.100000
vt 0.006250 0.000000
vt 0.012500 0.100000
vt 0.012500 0.000000
vt 0.018750 0.100000
vt 0.018750 0.000000
vt 0.025000 0.100000
vt 0.025000 0.000000
vt 0.031250 0.100000
vt 0.031250 0.000000
vt 0.037500 0.100000
vt 0.037500 0.000000
vt 0.043750 0.100000
vt 0.043750 0.000000
vt 0.056250 0.100000
vt 0.056250 0.000000
vt 0.062500 0.100000
vt 0.062500 0.000000
vt 0.068750 0.100000
vt 0.068750 0.000000
vt 0.075000 0.100000
vt 0.075000 0.000000
vt 0.081250 0.100000
vt 0.081250 0.000000
vt 0.087500 0.100000
vt 0.087500 0.000000
vt 0.093750 0.100000
vt 0.093750 0.000000
vt 0.691342 0.038060
vt 0.853553 0.146447
vt 0.961940 0.308658
vt 0.146447 0.146447
vt 0.308658 0.038060
vt 0.038060 0.308658
vt 0.146447 0.853553
vt 0.038060 0.691342
vt 0.500000 1.000000
vt 0.308658 0.961940
vt 0.853553 0.853553
vt 0.691342 0.961940
vt 1.000000 0.500000
vt 0.961940 0.691342
vt 0.066987 0.750000
vt 0.066987 0.250000
vt 0.933013 0.250000
vt 0.933013 0.750000
vt 0.300000 0.000000
vt 0.300000 0.300000
vt 0.000000 0.300000
vt 0.000000 0.200000
vt 0.012500 0.200000
vt 0.025000 0.200000
vt 0.037500 0.200000
vt 0.050000 0.200000
vt 0.062500 0.200000
vt 0.075000 0.200000
vt 0.087500 0.200000
vt 0.100000 0.200000
vt 0.112500 0.200000
vt 0.112500 0.000000
vt 0.125000 0.200000
vt 0.125000 0.000000
vt 0.137500 0.200000
vt 0.137500 0.000000
vt 0.150000 0.200000
vt 0.150000 0.000000
vt 0.162500 0.200000
vt 0.162500 0.000000
vt 0.175000 0.200000
vt 0.175000 0.000000
vt 0.187500 0.200000
vt 0.187500 0.000000
vt 0.200000 0.200000
vt 0.200000 0.000000
vt 0.000000 0.400000
vt 0.400000 0.400000
vt 0.400000 0.000000
vt 0.062500 1.000000
vt 0.000000 1.000000
vt 0.125000 1.000000
vt 0.187500 1.000000
vt 0.250000 0.000000
vt 0.250000 1.000000
vt 0.312500 0.000000
vt 0.312500 1.000000
vt 0.375000 0.000000
vt 0.375000 1.000000
vt 0.437500 0.000000
vt 0.437500 1.000000
vt 0.562500 0.000000
vt 0.562500 1.000000
vt 0.625000 0.000000
vt 0.625000 1.000000
vt 0.687500 0.000000
vt 0.687500 1.000000
vt 0.750000 0.000000
vt 0.750000 1.000000
vt 0.812500 0.000000
vt 0.812500 1.000000
vt 0.875000 0.000000
vt 0.875000 1.000000
vt 0.937500 0.000000
vt 0.937500 1.000000
vt 1.000000 0.000000
vt 1.000000 1.000000
vt 0.025000 0.400000
vt 0.050000 0.400000
vt 0.075000 0.400000
vt 0.100000 0.400000
vt 0.125000 0.400000
vt 0.150000 0.400000
vt 0.175000 0.400000
vt 0.200000 0.400000
vt 0.225000 0.000000
vt 0.225000 0.400000
vt 0.250000 0.400000
vt 0.275000 0.000000
vt 0.275000 0.400000
vt 0.300000 0.400000
vt 0.325000 0.000000
vt 0.325000 0.400000
vt 0.350000 0.000000
vt 0.350000 0.400000
vt 0.375000 0.400000
vt 0.062500 0.112720
vt 0.000000 0.112720
vt 0.125000 0.112720
vt 0.187500 0.112720
vt 0.250000 0.112720
vt 0.312500 0.112720
vt 0.375000 0.112720
vt 0.437500 0.112720
vt 0.500000 0.112720
vt 0.562500 0.112720
vt 0.625000 0.112720
vt 0.687500 0.112720
vt 0.750000 0.112720
vt 0.812500 0.112720
vt 0.875000 0.112720
vt 0.937500 0.112720
vt 1.000000 0.112720
vt 0.062500 0.217329
vt 0.000000 0.217329
vt 0.125000 0.217329
vt 0.187500 0.217329
vt 0.250000 0.217329
vt 0.312500 0.217329
vt 0.375000 0.217329
vt 0.437500 0.217329
vt 0.500000 0.217329
vt 0.562500 0.217329
vt 0.625000 0.217329
vt 0.687500 0.217329
vt 0.750000 0.217329
vt 0.812500 0.217329
vt 0.875000 0.217329
vt 0.937500 0.217329
vt 1.000000 0.217329
vt 0.062500 0.315416
vt 0.000000 0.315416
vt 0.125000 0.315416
vt 0.187500 0.315416
vt 0.250000 0.315416
vt 0.312500 0.315416
vt 0.375000 0.315416
vt 0.437500 0.315416
vt 0.500000 0.315416
vt 0.562500 0.315416
vt 0.625000 0.315416
vt 0.687500 0.315416
vt 0.750000 0.315416
vt 0.812500 0.315416
vt 0.875000 0.315416
vt 0.937500 0.315416
vt 1.000000 0.315416
vt 0.062500 0.408902
vt 0.000000 0.408902
vt 0.125000 0.408902
vt 0.187500 0.408902
vt 0.250000 0.408902
vt 0.312500 0.408902
vt 0.375000 0.408902
vt 0.437500 0.408902
vt 0.500000 0.408902
vt 0.562500 0.408902
vt 0.625000 0.408902
vt 0.687500 0.408902
vt 0.750000 0.408902
vt 0.812500 0.408902
vt 0.875000 0.408902
vt 0.937500 0.408902
vt 1.000000 0.408902
vt 0.062500 0.500000
vt 0.125000 0.500000
vt 0.187500 0.500000
vt 0.250000 0.500000
vt 0.312500 0.500000
vt 0.375000 0.500000
vt 0.437500 0.500000
vt 0.562500 0.500000
vt 0.625000 0.500000
vt 0.687500 0.500000
vt 0.750000 0.500000
vt 0.812500 0.500000
vt 0.875000 0.500000
vt 0.937500 0.500000
vt 0.062500 0.591098
vt 0.000000 0.591098
vt 0.125000 0.591098
vt 0.187500 0.591098
vt 0.250000 0.591098
vt 0.312500 0.591098
vt 0.375000 0.591098
vt 0.437500 0.591098
vt 0.500000 0.591098
vt 0.562500 0.591098
vt 0.625000 0.591098
vt 0.687500 0.591098
vt 0.750000 0.591098
vt 0.812500 0.591098
vt 0.875000 0.591098
vt 0.937500 0.591098
vt 1.000000 0.591098
vt 0.062500 0.684584
vt 0.000000 0.684584
vt 0.125000 0.684584
vt 0.187500 0.684584
vt 0.250000 0.684584
vt 0.312500 0.684584
vt 0.375000 0.684584
vt 0.437500 0.684584
vt 0.500000 0.684584
vt 0.562500 0.684584
vt 0.625000 0.684584
vt 0.687500 0.684584
vt 0.750000 0.684584
vt 0.812500 0.684584
vt 0.875000 0.684584
vt 0.937500 0.684584
vt 1.000000 0.684584
vt 0.062500 0.782671
vt 0.000000 0.782671
vt 0.125000 0.782671
vt 0.187500 0.782671
vt 0.250000 0.782671
vt 0.312500 0.782671
vt 0.375000 0.782671
vt 0.437500 0.782671
vt 0.500000 0.782671
vt 0.562500 0.782671
vt 0.625000 0.782671
vt 0.687500 0.782671
vt 0.750000 0.782671
vt 0.812500 0.782671
vt 0.875000 0.782671
vt 0.937500 0.782671
vt 1.000000 0.782671
vt 0.062500 0.887280
vt 0.000000 0.887280
vt 0.125000 0.887280
vt 0.187500 0.887280
vt 0.250000 0.887280
vt 0.312500 0.887280
vt 0.375000 0.887280
vt 0.437500 0.887280
vt 0.500000 0.887280
vt 0.562500 0.887280
vt 0.625000 0.887280
vt 0.687500 0.887280
vt 0.750000 0.887280
vt 0.812500 0.887280
vt 0.875000 0.887280
vt 0.937500 0.887280
vt 1.000000 0.887280
o body
usemtl steel
f 929/4/31 930/3/31 931/2/31 932/1/31
f 933/4/32 934/3/32 935/2/32 936/1/32
f 929/4/33 932/3/33 934/2/33 933/1/33
f 930/4/34 936/3/34 935/2/34 931/1/34
f 929/4/35 933/3/35 936/2/35 930/1/35
f 932/4/36 931/3/36 935/2/36 934/1/36
f 932/4/31 931/3/31 937/2/31 938/1/31
f 934/4/32 939/3/32 940/2/32 935/1/32
f 932/4/33 938/3/33 939/2/33 934/1/33
f 931/4/34 935/3/34 940/2/34 937/1/34
f 932/4/35 934/3/35 935/2/35 931/1/35
f 938/4/36 937/3/36 940/2/36 939/1/36
f 938/4/31 937/3/31 941/2/31 942/1/31
f 939/4/32 943/3/32 944/2/32 940/1/32
f 938/4/33 942/3/33 943/2/33 939/1/33
f 937/4/34 940/3/34 944/2/34 941/1/34
f 938/4/35 939/3/35 940/2/35 937/1/35
f 942/4/36 941/3/36 944/2/36 943/1/36
f 942/4/31 941/3/31 945/2/31 946/1/31
f 943/4/32 947/3/32 948/2/32 944/1/32
f 942/4/33 946/3/33 947/2/33 943/1/33
f 941/4/34 944/3/34 948/2/34 945/1/34
f 942/4/35 943/3/35 944/2/35 941/1/35
f 946/4/36 945/3/36 948/2/36 947/1/36
f 946/4/31 945/3/31 949/2/31 950/1/31
f 947/4/32 951/3/32 952/2/32 948/1/32
f 946/4/33 950/3/33 951/2/33 947/1/33
f 945/4/34 948/3/34 952/2/34 949/1/34
f 946/4/35 947/3/35 948/2/35 945/1/35
f 950/4/36 949/3/36 952/2/36 951/1/36
f 950/4/31 949/3/31 953/2/31 954/1/31
f 951/4/32 955/3/32 956/2/32 952/1/32
f 950/4/33 954/3/33 955/2/33 951/1/33
f 949/4/34 952/3/34 956/2/34 953/1/34
f 950/4/35 951/3/35 952/2/35 949/1/35
f 954/4/36 953/3/36 956/2/36 955/1/36
f 954/4/31 953/3/31 957/2/31 958/1/31
f 955/4/32 959/3/32 960/2/32 956/1/32
f 954/4/33 958/3/33 959/2/33 955/1/33
f 953/4/34 956/3/34 960/2/34 957/1/34
f 954/4/35 955/3/35 956/2/35 953/1/35
f 958/4/36 957/3/36 960/2/36 959/1/36
f 958/4/31 957/3/31 961/2/31 962/1/31
f 959/4/32 963/3/32 964/2/32 960/1/32
f 958/4/33 962/3/33 963/2/33 959/1/33
f 957/4/34 960/3/34 964/2/34 961/1/34
f 958/4/35 959/3/35 960/2/35 957/1/35
f 962/4/36 961/3/36 964/2/36 963/1/36
f 965/4/5 966/3/5 967/2/5 968/1/5
f 969/4/6 970/3/6 971/2/6 972/1/6
f 965/4/3 968/3/3 970/2/3 969/1/3
f 966/4/4 972/3/4 971/2/4 967/1/4
f 965/4/1 969/3/1 972/2/1 966/1/1
f 968/4/2 967/3/2 971/2/2 970/1/2
f 973/4/37 974/3/37 975/2/37 976/1/37
f 977/4/38 978/3/38 979/2/38 980/1/38
f 973/4/39 976/3/39 978/2/39 977/1/39
f 974/4/40 980/3/40 979/2/40 975/1/40
f 973/4/41 977/3/41 980/2/41 974/1/41
f 976/4/42 975/3/42 979/2/42 978/1/42
f 976/4/37 975/3/37 981/2/37 982/1/37
f 978/4/38 983/3/38 984/2/38 979/1/38
f 976/4/39 982/3/39 983/2/39 978/1/39
f 975/4/40 979/3/40 984/2/40 981/1/40
f 976/4/41 978/3/41 979/2/41 975/1/41
f 982/4/42 981/3/42 984/2/42 983/1/42
f 982/4/37 981/3/37 985/2/37 986/1/37
f 983/4/38 987/3/38 988/2/38 984/1/38
f 982/4/39 986/3/39 987/2/39 983/1/39
f 981/4/40 984/3/40 988/2/40 985/1/40
f 982/4/41 983/3/41 984/2/41 981/1/41
f 986/4/42 985/3/42 988/2/42 987/1/42
f 986/4/37 985/3/37 989/2/37 990/1/37
f 987/4/38 991/3/38 992/2/38 988/1/38
f 986/4/39 990/3/39 991/2/39 987/1/39
f 985/4/40 988/3/40 992/2/40 989/1/40
f 986/4/41 987/3/41 988/2/41 985/1/41
f 990/4/42 989/3/42 992/2/42 991/1/42
f 990/4/37 989/3/37 993/2/37 994/1/37
f 991/4/38 995/3/38 996/2/38 992/1/38
f 990/4/39 994/3/39 995/2/39 991/1/39
f 989/4/40 992/3/40 996/2/40 993/1/40
f 990/4/41 991/3/41 992/2/41 989/1/41
f 994/4/42 993/3/42 996/2/42 995/1/42
f 994/4/37 993/3/37 997/2/37 998/1/37
f 995/4/38 999/3/38 1000/2/38 996/1/38
f 994/4/39 998/3/39 999/2/39 995/1/39
f 993/4/40 996/3/40 1000/2/40 997/1/40
f 994/4/41 995/3/41 996/2/41 993/1/41
f 998/4/42 997/3/42 1000/2/42 999/1/42
f 998/4/37 997/3/37 1001/2/37 1002/1/37
f 999/4/38 1003/3/38 1004/2/38 1000/1/38
f 998/4/39 1002/3/39 1003/2/39 999/1/39
f 997/4/40 1000/3/40 1004/2/40 1001/1/40
f 998/4/41 999/3/41 1000/2/41 997/1/41
f 1002/4/42 1001/3/42 1004/2/42 1003/1/42
f 1002/4/37 1001/3/37 1005/2/37 1006/1/37
f 1003/4/38 1007/3/38 1008/2/38 1004/1/38
f 1002/4/39 1006/3/39 1007/2/39 1003/1/39
f 1001/4/40 1004/3/40 1008/2/40 1005/1/40
f 1002/4/41 1003/3/41 1004/2/41 1001/1/41
f 1006/4/42 1005/3/42 1008/2/42 1007/1/42
f 1009/4/5 1010/3/5 1011/2/5 1012/1/5
f 1013/4/6 1014/3/6 1015/2/6 1016/1/6
f 1009/4/3 1012/3/3 1014/2/3 1013/1/3
f 1010/4/4 1016/3/4 1015/2/4 1011/1/4
f 1009/4/1 1013/3/1 1016/2/1 1010/1/1
f 1012/4/2 1011/3/2 1015/2/2 1014/1/2
f 1017/4/43 1018/3/43 1019/2/43 1020/1/43
f 1021/4/44 1022/3/44 1023/2/44 1024/1/44
f 1017/4/33 1020/3/33 1022/2/33 1021/1/33
f 1018/4/34 1024/3/34 1023/2/34 1019/1/34
f 1017/4/45 1021/3/45 1024/2/45 1018/1/45
f 1020/4/46 1019/3/46 1023/2/46 1022/1/46
f 1020/4/43 1019/3/43 1025/2/43 1026/1/43
f 1022/4/44 1027/3/44 1028/2/44 1023/1/44
f 1020/4/33 1026/3/33 1027/2/33 1022/1/33
f 1019/4/34 1023/3/34 1028/2/34 1025/1/34
f 1020/4/45 1022/3/45 1023/2/45 1019/1/45
f 1026/4/46 1025/3/46 1028/2/46 1027/1/46
f 1026/4/43 1025/3/43 1029/2/43 1030/1/43
f 1027/4/44 1031/3/44 1032/2/44 1028/1/44
f 1026/4/33 1030/3/33 1031/2/33 1027/1/33
f 1025/4/34 1028/3/34 1032/2/34 1029/1/34
f 1026/4/45 1027/3/45 1028/2/45 1025/1/45
f 1030/4/46 1029/3/46 1032/2/46 1031/1/46
f 1030/4/43 1029/3/43 1033/2/43 1034/1/43
f 1031/4/44 1035/3/44 1036/2/44 1032/1/44
f 1030/4/33 1034/3/33 1035/2/33 1031/1/33
f 1029/4/34 1032/3/34 1036/2/34 1033/1/34
f 1030/4/45 1031/3/45 1032/2/45 1029/1/45
f 1034/4/46 1033/3/46 1036/2/46 1035/1/46
f 1034/4/43 1033/3/43 1037/2/43 1038/1/43
f 1035/4/44 1039/3/44 1040/2/44 1036/1/44
f 1034/4/33 1038/3/33 1039/2/33 1035/1/33
f 1033/4/34 1036/3/34 1040/2/34 1037/1/34
f 1034/4/45 1035/3/45 1036/2/45 1033/1/45
f 1038/4/46 1037/3/46 1040/2/46 1039/1/46
f 1038/4/43 1037/3/43 1041/2/43 1042/1/43
f 1039/4/44 1043/3/44 1044/2/44 1040/1/44
f 1038/4/33 1042/3/33 1043/2/33 1039/1/33
f 1037/4/34 1040/3/34 1044/2/34 1041/1/34
f 1038/4/45 1039/3/45 1040/2/45 1037/1/45
f 1042/4/46 1041/3/46 1044/2/46 1043/1/46
f 1042/4/43 1041/3/43 1045/2/43 1046/1/43
f 1043/4/44 1047/3/44 1048/2/44 1044/1/44
f 1042/4/33 1046/3/33 1047/2/33 1043/1/33
f 1041/4/34 1044/3/34 1048/2/34 1045/1/34
f 1042/4/45 1043/3/45 1044/2/45 1041/1/45
f 1046/4/46 1045/3/46 1048/2/46 1047/1/46
f 1046/4/43 1045/3/43 1049/2/43 1050/1/43
f 1047/4/44 1051/3/44 1052/2/44 1048/1/44
f 1046/4/33 1050/3/33 1051/2/33 1047/1/33
f 1045/4/34 1048/3/34 1052/2/34 1049/1/34
f 1046/4/45 1047/3/45 1048/2/45 1045/1/45
f 1050/4/46 1049/3/46 1052/2/46 1051/1/46
f 1053/4/5 1054/3/5 1055/2/5 1056/1/5
f 1057/4/6 1058/3/6 1059/2/6 1060/1/6
f 1053/4/3 1056/3/3 1058/2/3 1057/1/3
f 1054/4/4 1060/3/4 1059/2/4 1055/1/4
f 1053/4/1 1057/3/1 1060/2/1 1054/1/1
f 1056/4/2 1055/3/2 1059/2/2 1058/1/2
f 1061/4/47 1062/3/47 1063/2/47 1064/1/47
f 1065/4/48 1066/3/48 1067/2/48 1068/1/48
f 1061/4/39 1064/3/39 1066/2/39 1065/1/39
f 1062/4/40 1068/3/40 1067/2/40 1063/1/40
f 1061/4/49 1065/3/49 1068/2/49 1062/1/49
f 1064/4/50 1063/3/50 1067/2/50 1066/1/50
f 1064/4/47 1063/3/47 1069/2/47 1070/1/47
f 1066/4/48 1071/3/48 1072/2/48 1067/1/48
f 1064/4/39 1070/3/39 1071/2/39 1066/1/39
f 1063/4/40 1067/3/40 1072/2/40 1069/1/40
f 1064/4/49 1066/3/49 1067/2/49 1063/1/49
f 1070/4/50 1069/3/50 1072/2/50 1071/1/50
f 1070/4/47 1069/3/47 1073/2/47 1074/1/47
f 1071/4/48 1075/3/48 1076/2/48 1072/1/48
f 1070/4/39 1074/3/39 1075/2/39 1071/1/39
f 1069/4/40 1072/3/40 1076/2/40 1073/1/40
f 1070/4/49 1071/3/49 1072/2/49 1069/1/49
f 1074/4/50 1073/3/50 1076/2/50 1075/1/50
f 1074/4/47 1073/3/47 1077/2/47 1078/1/47
f 1075/4/48 1079/3/48 1080/2/48 1076/1/48
f 1074/4/39 1078/3/39 1079/2/39 1075/1/39
f 1073/4/40 1076/3/40 1080/2/40 1077/1/40
f 1074/4/49 1075/3/49 1076/2/49 1073/1/49
f 1078/4/50 1077/3/50 1080/2/50 1079/1/50
f 1078/4/47 1077/3/47 1081/2/47 1082/1/47
f 1079/4/48 1083/3/48 1084/2/48 1080/1/48
f 1078/4/39 1082/3/39 1083/2/39 1079/1/39
f 1077/4/40 1080/3/40 1084/2/40 1081/1/40
f 1078/4/49 1079/3/49 1080/2/49 1077/1/49
f 1082/4/50 1081/3/50 1084/2/50 1083/1/50
f 1082/4/47 1081/3/47 1085/2/47 1086/1/47
f 1083/4/48 1087/3/48 1088/2/48 1084/1/48
f 1082/4/39 1086/3/39 1087/2/39 1083/1/39
f 1081/4/40 1084/3/40 1088/2/40 1085/1/40
f 1082/4/49 1083/3/49 1084/2/49 1081/1/49
f 1086/4/50 1085/3/50 1088/2/50 1087/1/50
f 1086/4/47 1085/3/47 1089/2/47 1090/1/47
f 1087/4/48 1091/3/48 1092/2/48 1088/1/48
f 1086/4/39 1090/3/39 1091/2/39 1087/1/39
f 1085/4/40 1088/3/40 1092/2/40 1089/1/40
f 1086/4/49 1087/3/49 1088/2/49 1085/1/49
f 1090/4/50 1089/3/50 1092/2/50 1091/1/50
f 1090/4/47 1089/3/47 1093/2/47 1094/1/47
f 1091/4/48 1095/3/48 1096/2/48 1092/1/48
f 1090/4/39 1094/3/39 1095/2/39 1091/1/39
f 1089/4/40 1092/3/40 1096/2/40 1093/1/40
f 1090/4/49 1091/3/49 1092/2/49 1089/1/49
f 1094/4/50 1093/3/50 1096/2/50 1095/1/50
f 1097/4/5 1098/3/5 1099/2/5 1100/1/5
f 1101/4/6 1102/3/6 1103/2/6 1104/1/6
f 1097/4/3 1100/3/3 1102/2/3 1101/1/3
f 1098/4/4 1104/3/4 1103/2/4 1099/1/4
f 1097/4/1 1101/3/1 1104/2/1 1098/1/1
f 1100/4/2 1099/3/2 1103/2/2 1102/1/2
f 1105/4/1 1106/64/1 1107/65/1 1108/66/1
f 1109/4/2 1110/64/2 1111/65/2 1112/66/2
f 1105/4/4 1108/64/4 1110/65/4 1109/66/4
f 1106/4/3 1112/64/3 1111/65/3 1107/66/3
f 1105/4/5 1109/64/5 1112/65/5 1106/66/5
f 1108/4/6 1107/64/6 1111/65/6 1110/66/6
f 1113/4/1 1114/64/1 1115/65/1 1116/66/1
f 1117/4/2 1118/64/2 1119/65/2 1120/66/2
f 1113/4/5 1116/64/5 1118/65/5 1117/66/5
f 1114/4/6 1120/64/6 1119/65/6 1115/66/6
f 1113/4/3 1117/64/3 1120/65/3 1114/66/3
f 1116/4/4 1115/64/4 1119/65/4 1118/66/4
f 1121/4/1 1122/64/1 1123/65/1 1124/66/1
f 1125/4/2 1126/64/2 1127/65/2 1128/66/2
f 1121/4/3 1124/64/3 1126/65/3 1125/66/3
f 1122/4/4 1128/64/4 1127/65/4 1123/66/4
f 1121/4/6 1125/64/6 1128/65/6 1122/66/6
f 1124/4/5 1123/64/5 1127/65/5 1126/66/5
f 1129/4/1 1130/64/1 1131/65/1 1132/66/1
f 1133/4/2 1134/64/2 1135/65/2 1136/66/2
f 1129/4/6 1132/64/6 1134/65/6 1133/66/6
f 1130/4/5 1136/64/5 1135/65/5 1131/66/5
f 1129/4/4 1133/64/4 1136/65/4 1130/66/4
f 1132/4/3 1131/64/3 1135/65/3 1134/66/3
f 1137/4/1 1138/64/1 1139/65/1 1140/66/1
f 1141/4/2 1142/64/2 1143/65/2 1144/66/2
f 1137/4/4 1140/64/4 1142/65/4 1141/66/4
f 1138/4/3 1144/64/3 1143/65/3 1139/66/3
f 1137/4/5 1141/64/5 1144/65/5 1138/66/5
f 1140/4/6 1139/64/6 1143/65/6 1142/66/6
f 1145/4/1 1146/64/1 1147/65/1 1148/66/1
f 1149/4/2 1150/64/2 1151/65/2 1152/66/2
f 1145/4/5 1148/64/5 1150/65/5 1149/66/5
f 1146/4/6 1152/64/6 1151/65/6 1147/66/6
f 1145/4/3 1149/64/3 1152/65/3 1146/66/3
f 1148/4/4 1147/64/4 1151/65/4 1150/66/4
f 1153/4/1 1154/64/1 1155/65/1 1156/66/1
f 1157/4/2 1158/64/2 1159/65/2 1160/66/2
f 1153/4/3 1156/64/3 1158/65/3 1157/66/3
f 1154/4/4 1160/64/4 1159/65/4 1155/66/4
f 1153/4/6 1157/64/6 1160/65/6 1154/66/6
f 1156/4/5 1155/64/5 1159/65/5 1158/66/5
f 1161/4/1 1162/64/1 1163/65/1 1164/66/1
f 1165/4/2 1166/64/2 1167/65/2 1168/66/2
f 1161/4/6 1164/64/6 1166/65/6 1165/66/6
f 1162/4/5 1168/64/5 1167/65/5 1163/66/5
f 1161/4/4 1165/64/4 1168/65/4 1162/66/4
f 1164/4/3 1163/64/3 1167/65/3 1166/66/3
f 1169/4/1 1170/64/1 1171/65/1 1172/66/1
f 1173/4/2 1174/64/2 1175/65/2 1176/66/2
f 1169/4/4 1172/64/4 1174/65/4 1173/66/4
f 1170/4/3 1176/64/3 1175/65/3 1171/66/3
f 1169/4/5 1173/64/5 1176/65/5 1170/66/5
f 1172/4/6 1171/64/6 1175/65/6 1174/66/6
f 1177/4/1 1178/64/1 1179/65/1 1180/66/1
f 1181/4/2 1182/64/2 1183/65/2 1184/66/2
f 1177/4/5 1180/64/5 1182/65/5 1181/66/5
f 1178/4/6 1184/64/6 1183/65/6 1179/66/6
f 1177/4/3 1181/64/3 1184/65/3 1178/66/3
f 1180/4/4 1179/64/4 1183/65/4 1182/66/4
f 1185/4/1 1186/64/1 1187/65/1 1188/66/1
f 1189/4/2 1190/64/2 1191/65/2 1192/66/2
f 1185/4/3 1188/64/3 1190/65/3 1189/66/3
f 1186/4/4 1192/64/4 1191/65/4 1187/66/4
f 1185/4/6 1189/64/6 1192/65/6 1186/66/6
f 1188/4/5 1187/64/5 1191/65/5 1190/66/5
f 1193/4/1 1194/64/1 1195/65/1 1196/66/1
f 1197/4/2 1198/64/2 1199/65/2 1200/66/2
f 1193/4/6 1196/64/6 1198/65/6 1197/66/6
f 1194/4/5 1200/64/5 1199/65/5 1195/66/5
f 1193/4/4 1197/64/4 1200/65/4 1194/66/4
f 1196/4/3 1195/64/3 1199/65/3 1198/66/3
f 1201/4/1 1202/64/1 1203/65/1 1204/66/1
f 1205/4/2 1206/64/2 1207/65/2 1208/66/2
f 1201/4/4 1204/64/4 1206/65/4 1205/66/4
f 1202/4/3 1208/64/3 1207/65/3 1203/66/3
f 1201/4/5 1205/64/5 1208/65/5 1202/66/5
f 1204/4/6 1203/64/6 1207/65/6 1206/66/6
f 1209/4/1 1210/64/1 1211/65/1 1212/66/1
f 1213/4/2 1214/64/2 1215/65/2 1216/66/2
f 1209/4/5 1212/64/5 1214/65/5 1213/66/5
f 1210/4/6 1216/64/6 1215/65/6 1211/66/6
f 1209/4/3 1213/64/3 1216/65/3 1210/66/3
f 1212/4/4 1211/64/4 1215/65/4 1214/66/4
f 1217/4/1 1218/64/1 1219/65/1 1220/66/1
f 1221/4/2 1222/64/2 1223/65/2 1224/66/2
f 1217/4/3 1220/64/3 1222/65/3 1221/66/3
f 1218/4/4 1224/64/4 1223/65/4 1219/66/4
f 1217/4/6 1221/64/6 1224/65/6 1218/66/6
f 1220/4/5 1219/64/5 1223/65/5 1222/66/5
f 1225/4/1 1226/64/1 1227/65/1 1228/66/1
f 1229/4/2 1230/64/2 1231/65/2 1232/66/2
f 1225/4/6 1228/64/6 1230/65/6 1229/66/6
f 1226/4/5 1232/64/5 1231/65/5 1227/66/5
f 1225/4/4 1229/64/4 1232/65/4 1226/66/4
f 1228/4/3 1227/64/3 1231/65/3 1230/66/3
f 1233/4/1 1234/64/1 1235/65/1 1236/66/1
f 1237/4/2 1238/64/2 1239/65/2 1240/66/2
f 1233/4/4 1236/64/4 1238/65/4 1237/66/4
f 1234/4/3 1240/64/3 1239/65/3 1235/66/3
f 1233/4/5 1237/64/5 1240/65/5 1234/66/5
f 1236/4/6 1235/64/6 1239/65/6 1238/66/6
f 1241/4/1 1242/64/1 1243/65/1 1244/66/1
f 1245/4/2 1246/64/2 1247/65/2 1248/66/2
f 1241/4/5 1244/64/5 1246/65/5 1245/66/5
f 1242/4/6 1248/64/6 1247/65/6 1243/66/6
f 1241/4/3 1245/64/3 1248/65/3 1242/66/3
f 1244/4/4 1243/64/4 1247/65/4 1246/66/4
f 1249/4/1 1250/64/1 1251/65/1 1252/66/1
f 1253/4/2 1254/64/2 1255/65/2 1256/66/2
f 1249/4/3 1252/64/3 1254/65/3 1253/66/3
f 1250/4/4 1256/64/4 1255/65/4 1251/66/4
f 1249/4/6 1253/64/6 1256/65/6 1250/66/6
f 1252/4/5 1251/64/5 1255/65/5 1254/66/5
f 1257/4/1 1258/64/1 1259/65/1 1260/66/1
f 1261/4/2 1262/64/2 1263/65/2 1264/66/2
f 1257/4/6 1260/64/6 1262/65/6 1261/66/6
f 1258/4/5 1264/64/5 1263/65/5 1259/66/5
f 1257/4/4 1261/64/4 1264/65/4 1258/66/4
f 1260/4/3 1259/64/3 1263/65/3 1262/66/3
f 1265/4/1 1266/64/1 1267/65/1 1268/66/1
f 1269/4/2 1270/64/2 1271/65/2 1272/66/2
f 1265/4/4 1268/64/4 1270/65/4 1269/66/4
f 1266/4/3 1272/64/3 1271/65/3 1267/66/3
f 1265/4/5 1269/64/5 1272/65/5 1266/66/5
f 1268/4/6 1267/64/6 1271/65/6 1270/66/6
f 1273/4/1 1274/64/1 1275/65/1 1276/66/1
f 1277/4/2 1278/64/2 1279/65/2 1280/66/2
f 1273/4/5 1276/64/5 1278/65/5 1277/66/5
f 1274/4/6 1280/64/6 1279/65/6 1275/66/6
f 1273/4/3 1277/64/3 1280/65/3 1274/66/3
f 1276/4/4 1275/64/4 1279/65/4 1278/66/4
f 1281/4/1 1282/64/1 1283/65/1 1284/66/1
f 1285/4/2 1286/64/2 1287/65/2 1288/66/2
f 1281/4/3 1284/64/3 1286/65/3 1285/66/3
f 1282/4/4 1288/64/4 1287/65/4 1283/66/4
f 1281/4/6 1285/64/6 1288/65/6 1282/66/6
f 1284/4/5 1283/64/5 1287/65/5 1286/66/5
f 1289/4/1 1290/64/1 1291/65/1 1292/66/1
f 1293/4/2 1294/64/2 1295/65/2 1296/66/2
f 1289/4/6 1292/64/6 1294/65/6 1293/66/6
f 1290/4/5 1296/64/5 1295/65/5 1291/66/5
f 1289/4/4 1293/64/4 1296/65/4 1290/66/4
f 1292/4/3 1291/64/3 1295/65/3 1294/66/3
f 1297/4/1 1298/64/1 1299/65/1 1300/66/1
f 1301/4/2 1302/64/2 1303/65/2 1304/66/2
f 1297/4/4 1300/64/4 1302/65/4 1301/66/4
f 1298/4/3 1304/64/3 1303/65/3 1299/66/3
f 1297/4/5 1301/64/5 1304/65/5 1298/66/5
f 1300/4/6 1299/64/6 1303/65/6 1302/66/6
f 1305/4/1 1306/64/1 1307/65/1 1308/66/1
f 1309/4/2 1310/64/2 1311/65/2 1312/66/2
f 1305/4/5 1308/64/5 1310/65/5 1309/66/5
f 1306/4/6 1312/64/6 1311/65/6 1307/66/6
f 1305/4/3 1309/64/3 1312/65/3 1306/66/3
f 1308/4/4 1307/64/4 1311/65/4 1310/66/4
f 1313/4/1 1314/64/1 1315/65/1 1316/66/1
f 1317/4/2 1318/64/2 1319/65/2 1320/66/2
f 1313/4/3 1316/64/3 1318/65/3 1317/66/3
f 1314/4/4 1320/64/4 1319/65/4 1315/66/4
f 1313/4/6 1317/64/6 1320/65/6 1314/66/6
f 1316/4/5 1315/64/5 1319/65/5 1318/66/5
f 1321/4/1 1322/64/1 1323/65/1 1324/66/1
f 1325/4/2 1326/64/2 1327/65/2 1328/66/2
f 1321/4/6 1324/64/6 1326/65/6 1325/66/6
f 1322/4/5 1328/64/5 1327/65/5 1323/66/5
f 1321/4/4 1325/64/4 1328/65/4 1322/66/4
f 1324/4/3 1323/64/3 1327/65/3 1326/66/3
f 1329/4/1 1330/64/1 1331/65/1 1332/66/1
f 1333/4/2 1334/64/2 1335/65/2 1336/66/2
f 1329/4/4 1332/64/4 1334/65/4 1333/66/4
f 1330/4/3 1336/64/3 1335/65/3 1331/66/3
f 1329/4/5 1333/64/5 1336/65/5 1330/66/5
f 1332/4/6 1331/64/6 1335/65/6 1334/66/6
f 1337/4/1 1338/64/1 1339/65/1 1340/66/1
f 1341/4/2 1342/64/2 1343/65/2 1344/66/2
f 1337/4/5 1340/64/5 1342/65/5 1341/66/5
f 1338/4/6 1344/64/6 1343/65/6 1339/66/6
f 1337/4/3 1341/64/3 1344/65/3 1338/66/3
f 1340/4/4 1339/64/4 1343/65/4 1342/66/4
f 1345/4/1 1346/64/1 1347/65/1 1348/66/1
f 1349/4/2 1350/64/2 1351/65/2 1352/66/2
f 1345/4/3 1348/64/3 1350/65/3 1349/66/3
f 1346/4/4 1352/64/4 1351/65/4 1347/66/4
f 1345/4/6 1349/64/6 1352/65/6 1346/66/6
f 1348/4/5 1347/64/5 1351/65/5 1350/66/5
f 1353/4/1 1354/64/1 1355/65/1 1356/66/1
f 1357/4/2 1358/64/2 1359/65/2 1360/66/2
f 1353/4/6 1356/64/6 1358/65/6 1357/66/6
f 1354/4/5 1360/64/5 1359/65/5 1355/66/5
f 1353/4/4 1357/64/4 1360/65/4 1354/66/4
f 1356/4/3 1355/64/3 1359/65/3 1358/66/3
f 1361/4/1 1362/64/1 1363/65/1 1364/66/1
f 1365/4/2 1366/64/2 1367/65/2 1368/66/2
f 1361/4/4 1364/64/4 1366/65/4 1365/66/4
f 1362/4/3 1368/64/3 1367/65/3 1363/66/3
f 1361/4/5 1365/64/5 1368/65/5 1362/66/5
f 1364/4/6 1363/64/6 1367/65/6 1366/66/6
f 1369/4/1 1370/64/1 1371/65/1 1372/66/1
f 1373/4/2 1374/64/2 1375/65/2 1376/66/2
f 1369/4/5 1372/64/5 1374/65/5 1373/66/5
f 1370/4/6 1376/64/6 1375/65/6 1371/66/6
f 1369/4/3 1373/64/3 1376/65/3 1370/66/3
f 1372/4/4 1371/64/4 1375/65/4 1374/66/4
f 1377/4/1 1378/64/1 1379/65/1 1380/66/1
f 1381/4/2 1382/64/2 1383/65/2 1384/66/2
f 1377/4/3 1380/64/3 1382/65/3 1381/66/3
f 1378/4/4 1384/64/4 1383/65/4 1379/66/4
f 1377/4/6 1381/64/6 1384/65/6 1378/66/6
f 1380/4/5 1379/64/5 1383/65/5 1382/66/5
f 1385/4/1 1386/64/1 1387/65/1 1388/66/1
f 1389/4/2 1390/64/2 1391/65/2 1392/66/2
f 1385/4/6 1388/64/6 1390/65/6 1389/66/6
f 1386/4/5 1392/64/5 1391/65/5 1387/66/5
f 1385/4/4 1389/64/4 1392/65/4 1386/66/4
f 1388/4/3 1387/64/3 1391/65/3 1390/66/3
f 1393/4/1 1394/64/1 1395/65/1 1396/66/1
f 1397/4/2 1398/64/2 1399/65/2 1400/66/2
f 1393/4/4 1396/64/4 1398/65/4 1397/66/4
f 1394/4/3 1400/64/3 1399/65/3 1395/66/3
f 1393/4/5 1397/64/5 1400/65/5 1394/66/5
f 1396/4/6 1395/64/6 1399/65/6 1398/66/6
f 1401/4/1 1402/64/1 1403/65/1 1404/66/1
f 1405/4/2 1406/64/2 1407/65/2 1408/66/2
f 1401/4/5 1404/64/5 1406/65/5 1405/66/5
f 1402/4/6 1408/64/6 1407/65/6 1403/66/6
f 1401/4/3 1405/64/3 1408/65/3 1402/66/3
f 1404/4/4 1403/64/4 1407/65/4 1406/66/4
f 1409/4/1 1410/64/1 1411/65/1 1412/66/1
f 1413/4/2 1414/64/2 1415/65/2 1416/66/2
f 1409/4/3 1412/64/3 1414/65/3 1413/66/3
f 1410/4/4 1416/64/4 1415/65/4 1411/66/4
f 1409/4/6 1413/64/6 1416/65/6 1410/66/6
f 1412/4/5 1411/64/5 1415/65/5 1414/66/5
f 1417/4/1 1418/64/1 1419/65/1 1420/66/1
f 1421/4/2 1422/64/2 1423/65/2 1424/66/2
f 1417/4/6 1420/64/6 1422/65/6 1421/66/6
f 1418/4/5 1424/64/5 1423/65/5 1419/66/5
f 1417/4/4 1421/64/4 1424/65/4 1418/66/4
f 1420/4/3 1419/64/3 1423/65/3 1422/66/3
f 1425/4/1 1426/64/1 1427/65/1 1428/66/1
f 1429/4/2 1430/64/2 1431/65/2 1432/66/2
f 1425/4/4 1428/64/4 1430/65/4 1429/66/4
f 1426/4/3 1432/64/3 1431/65/3 1427/66/3
f 1425/4/5 1429/64/5 1432/65/5 1426/66/5
f 1428/4/6 1427/64/6 1431/65/6 1430/66/6
f 1433/4/1 1434/64/1 1435/65/1 1436/66/1
f 1437/4/2 1438/64/2 1439/65/2 1440/66/2
f 1433/4/5 1436/64/5 1438/65/5 1437/66/5
f 1434/4/6 1440/64/6 1439/65/6 1435/66/6
f 1433/4/3 1437/64/3 1440/65/3 1434/66/3
f 1436/4/4 1435/64/4 1439/65/4 1438/66/4
f 1441/4/1 1442/64/1 1443/65/1 1444/66/1
f 1445/4/2 1446/64/2 1447/65/2 1448/66/2
f 1441/4/3 1444/64/3 1446/65/3 1445/66/3
f 1442/4/4 1448/64/4 1447/65/4 1443/66/4
f 1441/4/6 1445/64/6 1448/65/6 1442/66/6
f 1444/4/5 1443/64/5 1447/65/5 1446/66/5
f 1449/4/1 1450/64/1 1451/65/1 1452/66/1
f 1453/4/2 1454/64/2 1455/65/2 1456/66/2
f 1449/4/6 1452/64/6 1454/65/6 1453/66/6
f 1450/4/5 1456/64/5 1455/65/5 1451/66/5
f 1449/4/4 1453/64/4 1456/65/4 1450/66/4
f 1452/4/3 1451/64/3 1455/65/3 1454/66/3
f 1457/4/1 1458/64/1 1459/65/1 1460/66/1
f 1461/4/2 1462/64/2 1463/65/2 1464/66/2
f 1457/4/4 1460/64/4 1462/65/4 1461/66/4
f 1458/4/3 1464/64/3 1463/65/3 1459/66/3
f 1457/4/5 1461/64/5 1464/65/5 1458/66/5
f 1460/4/6 1459/64/6 1463/65/6 1462/66/6
f 1465/4/1 1466/64/1 1467/65/1 1468/66/1
f 1469/4/2 1470/64/2 1471/65/2 1472/66/2
f 1465/4/5 1468/64/5 1470/65/5 1469/66/5
f 1466/4/6 1472/64/6 1471/65/6 1467/66/6
f 1465/4/3 1469/64/3 1472/65/3 1466/66/3
f 1468/4/4 1467/64/4 1471/65/4 1470/66/4
f 1473/4/1 1474/64/1 1475/65/1 1476/66/1
f 1477/4/2 1478/64/2 1479/65/2 1480/66/2
f 1473/4/3 1476/64/3 1478/65/3 1477/66/3
f 1474/4/4 1480/64/4 1479/65/4 1475/66/4
f 1473/4/6 1477/64/6 1480/65/6 1474/66/6
f 1476/4/5 1475/64/5 1479/65/5 1478/66/5
f 1481/4/1 1482/64/1 1483/65/1 1484/66/1
f 1485/4/2 1486/64/2 1487/65/2 1488/66/2
f 1481/4/6 1484/64/6 1486/65/6 1485/66/6
f 1482/4/5 1488/64/5 1487/65/5 1483/66/5
f 1481/4/4 1485/64/4 1488/65/4 1482/66/4
f 1484/4/3 1483/64/3 1487/65/3 1486/66/3
f 1489/4/51 1490/64/51 1491/65/51 1492/66/51
f 1493/4/52 1494/64/52 1495/65/52 1496/66/52
f 1489/4/53 1492/64/53 1494/65/53 1493/66/53
f 1490/4/54 1496/64/54 1495/65/54 1491/66/54
f 1489/4/55 1493/64/55 1496/65/55 1490/66/55
f 1492/4/56 1491/64/56 1495/65/56 1494/66/56
f 1497/4/57 1498/64/57 1499/65/57 1500/66/57
f 1501/4/58 1502/64/58 1503/65/58 1504/66/58
f 1497/4/59 1500/64/59 1502/65/59 1501/66/59
f 1498/4/60 1504/64/60 1503/65/60 1499/66/60
f 1497/4/61 1501/64/61 1504/65/61 1498/66/61
f 1500/4/62 1499/64/62 1503/65/62 1502/66/62
f 1505/4/63 1506/64/63 1507/65/63 1508/66/63
f 1509/4/64 1510/64/64 1511/65/64 1512/66/64
f 1505/4/54 1508/64/54 1510/65/54 1509/66/54
f 1506/4/53 1512/64/53 1511/65/53 1507/66/53
f 1505/4/65 1509/64/65 1512/65/65 1506/66/65
f 1508/4/66 1507/64/66 1511/65/66 1510/66/66
f 1513/4/67 1514/64/67 1515/65/67 1516/66/67
f 1517/4/68 1518/64/68 1519/65/68 1520/66/68
f 1513/4/60 1516/64/60 1518/65/60 1517/66/60
f 1514/4/59 1520/64/59 1519/65/59 1515/66/59
f 1513/4/69 1517/64/69 1520/65/69 1514/66/69
f 1516/4/70 1515/64/70 1519/65/70 1518/66/70
f 1521/4/71 1522/64/71 1523/65/71 1524/66/71
f 1525/4/72 1526/64/72 1527/65/72 1528/66/72
f 1521/4/73 1524/64/73 1526/65/73 1525/66/73
f 1522/4/74 1528/64/74 1527/65/74 1523/66/74
f 1521/4/75 1525/64/75 1528/65/75 1522/66/75
f 1524/4/76 1523/64/76 1527/65/76 1526/66/76
f 1529/4/77 1530/64/77 1531/65/77 1532/66/77
f 1533/4/78 1534/64/78 1535/65/78 1536/66/78
f 1529/4/79 1532/64/79 1534/65/79 1533/66/79
f 1530/4/80 1536/64/80 1535/65/80 1531/66/80
f 1529/4/81 1533/64/81 1536/65/81 1530/66/81
f 1532/4/82 1531/64/82 1535/65/82 1534/66/82
f 1537/4/83 1538/64/83 1539/65/83 1540/66/83
f 1541/4/84 1542/64/84 1543/65/84 1544/66/84
f 1537/4/74 1540/64/74 1542/65/74 1541/66/74
f 1538/4/73 1544/64/73 1543/65/73 1539/66/73
f 1537/4/85 1541/64/85 1544/65/85 1538/66/85
f 1540/4/86 1539/64/86 1543/65/86 1542/66/86
f 1545/4/87 1546/64/87 1547/65/87 1548/66/87
f 1549/4/88 1550/64/88 1551/65/88 1552/66/88
f 1545/4/80 1548/64/80 1550/65/80 1549/66/80
f 1546/4/79 1552/64/79 1551/65/79 1547/66/79
f 1545/4/89 1549/64/89 1552/65/89 1546/66/89
f 1548/4/90 1547/64/90 1551/65/90 1550/66/90
f 1553/4/91 1554/64/91 1555/65/91 1556/66/91
f 1557/4/92 1558/64/92 1559/65/92 1560/66/92
f 1553/4/93 1556/64/93 1558/65/93 1557/66/93
f 1554/4/94 1560/64/94 1559/65/94 1555/66/94
f 1553/4/95 1557/64/95 1560/65/95 1554/66/95
f 1556/4/96 1555/64/96 1559/65/96 1558/66/96
f 1561/4/97 1562/64/97 1563/65/97 1564/66/97
f 1565/4/98 1566/64/98 1567/65/98 1568/66/98
f 1561/4/99 1564/64/99 1566/65/99 1565/66/99
f 1562/4/100 1568/64/100 1567/65/100 1563/66/100
f 1561/4/101 1565/64/101 1568/65/101 1562/66/101
f 1564/4/102 1563/64/102 1567/65/102 1566/66/102
f 1569/4/103 1570/64/103 1571/65/103 1572/66/103
f 1573/4/104 1574/64/104 1575/65/104 1576/66/104
f 1569/4/94 1572/64/94 1574/65/94 1573/66/94
f 1570/4/93 1576/64/93 1575/65/93 1571/66/93
f 1569/4/105 1573/64/105 1576/65/105 1570/66/105
f 1572/4/106 1571/64/106 1575/65/106 1574/66/106
f 1577/4/107 1578/64/107 1579/65/107 1580/66/107
f 1581/4/108 1582/64/108 1583/65/108 1584/66/108
f 1577/4/100 1580/64/100 1582/65/100 1581/66/100
f 1578/4/99 1584/64/99 1583/65/99 1579/66/99
f 1577/4/109 1581/64/109 1584/65/109 1578/66/109
f 1580/4/110 1579/64/110 1583/65/110 1582/66/110
f 1585/4/111 1586/64/111 1587/65/111 1588/66/111
f 1589/4/112 1590/64/112 1591/65/112 1592/66/112
f 1585/4/113 1588/64/113 1590/65/113 1589/66/113
f 1586/4/114 1592/64/114 1591/65/114 1587/66/114
f 1585/4/115 1589/64/115 1592/65/115 1586/66/115
f 1588/4/116 1587/64/116 1591/65/116 1590/66/116
f 1593/4/117 1594/64/117 1595/65/117 1596/66/117
f 1597/4/118 1598/64/118 1599/65/118 1600/66/118
f 1593/4/119 1596/64/119 1598/65/119 1597/66/119
f 1594/4/120 1600/64/120 1599/65/120 1595/66/120
f 1593/4/121 1597/64/121 1600/65/121 1594/66/121
f 1596/4/122 1595/64/122 1599/65/122 1598/66/122
f 1601/4/123 1602/64/123 1603/65/123 1604/66/123
f 1605/4/124 1606/64/124 1607/65/124 1608/66/124
f 1601/4/114 1604/64/114 1606/65/114 1605/66/114
f 1602/4/113 1608/64/113 1607/65/113 1603/66/113
f 1601/4/125 1605/64/125 1608/65/125 1602/66/125
f 1604/4/126 1603/64/126 1607/65/126 1606/66/126
f 1609/4/127 1610/64/127 1611/65/127 1612/66/127
f 1613/4/128 1614/64/128 1615/65/128 1616/66/128
f 1609/4/120 1612/64/120 1614/65/120 1613/66/120
f 1610/4/119 1616/64/119 1615/65/119 1611/66/119
f 1609/4/129 1613/64/129 1616/65/129 1610/66/129
f 1612/4/130 1611/64/130 1615/65/130 1614/66/130
f 1617/4/131 1618/64/131 1619/65/131 1620/66/131
f 1621/4/132 1622/64/132 1623/65/132 1624/66/132
f 1617/4/133 1620/64/133 1622/65/133 1621/66/133
f 1618/4/134 1624/64/134 1623/65/134 1619/66/134
f 1617/4/135 1621/64/135 1624/65/135 1618/66/135
f 1620/4/136 1619/64/136 1623/65/136 1622/66/136
f 1625/4/137 1626/64/137 1627/65/137 1628/66/137
f 1629/4/138 1630/64/138 1631/65/138 1632/66/138
f 1625/4/139 1628/64/139 1630/65/139 1629/66/139
f 1626/4/140 1632/64/140 1631/65/140 1627/66/140
f 1625/4/141 1629/64/141 1632/65/141 1626/66/141
f 1628/4/142 1627/64/142 1631/65/142 1630/66/142
f 1633/4/143 1634/64/143 1635/65/143 1636/66/143
f 1637/4/144 1638/64/144 1639/65/144 1640/66/144
f 1633/4/134 1636/64/134 1638/65/134 1637/66/134
f 1634/4/133 1640/64/133 1639/65/133 1635/66/133
f 1633/4/145 1637/64/145 1640/65/145 1634/66/145
f 1636/4/146 1635/64/146 1639/65/146 1638/66/146
f 1641/4/147 1642/64/147 1643/65/147 1644/66/147
f 1645/4/148 1646/64/148 1647/65/148 1648/66/148
f 1641/4/140 1644/64/140 1646/65/140 1645/66/140
f 1642/4/139 1648/64/139 1647/65/139 1643/66/139
f 1641/4/149 1645/64/149 1648/65/149 1642/66/149
f 1644/4/150 1643/64/150 1647/65/150 1646/66/150
f 1649/4/151 1650/64/151 1651/65/151 1652/66/151
f 1653/4/152 1654/64/152 1655/65/152 1656/66/152
f 1649/4/153 1652/64/153 1654/65/153 1653/66/153
f 1650/4/154 1656/64/154 1655/65/154 1651/66/154
f 1649/4/155 1653/64/155 1656/65/155 1650/66/155
f 1652/4/156 1651/64/156 1655/65/156 1654/66/156
f 1657/4/157 1658/64/157 1659/65/157 1660/66/157
f 1661/4/158 1662/64/158 1663/65/158 1664/66/158
f 1657/4/159 1660/64/159 1662/65/159 1661/66/159
f 1658/4/160 1664/64/160 1663/65/160 1659/66/160
f 1657/4/161 1661/64/161 1664/65/161 1658/66/161
f 1660/4/162 1659/64/162 1663/65/162 1662/66/162
f 1665/4/163 1666/64/163 1667/65/163 1668/66/163
f 1669/4/164 1670/64/164 1671/65/164 1672/66/164
f 1665/4/154 1668/64/154 1670/65/154 1669/66/154
f 1666/4/153 1672/64/153 1671/65/153 1667/66/153
f 1665/4/165 1669/64/165 1672/65/165 1666/66/165
f 1668/4/166 1667/64/166 1671/65/166 1670/66/166
f 1673/4/167 1674/64/167 1675/65/167 1676/66/167
f 1677/4/168 1678/64/168 1679/65/168 1680/66/168
f 1673/4/160 1676/64/160 1678/65/160 1677/66/160
f 1674/4/159 1680/64/159 1679/65/159 1675/66/159
f 1673/4/169 1677/64/169 1680/65/169 1674/66/169
f 1676/4/170 1675/64/170 1679/65/170 1678/66/170
f 1681/4/171 1682/64/171 1683/65/171 1684/66/171
f 1685/4/172 1686/64/172 1687/65/172 1688/66/172
f 1681/4/173 1684/64/173 1686/65/173 1685/66/173
f 1682/4/174 1688/64/174 1687/65/174 1683/66/174
f 1681/4/175 1685/64/175 1688/65/175 1682/66/175
f 1684/4/176 1683/64/176 1687/65/176 1686/66/176
f 1689/4/177 1690/64/177 1691/65/177 1692/66/177
f 1693/4/178 1694/64/178 1695/65/178 1696/66/178
f 1689/4/179 1692/64/179 1694/65/179 1693/66/179
f 1690/4/180 1696/64/180 1695/65/180 1691/66/180
f 1689/4/181 1693/64/181 1696/65/181 1690/66/181
f 1692/4/182 1691/64/182 1695/65/182 1694/66/182
f 1697/4/183 1698/64/183 1699/65/183 1700/66/183
f 1701/4/184 1702/64/184 1703/65/184 1704/66/184
f 1697/4/174 1700/64/174 1702/65/174 1701/66/174
f 1698/4/173 1704/64/173 1703/65/173 1699/66/173
f 1697/4/185 1701/64/185 1704/65/185 1698/66/185
f 1700/4/186 1699/64/186 1703/65/186 1702/66/186
f 1705/4/187 1706/64/187 1707/65/187 1708/66/187
f 1709/4/188 1710/64/188 1711/65/188 1712/66/188
f 1705/4/180 1708/64/180 1710/65/180 1709/66/180
f 1706/4/179 1712/64/179 1711/65/179 1707/66/179
f 1705/4/189 1709/64/189 1712/65/189 1706/66/189
f 1708/4/190 1707/64/190 1711/65/190 1710/66/190
f 1713/4/191 1714/64/191 1715/65/191 1716/66/191
f 1717/4/192 1718/64/192 1719/65/192 1720/66/192
f 1713/4/193 1716/64/193 1718/65/193 1717/66/193
f 1714/4/194 1720/64/194 1719/65/194 1715/66/194
f 1713/4/195 1717/64/195 1720/65/195 1714/66/195
f 1716/4/196 1715/64/196 1719/65/196 1718/66/196
f 1721/4/197 1722/64/197 1723/65/197 1724/66/197
f 1725/4/198 1726/64/198 1727/65/198 1728/66/198
f 1721/4/199 1724/64/199 1726/65/199 1725/66/199
f 1722/4/200 1728/64/200 1727/65/200 1723/66/200
f 1721/4/201 1725/64/201 1728/65/201 1722/66/201
f 1724/4/202 1723/64/202 1727/65/202 1726/66/202
f 1729/4/203 1730/64/203 1731/65/203 1732/66/203
f 1733/4/204 1734/64/204 1735/65/204 1736/66/204
f 1729/4/194 1732/64/194 1734/65/194 1733/66/194
f 1730/4/193 1736/64/193 1735/65/193 1731/66/193
f 1729/4/205 1733/64/205 1736/65/205 1730/66/205
f 1732/4/206 1731/64/206 1735/65/206 1734/66/206
f 1737/4/207 1738/64/207 1739/65/207 1740/66/207
f 1741/4/208 1742/64/208 1743/65/208 1744/66/208
f 1737/4/200 1740/64/200 1742/65/200 1741/66/200
f 1738/4/199 1744/64/199 1743/65/199 1739/66/199
f 1737/4/209 1741/64/209 1744/65/209 1738/66/209
f 1740/4/210 1739/64/210 1743/65/210 1742/66/210
f 1745/4/211 1746/64/211 1747/65/211 1748/66/211
f 1749/4/212 1750/64/212 1751/65/212 1752/66/212
f 1745/4/3 1748/64/3 1750/65/3 1749/66/3
f 1746/4/4 1752/64/4 1751/65/4 1747/66/4
f 1745/4/213 1749/64/213 1752/65/213 1746/66/213
f 1748/4/214 1747/64/214 1751/65/214 1750/66/214
f 1753/4/215 1754/64/215 1755/65/215 1756/66/215
f 1757/4/216 1758/64/216 1759/65/216 1760/66/216
f 1753/4/6 1756/64/6 1758/65/6 1757/66/6
f 1754/4/5 1760/64/5 1759/65/5 1755/66/5
f 1753/4/217 1757/64/217 1760/65/217 1754/66/217
f 1756/4/218 1755/64/218 1759/65/218 1758/66/218
f 1761/4/219 1762/64/219 1763/65/219 1764/66/219
f 1765/4/220 1766/64/220 1767/65/220 1768/66/220
f 1761/4/4 1764/64/4 1766/65/4 1765/66/4
f 1762/4/3 1768/64/3 1767/65/3 1763/66/3
f 1761/4/221 1765/64/221 1768/65/221 1762/66/221
f 1764/4/222 1763/64/222 1767/65/222 1766/66/222
f 1769/4/223 1770/64/223 1771/65/223 1772/66/223
f 1773/4/224 1774/64/224 1775/65/224 1776/66/224
f 1769/4/5 1772/64/5 1774/65/5 1773/66/5
f 1770/4/6 1776/64/6 1775/65/6 1771/66/6
f 1769/4/225 1773/64/225 1776/65/225 1770/66/225
f 1772/4/226 1771/64/226 1775/65/226 1774/66/226
f 1777/4/219 1778/64/219 1779/65/219 1780/66/219
f 1781/4/220 1782/64/220 1783/65/220 1784/66/220
f 1777/4/4 1780/64/4 1782/65/4 1781/66/4
f 1778/4/3 1784/64/3 1783/65/3 1779/66/3
f 1777/4/221 1781/64/221 1784/65/221 1778/66/221
f 1780/4/222 1779/64/222 1783/65/222 1782/66/222
f 1785/4/223 1786/64/223 1787/65/223 1788/66/223
f 1789/4/224 1790/64/224 1791/65/224 1792/66/224
f 1785/4/5 1788/64/5 1790/65/5 1789/66/5
f 1786/4/6 1792/64/6 1791/65/6 1787/66/6
f 1785/4/225 1789/64/225 1792/65/225 1786/66/225
f 1788/4/226 1787/64/226 1791/65/226 1790/66/226
f 1793/4/211 1794/64/211 1795/65/211 1796/66/211
f 1797/4/212 1798/64/212 1799/65/212 1800/66/212
f 1793/4/3 1796/64/3 1798/65/3 1797/66/3
f 1794/4/4 1800/64/4 1799/65/4 1795/66/4
f 1793/4/213 1797/64/213 1800/65/213 1794/66/213
f 1796/4/214 1795/64/214 1799/65/214 1798/66/214
f 1801/4/215 1802/64/215 1803/65/215 1804/66/215
f 1805/4/216 1806/64/216 1807/65/216 1808/66/216
f 1801/4/6 1804/64/6 1806/65/6 1805/66/6
f 1802/4/5 1808/64/5 1807/65/5 1803/66/5
f 1801/4/217 1805/64/217 1808/65/217 1802/66/217
f 1804/4/218 1803/64/218 1807/65/218 1806/66/218
f 1809/4/211 1810/64/211 1811/65/211 1812/66/211
f 1813/4/212 1814/64/212 1815/65/212 1816/66/212
f 1809/4/3 1812/64/3 1814/65/3 1813/66/3
f 1810/4/4 1816/64/4 1815/65/4 1811/66/4
f 1809/4/213 1813/64/213 1816/65/213 1810/66/213
f 1812/4/214 1811/64/214 1815/65/214 1814/66/214
f 1817/4/215 1818/64/215 1819/65/215 1820/66/215
f 1821/4/216 1822/64/216 1823/65/216 1824/66/216
f 1817/4/6 1820/64/6 1822/65/6 1821/66/6
f 1818/4/5 1824/64/5 1823/65/5 1819/66/5
f 1817/4/217 1821/64/217 1824/65/217 1818/66/217
f 1820/4/218 1819/64/218 1823/65/218 1822/66/218
f 1825/4/219 1826/64/219 1827/65/219 1828/66/219
f 1829/4/220 1830/64/220 1831/65/220 1832/66/220
f 1825/4/4 1828/64/4 1830/65/4 1829/66/4
f 1826/4/3 1832/64/3 1831/65/3 1827/66/3
f 1825/4/221 1829/64/221 1832/65/221 1826/66/221
f 1828/4/222 1827/64/222 1831/65/222 1830/66/222
f 1833/4/223 1834/64/223 1835/65/223 1836/66/223
f 1837/4/224 1838/64/224 1839/65/224 1840/66/224
f 1833/4/5 1836/64/5 1838/65/5 1837/66/5
f 1834/4/6 1840/64/6 1839/65/6 1835/66/6
f 1833/4/225 1837/64/225 1840/65/225 1834/66/225
f 1836/4/226 1835/64/226 1839/65/226 1838/66/226
f 1841/4/219 1842/64/219 1843/65/219 1844/66/219
f 1845/4/220 1846/64/220 1847/65/220 1848/66/220
f 1841/4/4 1844/64/4 1846/65/4 1845/66/4
f 1842/4/3 1848/64/3 1847/65/3 1843/66/3
f 1841/4/221 1845/64/221 1848/65/221 1842/66/221
f 1844/4/222 1843/64/222 1847/65/222 1846/66/222
f 1849/4/223 1850/64/223 1851/65/223 1852/66/223
f 1853/4/224 1854/64/224 1855/65/224 1856/66/224
f 1849/4/5 1852/64/5 1854/65/5 1853/66/5
f 1850/4/6 1856/64/6 1855/65/6 1851/66/6
f 1849/4/225 1853/64/225 1856/65/225 1850/66/225
f 1852/4/226 1851/64/226 1855/65/226 1854/66/226
f 1857/4/211 1858/64/211 1859/65/211 1860/66/211
f 1861/4/212 1862/64/212 1863/65/212 1864/66/212
f 1857/4/3 1860/64/3 1862/65/3 1861/66/3
f 1858/4/4 1864/64/4 1863/65/4 1859/66/4
f 1857/4/213 1861/64/213 1864/65/213 1858/66/213
f 1860/4/214 1859/64/214 1863/65/214 1862/66/214
f 1865/4/215 1866/64/215 1867/65/215 1868/66/215
f 1869/4/216 1870/64/216 1871/65/216 1872/66/216
f 1865/4/6 1868/64/6 1870/65/6 1869/66/6
f 1866/4/5 1872/64/5 1871/65/5 1867/66/5
f 1865/4/217 1869/64/217 1872/65/217 1866/66/217
f 1868/4/218 1867/64/218 1871/65/218 1870/66/218
f 1873/4/227 1874/64/227 1875/65/227 1876/66/227
f 1877/4/228 1878/64/228 1879/65/228 1880/66/228
f 1873/4/229 1876/64/229 1878/65/229 1877/66/229
f 1874/4/230 1880/64/230 1879/65/230 1875/66/230
f 1873/4/231 1877/64/231 1880/65/231 1874/66/231
f 1876/4/232 1875/64/232 1879/65/232 1878/66/232
f 1881/4/233 1882/64/233 1883/65/233 1884/66/233
f 1885/4/234 1886/64/234 1887/65/234 1888/66/234
f 1881/4/235 1884/64/235 1886/65/235 1885/66/235
f 1882/4/236 1888/64/236 1887/65/236 1883/66/236
f 1881/4/237 1885/64/237 1888/65/237 1882/66/237
f 1884/4/238 1883/64/238 1887/65/238 1886/66/238
f 1889/4/239 1890/64/239 1891/65/239 1892/66/239
f 1893/4/240 1894/64/240 1895/65/240 1896/66/240
f 1889/4/230 1892/64/230 1894/65/230 1893/66/230
f 1890/4/229 1896/64/229 1895/65/229 1891/66/229
f 1889/4/241 1893/64/241 1896/65/241 1890/66/241
f 1892/4/242 1891/64/242 1895/65/242 1894/66/242
f 1897/4/243 1898/64/243 1899/65/243 1900/66/243
f 1901/4/244 1902/64/244 1903/65/244 1904/66/244
f 1897/4/236 1900/64/236 1902/65/236 1901/66/236
f 1898/4/235 1904/64/235 1903/65/235 1899/66/235
f 1897/4/245 1901/64/245 1904/65/245 1898/66/245
f 1900/4/246 1899/64/246 1903/65/246 1902/66/246
f 1905/4/247 1906/64/247 1907/65/247 1908/66/247
f 1909/4/248 1910/64/248 1911/65/248 1912/66/248
f 1905/4/249 1908/64/249 1910/65/249 1909/66/249
f 1906/4/250 1912/64/250 1911/65/250 1907/66/250
f 1905/4/251 1909/64/251 1912/65/251 1906/66/251
f 1908/4/252 1907/64/252 1911/65/252 1910/66/252
f 1913/4/253 1914/64/253 1915/65/253 1916/66/253
f 1917/4/254 1918/64/254 1919/65/254 1920/66/254
f 1913/4/255 1916/64/255 1918/65/255 1917/66/255
f 1914/4/256 1920/64/256 1919/65/256 1915/66/256
f 1913/4/257 1917/64/257 1920/65/257 1914/66/257
f 1916/4/258 1915/64/258 1919/65/258 1918/66/258
f 1921/4/259 1922/64/259 1923/65/259 1924/66/259
f 1925/4/260 1926/64/260 1927/65/260 1928/66/260
f 1921/4/250 1924/64/250 1926/65/250 1925/66/250
f 1922/4/249 1928/64/249 1927/65/249 1923/66/249
f 1921/4/261 1925/64/261 1928/65/261 1922/66/261
f 1924/4/262 1923/64/262 1927/65/262 1926/66/262
f 1929/4/263 1930/64/263 1931/65/263 1932/66/263
f 1933/4/264 1934/64/264 1935/65/264 1936/66/264
f 1929/4/256 1932/64/256 1934/65/256 1933/66/256
f 1930/4/255 1936/64/255 1935/65/255 1931/66/255
f 1929/4/265 1933/64/265 1936/65/265 1930/66/265
f 1932/4/266 1931/64/266 1935/65/266 1934/66/266
f 1937/4/267 1938/64/267 1939/65/267 1940/66/267
f 1941/4/268 1942/64/268 1943/65/268 1944/66/268
f 1937/4/269 1940/64/269 1942/65/269 1941/66/269
f 1938/4/270 1944/64/270 1943/65/270 1939/66/270
f 1937/4/271 1941/64/271 1944/65/271 1938/66/271
f 1940/4/272 1939/64/272 1943/65/272 1942/66/272
f 1945/4/273 1946/64/273 1947/65/273 1948/66/273
f 1949/4/274 1950/64/274 1951/65/274 1952/66/274
f 1945/4/275 1948/64/275 1950/65/275 1949/66/275
f 1946/4/276 1952/64/276 1951/65/276 1947/66/276
f 1945/4/277 1949/64/277 1952/65/277 1946/66/277
f 1948/4/278 1947/64/278 1951/65/278 1950/66/278
f 1953/4/279 1954/64/279 1955/65/279 1956/66/279
f 1957/4/280 1958/64/280 1959/65/280 1960/66/280
f 1953/4/270 1956/64/270 1958/65/270 1957/66/270
f 1954/4/269 1960/64/269 1959/65/269 1955/66/269
f 1953/4/281 1957/64/281 1960/65/281 1954/66/281
f 1956/4/282 1955/64/282 1959/65/282 1958/66/282
f 1961/4/283 1962/64/283 1963/65/283 1964/66/283
f 1965/4/284 1966/64/284 1967/65/284 1968/66/284
f 1961/4/276 1964/64/276 1966/65/276 1965/66/276
f 1962/4/275 1968/64/275 1967/65/275 1963/66/275
f 1961/4/285 1965/64/285 1968/65/285 1962/66/285
f 1964/4/286 1963/64/286 1967/65/286 1966/66/286
f 1969/4/287 1970/64/287 1971/65/287 1972/66/287
f 1973/4/288 1974/64/288 1975/65/288 1976/66/288
f 1969/4/289 1972/64/289 1974/65/289 1973/66/289
f 1970/4/290 1976/64/290 1975/65/290 1971/66/290
f 1969/4/291 1973/64/291 1976/65/291 1970/66/291
f 1972/4/292 1971/64/292 1975/65/292 1974/66/292
f 1977/4/293 1978/64/293 1979/65/293 1980/66/293
f 1981/4/294 1982/64/294 1983/65/294 1984/66/294
f 1977/4/295 1980/64/295 1982/65/295 1981/66/295
f 1978/4/296 1984/64/296 1983/65/296 1979/66/296
f 1977/4/297 1981/64/297 1984/65/297 1978/66/297
f 1980/4/298 1979/64/298 1983/65/298 1982/66/298
f 1985/4/299 1986/64/299 1987/65/299 1988/66/299
f 1989/4/300 1990/64/300 1991/65/300 1992/66/300
f 1985/4/290 1988/64/290 1990/65/290 1989/66/290
f 1986/4/289 1992/64/289 1991/65/289 1987/66/289
f 1985/4/301 1989/64/301 1992/65/301 1986/66/301
f 1988/4/302 1987/64/302 1991/65/302 1990/66/302
f 1993/4/303 1994/64/303 1995/65/303 1996/66/303
f 1997/4/304 1998/64/304 1999/65/304 2000/66/304
f 1993/4/296 1996/64/296 1998/65/296 1997/66/296
f 1994/4/295 2000/64/295 1999/65/295 1995/66/295
f 1993/4/305 1997/64/305 2000/65/305 1994/66/305
f 1996/4/306 1995/64/306 1999/65/306 1998/66/306
f 2001/4/307 2002/64/307 2003/65/307 2004/66/307
f 2005/4/308 2006/64/308 2007/65/308 2008/66/308
f 2001/4/309 2004/64/309 2006/65/309 2005/66/309
f 2002/4/310 2008/64/310 2007/65/310 2003/66/310
f 2001/4/311 2005/64/311 2008/65/311 2002/66/311
f 2004/4/312 2003/64/312 2007/65/312 2006/66/312
f 2009/4/313 2010/64/313 2011/65/313 2012/66/313
f 2013/4/314 2014/64/314 2015/65/314 2016/66/314
f 2009/4/315 2012/64/315 2014/65/315 2013/66/315
f 2010/4/316 2016/64/316 2015/65/316 2011/66/316
f 2009/4/317 2013/64/317 2016/65/317 2010/66/317
f 2012/4/318 2011/64/318 2015/65/318 2014/66/318
f 2017/4/319 2018/64/319 2019/65/319 2020/66/319
f 2021/4/320 2022/64/320 2023/65/320 2024/66/320
f 2017/4/310 2020/64/310 2022/65/310 2021/66/310
f 2018/4/309 2024/64/309 2023/65/309 2019/66/309
f 2017/4/321 2021/64/321 2024/65/321 2018/66/321
f 2020/4/322 2019/64/322 2023/65/322 2022/66/322
f 2025/4/323 2026/64/323 2027/65/323 2028/66/323
f 2029/4/324 2030/64/324 2031/65/324 2032/66/324
f 2025/4/316 2028/64/316 2030/65/316 2029/66/316
f 2026/4/315 2032/64/315 2031/65/315 2027/66/315
f 2025/4/325 2029/64/325 2032/65/325 2026/66/325
f 2028/4/326 2027/64/326 2031/65/326 2030/66/326
f 2033/4/327 2034/64/327 2035/65/327 2036/66/327
f 2037/4/328 2038/64/328 2039/65/328 2040/66/328
f 2033/4/329 2036/64/329 2038/65/329 2037/66/329
f 2034/4/330 2040/64/330 2039/65/330 2035/66/330
f 2033/4/331 2037/64/331 2040/65/331 2034/66/331
f 2036/4/332 2035/64/332 2039/65/332 2038/66/332
f 2041/4/333 2042/64/333 2043/65/333 2044/66/333
f 2045/4/334 2046/64/334 2047/65/334 2048/66/334
f 2041/4/335 2044/64/335 2046/65/335 2045/66/335
f 2042/4/336 2048/64/336 2047/65/336 2043/66/336
f 2041/4/337 2045/64/337 2048/65/337 2042/66/337
f 2044/4/338 2043/64/338 2047/65/338 2046/66/338
f 2049/4/339 2050/64/339 2051/65/339 2052/66/339
f 2053/4/340 2054/64/340 2055/65/340 2056/66/340
f 2049/4/330 2052/64/330 2054/65/330 2053/66/330
f 2050/4/329 2056/64/329 2055/65/329 2051/66/329
f 2049/4/341 2053/64/341 2056/65/341 2050/66/341
f 2052/4/342 2051/64/342 2055/65/342 2054/66/342
f 2057/4/343 2058/64/343 2059/65/343 2060/66/343
f 2061/4/344 2062/64/344 2063/65/344 2064/66/344
f 2057/4/336 2060/64/336 2062/65/336 2061/66/336
f 2058/4/335 2064/64/335 2063/65/335 2059/66/335
f 2057/4/345 2061/64/345 2064/65/345 2058/66/345
f 2060/4/346 2059/64/346 2063/65/346 2062/66/346
f 2065/4/347 2066/64/347 2067/65/347 2068/66/347
f 2069/4/348 2070/64/348 2071/65/348 2072/66/348
f 2065/4/349 2068/64/349 2070/65/349 2069/66/349
f 2066/4/350 2072/64/350 2071/65/350 2067/66/350
f 2065/4/351 2069/64/351 2072/65/351 2066/66/351
f 2068/4/352 2067/64/352 2071/65/352 2070/66/352
f 2073/4/353 2074/64/353 2075/65/353 2076/66/353
f 2077/4/354 2078/64/354 2079/65/354 2080/66/354
f 2073/4/355 2076/64/355 2078/65/355 2077/66/355
f 2074/4/356 2080/64/356 2079/65/356 2075/66/356
f 2073/4/357 2077/64/357 2080/65/357 2074/66/357
f 2076/4/358 2075/64/358 2079/65/358 2078/66/358
f 2081/4/359 2082/64/359 2083/65/359 2084/66/359
f 2085/4/360 2086/64/360 2087/65/360 2088/66/360
f 2081/4/350 2084/64/350 2086/65/350 2085/66/350
f 2082/4/349 2088/64/349 2087/65/349 2083/66/349
f 2081/4/361 2085/64/361 2088/65/361 2082/66/361
f 2084/4/362 2083/64/362 2087/65/362 2086/66/362
f 2089/4/363 2090/64/363 2091/65/363 2092/66/363
f 2093/4/364 2094/64/364 2095/65/364 2096/66/364
f 2089/4/356 2092/64/356 2094/65/356 2093/66/356
f 2090/4/355 2096/64/355 2095/65/355 2091/66/355
f 2089/4/365 2093/64/365 2096/65/365 2090/66/365
f 2092/4/366 2091/64/366 2095/65/366 2094/66/366
f 2097/4/367 2098/64/367 2099/65/367 2100/66/367
f 2101/4/368 2102/64/368 2103/65/368 2104/66/368
f 2097/4/369 2100/64/369 2102/65/369 2101/66/369
f 2098/4/370 2104/64/370 2103/65/370 2099/66/370
f 2097/4/371 2101/64/371 2104/65/371 2098/66/371
f 2100/4/372 2099/64/372 2103/65/372 2102/66/372
f 2105/4/373 2106/64/373 2107/65/373 2108/66/373
f 2109/4/374 2110/64/374 2111/65/374 2112/66/374
f 2105/4/375 2108/64/375 2110/65/375 2109/66/375
f 2106/4/376 2112/64/376 2111/65/376 2107/66/376
f 2105/4/377 2109/64/377 2112/65/377 2106/66/377
f 2108/4/378 2107/64/378 2111/65/378 2110/66/378
f 2113/4/379 2114/64/379 2115/65/379 2116/66/379
f 2117/4/380 2118/64/380 2119/65/380 2120/66/380
f 2113/4/370 2116/64/370 2118/65/370 2117/66/370
f 2114/4/369 2120/64/369 2119/65/369 2115/66/369
f 2113/4/381 2117/64/381 2120/65/381 2114/66/381
f 2116/4/382 2115/64/382 2119/65/382 2118/66/382
f 2121/4/383 2122/64/383 2123/65/383 2124/66/383
f 2125/4/384 2126/64/384 2127/65/384 2128/66/384
f 2121/4/376 2124/64/376 2126/65/376 2125/66/376
f 2122/4/375 2128/64/375 2127/65/375 2123/66/375
f 2121/4/385 2125/64/385 2128/65/385 2122/66/385
f 2124/4/386 2123/64/386 2127/65/386 2126/66/386
f 2129/4/219 2130/64/219 2131/65/219 2132/66/219
f 2133/4/220 2134/64/220 2135/65/220 2136/66/220
f 2129/4/4 2132/64/4 2134/65/4 2133/66/4
f 2130/4/3 2136/64/3 2135/65/3 2131/66/3
f 2129/4/221 2133/64/221 2136/65/221 2130/66/221
f 2132/4/222 2131/64/222 2135/65/222 2134/66/222
f 2137/4/223 2138/64/223 2139/65/223 2140/66/223
f 2141/4/224 2142/64/224 2143/65/224 2144/66/224
f 2137/4/5 2140/64/5 2142/65/5 2141/66/5
f 2138/4/6 2144/64/6 2143/65/6 2139/66/6
f 2137/4/225 2141/64/225 2144/65/225 2138/66/225
f 2140/4/226 2139/64/226 2143/65/226 2142/66/226
f 2145/4/211 2146/64/211 2147/65/211 2148/66/211
f 2149/4/212 2150/64/212 2151/65/212 2152/66/212
f 2145/4/3 2148/64/3 2150/65/3 2149/66/3
f 2146/4/4 2152/64/4 2151/65/4 2147/66/4
f 2145/4/213 2149/64/213 2152/65/213 2146/66/213
f 2148/4/214 2147/64/214 2151/65/214 2150/66/214
f 2153/4/215 2154/64/215 2155/65/215 2156/66/215
f 2157/4/216 2158/64/216 2159/65/216 2160/66/216
f 2153/4/6 2156/64/6 2158/65/6 2157/66/6
f 2154/4/5 2160/64/5 2159/65/5 2155/66/5
f 2153/4/217 2157/64/217 2160/65/217 2154/66/217
f 2156/4/218 2155/64/218 2159/65/218 2158/66/218
f 2161/4/211 2162/64/211 2163/65/211 2164/66/211
f 2165/4/212 2166/64/212 2167/65/212 2168/66/212
f 2161/4/3 2164/64/3 2166/65/3 2165/66/3
f 2162/4/4 2168/64/4 2167/65/4 2163/66/4
f 2161/4/213 2165/64/213 2168/65/213 2162/66/213
f 2164/4/214 2163/64/214 2167/65/214 2166/66/214
f 2169/4/215 2170/64/215 2171/65/215 2172/66/215
f 2173/4/216 2174/64/216 2175/65/216 2176/66/216
f 2169/4/6 2172/64/6 2174/65/6 2173/66/6
f 2170/4/5 2176/64/5 2175/65/5 2171/66/5
f 2169/4/217 2173/64/217 2176/65/217 2170/66/217
f 2172/4/218 2171/64/218 2175/65/218 2174/66/218
f 2177/4/219 2178/64/219 2179/65/219 2180/66/219
f 2181/4/220 2182/64/220 2183/65/220 2184/66/220
f 2177/4/4 2180/64/4 2182/65/4 2181/66/4
f 2178/4/3 2184/64/3 2183/65/3 2179/66/3
f 2177/4/221 2181/64/221 2184/65/221 2178/66/221
f 2180/4/222 2179/64/222 2183/65/222 2182/66/222
f 2185/4/223 2186/64/223 2187/65/223 2188/66/223
f 2189/4/224 2190/64/224 2191/65/224 2192/66/224
f 2185/4/5 2188/64/5 2190/65/5 2189/66/5
f 2186/4/6 2192/64/6 2191/65/6 2187/66/6
f 2185/4/225 2189/64/225 2192/65/225 2186/66/225
f 2188/4/226 2187/64/226 2191/65/226 2190/66/226
f 2193/4/219 2194/64/219 2195/65/219 2196/66/219
f 2197/4/220 2198/64/220 2199/65/220 2200/66/220
f 2193/4/4 2196/64/4 2198/65/4 2197/66/4
f 2194/4/3 2200/64/3 2199/65/3 2195/66/3
f 2193/4/221 2197/64/221 2200/65/221 2194/66/221
f 2196/4/222 2195/64/222 2199/65/222 2198/66/222
f 2201/4/223 2202/64/223 2203/65/223 2204/66/223
f 2205/4/224 2206/64/224 2207/65/224 2208/66/224
f 2201/4/5 2204/64/5 2206/65/5 2205/66/5
f 2202/4/6 2208/64/6 2207/65/6 2203/66/6
f 2201/4/225 2205/64/225 2208/65/225 2202/66/225
f 2204/4/226 2203/64/226 2207/65/226 2206/66/226
f 2209/4/211 2210/64/211 2211/65/211 2212/66/211
f 2213/4/212 2214/64/212 2215/65/212 2216/66/212
f 2209/4/3 2212/64/3 2214/65/3 2213/66/3
f 2210/4/4 2216/64/4 2215/65/4 2211/66/4
f 2209/4/213 2213/64/213 2216/65/213 2210/66/213
f 2212/4/214 2211/64/214 2215/65/214 2214/66/214
f 2217/4/215 2218/64/215 2219/65/215 2220/66/215
f 2221/4/216 2222/64/216 2223/65/216 2224/66/216
f 2217/4/6 2220/64/6 2222/65/6 2221/66/6
f 2218/4/5 2224/64/5 2223/65/5 2219/66/5
f 2217/4/217 2221/64/217 2224/65/217 2218/66/217
f 2220/4/218 2219/64/218 2223/65/218 2222/66/218
f 2225/4/211 2226/64/211 2227/65/211 2228/66/211
f 2229/4/212 2230/64/212 2231/65/212 2232/66/212
f 2225/4/3 2228/64/3 2230/65/3 2229/66/3
f 2226/4/4 2232/64/4 2231/65/4 2227/66/4
f 2225/4/213 2229/64/213 2232/65/213 2226/66/213
f 2228/4/214 2227/64/214 2231/65/214 2230/66/214
f 2233/4/215 2234/64/215 2235/65/215 2236/66/215
f 2237/4/216 2238/64/216 2239/65/216 2240/66/216
f 2233/4/6 2236/64/6 2238/65/6 2237/66/6
f 2234/4/5 2240/64/5 2239/65/5 2235/66/5
f 2233/4/217 2237/64/217 2240/65/217 2234/66/217
f 2236/4/218 2235/64/218 2239/65/218 2238/66/218
f 2241/4/219 2242/64/219 2243/65/219 2244/66/219
f 2245/4/220 2246/64/220 2247/65/220 2248/66/220
f 2241/4/4 2244/64/4 2246/65/4 2245/66/4
f 2242/4/3 2248/64/3 2247/65/3 2243/66/3
f 2241/4/221 2245/64/221 2248/65/221 2242/66/221
f 2244/4/222 2243/64/222 2247/65/222 2246/66/222
f 2249/4/223 2250/64/223 2251/65/223 2252/66/223
f 2253/4/224 2254/64/224 2255/65/224 2256/66/224
f 2249/4/5 2252/64/5 2254/65/5 2253/66/5
f 2250/4/6 2256/64/6 2255/65/6 2251/66/6
f 2249/4/225 2253/64/225 2256/65/225 2250/66/225
f 2252/4/226 2251/64/226 2255/65/226 2254/66/226
f 2545/4/515 2546/64/515 2547/65/515 2548/66/515
f 2549/4/516 2550/64/516 2551/65/516 2552/66/516
f 2545/4/517 2548/64/517 2550/65/517 2549/66/517
f 2546/4/518 2552/64/518 2551/65/518 2547/66/518
f 2545/4/519 2549/64/519 2552/65/519 2546/66/519
f 2548/4/520 2547/64/520 2551/65/520 2550/66/520
f 2553/4/521 2554/64/521 2555/65/521 2556/66/521
f 2557/4/522 2558/64/522 2559/65/522 2560/66/522
f 2553/4/523 2556/64/523 2558/65/523 2557/66/523
f 2554/4/524 2560/64/524 2559/65/524 2555/66/524
f 2553/4/525 2557/64/525 2560/65/525 2554/66/525
f 2556/4/526 2555/64/526 2559/65/526 2558/66/526
f 2561/4/527 2562/64/527 2563/65/527 2564/66/527
f 2565/4/528 2566/64/528 2567/65/528 2568/66/528
f 2561/4/524 2564/64/524 2566/65/524 2565/66/524
f 2562/4/523 2568/64/523 2567/65/523 2563/66/523
f 2561/4/529 2565/64/529 2568/65/529 2562/66/529
f 2564/4/530 2563/64/530 2567/65/530 2566/66/530
f 2569/4/531 2570/64/531 2571/65/531 2572/66/531
f 2573/4/532 2574/64/532 2575/65/532 2576/66/532
f 2569/4/518 2572/64/518 2574/65/518 2573/66/518
f 2570/4/517 2576/64/517 2575/65/517 2571/66/517
f 2569/4/533 2573/64/533 2576/65/533 2570/66/533
f 2572/4/534 2571/64/534 2575/65/534 2574/66/534
f 2577/4/1 2578/64/1 2579/65/1 2580/66/1
f 2581/4/2 2582/64/2 2583/65/2 2584/66/2
f 2577/4/4 2580/64/4 2582/65/4 2581/66/4
f 2578/4/3 2584/64/3 2583/65/3 2579/66/3
f 2577/4/5 2581/64/5 2584/65/5 2578/66/5
f 2580/4/6 2579/64/6 2583/65/6 2582/66/6
f 2585/4/1 2586/64/1 2587/65/1 2588/66/1
f 2589/4/2 2590/64/2 2591/65/2 2592/66/2
f 2585/4/5 2588/64/5 2590/65/5 2589/66/5
f 2586/4/6 2592/64/6 2591/65/6 2587/66/6
f 2585/4/3 2589/64/3 2592/65/3 2586/66/3
f 2588/4/4 2587/64/4 2591/65/4 2590/66/4
f 2593/4/1 2594/64/1 2595/65/1 2596/66/1
f 2597/4/2 2598/64/2 2599/65/2 2600/66/2
f 2593/4/3 2596/64/3 2598/65/3 2597/66/3
f 2594/4/4 2600/64/4 2599/65/4 2595/66/4
f 2593/4/6 2597/64/6 2600/65/6 2594/66/6
f 2596/4/5 2595/64/5 2599/65/5 2598/66/5
f 2601/4/1 2602/64/1 2603/65/1 2604/66/1
f 2605/4/2 2606/64/2 2607/65/2 2608/66/2
f 2601/4/6 2604/64/6 2606/65/6 2605/66/6
f 2602/4/5 2608/64/5 2607/65/5 2603/66/5
f 2601/4/4 2605/64/4 2608/65/4 2602/66/4
f 2604/4/3 2603/64/3 2607/65/3 2606/66/3
f 2609/4/1 2610/64/1 2611/65/1 2612/66/1
f 2613/4/2 2614/64/2 2615/65/2 2616/66/2
f 2609/4/4 2612/64/4 2614/65/4 2613/66/4
f 2610/4/3 2616/64/3 2615/65/3 2611/66/3
f 2609/4/5 2613/64/5 2616/65/5 2610/66/5
f 2612/4/6 2611/64/6 2615/65/6 2614/66/6
f 2617/4/1 2618/64/1 2619/65/1 2620/66/1
f 2621/4/2 2622/64/2 2623/65/2 2624/66/2
f 2617/4/5 2620/64/5 2622/65/5 2621/66/5
f 2618/4/6 2624/64/6 2623/65/6 2619/66/6
f 2617/4/3 2621/64/3 2624/65/3 2618/66/3
f 2620/4/4 2619/64/4 2623/65/4 2622/66/4
f 2625/4/1 2626/64/1 2627/65/1 2628/66/1
f 2629/4/2 2630/64/2 2631/65/2 2632/66/2
f 2625/4/3 2628/64/3 2630/65/3 2629/66/3
f 2626/4/4 2632/64/4 2631/65/4 2627/66/4
f 2625/4/6 2629/64/6 2632/65/6 2626/66/6
f 2628/4/5 2627/64/5 2631/65/5 2630/66/5
f 2633/4/1 2634/64/1 2635/65/1 2636/66/1
f 2637/4/2 2638/64/2 2639/65/2 2640/66/2
f 2633/4/6 2636/64/6 2638/65/6 2637/66/6
f 2634/4/5 2640/64/5 2639/65/5 2635/66/5
f 2633/4/4 2637/64/4 2640/65/4 2634/66/4
f 2636/4/3 2635/64/3 2639/65/3 2638/66/3
o footing
usemtl concrete
f 1/1/1 2/2/1 3/3/1 4/4/1
f 5/4/2 6/3/2 7/2/2 8/1/2
f 8/2/3 7/1/3 2/4/3 1/3/3
f 6/2/4 5/1/4 4/4/4 3/3/4
f 5/2/5 8/1/5 1/4/5 4/3/5
f 7/2/6 6/1/6 3/4/6 2/3/6
f 233/1/1 234/2/1 235/3/1 236/4/1
f 237/4/2 238/3/2 239/2/2 240/1/2
f 240/2/3 239/1/3 234/4/3 233/3/3
f 238/2/4 237/1/4 236/4/4 235/3/4
f 237/2/5 240/1/5 233/4/5 236/3/5
f 239/2/6 238/1/6 235/4/6 234/3/6
f 465/1/1 466/2/1 467/3/1 468/4/1
f 469/4/2 470/3/2 471/2/2 472/1/2
f 472/2/3 471/1/3 466/4/3 465/3/3
f 470/2/4 469/1/4 468/4/4 467/3/4
f 469/2/5 472/1/5 465/4/5 468/3/5
f 471/2/6 470/1/6 467/4/6 466/3/6
f 697/1/1 698/2/1 699/3/1 700/4/1
f 701/4/2 702/3/2 703/2/2 704/1/2
f 704/2/3 703/1/3 698/4/3 697/3/3
f 702/2/4 701/1/4 700/4/4 699/3/4
f 701/2/5 704/1/5 697/4/5 700/3/5
f 703/2/6 702/1/6 699/4/6 698/3/6
usemtl plate
f 9/5/7 10/6/7 11/7/7 12/4/7
f 10/6/4 13/8/4 14/9/4 11/7/4
f 13/8/8 15/10/8 16/11/8 14/9/8
f 15/10/9 17/12/9 18/13/9 16/11/9
f 17/12/3 19/14/3 20/15/3 18/13/3
f 19/14/10 9/16/10 12/17/10 20/15/10
f 21/5/11 22/18/11 23/19/11 24/4/11
f 22/18/12 25/20/12 26/21/12 23/19/12
f 25/20/13 27/22/13 28/23/13 26/21/13
f 27/22/14 29/24/14 30/25/14 28/23/14
f 29/24/15 31/26/15 32/27/15 30/25/15
f 31/26/16 33/28/16 34/29/16 32/27/16
f 33/28/17 35/30/17 36/31/17 34/29/17
f 35/30/18 37/10/18 38/11/18 36/31/18
f 37/10/19 39/32/19 40/33/19 38/11/19
f 39/32/20 41/34/20 42/35/20 40/33/20
f 41/34/21 43/36/21 44/37/21 42/35/21
f 43/36/22 45/38/22 46/39/22 44/37/22
f 45/38/23 47/40/23 48/41/23 46/39/23
f 47/40/24 49/42/24 50/43/24 48/41/24
f 49/42/25 51/44/25 52/45/25 50/43/25
f 51/44/26 21/16/26 24/17/26 52/45/26
f 46/3/1 48/46/1 50/47/1 52/48/1
f 42/49/1 44/50/1 46/3/1 52/48/1
f 38/1/1 40/51/1 42/49/1 52/48/1
f 34/52/1 36/53/1 38/1/1 52/48/1
f 30/54/1 32/55/1 34/52/1 52/48/1
f 26/56/1 28/57/1 30/54/1 52/48/1
f 24/58/1 23/59/1 26/56/1 52/48/1
f 27/57/2 25/56/2 22/59/2 21/58/2
f 31/55/2 29/54/2 27/57/2 21/58/2
f 35/53/2 33/52/2 31/55/2 21/58/2
f 39/51/2 37/1/2 35/53/2 21/58/2
f 43/50/2 41/49/2 39/51/2 21/58/2
f 47/46/2 45/3/2 43/50/2 21/58/2
f 51/48/2 49/47/2 47/46/2 21/58/2
f 53/5/27 54/6/27 55/7/27 56/4/27
f 54/6/28 57/8/28 58/9/28 55/7/28
f 57/8/5 59/10/5 60/11/5 58/9/5
f 59/10/29 61/12/29 62/13/29 60/11/29
f 61/12/30 63/14/30 64/15/30 62/13/30
f 63/14/6 53/16/6 56/17/6 64/15/6
f 58/60/1 60/61/1 62/3/1 64/62/1
f 56/63/1 55/54/1 58/60/1 64/62/1
f 59/61/2 57/60/2 54/54/2 53/63/2
f 63/62/2 61/3/2 59/61/2 53/63/2
f 65/5/7 66/6/7 67/7/7 68/4/7
f 66/6/4 69/8/4 70/9/4 67/7/4
f 69/8/8 71/10/8 72/11/8 70/9/8
f 71/10/9 73/12/9 74/13/9 72/11/9
f 73/12/3 75/14/3 76/15/3 74/13/3
f 75/14/10 65/16/10 68/17/10 76/15/10
f 77/5/11 78/18/11 79/19/11 80/4/11
f 78/18/12 81/20/12 82/21/12 79/19/12
f 81/20/13 83/22/13 84/23/13 82/21/13
f 83/22/14 85/24/14 86/25/14 84/23/14
f 85/24/15 87/26/15 88/27/15 86/25/15
f 87/26/16 89/28/16 90/29/16 88/27/16
f 89/28/17 91/30/17 92/31/17 90/29/17
f 91/30/18 93/10/18 94/11/18 92/31/18
f 93/10/19 95/32/19 96/33/19 94/11/19
f 95/32/20 97/34/20 98/35/20 96/33/20
f 97/34/21 99/36/21 100/37/21 98/35/21
f 99/36/22 101/38/22 102/39/22 100/37/22
f 101/38/23 103/40/23 104/41/23 102/39/23
f 103/40/24 105/42/24 106/43/24 104/41/24
f 105/42/25 107/44/25 108/45/25 106/43/25
f 107/44/26 77/16/26 80/17/26 108/45/26
f 102/3/1 104/46/1 106/47/1 108/48/1
f 98/49/1 100/50/1 102/3/1 108/48/1
f 94/1/1 96/51/1 98/49/1 108/48/1
f 90/52/1 92/53/1 94/1/1 108/48/1
f 86/54/1 88/55/1 90/52/1 108/48/1
f 82/56/1 84/57/1 86/54/1 108/48/1
f 80/58/1 79/59/1 82/56/1 108/48/1
f 83/57/2 81/56/2 78/59/2 77/58/2
f 87/55/2 85/54/2 83/57/2 77/58/2
f 91/53/2 89/52/2 87/55/2 77/58/2
f 95/51/2 93/1/2 91/53/2 77/58/2
f 99/50/2 97/49/2 95/51/2 77/58/2
f 103/46/2 101/3/2 99/50/2 77/58/2
f 107/48/2 105/47/2 103/46/2 77/58/2
f 109/5/27 110/6/27 111/7/27 112/4/27
f 110/6/28 113/8/28 114/9/28 111/7/28
f 113/8/5 115/10/5 116/11/5 114/9/5
f 115/10/29 117/12/29 118/13/29 116/11/29
f 117/12/30 119/14/30 120/15/30 118/13/30
f 119/14/6 109/16/6 112/17/6 120/15/6
f 114/60/1 116/61/1 118/3/1 120/62/1
f 112/63/1 111/54/1 114/60/1 120/62/1
f 115/61/2 113/60/2 110/54/2 109/63/2
f 119/62/2 117/3/2 115/61/2 109/63/2
f 121/5/7 122/6/7 123/7/7 124/4/7
f 122/6/4 125/8/4 126/9/4 123/7/4
f 125/8/8 127/10/8 128/11/8 126/9/8
f 127/10/9 129/12/9 130/13/9 128/11/9
f 129/12/3 131/14/3 132/15/3 130/13/3
f 131/14/10 121/16/10 124/17/10 132/15/10
f 133/5/11 134/18/11 135/19/11 136/4/11
f 134/18/12 137/20/12 138/21/12 135/19/12
f 137/20/13 139/22/13 140/23/13 138/21/13
f 139/22/14 141/24/14 142/25/14 140/23/14
f 141/24/15 143/26/15 144/27/15 142/25/15
f 143/26/16 145/28/16 146/29/16 144/27/16
f 145/28/17 147/30/17 148/31/17 146/29/17
f 147/30/18 149/10/18 150/11/18 148/31/18
f 149/10/19 151/32/19 152/33/19 150/11/19
f 151/32/20 153/34/20 154/35/20 152/33/20
f 153/34/21 155/36/21 156/37/21 154/35/21
f 155/36/22 157/38/22 158/39/22 156/37/22
f 157/38/23 159/40/23 160/41/23 158/39/23
f 159/40/24 161/42/24 162/43/24 160/41/24
f 161/42/25 163/44/25 164/45/25 162/43/25
f 163/44/26 133/16/26 136/17/26 164/45/26
f 158/3/1 160/46/1 162/47/1 164/48/1
f 154/49/1 156/50/1 158/3/1 164/48/1
f 150/1/1 152/51/1 154/49/1 164/48/1
f 146/52/1 148/53/1 150/1/1 164/48/1
f 142/54/1 144/55/1 146/52/1 164/48/1
f 138/56/1 140/57/1 142/54/1 164/48/1
f 136/58/1 135/59/1 138/56/1 164/48/1
f 139/57/2 137/56/2 134/59/2 133/58/2
f 143/55/2 141/54/2 139/57/2 133/58/2
f 147/53/2 145/52/2 143/55/2 133/58/2
f 151/51/2 149/1/2 147/53/2 133/58/2
f 155/50/2 153/49/2 151/51/2 133/58/2
f 159/46/2 157/3/2 155/50/2 133/58/2
f 163/48/2 161/47/2 159/46/2 133/58/2
f 165/5/27 166/6/27 167/7/27 168/4/27
f 166/6/28 169/8/28 170/9/28 167/7/28
f 169/8/5 171/10/5 172/11/5 170/9/5
f 171/10/29 173/12/29 174/13/29 172/11/29
f 173/12/30 175/14/30 176/15/30 174/13/30
f 175/14/6 165/16/6 168/17/6 176/15/6
f 170/60/1 172/61/1 174/3/1 176/62/1
f 168/63/1 167/54/1 170/60/1 176/62/1
f 171/61/2 169/60/2 166/54/2 165/63/2
f 175/62/2 173/3/2 171/61/2 165/63/2
f 177/5/7 178/6/7 179/7/7 180/4/7
f 178/6/4 181/8/4 182/9/4 179/7/4
f 181/8/8 183/10/8 184/11/8 182/9/8
f 183/10/9 185/12/9 186/13/9 184/11/9
f 185/12/3 187/14/3 188/15/3 186/13/3
f 187/14/10 177/16/10 180/17/10 188/15/10
f 189/5/11 190/18/11 191/19/11 192/4/11
f 190/18/12 193/20/12 194/21/12 191/19/12
f 193/20/13 195/22/13 196/23/13 194/21/13
f 195/22/14 197/24/14 198/25/14 196/23/14
f 197/24/15 199/26/15 200/27/15 198/25/15
f 199/26/16 201/28/16 202/29/16 200/27/16
f 201/28/17 203/30/17 204/31/17 202/29/17
f 203/30/18 205/10/18 206/11/18 204/31/18
f 205/10/19 207/32/19 208/33/19 206/11/19
f 207/32/20 209/34/20 210/35/20 208/33/20
f 209/34/21 211/36/21 212/37/21 210/35/21
f 211/36/22 213/38/22 214/39/22 212/37/22
f 213/38/23 215/40/23 216/41/23 214/39/23
f 215/40/24 217/42/24 218/43/24 216/41/24
f 217/42/25 219/44/25 220/45/25 218/43/25
f 219/44/26 189/16/26 192/17/26 220/45/26
f 214/3/1 216/46/1 218/47/1 220/48/1
f 210/49/1 212/50/1 214/3/1 220/48/1
f 206/1/1 208/51/1 210/49/1 220/48/1
f 202/52/1 204/53/1 206/1/1 220/48/1
f 198/54/1 200/55/1 202/52/1 220/48/1
f 194/56/1 196/57/1 198/54/1 220/48/1
f 192/58/1 191/59/1 194/56/1 220/48/1
f 195/57/2 193/56/2 190/59/2 189/58/2
f 199/55/2 197/54/2 195/57/2 189/58/2
f 203/53/2 201/52/2 199/55/2 189/58/2
f 207/51/2 205/1/2 203/53/2 189/58/2
f 211/50/2 209/49/2 207/51/2 189/58/2
f 215/46/2 213/3/2 211/50/2 189/58/2
f 219/48/2 217/47/2 215/46/2 189/58/2
f 221/5/27 222/6/27 223/7/27 224/4/27
f 222/6/28 225/8/28 226/9/28 223/7/28
f 225/8/5 227/10/5 228/11/5 226/9/5
f 227/10/29 229/12/29 230/13/29 228/11/29
f 229/12/30 231/14/30 232/15/30 230/13/30
f 231/14/6 221/16/6 224/17/6 232/15/6
f 226/60/1 228/61/1 230/3/1 232/62/1
f 224/63/1 223/54/1 226/60/1 232/62/1
f 227/61/2 225/60/2 222/54/2 221/63/2
f 231/62/2 229/3/2 227/61/2 221/63/2
f 241/5/7 242/6/7 243/7/7 244/4/7
f 242/6/4 245/8/4 246/9/4 243/7/4
f 245/8/8 247/10/8 248/11/8 246/9/8
f 247/10/9 249/12/9 250/13/9 248/11/9
f 249/12/3 251/14/3 252/15/3 250/13/3
f 251/14/10 241/16/10 244/17/10 252/15/10
f 253/5/11 254/18/11 255/19/11 256/4/11
f 254/18/12 257/20/12 258/21/12 255/19/12
f 257/20/13 259/22/13 260/23/13 258/21/13
f 259/22/14 261/24/14 262/25/14 260/23/14
f 261/24/15 263/26/15 264/27/15 262/25/15
f 263/26/16 265/28/16 266/29/16 264/27/16
f 265/28/17 267/30/17 268/31/17 266/29/17
f 267/30/18 269/10/18 270/11/18 268/31/18
f 269/10/19 271/32/19 272/33/19 270/11/19
f 271/32/20 273/34/20 274/35/20 272/33/20
f 273/34/21 275/36/21 276/37/21 274/35/21
f 275/36/22 277/38/22 278/39/22 276/37/22
f 277/38/23 279/40/23 280/41/23 278/39/23
f 279/40/24 281/42/24 282/43/24 280/41/24
f 281/42/25 283/44/25 284/45/25 282/43/25
f 283/44/26 253/16/26 256/17/26 284/45/26
f 278/3/1 280/46/1 282/47/1 284/48/1
f 274/49/1 276/50/1 278/3/1 284/48/1
f 270/1/1 272/51/1 274/49/1 284/48/1
f 266/52/1 268/53/1 270/1/1 284/48/1
f 262/54/1 264/55/1 266/52/1 284/48/1
f 258/56/1 260/57/1 262/54/1 284/48/1
f 256/58/1 255/59/1 258/56/1 284/48/1
f 259/57/2 257/56/2 254/59/2 253/58/2
f 263/55/2 261/54/2 259/57/2 253/58/2
f 267/53/2 265/52/2 263/55/2 253/58/2
f 271/51/2 269/1/2 267/53/2 253/58/2
f 275/50/2 273/49/2 271/51/2 253/58/2
f 279/46/2 277/3/2 275/50/2 253/58/2
f 283/48/2 281/47/2 279/46/2 253/58/2
f 285/5/27 286/6/27 287/7/27 288/4/27
f 286/6/28 289/8/28 290/9/28 287/7/28
f 289/8/5 291/10/5 292/11/5 290/9/5
f 291/10/29 293/12/29 294/13/29 292/11/29
f 293/12/30 295/14/30 296/15/30 294/13/30
f 295/14/6 285/16/6 288/17/6 296/15/6
f 290/60/1 292/61/1 294/3/1 296/62/1
f 288/63/1 287/54/1 290/60/1 296/62/1
f 291/61/2 289/60/2 286/54/2 285/63/2
f 295/62/2 293/3/2 291/61/2 285/63/2
f 297/5/7 298/6/7 299/7/7 300/4/7
f 298/6/4 301/8/4 302/9/4 299/7/4
f 301/8/8 303/10/8 304/11/8 302/9/8
f 303/10/9 305/12/9 306/13/9 304/11/9
f 305/12/3 307/14/3 308/15/3 306/13/3
f 307/14/10 297/16/10 300/17/10 308/15/10
f 309/5/11 310/18/11 311/19/11 312/4/11
f 310/18/12 313/20/12 314/21/12 311/19/12
f 313/20/13 315/22/13 316/23/13 314/21/13
f 315/22/14 317/24/14 318/25/14 316/23/14
f 317/24/15 319/26/15 320/27/15 318/25/15
f 319/26/16 321/28/16 322/29/16 320/27/16
f 321/28/17 323/30/17 324/31/17 322/29/17
f 323/30/18 325/10/18 326/11/18 324/31/18
f 325/10/19 327/32/19 328/33/19 326/11/19
f 327/32/20 329/34/20 330/35/20 328/33/20
f 329/34/21 331/36/21 332/37/21 330/35/21
f 331/36/22 333/38/22 334/39/22 332/37/22
f 333/38/23 335/40/23 336/41/23 334/39/23
f 335/40/24 337/42/24 338/43/24 336/41/24
f 337/42/25 339/44/25 340/45/25 338/43/25
f 339/44/26 309/16/26 312/17/26 340/45/26
f 334/3/1 336/46/1 338/47/1 340/48/1
f 330/49/1 332/50/1 334/3/1 340/48/1
f 326/1/1 328/51/1 330/49/1 340/48/1
f 322/52/1 324/53/1 326/1/1 340/48/1
f 318/54/1 320/55/1 322/52/1 340/48/1
f 314/56/1 316/57/1 318/54/1 340/48/1
f 312/58/1 311/59/1 314/56/1 340/48/1
f 315/57/2 313/56/2 310/59/2 309/58/2
f 319/55/2 317/54/2 315/57/2 309/58/2
f 323/53/2 321/52/2 319/55/2 309/58/2
f 327/51/2 325/1/2 323/53/2 309/58/2
f 331/50/2 329/49/2 327/51/2 309/58/2
f 335/46/2 333/3/2 331/50/2 309/58/2
f 339/48/2 337/47/2 335/46/2 309/58/2
f 341/5/27 342/6/27 343/7/27 344/4/27
f 342/6/28 345/8/28 346/9/28 343/7/28
f 345/8/5 347/10/5 348/11/5 346/9/5
f 347/10/29 349/12/29 350/13/29 348/11/29
f 349/12/30 351/14/30 352/15/30 350/13/30
f 351/14/6 341/16/6 344/17/6 352/15/6
f 346/60/1 348/61/1 350/3/1 352/62/1
f 344/63/1 343/54/1 346/60/1 352/62/1
f 347/61/2 345/60/2 342/54/2 341/63/2
f 351/62/2 349/3/2 347/61/2 341/63/2
f 353/5/7 354/6/7 355/7/7 356/4/7
f 354/6/4 357/8/4 358/9/4 355/7/4
f 357/8/8 359/10/8 360/11/8 358/9/8
f 359/10/9 361/12/9 362/13/9 360/11/9
f 361/12/3 363/14/3 364/15/3 362/13/3
f 363/14/10 353/16/10 356/17/10 364/15/10
f 365/5/11 366/18/11 367/19/11 368/4/11
f 366/18/12 369/20/12 370/21/12 367/19/12
f 369/20/13 371/22/13 372/23/13 370/21/13
f 371/22/14 373/24/14 374/25/14 372/23/14
f 373/24/15 375/26/15 376/27/15 374/25/15
f 375/26/16 377/28/16 378/29/16 376/27/16
f 377/28/17 379/30/17 380/31/17 378/29/17
f 379/30/18 381/10/18 382/11/18 380/31/18
f 381/10/19 383/32/19 384/33/19 382/11/19
f 383/32/20 385/34/20 386/35/20 384/33/20
f 385/34/21 387/36/21 388/37/21 386/35/21
f 387/36/22 389/38/22 390/39/22 388/37/22
f 389/38/23 391/40/23 392/41/23 390/39/23
f 391/40/24 393/42/24 394/43/24 392/41/24
f 393/42/25 395/44/25 396/45/25 394/43/25
f 395/44/26 365/16/26 368/17/26 396/45/26
f 390/3/1 392/46/1 394/47/1 396/48/1
f 386/49/1 388/50/1 390/3/1 396/48/1
f 382/1/1 384/51/1 386/49/1 396/48/1
f 378/52/1 380/53/1 382/1/1 396/48/1
f 374/54/1 376/55/1 378/52/1 396/48/1
f 370/56/1 372/57/1 374/54/1 396/48/1
f 368/58/1 367/59/1 370/56/1 396/48/1
f 371/57/2 369/56/2 366/59/2 365/58/2
f 375/55/2 373/54/2 371/57/2 365/58/2
f 379/53/2 377/52/2 375/55/2 365/58/2
f 383/51/2 381/1/2 379/53/2 365/58/2
f 387/50/2 385/49/2 383/51/2 365/58/2
f 391/46/2 389/3/2 387/50/2 365/58/2
f 395/48/2 393/47/2 391/46/2 365/58/2
f 397/5/27 398/6/27 399/7/27 400/4/27
f 398/6/28 401/8/28 402/9/28 399/7/28
f 401/8/5 403/10/5 404/11/5 402/9/5
f 403/10/29 405/12/29 406/13/29 404/11/29
f 405/12/30 407/14/30 408/15/30 406/13/30
f 407/14/6 397/16/6 400/17/6 408/15/6
f 402/60/1 404/61/1 406/3/1 408/62/1
f 400/63/1 399/54/1 402/60/1 408/62/1
f 403/61/2 401/60/2 398/54/2 397/63/2
f 407/62/2 405/3/2 403/61/2 397/63/2
f 409/5/7 410/6/7 411/7/7 412/4/7
f 410/6/4 413/8/4 414/9/4 411/7/4
f 413/8/8 415/10/8 416/11/8 414/9/8
f 415/10/9 417/12/9 418/13/9 416/11/9
f 417/12/3 419/14/3 420/15/3 418/13/3
f 419/14/10 409/16/10 412/17/10 420/15/10
f 421/5/11 422/18/11 423/19/11 424/4/11
f 422/18/12 425/20/12 426/21/12 423/19/12
f 425/20/13 427/22/13 428/23/13 426/21/13
f 427/22/14 429/24/14 430/25/14 428/23/14
f 429/24/15 431/26/15 432/27/15 430/25/15
f 431/26/16 433/28/16 434/29/16 432/27/16
f 433/28/17 435/30/17 436/31/17 434/29/17
f 435/30/18 437/10/18 438/11/18 436/31/18
f 437/10/19 439/32/19 440/33/19 438/11/19
f 439/32/20 441/34/20 442/35/20 440/33/20
f 441/34/21 443/36/21 444/37/21 442/35/21
f 443/36/22 445/38/22 446/39/22 444/37/22
f 445/38/23 447/40/23 448/41/23 446/39/23
f 447/40/24 449/42/24 450/43/24 448/41/24
f 449/42/25 451/44/25 452/45/25 450/43/25
f 451/44/26 421/16/26 424/17/26 452/45/26
f 446/3/1 448/46/1 450/47/1 452/48/1
f 442/49/1 444/50/1 446/3/1 452/48/1
f 438/1/1 440/51/1 442/49/1 452/48/1
f 434/52/1 436/53/1 438/1/1 452/48/1
f 430/54/1 432/55/1 434/52/1 452/48/1
f 426/56/1 428/57/1 430/54/1 452/48/1
f 424/58/1 423/59/1 426/56/1 452/48/1
f 427/57/2 425/56/2 422/59/2 421/58/2
f 431/55/2 429/54/2 427/57/2 421/58/2
f 435/53/2 433/52/2 431/55/2 421/58/2
f 439/51/2 437/1/2 435/53/2 421/58/2
f 443/50/2 441/49/2 439/51/2 421/58/2
f 447/46/2 445/3/2 443/50/2 421/58/2
f 451/48/2 449/47/2 447/46/2 421/58/2
f 453/5/27 454/6/27 455/7/27 456/4/27
f 454/6/28 457/8/28 458/9/28 455/7/28
f 457/8/5 459/10/5 460/11/5 458/9/5
f 459/10/29 461/12/29 462/13/29 460/11/29
f 461/12/30 463/14/30 464/15/30 462/13/30
f 463/14/6 453/16/6 456/17/6 464/15/6
f 458/60/1 460/61/1 462/3/1 464/62/1
f 456/63/1 455/54/1 458/60/1 464/62/1
f 459/61/2 457/60/2 454/54/2 453/63/2
f 463/62/2 461/3/2 459/61/2 453/63/2
f 473/5/7 474/6/7 475/7/7 476/4/7
f 474/6/4 477/8/4 478/9/4 475/7/4
f 477/8/8 479/10/8 480/11/8 478/9/8
f 479/10/9 481/12/9 482/13/9 480/11/9
f 481/12/3 483/14/3 484/15/3 482/13/3
f 483/14/10 473/16/10 476/17/10 484/15/10
f 485/5/11 486/18/11 487/19/11 488/4/11
f 486/18/12 489/20/12 490/21/12 487/19/12
f 489/20/13 491/22/13 492/23/13 490/21/13
f 491/22/14 493/24/14 494/25/14 492/23/14
f 493/24/15 495/26/15 496/27/15 494/25/15
f 495/26/16 497/28/16 498/29/16 496/27/16
f 497/28/17 499/30/17 500/31/17 498/29/17
f 499/30/18 501/10/18 502/11/18 500/31/18
f 501/10/19 503/32/19 504/33/19 502/11/19
f 503/32/20 505/34/20 506/35/20 504/33/20
f 505/34/21 507/36/21 508/37/21 506/35/21
f 507/36/22 509/38/22 510/39/22 508/37/22
f 509/38/23 511/40/23 512/41/23 510/39/23
f 511/40/24 513/42/24 514/43/24 512/41/24
f 513/42/25 515/44/25 516/45/25 514/43/25
f 515/44/26 485/16/26 488/17/26 516/45/26
f 510/3/1 512/46/1 514/47/1 516/48/1
f 506/49/1 508/50/1 510/3/1 516/48/1
f 502/1/1 504/51/1 506/49/1 516/48/1
f 498/52/1 500/53/1 502/1/1 516/48/1
f 494/54/1 496/55/1 498/52/1 516/48/1
f 490/56/1 492/57/1 494/54/1 516/48/1
f 488/58/1 487/59/1 490/56/1 516/48/1
f 491/57/2 489/56/2 486/59/2 485/58/2
f 495/55/2 493/54/2 491/57/2 485/58/2
f 499/53/2 497/52/2 495/55/2 485/58/2
f 503/51/2 501/1/2 499/53/2 485/58/2
f 507/50/2 505/49/2 503/51/2 485/58/2
f 511/46/2 509/3/2 507/50/2 485/58/2
f 515/48/2 513/47/2 511/46/2 485/58/2
f 517/5/27 518/6/27 519/7/27 520/4/27
f 518/6/28 521/8/28 522/9/28 519/7/28
f 521/8/5 523/10/5 524/11/5 522/9/5
f 523/10/29 525/12/29 526/13/29 524/11/29
f 525/12/30 527/14/30 528/15/30 526/13/30
f 527/14/6 517/16/6 520/17/6 528/15/6
f 522/60/1 524/61/1 526/3/1 528/62/1
f 520/63/1 519/54/1 522/60/1 528/62/1
f 523/61/2 521/60/2 518/54/2 517/63/2
f 527/62/2 525/3/2 523/61/2 517/63/2
f 529/5/7 530/6/7 531/7/7 532/4/7
f 530/6/4 533/8/4 534/9/4 531/7/4
f 533/8/8 535/10/8 536/11/8 534/9/8
f 535/10/9 537/12/9 538/13/9 536/11/9
f 537/12/3 539/14/3 540/15/3 538/13/3
f 539/14/10 529/16/10 532/17/10 540/15/10
f 541/5/11 542/18/11 543/19/11 544/4/11
f 542/18/12 545/20/12 546/21/12 543/19/12
f 545/20/13 547/22/13 548/23/13 546/21/13
f 547/22/14 549/24/14 550/25/14 548/23/14
f 549/24/15 551/26/15 552/27/15 550/25/15
f 551/26/16 553/28/16 554/29/16 552/27/16
f 553/28/17 555/30/17 556/31/17 554/29/17
f 555/30/18 557/10/18 558/11/18 556/31/18
f 557/10/19 559/32/19 560/33/19 558/11/19
f 559/32/20 561/34/20 562/35/20 560/33/20
f 561/34/21 563/36/21 564/37/21 562/35/21
f 563/36/22 565/38/22 566/39/22 564/37/22
f 565/38/23 567/40/23 568/41/23 566/39/23
f 567/40/24 569/42/24 570/43/24 568/41/24
f 569/42/25 571/44/25 572/45/25 570/43/25
f 571/44/26 541/16/26 544/17/26 572/45/26
f 566/3/1 568/46/1 570/47/1 572/48/1
f 562/49/1 564/50/1 566/3/1 572/48/1
f 558/1/1 560/51/1 562/49/1 572/48/1
f 554/52/1 556/53/1 558/1/1 572/48/1
f 550/54/1 552/55/1 554/52/1 572/48/1
f 546/56/1 548/57/1 550/54/1 572/48/1
f 544/58/1 543/59/1 546/56/1 572/48/1
f 547/57/2 545/56/2 542/59/2 541/58/2
f 551/55/2 549/54/2 547/57/2 541/58/2
f 555/53/2 553/52/2 551/55/2 541/58/2
f 559/51/2 557/1/2 555/53/2 541/58/2
f 563/50/2 561/49/2 559/51/2 541/58/2
f 567/46/2 565/3/2 563/50/2 541/58/2
f 571/48/2 569/47/2 567/46/2 541/58/2
f 573/5/27 574/6/27 575/7/27 576/4/27
f 574/6/28 577/8/28 578/9/28 575/7/28
f 577/8/5 579/10/5 580/11/5 578/9/5
f 579/10/29 581/12/29 582/13/29 580/11/29
f 581/12/30 583/14/30 584/15/30 582/13/30
f 583/14/6 573/16/6 576/17/6 584/15/6
f 578/60/1 580/61/1 582/3/1 584/62/1
f 576/63/1 575/54/1 578/60/1 584/62/1
f 579/61/2 577/60/2 574/54/2 573/63/2
f 583/62/2 581/3/2 579/61/2 573/63/2
f 585/5/7 586/6/7 587/7/7 588/4/7
f 586/6/4 589/8/4 590/9/4 587/7/4
f 589/8/8 591/10/8 592/11/8 590/9/8
f 591/10/9 593/12/9 594/13/9 592/11/9
f 593/12/3 595/14/3 596/15/3 594/13/3
f 595/14/10 585/16/10 588/17/10 596/15/10
f 597/5/11 598/18/11 599/19/11 600/4/11
f 598/18/12 601/20/12 602/21/12 599/19/12
f 601/20/13 603/22/13 604/23/13 602/21/13
f 603/22/14 605/24/14 606/25/14 604/23/14
f 605/24/15 607/26/15 608/27/15 606/25/15
f 607/26/16 609/28/16 610/29/16 608/27/16
f 609/28/17 611/30/17 612/31/17 610/29/17
f 611/30/18 613/10/18 614/11/18 612/31/18
f 613/10/19 615/32/19 616/33/19 614/11/19
f 615/32/20 617/34/20 618/35/20 616/33/20
f 617/34/21 619/36/21 620/37/21 618/35/21
f 619/36/22 621/38/22 622/39/22 620/37/22
f 621/38/23 623/40/23 624/41/23 622/39/23
f 623/40/24 625/42/24 626/43/24 624/41/24
f 625/42/25 627/44/25 628/45/25 626/43/25
f 627/44/26 597/16/26 600/17/26 628/45/26
f 622/3/1 624/46/1 626/47/1 628/48/1
f 618/49/1 620/50/1 622/3/1 628/48/1
f 614/1/1 616/51/1 618/49/1 628/48/1
f 610/52/1 612/53/1 614/1/1 628/48/1
f 606/54/1 608/55/1 610/52/1 628/48/1
f 602/56/1 604/57/1 606/54/1 628/48/1
f 600/58/1 599/59/1 602/56/1 628/48/1
f 603/57/2 601/56/2 598/59/2 597/58/2
f 607/55/2 605/54/2 603/57/2 597/58/2
f 611/53/2 609/52/2 607/55/2 597/58/2
f 615/51/2 613/1/2 611/53/2 597/58/2
f 619/50/2 617/49/2 615/51/2 597/58/2
f 623/46/2 621/3/2 619/50/2 597/58/2
f 627/48/2 625/47/2 623/46/2 597/58/2
f 629/5/27 630/6/27 631/7/27 632/4/27
f 630/6/28 633/8/28 634/9/28 631/7/28
f 633/8/5 635/10/5 636/11/5 634/9/5
f 635/10/29 637/12/29 638/13/29 636/11/29
f 637/12/30 639/14/30 640/15/30 638/13/30
f 639/14/6 629/16/6 632/17/6 640/15/6
f 634/60/1 636/61/1 638/3/1 640/62/1
f 632/63/1 631/54/1 634/60/1 640/62/1
f 635/61/2 633/60/2 630/54/2 629/63/2
f 639/62/2 637/3/2 635/61/2 629/63/2
f 641/5/7 642/6/7 643/7/7 644/4/7
f 642/6/4 645/8/4 646/9/4 643/7/4
f 645/8/8 647/10/8 648/11/8 646/9/8
f 647/10/9 649/12/9 650/13/9 648/11/9
f 649/12/3 651/14/3 652/15/3 650/13/3
f 651/14/10 641/16/10 644/17/10 652/15/10
f 653/5/11 654/18/11 655/19/11 656/4/11
f 654/18/12 657/20/12 658/21/12 655/19/12
f 657/20/13 659/22/13 660/23/13 658/21/13
f 659/22/14 661/24/14 662/25/14 660/23/14
f 661/24/15 663/26/15 664/27/15 662/25/15
f 663/26/16 665/28/16 666/29/16 664/27/16
f 665/28/17 667/30/17 668/31/17 666/29/17
f 667/30/18 669/10/18 670/11/18 668/31/18
f 669/10/19 671/32/19 672/33/19 670/11/19
f 671/32/20 673/34/20 674/35/20 672/33/20
f 673/34/21 675/36/21 676/37/21 674/35/21
f 675/36/22 677/38/22 678/39/22 676/37/22
f 677/38/23 679/40/23 680/41/23 678/39/23
f 679/40/24 681/42/24 682/43/24 680/41/24
f 681/42/25 683/44/25 684/45/25 682/43/25
f 683/44/26 653/16/26 656/17/26 684/45/26
f 678/3/1 680/46/1 682/47/1 684/48/1
f 674/49/1 676/50/1 678/3/1 684/48/1
f 670/1/1 672/51/1 674/49/1 684/48/1
f 666/52/1 668/53/1 670/1/1 684/48/1
f 662/54/1 664/55/1 666/52/1 684/48/1
f 658/56/1 660/57/1 662/54/1 684/48/1
f 656/58/1 655/59/1 658/56/1 684/48/1
f 659/57/2 657/56/2 654/59/2 653/58/2
f 663/55/2 661/54/2 659/57/2 653/58/2
f 667/53/2 665/52/2 663/55/2 653/58/2
f 671/51/2 669/1/2 667/53/2 653/58/2
f 675/50/2 673/49/2 671/51/2 653/58/2
f 679/46/2 677/3/2 675/50/2 653/58/2
f 683/48/2 681/47/2 679/46/2 653/58/2
f 685/5/27 686/6/27 687/7/27 688/4/27
f 686/6/28 689/8/28 690/9/28 687/7/28
f 689/8/5 691/10/5 692/11/5 690/9/5
f 691/10/29 693/12/29 694/13/29 692/11/29
f 693/12/30 695/14/30 696/15/30 694/13/30
f 695/14/6 685/16/6 688/17/6 696/15/6
f 690/60/1 692/61/1 694/3/1 696/62/1
f 688/63/1 687/54/1 690/60/1 696/62/1
f 691/61/2 689/60/2 686/54/2 685/63/2
f 695/62/2 693/3/2 691/61/2 685/63/2
f 705/5/7 706/6/7 707/7/7 708/4/7
f 706/6/4 709/8/4 710/9/4 707/7/4
f 709/8/8 711/10/8 712/11/8 710/9/8
f 711/10/9 713/12/9 714/13/9 712/11/9
f 713/12/3 715/14/3 716/15/3 714/13/3
f 715/14/10 705/16/10 708/17/10 716/15/10
f 717/5/11 718/18/11 719/19/11 720/4/11
f 718/18/12 721/20/12 722/21/12 719/19/12
f 721/20/13 723/22/13 724/23/13 722/21/13
f 723/22/14 725/24/14 726/25/14 724/23/14
f 725/24/15 727/26/15 728/27/15 726/25/15
f 727/26/16 729/28/16 730/29/16 728/27/16
f 729/28/17 731/30/17 732/31/17 730/29/17
f 731/30/18 733/10/18 734/11/18 732/31/18
f 733/10/19 735/32/19 736/33/19 734/11/19
f 735/32/20 737/34/20 738/35/20 736/33/20
f 737/34/21 739/36/21 740/37/21 738/35/21
f 739/36/22 741/38/22 742/39/22 740/37/22
f 741/38/23 743/40/23 744/41/23 742/39/23
f 743/40/24 745/42/24 746/43/24 744/41/24
f 745/42/25 747/44/25 748/45/25 746/43/25
f 747/44/26 717/16/26 720/17/26 748/45/26
f 742/3/1 744/46/1 746/47/1 748/48/1
f 738/49/1 740/50/1 742/3/1 748/48/1
f 734/1/1 736/51/1 738/49/1 748/48/1
f 730/52/1 732/53/1 734/1/1 748/48/1
f 726/54/1 728/55/1 730/52/1 748/48/1
f 722/56/1 724/57/1 726/54/1 748/48/1
f 720/58/1 719/59/1 722/56/1 748/48/1
f 723/57/2 721/56/2 718/59/2 717/58/2
f 727/55/2 725/54/2 723/57/2 717/58/2
f 731/53/2 729/52/2 727/55/2 717/58/2
f 735/51/2 733/1/2 731/53/2 717/58/2
f 739/50/2 737/49/2 735/51/2 717/58/2
f 743/46/2 741/3/2 739/50/2 717/58/2
f 747/48/2 745/47/2 743/46/2 717/58/2
f 749/5/27 750/6/27 751/7/27 752/4/27
f 750/6/28 753/8/28 754/9/28 751/7/28
f 753/8/5 755/10/5 756/11/5 754/9/5
f 755/10/29 757/12/29 758/13/29 756/11/29
f 757/12/30 759/14/30 760/15/30 758/13/30
f 759/14/6 749/16/6 752/17/6 760/15/6
f 754/60/1 756/61/1 758/3/1 760/62/1
f 752/63/1 751/54/1 754/60/1 760/62/1
f 755/61/2 753/60/2 750/54/2 749/63/2
f 759/62/2 757/3/2 755/61/2 749/63/2
f 761/5/7 762/6/7 763/7/7 764/4/7
f 762/6/4 765/8/4 766/9/4 763/7/4
f 765/8/8 767/10/8 768/11/8 766/9/8
f 767/10/9 769/12/9 770/13/9 768/11/9
f 769/12/3 771/14/3 772/15/3 770/13/3
f 771/14/10 761/16/10 764/17/10 772/15/10
f 773/5/11 774/18/11 775/19/11 776/4/11
f 774/18/12 777/20/12 778/21/12 775/19/12
f 777/20/13 779/22/13 780/23/13 778/21/13
f 779/22/14 781/24/14 782/25/14 780/23/14
f 781/24/15 783/26/15 784/27/15 782/25/15
f 783/26/16 785/28/16 786/29/16 784/27/16
f 785/28/17 787/30/17 788/31/17 786/29/17
f 787/30/18 789/10/18 790/11/18 788/31/18
f 789/10/19 791/32/19 792/33/19 790/11/19
f 791/32/20 793/34/20 794/35/20 792/33/20
f 793/34/21 795/36/21 796/37/21 794/35/21
f 795/36/22 797/38/22 798/39/22 796/37/22
f 797/38/23 799/40/23 800/41/23 798/39/23
f 799/40/24 801/42/24 802/43/24 800/41/24
f 801/42/25 803/44/25 804/45/25 802/43/25
f 803/44/26 773/16/26 776/17/26 804/45/26
f 798/3/1 800/46/1 802/47/1 804/48/1
f 794/49/1 796/50/1 798/3/1 804/48/1
f 790/1/1 792/51/1 794/49/1 804/48/1
f 786/52/1 788/53/1 790/1/1 804/48/1
f 782/54/1 784/55/1 786/52/1 804/48/1
f 778/56/1 780/57/1 782/54/1 804/48/1
f 776/58/1 775/59/1 778/56/1 804/48/1
f 779/57/2 777/56/2 774/59/2 773/58/2
f 783/55/2 781/54/2 779/57/2 773/58/2
f 787/53/2 785/52/2 783/55/2 773/58/2
f 791/51/2 789/1/2 787/53/2 773/58/2
f 795/50/2 793/49/2 791/51/2 773/58/2
f 799/46/2 797/3/2 795/50/2 773/58/2
f 803/48/2 801/47/2 799/46/2 773/58/2
f 805/5/27 806/6/27 807/7/27 808/4/27
f 806/6/28 809/8/28 810/9/28 807/7/28
f 809/8/5 811/10/5 812/11/5 810/9/5
f 811/10/29 813/12/29 814/13/29 812/11/29
f 813/12/30 815/14/30 816/15/30 814/13/30
f 815/14/6 805/16/6 808/17/6 816/15/6
f 810/60/1 812/61/1 814/3/1 816/62/1
f 808/63/1 807/54/1 810/60/1 816/62/1
f 811/61/2 809/60/2 806/54/2 805/63/2
f 815/62/2 813/3/2 811/61/2 805/63/2
f 817/5/7 818/6/7 819/7/7 820/4/7
f 818/6/4 821/8/4 822/9/4 819/7/4
f 821/8/8 823/10/8 824/11/8 822/9/8
f 823/10/9 825/12/9 826/13/9 824/11/9
f 825/12/3 827/14/3 828/15/3 826/13/3
f 827/14/10 817/16/10 820/17/10 828/15/10
f 829/5/11 830/18/11 831/19/11 832/4/11
f 830/18/12 833/20/12 834/21/12 831/19/12
f 833/20/13 835/22/13 836/23/13 834/21/13
f 835/22/14 837/24/14 838/25/14 836/23/14
f 837/24/15 839/26/15 840/27/15 838/25/15
f 839/26/16 841/28/16 842/29/16 840/27/16
f 841/28/17 843/30/17 844/31/17 842/29/17
f 843/30/18 845/10/18 846/11/18 844/31/18
f 845/10/19 847/32/19 848/33/19 846/11/19
f 847/32/20 849/34/20 850/35/20 848/33/20
f 849/34/21 851/36/21 852/37/21 850/35/21
f 851/36/22 853/38/22 854/39/22 852/37/22
f 853/38/23 855/40/23 856/41/23 854/39/23
f 855/40/24 857/42/24 858/43/24 856/41/24
f 857/42/25 859/44/25 860/45/25 858/43/25
f 859/44/26 829/16/26 832/17/26 860/45/26
f 854/3/1 856/46/1 858/47/1 860/48/1
f 850/49/1 852/50/1 854/3/1 860/48/1
f 846/1/1 848/51/1 850/49/1 860/48/1
f 842/52/1 844/53/1 846/1/1 860/48/1
f 838/54/1 840/55/1 842/52/1 860/48/1
f 834/56/1 836/57/1 838/54/1 860/48/1
f 832/58/1 831/59/1 834/56/1 860/48/1
f 835/57/2 833/56/2 830/59/2 829/58/2
f 839/55/2 837/54/2 835/57/2 829/58/2
f 843/53/2 841/52/2 839/55/2 829/58/2
f 847/51/2 845/1/2 843/53/2 829/58/2
f 851/50/2 849/49/2 847/51/2 829/58/2
f 855/46/2 853/3/2 851/50/2 829/58/2
f 859/48/2 857/47/2 855/46/2 829/58/2
f 861/5/27 862/6/27 863/7/27 864/4/27
f 862/6/28 865/8/28 866/9/28 863/7/28
f 865/8/5 867/10/5 868/11/5 866/9/5
f 867/10/29 869/12/29 870/13/29 868/11/29
f 869/12/30 871/14/30 872/15/30 870/13/30
f 871/14/6 861/16/6 864/17/6 872/15/6
f 866/60/1 868/61/1 870/3/1 872/62/1
f 864/63/1 863/54/1 866/60/1 872/62/1
f 867/61/2 865/60/2 862/54/2 861/63/2
f 871/62/2 869/3/2 867/61/2 861/63/2
f 873/5/7 874/6/7 875/7/7 876/4/7
f 874/6/4 877/8/4 878/9/4 875/7/4
f 877/8/8 879/10/8 880/11/8 878/9/8
f 879/10/9 881/12/9 882/13/9 880/11/9
f 881/12/3 883/14/3 884/15/3 882/13/3
f 883/14/10 873/16/10 876/17/10 884/15/10
f 885/5/11 886/18/11 887/19/11 888/4/11
f 886/18/12 889/20/12 890/21/12 887/19/12
f 889/20/13 891/22/13 892/23/13 890/21/13
f 891/22/14 893/24/14 894/25/14 892/23/14
f 893/24/15 895/26/15 896/27/15 894/25/15
f 895/26/16 897/28/16 898/29/16 896/27/16
f 897/28/17 899/30/17 900/31/17 898/29/17
f 899/30/18 901/10/18 902/11/18 900/31/18
f 901/10/19 903/32/19 904/33/19 902/11/19
f 903/32/20 905/34/20 906/35/20 904/33/20
f 905/34/21 907/36/21 908/37/21 906/35/21
f 907/36/22 909/38/22 910/39/22 908/37/22
f 909/38/23 911/40/23 912/41/23 910/39/23
f 911/40/24 913/42/24 914/43/24 912/41/24
f 913/42/25 915/44/25 916/45/25 914/43/25
f 915/44/26 885/16/26 888/17/26 916/45/26
f 910/3/1 912/46/1 914/47/1 916/48/1
f 906/49/1 908/50/1 910/3/1 916/48/1
f 902/1/1 904/51/1 906/49/1 916/48/1
f 898/52/1 900/53/1 902/1/1 916/48/1
f 894/54/1 896/55/1 898/52/1 916/48/1
f 890/56/1 892/57/1 894/54/1 916/48/1
f 888/58/1 887/59/1 890/56/1 916/48/1
f 891/57/2 889/56/2 886/59/2 885/58/2
f 895/55/2 893/54/2 891/57/2 885/58/2
f 899/53/2 897/52/2 895/55/2 885/58/2
f 903/51/2 901/1/2 899/53/2 885/58/2
f 907/50/2 905/49/2 903/51/2 885/58/2
f 911/46/2 909/3/2 907/50/2 885/58/2
f 915/48/2 913/47/2 911/46/2 885/58/2
f 917/5/27 918/6/27 919/7/27 920/4/27
f 918/6/28 921/8/28 922/9/28 919/7/28
f 921/8/5 923/10/5 924/11/5 922/9/5
f 923/10/29 925/12/29 926/13/29 924/11/29
f 925/12/30 927/14/30 928/15/30 926/13/30
f 927/14/6 917/16/6 920/17/6 928/15/6
f 922/60/1 924/61/1 926/3/1 928/62/1
f 920/63/1 919/54/1 922/60/1 928/62/1
f 923/61/2 921/60/2 918/54/2 917/63/2
f 927/62/2 925/3/2 923/61/2 917/63/2
o arm
usemtl steel
f 2257/4/1 2258/64/1 2259/65/1 2260/66/1
f 2261/4/2 2262/64/2 2263/65/2 2264/66/2
f 2257/4/387 2260/64/387 2262/65/387 2261/66/387
f 2258/4/388 2264/64/388 2263/65/388 2259/66/388
f 2257/4/389 2261/64/389 2264/65/389 2258/66/389
f 2260/4/390 2259/64/390 2263/65/390 2262/66/390
f 2265/4/1 2266/64/1 2267/65/1 2268/66/1
f 2269/4/2 2270/64/2 2271/65/2 2272/66/2
f 2265/4/391 2268/64/391 2270/65/391 2269/66/391
f 2266/4/392 2272/64/392 2271/65/392 2267/66/392
f 2265/4/393 2269/64/393 2272/65/393 2266/66/393
f 2268/4/394 2267/64/394 2271/65/394 2270/66/394
f 2273/4/395 2274/64/395 2275/65/395 2276/66/395
f 2277/4/396 2278/64/396 2279/65/396 2280/66/396
f 2273/4/4 2276/64/4 2278/65/4 2277/66/4
f 2274/4/3 2280/64/3 2279/65/3 2275/66/3
f 2273/4/397 2277/64/397 2280/65/397 2274/66/397
f 2276/4/398 2275/64/398 2279/65/398 2278/66/398
f 2281/4/399 2282/64/399 2283/65/399 2284/66/399
f 2285/4/400 2286/64/400 2287/65/400 2288/66/400
f 2281/4/4 2284/64/4 2286/65/4 2285/66/4
f 2282/4/3 2288/64/3 2287/65/3 2283/66/3
f 2281/4/401 2285/64/401 2288/65/401 2282/66/401
f 2284/4/402 2283/64/402 2287/65/402 2286/66/402
f 2289/4/1 2290/64/1 2291/65/1 2292/66/1
f 2293/4/2 2294/64/2 2295/65/2 2296/66/2
f 2289/4/403 2292/64/403 2294/65/403 2293/66/403
f 2290/4/404 2296/64/404 2295/65/404 2291/66/404
f 2289/4/405 2293/64/405 2296/65/405 2290/66/405
f 2292/4/406 2291/64/406 2295/65/406 2294/66/406
f 2297/4/1 2298/64/1 2299/65/1 2300/66/1
f 2301/4/2 2302/64/2 2303/65/2 2304/66/2
f 2297/4/407 2300/64/407 2302/65/407 2301/66/407
f 2298/4/408 2304/64/408 2303/65/408 2299/66/408
f 2297/4/409 2301/64/409 2304/65/409 2298/66/409
f 2300/4/410 2299/64/410 2303/65/410 2302/66/410
f 2305/4/1 2306/64/1 2307/65/1 2308/66/1
f 2309/4/2 2310/64/2 2311/65/2 2312/66/2
f 2305/4/411 2308/64/411 2310/65/411 2309/66/411
f 2306/4/412 2312/64/412 2311/65/412 2307/66/412
f 2305/4/413 2309/64/413 2312/65/413 2306/66/413
f 2308/4/414 2307/64/414 2311/65/414 2310/66/414
f 2313/4/1 2314/64/1 2315/65/1 2316/66/1
f 2317/4/2 2318/64/2 2319/65/2 2320/66/2
f 2313/4/415 2316/64/415 2318/65/415 2317/66/415
f 2314/4/416 2320/64/416 2319/65/416 2315/66/416
f 2313/4/417 2317/64/417 2320/65/417 2314/66/417
f 2316/4/418 2315/64/418 2319/65/418 2318/66/418
f 2321/4/1 2322/64/1 2323/65/1 2324/66/1
f 2325/4/2 2326/64/2 2327/65/2 2328/66/2
f 2321/4/419 2324/64/419 2326/65/419 2325/66/419
f 2322/4/420 2328/64/420 2327/65/420 2323/66/420
f 2321/4/421 2325/64/421 2328/65/421 2322/66/421
f 2324/4/422 2323/64/422 2327/65/422 2326/66/422
f 2329/4/1 2330/64/1 2331/65/1 2332/66/1
f 2333/4/2 2334/64/2 2335/65/2 2336/66/2
f 2329/4/392 2332/64/392 2334/65/392 2333/66/392
f 2330/4/391 2336/64/391 2335/65/391 2331/66/391
f 2329/4/394 2333/64/394 2336/65/394 2330/66/394
f 2332/4/393 2331/64/393 2335/65/393 2334/66/393
f 2337/4/1 2338/64/1 2339/65/1 2340/66/1
f 2341/4/2 2342/64/2 2343/65/2 2344/66/2
f 2337/4/388 2340/64/388 2342/65/388 2341/66/388
f 2338/4/387 2344/64/387 2343/65/387 2339/66/387
f 2337/4/390 2341/64/390 2344/65/390 2338/66/390
f 2340/4/389 2339/64/389 2343/65/389 2342/66/389
f 2345/4/423 2346/64/423 2347/65/423 2348/66/423
f 2349/4/424 2350/64/424 2351/65/424 2352/66/424
f 2345/4/3 2348/64/3 2350/65/3 2349/66/3
f 2346/4/4 2352/64/4 2351/65/4 2347/66/4
f 2345/4/425 2349/64/425 2352/65/425 2346/66/425
f 2348/4/426 2347/64/426 2351/65/426 2350/66/426
f 2353/4/427 2354/64/427 2355/65/427 2356/66/427
f 2357/4/428 2358/64/428 2359/65/428 2360/66/428
f 2353/4/3 2356/64/3 2358/65/3 2357/66/3
f 2354/4/4 2360/64/4 2359/65/4 2355/66/4
f 2353/4/429 2357/64/429 2360/65/429 2354/66/429
f 2356/4/430 2355/64/430 2359/65/430 2358/66/430
f 2361/4/1 2362/64/1 2363/65/1 2364/66/1
f 2365/4/2 2366/64/2 2367/65/2 2368/66/2
f 2361/4/431 2364/64/431 2366/65/431 2365/66/431
f 2362/4/432 2368/64/432 2367/65/432 2363/66/432
f 2361/4/433 2365/64/433 2368/65/433 2362/66/433
f 2364/4/434 2363/64/434 2367/65/434 2366/66/434
f 2369/4/1 2370/64/1 2371/65/1 2372/66/1
f 2373/4/2 2374/64/2 2375/65/2 2376/66/2
f 2369/4/435 2372/64/435 2374/65/435 2373/66/435
f 2370/4/436 2376/64/436 2375/65/436 2371/66/436
f 2369/4/437 2373/64/437 2376/65/437 2370/66/437
f 2372/4/438 2371/64/438 2375/65/438 2374/66/438
f 2377/4/1 2378/64/1 2379/65/1 2380/66/1
f 2381/4/2 2382/64/2 2383/65/2 2384/66/2
f 2377/4/439 2380/64/439 2382/65/439 2381/66/439
f 2378/4/440 2384/64/440 2383/65/440 2379/66/440
f 2377/4/441 2381/64/441 2384/65/441 2378/66/441
f 2380/4/442 2379/64/442 2383/65/442 2382/66/442
f 2385/4/1 2386/64/1 2387/65/1 2388/66/1
f 2389/4/2 2390/64/2 2391/65/2 2392/66/2
f 2385/4/443 2388/64/443 2390/65/443 2389/66/443
f 2386/4/444 2392/64/444 2391/65/444 2387/66/444
f 2385/4/445 2389/64/445 2392/65/445 2386/66/445
f 2388/4/446 2387/64/446 2391/65/446 2390/66/446
f 2393/4/1 2394/64/1 2395/65/1 2396/66/1
f 2397/4/2 2398/64/2 2399/65/2 2400/66/2
f 2393/4/447 2396/64/447 2398/65/447 2397/66/447
f 2394/4/448 2400/64/448 2399/65/448 2395/66/448
f 2393/4/449 2397/64/449 2400/65/449 2394/66/449
f 2396/4/450 2395/64/450 2399/65/450 2398/66/450
f 2401/4/1 2402/64/1 2403/65/1 2404/66/1
f 2405/4/2 2406/64/2 2407/65/2 2408/66/2
f 2401/4/451 2404/64/451 2406/65/451 2405/66/451
f 2402/4/452 2408/64/452 2407/65/452 2403/66/452
f 2401/4/453 2405/64/453 2408/65/453 2402/66/453
f 2404/4/454 2403/64/454 2407/65/454 2406/66/454
f 2409/4/1 2410/64/1 2411/65/1 2412/66/1
f 2413/4/2 2414/64/2 2415/65/2 2416/66/2
f 2409/4/455 2412/64/455 2414/65/455 2413/66/455
f 2410/4/456 2416/64/456 2415/65/456 2411/66/456
f 2409/4/457 2413/64/457 2416/65/457 2410/66/457
f 2412/4/458 2411/64/458 2415/65/458 2414/66/458
f 2417/4/459 2418/64/459 2419/65/459 2420/66/459
f 2421/4/460 2422/64/460 2423/65/460 2424/66/460
f 2417/4/4 2420/64/4 2422/65/4 2421/66/4
f 2418/4/3 2424/64/3 2423/65/3 2419/66/3
f 2417/4/461 2421/64/461 2424/65/461 2418/66/461
f 2420/4/462 2419/64/462 2423/65/462 2422/66/462
f 2425/4/463 2426/64/463 2427/65/463 2428/66/463
f 2429/4/464 2430/64/464 2431/65/464 2432/66/464
f 2425/4/4 2428/64/4 2430/65/4 2429/66/4
f 2426/4/3 2432/64/3 2431/65/3 2427/66/3
f 2425/4/465 2429/64/465 2432/65/465 2426/66/465
f 2428/4/466 2427/64/466 2431/65/466 2430/66/466
f 2433/4/1 2434/64/1 2435/65/1 2436/66/1
f 2437/4/2 2438/64/2 2439/65/2 2440/66/2
f 2433/4/467 2436/64/467 2438/65/467 2437/66/467
f 2434/4/468 2440/64/468 2439/65/468 2435/66/468
f 2433/4/469 2437/64/469 2440/65/469 2434/66/469
f 2436/4/470 2435/64/470 2439/65/470 2438/66/470
f 2441/4/1 2442/64/1 2443/65/1 2444/66/1
f 2445/4/2 2446/64/2 2447/65/2 2448/66/2
f 2441/4/471 2444/64/471 2446/65/471 2445/66/471
f 2442/4/472 2448/64/472 2447/65/472 2443/66/472
f 2441/4/473 2445/64/473 2448/65/473 2442/66/473
f 2444/4/474 2443/64/474 2447/65/474 2446/66/474
f 2449/4/1 2450/64/1 2451/65/1 2452/66/1
f 2453/4/2 2454/64/2 2455/65/2 2456/66/2
f 2449/4/475 2452/64/475 2454/65/475 2453/66/475
f 2450/4/476 2456/64/476 2455/65/476 2451/66/476
f 2449/4/477 2453/64/477 2456/65/477 2450/66/477
f 2452/4/478 2451/64/478 2455/65/478 2454/66/478
f 2457/4/1 2458/64/1 2459/65/1 2460/66/1
f 2461/4/2 2462/64/2 2463/65/2 2464/66/2
f 2457/4/479 2460/64/479 2462/65/479 2461/66/479
f 2458/4/480 2464/64/480 2463/65/480 2459/66/480
f 2457/4/481 2461/64/481 2464/65/481 2458/66/481
f 2460/4/482 2459/64/482 2463/65/482 2462/66/482
f 2465/4/1 2466/64/1 2467/65/1 2468/66/1
f 2469/4/2 2470/64/2 2471/65/2 2472/66/2
f 2465/4/483 2468/64/483 2470/65/483 2469/66/483
f 2466/4/484 2472/64/484 2471/65/484 2467/66/484
f 2465/4/485 2469/64/485 2472/65/485 2466/66/485
f 2468/4/486 2467/64/486 2471/65/486 2470/66/486
f 2473/4/1 2474/64/1 2475/65/1 2476/66/1
f 2477/4/2 2478/64/2 2479/65/2 2480/66/2
f 2473/4/456 2476/64/456 2478/65/456 2477/66/456
f 2474/4/455 2480/64/455 2479/65/455 2475/66/455
f 2473/4/458 2477/64/458 2480/65/458 2474/66/458
f 2476/4/457 2475/64/457 2479/65/457 2478/66/457
f 2481/4/1 2482/64/1 2483/65/1 2484/66/1
f 2485/4/2 2486/64/2 2487/65/2 2488/66/2
f 2481/4/452 2484/64/452 2486/65/452 2485/66/452
f 2482/4/451 2488/64/451 2487/65/451 2483/66/451
f 2481/4/454 2485/64/454 2488/65/454 2482/66/454
f 2484/4/453 2483/64/453 2487/65/453 2486/66/453
f 2489/4/487 2490/64/487 2491/65/487 2492/66/487
f 2493/4/488 2494/64/488 2495/65/488 2496/66/488
f 2489/4/3 2492/64/3 2494/65/3 2493/66/3
f 2490/4/4 2496/64/4 2495/65/4 2491/66/4
f 2489/4/489 2493/64/489 2496/65/489 2490/66/489
f 2492/4/490 2491/64/490 2495/65/490 2494/66/490
f 2497/4/491 2498/64/491 2499/65/491 2500/66/491
f 2501/4/492 2502/64/492 2503/65/492 2504/66/492
f 2497/4/3 2500/64/3 2502/65/3 2501/66/3
f 2498/4/4 2504/64/4 2503/65/4 2499/66/4
f 2497/4/493 2501/64/493 2504/65/493 2498/66/493
f 2500/4/494 2499/64/494 2503/65/494 2502/66/494
f 2505/4/1 2506/64/1 2507/65/1 2508/66/1
f 2509/4/2 2510/64/2 2511/65/2 2512/66/2
f 2505/4/495 2508/64/495 2510/65/495 2509/66/495
f 2506/4/496 2512/64/496 2511/65/496 2507/66/496
f 2505/4/497 2509/64/497 2512/65/497 2506/66/497
f 2508/4/498 2507/64/498 2511/65/498 2510/66/498
f 2513/4/1 2514/64/1 2515/65/1 2516/66/1
f 2517/4/2 2518/64/2 2519/65/2 2520/66/2
f 2513/4/499 2516/64/499 2518/65/499 2517/66/499
f 2514/4/500 2520/64/500 2519/65/500 2515/66/500
f 2513/4/501 2517/64/501 2520/65/501 2514/66/501
f 2516/4/502 2515/64/502 2519/65/502 2518/66/502
f 2521/4/1 2522/64/1 2523/65/1 2524/66/1
f 2525/4/2 2526/64/2 2527/65/2 2528/66/2
f 2521/4/503 2524/64/503 2526/65/503 2525/66/503
f 2522/4/504 2528/64/504 2527/65/504 2523/66/504
f 2521/4/505 2525/64/505 2528/65/505 2522/66/505
f 2524/4/506 2523/64/506 2527/65/506 2526/66/506
f 2529/4/1 2530/64/1 2531/65/1 2532/66/1
f 2533/4/2 2534/64/2 2535/65/2 2536/66/2
f 2529/4/507 2532/64/507 2534/65/507 2533/66/507
f 2530/4/508 2536/64/508 2535/65/508 2531/66/508
f 2529/4/509 2533/64/509 2536/65/509 2530/66/509
f 2532/4/510 2531/64/510 2535/65/510 2534/66/510
f 2537/4/1 2538/64/1 2539/65/1 2540/66/1
f 2541/4/2 2542/64/2 2543/65/2 2544/66/2
f 2537/4/511 2540/64/511 2542/65/511 2541/66/511
f 2538/4/512 2544/64/512 2543/65/512 2539/66/512
f 2537/4/513 2541/64/513 2544/65/513 2538/66/513
f 2540/4/514 2539/64/514 2543/65/514 2542/66/514
f 2673/4/1 2674/64/1 2675/65/1 2676/66/1
f 2677/4/2 2678/64/2 2679/65/2 2680/66/2
f 2673/4/5 2676/64/5 2678/65/5 2677/66/5
f 2674/4/6 2680/64/6 2679/65/6 2675/66/6
f 2673/4/3 2677/64/3 2680/65/3 2674/66/3
f 2676/4/4 2675/64/4 2679/65/4 2678/66/4
f 4625/4/1 4626/64/1 4627/65/1 4628/66/1
f 4629/4/2 4630/64/2 4631/65/2 4632/66/2
f 4625/4/5 4628/64/5 4630/65/5 4629/66/5
f 4626/4/6 4632/64/6 4631/65/6 4627/66/6
f 4625/4/3 4629/64/3 4632/65/3 4626/66/3
f 4628/4/4 4627/64/4 4631/65/4 4630/66/4
f 6577/4/1 6578/64/1 6579/65/1 6580/66/1
f 6581/4/2 6582/64/2 6583/65/2 6584/66/2
f 6577/4/5 6580/64/5 6582/65/5 6581/66/5
f 6578/4/6 6584/64/6 6583/65/6 6579/66/6
f 6577/4/3 6581/64/3 6584/65/3 6578/66/3
f 6580/4/4 6579/64/4 6583/65/4 6582/66/4
f 8529/4/1 8530/64/1 8531/65/1 8532/66/1
f 8533/4/2 8534/64/2 8535/65/2 8536/66/2
f 8529/4/5 8532/64/5 8534/65/5 8533/66/5
f 8530/4/6 8536/64/6 8535/65/6 8531/66/6
f 8529/4/3 8533/64/3 8536/65/3 8530/66/3
f 8532/4/4 8531/64/4 8535/65/4 8534/66/4
f 10481/4/1 10482/64/1 10483/65/1 10484/66/1
f 10485/4/2 10486/64/2 10487/65/2 10488/66/2
f 10481/4/5 10484/64/5 10486/65/5 10485/66/5
f 10482/4/6 10488/64/6 10487/65/6 10483/66/6
f 10481/4/3 10485/64/3 10488/65/3 10482/66/3
f 10484/4/4 10483/64/4 10487/65/4 10486/66/4
f 12433/4/1 12434/64/1 12435/65/1 12436/66/1
f 12437/4/2 12438/64/2 12439/65/2 12440/66/2
f 12433/4/5 12436/64/5 12438/65/5 12437/66/5
f 12434/4/6 12440/64/6 12439/65/6 12435/66/6
f 12433/4/3 12437/64/3 12440/65/3 12434/66/3
f 12436/4/4 12435/64/4 12439/65/4 12438/66/4
usemtl plate
f 2681/92/1 2682/93/1 2683/94/1 2684/4/1
f 2685/4/2 2686/94/2 2687/93/2 2688/92/2
f 2688/93/3 2687/92/3 2682/4/3 2681/94/3
f 2686/93/4 2685/92/4 2684/4/4 2683/94/4
f 2685/93/5 2688/92/5 2681/4/5 2684/94/5
f 2687/93/6 2686/92/6 2683/4/6 2682/94/6
f 4633/92/1 4634/93/1 4635/94/1 4636/4/1
f 4637/4/2 4638/94/2 4639/93/2 4640/92/2
f 4640/93/3 4639/92/3 4634/4/3 4633/94/3
f 4638/93/4 4637/92/4 4636/4/4 4635/94/4
f 4637/93/5 4640/92/5 4633/4/5 4636/94/5
f 4639/93/6 4638/92/6 4635/4/6 4634/94/6
f 6585/92/1 6586/93/1 6587/94/1 6588/4/1
f 6589/4/2 6590/94/2 6591/93/2 6592/92/2
f 6592/93/3 6591/92/3 6586/4/3 6585/94/3
f 6590/93/4 6589/92/4 6588/4/4 6587/94/4
f 6589/93/5 6592/92/5 6585/4/5 6588/94/5
f 6591/93/6 6590/92/6 6587/4/6 6586/94/6
f 8537/92/1 8538/93/1 8539/94/1 8540/4/1
f 8541/4/2 8542/94/2 8543/93/2 8544/92/2
f 8544/93/3 8543/92/3 8538/4/3 8537/94/3
f 8542/93/4 8541/92/4 8540/4/4 8539/94/4
f 8541/93/5 8544/92/5 8537/4/5 8540/94/5
f 8543/93/6 8542/92/6 8539/4/6 8538/94/6
f 10489/92/1 10490/93/1 10491/94/1 10492/4/1
f 10493/4/2 10494/94/2 10495/93/2 10496/92/2
f 10496/93/3 10495/92/3 10490/4/3 10489/94/3
f 10494/93/4 10493/92/4 10492/4/4 10491/94/4
f 10493/93/5 10496/92/5 10489/4/5 10492/94/5
f 10495/93/6 10494/92/6 10491/4/6 10490/94/6
f 12441/92/1 12442/93/1 12443/94/1 12444/4/1
f 12445/4/2 12446/94/2 12447/93/2 12448/92/2
f 12448/93/3 12447/92/3 12442/4/3 12441/94/3
f 12446/93/4 12445/92/4 12444/4/4 12443/94/4
f 12445/93/5 12448/92/5 12441/4/5 12444/94/5
f 12447/93/6 12446/92/6 12443/4/6 12442/94/6
o peak
usemtl plate
f 2641/67/11 2642/68/11 2643/21/11 2644/4/11
f 2642/68/12 2645/69/12 2646/25/12 2643/21/12
f 2645/69/13 2647/70/13 2648/29/13 2646/25/13
f 2647/70/14 2649/71/14 2650/11/14 2648/29/14
f 2649/71/15 2651/72/15 2652/35/15 2650/11/15
f 2651/72/16 2653/73/16 2654/39/16 2652/35/16
f 2653/73/17 2655/74/17 2656/43/17 2654/39/17
f 2655/74/18 2657/75/18 2658/17/18 2656/43/18
f 2657/75/19 2659/76/19 2660/77/19 2658/17/19
f 2659/76/20 2661/78/20 2662/79/20 2660/77/20
f 2661/78/21 2663/80/21 2664/81/21 2662/79/21
f 2663/80/22 2665/82/22 2666/83/22 2664/81/22
f 2665/82/23 2667/84/23 2668/85/23 2666/83/23
f 2667/84/24 2669/86/24 2670/87/24 2668/85/24
f 2669/86/25 2671/88/25 2672/89/25 2670/87/25
f 2671/88/26 2641/90/26 2644/91/26 2672/89/26
f 2666/3/1 2668/46/1 2670/47/1 2672/48/1
f 2662/49/1 2664/50/1 2666/3/1 2672/48/1
f 2658/1/1 2660/51/1 2662/49/1 2672/48/1
f 2654/52/1 2656/53/1 2658/1/1 2672/48/1
f 2650/54/1 2652/55/1 2654/52/1 2672/48/1
f 2646/56/1 2648/57/1 2650/54/1 2672/48/1
f 2644/58/1 2643/59/1 2646/56/1 2672/48/1
f 2647/57/2 2645/56/2 2642/59/2 2641/58/2
f 2651/55/2 2649/54/2 2647/57/2 2641/58/2
f 2655/53/2 2653/52/2 2651/55/2 2641/58/2
f 2659/51/2 2657/1/2 2655/53/2 2641/58/2
f 2663/50/2 2661/49/2 2659/51/2 2641/58/2
f 2667/46/2 2665/3/2 2663/50/2 2641/58/2
f 2671/48/2 2669/47/2 2667/46/2 2641/58/2
o insulator_1
usemtl porcelain
f 2689/4/535 2690/35/535 2691/95/535 2692/96/535
f 2690/35/536 2693/79/536 2694/97/536 2691/95/536
f 2693/79/537 2695/89/537 2696/98/537 2694/97/537
f 2695/89/538 2697/99/538 2698/100/538 2696/98/538
f 2697/99/539 2699/101/539 2700/102/539 2698/100/539
f 2699/101/540 2701/103/540 2702/104/540 2700/102/540
f 2701/103/541 2703/105/541 2704/106/541 2702/104/541
f 2703/105/542 2705/3/542 2706/54/542 2704/106/542
f 2705/3/543 2707/107/543 2708/108/543 2706/54/543
f 2707/107/544 2709/109/544 2710/110/544 2708/108/544
f 2709/109/545 2711/111/545 2712/112/545 2710/110/545
f 2711/111/546 2713/113/546 2714/114/546 2712/112/546
f 2713/113/547 2715/115/547 2716/116/547 2714/114/547
f 2715/115/548 2717/117/548 2718/118/548 2716/116/548
f 2717/117/549 2719/119/549 2720/120/549 2718/118/549
f 2719/119/550 2689/121/550 2692/122/550 2720/120/550
f 2753/4/535 2754/35/535 2755/95/535 2756/96/535
f 2754/35/536 2757/79/536 2758/97/536 2755/95/536
f 2757/79/537 2759/89/537 2760/98/537 2758/97/537
f 2759/89/538 2761/99/538 2762/100/538 2760/98/538
f 2761/99/539 2763/101/539 2764/102/539 2762/100/539
f 2763/101/540 2765/103/540 2766/104/540 2764/102/540
f 2765/103/541 2767/105/541 2768/106/541 2766/104/541
f 2767/105/542 2769/3/542 2770/54/542 2768/106/542
f 2769/3/543 2771/107/543 2772/108/543 2770/54/543
f 2771/107/544 2773/109/544 2774/110/544 2772/108/544
f 2773/109/545 2775/111/545 2776/112/545 2774/110/545
f 2775/111/546 2777/113/546 2778/114/546 2776/112/546
f 2777/113/547 2779/115/547 2780/116/547 2778/114/547
f 2779/115/548 2781/117/548 2782/118/548 2780/116/548
f 2781/117/549 2783/119/549 2784/120/549 2782/118/549
f 2783/119/550 2753/121/550 2756/122/550 2784/120/550
f 2801/4/535 2802/35/535 2803/95/535 2804/96/535
f 2802/35/536 2805/79/536 2806/97/536 2803/95/536
f 2805/79/537 2807/89/537 2808/98/537 2806/97/537
f 2807/89/538 2809/99/538 2810/100/538 2808/98/538
f 2809/99/539 2811/101/539 2812/102/539 2810/100/539
f 2811/101/540 2813/103/540 2814/104/540 2812/102/540
f 2813/103/541 2815/105/541 2816/106/541 2814/104/541
f 2815/105/542 2817/3/542 2818/54/542 2816/106/542
f 2817/3/543 2819/107/543 2820/108/543 2818/54/543
f 2819/107/544 2821/109/544 2822/110/544 2820/108/544
f 2821/109/545 2823/111/545 2824/112/545 2822/110/545
f 2823/111/546 2825/113/546 2826/114/546 2824/112/546
f 2825/113/547 2827/115/547 2828/116/547 2826/114/547
f 2827/115/548 2829/117/548 2830/118/548 2828/116/548
f 2829/117/549 2831/119/549 2832/120/549 2830/118/549
f 2831/119/550 2801/121/550 2804/122/550 2832/120/550
f 2849/4/535 2850/35/535 2851/95/535 2852/96/535
f 2850/35/536 2853/79/536 2854/97/536 2851/95/536
f 2853/79/537 2855/89/537 2856/98/537 2854/97/537
f 2855/89/538 2857/99/538 2858/100/538 2856/98/538
f 2857/99/539 2859/101/539 2860/102/539 2858/100/539
f 2859/101/540 2861/103/540 2862/104/540 2860/102/540
f 2861/103/541 2863/105/541 2864/106/541 2862/104/541
f 2863/105/542 2865/3/542 2866/54/542 2864/106/542
f 2865/3/543 2867/107/543 2868/108/543 2866/54/543
f 2867/107/544 2869/109/544 2870/110/544 2868/108/544
f 2869/109/545 2871/111/545 2872/112/545 2870/110/545
f 2871/111/546 2873/113/546 2874/114/546 2872/112/546
f 2873/113/547 2875/115/547 2876/116/547 2874/114/547
f 2875/115/548 2877/117/548 2878/118/548 2876/116/548
f 2877/117/549 2879/119/549 2880/120/549 2878/118/549
f 2879/119/550 2849/121/550 2852/122/550 2880/120/550
f 2897/4/535 2898/35/535 2899/95/535 2900/96/535
f 2898/35/536 2901/79/536 2902/97/536 2899/95/536
f 2901/79/537 2903/89/537 2904/98/537 2902/97/537
f 2903/89/538 2905/99/538 2906/100/538 2904/98/538
f 2905/99/539 2907/101/539 2908/102/539 2906/100/539
f 2907/101/540 2909/103/540 2910/104/540 2908/102/540
f 2909/103/541 2911/105/541 2912/106/541 2910/104/541
f 2911/105/542 2913/3/542 2914/54/542 2912/106/542
f 2913/3/543 2915/107/543 2916/108/543 2914/54/543
f 2915/107/544 2917/109/544 2918/110/544 2916/108/544
f 2917/109/545 2919/111/545 2920/112/545 2918/110/545
f 2919/111/546 2921/113/546 2922/114/546 2920/112/546
f 2921/113/547 2923/115/547 2924/116/547 2922/114/547
f 2923/115/548 2925/117/548 2926/118/548 2924/116/548
f 2925/117/549 2927/119/549 2928/120/549 2926/118/549
f 2927/119/550 2897/121/550 2900/122/550 2928/120/550
f 2945/4/535 2946/35/535 2947/95/535 2948/96/535
f 2946/35/536 2949/79/536 2950/97/536 2947/95/536
f 2949/79/537 2951/89/537 2952/98/537 2950/97/537
f 2951/89/538 2953/99/538 2954/100/538 2952/98/538
f 2953/99/539 2955/101/539 2956/102/539 2954/100/539
f 2955/101/540 2957/103/540 2958/104/540 2956/102/540
f 2957/103/541 2959/105/541 2960/106/541 2958/104/541
f 2959/105/542 2961/3/542 2962/54/542 2960/106/542
f 2961/3/543 2963/107/543 2964/108/543 2962/54/543
f 2963/107/544 2965/109/544 2966/110/544 2964/108/544
f 2965/109/545 2967/111/545 2968/112/545 2966/110/545
f 2967/111/546 2969/113/546 2970/114/546 2968/112/546
f 2969/113/547 2971/115/547 2972/116/547 2970/114/547
f 2971/115/548 2973/117/548 2974/118/548 2972/116/548
f 2973/117/549 2975/119/549 2976/120/549 2974/118/549
f 2975/119/550 2945/121/550 2948/122/550 2976/120/550
f 2993/4/535 2994/35/535 2995/95/535 2996/96/535
f 2994/35/536 2997/79/536 2998/97/536 2995/95/536
f 2997/79/537 2999/89/537 3000/98/537 2998/97/537
f 2999/89/538 3001/99/538 3002/100/538 3000/98/538
f 3001/99/539 3003/101/539 3004/102/539 3002/100/539
f 3003/101/540 3005/103/540 3006/104/540 3004/102/540
f 3005/103/541 3007/105/541 3008/106/541 3006/104/541
f 3007/105/542 3009/3/542 3010/54/542 3008/106/542
f 3009/3/543 3011/107/543 3012/108/543 3010/54/543
f 3011/107/544 3013/109/544 3014/110/544 3012/108/544
f 3013/109/545 3015/111/545 3016/112/545 3014/110/545
f 3015/111/546 3017/113/546 3018/114/546 3016/112/546
f 3017/113/547 3019/115/547 3020/116/547 3018/114/547
f 3019/115/548 3021/117/548 3022/118/548 3020/116/548
f 3021/117/549 3023/119/549 3024/120/549 3022/118/549
f 3023/119/550 2993/121/550 2996/122/550 3024/120/550
f 3041/4/535 3042/35/535 3043/95/535 3044/96/535
f 3042/35/536 3045/79/536 3046/97/536 3043/95/536
f 3045/79/537 3047/89/537 3048/98/537 3046/97/537
f 3047/89/538 3049/99/538 3050/100/538 3048/98/538
f 3049/99/539 3051/101/539 3052/102/539 3050/100/539
f 3051/101/540 3053/103/540 3054/104/540 3052/102/540
f 3053/103/541 3055/105/541 3056/106/541 3054/104/541
f 3055/105/542 3057/3/542 3058/54/542 3056/106/542
f 3057/3/543 3059/107/543 3060/108/543 3058/54/543
f 3059/107/544 3061/109/544 3062/110/544 3060/108/544
f 3061/109/545 3063/111/545 3064/112/545 3062/110/545
f 3063/111/546 3065/113/546 3066/114/546 3064/112/546
f 3065/113/547 3067/115/547 3068/116/547 3066/114/547
f 3067/115/548 3069/117/548 3070/118/548 3068/116/548
f 3069/117/549 3071/119/549 3072/120/549 3070/118/549
f 3071/119/550 3041/121/550 3044/122/550 3072/120/550
f 3089/4/535 3090/35/535 3091/95/535 3092/96/535
f 3090/35/536 3093/79/536 3094/97/536 3091/95/536
f 3093/79/537 3095/89/537 3096/98/537 3094/97/537
f 3095/89/538 3097/99/538 3098/100/538 3096/98/538
f 3097/99/539 3099/101/539 3100/102/539 3098/100/539
f 3099/101/540 3101/103/540 3102/104/540 3100/102/540
f 3101/103/541 3103/105/541 3104/106/541 3102/104/541
f 3103/105/542 3105/3/542 3106/54/542 3104/106/542
f 3105/3/543 3107/107/543 3108/108/543 3106/54/543
f 3107/107/544 3109/109/544 3110/110/544 3108/108/544
f 3109/109/545 3111/111/545 3112/112/545 3110/110/545
f 3111/111/546 3113/113/546 3114/114/546 3112/112/546
f 3113/113/547 3115/115/547 3116/116/547 3114/114/547
f 3115/115/548 3117/117/548 3118/118/548 3116/116/548
f 3117/117/549 3119/119/549 3120/120/549 3118/118/549
f 3119/119/550 3089/121/550 3092/122/550 3120/120/550
f 3137/4/535 3138/35/535 3139/95/535 3140/96/535
f 3138/35/536 3141/79/536 3142/97/536 3139/95/536
f 3141/79/537 3143/89/537 3144/98/537 3142/97/537
f 3143/89/538 3145/99/538 3146/100/538 3144/98/538
f 3145/99/539 3147/101/539 3148/102/539 3146/100/539
f 3147/101/540 3149/103/540 3150/104/540 3148/102/540
f 3149/103/541 3151/105/541 3152/106/541 3150/104/541
f 3151/105/542 3153/3/542 3154/54/542 3152/106/542
f 3153/3/543 3155/107/543 3156/108/543 3154/54/543
f 3155/107/544 3157/109/544 3158/110/544 3156/108/544
f 3157/109/545 3159/111/545 3160/112/545 3158/110/545
f 3159/111/546 3161/113/546 3162/114/546 3160/112/546
f 3161/113/547 3163/115/547 3164/116/547 3162/114/547
f 3163/115/548 3165/117/548 3166/118/548 3164/116/548
f 3165/117/549 3167/119/549 3168/120/549 3166/118/549
f 3167/119/550 3137/121/550 3140/122/550 3168/120/550
f 3185/4/535 3186/35/535 3187/95/535 3188/96/535
f 3186/35/536 3189/79/536 3190/97/536 3187/95/536
f 3189/79/537 3191/89/537 3192/98/537 3190/97/537
f 3191/89/538 3193/99/538 3194/100/538 3192/98/538
f 3193/99/539 3195/101/539 3196/102/539 3194/100/539
f 3195/101/540 3197/103/540 3198/104/540 3196/102/540
f 3197/103/541 3199/105/541 3200/106/541 3198/104/541
f 3199/105/542 3201/3/542 3202/54/542 3200/106/542
f 3201/3/543 3203/107/543 3204/108/543 3202/54/543
f 3203/107/544 3205/109/544 3206/110/544 3204/108/544
f 3205/109/545 3207/111/545 3208/112/545 3206/110/545
f 3207/111/546 3209/113/546 3210/114/546 3208/112/546
f 3209/113/547 3211/115/547 3212/116/547 3210/114/547
f 3211/115/548 3213/117/548 3214/118/548 3212/116/548
f 3213/117/549 3215/119/549 3216/120/549 3214/118/549
f 3215/119/550 3185/121/550 3188/122/550 3216/120/550
f 3233/4/535 3234/35/535 3235/95/535 3236/96/535
f 3234/35/536 3237/79/536 3238/97/536 3235/95/536
f 3237/79/537 3239/89/537 3240/98/537 3238/97/537
f 3239/89/538 3241/99/538 3242/100/538 3240/98/538
f 3241/99/539 3243/101/539 3244/102/539 3242/100/539
f 3243/101/540 3245/103/540 3246/104/540 3244/102/540
f 3245/103/541 3247/105/541 3248/106/541 3246/104/541
f 3247/105/542 3249/3/542 3250/54/542 3248/106/542
f 3249/3/543 3251/107/543 3252/108/543 3250/54/543
f 3251/107/544 3253/109/544 3254/110/544 3252/108/544
f 3253/109/545 3255/111/545 3256/112/545 3254/110/545
f 3255/111/546 3257/113/546 3258/114/546 3256/112/546
f 3257/113/547 3259/115/547 3260/116/547 3258/114/547
f 3259/115/548 3261/117/548 3262/118/548 3260/116/548
f 3261/117/549 3263/119/549 3264/120/549 3262/118/549
f 3263/119/550 3233/121/550 3236/122/550 3264/120/550
f 3281/4/535 3282/35/535 3283/95/535 3284/96/535
f 3282/35/536 3285/79/536 3286/97/536 3283/95/536
f 3285/79/537 3287/89/537 3288/98/537 3286/97/537
f 3287/89/538 3289/99/538 3290/100/538 3288/98/538
f 3289/99/539 3291/101/539 3292/102/539 3290/100/539
f 3291/101/540 3293/103/540 3294/104/540 3292/102/540
f 3293/103/541 3295/105/541 3296/106/541 3294/104/541
f 3295/105/542 3297/3/542 3298/54/542 3296/106/542
f 3297/3/543 3299/107/543 3300/108/543 3298/54/543
f 3299/107/544 3301/109/544 3302/110/544 3300/108/544
f 3301/109/545 3303/111/545 3304/112/545 3302/110/545
f 3303/111/546 3305/113/546 3306/114/546 3304/112/546
f 3305/113/547 3307/115/547 3308/116/547 3306/114/547
f 3307/115/548 3309/117/548 3310/118/548 3308/116/548
f 3309/117/549 3311/119/549 3312/120/549 3310/118/549
f 3311/119/550 3281/121/550 3284/122/550 3312/120/550
f 3329/4/535 3330/35/535 3331/95/535 3332/96/535
f 3330/35/536 3333/79/536 3334/97/536 3331/95/536
f 3333/79/537 3335/89/537 3336/98/537 3334/97/537
f 3335/89/538 3337/99/538 3338/100/538 3336/98/538
f 3337/99/539 3339/101/539 3340/102/539 3338/100/539
f 3339/101/540 3341/103/540 3342/104/540 3340/102/540
f 3341/103/541 3343/105/541 3344/106/541 3342/104/541
f 3343/105/542 3345/3/542 3346/54/542 3344/106/542
f 3345/3/543 3347/107/543 3348/108/543 3346/54/543
f 3347/107/544 3349/109/544 3350/110/544 3348/108/544
f 3349/109/545 3351/111/545 3352/112/545 3350/110/545
f 3351/111/546 3353/113/546 3354/114/546 3352/112/546
f 3353/113/547 3355/115/547 3356/116/547 3354/114/547
f 3355/115/548 3357/117/548 3358/118/548 3356/116/548
f 3357/117/549 3359/119/549 3360/120/549 3358/118/549
f 3359/119/550 3329/121/550 3332/122/550 3360/120/550
f 3377/4/535 3378/35/535 3379/95/535 3380/96/535
f 3378/35/536 3381/79/536 3382/97/536 3379/95/536
f 3381/79/537 3383/89/537 3384/98/537 3382/97/537
f 3383/89/538 3385/99/538 3386/100/538 3384/98/538
f 3385/99/539 3387/101/539 3388/102/539 3386/100/539
f 3387/101/540 3389/103/540 3390/104/540 3388/102/540
f 3389/103/541 3391/105/541 3392/106/541 3390/104/541
f 3391/105/542 3393/3/542 3394/54/542 3392/106/542
f 3393/3/543 3395/107/543 3396/108/543 3394/54/543
f 3395/107/544 3397/109/544 3398/110/544 3396/108/544
f 3397/109/545 3399/111/545 3400/112/545 3398/110/545
f 3399/111/546 3401/113/546 3402/114/546 3400/112/546
f 3401/113/547 3403/115/547 3404/116/547 3402/114/547
f 3403/115/548 3405/117/548 3406/118/548 3404/116/548
f 3405/117/549 3407/119/549 3408/120/549 3406/118/549
f 3407/119/550 3377/121/550 3380/122/550 3408/120/550
f 3425/4/535 3426/35/535 3427/95/535 3428/96/535
f 3426/35/536 3429/79/536 3430/97/536 3427/95/536
f 3429/79/537 3431/89/537 3432/98/537 3430/97/537
f 3431/89/538 3433/99/538 3434/100/538 3432/98/538
f 3433/99/539 3435/101/539 3436/102/539 3434/100/539
f 3435/101/540 3437/103/540 3438/104/540 3436/102/540
f 3437/103/541 3439/105/541 3440/106/541 3438/104/541
f 3439/105/542 3441/3/542 3442/54/542 3440/106/542
f 3441/3/543 3443/107/543 3444/108/543 3442/54/543
f 3443/107/544 3445/109/544 3446/110/544 3444/108/544
f 3445/109/545 3447/111/545 3448/112/545 3446/110/545
f 3447/111/546 3449/113/546 3450/114/546 3448/112/546
f 3449/113/547 3451/115/547 3452/116/547 3450/114/547
f 3451/115/548 3453/117/548 3454/118/548 3452/116/548
f 3453/117/549 3455/119/549 3456/120/549 3454/118/549
f 3455/119/550 3425/121/550 3428/122/550 3456/120/550
f 3473/4/535 3474/35/535 3475/95/535 3476/96/535
f 3474/35/536 3477/79/536 3478/97/536 3475/95/536
f 3477/79/537 3479/89/537 3480/98/537 3478/97/537
f 3479/89/538 3481/99/538 3482/100/538 3480/98/538
f 3481/99/539 3483/101/539 3484/102/539 3482/100/539
f 3483/101/540 3485/103/540 3486/104/540 3484/102/540
f 3485/103/541 3487/105/541 3488/106/541 3486/104/541
f 3487/105/542 3489/3/542 3490/54/542 3488/106/542
f 3489/3/543 3491/107/543 3492/108/543 3490/54/543
f 3491/107/544 3493/109/544 3494/110/544 3492/108/544
f 3493/109/545 3495/111/545 3496/112/545 3494/110/545
f 3495/111/546 3497/113/546 3498/114/546 3496/112/546
f 3497/113/547 3499/115/547 3500/116/547 3498/114/547
f 3499/115/548 3501/117/548 3502/118/548 3500/116/548
f 3501/117/549 3503/119/549 3504/120/549 3502/118/549
f 3503/119/550 3473/121/550 3476/122/550 3504/120/550
f 3521/4/535 3522/35/535 3523/95/535 3524/96/535
f 3522/35/536 3525/79/536 3526/97/536 3523/95/536
f 3525/79/537 3527/89/537 3528/98/537 3526/97/537
f 3527/89/538 3529/99/538 3530/100/538 3528/98/538
f 3529/99/539 3531/101/539 3532/102/539 3530/100/539
f 3531/101/540 3533/103/540 3534/104/540 3532/102/540
f 3533/103/541 3535/105/541 3536/106/541 3534/104/541
f 3535/105/542 3537/3/542 3538/54/542 3536/106/542
f 3537/3/543 3539/107/543 3540/108/543 3538/54/543
f 3539/107/544 3541/109/544 3542/110/544 3540/108/544
f 3541/109/545 3543/111/545 3544/112/545 3542/110/545
f 3543/111/546 3545/113/546 3546/114/546 3544/112/546
f 3545/113/547 3547/115/547 3548/116/547 3546/114/547
f 3547/115/548 3549/117/548 3550/118/548 3548/116/548
f 3549/117/549 3551/119/549 3552/120/549 3550/118/549
f 3551/119/550 3521/121/550 3524/122/550 3552/120/550
f 3577/4/535 3578/35/535 3579/95/535 3580/96/535
f 3578/35/536 3581/79/536 3582/97/536 3579/95/536
f 3581/79/537 3583/89/537 3584/98/537 3582/97/537
f 3583/89/538 3585/99/538 3586/100/538 3584/98/538
f 3585/99/539 3587/101/539 3588/102/539 3586/100/539
f 3587/101/540 3589/103/540 3590/104/540 3588/102/540
f 3589/103/541 3591/105/541 3592/106/541 3590/104/541
f 3591/105/542 3593/3/542 3594/54/542 3592/106/542
f 3593/3/543 3595/107/543 3596/108/543 3594/54/543
f 3595/107/544 3597/109/544 3598/110/544 3596/108/544
f 3597/109/545 3599/111/545 3600/112/545 3598/110/545
f 3599/111/546 3601/113/546 3602/114/546 3600/112/546
f 3601/113/547 3603/115/547 3604/116/547 3602/114/547
f 3603/115/548 3605/117/548 3606/118/548 3604/116/548
f 3605/117/549 3607/119/549 3608/120/549 3606/118/549
f 3607/119/550 3577/121/550 3580/122/550 3608/120/550
f 3625/4/535 3626/35/535 3627/95/535 3628/96/535
f 3626/35/536 3629/79/536 3630/97/536 3627/95/536
f 3629/79/537 3631/89/537 3632/98/537 3630/97/537
f 3631/89/538 3633/99/538 3634/100/538 3632/98/538
f 3633/99/539 3635/101/539 3636/102/539 3634/100/539
f 3635/101/540 3637/103/540 3638/104/540 3636/102/540
f 3637/103/541 3639/105/541 3640/106/541 3638/104/541
f 3639/105/542 3641/3/542 3642/54/542 3640/106/542
f 3641/3/543 3643/107/543 3644/108/543 3642/54/543
f 3643/107/544 3645/109/544 3646/110/544 3644/108/544
f 3645/109/545 3647/111/545 3648/112/545 3646/110/545
f 3647/111/546 3649/113/546 3650/114/546 3648/112/546
f 3649/113/547 3651/115/547 3652/116/547 3650/114/547
f 3651/115/548 3653/117/548 3654/118/548 3652/116/548
f 3653/117/549 3655/119/549 3656/120/549 3654/118/549
f 3655/119/550 3625/121/550 3628/122/550 3656/120/550
f 3673/4/535 3674/35/535 3675/95/535 3676/96/535
f 3674/35/536 3677/79/536 3678/97/536 3675/95/536
f 3677/79/537 3679/89/537 3680/98/537 3678/97/537
f 3679/89/538 3681/99/538 3682/100/538 3680/98/538
f 3681/99/539 3683/101/539 3684/102/539 3682/100/539
f 3683/101/540 3685/103/540 3686/104/540 3684/102/540
f 3685/103/541 3687/105/541 3688/106/541 3686/104/541
f 3687/105/542 3689/3/542 3690/54/542 3688/106/542
f 3689/3/543 3691/107/543 3692/108/543 3690/54/543
f 3691/107/544 3693/109/544 3694/110/544 3692/108/544
f 3693/109/545 3695/111/545 3696/112/545 3694/110/545
f 3695/111/546 3697/113/546 3698/114/546 3696/112/546
f 3697/113/547 3699/115/547 3700/116/547 3698/114/547
f 3699/115/548 3701/117/548 3702/118/548 3700/116/548
f 3701/117/549 3703/119/549 3704/120/549 3702/118/549
f 3703/119/550 3673/121/550 3676/122/550 3704/120/550
f 3721/4/535 3722/35/535 3723/95/535 3724/96/535
f 3722/35/536 3725/79/536 3726/97/536 3723/95/536
f 3725/79/537 3727/89/537 3728/98/537 3726/97/537
f 3727/89/538 3729/99/538 3730/100/538 3728/98/538
f 3729/99/539 3731/101/539 3732/102/539 3730/100/539
f 3731/101/540 3733/103/540 3734/104/540 3732/102/540
f 3733/103/541 3735/105/541 3736/106/541 3734/104/541
f 3735/105/542 3737/3/542 3738/54/542 3736/106/542
f 3737/3/543 3739/107/543 3740/108/543 3738/54/543
f 3739/107/544 3741/109/544 3742/110/544 3740/108/544
f 3741/109/545 3743/111/545 3744/112/545 3742/110/545
f 3743/111/546 3745/113/546 3746/114/546 3744/112/546
f 3745/113/547 3747/115/547 3748/116/547 3746/114/547
f 3747/115/548 3749/117/548 3750/118/548 3748/116/548
f 3749/117/549 3751/119/549 3752/120/549 3750/118/549
f 3751/119/550 3721/121/550 3724/122/550 3752/120/550
f 3769/4/535 3770/35/535 3771/95/535 3772/96/535
f 3770/35/536 3773/79/536 3774/97/536 3771/95/536
f 3773/79/537 3775/89/537 3776/98/537 3774/97/537
f 3775/89/538 3777/99/538 3778/100/538 3776/98/538
f 3777/99/539 3779/101/539 3780/102/539 3778/100/539
f 3779/101/540 3781/103/540 3782/104/540 3780/102/540
f 3781/103/541 3783/105/541 3784/106/541 3782/104/541
f 3783/105/542 3785/3/542 3786/54/542 3784/106/542
f 3785/3/543 3787/107/543 3788/108/543 3786/54/543
f 3787/107/544 3789/109/544 3790/110/544 3788/108/544
f 3789/109/545 3791/111/545 3792/112/545 3790/110/545
f 3791/111/546 3793/113/546 3794/114/546 3792/112/546
f 3793/113/547 3795/115/547 3796/116/547 3794/114/547
f 3795/115/548 3797/117/548 3798/118/548 3796/116/548
f 3797/117/549 3799/119/549 3800/120/549 3798/118/549
f 3799/119/550 3769/121/550 3772/122/550 3800/120/550
f 3817/4/535 3818/35/535 3819/95/535 3820/96/535
f 3818/35/536 3821/79/536 3822/97/536 3819/95/536
f 3821/79/537 3823/89/537 3824/98/537 3822/97/537
f 3823/89/538 3825/99/538 3826/100/538 3824/98/538
f 3825/99/539 3827/101/539 3828/102/539 3826/100/539
f 3827/101/540 3829/103/540 3830/104/540 3828/102/540
f 3829/103/541 3831/105/541 3832/106/541 3830/104/541
f 3831/105/542 3833/3/542 3834/54/542 3832/106/542
f 3833/3/543 3835/107/543 3836/108/543 3834/54/543
f 3835/107/544 3837/109/544 3838/110/544 3836/108/544
f 3837/109/545 3839/111/545 3840/112/545 3838/110/545
f 3839/111/546 3841/113/546 3842/114/546 3840/112/546
f 3841/113/547 3843/115/547 3844/116/547 3842/114/547
f 3843/115/548 3845/117/548 3846/118/548 3844/116/548
f 3845/117/549 3847/119/549 3848/120/549 3846/118/549
f 3847/119/550 3817/121/550 3820/122/550 3848/120/550
f 3865/4/535 3866/35/535 3867/95/535 3868/96/535
f 3866/35/536 3869/79/536 3870/97/536 3867/95/536
f 3869/79/537 3871/89/537 3872/98/537 3870/97/537
f 3871/89/538 3873/99/538 3874/100/538 3872/98/538
f 3873/99/539 3875/101/539 3876/102/539 3874/100/539
f 3875/101/540 3877/103/540 3878/104/540 3876/102/540
f 3877/103/541 3879/105/541 3880/106/541 3878/104/541
f 3879/105/542 3881/3/542 3882/54/542 3880/106/542
f 3881/3/543 3883/107/543 3884/108/543 3882/54/543
f 3883/107/544 3885/109/544 3886/110/544 3884/108/544
f 3885/109/545 3887/111/545 3888/112/545 3886/110/545
f 3887/111/546 3889/113/546 3890/114/546 3888/112/546
f 3889/113/547 3891/115/547 3892/116/547 3890/114/547
f 3891/115/548 3893/117/548 3894/118/548 3892/116/548
f 3893/117/549 3895/119/549 3896/120/549 3894/118/549
f 3895/119/550 3865/121/550 3868/122/550 3896/120/550
f 3913/4/535 3914/35/535 3915/95/535 3916/96/535
f 3914/35/536 3917/79/536 3918/97/536 3915/95/536
f 3917/79/537 3919/89/537 3920/98/537 3918/97/537
f 3919/89/538 3921/99/538 3922/100/538 3920/98/538
f 3921/99/539 3923/101/539 3924/102/539 3922/100/539
f 3923/101/540 3925/103/540 3926/104/540 3924/102/540
f 3925/103/541 3927/105/541 3928/106/541 3926/104/541
f 3927/105/542 3929/3/542 3930/54/542 3928/106/542
f 3929/3/543 3931/107/543 3932/108/543 3930/54/543
f 3931/107/544 3933/109/544 3934/110/544 3932/108/544
f 3933/109/545 3935/111/545 3936/112/545 3934/110/545
f 3935/111/546 3937/113/546 3938/114/546 3936/112/546
f 3937/113/547 3939/115/547 3940/116/547 3938/114/547
f 3939/115/548 3941/117/548 3942/118/548 3940/116/548
f 3941/117/549 3943/119/549 3944/120/549 3942/118/549
f 3943/119/550 3913/121/550 3916/122/550 3944/120/550
f 3961/4/535 3962/35/535 3963/95/535 3964/96/535
f 3962/35/536 3965/79/536 3966/97/536 3963/95/536
f 3965/79/537 3967/89/537 3968/98/537 3966/97/537
f 3967/89/538 3969/99/538 3970/100/538 3968/98/538
f 3969/99/539 3971/101/539 3972/102/539 3970/100/539
f 3971/101/540 3973/103/540 3974/104/540 3972/102/540
f 3973/103/541 3975/105/541 3976/106/541 3974/104/541
f 3975/105/542 3977/3/542 3978/54/542 3976/106/542
f 3977/3/543 3979/107/543 3980/108/543 3978/54/543
f 3979/107/544 3981/109/544 3982/110/544 3980/108/544
f 3981/109/545 3983/111/545 3984/112/545 3982/110/545
f 3983/111/546 3985/113/546 3986/114/546 3984/112/546
f 3985/113/547 3987/115/547 3988/116/547 3986/114/547
f 3987/115/548 3989/117/548 3990/118/548 3988/116/548
f 3989/117/549 3991/119/549 3992/120/549 3990/118/549
f 3991/119/550 3961/121/550 3964/122/550 3992/120/550
f 4009/4/535 4010/35/535 4011/95/535 4012/96/535
f 4010/35/536 4013/79/536 4014/97/536 4011/95/536
f 4013/79/537 4015/89/537 4016/98/537 4014/97/537
f 4015/89/538 4017/99/538 4018/100/538 4016/98/538
f 4017/99/539 4019/101/539 4020/102/539 4018/100/539
f 4019/101/540 4021/103/540 4022/104/540 4020/102/540
f 4021/103/541 4023/105/541 4024/106/541 4022/104/541
f 4023/105/542 4025/3/542 4026/54/542 4024/106/542
f 4025/3/543 4027/107/543 4028/108/543 4026/54/543
f 4027/107/544 4029/109/544 4030/110/544 4028/108/544
f 4029/109/545 4031/111/545 4032/112/545 4030/110/545
f 4031/111/546 4033/113/546 4034/114/546 4032/112/546
f 4033/113/547 4035/115/547 4036/116/547 4034/114/547
f 4035/115/548 4037/117/548 4038/118/548 4036/116/548
f 4037/117/549 4039/119/549 4040/120/549 4038/118/549
f 4039/119/550 4009/121/550 4012/122/550 4040/120/550
f 4057/4/535 4058/35/535 4059/95/535 4060/96/535
f 4058/35/536 4061/79/536 4062/97/536 4059/95/536
f 4061/79/537 4063/89/537 4064/98/537 4062/97/537
f 4063/89/538 4065/99/538 4066/100/538 4064/98/538
f 4065/99/539 4067/101/539 4068/102/539 4066/100/539
f 4067/101/540 4069/103/540 4070/104/540 4068/102/540
f 4069/103/541 4071/105/541 4072/106/541 4070/104/541
f 4071/105/542 4073/3/542 4074/54/542 4072/106/542
f 4073/3/543 4075/107/543 4076/108/543 4074/54/543
f 4075/107/544 4077/109/544 4078/110/544 4076/108/544
f 4077/109/545 4079/111/545 4080/112/545 4078/110/545
f 4079/111/546 4081/113/546 4082/114/546 4080/112/546
f 4081/113/547 4083/115/547 4084/116/547 4082/114/547
f 4083/115/548 4085/117/548 4086/118/548 4084/116/548
f 4085/117/549 4087/119/549 4088/120/549 4086/118/549
f 4087/119/550 4057/121/550 4060/122/550 4088/120/550
f 4105/4/535 4106/35/535 4107/95/535 4108/96/535
f 4106/35/536 4109/79/536 4110/97/536 4107/95/536
f 4109/79/537 4111/89/537 4112/98/537 4110/97/537
f 4111/89/538 4113/99/538 4114/100/538 4112/98/538
f 4113/99/539 4115/101/539 4116/102/539 4114/100/539
f 4115/101/540 4117/103/540 4118/104/540 4116/102/540
f 4117/103/541 4119/105/541 4120/106/541 4118/104/541
f 4119/105/542 4121/3/542 4122/54/542 4120/106/542
f 4121/3/543 4123/107/543 4124/108/543 4122/54/543
f 4123/107/544 4125/109/544 4126/110/544 4124/108/544
f 4125/109/545 4127/111/545 4128/112/545 4126/110/545
f 4127/111/546 4129/113/546 4130/114/546 4128/112/546
f 4129/113/547 4131/115/547 4132/116/547 4130/114/547
f 4131/115/548 4133/117/548 4134/118/548 4132/116/548
f 4133/117/549 4135/119/549 4136/120/549 4134/118/549
f 4135/119/550 4105/121/550 4108/122/550 4136/120/550
f 4153/4/535 4154/35/535 4155/95/535 4156/96/535
f 4154/35/536 4157/79/536 4158/97/536 4155/95/536
f 4157/79/537 4159/89/537 4160/98/537 4158/97/537
f 4159/89/538 4161/99/538 4162/100/538 4160/98/538
f 4161/99/539 4163/101/539 4164/102/539 4162/100/539
f 4163/101/540 4165/103/540 4166/104/540 4164/102/540
f 4165/103/541 4167/105/541 4168/106/541 4166/104/541
f 4167/105/542 4169/3/542 4170/54/542 4168/106/542
f 4169/3/543 4171/107/543 4172/108/543 4170/54/543
f 4171/107/544 4173/109/544 4174/110/544 4172/108/544
f 4173/109/545 4175/111/545 4176/112/545 4174/110/545
f 4175/111/546 4177/113/546 4178/114/546 4176/112/546
f 4177/113/547 4179/115/547 4180/116/547 4178/114/547
f 4179/115/548 4181/117/548 4182/118/548 4180/116/548
f 4181/117/549 4183/119/549 4184/120/549 4182/118/549
f 4183/119/550 4153/121/550 4156/122/550 4184/120/550
f 4201/4/535 4202/35/535 4203/95/535 4204/96/535
f 4202/35/536 4205/79/536 4206/97/536 4203/95/536
f 4205/79/537 4207/89/537 4208/98/537 4206/97/537
f 4207/89/538 4209/99/538 4210/100/538 4208/98/538
f 4209/99/539 4211/101/539 4212/102/539 4210/100/539
f 4211/101/540 4213/103/540 4214/104/540 4212/102/540
f 4213/103/541 4215/105/541 4216/106/541 4214/104/541
f 4215/105/542 4217/3/542 4218/54/542 4216/106/542
f 4217/3/543 4219/107/543 4220/108/543 4218/54/543
f 4219/107/544 4221/109/544 4222/110/544 4220/108/544
f 4221/109/545 4223/111/545 4224/112/545 4222/110/545
f 4223/111/546 4225/113/546 4226/114/546 4224/112/546
f 4225/113/547 4227/115/547 4228/116/547 4226/114/547
f 4227/115/548 4229/117/548 4230/118/548 4228/116/548
f 4229/117/549 4231/119/549 4232/120/549 4230/118/549
f 4231/119/550 4201/121/550 4204/122/550 4232/120/550
f 4249/4/535 4250/35/535 4251/95/535 4252/96/535
f 4250/35/536 4253/79/536 4254/97/536 4251/95/536
f 4253/79/537 4255/89/537 4256/98/537 4254/97/537
f 4255/89/538 4257/99/538 4258/100/538 4256/98/538
f 4257/99/539 4259/101/539 4260/102/539 4258/100/539
f 4259/101/540 4261/103/540 4262/104/540 4260/102/540
f 4261/103/541 4263/105/541 4264/106/541 4262/104/541
f 4263/105/542 4265/3/542 4266/54/542 4264/106/542
f 4265/3/543 4267/107/543 4268/108/543 4266/54/543
f 4267/107/544 4269/109/544 4270/110/544 4268/108/544
f 4269/109/545 4271/111/545 4272/112/545 4270/110/545
f 4271/111/546 4273/113/546 4274/114/546 4272/112/546
f 4273/113/547 4275/115/547 4276/116/547 4274/114/547
f 4275/115/548 4277/117/548 4278/118/548 4276/116/548
f 4277/117/549 4279/119/549 4280/120/549 4278/118/549
f 4279/119/550 4249/121/550 4252/122/550 4280/120/550
f 4297/4/535 4298/35/535 4299/95/535 4300/96/535
f 4298/35/536 4301/79/536 4302/97/536 4299/95/536
f 4301/79/537 4303/89/537 4304/98/537 4302/97/537
f 4303/89/538 4305/99/538 4306/100/538 4304/98/538
f 4305/99/539 4307/101/539 4308/102/539 4306/100/539
f 4307/101/540 4309/103/540 4310/104/540 4308/102/540
f 4309/103/541 4311/105/541 4312/106/541 4310/104/541
f 4311/105/542 4313/3/542 4314/54/542 4312/106/542
f 4313/3/543 4315/107/543 4316/108/543 4314/54/543
f 4315/107/544 4317/109/544 4318/110/544 4316/108/544
f 4317/109/545 4319/111/545 4320/112/545 4318/110/545
f 4319/111/546 4321/113/546 4322/114/546 4320/112/546
f 4321/113/547 4323/115/547 4324/116/547 4322/114/547
f 4323/115/548 4325/117/548 4326/118/548 4324/116/548
f 4325/117/549 4327/119/549 4328/120/549 4326/118/549
f 4327/119/550 4297/121/550 4300/122/550 4328/120/550
f 4345/4/535 4346/35/535 4347/95/535 4348/96/535
f 4346/35/536 4349/79/536 4350/97/536 4347/95/536
f 4349/79/537 4351/89/537 4352/98/537 4350/97/537
f 4351/89/538 4353/99/538 4354/100/538 4352/98/538
f 4353/99/539 4355/101/539 4356/102/539 4354/100/539
f 4355/101/540 4357/103/540 4358/104/540 4356/102/540
f 4357/103/541 4359/105/541 4360/106/541 4358/104/541
f 4359/105/542 4361/3/542 4362/54/542 4360/106/542
f 4361/3/543 4363/107/543 4364/108/543 4362/54/543
f 4363/107/544 4365/109/544 4366/110/544 4364/108/544
f 4365/109/545 4367/111/545 4368/112/545 4366/110/545
f 4367/111/546 4369/113/546 4370/114/546 4368/112/546
f 4369/113/547 4371/115/547 4372/116/547 4370/114/547
f 4371/115/548 4373/117/548 4374/118/548 4372/116/548
f 4373/117/549 4375/119/549 4376/120/549 4374/118/549
f 4375/119/550 4345/121/550 4348/122/550 4376/120/550
f 4393/4/535 4394/35/535 4395/95/535 4396/96/535
f 4394/35/536 4397/79/536 4398/97/536 4395/95/536
f 4397/79/537 4399/89/537 4400/98/537 4398/97/537
f 4399/89/538 4401/99/538 4402/100/538 4400/98/538
f 4401/99/539 4403/101/539 4404/102/539 4402/100/539
f 4403/101/540 4405/103/540 4406/104/540 4404/102/540
f 4405/103/541 4407/105/541 4408/106/541 4406/104/541
f 4407/105/542 4409/3/542 4410/54/542 4408/106/542
f 4409/3/543 4411/107/543 4412/108/543 4410/54/543
f 4411/107/544 4413/109/544 4414/110/544 4412/108/544
f 4413/109/545 4415/111/545 4416/112/545 4414/110/545
f 4415/111/546 4417/113/546 4418/114/546 4416/112/546
f 4417/113/547 4419/115/547 4420/116/547 4418/114/547
f 4419/115/548 4421/117/548 4422/118/548 4420/116/548
f 4421/117/549 4423/119/549 4424/120/549 4422/118/549
f 4423/119/550 4393/121/550 4396/122/550 4424/120/550
o string_1
usemtl steel
f 2721/4/551 2722/25/551 2723/123/551 2724/92/551
f 2722/25/552 2725/11/552 2726/124/552 2723/123/552
f 2725/11/553 2727/39/553 2728/125/553 2726/124/553
f 2727/39/554 2729/17/554 2730/126/554 2728/125/554
f 2729/17/555 2731/79/555 2732/127/555 2730/126/555
f 2731/79/556 2733/83/556 2734/128/556 2732/127/556
f 2733/83/557 2735/87/557 2736/129/557 2734/128/557
f 2735/87/558 2737/91/558 2738/130/558 2736/129/558
f 2737/91/559 2739/131/559 2740/132/559 2738/130/559
f 2739/131/560 2741/99/560 2742/133/560 2740/132/560
f 2741/99/561 2743/134/561 2744/135/561 2742/133/561
f 2743/134/562 2745/64/562 2746/136/562 2744/135/562
f 2745/64/563 2747/137/563 2748/138/563 2746/136/563
f 2747/137/564 2749/139/564 2750/140/564 2748/138/564
f 2749/139/565 2751/103/565 2752/141/565 2750/140/565
f 2751/103/566 2721/94/566 2724/93/566 2752/141/566
f 2785/4/551 2786/25/551 2722/123/551 2721/92/551
f 2786/25/552 2787/11/552 2725/124/552 2722/123/552
f 2787/11/553 2788/39/553 2727/125/553 2725/124/553
f 2788/39/554 2789/17/554 2729/126/554 2727/125/554
f 2789/17/555 2790/79/555 2731/127/555 2729/126/555
f 2790/79/556 2791/83/556 2733/128/556 2731/127/556
f 2791/83/557 2792/87/557 2735/129/557 2733/128/557
f 2792/87/558 2793/91/558 2737/130/558 2735/129/558
f 2793/91/559 2794/131/559 2739/132/559 2737/130/559
f 2794/131/560 2795/99/560 2741/133/560 2739/132/560
f 2795/99/561 2796/134/561 2743/135/561 2741/133/561
f 2796/134/562 2797/64/562 2745/136/562 2743/135/562
f 2797/64/563 2798/137/563 2747/138/563 2745/136/563
f 2798/137/564 2799/139/564 2749/140/564 2747/138/564
f 2799/139/565 2800/103/565 2751/141/565 2749/140/565
f 2800/103/566 2785/94/566 2721/93/566 2751/141/566
f 2833/4/551 2834/25/551 2786/123/551 2785/92/551
f 2834/25/552 2835/11/552 2787/124/552 2786/123/552
f 2835/11/553 2836/39/553 2788/125/553 2787/124/553
f 2836/39/554 2837/17/554 2789/126/554 2788/125/554
f 2837/17/555 2838/79/555 2790/127/555 2789/126/555
f 2838/79/556 2839/83/556 2791/128/556 2790/127/556
f 2839/83/557 2840/87/557 2792/129/557 2791/128/557
f 2840/87/558 2841/91/558 2793/130/558 2792/129/558
f 2841/91/559 2842/131/559 2794/132/559 2793/130/559
f 2842/131/560 2843/99/560 2795/133/560 2794/132/560
f 2843/99/561 2844/134/561 2796/135/561 2795/133/561
f 2844/134/562 2845/64/562 2797/136/562 2796/135/562
f 2845/64/563 2846/137/563 2798/138/563 2797/136/563
f 2846/137/564 2847/139/564 2799/140/564 2798/138/564
f 2847/139/565 2848/103/565 2800/141/565 2799/140/565
f 2848/103/566 2833/94/566 2785/93/566 2800/141/566
f 2881/4/551 2882/25/551 2834/123/551 2833/92/551
f 2882/25/552 2883/11/552 2835/124/552 2834/123/552
f 2883/11/553 2884/39/553 2836/125/553 2835/124/553
f 2884/39/554 2885/17/554 2837/126/554 2836/125/554
f 2885/17/555 2886/79/555 2838/127/555 2837/126/555
f 2886/79/556 2887/83/556 2839/128/556 2838/127/556
f 2887/83/557 2888/87/557 2840/129/557 2839/128/557
f 2888/87/558 2889/91/558 2841/130/558 2840/129/558
f 2889/91/559 2890/131/559 2842/132/559 2841/130/559
f 2890/131/560 2891/99/560 2843/133/560 2842/132/560
f 2891/99/561 2892/134/561 2844/135/561 2843/133/561
f 2892/134/562 2893/64/562 2845/136/562 2844/135/562
f 2893/64/563 2894/137/563 2846/138/563 2845/136/563
f 2894/137/564 2895/139/564 2847/140/564 2846/138/564
f 2895/139/565 2896/103/565 2848/141/565 2847/140/565
f 2896/103/566 2881/94/566 2833/93/566 2848/141/566
f 2929/4/551 2930/25/551 2882/123/551 2881/92/551
f 2930/25/552 2931/11/552 2883/124/552 2882/123/552
f 2931/11/553 2932/39/553 2884/125/553 2883/124/553
f 2932/39/554 2933/17/554 2885/126/554 2884/125/554
f 2933/17/555 2934/79/555 2886/127/555 2885/126/555
f 2934/79/556 2935/83/556 2887/128/556 2886/127/556
f 2935/83/557 2936/87/557 2888/129/557 2887/128/557
f 2936/87/558 2937/91/558 2889/130/558 2888/129/558
f 2937/91/559 2938/131/559 2890/132/559 2889/130/559
f 2938/131/560 2939/99/560 2891/133/560 2890/132/560
f 2939/99/561 2940/134/561 2892/135/561 2891/133/561
f 2940/134/562 2941/64/562 2893/136/562 2892/135/562
f 2941/64/563 2942/137/563 2894/138/563 2893/136/563
f 2942/137/564 2943/139/564 2895/140/564 2894/138/564
f 2943/139/565 2944/103/565 2896/141/565 2895/140/565
f 2944/103/566 2929/94/566 2881/93/566 2896/141/566
f 2977/4/551 2978/25/551 2930/123/551 2929/92/551
f 2978/25/552 2979/11/552 2931/124/552 2930/123/552
f 2979/11/553 2980/39/553 2932/125/553 2931/124/553
f 2980/39/554 2981/17/554 2933/126/554 2932/125/554
f 2981/17/555 2982/79/555 2934/127/555 2933/126/555
f 2982/79/556 2983/83/556 2935/128/556 2934/127/556
f 2983/83/557 2984/87/557 2936/129/557 2935/128/557
f 2984/87/558 2985/91/558 2937/130/558 2936/129/558
f 2985/91/559 2986/131/559 2938/132/559 2937/130/559
f 2986/131/560 2987/99/560 2939/133/560 2938/132/560
f 2987/99/561 2988/134/561 2940/135/561 2939/133/561
f 2988/134/562 2989/64/562 2941/136/562 2940/135/562
f 2989/64/563 2990/137/563 2942/138/563 2941/136/563
f 2990/137/564 2991/139/564 2943/140/564 2942/138/564
f 2991/139/565 2992/103/565 2944/141/565 2943/140/565
f 2992/103/566 2977/94/566 2929/93/566 2944/141/566
f 3025/4/551 3026/25/551 2978/123/551 2977/92/551
f 3026/25/552 3027/11/552 2979/124/552 2978/123/552
f 3027/11/553 3028/39/553 2980/125/553 2979/124/553
f 3028/39/554 3029/17/554 2981/126/554 2980/125/554
f 3029/17/555 3030/79/555 2982/127/555 2981/126/555
f 3030/79/556 3031/83/556 2983/128/556 2982/127/556
f 3031/83/557 3032/87/557 2984/129/557 2983/128/557
f 3032/87/558 3033/91/558 2985/130/558 2984/129/558
f 3033/91/559 3034/131/559 2986/132/559 2985/130/559
f 3034/131/560 3035/99/560 2987/133/560 2986/132/560
f 3035/99/561 3036/134/561 2988/135/561 2987/133/561
f 3036/134/562 3037/64/562 2989/136/562 2988/135/562
f 3037/64/563 3038/137/563 2990/138/563 2989/136/563
f 3038/137/564 3039/139/564 2991/140/564 2990/138/564
f 3039/139/565 3040/103/565 2992/141/565 2991/140/565
f 3040/103/566 3025/94/566 2977/93/566 2992/141/566
f 3073/4/551 3074/25/551 3026/123/551 3025/92/551
f 3074/25/552 3075/11/552 3027/124/552 3026/123/552
f 3075/11/553 3076/39/553 3028/125/553 3027/124/553
f 3076/39/554 3077/17/554 3029/126/554 3028/125/554
f 3077/17/555 3078/79/555 3030/127/555 3029/126/555
f 3078/79/556 3079/83/556 3031/128/556 3030/127/556
f 3079/83/557 3080/87/557 3032/129/557 3031/128/557
f 3080/87/558 3081/91/558 3033/130/558 3032/129/558
f 3081/91/559 3082/131/559 3034/132/559 3033/130/559
f 3082/131/560 3083/99/560 3035/133/560 3034/132/560
f 3083/99/561 3084/134/561 3036/135/561 3035/133/561
f 3084/134/562 3085/64/562 3037/136/562 3036/135/562
f 3085/64/563 3086/137/563 3038/138/563 3037/136/563
f 3086/137/564 3087/139/564 3039/140/564 3038/138/564
f 3087/139/565 3088/103/565 3040/141/565 3039/140/565
f 3088/103/566 3073/94/566 3025/93/566 3040/141/566
f 3121/4/551 3122/25/551 3074/123/551 3073/92/551
f 3122/25/552 3123/11/552 3075/124/552 3074/123/552
f 3123/11/553 3124/39/553 3076/125/553 3075/124/553
f 3124/39/554 3125/17/554 3077/126/554 3076/125/554
f 3125/17/555 3126/79/555 3078/127/555 3077/126/555
f 3126/79/556 3127/83/556 3079/128/556 3078/127/556
f 3127/83/557 3128/87/557 3080/129/557 3079/128/557
f 3128/87/558 3129/91/558 3081/130/558 3080/129/558
f 3129/91/559 3130/131/559 3082/132/559 3081/130/559
f 3130/131/560 3131/99/560 3083/133/560 3082/132/560
f 3131/99/561 3132/134/561 3084/135/561 3083/133/561
f 3132/134/562 3133/64/562 3085/136/562 3084/135/562
f 3133/64/563 3134/137/563 3086/138/563 3085/136/563
f 3134/137/564 3135/139/564 3087/140/564 3086/138/564
f 3135/139/565 3136/103/565 3088/141/565 3087/140/565
f 3136/103/566 3121/94/566 3073/93/566 3088/141/566
f 3169/4/551 3170/25/551 3122/123/551 3121/92/551
f 3170/25/552 3171/11/552 3123/124/552 3122/123/552
f 3171/11/553 3172/39/553 3124/125/553 3123/124/553
f 3172/39/554 3173/17/554 3125/126/554 3124/125/554
f 3173/17/555 3174/79/555 3126/127/555 3125/126/555
f 3174/79/556 3175/83/556 3127/128/556 3126/127/556
f 3175/83/557 3176/87/557 3128/129/557 3127/128/557
f 3176/87/558 3177/91/558 3129/130/558 3128/129/558
f 3177/91/559 3178/131/559 3130/132/559 3129/130/559
f 3178/131/560 3179/99/560 3131/133/560 3130/132/560
f 3179/99/561 3180/134/561 3132/135/561 3131/133/561
f 3180/134/562 3181/64/562 3133/136/562 3132/135/562
f 3181/64/563 3182/137/563 3134/138/563 3133/136/563
f 3182/137/564 3183/139/564 3135/140/564 3134/138/564
f 3183/139/565 3184/103/565 3136/141/565 3135/140/565
f 3184/103/566 3169/94/566 3121/93/566 3136/141/566
f 3217/4/551 3218/25/551 3170/123/551 3169/92/551
f 3218/25/552 3219/11/552 3171/124/552 3170/123/552
f 3219/11/553 3220/39/553 3172/125/553 3171/124/553
f 3220/39/554 3221/17/554 3173/126/554 3172/125/554
f 3221/17/555 3222/79/555 3174/127/555 3173/126/555
f 3222/79/556 3223/83/556 3175/128/556 3174/127/556
f 3223/83/557 3224/87/557 3176/129/557 3175/128/557
f 3224/87/558 3225/91/558 3177/130/558 3176/129/558
f 3225/91/559 3226/131/559 3178/132/559 3177/130/559
f 3226/131/560 3227/99/560 3179/133/560 3178/132/560
f 3227/99/561 3228/134/561 3180/135/561 3179/133/561
f 3228/134/562 3229/64/562 3181/136/562 3180/135/562
f 3229/64/563 3230/137/563 3182/138/563 3181/136/563
f 3230/137/564 3231/139/564 3183/140/564 3182/138/564
f 3231/139/565 3232/103/565 3184/141/565 3183/140/565
f 3232/103/566 3217/94/566 3169/93/566 3184/141/566
f 3265/4/551 3266/25/551 3218/123/551 3217/92/551
f 3266/25/552 3267/11/552 3219/124/552 3218/123/552
f 3267/11/553 3268/39/553 3220/125/553 3219/124/553
f 3268/39/554 3269/17/554 3221/126/554 3220/125/554
f 3269/17/555 3270/79/555 3222/127/555 3221/126/555
f 3270/79/556 3271/83/556 3223/128/556 3222/127/556
f 3271/83/557 3272/87/557 3224/129/557 3223/128/557
f 3272/87/558 3273/91/558 3225/130/558 3224/129/558
f 3273/91/559 3274/131/559 3226/132/559 3225/130/559
f 3274/131/560 3275/99/560 3227/133/560 3226/132/560
f 3275/99/561 3276/134/561 3228/135/561 3227/133/561
f 3276/134/562 3277/64/562 3229/136/562 3228/135/562
f 3277/64/563 3278/137/563 3230/138/563 3229/136/563
f 3278/137/564 3279/139/564 3231/140/564 3230/138/564
f 3279/139/565 3280/103/565 3232/141/565 3231/140/565
f 3280/103/566 3265/94/566 3217/93/566 3232/141/566
f 3313/4/551 3314/25/551 3266/123/551 3265/92/551
f 3314/25/552 3315/11/552 3267/124/552 3266/123/552
f 3315/11/553 3316/39/553 3268/125/553 3267/124/553
f 3316/39/554 3317/17/554 3269/126/554 3268/125/554
f 3317/17/555 3318/79/555 3270/127/555 3269/126/555
f 3318/79/556 3319/83/556 3271/128/556 3270/127/556
f 3319/83/557 3320/87/557 3272/129/557 3271/128/557
f 3320/87/558 3321/91/558 3273/130/558 3272/129/558
f 3321/91/559 3322/131/559 3274/132/559 3273/130/559
f 3322/131/560 3323/99/560 3275/133/560 3274/132/560
f 3323/99/561 3324/134/561 3276/135/561 3275/133/561
f 3324/134/562 3325/64/562 3277/136/562 3276/135/562
f 3325/64/563 3326/137/563 3278/138/563 3277/136/563
f 3326/137/564 3327/139/564 3279/140/564 3278/138/564
f 3327/139/565 3328/103/565 3280/141/565 3279/140/565
f 3328/103/566 3313/94/566 3265/93/566 3280/141/566
f 3361/4/551 3362/25/551 3314/123/551 3313/92/551
f 3362/25/552 3363/11/552 3315/124/552 3314/123/552
f 3363/11/553 3364/39/553 3316/125/553 3315/124/553
f 3364/39/554 3365/17/554 3317/126/554 3316/125/554
f 3365/17/555 3366/79/555 3318/127/555 3317/126/555
f 3366/79/556 3367/83/556 3319/128/556 3318/127/556
f 3367/83/557 3368/87/557 3320/129/557 3319/128/557
f 3368/87/558 3369/91/558 3321/130/558 3320/129/558
f 3369/91/559 3370/131/559 3322/132/559 3321/130/559
f 3370/131/560 3371/99/560 3323/133/560 3322/132/560
f 3371/99/561 3372/134/561 3324/135/561 3323/133/561
f 3372/134/562 3373/64/562 3325/136/562 3324/135/562
f 3373/64/563 3374/137/563 3326/138/563 3325/136/563
f 3374/137/564 3375/139/564 3327/140/564 3326/138/564
f 3375/139/565 3376/103/565 3328/141/565 3327/140/565
f 3376/103/566 3361/94/566 3313/93/566 3328/141/566
f 3409/4/551 3410/25/551 3362/123/551 3361/92/551
f 3410/25/552 3411/11/552 3363/124/552 3362/123/552
f 3411/11/553 3412/39/553 3364/125/553 3363/124/553
f 3412/39/554 3413/17/554 3365/126/554 3364/125/554
f 3413/17/555 3414/79/555 3366/127/555 3365/126/555
f 3414/79/556 3415/83/556 3367/128/556 3366/127/556
f 3415/83/557 3416/87/557 3368/129/557 3367/128/557
f 3416/87/558 3417/91/558 3369/130/558 3368/129/558
f 3417/91/559 3418/131/559 3370/132/559 3369/130/559
f 3418/131/560 3419/99/560 3371/133/560 3370/132/560
f 3419/99/561 3420/134/561 3372/135/561 3371/133/561
f 3420/134/562 3421/64/562 3373/136/562 3372/135/562
f 3421/64/563 3422/137/563 3374/138/563 3373/136/563
f 3422/137/564 3423/139/564 3375/140/564 3374/138/564
f 3423/139/565 3424/103/565 3376/141/565 3375/140/565
f 3424/103/566 3409/94/566 3361/93/566 3376/141/566
f 3457/4/551 3458/25/551 3410/123/551 3409/92/551
f 3458/25/552 3459/11/552 3411/124/552 3410/123/552
f 3459/11/553 3460/39/553 3412/125/553 3411/124/553
f 3460/39/554 3461/17/554 3413/126/554 3412/125/554
f 3461/17/555 3462/79/555 3414/127/555 3413/126/555
f 3462/79/556 3463/83/556 3415/128/556 3414/127/556
f 3463/83/557 3464/87/557 3416/129/557 3415/128/557
f 3464/87/558 3465/91/558 3417/130/558 3416/129/558
f 3465/91/559 3466/131/559 3418/132/559 3417/130/559
f 3466/131/560 3467/99/560 3419/133/560 3418/132/560
f 3467/99/561 3468/134/561 3420/135/561 3419/133/561
f 3468/134/562 3469/64/562 3421/136/562 3420/135/562
f 3469/64/563 3470/137/563 3422/138/563 3421/136/563
f 3470/137/564 3471/139/564 3423/140/564 3422/138/564
f 3471/139/565 3472/103/565 3424/141/565 3423/140/565
f 3472/103/566 3457/94/566 3409/93/566 3424/141/566
f 3505/4/551 3506/25/551 3458/123/551 3457/92/551
f 3506/25/552 3507/11/552 3459/124/552 3458/123/552
f 3507/11/553 3508/39/553 3460/125/553 3459/124/553
f 3508/39/554 3509/17/554 3461/126/554 3460/125/554
f 3509/17/555 3510/79/555 3462/127/555 3461/126/555
f 3510/79/556 3511/83/556 3463/128/556 3462/127/556
f 3511/83/557 3512/87/557 3464/129/557 3463/128/557
f 3512/87/558 3513/91/558 3465/130/558 3464/129/558
f 3513/91/559 3514/131/559 3466/132/559 3465/130/559
f 3514/131/560 3515/99/560 3467/133/560 3466/132/560
f 3515/99/561 3516/134/561 3468/135/561 3467/133/561
f 3516/134/562 3517/64/562 3469/136/562 3468/135/562
f 3517/64/563 3518/137/563 3470/138/563 3469/136/563
f 3518/137/564 3519/139/564 3471/140/564 3470/138/564
f 3519/139/565 3520/103/565 3472/141/565 3471/140/565
f 3520/103/566 3505/94/566 3457/93/566 3472/141/566
f 3553/4/551 3554/25/551 3506/123/551 3505/92/551
f 3554/25/552 3555/11/552 3507/124/552 3506/123/552
f 3555/11/553 3556/39/553 3508/125/553 3507/124/553
f 3556/39/554 3557/17/554 3509/126/554 3508/125/554
f 3557/17/555 3558/79/555 3510/127/555 3509/126/555
f 3558/79/556 3559/83/556 3511/128/556 3510/127/556
f 3559/83/557 3560/87/557 3512/129/557 3511/128/557
f 3560/87/558 3561/91/558 3513/130/558 3512/129/558
f 3561/91/559 3562/131/559 3514/132/559 3513/130/559
f 3562/131/560 3563/99/560 3515/133/560 3514/132/560
f 3563/99/561 3564/134/561 3516/135/561 3515/133/561
f 3564/134/562 3565/64/562 3517/136/562 3516/135/562
f 3565/64/563 3566/137/563 3518/138/563 3517/136/563
f 3566/137/564 3567/139/564 3519/140/564 3518/138/564
f 3567/139/565 3568/103/565 3520/141/565 3519/140/565
f 3568/103/566 3553/94/566 3505/93/566 3520/141/566
f 2724/4/551 2723/25/551 3609/123/551 3610/92/551
f 2723/25/552 2726/11/552 3611/124/552 3609/123/552
f 2726/11/553 2728/39/553 3612/125/553 3611/124/553
f 2728/39/554 2730/17/554 3613/126/554 3612/125/554
f 2730/17/555 2732/79/555 3614/127/555 3613/126/555
f 2732/79/556 2734/83/556 3615/128/556 3614/127/556
f 2734/83/557 2736/87/557 3616/129/557 3615/128/557
f 2736/87/558 2738/91/558 3617/130/558 3616/129/558
f 2738/91/559 2740/131/559 3618/132/559 3617/130/559
f 2740/131/560 2742/99/560 3619/133/560 3618/132/560
f 2742/99/561 2744/134/561 3620/135/561 3619/133/561
f 2744/134/562 2746/64/562 3621/136/562 3620/135/562
f 2746/64/563 2748/137/563 3622/138/563 3621/136/563
f 2748/137/564 2750/139/564 3623/140/564 3622/138/564
f 2750/139/565 2752/103/565 3624/141/565 3623/140/565
f 2752/103/566 2724/94/566 3610/93/566 3624/141/566
f 3610/4/551 3609/25/551 3657/123/551 3658/92/551
f 3609/25/552 3611/11/552 3659/124/552 3657/123/552
f 3611/11/553 3612/39/553 3660/125/553 3659/124/553
f 3612/39/554 3613/17/554 3661/126/554 3660/125/554
f 3613/17/555 3614/79/555 3662/127/555 3661/126/555
f 3614/79/556 3615/83/556 3663/128/556 3662/127/556
f 3615/83/557 3616/87/557 3664/129/557 3663/128/557
f 3616/87/558 3617/91/558 3665/130/558 3664/129/558
f 3617/91/559 3618/131/559 3666/132/559 3665/130/559
f 3618/131/560 3619/99/560 3667/133/560 3666/132/560
f 3619/99/561 3620/134/561 3668/135/561 3667/133/561
f 3620/134/562 3621/64/562 3669/136/562 3668/135/562
f 3621/64/563 3622/137/563 3670/138/563 3669/136/563
f 3622/137/564 3623/139/564 3671/140/564 3670/138/564
f 3623/139/565 3624/103/565 3672/141/565 3671/140/565
f 3624/103/566 3610/94/566 3658/93/566 3672/141/566
f 3658/4/551 3657/25/551 3705/123/551 3706/92/551
f 3657/25/552 3659/11/552 3707/124/552 3705/123/552
f 3659/11/553 3660/39/553 3708/125/553 3707/124/553
f 3660/39/554 3661/17/554 3709/126/554 3708/125/554
f 3661/17/555 3662/79/555 3710/127/555 3709/126/555
f 3662/79/556 3663/83/556 3711/128/556 3710/127/556
f 3663/83/557 3664/87/557 3712/129/557 3711/128/557
f 3664/87/558 3665/91/558 3713/130/558 3712/129/558
f 3665/91/559 3666/131/559 3714/132/559 3713/130/559
f 3666/131/560 3667/99/560 3715/133/560 3714/132/560
f 3667/99/561 3668/134/561 3716/135/561 3715/133/561
f 3668/134/562 3669/64/562 3717/136/562 3716/135/562
f 3669/64/563 3670/137/563 3718/138/563 3717/136/563
f 3670/137/564 3671/139/564 3719/140/564 3718/138/564
f 3671/139/565 3672/103/565 3720/141/565 3719/140/565
f 3672/103/566 3658/94/566 3706/93/566 3720/141/566
f 3706/4/551 3705/25/551 3753/123/551 3754/92/551
f 3705/25/552 3707/11/552 3755/124/552 3753/123/552
f 3707/11/553 3708/39/553 3756/125/553 3755/124/553
f 3708/39/554 3709/17/554 3757/126/554 3756/125/554
f 3709/17/555 3710/79/555 3758/127/555 3757/126/555
f 3710/79/556 3711/83/556 3759/128/556 3758/127/556
f 3711/83/557 3712/87/557 3760/129/557 3759/128/557
f 3712/87/558 3713/91/558 3761/130/558 3760/129/558
f 3713/91/559 3714/131/559 3762/132/559 3761/130/559
f 3714/131/560 3715/99/560 3763/133/560 3762/132/560
f 3715/99/561 3716/134/561 3764/135/561 3763/133/561
f 3716/134/562 3717/64/562 3765/136/562 3764/135/562
f 3717/64/563 3718/137/563 3766/138/563 3765/136/563
f 3718/137/564 3719/139/564 3767/140/564 3766/138/564
f 3719/139/565 3720/103/565 3768/141/565 3767/140/565
f 3720/103/566 3706/94/566 3754/93/566 3768/141/566
f 3754/4/551 3753/25/551 3801/123/551 3802/92/551
f 3753/25/552 3755/11/552 3803/124/552 3801/123/552
f 3755/11/553 3756/39/553 3804/125/553 3803/124/553
f 3756/39/554 3757/17/554 3805/126/554 3804/125/554
f 3757/17/555 3758/79/555 3806/127/555 3805/126/555
f 3758/79/556 3759/83/556 3807/128/556 3806/127/556
f 3759/83/557 3760/87/557 3808/129/557 3807/128/557
f 3760/87/558 3761/91/558 3809/130/558 3808/129/558
f 3761/91/559 3762/131/559 3810/132/559 3809/130/559
f 3762/131/560 3763/99/560 3811/133/560 3810/132/560
f 3763/99/561 3764/134/561 3812/135/561 3811/133/561
f 3764/134/562 3765/64/562 3813/136/562 3812/135/562
f 3765/64/563 3766/137/563 3814/138/563 3813/136/563
f 3766/137/564 3767/139/564 3815/140/564 3814/138/564
f 3767/139/565 3768/103/565 3816/141/565 3815/140/565
f 3768/103/566 3754/94/566 3802/93/566 3816/141/566
f 3802/4/551 3801/25/551 3849/123/551 3850/92/551
f 3801/25/552 3803/11/552 3851/124/552 3849/123/552
f 3803/11/553 3804/39/553 3852/125/553 3851/124/553
f 3804/39/554 3805/17/554 3853/126/554 3852/125/554
f 3805/17/555 3806/79/555 3854/127/555 3853/126/555
f 3806/79/556 3807/83/556 3855/128/556 3854/127/556
f 3807/83/557 3808/87/557 3856/129/557 3855/128/557
f 3808/87/558 3809/91/558 3857/130/558 3856/129/558
f 3809/91/559 3810/131/559 3858/132/559 3857/130/559
f 3810/131/560 3811/99/560 3859/133/560 3858/132/560
f 3811/99/561 3812/134/561 3860/135/561 3859/133/561
f 3812/134/562 3813/64/562 3861/136/562 3860/135/562
f 3813/64/563 3814/137/563 3862/138/563 3861/136/563
f 3814/137/564 3815/139/564 3863/140/564 3862/138/564
f 3815/139/565 3816/103/565 3864/141/565 3863/140/565
f 3816/103/566 3802/94/566 3850/93/566 3864/141/566
f 3850/4/551 3849/25/551 3897/123/551 3898/92/551
f 3849/25/552 3851/11/552 3899/124/552 3897/123/552
f 3851/11/553 3852/39/553 3900/125/553 3899/124/553
f 3852/39/554 3853/17/554 3901/126/554 3900/125/554
f 3853/17/555 3854/79/555 3902/127/555 3901/126/555
f 3854/79/556 3855/83/556 3903/128/556 3902/127/556
f 3855/83/557 3856/87/557 3904/129/557 3903/128/557
f 3856/87/558 3857/91/558 3905/130/558 3904/129/558
f 3857/91/559 3858/131/559 3906/132/559 3905/130/559
f 3858/131/560 3859/99/560 3907/133/560 3906/132/560
f 3859/99/561 3860/134/561 3908/135/561 3907/133/561
f 3860/134/562 3861/64/562 3909/136/562 3908/135/562
f 3861/64/563 3862/137/563 3910/138/563 3909/136/563
f 3862/137/564 3863/139/564 3911/140/564 3910/138/564
f 3863/139/565 3864/103/565 3912/141/565 3911/140/565
f 3864/103/566 3850/94/566 3898/93/566 3912/141/566
f 3898/4/551 3897/25/551 3945/123/551 3946/92/551
f 3897/25/552 3899/11/552 3947/124/552 3945/123/552
f 3899/11/553 3900/39/553 3948/125/553 3947/124/553
f 3900/39/554 3901/17/554 3949/126/554 3948/125/554
f 3901/17/555 3902/79/555 3950/127/555 3949/126/555
f 3902/79/556 3903/83/556 3951/128/556 3950/127/556
f 3903/83/557 3904/87/557 3952/129/557 3951/128/557
f 3904/87/558 3905/91/558 3953/130/558 3952/129/558
f 3905/91/559 3906/131/559 3954/132/559 3953/130/559
f 3906/131/560 3907/99/560 3955/133/560 3954/132/560
f 3907/99/561 3908/134/561 3956/135/561 3955/133/561
f 3908/134/562 3909/64/562 3957/136/562 3956/135/562
f 3909/64/563 3910/137/563 3958/138/563 3957/136/563
f 3910/137/564 3911/139/564 3959/140/564 3958/138/564
f 3911/139/565 3912/103/565 3960/141/565 3959/140/565
f 3912/103/566 3898/94/566 3946/93/566 3960/141/566
f 3946/4/551 3945/25/551 3993/123/551 3994/92/551
f 3945/25/552 3947/11/552 3995/124/552 3993/123/552
f 3947/11/553 3948/39/553 3996/125/553 3995/124/553
f 3948/39/554 3949/17/554 3997/126/554 3996/125/554
f 3949/17/555 3950/79/555 3998/127/555 3997/126/555
f 3950/79/556 3951/83/556 3999/128/556 3998/127/556
f 3951/83/557 3952/87/557 4000/129/557 3999/128/557
f 3952/87/558 3953/91/558 4001/130/558 4000/129/558
f 3953/91/559 3954/131/559 4002/132/559 4001/130/559
f 3954/131/560 3955/99/560 4003/133/560 4002/132/560
f 3955/99/561 3956/134/561 4004/135/561 4003/133/561
f 3956/134/562 3957/64/562 4005/136/562 4004/135/562
f 3957/64/563 3958/137/563 4006/138/563 4005/136/563
f 3958/137/564 3959/139/564 4007/140/564 4006/138/564
f 3959/139/565 3960/103/565 4008/141/565 4007/140/565
f 3960/103/566 3946/94/566 3994/93/566 4008/141/566
f 3994/4/551 3993/25/551 4041/123/551 4042/92/551
f 3993/25/552 3995/11/552 4043/124/552 4041/123/552
f 3995/11/553 3996/39/553 4044/125/553 4043/124/553
f 3996/39/554 3997/17/554 4045/126/554 4044/125/554
f 3997/17/555 3998/79/555 4046/127/555 4045/126/555
f 3998/79/556 3999/83/556 4047/128/556 4046/127/556
f 3999/83/557 4000/87/557 4048/129/557 4047/128/557
f 4000/87/558 4001/91/558 4049/130/558 4048/129/558
f 4001/91/559 4002/131/559 4050/132/559 4049/130/559
f 4002/131/560 4003/99/560 4051/133/560 4050/132/560
f 4003/99/561 4004/134/561 4052/135/561 4051/133/561
f 4004/134/562 4005/64/562 4053/136/562 4052/135/562
f 4005/64/563 4006/137/563 4054/138/563 4053/136/563
f 4006/137/564 4007/139/564 4055/140/564 4054/138/564
f 4007/139/565 4008/103/565 4056/141/565 4055/140/565
f 4008/103/566 3994/94/566 4042/93/566 4056/141/566
f 4042/4/551 4041/25/551 4089/123/551 4090/92/551
f 4041/25/552 4043/11/552 4091/124/552 4089/123/552
f 4043/11/553 4044/39/553 4092/125/553 4091/124/553
f 4044/39/554 4045/17/554 4093/126/554 4092/125/554
f 4045/17/555 4046/79/555 4094/127/555 4093/126/555
f 4046/79/556 4047/83/556 4095/128/556 4094/127/556
f 4047/83/557 4048/87/557 4096/129/557 4095/128/557
f 4048/87/558 4049/91/558 4097/130/558 4096/129/558
f 4049/91/559 4050/131/559 4098/132/559 4097/130/559
f 4050/131/560 4051/99/560 4099/133/560 4098/132/560
f 4051/99/561 4052/134/561 4100/135/561 4099/133/561
f 4052/134/562 4053/64/562 4101/136/562 4100/135/562
f 4053/64/563 4054/137/563 4102/138/563 4101/136/563
f 4054/137/564 4055/139/564 4103/140/564 4102/138/564
f 4055/139/565 4056/103/565 4104/141/565 4103/140/565
f 4056/103/566 4042/94/566 4090/93/566 4104/141/566
f 4090/4/551 4089/25/551 4137/123/551 4138/92/551
f 4089/25/552 4091/11/552 4139/124/552 4137/123/552
f 4091/11/553 4092/39/553 4140/125/553 4139/124/553
f 4092/39/554 4093/17/554 4141/126/554 4140/125/554
f 4093/17/555 4094/79/555 4142/127/555 4141/126/555
f 4094/79/556 4095/83/556 4143/128/556 4142/127/556
f 4095/83/557 4096/87/557 4144/129/557 4143/128/557
f 4096/87/558 4097/91/558 4145/130/558 4144/129/558
f 4097/91/559 4098/131/559 4146/132/559 4145/130/559
f 4098/131/560 4099/99/560 4147/133/560 4146/132/560
f 4099/99/561 4100/134/561 4148/135/561 4147/133/561
f 4100/134/562 4101/64/562 4149/136/562 4148/135/562
f 4101/64/563 4102/137/563 4150/138/563 4149/136/563
f 4102/137/564 4103/139/564 4151/140/564 4150/138/564
f 4103/139/565 4104/103/565 4152/141/565 4151/140/565
f 4104/103/566 4090/94/566 4138/93/566 4152/141/566
f 4138/4/551 4137/25/551 4185/123/551 4186/92/551
f 4137/25/552 4139/11/552 4187/124/552 4185/123/552
f 4139/11/553 4140/39/553 4188/125/553 4187/124/553
f 4140/39/554 4141/17/554 4189/126/554 4188/125/554
f 4141/17/555 4142/79/555 4190/127/555 4189/126/555
f 4142/79/556 4143/83/556 4191/128/556 4190/127/556
f 4143/83/557 4144/87/557 4192/129/557 4191/128/557
f 4144/87/558 4145/91/558 4193/130/558 4192/129/558
f 4145/91/559 4146/131/559 4194/132/559 4193/130/559
f 4146/131/560 4147/99/560 4195/133/560 4194/132/560
f 4147/99/561 4148/134/561 4196/135/561 4195/133/561
f 4148/134/562 4149/64/562 4197/136/562 4196/135/562
f 4149/64/563 4150/137/563 4198/138/563 4197/136/563
f 4150/137/564 4151/139/564 4199/140/564 4198/138/564
f 4151/139/565 4152/103/565 4200/141/565 4199/140/565
f 4152/103/566 4138/94/566 4186/93/566 4200/141/566
f 4186/4/551 4185/25/551 4233/123/551 4234/92/551
f 4185/25/552 4187/11/552 4235/124/552 4233/123/552
f 4187/11/553 4188/39/553 4236/125/553 4235/124/553
f 4188/39/554 4189/17/554 4237/126/554 4236/125/554
f 4189/17/555 4190/79/555 4238/127/555 4237/126/555
f 4190/79/556 4191/83/556 4239/128/556 4238/127/556
f 4191/83/557 4192/87/557 4240/129/557 4239/128/557
f 4192/87/558 4193/91/558 4241/130/558 4240/129/558
f 4193/91/559 4194/131/559 4242/132/559 4241/130/559
f 4194/131/560 4195/99/560 4243/133/560 4242/132/560
f 4195/99/561 4196/134/561 4244/135/561 4243/133/561
f 4196/134/562 4197/64/562 4245/136/562 4244/135/562
f 4197/64/563 4198/137/563 4246/138/563 4245/136/563
f 4198/137/564 4199/139/564 4247/140/564 4246/138/564
f 4199/139/565 4200/103/565 4248/141/565 4247/140/565
f 4200/103/566 4186/94/566 4234/93/566 4248/141/566
f 4234/4/551 4233/25/551 4281/123/551 4282/92/551
f 4233/25/552 4235/11/552 4283/124/552 4281/123/552
f 4235/11/553 4236/39/553 4284/125/553 4283/124/553
f 4236/39/554 4237/17/554 4285/126/554 4284/125/554
f 4237/17/555 4238/79/555 4286/127/555 4285/126/555
f 4238/79/556 4239/83/556 4287/128/556 4286/127/556
f 4239/83/557 4240/87/557 4288/129/557 4287/128/557
f 4240/87/558 4241/91/558 4289/130/558 4288/129/558
f 4241/91/559 4242/131/559 4290/132/559 4289/130/559
f 4242/131/560 4243/99/560 4291/133/560 4290/132/560
f 4243/99/561 4244/134/561 4292/135/561 4291/133/561
f 4244/134/562 4245/64/562 4293/136/562 4292/135/562
f 4245/64/563 4246/137/563 4294/138/563 4293/136/563
f 4246/137/564 4247/139/564 4295/140/564 4294/138/564
f 4247/139/565 4248/103/565 4296/141/565 4295/140/565
f 4248/103/566 4234/94/566 4282/93/566 4296/141/566
f 4282/4/551 4281/25/551 4329/123/551 4330/92/551
f 4281/25/552 4283/11/552 4331/124/552 4329/123/552
f 4283/11/553 4284/39/553 4332/125/553 4331/124/553
f 4284/39/554 4285/17/554 4333/126/554 4332/125/554
f 4285/17/555 4286/79/555 4334/127/555 4333/126/555
f 4286/79/556 4287/83/556 4335/128/556 4334/127/556
f 4287/83/557 4288/87/557 4336/129/557 4335/128/557
f 4288/87/558 4289/91/558 4337/130/558 4336/129/558
f 4289/91/559 4290/131/559 4338/132/559 4337/130/559
f 4290/131/560 4291/99/560 4339/133/560 4338/132/560
f 4291/99/561 4292/134/561 4340/135/561 4339/133/561
f 4292/134/562 4293/64/562 4341/136/562 4340/135/562
f 4293/64/563 4294/137/563 4342/138/563 4341/136/563
f 4294/137/564 4295/139/564 4343/140/564 4342/138/564
f 4295/139/565 4296/103/565 4344/141/565 4343/140/565
f 4296/103/566 4282/94/566 4330/93/566 4344/141/566
f 4330/4/551 4329/25/551 4377/123/551 4378/92/551
f 4329/25/552 4331/11/552 4379/124/552 4377/123/552
f 4331/11/553 4332/39/553 4380/125/553 4379/124/553
f 4332/39/554 4333/17/554 4381/126/554 4380/125/554
f 4333/17/555 4334/79/555 4382/127/555 4381/126/555
f 4334/79/556 4335/83/556 4383/128/556 4382/127/556
f 4335/83/557 4336/87/557 4384/129/557 4383/128/557
f 4336/87/558 4337/91/558 4385/130/558 4384/129/558
f 4337/91/559 4338/131/559 4386/132/559 4385/130/559
f 4338/131/560 4339/99/560 4387/133/560 4386/132/560
f 4339/99/561 4340/134/561 4388/135/561 4387/133/561
f 4340/134/562 4341/64/562 4389/136/562 4388/135/562
f 4341/64/563 4342/137/563 4390/138/563 4389/136/563
f 4342/137/564 4343/139/564 4391/140/564 4390/138/564
f 4343/139/565 4344/103/565 4392/141/565 4391/140/565
f 4344/103/566 4330/94/566 4378/93/566 4392/141/566
f 4378/4/551 4377/25/551 4425/123/551 4426/92/551
f 4377/25/552 4379/11/552 4427/124/552 4425/123/552
f 4379/11/553 4380/39/553 4428/125/553 4427/124/553
f 4380/39/554 4381/17/554 4429/126/554 4428/125/554
f 4381/17/555 4382/79/555 4430/127/555 4429/126/555
f 4382/79/556 4383/83/556 4431/128/556 4430/127/556
f 4383/83/557 4384/87/557 4432/129/557 4431/128/557
f 4384/87/558 4385/91/558 4433/130/558 4432/129/558
f 4385/91/559 4386/131/559 4434/132/559 4433/130/559
f 4386/131/560 4387/99/560 4435/133/560 4434/132/560
f 4387/99/561 4388/134/561 4436/135/561 4435/133/561
f 4388/134/562 4389/64/562 4437/136/562 4436/135/562
f 4389/64/563 4390/137/563 4438/138/563 4437/136/563
f 4390/137/564 4391/139/564 4439/140/564 4438/138/564
f 4391/139/565 4392/103/565 4440/141/565 4439/140/565
f 4392/103/566 4378/94/566 4426/93/566 4440/141/566
o clamp_1
usemtl steel
f 3569/67/1 3570/90/1 3571/91/1 3572/4/1
f 3573/4/2 3574/91/2 3575/90/2 3576/67/2
f 3576/90/3 3575/67/3 3570/4/3 3569/91/3
f 3574/90/4 3573/67/4 3572/4/4 3571/91/4
f 3573/90/5 3576/67/5 3569/4/5 3572/91/5
f 3575/90/6 3574/67/6 3571/4/6 3570/91/6
f 4441/67/1 4442/90/1 4443/91/1 4444/4/1
f 4445/4/2 4446/91/2 4447/90/2 4448/67/2
f 4448/90/3 4447/67/3 4442/4/3 4441/91/3
f 4446/90/4 4445/67/4 4444/4/4 4443/91/4
f 4445/90/5 4448/67/5 4441/4/5 4444/91/5
f 4447/90/6 4446/67/6 4443/4/6 4442/91/6
o jumper_1
usemtl conductor
f 4449/4/567 4450/35/567 4451/142/567 4452/143/567
f 4450/35/568 4453/79/568 4454/144/568 4451/142/568
f 4453/79/569 4455/89/569 4456/145/569 4454/144/569
f 4455/89/570 4457/99/570 4458/146/570 4456/145/570
f 4457/99/571 4459/101/571 4460/147/571 4458/146/571
f 4459/101/572 4461/103/572 4462/148/572 4460/147/572
f 4461/103/573 4463/105/573 4464/149/573 4462/148/573
f 4463/105/574 4465/3/574 4466/150/574 4464/149/574
f 4465/3/575 4467/107/575 4468/151/575 4466/150/575
f 4467/107/576 4469/109/576 4470/152/576 4468/151/576
f 4469/109/577 4471/111/577 4472/153/577 4470/152/577
f 4471/111/578 4473/113/578 4474/154/578 4472/153/578
f 4473/113/579 4475/115/579 4476/155/579 4474/154/579
f 4475/115/580 4477/117/580 4478/156/580 4476/155/580
f 4477/117/581 4479/119/581 4480/157/581 4478/156/581
f 4479/119/582 4449/121/582 4452/158/582 4480/157/582
f 4452/143/583 4451/142/583 4481/159/583 4482/160/583
f 4451/142/584 4454/144/584 4483/161/584 4481/159/584
f 4454/144/585 4456/145/585 4484/162/585 4483/161/585
f 4456/145/586 4458/146/586 4485/163/586 4484/162/586
f 4458/146/587 4460/147/587 4486/164/587 4485/163/587
f 4460/147/588 4462/148/588 4487/165/588 4486/164/588
f 4462/148/589 4464/149/589 4488/166/589 4487/165/589
f 4464/149/590 4466/150/590 4489/167/590 4488/166/590
f 4466/150/591 4468/151/591 4490/168/591 4489/167/591
f 4468/151/592 4470/152/592 4491/169/592 4490/168/592
f 4470/152/593 4472/153/593 4492/170/593 4491/169/593
f 4472/153/594 4474/154/594 4493/171/594 4492/170/594
f 4474/154/595 4476/155/595 4494/172/595 4493/171/595
f 4476/155/596 4478/156/596 4495/173/596 4494/172/596
f 4478/156/597 4480/157/597 4496/174/597 4495/173/597
f 4480/157/598 4452/158/598 4482/175/598 4496/174/598
f 4482/160/599 4481/159/599 4497/176/599 4498/177/599
f 4481/159/600 4483/161/600 4499/178/600 4497/176/600
f 4483/161/601 4484/162/601 4500/179/601 4499/178/601
f 4484/162/602 4485/163/602 4501/180/602 4500/179/602
f 4485/163/603 4486/164/603 4502/181/603 4501/180/603
f 4486/164/604 4487/165/604 4503/182/604 4502/181/604
f 4487/165/605 4488/166/605 4504/183/605 4503/182/605
f 4488/166/606 4489/167/606 4505/184/606 4504/183/606
f 4489/167/607 4490/168/607 4506/185/607 4505/184/607
f 4490/168/608 4491/169/608 4507/186/608 4506/185/608
f 4491/169/609 4492/170/609 4508/187/609 4507/186/609
f 4492/170/610 4493/171/610 4509/188/610 4508/187/610
f 4493/171/611 4494/172/611 4510/189/611 4509/188/611
f 4494/172/612 4495/173/612 4511/190/612 4510/189/612
f 4495/173/613 4496/174/613 4512/191/613 4511/190/613
f 4496/174/614 4482/175/614 4498/192/614 4512/191/614
f 4498/177/615 4497/176/615 4513/193/615 4514/194/615
f 4497/176/616 4499/178/616 4515/195/616 4513/193/616
f 4499/178/617 4500/179/617 4516/196/617 4515/195/617
f 4500/179/618 4501/180/618 4517/197/618 4516/196/618
f 4501/180/619 4502/181/619 4518/198/619 4517/197/619
f 4502/181/620 4503/182/620 4519/199/620 4518/198/620
f 4503/182/621 4504/183/621 4520/200/621 4519/199/621
f 4504/183/622 4505/184/622 4521/201/622 4520/200/622
f 4505/184/623 4506/185/623 4522/202/623 4521/201/623
f 4506/185/624 4507/186/624 4523/203/624 4522/202/624
f 4507/186/625 4508/187/625 4524/204/625 4523/203/625
f 4508/187/626 4509/188/626 4525/205/626 4524/204/626
f 4509/188/627 4510/189/627 4526/206/627 4525/205/627
f 4510/189/628 4511/190/628 4527/207/628 4526/206/628
f 4511/190/629 4512/191/629 4528/208/629 4527/207/629
f 4512/191/630 4498/192/630 4514/209/630 4528/208/630
f 4514/194/631 4513/193/631 4529/210/631 4530/1/631
f 4513/193/632 4515/195/632 4531/211/632 4529/210/632
f 4515/195/633 4516/196/633 4532/212/633 4531/211/633
f 4516/196/634 4517/197/634 4533/213/634 4532/212/634
f 4517/197/635 4518/198/635 4534/214/635 4533/213/635
f 4518/198/636 4519/199/636 4535/215/636 4534/214/636
f 4519/199/637 4520/200/637 4536/216/637 4535/215/637
f 4520/200/638 4521/201/638 4537/2/638 4536/216/638
f 4521/201/639 4522/202/639 4538/217/639 4537/2/639
f 4522/202/640 4523/203/640 4539/218/640 4538/217/640
f 4523/203/641 4524/204/641 4540/219/641 4539/218/641
f 4524/204/642 4525/205/642 4541/220/642 4540/219/642
f 4525/205/643 4526/206/643 4542/221/643 4541/220/643
f 4526/206/644 4527/207/644 4543/222/644 4542/221/644
f 4527/207/645 4528/208/645 4544/223/645 4543/222/645
f 4528/208/646 4514/209/646 4530/58/646 4544/223/646
f 4530/1/647 4529/210/647 4545/224/647 4546/225/647
f 4529/210/648 4531/211/648 4547/226/648 4545/224/648
f 4531/211/649 4532/212/649 4548/227/649 4547/226/649
f 4532/212/650 4533/213/650 4549/228/650 4548/227/650
f 4533/213/651 4534/214/651 4550/229/651 4549/228/651
f 4534/214/652 4535/215/652 4551/230/652 4550/229/652
f 4535/215/653 4536/216/653 4552/231/653 4551/230/653
f 4536/216/654 4537/2/654 4553/232/654 4552/231/654
f 4537/2/655 4538/217/655 4554/233/655 4553/232/655
f 4538/217/656 4539/218/656 4555/234/656 4554/233/656
f 4539/218/657 4540/219/657 4556/235/657 4555/234/657
f 4540/219/658 4541/220/658 4557/236/658 4556/235/658
f 4541/220/659 4542/221/659 4558/237/659 4557/236/659
f 4542/221/660 4543/222/660 4559/238/660 4558/237/660
f 4543/222/661 4544/223/661 4560/239/661 4559/238/661
f 4544/223/662 4530/58/662 4546/240/662 4560/239/662
f 4546/225/663 4545/224/663 4561/241/663 4562/242/663
f 4545/224/664 4547/226/664 4563/243/664 4561/241/664
f 4547/226/665 4548/227/665 4564/244/665 4563/243/665
f 4548/227/666 4549/228/666 4565/245/666 4564/244/666
f 4549/228/667 4550/229/667 4566/246/667 4565/245/667
f 4550/229/668 4551/230/668 4567/247/668 4566/246/668
f 4551/230/669 4552/231/669 4568/248/669 4567/247/669
f 4552/231/670 4553/232/670 4569/249/670 4568/248/670
f 4553/232/671 4554/233/671 4570/250/671 4569/249/671
f 4554/233/672 4555/234/672 4571/251/672 4570/250/672
f 4555/234/673 4556/235/673 4572/252/673 4571/251/673
f 4556/235/674 4557/236/674 4573/253/674 4572/252/674
f 4557/236/675 4558/237/675 4574/254/675 4573/253/675
f 4558/237/676 4559/238/676 4575/255/676 4574/254/676
f 4559/238/677 4560/239/677 4576/256/677 4575/255/677
f 4560/239/678 4546/240/678 4562/257/678 4576/256/678
f 4562/242/679 4561/241/679 4577/258/679 4578/259/679
f 4561/241/680 4563/243/680 4579/260/680 4577/258/680
f 4563/243/681 4564/244/681 4580/261/681 4579/260/681
f 4564/244/682 4565/245/682 4581/262/682 4580/261/682
f 4565/245/683 4566/246/683 4582/263/683 4581/262/683
f 4566/246/684 4567/247/684 4583/264/684 4582/263/684
f 4567/247/685 4568/248/685 4584/265/685 4583/264/685
f 4568/248/686 4569/249/686 4585/266/686 4584/265/686
f 4569/249/687 4570/250/687 4586/267/687 4585/266/687
f 4570/250/688 4571/251/688 4587/268/688 4586/267/688
f 4571/251/689 4572/252/689 4588/269/689 4587/268/689
f 4572/252/690 4573/253/690 4589/270/690 4588/269/690
f 4573/253/691 4574/254/691 4590/271/691 4589/270/691
f 4574/254/692 4575/255/692 4591/272/692 4590/271/692
f 4575/255/693 4576/256/693 4592/273/693 4591/272/693
f 4576/256/694 4562/257/694 4578/274/694 4592/273/694
f 4578/259/695 4577/258/695 4593/275/695 4594/276/695
f 4577/258/696 4579/260/696 4595/277/696 4593/275/696
f 4579/260/697 4580/261/697 4596/278/697 4595/277/697
f 4580/261/698 4581/262/698 4597/279/698 4596/278/698
f 4581/262/699 4582/263/699 4598/280/699 4597/279/699
f 4582/263/700 4583/264/700 4599/281/700 4598/280/700
f 4583/264/701 4584/265/701 4600/282/701 4599/281/701
f 4584/265/702 4585/266/702 4601/283/702 4600/282/702
f 4585/266/703 4586/267/703 4602/284/703 4601/283/703
f 4586/267/704 4587/268/704 4603/285/704 4602/284/704
f 4587/268/705 4588/269/705 4604/286/705 4603/285/705
f 4588/269/706 4589/270/706 4605/287/706 4604/286/706
f 4589/270/707 4590/271/707 4606/288/707 4605/287/707
f 4590/271/708 4591/272/708 4607/289/708 4606/288/708
f 4591/272/709 4592/273/709 4608/290/709 4607/289/709
f 4592/273/710 4578/274/710 4594/291/710 4608/290/710
f 4594/276/711 4593/275/711 4609/95/711 4610/96/711
f 4593/275/712 4595/277/712 4611/97/712 4609/95/712
f 4595/277/713 4596/278/713 4612/98/713 4611/97/713
f 4596/278/714 4597/279/714 4613/100/714 4612/98/714
f 4597/279/715 4598/280/715 4614/102/715 4613/100/715
f 4598/280/716 4599/281/716 4615/104/716 4614/102/716
f 4599/281/717 4600/282/717 4616/106/717 4615/104/717
f 4600/282/718 4601/283/718 4617/54/718 4616/106/718
f 4601/283/719 4602/284/719 4618/108/719 4617/54/719
f 4602/284/720 4603/285/720 4619/110/720 4618/108/720
f 4603/285/721 4604/286/721 4620/112/721 4619/110/721
f 4604/286/722 4605/287/722 4621/114/722 4620/112/722
f 4605/287/723 4606/288/723 4622/116/723 4621/114/723
f 4606/288/724 4607/289/724 4623/118/724 4622/116/724
f 4607/289/725 4608/290/725 4624/120/725 4623/118/725
f 4608/290/726 4594/291/726 4610/122/726 4624/120/726
f 4479/48/727 4477/47/727 4475/46/727 4473/3/727 4471/50/727 4469/49/727 4467/51/727 4465/1/727 4463/53/727 4461/52/727 4459/55/727 4457/54/727 4455/57/727 4453/56/727 4450/59/727 4449/58/727
f 4610/58/728 4609/59/728 4611/56/728 4612/57/728 4613/54/728 4614/55/728 4615/52/728 4616/53/728 4617/1/728 4618/51/728 4619/49/728 4620/50/728 4621/3/728 4622/46/728 4623/47/728 4624/48/728
o insulator_2
usemtl porcelain
f 4641/4/535 4642/35/535 4643/95/535 4644/96/535
f 4642/35/536 4645/79/536 4646/97/536 4643/95/536
f 4645/79/537 4647/89/537 4648/98/537 4646/97/537
f 4647/89/538 4649/99/538 4650/100/538 4648/98/538
f 4649/99/539 4651/101/539 4652/102/539 4650/100/539
f 4651/101/540 4653/103/540 4654/104/540 4652/102/540
f 4653/103/541 4655/105/541 4656/106/541 4654/104/541
f 4655/105/542 4657/3/542 4658/54/542 4656/106/542
f 4657/3/543 4659/107/543 4660/108/543 4658/54/543
f 4659/107/544 4661/109/544 4662/110/544 4660/108/544
f 4661/109/545 4663/111/545 4664/112/545 4662/110/545
f 4663/111/546 4665/113/546 4666/114/546 4664/112/546
f 4665/113/547 4667/115/547 4668/116/547 4666/114/547
f 4667/115/548 4669/117/548 4670/118/548 4668/116/548
f 4669/117/549 4671/119/549 4672/120/549 4670/118/549
f 4671/119/550 4641/121/550 4644/122/550 4672/120/550
f 4705/4/535 4706/35/535 4707/95/535 4708/96/535
f 4706/35/536 4709/79/536 4710/97/536 4707/95/536
f 4709/79/537 4711/89/537 4712/98/537 4710/97/537
f 4711/89/538 4713/99/538 4714/100/538 4712/98/538
f 4713/99/539 4715/101/539 4716/102/539 4714/100/539
f 4715/101/540 4717/103/540 4718/104/540 4716/102/540
f 4717/103/541 4719/105/541 4720/106/541 4718/104/541
f 4719/105/542 4721/3/542 4722/54/542 4720/106/542
f 4721/3/543 4723/107/543 4724/108/543 4722/54/543
f 4723/107/544 4725/109/544 4726/110/544 4724/108/544
f 4725/109/545 4727/111/545 4728/112/545 4726/110/545
f 4727/111/546 4729/113/546 4730/114/546 4728/112/546
f 4729/113/547 4731/115/547 4732/116/547 4730/114/547
f 4731/115/548 4733/117/548 4734/118/548 4732/116/548
f 4733/117/549 4735/119/549 4736/120/549 4734/118/549
f 4735/119/550 4705/121/550 4708/122/550 4736/120/550
f 4753/4/535 4754/35/535 4755/95/535 4756/96/535
f 4754/35/536 4757/79/536 4758/97/536 4755/95/536
f 4757/79/537 4759/89/537 4760/98/537 4758/97/537
f 4759/89/538 4761/99/538 4762/100/538 4760/98/538
f 4761/99/539 4763/101/539 4764/102/539 4762/100/539
f 4763/101/540 4765/103/540 4766/104/540 4764/102/540
f 4765/103/541 4767/105/541 4768/106/541 4766/104/541
f 4767/105/542 4769/3/542 4770/54/542 4768/106/542
f 4769/3/543 4771/107/543 4772/108/543 4770/54/543
f 4771/107/544 4773/109/544 4774/110/544 4772/108/544
f 4773/109/545 4775/111/545 4776/112/545 4774/110/545
f 4775/111/546 4777/113/546 4778/114/546 4776/112/546
f 4777/113/547 4779/115/547 4780/116/547 4778/114/547
f 4779/115/548 4781/117/548 4782/118/548 4780/116/548
f 4781/117/549 4783/119/549 4784/120/549 4782/118/549
f 4783/119/550 4753/121/550 4756/122/550 4784/120/550
f 4801/4/535 4802/35/535 4803/95/535 4804/96/535
f 4802/35/536 4805/79/536 4806/97/536 4803/95/536
f 4805/79/537 4807/89/537 4808/98/537 4806/97/537
f 4807/89/538 4809/99/538 4810/100/538 4808/98/538
f 4809/99/539 4811/101/539 4812/102/539 4810/100/539
f 4811/101/540 4813/103/540 4814/104/540 4812/102/540
f 4813/103/541 4815/105/541 4816/106/541 4814/104/541
f 4815/105/542 4817/3/542 4818/54/542 4816/106/542
f 4817/3/543 4819/107/543 4820/108/543 4818/54/543
f 4819/107/544 4821/109/544 4822/110/544 4820/108/544
f 4821/109/545 4823/111/545 4824/112/545 4822/110/545
f 4823/111/546 4825/113/546 4826/114/546 4824/112/546
f 4825/113/547 4827/115/547 4828/116/547 4826/114/547
f 4827/115/548 4829/117/548 4830/118/548 4828/116/548
f 4829/117/549 4831/119/549 4832/120/549 4830/118/549
f 4831/119/550 4801/121/550 4804/122/550 4832/120/550
f 4849/4/535 4850/35/535 4851/95/535 4852/96/535
f 4850/35/536 4853/79/536 4854/97/536 4851/95/536
f 4853/79/537 4855/89/537 4856/98/537 4854/97/537
f 4855/89/538 4857/99/538 4858/100/538 4856/98/538
f 4857/99/539 4859/101/539 4860/102/539 4858/100/539
f 4859/101/540 4861/103/540 4862/104/540 4860/102/540
f 4861/103/541 4863/105/541 4864/106/541 4862/104/541
f 4863/105/542 4865/3/542 4866/54/542 4864/106/542
f 4865/3/543 4867/107/543 4868/108/543 4866/54/543
f 4867/107/544 4869/109/544 4870/110/544 4868/108/544
f 4869/109/545 4871/111/545 4872/112/545 4870/110/545
f 4871/111/546 4873/113/546 4874/114/546 4872/112/546
f 4873/113/547 4875/115/547 4876/116/547 4874/114/547
f 4875/115/548 4877/117/548 4878/118/548 4876/116/548
f 4877/117/549 4879/119/549 4880/120/549 4878/118/549
f 4879/119/550 4849/121/550 4852/122/550 4880/120/550
f 4897/4/535 4898/35/535 4899/95/535 4900/96/535
f 4898/35/536 4901/79/536 4902/97/536 4899/95/536
f 4901/79/537 4903/89/537 4904/98/537 4902/97/537
f 4903/89/538 4905/99/538 4906/100/538 4904/98/538
f 4905/99/539 4907/101/539 4908/102/539 4906/100/539
f 4907/101/540 4909/103/540 4910/104/540 4908/102/540
f 4909/103/541 4911/105/541 4912/106/541 4910/104/541
f 4911/105/542 4913/3/542 4914/54/542 4912/106/542
f 4913/3/543 4915/107/543 4916/108/543 4914/54/543
f 4915/107/544 4917/109/544 4918/110/544 4916/108/544
f 4917/109/545 4919/111/545 4920/112/545 4918/110/545
f 4919/111/546 4921/113/546 4922/114/546 4920/112/546
f 4921/113/547 4923/115/547 4924/116/547 4922/114/547
f 4923/115/548 4925/117/548 4926/118/548 4924/116/548
f 4925/117/549 4927/119/549 4928/120/549 4926/118/549
f 4927/119/550 4897/121/550 4900/122/550 4928/120/550
f 4945/4/535 4946/35/535 4947/95/535 4948/96/535
f 4946/35/536 4949/79/536 4950/97/536 4947/95/536
f 4949/79/537 4951/89/537 4952/98/537 4950/97/537
f 4951/89/538 4953/99/538 4954/100/538 4952/98/538
f 4953/99/539 4955/101/539 4956/102/539 4954/100/539
f 4955/101/540 4957/103/540 4958/104/540 4956/102/540
f 4957/103/541 4959/105/541 4960/106/541 4958/104/541
f 4959/105/542 4961/3/542 4962/54/542 4960/106/542
f 4961/3/543 4963/107/543 4964/108/543 4962/54/543
f 4963/107/544 4965/109/544 4966/110/544 4964/108/544
f 4965/109/545 4967/111/545 4968/112/545 4966/110/545
f 4967/111/546 4969/113/546 4970/114/546 4968/112/546
f 4969/113/547 4971/115/547 4972/116/547 4970/114/547
f 4971/115/548 4973/117/548 4974/118/548 4972/116/548
f 4973/117/549 4975/119/549 4976/120/549 4974/118/549
f 4975/119/550 4945/121/550 4948/122/550 4976/120/550
f 4993/4/535 4994/35/535 4995/95/535 4996/96/535
f 4994/35/536 4997/79/536 4998/97/536 4995/95/536
f 4997/79/537 4999/89/537 5000/98/537 4998/97/537
f 4999/89/538 5001/99/538 5002/100/538 5000/98/538
f 5001/99/539 5003/101/539 5004/102/539 5002/100/539
f 5003/101/540 5005/103/540 5006/104/540 5004/102/540
f 5005/103/541 5007/105/541 5008/106/541 5006/104/541
f 5007/105/542 5009/3/542 5010/54/542 5008/106/542
f 5009/3/543 5011/107/543 5012/108/543 5010/54/543
f 5011/107/544 5013/109/544 5014/110/544 5012/108/544
f 5013/109/545 5015/111/545 5016/112/545 5014/110/545
f 5015/111/546 5017/113/546 5018/114/546 5016/112/546
f 5017/113/547 5019/115/547 5020/116/547 5018/114/547
f 5019/115/548 5021/117/548 5022/118/548 5020/116/548
f 5021/117/549 5023/119/549 5024/120/549 5022/118/549
f 5023/119/550 4993/121/550 4996/122/550 5024/120/550
f 5041/4/535 5042/35/535 5043/95/535 5044/96/535
f 5042/35/536 5045/79/536 5046/97/536 5043/95/536
f 5045/79/537 5047/89/537 5048/98/537 5046/97/537
f 5047/89/538 5049/99/538 5050/100/538 5048/98/538
f 5049/99/539 5051/101/539 5052/102/539 5050/100/539
f 5051/101/540 5053/103/540 5054/104/540 5052/102/540
f 5053/103/541 5055/105/541 5056/106/541 5054/104/541
f 5055/105/542 5057/3/542 5058/54/542 5056/106/542
f 5057/3/543 5059/107/543 5060/108/543 5058/54/543
f 5059/107/544 5061/109/544 5062/110/544 5060/108/544
f 5061/109/545 5063/111/545 5064/112/545 5062/110/545
f 5063/111/546 5065/113/546 5066/114/546 5064/112/546
f 5065/113/547 5067/115/547 5068/116/547 5066/114/547
f 5067/115/548 5069/117/548 5070/118/548 5068/116/548
f 5069/117/549 5071/119/549 5072/120/549 5070/118/549
f 5071/119/550 5041/121/550 5044/122/550 5072/120/550
f 5089/4/535 5090/35/535 5091/95/535 5092/96/535
f 5090/35/536 5093/79/536 5094/97/536 5091/95/536
f 5093/79/537 5095/89/537 5096/98/537 5094/97/537
f 5095/89/538 5097/99/538 5098/100/538 5096/98/538
f 5097/99/539 5099/101/539 5100/102/539 5098/100/539
f 5099/101/540 5101/103/540 5102/104/540 5100/102/540
f 5101/103/541 5103/105/541 5104/106/541 5102/104/541
f 5103/105/542 5105/3/542 5106/54/542 5104/106/542
f 5105/3/543 5107/107/543 5108/108/543 5106/54/543
f 5107/107/544 5109/109/544 5110/110/544 5108/108/544
f 5109/109/545 5111/111/545 5112/112/545 5110/110/545
f 5111/111/546 5113/113/546 5114/114/546 5112/112/546
f 5113/113/547 5115/115/547 5116/116/547 5114/114/547
f 5115/115/548 5117/117/548 5118/118/548 5116/116/548
f 5117/117/549 5119/119/549 5120/120/549 5118/118/549
f 5119/119/550 5089/121/550 5092/122/550 5120/120/550
f 5137/4/535 5138/35/535 5139/95/535 5140/96/535
f 5138/35/536 5141/79/536 5142/97/536 5139/95/536
f 5141/79/537 5143/89/537 5144/98/537 5142/97/537
f 5143/89/538 5145/99/538 5146/100/538 5144/98/538
f 5145/99/539 5147/101/539 5148/102/539 5146/100/539
f 5147/101/540 5149/103/540 5150/104/540 5148/102/540
f 5149/103/541 5151/105/541 5152/106/541 5150/104/541
f 5151/105/542 5153/3/542 5154/54/542 5152/106/542
f 5153/3/543 5155/107/543 5156/108/543 5154/54/543
f 5155/107/544 5157/109/544 5158/110/544 5156/108/544
f 5157/109/545 5159/111/545 5160/112/545 5158/110/545
f 5159/111/546 5161/113/546 5162/114/546 5160/112/546
f 5161/113/547 5163/115/547 5164/116/547 5162/114/547
f 5163/115/548 5165/117/548 5166/118/548 5164/116/548
f 5165/117/549 5167/119/549 5168/120/549 5166/118/549
f 5167/119/550 5137/121/550 5140/122/550 5168/120/550
f 5185/4/535 5186/35/535 5187/95/535 5188/96/535
f 5186/35/536 5189/79/536 5190/97/536 5187/95/536
f 5189/79/537 5191/89/537 5192/98/537 5190/97/537
f 5191/89/538 5193/99/538 5194/100/538 5192/98/538
f 5193/99/539 5195/101/539 5196/102/539 5194/100/539
f 5195/101/540 5197/103/540 5198/104/540 5196/102/540
f 5197/103/541 5199/105/541 5200/106/541 5198/104/541
f 5199/105/542 5201/3/542 5202/54/542 5200/106/542
f 5201/3/543 5203/107/543 5204/108/543 5202/54/543
f 5203/107/544 5205/109/544 5206/110/544 5204/108/544
f 5205/109/545 5207/111/545 5208/112/545 5206/110/545
f 5207/111/546 5209/113/546 5210/114/546 5208/112/546
f 5209/113/547 5211/115/547 5212/116/547 5210/114/547
f 5211/115/548 5213/117/548 5214/118/548 5212/116/548
f 5213/117/549 5215/119/549 5216/120/549 5214/118/549
f 5215/119/550 5185/121/550 5188/122/550 5216/120/550
f 5233/4/535 5234/35/535 5235/95/535 5236/96/535
f 5234/35/536 5237/79/536 5238/97/536 5235/95/536
f 5237/79/537 5239/89/537 5240/98/537 5238/97/537
f 5239/89/538 5241/99/538 5242/100/538 5240/98/538
f 5241/99/539 5243/101/539 5244/102/539 5242/100/539
f 5243/101/540 5245/103/540 5246/104/540 5244/102/540
f 5245/103/541 5247/105/541 5248/106/541 5246/104/541
f 5247/105/542 5249/3/542 5250/54/542 5248/106/542
f 5249/3/543 5251/107/543 5252/108/543 5250/54/543
f 5251/107/544 5253/109/544 5254/110/544 5252/108/544
f 5253/109/545 5255/111/545 5256/112/545 5254/110/545
f 5255/111/546 5257/113/546 5258/114/546 5256/112/546
f 5257/113/547 5259/115/547 5260/116/547 5258/114/547
f 5259/115/548 5261/117/548 5262/118/548 5260/116/548
f 5261/117/549 5263/119/549 5264/120/549 5262/118/549
f 5263/119/550 5233/121/550 5236/122/550 5264/120/550
f 5281/4/535 5282/35/535 5283/95/535 5284/96/535
f 5282/35/536 5285/79/536 5286/97/536 5283/95/536
f 5285/79/537 5287/89/537 5288/98/537 5286/97/537
f 5287/89/538 5289/99/538 5290/100/538 5288/98/538
f 5289/99/539 5291/101/539 5292/102/539 5290/100/539
f 5291/101/540 5293/103/540 5294/104/540 5292/102/540
f 5293/103/541 5295/105/541 5296/106/541 5294/104/541
f 5295/105/542 5297/3/542 5298/54/542 5296/106/542
f 5297/3/543 5299/107/543 5300/108/543 5298/54/543
f 5299/107/544 5301/109/544 5302/110/544 5300/108/544
f 5301/109/545 5303/111/545 5304/112/545 5302/110/545
f 5303/111/546 5305/113/546 5306/114/546 5304/112/546
f 5305/113/547 5307/115/547 5308/116/547 5306/114/547
f 5307/115/548 5309/117/548 5310/118/548 5308/116/548
f 5309/117/549 5311/119/549 5312/120/549 5310/118/549
f 5311/119/550 5281/121/550 5284/122/550 5312/120/550
f 5329/4/535 5330/35/535 5331/95/535 5332/96/535
f 5330/35/536 5333/79/536 5334/97/536 5331/95/536
f 5333/79/537 5335/89/537 5336/98/537 5334/97/537
f 5335/89/538 5337/99/538 5338/100/538 5336/98/538
f 5337/99/539 5339/101/539 5340/102/539 5338/100/539
f 5339/101/540 5341/103/540 5342/104/540 5340/102/540
f 5341/103/541 5343/105/541 5344/106/541 5342/104/541
f 5343/105/542 5345/3/542 5346/54/542 5344/106/542
f 5345/3/543 5347/107/543 5348/108/543 5346/54/543
f 5347/107/544 5349/109/544 5350/110/544 5348/108/544
f 5349/109/545 5351/111/545 5352/112/545 5350/110/545
f 5351/111/546 5353/113/546 5354/114/546 5352/112/546
f 5353/113/547 5355/115/547 5356/116/547 5354/114/547
f 5355/115/548 5357/117/548 5358/118/548 5356/116/548
f 5357/117/549 5359/119/549 5360/120/549 5358/118/549
f 5359/119/550 5329/121/550 5332/122/550 5360/120/550
f 5377/4/535 5378/35/535 5379/95/535 5380/96/535
f 5378/35/536 5381/79/536 5382/97/536 5379/95/536
f 5381/79/537 5383/89/537 5384/98/537 5382/97/537
f 5383/89/538 5385/99/538 5386/100/538 5384/98/538
f 5385/99/539 5387/101/539 5388/102/539 5386/100/539
f 5387/101/540 5389/103/540 5390/104/540 5388/102/540
f 5389/103/541 5391/105/541 5392/106/541 5390/104/541
f 5391/105/542 5393/3/542 5394/54/542 5392/106/542
f 5393/3/543 5395/107/543 5396/108/543 5394/54/543
f 5395/107/544 5397/109/544 5398/110/544 5396/108/544
f 5397/109/545 5399/111/545 5400/112/545 5398/110/545
f 5399/111/546 5401/113/546 5402/114/546 5400/112/546
f 5401/113/547 5403/115/547 5404/116/547 5402/114/547
f 5403/115/548 5405/117/548 5406/118/548 5404/116/548
f 5405/117/549 5407/119/549 5408/120/549 5406/118/549
f 5407/119/550 5377/121/550 5380/122/550 5408/120/550
f 5425/4/535 5426/35/535 5427/95/535 5428/96/535
f 5426/35/536 5429/79/536 5430/97/536 5427/95/536
f 5429/79/537 5431/89/537 5432/98/537 5430/97/537
f 5431/89/538 5433/99/538 5434/100/538 5432/98/538
f 5433/99/539 5435/101/539 5436/102/539 5434/100/539
f 5435/101/540 5437/103/540 5438/104/540 5436/102/540
f 5437/103/541 5439/105/541 5440/106/541 5438/104/541
f 5439/105/542 5441/3/542 5442/54/542 5440/106/542
f 5441/3/543 5443/107/543 5444/108/543 5442/54/543
f 5443/107/544 5445/109/544 5446/110/544 5444/108/544
f 5445/109/545 5447/111/545 5448/112/545 5446/110/545
f 5447/111/546 5449/113/546 5450/114/546 5448/112/546
f 5449/113/547 5451/115/547 5452/116/547 5450/114/547
f 5451/115/548 5453/117/548 5454/118/548 5452/116/548
f 5453/117/549 5455/119/549 5456/120/549 5454/118/549
f 5455/119/550 5425/121/550 5428/122/550 5456/120/550
f 5473/4/535 5474/35/535 5475/95/535 5476/96/535
f 5474/35/536 5477/79/536 5478/97/536 5475/95/536
f 5477/79/537 5479/89/537 5480/98/537 5478/97/537
f 5479/89/538 5481/99/538 5482/100/538 5480/98/538
f 5481/99/539 5483/101/539 5484/102/539 5482/100/539
f 5483/101/540 5485/103/540 5486/104/540 5484/102/540
f 5485/103/541 5487/105/541 5488/106/541 5486/104/541
f 5487/105/542 5489/3/542 5490/54/542 5488/106/542
f 5489/3/543 5491/107/543 5492/108/543 5490/54/543
f 5491/107/544 5493/109/544 5494/110/544 5492/108/544
f 5493/109/545 5495/111/545 5496/112/545 5494/110/545
f 5495/111/546 5497/113/546 5498/114/546 5496/112/546
f 5497/113/547 5499/115/547 5500/116/547 5498/114/547
f 5499/115/548 5501/117/548 5502/118/548 5500/116/548
f 5501/117/549 5503/119/549 5504/120/549 5502/118/549
f 5503/119/550 5473/121/550 5476/122/550 5504/120/550
f 5529/4/535 5530/35/535 5531/95/535 5532/96/535
f 5530/35/536 5533/79/536 5534/97/536 5531/95/536
f 5533/79/537 5535/89/537 5536/98/537 5534/97/537
f 5535/89/538 5537/99/538 5538/100/538 5536/98/538
f 5537/99/539 5539/101/539 5540/102/539 5538/100/539
f 5539/101/540 5541/103/540 5542/104/540 5540/102/540
f 5541/103/541 5543/105/541 5544/106/541 5542/104/541
f 5543/105/542 5545/3/542 5546/54/542 5544/106/542
f 5545/3/543 5547/107/543 5548/108/543 5546/54/543
f 5547/107/544 5549/109/544 5550/110/544 5548/108/544
f 5549/109/545 5551/111/545 5552/112/545 5550/110/545
f 5551/111/546 5553/113/546 5554/114/546 5552/112/546
f 5553/113/547 5555/115/547 5556/116/547 5554/114/547
f 5555/115/548 5557/117/548 5558/118/548 5556/116/548
f 5557/117/549 5559/119/549 5560/120/549 5558/118/549
f 5559/119/550 5529/121/550 5532/122/550 5560/120/550
f 5577/4/535 5578/35/535 5579/95/535 5580/96/535
f 5578/35/536 5581/79/536 5582/97/536 5579/95/536
f 5581/79/537 5583/89/537 5584/98/537 5582/97/537
f 5583/89/538 5585/99/538 5586/100/538 5584/98/538
f 5585/99/539 5587/101/539 5588/102/539 5586/100/539
f 5587/101/540 5589/103/540 5590/104/540 5588/102/540
f 5589/103/541 5591/105/541 5592/106/541 5590/104/541
f 5591/105/542 5593/3/542 5594/54/542 5592/106/542
f 5593/3/543 5595/107/543 5596/108/543 5594/54/543
f 5595/107/544 5597/109/544 5598/110/544 5596/108/544
f 5597/109/545 5599/111/545 5600/112/545 5598/110/545
f 5599/111/546 5601/113/546 5602/114/546 5600/112/546
f 5601/113/547 5603/115/547 5604/116/547 5602/114/547
f 5603/115/548 5605/117/548 5606/118/548 5604/116/548
f 5605/117/549 5607/119/549 5608/120/549 5606/118/549
f 5607/119/550 5577/121/550 5580/122/550 5608/120/550
f 5625/4/535 5626/35/535 5627/95/535 5628/96/535
f 5626/35/536 5629/79/536 5630/97/536 5627/95/536
f 5629/79/537 5631/89/537 5632/98/537 5630/97/537
f 5631/89/538 5633/99/538 5634/100/538 5632/98/538
f 5633/99/539 5635/101/539 5636/102/539 5634/100/539
f 5635/101/540 5637/103/540 5638/104/540 5636/102/540
f 5637/103/541 5639/105/541 5640/106/541 5638/104/541
f 5639/105/542 5641/3/542 5642/54/542 5640/106/542
f 5641/3/543 5643/107/543 5644/108/543 5642/54/543
f 5643/107/544 5645/109/544 5646/110/544 5644/108/544
f 5645/109/545 5647/111/545 5648/112/545 5646/110/545
f 5647/111/546 5649/113/546 5650/114/546 5648/112/546
f 5649/113/547 5651/115/547 5652/116/547 5650/114/547
f 5651/115/548 5653/117/548 5654/118/548 5652/116/548
f 5653/117/549 5655/119/549 5656/120/549 5654/118/549
f 5655/119/550 5625/121/550 5628/122/550 5656/120/550
f 5673/4/535 5674/35/535 5675/95/535 5676/96/535
f 5674/35/536 5677/79/536 5678/97/536 5675/95/536
f 5677/79/537 5679/89/537 5680/98/537 5678/97/537
f 5679/89/538 5681/99/538 5682/100/538 5680/98/538
f 5681/99/539 5683/101/539 5684/102/539 5682/100/539
f 5683/101/540 5685/103/540 5686/104/540 5684/102/540
f 5685/103/541 5687/105/541 5688/106/541 5686/104/541
f 5687/105/542 5689/3/542 5690/54/542 5688/106/542
f 5689/3/543 5691/107/543 5692/108/543 5690/54/543
f 5691/107/544 5693/109/544 5694/110/544 5692/108/544
f 5693/109/545 5695/111/545 5696/112/545 5694/110/545
f 5695/111/546 5697/113/546 5698/114/546 5696/112/546
f 5697/113/547 5699/115/547 5700/116/547 5698/114/547
f 5699/115/548 5701/117/548 5702/118/548 5700/116/548
f 5701/117/549 5703/119/549 5704/120/549 5702/118/549
f 5703/119/550 5673/121/550 5676/122/550 5704/120/550
f 5721/4/535 5722/35/535 5723/95/535 5724/96/535
f 5722/35/536 5725/79/536 5726/97/536 5723/95/536
f 5725/79/537 5727/89/537 5728/98/537 5726/97/537
f 5727/89/538 5729/99/538 5730/100/538 5728/98/538
f 5729/99/539 5731/101/539 5732/102/539 5730/100/539
f 5731/101/540 5733/103/540 5734/104/540 5732/102/540
f 5733/103/541 5735/105/541 5736/106/541 5734/104/541
f 5735/105/542 5737/3/542 5738/54/542 5736/106/542
f 5737/3/543 5739/107/543 5740/108/543 5738/54/543
f 5739/107/544 5741/109/544 5742/110/544 5740/108/544
f 5741/109/545 5743/111/545 5744/112/545 5742/110/545
f 5743/111/546 5745/113/546 5746/114/546 5744/112/546
f 5745/113/547 5747/115/547 5748/116/547 5746/114/547
f 5747/115/548 5749/117/548 5750/118/548 5748/116/548
f 5749/117/549 5751/119/549 5752/120/549 5750/118/549
f 5751/119/550 5721/121/550 5724/122/550 5752/120/550
f 5769/4/535 5770/35/535 5771/95/535 5772/96/535
f 5770/35/536 5773/79/536 5774/97/536 5771/95/536
f 5773/79/537 5775/89/537 5776/98/537 5774/97/537
f 5775/89/538 5777/99/538 5778/100/538 5776/98/538
f 5777/99/539 5779/101/539 5780/102/539 5778/100/539
f 5779/101/540 5781/103/540 5782/104/540 5780/102/540
f 5781/103/541 5783/105/541 5784/106/541 5782/104/541
f 5783/105/542 5785/3/542 5786/54/542 5784/106/542
f 5785/3/543 5787/107/543 5788/108/543 5786/54/543
f 5787/107/544 5789/109/544 5790/110/544 5788/108/544
f 5789/109/545 5791/111/545 5792/112/545 5790/110/545
f 5791/111/546 5793/113/546 5794/114/546 5792/112/546
f 5793/113/547 5795/115/547 5796/116/547 5794/114/547
f 5795/115/548 5797/117/548 5798/118/548 5796/116/548
f 5797/117/549 5799/119/549 5800/120/549 5798/118/549
f 5799/119/550 5769/121/550 5772/122/550 5800/120/550
f 5817/4/535 5818/35/535 5819/95/535 5820/96/535
f 5818/35/536 5821/79/536 5822/97/536 5819/95/536
f 5821/79/537 5823/89/537 5824/98/537 5822/97/537
f 5823/89/538 5825/99/538 5826/100/538 5824/98/538
f 5825/99/539 5827/101/539 5828/102/539 5826/100/539
f 5827/101/540 5829/103/540 5830/104/540 5828/102/540
f 5829/103/541 5831/105/541 5832/106/541 5830/104/541
f 5831/105/542 5833/3/542 5834/54/542 5832/106/542
f 5833/3/543 5835/107/543 5836/108/543 5834/54/543
f 5835/107/544 5837/109/544 5838/110/544 5836/108/544
f 5837/109/545 5839/111/545 5840/112/545 5838/110/545
f 5839/111/546 5841/113/546 5842/114/546 5840/112/546
f 5841/113/547 5843/115/547 5844/116/547 5842/114/547
f 5843/115/548 5845/117/548 5846/118/548 5844/116/548
f 5845/117/549 5847/119/549 5848/120/549 5846/118/549
f 5847/119/550 5817/121/550 5820/122/550 5848/120/550
f 5865/4/535 5866/35/535 5867/95/535 5868/96/535
f 5866/35/536 5869/79/536 5870/97/536 5867/95/536
f 5869/79/537 5871/89/537 5872/98/537 5870/97/537
f 5871/89/538 5873/99/538 5874/100/538 5872/98/538
f 5873/99/539 5875/101/539 5876/102/539 5874/100/539
f 5875/101/540 5877/103/540 5878/104/540 5876/102/540
f 5877/103/541 5879/105/541 5880/106/541 5878/104/541
f 5879/105/542 5881/3/542 5882/54/542 5880/106/542
f 5881/3/543 5883/107/543 5884/108/543 5882/54/543
f 5883/107/544 5885/109/544 5886/110/544 5884/108/544
f 5885/109/545 5887/111/545 5888/112/545 5886/110/545
f 5887/111/546 5889/113/546 5890/114/546 5888/112/546
f 5889/113/547 5891/115/547 5892/116/547 5890/114/547
f 5891/115/548 5893/117/548 5894/118/548 5892/116/548
f 5893/117/549 5895/119/549 5896/120/549 5894/118/549
f 5895/119/550 5865/121/550 5868/122/550 5896/120/550
f 5913/4/535 5914/35/535 5915/95/535 5916/96/535
f 5914/35/536 5917/79/536 5918/97/536 5915/95/536
f 5917/79/537 5919/89/537 5920/98/537 5918/97/537
f 5919/89/538 5921/99/538 5922/100/538 5920/98/538
f 5921/99/539 5923/101/539 5924/102/539 5922/100/539
f 5923/101/540 5925/103/540 5926/104/540 5924/102/540
f 5925/103/541 5927/105/541 5928/106/541 5926/104/541
f 5927/105/542 5929/3/542 5930/54/542 5928/106/542
f 5929/3/543 5931/107/543 5932/108/543 5930/54/543
f 5931/107/544 5933/109/544 5934/110/544 5932/108/544
f 5933/109/545 5935/111/545 5936/112/545 5934/110/545
f 5935/111/546 5937/113/546 5938/114/546 5936/112/546
f 5937/113/547 5939/115/547 5940/116/547 5938/114/547
f 5939/115/548 5941/117/548 5942/118/548 5940/116/548
f 5941/117/549 5943/119/549 5944/120/549 5942/118/549
f 5943/119/550 5913/121/550 5916/122/550 5944/120/550
f 5961/4/535 5962/35/535 5963/95/535 5964/96/535
f 5962/35/536 5965/79/536 5966/97/536 5963/95/536
f 5965/79/537 5967/89/537 5968/98/537 5966/97/537
f 5967/89/538 5969/99/538 5970/100/538 5968/98/538
f 5969/99/539 5971/101/539 5972/102/539 5970/100/539
f 5971/101/540 5973/103/540 5974/104/540 5972/102/540
f 5973/103/541 5975/105/541 5976/106/541 5974/104/541
f 5975/105/542 5977/3/542 5978/54/542 5976/106/542
f 5977/3/543 5979/107/543 5980/108/543 5978/54/543
f 5979/107/544 5981/109/544 5982/110/544 5980/108/544
f 5981/109/545 5983/111/545 5984/112/545 5982/110/545
f 5983/111/546 5985/113/546 5986/114/546 5984/112/546
f 5985/113/547 5987/115/547 5988/116/547 5986/114/547
f 5987/115/548 5989/117/548 5990/118/548 5988/116/548
f 5989/117/549 5991/119/549 5992/120/549 5990/118/549
f 5991/119/550 5961/121/550 5964/122/550 5992/120/550
f 6009/4/535 6010/35/535 6011/95/535 6012/96/535
f 6010/35/536 6013/79/536 6014/97/536 6011/95/536
f 6013/79/537 6015/89/537 6016/98/537 6014/97/537
f 6015/89/538 6017/99/538 6018/100/538 6016/98/538
f 6017/99/539 6019/101/539 6020/102/539 6018/100/539
f 6019/101/540 6021/103/540 6022/104/540 6020/102/540
f 6021/103/541 6023/105/541 6024/106/541 6022/104/541
f 6023/105/542 6025/3/542 6026/54/542 6024/106/542
f 6025/3/543 6027/107/543 6028/108/543 6026/54/543
f 6027/107/544 6029/109/544 6030/110/544 6028/108/544
f 6029/109/545 6031/111/545 6032/112/545 6030/110/545
f 6031/111/546 6033/113/546 6034/114/546 6032/112/546
f 6033/113/547 6035/115/547 6036/116/547 6034/114/547
f 6035/115/548 6037/117/548 6038/118/548 6036/116/548
f 6037/117/549 6039/119/549 6040/120/549 6038/118/549
f 6039/119/550 6009/121/550 6012/122/550 6040/120/550
f 6057/4/535 6058/35/535 6059/95/535 6060/96/535
f 6058/35/536 6061/79/536 6062/97/536 6059/95/536
f 6061/79/537 6063/89/537 6064/98/537 6062/97/537
f 6063/89/538 6065/99/538 6066/100/538 6064/98/538
f 6065/99/539 6067/101/539 6068/102/539 6066/100/539
f 6067/101/540 6069/103/540 6070/104/540 6068/102/540
f 6069/103/541 6071/105/541 6072/106/541 6070/104/541
f 6071/105/542 6073/3/542 6074/54/542 6072/106/542
f 6073/3/543 6075/107/543 6076/108/543 6074/54/543
f 6075/107/544 6077/109/544 6078/110/544 6076/108/544
f 6077/109/545 6079/111/545 6080/112/545 6078/110/545
f 6079/111/546 6081/113/546 6082/114/546 6080/112/546
f 6081/113/547 6083/115/547 6084/116/547 6082/114/547
f 6083/115/548 6085/117/548 6086/118/548 6084/116/548
f 6085/117/549 6087/119/549 6088/120/549 6086/118/549
f 6087/119/550 6057/121/550 6060/122/550 6088/120/550
f 6105/4/535 6106/35/535 6107/95/535 6108/96/535
f 6106/35/536 6109/79/536 6110/97/536 6107/95/536
f 6109/79/537 6111/89/537 6112/98/537 6110/97/537
f 6111/89/538 6113/99/538 6114/100/538 6112/98/538
f 6113/99/539 6115/101/539 6116/102/539 6114/100/539
f 6115/101/540 6117/103/540 6118/104/540 6116/102/540
f 6117/103/541 6119/105/541 6120/106/541 6118/104/541
f 6119/105/542 6121/3/542 6122/54/542 6120/106/542
f 6121/3/543 6123/107/543 6124/108/543 6122/54/543
f 6123/107/544 6125/109/544 6126/110/544 6124/108/544
f 6125/109/545 6127/111/545 6128/112/545 6126/110/545
f 6127/111/546 6129/113/546 6130/114/546 6128/112/546
f 6129/113/547 6131/115/547 6132/116/547 6130/114/547
f 6131/115/548 6133/117/548 6134/118/548 6132/116/548
f 6133/117/549 6135/119/549 6136/120/549 6134/118/549
f 6135/119/550 6105/121/550 6108/122/550 6136/120/550
f 6153/4/535 6154/35/535 6155/95/535 6156/96/535
f 6154/35/536 6157/79/536 6158/97/536 6155/95/536
f 6157/79/537 6159/89/537 6160/98/537 6158/97/537
f 6159/89/538 6161/99/538 6162/100/538 6160/98/538
f 6161/99/539 6163/101/539 6164/102/539 6162/100/539
f 6163/101/540 6165/103/540 6166/104/540 6164/102/540
f 6165/103/541 6167/105/541 6168/106/541 6166/104/541
f 6167/105/542 6169/3/542 6170/54/542 6168/106/542
f 6169/3/543 6171/107/543 6172/108/543 6170/54/543
f 6171/107/544 6173/109/544 6174/110/544 6172/108/544
f 6173/109/545 6175/111/545 6176/112/545 6174/110/545
f 6175/111/546 6177/113/546 6178/114/546 6176/112/546
f 6177/113/547 6179/115/547 6180/116/547 6178/114/547
f 6179/115/548 6181/117/548 6182/118/548 6180/116/548
f 6181/117/549 6183/119/549 6184/120/549 6182/118/549
f 6183/119/550 6153/121/550 6156/122/550 6184/120/550
f 6201/4/535 6202/35/535 6203/95/535 6204/96/535
f 6202/35/536 6205/79/536 6206/97/536 6203/95/536
f 6205/79/537 6207/89/537 6208/98/537 6206/97/537
f 6207/89/538 6209/99/538 6210/100/538 6208/98/538
f 6209/99/539 6211/101/539 6212/102/539 6210/100/539
f 6211/101/540 6213/103/540 6214/104/540 6212/102/540
f 6213/103/541 6215/105/541 6216/106/541 6214/104/541
f 6215/105/542 6217/3/542 6218/54/542 6216/106/542
f 6217/3/543 6219/107/543 6220/108/543 6218/54/543
f 6219/107/544 6221/109/544 6222/110/544 6220/108/544
f 6221/109/545 6223/111/545 6224/112/545 6222/110/545
f 6223/111/546 6225/113/546 6226/114/546 6224/112/546
f 6225/113/547 6227/115/547 6228/116/547 6226/114/547
f 6227/115/548 6229/117/548 6230/118/548 6228/116/548
f 6229/117/549 6231/119/549 6232/120/549 6230/118/549
f 6231/119/550 6201/121/550 6204/122/550 6232/120/550
f 6249/4/535 6250/35/535 6251/95/535 6252/96/535
f 6250/35/536 6253/79/536 6254/97/536 6251/95/536
f 6253/79/537 6255/89/537 6256/98/537 6254/97/537
f 6255/89/538 6257/99/538 6258/100/538 6256/98/538
f 6257/99/539 6259/101/539 6260/102/539 6258/100/539
f 6259/101/540 6261/103/540 6262/104/540 6260/102/540
f 6261/103/541 6263/105/541 6264/106/541 6262/104/541
f 6263/105/542 6265/3/542 6266/54/542 6264/106/542
f 6265/3/543 6267/107/543 6268/108/543 6266/54/543
f 6267/107/544 6269/109/544 6270/110/544 6268/108/544
f 6269/109/545 6271/111/545 6272/112/545 6270/110/545
f 6271/111/546 6273/113/546 6274/114/546 6272/112/546
f 6273/113/547 6275/115/547 6276/116/547 6274/114/547
f 6275/115/548 6277/117/548 6278/118/548 6276/116/548
f 6277/117/549 6279/119/549 6280/120/549 6278/118/549
f 6279/119/550 6249/121/550 6252/122/550 6280/120/550
f 6297/4/535 6298/35/535 6299/95/535 6300/96/535
f 6298/35/536 6301/79/536 6302/97/536 6299/95/536
f 6301/79/537 6303/89/537 6304/98/537 6302/97/537
f 6303/89/538 6305/99/538 6306/100/538 6304/98/538
f 6305/99/539 6307/101/539 6308/102/539 6306/100/539
f 6307/101/540 6309/103/540 6310/104/540 6308/102/540
f 6309/103/541 6311/105/541 6312/106/541 6310/104/541
f 6311/105/542 6313/3/542 6314/54/542 6312/106/542
f 6313/3/543 6315/107/543 6316/108/543 6314/54/543
f 6315/107/544 6317/109/544 6318/110/544 6316/108/544
f 6317/109/545 6319/111/545 6320/112/545 6318/110/545
f 6319/111/546 6321/113/546 6322/114/546 6320/112/546
f 6321/113/547 6323/115/547 6324/116/547 6322/114/547
f 6323/115/548 6325/117/548 6326/118/548 6324/116/548
f 6325/117/549 6327/119/549 6328/120/549 6326/118/549
f 6327/119/550 6297/121/550 6300/122/550 6328/120/550
f 6345/4/535 6346/35/535 6347/95/535 6348/96/535
f 6346/35/536 6349/79/536 6350/97/536 6347/95/536
f 6349/79/537 6351/89/537 6352/98/537 6350/97/537
f 6351/89/538 6353/99/538 6354/100/538 6352/98/538
f 6353/99/539 6355/101/539 6356/102/539 6354/100/539
f 6355/101/540 6357/103/540 6358/104/540 6356/102/540
f 6357/103/541 6359/105/541 6360/106/541 6358/104/541
f 6359/105/542 6361/3/542 6362/54/542 6360/106/542
f 6361/3/543 6363/107/543 6364/108/543 6362/54/543
f 6363/107/544 6365/109/544 6366/110/544 6364/108/544
f 6365/109/545 6367/111/545 6368/112/545 6366/110/545
f 6367/111/546 6369/113/546 6370/114/546 6368/112/546
f 6369/113/547 6371/115/547 6372/116/547 6370/114/547
f 6371/115/548 6373/117/548 6374/118/548 6372/116/548
f 6373/117/549 6375/119/549 6376/120/549 6374/118/549
f 6375/119/550 6345/121/550 6348/122/550 6376/120/550
o string_2
usemtl steel
f 4673/4/551 4674/25/551 4675/123/551 4676/92/551
f 4674/25/552 4677/11/552 4678/124/552 4675/123/552
f 4677/11/553 4679/39/553 4680/125/553 4678/124/553
f 4679/39/554 4681/17/554 4682/126/554 4680/125/554
f 4681/17/555 4683/79/555 4684/127/555 4682/126/555
f 4683/79/556 4685/83/556 4686/128/556 4684/127/556
f 4685/83/557 4687/87/557 4688/129/557 4686/128/557
f 4687/87/558 4689/91/558 4690/130/558 4688/129/558
f 4689/91/559 4691/131/559 4692/132/559 4690/130/559
f 4691/131/560 4693/99/560 4694/133/560 4692/132/560
f 4693/99/561 4695/134/561 4696/135/561 4694/133/561
f 4695/134/562 4697/64/562 4698/136/562 4696/135/562
f 4697/64/563 4699/137/563 4700/138/563 4698/136/563
f 4699/137/564 4701/139/564 4702/140/564 4700/138/564
f 4701/139/565 4703/103/565 4704/141/565 4702/140/565
f 4703/103/566 4673/94/566 4676/93/566 4704/141/566
f 4737/4/551 4738/25/551 4674/123/551 4673/92/551
f 4738/25/552 4739/11/552 4677/124/552 4674/123/552
f 4739/11/553 4740/39/553 4679/125/553 4677/124/553
f 4740/39/554 4741/17/554 4681/126/554 4679/125/554
f 4741/17/555 4742/79/555 4683/127/555 4681/126/555
f 4742/79/556 4743/83/556 4685/128/556 4683/127/556
f 4743/83/557 4744/87/557 4687/129/557 4685/128/557
f 4744/87/558 4745/91/558 4689/130/558 4687/129/558
f 4745/91/559 4746/131/559 4691/132/559 4689/130/559
f 4746/131/560 4747/99/560 4693/133/560 4691/132/560
f 4747/99/561 4748/134/561 4695/135/561 4693/133/561
f 4748/134/562 4749/64/562 4697/136/562 4695/135/562
f 4749/64/563 4750/137/563 4699/138/563 4697/136/563
f 4750/137/564 4751/139/564 4701/140/564 4699/138/564
f 4751/139/565 4752/103/565 4703/141/565 4701/140/565
f 4752/103/566 4737/94/566 4673/93/566 4703/141/566
f 4785/4/551 4786/25/551 4738/123/551 4737/92/551
f 4786/25/552 4787/11/552 4739/124/552 4738/123/552
f 4787/11/553 4788/39/553 4740/125/553 4739/124/553
f 4788/39/554 4789/17/554 4741/126/554 4740/125/554
f 4789/17/555 4790/79/555 4742/127/555 4741/126/555
f 4790/79/556 4791/83/556 4743/128/556 4742/127/556
f 4791/83/557 4792/87/557 4744/129/557 4743/128/557
f 4792/87/558 4793/91/558 4745/130/558 4744/129/558
f 4793/91/559 4794/131/559 4746/132/559 4745/130/559
f 4794/131/560 4795/99/560 4747/133/560 4746/132/560
f 4795/99/561 4796/134/561 4748/135/561 4747/133/561
f 4796/134/562 4797/64/562 4749/136/562 4748/135/562
f 4797/64/563 4798/137/563 4750/138/563 4749/136/563
f 4798/137/564 4799/139/564 4751/140/564 4750/138/564
f 4799/139/565 4800/103/565 4752/141/565 4751/140/565
f 4800/103/566 4785/94/566 4737/93/566 4752/141/566
f 4833/4/551 4834/25/551 4786/123/551 4785/92/551
f 4834/25/552 4835/11/552 4787/124/552 4786/123/552
f 4835/11/553 4836/39/553 4788/125/553 4787/124/553
f 4836/39/554 4837/17/554 4789/126/554 4788/125/554
f 4837/17/555 4838/79/555 4790/127/555 4789/126/555
f 4838/79/556 4839/83/556 4791/128/556 4790/127/556
f 4839/83/557 4840/87/557 4792/129/557 4791/128/557
f 4840/87/558 4841/91/558 4793/130/558 4792/129/558
f 4841/91/559 4842/131/559 4794/132/559 4793/130/559
f 4842/131/560 4843/99/560 4795/133/560 4794/132/560
f 4843/99/561 4844/134/561 4796/135/561 4795/133/561
f 4844/134/562 4845/64/562 4797/136/562 4796/135/562
f 4845/64/563 4846/137/563 4798/138/563 4797/136/563
f 4846/137/564 4847/139/564 4799/140/564 4798/138/564
f 4847/139/565 4848/103/565 4800/141/565 4799/140/565
f 4848/103/566 4833/94/566 4785/93/566 4800/141/566
f 4881/4/551 4882/25/551 4834/123/551 4833/92/551
f 4882/25/552 4883/11/552 4835/124/552 4834/123/552
f 4883/11/553 4884/39/553 4836/125/553 4835/124/553
f 4884/39/554 4885/17/554 4837/126/554 4836/125/554
f 4885/17/555 4886/79/555 4838/127/555 4837/126/555
f 4886/79/556 4887/83/556 4839/128/556 4838/127/556
f 4887/83/557 4888/87/557 4840/129/557 4839/128/557
f 4888/87/558 4889/91/558 4841/130/558 4840/129/558
f 4889/91/559 4890/131/559 4842/132/559 4841/130/559
f 4890/131/560 4891/99/560 4843/133/560 4842/132/560
f 4891/99/561 4892/134/561 4844/135/561 4843/133/561
f 4892/134/562 4893/64/562 4845/136/562 4844/135/562
f 4893/64/563 4894/137/563 4846/138/563 4845/136/563
f 4894/137/564 4895/139/564 4847/140/564 4846/138/564
f 4895/139/565 4896/103/565 4848/141/565 4847/140/565
f 4896/103/566 4881/94/566 4833/93/566 4848/141/566
f 4929/4/551 4930/25/551 4882/123/551 4881/92/551
f 4930/25/552 4931/11/552 4883/124/552 4882/123/552
f 4931/11/553 4932/39/553 4884/125/553 4883/124/553
f 4932/39/554 4933/17/554 4885/126/554 4884/125/554
f 4933/17/555 4934/79/555 4886/127/555 4885/126/555
f 4934/79/556 4935/83/556 4887/128/556 4886/127/556
f 4935/83/557 4936/87/557 4888/129/557 4887/128/557
f 4936/87/558 4937/91/558 4889/130/558 4888/129/558
f 4937/91/559 4938/131/559 4890/132/559 4889/130/559
f 4938/131/560 4939/99/560 4891/133/560 4890/132/560
f 4939/99/561 4940/134/561 4892/135/561 4891/133/561
f 4940/134/562 4941/64/562 4893/136/562 4892/135/562
f 4941/64/563 4942/137/563 4894/138/563 4893/136/563
f 4942/137/564 4943/139/564 4895/140/564 4894/138/564
f 4943/139/565 4944/103/565 4896/141/565 4895/140/565
f 4944/103/566 4929/94/566 4881/93/566 4896/141/566
f 4977/4/551 4978/25/551 4930/123/551 4929/92/551
f 4978/25/552 4979/11/552 4931/124/552 4930/123/552
f 4979/11/553 4980/39/553 4932/125/553 4931/124/553
f 4980/39/554 4981/17/554 4933/126/554 4932/125/554
f 4981/17/555 4982/79/555 4934/127/555 4933/126/555
f 4982/79/556 4983/83/556 4935/128/556 4934/127/556
f 4983/83/557 4984/87/557 4936/129/557 4935/128/557
f 4984/87/558 4985/91/558 4937/130/558 4936/129/558
f 4985/91/559 4986/131/559 4938/132/559 4937/130/559
f 4986/131/560 4987/99/560 4939/133/560 4938/132/560
f 4987/99/561 4988/134/561 4940/135/561 4939/133/561
f 4988/134/562 4989/64/562 4941/136/562 4940/135/562
f 4989/64/563 4990/137/563 4942/138/563 4941/136/563
f 4990/137/564 4991/139/564 4943/140/564 4942/138/564
f 4991/139/565 4992/103/565 4944/141/565 4943/140/565
f 4992/103/566 4977/94/566 4929/93/566 4944/141/566
f 5025/4/551 5026/25/551 4978/123/551 4977/92/551
f 5026/25/552 5027/11/552 4979/124/552 4978/123/552
f 5027/11/553 5028/39/553 4980/125/553 4979/124/553
f 5028/39/554 5029/17/554 4981/126/554 4980/125/554
f 5029/17/555 5030/79/555 4982/127/555 4981/126/555
f 5030/79/556 5031/83/556 4983/128/556 4982/127/556
f 5031/83/557 5032/87/557 4984/129/557 4983/128/557
f 5032/87/558 5033/91/558 4985/130/558 4984/129/558
f 5033/91/559 5034/131/559 4986/132/559 4985/130/559
f 5034/131/560 5035/99/560 4987/133/560 4986/132/560
f 5035/99/561 5036/134/561 4988/135/561 4987/133/561
f 5036/134/562 5037/64/562 4989/136/562 4988/135/562
f 5037/64/563 5038/137/563 4990/138/563 4989/136/563
f 5038/137/564 5039/139/564 4991/140/564 4990/138/564
f 5039/139/565 5040/103/565 4992/141/565 4991/140/565
f 5040/103/566 5025/94/566 4977/93/566 4992/141/566
f 5073/4/551 5074/25/551 5026/123/551 5025/92/551
f 5074/25/552 5075/11/552 5027/124/552 5026/123/552
f 5075/11/553 5076/39/553 5028/125/553 5027/124/553
f 5076/39/554 5077/17/554 5029/126/554 5028/125/554
f 5077/17/555 5078/79/555 5030/127/555 5029/126/555
f 5078/79/556 5079/83/556 5031/128/556 5030/127/556
f 5079/83/557 5080/87/557 5032/129/557 5031/128/557
f 5080/87/558 5081/91/558 5033/130/558 5032/129/558
f 5081/91/559 5082/131/559 5034/132/559 5033/130/559
f 5082/131/560 5083/99/560 5035/133/560 5034/132/560
f 5083/99/561 5084/134/561 5036/135/561 5035/133/561
f 5084/134/562 5085/64/562 5037/136/562 5036/135/562
f 5085/64/563 5086/137/563 5038/138/563 5037/136/563
f 5086/137/564 5087/139/564 5039/140/564 5038/138/564
f 5087/139/565 5088/103/565 5040/141/565 5039/140/565
f 5088/103/566 5073/94/566 5025/93/566 5040/141/566
f 5121/4/551 5122/25/551 5074/123/551 5073/92/551
f 5122/25/552 5123/11/552 5075/124/552 5074/123/552
f 5123/11/553 5124/39/553 5076/125/553 5075/124/553
f 5124/39/554 5125/17/554 5077/126/554 5076/125/554
f 5125/17/555 5126/79/555 5078/127/555 5077/126/555
f 5126/79/556 5127/83/556 5079/128/556 5078/127/556
f 5127/83/557 5128/87/557 5080/129/557 5079/128/557
f 5128/87/558 5129/91/558 5081/130/558 5080/129/558
f 5129/91/559 5130/131/559 5082/132/559 5081/130/559
f 5130/131/560 5131/99/560 5083/133/560 5082/132/560
f 5131/99/561 5132/134/561 5084/135/561 5083/133/561
f 5132/134/562 5133/64/562 5085/136/562 5084/135/562
f 5133/64/563 5134/137/563 5086/138/563 5085/136/563
f 5134/137/564 5135/139/564 5087/140/564 5086/138/564
f 5135/139/565 5136/103/565 5088/141/565 5087/140/565
f 5136/103/566 5121/94/566 5073/93/566 5088/141/566
f 5169/4/551 5170/25/551 5122/123/551 5121/92/551
f 5170/25/552 5171/11/552 5123/124/552 5122/123/552
f 5171/11/553 5172/39/553 5124/125/553 5123/124/553
f 5172/39/554 5173/17/554 5125/126/554 5124/125/554
f 5173/17/555 5174/79/555 5126/127/555 5125/126/555
f 5174/79/556 5175/83/556 5127/128/556 5126/127/556
f 5175/83/557 5176/87/557 5128/129/557 5127/128/557
f 5176/87/558 5177/91/558 5129/130/558 5128/129/558
f 5177/91/559 5178/131/559 5130/132/559 5129/130/559
f 5178/131/560 5179/99/560 5131/133/560 5130/132/560
f 5179/99/561 5180/134/561 5132/135/561 5131/133/561
f 5180/134/562 5181/64/562 5133/136/562 5132/135/562
f 5181/64/563 5182/137/563 5134/138/563 5133/136/563
f 5182/137/564 5183/139/564 5135/140/564 5134/138/564
f 5183/139/565 5184/103/565 5136/141/565 5135/140/565
f 5184/103/566 5169/94/566 5121/93/566 5136/141/566
f 5217/4/551 5218/25/551 5170/123/551 5169/92/551
f 5218/25/552 5219/11/552 5171/124/552 5170/123/552
f 5219/11/553 5220/39/553 5172/125/553 5171/124/553
f 5220/39/554 5221/17/554 5173/126/554 5172/125/554
f 5221/17/555 5222/79/555 5174/127/555 5173/126/555
f 5222/79/556 5223/83/556 5175/128/556 5174/127/556
f 5223/83/557 5224/87/557 5176/129/557 5175/128/557
f 5224/87/558 5225/91/558 5177/130/558 5176/129/558
f 5225/91/559 5226/131/559 5178/132/559 5177/130/559
f 5226/131/560 5227/99/560 5179/133/560 5178/132/560
f 5227/99/561 5228/134/561 5180/135/561 5179/133/561
f 5228/134/562 5229/64/562 5181/136/562 5180/135/562
f 5229/64/563 5230/137/563 5182/138/563 5181/136/563
f 5230/137/564 5231/139/564 5183/140/564 5182/138/564
f 5231/139/565 5232/103/565 5184/141/565 5183/140/565
f 5232/103/566 5217/94/566 5169/93/566 5184/141/566
f 5265/4/551 5266/25/551 5218/123/551 5217/92/551
f 5266/25/552 5267/11/552 5219/124/552 5218/123/552
f 5267/11/553 5268/39/553 5220/125/553 5219/124/553
f 5268/39/554 5269/17/554 5221/126/554 5220/125/554
f 5269/17/555 5270/79/555 5222/127/555 5221/126/555
f 5270/79/556 5271/83/556 5223/128/556 5222/127/556
f 5271/83/557 5272/87/557 5224/129/557 5223/128/557
f 5272/87/558 5273/91/558 5225/130/558 5224/129/558
f 5273/91/559 5274/131/559 5226/132/559 5225/130/559
f 5274/131/560 5275/99/560 5227/133/560 5226/132/560
f 5275/99/561 5276/134/561 5228/135/561 5227/133/561
f 5276/134/562 5277/64/562 5229/136/562 5228/135/562
f 5277/64/563 5278/137/563 5230/138/563 5229/136/563
f 5278/137/564 5279/139/564 5231/140/564 5230/138/564
f 5279/139/565 5280/103/565 5232/141/565 5231/140/565
f 5280/103/566 5265/94/566 5217/93/566 5232/141/566
f 5313/4/551 5314/25/551 5266/123/551 5265/92/551
f 5314/25/552 5315/11/552 5267/124/552 5266/123/552
f 5315/11/553 5316/39/553 5268/125/553 5267/124/553
f 5316/39/554 5317/17/554 5269/126/554 5268/125/554
f 5317/17/555 5318/79/555 5270/127/555 5269/126/555
f 5318/79/556 5319/83/556 5271/128/556 5270/127/556
f 5319/83/557 5320/87/557 5272/129/557 5271/128/557
f 5320/87/558 5321/91/558 5273/130/558 5272/129/558
f 5321/91/559 5322/131/559 5274/132/559 5273/130/559
f 5322/131/560 5323/99/560 5275/133/560 5274/132/560
f 5323/99/561 5324/134/561 5276/135/561 5275/133/561
f 5324/134/562 5325/64/562 5277/136/562 5276/135/562
f 5325/64/563 5326/137/563 5278/138/563 5277/136/563
f 5326/137/564 5327/139/564 5279/140/564 5278/138/564
f 5327/139/565 5328/103/565 5280/141/565 5279/140/565
f 5328/103/566 5313/94/566 5265/93/566 5280/141/566
f 5361/4/551 5362/25/551 5314/123/551 5313/92/551
f 5362/25/552 5363/11/552 5315/124/552 5314/123/552
f 5363/11/553 5364/39/553 5316/125/553 5315/124/553
f 5364/39/554 5365/17/554 5317/126/554 5316/125/554
f 5365/17/555 5366/79/555 5318/127/555 5317/126/555
f 5366/79/556 5367/83/556 5319/128/556 5318/127/556
f 5367/83/557 5368/87/557 5320/129/557 5319/128/557
f 5368/87/558 5369/91/558 5321/130/558 5320/129/558
f 5369/91/559 5370/131/559 5322/132/559 5321/130/559
f 5370/131/560 5371/99/560 5323/133/560 5322/132/560
f 5371/99/561 5372/134/561 5324/135/561 5323/133/561
f 5372/134/562 5373/64/562 5325/136/562 5324/135/562
f 5373/64/563 5374/137/563 5326/138/563 5325/136/563
f 5374/137/564 5375/139/564 5327/140/564 5326/138/564
f 5375/139/565 5376/103/565 5328/141/565 5327/140/565
f 5376/103/566 5361/94/566 5313/93/566 5328/141/566
f 5409/4/551 5410/25/551 5362/123/551 5361/92/551
f 5410/25/552 5411/11/552 5363/124/552 5362/123/552
f 5411/11/553 5412/39/553 5364/125/553 5363/124/553
f 5412/39/554 5413/17/554 5365/126/554 5364/125/554
f 5413/17/555 5414/79/555 5366/127/555 5365/126/555
f 5414/79/556 5415/83/556 5367/128/556 5366/127/556
f 5415/83/557 5416/87/557 5368/129/557 5367/128/557
f 5416/87/558 5417/91/558 5369/130/558 5368/129/558
f 5417/91/559 5418/131/559 5370/132/559 5369/130/559
f 5418/131/560 5419/99/560 5371/133/560 5370/132/560
f 5419/99/561 5420/134/561 5372/135/561 5371/133/561
f 5420/134/562 5421/64/562 5373/136/562 5372/135/562
f 5421/64/563 5422/137/563 5374/138/563 5373/136/563
f 5422/137/564 5423/139/564 5375/140/564 5374/138/564
f 5423/139/565 5424/103/565 5376/141/565 5375/140/565
f 5424/103/566 5409/94/566 5361/93/566 5376/141/566
f 5457/4/551 5458/25/551 5410/123/551 5409/92/551
f 5458/25/552 5459/11/552 5411/124/552 5410/123/552
f 5459/11/553 5460/39/553 5412/125/553 5411/124/553
f 5460/39/554 5461/17/554 5413/126/554 5412/125/554
f 5461/17/555 5462/79/555 5414/127/555 5413/126/555
f 5462/79/556 5463/83/556 5415/128/556 5414/127/556
f 5463/83/557 5464/87/557 5416/129/557 5415/128/557
f 5464/87/558 5465/91/558 5417/130/558 5416/129/558
f 5465/91/559 5466/131/559 5418/132/559 5417/130/559
f 5466/131/560 5467/99/560 5419/133/560 5418/132/560
f 5467/99/561 5468/134/561 5420/135/561 5419/133/561
f 5468/134/562 5469/64/562 5421/136/562 5420/135/562
f 5469/64/563 5470/137/563 5422/138/563 5421/136/563
f 5470/137/564 5471/139/564 5423/140/564 5422/138/564
f 5471/139/565 5472/103/565 5424/141/565 5423/140/565
f 5472/103/566 5457/94/566 5409/93/566 5424/141/566
f 5505/4/551 5506/25/551 5458/123/551 5457/92/551
f 5506/25/552 5507/11/552 5459/124/552 5458/123/552
f 5507/11/553 5508/39/553 5460/125/553 5459/124/553
f 5508/39/554 5509/17/554 5461/126/554 5460/125/554
f 5509/17/555 5510/79/555 5462/127/555 5461/126/555
f 5510/79/556 5511/83/556 5463/128/556 5462/127/556
f 5511/83/557 5512/87/557 5464/129/557 5463/128/557
f 5512/87/558 5513/91/558 5465/130/558 5464/129/558
f 5513/91/559 5514/131/559 5466/132/559 5465/130/559
f 5514/131/560 5515/99/560 5467/133/560 5466/132/560
f 5515/99/561 5516/134/561 5468/135/561 5467/133/561
f 5516/134/562 5517/64/562 5469/136/562 5468/135/562
f 5517/64/563 5518/137/563 5470/138/563 5469/136/563
f 5518/137/564 5519/139/564 5471/140/564 5470/138/564
f 5519/139/565 5520/103/565 5472/141/565 5471/140/565
f 5520/103/566 5505/94/566 5457/93/566 5472/141/566
f 4676/4/551 4675/25/551 5561/123/551 5562/92/551
f 4675/25/552 4678/11/552 5563/124/552 5561/123/552
f 4678/11/553 4680/39/553 5564/125/553 5563/124/553
f 4680/39/554 4682/17/554 5565/126/554 5564/125/554
f 4682/17/555 4684/79/555 5566/127/555 5565/126/555
f 4684/79/556 4686/83/556 5567/128/556 5566/127/556
f 4686/83/557 4688/87/557 5568/129/557 5567/128/557
f 4688/87/558 4690/91/558 5569/130/558 5568/129/558
f 4690/91/559 4692/131/559 5570/132/559 5569/130/559
f 4692/131/560 4694/99/560 5571/133/560 5570/132/560
f 4694/99/561 4696/134/561 5572/135/561 5571/133/561
f 4696/134/562 4698/64/562 5573/136/562 5572/135/562
f 4698/64/563 4700/137/563 5574/138/563 5573/136/563
f 4700/137/564 4702/139/564 5575/140/564 5574/138/564
f 4702/139/565 4704/103/565 5576/141/565 5575/140/565
f 4704/103/566 4676/94/566 5562/93/566 5576/141/566
f 5562/4/551 5561/25/551 5609/123/551 5610/92/551
f 5561/25/552 5563/11/552 5611/124/552 5609/123/552
f 5563/11/553 5564/39/553 5612/125/553 5611/124/553
f 5564/39/554 5565/17/554 5613/126/554 5612/125/554
f 5565/17/555 5566/79/555 5614/127/555 5613/126/555
f 5566/79/556 5567/83/556 5615/128/556 5614/127/556
f 5567/83/557 5568/87/557 5616/129/557 5615/128/557
f 5568/87/558 5569/91/558 5617/130/558 5616/129/558
f 5569/91/559 5570/131/559 5618/132/559 5617/130/559
f 5570/131/560 5571/99/560 5619/133/560 5618/132/560
f 5571/99/561 5572/134/561 5620/135/561 5619/133/561
f 5572/134/562 5573/64/562 5621/136/562 5620/135/562
f 5573/64/563 5574/137/563 5622/138/563 5621/136/563
f 5574/137/564 5575/139/564 5623/140/564 5622/138/564
f 5575/139/565 5576/103/565 5624/141/565 5623/140/565
f 5576/103/566 5562/94/566 5610/93/566 5624/141/566
f 5610/4/551 5609/25/551 5657/123/551 5658/92/551
f 5609/25/552 5611/11/552 5659/124/552 5657/123/552
f 5611/11/553 5612/39/553 5660/125/553 5659/124/553
f 5612/39/554 5613/17/554 5661/126/554 5660/125/554
f 5613/17/555 5614/79/555 5662/127/555 5661/126/555
f 5614/79/556 5615/83/556 5663/128/556 5662/127/556
f 5615/83/557 5616/87/557 5664/129/557 5663/128/557
f 5616/87/558 5617/91/558 5665/130/558 5664/129/558
f 5617/91/559 5618/131/559 5666/132/559 5665/130/559
f 5618/131/560 5619/99/560 5667/133/560 5666/132/560
f 5619/99/561 5620/134/561 5668/135/561 5667/133/561
f 5620/134/562 5621/64/562 5669/136/562 5668/135/562
f 5621/64/563 5622/137/563 5670/138/563 5669/136/563
f 5622/137/564 5623/139/564 5671/140/564 5670/138/564
f 5623/139/565 5624/103/565 5672/141/565 5671/140/565
f 5624/103/566 5610/94/566 5658/93/566 5672/141/566
f 5658/4/551 5657/25/551 5705/123/551 5706/92/551
f 5657/25/552 5659/11/552 5707/124/552 5705/123/552
f 5659/11/553 5660/39/553 5708/125/553 5707/124/553
f 5660/39/554 5661/17/554 5709/126/554 5708/125/554
f 5661/17/555 5662/79/555 5710/127/555 5709/126/555
f 5662/79/556 5663/83/556 5711/128/556 5710/127/556
f 5663/83/557 5664/87/557 5712/129/557 5711/128/557
f 5664/87/558 5665/91/558 5713/130/558 5712/129/558
f 5665/91/559 5666/131/559 5714/132/559 5713/130/559
f 5666/131/560 5667/99/560 5715/133/560 5714/132/560
f 5667/99/561 5668/134/561 5716/135/561 5715/133/561
f 5668/134/562 5669/64/562 5717/136/562 5716/135/562
f 5669/64/563 5670/137/563 5718/138/563 5717/136/563
f 5670/137/564 5671/139/564 5719/140/564 5718/138/564
f 5671/139/565 5672/103/565 5720/141/565 5719/140/565
f 5672/103/566 5658/94/566 5706/93/566 5720/141/566
f 5706/4/551 5705/25/551 5753/123/551 5754/92/551
f 5705/25/552 5707/11/552 5755/124/552 5753/123/552
f 5707/11/553 5708/39/553 5756/125/553 5755/124/553
f 5708/39/554 5709/17/554 5757/126/554 5756/125/554
f 5709/17/555 5710/79/555 5758/127/555 5757/126/555
f 5710/79/556 5711/83/556 5759/128/556 5758/127/556
f 5711/83/557 5712/87/557 5760/129/557 5759/128/557
f 5712/87/558 5713/91/558 5761/130/558 5760/129/558
f 5713/91/559 5714/131/559 5762/132/559 5761/130/559
f 5714/131/560 5715/99/560 5763/133/560 5762/132/560
f 5715/99/561 5716/134/561 5764/135/561 5763/133/561
f 5716/134/562 5717/64/562 5765/136/562 5764/135/562
f 5717/64/563 5718/137/563 5766/138/563 5765/136/563
f 5718/137/564 5719/139/564 5767/140/564 5766/138/564
f 5719/139/565 5720/103/565 5768/141/565 5767/140/565
f 5720/103/566 5706/94/566 5754/93/566 5768/141/566
f 5754/4/551 5753/25/551 5801/123/551 5802/92/551
f 5753/25/552 5755/11/552 5803/124/552 5801/123/552
f 5755/11/553 5756/39/553 5804/125/553 5803/124/553
f 5756/39/554 5757/17/554 5805/126/554 5804/125/554
f 5757/17/555 5758/79/555 5806/127/555 5805/126/555
f 5758/79/556 5759/83/556 5807/128/556 5806/127/556
f 5759/83/557 5760/87/557 5808/129/557 5807/128/557
f 5760/87/558 5761/91/558 5809/130/558 5808/129/558
f 5761/91/559 5762/131/559 5810/132/559 5809/130/559
f 5762/131/560 5763/99/560 5811/133/560 5810/132/560
f 5763/99/561 5764/134/561 5812/135/561 5811/133/561
f 5764/134/562 5765/64/562 5813/136/562 5812/135/562
f 5765/64/563 5766/137/563 5814/138/563 5813/136/563
f 5766/137/564 5767/139/564 5815/140/564 5814/138/564
f 5767/139/565 5768/103/565 5816/141/565 5815/140/565
f 5768/103/566 5754/94/566 5802/93/566 5816/141/566
f 5802/4/551 5801/25/551 5849/123/551 5850/92/551
f 5801/25/552 5803/11/552 5851/124/552 5849/123/552
f 5803/11/553 5804/39/553 5852/125/553 5851/124/553
f 5804/39/554 5805/17/554 5853/126/554 5852/125/554
f 5805/17/555 5806/79/555 5854/127/555 5853/126/555
f 5806/79/556 5807/83/556 5855/128/556 5854/127/556
f 5807/83/557 5808/87/557 5856/129/557 5855/128/557
f 5808/87/558 5809/91/558 5857/130/558 5856/129/558
f 5809/91/559 5810/131/559 5858/132/559 5857/130/559
f 5810/131/560 5811/99/560 5859/133/560 5858/132/560
f 5811/99/561 5812/134/561 5860/135/561 5859/133/561
f 5812/134/562 5813/64/562 5861/136/562 5860/135/562
f 5813/64/563 5814/137/563 5862/138/563 5861/136/563
f 5814/137/564 5815/139/564 5863/140/564 5862/138/564
f 5815/139/565 5816/103/565 5864/141/565 5863/140/565
f 5816/103/566 5802/94/566 5850/93/566 5864/141/566
f 5850/4/551 5849/25/551 5897/123/551 5898/92/551
f 5849/25/552 5851/11/552 5899/124/552 5897/123/552
f 5851/11/553 5852/39/553 5900/125/553 5899/124/553
f 5852/39/554 5853/17/554 5901/126/554 5900/125/554
f 5853/17/555 5854/79/555 5902/127/555 5901/126/555
f 5854/79/556 5855/83/556 5903/128/556 5902/127/556
f 5855/83/557 5856/87/557 5904/129/557 5903/128/557
f 5856/87/558 5857/91/558 5905/130/558 5904/129/558
f 5857/91/559 5858/131/559 5906/132/559 5905/130/559
f 5858/131/560 5859/99/560 5907/133/560 5906/132/560
f 5859/99/561 5860/134/561 5908/135/561 5907/133/561
f 5860/134/562 5861/64/562 5909/136/562 5908/135/562
f 5861/64/563 5862/137/563 5910/138/563 5909/136/563
f 5862/137/564 5863/139/564 5911/140/564 5910/138/564
f 5863/139/565 5864/103/565 5912/141/565 5911/140/565
f 5864/103/566 5850/94/566 5898/93/566 5912/141/566
f 5898/4/551 5897/25/551 5945/123/551 5946/92/551
f 5897/25/552 5899/11/552 5947/124/552 5945/123/552
f 5899/11/553 5900/39/553 5948/125/553 5947/124/553
f 5900/39/554 5901/17/554 5949/126/554 5948/125/554
f 5901/17/555 5902/79/555 5950/127/555 5949/126/555
f 5902/79/556 5903/83/556 5951/128/556 5950/127/556
f 5903/83/557 5904/87/557 5952/129/557 5951/128/557
f 5904/87/558 5905/91/558 5953/130/558 5952/129/558
f 5905/91/559 5906/131/559 5954/132/559 5953/130/559
f 5906/131/560 5907/99/560 5955/133/560 5954/132/560
f 5907/99/561 5908/134/561 5956/135/561 5955/133/561
f 5908/134/562 5909/64/562 5957/136/562 5956/135/562
f 5909/64/563 5910/137/563 5958/138/563 5957/136/563
f 5910/137/564 5911/139/564 5959/140/564 5958/138/564
f 5911/139/565 5912/103/565 5960/141/565 5959/140/565
f 5912/103/566 5898/94/566 5946/93/566 5960/141/566
f 5946/4/551 5945/25/551 5993/123/551 5994/92/551
f 5945/25/552 5947/11/552 5995/124/552 5993/123/552
f 5947/11/553 5948/39/553 5996/125/553 5995/124/553
f 5948/39/554 5949/17/554 5997/126/554 5996/125/554
f 5949/17/555 5950/79/555 5998/127/555 5997/126/555
f 5950/79/556 5951/83/556 5999/128/556 5998/127/556
f 5951/83/557 5952/87/557 6000/129/557 5999/128/557
f 5952/87/558 5953/91/558 6001/130/558 6000/129/558
f 5953/91/559 5954/131/559 6002/132/559 6001/130/559
f 5954/131/560 5955/99/560 6003/133/560 6002/132/560
f 5955/99/561 5956/134/561 6004/135/561 6003/133/561
f 5956/134/562 5957/64/562 6005/136/562 6004/135/562
f 5957/64/563 5958/137/563 6006/138/563 6005/136/563
f 5958/137/564 5959/139/564 6007/140/564 6006/138/564
f 5959/139/565 5960/103/565 6008/141/565 6007/140/565
f 5960/103/566 5946/94/566 5994/93/566 6008/141/566
f 5994/4/551 5993/25/551 6041/123/551 6042/92/551
f 5993/25/552 5995/11/552 6043/124/552 6041/123/552
f 5995/11/553 5996/39/553 6044/125/553 6043/124/553
f 5996/39/554 5997/17/554 6045/126/554 6044/125/554
f 5997/17/555 5998/79/555 6046/127/555 6045/126/555
f 5998/79/556 5999/83/556 6047/128/556 6046/127/556
f 5999/83/557 6000/87/557 6048/129/557 6047/128/557
f 6000/87/558 6001/91/558 6049/130/558 6048/129/558
f 6001/91/559 6002/131/559 6050/132/559 6049/130/559
f 6002/131/560 6003/99/560 6051/133/560 6050/132/560
f 6003/99/561 6004/134/561 6052/135/561 6051/133/561
f 6004/134/562 6005/64/562 6053/136/562 6052/135/562
f 6005/64/563 6006/137/563 6054/138/563 6053/136/563
f 6006/137/564 6007/139/564 6055/140/564 6054/138/564
f 6007/139/565 6008/103/565 6056/141/565 6055/140/565
f 6008/103/566 5994/94/566 6042/93/566 6056/141/566
f 6042/4/551 6041/25/551 6089/123/551 6090/92/551
f 6041/25/552 6043/11/552 6091/124/552 6089/123/552
f 6043/11/553 6044/39/553 6092/125/553 6091/124/553
f 6044/39/554 6045/17/554 6093/126/554 6092/125/554
f 6045/17/555 6046/79/555 6094/127/555 6093/126/555
f 6046/79/556 6047/83/556 6095/128/556 6094/127/556
f 6047/83/557 6048/87/557 6096/129/557 6095/128/557
f 6048/87/558 6049/91/558 6097/130/558 6096/129/558
f 6049/91/559 6050/131/559 6098/132/559 6097/130/559
f 6050/131/560 6051/99/560 6099/133/560 6098/132/560
f 6051/99/561 6052/134/561 6100/135/561 6099/133/561
f 6052/134/562 6053/64/562 6101/136/562 6100/135/562
f 6053/64/563 6054/137/563 6102/138/563 6101/136/563
f 6054/137/564 6055/139/564 6103/140/564 6102/138/564
f 6055/139/565 6056/103/565 6104/141/565 6103/140/565
f 6056/103/566 6042/94/566 6090/93/566 6104/141/566
f 6090/4/551 6089/25/551 6137/123/551 6138/92/551
f 6089/25/552 6091/11/552 6139/124/552 6137/123/552
f 6091/11/553 6092/39/553 6140/125/553 6139/124/553
f 6092/39/554 6093/17/554 6141/126/554 6140/125/554
f 6093/17/555 6094/79/555 6142/127/555 6141/126/555
f 6094/79/556 6095/83/556 6143/128/556 6142/127/556
f 6095/83/557 6096/87/557 6144/129/557 6143/128/557
f 6096/87/558 6097/91/558 6145/130/558 6144/129/558
f 6097/91/559 6098/131/559 6146/132/559 6145/130/559
f 6098/131/560 6099/99/560 6147/133/560 6146/132/560
f 6099/99/561 6100/134/561 6148/135/561 6147/133/561
f 6100/134/562 6101/64/562 6149/136/562 6148/135/562
f 6101/64/563 6102/137/563 6150/138/563 6149/136/563
f 6102/137/564 6103/139/564 6151/140/564 6150/138/564
f 6103/139/565 6104/103/565 6152/141/565 6151/140/565
f 6104/103/566 6090/94/566 6138/93/566 6152/141/566
f 6138/4/551 6137/25/551 6185/123/551 6186/92/551
f 6137/25/552 6139/11/552 6187/124/552 6185/123/552
f 6139/11/553 6140/39/553 6188/125/553 6187/124/553
f 6140/39/554 6141/17/554 6189/126/554 6188/125/554
f 6141/17/555 6142/79/555 6190/127/555 6189/126/555
f 6142/79/556 6143/83/556 6191/128/556 6190/127/556
f 6143/83/557 6144/87/557 6192/129/557 6191/128/557
f 6144/87/558 6145/91/558 6193/130/558 6192/129/558
f 6145/91/559 6146/131/559 6194/132/559 6193/130/559
f 6146/131/560 6147/99/560 6195/133/560 6194/132/560
f 6147/99/561 6148/134/561 6196/135/561 6195/133/561
f 6148/134/562 6149/64/562 6197/136/562 6196/135/562
f 6149/64/563 6150/137/563 6198/138/563 6197/136/563
f 6150/137/564 6151/139/564 6199/140/564 6198/138/564
f 6151/139/565 6152/103/565 6200/141/565 6199/140/565
f 6152/103/566 6138/94/566 6186/93/566 6200/141/566
f 6186/4/551 6185/25/551 6233/123/551 6234/92/551
f 6185/25/552 6187/11/552 6235/124/552 6233/123/552
f 6187/11/553 6188/39/553 6236/125/553 6235/124/553
f 6188/39/554 6189/17/554 6237/126/554 6236/125/554
f 6189/17/555 6190/79/555 6238/127/555 6237/126/555
f 6190/79/556 6191/83/556 6239/128/556 6238/127/556
f 6191/83/557 6192/87/557 6240/129/557 6239/128/557
f 6192/87/558 6193/91/558 6241/130/558 6240/129/558
f 6193/91/559 6194/131/559 6242/132/559 6241/130/559
f 6194/131/560 6195/99/560 6243/133/560 6242/132/560
f 6195/99/561 6196/134/561 6244/135/561 6243/133/561
f 6196/134/562 6197/64/562 6245/136/562 6244/135/562
f 6197/64/563 6198/137/563 6246/138/563 6245/136/563
f 6198/137/564 6199/139/564 6247/140/564 6246/138/564
f 6199/139/565 6200/103/565 6248/141/565 6247/140/565
f 6200/103/566 6186/94/566 6234/93/566 6248/141/566
f 6234/4/551 6233/25/551 6281/123/551 6282/92/551
f 6233/25/552 6235/11/552 6283/124/552 6281/123/552
f 6235/11/553 6236/39/553 6284/125/553 6283/124/553
f 6236/39/554 6237/17/554 6285/126/554 6284/125/554
f 6237/17/555 6238/79/555 6286/127/555 6285/126/555
f 6238/79/556 6239/83/556 6287/128/556 6286/127/556
f 6239/83/557 6240/87/557 6288/129/557 6287/128/557
f 6240/87/558 6241/91/558 6289/130/558 6288/129/558
f 6241/91/559 6242/131/559 6290/132/559 6289/130/559
f 6242/131/560 6243/99/560 6291/133/560 6290/132/560
f 6243/99/561 6244/134/561 6292/135/561 6291/133/561
f 6244/134/562 6245/64/562 6293/136/562 6292/135/562
f 6245/64/563 6246/137/563 6294/138/563 6293/136/563
f 6246/137/564 6247/139/564 6295/140/564 6294/138/564
f 6247/139/565 6248/103/565 6296/141/565 6295/140/565
f 6248/103/566 6234/94/566 6282/93/566 6296/141/566
f 6282/4/551 6281/25/551 6329/123/551 6330/92/551
f 6281/25/552 6283/11/552 6331/124/552 6329/123/552
f 6283/11/553 6284/39/553 6332/125/553 6331/124/553
f 6284/39/554 6285/17/554 6333/126/554 6332/125/554
f 6285/17/555 6286/79/555 6334/127/555 6333/126/555
f 6286/79/556 6287/83/556 6335/128/556 6334/127/556
f 6287/83/557 6288/87/557 6336/129/557 6335/128/557
f 6288/87/558 6289/91/558 6337/130/558 6336/129/558
f 6289/91/559 6290/131/559 6338/132/559 6337/130/559
f 6290/131/560 6291/99/560 6339/133/560 6338/132/560
f 6291/99/561 6292/134/561 6340/135/561 6339/133/561
f 6292/134/562 6293/64/562 6341/136/562 6340/135/562
f 6293/64/563 6294/137/563 6342/138/563 6341/136/563
f 6294/137/564 6295/139/564 6343/140/564 6342/138/564
f 6295/139/565 6296/103/565 6344/141/565 6343/140/565
f 6296/103/566 6282/94/566 6330/93/566 6344/141/566
f 6330/4/551 6329/25/551 6377/123/551 6378/92/551
f 6329/25/552 6331/11/552 6379/124/552 6377/123/552
f 6331/11/553 6332/39/553 6380/125/553 6379/124/553
f 6332/39/554 6333/17/554 6381/126/554 6380/125/554
f 6333/17/555 6334/79/555 6382/127/555 6381/126/555
f 6334/79/556 6335/83/556 6383/128/556 6382/127/556
f 6335/83/557 6336/87/557 6384/129/557 6383/128/557
f 6336/87/558 6337/91/558 6385/130/558 6384/129/558
f 6337/91/559 6338/131/559 6386/132/559 6385/130/559
f 6338/131/560 6339/99/560 6387/133/560 6386/132/560
f 6339/99/561 6340/134/561 6388/135/561 6387/133/561
f 6340/134/562 6341/64/562 6389/136/562 6388/135/562
f 6341/64/563 6342/137/563 6390/138/563 6389/136/563
f 6342/137/564 6343/139/564 6391/140/564 6390/138/564
f 6343/139/565 6344/103/565 6392/141/565 6391/140/565
f 6344/103/566 6330/94/566 6378/93/566 6392/141/566
o clamp_2
usemtl steel
f 5521/67/1 5522/90/1 5523/91/1 5524/4/1
f 5525/4/2 5526/91/2 5527/90/2 5528/67/2
f 5528/90/3 5527/67/3 5522/4/3 5521/91/3
f 5526/90/4 5525/67/4 5524/4/4 5523/91/4
f 5525/90/5 5528/67/5 5521/4/5 5524/91/5
f 5527/90/6 5526/67/6 5523/4/6 5522/91/6
f 6393/67/1 6394/90/1 6395/91/1 6396/4/1
f 6397/4/2 6398/91/2 6399/90/2 6400/67/2
f 6400/90/3 6399/67/3 6394/4/3 6393/91/3
f 6398/90/4 6397/67/4 6396/4/4 6395/91/4
f 6397/90/5 6400/67/5 6393/4/5 6396/91/5
f 6399/90/6 6398/67/6 6395/4/6 6394/91/6
o jumper_2
usemtl conductor
f 6401/4/567 6402/35/567 6403/142/567 6404/143/567
f 6402/35/568 6405/79/568 6406/144/568 6403/142/568
f 6405/79/569 6407/89/569 6408/145/569 6406/144/569
f 6407/89/570 6409/99/570 6410/146/570 6408/145/570
f 6409/99/571 6411/101/571 6412/147/571 6410/146/571
f 6411/101/572 6413/103/572 6414/148/572 6412/147/572
f 6413/103/573 6415/105/573 6416/149/573 6414/148/573
f 6415/105/574 6417/3/574 6418/150/574 6416/149/574
f 6417/3/575 6419/107/575 6420/151/575 6418/150/575
f 6419/107/576 6421/109/576 6422/152/576 6420/151/576
f 6421/109/577 6423/111/577 6424/153/577 6422/152/577
f 6423/111/578 6425/113/578 6426/154/578 6424/153/578
f 6425/113/579 6427/115/579 6428/155/579 6426/154/579
f 6427/115/580 6429/117/580 6430/156/580 6428/155/580
f 6429/117/581 6431/119/581 6432/157/581 6430/156/581
f 6431/119/582 6401/121/582 6404/158/582 6432/157/582
f 6404/143/583 6403/142/583 6433/159/583 6434/160/583
f 6403/142/584 6406/144/584 6435/161/584 6433/159/584
f 6406/144/585 6408/145/585 6436/162/585 6435/161/585
f 6408/145/586 6410/146/586 6437/163/586 6436/162/586
f 6410/146/587 6412/147/587 6438/164/587 6437/163/587
f 6412/147/588 6414/148/588 6439/165/588 6438/164/588
f 6414/148/589 6416/149/589 6440/166/589 6439/165/589
f 6416/149/590 6418/150/590 6441/167/590 6440/166/590
f 6418/150/591 6420/151/591 6442/168/591 6441/167/591
f 6420/151/592 6422/152/592 6443/169/592 6442/168/592
f 6422/152/593 6424/153/593 6444/170/593 6443/169/593
f 6424/153/594 6426/154/594 6445/171/594 6444/170/594
f 6426/154/595 6428/155/595 6446/172/595 6445/171/595
f 6428/155/596 6430/156/596 6447/173/596 6446/172/596
f 6430/156/597 6432/157/597 6448/174/597 6447/173/597
f 6432/157/598 6404/158/598 6434/175/598 6448/174/598
f 6434/160/599 6433/159/599 6449/176/599 6450/177/599
f 6433/159/600 6435/161/600 6451/178/600 6449/176/600
f 6435/161/601 6436/162/601 6452/179/601 6451/178/601
f 6436/162/602 6437/163/602 6453/180/602 6452/179/602
f 6437/163/603 6438/164/603 6454/181/603 6453/180/603
f 6438/164/604 6439/165/604 6455/182/604 6454/181/604
f 6439/165/605 6440/166/605 6456/183/605 6455/182/605
f 6440/166/606 6441/167/606 6457/184/606 6456/183/606
f 6441/167/607 6442/168/607 6458/185/607 6457/184/607
f 6442/168/608 6443/169/608 6459/186/608 6458/185/608
f 6443/169/609 6444/170/609 6460/187/609 6459/186/609
f 6444/170/610 6445/171/610 6461/188/610 6460/187/610
f 6445/171/611 6446/172/611 6462/189/611 6461/188/611
f 6446/172/612 6447/173/612 6463/190/612 6462/189/612
f 6447/173/613 6448/174/613 6464/191/613 6463/190/613
f 6448/174/614 6434/175/614 6450/192/614 6464/191/614
f 6450/177/615 6449/176/615 6465/193/615 6466/194/615
f 6449/176/616 6451/178/616 6467/195/616 6465/193/616
f 6451/178/617 6452/179/617 6468/196/617 6467/195/617
f 6452/179/618 6453/180/618 6469/197/618 6468/196/618
f 6453/180/619 6454/181/619 6470/198/619 6469/197/619
f 6454/181/620 6455/182/620 6471/199/620 6470/198/620
f 6455/182/621 6456/183/621 6472/200/621 6471/199/621
f 6456/183/622 6457/184/622 6473/201/622 6472/200/622
f 6457/184/623 6458/185/623 6474/202/623 6473/201/623
f 6458/185/624 6459/186/624 6475/203/624 6474/202/624
f 6459/186/625 6460/187/625 6476/204/625 6475/203/625
f 6460/187/626 6461/188/626 6477/205/626 6476/204/626
f 6461/188/627 6462/189/627 6478/206/627 6477/205/627
f 6462/189/628 6463/190/628 6479/207/628 6478/206/628
f 6463/190/629 6464/191/629 6480/208/629 6479/207/629
f 6464/191/630 6450/192/630 6466/209/630 6480/208/630
f 6466/194/631 6465/193/631 6481/210/631 6482/1/631
f 6465/193/632 6467/195/632 6483/211/632 6481/210/632
f 6467/195/633 6468/196/633 6484/212/633 6483/211/633
f 6468/196/634 6469/197/634 6485/213/634 6484/212/634
f 6469/197/635 6470/198/635 6486/214/635 6485/213/635
f 6470/198/636 6471/199/636 6487/215/636 6486/214/636
f 6471/199/637 6472/200/637 6488/216/637 6487/215/637
f 6472/200/638 6473/201/638 6489/2/638 6488/216/638
f 6473/201/639 6474/202/639 6490/217/639 6489/2/639
f 6474/202/640 6475/203/640 6491/218/640 6490/217/640
f 6475/203/641 6476/204/641 6492/219/641 6491/218/641
f 6476/204/642 6477/205/642 6493/220/642 6492/219/642
f 6477/205/643 6478/206/643 6494/221/643 6493/220/643
f 6478/206/644 6479/207/644 6495/222/644 6494/221/644
f 6479/207/645 6480/208/645 6496/223/645 6495/222/645
f 6480/208/646 6466/209/646 6482/58/646 6496/223/646
f 6482/1/647 6481/210/647 6497/224/647 6498/225/647
f 6481/210/648 6483/211/648 6499/226/648 6497/224/648
f 6483/211/649 6484/212/649 6500/227/649 6499/226/649
f 6484/212/650 6485/213/650 6501/228/650 6500/227/650
f 6485/213/651 6486/214/651 6502/229/651 6501/228/651
f 6486/214/652 6487/215/652 6503/230/652 6502/229/652
f 6487/215/653 6488/216/653 6504/231/653 6503/230/653
f 6488/216/654 6489/2/654 6505/232/654 6504/231/654
f 6489/2/655 6490/217/655 6506/233/655 6505/232/655
f 6490/217/656 6491/218/656 6507/234/656 6506/233/656
f 6491/218/657 6492/219/657 6508/235/657 6507/234/657
f 6492/219/658 6493/220/658 6509/236/658 6508/235/658
f 6493/220/659 6494/221/659 6510/237/659 6509/236/659
f 6494/221/660 6495/222/660 6511/238/660 6510/237/660
f 6495/222/661 6496/223/661 6512/239/661 6511/238/661
f 6496/223/662 6482/58/662 6498/240/662 6512/239/662
f 6498/225/663 6497/224/663 6513/241/663 6514/242/663
f 6497/224/664 6499/226/664 6515/243/664 6513/241/664
f 6499/226/665 6500/227/665 6516/244/665 6515/243/665
f 6500/227/666 6501/228/666 6517/245/666 6516/244/666
f 6501/228/667 6502/229/667 6518/246/667 6517/245/667
f 6502/229/668 6503/230/668 6519/247/668 6518/246/668
f 6503/230/669 6504/231/669 6520/248/669 6519/247/669
f 6504/231/670 6505/232/670 6521/249/670 6520/248/670
f 6505/232/671 6506/233/671 6522/250/671 6521/249/671
f 6506/233/672 6507/234/672 6523/251/672 6522/250/672
f 6507/234/673 6508/235/673 6524/252/673 6523/251/673
f 6508/235/674 6509/236/674 6525/253/674 6524/252/674
f 6509/236/675 6510/237/675 6526/254/675 6525/253/675
f 6510/237/676 6511/238/676 6527/255/676 6526/254/676
f 6511/238/677 6512/239/677 6528/256/677 6527/255/677
f 6512/239/678 6498/240/678 6514/257/678 6528/256/678
f 6514/242/679 6513/241/679 6529/258/679 6530/259/679
f 6513/241/680 6515/243/680 6531/260/680 6529/258/680
f 6515/243/681 6516/244/681 6532/261/681 6531/260/681
f 6516/244/682 6517/245/682 6533/262/682 6532/261/682
f 6517/245/683 6518/246/683 6534/263/683 6533/262/683
f 6518/246/684 6519/247/684 6535/264/684 6534/263/684
f 6519/247/685 6520/248/685 6536/265/685 6535/264/685
f 6520/248/686 6521/249/686 6537/266/686 6536/265/686
f 6521/249/687 6522/250/687 6538/267/687 6537/266/687
f 6522/250/688 6523/251/688 6539/268/688 6538/267/688
f 6523/251/689 6524/252/689 6540/269/689 6539/268/689
f 6524/252/690 6525/253/690 6541/270/690 6540/269/690
f 6525/253/691 6526/254/691 6542/271/691 6541/270/691
f 6526/254/692 6527/255/692 6543/272/692 6542/271/692
f 6527/255/693 6528/256/693 6544/273/693 6543/272/693
f 6528/256/694 6514/257/694 6530/274/694 6544/273/694
f 6530/259/695 6529/258/695 6545/275/695 6546/276/695
f 6529/258/696 6531/260/696 6547/277/696 6545/275/696
f 6531/260/697 6532/261/697 6548/278/697 6547/277/697
f 6532/261/698 6533/262/698 6549/279/698 6548/278/698
f 6533/262/699 6534/263/699 6550/280/699 6549/279/699
f 6534/263/700 6535/264/700 6551/281/700 6550/280/700
f 6535/264/701 6536/265/701 6552/282/701 6551/281/701
f 6536/265/702 6537/266/702 6553/283/702 6552/282/702
f 6537/266/703 6538/267/703 6554/284/703 6553/283/703
f 6538/267/704 6539/268/704 6555/285/704 6554/284/704
f 6539/268/705 6540/269/705 6556/286/705 6555/285/705
f 6540/269/706 6541/270/706 6557/287/706 6556/286/706
f 6541/270/707 6542/271/707 6558/288/707 6557/287/707
f 6542/271/708 6543/272/708 6559/289/708 6558/288/708
f 6543/272/709 6544/273/709 6560/290/709 6559/289/709
f 6544/273/710 6530/274/710 6546/291/710 6560/290/710
f 6546/276/711 6545/275/711 6561/95/711 6562/96/711
f 6545/275/712 6547/277/712 6563/97/712 6561/95/712
f 6547/277/713 6548/278/713 6564/98/713 6563/97/713
f 6548/278/714 6549/279/714 6565/100/714 6564/98/714
f 6549/279/715 6550/280/715 6566/102/715 6565/100/715
f 6550/280/716 6551/281/716 6567/104/716 6566/102/716
f 6551/281/717 6552/282/717 6568/106/717 6567/104/717
f 6552/282/718 6553/283/718 6569/54/718 6568/106/718
f 6553/283/719 6554/284/719 6570/108/719 6569/54/719
f 6554/284/720 6555/285/720 6571/110/720 6570/108/720
f 6555/285/721 6556/286/721 6572/112/721 6571/110/721
f 6556/286/722 6557/287/722 6573/114/722 6572/112/722
f 6557/287/723 6558/288/723 6574/116/723 6573/114/723
f 6558/288/724 6559/289/724 6575/118/724 6574/116/724
f 6559/289/725 6560/290/725 6576/120/725 6575/118/725
f 6560/290/726 6546/291/726 6562/122/726 6576/120/726
f 6431/48/727 6429/47/727 6427/46/727 6425/3/727 6423/50/727 6421/49/727 6419/51/727 6417/1/727 6415/53/727 6413/52/727 6411/55/727 6409/54/727 6407/57/727 6405/56/727 6402/59/727 6401/58/727
f 6562/58/728 6561/59/728 6563/56/728 6564/57/728 6565/54/728 6566/55/728 6567/52/728 6568/53/728 6569/1/728 6570/51/728 6571/49/728 6572/50/728 6573/3/728 6574/46/728 6575/47/728 6576/48/728
o insulator_3
usemtl porcelain
f 6593/4/535 6594/35/535 6595/95/535 6596/96/535
f 6594/35/536 6597/79/536 6598/97/536 6595/95/536
f 6597/79/537 6599/89/537 6600/98/537 6598/97/537
f 6599/89/538 6601/99/538 6602/100/538 6600/98/538
f 6601/99/539 6603/101/539 6604/102/539 6602/100/539
f 6603/101/540 6605/103/540 6606/104/540 6604/102/540
f 6605/103/541 6607/105/541 6608/106/541 6606/104/541
f 6607/105/542 6609/3/542 6610/54/542 6608/106/542
f 6609/3/543 6611/107/543 6612/108/543 6610/54/543
f 6611/107/544 6613/109/544 6614/110/544 6612/108/544
f 6613/109/545 6615/111/545 6616/112/545 6614/110/545
f 6615/111/546 6617/113/546 6618/114/546 6616/112/546
f 6617/113/547 6619/115/547 6620/116/547 6618/114/547
f 6619/115/548 6621/117/548 6622/118/548 6620/116/548
f 6621/117/549 6623/119/549 6624/120/549 6622/118/549
f 6623/119/550 6593/121/550 6596/122/550 6624/120/550
f 6657/4/535 6658/35/535 6659/95/535 6660/96/535
f 6658/35/536 6661/79/536 6662/97/536 6659/95/536
f 6661/79/537 6663/89/537 6664/98/537 6662/97/537
f 6663/89/538 6665/99/538 6666/100/538 6664/98/538
f 6665/99/539 6667/101/539 6668/102/539 6666/100/539
f 6667/101/540 6669/103/540 6670/104/540 6668/102/540
f 6669/103/541 6671/105/541 6672/106/541 6670/104/541
f 6671/105/542 6673/3/542 6674/54/542 6672/106/542
f 6673/3/543 6675/107/543 6676/108/543 6674/54/543
f 6675/107/544 6677/109/544 6678/110/544 6676/108/544
f 6677/109/545 6679/111/545 6680/112/545 6678/110/545
f 6679/111/546 6681/113/546 6682/114/546 6680/112/546
f 6681/113/547 6683/115/547 6684/116/547 6682/114/547
f 6683/115/548 6685/117/548 6686/118/548 6684/116/548
f 6685/117/549 6687/119/549 6688/120/549 6686/118/549
f 6687/119/550 6657/121/550 6660/122/550 6688/120/550
f 6705/4/535 6706/35/535 6707/95/535 6708/96/535
f 6706/35/536 6709/79/536 6710/97/536 6707/95/536
f 6709/79/537 6711/89/537 6712/98/537 6710/97/537
f 6711/89/538 6713/99/538 6714/100/538 6712/98/538
f 6713/99/539 6715/101/539 6716/102/539 6714/100/539
f 6715/101/540 6717/103/540 6718/104/540 6716/102/540
f 6717/103/541 6719/105/541 6720/106/541 6718/104/541
f 6719/105/542 6721/3/542 6722/54/542 6720/106/542
f 6721/3/543 6723/107/543 6724/108/543 6722/54/543
f 6723/107/544 6725/109/544 6726/110/544 6724/108/544
f 6725/109/545 6727/111/545 6728/112/545 6726/110/545
f 6727/111/546 6729/113/546 6730/114/546 6728/112/546
f 6729/113/547 6731/115/547 6732/116/547 6730/114/547
f 6731/115/548 6733/117/548 6734/118/548 6732/116/548
f 6733/117/549 6735/119/549 6736/120/549 6734/118/549
f 6735/119/550 6705/121/550 6708/122/550 6736/120/550
f 6753/4/535 6754/35/535 6755/95/535 6756/96/535
f 6754/35/536 6757/79/536 6758/97/536 6755/95/536
f 6757/79/537 6759/89/537 6760/98/537 6758/97/537
f 6759/89/538 6761/99/538 6762/100/538 6760/98/538
f 6761/99/539 6763/101/539 6764/102/539 6762/100/539
f 6763/101/540 6765/103/540 6766/104/540 6764/102/540
f 6765/103/541 6767/105/541 6768/106/541 6766/104/541
f 6767/105/542 6769/3/542 6770/54/542 6768/106/542
f 6769/3/543 6771/107/543 6772/108/543 6770/54/543
f 6771/107/544 6773/109/544 6774/110/544 6772/108/544
f 6773/109/545 6775/111/545 6776/112/545 6774/110/545
f 6775/111/546 6777/113/546 6778/114/546 6776/112/546
f 6777/113/547 6779/115/547 6780/116/547 6778/114/547
f 6779/115/548 6781/117/548 6782/118/548 6780/116/548
f 6781/117/549 6783/119/549 6784/120/549 6782/118/549
f 6783/119/550 6753/121/550 6756/122/550 6784/120/550
f 6801/4/535 6802/35/535 6803/95/535 6804/96/535
f 6802/35/536 6805/79/536 6806/97/536 6803/95/536
f 6805/79/537 6807/89/537 6808/98/537 6806/97/537
f 6807/89/538 6809/99/538 6810/100/538 6808/98/538
f 6809/99/539 6811/101/539 6812/102/539 6810/100/539
f 6811/101/540 6813/103/540 6814/104/540 6812/102/540
f 6813/103/541 6815/105/541 6816/106/541 6814/104/541
f 6815/105/542 6817/3/542 6818/54/542 6816/106/542
f 6817/3/543 6819/107/543 6820/108/543 6818/54/543
f 6819/107/544 6821/109/544 6822/110/544 6820/108/544
f 6821/109/545 6823/111/545 6824/112/545 6822/110/545
f 6823/111/546 6825/113/546 6826/114/546 6824/112/546
f 6825/113/547 6827/115/547 6828/116/547 6826/114/547
f 6827/115/548 6829/117/548 6830/118/548 6828/116/548
f 6829/117/549 6831/119/549 6832/120/549 6830/118/549
f 6831/119/550 6801/121/550 6804/122/550 6832/120/550
f 6849/4/535 6850/35/535 6851/95/535 6852/96/535
f 6850/35/536 6853/79/536 6854/97/536 6851/95/536
f 6853/79/537 6855/89/537 6856/98/537 6854/97/537
f 6855/89/538 6857/99/538 6858/100/538 6856/98/538
f 6857/99/539 6859/101/539 6860/102/539 6858/100/539
f 6859/101/540 6861/103/540 6862/104/540 6860/102/540
f 6861/103/541 6863/105/541 6864/106/541 6862/104/541
f 6863/105/542 6865/3/542 6866/54/542 6864/106/542
f 6865/3/543 6867/107/543 6868/108/543 6866/54/543
f 6867/107/544 6869/109/544 6870/110/544 6868/108/544
f 6869/109/545 6871/111/545 6872/112/545 6870/110/545
f 6871/111/546 6873/113/546 6874/114/546 6872/112/546
f 6873/113/547 6875/115/547 6876/116/547 6874/114/547
f 6875/115/548 6877/117/548 6878/118/548 6876/116/548
f 6877/117/549 6879/119/549 6880/120/549 6878/118/549
f 6879/119/550 6849/121/550 6852/122/550 6880/120/550
f 6897/4/535 6898/35/535 6899/95/535 6900/96/535
f 6898/35/536 6901/79/536 6902/97/536 6899/95/536
f 6901/79/537 6903/89/537 6904/98/537 6902/97/537
f 6903/89/538 6905/99/538 6906/100/538 6904/98/538
f 6905/99/539 6907/101/539 6908/102/539 6906/100/539
f 6907/101/540 6909/103/540 6910/104/540 6908/102/540
f 6909/103/541 6911/105/541 6912/106/541 6910/104/541
f 6911/105/542 6913/3/542 6914/54/542 6912/106/542
f 6913/3/543 6915/107/543 6916/108/543 6914/54/543
f 6915/107/544 6917/109/544 6918/110/544 6916/108/544
f 6917/109/545 6919/111/545 6920/112/545 6918/110/545
f 6919/111/546 6921/113/546 6922/114/546 6920/112/546
f 6921/113/547 6923/115/547 6924/116/547 6922/114/547
f 6923/115/548 6925/117/548 6926/118/548 6924/116/548
f 6925/117/549 6927/119/549 6928/120/549 6926/118/549
f 6927/119/550 6897/121/550 6900/122/550 6928/120/550
f 6945/4/535 6946/35/535 6947/95/535 6948/96/535
f 6946/35/536 6949/79/536 6950/97/536 6947/95/536
f 6949/79/537 6951/89/537 6952/98/537 6950/97/537
f 6951/89/538 6953/99/538 6954/100/538 6952/98/538
f 6953/99/539 6955/101/539 6956/102/539 6954/100/539
f 6955/101/540 6957/103/540 6958/104/540 6956/102/540
f 6957/103/541 6959/105/541 6960/106/541 6958/104/541
f 6959/105/542 6961/3/542 6962/54/542 6960/106/542
f 6961/3/543 6963/107/543 6964/108/543 6962/54/543
f 6963/107/544 6965/109/544 6966/110/544 6964/108/544
f 6965/109/545 6967/111/545 6968/112/545 6966/110/545
f 6967/111/546 6969/113/546 6970/114/546 6968/112/546
f 6969/113/547 6971/115/547 6972/116/547 6970/114/547
f 6971/115/548 6973/117/548 6974/118/548 6972/116/548
f 6973/117/549 6975/119/549 6976/120/549 6974/118/549
f 6975/119/550 6945/121/550 6948/122/550 6976/120/550
f 6993/4/535 6994/35/535 6995/95/535 6996/96/535
f 6994/35/536 6997/79/536 6998/97/536 6995/95/536
f 6997/79/537 6999/89/537 7000/98/537 6998/97/537
f 6999/89/538 7001/99/538 7002/100/538 7000/98/538
f 7001/99/539 7003/101/539 7004/102/539 7002/100/539
f 7003/101/540 7005/103/540 7006/104/540 7004/102/540
f 7005/103/541 7007/105/541 7008/106/541 7006/104/541
f 7007/105/542 7009/3/542 7010/54/542 7008/106/542
f 7009/3/543 7011/107/543 7012/108/543 7010/54/543
f 7011/107/544 7013/109/544 7014/110/544 7012/108/544
f 7013/109/545 7015/111/545 7016/112/545 7014/110/545
f 7015/111/546 7017/113/546 7018/114/546 7016/112/546
f 7017/113/547 7019/115/547 7020/116/547 7018/114/547
f 7019/115/548 7021/117/548 7022/118/548 7020/116/548
f 7021/117/549 7023/119/549 7024/120/549 7022/118/549
f 7023/119/550 6993/121/550 6996/122/550 7024/120/550
f 7041/4/535 7042/35/535 7043/95/535 7044/96/535
f 7042/35/536 7045/79/536 7046/97/536 7043/95/536
f 7045/79/537 7047/89/537 7048/98/537 7046/97/537
f 7047/89/538 7049/99/538 7050/100/538 7048/98/538
f 7049/99/539 7051/101/539 7052/102/539 7050/100/539
f 7051/101/540 7053/103/540 7054/104/540 7052/102/540
f 7053/103/541 7055/105/541 7056/106/541 7054/104/541
f 7055/105/542 7057/3/542 7058/54/542 7056/106/542
f 7057/3/543 7059/107/543 7060/108/543 7058/54/543
f 7059/107/544 7061/109/544 7062/110/544 7060/108/544
f 7061/109/545 7063/111/545 7064/112/545 7062/110/545
f 7063/111/546 7065/113/546 7066/114/546 7064/112/546
f 7065/113/547 7067/115/547 7068/116/547 7066/114/547
f 7067/115/548 7069/117/548 7070/118/548 7068/116/548
f 7069/117/549 7071/119/549 7072/120/549 7070/118/549
f 7071/119/550 7041/121/550 7044/122/550 7072/120/550
f 7089/4/535 7090/35/535 7091/95/535 7092/96/535
f 7090/35/536 7093/79/536 7094/97/536 7091/95/536
f 7093/79/537 7095/89/537 7096/98/537 7094/97/537
f 7095/89/538 7097/99/538 7098/100/538 7096/98/538
f 7097/99/539 7099/101/539 7100/102/539 7098/100/539
f 7099/101/540 7101/103/540 7102/104/540 7100/102/540
f 7101/103/541 7103/105/541 7104/106/541 7102/104/541
f 7103/105/542 7105/3/542 7106/54/542 7104/106/542
f 7105/3/543 7107/107/543 7108/108/543 7106/54/543
f 7107/107/544 7109/109/544 7110/110/544 7108/108/544
f 7109/109/545 7111/111/545 7112/112/545 7110/110/545
f 7111/111/546 7113/113/546 7114/114/546 7112/112/546
f 7113/113/547 7115/115/547 7116/116/547 7114/114/547
f 7115/115/548 7117/117/548 7118/118/548 7116/116/548
f 7117/117/549 7119/119/549 7120/120/549 7118/118/549
f 7119/119/550 7089/121/550 7092/122/550 7120/120/550
f 7137/4/535 7138/35/535 7139/95/535 7140/96/535
f 7138/35/536 7141/79/536 7142/97/536 7139/95/536
f 7141/79/537 7143/89/537 7144/98/537 7142/97/537
f 7143/89/538 7145/99/538 7146/100/538 7144/98/538
f 7145/99/539 7147/101/539 7148/102/539 7146/100/539
f 7147/101/540 7149/103/540 7150/104/540 7148/102/540
f 7149/103/541 7151/105/541 7152/106/541 7150/104/541
f 7151/105/542 7153/3/542 7154/54/542 7152/106/542
f 7153/3/543 7155/107/543 7156/108/543 7154/54/543
f 7155/107/544 7157/109/544 7158/110/544 7156/108/544
f 7157/109/545 7159/111/545 7160/112/545 7158/110/545
f 7159/111/546 7161/113/546 7162/114/546 7160/112/546
f 7161/113/547 7163/115/547 7164/116/547 7162/114/547
f 7163/115/548 7165/117/548 7166/118/548 7164/116/548
f 7165/117/549 7167/119/549 7168/120/549 7166/118/549
f 7167/119/550 7137/121/550 7140/122/550 7168/120/550
f 7185/4/535 7186/35/535 7187/95/535 7188/96/535
f 7186/35/536 7189/79/536 7190/97/536 7187/95/536
f 7189/79/537 7191/89/537 7192/98/537 7190/97/537
f 7191/89/538 7193/99/538 7194/100/538 7192/98/538
f 7193/99/539 7195/101/539 7196/102/539 7194/100/539
f 7195/101/540 7197/103/540 7198/104/540 7196/102/540
f 7197/103/541 7199/105/541 7200/106/541 7198/104/541
f 7199/105/542 7201/3/542 7202/54/542 7200/106/542
f 7201/3/543 7203/107/543 7204/108/543 7202/54/543
f 7203/107/544 7205/109/544 7206/110/544 7204/108/544
f 7205/109/545 7207/111/545 7208/112/545 7206/110/545
f 7207/111/546 7209/113/546 7210/114/546 7208/112/546
f 7209/113/547 7211/115/547 7212/116/547 7210/114/547
f 7211/115/548 7213/117/548 7214/118/548 7212/116/548
f 7213/117/549 7215/119/549 7216/120/549 7214/118/549
f 7215/119/550 7185/121/550 7188/122/550 7216/120/550
f 7233/4/535 7234/35/535 7235/95/535 7236/96/535
f 7234/35/536 7237/79/536 7238/97/536 7235/95/536
f 7237/79/537 7239/89/537 7240/98/537 7238/97/537
f 7239/89/538 7241/99/538 7242/100/538 7240/98/538
f 7241/99/539 7243/101/539 7244/102/539 7242/100/539
f 7243/101/540 7245/103/540 7246/104/540 7244/102/540
f 7245/103/541 7247/105/541 7248/106/541 7246/104/541
f 7247/105/542 7249/3/542 7250/54/542 7248/106/542
f 7249/3/543 7251/107/543 7252/108/543 7250/54/543
f 7251/107/544 7253/109/544 7254/110/544 7252/108/544
f 7253/109/545 7255/111/545 7256/112/545 7254/110/545
f 7255/111/546 7257/113/546 7258/114/546 7256/112/546
f 7257/113/547 7259/115/547 7260/116/547 7258/114/547
f 7259/115/548 7261/117/548 7262/118/548 7260/116/548
f 7261/117/549 7263/119/549 7264/120/549 7262/118/549
f 7263/119/550 7233/121/550 7236/122/550 7264/120/550
f 7281/4/535 7282/35/535 7283/95/535 7284/96/535
f 7282/35/536 7285/79/536 7286/97/536 7283/95/536
f 7285/79/537 7287/89/537 7288/98/537 7286/97/537
f 7287/89/538 7289/99/538 7290/100/538 7288/98/538
f 7289/99/539 7291/101/539 7292/102/539 7290/100/539
f 7291/101/540 7293/103/540 7294/104/540 7292/102/540
f 7293/103/541 7295/105/541 7296/106/541 7294/104/541
f 7295/105/542 7297/3/542 7298/54/542 7296/106/542
f 7297/3/543 7299/107/543 7300/108/543 7298/54/543
f 7299/107/544 7301/109/544 7302/110/544 7300/108/544
f 7301/109/545 7303/111/545 7304/112/545 7302/110/545
f 7303/111/546 7305/113/546 7306/114/546 7304/112/546
f 7305/113/547 7307/115/547 7308/116/547 7306/114/547
f 7307/115/548 7309/117/548 7310/118/548 7308/116/548
f 7309/117/549 7311/119/549 7312/120/549 7310/118/549
f 7311/119/550 7281/121/550 7284/122/550 7312/120/550
f 7329/4/535 7330/35/535 7331/95/535 7332/96/535
f 7330/35/536 7333/79/536 7334/97/536 7331/95/536
f 7333/79/537 7335/89/537 7336/98/537 7334/97/537
f 7335/89/538 7337/99/538 7338/100/538 7336/98/538
f 7337/99/539 7339/101/539 7340/102/539 7338/100/539
f 7339/101/540 7341/103/540 7342/104/540 7340/102/540
f 7341/103/541 7343/105/541 7344/106/541 7342/104/541
f 7343/105/542 7345/3/542 7346/54/542 7344/106/542
f 7345/3/543 7347/107/543 7348/108/543 7346/54/543
f 7347/107/544 7349/109/544 7350/110/544 7348/108/544
f 7349/109/545 7351/111/545 7352/112/545 7350/110/545
f 7351/111/546 7353/113/546 7354/114/546 7352/112/546
f 7353/113/547 7355/115/547 7356/116/547 7354/114/547
f 7355/115/548 7357/117/548 7358/118/548 7356/116/548
f 7357/117/549 7359/119/549 7360/120/549 7358/118/549
f 7359/119/550 7329/121/550 7332/122/550 7360/120/550
f 7377/4/535 7378/35/535 7379/95/535 7380/96/535
f 7378/35/536 7381/79/536 7382/97/536 7379/95/536
f 7381/79/537 7383/89/537 7384/98/537 7382/97/537
f 7383/89/538 7385/99/538 7386/100/538 7384/98/538
f 7385/99/539 7387/101/539 7388/102/539 7386/100/539
f 7387/101/540 7389/103/540 7390/104/540 7388/102/540
f 7389/103/541 7391/105/541 7392/106/541 7390/104/541
f 7391/105/542 7393/3/542 7394/54/542 7392/106/542
f 7393/3/543 7395/107/543 7396/108/543 7394/54/543
f 7395/107/544 7397/109/544 7398/110/544 7396/108/544
f 7397/109/545 7399/111/545 7400/112/545 7398/110/545
f 7399/111/546 7401/113/546 7402/114/546 7400/112/546
f 7401/113/547 7403/115/547 7404/116/547 7402/114/547
f 7403/115/548 7405/117/548 7406/118/548 7404/116/548
f 7405/117/549 7407/119/549 7408/120/549 7406/118/549
f 7407/119/550 7377/121/550 7380/122/550 7408/120/550
f 7425/4/535 7426/35/535 7427/95/535 7428/96/535
f 7426/35/536 7429/79/536 7430/97/536 7427/95/536
f 7429/79/537 7431/89/537 7432/98/537 7430/97/537
f 7431/89/538 7433/99/538 7434/100/538 7432/98/538
f 7433/99/539 7435/101/539 7436/102/539 7434/100/539
f 7435/101/540 7437/103/540 7438/104/540 7436/102/540
f 7437/103/541 7439/105/541 7440/106/541 7438/104/541
f 7439/105/542 7441/3/542 7442/54/542 7440/106/542
f 7441/3/543 7443/107/543 7444/108/543 7442/54/543
f 7443/107/544 7445/109/544 7446/110/544 7444/108/544
f 7445/109/545 7447/111/545 7448/112/545 7446/110/545
f 7447/111/546 7449/113/546 7450/114/546 7448/112/546
f 7449/113/547 7451/115/547 7452/116/547 7450/114/547
f 7451/115/548 7453/117/548 7454/118/548 7452/116/548
f 7453/117/549 7455/119/549 7456/120/549 7454/118/549
f 7455/119/550 7425/121/550 7428/122/550 7456/120/550
f 7481/4/535 7482/35/535 7483/95/535 7484/96/535
f 7482/35/536 7485/79/536 7486/97/536 7483/95/536
f 7485/79/537 7487/89/537 7488/98/537 7486/97/537
f 7487/89/538 7489/99/538 7490/100/538 7488/98/538
f 7489/99/539 7491/101/539 7492/102/539 7490/100/539
f 7491/101/540 7493/103/540 7494/104/540 7492/102/540
f 7493/103/541 7495/105/541 7496/106/541 7494/104/541
f 7495/105/542 7497/3/542 7498/54/542 7496/106/542
f 7497/3/543 7499/107/543 7500/108/543 7498/54/543
f 7499/107/544 7501/109/544 7502/110/544 7500/108/544
f 7501/109/545 7503/111/545 7504/112/545 7502/110/545
f 7503/111/546 7505/113/546 7506/114/546 7504/112/546
f 7505/113/547 7507/115/547 7508/116/547 7506/114/547
f 7507/115/548 7509/117/548 7510/118/548 7508/116/548
f 7509/117/549 7511/119/549 7512/120/549 7510/118/549
f 7511/119/550 7481/121/550 7484/122/550 7512/120/550
f 7529/4/535 7530/35/535 7531/95/535 7532/96/535
f 7530/35/536 7533/79/536 7534/97/536 7531/95/536
f 7533/79/537 7535/89/537 7536/98/537 7534/97/537
f 7535/89/538 7537/99/538 7538/100/538 7536/98/538
f 7537/99/539 7539/101/539 7540/102/539 7538/100/539
f 7539/101/540 7541/103/540 7542/104/540 7540/102/540
f 7541/103/541 7543/105/541 7544/106/541 7542/104/541
f 7543/105/542 7545/3/542 7546/54/542 7544/106/542
f 7545/3/543 7547/107/543 7548/108/543 7546/54/543
f 7547/107/544 7549/109/544 7550/110/544 7548/108/544
f 7549/109/545 7551/111/545 7552/112/545 7550/110/545
f 7551/111/546 7553/113/546 7554/114/546 7552/112/546
f 7553/113/547 7555/115/547 7556/116/547 7554/114/547
f 7555/115/548 7557/117/548 7558/118/548 7556/116/548
f 7557/117/549 7559/119/549 7560/120/549 7558/118/549
f 7559/119/550 7529/121/550 7532/122/550 7560/120/550
f 7577/4/535 7578/35/535 7579/95/535 7580/96/535
f 7578/35/536 7581/79/536 7582/97/536 7579/95/536
f 7581/79/537 7583/89/537 7584/98/537 7582/97/537
f 7583/89/538 7585/99/538 7586/100/538 7584/98/538
f 7585/99/539 7587/101/539 7588/102/539 7586/100/539
f 7587/101/540 7589/103/540 7590/104/540 7588/102/540
f 7589/103/541 7591/105/541 7592/106/541 7590/104/541
f 7591/105/542 7593/3/542 7594/54/542 7592/106/542
f 7593/3/543 7595/107/543 7596/108/543 7594/54/543
f 7595/107/544 7597/109/544 7598/110/544 7596/108/544
f 7597/109/545 7599/111/545 7600/112/545 7598/110/545
f 7599/111/546 7601/113/546 7602/114/546 7600/112/546
f 7601/113/547 7603/115/547 7604/116/547 7602/114/547
f 7603/115/548 7605/117/548 7606/118/548 7604/116/548
f 7605/117/549 7607/119/549 7608/120/549 7606/118/549
f 7607/119/550 7577/121/550 7580/122/550 7608/120/550
f 7625/4/535 7626/35/535 7627/95/535 7628/96/535
f 7626/35/536 7629/79/536 7630/97/536 7627/95/536
f 7629/79/537 7631/89/537 7632/98/537 7630/97/537
f 7631/89/538 7633/99/538 7634/100/538 7632/98/538
f 7633/99/539 7635/101/539 7636/102/539 7634/100/539
f 7635/101/540 7637/103/540 7638/104/540 7636/102/540
f 7637/103/541 7639/105/541 7640/106/541 7638/104/541
f 7639/105/542 7641/3/542 7642/54/542 7640/106/542
f 7641/3/543 7643/107/543 7644/108/543 7642/54/543
f 7643/107/544 7645/109/544 7646/110/544 7644/108/544
f 7645/109/545 7647/111/545 7648/112/545 7646/110/545
f 7647/111/546 7649/113/546 7650/114/546 7648/112/546
f 7649/113/547 7651/115/547 7652/116/547 7650/114/547
f 7651/115/548 7653/117/548 7654/118/548 7652/116/548
f 7653/117/549 7655/119/549 7656/120/549 7654/118/549
f 7655/119/550 7625/121/550 7628/122/550 7656/120/550
f 7673/4/535 7674/35/535 7675/95/535 7676/96/535
f 7674/35/536 7677/79/536 7678/97/536 7675/95/536
f 7677/79/537 7679/89/537 7680/98/537 7678/97/537
f 7679/89/538 7681/99/538 7682/100/538 7680/98/538
f 7681/99/539 7683/101/539 7684/102/539 7682/100/539
f 7683/101/540 7685/103/540 7686/104/540 7684/102/540
f 7685/103/541 7687/105/541 7688/106/541 7686/104/541
f 7687/105/542 7689/3/542 7690/54/542 7688/106/542
f 7689/3/543 7691/107/543 7692/108/543 7690/54/543
f 7691/107/544 7693/109/544 7694/110/544 7692/108/544
f 7693/109/545 7695/111/545 7696/112/545 7694/110/545
f 7695/111/546 7697/113/546 7698/114/546 7696/112/546
f 7697/113/547 7699/115/547 7700/116/547 7698/114/547
f 7699/115/548 7701/117/548 7702/118/548 7700/116/548
f 7701/117/549 7703/119/549 7704/120/549 7702/118/549
f 7703/119/550 7673/121/550 7676/122/550 7704/120/550
f 7721/4/535 7722/35/535 7723/95/535 7724/96/535
f 7722/35/536 7725/79/536 7726/97/536 7723/95/536
f 7725/79/537 7727/89/537 7728/98/537 7726/97/537
f 7727/89/538 7729/99/538 7730/100/538 7728/98/538
f 7729/99/539 7731/101/539 7732/102/539 7730/100/539
f 7731/101/540 7733/103/540 7734/104/540 7732/102/540
f 7733/103/541 7735/105/541 7736/106/541 7734/104/541
f 7735/105/542 7737/3/542 7738/54/542 7736/106/542
f 7737/3/543 7739/107/543 7740/108/543 7738/54/543
f 7739/107/544 7741/109/544 7742/110/544 7740/108/544
f 7741/109/545 7743/111/545 7744/112/545 7742/110/545
f 7743/111/546 7745/113/546 7746/114/546 7744/112/546
f 7745/113/547 7747/115/547 7748/116/547 7746/114/547
f 7747/115/548 7749/117/548 7750/118/548 7748/116/548
f 7749/117/549 7751/119/549 7752/120/549 7750/118/549
f 7751/119/550 7721/121/550 7724/122/550 7752/120/550
f 7769/4/535 7770/35/535 7771/95/535 7772/96/535
f 7770/35/536 7773/79/536 7774/97/536 7771/95/536
f 7773/79/537 7775/89/537 7776/98/537 7774/97/537
f 7775/89/538 7777/99/538 7778/100/538 7776/98/538
f 7777/99/539 7779/101/539 7780/102/539 7778/100/539
f 7779/101/540 7781/103/540 7782/104/540 7780/102/540
f 7781/103/541 7783/105/541 7784/106/541 7782/104/541
f 7783/105/542 7785/3/542 7786/54/542 7784/106/542
f 7785/3/543 7787/107/543 7788/108/543 7786/54/543
f 7787/107/544 7789/109/544 7790/110/544 7788/108/544
f 7789/109/545 7791/111/545 7792/112/545 7790/110/545
f 7791/111/546 7793/113/546 7794/114/546 7792/112/546
f 7793/113/547 7795/115/547 7796/116/547 7794/114/547
f 7795/115/548 7797/117/548 7798/118/548 7796/116/548
f 7797/117/549 7799/119/549 7800/120/549 7798/118/549
f 7799/119/550 7769/121/550 7772/122/550 7800/120/550
f 7817/4/535 7818/35/535 7819/95/535 7820/96/535
f 7818/35/536 7821/79/536 7822/97/536 7819/95/536
f 7821/79/537 7823/89/537 7824/98/537 7822/97/537
f 7823/89/538 7825/99/538 7826/100/538 7824/98/538
f 7825/99/539 7827/101/539 7828/102/539 7826/100/539
f 7827/101/540 7829/103/540 7830/104/540 7828/102/540
f 7829/103/541 7831/105/541 7832/106/541 7830/104/541
f 7831/105/542 7833/3/542 7834/54/542 7832/106/542
f 7833/3/543 7835/107/543 7836/108/543 7834/54/543
f 7835/107/544 7837/109/544 7838/110/544 7836/108/544
f 7837/109/545 7839/111/545 7840/112/545 7838/110/545
f 7839/111/546 7841/113/546 7842/114/546 7840/112/546
f 7841/113/547 7843/115/547 7844/116/547 7842/114/547
f 7843/115/548 7845/117/548 7846/118/548 7844/116/548
f 7845/117/549 7847/119/549 7848/120/549 7846/118/549
f 7847/119/550 7817/121/550 7820/122/550 7848/120/550
f 7865/4/535 7866/35/535 7867/95/535 7868/96/535
f 7866/35/536 7869/79/536 7870/97/536 7867/95/536
f 7869/79/537 7871/89/537 7872/98/537 7870/97/537
f 7871/89/538 7873/99/538 7874/100/538 7872/98/538
f 7873/99/539 7875/101/539 7876/102/539 7874/100/539
f 7875/101/540 7877/103/540 7878/104/540 7876/102/540
f 7877/103/541 7879/105/541 7880/106/541 7878/104/541
f 7879/105/542 7881/3/542 7882/54/542 7880/106/542
f 7881/3/543 7883/107/543 7884/108/543 7882/54/543
f 7883/107/544 7885/109/544 7886/110/544 7884/108/544
f 7885/109/545 7887/111/545 7888/112/545 7886/110/545
f 7887/111/546 7889/113/546 7890/114/546 7888/112/546
f 7889/113/547 7891/115/547 7892/116/547 7890/114/547
f 7891/115/548 7893/117/548 7894/118/548 7892/116/548
f 7893/117/549 7895/119/549 7896/120/549 7894/118/549
f 7895/119/550 7865/121/550 7868/122/550 7896/120/550
f 7913/4/535 7914/35/535 7915/95/535 7916/96/535
f 7914/35/536 7917/79/536 7918/97/536 7915/95/536
f 7917/79/537 7919/89/537 7920/98/537 7918/97/537
f 7919/89/538 7921/99/538 7922/100/538 7920/98/538
f 7921/99/539 7923/101/539 7924/102/539 7922/100/539
f 7923/101/540 7925/103/540 7926/104/540 7924/102/540
f 7925/103/541 7927/105/541 7928/106/541 7926/104/541
f 7927/105/542 7929/3/542 7930/54/542 7928/106/542
f 7929/3/543 7931/107/543 7932/108/543 7930/54/543
f 7931/107/544 7933/109/544 7934/110/544 7932/108/544
f 7933/109/545 7935/111/545 7936/112/545 7934/110/545
f 7935/111/546 7937/113/546 7938/114/546 7936/112/546
f 7937/113/547 7939/115/547 7940/116/547 7938/114/547
f 7939/115/548 7941/117/548 7942/118/548 7940/116/548
f 7941/117/549 7943/119/549 7944/120/549 7942/118/549
f 7943/119/550 7913/121/550 7916/122/550 7944/120/550
f 7961/4/535 7962/35/535 7963/95/535 7964/96/535
f 7962/35/536 7965/79/536 7966/97/536 7963/95/536
f 7965/79/537 7967/89/537 7968/98/537 7966/97/537
f 7967/89/538 7969/99/538 7970/100/538 7968/98/538
f 7969/99/539 7971/101/539 7972/102/539 7970/100/539
f 7971/101/540 7973/103/540 7974/104/540 7972/102/540
f 7973/103/541 7975/105/541 7976/106/541 7974/104/541
f 7975/105/542 7977/3/542 7978/54/542 7976/106/542
f 7977/3/543 7979/107/543 7980/108/543 7978/54/543
f 7979/107/544 7981/109/544 7982/110/544 7980/108/544
f 7981/109/545 7983/111/545 7984/112/545 7982/110/545
f 7983/111/546 7985/113/546 7986/114/546 7984/112/546
f 7985/113/547 7987/115/547 7988/116/547 7986/114/547
f 7987/115/548 7989/117/548 7990/118/548 7988/116/548
f 7989/117/549 7991/119/549 7992/120/549 7990/118/549
f 7991/119/550 7961/121/550 7964/122/550 7992/120/550
f 8009/4/535 8010/35/535 8011/95/535 8012/96/535
f 8010/35/536 8013/79/536 8014/97/536 8011/95/536
f 8013/79/537 8015/89/537 8016/98/537 8014/97/537
f 8015/89/538 8017/99/538 8018/100/538 8016/98/538
f 8017/99/539 8019/101/539 8020/102/539 8018/100/539
f 8019/101/540 8021/103/540 8022/104/540 8020/102/540
f 8021/103/541 8023/105/541 8024/106/541 8022/104/541
f 8023/105/542 8025/3/542 8026/54/542 8024/106/542
f 8025/3/543 8027/107/543 8028/108/543 8026/54/543
f 8027/107/544 8029/109/544 8030/110/544 8028/108/544
f 8029/109/545 8031/111/545 8032/112/545 8030/110/545
f 8031/111/546 8033/113/546 8034/114/546 8032/112/546
f 8033/113/547 8035/115/547 8036/116/547 8034/114/547
f 8035/115/548 8037/117/548 8038/118/548 8036/116/548
f 8037/117/549 8039/119/549 8040/120/549 8038/118/549
f 8039/119/550 8009/121/550 8012/122/550 8040/120/550
f 8057/4/535 8058/35/535 8059/95/535 8060/96/535
f 8058/35/536 8061/79/536 8062/97/536 8059/95/536
f 8061/79/537 8063/89/537 8064/98/537 8062/97/537
f 8063/89/538 8065/99/538 8066/100/538 8064/98/538
f 8065/99/539 8067/101/539 8068/102/539 8066/100/539
f 8067/101/540 8069/103/540 8070/104/540 8068/102/540
f 8069/103/541 8071/105/541 8072/106/541 8070/104/541
f 8071/105/542 8073/3/542 8074/54/542 8072/106/542
f 8073/3/543 8075/107/543 8076/108/543 8074/54/543
f 8075/107/544 8077/109/544 8078/110/544 8076/108/544
f 8077/109/545 8079/111/545 8080/112/545 8078/110/545
f 8079/111/546 8081/113/546 8082/114/546 8080/112/546
f 8081/113/547 8083/115/547 8084/116/547 8082/114/547
f 8083/115/548 8085/117/548 8086/118/548 8084/116/548
f 8085/117/549 8087/119/549 8088/120/549 8086/118/549
f 8087/119/550 8057/121/550 8060/122/550 8088/120/550
f 8105/4/535 8106/35/535 8107/95/535 8108/96/535
f 8106/35/536 8109/79/536 8110/97/536 8107/95/536
f 8109/79/537 8111/89/537 8112/98/537 8110/97/537
f 8111/89/538 8113/99/538 8114/100/538 8112/98/538
f 8113/99/539 8115/101/539 8116/102/539 8114/100/539
f 8115/101/540 8117/103/540 8118/104/540 8116/102/540
f 8117/103/541 8119/105/541 8120/106/541 8118/104/541
f 8119/105/542 8121/3/542 8122/54/542 8120/106/542
f 8121/3/543 8123/107/543 8124/108/543 8122/54/543
f 8123/107/544 8125/109/544 8126/110/544 8124/108/544
f 8125/109/545 8127/111/545 8128/112/545 8126/110/545
f 8127/111/546 8129/113/546 8130/114/546 8128/112/546
f 8129/113/547 8131/115/547 8132/116/547 8130/114/547
f 8131/115/548 8133/117/548 8134/118/548 8132/116/548
f 8133/117/549 8135/119/549 8136/120/549 8134/118/549
f 8135/119/550 8105/121/550 8108/122/550 8136/120/550
f 8153/4/535 8154/35/535 8155/95/535 8156/96/535
f 8154/35/536 8157/79/536 8158/97/536 8155/95/536
f 8157/79/537 8159/89/537 8160/98/537 8158/97/537
f 8159/89/538 8161/99/538 8162/100/538 8160/98/538
f 8161/99/539 8163/101/539 8164/102/539 8162/100/539
f 8163/101/540 8165/103/540 8166/104/540 8164/102/540
f 8165/103/541 8167/105/541 8168/106/541 8166/104/541
f 8167/105/542 8169/3/542 8170/54/542 8168/106/542
f 8169/3/543 8171/107/543 8172/108/543 8170/54/543
f 8171/107/544 8173/109/544 8174/110/544 8172/108/544
f 8173/109/545 8175/111/545 8176/112/545 8174/110/545
f 8175/111/546 8177/113/546 8178/114/546 8176/112/546
f 8177/113/547 8179/115/547 8180/116/547 8178/114/547
f 8179/115/548 8181/117/548 8182/118/548 8180/116/548
f 8181/117/549 8183/119/549 8184/120/549 8182/118/549
f 8183/119/550 8153/121/550 8156/122/550 8184/120/550
f 8201/4/535 8202/35/535 8203/95/535 8204/96/535
f 8202/35/536 8205/79/536 8206/97/536 8203/95/536
f 8205/79/537 8207/89/537 8208/98/537 8206/97/537
f 8207/89/538 8209/99/538 8210/100/538 8208/98/538
f 8209/99/539 8211/101/539 8212/102/539 8210/100/539
f 8211/101/540 8213/103/540 8214/104/540 8212/102/540
f 8213/103/541 8215/105/541 8216/106/541 8214/104/541
f 8215/105/542 8217/3/542 8218/54/542 8216/106/542
f 8217/3/543 8219/107/543 8220/108/543 8218/54/543
f 8219/107/544 8221/109/544 8222/110/544 8220/108/544
f 8221/109/545 8223/111/545 8224/112/545 8222/110/545
f 8223/111/546 8225/113/546 8226/114/546 8224/112/546
f 8225/113/547 8227/115/547 8228/116/547 8226/114/547
f 8227/115/548 8229/117/548 8230/118/548 8228/116/548
f 8229/117/549 8231/119/549 8232/120/549 8230/118/549
f 8231/119/550 8201/121/550 8204/122/550 8232/120/550
f 8249/4/535 8250/35/535 8251/95/535 8252/96/535
f 8250/35/536 8253/79/536 8254/97/536 8251/95/536
f 8253/79/537 8255/89/537 8256/98/537 8254/97/537
f 8255/89/538 8257/99/538 8258/100/538 8256/98/538
f 8257/99/539 8259/101/539 8260/102/539 8258/100/539
f 8259/101/540 8261/103/540 8262/104/540 8260/102/540
f 8261/103/541 8263/105/541 8264/106/541 8262/104/541
f 8263/105/542 8265/3/542 8266/54/542 8264/106/542
f 8265/3/543 8267/107/543 8268/108/543 8266/54/543
f 8267/107/544 8269/109/544 8270/110/544 8268/108/544
f 8269/109/545 8271/111/545 8272/112/545 8270/110/545
f 8271/111/546 8273/113/546 8274/114/546 8272/112/546
f 8273/113/547 8275/115/547 8276/116/547 8274/114/547
f 8275/115/548 8277/117/548 8278/118/548 8276/116/548
f 8277/117/549 8279/119/549 8280/120/549 8278/118/549
f 8279/119/550 8249/121/550 8252/122/550 8280/120/550
f 8297/4/535 8298/35/535 8299/95/535 8300/96/535
f 8298/35/536 8301/79/536 8302/97/536 8299/95/536
f 8301/79/537 8303/89/537 8304/98/537 8302/97/537
f 8303/89/538 8305/99/538 8306/100/538 8304/98/538
f 8305/99/539 8307/101/539 8308/102/539 8306/100/539
f 8307/101/540 8309/103/540 8310/104/540 8308/102/540
f 8309/103/541 8311/105/541 8312/106/541 8310/104/541
f 8311/105/542 8313/3/542 8314/54/542 8312/106/542
f 8313/3/543 8315/107/543 8316/108/543 8314/54/543
f 8315/107/544 8317/109/544 8318/110/544 8316/108/544
f 8317/109/545 8319/111/545 8320/112/545 8318/110/545
f 8319/111/546 8321/113/546 8322/114/546 8320/112/546
f 8321/113/547 8323/115/547 8324/116/547 8322/114/547
f 8323/115/548 8325/117/548 8326/118/548 8324/116/548
f 8325/117/549 8327/119/549 8328/120/549 8326/118/549
f 8327/119/550 8297/121/550 8300/122/550 8328/120/550
o string_3
usemtl steel
f 6625/4/551 6626/25/551 6627/123/551 6628/92/551
f 6626/25/552 6629/11/552 6630/124/552 6627/123/552
f 6629/11/553 6631/39/553 6632/125/553 6630/124/553
f 6631/39/554 6633/17/554 6634/126/554 6632/125/554
f 6633/17/555 6635/79/555 6636/127/555 6634/126/555
f 6635/79/556 6637/83/556 6638/128/556 6636/127/556
f 6637/83/557 6639/87/557 6640/129/557 6638/128/557
f 6639/87/558 6641/91/558 6642/130/558 6640/129/558
f 6641/91/559 6643/131/559 6644/132/559 6642/130/559
f 6643/131/560 6645/99/560 6646/133/560 6644/132/560
f 6645/99/561 6647/134/561 6648/135/561 6646/133/561
f 6647/134/562 6649/64/562 6650/136/562 6648/135/562
f 6649/64/563 6651/137/563 6652/138/563 6650/136/563
f 6651/137/564 6653/139/564 6654/140/564 6652/138/564
f 6653/139/565 6655/103/565 6656/141/565 6654/140/565
f 6655/103/566 6625/94/566 6628/93/566 6656/141/566
f 6689/4/551 6690/25/551 6626/123/551 6625/92/551
f 6690/25/552 6691/11/552 6629/124/552 6626/123/552
f 6691/11/553 6692/39/553 6631/125/553 6629/124/553
f 6692/39/554 6693/17/554 6633/126/554 6631/125/554
f 6693/17/555 6694/79/555 6635/127/555 6633/126/555
f 6694/79/556 6695/83/556 6637/128/556 6635/127/556
f 6695/83/557 6696/87/557 6639/129/557 6637/128/557
f 6696/87/558 6697/91/558 6641/130/558 6639/129/558
f 6697/91/559 6698/131/559 6643/132/559 6641/130/559
f 6698/131/560 6699/99/560 6645/133/560 6643/132/560
f 6699/99/561 6700/134/561 6647/135/561 6645/133/561
f 6700/134/562 6701/64/562 6649/136/562 6647/135/562
f 6701/64/563 6702/137/563 6651/138/563 6649/136/563
f 6702/137/564 6703/139/564 6653/140/564 6651/138/564
f 6703/139/565 6704/103/565 6655/141/565 6653/140/565
f 6704/103/566 6689/94/566 6625/93/566 6655/141/566
f 6737/4/551 6738/25/551 6690/123/551 6689/92/551
f 6738/25/552 6739/11/552 6691/124/552 6690/123/552
f 6739/11/553 6740/39/553 6692/125/553 6691/124/553
f 6740/39/554 6741/17/554 6693/126/554 6692/125/554
f 6741/17/555 6742/79/555 6694/127/555 6693/126/555
f 6742/79/556 6743/83/556 6695/128/556 6694/127/556
f 6743/83/557 6744/87/557 6696/129/557 6695/128/557
f 6744/87/558 6745/91/558 6697/130/558 6696/129/558
f 6745/91/559 6746/131/559 6698/132/559 6697/130/559
f 6746/131/560 6747/99/560 6699/133/560 6698/132/560
f 6747/99/561 6748/134/561 6700/135/561 6699/133/561
f 6748/134/562 6749/64/562 6701/136/562 6700/135/562
f 6749/64/563 6750/137/563 6702/138/563 6701/136/563
f 6750/137/564 6751/139/564 6703/140/564 6702/138/564
f 6751/139/565 6752/103/565 6704/141/565 6703/140/565
f 6752/103/566 6737/94/566 6689/93/566 6704/141/566
f 6785/4/551 6786/25/551 6738/123/551 6737/92/551
f 6786/25/552 6787/11/552 6739/124/552 6738/123/552
f 6787/11/553 6788/39/553 6740/125/553 6739/124/553
f 6788/39/554 6789/17/554 6741/126/554 6740/125/554
f 6789/17/555 6790/79/555 6742/127/555 6741/126/555
f 6790/79/556 6791/83/556 6743/128/556 6742/127/556
f 6791/83/557 6792/87/557 6744/129/557 6743/128/557
f 6792/87/558 6793/91/558 6745/130/558 6744/129/558
f 6793/91/559 6794/131/559 6746/132/559 6745/130/559
f 6794/131/560 6795/99/560 6747/133/560 6746/132/560
f 6795/99/561 6796/134/561 6748/135/561 6747/133/561
f 6796/134/562 6797/64/562 6749/136/562 6748/135/562
f 6797/64/563 6798/137/563 6750/138/563 6749/136/563
f 6798/137/564 6799/139/564 6751/140/564 6750/138/564
f 6799/139/565 6800/103/565 6752/141/565 6751/140/565
f 6800/103/566 6785/94/566 6737/93/566 6752/141/566
f 6833/4/551 6834/25/551 6786/123/551 6785/92/551
f 6834/25/552 6835/11/552 6787/124/552 6786/123/552
f 6835/11/553 6836/39/553 6788/125/553 6787/124/553
f 6836/39/554 6837/17/554 6789/126/554 6788/125/554
f 6837/17/555 6838/79/555 6790/127/555 6789/126/555
f 6838/79/556 6839/83/556 6791/128/556 6790/127/556
f 6839/83/557 6840/87/557 6792/129/557 6791/128/557
f 6840/87/558 6841/91/558 6793/130/558 6792/129/558
f 6841/91/559 6842/131/559 6794/132/559 6793/130/559
f 6842/131/560 6843/99/560 6795/133/560 6794/132/560
f 6843/99/561 6844/134/561 6796/135/561 6795/133/561
f 6844/134/562 6845/64/562 6797/136/562 6796/135/562
f 6845/64/563 6846/137/563 6798/138/563 6797/136/563
f 6846/137/564 6847/139/564 6799/140/564 6798/138/564
f 6847/139/565 6848/103/565 6800/141/565 6799/140/565
f 6848/103/566 6833/94/566 6785/93/566 6800/141/566
f 6881/4/551 6882/25/551 6834/123/551 6833/92/551
f 6882/25/552 6883/11/552 6835/124/552 6834/123/552
f 6883/11/553 6884/39/553 6836/125/553 6835/124/553
f 6884/39/554 6885/17/554 6837/126/554 6836/125/554
f 6885/17/555 6886/79/555 6838/127/555 6837/126/555
f 6886/79/556 6887/83/556 6839/128/556 6838/127/556
f 6887/83/557 6888/87/557 6840/129/557 6839/128/557
f 6888/87/558 6889/91/558 6841/130/558 6840/129/558
f 6889/91/559 6890/131/559 6842/132/559 6841/130/559
f 6890/131/560 6891/99/560 6843/133/560 6842/132/560
f 6891/99/561 6892/134/561 6844/135/561 6843/133/561
f 6892/134/562 6893/64/562 6845/136/562 6844/135/562
f 6893/64/563 6894/137/563 6846/138/563 6845/136/563
f 6894/137/564 6895/139/564 6847/140/564 6846/138/564
f 6895/139/565 6896/103/565 6848/141/565 6847/140/565
f 6896/103/566 6881/94/566 6833/93/566 6848/141/566
f 6929/4/551 6930/25/551 6882/123/551 6881/92/551
f 6930/25/552 6931/11/552 6883/124/552 6882/123/552
f 6931/11/553 6932/39/553 6884/125/553 6883/124/553
f 6932/39/554 6933/17/554 6885/126/554 6884/125/554
f 6933/17/555 6934/79/555 6886/127/555 6885/126/555
f 6934/79/556 6935/83/556 6887/128/556 6886/127/556
f 6935/83/557 6936/87/557 6888/129/557 6887/128/557
f 6936/87/558 6937/91/558 6889/130/558 6888/129/558
f 6937/91/559 6938/131/559 6890/132/559 6889/130/559
f 6938/131/560 6939/99/560 6891/133/560 6890/132/560
f 6939/99/561 6940/134/561 6892/135/561 6891/133/561
f 6940/134/562 6941/64/562 6893/136/562 6892/135/562
f 6941/64/563 6942/137/563 6894/138/563 6893/136/563
f 6942/137/564 6943/139/564 6895/140/564 6894/138/564
f 6943/139/565 6944/103/565 6896/141/565 6895/140/565
f 6944/103/566 6929/94/566 6881/93/566 6896/141/566
f 6977/4/551 6978/25/551 6930/123/551 6929/92/551
f 6978/25/552 6979/11/552 6931/124/552 6930/123/552
f 6979/11/553 6980/39/553 6932/125/553 6931/124/553
f 6980/39/554 6981/17/554 6933/126/554 6932/125/554
f 6981/17/555 6982/79/555 6934/127/555 6933/126/555
f 6982/79/556 6983/83/556 6935/128/556 6934/127/556
f 6983/83/557 6984/87/557 6936/129/557 6935/128/557
f 6984/87/558 6985/91/558 6937/130/558 6936/129/558
f 6985/91/559 6986/131/559 6938/132/559 6937/130/559
f 6986/131/560 6987/99/560 6939/133/560 6938/132/560
f 6987/99/561 6988/134/561 6940/135/561 6939/133/561
f 6988/134/562 6989/64/562 6941/136/562 6940/135/562
f 6989/64/563 6990/137/563 6942/138/563 6941/136/563
f 6990/137/564 6991/139/564 6943/140/564 6942/138/564
f 6991/139/565 6992/103/565 6944/141/565 6943/140/565
f 6992/103/566 6977/94/566 6929/93/566 6944/141/566
f 7025/4/551 7026/25/551 6978/123/551 6977/92/551
f 7026/25/552 7027/11/552 6979/124/552 6978/123/552
f 7027/11/553 7028/39/553 6980/125/553 6979/124/553
f 7028/39/554 7029/17/554 6981/126/554 6980/125/554
f 7029/17/555 7030/79/555 6982/127/555 6981/126/555
f 7030/79/556 7031/83/556 6983/128/556 6982/127/556
f 7031/83/557 7032/87/557 6984/129/557 6983/128/557
f 7032/87/558 7033/91/558 6985/130/558 6984/129/558
f 7033/91/559 7034/131/559 6986/132/559 6985/130/559
f 7034/131/560 7035/99/560 6987/133/560 6986/132/560
f 7035/99/561 7036/134/561 6988/135/561 6987/133/561
f 7036/134/562 7037/64/562 6989/136/562 6988/135/562
f 7037/64/563 7038/137/563 6990/138/563 6989/136/563
f 7038/137/564 7039/139/564 6991/140/564 6990/138/564
f 7039/139/565 7040/103/565 6992/141/565 6991/140/565
f 7040/103/566 7025/94/566 6977/93/566 6992/141/566
f 7073/4/551 7074/25/551 7026/123/551 7025/92/551
f 7074/25/552 7075/11/552 7027/124/552 7026/123/552
f 7075/11/553 7076/39/553 7028/125/553 7027/124/553
f 7076/39/554 7077/17/554 7029/126/554 7028/125/554
f 7077/17/555 7078/79/555 7030/127/555 7029/126/555
f 7078/79/556 7079/83/556 7031/128/556 7030/127/556
f 7079/83/557 7080/87/557 7032/129/557 7031/128/557
f 7080/87/558 7081/91/558 7033/130/558 7032/129/558
f 7081/91/559 7082/131/559 7034/132/559 7033/130/559
f 7082/131/560 7083/99/560 7035/133/560 7034/132/560
f 7083/99/561 7084/134/561 7036/135/561 7035/133/561
f 7084/134/562 7085/64/562 7037/136/562 7036/135/562
f 7085/64/563 7086/137/563 7038/138/563 7037/136/563
f 7086/137/564 7087/139/564 7039/140/564 7038/138/564
f 7087/139/565 7088/103/565 7040/141/565 7039/140/565
f 7088/103/566 7073/94/566 7025/93/566 7040/141/566
f 7121/4/551 7122/25/551 7074/123/551 7073/92/551
f 7122/25/552 7123/11/552 7075/124/552 7074/123/552
f 7123/11/553 7124/39/553 7076/125/553 7075/124/553
f 7124/39/554 7125/17/554 7077/126/554 7076/125/554
f 7125/17/555 7126/79/555 7078/127/555 7077/126/555
f 7126/79/556 7127/83/556 7079/128/556 7078/127/556
f 7127/83/557 7128/87/557 7080/129/557 7079/128/557
f 7128/87/558 7129/91/558 7081/130/558 7080/129/558
f 7129/91/559 7130/131/559 7082/132/559 7081/130/559
f 7130/131/560 7131/99/560 7083/133/560 7082/132/560
f 7131/99/561 7132/134/561 7084/135/561 7083/133/561
f 7132/134/562 7133/64/562 7085/136/562 7084/135/562
f 7133/64/563 7134/137/563 7086/138/563 7085/136/563
f 7134/137/564 7135/139/564 7087/140/564 7086/138/564
f 7135/139/565 7136/103/565 7088/141/565 7087/140/565
f 7136/103/566 7121/94/566 7073/93/566 7088/141/566
f 7169/4/551 7170/25/551 7122/123/551 7121/92/551
f 7170/25/552 7171/11/552 7123/124/552 7122/123/552
f 7171/11/553 7172/39/553 7124/125/553 7123/124/553
f 7172/39/554 7173/17/554 7125/126/554 7124/125/554
f 7173/17/555 7174/79/555 7126/127/555 7125/126/555
f 7174/79/556 7175/83/556 7127/128/556 7126/127/556
f 7175/83/557 7176/87/557 7128/129/557 7127/128/557
f 7176/87/558 7177/91/558 7129/130/558 7128/129/558
f 7177/91/559 7178/131/559 7130/132/559 7129/130/559
f 7178/131/560 7179/99/560 7131/133/560 7130/132/560
f 7179/99/561 7180/134/561 7132/135/561 7131/133/561
f 7180/134/562 7181/64/562 7133/136/562 7132/135/562
f 7181/64/563 7182/137/563 7134/138/563 7133/136/563
f 7182/137/564 7183/139/564 7135/140/564 7134/138/564
f 7183/139/565 7184/103/565 7136/141/565 7135/140/565
f 7184/103/566 7169/94/566 7121/93/566 7136/141/566
f 7217/4/551 7218/25/551 7170/123/551 7169/92/551
f 7218/25/552 7219/11/552 7171/124/552 7170/123/552
f 7219/11/553 7220/39/553 7172/125/553 7171/124/553
f 7220/39/554 7221/17/554 7173/126/554 7172/125/554
f 7221/17/555 7222/79/555 7174/127/555 7173/126/555
f 7222/79/556 7223/83/556 7175/128/556 7174/127/556
f 7223/83/557 7224/87/557 7176/129/557 7175/128/557
f 7224/87/558 7225/91/558 7177/130/558 7176/129/558
f 7225/91/559 7226/131/559 7178/132/559 7177/130/559
f 7226/131/560 7227/99/560 7179/133/560 7178/132/560
f 7227/99/561 7228/134/561 7180/135/561 7179/133/561
f 7228/134/562 7229/64/562 7181/136/562 7180/135/562
f 7229/64/563 7230/137/563 7182/138/563 7181/136/563
f 7230/137/564 7231/139/564 7183/140/564 7182/138/564
f 7231/139/565 7232/103/565 7184/141/565 7183/140/565
f 7232/103/566 7217/94/566 7169/93/566 7184/141/566
f 7265/4/551 7266/25/551 7218/123/551 7217/92/551
f 7266/25/552 7267/11/552 7219/124/552 7218/123/552
f 7267/11/553 7268/39/553 7220/125/553 7219/124/553
f 7268/39/554 7269/17/554 7221/126/554 7220/125/554
f 7269/17/555 7270/79/555 7222/127/555 7221/126/555
f 7270/79/556 7271/83/556 7223/128/556 7222/127/556
f 7271/83/557 7272/87/557 7224/129/557 7223/128/557
f 7272/87/558 7273/91/558 7225/130/558 7224/129/558
f 7273/91/559 7274/131/559 7226/132/559 7225/130/559
f 7274/131/560 7275/99/560 7227/133/560 7226/132/560
f 7275/99/561 7276/134/561 7228/135/561 7227/133/561
f 7276/134/562 7277/64/562 7229/136/562 7228/135/562
f 7277/64/563 7278/137/563 7230/138/563 7229/136/563
f 7278/137/564 7279/139/564 7231/140/564 7230/138/564
f 7279/139/565 7280/103/565 7232/141/565 7231/140/565
f 7280/103/566 7265/94/566 7217/93/566 7232/141/566
f 7313/4/551 7314/25/551 7266/123/551 7265/92/551
f 7314/25/552 7315/11/552 7267/124/552 7266/123/552
f 7315/11/553 7316/39/553 7268/125/553 7267/124/553
f 7316/39/554 7317/17/554 7269/126/554 7268/125/554
f 7317/17/555 7318/79/555 7270/127/555 7269/126/555
f 7318/79/556 7319/83/556 7271/128/556 7270/127/556
f 7319/83/557 7320/87/557 7272/129/557 7271/128/557
f 7320/87/558 7321/91/558 7273/130/558 7272/129/558
f 7321/91/559 7322/131/559 7274/132/559 7273/130/559
f 7322/131/560 7323/99/560 7275/133/560 7274/132/560
f 7323/99/561 7324/134/561 7276/135/561 7275/133/561
f 7324/134/562 7325/64/562 7277/136/562 7276/135/562
f 7325/64/563 7326/137/563 7278/138/563 7277/136/563
f 7326/137/564 7327/139/564 7279/140/564 7278/138/564
f 7327/139/565 7328/103/565 7280/141/565 7279/140/565
f 7328/103/566 7313/94/566 7265/93/566 7280/141/566
f 7361/4/551 7362/25/551 7314/123/551 7313/92/551
f 7362/25/552 7363/11/552 7315/124/552 7314/123/552
f 7363/11/553 7364/39/553 7316/125/553 7315/124/553
f 7364/39/554 7365/17/554 7317/126/554 7316/125/554
f 7365/17/555 7366/79/555 7318/127/555 7317/126/555
f 7366/79/556 7367/83/556 7319/128/556 7318/127/556
f 7367/83/557 7368/87/557 7320/129/557 7319/128/557
f 7368/87/558 7369/91/558 7321/130/558 7320/129/558
f 7369/91/559 7370/131/559 7322/132/559 7321/130/559
f 7370/131/560 7371/99/560 7323/133/560 7322/132/560
f 7371/99/561 7372/134/561 7324/135/561 7323/133/561
f 7372/134/562 7373/64/562 7325/136/562 7324/135/562
f 7373/64/563 7374/137/563 7326/138/563 7325/136/563
f 7374/137/564 7375/139/564 7327/140/564 7326/138/564
f 7375/139/565 7376/103/565 7328/141/565 7327/140/565
f 7376/103/566 7361/94/566 7313/93/566 7328/141/566
f 7409/4/551 7410/25/551 7362/123/551 7361/92/551
f 7410/25/552 7411/11/552 7363/124/552 7362/123/552
f 7411/11/553 7412/39/553 7364/125/553 7363/124/553
f 7412/39/554 7413/17/554 7365/126/554 7364/125/554
f 7413/17/555 7414/79/555 7366/127/555 7365/126/555
f 7414/79/556 7415/83/556 7367/128/556 7366/127/556
f 7415/83/557 7416/87/557 7368/129/557 7367/128/557
f 7416/87/558 7417/91/558 7369/130/558 7368/129/558
f 7417/91/559 7418/131/559 7370/132/559 7369/130/559
f 7418/131/560 7419/99/560 7371/133/560 7370/132/560
f 7419/99/561 7420/134/561 7372/135/561 7371/133/561
f 7420/134/562 7421/64/562 7373/136/562 7372/135/562
f 7421/64/563 7422/137/563 7374/138/563 7373/136/563
f 7422/137/564 7423/139/564 7375/140/564 7374/138/564
f 7423/139/565 7424/103/565 7376/141/565 7375/140/565
f 7424/103/566 7409/94/566 7361/93/566 7376/141/566
f 7457/4/551 7458/25/551 7410/123/551 7409/92/551
f 7458/25/552 7459/11/552 7411/124/552 7410/123/552
f 7459/11/553 7460/39/553 7412/125/553 7411/124/553
f 7460/39/554 7461/17/554 7413/126/554 7412/125/554
f 7461/17/555 7462/79/555 7414/127/555 7413/126/555
f 7462/79/556 7463/83/556 7415/128/556 7414/127/556
f 7463/83/557 7464/87/557 7416/129/557 7415/128/557
f 7464/87/558 7465/91/558 7417/130/558 7416/129/558
f 7465/91/559 7466/131/559 7418/132/559 7417/130/559
f 7466/131/560 7467/99/560 7419/133/560 7418/132/560
f 7467/99/561 7468/134/561 7420/135/561 7419/133/561
f 7468/134/562 7469/64/562 7421/136/562 7420/135/562
f 7469/64/563 7470/137/563 7422/138/563 7421/136/563
f 7470/137/564 7471/139/564 7423/140/564 7422/138/564
f 7471/139/565 7472/103/565 7424/141/565 7423/140/565
f 7472/103/566 7457/94/566 7409/93/566 7424/141/566
f 6628/4/551 6627/25/551 7513/123/551 7514/92/551
f 6627/25/552 6630/11/552 7515/124/552 7513/123/552
f 6630/11/553 6632/39/553 7516/125/553 7515/124/553
f 6632/39/554 6634/17/554 7517/126/554 7516/125/554
f 6634/17/555 6636/79/555 7518/127/555 7517/126/555
f 6636/79/556 6638/83/556 7519/128/556 7518/127/556
f 6638/83/557 6640/87/557 7520/129/557 7519/128/557
f 6640/87/558 6642/91/558 7521/130/558 7520/129/558
f 6642/91/559 6644/131/559 7522/132/559 7521/130/559
f 6644/131/560 6646/99/560 7523/133/560 7522/132/560
f 6646/99/561 6648/134/561 7524/135/561 7523/133/561
f 6648/134/562 6650/64/562 7525/136/562 7524/135/562
f 6650/64/563 6652/137/563 7526/138/563 7525/136/563
f 6652/137/564 6654/139/564 7527/140/564 7526/138/564
f 6654/139/565 6656/103/565 7528/141/565 7527/140/565
f 6656/103/566 6628/94/566 7514/93/566 7528/141/566
f 7514/4/551 7513/25/551 7561/123/551 7562/92/551
f 7513/25/552 7515/11/552 7563/124/552 7561/123/552
f 7515/11/553 7516/39/553 7564/125/553 7563/124/553
f 7516/39/554 7517/17/554 7565/126/554 7564/125/554
f 7517/17/555 7518/79/555 7566/127/555 7565/126/555
f 7518/79/556 7519/83/556 7567/128/556 7566/127/556
f 7519/83/557 7520/87/557 7568/129/557 7567/128/557
f 7520/87/558 7521/91/558 7569/130/558 7568/129/558
f 7521/91/559 7522/131/559 7570/132/559 7569/130/559
f 7522/131/560 7523/99/560 7571/133/560 7570/132/560
f 7523/99/561 7524/134/561 7572/135/561 7571/133/561
f 7524/134/562 7525/64/562 7573/136/562 7572/135/562
f 7525/64/563 7526/137/563 7574/138/563 7573/136/563
f 7526/137/564 7527/139/564 7575/140/564 7574/138/564
f 7527/139/565 7528/103/565 7576/141/565 7575/140/565
f 7528/103/566 7514/94/566 7562/93/566 7576/141/566
f 7562/4/551 7561/25/551 7609/123/551 7610/92/551
f 7561/25/552 7563/11/552 7611/124/552 7609/123/552
f 7563/11/553 7564/39/553 7612/125/553 7611/124/553
f 7564/39/554 7565/17/554 7613/126/554 7612/125/554
f 7565/17/555 7566/79/555 7614/127/555 7613/126/555
f 7566/79/556 7567/83/556 7615/128/556 7614/127/556
f 7567/83/557 7568/87/557 7616/129/557 7615/128/557
f 7568/87/558 7569/91/558 7617/130/558 7616/129/558
f 7569/91/559 7570/131/559 7618/132/559 7617/130/559
f 7570/131/560 7571/99/560 7619/133/560 7618/132/560
f 7571/99/561 7572/134/561 7620/135/561 7619/133/561
f 7572/134/562 7573/64/562 7621/136/562 7620/135/562
f 7573/64/563 7574/137/563 7622/138/563 7621/136/563
f 7574/137/564 7575/139/564 7623/140/564 7622/138/564
f 7575/139/565 7576/103/565 7624/141/565 7623/140/565
f 7576/103/566 7562/94/566 7610/93/566 7624/141/566
f 7610/4/551 7609/25/551 7657/123/551 7658/92/551
f 7609/25/552 7611/11/552 7659/124/552 7657/123/552
f 7611/11/553 7612/39/553 7660/125/553 7659/124/553
f 7612/39/554 7613/17/554 7661/126/554 7660/125/554
f 7613/17/555 7614/79/555 7662/127/555 7661/126/555
f 7614/79/556 7615/83/556 7663/128/556 7662/127/556
f 7615/83/557 7616/87/557 7664/129/557 7663/128/557
f 7616/87/558 7617/91/558 7665/130/558 7664/129/558
f 7617/91/559 7618/131/559 7666/132/559 7665/130/559
f 7618/131/560 7619/99/560 7667/133/560 7666/132/560
f 7619/99/561 7620/134/561 7668/135/561 7667/133/561
f 7620/134/562 7621/64/562 7669/136/562 7668/135/562
f 7621/64/563 7622/137/563 7670/138/563 7669/136/563
f 7622/137/564 7623/139/564 7671/140/564 7670/138/564
f 7623/139/565 7624/103/565 7672/141/565 7671/140/565
f 7624/103/566 7610/94/566 7658/93/566 7672/141/566
f 7658/4/551 7657/25/551 7705/123/551 7706/92/551
f 7657/25/552 7659/11/552 7707/124/552 7705/123/552
f 7659/11/553 7660/39/553 7708/125/553 7707/124/553
f 7660/39/554 7661/17/554 7709/126/554 7708/125/554
f 7661/17/555 7662/79/555 7710/127/555 7709/126/555
f 7662/79/556 7663/83/556 7711/128/556 7710/127/556
f 7663/83/557 7664/87/557 7712/129/557 7711/128/557
f 7664/87/558 7665/91/558 7713/130/558 7712/129/558
f 7665/91/559 7666/131/559 7714/132/559 7713/130/559
f 7666/131/560 7667/99/560 7715/133/560 7714/132/560
f 7667/99/561 7668/134/561 7716/135/561 7715/133/561
f 7668/134/562 7669/64/562 7717/136/562 7716/135/562
f 7669/64/563 7670/137/563 7718/138/563 7717/136/563
f 7670/137/564 7671/139/564 7719/140/564 7718/138/564
f 7671/139/565 7672/103/565 7720/141/565 7719/140/565
f 7672/103/566 7658/94/566 7706/93/566 7720/141/566
f 7706/4/551 7705/25/551 7753/123/551 7754/92/551
f 7705/25/552 7707/11/552 7755/124/552 7753/123/552
f 7707/11/553 7708/39/553 7756/125/553 7755/124/553
f 7708/39/554 7709/17/554 7757/126/554 7756/125/554
f 7709/17/555 7710/79/555 7758/127/555 7757/126/555
f 7710/79/556 7711/83/556 7759/128/556 7758/127/556
f 7711/83/557 7712/87/557 7760/129/557 7759/128/557
f 7712/87/558 7713/91/558 7761/130/558 7760/129/558
f 7713/91/559 7714/131/559 7762/132/559 7761/130/559
f 7714/131/560 7715/99/560 7763/133/560 7762/132/560
f 7715/99/561 7716/134/561 7764/135/561 7763/133/561
f 7716/134/562 7717/64/562 7765/136/562 7764/135/562
f 7717/64/563 7718/137/563 7766/138/563 7765/136/563
f 7718/137/564 7719/139/564 7767/140/564 7766/138/564
f 7719/139/565 7720/103/565 7768/141/565 7767/140/565
f 7720/103/566 7706/94/566 7754/93/566 7768/141/566
f 7754/4/551 7753/25/551 7801/123/551 7802/92/551
f 7753/25/552 7755/11/552 7803/124/552 7801/123/552
f 7755/11/553 7756/39/553 7804/125/553 7803/124/553
f 7756/39/554 7757/17/554 7805/126/554 7804/125/554
f 7757/17/555 7758/79/555 7806/127/555 7805/126/555
f 7758/79/556 7759/83/556 7807/128/556 7806/127/556
f 7759/83/557 7760/87/557 7808/129/557 7807/128/557
f 7760/87/558 7761/91/558 7809/130/558 7808/129/558
f 7761/91/559 7762/131/559 7810/132/559 7809/130/559
f 7762/131/560 7763/99/560 7811/133/560 7810/132/560
f 7763/99/561 7764/134/561 7812/135/561 7811/133/561
f 7764/134/562 7765/64/562 7813/136/562 7812/135/562
f 7765/64/563 7766/137/563 7814/138/563 7813/136/563
f 7766/137/564 7767/139/564 7815/140/564 7814/138/564
f 7767/139/565 7768/103/565 7816/141/565 7815/140/565
f 7768/103/566 7754/94/566 7802/93/566 7816/141/566
f 7802/4/551 7801/25/551 7849/123/551 7850/92/551
f 7801/25/552 7803/11/552 7851/124/552 7849/123/552
f 7803/11/553 7804/39/553 7852/125/553 7851/124/553
f 7804/39/554 7805/17/554 7853/126/554 7852/125/554
f 7805/17/555 7806/79/555 7854/127/555 7853/126/555
f 7806/79/556 7807/83/556 7855/128/556 7854/127/556
f 7807/83/557 7808/87/557 7856/129/557 7855/128/557
f 7808/87/558 7809/91/558 7857/130/558 7856/129/558
f 7809/91/559 7810/131/559 7858/132/559 7857/130/559
f 7810/131/560 7811/99/560 7859/133/560 7858/132/560
f 7811/99/561 7812/134/561 7860/135/561 7859/133/561
f 7812/134/562 7813/64/562 7861/136/562 7860/135/562
f 7813/64/563 7814/137/563 7862/138/563 7861/136/563
f 7814/137/564 7815/139/564 7863/140/564 7862/138/564
f 7815/139/565 7816/103/565 7864/141/565 7863/140/565
f 7816/103/566 7802/94/566 7850/93/566 7864/141/566
f 7850/4/551 7849/25/551 7897/123/551 7898/92/551
f 7849/25/552 7851/11/552 7899/124/552 7897/123/552
f 7851/11/553 7852/39/553 7900/125/553 7899/124/553
f 7852/39/554 7853/17/554 7901/126/554 7900/125/554
f 7853/17/555 7854/79/555 7902/127/555 7901/126/555
f 7854/79/556 7855/83/556 7903/128/556 7902/127/556
f 7855/83/557 7856/87/557 7904/129/557 7903/128/557
f 7856/87/558 7857/91/558 7905/130/558 7904/129/558
f 7857/91/559 7858/131/559 7906/132/559 7905/130/559
f 7858/131/560 7859/99/560 7907/133/560 7906/132/560
f 7859/99/561 7860/134/561 7908/135/561 7907/133/561
f 7860/134/562 7861/64/562 7909/136/562 7908/135/562
f 7861/64/563 7862/137/563 7910/138/563 7909/136/563
f 7862/137/564 7863/139/564 7911/140/564 7910/138/564
f 7863/139/565 7864/103/565 7912/141/565 7911/140/565
f 7864/103/566 7850/94/566 7898/93/566 7912/141/566
f 7898/4/551 7897/25/551 7945/123/551 7946/92/551
f 7897/25/552 7899/11/552 7947/124/552 7945/123/552
f 7899/11/553 7900/39/553 7948/125/553 7947/124/553
f 7900/39/554 7901/17/554 7949/126/554 7948/125/554
f 7901/17/555 7902/79/555 7950/127/555 7949/126/555
f 7902/79/556 7903/83/556 7951/128/556 7950/127/556
f 7903/83/557 7904/87/557 7952/129/557 7951/128/557
f 7904/87/558 7905/91/558 7953/130/558 7952/129/558
f 7905/91/559 7906/131/559 7954/132/559 7953/130/559
f 7906/131/560 7907/99/560 7955/133/560 7954/132/560
f 7907/99/561 7908/134/561 7956/135/561 7955/133/561
f 7908/134/562 7909/64/562 7957/136/562 7956/135/562
f 7909/64/563 7910/137/563 7958/138/563 7957/136/563
f 7910/137/564 7911/139/564 7959/140/564 7958/138/564
f 7911/139/565 7912/103/565 7960/141/565 7959/140/565
f 7912/103/566 7898/94/566 7946/93/566 7960/141/566
f 7946/4/551 7945/25/551 7993/123/551 7994/92/551
f 7945/25/552 7947/11/552 7995/124/552 7993/123/552
f 7947/11/553 7948/39/553 7996/125/553 7995/124/553
f 7948/39/554 7949/17/554 7997/126/554 7996/125/554
f 7949/17/555 7950/79/555 7998/127/555 7997/126/555
f 7950/79/556 7951/83/556 7999/128/556 7998/127/556
f 7951/83/557 7952/87/557 8000/129/557 7999/128/557
f 7952/87/558 7953/91/558 8001/130/558 8000/129/558
f 7953/91/559 7954/131/559 8002/132/559 8001/130/559
f 7954/131/560 7955/99/560 8003/133/560 8002/132/560
f 7955/99/561 7956/134/561 8004/135/561 8003/133/561
f 7956/134/562 7957/64/562 8005/136/562 8004/135/562
f 7957/64/563 7958/137/563 8006/138/563 8005/136/563
f 7958/137/564 7959/139/564 8007/140/564 8006/138/564
f 7959/139/565 7960/103/565 8008/141/565 8007/140/565
f 7960/103/566 7946/94/566 7994/93/566 8008/141/566
f 7994/4/551 7993/25/551 8041/123/551 8042/92/551
f 7993/25/552 7995/11/552 8043/124/552 8041/123/552
f 7995/11/553 7996/39/553 8044/125/553 8043/124/553
f 7996/39/554 7997/17/554 8045/126/554 8044/125/554
f 7997/17/555 7998/79/555 8046/127/555 8045/126/555
f 7998/79/556 7999/83/556 8047/128/556 8046/127/556
f 7999/83/557 8000/87/557 8048/129/557 8047/128/557
f 8000/87/558 8001/91/558 8049/130/558 8048/129/558
f 8001/91/559 8002/131/559 8050/132/559 8049/130/559
f 8002/131/560 8003/99/560 8051/133/560 8050/132/560
f 8003/99/561 8004/134/561 8052/135/561 8051/133/561
f 8004/134/562 8005/64/562 8053/136/562 8052/135/562
f 8005/64/563 8006/137/563 8054/138/563 8053/136/563
f 8006/137/564 8007/139/564 8055/140/564 8054/138/564
f 8007/139/565 8008/103/565 8056/141/565 8055/140/565
f 8008/103/566 7994/94/566 8042/93/566 8056/141/566
f 8042/4/551 8041/25/551 8089/123/551 8090/92/551
f 8041/25/552 8043/11/552 8091/124/552 8089/123/552
f 8043/11/553 8044/39/553 8092/125/553 8091/124/553
f 8044/39/554 8045/17/554 8093/126/554 8092/125/554
f 8045/17/555 8046/79/555 8094/127/555 8093/126/555
f 8046/79/556 8047/83/556 8095/128/556 8094/127/556
f 8047/83/557 8048/87/557 8096/129/557 8095/128/557
f 8048/87/558 8049/91/558 8097/130/558 8096/129/558
f 8049/91/559 8050/131/559 8098/132/559 8097/130/559
f 8050/131/560 8051/99/560 8099/133/560 8098/132/560
f 8051/99/561 8052/134/561 8100/135/561 8099/133/561
f 8052/134/562 8053/64/562 8101/136/562 8100/135/562
f 8053/64/563 8054/137/563 8102/138/563 8101/136/563
f 8054/137/564 8055/139/564 8103/140/564 8102/138/564
f 8055/139/565 8056/103/565 8104/141/565 8103/140/565
f 8056/103/566 8042/94/566 8090/93/566 8104/141/566
f 8090/4/551 8089/25/551 8137/123/551 8138/92/551
f 8089/25/552 8091/11/552 8139/124/552 8137/123/552
f 8091/11/553 8092/39/553 8140/125/553 8139/124/553
f 8092/39/554 8093/17/554 8141/126/554 8140/125/554
f 8093/17/555 8094/79/555 8142/127/555 8141/126/555
f 8094/79/556 8095/83/556 8143/128/556 8142/127/556
f 8095/83/557 8096/87/557 8144/129/557 8143/128/557
f 8096/87/558 8097/91/558 8145/130/558 8144/129/558
f 8097/91/559 8098/131/559 8146/132/559 8145/130/559
f 8098/131/560 8099/99/560 8147/133/560 8146/132/560
f 8099/99/561 8100/134/561 8148/135/561 8147/133/561
f 8100/134/562 8101/64/562 8149/136/562 8148/135/562
f 8101/64/563 8102/137/563 8150/138/563 8149/136/563
f 8102/137/564 8103/139/564 8151/140/564 8150/138/564
f 8103/139/565 8104/103/565 8152/141/565 8151/140/565
f 8104/103/566 8090/94/566 8138/93/566 8152/141/566
f 8138/4/551 8137/25/551 8185/123/551 8186/92/551
f 8137/25/552 8139/11/552 8187/124/552 8185/123/552
f 8139/11/553 8140/39/553 8188/125/553 8187/124/553
f 8140/39/554 8141/17/554 8189/126/554 8188/125/554
f 8141/17/555 8142/79/555 8190/127/555 8189/126/555
f 8142/79/556 8143/83/556 8191/128/556 8190/127/556
f 8143/83/557 8144/87/557 8192/129/557 8191/128/557
f 8144/87/558 8145/91/558 8193/130/558 8192/129/558
f 8145/91/559 8146/131/559 8194/132/559 8193/130/559
f 8146/131/560 8147/99/560 8195/133/560 8194/132/560
f 8147/99/561 8148/134/561 8196/135/561 8195/133/561
f 8148/134/562 8149/64/562 8197/136/562 8196/135/562
f 8149/64/563 8150/137/563 8198/138/563 8197/136/563
f 8150/137/564 8151/139/564 8199/140/564 8198/138/564
f 8151/139/565 8152/103/565 8200/141/565 8199/140/565
f 8152/103/566 8138/94/566 8186/93/566 8200/141/566
f 8186/4/551 8185/25/551 8233/123/551 8234/92/551
f 8185/25/552 8187/11/552 8235/124/552 8233/123/552
f 8187/11/553 8188/39/553 8236/125/553 8235/124/553
f 8188/39/554 8189/17/554 8237/126/554 8236/125/554
f 8189/17/555 8190/79/555 8238/127/555 8237/126/555
f 8190/79/556 8191/83/556 8239/128/556 8238/127/556
f 8191/83/557 8192/87/557 8240/129/557 8239/128/557
f 8192/87/558 8193/91/558 8241/130/558 8240/129/558
f 8193/91/559 8194/131/559 8242/132/559 8241/130/559
f 8194/131/560 8195/99/560 8243/133/560 8242/132/560
f 8195/99/561 8196/134/561 8244/135/561 8243/133/561
f 8196/134/562 8197/64/562 8245/136/562 8244/135/562
f 8197/64/563 8198/137/563 8246/138/563 8245/136/563
f 8198/137/564 8199/139/564 8247/140/564 8246/138/564
f 8199/139/565 8200/103/565 8248/141/565 8247/140/565
f 8200/103/566 8186/94/566 8234/93/566 8248/141/566
f 8234/4/551 8233/25/551 8281/123/551 8282/92/551
f 8233/25/552 8235/11/552 8283/124/552 8281/123/552
f 8235/11/553 8236/39/553 8284/125/553 8283/124/553
f 8236/39/554 8237/17/554 8285/126/554 8284/125/554
f 8237/17/555 8238/79/555 8286/127/555 8285/126/555
f 8238/79/556 8239/83/556 8287/128/556 8286/127/556
f 8239/83/557 8240/87/557 8288/129/557 8287/128/557
f 8240/87/558 8241/91/558 8289/130/558 8288/129/558
f 8241/91/559 8242/131/559 8290/132/559 8289/130/559
f 8242/131/560 8243/99/560 8291/133/560 8290/132/560
f 8243/99/561 8244/134/561 8292/135/561 8291/133/561
f 8244/134/562 8245/64/562 8293/136/562 8292/135/562
f 8245/64/563 8246/137/563 8294/138/563 8293/136/563
f 8246/137/564 8247/139/564 8295/140/564 8294/138/564
f 8247/139/565 8248/103/565 8296/141/565 8295/140/565
f 8248/103/566 8234/94/566 8282/93/566 8296/141/566
f 8282/4/551 8281/25/551 8329/123/551 8330/92/551
f 8281/25/552 8283/11/552 8331/124/552 8329/123/552
f 8283/11/553 8284/39/553 8332/125/553 8331/124/553
f 8284/39/554 8285/17/554 8333/126/554 8332/125/554
f 8285/17/555 8286/79/555 8334/127/555 8333/126/555
f 8286/79/556 8287/83/556 8335/128/556 8334/127/556
f 8287/83/557 8288/87/557 8336/129/557 8335/128/557
f 8288/87/558 8289/91/558 8337/130/558 8336/129/558
f 8289/91/559 8290/131/559 8338/132/559 8337/130/559
f 8290/131/560 8291/99/560 8339/133/560 8338/132/560
f 8291/99/561 8292/134/561 8340/135/561 8339/133/561
f 8292/134/562 8293/64/562 8341/136/562 8340/135/562
f 8293/64/563 8294/137/563 8342/138/563 8341/136/563
f 8294/137/564 8295/139/564 8343/140/564 8342/138/564
f 8295/139/565 8296/103/565 8344/141/565 8343/140/565
f 8296/103/566 8282/94/566 8330/93/566 8344/141/566
o clamp_3
usemtl steel
f 7473/67/1 7474/90/1 7475/91/1 7476/4/1
f 7477/4/2 7478/91/2 7479/90/2 7480/67/2
f 7480/90/3 7479/67/3 7474/4/3 7473/91/3
f 7478/90/4 7477/67/4 7476/4/4 7475/91/4
f 7477/90/5 7480/67/5 7473/4/5 7476/91/5
f 7479/90/6 7478/67/6 7475/4/6 7474/91/6
f 8345/67/1 8346/90/1 8347/91/1 8348/4/1
f 8349/4/2 8350/91/2 8351/90/2 8352/67/2
f 8352/90/3 8351/67/3 8346/4/3 8345/91/3
f 8350/90/4 8349/67/4 8348/4/4 8347/91/4
f 8349/90/5 8352/67/5 8345/4/5 8348/91/5
f 8351/90/6 8350/67/6 8347/4/6 8346/91/6
o jumper_3
usemtl conductor
f 8353/4/567 8354/35/567 8355/142/567 8356/143/567
f 8354/35/568 8357/79/568 8358/144/568 8355/142/568
f 8357/79/569 8359/89/569 8360/145/569 8358/144/569
f 8359/89/570 8361/99/570 8362/146/570 8360/145/570
f 8361/99/571 8363/101/571 8364/147/571 8362/146/571
f 8363/101/572 8365/103/572 8366/148/572 8364/147/572
f 8365/103/573 8367/105/573 8368/149/573 8366/148/573
f 8367/105/574 8369/3/574 8370/150/574 8368/149/574
f 8369/3/575 8371/107/575 8372/151/575 8370/150/575
f 8371/107/576 8373/109/576 8374/152/576 8372/151/576
f 8373/109/577 8375/111/577 8376/153/577 8374/152/577
f 8375/111/578 8377/113/578 8378/154/578 8376/153/578
f 8377/113/579 8379/115/579 8380/155/579 8378/154/579
f 8379/115/580 8381/117/580 8382/156/580 8380/155/580
f 8381/117/581 8383/119/581 8384/157/581 8382/156/581
f 8383/119/582 8353/121/582 8356/158/582 8384/157/582
f 8356/143/583 8355/142/583 8385/159/583 8386/160/583
f 8355/142/584 8358/144/584 8387/161/584 8385/159/584
f 8358/144/585 8360/145/585 8388/162/585 8387/161/585
f 8360/145/586 8362/146/586 8389/163/586 8388/162/586
f 8362/146/587 8364/147/587 8390/164/587 8389/163/587
f 8364/147/588 8366/148/588 8391/165/588 8390/164/588
f 8366/148/589 8368/149/589 8392/166/589 8391/165/589
f 8368/149/590 8370/150/590 8393/167/590 8392/166/590
f 8370/150/591 8372/151/591 8394/168/591 8393/167/591
f 8372/151/592 8374/152/592 8395/169/592 8394/168/592
f 8374/152/593 8376/153/593 8396/170/593 8395/169/593
f 8376/153/594 8378/154/594 8397/171/594 8396/170/594
f 8378/154/595 8380/155/595 8398/172/595 8397/171/595
f 8380/155/596 8382/156/596 8399/173/596 8398/172/596
f 8382/156/597 8384/157/597 8400/174/597 8399/173/597
f 8384/157/598 8356/158/598 8386/175/598 8400/174/598
f 8386/160/599 8385/159/599 8401/176/599 8402/177/599
f 8385/159/600 8387/161/600 8403/178/600 8401/176/600
f 8387/161/601 8388/162/601 8404/179/601 8403/178/601
f 8388/162/602 8389/163/602 8405/180/602 8404/179/602
f 8389/163/603 8390/164/603 8406/181/603 8405/180/603
f 8390/164/604 8391/165/604 8407/182/604 8406/181/604
f 8391/165/605 8392/166/605 8408/183/605 8407/182/605
f 8392/166/606 8393/167/606 8409/184/606 8408/183/606
f 8393/167/607 8394/168/607 8410/185/607 8409/184/607
f 8394/168/608 8395/169/608 8411/186/608 8410/185/608
f 8395/169/609 8396/170/609 8412/187/609 8411/186/609
f 8396/170/610 8397/171/610 8413/188/610 8412/187/610
f 8397/171/611 8398/172/611 8414/189/611 8413/188/611
f 8398/172/612 8399/173/612 8415/190/612 8414/189/612
f 8399/173/613 8400/174/613 8416/191/613 8415/190/613
f 8400/174/614 8386/175/614 8402/192/614 8416/191/614
f 8402/177/615 8401/176/615 8417/193/615 8418/194/615
f 8401/176/616 8403/178/616 8419/195/616 8417/193/616
f 8403/178/617 8404/179/617 8420/196/617 8419/195/617
f 8404/179/618 8405/180/618 8421/197/618 8420/196/618
f 8405/180/619 8406/181/619 8422/198/619 8421/197/619
f 8406/181/620 8407/182/620 8423/199/620 8422/198/620
f 8407/182/621 8408/183/621 8424/200/621 8423/199/621
f 8408/183/622 8409/184/622 8425/201/622 8424/200/622
f 8409/184/623 8410/185/623 8426/202/623 8425/201/623
f 8410/185/624 8411/186/624 8427/203/624 8426/202/624
f 8411/186/625 8412/187/625 8428/204/625 8427/203/625
f 8412/187/626 8413/188/626 8429/205/626 8428/204/626
f 8413/188/627 8414/189/627 8430/206/627 8429/205/627
f 8414/189/628 8415/190/628 8431/207/628 8430/206/628
f 8415/190/629 8416/191/629 8432/208/629 8431/207/629
f 8416/191/630 8402/192/630 8418/209/630 8432/208/630
f 8418/194/631 8417/193/631 8433/210/631 8434/1/631
f 8417/193/632 8419/195/632 8435/211/632 8433/210/632
f 8419/195/633 8420/196/633 8436/212/633 8435/211/633
f 8420/196/634 8421/197/634 8437/213/634 8436/212/634
f 8421/197/635 8422/198/635 8438/214/635 8437/213/635
f 8422/198/636 8423/199/636 8439/215/636 8438/214/636
f 8423/199/637 8424/200/637 8440/216/637 8439/215/637
f 8424/200/638 8425/201/638 8441/2/638 8440/216/638
f 8425/201/639 8426/202/639 8442/217/639 8441/2/639
f 8426/202/640 8427/203/640 8443/218/640 8442/217/640
f 8427/203/641 8428/204/641 8444/219/641 8443/218/641
f 8428/204/642 8429/205/642 8445/220/642 8444/219/642
f 8429/205/643 8430/206/643 8446/221/643 8445/220/643
f 8430/206/644 8431/207/644 8447/222/644 8446/221/644
f 8431/207/645 8432/208/645 8448/223/645 8447/222/645
f 8432/208/646 8418/209/646 8434/58/646 8448/223/646
f 8434/1/647 8433/210/647 8449/224/647 8450/225/647
f 8433/210/648 8435/211/648 8451/226/648 8449/224/648
f 8435/211/649 8436/212/649 8452/227/649 8451/226/649
f 8436/212/650 8437/213/650 8453/228/650 8452/227/650
f 8437/213/651 8438/214/651 8454/229/651 8453/228/651
f 8438/214/652 8439/215/652 8455/230/652 8454/229/652
f 8439/215/653 8440/216/653 8456/231/653 8455/230/653
f 8440/216/654 8441/2/654 8457/232/654 8456/231/654
f 8441/2/655 8442/217/655 8458/233/655 8457/232/655
f 8442/217/656 8443/218/656 8459/234/656 8458/233/656
f 8443/218/657 8444/219/657 8460/235/657 8459/234/657
f 8444/219/658 8445/220/658 8461/236/658 8460/235/658
f 8445/220/659 8446/221/659 8462/237/659 8461/236/659
f 8446/221/660 8447/222/660 8463/238/660 8462/237/660
f 8447/222/661 8448/223/661 8464/239/661 8463/238/661
f 8448/223/662 8434/58/662 8450/240/662 8464/239/662
f 8450/225/663 8449/224/663 8465/241/663 8466/242/663
f 8449/224/664 8451/226/664 8467/243/664 8465/241/664
f 8451/226/665 8452/227/665 8468/244/665 8467/243/665
f 8452/227/666 8453/228/666 8469/245/666 8468/244/666
f 8453/228/667 8454/229/667 8470/246/667 8469/245/667
f 8454/229/668 8455/230/668 8471/247/668 8470/246/668
f 8455/230/669 8456/231/669 8472/248/669 8471/247/669
f 8456/231/670 8457/232/670 8473/249/670 8472/248/670
f 8457/232/671 8458/233/671 8474/250/671 8473/249/671
f 8458/233/672 8459/234/672 8475/251/672 8474/250/672
f 8459/234/673 8460/235/673 8476/252/673 8475/251/673
f 8460/235/674 8461/236/674 8477/253/674 8476/252/674
f 8461/236/675 8462/237/675 8478/254/675 8477/253/675
f 8462/237/676 8463/238/676 8479/255/676 8478/254/676
f 8463/238/677 8464/239/677 8480/256/677 8479/255/677
f 8464/239/678 8450/240/678 8466/257/678 8480/256/678
f 8466/242/679 8465/241/679 8481/258/679 8482/259/679
f 8465/241/680 8467/243/680 8483/260/680 8481/258/680
f 8467/243/681 8468/244/681 8484/261/681 8483/260/681
f 8468/244/682 8469/245/682 8485/262/682 8484/261/682
f 8469/245/683 8470/246/683 8486/263/683 8485/262/683
f 8470/246/684 8471/247/684 8487/264/684 8486/263/684
f 8471/247/685 8472/248/685 8488/265/685 8487/264/685
f 8472/248/686 8473/249/686 8489/266/686 8488/265/686
f 8473/249/687 8474/250/687 8490/267/687 8489/266/687
f 8474/250/688 8475/251/688 8491/268/688 8490/267/688
f 8475/251/689 8476/252/689 8492/269/689 8491/268/689
f 8476/252/690 8477/253/690 8493/270/690 8492/269/690
f 8477/253/691 8478/254/691 8494/271/691 8493/270/691
f 8478/254/692 8479/255/692 8495/272/692 8494/271/692
f 8479/255/693 8480/256/693 8496/273/693 8495/272/693
f 8480/256/694 8466/257/694 8482/274/694 8496/273/694
f 8482/259/695 8481/258/695 8497/275/695 8498/276/695
f 8481/258/696 8483/260/696 8499/277/696 8497/275/696
f 8483/260/697 8484/261/697 8500/278/697 8499/277/697
f 8484/261/698 8485/262/698 8501/279/698 8500/278/698
f 8485/262/699 8486/263/699 8502/280/699 8501/279/699
f 8486/263/700 8487/264/700 8503/281/700 8502/280/700
f 8487/264/701 8488/265/701 8504/282/701 8503/281/701
f 8488/265/702 8489/266/702 8505/283/702 8504/282/702
f 8489/266/703 8490/267/703 8506/284/703 8505/283/703
f 8490/267/704 8491/268/704 8507/285/704 8506/284/704
f 8491/268/705 8492/269/705 8508/286/705 8507/285/705
f 8492/269/706 8493/270/706 8509/287/706 8508/286/706
f 8493/270/707 8494/271/707 8510/288/707 8509/287/707
f 8494/271/708 8495/272/708 8511/289/708 8510/288/708
f 8495/272/709 8496/273/709 8512/290/709 8511/289/709
f 8496/273/710 8482/274/710 8498/291/710 8512/290/710
f 8498/276/711 8497/275/711 8513/95/711 8514/96/711
f 8497/275/712 8499/277/712 8515/97/712 8513/95/712
f 8499/277/713 8500/278/713 8516/98/713 8515/97/713
f 8500/278/714 8501/279/714 8517/100/714 8516/98/714
f 8501/279/715 8502/280/715 8518/102/715 8517/100/715
f 8502/280/716 8503/281/716 8519/104/716 8518/102/716
f 8503/281/717 8504/282/717 8520/106/717 8519/104/717
f 8504/282/718 8505/283/718 8521/54/718 8520/106/718
f 8505/283/719 8506/284/719 8522/108/719 8521/54/719
f 8506/284/720 8507/285/720 8523/110/720 8522/108/720
f 8507/285/721 8508/286/721 8524/112/721 8523/110/721
f 8508/286/722 8509/287/722 8525/114/722 8524/112/722
f 8509/287/723 8510/288/723 8526/116/723 8525/114/723
f 8510/288/724 8511/289/724 8527/118/724 8526/116/724
f 8511/289/725 8512/290/725 8528/120/725 8527/118/725
f 8512/290/726 8498/291/726 8514/122/726 8528/120/726
f 8383/48/727 8381/47/727 8379/46/727 8377/3/727 8375/50/727 8373/49/727 8371/51/727 8369/1/727 8367/53/727 8365/52/727 8363/55/727 8361/54/727 8359/57/727 8357/56/727 8354/59/727 8353/58/727
f 8514/58/728 8513/59/728 8515/56/728 8516/57/728 8517/54/728 8518/55/728 8519/52/728 8520/53/728 8521/1/728 8522/51/728 8523/49/728 8524/50/728 8525/3/728 8526/46/728 8527/47/728 8528/48/728
o insulator_4
usemtl porcelain
f 8545/4/535 8546/35/535 8547/95/535 8548/96/535
f 8546/35/536 8549/79/536 8550/97/536 8547/95/536
f 8549/79/537 8551/89/537 8552/98/537 8550/97/537
f 8551/89/538 8553/99/538 8554/100/538 8552/98/538
f 8553/99/539 8555/101/539 8556/102/539 8554/100/539
f 8555/101/540 8557/103/540 8558/104/540 8556/102/540
f 8557/103/541 8559/105/541 8560/106/541 8558/104/541
f 8559/105/542 8561/3/542 8562/54/542 8560/106/542
f 8561/3/543 8563/107/543 8564/108/543 8562/54/543
f 8563/107/544 8565/109/544 8566/110/544 8564/108/544
f 8565/109/545 8567/111/545 8568/112/545 8566/110/545
f 8567/111/546 8569/113/546 8570/114/546 8568/112/546
f 8569/113/547 8571/115/547 8572/116/547 8570/114/547
f 8571/115/548 8573/117/548 8574/118/548 8572/116/548
f 8573/117/549 8575/119/549 8576/120/549 8574/118/549
f 8575/119/550 8545/121/550 8548/122/550 8576/120/550
f 8609/4/535 8610/35/535 8611/95/535 8612/96/535
f 8610/35/536 8613/79/536 8614/97/536 8611/95/536
f 8613/79/537 8615/89/537 8616/98/537 8614/97/537
f 8615/89/538 8617/99/538 8618/100/538 8616/98/538
f 8617/99/539 8619/101/539 8620/102/539 8618/100/539
f 8619/101/540 8621/103/540 8622/104/540 8620/102/540
f 8621/103/541 8623/105/541 8624/106/541 8622/104/541
f 8623/105/542 8625/3/542 8626/54/542 8624/106/542
f 8625/3/543 8627/107/543 8628/108/543 8626/54/543
f 8627/107/544 8629/109/544 8630/110/544 8628/108/544
f 8629/109/545 8631/111/545 8632/112/545 8630/110/545
f 8631/111/546 8633/113/546 8634/114/546 8632/112/546
f 8633/113/547 8635/115/547 8636/116/547 8634/114/547
f 8635/115/548 8637/117/548 8638/118/548 8636/116/548
f 8637/117/549 8639/119/549 8640/120/549 8638/118/549
f 8639/119/550 8609/121/550 8612/122/550 8640/120/550
f 8657/4/535 8658/35/535 8659/95/535 8660/96/535
f 8658/35/536 8661/79/536 8662/97/536 8659/95/536
f 8661/79/537 8663/89/537 8664/98/537 8662/97/537
f 8663/89/538 8665/99/538 8666/100/538 8664/98/538
f 8665/99/539 8667/101/539 8668/102/539 8666/100/539
f 8667/101/540 8669/103/540 8670/104/540 8668/102/540
f 8669/103/541 8671/105/541 8672/106/541 8670/104/541
f 8671/105/542 8673/3/542 8674/54/542 8672/106/542
f 8673/3/543 8675/107/543 8676/108/543 8674/54/543
f 8675/107/544 8677/109/544 8678/110/544 8676/108/544
f 8677/109/545 8679/111/545 8680/112/545 8678/110/545
f 8679/111/546 8681/113/546 8682/114/546 8680/112/546
f 8681/113/547 8683/115/547 8684/116/547 8682/114/547
f 8683/115/548 8685/117/548 8686/118/548 8684/116/548
f 8685/117/549 8687/119/549 8688/120/549 8686/118/549
f 8687/119/550 8657/121/550 8660/122/550 8688/120/550
f 8705/4/535 8706/35/535 8707/95/535 8708/96/535
f 8706/35/536 8709/79/536 8710/97/536 8707/95/536
f 8709/79/537 8711/89/537 8712/98/537 8710/97/537
f 8711/89/538 8713/99/538 8714/100/538 8712/98/538
f 8713/99/539 8715/101/539 8716/102/539 8714/100/539
f 8715/101/540 8717/103/540 8718/104/540 8716/102/540
f 8717/103/541 8719/105/541 8720/106/541 8718/104/541
f 8719/105/542 8721/3/542 8722/54/542 8720/106/542
f 8721/3/543 8723/107/543 8724/108/543 8722/54/543
f 8723/107/544 8725/109/544 8726/110/544 8724/108/544
f 8725/109/545 8727/111/545 8728/112/545 8726/110/545
f 8727/111/546 8729/113/546 8730/114/546 8728/112/546
f 8729/113/547 8731/115/547 8732/116/547 8730/114/547
f 8731/115/548 8733/117/548 8734/118/548 8732/116/548
f 8733/117/549 8735/119/549 8736/120/549 8734/118/549
f 8735/119/550 8705/121/550 8708/122/550 8736/120/550
f 8753/4/535 8754/35/535 8755/95/535 8756/96/535
f 8754/35/536 8757/79/536 8758/97/536 8755/95/536
f 8757/79/537 8759/89/537 8760/98/537 8758/97/537
f 8759/89/538 8761/99/538 8762/100/538 8760/98/538
f 8761/99/539 8763/101/539 8764/102/539 8762/100/539
f 8763/101/540 8765/103/540 8766/104/540 8764/102/540
f 8765/103/541 8767/105/541 8768/106/541 8766/104/541
f 8767/105/542 8769/3/542 8770/54/542 8768/106/542
f 8769/3/543 8771/107/543 8772/108/543 8770/54/543
f 8771/107/544 8773/109/544 8774/110/544 8772/108/544
f 8773/109/545 8775/111/545 8776/112/545 8774/110/545
f 8775/111/546 8777/113/546 8778/114/546 8776/112/546
f 8777/113/547 8779/115/547 8780/116/547 8778/114/547
f 8779/115/548 8781/117/548 8782/118/548 8780/116/548
f 8781/117/549 8783/119/549 8784/120/549 8782/118/549
f 8783/119/550 8753/121/550 8756/122/550 8784/120/550
f 8801/4/535 8802/35/535 8803/95/535 8804/96/535
f 8802/35/536 8805/79/536 8806/97/536 8803/95/536
f 8805/79/537 8807/89/537 8808/98/537 8806/97/537
f 8807/89/538 8809/99/538 8810/100/538 8808/98/538
f 8809/99/539 8811/101/539 8812/102/539 8810/100/539
f 8811/101/540 8813/103/540 8814/104/540 8812/102/540
f 8813/103/541 8815/105/541 8816/106/541 8814/104/541
f 8815/105/542 8817/3/542 8818/54/542 8816/106/542
f 8817/3/543 8819/107/543 8820/108/543 8818/54/543
f 8819/107/544 8821/109/544 8822/110/544 8820/108/544
f 8821/109/545 8823/111/545 8824/112/545 8822/110/545
f 8823/111/546 8825/113/546 8826/114/546 8824/112/546
f 8825/113/547 8827/115/547 8828/116/547 8826/114/547
f 8827/115/548 8829/117/548 8830/118/548 8828/116/548
f 8829/117/549 8831/119/549 8832/120/549 8830/118/549
f 8831/119/550 8801/121/550 8804/122/550 8832/120/550
f 8849/4/535 8850/35/535 8851/95/535 8852/96/535
f 8850/35/536 8853/79/536 8854/97/536 8851/95/536
f 8853/79/537 8855/89/537 8856/98/537 8854/97/537
f 8855/89/538 8857/99/538 8858/100/538 8856/98/538
f 8857/99/539 8859/101/539 8860/102/539 8858/100/539
f 8859/101/540 8861/103/540 8862/104/540 8860/102/540
f 8861/103/541 8863/105/541 8864/106/541 8862/104/541
f 8863/105/542 8865/3/542 8866/54/542 8864/106/542
f 8865/3/543 8867/107/543 8868/108/543 8866/54/543
f 8867/107/544 8869/109/544 8870/110/544 8868/108/544
f 8869/109/545 8871/111/545 8872/112/545 8870/110/545
f 8871/111/546 8873/113/546 8874/114/546 8872/112/546
f 8873/113/547 8875/115/547 8876/116/547 8874/114/547
f 8875/115/548 8877/117/548 8878/118/548 8876/116/548
f 8877/117/549 8879/119/549 8880/120/549 8878/118/549
f 8879/119/550 8849/121/550 8852/122/550 8880/120/550
f 8897/4/535 8898/35/535 8899/95/535 8900/96/535
f 8898/35/536 8901/79/536 8902/97/536 8899/95/536
f 8901/79/537 8903/89/537 8904/98/537 8902/97/537
f 8903/89/538 8905/99/538 8906/100/538 8904/98/538
f 8905/99/539 8907/101/539 8908/102/539 8906/100/539
f 8907/101/540 8909/103/540 8910/104/540 8908/102/540
f 8909/103/541 8911/105/541 8912/106/541 8910/104/541
f 8911/105/542 8913/3/542 8914/54/542 8912/106/542
f 8913/3/543 8915/107/543 8916/108/543 8914/54/543
f 8915/107/544 8917/109/544 8918/110/544 8916/108/544
f 8917/109/545 8919/111/545 8920/112/545 8918/110/545
f 8919/111/546 8921/113/546 8922/114/546 8920/112/546
f 8921/113/547 8923/115/547 8924/116/547 8922/114/547
f 8923/115/548 8925/117/548 8926/118/548 8924/116/548
f 8925/117/549 8927/119/549 8928/120/549 8926/118/549
f 8927/119/550 8897/121/550 8900/122/550 8928/120/550
f 8945/4/535 8946/35/535 8947/95/535 8948/96/535
f 8946/35/536 8949/79/536 8950/97/536 8947/95/536
f 8949/79/537 8951/89/537 8952/98/537 8950/97/537
f 8951/89/538 8953/99/538 8954/100/538 8952/98/538
f 8953/99/539 8955/101/539 8956/102/539 8954/100/539
f 8955/101/540 8957/103/540 8958/104/540 8956/102/540
f 8957/103/541 8959/105/541 8960/106/541 8958/104/541
f 8959/105/542 8961/3/542 8962/54/542 8960/106/542
f 8961/3/543 8963/107/543 8964/108/543 8962/54/543
f 8963/107/544 8965/109/544 8966/110/544 8964/108/544
f 8965/109/545 8967/111/545 8968/112/545 8966/110/545
f 8967/111/546 8969/113/546 8970/114/546 8968/112/546
f 8969/113/547 8971/115/547 8972/116/547 8970/114/547
f 8971/115/548 8973/117/548 8974/118/548 8972/116/548
f 8973/117/549 8975/119/549 8976/120/549 8974/118/549
f 8975/119/550 8945/121/550 8948/122/550 8976/120/550
f 8993/4/535 8994/35/535 8995/95/535 8996/96/535
f 8994/35/536 8997/79/536 8998/97/536 8995/95/536
f 8997/79/537 8999/89/537 9000/98/537 8998/97/537
f 8999/89/538 9001/99/538 9002/100/538 9000/98/538
f 9001/99/539 9003/101/539 9004/102/539 9002/100/539
f 9003/101/540 9005/103/540 9006/104/540 9004/102/540
f 9005/103/541 9007/105/541 9008/106/541 9006/104/541
f 9007/105/542 9009/3/542 9010/54/542 9008/106/542
f 9009/3/543 9011/107/543 9012/108/543 9010/54/543
f 9011/107/544 9013/109/544 9014/110/544 9012/108/544
f 9013/109/545 9015/111/545 9016/112/545 9014/110/545
f 9015/111/546 9017/113/546 9018/114/546 9016/112/546
f 9017/113/547 9019/115/547 9020/116/547 9018/114/547
f 9019/115/548 9021/117/548 9022/118/548 9020/116/548
f 9021/117/549 9023/119/549 9024/120/549 9022/118/549
f 9023/119/550 8993/121/550 8996/122/550 9024/120/550
f 9041/4/535 9042/35/535 9043/95/535 9044/96/535
f 9042/35/536 9045/79/536 9046/97/536 9043/95/536
f 9045/79/537 9047/89/537 9048/98/537 9046/97/537
f 9047/89/538 9049/99/538 9050/100/538 9048/98/538
f 9049/99/539 9051/101/539 9052/102/539 9050/100/539
f 9051/101/540 9053/103/540 9054/104/540 9052/102/540
f 9053/103/541 9055/105/541 9056/106/541 9054/104/541
f 9055/105/542 9057/3/542 9058/54/542 9056/106/542
f 9057/3/543 9059/107/543 9060/108/543 9058/54/543
f 9059/107/544 9061/109/544 9062/110/544 9060/108/544
f 9061/109/545 9063/111/545 9064/112/545 9062/110/545
f 9063/111/546 9065/113/546 9066/114/546 9064/112/546
f 9065/113/547 9067/115/547 9068/116/547 9066/114/547
f 9067/115/548 9069/117/548 9070/118/548 9068/116/548
f 9069/117/549 9071/119/549 9072/120/549 9070/118/549
f 9071/119/550 9041/121/550 9044/122/550 9072/120/550
f 9089/4/535 9090/35/535 9091/95/535 9092/96/535
f 9090/35/536 9093/79/536 9094/97/536 9091/95/536
f 9093/79/537 9095/89/537 9096/98/537 9094/97/537
f 9095/89/538 9097/99/538 9098/100/538 9096/98/538
f 9097/99/539 9099/101/539 9100/102/539 9098/100/539
f 9099/101/540 9101/103/540 9102/104/540 9100/102/540
f 9101/103/541 9103/105/541 9104/106/541 9102/104/541
f 9103/105/542 9105/3/542 9106/54/542 9104/106/542
f 9105/3/543 9107/107/543 9108/108/543 9106/54/543
f 9107/107/544 9109/109/544 9110/110/544 9108/108/544
f 9109/109/545 9111/111/545 9112/112/545 9110/110/545
f 9111/111/546 9113/113/546 9114/114/546 9112/112/546
f 9113/113/547 9115/115/547 9116/116/547 9114/114/547
f 9115/115/548 9117/117/548 9118/118/548 9116/116/548
f 9117/117/549 9119/119/549 9120/120/549 9118/118/549
f 9119/119/550 9089/121/550 9092/122/550 9120/120/550
f 9137/4/535 9138/35/535 9139/95/535 9140/96/535
f 9138/35/536 9141/79/536 9142/97/536 9139/95/536
f 9141/79/537 9143/89/537 9144/98/537 9142/97/537
f 9143/89/538 9145/99/538 9146/100/538 9144/98/538
f 9145/99/539 9147/101/539 9148/102/539 9146/100/539
f 9147/101/540 9149/103/540 9150/104/540 9148/102/540
f 9149/103/541 9151/105/541 9152/106/541 9150/104/541
f 9151/105/542 9153/3/542 9154/54/542 9152/106/542
f 9153/3/543 9155/107/543 9156/108/543 9154/54/543
f 9155/107/544 9157/109/544 9158/110/544 9156/108/544
f 9157/109/545 9159/111/545 9160/112/545 9158/110/545
f 9159/111/546 9161/113/546 9162/114/546 9160/112/546
f 9161/113/547 9163/115/547 9164/116/547 9162/114/547
f 9163/115/548 9165/117/548 9166/118/548 9164/116/548
f 9165/117/549 9167/119/549 9168/120/549 9166/118/549
f 9167/119/550 9137/121/550 9140/122/550 9168/120/550
f 9185/4/535 9186/35/535 9187/95/535 9188/96/535
f 9186/35/536 9189/79/536 9190/97/536 9187/95/536
f 9189/79/537 9191/89/537 9192/98/537 9190/97/537
f 9191/89/538 9193/99/538 9194/100/538 9192/98/538
f 9193/99/539 9195/101/539 9196/102/539 9194/100/539
f 9195/101/540 9197/103/540 9198/104/540 9196/102/540
f 9197/103/541 9199/105/541 9200/106/541 9198/104/541
f 9199/105/542 9201/3/542 9202/54/542 9200/106/542
f 9201/3/543 9203/107/543 9204/108/543 9202/54/543
f 9203/107/544 9205/109/544 9206/110/544 9204/108/544
f 9205/109/545 9207/111/545 9208/112/545 9206/110/545
f 9207/111/546 9209/113/546 9210/114/546 9208/112/546
f 9209/113/547 9211/115/547 9212/116/547 9210/114/547
f 9211/115/548 9213/117/548 9214/118/548 9212/116/548
f 9213/117/549 9215/119/549 9216/120/549 9214/118/549
f 9215/119/550 9185/121/550 9188/122/550 9216/120/550
f 9233/4/535 9234/35/535 9235/95/535 9236/96/535
f 9234/35/536 9237/79/536 9238/97/536 9235/95/536
f 9237/79/537 9239/89/537 9240/98/537 9238/97/537
f 9239/89/538 9241/99/538 9242/100/538 9240/98/538
f 9241/99/539 9243/101/539 9244/102/539 9242/100/539
f 9243/101/540 9245/103/540 9246/104/540 9244/102/540
f 9245/103/541 9247/105/541 9248/106/541 9246/104/541
f 9247/105/542 9249/3/542 9250/54/542 9248/106/542
f 9249/3/543 9251/107/543 9252/108/543 9250/54/543
f 9251/107/544 9253/109/544 9254/110/544 9252/108/544
f 9253/109/545 9255/111/545 9256/112/545 9254/110/545
f 9255/111/546 9257/113/546 9258/114/546 9256/112/546
f 9257/113/547 9259/115/547 9260/116/547 9258/114/547
f 9259/115/548 9261/117/548 9262/118/548 9260/116/548
f 9261/117/549 9263/119/549 9264/120/549 9262/118/549
f 9263/119/550 9233/121/550 9236/122/550 9264/120/550
f 9281/4/535 9282/35/535 9283/95/535 9284/96/535
f 9282/35/536 9285/79/536 9286/97/536 9283/95/536
f 9285/79/537 9287/89/537 9288/98/537 9286/97/537
f 9287/89/538 9289/99/538 9290/100/538 9288/98/538
f 9289/99/539 9291/101/539 9292/102/539 9290/100/539
f 9291/101/540 9293/103/540 9294/104/540 9292/102/540
f 9293/103/541 9295/105/541 9296/106/541 9294/104/541
f 9295/105/542 9297/3/542 9298/54/542 9296/106/542
f 9297/3/543 9299/107/543 9300/108/543 9298/54/543
f 9299/107/544 9301/109/544 9302/110/544 9300/108/544
f 9301/109/545 9303/111/545 9304/112/545 9302/110/545
f 9303/111/546 9305/113/546 9306/114/546 9304/112/546
f 9305/113/547 9307/115/547 9308/116/547 9306/114/547
f 9307/115/548 9309/117/548 9310/118/548 9308/116/548
f 9309/117/549 9311/119/549 9312/120/549 9310/118/549
f 9311/119/550 9281/121/550 9284/122/550 9312/120/550
f 9329/4/535 9330/35/535 9331/95/535 9332/96/535
f 9330/35/536 9333/79/536 9334/97/536 9331/95/536
f 9333/79/537 9335/89/537 9336/98/537 9334/97/537
f 9335/89/538 9337/99/538 9338/100/538 9336/98/538
f 9337/99/539 9339/101/539 9340/102/539 9338/100/539
f 9339/101/540 9341/103/540 9342/104/540 9340/102/540
f 9341/103/541 9343/105/541 9344/106/541 9342/104/541
f 9343/105/542 9345/3/542 9346/54/542 9344/106/542
f 9345/3/543 9347/107/543 9348/108/543 9346/54/543
f 9347/107/544 9349/109/544 9350/110/544 9348/108/544
f 9349/109/545 9351/111/545 9352/112/545 9350/110/545
f 9351/111/546 9353/113/546 9354/114/546 9352/112/546
f 9353/113/547 9355/115/547 9356/116/547 9354/114/547
f 9355/115/548 9357/117/548 9358/118/548 9356/116/548
f 9357/117/549 9359/119/549 9360/120/549 9358/118/549
f 9359/119/550 9329/121/550 9332/122/550 9360/120/550
f 9377/4/535 9378/35/535 9379/95/535 9380/96/535
f 9378/35/536 9381/79/536 9382/97/536 9379/95/536
f 9381/79/537 9383/89/537 9384/98/537 9382/97/537
f 9383/89/538 9385/99/538 9386/100/538 9384/98/538
f 9385/99/539 9387/101/539 9388/102/539 9386/100/539
f 9387/101/540 9389/103/540 9390/104/540 9388/102/540
f 9389/103/541 9391/105/541 9392/106/541 9390/104/541
f 9391/105/542 9393/3/542 9394/54/542 9392/106/542
f 9393/3/543 9395/107/543 9396/108/543 9394/54/543
f 9395/107/544 9397/109/544 9398/110/544 9396/108/544
f 9397/109/545 9399/111/545 9400/112/545 9398/110/545
f 9399/111/546 9401/113/546 9402/114/546 9400/112/546
f 9401/113/547 9403/115/547 9404/116/547 9402/114/547
f 9403/115/548 9405/117/548 9406/118/548 9404/116/548
f 9405/117/549 9407/119/549 9408/120/549 9406/118/549
f 9407/119/550 9377/121/550 9380/122/550 9408/120/550
f 9433/4/535 9434/35/535 9435/95/535 9436/96/535
f 9434/35/536 9437/79/536 9438/97/536 9435/95/536
f 9437/79/537 9439/89/537 9440/98/537 9438/97/537
f 9439/89/538 9441/99/538 9442/100/538 9440/98/538
f 9441/99/539 9443/101/539 9444/102/539 9442/100/539
f 9443/101/540 9445/103/540 9446/104/540 9444/102/540
f 9445/103/541 9447/105/541 9448/106/541 9446/104/541
f 9447/105/542 9449/3/542 9450/54/542 9448/106/542
f 9449/3/543 9451/107/543 9452/108/543 9450/54/543
f 9451/107/544 9453/109/544 9454/110/544 9452/108/544
f 9453/109/545 9455/111/545 9456/112/545 9454/110/545
f 9455/111/546 9457/113/546 9458/114/546 9456/112/546
f 9457/113/547 9459/115/547 9460/116/547 9458/114/547
f 9459/115/548 9461/117/548 9462/118/548 9460/116/548
f 9461/117/549 9463/119/549 9464/120/549 9462/118/549
f 9463/119/550 9433/121/550 9436/122/550 9464/120/550
f 9481/4/535 9482/35/535 9483/95/535 9484/96/535
f 9482/35/536 9485/79/536 9486/97/536 9483/95/536
f 9485/79/537 9487/89/537 9488/98/537 9486/97/537
f 9487/89/538 9489/99/538 9490/100/538 9488/98/538
f 9489/99/539 9491/101/539 9492/102/539 9490/100/539
f 9491/101/540 9493/103/540 9494/104/540 9492/102/540
f 9493/103/541 9495/105/541 9496/106/541 9494/104/541
f 9495/105/542 9497/3/542 9498/54/542 9496/106/542
f 9497/3/543 9499/107/543 9500/108/543 9498/54/543
f 9499/107/544 9501/109/544 9502/110/544 9500/108/544
f 9501/109/545 9503/111/545 9504/112/545 9502/110/545
f 9503/111/546 9505/113/546 9506/114/546 9504/112/546
f 9505/113/547 9507/115/547 9508/116/547 9506/114/547
f 9507/115/548 9509/117/548 9510/118/548 9508/116/548
f 9509/117/549 9511/119/549 9512/120/549 9510/118/549
f 9511/119/550 9481/121/550 9484/122/550 9512/120/550
f 9529/4/535 9530/35/535 9531/95/535 9532/96/535
f 9530/35/536 9533/79/536 9534/97/536 9531/95/536
f 9533/79/537 9535/89/537 9536/98/537 9534/97/537
f 9535/89/538 9537/99/538 9538/100/538 9536/98/538
f 9537/99/539 9539/101/539 9540/102/539 9538/100/539
f 9539/101/540 9541/103/540 9542/104/540 9540/102/540
f 9541/103/541 9543/105/541 9544/106/541 9542/104/541
f 9543/105/542 9545/3/542 9546/54/542 9544/106/542
f 9545/3/543 9547/107/543 9548/108/543 9546/54/543
f 9547/107/544 9549/109/544 9550/110/544 9548/108/544
f 9549/109/545 9551/111/545 9552/112/545 9550/110/545
f 9551/111/546 9553/113/546 9554/114/546 9552/112/546
f 9553/113/547 9555/115/547 9556/116/547 9554/114/547
f 9555/115/548 9557/117/548 9558/118/548 9556/116/548
f 9557/117/549 9559/119/549 9560/120/549 9558/118/549
f 9559/119/550 9529/121/550 9532/122/550 9560/120/550
f 9577/4/535 9578/35/535 9579/95/535 9580/96/535
f 9578/35/536 9581/79/536 9582/97/536 9579/95/536
f 9581/79/537 9583/89/537 9584/98/537 9582/97/537
f 9583/89/538 9585/99/538 9586/100/538 9584/98/538
f 9585/99/539 9587/101/539 9588/102/539 9586/100/539
f 9587/101/540 9589/103/540 9590/104/540 9588/102/540
f 9589/103/541 9591/105/541 9592/106/541 9590/104/541
f 9591/105/542 9593/3/542 9594/54/542 9592/106/542
f 9593/3/543 9595/107/543 9596/108/543 9594/54/543
f 9595/107/544 9597/109/544 9598/110/544 9596/108/544
f 9597/109/545 9599/111/545 9600/112/545 9598/110/545
f 9599/111/546 9601/113/546 9602/114/546 9600/112/546
f 9601/113/547 9603/115/547 9604/116/547 9602/114/547
f 9603/115/548 9605/117/548 9606/118/548 9604/116/548
f 9605/117/549 9607/119/549 9608/120/549 9606/118/549
f 9607/119/550 9577/121/550 9580/122/550 9608/120/550
f 9625/4/535 9626/35/535 9627/95/535 9628/96/535
f 9626/35/536 9629/79/536 9630/97/536 9627/95/536
f 9629/79/537 9631/89/537 9632/98/537 9630/97/537
f 9631/89/538 9633/99/538 9634/100/538 9632/98/538
f 9633/99/539 9635/101/539 9636/102/539 9634/100/539
f 9635/101/540 9637/103/540 9638/104/540 9636/102/540
f 9637/103/541 9639/105/541 9640/106/541 9638/104/541
f 9639/105/542 9641/3/542 9642/54/542 9640/106/542
f 9641/3/543 9643/107/543 9644/108/543 9642/54/543
f 9643/107/544 9645/109/544 9646/110/544 9644/108/544
f 9645/109/545 9647/111/545 9648/112/545 9646/110/545
f 9647/111/546 9649/113/546 9650/114/546 9648/112/546
f 9649/113/547 9651/115/547 9652/116/547 9650/114/547
f 9651/115/548 9653/117/548 9654/118/548 9652/116/548
f 9653/117/549 9655/119/549 9656/120/549 9654/118/549
f 9655/119/550 9625/121/550 9628/122/550 9656/120/550
f 9673/4/535 9674/35/535 9675/95/535 9676/96/535
f 9674/35/536 9677/79/536 9678/97/536 9675/95/536
f 9677/79/537 9679/89/537 9680/98/537 9678/97/537
f 9679/89/538 9681/99/538 9682/100/538 9680/98/538
f 9681/99/539 9683/101/539 9684/102/539 9682/100/539
f 9683/101/540 9685/103/540 9686/104/540 9684/102/540
f 9685/103/541 9687/105/541 9688/106/541 9686/104/541
f 9687/105/542 9689/3/542 9690/54/542 9688/106/542
f 9689/3/543 9691/107/543 9692/108/543 9690/54/543
f 9691/107/544 9693/109/544 9694/110/544 9692/108/544
f 9693/109/545 9695/111/545 9696/112/545 9694/110/545
f 9695/111/546 9697/113/546 9698/114/546 9696/112/546
f 9697/113/547 9699/115/547 9700/116/547 9698/114/547
f 9699/115/548 9701/117/548 9702/118/548 9700/116/548
f 9701/117/549 9703/119/549 9704/120/549 9702/118/549
f 9703/119/550 9673/121/550 9676/122/550 9704/120/550
f 9721/4/535 9722/35/535 9723/95/535 9724/96/535
f 9722/35/536 9725/79/536 9726/97/536 9723/95/536
f 9725/79/537 9727/89/537 9728/98/537 9726/97/537
f 9727/89/538 9729/99/538 9730/100/538 9728/98/538
f 9729/99/539 9731/101/539 9732/102/539 9730/100/539
f 9731/101/540 9733/103/540 9734/104/540 9732/102/540
f 9733/103/541 9735/105/541 9736/106/541 9734/104/541
f 9735/105/542 9737/3/542 9738/54/542 9736/106/542
f 9737/3/543 9739/107/543 9740/108/543 9738/54/543
f 9739/107/544 9741/109/544 9742/110/544 9740/108/544
f 9741/109/545 9743/111/545 9744/112/545 9742/110/545
f 9743/111/546 9745/113/546 9746/114/546 9744/112/546
f 9745/113/547 9747/115/547 9748/116/547 9746/114/547
f 9747/115/548 9749/117/548 9750/118/548 9748/116/548
f 9749/117/549 9751/119/549 9752/120/549 9750/118/549
f 9751/119/550 9721/121/550 9724/122/550 9752/120/550
f 9769/4/535 9770/35/535 9771/95/535 9772/96/535
f 9770/35/536 9773/79/536 9774/97/536 9771/95/536
f 9773/79/537 9775/89/537 9776/98/537 9774/97/537
f 9775/89/538 9777/99/538 9778/100/538 9776/98/538
f 9777/99/539 9779/101/539 9780/102/539 9778/100/539
f 9779/101/540 9781/103/540 9782/104/540 9780/102/540
f 9781/103/541 9783/105/541 9784/106/541 9782/104/541
f 9783/105/542 9785/3/542 9786/54/542 9784/106/542
f 9785/3/543 9787/107/543 9788/108/543 9786/54/543
f 9787/107/544 9789/109/544 9790/110/544 9788/108/544
f 9789/109/545 9791/111/545 9792/112/545 9790/110/545
f 9791/111/546 9793/113/546 9794/114/546 9792/112/546
f 9793/113/547 9795/115/547 9796/116/547 9794/114/547
f 9795/115/548 9797/117/548 9798/118/548 9796/116/548
f 9797/117/549 9799/119/549 9800/120/549 9798/118/549
f 9799/119/550 9769/121/550 9772/122/550 9800/120/550
f 9817/4/535 9818/35/535 9819/95/535 9820/96/535
f 9818/35/536 9821/79/536 9822/97/536 9819/95/536
f 9821/79/537 9823/89/537 9824/98/537 9822/97/537
f 9823/89/538 9825/99/538 9826/100/538 9824/98/538
f 9825/99/539 9827/101/539 9828/102/539 9826/100/539
f 9827/101/540 9829/103/540 9830/104/540 9828/102/540
f 9829/103/541 9831/105/541 9832/106/541 9830/104/541
f 9831/105/542 9833/3/542 9834/54/542 9832/106/542
f 9833/3/543 9835/107/543 9836/108/543 9834/54/543
f 9835/107/544 9837/109/544 9838/110/544 9836/108/544
f 9837/109/545 9839/111/545 9840/112/545 9838/110/545
f 9839/111/546 9841/113/546 9842/114/546 9840/112/546
f 9841/113/547 9843/115/547 9844/116/547 9842/114/547
f 9843/115/548 9845/117/548 9846/118/548 9844/116/548
f 9845/117/549 9847/119/549 9848/120/549 9846/118/549
f 9847/119/550 9817/121/550 9820/122/550 9848/120/550
f 9865/4/535 9866/35/535 9867/95/535 9868/96/535
f 9866/35/536 9869/79/536 9870/97/536 9867/95/536
f 9869/79/537 9871/89/537 9872/98/537 9870/97/537
f 9871/89/538 9873/99/538 9874/100/538 9872/98/538
f 9873/99/539 9875/101/539 9876/102/539 9874/100/539
f 9875/101/540 9877/103/540 9878/104/540 9876/102/540
f 9877/103/541 9879/105/541 9880/106/541 9878/104/541
f 9879/105/542 9881/3/542 9882/54/542 9880/106/542
f 9881/3/543 9883/107/543 9884/108/543 9882/54/543
f 9883/107/544 9885/109/544 9886/110/544 9884/108/544
f 9885/109/545 9887/111/545 9888/112/545 9886/110/545
f 9887/111/546 9889/113/546 9890/114/546 9888/112/546
f 9889/113/547 9891/115/547 9892/116/547 9890/114/547
f 9891/115/548 9893/117/548 9894/118/548 9892/116/548
f 9893/117/549 9895/119/549 9896/120/549 9894/118/549
f 9895/119/550 9865/121/550 9868/122/550 9896/120/550
f 9913/4/535 9914/35/535 9915/95/535 9916/96/535
f 9914/35/536 9917/79/536 9918/97/536 9915/95/536
f 9917/79/537 9919/89/537 9920/98/537 9918/97/537
f 9919/89/538 9921/99/538 9922/100/538 9920/98/538
f 9921/99/539 9923/101/539 9924/102/539 9922/100/539
f 9923/101/540 9925/103/540 9926/104/540 9924/102/540
f 9925/103/541 9927/105/541 9928/106/541 9926/104/541
f 9927/105/542 9929/3/542 9930/54/542 9928/106/542
f 9929/3/543 9931/107/543 9932/108/543 9930/54/543
f 9931/107/544 9933/109/544 9934/110/544 9932/108/544
f 9933/109/545 9935/111/545 9936/112/545 9934/110/545
f 9935/111/546 9937/113/546 9938/114/546 9936/112/546
f 9937/113/547 9939/115/547 9940/116/547 9938/114/547
f 9939/115/548 9941/117/548 9942/118/548 9940/116/548
f 9941/117/549 9943/119/549 9944/120/549 9942/118/549
f 9943/119/550 9913/121/550 9916/122/550 9944/120/550
f 9961/4/535 9962/35/535 9963/95/535 9964/96/535
f 9962/35/536 9965/79/536 9966/97/536 9963/95/536
f 9965/79/537 9967/89/537 9968/98/537 9966/97/537
f 9967/89/538 9969/99/538 9970/100/538 9968/98/538
f 9969/99/539 9971/101/539 9972/102/539 9970/100/539
f 9971/101/540 9973/103/540 9974/104/540 9972/102/540
f 9973/103/541 9975/105/541 9976/106/541 9974/104/541
f 9975/105/542 9977/3/542 9978/54/542 9976/106/542
f 9977/3/543 9979/107/543 9980/108/543 9978/54/543
f 9979/107/544 9981/109/544 9982/110/544 9980/108/544
f 9981/109/545 9983/111/545 9984/112/545 9982/110/545
f 9983/111/546 9985/113/546 9986/114/546 9984/112/546
f 9985/113/547 9987/115/547 9988/116/547 9986/114/547
f 9987/115/548 9989/117/548 9990/118/548 9988/116/548
f 9989/117/549 9991/119/549 9992/120/549 9990/118/549
f 9991/119/550 9961/121/550 9964/122/550 9992/120/550
f 10009/4/535 10010/35/535 10011/95/535 10012/96/535
f 10010/35/536 10013/79/536 10014/97/536 10011/95/536
f 10013/79/537 10015/89/537 10016/98/537 10014/97/537
f 10015/89/538 10017/99/538 10018/100/538 10016/98/538
f 10017/99/539 10019/101/539 10020/102/539 10018/100/539
f 10019/101/540 10021/103/540 10022/104/540 10020/102/540
f 10021/103/541 10023/105/541 10024/106/541 10022/104/541
f 10023/105/542 10025/3/542 10026/54/542 10024/106/542
f 10025/3/543 10027/107/543 10028/108/543 10026/54/543
f 10027/107/544 10029/109/544 10030/110/544 10028/108/544
f 10029/109/545 10031/111/545 10032/112/545 10030/110/545
f 10031/111/546 10033/113/546 10034/114/546 10032/112/546
f 10033/113/547 10035/115/547 10036/116/547 10034/114/547
f 10035/115/548 10037/117/548 10038/118/548 10036/116/548
f 10037/117/549 10039/119/549 10040/120/549 10038/118/549
f 10039/119/550 10009/121/550 10012/122/550 10040/120/550
f 10057/4/535 10058/35/535 10059/95/535 10060/96/535
f 10058/35/536 10061/79/536 10062/97/536 10059/95/536
f 10061/79/537 10063/89/537 10064/98/537 10062/97/537
f 10063/89/538 10065/99/538 10066/100/538 10064/98/538
f 10065/99/539 10067/101/539 10068/102/539 10066/100/539
f 10067/101/540 10069/103/540 10070/104/540 10068/102/540
f 10069/103/541 10071/105/541 10072/106/541 10070/104/541
f 10071/105/542 10073/3/542 10074/54/542 10072/106/542
f 10073/3/543 10075/107/543 10076/108/543 10074/54/543
f 10075/107/544 10077/109/544 10078/110/544 10076/108/544
f 10077/109/545 10079/111/545 10080/112/545 10078/110/545
f 10079/111/546 10081/113/546 10082/114/546 10080/112/546
f 10081/113/547 10083/115/547 10084/116/547 10082/114/547
f 10083/115/548 10085/117/548 10086/118/548 10084/116/548
f 10085/117/549 10087/119/549 10088/120/549 10086/118/549
f 10087/119/550 10057/121/550 10060/122/550 10088/120/550
f 10105/4/535 10106/35/535 10107/95/535 10108/96/535
f 10106/35/536 10109/79/536 10110/97/536 10107/95/536
f 10109/79/537 10111/89/537 10112/98/537 10110/97/537
f 10111/89/538 10113/99/538 10114/100/538 10112/98/538
f 10113/99/539 10115/101/539 10116/102/539 10114/100/539
f 10115/101/540 10117/103/540 10118/104/540 10116/102/540
f 10117/103/541 10119/105/541 10120/106/541 10118/104/541
f 10119/105/542 10121/3/542 10122/54/542 10120/106/542
f 10121/3/543 10123/107/543 10124/108/543 10122/54/543
f 10123/107/544 10125/109/544 10126/110/544 10124/108/544
f 10125/109/545 10127/111/545 10128/112/545 10126/110/545
f 10127/111/546 10129/113/546 10130/114/546 10128/112/546
f 10129/113/547 10131/115/547 10132/116/547 10130/114/547
f 10131/115/548 10133/117/548 10134/118/548 10132/116/548
f 10133/117/549 10135/119/549 10136/120/549 10134/118/549
f 10135/119/550 10105/121/550 10108/122/550 10136/120/550
f 10153/4/535 10154/35/535 10155/95/535 10156/96/535
f 10154/35/536 10157/79/536 10158/97/536 10155/95/536
f 10157/79/537 10159/89/537 10160/98/537 10158/97/537
f 10159/89/538 10161/99/538 10162/100/538 10160/98/538
f 10161/99/539 10163/101/539 10164/102/539 10162/100/539
f 10163/101/540 10165/103/540 10166/104/540 10164/102/540
f 10165/103/541 10167/105/541 10168/106/541 10166/104/541
f 10167/105/542 10169/3/542 10170/54/542 10168/106/542
f 10169/3/543 10171/107/543 10172/108/543 10170/54/543
f 10171/107/544 10173/109/544 10174/110/544 10172/108/544
f 10173/109/545 10175/111/545 10176/112/545 10174/110/545
f 10175/111/546 10177/113/546 10178/114/546 10176/112/546
f 10177/113/547 10179/115/547 10180/116/547 10178/114/547
f 10179/115/548 10181/117/548 10182/118/548 10180/116/548
f 10181/117/549 10183/119/549 10184/120/549 10182/118/549
f 10183/119/550 10153/121/550 10156/122/550 10184/120/550
f 10201/4/535 10202/35/535 10203/95/535 10204/96/535
f 10202/35/536 10205/79/536 10206/97/536 10203/95/536
f 10205/79/537 10207/89/537 10208/98/537 10206/97/537
f 10207/89/538 10209/99/538 10210/100/538 10208/98/538
f 10209/99/539 10211/101/539 10212/102/539 10210/100/539
f 10211/101/540 10213/103/540 10214/104/540 10212/102/540
f 10213/103/541 10215/105/541 10216/106/541 10214/104/541
f 10215/105/542 10217/3/542 10218/54/542 10216/106/542
f 10217/3/543 10219/107/543 10220/108/543 10218/54/543
f 10219/107/544 10221/109/544 10222/110/544 10220/108/544
f 10221/109/545 10223/111/545 10224/112/545 10222/110/545
f 10223/111/546 10225/113/546 10226/114/546 10224/112/546
f 10225/113/547 10227/115/547 10228/116/547 10226/114/547
f 10227/115/548 10229/117/548 10230/118/548 10228/116/548
f 10229/117/549 10231/119/549 10232/120/549 10230/118/549
f 10231/119/550 10201/121/550 10204/122/550 10232/120/550
f 10249/4/535 10250/35/535 10251/95/535 10252/96/535
f 10250/35/536 10253/79/536 10254/97/536 10251/95/536
f 10253/79/537 10255/89/537 10256/98/537 10254/97/537
f 10255/89/538 10257/99/538 10258/100/538 10256/98/538
f 10257/99/539 10259/101/539 10260/102/539 10258/100/539
f 10259/101/540 10261/103/540 10262/104/540 10260/102/540
f 10261/103/541 10263/105/541 10264/106/541 10262/104/541
f 10263/105/542 10265/3/542 10266/54/542 10264/106/542
f 10265/3/543 10267/107/543 10268/108/543 10266/54/543
f 10267/107/544 10269/109/544 10270/110/544 10268/108/544
f 10269/109/545 10271/111/545 10272/112/545 10270/110/545
f 10271/111/546 10273/113/546 10274/114/546 10272/112/546
f 10273/113/547 10275/115/547 10276/116/547 10274/114/547
f 10275/115/548 10277/117/548 10278/118/548 10276/116/548
f 10277/117/549 10279/119/549 10280/120/549 10278/118/549
f 10279/119/550 10249/121/550 10252/122/550 10280/120/550
o string_4
usemtl steel
f 8577/4/551 8578/25/551 8579/123/551 8580/92/551
f 8578/25/552 8581/11/552 8582/124/552 8579/123/552
f 8581/11/553 8583/39/553 8584/125/553 8582/124/553
f 8583/39/554 8585/17/554 8586/126/554 8584/125/554
f 8585/17/555 8587/79/555 8588/127/555 8586/126/555
f 8587/79/556 8589/83/556 8590/128/556 8588/127/556
f 8589/83/557 8591/87/557 8592/129/557 8590/128/557
f 8591/87/558 8593/91/558 8594/130/558 8592/129/558
f 8593/91/559 8595/131/559 8596/132/559 8594/130/559
f 8595/131/560 8597/99/560 8598/133/560 8596/132/560
f 8597/99/561 8599/134/561 8600/135/561 8598/133/561
f 8599/134/562 8601/64/562 8602/136/562 8600/135/562
f 8601/64/563 8603/137/563 8604/138/563 8602/136/563
f 8603/137/564 8605/139/564 8606/140/564 8604/138/564
f 8605/139/565 8607/103/565 8608/141/565 8606/140/565
f 8607/103/566 8577/94/566 8580/93/566 8608/141/566
f 8641/4/551 8642/25/551 8578/123/551 8577/92/551
f 8642/25/552 8643/11/552 8581/124/552 8578/123/552
f 8643/11/553 8644/39/553 8583/125/553 8581/124/553
f 8644/39/554 8645/17/554 8585/126/554 8583/125/554
f 8645/17/555 8646/79/555 8587/127/555 8585/126/555
f 8646/79/556 8647/83/556 8589/128/556 8587/127/556
f 8647/83/557 8648/87/557 8591/129/557 8589/128/557
f 8648/87/558 8649/91/558 8593/130/558 8591/129/558
f 8649/91/559 8650/131/559 8595/132/559 8593/130/559
f 8650/131/560 8651/99/560 8597/133/560 8595/132/560
f 8651/99/561 8652/134/561 8599/135/561 8597/133/561
f 8652/134/562 8653/64/562 8601/136/562 8599/135/562
f 8653/64/563 8654/137/563 8603/138/563 8601/136/563
f 8654/137/564 8655/139/564 8605/140/564 8603/138/564
f 8655/139/565 8656/103/565 8607/141/565 8605/140/565
f 8656/103/566 8641/94/566 8577/93/566 8607/141/566
f 8689/4/551 8690/25/551 8642/123/551 8641/92/551
f 8690/25/552 8691/11/552 8643/124/552 8642/123/552
f 8691/11/553 8692/39/553 8644/125/553 8643/124/553
f 8692/39/554 8693/17/554 8645/126/554 8644/125/554
f 8693/17/555 8694/79/555 8646/127/555 8645/126/555
f 8694/79/556 8695/83/556 8647/128/556 8646/127/556
f 8695/83/557 8696/87/557 8648/129/557 8647/128/557
f 8696/87/558 8697/91/558 8649/130/558 8648/129/558
f 8697/91/559 8698/131/559 8650/132/559 8649/130/559
f 8698/131/560 8699/99/560 8651/133/560 8650/132/560
f 8699/99/561 8700/134/561 8652/135/561 8651/133/561
f 8700/134/562 8701/64/562 8653/136/562 8652/135/562
f 8701/64/563 8702/137/563 8654/138/563 8653/136/563
f 8702/137/564 8703/139/564 8655/140/564 8654/138/564
f 8703/139/565 8704/103/565 8656/141/565 8655/140/565
f 8704/103/566 8689/94/566 8641/93/566 8656/141/566
f 8737/4/551 8738/25/551 8690/123/551 8689/92/551
f 8738/25/552 8739/11/552 8691/124/552 8690/123/552
f 8739/11/553 8740/39/553 8692/125/553 8691/124/553
f 8740/39/554 8741/17/554 8693/126/554 8692/125/554
f 8741/17/555 8742/79/555 8694/127/555 8693/126/555
f 8742/79/556 8743/83/556 8695/128/556 8694/127/556
f 8743/83/557 8744/87/557 8696/129/557 8695/128/557
f 8744/87/558 8745/91/558 8697/130/558 8696/129/558
f 8745/91/559 8746/131/559 8698/132/559 8697/130/559
f 8746/131/560 8747/99/560 8699/133/560 8698/132/560
f 8747/99/561 8748/134/561 8700/135/561 8699/133/561
f 8748/134/562 8749/64/562 8701/136/562 8700/135/562
f 8749/64/563 8750/137/563 8702/138/563 8701/136/563
f 8750/137/564 8751/139/564 8703/140/564 8702/138/564
f 8751/139/565 8752/103/565 8704/141/565 8703/140/565
f 8752/103/566 8737/94/566 8689/93/566 8704/141/566
f 8785/4/551 8786/25/551 8738/123/551 8737/92/551
f 8786/25/552 8787/11/552 8739/124/552 8738/123/552
f 8787/11/553 8788/39/553 8740/125/553 8739/124/553
f 8788/39/554 8789/17/554 8741/126/554 8740/125/554
f 8789/17/555 8790/79/555 8742/127/555 8741/126/555
f 8790/79/556 8791/83/556 8743/128/556 8742/127/556
f 8791/83/557 8792/87/557 8744/129/557 8743/128/557
f 8792/87/558 8793/91/558 8745/130/558 8744/129/558
f 8793/91/559 8794/131/559 8746/132/559 8745/130/559
f 8794/131/560 8795/99/560 8747/133/560 8746/132/560
f 8795/99/561 8796/134/561 8748/135/561 8747/133/561
f 8796/134/562 8797/64/562 8749/136/562 8748/135/562
f 8797/64/563 8798/137/563 8750/138/563 8749/136/563
f 8798/137/564 8799/139/564 8751/140/564 8750/138/564
f 8799/139/565 8800/103/565 8752/141/565 8751/140/565
f 8800/103/566 8785/94/566 8737/93/566 8752/141/566
f 8833/4/551 8834/25/551 8786/123/551 8785/92/551
f 8834/25/552 8835/11/552 8787/124/552 8786/123/552
f 8835/11/553 8836/39/553 8788/125/553 8787/124/553
f 8836/39/554 8837/17/554 8789/126/554 8788/125/554
f 8837/17/555 8838/79/555 8790/127/555 8789/126/555
f 8838/79/556 8839/83/556 8791/128/556 8790/127/556
f 8839/83/557 8840/87/557 8792/129/557 8791/128/557
f 8840/87/558 8841/91/558 8793/130/558 8792/129/558
f 8841/91/559 8842/131/559 8794/132/559 8793/130/559
f 8842/131/560 8843/99/560 8795/133/560 8794/132/560
f 8843/99/561 8844/134/561 8796/135/561 8795/133/561
f 8844/134/562 8845/64/562 8797/136/562 8796/135/562
f 8845/64/563 8846/137/563 8798/138/563 8797/136/563
f 8846/137/564 8847/139/564 8799/140/564 8798/138/564
f 8847/139/565 8848/103/565 8800/141/565 8799/140/565
f 8848/103/566 8833/94/566 8785/93/566 8800/141/566
f 8881/4/551 8882/25/551 8834/123/551 8833/92/551
f 8882/25/552 8883/11/552 8835/124/552 8834/123/552
f 8883/11/553 8884/39/553 8836/125/553 8835/124/553
f 8884/39/554 8885/17/554 8837/126/554 8836/125/554
f 8885/17/555 8886/79/555 8838/127/555 8837/126/555
f 8886/79/556 8887/83/556 8839/128/556 8838/127/556
f 8887/83/557 8888/87/557 8840/129/557 8839/128/557
f 8888/87/558 8889/91/558 8841/130/558 8840/129/558
f 8889/91/559 8890/131/559 8842/132/559 8841/130/559
f 8890/131/560 8891/99/560 8843/133/560 8842/132/560
f 8891/99/561 8892/134/561 8844/135/561 8843/133/561
f 8892/134/562 8893/64/562 8845/136/562 8844/135/562
f 8893/64/563 8894/137/563 8846/138/563 8845/136/563
f 8894/137/564 8895/139/564 8847/140/564 8846/138/564
f 8895/139/565 8896/103/565 8848/141/565 8847/140/565
f 8896/103/566 8881/94/566 8833/93/566 8848/141/566
f 8929/4/551 8930/25/551 8882/123/551 8881/92/551
f 8930/25/552 8931/11/552 8883/124/552 8882/123/552
f 8931/11/553 8932/39/553 8884/125/553 8883/124/553
f 8932/39/554 8933/17/554 8885/126/554 8884/125/554
f 8933/17/555 8934/79/555 8886/127/555 8885/126/555
f 8934/79/556 8935/83/556 8887/128/556 8886/127/556
f 8935/83/557 8936/87/557 8888/129/557 8887/128/557
f 8936/87/558 8937/91/558 8889/130/558 8888/129/558
f 8937/91/559 8938/131/559 8890/132/559 8889/130/559
f 8938/131/560 8939/99/560 8891/133/560 8890/132/560
f 8939/99/561 8940/134/561 8892/135/561 8891/133/561
f 8940/134/562 8941/64/562 8893/136/562 8892/135/562
f 8941/64/563 8942/137/563 8894/138/563 8893/136/563
f 8942/137/564 8943/139/564 8895/140/564 8894/138/564
f 8943/139/565 8944/103/565 8896/141/565 8895/140/565
f 8944/103/566 8929/94/566 8881/93/566 8896/141/566
f 8977/4/551 8978/25/551 8930/123/551 8929/92/551
f 8978/25/552 8979/11/552 8931/124/552 8930/123/552
f 8979/11/553 8980/39/553 8932/125/553 8931/124/553
f 8980/39/554 8981/17/554 8933/126/554 8932/125/554
f 8981/17/555 8982/79/555 8934/127/555 8933/126/555
f 8982/79/556 8983/83/556 8935/128/556 8934/127/556
f 8983/83/557 8984/87/557 8936/129/557 8935/128/557
f 8984/87/558 8985/91/558 8937/130/558 8936/129/558
f 8985/91/559 8986/131/559 8938/132/559 8937/130/559
f 8986/131/560 8987/99/560 8939/133/560 8938/132/560
f 8987/99/561 8988/134/561 8940/135/561 8939/133/561
f 8988/134/562 8989/64/562 8941/136/562 8940/135/562
f 8989/64/563 8990/137/563 8942/138/563 8941/136/563
f 8990/137/564 8991/139/564 8943/140/564 8942/138/564
f 8991/139/565 8992/103/565 8944/141/565 8943/140/565
f 8992/103/566 8977/94/566 8929/93/566 8944/141/566
f 9025/4/551 9026/25/551 8978/123/551 8977/92/551
f 9026/25/552 9027/11/552 8979/124/552 8978/123/552
f 9027/11/553 9028/39/553 8980/125/553 8979/124/553
f 9028/39/554 9029/17/554 8981/126/554 8980/125/554
f 9029/17/555 9030/79/555 8982/127/555 8981/126/555
f 9030/79/556 9031/83/556 8983/128/556 8982/127/556
f 9031/83/557 9032/87/557 8984/129/557 8983/128/557
f 9032/87/558 9033/91/558 8985/130/558 8984/129/558
f 9033/91/559 9034/131/559 8986/132/559 8985/130/559
f 9034/131/560 9035/99/560 8987/133/560 8986/132/560
f 9035/99/561 9036/134/561 8988/135/561 8987/133/561
f 9036/134/562 9037/64/562 8989/136/562 8988/135/562
f 9037/64/563 9038/137/563 8990/138/563 8989/136/563
f 9038/137/564 9039/139/564 8991/140/564 8990/138/564
f 9039/139/565 9040/103/565 8992/141/565 8991/140/565
f 9040/103/566 9025/94/566 8977/93/566 8992/141/566
f 9073/4/551 9074/25/551 9026/123/551 9025/92/551
f 9074/25/552 9075/11/552 9027/124/552 9026/123/552
f 9075/11/553 9076/39/553 9028/125/553 9027/124/553
f 9076/39/554 9077/17/554 9029/126/554 9028/125/554
f 9077/17/555 9078/79/555 9030/127/555 9029/126/555
f 9078/79/556 9079/83/556 9031/128/556 9030/127/556
f 9079/83/557 9080/87/557 9032/129/557 9031/128/557
f 9080/87/558 9081/91/558 9033/130/558 9032/129/558
f 9081/91/559 9082/131/559 9034/132/559 9033/130/559
f 9082/131/560 9083/99/560 9035/133/560 9034/132/560
f 9083/99/561 9084/134/561 9036/135/561 9035/133/561
f 9084/134/562 9085/64/562 9037/136/562 9036/135/562
f 9085/64/563 9086/137/563 9038/138/563 9037/136/563
f 9086/137/564 9087/139/564 9039/140/564 9038/138/564
f 9087/139/565 9088/103/565 9040/141/565 9039/140/565
f 9088/103/566 9073/94/566 9025/93/566 9040/141/566
f 9121/4/551 9122/25/551 9074/123/551 9073/92/551
f 9122/25/552 9123/11/552 9075/124/552 9074/123/552
f 9123/11/553 9124/39/553 9076/125/553 9075/124/553
f 9124/39/554 9125/17/554 9077/126/554 9076/125/554
f 9125/17/555 9126/79/555 9078/127/555 9077/126/555
f 9126/79/556 9127/83/556 9079/128/556 9078/127/556
f 9127/83/557 9128/87/557 9080/129/557 9079/128/557
f 9128/87/558 9129/91/558 9081/130/558 9080/129/558
f 9129/91/559 9130/131/559 9082/132/559 9081/130/559
f 9130/131/560 9131/99/560 9083/133/560 9082/132/560
f 9131/99/561 9132/134/561 9084/135/561 9083/133/561
f 9132/134/562 9133/64/562 9085/136/562 9084/135/562
f 9133/64/563 9134/137/563 9086/138/563 9085/136/563
f 9134/137/564 9135/139/564 9087/140/564 9086/138/564
f 9135/139/565 9136/103/565 9088/141/565 9087/140/565
f 9136/103/566 9121/94/566 9073/93/566 9088/141/566
f 9169/4/551 9170/25/551 9122/123/551 9121/92/551
f 9170/25/552 9171/11/552 9123/124/552 9122/123/552
f 9171/11/553 9172/39/553 9124/125/553 9123/124/553
f 9172/39/554 9173/17/554 9125/126/554 9124/125/554
f 9173/17/555 9174/79/555 9126/127/555 9125/126/555
f 9174/79/556 9175/83/556 9127/128/556 9126/127/556
f 9175/83/557 9176/87/557 9128/129/557 9127/128/557
f 9176/87/558 9177/91/558 9129/130/558 9128/129/558
f 9177/91/559 9178/131/559 9130/132/559 9129/130/559
f 9178/131/560 9179/99/560 9131/133/560 9130/132/560
f 9179/99/561 9180/134/561 9132/135/561 9131/133/561
f 9180/134/562 9181/64/562 9133/136/562 9132/135/562
f 9181/64/563 9182/137/563 9134/138/563 9133/136/563
f 9182/137/564 9183/139/564 9135/140/564 9134/138/564
f 9183/139/565 9184/103/565 9136/141/565 9135/140/565
f 9184/103/566 9169/94/566 9121/93/566 9136/141/566
f 9217/4/551 9218/25/551 9170/123/551 9169/92/551
f 9218/25/552 9219/11/552 9171/124/552 9170/123/552
f 9219/11/553 9220/39/553 9172/125/553 9171/124/553
f 9220/39/554 9221/17/554 9173/126/554 9172/125/554
f 9221/17/555 9222/79/555 9174/127/555 9173/126/555
f 9222/79/556 9223/83/556 9175/128/556 9174/127/556
f 9223/83/557 9224/87/557 9176/129/557 9175/128/557
f 9224/87/558 9225/91/558 9177/130/558 9176/129/558
f 9225/91/559 9226/131/559 9178/132/559 9177/130/559
f 9226/131/560 9227/99/560 9179/133/560 9178/132/560
f 9227/99/561 9228/134/561 9180/135/561 9179/133/561
f 9228/134/562 9229/64/562 9181/136/562 9180/135/562
f 9229/64/563 9230/137/563 9182/138/563 9181/136/563
f 9230/137/564 9231/139/564 9183/140/564 9182/138/564
f 9231/139/565 9232/103/565 9184/141/565 9183/140/565
f 9232/103/566 9217/94/566 9169/93/566 9184/141/566
f 9265/4/551 9266/25/551 9218/123/551 9217/92/551
f 9266/25/552 9267/11/552 9219/124/552 9218/123/552
f 9267/11/553 9268/39/553 9220/125/553 9219/124/553
f 9268/39/554 9269/17/554 9221/126/554 9220/125/554
f 9269/17/555 9270/79/555 9222/127/555 9221/126/555
f 9270/79/556 9271/83/556 9223/128/556 9222/127/556
f 9271/83/557 9272/87/557 9224/129/557 9223/128/557
f 9272/87/558 9273/91/558 9225/130/558 9224/129/558
f 9273/91/559 9274/131/559 9226/132/559 9225/130/559
f 9274/131/560 9275/99/560 9227/133/560 9226/132/560
f 9275/99/561 9276/134/561 9228/135/561 9227/133/561
f 9276/134/562 9277/64/562 9229/136/562 9228/135/562
f 9277/64/563 9278/137/563 9230/138/563 9229/136/563
f 9278/137/564 9279/139/564 9231/140/564 9230/138/564
f 9279/139/565 9280/103/565 9232/141/565 9231/140/565
f 9280/103/566 9265/94/566 9217/93/566 9232/141/566
f 9313/4/551 9314/25/551 9266/123/551 9265/92/551
f 9314/25/552 9315/11/552 9267/124/552 9266/123/552
f 9315/11/553 9316/39/553 9268/125/553 9267/124/553
f 9316/39/554 9317/17/554 9269/126/554 9268/125/554
f 9317/17/555 9318/79/555 9270/127/555 9269/126/555
f 9318/79/556 9319/83/556 9271/128/556 9270/127/556
f 9319/83/557 9320/87/557 9272/129/557 9271/128/557
f 9320/87/558 9321/91/558 9273/130/558 9272/129/558
f 9321/91/559 9322/131/559 9274/132/559 9273/130/559
f 9322/131/560 9323/99/560 9275/133/560 9274/132/560
f 9323/99/561 9324/134/561 9276/135/561 9275/133/561
f 9324/134/562 9325/64/562 9277/136/562 9276/135/562
f 9325/64/563 9326/137/563 9278/138/563 9277/136/563
f 9326/137/564 9327/139/564 9279/140/564 9278/138/564
f 9327/139/565 9328/103/565 9280/141/565 9279/140/565
f 9328/103/566 9313/94/566 9265/93/566 9280/141/566
f 9361/4/551 9362/25/551 9314/123/551 9313/92/551
f 9362/25/552 9363/11/552 9315/124/552 9314/123/552
f 9363/11/553 9364/39/553 9316/125/553 9315/124/553
f 9364/39/554 9365/17/554 9317/126/554 9316/125/554
f 9365/17/555 9366/79/555 9318/127/555 9317/126/555
f 9366/79/556 9367/83/556 9319/128/556 9318/127/556
f 9367/83/557 9368/87/557 9320/129/557 9319/128/557
f 9368/87/558 9369/91/558 9321/130/558 9320/129/558
f 9369/91/559 9370/131/559 9322/132/559 9321/130/559
f 9370/131/560 9371/99/560 9323/133/560 9322/132/560
f 9371/99/561 9372/134/561 9324/135/561 9323/133/561
f 9372/134/562 9373/64/562 9325/136/562 9324/135/562
f 9373/64/563 9374/137/563 9326/138/563 9325/136/563
f 9374/137/564 9375/139/564 9327/140/564 9326/138/564
f 9375/139/565 9376/103/565 9328/141/565 9327/140/565
f 9376/103/566 9361/94/566 9313/93/566 9328/141/566
f 9409/4/551 9410/25/551 9362/123/551 9361/92/551
f 9410/25/552 9411/11/552 9363/124/552 9362/123/552
f 9411/11/553 9412/39/553 9364/125/553 9363/124/553
f 9412/39/554 9413/17/554 9365/126/554 9364/125/554
f 9413/17/555 9414/79/555 9366/127/555 9365/126/555
f 9414/79/556 9415/83/556 9367/128/556 9366/127/556
f 9415/83/557 9416/87/557 9368/129/557 9367/128/557
f 9416/87/558 9417/91/558 9369/130/558 9368/129/558
f 9417/91/559 9418/131/559 9370/132/559 9369/130/559
f 9418/131/560 9419/99/560 9371/133/560 9370/132/560
f 9419/99/561 9420/134/561 9372/135/561 9371/133/561
f 9420/134/562 9421/64/562 9373/136/562 9372/135/562
f 9421/64/563 9422/137/563 9374/138/563 9373/136/563
f 9422/137/564 9423/139/564 9375/140/564 9374/138/564
f 9423/139/565 9424/103/565 9376/141/565 9375/140/565
f 9424/103/566 9409/94/566 9361/93/566 9376/141/566
f 8580/4/551 8579/25/551 9465/123/551 9466/92/551
f 8579/25/552 8582/11/552 9467/124/552 9465/123/552
f 8582/11/553 8584/39/553 9468/125/553 9467/124/553
f 8584/39/554 8586/17/554 9469/126/554 9468/125/554
f 8586/17/555 8588/79/555 9470/127/555 9469/126/555
f 8588/79/556 8590/83/556 9471/128/556 9470/127/556
f 8590/83/557 8592/87/557 9472/129/557 9471/128/557
f 8592/87/558 8594/91/558 9473/130/558 9472/129/558
f 8594/91/559 8596/131/559 9474/132/559 9473/130/559
f 8596/131/560 8598/99/560 9475/133/560 9474/132/560
f 8598/99/561 8600/134/561 9476/135/561 9475/133/561
f 8600/134/562 8602/64/562 9477/136/562 9476/135/562
f 8602/64/563 8604/137/563 9478/138/563 9477/136/563
f 8604/137/564 8606/139/564 9479/140/564 9478/138/564
f 8606/139/565 8608/103/565 9480/141/565 9479/140/565
f 8608/103/566 8580/94/566 9466/93/566 9480/141/566
f 9466/4/551 9465/25/551 9513/123/551 9514/92/551
f 9465/25/552 9467/11/552 9515/124/552 9513/123/552
f 9467/11/553 9468/39/553 9516/125/553 9515/124/553
f 9468/39/554 9469/17/554 9517/126/554 9516/125/554
f 9469/17/555 9470/79/555 9518/127/555 9517/126/555
f 9470/79/556 9471/83/556 9519/128/556 9518/127/556
f 9471/83/557 9472/87/557 9520/129/557 9519/128/557
f 9472/87/558 9473/91/558 9521/130/558 9520/129/558
f 9473/91/559 9474/131/559 9522/132/559 9521/130/559
f 9474/131/560 9475/99/560 9523/133/560 9522/132/560
f 9475/99/561 9476/134/561 9524/135/561 9523/133/561
f 9476/134/562 9477/64/562 9525/136/562 9524/135/562
f 9477/64/563 9478/137/563 9526/138/563 9525/136/563
f 9478/137/564 9479/139/564 9527/140/564 9526/138/564
f 9479/139/565 9480/103/565 9528/141/565 9527/140/565
f 9480/103/566 9466/94/566 9514/93/566 9528/141/566
f 9514/4/551 9513/25/551 9561/123/551 9562/92/551
f 9513/25/552 9515/11/552 9563/124/552 9561/123/552
f 9515/11/553 9516/39/553 9564/125/553 9563/124/553
f 9516/39/554 9517/17/554 9565/126/554 9564/125/554
f 9517/17/555 9518/79/555 9566/127/555 9565/126/555
f 9518/79/556 9519/83/556 9567/128/556 9566/127/556
f 9519/83/557 9520/87/557 9568/129/557 9567/128/557
f 9520/87/558 9521/91/558 9569/130/558 9568/129/558
f 9521/91/559 9522/131/559 9570/132/559 9569/130/559
f 9522/131/560 9523/99/560 9571/133/560 9570/132/560
f 9523/99/561 9524/134/561 9572/135/561 9571/133/561
f 9524/134/562 9525/64/562 9573/136/562 9572/135/562
f 9525/64/563 9526/137/563 9574/138/563 9573/136/563
f 9526/137/564 9527/139/564 9575/140/564 9574/138/564
f 9527/139/565 9528/103/565 9576/141/565 9575/140/565
f 9528/103/566 9514/94/566 9562/93/566 9576/141/566
f 9562/4/551 9561/25/551 9609/123/551 9610/92/551
f 9561/25/552 9563/11/552 9611/124/552 9609/123/552
f 9563/11/553 9564/39/553 9612/125/553 9611/124/553
f 9564/39/554 9565/17/554 9613/126/554 9612/125/554
f 9565/17/555 9566/79/555 9614/127/555 9613/126/555
f 9566/79/556 9567/83/556 9615/128/556 9614/127/556
f 9567/83/557 9568/87/557 9616/129/557 9615/128/557
f 9568/87/558 9569/91/558 9617/130/558 9616/129/558
f 9569/91/559 9570/131/559 9618/132/559 9617/130/559
f 9570/131/560 9571/99/560 9619/133/560 9618/132/560
f 9571/99/561 9572/134/561 9620/135/561 9619/133/561
f 9572/134/562 9573/64/562 9621/136/562 9620/135/562
f 9573/64/563 9574/137/563 9622/138/563 9621/136/563
f 9574/137/564 9575/139/564 9623/140/564 9622/138/564
f 9575/139/565 9576/103/565 9624/141/565 9623/140/565
f 9576/103/566 9562/94/566 9610/93/566 9624/141/566
f 9610/4/551 9609/25/551 9657/123/551 9658/92/551
f 9609/25/552 9611/11/552 9659/124/552 9657/123/552
f 9611/11/553 9612/39/553 9660/125/553 9659/124/553
f 9612/39/554 9613/17/554 9661/126/554 9660/125/554
f 9613/17/555 9614/79/555 9662/127/555 9661/126/555
f 9614/79/556 9615/83/556 9663/128/556 9662/127/556
f 9615/83/557 9616/87/557 9664/129/557 9663/128/557
f 9616/87/558 9617/91/558 9665/130/558 9664/129/558
f 9617/91/559 9618/131/559 9666/132/559 9665/130/559
f 9618/131/560 9619/99/560 9667/133/560 9666/132/560
f 9619/99/561 9620/134/561 9668/135/561 9667/133/561
f 9620/134/562 9621/64/562 9669/136/562 9668/135/562
f 9621/64/563 9622/137/563 9670/138/563 9669/136/563
f 9622/137/564 9623/139/564 9671/140/564 9670/138/564
f 9623/139/565 9624/103/565 9672/141/565 9671/140/565
f 9624/103/566 9610/94/566 9658/93/566 9672/141/566
f 9658/4/551 9657/25/551 9705/123/551 9706/92/551
f 9657/25/552 9659/11/552 9707/124/552 9705/123/552
f 9659/11/553 9660/39/553 9708/125/553 9707/124/553
f 9660/39/554 9661/17/554 9709/126/554 9708/125/554
f 9661/17/555 9662/79/555 9710/127/555 9709/126/555
f 9662/79/556 9663/83/556 9711/128/556 9710/127/556
f 9663/83/557 9664/87/557 9712/129/557 9711/128/557
f 9664/87/558 9665/91/558 9713/130/558 9712/129/558
f 9665/91/559 9666/131/559 9714/132/559 9713/130/559
f 9666/131/560 9667/99/560 9715/133/560 9714/132/560
f 9667/99/561 9668/134/561 9716/135/561 9715/133/561
f 9668/134/562 9669/64/562 9717/136/562 9716/135/562
f 9669/64/563 9670/137/563 9718/138/563 9717/136/563
f 9670/137/564 9671/139/564 9719/140/564 9718/138/564
f 9671/139/565 9672/103/565 9720/141/565 9719/140/565
f 9672/103/566 9658/94/566 9706/93/566 9720/141/566
f 9706/4/551 9705/25/551 9753/123/551 9754/92/551
f 9705/25/552 9707/11/552 9755/124/552 9753/123/552
f 9707/11/553 9708/39/553 9756/125/553 9755/124/553
f 9708/39/554 9709/17/554 9757/126/554 9756/125/554
f 9709/17/555 9710/79/555 9758/127/555 9757/126/555
f 9710/79/556 9711/83/556 9759/128/556 9758/127/556
f 9711/83/557 9712/87/557 9760/129/557 9759/128/557
f 9712/87/558 9713/91/558 9761/130/558 9760/129/558
f 9713/91/559 9714/131/559 9762/132/559 9761/130/559
f 9714/131/560 9715/99/560 9763/133/560 9762/132/560
f 9715/99/561 9716/134/561 9764/135/561 9763/133/561
f 9716/134/562 9717/64/562 9765/136/562 9764/135/562
f 9717/64/563 9718/137/563 9766/138/563 9765/136/563
f 9718/137/564 9719/139/564 9767/140/564 9766/138/564
f 9719/139/565 9720/103/565 9768/141/565 9767/140/565
f 9720/103/566 9706/94/566 9754/93/566 9768/141/566
f 9754/4/551 9753/25/551 9801/123/551 9802/92/551
f 9753/25/552 9755/11/552 9803/124/552 9801/123/552
f 9755/11/553 9756/39/553 9804/125/553 9803/124/553
f 9756/39/554 9757/17/554 9805/126/554 9804/125/554
f 9757/17/555 9758/79/555 9806/127/555 9805/126/555
f 9758/79/556 9759/83/556 9807/128/556 9806/127/556
f 9759/83/557 9760/87/557 9808/129/557 9807/128/557
f 9760/87/558 9761/91/558 9809/130/558 9808/129/558
f 9761/91/559 9762/131/559 9810/132/559 9809/130/559
f 9762/131/560 9763/99/560 9811/133/560 9810/132/560
f 9763/99/561 9764/134/561 9812/135/561 9811/133/561
f 9764/134/562 9765/64/562 9813/136/562 9812/135/562
f 9765/64/563 9766/137/563 9814/138/563 9813/136/563
f 9766/137/564 9767/139/564 9815/140/564 9814/138/564
f 9767/139/565 9768/103/565 9816/141/565 9815/140/565
f 9768/103/566 9754/94/566 9802/93/566 9816/141/566
f 9802/4/551 9801/25/551 9849/123/551 9850/92/551
f 9801/25/552 9803/11/552 9851/124/552 9849/123/552
f 9803/11/553 9804/39/553 9852/125/553 9851/124/553
f 9804/39/554 9805/17/554 9853/126/554 9852/125/554
f 9805/17/555 9806/79/555 9854/127/555 9853/126/555
f 9806/79/556 9807/83/556 9855/128/556 9854/127/556
f 9807/83/557 9808/87/557 9856/129/557 9855/128/557
f 9808/87/558 9809/91/558 9857/130/558 9856/129/558
f 9809/91/559 9810/131/559 9858/132/559 9857/130/559
f 9810/131/560 9811/99/560 9859/133/560 9858/132/560
f 9811/99/561 9812/134/561 9860/135/561 9859/133/561
f 9812/134/562 9813/64/562 9861/136/562 9860/135/562
f 9813/64/563 9814/137/563 9862/138/563 9861/136/563
f 9814/137/564 9815/139/564 9863/140/564 9862/138/564
f 9815/139/565 9816/103/565 9864/141/565 9863/140/565
f 9816/103/566 9802/94/566 9850/93/566 9864/141/566
f 9850/4/551 9849/25/551 9897/123/551 9898/92/551
f 9849/25/552 9851/11/552 9899/124/552 9897/123/552
f 9851/11/553 9852/39/553 9900/125/553 9899/124/553
f 9852/39/554 9853/17/554 9901/126/554 9900/125/554
f 9853/17/555 9854/79/555 9902/127/555 9901/126/555
f 9854/79/556 9855/83/556 9903/128/556 9902/127/556
f 9855/83/557 9856/87/557 9904/129/557 9903/128/557
f 9856/87/558 9857/91/558 9905/130/558 9904/129/558
f 9857/91/559 9858/131/559 9906/132/559 9905/130/559
f 9858/131/560 9859/99/560 9907/133/560 9906/132/560
f 9859/99/561 9860/134/561 9908/135/561 9907/133/561
f 9860/134/562 9861/64/562 9909/136/562 9908/135/562
f 9861/64/563 9862/137/563 9910/138/563 9909/136/563
f 9862/137/564 9863/139/564 9911/140/564 9910/138/564
f 9863/139/565 9864/103/565 9912/141/565 9911/140/565
f 9864/103/566 9850/94/566 9898/93/566 9912/141/566
f 9898/4/551 9897/25/551 9945/123/551 9946/92/551
f 9897/25/552 9899/11/552 9947/124/552 9945/123/552
f 9899/11/553 9900/39/553 9948/125/553 9947/124/553
f 9900/39/554 9901/17/554 9949/126/554 9948/125/554
f 9901/17/555 9902/79/555 9950/127/555 9949/126/555
f 9902/79/556 9903/83/556 9951/128/556 9950/127/556
f 9903/83/557 9904/87/557 9952/129/557 9951/128/557
f 9904/87/558 9905/91/558 9953/130/558 9952/129/558
f 9905/91/559 9906/131/559 9954/132/559 9953/130/559
f 9906/131/560 9907/99/560 9955/133/560 9954/132/560
f 9907/99/561 9908/134/561 9956/135/561 9955/133/561
f 9908/134/562 9909/64/562 9957/136/562 9956/135/562
f 9909/64/563 9910/137/563 9958/138/563 9957/136/563
f 9910/137/564 9911/139/564 9959/140/564 9958/138/564
f 9911/139/565 9912/103/565 9960/141/565 9959/140/565
f 9912/103/566 9898/94/566 9946/93/566 9960/141/566
f 9946/4/551 9945/25/551 9993/123/551 9994/92/551
f 9945/25/552 9947/11/552 9995/124/552 9993/123/552
f 9947/11/553 9948/39/553 9996/125/553 9995/124/553
f 9948/39/554 9949/17/554 9997/126/554 9996/125/554
f 9949/17/555 9950/79/555 9998/127/555 9997/126/555
f 9950/79/556 9951/83/556 9999/128/556 9998/127/556
f 9951/83/557 9952/87/557 10000/129/557 9999/128/557
f 9952/87/558 9953/91/558 10001/130/558 10000/129/558
f 9953/91/559 9954/131/559 10002/132/559 10001/130/559
f 9954/131/560 9955/99/560 10003/133/560 10002/132/560
f 9955/99/561 9956/134/561 10004/135/561 10003/133/561
f 9956/134/562 9957/64/562 10005/136/562 10004/135/562
f 9957/64/563 9958/137/563 10006/138/563 10005/136/563
f 9958/137/564 9959/139/564 10007/140/564 10006/138/564
f 9959/139/565 9960/103/565 10008/141/565 10007/140/565
f 9960/103/566 9946/94/566 9994/93/566 10008/141/566
f 9994/4/551 9993/25/551 10041/123/551 10042/92/551
f 9993/25/552 9995/11/552 10043/124/552 10041/123/552
f 9995/11/553 9996/39/553 10044/125/553 10043/124/553
f 9996/39/554 9997/17/554 10045/126/554 10044/125/554
f 9997/17/555 9998/79/555 10046/127/555 10045/126/555
f 9998/79/556 9999/83/556 10047/128/556 10046/127/556
f 9999/83/557 10000/87/557 10048/129/557 10047/128/557
f 10000/87/558 10001/91/558 10049/130/558 10048/129/558
f 10001/91/559 10002/131/559 10050/132/559 10049/130/559
f 10002/131/560 10003/99/560 10051/133/560 10050/132/560
f 10003/99/561 10004/134/561 10052/135/561 10051/133/561
f 10004/134/562 10005/64/562 10053/136/562 10052/135/562
f 10005/64/563 10006/137/563 10054/138/563 10053/136/563
f 10006/137/564 10007/139/564 10055/140/564 10054/138/564
f 10007/139/565 10008/103/565 10056/141/565 10055/140/565
f 10008/103/566 9994/94/566 10042/93/566 10056/141/566
f 10042/4/551 10041/25/551 10089/123/551 10090/92/551
f 10041/25/552 10043/11/552 10091/124/552 10089/123/552
f 10043/11/553 10044/39/553 10092/125/553 10091/124/553
f 10044/39/554 10045/17/554 10093/126/554 10092/125/554
f 10045/17/555 10046/79/555 10094/127/555 10093/126/555
f 10046/79/556 10047/83/556 10095/128/556 10094/127/556
f 10047/83/557 10048/87/557 10096/129/557 10095/128/557
f 10048/87/558 10049/91/558 10097/130/558 10096/129/558
f 10049/91/559 10050/131/559 10098/132/559 10097/130/559
f 10050/131/560 10051/99/560 10099/133/560 10098/132/560
f 10051/99/561 10052/134/561 10100/135/561 10099/133/561
f 10052/134/562 10053/64/562 10101/136/562 10100/135/562
f 10053/64/563 10054/137/563 10102/138/563 10101/136/563
f 10054/137/564 10055/139/564 10103/140/564 10102/138/564
f 10055/139/565 10056/103/565 10104/141/565 10103/140/565
f 10056/103/566 10042/94/566 10090/93/566 10104/141/566
f 10090/4/551 10089/25/551 10137/123/551 10138/92/551
f 10089/25/552 10091/11/552 10139/124/552 10137/123/552
f 10091/11/553 10092/39/553 10140/125/553 10139/124/553
f 10092/39/554 10093/17/554 10141/126/554 10140/125/554
f 10093/17/555 10094/79/555 10142/127/555 10141/126/555
f 10094/79/556 10095/83/556 10143/128/556 10142/127/556
f 10095/83/557 10096/87/557 10144/129/557 10143/128/557
f 10096/87/558 10097/91/558 10145/130/558 10144/129/558
f 10097/91/559 10098/131/559 10146/132/559 10145/130/559
f 10098/131/560 10099/99/560 10147/133/560 10146/132/560
f 10099/99/561 10100/134/561 10148/135/561 10147/133/561
f 10100/134/562 10101/64/562 10149/136/562 10148/135/562
f 10101/64/563 10102/137/563 10150/138/563 10149/136/563
f 10102/137/564 10103/139/564 10151/140/564 10150/138/564
f 10103/139/565 10104/103/565 10152/141/565 10151/140/565
f 10104/103/566 10090/94/566 10138/93/566 10152/141/566
f 10138/4/551 10137/25/551 10185/123/551 10186/92/551
f 10137/25/552 10139/11/552 10187/124/552 10185/123/552
f 10139/11/553 10140/39/553 10188/125/553 10187/124/553
f 10140/39/554 10141/17/554 10189/126/554 10188/125/554
f 10141/17/555 10142/79/555 10190/127/555 10189/126/555
f 10142/79/556 10143/83/556 10191/128/556 10190/127/556
f 10143/83/557 10144/87/557 10192/129/557 10191/128/557
f 10144/87/558 10145/91/558 10193/130/558 10192/129/558
f 10145/91/559 10146/131/559 10194/132/559 10193/130/559
f 10146/131/560 10147/99/560 10195/133/560 10194/132/560
f 10147/99/561 10148/134/561 10196/135/561 10195/133/561
f 10148/134/562 10149/64/562 10197/136/562 10196/135/562
f 10149/64/563 10150/137/563 10198/138/563 10197/136/563
f 10150/137/564 10151/139/564 10199/140/564 10198/138/564
f 10151/139/565 10152/103/565 10200/141/565 10199/140/565
f 10152/103/566 10138/94/566 10186/93/566 10200/141/566
f 10186/4/551 10185/25/551 10233/123/551 10234/92/551
f 10185/25/552 10187/11/552 10235/124/552 10233/123/552
f 10187/11/553 10188/39/553 10236/125/553 10235/124/553
f 10188/39/554 10189/17/554 10237/126/554 10236/125/554
f 10189/17/555 10190/79/555 10238/127/555 10237/126/555
f 10190/79/556 10191/83/556 10239/128/556 10238/127/556
f 10191/83/557 10192/87/557 10240/129/557 10239/128/557
f 10192/87/558 10193/91/558 10241/130/558 10240/129/558
f 10193/91/559 10194/131/559 10242/132/559 10241/130/559
f 10194/131/560 10195/99/560 10243/133/560 10242/132/560
f 10195/99/561 10196/134/561 10244/135/561 10243/133/561
f 10196/134/562 10197/64/562 10245/136/562 10244/135/562
f 10197/64/563 10198/137/563 10246/138/563 10245/136/563
f 10198/137/564 10199/139/564 10247/140/564 10246/138/564
f 10199/139/565 10200/103/565 10248/141/565 10247/140/565
f 10200/103/566 10186/94/566 10234/93/566 10248/141/566
f 10234/4/551 10233/25/551 10281/123/551 10282/92/551
f 10233/25/552 10235/11/552 10283/124/552 10281/123/552
f 10235/11/553 10236/39/553 10284/125/553 10283/124/553
f 10236/39/554 10237/17/554 10285/126/554 10284/125/554
f 10237/17/555 10238/79/555 10286/127/555 10285/126/555
f 10238/79/556 10239/83/556 10287/128/556 10286/127/556
f 10239/83/557 10240/87/557 10288/129/557 10287/128/557
f 10240/87/558 10241/91/558 10289/130/558 10288/129/558
f 10241/91/559 10242/131/559 10290/132/559 10289/130/559
f 10242/131/560 10243/99/560 10291/133/560 10290/132/560
f 10243/99/561 10244/134/561 10292/135/561 10291/133/561
f 10244/134/562 10245/64/562 10293/136/562 10292/135/562
f 10245/64/563 10246/137/563 10294/138/563 10293/136/563
f 10246/137/564 10247/139/564 10295/140/564 10294/138/564
f 10247/139/565 10248/103/565 10296/141/565 10295/140/565
f 10248/103/566 10234/94/566 10282/93/566 10296/141/566
o clamp_4
usemtl steel
f 9425/67/1 9426/90/1 9427/91/1 9428/4/1
f 9429/4/2 9430/91/2 9431/90/2 9432/67/2
f 9432/90/3 9431/67/3 9426/4/3 9425/91/3
f 9430/90/4 9429/67/4 9428/4/4 9427/91/4
f 9429/90/5 9432/67/5 9425/4/5 9428/91/5
f 9431/90/6 9430/67/6 9427/4/6 9426/91/6
f 10297/67/1 10298/90/1 10299/91/1 10300/4/1
f 10301/4/2 10302/91/2 10303/90/2 10304/67/2
f 10304/90/3 10303/67/3 10298/4/3 10297/91/3
f 10302/90/4 10301/67/4 10300/4/4 10299/91/4
f 10301/90/5 10304/67/5 10297/4/5 10300/91/5
f 10303/90/6 10302/67/6 10299/4/6 10298/91/6
o jumper_4
usemtl conductor
f 10305/4/567 10306/35/567 10307/142/567 10308/143/567
f 10306/35/568 10309/79/568 10310/144/568 10307/142/568
f 10309/79/569 10311/89/569 10312/145/569 10310/144/569
f 10311/89/570 10313/99/570 10314/146/570 10312/145/570
f 10313/99/571 10315/101/571 10316/147/571 10314/146/571
f 10315/101/572 10317/103/572 10318/148/572 10316/147/572
f 10317/103/573 10319/105/573 10320/149/573 10318/148/573
f 10319/105/574 10321/3/574 10322/150/574 10320/149/574
f 10321/3/575 10323/107/575 10324/151/575 10322/150/575
f 10323/107/576 10325/109/576 10326/152/576 10324/151/576
f 10325/109/577 10327/111/577 10328/153/577 10326/152/577
f 10327/111/578 10329/113/578 10330/154/578 10328/153/578
f 10329/113/579 10331/115/579 10332/155/579 10330/154/579
f 10331/115/580 10333/117/580 10334/156/580 10332/155/580
f 10333/117/581 10335/119/581 10336/157/581 10334/156/581
f 10335/119/582 10305/121/582 10308/158/582 10336/157/582
f 10308/143/583 10307/142/583 10337/159/583 10338/160/583
f 10307/142/584 10310/144/584 10339/161/584 10337/159/584
f 10310/144/585 10312/145/585 10340/162/585 10339/161/585
f 10312/145/586 10314/146/586 10341/163/586 10340/162/586
f 10314/146/587 10316/147/587 10342/164/587 10341/163/587
f 10316/147/588 10318/148/588 10343/165/588 10342/164/588
f 10318/148/589 10320/149/589 10344/166/589 10343/165/589
f 10320/149/590 10322/150/590 10345/167/590 10344/166/590
f 10322/150/591 10324/151/591 10346/168/591 10345/167/591
f 10324/151/592 10326/152/592 10347/169/592 10346/168/592
f 10326/152/593 10328/153/593 10348/170/593 10347/169/593
f 10328/153/594 10330/154/594 10349/171/594 10348/170/594
f 10330/154/595 10332/155/595 10350/172/595 10349/171/595
f 10332/155/596 10334/156/596 10351/173/596 10350/172/596
f 10334/156/597 10336/157/597 10352/174/597 10351/173/597
f 10336/157/598 10308/158/598 10338/175/598 10352/174/598
f 10338/160/599 10337/159/599 10353/176/599 10354/177/599
f 10337/159/600 10339/161/600 10355/178/600 10353/176/600
f 10339/161/601 10340/162/601 10356/179/601 10355/178/601
f 10340/162/602 10341/163/602 10357/180/602 10356/179/602
f 10341/163/603 10342/164/603 10358/181/603 10357/180/603
f 10342/164/604 10343/165/604 10359/182/604 10358/181/604
f 10343/165/605 10344/166/605 10360/183/605 10359/182/605
f 10344/166/606 10345/167/606 10361/184/606 10360/183/606
f 10345/167/607 10346/168/607 10362/185/607 10361/184/607
f 10346/168/608 10347/169/608 10363/186/608 10362/185/608
f 10347/169/609 10348/170/609 10364/187/609 10363/186/609
f 10348/170/610 10349/171/610 10365/188/610 10364/187/610
f 10349/171/611 10350/172/611 10366/189/611 10365/188/611
f 10350/172/612 10351/173/612 10367/190/612 10366/189/612
f 10351/173/613 10352/174/613 10368/191/613 10367/190/613
f 10352/174/614 10338/175/614 10354/192/614 10368/191/614
f 10354/177/615 10353/176/615 10369/193/615 10370/194/615
f 10353/176/616 10355/178/616 10371/195/616 10369/193/616
f 10355/178/617 10356/179/617 10372/196/617 10371/195/617
f 10356/179/618 10357/180/618 10373/197/618 10372/196/618
f 10357/180/619 10358/181/619 10374/198/619 10373/197/619
f 10358/181/620 10359/182/620 10375/199/620 10374/198/620
f 10359/182/621 10360/183/621 10376/200/621 10375/199/621
f 10360/183/622 10361/184/622 10377/201/622 10376/200/622
f 10361/184/623 10362/185/623 10378/202/623 10377/201/623
f 10362/185/624 10363/186/624 10379/203/624 10378/202/624
f 10363/186/625 10364/187/625 10380/204/625 10379/203/625
f 10364/187/626 10365/188/626 10381/205/626 10380/204/626
f 10365/188/627 10366/189/627 10382/206/627 10381/205/627
f 10366/189/628 10367/190/628 10383/207/628 10382/206/628
f 10367/190/629 10368/191/629 10384/208/629 10383/207/629
f 10368/191/630 10354/192/630 10370/209/630 10384/208/630
f 10370/194/631 10369/193/631 10385/210/631 10386/1/631
f 10369/193/632 10371/195/632 10387/211/632 10385/210/632
f 10371/195/633 10372/196/633 10388/212/633 10387/211/633
f 10372/196/634 10373/197/634 10389/213/634 10388/212/634
f 10373/197/635 10374/198/635 10390/214/635 10389/213/635
f 10374/198/636 10375/199/636 10391/215/636 10390/214/636
f 10375/199/637 10376/200/637 10392/216/637 10391/215/637
f 10376/200/638 10377/201/638 10393/2/638 10392/216/638
f 10377/201/639 10378/202/639 10394/217/639 10393/2/639
f 10378/202/640 10379/203/640 10395/218/640 10394/217/640
f 10379/203/641 10380/204/641 10396/219/641 10395/218/641
f 10380/204/642 10381/205/642 10397/220/642 10396/219/642
f 10381/205/643 10382/206/643 10398/221/643 10397/220/643
f 10382/206/644 10383/207/644 10399/222/644 10398/221/644
f 10383/207/645 10384/208/645 10400/223/645 10399/222/645
f 10384/208/646 10370/209/646 10386/58/646 10400/223/646
f 10386/1/647 10385/210/647 10401/224/647 10402/225/647
f 10385/210/648 10387/211/648 10403/226/648 10401/224/648
f 10387/211/649 10388/212/649 10404/227/649 10403/226/649
f 10388/212/650 10389/213/650 10405/228/650 10404/227/650
f 10389/213/651 10390/214/651 10406/229/651 10405/228/651
f 10390/214/652 10391/215/652 10407/230/652 10406/229/652
f 10391/215/653 10392/216/653 10408/231/653 10407/230/653
f 10392/216/654 10393/2/654 10409/232/654 10408/231/654
f 10393/2/655 10394/217/655 10410/233/655 10409/232/655
f 10394/217/656 10395/218/656 10411/234/656 10410/233/656
f 10395/218/657 10396/219/657 10412/235/657 10411/234/657
f 10396/219/658 10397/220/658 10413/236/658 10412/235/658
f 10397/220/659 10398/221/659 10414/237/659 10413/236/659
f 10398/221/660 10399/222/660 10415/238/660 10414/237/660
f 10399/222/661 10400/223/661 10416/239/661 10415/238/661
f 10400/223/662 10386/58/662 10402/240/662 10416/239/662
f 10402/225/663 10401/224/663 10417/241/663 10418/242/663
f 10401/224/664 10403/226/664 10419/243/664 10417/241/664
f 10403/226/665 10404/227/665 10420/244/665 10419/243/665
f 10404/227/666 10405/228/666 10421/245/666 10420/244/666
f 10405/228/667 10406/229/667 10422/246/667 10421/245/667
f 10406/229/668 10407/230/668 10423/247/668 10422/246/668
f 10407/230/669 10408/231/669 10424/248/669 10423/247/669
f 10408/231/670 10409/232/670 10425/249/670 10424/248/670
f 10409/232/671 10410/233/671 10426/250/671 10425/249/671
f 10410/233/672 10411/234/672 10427/251/672 10426/250/672
f 10411/234/673 10412/235/673 10428/252/673 10427/251/673
f 10412/235/674 10413/236/674 10429/253/674 10428/252/674
f 10413/236/675 10414/237/675 10430/254/675 10429/253/675
f 10414/237/676 10415/238/676 10431/255/676 10430/254/676
f 10415/238/677 10416/239/677 10432/256/677 10431/255/677
f 10416/239/678 10402/240/678 10418/257/678 10432/256/678
f 10418/242/679 10417/241/679 10433/258/679 10434/259/679
f 10417/241/680 10419/243/680 10435/260/680 10433/258/680
f 10419/243/681 10420/244/681 10436/261/681 10435/260/681
f 10420/244/682 10421/245/682 10437/262/682 10436/261/682
f 10421/245/683 10422/246/683 10438/263/683 10437/262/683
f 10422/246/684 10423/247/684 10439/264/684 10438/263/684
f 10423/247/685 10424/248/685 10440/265/685 10439/264/685
f 10424/248/686 10425/249/686 10441/266/686 10440/265/686
f 10425/249/687 10426/250/687 10442/267/687 10441/266/687
f 10426/250/688 10427/251/688 10443/268/688 10442/267/688
f 10427/251/689 10428/252/689 10444/269/689 10443/268/689
f 10428/252/690 10429/253/690 10445/270/690 10444/269/690
f 10429/253/691 10430/254/691 10446/271/691 10445/270/691
f 10430/254/692 10431/255/692 10447/272/692 10446/271/692
f 10431/255/693 10432/256/693 10448/273/693 10447/272/693
f 10432/256/694 10418/257/694 10434/274/694 10448/273/694
f 10434/259/695 10433/258/695 10449/275/695 10450/276/695
f 10433/258/696 10435/260/696 10451/277/696 10449/275/696
f 10435/260/697 10436/261/697 10452/278/697 10451/277/697
f 10436/261/698 10437/262/698 10453/279/698 10452/278/698
f 10437/262/699 10438/263/699 10454/280/699 10453/279/699
f 10438/263/700 10439/264/700 10455/281/700 10454/280/700
f 10439/264/701 10440/265/701 10456/282/701 10455/281/701
f 10440/265/702 10441/266/702 10457/283/702 10456/282/702
f 10441/266/703 10442/267/703 10458/284/703 10457/283/703
f 10442/267/704 10443/268/704 10459/285/704 10458/284/704
f 10443/268/705 10444/269/705 10460/286/705 10459/285/705
f 10444/269/706 10445/270/706 10461/287/706 10460/286/706
f 10445/270/707 10446/271/707 10462/288/707 10461/287/707
f 10446/271/708 10447/272/708 10463/289/708 10462/288/708
f 10447/272/709 10448/273/709 10464/290/709 10463/289/709
f 10448/273/710 10434/274/710 10450/291/710 10464/290/710
f 10450/276/711 10449/275/711 10465/95/711 10466/96/711
f 10449/275/712 10451/277/712 10467/97/712 10465/95/712
f 10451/277/713 10452/278/713 10468/98/713 10467/97/713
f 10452/278/714 10453/279/714 10469/100/714 10468/98/714
f 10453/279/715 10454/280/715 10470/102/715 10469/100/715
f 10454/280/716 10455/281/716 10471/104/716 10470/102/716
f 10455/281/717 10456/282/717 10472/106/717 10471/104/717
f 10456/282/718 10457/283/718 10473/54/718 10472/106/718
f 10457/283/719 10458/284/719 10474/108/719 10473/54/719
f 10458/284/720 10459/285/720 10475/110/720 10474/108/720
f 10459/285/721 10460/286/721 10476/112/721 10475/110/721
f 10460/286/722 10461/287/722 10477/114/722 10476/112/722
f 10461/287/723 10462/288/723 10478/116/723 10477/114/723
f 10462/288/724 10463/289/724 10479/118/724 10478/116/724
f 10463/289/725 10464/290/725 10480/120/725 10479/118/725
f 10464/290/726 10450/291/726 10466/122/726 10480/120/726
f 10335/48/727 10333/47/727 10331/46/727 10329/3/727 10327/50/727 10325/49/727 10323/51/727 10321/1/727 10319/53/727 10317/52/727 10315/55/727 10313/54/727 10311/57/727 10309/56/727 10306/59/727 10305/58/727
f 10466/58/728 10465/59/728 10467/56/728 10468/57/728 10469/54/728 10470/55/728 10471/52/728 10472/53/728 10473/1/728 10474/51/728 10475/49/728 10476/50/728 10477/3/728 10478/46/728 10479/47/728 10480/48/728
o insulator_5
usemtl porcelain
f 10497/4/535 10498/35/535 10499/95/535 10500/96/535
f 10498/35/536 10501/79/536 10502/97/536 10499/95/536
f 10501/79/537 10503/89/537 10504/98/537 10502/97/537
f 10503/89/538 10505/99/538 10506/100/538 10504/98/538
f 10505/99/539 10507/101/539 10508/102/539 10506/100/539
f 10507/101/540 10509/103/540 10510/104/540 10508/102/540
f 10509/103/541 10511/105/541 10512/106/541 10510/104/541
f 10511/105/542 10513/3/542 10514/54/542 10512/106/542
f 10513/3/543 10515/107/543 10516/108/543 10514/54/543
f 10515/107/544 10517/109/544 10518/110/544 10516/108/544
f 10517/109/545 10519/111/545 10520/112/545 10518/110/545
f 10519/111/546 10521/113/546 10522/114/546 10520/112/546
f 10521/113/547 10523/115/547 10524/116/547 10522/114/547
f 10523/115/548 10525/117/548 10526/118/548 10524/116/548
f 10525/117/549 10527/119/549 10528/120/549 10526/118/549
f 10527/119/550 10497/121/550 10500/122/550 10528/120/550
f 10561/4/535 10562/35/535 10563/95/535 10564/96/535
f 10562/35/536 10565/79/536 10566/97/536 10563/95/536
f 10565/79/537 10567/89/537 10568/98/537 10566/97/537
f 10567/89/538 10569/99/538 10570/100/538 10568/98/538
f 10569/99/539 10571/101/539 10572/102/539 10570/100/539
f 10571/101/540 10573/103/540 10574/104/540 10572/102/540
f 10573/103/541 10575/105/541 10576/106/541 10574/104/541
f 10575/105/542 10577/3/542 10578/54/542 10576/106/542
f 10577/3/543 10579/107/543 10580/108/543 10578/54/543
f 10579/107/544 10581/109/544 10582/110/544 10580/108/544
f 10581/109/545 10583/111/545 10584/112/545 10582/110/545
f 10583/111/546 10585/113/546 10586/114/546 10584/112/546
f 10585/113/547 10587/115/547 10588/116/547 10586/114/547
f 10587/115/548 10589/117/548 10590/118/548 10588/116/548
f 10589/117/549 10591/119/549 10592/120/549 10590/118/549
f 10591/119/550 10561/121/550 10564/122/550 10592/120/550
f 10609/4/535 10610/35/535 10611/95/535 10612/96/535
f 10610/35/536 10613/79/536 10614/97/536 10611/95/536
f 10613/79/537 10615/89/537 10616/98/537 10614/97/537
f 10615/89/538 10617/99/538 10618/100/538 10616/98/538
f 10617/99/539 10619/101/539 10620/102/539 10618/100/539
f 10619/101/540 10621/103/540 10622/104/540 10620/102/540
f 10621/103/541 10623/105/541 10624/106/541 10622/104/541
f 10623/105/542 10625/3/542 10626/54/542 10624/106/542
f 10625/3/543 10627/107/543 10628/108/543 10626/54/543
f 10627/107/544 10629/109/544 10630/110/544 10628/108/544
f 10629/109/545 10631/111/545 10632/112/545 10630/110/545
f 10631/111/546 10633/113/546 10634/114/546 10632/112/546
f 10633/113/547 10635/115/547 10636/116/547 10634/114/547
f 10635/115/548 10637/117/548 10638/118/548 10636/116/548
f 10637/117/549 10639/119/549 10640/120/549 10638/118/549
f 10639/119/550 10609/121/550 10612/122/550 10640/120/550
f 10657/4/535 10658/35/535 10659/95/535 10660/96/535
f 10658/35/536 10661/79/536 10662/97/536 10659/95/536
f 10661/79/537 10663/89/537 10664/98/537 10662/97/537
f 10663/89/538 10665/99/538 10666/100/538 10664/98/538
f 10665/99/539 10667/101/539 10668/102/539 10666/100/539
f 10667/101/540 10669/103/540 10670/104/540 10668/102/540
f 10669/103/541 10671/105/541 10672/106/541 10670/104/541
f 10671/105/542 10673/3/542 10674/54/542 10672/106/542
f 10673/3/543 10675/107/543 10676/108/543 10674/54/543
f 10675/107/544 10677/109/544 10678/110/544 10676/108/544
f 10677/109/545 10679/111/545 10680/112/545 10678/110/545
f 10679/111/546 10681/113/546 10682/114/546 10680/112/546
f 10681/113/547 10683/115/547 10684/116/547 10682/114/547
f 10683/115/548 10685/117/548 10686/118/548 10684/116/548
f 10685/117/549 10687/119/549 10688/120/549 10686/118/549
f 10687/119/550 10657/121/550 10660/122/550 10688/120/550
f 10705/4/535 10706/35/535 10707/95/535 10708/96/535
f 10706/35/536 10709/79/536 10710/97/536 10707/95/536
f 10709/79/537 10711/89/537 10712/98/537 10710/97/537
f 10711/89/538 10713/99/538 10714/100/538 10712/98/538
f 10713/99/539 10715/101/539 10716/102/539 10714/100/539
f 10715/101/540 10717/103/540 10718/104/540 10716/102/540
f 10717/103/541 10719/105/541 10720/106/541 10718/104/541
f 10719/105/542 10721/3/542 10722/54/542 10720/106/542
f 10721/3/543 10723/107/543 10724/108/543 10722/54/543
f 10723/107/544 10725/109/544 10726/110/544 10724/108/544
f 10725/109/545 10727/111/545 10728/112/545 10726/110/545
f 10727/111/546 10729/113/546 10730/114/546 10728/112/546
f 10729/113/547 10731/115/547 10732/116/547 10730/114/547
f 10731/115/548 10733/117/548 10734/118/548 10732/116/548
f 10733/117/549 10735/119/549 10736/120/549 10734/118/549
f 10735/119/550 10705/121/550 10708/122/550 10736/120/550
f 10753/4/535 10754/35/535 10755/95/535 10756/96/535
f 10754/35/536 10757/79/536 10758/97/536 10755/95/536
f 10757/79/537 10759/89/537 10760/98/537 10758/97/537
f 10759/89/538 10761/99/538 10762/100/538 10760/98/538
f 10761/99/539 10763/101/539 10764/102/539 10762/100/539
f 10763/101/540 10765/103/540 10766/104/540 10764/102/540
f 10765/103/541 10767/105/541 10768/106/541 10766/104/541
f 10767/105/542 10769/3/542 10770/54/542 10768/106/542
f 10769/3/543 10771/107/543 10772/108/543 10770/54/543
f 10771/107/544 10773/109/544 10774/110/544 10772/108/544
f 10773/109/545 10775/111/545 10776/112/545 10774/110/545
f 10775/111/546 10777/113/546 10778/114/546 10776/112/546
f 10777/113/547 10779/115/547 10780/116/547 10778/114/547
f 10779/115/548 10781/117/548 10782/118/548 10780/116/548
f 10781/117/549 10783/119/549 10784/120/549 10782/118/549
f 10783/119/550 10753/121/550 10756/122/550 10784/120/550
f 10801/4/535 10802/35/535 10803/95/535 10804/96/535
f 10802/35/536 10805/79/536 10806/97/536 10803/95/536
f 10805/79/537 10807/89/537 10808/98/537 10806/97/537
f 10807/89/538 10809/99/538 10810/100/538 10808/98/538
f 10809/99/539 10811/101/539 10812/102/539 10810/100/539
f 10811/101/540 10813/103/540 10814/104/540 10812/102/540
f 10813/103/541 10815/105/541 10816/106/541 10814/104/541
f 10815/105/542 10817/3/542 10818/54/542 10816/106/542
f 10817/3/543 10819/107/543 10820/108/543 10818/54/543
f 10819/107/544 10821/109/544 10822/110/544 10820/108/544
f 10821/109/545 10823/111/545 10824/112/545 10822/110/545
f 10823/111/546 10825/113/546 10826/114/546 10824/112/546
f 10825/113/547 10827/115/547 10828/116/547 10826/114/547
f 10827/115/548 10829/117/548 10830/118/548 10828/116/548
f 10829/117/549 10831/119/549 10832/120/549 10830/118/549
f 10831/119/550 10801/121/550 10804/122/550 10832/120/550
f 10849/4/535 10850/35/535 10851/95/535 10852/96/535
f 10850/35/536 10853/79/536 10854/97/536 10851/95/536
f 10853/79/537 10855/89/537 10856/98/537 10854/97/537
f 10855/89/538 10857/99/538 10858/100/538 10856/98/538
f 10857/99/539 10859/101/539 10860/102/539 10858/100/539
f 10859/101/540 10861/103/540 10862/104/540 10860/102/540
f 10861/103/541 10863/105/541 10864/106/541 10862/104/541
f 10863/105/542 10865/3/542 10866/54/542 10864/106/542
f 10865/3/543 10867/107/543 10868/108/543 10866/54/543
f 10867/107/544 10869/109/544 10870/110/544 10868/108/544
f 10869/109/545 10871/111/545 10872/112/545 10870/110/545
f 10871/111/546 10873/113/546 10874/114/546 10872/112/546
f 10873/113/547 10875/115/547 10876/116/547 10874/114/547
f 10875/115/548 10877/117/548 10878/118/548 10876/116/548
f 10877/117/549 10879/119/549 10880/120/549 10878/118/549
f 10879/119/550 10849/121/550 10852/122/550 10880/120/550
f 10897/4/535 10898/35/535 10899/95/535 10900/96/535
f 10898/35/536 10901/79/536 10902/97/536 10899/95/536
f 10901/79/537 10903/89/537 10904/98/537 10902/97/537
f 10903/89/538 10905/99/538 10906/100/538 10904/98/538
f 10905/99/539 10907/101/539 10908/102/539 10906/100/539
f 10907/101/540 10909/103/540 10910/104/540 10908/102/540
f 10909/103/541 10911/105/541 10912/106/541 10910/104/541
f 10911/105/542 10913/3/542 10914/54/542 10912/106/542
f 10913/3/543 10915/107/543 10916/108/543 10914/54/543
f 10915/107/544 10917/109/544 10918/110/544 10916/108/544
f 10917/109/545 10919/111/545 10920/112/545 10918/110/545
f 10919/111/546 10921/113/546 10922/114/546 10920/112/546
f 10921/113/547 10923/115/547 10924/116/547 10922/114/547
f 10923/115/548 10925/117/548 10926/118/548 10924/116/548
f 10925/117/549 10927/119/549 10928/120/549 10926/118/549
f 10927/119/550 10897/121/550 10900/122/550 10928/120/550
f 10945/4/535 10946/35/535 10947/95/535 10948/96/535
f 10946/35/536 10949/79/536 10950/97/536 10947/95/536
f 10949/79/537 10951/89/537 10952/98/537 10950/97/537
f 10951/89/538 10953/99/538 10954/100/538 10952/98/538
f 10953/99/539 10955/101/539 10956/102/539 10954/100/539
f 10955/101/540 10957/103/540 10958/104/540 10956/102/540
f 10957/103/541 10959/105/541 10960/106/541 10958/104/541
f 10959/105/542 10961/3/542 10962/54/542 10960/106/542
f 10961/3/543 10963/107/543 10964/108/543 10962/54/543
f 10963/107/544 10965/109/544 10966/110/544 10964/108/544
f 10965/109/545 10967/111/545 10968/112/545 10966/110/545
f 10967/111/546 10969/113/546 10970/114/546 10968/112/546
f 10969/113/547 10971/115/547 10972/116/547 10970/114/547
f 10971/115/548 10973/117/548 10974/118/548 10972/116/548
f 10973/117/549 10975/119/549 10976/120/549 10974/118/549
f 10975/119/550 10945/121/550 10948/122/550 10976/120/550
f 10993/4/535 10994/35/535 10995/95/535 10996/96/535
f 10994/35/536 10997/79/536 10998/97/536 10995/95/536
f 10997/79/537 10999/89/537 11000/98/537 10998/97/537
f 10999/89/538 11001/99/538 11002/100/538 11000/98/538
f 11001/99/539 11003/101/539 11004/102/539 11002/100/539
f 11003/101/540 11005/103/540 11006/104/540 11004/102/540
f 11005/103/541 11007/105/541 11008/106/541 11006/104/541
f 11007/105/542 11009/3/542 11010/54/542 11008/106/542
f 11009/3/543 11011/107/543 11012/108/543 11010/54/543
f 11011/107/544 11013/109/544 11014/110/544 11012/108/544
f 11013/109/545 11015/111/545 11016/112/545 11014/110/545
f 11015/111/546 11017/113/546 11018/114/546 11016/112/546
f 11017/113/547 11019/115/547 11020/116/547 11018/114/547
f 11019/115/548 11021/117/548 11022/118/548 11020/116/548
f 11021/117/549 11023/119/549 11024/120/549 11022/118/549
f 11023/119/550 10993/121/550 10996/122/550 11024/120/550
f 11041/4/535 11042/35/535 11043/95/535 11044/96/535
f 11042/35/536 11045/79/536 11046/97/536 11043/95/536
f 11045/79/537 11047/89/537 11048/98/537 11046/97/537
f 11047/89/538 11049/99/538 11050/100/538 11048/98/538
f 11049/99/539 11051/101/539 11052/102/539 11050/100/539
f 11051/101/540 11053/103/540 11054/104/540 11052/102/540
f 11053/103/541 11055/105/541 11056/106/541 11054/104/541
f 11055/105/542 11057/3/542 11058/54/542 11056/106/542
f 11057/3/543 11059/107/543 11060/108/543 11058/54/543
f 11059/107/544 11061/109/544 11062/110/544 11060/108/544
f 11061/109/545 11063/111/545 11064/112/545 11062/110/545
f 11063/111/546 11065/113/546 11066/114/546 11064/112/546
f 11065/113/547 11067/115/547 11068/116/547 11066/114/547
f 11067/115/548 11069/117/548 11070/118/548 11068/116/548
f 11069/117/549 11071/119/549 11072/120/549 11070/118/549
f 11071/119/550 11041/121/550 11044/122/550 11072/120/550
f 11089/4/535 11090/35/535 11091/95/535 11092/96/535
f 11090/35/536 11093/79/536 11094/97/536 11091/95/536
f 11093/79/537 11095/89/537 11096/98/537 11094/97/537
f 11095/89/538 11097/99/538 11098/100/538 11096/98/538
f 11097/99/539 11099/101/539 11100/102/539 11098/100/539
f 11099/101/540 11101/103/540 11102/104/540 11100/102/540
f 11101/103/541 11103/105/541 11104/106/541 11102/104/541
f 11103/105/542 11105/3/542 11106/54/542 11104/106/542
f 11105/3/543 11107/107/543 11108/108/543 11106/54/543
f 11107/107/544 11109/109/544 11110/110/544 11108/108/544
f 11109/109/545 11111/111/545 11112/112/545 11110/110/545
f 11111/111/546 11113/113/546 11114/114/546 11112/112/546
f 11113/113/547 11115/115/547 11116/116/547 11114/114/547
f 11115/115/548 11117/117/548 11118/118/548 11116/116/548
f 11117/117/549 11119/119/549 11120/120/549 11118/118/549
f 11119/119/550 11089/121/550 11092/122/550 11120/120/550
f 11137/4/535 11138/35/535 11139/95/535 11140/96/535
f 11138/35/536 11141/79/536 11142/97/536 11139/95/536
f 11141/79/537 11143/89/537 11144/98/537 11142/97/537
f 11143/89/538 11145/99/538 11146/100/538 11144/98/538
f 11145/99/539 11147/101/539 11148/102/539 11146/100/539
f 11147/101/540 11149/103/540 11150/104/540 11148/102/540
f 11149/103/541 11151/105/541 11152/106/541 11150/104/541
f 11151/105/542 11153/3/542 11154/54/542 11152/106/542
f 11153/3/543 11155/107/543 11156/108/543 11154/54/543
f 11155/107/544 11157/109/544 11158/110/544 11156/108/544
f 11157/109/545 11159/111/545 11160/112/545 11158/110/545
f 11159/111/546 11161/113/546 11162/114/546 11160/112/546
f 11161/113/547 11163/115/547 11164/116/547 11162/114/547
f 11163/115/548 11165/117/548 11166/118/548 11164/116/548
f 11165/117/549 11167/119/549 11168/120/549 11166/118/549
f 11167/119/550 11137/121/550 11140/122/550 11168/120/550
f 11185/4/535 11186/35/535 11187/95/535 11188/96/535
f 11186/35/536 11189/79/536 11190/97/536 11187/95/536
f 11189/79/537 11191/89/537 11192/98/537 11190/97/537
f 11191/89/538 11193/99/538 11194/100/538 11192/98/538
f 11193/99/539 11195/101/539 11196/102/539 11194/100/539
f 11195/101/540 11197/103/540 11198/104/540 11196/102/540
f 11197/103/541 11199/105/541 11200/106/541 11198/104/541
f 11199/105/542 11201/3/542 11202/54/542 11200/106/542
f 11201/3/543 11203/107/543 11204/108/543 11202/54/543
f 11203/107/544 11205/109/544 11206/110/544 11204/108/544
f 11205/109/545 11207/111/545 11208/112/545 11206/110/545
f 11207/111/546 11209/113/546 11210/114/546 11208/112/546
f 11209/113/547 11211/115/547 11212/116/547 11210/114/547
f 11211/115/548 11213/117/548 11214/118/548 11212/116/548
f 11213/117/549 11215/119/549 11216/120/549 11214/118/549
f 11215/119/550 11185/121/550 11188/122/550 11216/120/550
f 11233/4/535 11234/35/535 11235/95/535 11236/96/535
f 11234/35/536 11237/79/536 11238/97/536 11235/95/536
f 11237/79/537 11239/89/537 11240/98/537 11238/97/537
f 11239/89/538 11241/99/538 11242/100/538 11240/98/538
f 11241/99/539 11243/101/539 11244/102/539 11242/100/539
f 11243/101/540 11245/103/540 11246/104/540 11244/102/540
f 11245/103/541 11247/105/541 11248/106/541 11246/104/541
f 11247/105/542 11249/3/542 11250/54/542 11248/106/542
f 11249/3/543 11251/107/543 11252/108/543 11250/54/543
f 11251/107/544 11253/109/544 11254/110/544 11252/108/544
f 11253/109/545 11255/111/545 11256/112/545 11254/110/545
f 11255/111/546 11257/113/546 11258/114/546 11256/112/546
f 11257/113/547 11259/115/547 11260/116/547 11258/114/547
f 11259/115/548 11261/117/548 11262/118/548 11260/116/548
f 11261/117/549 11263/119/549 11264/120/549 11262/118/549
f 11263/119/550 11233/121/550 11236/122/550 11264/120/550
f 11281/4/535 11282/35/535 11283/95/535 11284/96/535
f 11282/35/536 11285/79/536 11286/97/536 11283/95/536
f 11285/79/537 11287/89/537 11288/98/537 11286/97/537
f 11287/89/538 11289/99/538 11290/100/538 11288/98/538
f 11289/99/539 11291/101/539 11292/102/539 11290/100/539
f 11291/101/540 11293/103/540 11294/104/540 11292/102/540
f 11293/103/541 11295/105/541 11296/106/541 11294/104/541
f 11295/105/542 11297/3/542 11298/54/542 11296/106/542
f 11297/3/543 11299/107/543 11300/108/543 11298/54/543
f 11299/107/544 11301/109/544 11302/110/544 11300/108/544
f 11301/109/545 11303/111/545 11304/112/545 11302/110/545
f 11303/111/546 11305/113/546 11306/114/546 11304/112/546
f 11305/113/547 11307/115/547 11308/116/547 11306/114/547
f 11307/115/548 11309/117/548 11310/118/548 11308/116/548
f 11309/117/549 11311/119/549 11312/120/549 11310/118/549
f 11311/119/550 11281/121/550 11284/122/550 11312/120/550
f 11329/4/535 11330/35/535 11331/95/535 11332/96/535
f 11330/35/536 11333/79/536 11334/97/536 11331/95/536
f 11333/79/537 11335/89/537 11336/98/537 11334/97/537
f 11335/89/538 11337/99/538 11338/100/538 11336/98/538
f 11337/99/539 11339/101/539 11340/102/539 11338/100/539
f 11339/101/540 11341/103/540 11342/104/540 11340/102/540
f 11341/103/541 11343/105/541 11344/106/541 11342/104/541
f 11343/105/542 11345/3/542 11346/54/542 11344/106/542
f 11345/3/543 11347/107/543 11348/108/543 11346/54/543
f 11347/107/544 11349/109/544 11350/110/544 11348/108/544
f 11349/109/545 11351/111/545 11352/112/545 11350/110/545
f 11351/111/546 11353/113/546 11354/114/546 11352/112/546
f 11353/113/547 11355/115/547 11356/116/547 11354/114/547
f 11355/115/548 11357/117/548 11358/118/548 11356/116/548
f 11357/117/549 11359/119/549 11360/120/549 11358/118/549
f 11359/119/550 11329/121/550 11332/122/550 11360/120/550
f 11385/4/535 11386/35/535 11387/95/535 11388/96/535
f 11386/35/536 11389/79/536 11390/97/536 11387/95/536
f 11389/79/537 11391/89/537 11392/98/537 11390/97/537
f 11391/89/538 11393/99/538 11394/100/538 11392/98/538
f 11393/99/539 11395/101/539 11396/102/539 11394/100/539
f 11395/101/540 11397/103/540 11398/104/540 11396/102/540
f 11397/103/541 11399/105/541 11400/106/541 11398/104/541
f 11399/105/542 11401/3/542 11402/54/542 11400/106/542
f 11401/3/543 11403/107/543 11404/108/543 11402/54/543
f 11403/107/544 11405/109/544 11406/110/544 11404/108/544
f 11405/109/545 11407/111/545 11408/112/545 11406/110/545
f 11407/111/546 11409/113/546 11410/114/546 11408/112/546
f 11409/113/547 11411/115/547 11412/116/547 11410/114/547
f 11411/115/548 11413/117/548 11414/118/548 11412/116/548
f 11413/117/549 11415/119/549 11416/120/549 11414/118/549
f 11415/119/550 11385/121/550 11388/122/550 11416/120/550
f 11433/4/535 11434/35/535 11435/95/535 11436/96/535
f 11434/35/536 11437/79/536 11438/97/536 11435/95/536
f 11437/79/537 11439/89/537 11440/98/537 11438/97/537
f 11439/89/538 11441/99/538 11442/100/538 11440/98/538
f 11441/99/539 11443/101/539 11444/102/539 11442/100/539
f 11443/101/540 11445/103/540 11446/104/540 11444/102/540
f 11445/103/541 11447/105/541 11448/106/541 11446/104/541
f 11447/105/542 11449/3/542 11450/54/542 11448/106/542
f 11449/3/543 11451/107/543 11452/108/543 11450/54/543
f 11451/107/544 11453/109/544 11454/110/544 11452/108/544
f 11453/109/545 11455/111/545 11456/112/545 11454/110/545
f 11455/111/546 11457/113/546 11458/114/546 11456/112/546
f 11457/113/547 11459/115/547 11460/116/547 11458/114/547
f 11459/115/548 11461/117/548 11462/118/548 11460/116/548
f 11461/117/549 11463/119/549 11464/120/549 11462/118/549
f 11463/119/550 11433/121/550 11436/122/550 11464/120/550
f 11481/4/535 11482/35/535 11483/95/535 11484/96/535
f 11482/35/536 11485/79/536 11486/97/536 11483/95/536
f 11485/79/537 11487/89/537 11488/98/537 11486/97/537
f 11487/89/538 11489/99/538 11490/100/538 11488/98/538
f 11489/99/539 11491/101/539 11492/102/539 11490/100/539
f 11491/101/540 11493/103/540 11494/104/540 11492/102/540
f 11493/103/541 11495/105/541 11496/106/541 11494/104/541
f 11495/105/542 11497/3/542 11498/54/542 11496/106/542
f 11497/3/543 11499/107/543 11500/108/543 11498/54/543
f 11499/107/544 11501/109/544 11502/110/544 11500/108/544
f 11501/109/545 11503/111/545 11504/112/545 11502/110/545
f 11503/111/546 11505/113/546 11506/114/546 11504/112/546
f 11505/113/547 11507/115/547 11508/116/547 11506/114/547
f 11507/115/548 11509/117/548 11510/118/548 11508/116/548
f 11509/117/549 11511/119/549 11512/120/549 11510/118/549
f 11511/119/550 11481/121/550 11484/122/550 11512/120/550
f 11529/4/535 11530/35/535 11531/95/535 11532/96/535
f 11530/35/536 11533/79/536 11534/97/536 11531/95/536
f 11533/79/537 11535/89/537 11536/98/537 11534/97/537
f 11535/89/538 11537/99/538 11538/100/538 11536/98/538
f 11537/99/539 11539/101/539 11540/102/539 11538/100/539
f 11539/101/540 11541/103/540 11542/104/540 11540/102/540
f 11541/103/541 11543/105/541 11544/106/541 11542/104/541
f 11543/105/542 11545/3/542 11546/54/542 11544/106/542
f 11545/3/543 11547/107/543 11548/108/543 11546/54/543
f 11547/107/544 11549/109/544 11550/110/544 11548/108/544
f 11549/109/545 11551/111/545 11552/112/545 11550/110/545
f 11551/111/546 11553/113/546 11554/114/546 11552/112/546
f 11553/113/547 11555/115/547 11556/116/547 11554/114/547
f 11555/115/548 11557/117/548 11558/118/548 11556/116/548
f 11557/117/549 11559/119/549 11560/120/549 11558/118/549
f 11559/119/550 11529/121/550 11532/122/550 11560/120/550
f 11577/4/535 11578/35/535 11579/95/535 11580/96/535
f 11578/35/536 11581/79/536 11582/97/536 11579/95/536
f 11581/79/537 11583/89/537 11584/98/537 11582/97/537
f 11583/89/538 11585/99/538 11586/100/538 11584/98/538
f 11585/99/539 11587/101/539 11588/102/539 11586/100/539
f 11587/101/540 11589/103/540 11590/104/540 11588/102/540
f 11589/103/541 11591/105/541 11592/106/541 11590/104/541
f 11591/105/542 11593/3/542 11594/54/542 11592/106/542
f 11593/3/543 11595/107/543 11596/108/543 11594/54/543
f 11595/107/544 11597/109/544 11598/110/544 11596/108/544
f 11597/109/545 11599/111/545 11600/112/545 11598/110/545
f 11599/111/546 11601/113/546 11602/114/546 11600/112/546
f 11601/113/547 11603/115/547 11604/116/547 11602/114/547
f 11603/115/548 11605/117/548 11606/118/548 11604/116/548
f 11605/117/549 11607/119/549 11608/120/549 11606/118/549
f 11607/119/550 11577/121/550 11580/122/550 11608/120/550
f 11625/4/535 11626/35/535 11627/95/535 11628/96/535
f 11626/35/536 11629/79/536 11630/97/536 11627/95/536
f 11629/79/537 11631/89/537 11632/98/537 11630/97/537
f 11631/89/538 11633/99/538 11634/100/538 11632/98/538
f 11633/99/539 11635/101/539 11636/102/539 11634/100/539
f 11635/101/540 11637/103/540 11638/104/540 11636/102/540
f 11637/103/541 11639/105/541 11640/106/541 11638/104/541
f 11639/105/542 11641/3/542 11642/54/542 11640/106/542
f 11641/3/543 11643/107/543 11644/108/543 11642/54/543
f 11643/107/544 11645/109/544 11646/110/544 11644/108/544
f 11645/109/545 11647/111/545 11648/112/545 11646/110/545
f 11647/111/546 11649/113/546 11650/114/546 11648/112/546
f 11649/113/547 11651/115/547 11652/116/547 11650/114/547
f 11651/115/548 11653/117/548 11654/118/548 11652/116/548
f 11653/117/549 11655/119/549 11656/120/549 11654/118/549
f 11655/119/550 11625/121/550 11628/122/550 11656/120/550
f 11673/4/535 11674/35/535 11675/95/535 11676/96/535
f 11674/35/536 11677/79/536 11678/97/536 11675/95/536
f 11677/79/537 11679/89/537 11680/98/537 11678/97/537
f 11679/89/538 11681/99/538 11682/100/538 11680/98/538
f 11681/99/539 11683/101/539 11684/102/539 11682/100/539
f 11683/101/540 11685/103/540 11686/104/540 11684/102/540
f 11685/103/541 11687/105/541 11688/106/541 11686/104/541
f 11687/105/542 11689/3/542 11690/54/542 11688/106/542
f 11689/3/543 11691/107/543 11692/108/543 11690/54/543
f 11691/107/544 11693/109/544 11694/110/544 11692/108/544
f 11693/109/545 11695/111/545 11696/112/545 11694/110/545
f 11695/111/546 11697/113/546 11698/114/546 11696/112/546
f 11697/113/547 11699/115/547 11700/116/547 11698/114/547
f 11699/115/548 11701/117/548 11702/118/548 11700/116/548
f 11701/117/549 11703/119/549 11704/120/549 11702/118/549
f 11703/119/550 11673/121/550 11676/122/550 11704/120/550
f 11721/4/535 11722/35/535 11723/95/535 11724/96/535
f 11722/35/536 11725/79/536 11726/97/536 11723/95/536
f 11725/79/537 11727/89/537 11728/98/537 11726/97/537
f 11727/89/538 11729/99/538 11730/100/538 11728/98/538
f 11729/99/539 11731/101/539 11732/102/539 11730/100/539
f 11731/101/540 11733/103/540 11734/104/540 11732/102/540
f 11733/103/541 11735/105/541 11736/106/541 11734/104/541
f 11735/105/542 11737/3/542 11738/54/542 11736/106/542
f 11737/3/543 11739/107/543 11740/108/543 11738/54/543
f 11739/107/544 11741/109/544 11742/110/544 11740/108/544
f 11741/109/545 11743/111/545 11744/112/545 11742/110/545
f 11743/111/546 11745/113/546 11746/114/546 11744/112/546
f 11745/113/547 11747/115/547 11748/116/547 11746/114/547
f 11747/115/548 11749/117/548 11750/118/548 11748/116/548
f 11749/117/549 11751/119/549 11752/120/549 11750/118/549
f 11751/119/550 11721/121/550 11724/122/550 11752/120/550
f 11769/4/535 11770/35/535 11771/95/535 11772/96/535
f 11770/35/536 11773/79/536 11774/97/536 11771/95/536
f 11773/79/537 11775/89/537 11776/98/537 11774/97/537
f 11775/89/538 11777/99/538 11778/100/538 11776/98/538
f 11777/99/539 11779/101/539 11780/102/539 11778/100/539
f 11779/101/540 11781/103/540 11782/104/540 11780/102/540
f 11781/103/541 11783/105/541 11784/106/541 11782/104/541
f 11783/105/542 11785/3/542 11786/54/542 11784/106/542
f 11785/3/543 11787/107/543 11788/108/543 11786/54/543
f 11787/107/544 11789/109/544 11790/110/544 11788/108/544
f 11789/109/545 11791/111/545 11792/112/545 11790/110/545
f 11791/111/546 11793/113/546 11794/114/546 11792/112/546
f 11793/113/547 11795/115/547 11796/116/547 11794/114/547
f 11795/115/548 11797/117/548 11798/118/548 11796/116/548
f 11797/117/549 11799/119/549 11800/120/549 11798/118/549
f 11799/119/550 11769/121/550 11772/122/550 11800/120/550
f 11817/4/535 11818/35/535 11819/95/535 11820/96/535
f 11818/35/536 11821/79/536 11822/97/536 11819/95/536
f 11821/79/537 11823/89/537 11824/98/537 11822/97/537
f 11823/89/538 11825/99/538 11826/100/538 11824/98/538
f 11825/99/539 11827/101/539 11828/102/539 11826/100/539
f 11827/101/540 11829/103/540 11830/104/540 11828/102/540
f 11829/103/541 11831/105/541 11832/106/541 11830/104/541
f 11831/105/542 11833/3/542 11834/54/542 11832/106/542
f 11833/3/543 11835/107/543 11836/108/543 11834/54/543
f 11835/107/544 11837/109/544 11838/110/544 11836/108/544
f 11837/109/545 11839/111/545 11840/112/545 11838/110/545
f 11839/111/546 11841/113/546 11842/114/546 11840/112/546
f 11841/113/547 11843/115/547 11844/116/547 11842/114/547
f 11843/115/548 11845/117/548 11846/118/548 11844/116/548
f 11845/117/549 11847/119/549 11848/120/549 11846/118/549
f 11847/119/550 11817/121/550 11820/122/550 11848/120/550
f 11865/4/535 11866/35/535 11867/95/535 11868/96/535
f 11866/35/536 11869/79/536 11870/97/536 11867/95/536
f 11869/79/537 11871/89/537 11872/98/537 11870/97/537
f 11871/89/538 11873/99/538 11874/100/538 11872/98/538
f 11873/99/539 11875/101/539 11876/102/539 11874/100/539
f 11875/101/540 11877/103/540 11878/104/540 11876/102/540
f 11877/103/541 11879/105/541 11880/106/541 11878/104/541
f 11879/105/542 11881/3/542 11882/54/542 11880/106/542
f 11881/3/543 11883/107/543 11884/108/543 11882/54/543
f 11883/107/544 11885/109/544 11886/110/544 11884/108/544
f 11885/109/545 11887/111/545 11888/112/545 11886/110/545
f 11887/111/546 11889/113/546 11890/114/546 11888/112/546
f 11889/113/547 11891/115/547 11892/116/547 11890/114/547
f 11891/115/548 11893/117/548 11894/118/548 11892/116/548
f 11893/117/549 11895/119/549 11896/120/549 11894/118/549
f 11895/119/550 11865/121/550 11868/122/550 11896/120/550
f 11913/4/535 11914/35/535 11915/95/535 11916/96/535
f 11914/35/536 11917/79/536 11918/97/536 11915/95/536
f 11917/79/537 11919/89/537 11920/98/537 11918/97/537
f 11919/89/538 11921/99/538 11922/100/538 11920/98/538
f 11921/99/539 11923/101/539 11924/102/539 11922/100/539
f 11923/101/540 11925/103/540 11926/104/540 11924/102/540
f 11925/103/541 11927/105/541 11928/106/541 11926/104/541
f 11927/105/542 11929/3/542 11930/54/542 11928/106/542
f 11929/3/543 11931/107/543 11932/108/543 11930/54/543
f 11931/107/544 11933/109/544 11934/110/544 11932/108/544
f 11933/109/545 11935/111/545 11936/112/545 11934/110/545
f 11935/111/546 11937/113/546 11938/114/546 11936/112/546
f 11937/113/547 11939/115/547 11940/116/547 11938/114/547
f 11939/115/548 11941/117/548 11942/118/548 11940/116/548
f 11941/117/549 11943/119/549 11944/120/549 11942/118/549
f 11943/119/550 11913/121/550 11916/122/550 11944/120/550
f 11961/4/535 11962/35/535 11963/95/535 11964/96/535
f 11962/35/536 11965/79/536 11966/97/536 11963/95/536
f 11965/79/537 11967/89/537 11968/98/537 11966/97/537
f 11967/89/538 11969/99/538 11970/100/538 11968/98/538
f 11969/99/539 11971/101/539 11972/102/539 11970/100/539
f 11971/101/540 11973/103/540 11974/104/540 11972/102/540
f 11973/103/541 11975/105/541 11976/106/541 11974/104/541
f 11975/105/542 11977/3/542 11978/54/542 11976/106/542
f 11977/3/543 11979/107/543 11980/108/543 11978/54/543
f 11979/107/544 11981/109/544 11982/110/544 11980/108/544
f 11981/109/545 11983/111/545 11984/112/545 11982/110/545
f 11983/111/546 11985/113/546 11986/114/546 11984/112/546
f 11985/113/547 11987/115/547 11988/116/547 11986/114/547
f 11987/115/548 11989/117/548 11990/118/548 11988/116/548
f 11989/117/549 11991/119/549 11992/120/549 11990/118/549
f 11991/119/550 11961/121/550 11964/122/550 11992/120/550
f 12009/4/535 12010/35/535 12011/95/535 12012/96/535
f 12010/35/536 12013/79/536 12014/97/536 12011/95/536
f 12013/79/537 12015/89/537 12016/98/537 12014/97/537
f 12015/89/538 12017/99/538 12018/100/538 12016/98/538
f 12017/99/539 12019/101/539 12020/102/539 12018/100/539
f 12019/101/540 12021/103/540 12022/104/540 12020/102/540
f 12021/103/541 12023/105/541 12024/106/541 12022/104/541
f 12023/105/542 12025/3/542 12026/54/542 12024/106/542
f 12025/3/543 12027/107/543 12028/108/543 12026/54/543
f 12027/107/544 12029/109/544 12030/110/544 12028/108/544
f 12029/109/545 12031/111/545 12032/112/545 12030/110/545
f 12031/111/546 12033/113/546 12034/114/546 12032/112/546
f 12033/113/547 12035/115/547 12036/116/547 12034/114/547
f 12035/115/548 12037/117/548 12038/118/548 12036/116/548
f 12037/117/549 12039/119/549 12040/120/549 12038/118/549
f 12039/119/550 12009/121/550 12012/122/550 12040/120/550
f 12057/4/535 12058/35/535 12059/95/535 12060/96/535
f 12058/35/536 12061/79/536 12062/97/536 12059/95/536
f 12061/79/537 12063/89/537 12064/98/537 12062/97/537
f 12063/89/538 12065/99/538 12066/100/538 12064/98/538
f 12065/99/539 12067/101/539 12068/102/539 12066/100/539
f 12067/101/540 12069/103/540 12070/104/540 12068/102/540
f 12069/103/541 12071/105/541 12072/106/541 12070/104/541
f 12071/105/542 12073/3/542 12074/54/542 12072/106/542
f 12073/3/543 12075/107/543 12076/108/543 12074/54/543
f 12075/107/544 12077/109/544 12078/110/544 12076/108/544
f 12077/109/545 12079/111/545 12080/112/545 12078/110/545
f 12079/111/546 12081/113/546 12082/114/546 12080/112/546
f 12081/113/547 12083/115/547 12084/116/547 12082/114/547
f 12083/115/548 12085/117/548 12086/118/548 12084/116/548
f 12085/117/549 12087/119/549 12088/120/549 12086/118/549
f 12087/119/550 12057/121/550 12060/122/550 12088/120/550
f 12105/4/535 12106/35/535 12107/95/535 12108/96/535
f 12106/35/536 12109/79/536 12110/97/536 12107/95/536
f 12109/79/537 12111/89/537 12112/98/537 12110/97/537
f 12111/89/538 12113/99/538 12114/100/538 12112/98/538
f 12113/99/539 12115/101/539 12116/102/539 12114/100/539
f 12115/101/540 12117/103/540 12118/104/540 12116/102/540
f 12117/103/541 12119/105/541 12120/106/541 12118/104/541
f 12119/105/542 12121/3/542 12122/54/542 12120/106/542
f 12121/3/543 12123/107/543 12124/108/543 12122/54/543
f 12123/107/544 12125/109/544 12126/110/544 12124/108/544
f 12125/109/545 12127/111/545 12128/112/545 12126/110/545
f 12127/111/546 12129/113/546 12130/114/546 12128/112/546
f 12129/113/547 12131/115/547 12132/116/547 12130/114/547
f 12131/115/548 12133/117/548 12134/118/548 12132/116/548
f 12133/117/549 12135/119/549 12136/120/549 12134/118/549
f 12135/119/550 12105/121/550 12108/122/550 12136/120/550
f 12153/4/535 12154/35/535 12155/95/535 12156/96/535
f 12154/35/536 12157/79/536 12158/97/536 12155/95/536
f 12157/79/537 12159/89/537 12160/98/537 12158/97/537
f 12159/89/538 12161/99/538 12162/100/538 12160/98/538
f 12161/99/539 12163/101/539 12164/102/539 12162/100/539
f 12163/101/540 12165/103/540 12166/104/540 12164/102/540
f 12165/103/541 12167/105/541 12168/106/541 12166/104/541
f 12167/105/542 12169/3/542 12170/54/542 12168/106/542
f 12169/3/543 12171/107/543 12172/108/543 12170/54/543
f 12171/107/544 12173/109/544 12174/110/544 12172/108/544
f 12173/109/545 12175/111/545 12176/112/545 12174/110/545
f 12175/111/546 12177/113/546 12178/114/546 12176/112/546
f 12177/113/547 12179/115/547 12180/116/547 12178/114/547
f 12179/115/548 12181/117/548 12182/118/548 12180/116/548
f 12181/117/549 12183/119/549 12184/120/549 12182/118/549
f 12183/119/550 12153/121/550 12156/122/550 12184/120/550
f 12201/4/535 12202/35/535 12203/95/535 12204/96/535
f 12202/35/536 12205/79/536 12206/97/536 12203/95/536
f 12205/79/537 12207/89/537 12208/98/537 12206/97/537
f 12207/89/538 12209/99/538 12210/100/538 12208/98/538
f 12209/99/539 12211/101/539 12212/102/539 12210/100/539
f 12211/101/540 12213/103/540 12214/104/540 12212/102/540
f 12213/103/541 12215/105/541 12216/106/541 12214/104/541
f 12215/105/542 12217/3/542 12218/54/542 12216/106/542
f 12217/3/543 12219/107/543 12220/108/543 12218/54/543
f 12219/107/544 12221/109/544 12222/110/544 12220/108/544
f 12221/109/545 12223/111/545 12224/112/545 12222/110/545
f 12223/111/546 12225/113/546 12226/114/546 12224/112/546
f 12225/113/547 12227/115/547 12228/116/547 12226/114/547
f 12227/115/548 12229/117/548 12230/118/548 12228/116/548
f 12229/117/549 12231/119/549 12232/120/549 12230/118/549
f 12231/119/550 12201/121/550 12204/122/550 12232/120/550
o string_5
usemtl steel
f 10529/4/551 10530/25/551 10531/123/551 10532/92/551
f 10530/25/552 10533/11/552 10534/124/552 10531/123/552
f 10533/11/553 10535/39/553 10536/125/553 10534/124/553
f 10535/39/554 10537/17/554 10538/126/554 10536/125/554
f 10537/17/555 10539/79/555 10540/127/555 10538/126/555
f 10539/79/556 10541/83/556 10542/128/556 10540/127/556
f 10541/83/557 10543/87/557 10544/129/557 10542/128/557
f 10543/87/558 10545/91/558 10546/130/558 10544/129/558
f 10545/91/559 10547/131/559 10548/132/559 10546/130/559
f 10547/131/560 10549/99/560 10550/133/560 10548/132/560
f 10549/99/561 10551/134/561 10552/135/561 10550/133/561
f 10551/134/562 10553/64/562 10554/136/562 10552/135/562
f 10553/64/563 10555/137/563 10556/138/563 10554/136/563
f 10555/137/564 10557/139/564 10558/140/564 10556/138/564
f 10557/139/565 10559/103/565 10560/141/565 10558/140/565
f 10559/103/566 10529/94/566 10532/93/566 10560/141/566
f 10593/4/551 10594/25/551 10530/123/551 10529/92/551
f 10594/25/552 10595/11/552 10533/124/552 10530/123/552
f 10595/11/553 10596/39/553 10535/125/553 10533/124/553
f 10596/39/554 10597/17/554 10537/126/554 10535/125/554
f 10597/17/555 10598/79/555 10539/127/555 10537/126/555
f 10598/79/556 10599/83/556 10541/128/556 10539/127/556
f 10599/83/557 10600/87/557 10543/129/557 10541/128/557
f 10600/87/558 10601/91/558 10545/130/558 10543/129/558
f 10601/91/559 10602/131/559 10547/132/559 10545/130/559
f 10602/131/560 10603/99/560 10549/133/560 10547/132/560
f 10603/99/561 10604/134/561 10551/135/561 10549/133/561
f 10604/134/562 10605/64/562 10553/136/562 10551/135/562
f 10605/64/563 10606/137/563 10555/138/563 10553/136/563
f 10606/137/564 10607/139/564 10557/140/564 10555/138/564
f 10607/139/565 10608/103/565 10559/141/565 10557/140/565
f 10608/103/566 10593/94/566 10529/93/566 10559/141/566
f 10641/4/551 10642/25/551 10594/123/551 10593/92/551
f 10642/25/552 10643/11/552 10595/124/552 10594/123/552
f 10643/11/553 10644/39/553 10596/125/553 10595/124/553
f 10644/39/554 10645/17/554 10597/126/554 10596/125/554
f 10645/17/555 10646/79/555 10598/127/555 10597/126/555
f 10646/79/556 10647/83/556 10599/128/556 10598/127/556
f 10647/83/557 10648/87/557 10600/129/557 10599/128/557
f 10648/87/558 10649/91/558 10601/130/558 10600/129/558
f 10649/91/559 10650/131/559 10602/132/559 10601/130/559
f 10650/131/560 10651/99/560 10603/133/560 10602/132/560
f 10651/99/561 10652/134/561 10604/135/561 10603/133/561
f 10652/134/562 10653/64/562 10605/136/562 10604/135/562
f 10653/64/563 10654/137/563 10606/138/563 10605/136/563
f 10654/137/564 10655/139/564 10607/140/564 10606/138/564
f 10655/139/565 10656/103/565 10608/141/565 10607/140/565
f 10656/103/566 10641/94/566 10593/93/566 10608/141/566
f 10689/4/551 10690/25/551 10642/123/551 10641/92/551
f 10690/25/552 10691/11/552 10643/124/552 10642/123/552
f 10691/11/553 10692/39/553 10644/125/553 10643/124/553
f 10692/39/554 10693/17/554 10645/126/554 10644/125/554
f 10693/17/555 10694/79/555 10646/127/555 10645/126/555
f 10694/79/556 10695/83/556 10647/128/556 10646/127/556
f 10695/83/557 10696/87/557 10648/129/557 10647/128/557
f 10696/87/558 10697/91/558 10649/130/558 10648/129/558
f 10697/91/559 10698/131/559 10650/132/559 10649/130/559
f 10698/131/560 10699/99/560 10651/133/560 10650/132/560
f 10699/99/561 10700/134/561 10652/135/561 10651/133/561
f 10700/134/562 10701/64/562 10653/136/562 10652/135/562
f 10701/64/563 10702/137/563 10654/138/563 10653/136/563
f 10702/137/564 10703/139/564 10655/140/564 10654/138/564
f 10703/139/565 10704/103/565 10656/141/565 10655/140/565
f 10704/103/566 10689/94/566 10641/93/566 10656/141/566
f 10737/4/551 10738/25/551 10690/123/551 10689/92/551
f 10738/25/552 10739/11/552 10691/124/552 10690/123/552
f 10739/11/553 10740/39/553 10692/125/553 10691/124/553
f 10740/39/554 10741/17/554 10693/126/554 10692/125/554
f 10741/17/555 10742/79/555 10694/127/555 10693/126/555
f 10742/79/556 10743/83/556 10695/128/556 10694/127/556
f 10743/83/557 10744/87/557 10696/129/557 10695/128/557
f 10744/87/558 10745/91/558 10697/130/558 10696/129/558
f 10745/91/559 10746/131/559 10698/132/559 10697/130/559
f 10746/131/560 10747/99/560 10699/133/560 10698/132/560
f 10747/99/561 10748/134/561 10700/135/561 10699/133/561
f 10748/134/562 10749/64/562 10701/136/562 10700/135/562
f 10749/64/563 10750/137/563 10702/138/563 10701/136/563
f 10750/137/564 10751/139/564 10703/140/564 10702/138/564
f 10751/139/565 10752/103/565 10704/141/565 10703/140/565
f 10752/103/566 10737/94/566 10689/93/566 10704/141/566
f 10785/4/551 10786/25/551 10738/123/551 10737/92/551
f 10786/25/552 10787/11/552 10739/124/552 10738/123/552
f 10787/11/553 10788/39/553 10740/125/553 10739/124/553
f 10788/39/554 10789/17/554 10741/126/554 10740/125/554
f 10789/17/555 10790/79/555 10742/127/555 10741/126/555
f 10790/79/556 10791/83/556 10743/128/556 10742/127/556
f 10791/83/557 10792/87/557 10744/129/557 10743/128/557
f 10792/87/558 10793/91/558 10745/130/558 10744/129/558
f 10793/91/559 10794/131/559 10746/132/559 10745/130/559
f 10794/131/560 10795/99/560 10747/133/560 10746/132/560
f 10795/99/561 10796/134/561 10748/135/561 10747/133/561
f 10796/134/562 10797/64/562 10749/136/562 10748/135/562
f 10797/64/563 10798/137/563 10750/138/563 10749/136/563
f 10798/137/564 10799/139/564 10751/140/564 10750/138/564
f 10799/139/565 10800/103/565 10752/141/565 10751/140/565
f 10800/103/566 10785/94/566 10737/93/566 10752/141/566
f 10833/4/551 10834/25/551 10786/123/551 10785/92/551
f 10834/25/552 10835/11/552 10787/124/552 10786/123/552
f 10835/11/553 10836/39/553 10788/125/553 10787/124/553
f 10836/39/554 10837/17/554 10789/126/554 10788/125/554
f 10837/17/555 10838/79/555 10790/127/555 10789/126/555
f 10838/79/556 10839/83/556 10791/128/556 10790/127/556
f 10839/83/557 10840/87/557 10792/129/557 10791/128/557
f 10840/87/558 10841/91/558 10793/130/558 10792/129/558
f 10841/91/559 10842/131/559 10794/132/559 10793/130/559
f 10842/131/560 10843/99/560 10795/133/560 10794/132/560
f 10843/99/561 10844/134/561 10796/135/561 10795/133/561
f 10844/134/562 10845/64/562 10797/136/562 10796/135/562
f 10845/64/563 10846/137/563 10798/138/563 10797/136/563
f 10846/137/564 10847/139/564 10799/140/564 10798/138/564
f 10847/139/565 10848/103/565 10800/141/565 10799/140/565
f 10848/103/566 10833/94/566 10785/93/566 10800/141/566
f 10881/4/551 10882/25/551 10834/123/551 10833/92/551
f 10882/25/552 10883/11/552 10835/124/552 10834/123/552
f 10883/11/553 10884/39/553 10836/125/553 10835/124/553
f 10884/39/554 10885/17/554 10837/126/554 10836/125/554
f 10885/17/555 10886/79/555 10838/127/555 10837/126/555
f 10886/79/556 10887/83/556 10839/128/556 10838/127/556
f 10887/83/557 10888/87/557 10840/129/557 10839/128/557
f 10888/87/558 10889/91/558 10841/130/558 10840/129/558
f 10889/91/559 10890/131/559 10842/132/559 10841/130/559
f 10890/131/560 10891/99/560 10843/133/560 10842/132/560
f 10891/99/561 10892/134/561 10844/135/561 10843/133/561
f 10892/134/562 10893/64/562 10845/136/562 10844/135/562
f 10893/64/563 10894/137/563 10846/138/563 10845/136/563
f 10894/137/564 10895/139/564 10847/140/564 10846/138/564
f 10895/139/565 10896/103/565 10848/141/565 10847/140/565
f 10896/103/566 10881/94/566 10833/93/566 10848/141/566
f 10929/4/551 10930/25/551 10882/123/551 10881/92/551
f 10930/25/552 10931/11/552 10883/124/552 10882/123/552
f 10931/11/553 10932/39/553 10884/125/553 10883/124/553
f 10932/39/554 10933/17/554 10885/126/554 10884/125/554
f 10933/17/555 10934/79/555 10886/127/555 10885/126/555
f 10934/79/556 10935/83/556 10887/128/556 10886/127/556
f 10935/83/557 10936/87/557 10888/129/557 10887/128/557
f 10936/87/558 10937/91/558 10889/130/558 10888/129/558
f 10937/91/559 10938/131/559 10890/132/559 10889/130/559
f 10938/131/560 10939/99/560 10891/133/560 10890/132/560
f 10939/99/561 10940/134/561 10892/135/561 10891/133/561
f 10940/134/562 10941/64/562 10893/136/562 10892/135/562
f 10941/64/563 10942/137/563 10894/138/563 10893/136/563
f 10942/137/564 10943/139/564 10895/140/564 10894/138/564
f 10943/139/565 10944/103/565 10896/141/565 10895/140/565
f 10944/103/566 10929/94/566 10881/93/566 10896/141/566
f 10977/4/551 10978/25/551 10930/123/551 10929/92/551
f 10978/25/552 10979/11/552 10931/124/552 10930/123/552
f 10979/11/553 10980/39/553 10932/125/553 10931/124/553
f 10980/39/554 10981/17/554 10933/126/554 10932/125/554
f 10981/17/555 10982/79/555 10934/127/555 10933/126/555
f 10982/79/556 10983/83/556 10935/128/556 10934/127/556
f 10983/83/557 10984/87/557 10936/129/557 10935/128/557
f 10984/87/558 10985/91/558 10937/130/558 10936/129/558
f 10985/91/559 10986/131/559 10938/132/559 10937/130/559
f 10986/131/560 10987/99/560 10939/133/560 10938/132/560
f 10987/99/561 10988/134/561 10940/135/561 10939/133/561
f 10988/134/562 10989/64/562 10941/136/562 10940/135/562
f 10989/64/563 10990/137/563 10942/138/563 10941/136/563
f 10990/137/564 10991/139/564 10943/140/564 10942/138/564
f 10991/139/565 10992/103/565 10944/141/565 10943/140/565
f 10992/103/566 10977/94/566 10929/93/566 10944/141/566
f 11025/4/551 11026/25/551 10978/123/551 10977/92/551
f 11026/25/552 11027/11/552 10979/124/552 10978/123/552
f 11027/11/553 11028/39/553 10980/125/553 10979/124/553
f 11028/39/554 11029/17/554 10981/126/554 10980/125/554
f 11029/17/555 11030/79/555 10982/127/555 10981/126/555
f 11030/79/556 11031/83/556 10983/128/556 10982/127/556
f 11031/83/557 11032/87/557 10984/129/557 10983/128/557
f 11032/87/558 11033/91/558 10985/130/558 10984/129/558
f 11033/91/559 11034/131/559 10986/132/559 10985/130/559
f 11034/131/560 11035/99/560 10987/133/560 10986/132/560
f 11035/99/561 11036/134/561 10988/135/561 10987/133/561
f 11036/134/562 11037/64/562 10989/136/562 10988/135/562
f 11037/64/563 11038/137/563 10990/138/563 10989/136/563
f 11038/137/564 11039/139/564 10991/140/564 10990/138/564
f 11039/139/565 11040/103/565 10992/141/565 10991/140/565
f 11040/103/566 11025/94/566 10977/93/566 10992/141/566
f 11073/4/551 11074/25/551 11026/123/551 11025/92/551
f 11074/25/552 11075/11/552 11027/124/552 11026/123/552
f 11075/11/553 11076/39/553 11028/125/553 11027/124/553
f 11076/39/554 11077/17/554 11029/126/554 11028/125/554
f 11077/17/555 11078/79/555 11030/127/555 11029/126/555
f 11078/79/556 11079/83/556 11031/128/556 11030/127/556
f 11079/83/557 11080/87/557 11032/129/557 11031/128/557
f 11080/87/558 11081/91/558 11033/130/558 11032/129/558
f 11081/91/559 11082/131/559 11034/132/559 11033/130/559
f 11082/131/560 11083/99/560 11035/133/560 11034/132/560
f 11083/99/561 11084/134/561 11036/135/561 11035/133/561
f 11084/134/562 11085/64/562 11037/136/562 11036/135/562
f 11085/64/563 11086/137/563 11038/138/563 11037/136/563
f 11086/137/564 11087/139/564 11039/140/564 11038/138/564
f 11087/139/565 11088/103/565 11040/141/565 11039/140/565
f 11088/103/566 11073/94/566 11025/93/566 11040/141/566
f 11121/4/551 11122/25/551 11074/123/551 11073/92/551
f 11122/25/552 11123/11/552 11075/124/552 11074/123/552
f 11123/11/553 11124/39/553 11076/125/553 11075/124/553
f 11124/39/554 11125/17/554 11077/126/554 11076/125/554
f 11125/17/555 11126/79/555 11078/127/555 11077/126/555
f 11126/79/556 11127/83/556 11079/128/556 11078/127/556
f 11127/83/557 11128/87/557 11080/129/557 11079/128/557
f 11128/87/558 11129/91/558 11081/130/558 11080/129/558
f 11129/91/559 11130/131/559 11082/132/559 11081/130/559
f 11130/131/560 11131/99/560 11083/133/560 11082/132/560
f 11131/99/561 11132/134/561 11084/135/561 11083/133/561
f 11132/134/562 11133/64/562 11085/136/562 11084/135/562
f 11133/64/563 11134/137/563 11086/138/563 11085/136/563
f 11134/137/564 11135/139/564 11087/140/564 11086/138/564
f 11135/139/565 11136/103/565 11088/141/565 11087/140/565
f 11136/103/566 11121/94/566 11073/93/566 11088/141/566
f 11169/4/551 11170/25/551 11122/123/551 11121/92/551
f 11170/25/552 11171/11/552 11123/124/552 11122/123/552
f 11171/11/553 11172/39/553 11124/125/553 11123/124/553
f 11172/39/554 11173/17/554 11125/126/554 11124/125/554
f 11173/17/555 11174/79/555 11126/127/555 11125/126/555
f 11174/79/556 11175/83/556 11127/128/556 11126/127/556
f 11175/83/557 11176/87/557 11128/129/557 11127/128/557
f 11176/87/558 11177/91/558 11129/130/558 11128/129/558
f 11177/91/559 11178/131/559 11130/132/559 11129/130/559
f 11178/131/560 11179/99/560 11131/133/560 11130/132/560
f 11179/99/561 11180/134/561 11132/135/561 11131/133/561
f 11180/134/562 11181/64/562 11133/136/562 11132/135/562
f 11181/64/563 11182/137/563 11134/138/563 11133/136/563
f 11182/137/564 11183/139/564 11135/140/564 11134/138/564
f 11183/139/565 11184/103/565 11136/141/565 11135/140/565
f 11184/103/566 11169/94/566 11121/93/566 11136/141/566
f 11217/4/551 11218/25/551 11170/123/551 11169/92/551
f 11218/25/552 11219/11/552 11171/124/552 11170/123/552
f 11219/11/553 11220/39/553 11172/125/553 11171/124/553
f 11220/39/554 11221/17/554 11173/126/554 11172/125/554
f 11221/17/555 11222/79/555 11174/127/555 11173/126/555
f 11222/79/556 11223/83/556 11175/128/556 11174/127/556
f 11223/83/557 11224/87/557 11176/129/557 11175/128/557
f 11224/87/558 11225/91/558 11177/130/558 11176/129/558
f 11225/91/559 11226/131/559 11178/132/559 11177/130/559
f 11226/131/560 11227/99/560 11179/133/560 11178/132/560
f 11227/99/561 11228/134/561 11180/135/561 11179/133/561
f 11228/134/562 11229/64/562 11181/136/562 11180/135/562
f 11229/64/563 11230/137/563 11182/138/563 11181/136/563
f 11230/137/564 11231/139/564 11183/140/564 11182/138/564
f 11231/139/565 11232/103/565 11184/141/565 11183/140/565
f 11232/103/566 11217/94/566 11169/93/566 11184/141/566
f 11265/4/551 11266/25/551 11218/123/551 11217/92/551
f 11266/25/552 11267/11/552 11219/124/552 11218/123/552
f 11267/11/553 11268/39/553 11220/125/553 11219/124/553
f 11268/39/554 11269/17/554 11221/126/554 11220/125/554
f 11269/17/555 11270/79/555 11222/127/555 11221/126/555
f 11270/79/556 11271/83/556 11223/128/556 11222/127/556
f 11271/83/557 11272/87/557 11224/129/557 11223/128/557
f 11272/87/558 11273/91/558 11225/130/558 11224/129/558
f 11273/91/559 11274/131/559 11226/132/559 11225/130/559
f 11274/131/560 11275/99/560 11227/133/560 11226/132/560
f 11275/99/561 11276/134/561 11228/135/561 11227/133/561
f 11276/134/562 11277/64/562 11229/136/562 11228/135/562
f 11277/64/563 11278/137/563 11230/138/563 11229/136/563
f 11278/137/564 11279/139/564 11231/140/564 11230/138/564
f 11279/139/565 11280/103/565 11232/141/565 11231/140/565
f 11280/103/566 11265/94/566 11217/93/566 11232/141/566
f 11313/4/551 11314/25/551 11266/123/551 11265/92/551
f 11314/25/552 11315/11/552 11267/124/552 11266/123/552
f 11315/11/553 11316/39/553 11268/125/553 11267/124/553
f 11316/39/554 11317/17/554 11269/126/554 11268/125/554
f 11317/17/555 11318/79/555 11270/127/555 11269/126/555
f 11318/79/556 11319/83/556 11271/128/556 11270/127/556
f 11319/83/557 11320/87/557 11272/129/557 11271/128/557
f 11320/87/558 11321/91/558 11273/130/558 11272/129/558
f 11321/91/559 11322/131/559 11274/132/559 11273/130/559
f 11322/131/560 11323/99/560 11275/133/560 11274/132/560
f 11323/99/561 11324/134/561 11276/135/561 11275/133/561
f 11324/134/562 11325/64/562 11277/136/562 11276/135/562
f 11325/64/563 11326/137/563 11278/138/563 11277/136/563
f 11326/137/564 11327/139/564 11279/140/564 11278/138/564
f 11327/139/565 11328/103/565 11280/141/565 11279/140/565
f 11328/103/566 11313/94/566 11265/93/566 11280/141/566
f 11361/4/551 11362/25/551 11314/123/551 11313/92/551
f 11362/25/552 11363/11/552 11315/124/552 11314/123/552
f 11363/11/553 11364/39/553 11316/125/553 11315/124/553
f 11364/39/554 11365/17/554 11317/126/554 11316/125/554
f 11365/17/555 11366/79/555 11318/127/555 11317/126/555
f 11366/79/556 11367/83/556 11319/128/556 11318/127/556
f 11367/83/557 11368/87/557 11320/129/557 11319/128/557
f 11368/87/558 11369/91/558 11321/130/558 11320/129/558
f 11369/91/559 11370/131/559 11322/132/559 11321/130/559
f 11370/131/560 11371/99/560 11323/133/560 11322/132/560
f 11371/99/561 11372/134/561 11324/135/561 11323/133/561
f 11372/134/562 11373/64/562 11325/136/562 11324/135/562
f 11373/64/563 11374/137/563 11326/138/563 11325/136/563
f 11374/137/564 11375/139/564 11327/140/564 11326/138/564
f 11375/139/565 11376/103/565 11328/141/565 11327/140/565
f 11376/103/566 11361/94/566 11313/93/566 11328/141/566
f 10532/4/551 10531/25/551 11417/123/551 11418/92/551
f 10531/25/552 10534/11/552 11419/124/552 11417/123/552
f 10534/11/553 10536/39/553 11420/125/553 11419/124/553
f 10536/39/554 10538/17/554 11421/126/554 11420/125/554
f 10538/17/555 10540/79/555 11422/127/555 11421/126/555
f 10540/79/556 10542/83/556 11423/128/556 11422/127/556
f 10542/83/557 10544/87/557 11424/129/557 11423/128/557
f 10544/87/558 10546/91/558 11425/130/558 11424/129/558
f 10546/91/559 10548/131/559 11426/132/559 11425/130/559
f 10548/131/560 10550/99/560 11427/133/560 11426/132/560
f 10550/99/561 10552/134/561 11428/135/561 11427/133/561
f 10552/134/562 10554/64/562 11429/136/562 11428/135/562
f 10554/64/563 10556/137/563 11430/138/563 11429/136/563
f 10556/137/564 10558/139/564 11431/140/564 11430/138/564
f 10558/139/565 10560/103/565 11432/141/565 11431/140/565
f 10560/103/566 10532/94/566 11418/93/566 11432/141/566
f 11418/4/551 11417/25/551 11465/123/551 11466/92/551
f 11417/25/552 11419/11/552 11467/124/552 11465/123/552
f 11419/11/553 11420/39/553 11468/125/553 11467/124/553
f 11420/39/554 11421/17/554 11469/126/554 11468/125/554
f 11421/17/555 11422/79/555 11470/127/555 11469/126/555
f 11422/79/556 11423/83/556 11471/128/556 11470/127/556
f 11423/83/557 11424/87/557 11472/129/557 11471/128/557
f 11424/87/558 11425/91/558 11473/130/558 11472/129/558
f 11425/91/559 11426/131/559 11474/132/559 11473/130/559
f 11426/131/560 11427/99/560 11475/133/560 11474/132/560
f 11427/99/561 11428/134/561 11476/135/561 11475/133/561
f 11428/134/562 11429/64/562 11477/136/562 11476/135/562
f 11429/64/563 11430/137/563 11478/138/563 11477/136/563
f 11430/137/564 11431/139/564 11479/140/564 11478/138/564
f 11431/139/565 11432/103/565 11480/141/565 11479/140/565
f 11432/103/566 11418/94/566 11466/93/566 11480/141/566
f 11466/4/551 11465/25/551 11513/123/551 11514/92/551
f 11465/25/552 11467/11/552 11515/124/552 11513/123/552
f 11467/11/553 11468/39/553 11516/125/553 11515/124/553
f 11468/39/554 11469/17/554 11517/126/554 11516/125/554
f 11469/17/555 11470/79/555 11518/127/555 11517/126/555
f 11470/79/556 11471/83/556 11519/128/556 11518/127/556
f 11471/83/557 11472/87/557 11520/129/557 11519/128/557
f 11472/87/558 11473/91/558 11521/130/558 11520/129/558
f 11473/91/559 11474/131/559 11522/132/559 11521/130/559
f 11474/131/560 11475/99/560 11523/133/560 11522/132/560
f 11475/99/561 11476/134/561 11524/135/561 11523/133/561
f 11476/134/562 11477/64/562 11525/136/562 11524/135/562
f 11477/64/563 11478/137/563 11526/138/563 11525/136/563
f 11478/137/564 11479/139/564 11527/140/564 11526/138/564
f 11479/139/565 11480/103/565 11528/141/565 11527/140/565
f 11480/103/566 11466/94/566 11514/93/566 11528/141/566
f 11514/4/551 11513/25/551 11561/123/551 11562/92/551
f 11513/25/552 11515/11/552 11563/124/552 11561/123/552
f 11515/11/553 11516/39/553 11564/125/553 11563/124/553
f 11516/39/554 11517/17/554 11565/126/554 11564/125/554
f 11517/17/555 11518/79/555 11566/127/555 11565/126/555
f 11518/79/556 11519/83/556 11567/128/556 11566/127/556
f 11519/83/557 11520/87/557 11568/129/557 11567/128/557
f 11520/87/558 11521/91/558 11569/130/558 11568/129/558
f 11521/91/559 11522/131/559 11570/132/559 11569/130/559
f 11522/131/560 11523/99/560 11571/133/560 11570/132/560
f 11523/99/561 11524/134/561 11572/135/561 11571/133/561
f 11524/134/562 11525/64/562 11573/136/562 11572/135/562
f 11525/64/563 11526/137/563 11574/138/563 11573/136/563
f 11526/137/564 11527/139/564 11575/140/564 11574/138/564
f 11527/139/565 11528/103/565 11576/141/565 11575/140/565
f 11528/103/566 11514/94/566 11562/93/566 11576/141/566
f 11562/4/551 11561/25/551 11609/123/551 11610/92/551
f 11561/25/552 11563/11/552 11611/124/552 11609/123/552
f 11563/11/553 11564/39/553 11612/125/553 11611/124/553
f 11564/39/554 11565/17/554 11613/126/554 11612/125/554
f 11565/17/555 11566/79/555 11614/127/555 11613/126/555
f 11566/79/556 11567/83/556 11615/128/556 11614/127/556
f 11567/83/557 11568/87/557 11616/129/557 11615/128/557
f 11568/87/558 11569/91/558 11617/130/558 11616/129/558
f 11569/91/559 11570/131/559 11618/132/559 11617/130/559
f 11570/131/560 11571/99/560 11619/133/560 11618/132/560
f 11571/99/561 11572/134/561 11620/135/561 11619/133/561
f 11572/134/562 11573/64/562 11621/136/562 11620/135/562
f 11573/64/563 11574/137/563 11622/138/563 11621/136/563
f 11574/137/564 11575/139/564 11623/140/564 11622/138/564
f 11575/139/565 11576/103/565 11624/141/565 11623/140/565
f 11576/103/566 11562/94/566 11610/93/566 11624/141/566
f 11610/4/551 11609/25/551 11657/123/551 11658/92/551
f 11609/25/552 11611/11/552 11659/124/552 11657/123/552
f 11611/11/553 11612/39/553 11660/125/553 11659/124/553
f 11612/39/554 11613/17/554 11661/126/554 11660/125/554
f 11613/17/555 11614/79/555 11662/127/555 11661/126/555
f 11614/79/556 11615/83/556 11663/128/556 11662/127/556
f 11615/83/557 11616/87/557 11664/129/557 11663/128/557
f 11616/87/558 11617/91/558 11665/130/558 11664/129/558
f 11617/91/559 11618/131/559 11666/132/559 11665/130/559
f 11618/131/560 11619/99/560 11667/133/560 11666/132/560
f 11619/99/561 11620/134/561 11668/135/561 11667/133/561
f 11620/134/562 11621/64/562 11669/136/562 11668/135/562
f 11621/64/563 11622/137/563 11670/138/563 11669/136/563
f 11622/137/564 11623/139/564 11671/140/564 11670/138/564
f 11623/139/565 11624/103/565 11672/141/565 11671/140/565
f 11624/103/566 11610/94/566 11658/93/566 11672/141/566
f 11658/4/551 11657/25/551 11705/123/551 11706/92/551
f 11657/25/552 11659/11/552 11707/124/552 11705/123/552
f 11659/11/553 11660/39/553 11708/125/553 11707/124/553
f 11660/39/554 11661/17/554 11709/126/554 11708/125/554
f 11661/17/555 11662/79/555 11710/127/555 11709/126/555
f 11662/79/556 11663/83/556 11711/128/556 11710/127/556
f 11663/83/557 11664/87/557 11712/129/557 11711/128/557
f 11664/87/558 11665/91/558 11713/130/558 11712/129/558
f 11665/91/559 11666/131/559 11714/132/559 11713/130/559
f 11666/131/560 11667/99/560 11715/133/560 11714/132/560
f 11667/99/561 11668/134/561 11716/135/561 11715/133/561
f 11668/134/562 11669/64/562 11717/136/562 11716/135/562
f 11669/64/563 11670/137/563 11718/138/563 11717/136/563
f 11670/137/564 11671/139/564 11719/140/564 11718/138/564
f 11671/139/565 11672/103/565 11720/141/565 11719/140/565
f 11672/103/566 11658/94/566 11706/93/566 11720/141/566
f 11706/4/551 11705/25/551 11753/123/551 11754/92/551
f 11705/25/552 11707/11/552 11755/124/552 11753/123/552
f 11707/11/553 11708/39/553 11756/125/553 11755/124/553
f 11708/39/554 11709/17/554 11757/126/554 11756/125/554
f 11709/17/555 11710/79/555 11758/127/555 11757/126/555
f 11710/79/556 11711/83/556 11759/128/556 11758/127/556
f 11711/83/557 11712/87/557 11760/129/557 11759/128/557
f 11712/87/558 11713/91/558 11761/130/558 11760/129/558
f 11713/91/559 11714/131/559 11762/132/559 11761/130/559
f 11714/131/560 11715/99/560 11763/133/560 11762/132/560
f 11715/99/561 11716/134/561 11764/135/561 11763/133/561
f 11716/134/562 11717/64/562 11765/136/562 11764/135/562
f 11717/64/563 11718/137/563 11766/138/563 11765/136/563
f 11718/137/564 11719/139/564 11767/140/564 11766/138/564
f 11719/139/565 11720/103/565 11768/141/565 11767/140/565
f 11720/103/566 11706/94/566 11754/93/566 11768/141/566
f 11754/4/551 11753/25/551 11801/123/551 11802/92/551
f 11753/25/552 11755/11/552 11803/124/552 11801/123/552
f 11755/11/553 11756/39/553 11804/125/553 11803/124/553
f 11756/39/554 11757/17/554 11805/126/554 11804/125/554
f 11757/17/555 11758/79/555 11806/127/555 11805/126/555
f 11758/79/556 11759/83/556 11807/128/556 11806/127/556
f 11759/83/557 11760/87/557 11808/129/557 11807/128/557
f 11760/87/558 11761/91/558 11809/130/558 11808/129/558
f 11761/91/559 11762/131/559 11810/132/559 11809/130/559
f 11762/131/560 11763/99/560 11811/133/560 11810/132/560
f 11763/99/561 11764/134/561 11812/135/561 11811/133/561
f 11764/134/562 11765/64/562 11813/136/562 11812/135/562
f 11765/64/563 11766/137/563 11814/138/563 11813/136/563
f 11766/137/564 11767/139/564 11815/140/564 11814/138/564
f 11767/139/565 11768/103/565 11816/141/565 11815/140/565
f 11768/103/566 11754/94/566 11802/93/566 11816/141/566
f 11802/4/551 11801/25/551 11849/123/551 11850/92/551
f 11801/25/552 11803/11/552 11851/124/552 11849/123/552
f 11803/11/553 11804/39/553 11852/125/553 11851/124/553
f 11804/39/554 11805/17/554 11853/126/554 11852/125/554
f 11805/17/555 11806/79/555 11854/127/555 11853/126/555
f 11806/79/556 11807/83/556 11855/128/556 11854/127/556
f 11807/83/557 11808/87/557 11856/129/557 11855/128/557
f 11808/87/558 11809/91/558 11857/130/558 11856/129/558
f 11809/91/559 11810/131/559 11858/132/559 11857/130/559
f 11810/131/560 11811/99/560 11859/133/560 11858/132/560
f 11811/99/561 11812/134/561 11860/135/561 11859/133/561
f 11812/134/562 11813/64/562 11861/136/562 11860/135/562
f 11813/64/563 11814/137/563 11862/138/563 11861/136/563
f 11814/137/564 11815/139/564 11863/140/564 11862/138/564
f 11815/139/565 11816/103/565 11864/141/565 11863/140/565
f 11816/103/566 11802/94/566 11850/93/566 11864/141/566
f 11850/4/551 11849/25/551 11897/123/551 11898/92/551
f 11849/25/552 11851/11/552 11899/124/552 11897/123/552
f 11851/11/553 11852/39/553 11900/125/553 11899/124/553
f 11852/39/554 11853/17/554 11901/126/554 11900/125/554
f 11853/17/555 11854/79/555 11902/127/555 11901/126/555
f 11854/79/556 11855/83/556 11903/128/556 11902/127/556
f 11855/83/557 11856/87/557 11904/129/557 11903/128/557
f 11856/87/558 11857/91/558 11905/130/558 11904/129/558
f 11857/91/559 11858/131/559 11906/132/559 11905/130/559
f 11858/131/560 11859/99/560 11907/133/560 11906/132/560
f 11859/99/561 11860/134/561 11908/135/561 11907/133/561
f 11860/134/562 11861/64/562 11909/136/562 11908/135/562
f 11861/64/563 11862/137/563 11910/138/563 11909/136/563
f 11862/137/564 11863/139/564 11911/140/564 11910/138/564
f 11863/139/565 11864/103/565 11912/141/565 11911/140/565
f 11864/103/566 11850/94/566 11898/93/566 11912/141/566
f 11898/4/551 11897/25/551 11945/123/551 11946/92/551
f 11897/25/552 11899/11/552 11947/124/552 11945/123/552
f 11899/11/553 11900/39/553 11948/125/553 11947/124/553
f 11900/39/554 11901/17/554 11949/126/554 11948/125/554
f 11901/17/555 11902/79/555 11950/127/555 11949/126/555
f 11902/79/556 11903/83/556 11951/128/556 11950/127/556
f 11903/83/557 11904/87/557 11952/129/557 11951/128/557
f 11904/87/558 11905/91/558 11953/130/558 11952/129/558
f 11905/91/559 11906/131/559 11954/132/559 11953/130/559
f 11906/131/560 11907/99/560 11955/133/560 11954/132/560
f 11907/99/561 11908/134/561 11956/135/561 11955/133/561
f 11908/134/562 11909/64/562 11957/136/562 11956/135/562
f 11909/64/563 11910/137/563 11958/138/563 11957/136/563
f 11910/137/564 11911/139/564 11959/140/564 11958/138/564
f 11911/139/565 11912/103/565 11960/141/565 11959/140/565
f 11912/103/566 11898/94/566 11946/93/566 11960/141/566
f 11946/4/551 11945/25/551 11993/123/551 11994/92/551
f 11945/25/552 11947/11/552 11995/124/552 11993/123/552
f 11947/11/553 11948/39/553 11996/125/553 11995/124/553
f 11948/39/554 11949/17/554 11997/126/554 11996/125/554
f 11949/17/555 11950/79/555 11998/127/555 11997/126/555
f 11950/79/556 11951/83/556 11999/128/556 11998/127/556
f 11951/83/557 11952/87/557 12000/129/557 11999/128/557
f 11952/87/558 11953/91/558 12001/130/558 12000/129/558
f 11953/91/559 11954/131/559 12002/132/559 12001/130/559
f 11954/131/560 11955/99/560 12003/133/560 12002/132/560
f 11955/99/561 11956/134/561 12004/135/561 12003/133/561
f 11956/134/562 11957/64/562 12005/136/562 12004/135/562
f 11957/64/563 11958/137/563 12006/138/563 12005/136/563
f 11958/137/564 11959/139/564 12007/140/564 12006/138/564
f 11959/139/565 11960/103/565 12008/141/565 12007/140/565
f 11960/103/566 11946/94/566 11994/93/566 12008/141/566
f 11994/4/551 11993/25/551 12041/123/551 12042/92/551
f 11993/25/552 11995/11/552 12043/124/552 12041/123/552
f 11995/11/553 11996/39/553 12044/125/553 12043/124/553
f 11996/39/554 11997/17/554 12045/126/554 12044/125/554
f 11997/17/555 11998/79/555 12046/127/555 12045/126/555
f 11998/79/556 11999/83/556 12047/128/556 12046/127/556
f 11999/83/557 12000/87/557 12048/129/557 12047/128/557
f 12000/87/558 12001/91/558 12049/130/558 12048/129/558
f 12001/91/559 12002/131/559 12050/132/559 12049/130/559
f 12002/131/560 12003/99/560 12051/133/560 12050/132/560
f 12003/99/561 12004/134/561 12052/135/561 12051/133/561
f 12004/134/562 12005/64/562 12053/136/562 12052/135/562
f 12005/64/563 12006/137/563 12054/138/563 12053/136/563
f 12006/137/564 12007/139/564 12055/140/564 12054/138/564
f 12007/139/565 12008/103/565 12056/141/565 12055/140/565
f 12008/103/566 11994/94/566 12042/93/566 12056/141/566
f 12042/4/551 12041/25/551 12089/123/551 12090/92/551
f 12041/25/552 12043/11/552 12091/124/552 12089/123/552
f 12043/11/553 12044/39/553 12092/125/553 12091/124/553
f 12044/39/554 12045/17/554 12093/126/554 12092/125/554
f 12045/17/555 12046/79/555 12094/127/555 12093/126/555
f 12046/79/556 12047/83/556 12095/128/556 12094/127/556
f 12047/83/557 12048/87/557 12096/129/557 12095/128/557
f 12048/87/558 12049/91/558 12097/130/558 12096/129/558
f 12049/91/559 12050/131/559 12098/132/559 12097/130/559
f 12050/131/560 12051/99/560 12099/133/560 12098/132/560
f 12051/99/561 12052/134/561 12100/135/561 12099/133/561
f 12052/134/562 12053/64/562 12101/136/562 12100/135/562
f 12053/64/563 12054/137/563 12102/138/563 12101/136/563
f 12054/137/564 12055/139/564 12103/140/564 12102/138/564
f 12055/139/565 12056/103/565 12104/141/565 12103/140/565
f 12056/103/566 12042/94/566 12090/93/566 12104/141/566
f 12090/4/551 12089/25/551 12137/123/551 12138/92/551
f 12089/25/552 12091/11/552 12139/124/552 12137/123/552
f 12091/11/553 12092/39/553 12140/125/553 12139/124/553
f 12092/39/554 12093/17/554 12141/126/554 12140/125/554
f 12093/17/555 12094/79/555 12142/127/555 12141/126/555
f 12094/79/556 12095/83/556 12143/128/556 12142/127/556
f 12095/83/557 12096/87/557 12144/129/557 12143/128/557
f 12096/87/558 12097/91/558 12145/130/558 12144/129/558
f 12097/91/559 12098/131/559 12146/132/559 12145/130/559
f 12098/131/560 12099/99/560 12147/133/560 12146/132/560
f 12099/99/561 12100/134/561 12148/135/561 12147/133/561
f 12100/134/562 12101/64/562 12149/136/562 12148/135/562
f 12101/64/563 12102/137/563 12150/138/563 12149/136/563
f 12102/137/564 12103/139/564 12151/140/564 12150/138/564
f 12103/139/565 12104/103/565 12152/141/565 12151/140/565
f 12104/103/566 12090/94/566 12138/93/566 12152/141/566
f 12138/4/551 12137/25/551 12185/123/551 12186/92/551
f 12137/25/552 12139/11/552 12187/124/552 12185/123/552
f 12139/11/553 12140/39/553 12188/125/553 12187/124/553
f 12140/39/554 12141/17/554 12189/126/554 12188/125/554
f 12141/17/555 12142/79/555 12190/127/555 12189/126/555
f 12142/79/556 12143/83/556 12191/128/556 12190/127/556
f 12143/83/557 12144/87/557 12192/129/557 12191/128/557
f 12144/87/558 12145/91/558 12193/130/558 12192/129/558
f 12145/91/559 12146/131/559 12194/132/559 12193/130/559
f 12146/131/560 12147/99/560 12195/133/560 12194/132/560
f 12147/99/561 12148/134/561 12196/135/561 12195/133/561
f 12148/134/562 12149/64/562 12197/136/562 12196/135/562
f 12149/64/563 12150/137/563 12198/138/563 12197/136/563
f 12150/137/564 12151/139/564 12199/140/564 12198/138/564
f 12151/139/565 12152/103/565 12200/141/565 12199/140/565
f 12152/103/566 12138/94/566 12186/93/566 12200/141/566
f 12186/4/551 12185/25/551 12233/123/551 12234/92/551
f 12185/25/552 12187/11/552 12235/124/552 12233/123/552
f 12187/11/553 12188/39/553 12236/125/553 12235/124/553
f 12188/39/554 12189/17/554 12237/126/554 12236/125/554
f 12189/17/555 12190/79/555 12238/127/555 12237/126/555
f 12190/79/556 12191/83/556 12239/128/556 12238/127/556
f 12191/83/557 12192/87/557 12240/129/557 12239/128/557
f 12192/87/558 12193/91/558 12241/130/558 12240/129/558
f 12193/91/559 12194/131/559 12242/132/559 12241/130/559
f 12194/131/560 12195/99/560 12243/133/560 12242/132/560
f 12195/99/561 12196/134/561 12244/135/561 12243/133/561
f 12196/134/562 12197/64/562 12245/136/562 12244/135/562
f 12197/64/563 12198/137/563 12246/138/563 12245/136/563
f 12198/137/564 12199/139/564 12247/140/564 12246/138/564
f 12199/139/565 12200/103/565 12248/141/565 12247/140/565
f 12200/103/566 12186/94/566 12234/93/566 12248/141/566
o clamp_5
usemtl steel
f 11377/67/1 11378/90/1 11379/91/1 11380/4/1
f 11381/4/2 11382/91/2 11383/90/2 11384/67/2
f 11384/90/3 11383/67/3 11378/4/3 11377/91/3
f 11382/90/4 11381/67/4 11380/4/4 11379/91/4
f 11381/90/5 11384/67/5 11377/4/5 11380/91/5
f 11383/90/6 11382/67/6 11379/4/6 11378/91/6
f 12249/67/1 12250/90/1 12251/91/1 12252/4/1
f 12253/4/2 12254/91/2 12255/90/2 12256/67/2
f 12256/90/3 12255/67/3 12250/4/3 12249/91/3
f 12254/90/4 12253/67/4 12252/4/4 12251/91/4
f 12253/90/5 12256/67/5 12249/4/5 12252/91/5
f 12255/90/6 12254/67/6 12251/4/6 12250/91/6
o jumper_5
usemtl conductor
f 12257/4/567 12258/35/567 12259/142/567 12260/143/567
f 12258/35/568 12261/79/568 12262/144/568 12259/142/568
f 12261/79/569 12263/89/569 12264/145/569 12262/144/569
f 12263/89/570 12265/99/570 12266/146/570 12264/145/570
f 12265/99/571 12267/101/571 12268/147/571 12266/146/571
f 12267/101/572 12269/103/572 12270/148/572 12268/147/572
f 12269/103/573 12271/105/573 12272/149/573 12270/148/573
f 12271/105/574 12273/3/574 12274/150/574 12272/149/574
f 12273/3/575 12275/107/575 12276/151/575 12274/150/575
f 12275/107/576 12277/109/576 12278/152/576 12276/151/576
f 12277/109/577 12279/111/577 12280/153/577 12278/152/577
f 12279/111/578 12281/113/578 12282/154/578 12280/153/578
f 12281/113/579 12283/115/579 12284/155/579 12282/154/579
f 12283/115/580 12285/117/580 12286/156/580 12284/155/580
f 12285/117/581 12287/119/581 12288/157/581 12286/156/581
f 12287/119/582 12257/121/582 12260/158/582 12288/157/582
f 12260/143/583 12259/142/583 12289/159/583 12290/160/583
f 12259/142/584 12262/144/584 12291/161/584 12289/159/584
f 12262/144/585 12264/145/585 12292/162/585 12291/161/585
f 12264/145/586 12266/146/586 12293/163/586 12292/162/586
f 12266/146/587 12268/147/587 12294/164/587 12293/163/587
f 12268/147/588 12270/148/588 12295/165/588 12294/164/588
f 12270/148/589 12272/149/589 12296/166/589 12295/165/589
f 12272/149/590 12274/150/590 12297/167/590 12296/166/590
f 12274/150/591 12276/151/591 12298/168/591 12297/167/591
f 12276/151/592 12278/152/592 12299/169/592 12298/168/592
f 12278/152/593 12280/153/593 12300/170/593 12299/169/593
f 12280/153/594 12282/154/594 12301/171/594 12300/170/594
f 12282/154/595 12284/155/595 12302/172/595 12301/171/595
f 12284/155/596 12286/156/596 12303/173/596 12302/172/596
f 12286/156/597 12288/157/597 12304/174/597 12303/173/597
f 12288/157/598 12260/158/598 12290/175/598 12304/174/598
f 12290/160/599 12289/159/599 12305/176/599 12306/177/599
f 12289/159/600 12291/161/600 12307/178/600 12305/176/600
f 12291/161/601 12292/162/601 12308/179/601 12307/178/601
f 12292/162/602 12293/163/602 12309/180/602 12308/179/602
f 12293/163/603 12294/164/603 12310/181/603 12309/180/603
f 12294/164/604 12295/165/604 12311/182/604 12310/181/604
f 12295/165/605 12296/166/605 12312/183/605 12311/182/605
f 12296/166/606 12297/167/606 12313/184/606 12312/183/606
f 12297/167/607 12298/168/607 12314/185/607 12313/184/607
f 12298/168/608 12299/169/608 12315/186/608 12314/185/608
f 12299/169/609 12300/170/609 12316/187/609 12315/186/609
f 12300/170/610 12301/171/610 12317/188/610 12316/187/610
f 12301/171/611 12302/172/611 12318/189/611 12317/188/611
f 12302/172/612 12303/173/612 12319/190/612 12318/189/612
f 12303/173/613 12304/174/613 12320/191/613 12319/190/613
f 12304/174/614 12290/175/614 12306/192/614 12320/191/614
f 12306/177/615 12305/176/615 12321/193/615 12322/194/615
f 12305/176/616 12307/178/616 12323/195/616 12321/193/616
f 12307/178/617 12308/179/617 12324/196/617 12323/195/617
f 12308/179/618 12309/180/618 12325/197/618 12324/196/618
f 12309/180/619 12310/181/619 12326/198/619 12325/197/619
f 12310/181/620 12311/182/620 12327/199/620 12326/198/620
f 12311/182/621 12312/183/621 12328/200/621 12327/199/621
f 12312/183/622 12313/184/622 12329/201/622 12328/200/622
f 12313/184/623 12314/185/623 12330/202/623 12329/201/623
f 12314/185/624 12315/186/624 12331/203/624 12330/202/624
f 12315/186/625 12316/187/625 12332/204/625 12331/203/625
f 12316/187/626 12317/188/626 12333/205/626 12332/204/626
f 12317/188/627 12318/189/627 12334/206/627 12333/205/627
f 12318/189/628 12319/190/628 12335/207/628 12334/206/628
f 12319/190/629 12320/191/629 12336/208/629 12335/207/629
f 12320/191/630 12306/192/630 12322/209/630 12336/208/630
f 12322/194/631 12321/193/631 12337/210/631 12338/1/631
f 12321/193/632 12323/195/632 12339/211/632 12337/210/632
f 12323/195/633 12324/196/633 12340/212/633 12339/211/633
f 12324/196/634 12325/197/634 12341/213/634 12340/212/634
f 12325/197/635 12326/198/635 12342/214/635 12341/213/635
f 12326/198/636 12327/199/636 12343/215/636 12342/214/636
f 12327/199/637 12328/200/637 12344/216/637 12343/215/637
f 12328/200/638 12329/201/638 12345/2/638 12344/216/638
f 12329/201/639 12330/202/639 12346/217/639 12345/2/639
f 12330/202/640 12331/203/640 12347/218/640 12346/217/640
f 12331/203/641 12332/204/641 12348/219/641 12347/218/641
f 12332/204/642 12333/205/642 12349/220/642 12348/219/642
f 12333/205/643 12334/206/643 12350/221/643 12349/220/643
f 12334/206/644 12335/207/644 12351/222/644 12350/221/644
f 12335/207/645 12336/208/645 12352/223/645 12351/222/645
f 12336/208/646 12322/209/646 12338/58/646 12352/223/646
f 12338/1/647 12337/210/647 12353/224/647 12354/225/647
f 12337/210/648 12339/211/648 12355/226/648 12353/224/648
f 12339/211/649 12340/212/649 12356/227/649 12355/226/649
f 12340/212/650 12341/213/650 12357/228/650 12356/227/650
f 12341/213/651 12342/214/651 12358/229/651 12357/228/651
f 12342/214/652 12343/215/652 12359/230/652 12358/229/652
f 12343/215/653 12344/216/653 12360/231/653 12359/230/653
f 12344/216/654 12345/2/654 12361/232/654 12360/231/654
f 12345/2/655 12346/217/655 12362/233/655 12361/232/655
f 12346/217/656 12347/218/656 12363/234/656 12362/233/656
f 12347/218/657 12348/219/657 12364/235/657 12363/234/657
f 12348/219/658 12349/220/658 12365/236/658 12364/235/658
f 12349/220/659 12350/221/659 12366/237/659 12365/236/659
f 12350/221/660 12351/222/660 12367/238/660 12366/237/660
f 12351/222/661 12352/223/661 12368/239/661 12367/238/661
f 12352/223/662 12338/58/662 12354/240/662 12368/239/662
f 12354/225/663 12353/224/663 12369/241/663 12370/242/663
f 12353/224/664 12355/226/664 12371/243/664 12369/241/664
f 12355/226/665 12356/227/665 12372/244/665 12371/243/665
f 12356/227/666 12357/228/666 12373/245/666 12372/244/666
f 12357/228/667 12358/229/667 12374/246/667 12373/245/667
f 12358/229/668 12359/230/668 12375/247/668 12374/246/668
f 12359/230/669 12360/231/669 12376/248/669 12375/247/669
f 12360/231/670 12361/232/670 12377/249/670 12376/248/670
f 12361/232/671 12362/233/671 12378/250/671 12377/249/671
f 12362/233/672 12363/234/672 12379/251/672 12378/250/672
f 12363/234/673 12364/235/673 12380/252/673 12379/251/673
f 12364/235/674 12365/236/674 12381/253/674 12380/252/674
f 12365/236/675 12366/237/675 12382/254/675 12381/253/675
f 12366/237/676 12367/238/676 12383/255/676 12382/254/676
f 12367/238/677 12368/239/677 12384/256/677 12383/255/677
f 12368/239/678 12354/240/678 12370/257/678 12384/256/678
f 12370/242/679 12369/241/679 12385/258/679 12386/259/679
f 12369/241/680 12371/243/680 12387/260/680 12385/258/680
f 12371/243/681 12372/244/681 12388/261/681 12387/260/681
f 12372/244/682 12373/245/682 12389/262/682 12388/261/682
f 12373/245/683 12374/246/683 12390/263/683 12389/262/683
f 12374/246/684 12375/247/684 12391/264/684 12390/263/684
f 12375/247/685 12376/248/685 12392/265/685 12391/264/685
f 12376/248/686 12377/249/686 12393/266/686 12392/265/686
f 12377/249/687 12378/250/687 12394/267/687 12393/266/687
f 12378/250/688 12379/251/688 12395/268/688 12394/267/688
f 12379/251/689 12380/252/689 12396/269/689 12395/268/689
f 12380/252/690 12381/253/690 12397/270/690 12396/269/690
f 12381/253/691 12382/254/691 12398/271/691 12397/270/691
f 12382/254/692 12383/255/692 12399/272/692 12398/271/692
f 12383/255/693 12384/256/693 12400/273/693 12399/272/693
f 12384/256/694 12370/257/694 12386/274/694 12400/273/694
f 12386/259/695 12385/258/695 12401/275/695 12402/276/695
f 12385/258/696 12387/260/696 12403/277/696 12401/275/696
f 12387/260/697 12388/261/697 12404/278/697 12403/277/697
f 12388/261/698 12389/262/698 12405/279/698 12404/278/698
f 12389/262/699 12390/263/699 12406/280/699 12405/279/699
f 12390/263/700 12391/264/700 12407/281/700 12406/280/700
f 12391/264/701 12392/265/701 12408/282/701 12407/281/701
f 12392/265/702 12393/266/702 12409/283/702 12408/282/702
f 12393/266/703 12394/267/703 12410/284/703 12409/283/703
f 12394/267/704 12395/268/704 12411/285/704 12410/284/704
f 12395/268/705 12396/269/705 12412/286/705 12411/285/705
f 12396/269/706 12397/270/706 12413/287/706 12412/286/706
f 12397/270/707 12398/271/707 12414/288/707 12413/287/707
f 12398/271/708 12399/272/708 12415/289/708 12414/288/708
f 12399/272/709 12400/273/709 12416/290/709 12415/289/709
f 12400/273/710 12386/274/710 12402/291/710 12416/290/710
f 12402/276/711 12401/275/711 12417/95/711 12418/96/711
f 12401/275/712 12403/277/712 12419/97/712 12417/95/712
f 12403/277/713 12404/278/713 12420/98/713 12419/97/713
f 12404/278/714 12405/279/714 12421/100/714 12420/98/714
f 12405/279/715 12406/280/715 12422/102/715 12421/100/715
f 12406/280/716 12407/281/716 12423/104/716 12422/102/716
f 12407/281/717 12408/282/717 12424/106/717 12423/104/717
f 12408/282/718 12409/283/718 12425/54/718 12424/106/718
f 12409/283/719 12410/284/719 12426/108/719 12425/54/719
f 12410/284/720 12411/285/720 12427/110/720 12426/108/720
f 12411/285/721 12412/286/721 12428/112/721 12427/110/721
f 12412/286/722 12413/287/722 12429/114/722 12428/112/722
f 12413/287/723 12414/288/723 12430/116/723 12429/114/723
f 12414/288/724 12415/289/724 12431/118/724 12430/116/724
f 12415/289/725 12416/290/725 12432/120/725 12431/118/725
f 12416/290/726 12402/291/726 12418/122/726 12432/120/726
f 12287/48/727 12285/47/727 12283/46/727 12281/3/727 12279/50/727 12277/49/727 12275/51/727 12273/1/727 12271/53/727 12269/52/727 12267/55/727 12265/54/727 12263/57/727 12261/56/727 12258/59/727 12257/58/727
f 12418/58/728 12417/59/728 12419/56/728 12420/57/728 12421/54/728 12422/55/728 12423/52/728 12424/53/728 12425/1/728 12426/51/728 12427/49/728 12428/50/728 12429/3/728 12430/46/728 12431/47/728 12432/48/728
o insulator_6
usemtl porcelain
f 12449/4/535 12450/35/535 12451/95/535 12452/96/535
f 12450/35/536 12453/79/536 12454/97/536 12451/95/536
f 12453/79/537 12455/89/537 12456/98/537 12454/97/537
f 12455/89/538 12457/99/538 12458/100/538 12456/98/538
f 12457/99/539 12459/101/539 12460/102/539 12458/100/539
f 12459/101/540 12461/103/540 12462/104/540 12460/102/540
f 12461/103/541 12463/105/541 12464/106/541 12462/104/541
f 12463/105/542 12465/3/542 12466/54/542 12464/106/542
f 12465/3/543 12467/107/543 12468/108/543 12466/54/543
f 12467/107/544 12469/109/544 12470/110/544 12468/108/544
f 12469/109/545 12471/111/545 12472/112/545 12470/110/545
f 12471/111/546 12473/113/546 12474/114/546 12472/112/546
f 12473/113/547 12475/115/547 12476/116/547 12474/114/547
f 12475/115/548 12477/117/548 12478/118/548 12476/116/548
f 12477/117/549 12479/119/549 12480/120/549 12478/118/549
f 12479/119/550 12449/121/550 12452/122/550 12480/120/550
f 12513/4/535 12514/35/535 12515/95/535 12516/96/535
f 12514/35/536 12517/79/536 12518/97/536 12515/95/536
f 12517/79/537 12519/89/537 12520/98/537 12518/97/537
f 12519/89/538 12521/99/538 12522/100/538 12520/98/538
f 12521/99/539 12523/101/539 12524/102/539 12522/100/539
f 12523/101/540 12525/103/540 12526/104/540 12524/102/540
f 12525/103/541 12527/105/541 12528/106/541 12526/104/541
f 12527/105/542 12529/3/542 12530/54/542 12528/106/542
f 12529/3/543 12531/107/543 12532/108/543 12530/54/543
f 12531/107/544 12533/109/544 12534/110/544 12532/108/544
f 12533/109/545 12535/111/545 12536/112/545 12534/110/545
f 12535/111/546 12537/113/546 12538/114/546 12536/112/546
f 12537/113/547 12539/115/547 12540/116/547 12538/114/547
f 12539/115/548 12541/117/548 12542/118/548 12540/116/548
f 12541/117/549 12543/119/549 12544/120/549 12542/118/549
f 12543/119/550 12513/121/550 12516/122/550 12544/120/550
f 12561/4/535 12562/35/535 12563/95/535 12564/96/535
f 12562/35/536 12565/79/536 12566/97/536 12563/95/536
f 12565/79/537 12567/89/537 12568/98/537 12566/97/537
f 12567/89/538 12569/99/538 12570/100/538 12568/98/538
f 12569/99/539 12571/101/539 12572/102/539 12570/100/539
f 12571/101/540 12573/103/540 12574/104/540 12572/102/540
f 12573/103/541 12575/105/541 12576/106/541 12574/104/541
f 12575/105/542 12577/3/542 12578/54/542 12576/106/542
f 12577/3/543 12579/107/543 12580/108/543 12578/54/543
f 12579/107/544 12581/109/544 12582/110/544 12580/108/544
f 12581/109/545 12583/111/545 12584/112/545 12582/110/545
f 12583/111/546 12585/113/546 12586/114/546 12584/112/546
f 12585/113/547 12587/115/547 12588/116/547 12586/114/547
f 12587/115/548 12589/117/548 12590/118/548 12588/116/548
f 12589/117/549 12591/119/549 12592/120/549 12590/118/549
f 12591/119/550 12561/121/550 12564/122/550 12592/120/550
f 12609/4/535 12610/35/535 12611/95/535 12612/96/535
f 12610/35/536 12613/79/536 12614/97/536 12611/95/536
f 12613/79/537 12615/89/537 12616/98/537 12614/97/537
f 12615/89/538 12617/99/538 12618/100/538 12616/98/538
f 12617/99/539 12619/101/539 12620/102/539 12618/100/539
f 12619/101/540 12621/103/540 12622/104/540 12620/102/540
f 12621/103/541 12623/105/541 12624/106/541 12622/104/541
f 12623/105/542 12625/3/542 12626/54/542 12624/106/542
f 12625/3/543 12627/107/543 12628/108/543 12626/54/543
f 12627/107/544 12629/109/544 12630/110/544 12628/108/544
f 12629/109/545 12631/111/545 12632/112/545 12630/110/545
f 12631/111/546 12633/113/546 12634/114/546 12632/112/546
f 12633/113/547 12635/115/547 12636/116/547 12634/114/547
f 12635/115/548 12637/117/548 12638/118/548 12636/116/548
f 12637/117/549 12639/119/549 12640/120/549 12638/118/549
f 12639/119/550 12609/121/550 12612/122/550 12640/120/550
f 12657/4/535 12658/35/535 12659/95/535 12660/96/535
f 12658/35/536 12661/79/536 12662/97/536 12659/95/536
f 12661/79/537 12663/89/537 12664/98/537 12662/97/537
f 12663/89/538 12665/99/538 12666/100/538 12664/98/538
f 12665/99/539 12667/101/539 12668/102/539 12666/100/539
f 12667/101/540 12669/103/540 12670/104/540 12668/102/540
f 12669/103/541 12671/105/541 12672/106/541 12670/104/541
f 12671/105/542 12673/3/542 12674/54/542 12672/106/542
f 12673/3/543 12675/107/543 12676/108/543 12674/54/543
f 12675/107/544 12677/109/544 12678/110/544 12676/108/544
f 12677/109/545 12679/111/545 12680/112/545 12678/110/545
f 12679/111/546 12681/113/546 12682/114/546 12680/112/546
f 12681/113/547 12683/115/547 12684/116/547 12682/114/547
f 12683/115/548 12685/117/548 12686/118/548 12684/116/548
f 12685/117/549 12687/119/549 12688/120/549 12686/118/549
f 12687/119/550 12657/121/550 12660/122/550 12688/120/550
f 12705/4/535 12706/35/535 12707/95/535 12708/96/535
f 12706/35/536 12709/79/536 12710/97/536 12707/95/536
f 12709/79/537 12711/89/537 12712/98/537 12710/97/537
f 12711/89/538 12713/99/538 12714/100/538 12712/98/538
f 12713/99/539 12715/101/539 12716/102/539 12714/100/539
f 12715/101/540 12717/103/540 12718/104/540 12716/102/540
f 12717/103/541 12719/105/541 12720/106/541 12718/104/541
f 12719/105/542 12721/3/542 12722/54/542 12720/106/542
f 12721/3/543 12723/107/543 12724/108/543 12722/54/543
f 12723/107/544 12725/109/544 12726/110/544 12724/108/544
f 12725/109/545 12727/111/545 12728/112/545 12726/110/545
f 12727/111/546 12729/113/546 12730/114/546 12728/112/546
f 12729/113/547 12731/115/547 12732/116/547 12730/114/547
f 12731/115/548 12733/117/548 12734/118/548 12732/116/548
f 12733/117/549 12735/119/549 12736/120/549 12734/118/549
f 12735/119/550 12705/121/550 12708/122/550 12736/120/550
f 12753/4/535 12754/35/535 12755/95/535 12756/96/535
f 12754/35/536 12757/79/536 12758/97/536 12755/95/536
f 12757/79/537 12759/89/537 12760/98/537 12758/97/537
f 12759/89/538 12761/99/538 12762/100/538 12760/98/538
f 12761/99/539 12763/101/539 12764/102/539 12762/100/539
f 12763/101/540 12765/103/540 12766/104/540 12764/102/540
f 12765/103/541 12767/105/541 12768/106/541 12766/104/541
f 12767/105/542 12769/3/542 12770/54/542 12768/106/542
f 12769/3/543 12771/107/543 12772/108/543 12770/54/543
f 12771/107/544 12773/109/544 12774/110/544 12772/108/544
f 12773/109/545 12775/111/545 12776/112/545 12774/110/545
f 12775/111/546 12777/113/546 12778/114/546 12776/112/546
f 12777/113/547 12779/115/547 12780/116/547 12778/114/547
f 12779/115/548 12781/117/548 12782/118/548 12780/116/548
f 12781/117/549 12783/119/549 12784/120/549 12782/118/549
f 12783/119/550 12753/121/550 12756/122/550 12784/120/550
f 12801/4/535 12802/35/535 12803/95/535 12804/96/535
f 12802/35/536 12805/79/536 12806/97/536 12803/95/536
f 12805/79/537 12807/89/537 12808/98/537 12806/97/537
f 12807/89/538 12809/99/538 12810/100/538 12808/98/538
f 12809/99/539 12811/101/539 12812/102/539 12810/100/539
f 12811/101/540 12813/103/540 12814/104/540 12812/102/540
f 12813/103/541 12815/105/541 12816/106/541 12814/104/541
f 12815/105/542 12817/3/542 12818/54/542 12816/106/542
f 12817/3/543 12819/107/543 12820/108/543 12818/54/543
f 12819/107/544 12821/109/544 12822/110/544 12820/108/544
f 12821/109/545 12823/111/545 12824/112/545 12822/110/545
f 12823/111/546 12825/113/546 12826/114/546 12824/112/546
f 12825/113/547 12827/115/547 12828/116/547 12826/114/547
f 12827/115/548 12829/117/548 12830/118/548 12828/116/548
f 12829/117/549 12831/119/549 12832/120/549 12830/118/549
f 12831/119/550 12801/121/550 12804/122/550 12832/120/550
f 12849/4/535 12850/35/535 12851/95/535 12852/96/535
f 12850/35/536 12853/79/536 12854/97/536 12851/95/536
f 12853/79/537 12855/89/537 12856/98/537 12854/97/537
f 12855/89/538 12857/99/538 12858/100/538 12856/98/538
f 12857/99/539 12859/101/539 12860/102/539 12858/100/539
f 12859/101/540 12861/103/540 12862/104/540 12860/102/540
f 12861/103/541 12863/105/541 12864/106/541 12862/104/541
f 12863/105/542 12865/3/542 12866/54/542 12864/106/542
f 12865/3/543 12867/107/543 12868/108/543 12866/54/543
f 12867/107/544 12869/109/544 12870/110/544 12868/108/544
f 12869/109/545 12871/111/545 12872/112/545 12870/110/545
f 12871/111/546 12873/113/546 12874/114/546 12872/112/546
f 12873/113/547 12875/115/547 12876/116/547 12874/114/547
f 12875/115/548 12877/117/548 12878/118/548 12876/116/548
f 12877/117/549 12879/119/549 12880/120/549 12878/118/549
f 12879/119/550 12849/121/550 12852/122/550 12880/120/550
f 12897/4/535 12898/35/535 12899/95/535 12900/96/535
f 12898/35/536 12901/79/536 12902/97/536 12899/95/536
f 12901/79/537 12903/89/537 12904/98/537 12902/97/537
f 12903/89/538 12905/99/538 12906/100/538 12904/98/538
f 12905/99/539 12907/101/539 12908/102/539 12906/100/539
f 12907/101/540 12909/103/540 12910/104/540 12908/102/540
f 12909/103/541 12911/105/541 12912/106/541 12910/104/541
f 12911/105/542 12913/3/542 12914/54/542 12912/106/542
f 12913/3/543 12915/107/543 12916/108/543 12914/54/543
f 12915/107/544 12917/109/544 12918/110/544 12916/108/544
f 12917/109/545 12919/111/545 12920/112/545 12918/110/545
f 12919/111/546 12921/113/546 12922/114/546 12920/112/546
f 12921/113/547 12923/115/547 12924/116/547 12922/114/547
f 12923/115/548 12925/117/548 12926/118/548 12924/116/548
f 12925/117/549 12927/119/549 12928/120/549 12926/118/549
f 12927/119/550 12897/121/550 12900/122/550 12928/120/550
f 12945/4/535 12946/35/535 12947/95/535 12948/96/535
f 12946/35/536 12949/79/536 12950/97/536 12947/95/536
f 12949/79/537 12951/89/537 12952/98/537 12950/97/537
f 12951/89/538 12953/99/538 12954/100/538 12952/98/538
f 12953/99/539 12955/101/539 12956/102/539 12954/100/539
f 12955/101/540 12957/103/540 12958/104/540 12956/102/540
f 12957/103/541 12959/105/541 12960/106/541 12958/104/541
f 12959/105/542 12961/3/542 12962/54/542 12960/106/542
f 12961/3/543 12963/107/543 12964/108/543 12962/54/543
f 12963/107/544 12965/109/544 12966/110/544 12964/108/544
f 12965/109/545 12967/111/545 12968/112/545 12966/110/545
f 12967/111/546 12969/113/546 12970/114/546 12968/112/546
f 12969/113/547 12971/115/547 12972/116/547 12970/114/547
f 12971/115/548 12973/117/548 12974/118/548 12972/116/548
f 12973/117/549 12975/119/549 12976/120/549 12974/118/549
f 12975/119/550 12945/121/550 12948/122/550 12976/120/550
f 12993/4/535 12994/35/535 12995/95/535 12996/96/535
f 12994/35/536 12997/79/536 12998/97/536 12995/95/536
f 12997/79/537 12999/89/537 13000/98/537 12998/97/537
f 12999/89/538 13001/99/538 13002/100/538 13000/98/538
f 13001/99/539 13003/101/539 13004/102/539 13002/100/539
f 13003/101/540 13005/103/540 13006/104/540 13004/102/540
f 13005/103/541 13007/105/541 13008/106/541 13006/104/541
f 13007/105/542 13009/3/542 13010/54/542 13008/106/542
f 13009/3/543 13011/107/543 13012/108/543 13010/54/543
f 13011/107/544 13013/109/544 13014/110/544 13012/108/544
f 13013/109/545 13015/111/545 13016/112/545 13014/110/545
f 13015/111/546 13017/113/546 13018/114/546 13016/112/546
f 13017/113/547 13019/115/547 13020/116/547 13018/114/547
f 13019/115/548 13021/117/548 13022/118/548 13020/116/548
f 13021/117/549 13023/119/549 13024/120/549 13022/118/549
f 13023/119/550 12993/121/550 12996/122/550 13024/120/550
f 13041/4/535 13042/35/535 13043/95/535 13044/96/535
f 13042/35/536 13045/79/536 13046/97/536 13043/95/536
f 13045/79/537 13047/89/537 13048/98/537 13046/97/537
f 13047/89/538 13049/99/538 13050/100/538 13048/98/538
f 13049/99/539 13051/101/539 13052/102/539 13050/100/539
f 13051/101/540 13053/103/540 13054/104/540 13052/102/540
f 13053/103/541 13055/105/541 13056/106/541 13054/104/541
f 13055/105/542 13057/3/542 13058/54/542 13056/106/542
f 13057/3/543 13059/107/543 13060/108/543 13058/54/543
f 13059/107/544 13061/109/544 13062/110/544 13060/108/544
f 13061/109/545 13063/111/545 13064/112/545 13062/110/545
f 13063/111/546 13065/113/546 13066/114/546 13064/112/546
f 13065/113/547 13067/115/547 13068/116/547 13066/114/547
f 13067/115/548 13069/117/548 13070/118/548 13068/116/548
f 13069/117/549 13071/119/549 13072/120/549 13070/118/549
f 13071/119/550 13041/121/550 13044/122/550 13072/120/550
f 13089/4/535 13090/35/535 13091/95/535 13092/96/535
f 13090/35/536 13093/79/536 13094/97/536 13091/95/536
f 13093/79/537 13095/89/537 13096/98/537 13094/97/537
f 13095/89/538 13097/99/538 13098/100/538 13096/98/538
f 13097/99/539 13099/101/539 13100/102/539 13098/100/539
f 13099/101/540 13101/103/540 13102/104/540 13100/102/540
f 13101/103/541 13103/105/541 13104/106/541 13102/104/541
f 13103/105/542 13105/3/542 13106/54/542 13104/106/542
f 13105/3/543 13107/107/543 13108/108/543 13106/54/543
f 13107/107/544 13109/109/544 13110/110/544 13108/108/544
f 13109/109/545 13111/111/545 13112/112/545 13110/110/545
f 13111/111/546 13113/113/546 13114/114/546 13112/112/546
f 13113/113/547 13115/115/547 13116/116/547 13114/114/547
f 13115/115/548 13117/117/548 13118/118/548 13116/116/548
f 13117/117/549 13119/119/549 13120/120/549 13118/118/549
f 13119/119/550 13089/121/550 13092/122/550 13120/120/550
f 13137/4/535 13138/35/535 13139/95/535 13140/96/535
f 13138/35/536 13141/79/536 13142/97/536 13139/95/536
f 13141/79/537 13143/89/537 13144/98/537 13142/97/537
f 13143/89/538 13145/99/538 13146/100/538 13144/98/538
f 13145/99/539 13147/101/539 13148/102/539 13146/100/539
f 13147/101/540 13149/103/540 13150/104/540 13148/102/540
f 13149/103/541 13151/105/541 13152/106/541 13150/104/541
f 13151/105/542 13153/3/542 13154/54/542 13152/106/542
f 13153/3/543 13155/107/543 13156/108/543 13154/54/543
f 13155/107/544 13157/109/544 13158/110/544 13156/108/544
f 13157/109/545 13159/111/545 13160/112/545 13158/110/545
f 13159/111/546 13161/113/546 13162/114/546 13160/112/546
f 13161/113/547 13163/115/547 13164/116/547 13162/114/547
f 13163/115/548 13165/117/548 13166/118/548 13164/116/548
f 13165/117/549 13167/119/549 13168/120/549 13166/118/549
f 13167/119/550 13137/121/550 13140/122/550 13168/120/550
f 13185/4/535 13186/35/535 13187/95/535 13188/96/535
f 13186/35/536 13189/79/536 13190/97/536 13187/95/536
f 13189/79/537 13191/89/537 13192/98/537 13190/97/537
f 13191/89/538 13193/99/538 13194/100/538 13192/98/538
f 13193/99/539 13195/101/539 13196/102/539 13194/100/539
f 13195/101/540 13197/103/540 13198/104/540 13196/102/540
f 13197/103/541 13199/105/541 13200/106/541 13198/104/541
f 13199/105/542 13201/3/542 13202/54/542 13200/106/542
f 13201/3/543 13203/107/543 13204/108/543 13202/54/543
f 13203/107/544 13205/109/544 13206/110/544 13204/108/544
f 13205/109/545 13207/111/545 13208/112/545 13206/110/545
f 13207/111/546 13209/113/546 13210/114/546 13208/112/546
f 13209/113/547 13211/115/547 13212/116/547 13210/114/547
f 13211/115/548 13213/117/548 13214/118/548 13212/116/548
f 13213/117/549 13215/119/549 13216/120/549 13214/118/549
f 13215/119/550 13185/121/550 13188/122/550 13216/120/550
f 13233/4/535 13234/35/535 13235/95/535 13236/96/535
f 13234/35/536 13237/79/536 13238/97/536 13235/95/536
f 13237/79/537 13239/89/537 13240/98/537 13238/97/537
f 13239/89/538 13241/99/538 13242/100/538 13240/98/538
f 13241/99/539 13243/101/539 13244/102/539 13242/100/539
f 13243/101/540 13245/103/540 13246/104/540 13244/102/540
f 13245/103/541 13247/105/541 13248/106/541 13246/104/541
f 13247/105/542 13249/3/542 13250/54/542 13248/106/542
f 13249/3/543 13251/107/543 13252/108/543 13250/54/543
f 13251/107/544 13253/109/544 13254/110/544 13252/108/544
f 13253/109/545 13255/111/545 13256/112/545 13254/110/545
f 13255/111/546 13257/113/546 13258/114/546 13256/112/546
f 13257/113/547 13259/115/547 13260/116/547 13258/114/547
f 13259/115/548 13261/117/548 13262/118/548 13260/116/548
f 13261/117/549 13263/119/549 13264/120/549 13262/118/549
f 13263/119/550 13233/121/550 13236/122/550 13264/120/550
f 13281/4/535 13282/35/535 13283/95/535 13284/96/535
f 13282/35/536 13285/79/536 13286/97/536 13283/95/536
f 13285/79/537 13287/89/537 13288/98/537 13286/97/537
f 13287/89/538 13289/99/538 13290/100/538 13288/98/538
f 13289/99/539 13291/101/539 13292/102/539 13290/100/539
f 13291/101/540 13293/103/540 13294/104/540 13292/102/540
f 13293/103/541 13295/105/541 13296/106/541 13294/104/541
f 13295/105/542 13297/3/542 13298/54/542 13296/106/542
f 13297/3/543 13299/107/543 13300/108/543 13298/54/543
f 13299/107/544 13301/109/544 13302/110/544 13300/108/544
f 13301/109/545 13303/111/545 13304/112/545 13302/110/545
f 13303/111/546 13305/113/546 13306/114/546 13304/112/546
f 13305/113/547 13307/115/547 13308/116/547 13306/114/547
f 13307/115/548 13309/117/548 13310/118/548 13308/116/548
f 13309/117/549 13311/119/549 13312/120/549 13310/118/549
f 13311/119/550 13281/121/550 13284/122/550 13312/120/550
f 13337/4/535 13338/35/535 13339/95/535 13340/96/535
f 13338/35/536 13341/79/536 13342/97/536 13339/95/536
f 13341/79/537 13343/89/537 13344/98/537 13342/97/537
f 13343/89/538 13345/99/538 13346/100/538 13344/98/538
f 13345/99/539 13347/101/539 13348/102/539 13346/100/539
f 13347/101/540 13349/103/540 13350/104/540 13348/102/540
f 13349/103/541 13351/105/541 13352/106/541 13350/104/541
f 13351/105/542 13353/3/542 13354/54/542 13352/106/542
f 13353/3/543 13355/107/543 13356/108/543 13354/54/543
f 13355/107/544 13357/109/544 13358/110/544 13356/108/544
f 13357/109/545 13359/111/545 13360/112/545 13358/110/545
f 13359/111/546 13361/113/546 13362/114/546 13360/112/546
f 13361/113/547 13363/115/547 13364/116/547 13362/114/547
f 13363/115/548 13365/117/548 13366/118/548 13364/116/548
f 13365/117/549 13367/119/549 13368/120/549 13366/118/549
f 13367/119/550 13337/121/550 13340/122/550 13368/120/550
f 13385/4/535 13386/35/535 13387/95/535 13388/96/535
f 13386/35/536 13389/79/536 13390/97/536 13387/95/536
f 13389/79/537 13391/89/537 13392/98/537 13390/97/537
f 13391/89/538 13393/99/538 13394/100/538 13392/98/538
f 13393/99/539 13395/101/539 13396/102/539 13394/100/539
f 13395/101/540 13397/103/540 13398/104/540 13396/102/540
f 13397/103/541 13399/105/541 13400/106/541 13398/104/541
f 13399/105/542 13401/3/542 13402/54/542 13400/106/542
f 13401/3/543 13403/107/543 13404/108/543 13402/54/543
f 13403/107/544 13405/109/544 13406/110/544 13404/108/544
f 13405/109/545 13407/111/545 13408/112/545 13406/110/545
f 13407/111/546 13409/113/546 13410/114/546 13408/112/546
f 13409/113/547 13411/115/547 13412/116/547 13410/114/547
f 13411/115/548 13413/117/548 13414/118/548 13412/116/548
f 13413/117/549 13415/119/549 13416/120/549 13414/118/549
f 13415/119/550 13385/121/550 13388/122/550 13416/120/550
f 13433/4/535 13434/35/535 13435/95/535 13436/96/535
f 13434/35/536 13437/79/536 13438/97/536 13435/95/536
f 13437/79/537 13439/89/537 13440/98/537 13438/97/537
f 13439/89/538 13441/99/538 13442/100/538 13440/98/538
f 13441/99/539 13443/101/539 13444/102/539 13442/100/539
f 13443/101/540 13445/103/540 13446/104/540 13444/102/540
f 13445/103/541 13447/105/541 13448/106/541 13446/104/541
f 13447/105/542 13449/3/542 13450/54/542 13448/106/542
f 13449/3/543 13451/107/543 13452/108/543 13450/54/543
f 13451/107/544 13453/109/544 13454/110/544 13452/108/544
f 13453/109/545 13455/111/545 13456/112/545 13454/110/545
f 13455/111/546 13457/113/546 13458/114/546 13456/112/546
f 13457/113/547 13459/115/547 13460/116/547 13458/114/547
f 13459/115/548 13461/117/548 13462/118/548 13460/116/548
f 13461/117/549 13463/119/549 13464/120/549 13462/118/549
f 13463/119/550 13433/121/550 13436/122/550 13464/120/550
f 13481/4/535 13482/35/535 13483/95/535 13484/96/535
f 13482/35/536 13485/79/536 13486/97/536 13483/95/536
f 13485/79/537 13487/89/537 13488/98/537 13486/97/537
f 13487/89/538 13489/99/538 13490/100/538 13488/98/538
f 13489/99/539 13491/101/539 13492/102/539 13490/100/539
f 13491/101/540 13493/103/540 13494/104/540 13492/102/540
f 13493/103/541 13495/105/541 13496/106/541 13494/104/541
f 13495/105/542 13497/3/542 13498/54/542 13496/106/542
f 13497/3/543 13499/107/543 13500/108/543 13498/54/543
f 13499/107/544 13501/109/544 13502/110/544 13500/108/544
f 13501/109/545 13503/111/545 13504/112/545 13502/110/545
f 13503/111/546 13505/113/546 13506/114/546 13504/112/546
f 13505/113/547 13507/115/547 13508/116/547 13506/114/547
f 13507/115/548 13509/117/548 13510/118/548 13508/116/548
f 13509/117/549 13511/119/549 13512/120/549 13510/118/549
f 13511/119/550 13481/121/550 13484/122/550 13512/120/550
f 13529/4/535 13530/35/535 13531/95/535 13532/96/535
f 13530/35/536 13533/79/536 13534/97/536 13531/95/536
f 13533/79/537 13535/89/537 13536/98/537 13534/97/537
f 13535/89/538 13537/99/538 13538/100/538 13536/98/538
f 13537/99/539 13539/101/539 13540/102/539 13538/100/539
f 13539/101/540 13541/103/540 13542/104/540 13540/102/540
f 13541/103/541 13543/105/541 13544/106/541 13542/104/541
f 13543/105/542 13545/3/542 13546/54/542 13544/106/542
f 13545/3/543 13547/107/543 13548/108/543 13546/54/543
f 13547/107/544 13549/109/544 13550/110/544 13548/108/544
f 13549/109/545 13551/111/545 13552/112/545 13550/110/545
f 13551/111/546 13553/113/546 13554/114/546 13552/112/546
f 13553/113/547 13555/115/547 13556/116/547 13554/114/547
f 13555/115/548 13557/117/548 13558/118/548 13556/116/548
f 13557/117/549 13559/119/549 13560/120/549 13558/118/549
f 13559/119/550 13529/121/550 13532/122/550 13560/120/550
f 13577/4/535 13578/35/535 13579/95/535 13580/96/535
f 13578/35/536 13581/79/536 13582/97/536 13579/95/536
f 13581/79/537 13583/89/537 13584/98/537 13582/97/537
f 13583/89/538 13585/99/538 13586/100/538 13584/98/538
f 13585/99/539 13587/101/539 13588/102/539 13586/100/539
f 13587/101/540 13589/103/540 13590/104/540 13588/102/540
f 13589/103/541 13591/105/541 13592/106/541 13590/104/541
f 13591/105/542 13593/3/542 13594/54/542 13592/106/542
f 13593/3/543 13595/107/543 13596/108/543 13594/54/543
f 13595/107/544 13597/109/544 13598/110/544 13596/108/544
f 13597/109/545 13599/111/545 13600/112/545 13598/110/545
f 13599/111/546 13601/113/546 13602/114/546 13600/112/546
f 13601/113/547 13603/115/547 13604/116/547 13602/114/547
f 13603/115/548 13605/117/548 13606/118/548 13604/116/548
f 13605/117/549 13607/119/549 13608/120/549 13606/118/549
f 13607/119/550 13577/121/550 13580/122/550 13608/120/550
f 13625/4/535 13626/35/535 13627/95/535 13628/96/535
f 13626/35/536 13629/79/536 13630/97/536 13627/95/536
f 13629/79/537 13631/89/537 13632/98/537 13630/97/537
f 13631/89/538 13633/99/538 13634/100/538 13632/98/538
f 13633/99/539 13635/101/539 13636/102/539 13634/100/539
f 13635/101/540 13637/103/540 13638/104/540 13636/102/540
f 13637/103/541 13639/105/541 13640/106/541 13638/104/541
f 13639/105/542 13641/3/542 13642/54/542 13640/106/542
f 13641/3/543 13643/107/543 13644/108/543 13642/54/543
f 13643/107/544 13645/109/544 13646/110/544 13644/108/544
f 13645/109/545 13647/111/545 13648/112/545 13646/110/545
f 13647/111/546 13649/113/546 13650/114/546 13648/112/546
f 13649/113/547 13651/115/547 13652/116/547 13650/114/547
f 13651/115/548 13653/117/548 13654/118/548 13652/116/548
f 13653/117/549 13655/119/549 13656/120/549 13654/118/549
f 13655/119/550 13625/121/550 13628/122/550 13656/120/550
f 13673/4/535 13674/35/535 13675/95/535 13676/96/535
f 13674/35/536 13677/79/536 13678/97/536 13675/95/536
f 13677/79/537 13679/89/537 13680/98/537 13678/97/537
f 13679/89/538 13681/99/538 13682/100/538 13680/98/538
f 13681/99/539 13683/101/539 13684/102/539 13682/100/539
f 13683/101/540 13685/103/540 13686/104/540 13684/102/540
f 13685/103/541 13687/105/541 13688/106/541 13686/104/541
f 13687/105/542 13689/3/542 13690/54/542 13688/106/542
f 13689/3/543 13691/107/543 13692/108/543 13690/54/543
f 13691/107/544 13693/109/544 13694/110/544 13692/108/544
f 13693/109/545 13695/111/545 13696/112/545 13694/110/545
f 13695/111/546 13697/113/546 13698/114/546 13696/112/546
f 13697/113/547 13699/115/547 13700/116/547 13698/114/547
f 13699/115/548 13701/117/548 13702/118/548 13700/116/548
f 13701/117/549 13703/119/549 13704/120/549 13702/118/549
f 13703/119/550 13673/121/550 13676/122/550 13704/120/550
f 13721/4/535 13722/35/535 13723/95/535 13724/96/535
f 13722/35/536 13725/79/536 13726/97/536 13723/95/536
f 13725/79/537 13727/89/537 13728/98/537 13726/97/537
f 13727/89/538 13729/99/538 13730/100/538 13728/98/538
f 13729/99/539 13731/101/539 13732/102/539 13730/100/539
f 13731/101/540 13733/103/540 13734/104/540 13732/102/540
f 13733/103/541 13735/105/541 13736/106/541 13734/104/541
f 13735/105/542 13737/3/542 13738/54/542 13736/106/542
f 13737/3/543 13739/107/543 13740/108/543 13738/54/543
f 13739/107/544 13741/109/544 13742/110/544 13740/108/544
f 13741/109/545 13743/111/545 13744/112/545 13742/110/545
f 13743/111/546 13745/113/546 13746/114/546 13744/112/546
f 13745/113/547 13747/115/547 13748/116/547 13746/114/547
f 13747/115/548 13749/117/548 13750/118/548 13748/116/548
f 13749/117/549 13751/119/549 13752/120/549 13750/118/549
f 13751/119/550 13721/121/550 13724/122/550 13752/120/550
f 13769/4/535 13770/35/535 13771/95/535 13772/96/535
f 13770/35/536 13773/79/536 13774/97/536 13771/95/536
f 13773/79/537 13775/89/537 13776/98/537 13774/97/537
f 13775/89/538 13777/99/538 13778/100/538 13776/98/538
f 13777/99/539 13779/101/539 13780/102/539 13778/100/539
f 13779/101/540 13781/103/540 13782/104/540 13780/102/540
f 13781/103/541 13783/105/541 13784/106/541 13782/104/541
f 13783/105/542 13785/3/542 13786/54/542 13784/106/542
f 13785/3/543 13787/107/543 13788/108/543 13786/54/543
f 13787/107/544 13789/109/544 13790/110/544 13788/108/544
f 13789/109/545 13791/111/545 13792/112/545 13790/110/545
f 13791/111/546 13793/113/546 13794/114/546 13792/112/546
f 13793/113/547 13795/115/547 13796/116/547 13794/114/547
f 13795/115/548 13797/117/548 13798/118/548 13796/116/548
f 13797/117/549 13799/119/549 13800/120/549 13798/118/549
f 13799/119/550 13769/121/550 13772/122/550 13800/120/550
f 13817/4/535 13818/35/535 13819/95/535 13820/96/535
f 13818/35/536 13821/79/536 13822/97/536 13819/95/536
f 13821/79/537 13823/89/537 13824/98/537 13822/97/537
f 13823/89/538 13825/99/538 13826/100/538 13824/98/538
f 13825/99/539 13827/101/539 13828/102/539 13826/100/539
f 13827/101/540 13829/103/540 13830/104/540 13828/102/540
f 13829/103/541 13831/105/541 13832/106/541 13830/104/541
f 13831/105/542 13833/3/542 13834/54/542 13832/106/542
f 13833/3/543 13835/107/543 13836/108/543 13834/54/543
f 13835/107/544 13837/109/544 13838/110/544 13836/108/544
f 13837/109/545 13839/111/545 13840/112/545 13838/110/545
f 13839/111/546 13841/113/546 13842/114/546 13840/112/546
f 13841/113/547 13843/115/547 13844/116/547 13842/114/547
f 13843/115/548 13845/117/548 13846/118/548 13844/116/548
f 13845/117/549 13847/119/549 13848/120/549 13846/118/549
f 13847/119/550 13817/121/550 13820/122/550 13848/120/550
f 13865/4/535 13866/35/535 13867/95/535 13868/96/535
f 13866/35/536 13869/79/536 13870/97/536 13867/95/536
f 13869/79/537 13871/89/537 13872/98/537 13870/97/537
f 13871/89/538 13873/99/538 13874/100/538 13872/98/538
f 13873/99/539 13875/101/539 13876/102/539 13874/100/539
f 13875/101/540 13877/103/540 13878/104/540 13876/102/540
f 13877/103/541 13879/105/541 13880/106/541 13878/104/541
f 13879/105/542 13881/3/542 13882/54/542 13880/106/542
f 13881/3/543 13883/107/543 13884/108/543 13882/54/543
f 13883/107/544 13885/109/544 13886/110/544 13884/108/544
f 13885/109/545 13887/111/545 13888/112/545 13886/110/545
f 13887/111/546 13889/113/546 13890/114/546 13888/112/546
f 13889/113/547 13891/115/547 13892/116/547 13890/114/547
f 13891/115/548 13893/117/548 13894/118/548 13892/116/548
f 13893/117/549 13895/119/549 13896/120/549 13894/118/549
f 13895/119/550 13865/121/550 13868/122/550 13896/120/550
f 13913/4/535 13914/35/535 13915/95/535 13916/96/535
f 13914/35/536 13917/79/536 13918/97/536 13915/95/536
f 13917/79/537 13919/89/537 13920/98/537 13918/97/537
f 13919/89/538 13921/99/538 13922/100/538 13920/98/538
f 13921/99/539 13923/101/539 13924/102/539 13922/100/539
f 13923/101/540 13925/103/540 13926/104/540 13924/102/540
f 13925/103/541 13927/105/541 13928/106/541 13926/104/541
f 13927/105/542 13929/3/542 13930/54/542 13928/106/542
f 13929/3/543 13931/107/543 13932/108/543 13930/54/543
f 13931/107/544 13933/109/544 13934/110/544 13932/108/544
f 13933/109/545 13935/111/545 13936/112/545 13934/110/545
f 13935/111/546 13937/113/546 13938/114/546 13936/112/546
f 13937/113/547 13939/115/547 13940/116/547 13938/114/547
f 13939/115/548 13941/117/548 13942/118/548 13940/116/548
f 13941/117/549 13943/119/549 13944/120/549 13942/118/549
f 13943/119/550 13913/121/550 13916/122/550 13944/120/550
f 13961/4/535 13962/35/535 13963/95/535 13964/96/535
f 13962/35/536 13965/79/536 13966/97/536 13963/95/536
f 13965/79/537 13967/89/537 13968/98/537 13966/97/537
f 13967/89/538 13969/99/538 13970/100/538 13968/98/538
f 13969/99/539 13971/101/539 13972/102/539 13970/100/539
f 13971/101/540 13973/103/540 13974/104/540 13972/102/540
f 13973/103/541 13975/105/541 13976/106/541 13974/104/541
f 13975/105/542 13977/3/542 13978/54/542 13976/106/542
f 13977/3/543 13979/107/543 13980/108/543 13978/54/543
f 13979/107/544 13981/109/544 13982/110/544 13980/108/544
f 13981/109/545 13983/111/545 13984/112/545 13982/110/545
f 13983/111/546 13985/113/546 13986/114/546 13984/112/546
f 13985/113/547 13987/115/547 13988/116/547 13986/114/547
f 13987/115/548 13989/117/548 13990/118/548 13988/116/548
f 13989/117/549 13991/119/549 13992/120/549 13990/118/549
f 13991/119/550 13961/121/550 13964/122/550 13992/120/550
f 14009/4/535 14010/35/535 14011/95/535 14012/96/535
f 14010/35/536 14013/79/536 14014/97/536 14011/95/536
f 14013/79/537 14015/89/537 14016/98/537 14014/97/537
f 14015/89/538 14017/99/538 14018/100/538 14016/98/538
f 14017/99/539 14019/101/539 14020/102/539 14018/100/539
f 14019/101/540 14021/103/540 14022/104/540 14020/102/540
f 14021/103/541 14023/105/541 14024/106/541 14022/104/541
f 14023/105/542 14025/3/542 14026/54/542 14024/106/542
f 14025/3/543 14027/107/543 14028/108/543 14026/54/543
f 14027/107/544 14029/109/544 14030/110/544 14028/108/544
f 14029/109/545 14031/111/545 14032/112/545 14030/110/545
f 14031/111/546 14033/113/546 14034/114/546 14032/112/546
f 14033/113/547 14035/115/547 14036/116/547 14034/114/547
f 14035/115/548 14037/117/548 14038/118/548 14036/116/548
f 14037/117/549 14039/119/549 14040/120/549 14038/118/549
f 14039/119/550 14009/121/550 14012/122/550 14040/120/550
f 14057/4/535 14058/35/535 14059/95/535 14060/96/535
f 14058/35/536 14061/79/536 14062/97/536 14059/95/536
f 14061/79/537 14063/89/537 14064/98/537 14062/97/537
f 14063/89/538 14065/99/538 14066/100/538 14064/98/538
f 14065/99/539 14067/101/539 14068/102/539 14066/100/539
f 14067/101/540 14069/103/540 14070/104/540 14068/102/540
f 14069/103/541 14071/105/541 14072/106/541 14070/104/541
f 14071/105/542 14073/3/542 14074/54/542 14072/106/542
f 14073/3/543 14075/107/543 14076/108/543 14074/54/543
f 14075/107/544 14077/109/544 14078/110/544 14076/108/544
f 14077/109/545 14079/111/545 14080/112/545 14078/110/545
f 14079/111/546 14081/113/546 14082/114/546 14080/112/546
f 14081/113/547 14083/115/547 14084/116/547 14082/114/547
f 14083/115/548 14085/117/548 14086/118/548 14084/116/548
f 14085/117/549 14087/119/549 14088/120/549 14086/118/549
f 14087/119/550 14057/121/550 14060/122/550 14088/120/550
f 14105/4/535 14106/35/535 14107/95/535 14108/96/535
f 14106/35/536 14109/79/536 14110/97/536 14107/95/536
f 14109/79/537 14111/89/537 14112/98/537 14110/97/537
f 14111/89/538 14113/99/538 14114/100/538 14112/98/538
f 14113/99/539 14115/101/539 14116/102/539 14114/100/539
f 14115/101/540 14117/103/540 14118/104/540 14116/102/540
f 14117/103/541 14119/105/541 14120/106/541 14118/104/541
f 14119/105/542 14121/3/542 14122/54/542 14120/106/542
f 14121/3/543 14123/107/543 14124/108/543 14122/54/543
f 14123/107/544 14125/109/544 14126/110/544 14124/108/544
f 14125/109/545 14127/111/545 14128/112/545 14126/110/545
f 14127/111/546 14129/113/546 14130/114/546 14128/112/546
f 14129/113/547 14131/115/547 14132/116/547 14130/114/547
f 14131/115/548 14133/117/548 14134/118/548 14132/116/548
f 14133/117/549 14135/119/549 14136/120/549 14134/118/549
f 14135/119/550 14105/121/550 14108/122/550 14136/120/550
f 14153/4/535 14154/35/535 14155/95/535 14156/96/535
f 14154/35/536 14157/79/536 14158/97/536 14155/95/536
f 14157/79/537 14159/89/537 14160/98/537 14158/97/537
f 14159/89/538 14161/99/538 14162/100/538 14160/98/538
f 14161/99/539 14163/101/539 14164/102/539 14162/100/539
f 14163/101/540 14165/103/540 14166/104/540 14164/102/540
f 14165/103/541 14167/105/541 14168/106/541 14166/104/541
f 14167/105/542 14169/3/542 14170/54/542 14168/106/542
f 14169/3/543 14171/107/543 14172/108/543 14170/54/543
f 14171/107/544 14173/109/544 14174/110/544 14172/108/544
f 14173/109/545 14175/111/545 14176/112/545 14174/110/545
f 14175/111/546 14177/113/546 14178/114/546 14176/112/546
f 14177/113/547 14179/115/547 14180/116/547 14178/114/547
f 14179/115/548 14181/117/548 14182/118/548 14180/116/548
f 14181/117/549 14183/119/549 14184/120/549 14182/118/549
f 14183/119/550 14153/121/550 14156/122/550 14184/120/550
o string_6
usemtl steel
f 12481/4/551 12482/25/551 12483/123/551 12484/92/551
f 12482/25/552 12485/11/552 12486/124/552 12483/123/552
f 12485/11/553 12487/39/553 12488/125/553 12486/124/553
f 12487/39/554 12489/17/554 12490/126/554 12488/125/554
f 12489/17/555 12491/79/555 12492/127/555 12490/126/555
f 12491/79/556 12493/83/556 12494/128/556 12492/127/556
f 12493/83/557 12495/87/557 12496/129/557 12494/128/557
f 12495/87/558 12497/91/558 12498/130/558 12496/129/558
f 12497/91/559 12499/131/559 12500/132/559 12498/130/559
f 12499/131/560 12501/99/560 12502/133/560 12500/132/560
f 12501/99/561 12503/134/561 12504/135/561 12502/133/561
f 12503/134/562 12505/64/562 12506/136/562 12504/135/562
f 12505/64/563 12507/137/563 12508/138/563 12506/136/563
f 12507/137/564 12509/139/564 12510/140/564 12508/138/564
f 12509/139/565 12511/103/565 12512/141/565 12510/140/565
f 12511/103/566 12481/94/566 12484/93/566 12512/141/566
f 12545/4/551 12546/25/551 12482/123/551 12481/92/551
f 12546/25/552 12547/11/552 12485/124/552 12482/123/552
f 12547/11/553 12548/39/553 12487/125/553 12485/124/553
f 12548/39/554 12549/17/554 12489/126/554 12487/125/554
f 12549/17/555 12550/79/555 12491/127/555 12489/126/555
f 12550/79/556 12551/83/556 12493/128/556 12491/127/556
f 12551/83/557 12552/87/557 12495/129/557 12493/128/557
f 12552/87/558 12553/91/558 12497/130/558 12495/129/558
f 12553/91/559 12554/131/559 12499/132/559 12497/130/559
f 12554/131/560 12555/99/560 12501/133/560 12499/132/560
f 12555/99/561 12556/134/561 12503/135/561 12501/133/561
f 12556/134/562 12557/64/562 12505/136/562 12503/135/562
f 12557/64/563 12558/137/563 12507/138/563 12505/136/563
f 12558/137/564 12559/139/564 12509/140/564 12507/138/564
f 12559/139/565 12560/103/565 12511/141/565 12509/140/565
f 12560/103/566 12545/94/566 12481/93/566 12511/141/566
f 12593/4/551 12594/25/551 12546/123/551 12545/92/551
f 12594/25/552 12595/11/552 12547/124/552 12546/123/552
f 12595/11/553 12596/39/553 12548/125/553 12547/124/553
f 12596/39/554 12597/17/554 12549/126/554 12548/125/554
f 12597/17/555 12598/79/555 12550/127/555 12549/126/555
f 12598/79/556 12599/83/556 12551/128/556 12550/127/556
f 12599/83/557 12600/87/557 12552/129/557 12551/128/557
f 12600/87/558 12601/91/558 12553/130/558 12552/129/558
f 12601/91/559 12602/131/559 12554/132/559 12553/130/559
f 12602/131/560 12603/99/560 12555/133/560 12554/132/560
f 12603/99/561 12604/134/561 12556/135/561 12555/133/561
f 12604/134/562 12605/64/562 12557/136/562 12556/135/562
f 12605/64/563 12606/137/563 12558/138/563 12557/136/563
f 12606/137/564 12607/139/564 12559/140/564 12558/138/564
f 12607/139/565 12608/103/565 12560/141/565 12559/140/565
f 12608/103/566 12593/94/566 12545/93/566 12560/141/566
f 12641/4/551 12642/25/551 12594/123/551 12593/92/551
f 12642/25/552 12643/11/552 12595/124/552 12594/123/552
f 12643/11/553 12644/39/553 12596/125/553 12595/124/553
f 12644/39/554 12645/17/554 12597/126/554 12596/125/554
f 12645/17/555 12646/79/555 12598/127/555 12597/126/555
f 12646/79/556 12647/83/556 12599/128/556 12598/127/556
f 12647/83/557 12648/87/557 12600/129/557 12599/128/557
f 12648/87/558 12649/91/558 12601/130/558 12600/129/558
f 12649/91/559 12650/131/559 12602/132/559 12601/130/559
f 12650/131/560 12651/99/560 12603/133/560 12602/132/560
f 12651/99/561 12652/134/561 12604/135/561 12603/133/561
f 12652/134/562 12653/64/562 12605/136/562 12604/135/562
f 12653/64/563 12654/137/563 12606/138/563 12605/136/563
f 12654/137/564 12655/139/564 12607/140/564 12606/138/564
f 12655/139/565 12656/103/565 12608/141/565 12607/140/565
f 12656/103/566 12641/94/566 12593/93/566 12608/141/566
f 12689/4/551 12690/25/551 12642/123/551 12641/92/551
f 12690/25/552 12691/11/552 12643/124/552 12642/123/552
f 12691/11/553 12692/39/553 12644/125/553 12643/124/553
f 12692/39/554 12693/17/554 12645/126/554 12644/125/554
f 12693/17/555 12694/79/555 12646/127/555 12645/126/555
f 12694/79/556 12695/83/556 12647/128/556 12646/127/556
f 12695/83/557 12696/87/557 12648/129/557 12647/128/557
f 12696/87/558 12697/91/558 12649/130/558 12648/129/558
f 12697/91/559 12698/131/559 12650/132/559 12649/130/559
f 12698/131/560 12699/99/560 12651/133/560 12650/132/560
f 12699/99/561 12700/134/561 12652/135/561 12651/133/561
f 12700/134/562 12701/64/562 12653/136/562 12652/135/562
f 12701/64/563 12702/137/563 12654/138/563 12653/136/563
f 12702/137/564 12703/139/564 12655/140/564 12654/138/564
f 12703/139/565 12704/103/565 12656/141/565 12655/140/565
f 12704/103/566 12689/94/566 12641/93/566 12656/141/566
f 12737/4/551 12738/25/551 12690/123/551 12689/92/551
f 12738/25/552 12739/11/552 12691/124/552 12690/123/552
f 12739/11/553 12740/39/553 12692/125/553 12691/124/553
f 12740/39/554 12741/17/554 12693/126/554 12692/125/554
f 12741/17/555 12742/79/555 12694/127/555 12693/126/555
f 12742/79/556 12743/83/556 12695/128/556 12694/127/556
f 12743/83/557 12744/87/557 12696/129/557 12695/128/557
f 12744/87/558 12745/91/558 12697/130/558 12696/129/558
f 12745/91/559 12746/131/559 12698/132/559 12697/130/559
f 12746/131/560 12747/99/560 12699/133/560 12698/132/560
f 12747/99/561 12748/134/561 12700/135/561 12699/133/561
f 12748/134/562 12749/64/562 12701/136/562 12700/135/562
f 12749/64/563 12750/137/563 12702/138/563 12701/136/563
f 12750/137/564 12751/139/564 12703/140/564 12702/138/564
f 12751/139/565 12752/103/565 12704/141/565 12703/140/565
f 12752/103/566 12737/94/566 12689/93/566 12704/141/566
f 12785/4/551 12786/25/551 12738/123/551 12737/92/551
f 12786/25/552 12787/11/552 12739/124/552 12738/123/552
f 12787/11/553 12788/39/553 12740/125/553 12739/124/553
f 12788/39/554 12789/17/554 12741/126/554 12740/125/554
f 12789/17/555 12790/79/555 12742/127/555 12741/126/555
f 12790/79/556 12791/83/556 12743/128/556 12742/127/556
f 12791/83/557 12792/87/557 12744/129/557 12743/128/557
f 12792/87/558 12793/91/558 12745/130/558 12744/129/558
f 12793/91/559 12794/131/559 12746/132/559 12745/130/559
f 12794/131/560 12795/99/560 12747/133/560 12746/132/560
f 12795/99/561 12796/134/561 12748/135/561 12747/133/561
f 12796/134/562 12797/64/562 12749/136/562 12748/135/562
f 12797/64/563 12798/137/563 12750/138/563 12749/136/563
f 12798/137/564 12799/139/564 12751/140/564 12750/138/564
f 12799/139/565 12800/103/565 12752/141/565 12751/140/565
f 12800/103/566 12785/94/566 12737/93/566 12752/141/566
f 12833/4/551 12834/25/551 12786/123/551 12785/92/551
f 12834/25/552 12835/11/552 12787/124/552 12786/123/552
f 12835/11/553 12836/39/553 12788/125/553 12787/124/553
f 12836/39/554 12837/17/554 12789/126/554 12788/125/554
f 12837/17/555 12838/79/555 12790/127/555 12789/126/555
f 12838/79/556 12839/83/556 12791/128/556 12790/127/556
f 12839/83/557 12840/87/557 12792/129/557 12791/128/557
f 12840/87/558 12841/91/558 12793/130/558 12792/129/558
f 12841/91/559 12842/131/559 12794/132/559 12793/130/559
f 12842/131/560 12843/99/560 12795/133/560 12794/132/560
f 12843/99/561 12844/134/561 12796/135/561 12795/133/561
f 12844/134/562 12845/64/562 12797/136/562 12796/135/562
f 12845/64/563 12846/137/563 12798/138/563 12797/136/563
f 12846/137/564 12847/139/564 12799/140/564 12798/138/564
f 12847/139/565 12848/103/565 12800/141/565 12799/140/565
f 12848/103/566 12833/94/566 12785/93/566 12800/141/566
f 12881/4/551 12882/25/551 12834/123/551 12833/92/551
f 12882/25/552 12883/11/552 12835/124/552 12834/123/552
f 12883/11/553 12884/39/553 12836/125/553 12835/124/553
f 12884/39/554 12885/17/554 12837/126/554 12836/125/554
f 12885/17/555 12886/79/555 12838/127/555 12837/126/555
f 12886/79/556 12887/83/556 12839/128/556 12838/127/556
f 12887/83/557 12888/87/557 12840/129/557 12839/128/557
f 12888/87/558 12889/91/558 12841/130/558 12840/129/558
f 12889/91/559 12890/131/559 12842/132/559 12841/130/559
f 12890/131/560 12891/99/560 12843/133/560 12842/132/560
f 12891/99/561 12892/134/561 12844/135/561 12843/133/561
f 12892/134/562 12893/64/562 12845/136/562 12844/135/562
f 12893/64/563 12894/137/563 12846/138/563 12845/136/563
f 12894/137/564 12895/139/564 12847/140/564 12846/138/564
f 12895/139/565 12896/103/565 12848/141/565 12847/140/565
f 12896/103/566 12881/94/566 12833/93/566 12848/141/566
f 12929/4/551 12930/25/551 12882/123/551 12881/92/551
f 12930/25/552 12931/11/552 12883/124/552 12882/123/552
f 12931/11/553 12932/39/553 12884/125/553 12883/124/553
f 12932/39/554 12933/17/554 12885/126/554 12884/125/554
f 12933/17/555 12934/79/555 12886/127/555 12885/126/555
f 12934/79/556 12935/83/556 12887/128/556 12886/127/556
f 12935/83/557 12936/87/557 12888/129/557 12887/128/557
f 12936/87/558 12937/91/558 12889/130/558 12888/129/558
f 12937/91/559 12938/131/559 12890/132/559 12889/130/559
f 12938/131/560 12939/99/560 12891/133/560 12890/132/560
f 12939/99/561 12940/134/561 12892/135/561 12891/133/561
f 12940/134/562 12941/64/562 12893/136/562 12892/135/562
f 12941/64/563 12942/137/563 12894/138/563 12893/136/563
f 12942/137/564 12943/139/564 12895/140/564 12894/138/564
f 12943/139/565 12944/103/565 12896/141/565 12895/140/565
f 12944/103/566 12929/94/566 12881/93/566 12896/141/566
f 12977/4/551 12978/25/551 12930/123/551 12929/92/551
f 12978/25/552 12979/11/552 12931/124/552 12930/123/552
f 12979/11/553 12980/39/553 12932/125/553 12931/124/553
f 12980/39/554 12981/17/554 12933/126/554 12932/125/554
f 12981/17/555 12982/79/555 12934/127/555 12933/126/555
f 12982/79/556 12983/83/556 12935/128/556 12934/127/556
f 12983/83/557 12984/87/557 12936/129/557 12935/128/557
f 12984/87/558 12985/91/558 12937/130/558 12936/129/558
f 12985/91/559 12986/131/559 12938/132/559 12937/130/559
f 12986/131/560 12987/99/560 12939/133/560 12938/132/560
f 12987/99/561 12988/134/561 12940/135/561 12939/133/561
f 12988/134/562 12989/64/562 12941/136/562 12940/135/562
f 12989/64/563 12990/137/563 12942/138/563 12941/136/563
f 12990/137/564 12991/139/564 12943/140/564 12942/138/564
f 12991/139/565 12992/103/565 12944/141/565 12943/140/565
f 12992/103/566 12977/94/566 12929/93/566 12944/141/566
f 13025/4/551 13026/25/551 12978/123/551 12977/92/551
f 13026/25/552 13027/11/552 12979/124/552 12978/123/552
f 13027/11/553 13028/39/553 12980/125/553 12979/124/553
f 13028/39/554 13029/17/554 12981/126/554 12980/125/554
f 13029/17/555 13030/79/555 12982/127/555 12981/126/555
f 13030/79/556 13031/83/556 12983/128/556 12982/127/556
f 13031/83/557 13032/87/557 12984/129/557 12983/128/557
f 13032/87/558 13033/91/558 12985/130/558 12984/129/558
f 13033/91/559 13034/131/559 12986/132/559 12985/130/559
f 13034/131/560 13035/99/560 12987/133/560 12986/132/560
f 13035/99/561 13036/134/561 12988/135/561 12987/133/561
f 13036/134/562 13037/64/562 12989/136/562 12988/135/562
f 13037/64/563 13038/137/563 12990/138/563 12989/136/563
f 13038/137/564 13039/139/564 12991/140/564 12990/138/564
f 13039/139/565 13040/103/565 12992/141/565 12991/140/565
f 13040/103/566 13025/94/566 12977/93/566 12992/141/566
f 13073/4/551 13074/25/551 13026/123/551 13025/92/551
f 13074/25/552 13075/11/552 13027/124/552 13026/123/552
f 13075/11/553 13076/39/553 13028/125/553 13027/124/553
f 13076/39/554 13077/17/554 13029/126/554 13028/125/554
f 13077/17/555 13078/79/555 13030/127/555 13029/126/555
f 13078/79/556 13079/83/556 13031/128/556 13030/127/556
f 13079/83/557 13080/87/557 13032/129/557 13031/128/557
f 13080/87/558 13081/91/558 13033/130/558 13032/129/558
f 13081/91/559 13082/131/559 13034/132/559 13033/130/559
f 13082/131/560 13083/99/560 13035/133/560 13034/132/560
f 13083/99/561 13084/134/561 13036/135/561 13035/133/561
f 13084/134/562 13085/64/562 13037/136/562 13036/135/562
f 13085/64/563 13086/137/563 13038/138/563 13037/136/563
f 13086/137/564 13087/139/564 13039/140/564 13038/138/564
f 13087/139/565 13088/103/565 13040/141/565 13039/140/565
f 13088/103/566 13073/94/566 13025/93/566 13040/141/566
f 13121/4/551 13122/25/551 13074/123/551 13073/92/551
f 13122/25/552 13123/11/552 13075/124/552 13074/123/552
f 13123/11/553 13124/39/553 13076/125/553 13075/124/553
f 13124/39/554 13125/17/554 13077/126/554 13076/125/554
f 13125/17/555 13126/79/555 13078/127/555 13077/126/555
f 13126/79/556 13127/83/556 13079/128/556 13078/127/556
f 13127/83/557 13128/87/557 13080/129/557 13079/128/557
f 13128/87/558 13129/91/558 13081/130/558 13080/129/558
f 13129/91/559 13130/131/559 13082/132/559 13081/130/559
f 13130/131/560 13131/99/560 13083/133/560 13082/132/560
f 13131/99/561 13132/134/561 13084/135/561 13083/133/561
f 13132/134/562 13133/64/562 13085/136/562 13084/135/562
f 13133/64/563 13134/137/563 13086/138/563 13085/136/563
f 13134/137/564 13135/139/564 13087/140/564 13086/138/564
f 13135/139/565 13136/103/565 13088/141/565 13087/140/565
f 13136/103/566 13121/94/566 13073/93/566 13088/141/566
f 13169/4/551 13170/25/551 13122/123/551 13121/92/551
f 13170/25/552 13171/11/552 13123/124/552 13122/123/552
f 13171/11/553 13172/39/553 13124/125/553 13123/124/553
f 13172/39/554 13173/17/554 13125/126/554 13124/125/554
f 13173/17/555 13174/79/555 13126/127/555 13125/126/555
f 13174/79/556 13175/83/556 13127/128/556 13126/127/556
f 13175/83/557 13176/87/557 13128/129/557 13127/128/557
f 13176/87/558 13177/91/558 13129/130/558 13128/129/558
f 13177/91/559 13178/131/559 13130/132/559 13129/130/559
f 13178/131/560 13179/99/560 13131/133/560 13130/132/560
f 13179/99/561 13180/134/561 13132/135/561 13131/133/561
f 13180/134/562 13181/64/562 13133/136/562 13132/135/562
f 13181/64/563 13182/137/563 13134/138/563 13133/136/563
f 13182/137/564 13183/139/564 13135/140/564 13134/138/564
f 13183/139/565 13184/103/565 13136/141/565 13135/140/565
f 13184/103/566 13169/94/566 13121/93/566 13136/141/566
f 13217/4/551 13218/25/551 13170/123/551 13169/92/551
f 13218/25/552 13219/11/552 13171/124/552 13170/123/552
f 13219/11/553 13220/39/553 13172/125/553 13171/124/553
f 13220/39/554 13221/17/554 13173/126/554 13172/125/554
f 13221/17/555 13222/79/555 13174/127/555 13173/126/555
f 13222/79/556 13223/83/556 13175/128/556 13174/127/556
f 13223/83/557 13224/87/557 13176/129/557 13175/128/557
f 13224/87/558 13225/91/558 13177/130/558 13176/129/558
f 13225/91/559 13226/131/559 13178/132/559 13177/130/559
f 13226/131/560 13227/99/560 13179/133/560 13178/132/560
f 13227/99/561 13228/134/561 13180/135/561 13179/133/561
f 13228/134/562 13229/64/562 13181/136/562 13180/135/562
f 13229/64/563 13230/137/563 13182/138/563 13181/136/563
f 13230/137/564 13231/139/564 13183/140/564 13182/138/564
f 13231/139/565 13232/103/565 13184/141/565 13183/140/565
f 13232/103/566 13217/94/566 13169/93/566 13184/141/566
f 13265/4/551 13266/25/551 13218/123/551 13217/92/551
f 13266/25/552 13267/11/552 13219/124/552 13218/123/552
f 13267/11/553 13268/39/553 13220/125/553 13219/124/553
f 13268/39/554 13269/17/554 13221/126/554 13220/125/554
f 13269/17/555 13270/79/555 13222/127/555 13221/126/555
f 13270/79/556 13271/83/556 13223/128/556 13222/127/556
f 13271/83/557 13272/87/557 13224/129/557 13223/128/557
f 13272/87/558 13273/91/558 13225/130/558 13224/129/558
f 13273/91/559 13274/131/559 13226/132/559 13225/130/559
f 13274/131/560 13275/99/560 13227/133/560 13226/132/560
f 13275/99/561 13276/134/561 13228/135/561 13227/133/561
f 13276/134/562 13277/64/562 13229/136/562 13228/135/562
f 13277/64/563 13278/137/563 13230/138/563 13229/136/563
f 13278/137/564 13279/139/564 13231/140/564 13230/138/564
f 13279/139/565 13280/103/565 13232/141/565 13231/140/565
f 13280/103/566 13265/94/566 13217/93/566 13232/141/566
f 13313/4/551 13314/25/551 13266/123/551 13265/92/551
f 13314/25/552 13315/11/552 13267/124/552 13266/123/552
f 13315/11/553 13316/39/553 13268/125/553 13267/124/553
f 13316/39/554 13317/17/554 13269/126/554 13268/125/554
f 13317/17/555 13318/79/555 13270/127/555 13269/126/555
f 13318/79/556 13319/83/556 13271/128/556 13270/127/556
f 13319/83/557 13320/87/557 13272/129/557 13271/128/557
f 13320/87/558 13321/91/558 13273/130/558 13272/129/558
f 13321/91/559 13322/131/559 13274/132/559 13273/130/559
f 13322/131/560 13323/99/560 13275/133/560 13274/132/560
f 13323/99/561 13324/134/561 13276/135/561 13275/133/561
f 13324/134/562 13325/64/562 13277/136/562 13276/135/562
f 13325/64/563 13326/137/563 13278/138/563 13277/136/563
f 13326/137/564 13327/139/564 13279/140/564 13278/138/564
f 13327/139/565 13328/103/565 13280/141/565 13279/140/565
f 13328/103/566 13313/94/566 13265/93/566 13280/141/566
f 12484/4/551 12483/25/551 13369/123/551 13370/92/551
f 12483/25/552 12486/11/552 13371/124/552 13369/123/552
f 12486/11/553 12488/39/553 13372/125/553 13371/124/553
f 12488/39/554 12490/17/554 13373/126/554 13372/125/554
f 12490/17/555 12492/79/555 13374/127/555 13373/126/555
f 12492/79/556 12494/83/556 13375/128/556 13374/127/556
f 12494/83/557 12496/87/557 13376/129/557 13375/128/557
f 12496/87/558 12498/91/558 13377/130/558 13376/129/558
f 12498/91/559 12500/131/559 13378/132/559 13377/130/559
f 12500/131/560 12502/99/560 13379/133/560 13378/132/560
f 12502/99/561 12504/134/561 13380/135/561 13379/133/561
f 12504/134/562 12506/64/562 13381/136/562 13380/135/562
f 12506/64/563 12508/137/563 13382/138/563 13381/136/563
f 12508/137/564 12510/139/564 13383/140/564 13382/138/564
f 12510/139/565 12512/103/565 13384/141/565 13383/140/565
f 12512/103/566 12484/94/566 13370/93/566 13384/141/566
f 13370/4/551 13369/25/551 13417/123/551 13418/92/551
f 13369/25/552 13371/11/552 13419/124/552 13417/123/552
f 13371/11/553 13372/39/553 13420/125/553 13419/124/553
f 13372/39/554 13373/17/554 13421/126/554 13420/125/554
f 13373/17/555 13374/79/555 13422/127/555 13421/126/555
f 13374/79/556 13375/83/556 13423/128/556 13422/127/556
f 13375/83/557 13376/87/557 13424/129/557 13423/128/557
f 13376/87/558 13377/91/558 13425/130/558 13424/129/558
f 13377/91/559 13378/131/559 13426/132/559 13425/130/559
f 13378/131/560 13379/99/560 13427/133/560 13426/132/560
f 13379/99/561 13380/134/561 13428/135/561 13427/133/561
f 13380/134/562 13381/64/562 13429/136/562 13428/135/562
f 13381/64/563 13382/137/563 13430/138/563 13429/136/563
f 13382/137/564 13383/139/564 13431/140/564 13430/138/564
f 13383/139/565 13384/103/565 13432/141/565 13431/140/565
f 13384/103/566 13370/94/566 13418/93/566 13432/141/566
f 13418/4/551 13417/25/551 13465/123/551 13466/92/551
f 13417/25/552 13419/11/552 13467/124/552 13465/123/552
f 13419/11/553 13420/39/553 13468/125/553 13467/124/553
f 13420/39/554 13421/17/554 13469/126/554 13468/125/554
f 13421/17/555 13422/79/555 13470/127/555 13469/126/555
f 13422/79/556 13423/83/556 13471/128/556 13470/127/556
f 13423/83/557 13424/87/557 13472/129/557 13471/128/557
f 13424/87/558 13425/91/558 13473/130/558 13472/129/558
f 13425/91/559 13426/131/559 13474/132/559 13473/130/559
f 13426/131/560 13427/99/560 13475/133/560 13474/132/560
f 13427/99/561 13428/134/561 13476/135/561 13475/133/561
f 13428/134/562 13429/64/562 13477/136/562 13476/135/562
f 13429/64/563 13430/137/563 13478/138/563 13477/136/563
f 13430/137/564 13431/139/564 13479/140/564 13478/138/564
f 13431/139/565 13432/103/565 13480/141/565 13479/140/565
f 13432/103/566 13418/94/566 13466/93/566 13480/141/566
f 13466/4/551 13465/25/551 13513/123/551 13514/92/551
f 13465/25/552 13467/11/552 13515/124/552 13513/123/552
f 13467/11/553 13468/39/553 13516/125/553 13515/124/553
f 13468/39/554 13469/17/554 13517/126/554 13516/125/554
f 13469/17/555 13470/79/555 13518/127/555 13517/126/555
f 13470/79/556 13471/83/556 13519/128/556 13518/127/556
f 13471/83/557 13472/87/557 13520/129/557 13519/128/557
f 13472/87/558 13473/91/558 13521/130/558 13520/129/558
f 13473/91/559 13474/131/559 13522/132/559 13521/130/559
f 13474/131/560 13475/99/560 13523/133/560 13522/132/560
f 13475/99/561 13476/134/561 13524/135/561 13523/133/561
f 13476/134/562 13477/64/562 13525/136/562 13524/135/562
f 13477/64/563 13478/137/563 13526/138/563 13525/136/563
f 13478/137/564 13479/139/564 13527/140/564 13526/138/564
f 13479/139/565 13480/103/565 13528/141/565 13527/140/565
f 13480/103/566 13466/94/566 13514/93/566 13528/141/566
f 13514/4/551 13513/25/551 13561/123/551 13562/92/551
f 13513/25/552 13515/11/552 13563/124/552 13561/123/552
f 13515/11/553 13516/39/553 13564/125/553 13563/124/553
f 13516/39/554 13517/17/554 13565/126/554 13564/125/554
f 13517/17/555 13518/79/555 13566/127/555 13565/126/555
f 13518/79/556 13519/83/556 13567/128/556 13566/127/556
f 13519/83/557 13520/87/557 13568/129/557 13567/128/557
f 13520/87/558 13521/91/558 13569/130/558 13568/129/558
f 13521/91/559 13522/131/559 13570/132/559 13569/130/559
f 13522/131/560 13523/99/560 13571/133/560 13570/132/560
f 13523/99/561 13524/134/561 13572/135/561 13571/133/561
f 13524/134/562 13525/64/562 13573/136/562 13572/135/562
f 13525/64/563 13526/137/563 13574/138/563 13573/136/563
f 13526/137/564 13527/139/564 13575/140/564 13574/138/564
f 13527/139/565 13528/103/565 13576/141/565 13575/140/565
f 13528/103/566 13514/94/566 13562/93/566 13576/141/566
f 13562/4/551 13561/25/551 13609/123/551 13610/92/551
f 13561/25/552 13563/11/552 13611/124/552 13609/123/552
f 13563/11/553 13564/39/553 13612/125/553 13611/124/553
f 13564/39/554 13565/17/554 13613/126/554 13612/125/554
f 13565/17/555 13566/79/555 13614/127/555 13613/126/555
f 13566/79/556 13567/83/556 13615/128/556 13614/127/556
f 13567/83/557 13568/87/557 13616/129/557 13615/128/557
f 13568/87/558 13569/91/558 13617/130/558 13616/129/558
f 13569/91/559 13570/131/559 13618/132/559 13617/130/559
f 13570/131/560 13571/99/560 13619/133/560 13618/132/560
f 13571/99/561 13572/134/561 13620/135/561 13619/133/561
f 13572/134/562 13573/64/562 13621/136/562 13620/135/562
f 13573/64/563 13574/137/563 13622/138/563 13621/136/563
f 13574/137/564 13575/139/564 13623/140/564 13622/138/564
f 13575/139/565 13576/103/565 13624/141/565 13623/140/565
f 13576/103/566 13562/94/566 13610/93/566 13624/141/566
f 13610/4/551 13609/25/551 13657/123/551 13658/92/551
f 13609/25/552 13611/11/552 13659/124/552 13657/123/552
f 13611/11/553 13612/39/553 13660/125/553 13659/124/553
f 13612/39/554 13613/17/554 13661/126/554 13660/125/554
f 13613/17/555 13614/79/555 13662/127/555 13661/126/555
f 13614/79/556 13615/83/556 13663/128/556 13662/127/556
f 13615/83/557 13616/87/557 13664/129/557 13663/128/557
f 13616/87/558 13617/91/558 13665/130/558 13664/129/558
f 13617/91/559 13618/131/559 13666/132/559 13665/130/559
f 13618/131/560 13619/99/560 13667/133/560 13666/132/560
f 13619/99/561 13620/134/561 13668/135/561 13667/133/561
f 13620/134/562 13621/64/562 13669/136/562 13668/135/562
f 13621/64/563 13622/137/563 13670/138/563 13669/136/563
f 13622/137/564 13623/139/564 13671/140/564 13670/138/564
f 13623/139/565 13624/103/565 13672/141/565 13671/140/565
f 13624/103/566 13610/94/566 13658/93/566 13672/141/566
f 13658/4/551 13657/25/551 13705/123/551 13706/92/551
f 13657/25/552 13659/11/552 13707/124/552 13705/123/552
f 13659/11/553 13660/39/553 13708/125/553 13707/124/553
f 13660/39/554 13661/17/554 13709/126/554 13708/125/554
f 13661/17/555 13662/79/555 13710/127/555 13709/126/555
f 13662/79/556 13663/83/556 13711/128/556 13710/127/556
f 13663/83/557 13664/87/557 13712/129/557 13711/128/557
f 13664/87/558 13665/91/558 13713/130/558 13712/129/558
f 13665/91/559 13666/131/559 13714/132/559 13713/130/559
f 13666/131/560 13667/99/560 13715/133/560 13714/132/560
f 13667/99/561 13668/134/561 13716/135/561 13715/133/561
f 13668/134/562 13669/64/562 13717/136/562 13716/135/562
f 13669/64/563 13670/137/563 13718/138/563 13717/136/563
f 13670/137/564 13671/139/564 13719/140/564 13718/138/564
f 13671/139/565 13672/103/565 13720/141/565 13719/140/565
f 13672/103/566 13658/94/566 13706/93/566 13720/141/566
f 13706/4/551 13705/25/551 13753/123/551 13754/92/551
f 13705/25/552 13707/11/552 13755/124/552 13753/123/552
f 13707/11/553 13708/39/553 13756/125/553 13755/124/553
f 13708/39/554 13709/17/554 13757/126/554 13756/125/554
f 13709/17/555 13710/79/555 13758/127/555 13757/126/555
f 13710/79/556 13711/83/556 13759/128/556 13758/127/556
f 13711/83/557 13712/87/557 13760/129/557 13759/128/557
f 13712/87/558 13713/91/558 13761/130/558 13760/129/558
f 13713/91/559 13714/131/559 13762/132/559 13761/130/559
f 13714/131/560 13715/99/560 13763/133/560 13762/132/560
f 13715/99/561 13716/134/561 13764/135/561 13763/133/561
f 13716/134/562 13717/64/562 13765/136/562 13764/135/562
f 13717/64/563 13718/137/563 13766/138/563 13765/136/563
f 13718/137/564 13719/139/564 13767/140/564 13766/138/564
f 13719/139/565 13720/103/565 13768/141/565 13767/140/565
f 13720/103/566 13706/94/566 13754/93/566 13768/141/566
f 13754/4/551 13753/25/551 13801/123/551 13802/92/551
f 13753/25/552 13755/11/552 13803/124/552 13801/123/552
f 13755/11/553 13756/39/553 13804/125/553 13803/124/553
f 13756/39/554 13757/17/554 13805/126/554 13804/125/554
f 13757/17/555 13758/79/555 13806/127/555 13805/126/555
f 13758/79/556 13759/83/556 13807/128/556 13806/127/556
f 13759/83/557 13760/87/557 13808/129/557 13807/128/557
f 13760/87/558 13761/91/558 13809/130/558 13808/129/558
f 13761/91/559 13762/131/559 13810/132/559 13809/130/559
f 13762/131/560 13763/99/560 13811/133/560 13810/132/560
f 13763/99/561 13764/134/561 13812/135/561 13811/133/561
f 13764/134/562 13765/64/562 13813/136/562 13812/135/562
f 13765/64/563 13766/137/563 13814/138/563 13813/136/563
f 13766/137/564 13767/139/564 13815/140/564 13814/138/564
f 13767/139/565 13768/103/565 13816/141/565 13815/140/565
f 13768/103/566 13754/94/566 13802/93/566 13816/141/566
f 13802/4/551 13801/25/551 13849/123/551 13850/92/551
f 13801/25/552 13803/11/552 13851/124/552 13849/123/552
f 13803/11/553 13804/39/553 13852/125/553 13851/124/553
f 13804/39/554 13805/17/554 13853/126/554 13852/125/554
f 13805/17/555 13806/79/555 13854/127/555 13853/126/555
f 13806/79/556 13807/83/556 13855/128/556 13854/127/556
f 13807/83/557 13808/87/557 13856/129/557 13855/128/557
f 13808/87/558 13809/91/558 13857/130/558 13856/129/558
f 13809/91/559 13810/131/559 13858/132/559 13857/130/559
f 13810/131/560 13811/99/560 13859/133/560 13858/132/560
f 13811/99/561 13812/134/561 13860/135/561 13859/133/561
f 13812/134/562 13813/64/562 13861/136/562 13860/135/562
f 13813/64/563 13814/137/563 13862/138/563 13861/136/563
f 13814/137/564 13815/139/564 13863/140/564 13862/138/564
f 13815/139/565 13816/103/565 13864/141/565 13863/140/565
f 13816/103/566 13802/94/566 13850/93/566 13864/141/566
f 13850/4/551 13849/25/551 13897/123/551 13898/92/551
f 13849/25/552 13851/11/552 13899/124/552 13897/123/552
f 13851/11/553 13852/39/553 13900/125/553 13899/124/553
f 13852/39/554 13853/17/554 13901/126/554 13900/125/554
f 13853/17/555 13854/79/555 13902/127/555 13901/126/555
f 13854/79/556 13855/83/556 13903/128/556 13902/127/556
f 13855/83/557 13856/87/557 13904/129/557 13903/128/557
f 13856/87/558 13857/91/558 13905/130/558 13904/129/558
f 13857/91/559 13858/131/559 13906/132/559 13905/130/559
f 13858/131/560 13859/99/560 13907/133/560 13906/132/560
f 13859/99/561 13860/134/561 13908/135/561 13907/133/561
f 13860/134/562 13861/64/562 13909/136/562 13908/135/562
f 13861/64/563 13862/137/563 13910/138/563 13909/136/563
f 13862/137/564 13863/139/564 13911/140/564 13910/138/564
f 13863/139/565 13864/103/565 13912/141/565 13911/140/565
f 13864/103/566 13850/94/566 13898/93/566 13912/141/566
f 13898/4/551 13897/25/551 13945/123/551 13946/92/551
f 13897/25/552 13899/11/552 13947/124/552 13945/123/552
f 13899/11/553 13900/39/553 13948/125/553 13947/124/553
f 13900/39/554 13901/17/554 13949/126/554 13948/125/554
f 13901/17/555 13902/79/555 13950/127/555 13949/126/555
f 13902/79/556 13903/83/556 13951/128/556 13950/127/556
f 13903/83/557 13904/87/557 13952/129/557 13951/128/557
f 13904/87/558 13905/91/558 13953/130/558 13952/129/558
f 13905/91/559 13906/131/559 13954/132/559 13953/130/559
f 13906/131/560 13907/99/560 13955/133/560 13954/132/560
f 13907/99/561 13908/134/561 13956/135/561 13955/133/561
f 13908/134/562 13909/64/562 13957/136/562 13956/135/562
f 13909/64/563 13910/137/563 13958/138/563 13957/136/563
f 13910/137/564 13911/139/564 13959/140/564 13958/138/564
f 13911/139/565 13912/103/565 13960/141/565 13959/140/565
f 13912/103/566 13898/94/566 13946/93/566 13960/141/566
f 13946/4/551 13945/25/551 13993/123/551 13994/92/551
f 13945/25/552 13947/11/552 13995/124/552 13993/123/552
f 13947/11/553 13948/39/553 13996/125/553 13995/124/553
f 13948/39/554 13949/17/554 13997/126/554 13996/125/554
f 13949/17/555 13950/79/555 13998/127/555 13997/126/555
f 13950/79/556 13951/83/556 13999/128/556 13998/127/556
f 13951/83/557 13952/87/557 14000/129/557 13999/128/557
f 13952/87/558 13953/91/558 14001/130/558 14000/129/558
f 13953/91/559 13954/131/559 14002/132/559 14001/130/559
f 13954/131/560 13955/99/560 14003/133/560 14002/132/560
f 13955/99/561 13956/134/561 14004/135/561 14003/133/561
f 13956/134/562 13957/64/562 14005/136/562 14004/135/562
f 13957/64/563 13958/137/563 14006/138/563 14005/136/563
f 13958/137/564 13959/139/564 14007/140/564 14006/138/564
f 13959/139/565 13960/103/565 14008/141/565 14007/140/565
f 13960/103/566 13946/94/566 13994/93/566 14008/141/566
f 13994/4/551 13993/25/551 14041/123/551 14042/92/551
f 13993/25/552 13995/11/552 14043/124/552 14041/123/552
f 13995/11/553 13996/39/553 14044/125/553 14043/124/553
f 13996/39/554 13997/17/554 14045/126/554 14044/125/554
f 13997/17/555 13998/79/555 14046/127/555 14045/126/555
f 13998/79/556 13999/83/556 14047/128/556 14046/127/556
f 13999/83/557 14000/87/557 14048/129/557 14047/128/557
f 14000/87/558 14001/91/558 14049/130/558 14048/129/558
f 14001/91/559 14002/131/559 14050/132/559 14049/130/559
f 14002/131/560 14003/99/560 14051/133/560 14050/132/560
f 14003/99/561 14004/134/561 14052/135/561 14051/133/561
f 14004/134/562 14005/64/562 14053/136/562 14052/135/562
f 14005/64/563 14006/137/563 14054/138/563 14053/136/563
f 14006/137/564 14007/139/564 14055/140/564 14054/138/564
f 14007/139/565 14008/103/565 14056/141/565 14055/140/565
f 14008/103/566 13994/94/566 14042/93/566 14056/141/566
f 14042/4/551 14041/25/551 14089/123/551 14090/92/551
f 14041/25/552 14043/11/552 14091/124/552 14089/123/552
f 14043/11/553 14044/39/553 14092/125/553 14091/124/553
f 14044/39/554 14045/17/554 14093/126/554 14092/125/554
f 14045/17/555 14046/79/555 14094/127/555 14093/126/555
f 14046/79/556 14047/83/556 14095/128/556 14094/127/556
f 14047/83/557 14048/87/557 14096/129/557 14095/128/557
f 14048/87/558 14049/91/558 14097/130/558 14096/129/558
f 14049/91/559 14050/131/559 14098/132/559 14097/130/559
f 14050/131/560 14051/99/560 14099/133/560 14098/132/560
f 14051/99/561 14052/134/561 14100/135/561 14099/133/561
f 14052/134/562 14053/64/562 14101/136/562 14100/135/562
f 14053/64/563 14054/137/563 14102/138/563 14101/136/563
f 14054/137/564 14055/139/564 14103/140/564 14102/138/564
f 14055/139/565 14056/103/565 14104/141/565 14103/140/565
f 14056/103/566 14042/94/566 14090/93/566 14104/141/566
f 14090/4/551 14089/25/551 14137/123/551 14138/92/551
f 14089/25/552 14091/11/552 14139/124/552 14137/123/552
f 14091/11/553 14092/39/553 14140/125/553 14139/124/553
f 14092/39/554 14093/17/554 14141/126/554 14140/125/554
f 14093/17/555 14094/79/555 14142/127/555 14141/126/555
f 14094/79/556 14095/83/556 14143/128/556 14142/127/556
f 14095/83/557 14096/87/557 14144/129/557 14143/128/557
f 14096/87/558 14097/91/558 14145/130/558 14144/129/558
f 14097/91/559 14098/131/559 14146/132/559 14145/130/559
f 14098/131/560 14099/99/560 14147/133/560 14146/132/560
f 14099/99/561 14100/134/561 14148/135/561 14147/133/561
f 14100/134/562 14101/64/562 14149/136/562 14148/135/562
f 14101/64/563 14102/137/563 14150/138/563 14149/136/563
f 14102/137/564 14103/139/564 14151/140/564 14150/138/564
f 14103/139/565 14104/103/565 14152/141/565 14151/140/565
f 14104/103/566 14090/94/566 14138/93/566 14152/141/566
f 14138/4/551 14137/25/551 14185/123/551 14186/92/551
f 14137/25/552 14139/11/552 14187/124/552 14185/123/552
f 14139/11/553 14140/39/553 14188/125/553 14187/124/553
f 14140/39/554 14141/17/554 14189/126/554 14188/125/554
f 14141/17/555 14142/79/555 14190/127/555 14189/126/555
f 14142/79/556 14143/83/556 14191/128/556 14190/127/556
f 14143/83/557 14144/87/557 14192/129/557 14191/128/557
f 14144/87/558 14145/91/558 14193/130/558 14192/129/558
f 14145/91/559 14146/131/559 14194/132/559 14193/130/559
f 14146/131/560 14147/99/560 14195/133/560 14194/132/560
f 14147/99/561 14148/134/561 14196/135/561 14195/133/561
f 14148/134/562 14149/64/562 14197/136/562 14196/135/562
f 14149/64/563 14150/137/563 14198/138/563 14197/136/563
f 14150/137/564 14151/139/564 14199/140/564 14198/138/564
f 14151/139/565 14152/103/565 14200/141/565 14199/140/565
f 14152/103/566 14138/94/566 14186/93/566 14200/141/566
o clamp_6
usemtl steel
f 13329/67/1 13330/90/1 13331/91/1 13332/4/1
f 13333/4/2 13334/91/2 13335/90/2 13336/67/2
f 13336/90/3 13335/67/3 13330/4/3 13329/91/3
f 13334/90/4 13333/67/4 13332/4/4 13331/91/4
f 13333/90/5 13336/67/5 13329/4/5 13332/91/5
f 13335/90/6 13334/67/6 13331/4/6 13330/91/6
f 14201/67/1 14202/90/1 14203/91/1 14204/4/1
f 14205/4/2 14206/91/2 14207/90/2 14208/67/2
f 14208/90/3 14207/67/3 14202/4/3 14201/91/3
f 14206/90/4 14205/67/4 14204/4/4 14203/91/4
f 14205/90/5 14208/67/5 14201/4/5 14204/91/5
f 14207/90/6 14206/67/6 14203/4/6 14202/91/6
o jumper_6
usemtl conductor
f 14209/4/567 14210/35/567 14211/142/567 14212/143/567
f 14210/35/568 14213/79/568 14214/144/568 14211/142/568
f 14213/79/569 14215/89/569 14216/145/569 14214/144/569
f 14215/89/570 14217/99/570 14218/146/570 14216/145/570
f 14217/99/571 14219/101/571 14220/147/571 14218/146/571
f 14219/101/572 14221/103/572 14222/148/572 14220/147/572
f 14221/103/573 14223/105/573 14224/149/573 14222/148/573
f 14223/105/574 14225/3/574 14226/150/574 14224/149/574
f 14225/3/575 14227/107/575 14228/151/575 14226/150/575
f 14227/107/576 14229/109/576 14230/152/576 14228/151/576
f 14229/109/577 14231/111/577 14232/153/577 14230/152/577
f 14231/111/578 14233/113/578 14234/154/578 14232/153/578
f 14233/113/579 14235/115/579 14236/155/579 14234/154/579
f 14235/115/580 14237/117/580 14238/156/580 14236/155/580
f 14237/117/581 14239/119/581 14240/157/581 14238/156/581
f 14239/119/582 14209/121/582 14212/158/582 14240/157/582
f 14212/143/583 14211/142/583 14241/159/583 14242/160/583
f 14211/142/584 14214/144/584 14243/161/584 14241/159/584
f 14214/144/585 14216/145/585 14244/162/585 14243/161/585
f 14216/145/586 14218/146/586 14245/163/586 14244/162/586
f 14218/146/587 14220/147/587 14246/164/587 14245/163/587
f 14220/147/588 14222/148/588 14247/165/588 14246/164/588
f 14222/148/589 14224/149/589 14248/166/589 14247/165/589
f 14224/149/590 14226/150/590 14249/167/590 14248/166/590
f 14226/150/591 14228/151/591 14250/168/591 14249/167/591
f 14228/151/592 14230/152/592 14251/169/592 14250/168/592
f 14230/152/593 14232/153/593 14252/170/593 14251/169/593
f 14232/153/594 14234/154/594 14253/171/594 14252/170/594
f 14234/154/595 14236/155/595 14254/172/595 14253/171/595
f 14236/155/596 14238/156/596 14255/173/596 14254/172/596
f 14238/156/597 14240/157/597 14256/174/597 14255/173/597
f 14240/157/598 14212/158/598 14242/175/598 14256/174/598
f 14242/160/599 14241/159/599 14257/176/599 14258/177/599
f 14241/159/600 14243/161/600 14259/178/600 14257/176/600
f 14243/161/601 14244/162/601 14260/179/601 14259/178/601
f 14244/162/602 14245/163/602 14261/180/602 14260/179/602
f 14245/163/603 14246/164/603 14262/181/603 14261/180/603
f 14246/164/604 14247/165/604 14263/182/604 14262/181/604
f 14247/165/605 14248/166/605 14264/183/605 14263/182/605
f 14248/166/606 14249/167/606 14265/184/606 14264/183/606
f 14249/167/607 14250/168/607 14266/185/607 14265/184/607
f 14250/168/608 14251/169/608 14267/186/608 14266/185/608
f 14251/169/609 14252/170/609 14268/187/609 14267/186/609
f 14252/170/610 14253/171/610 14269/188/610 14268/187/610
f 14253/171/611 14254/172/611 14270/189/611 14269/188/611
f 14254/172/612 14255/173/612 14271/190/612 14270/189/612
f 14255/173/613 14256/174/613 14272/191/613 14271/190/613
f 14256/174/614 14242/175/614 14258/192/614 14272/191/614
f 14258/177/615 14257/176/615 14273/193/615 14274/194/615
f 14257/176/616 14259/178/616 14275/195/616 14273/193/616
f 14259/178/617 14260/179/617 14276/196/617 14275/195/617
f 14260/179/618 14261/180/618 14277/197/618 14276/196/618
f 14261/180/619 14262/181/619 14278/198/619 14277/197/619
f 14262/181/620 14263/182/620 14279/199/620 14278/198/620
f 14263/182/621 14264/183/621 14280/200/621 14279/199/621
f 14264/183/622 14265/184/622 14281/201/622 14280/200/622
f 14265/184/623 14266/185/623 14282/202/623 14281/201/623
f 14266/185/624 14267/186/624 14283/203/624 14282/202/624
f 14267/186/625 14268/187/625 14284/204/625 14283/203/625
f 14268/187/626 14269/188/626 14285/205/626 14284/204/626
f 14269/188/627 14270/189/627 14286/206/627 14285/205/627
f 14270/189/628 14271/190/628 14287/207/628 14286/206/628
f 14271/190/629 14272/191/629 14288/208/629 14287/207/629
f 14272/191/630 14258/192/630 14274/209/630 14288/208/630
f 14274/194/631 14273/193/631 14289/210/631 14290/1/631
f 14273/193/632 14275/195/632 14291/211/632 14289/210/632
f 14275/195/633 14276/196/633 14292/212/633 14291/211/633
f 14276/196/634 14277/197/634 14293/213/634 14292/212/634
f 14277/197/635 14278/198/635 14294/214/635 14293/213/635
f 14278/198/636 14279/199/636 14295/215/636 14294/214/636
f 14279/199/637 14280/200/637 14296/216/637 14295/215/637
f 14280/200/638 14281/201/638 14297/2/638 14296/216/638
f 14281/201/639 14282/202/639 14298/217/639 14297/2/639
f 14282/202/640 14283/203/640 14299/218/640 14298/217/640
f 14283/203/641 14284/204/641 14300/219/641 14299/218/641
f 14284/204/642 14285/205/642 14301/220/642 14300/219/642
f 14285/205/643 14286/206/643 14302/221/643 14301/220/643
f 14286/206/644 14287/207/644 14303/222/644 14302/221/644
f 14287/207/645 14288/208/645 14304/223/645 14303/222/645
f 14288/208/646 14274/209/646 14290/58/646 14304/223/646
f 14290/1/647 14289/210/647 14305/224/647 14306/225/647
f 14289/210/648 14291/211/648 14307/226/648 14305/224/648
f 14291/211/649 14292/212/649 14308/227/649 14307/226/649
f 14292/212/650 14293/213/650 14309/228/650 14308/227/650
f 14293/213/651 14294/214/651 14310/229/651 14309/228/651
f 14294/214/652 14295/215/652 14311/230/652 14310/229/652
f 14295/215/653 14296/216/653 14312/231/653 14311/230/653
f 14296/216/654 14297/2/654 14313/232/654 14312/231/654
f 14297/2/655 14298/217/655 14314/233/655 14313/232/655
f 14298/217/656 14299/218/656 14315/234/656 14314/233/656
f 14299/218/657 14300/219/657 14316/235/657 14315/234/657
f 14300/219/658 14301/220/658 14317/236/658 14316/235/658
f 14301/220/659 14302/221/659 14318/237/659 14317/236/659
f 14302/221/660 14303/222/660 14319/238/660 14318/237/660
f 14303/222/661 14304/223/661 14320/239/661 14319/238/661
f 14304/223/662 14290/58/662 14306/240/662 14320/239/662
f 14306/225/663 14305/224/663 14321/241/663 14322/242/663
f 14305/224/664 14307/226/664 14323/243/664 14321/241/664
f 14307/226/665 14308/227/665 14324/244/665 14323/243/665
f 14308/227/666 14309/228/666 14325/245/666 14324/244/666
f 14309/228/667 14310/229/667 14326/246/667 14325/245/667
f 14310/229/668 14311/230/668 14327/247/668 14326/246/668
f 14311/230/669 14312/231/669 14328/248/669 14327/247/669
f 14312/231/670 14313/232/670 14329/249/670 14328/248/670
f 14313/232/671 14314/233/671 14330/250/671 14329/249/671
f 14314/233/672 14315/234/672 14331/251/672 14330/250/672
f 14315/234/673 14316/235/673 14332/252/673 14331/251/673
f 14316/235/674 14317/236/674 14333/253/674 14332/252/674
f 14317/236/675 14318/237/675 14334/254/675 14333/253/675
f 14318/237/676 14319/238/676 14335/255/676 14334/254/676
f 14319/238/677 14320/239/677 14336/256/677 14335/255/677
f 14320/239/678 14306/240/678 14322/257/678 14336/256/678
f 14322/242/679 14321/241/679 14337/258/679 14338/259/679
f 14321/241/680 14323/243/680 14339/260/680 14337/258/680
f 14323/243/681 14324/244/681 14340/261/681 14339/260/681
f 14324/244/682 14325/245/682 14341/262/682 14340/261/682
f 14325/245/683 14326/246/683 14342/263/683 14341/262/683
f 14326/246/684 14327/247/684 14343/264/684 14342/263/684
f 14327/247/685 14328/248/685 14344/265/685 14343/264/685
f 14328/248/686 14329/249/686 14345/266/686 14344/265/686
f 14329/249/687 14330/250/687 14346/267/687 14345/266/687
f 14330/250/688 14331/251/688 14347/268/688 14346/267/688
f 14331/251/689 14332/252/689 14348/269/689 14347/268/689
f 14332/252/690 14333/253/690 14349/270/690 14348/269/690
f 14333/253/691 14334/254/691 14350/271/691 14349/270/691
f 14334/254/692 14335/255/692 14351/272/692 14350/271/692
f 14335/255/693 14336/256/693 14352/273/693 14351/272/693
f 14336/256/694 14322/257/694 14338/274/694 14352/273/694
f 14338/259/695 14337/258/695 14353/275/695 14354/276/695
f 14337/258/696 14339/260/696 14355/277/696 14353/275/696
f 14339/260/697 14340/261/697 14356/278/697 14355/277/697
f 14340/261/698 14341/262/698 14357/279/698 14356/278/698
f 14341/262/699 14342/263/699 14358/280/699 14357/279/699
f 14342/263/700 14343/264/700 14359/281/700 14358/280/700
f 14343/264/701 14344/265/701 14360/282/701 14359/281/701
f 14344/265/702 14345/266/702 14361/283/702 14360/282/702
f 14345/266/703 14346/267/703 14362/284/703 14361/283/703
f 14346/267/704 14347/268/704 14363/285/704 14362/284/704
f 14347/268/705 14348/269/705 14364/286/705 14363/285/705
f 14348/269/706 14349/270/706 14365/287/706 14364/286/706
f 14349/270/707 14350/271/707 14366/288/707 14365/287/707
f 14350/271/708 14351/272/708 14367/289/708 14366/288/708
f 14351/272/709 14352/273/709 14368/290/709 14367/289/709
f 14352/273/710 14338/274/710 14354/291/710 14368/290/710
f 14354/276/711 14353/275/711 14369/95/711 14370/96/711
f 14353/275/712 14355/277/712 14371/97/712 14369/95/712
f 14355/277/713 14356/278/713 14372/98/713 14371/97/713
f 14356/278/714 14357/279/714 14373/100/714 14372/98/714
f 14357/279/715 14358/280/715 14374/102/715 14373/100/715
f 14358/280/716 14359/281/716 14375/104/716 14374/102/716
f 14359/281/717 14360/282/717 14376/106/717 14375/104/717
f 14360/282/718 14361/283/718 14377/54/718 14376/106/718
f 14361/283/719 14362/284/719 14378/108/719 14377/54/719
f 14362/284/720 14363/285/720 14379/110/720 14378/108/720
f 14363/285/721 14364/286/721 14380/112/721 14379/110/721
f 14364/286/722 14365/287/722 14381/114/722 14380/112/722
f 14365/287/723 14366/288/723 14382/116/723 14381/114/723
f 14366/288/724 14367/289/724 14383/118/724 14382/116/724
f 14367/289/725 14368/290/725 14384/120/725 14383/118/725
f 14368/290/726 14354/291/726 14370/122/726 14384/120/726
f 14239/48/727 14237/47/727 14235/46/727 14233/3/727 14231/50/727 14229/49/727 14227/51/727 14225/1/727 14223/53/727 14221/52/727 14219/55/727 14217/54/727 14215/57/727 14213/56/727 14210/59/727 14209/58/727
f 14370/58/728 14369/59/728 14371/56/728 14372/57/728 14373/54/728 14374/55/728 14375/52/728 14376/53/728 14377/1/728 14378/51/728 14379/49/728 14380/50/728 14381/3/728 14382/46/728 14383/47/728 14384/48/728
o plate
usemtl sign
f 14385/96/1 14386/122/1 14387/121/1 14388/4/1
f 14389/4/2 14390/121/2 14391/122/2 14392/96/2
f 14392/122/3 14391/96/3 14386/4/3 14385/121/3
f 14390/122/4 14389/96/4 14388/4/4 14387/121/4
f 14389/122/5 14392/96/5 14385/4/5 14388/121/5
f 14391/122/6 14390/96/6 14387/4/6 14386/121/6
