# generated by tools/gen_conductor_models.py - do not edit by hand
mtllib bend.mtl
v 0.462500 0.052000 0.287500
v 0.457443 0.051500 0.287898
v 0.460568 0.051500 0.327402
v 0.465578 0.052000 0.326609
v 0.452581 0.050021 0.288281
v 0.455751 0.050021 0.328165
v 0.448100 0.047618 0.288633
v 0.451311 0.047618 0.328868
v 0.444172 0.044385 0.288942
v 0.447419 0.044385 0.329485
v 0.440948 0.040445 0.289196
v 0.444226 0.040445 0.329990
v 0.438553 0.035950 0.289385
v 0.441853 0.035950 0.330366
v 0.437078 0.031072 0.289501
v 0.440391 0.031072 0.330598
v 0.436580 0.026000 0.289540
v 0.439898 0.026000 0.330676
v 0.437078 0.020928 0.289501
v 0.440391 0.020928 0.330598
v 0.438553 0.016050 0.289385
v 0.441853 0.016050 0.330366
v 0.440948 0.011555 0.289196
v 0.444226 0.011555 0.329990
v 0.444172 0.007615 0.288942
v 0.447419 0.007615 0.329485
v 0.448100 0.004382 0.288633
v 0.451311 0.004382 0.328868
v 0.452581 0.001979 0.288281
v 0.455751 0.001979 0.328165
v 0.457443 0.000500 0.287898
v 0.460568 0.000500 0.327402
v 0.462500 0.000000 0.287500
v 0.465578 0.000000 0.326609
v 0.467557 0.000500 0.287102
v 0.470588 0.000500 0.325815
v 0.472419 0.001979 0.286719
v 0.475405 0.001979 0.325052
v 0.476900 0.004382 0.286367
v 0.479845 0.004382 0.324349
v 0.480828 0.007615 0.286058
v 0.483736 0.007615 0.323733
v 0.484052 0.011555 0.285804
v 0.486930 0.011555 0.323227
v 0.486447 0.016050 0.285615
v 0.489303 0.016050 0.322851
v 0.487922 0.020928 0.285499
v 0.490764 0.020928 0.322619
v 0.488420 0.026000 0.285460
v 0.491258 0.026000 0.322541
v 0.487922 0.031072 0.285499
v 0.490764 0.031072 0.322619
v 0.486447 0.035950 0.285615
v 0.489303 0.035950 0.322851
v 0.484052 0.040445 0.285804
v 0.486930 0.040445 0.323227
v 0.480828 0.044385 0.286058
v 0.483736 0.044385 0.323733
v 0.476900 0.047618 0.286367
v 0.479845 0.047618 0.324349
v 0.472419 0.050021 0.286719
v 0.475405 0.050021 0.325052
v 0.467557 0.051500 0.287102
v 0.470588 0.051500 0.325815
v 0.469912 0.051500 0.366322
v 0.474736 0.052000 0.364754
v 0.465273 0.050021 0.367829
v 0.460998 0.047618 0.369218
v 0.457251 0.044385 0.370435
v 0.454176 0.040445 0.371435
v 0.451891 0.035950 0.372177
v 0.450484 0.031072 0.372634
v 0.450008 0.026000 0.372789
v 0.450484 0.020928 0.372634
v 0.451891 0.016050 0.372177
v 0.454176 0.011555 0.371435
v 0.457251 0.007615 0.370435
v 0.460998 0.004382 0.369218
v 0.465273 0.001979 0.367829
v 0.469912 0.000500 0.366322
v 0.474736 0.000000 0.364754
v 0.479560 0.000500 0.363187
v 0.484199 0.001979 0.361680
v 0.488474 0.004382 0.360291
v 0.492221 0.007615 0.359073
v 0.495296 0.011555 0.358074
v 0.497581 0.016050 0.357331
v 0.498988 0.020928 0.356874
v 0.499463 0.026000 0.356720
v 0.498988 0.031072 0.356874
v 0.497581 0.035950 0.357331
v 0.495296 0.040445 0.358074
v 0.492221 0.044385 0.359073
v 0.488474 0.047618 0.360291
v 0.484199 0.050021 0.361680
v 0.479560 0.051500 0.363187
v 0.485229 0.051500 0.403300
v 0.489748 0.052000 0.400998
v 0.480883 0.050021 0.405515
v 0.476878 0.047618 0.407555
v 0.473367 0.044385 0.409344
v 0.470486 0.040445 0.410812
v 0.468346 0.035950 0.411903
v 0.467027 0.031072 0.412575
v 0.466582 0.026000 0.412801
v 0.467027 0.020928 0.412575
v 0.468346 0.016050 0.411903
v 0.470486 0.011555 0.410812
v 0.473367 0.007615 0.409344
v 0.476878 0.004382 0.407555
v 0.480883 0.001979 0.405515
v 0.485229 0.000500 0.403300
v 0.489748 0.000000 0.400998
v 0.494268 0.000500 0.398695
v 0.498614 0.001979 0.396481
v 0.502619 0.004382 0.394440
v 0.506129 0.007615 0.392651
v 0.509010 0.011555 0.391183
v 0.511151 0.016050 0.390092
v 0.512469 0.020928 0.389421
v 0.512915 0.026000 0.389194
v 0.512469 0.031072 0.389421
v 0.511151 0.035950 0.390092
v 0.509010 0.040445 0.391183
v 0.506129 0.044385 0.392651
v 0.502619 0.047618 0.394440
v 0.498614 0.050021 0.396481
v 0.494268 0.051500 0.398695
v 0.506142 0.051500 0.437428
v 0.510246 0.052000 0.434446
v 0.502196 0.050021 0.440295
v 0.498560 0.047618 0.442937
v 0.495372 0.044385 0.445253
v 0.492756 0.040445 0.447153
v 0.490812 0.035950 0.448565
v 0.489615 0.031072 0.449435
v 0.489211 0.026000 0.449729
v 0.489615 0.020928 0.449435
v 0.490812 0.016050 0.448565
v 0.492756 0.011555 0.447153
v 0.495372 0.007615 0.445253
v 0.498560 0.004382 0.442937
v 0.502196 0.001979 0.440295
v 0.506142 0.000500 0.437428
v 0.510246 0.000000 0.434446
v 0.514349 0.000500 0.431465
v 0.518295 0.001979 0.428598
v 0.521932 0.004382 0.425956
v 0.525119 0.007615 0.423640
v 0.527735 0.011555 0.421739
v 0.529679 0.016050 0.420327
v 0.530876 0.020928 0.419458
v 0.531280 0.026000 0.419164
v 0.530876 0.031072 0.419458
v 0.529679 0.035950 0.420327
v 0.527735 0.040445 0.421739
v 0.525119 0.044385 0.423640
v 0.521932 0.047618 0.425956
v 0.518295 0.050021 0.428598
v 0.514349 0.051500 0.431465
v 0.532137 0.051500 0.467863
v 0.535723 0.052000 0.464277
v 0.528688 0.050021 0.471312
v 0.525509 0.047618 0.474491
v 0.522723 0.044385 0.477277
v 0.520437 0.040445 0.479563
v 0.518738 0.035950 0.481262
v 0.517692 0.031072 0.482308
v 0.517339 0.026000 0.482661
v 0.517692 0.020928 0.482308
v 0.518738 0.016050 0.481262
v 0.520437 0.011555 0.479563
v 0.522723 0.007615 0.477277
v 0.525509 0.004382 0.474491
v 0.528688 0.001979 0.471312
v 0.532137 0.000500 0.467863
v 0.535723 0.000000 0.464277
v 0.539310 0.000500 0.460690
v 0.542759 0.001979 0.457241
v 0.545937 0.004382 0.454063
v 0.548723 0.007615 0.451277
v 0.551010 0.011555 0.448990
v 0.552709 0.016050 0.447291
v 0.553755 0.020928 0.446245
v 0.554108 0.026000 0.445892
v 0.553755 0.031072 0.446245
v 0.552709 0.035950 0.447291
v 0.551010 0.040445 0.448990
v 0.548723 0.044385 0.451277
v 0.545937 0.047618 0.454063
v 0.542759 0.050021 0.457241
v 0.539310 0.051500 0.460690
v 0.562572 0.051500 0.493858
v 0.565554 0.052000 0.489754
v 0.559705 0.050021 0.497804
v 0.557063 0.047618 0.501440
v 0.554747 0.044385 0.504628
v 0.552847 0.040445 0.507244
v 0.551435 0.035950 0.509188
v 0.550565 0.031072 0.510385
v 0.550271 0.026000 0.510789
v 0.550565 0.020928 0.510385
v 0.551435 0.016050 0.509188
v 0.552847 0.011555 0.507244
v 0.554747 0.007615 0.504628
v 0.557063 0.004382 0.501440
v 0.559705 0.001979 0.497804
v 0.562572 0.000500 0.493858
v 0.565554 0.000000 0.489754
v 0.568535 0.000500 0.485651
v 0.571402 0.001979 0.481705
v 0.574044 0.004382 0.478068
v 0.576360 0.007615 0.474881
v 0.578261 0.011555 0.472265
v 0.579673 0.016050 0.470321
v 0.580542 0.020928 0.469124
v 0.580836 0.026000 0.468720
v 0.580542 0.031072 0.469124
v 0.579673 0.035950 0.470321
v 0.578261 0.040445 0.472265
v 0.576360 0.044385 0.474881
v 0.574044 0.047618 0.478068
v 0.571402 0.050021 0.481705
v 0.568535 0.051500 0.485651
v 0.596700 0.051500 0.514771
v 0.599002 0.052000 0.510252
v 0.594485 0.050021 0.519117
v 0.592445 0.047618 0.523122
v 0.590656 0.044385 0.526633
v 0.589188 0.040445 0.529514
v 0.588097 0.035950 0.531654
v 0.587425 0.031072 0.532973
v 0.587199 0.026000 0.533418
v 0.587425 0.020928 0.532973
v 0.588097 0.016050 0.531654
v 0.589188 0.011555 0.529514
v 0.590656 0.007615 0.526633
v 0.592445 0.004382 0.523122
v 0.594485 0.001979 0.519117
v 0.596700 0.000500 0.514771
v 0.599002 0.000000 0.510252
v 0.601305 0.000500 0.505732
v 0.603519 0.001979 0.501386
v 0.605560 0.004382 0.497381
v 0.607349 0.007615 0.493871
v 0.608817 0.011555 0.490990
v 0.609908 0.016050 0.488849
v 0.610579 0.020928 0.487531
v 0.610806 0.026000 0.487085
v 0.610579 0.031072 0.487531
v 0.609908 0.035950 0.488849
v 0.608817 0.040445 0.490990
v 0.607349 0.044385 0.493871
v 0.605560 0.047618 0.497381
v 0.603519 0.050021 0.501386
v 0.601305 0.051500 0.505732
v 0.633678 0.051500 0.530088
v 0.635246 0.052000 0.525264
v 0.632171 0.050021 0.534727
v 0.630782 0.047618 0.539002
v 0.629565 0.044385 0.542749
v 0.628565 0.040445 0.545824
v 0.627823 0.035950 0.548109
v 0.627366 0.031072 0.549516
v 0.627211 0.026000 0.549992
v 0.627366 0.020928 0.549516
v 0.627823 0.016050 0.548109
v 0.628565 0.011555 0.545824
v 0.629565 0.007615 0.542749
v 0.630782 0.004382 0.539002
v 0.632171 0.001979 0.534727
v 0.633678 0.000500 0.530088
v 0.635246 0.000000 0.525264
v 0.636813 0.000500 0.520440
v 0.638320 0.001979 0.515801
v 0.639709 0.004382 0.511526
v 0.640927 0.007615 0.507779
v 0.641926 0.011555 0.504704
v 0.642669 0.016050 0.502419
v 0.643126 0.020928 0.501012
v 0.643280 0.026000 0.500537
v 0.643126 0.031072 0.501012
v 0.642669 0.035950 0.502419
v 0.641926 0.040445 0.504704
v 0.640927 0.044385 0.507779
v 0.639709 0.047618 0.511526
v 0.638320 0.050021 0.515801
v 0.636813 0.051500 0.520440
v 0.672598 0.051500 0.539432
v 0.673391 0.052000 0.534422
v 0.671835 0.050021 0.544249
v 0.671132 0.047618 0.548689
v 0.670515 0.044385 0.552581
v 0.670010 0.040445 0.555774
v 0.669634 0.035950 0.558147
v 0.669402 0.031072 0.559609
v 0.669324 0.026000 0.560102
v 0.669402 0.020928 0.559609
v 0.669634 0.016050 0.558147
v 0.670010 0.011555 0.555774
v 0.670515 0.007615 0.552581
v 0.671132 0.004382 0.548689
v 0.671835 0.001979 0.544249
v 0.672598 0.000500 0.539432
v 0.673391 0.000000 0.534422
v 0.674185 0.000500 0.529412
v 0.674948 0.001979 0.524595
v 0.675651 0.004382 0.520155
v 0.676267 0.007615 0.516264
v 0.676773 0.011555 0.513070
v 0.677149 0.016050 0.510697
v 0.677381 0.020928 0.509236
v 0.677459 0.026000 0.508742
v 0.677381 0.031072 0.509236
v 0.677149 0.035950 0.510697
v 0.676773 0.040445 0.513070
v 0.676267 0.044385 0.516264
v 0.675651 0.047618 0.520155
v 0.674948 0.050021 0.524595
v 0.674185 0.051500 0.529412
v 0.712102 0.051500 0.542557
v 0.712500 0.052000 0.537500
v 0.711719 0.050021 0.547419
v 0.711367 0.047618 0.551900
v 0.711058 0.044385 0.555828
v 0.710804 0.040445 0.559052
v 0.710615 0.035950 0.561447
v 0.710499 0.031072 0.562922
v 0.710460 0.026000 0.563420
v 0.710499 0.020928 0.562922
v 0.710615 0.016050 0.561447
v 0.710804 0.011555 0.559052
v 0.711058 0.007615 0.555828
v 0.711367 0.004382 0.551900
v 0.711719 0.001979 0.547419
v 0.712102 0.000500 0.542557
v 0.712500 0.000000 0.537500
v 0.712898 0.000500 0.532443
v 0.713281 0.001979 0.527581
v 0.713633 0.004382 0.523100
v 0.713942 0.007615 0.519172
v 0.714196 0.011555 0.515948
v 0.714385 0.016050 0.513553
v 0.714501 0.020928 0.512078
v 0.714540 0.026000 0.511580
v 0.714501 0.031072 0.512078
v 0.714385 0.035950 0.513553
v 0.714196 0.040445 0.515948
v 0.713942 0.044385 0.519172
v 0.713633 0.047618 0.523100
v 0.713281 0.050021 0.527581
v 0.712898 0.051500 0.532443
v 0.537500 0.052000 0.287500
v 0.532443 0.051500 0.287898
v 0.534645 0.051500 0.315670
v 0.539655 0.052000 0.314876
v 0.527581 0.050021 0.288281
v 0.529827 0.050021 0.316433
v 0.523100 0.047618 0.288633
v 0.525388 0.047618 0.317136
v 0.519172 0.044385 0.288942
v 0.521496 0.044385 0.317752
v 0.515948 0.040445 0.289196
v 0.518302 0.040445 0.318258
v 0.513553 0.035950 0.289385
v 0.515929 0.035950 0.318634
v 0.512078 0.031072 0.289501
v 0.514468 0.031072 0.318865
v 0.511580 0.026000 0.289540
v 0.513975 0.026000 0.318943
v 0.512078 0.020928 0.289501
v 0.514468 0.020928 0.318865
v 0.513553 0.016050 0.289385
v 0.515929 0.016050 0.318634
v 0.515948 0.011555 0.289196
v 0.518302 0.011555 0.318258
v 0.519172 0.007615 0.288942
v 0.521496 0.007615 0.317752
v 0.523100 0.004382 0.288633
v 0.525388 0.004382 0.317136
v 0.527581 0.001979 0.288281
v 0.529827 0.001979 0.316433
v 0.532443 0.000500 0.287898
v 0.534645 0.000500 0.315670
v 0.537500 0.000000 0.287500
v 0.539655 0.000000 0.314876
v 0.542557 0.000500 0.287102
v 0.544664 0.000500 0.314083
v 0.547419 0.001979 0.286719
v 0.549482 0.001979 0.313320
v 0.551900 0.004382 0.286367
v 0.553922 0.004382 0.312616
v 0.555828 0.007615 0.286058
v 0.557813 0.007615 0.312000
v 0.559052 0.011555 0.285804
v 0.561007 0.011555 0.311494
v 0.561447 0.016050 0.285615
v 0.563380 0.016050 0.311118
v 0.562922 0.020928 0.285499
v 0.564841 0.020928 0.310887
v 0.563420 0.026000 0.285460
v 0.565334 0.026000 0.310809
v 0.562922 0.031072 0.285499
v 0.564841 0.031072 0.310887
v 0.561447 0.035950 0.285615
v 0.563380 0.035950 0.311118
v 0.559052 0.040445 0.285804
v 0.561007 0.040445 0.311494
v 0.555828 0.044385 0.286058
v 0.557813 0.044385 0.312000
v 0.551900 0.047618 0.286367
v 0.553922 0.047618 0.312616
v 0.547419 0.050021 0.286719
v 0.549482 0.050021 0.313320
v 0.542557 0.051500 0.287102
v 0.544664 0.051500 0.314083
v 0.541241 0.051500 0.343145
v 0.546065 0.052000 0.341578
v 0.536602 0.050021 0.344653
v 0.532327 0.047618 0.346042
v 0.528580 0.044385 0.347259
v 0.525505 0.040445 0.348258
v 0.523220 0.035950 0.349001
v 0.521813 0.031072 0.349458
v 0.521338 0.026000 0.349612
v 0.521813 0.020928 0.349458
v 0.523220 0.016050 0.349001
v 0.525505 0.011555 0.348258
v 0.528580 0.007615 0.347259
v 0.532327 0.004382 0.346042
v 0.536602 0.001979 0.344653
v 0.541241 0.000500 0.343145
v 0.546065 0.000000 0.341578
v 0.550889 0.000500 0.340011
v 0.555528 0.001979 0.338503
v 0.559803 0.004382 0.337114
v 0.563550 0.007615 0.335897
v 0.566625 0.011555 0.334898
v 0.568910 0.016050 0.334155
v 0.570317 0.020928 0.333698
v 0.570793 0.026000 0.333544
v 0.570317 0.031072 0.333698
v 0.568910 0.035950 0.334155
v 0.566625 0.040445 0.334898
v 0.563550 0.044385 0.335897
v 0.559803 0.047618 0.337114
v 0.555528 0.050021 0.338503
v 0.550889 0.051500 0.340011
v 0.552054 0.051500 0.369251
v 0.556574 0.052000 0.366948
v 0.547709 0.050021 0.371465
v 0.543703 0.047618 0.373506
v 0.540193 0.044385 0.375295
v 0.537312 0.040445 0.376763
v 0.535171 0.035950 0.377854
v 0.533853 0.031072 0.378525
v 0.533408 0.026000 0.378752
v 0.533853 0.020928 0.378525
v 0.535171 0.016050 0.377854
v 0.537312 0.011555 0.376763
v 0.540193 0.007615 0.375295
v 0.543703 0.004382 0.373506
v 0.547709 0.001979 0.371465
v 0.552054 0.000500 0.369251
v 0.556574 0.000000 0.366948
v 0.561093 0.000500 0.364646
v 0.565439 0.001979 0.362431
v 0.569444 0.004382 0.360391
v 0.572955 0.007615 0.358602
v 0.575836 0.011555 0.357134
v 0.577977 0.016050 0.356043
v 0.579295 0.020928 0.355371
v 0.579740 0.026000 0.355145
v 0.579295 0.031072 0.355371
v 0.577977 0.035950 0.356043
v 0.575836 0.040445 0.357134
v 0.572955 0.044385 0.358602
v 0.569444 0.047618 0.360391
v 0.565439 0.050021 0.362431
v 0.561093 0.051500 0.364646
v 0.566818 0.051500 0.393344
v 0.570922 0.052000 0.390362
v 0.562872 0.050021 0.396211
v 0.559236 0.047618 0.398853
v 0.556048 0.044385 0.401169
v 0.553433 0.040445 0.403069
v 0.551489 0.035950 0.404482
v 0.550292 0.031072 0.405351
v 0.549888 0.026000 0.405645
v 0.550292 0.020928 0.405351
v 0.551489 0.016050 0.404482
v 0.553433 0.011555 0.403069
v 0.556048 0.007615 0.401169
v 0.559236 0.004382 0.398853
v 0.562872 0.001979 0.396211
v 0.566818 0.000500 0.393344
v 0.570922 0.000000 0.390362
v 0.575026 0.000500 0.387381
v 0.578972 0.001979 0.384514
v 0.582608 0.004382 0.381872
v 0.585796 0.007615 0.379556
v 0.588412 0.011555 0.377656
v 0.590355 0.016050 0.376243
v 0.591552 0.020928 0.375374
v 0.591956 0.026000 0.375080
v 0.591552 0.031072 0.375374
v 0.590355 0.035950 0.376243
v 0.588412 0.040445 0.377656
v 0.585796 0.044385 0.379556
v 0.582608 0.047618 0.381872
v 0.578972 0.050021 0.384514
v 0.575026 0.051500 0.387381
v 0.585170 0.051500 0.414830
v 0.588756 0.052000 0.411244
v 0.581721 0.050021 0.418279
v 0.578542 0.047618 0.421458
v 0.575756 0.044385 0.424244
v 0.573470 0.040445 0.426530
v 0.571771 0.035950 0.428229
v 0.570725 0.031072 0.429275
v 0.570372 0.026000 0.429628
v 0.570725 0.020928 0.429275
v 0.571771 0.016050 0.428229
v 0.573470 0.011555 0.426530
v 0.575756 0.007615 0.424244
v 0.578542 0.004382 0.421458
v 0.581721 0.001979 0.418279
v 0.585170 0.000500 0.414830
v 0.588756 0.000000 0.411244
v 0.592343 0.000500 0.407657
v 0.595792 0.001979 0.404208
v 0.598970 0.004382 0.401030
v 0.601756 0.007615 0.398244
v 0.604043 0.011555 0.395957
v 0.605742 0.016050 0.394258
v 0.606788 0.020928 0.393212
v 0.607141 0.026000 0.392859
v 0.606788 0.031072 0.393212
v 0.605742 0.035950 0.394258
v 0.604043 0.040445 0.395957
v 0.601756 0.044385 0.398244
v 0.598970 0.047618 0.401030
v 0.595792 0.050021 0.404208
v 0.592343 0.051500 0.407657
v 0.606656 0.051500 0.433182
v 0.609638 0.052000 0.429078
v 0.603789 0.050021 0.437128
v 0.601147 0.047618 0.440764
v 0.598831 0.044385 0.443952
v 0.596931 0.040445 0.446567
v 0.595518 0.035950 0.448511
v 0.594649 0.031072 0.449708
v 0.594355 0.026000 0.450112
v 0.594649 0.020928 0.449708
v 0.595518 0.016050 0.448511
v 0.596931 0.011555 0.446567
v 0.598831 0.007615 0.443952
v 0.601147 0.004382 0.440764
v 0.603789 0.001979 0.437128
v 0.606656 0.000500 0.433182
v 0.609638 0.000000 0.429078
v 0.612619 0.000500 0.424974
v 0.615486 0.001979 0.421028
v 0.618128 0.004382 0.417392
v 0.620444 0.007615 0.414204
v 0.622344 0.011555 0.411588
v 0.623757 0.016050 0.409645
v 0.624626 0.020928 0.408448
v 0.624920 0.026000 0.408044
v 0.624626 0.031072 0.408448
v 0.623757 0.035950 0.409645
v 0.622344 0.040445 0.411588
v 0.620444 0.044385 0.414204
v 0.618128 0.047618 0.417392
v 0.615486 0.050021 0.421028
v 0.612619 0.051500 0.424974
v 0.630749 0.051500 0.447946
v 0.633052 0.052000 0.443426
v 0.628535 0.050021 0.452291
v 0.626494 0.047618 0.456297
v 0.624705 0.044385 0.459807
v 0.623237 0.040445 0.462688
v 0.622146 0.035950 0.464829
v 0.621475 0.031072 0.466147
v 0.621248 0.026000 0.466592
v 0.621475 0.020928 0.466147
v 0.622146 0.016050 0.464829
v 0.623237 0.011555 0.462688
v 0.624705 0.007615 0.459807
v 0.626494 0.004382 0.456297
v 0.628535 0.001979 0.452291
v 0.630749 0.000500 0.447946
v 0.633052 0.000000 0.443426
v 0.635354 0.000500 0.438907
v 0.637569 0.001979 0.434561
v 0.639609 0.004382 0.430556
v 0.641398 0.007615 0.427045
v 0.642866 0.011555 0.424164
v 0.643957 0.016050 0.422023
v 0.644629 0.020928 0.420705
v 0.644855 0.026000 0.420260
v 0.644629 0.031072 0.420705
v 0.643957 0.035950 0.422023
v 0.642866 0.040445 0.424164
v 0.641398 0.044385 0.427045
v 0.639609 0.047618 0.430556
v 0.637569 0.050021 0.434561
v 0.635354 0.051500 0.438907
v 0.656855 0.051500 0.458759
v 0.658422 0.052000 0.453935
v 0.655347 0.050021 0.463398
v 0.653958 0.047618 0.467673
v 0.652741 0.044385 0.471420
v 0.651742 0.040445 0.474495
v 0.650999 0.035950 0.476780
v 0.650542 0.031072 0.478187
v 0.650388 0.026000 0.478662
v 0.650542 0.020928 0.478187
v 0.650999 0.016050 0.476780
v 0.651742 0.011555 0.474495
v 0.652741 0.007615 0.471420
v 0.653958 0.004382 0.467673
v 0.655347 0.001979 0.463398
v 0.656855 0.000500 0.458759
v 0.658422 0.000000 0.453935
v 0.659989 0.000500 0.449111
v 0.661497 0.001979 0.444472
v 0.662886 0.004382 0.440197
v 0.664103 0.007615 0.436450
v 0.665102 0.011555 0.433375
v 0.665845 0.016050 0.431090
v 0.666302 0.020928 0.429683
v 0.666456 0.026000 0.429207
v 0.666302 0.031072 0.429683
v 0.665845 0.035950 0.431090
v 0.665102 0.040445 0.433375
v 0.664103 0.044385 0.436450
v 0.662886 0.047618 0.440197
v 0.661497 0.050021 0.444472
v 0.659989 0.051500 0.449111
v 0.684330 0.051500 0.465355
v 0.685124 0.052000 0.460345
v 0.683567 0.050021 0.470173
v 0.682864 0.047618 0.474612
v 0.682248 0.044385 0.478504
v 0.681742 0.040445 0.481698
v 0.681366 0.035950 0.484071
v 0.681135 0.031072 0.485532
v 0.681057 0.026000 0.486025
v 0.681135 0.020928 0.485532
v 0.681366 0.016050 0.484071
v 0.681742 0.011555 0.481698
v 0.682248 0.007615 0.478504
v 0.682864 0.004382 0.474612
v 0.683567 0.001979 0.470173
v 0.684330 0.000500 0.465355
v 0.685124 0.000000 0.460345
v 0.685917 0.000500 0.455336
v 0.686680 0.001979 0.450518
v 0.687384 0.004382 0.446078
v 0.688000 0.007615 0.442187
v 0.688506 0.011555 0.438993
v 0.688882 0.016050 0.436620
v 0.689113 0.020928 0.435159
v 0.689191 0.026000 0.434666
v 0.689113 0.031072 0.435159
v 0.688882 0.035950 0.436620
v 0.688506 0.040445 0.438993
v 0.688000 0.044385 0.442187
v 0.687384 0.047618 0.446078
v 0.686680 0.050021 0.450518
v 0.685917 0.051500 0.455336
v 0.712102 0.051500 0.467557
v 0.712500 0.052000 0.462500
v 0.711719 0.050021 0.472419
v 0.711367 0.047618 0.476900
v 0.711058 0.044385 0.480828
v 0.710804 0.040445 0.484052
v 0.710615 0.035950 0.486447
v 0.710499 0.031072 0.487922
v 0.710460 0.026000 0.488420
v 0.710499 0.020928 0.487922
v 0.710615 0.016050 0.486447
v 0.710804 0.011555 0.484052
v 0.711058 0.007615 0.480828
v 0.711367 0.004382 0.476900
v 0.711719 0.001979 0.472419
v 0.712102 0.000500 0.467557
v 0.712500 0.000000 0.462500
v 0.712898 0.000500 0.457443
v 0.713281 0.001979 0.452581
v 0.713633 0.004382 0.448100
v 0.713942 0.007615 0.444172
v 0.714196 0.011555 0.440948
v 0.714385 0.016050 0.438553
v 0.714501 0.020928 0.437078
v 0.714540 0.026000 0.436580
v 0.714501 0.031072 0.437078
v 0.714385 0.035950 0.438553
v 0.714196 0.040445 0.440948
v 0.713942 0.044385 0.444172
v 0.713633 0.047618 0.448100
v 0.713281 0.050021 0.452581
v 0.712898 0.051500 0.457443
v 0.462500 0.127000 0.287500
v 0.457443 0.126500 0.287898
v 0.460568 0.126500 0.327402
v 0.465578 0.127000 0.326609
v 0.452581 0.125021 0.288281
v 0.455751 0.125021 0.328165
v 0.448100 0.122618 0.288633
v 0.451311 0.122618 0.328868
v 0.444172 0.119385 0.288942
v 0.447419 0.119385 0.329485
v 0.440948 0.115445 0.289196
v 0.444226 0.115445 0.329990
v 0.438553 0.110950 0.289385
v 0.441853 0.110950 0.330366
v 0.437078 0.106072 0.289501
v 0.440391 0.106072 0.330598
v 0.436580 0.101000 0.289540
v 0.439898 0.101000 0.330676
v 0.437078 0.095928 0.289501
v 0.440391 0.095928 0.330598
v 0.438553 0.091050 0.289385
v 0.441853 0.091050 0.330366
v 0.440948 0.086555 0.289196
v 0.444226 0.086555 0.329990
v 0.444172 0.082615 0.288942
v 0.447419 0.082615 0.329485
v 0.448100 0.079382 0.288633
v 0.451311 0.079382 0.328868
v 0.452581 0.076979 0.288281
v 0.455751 0.076979 0.328165
v 0.457443 0.075500 0.287898
v 0.460568 0.075500 0.327402
v 0.462500 0.075000 0.287500
v 0.465578 0.075000 0.326609
v 0.467557 0.075500 0.287102
v 0.470588 0.075500 0.325815
v 0.472419 0.076979 0.286719
v 0.475405 0.076979 0.325052
v 0.476900 0.079382 0.286367
v 0.479845 0.079382 0.324349
v 0.480828 0.082615 0.286058
v 0.483736 0.082615 0.323733
v 0.484052 0.086555 0.285804
v 0.486930 0.086555 0.323227
v 0.486447 0.091050 0.285615
v 0.489303 0.091050 0.322851
v 0.487922 0.095928 0.285499
v 0.490764 0.095928 0.322619
v 0.488420 0.101000 0.285460
v 0.491258 0.101000 0.322541
v 0.487922 0.106072 0.285499
v 0.490764 0.106072 0.322619
v 0.486447 0.110950 0.285615
v 0.489303 0.110950 0.322851
v 0.484052 0.115445 0.285804
v 0.486930 0.115445 0.323227
v 0.480828 0.119385 0.286058
v 0.483736 0.119385 0.323733
v 0.476900 0.122618 0.286367
v 0.479845 0.122618 0.324349
v 0.472419 0.125021 0.286719
v 0.475405 0.125021 0.325052
v 0.467557 0.126500 0.287102
v 0.470588 0.126500 0.325815
v 0.469912 0.126500 0.366322
v 0.474736 0.127000 0.364754
v 0.465273 0.125021 0.367829
v 0.460998 0.122618 0.369218
v 0.457251 0.119385 0.370435
v 0.454176 0.115445 0.371435
v 0.451891 0.110950 0.372177
v 0.450484 0.106072 0.372634
v 0.450008 0.101000 0.372789
v 0.450484 0.095928 0.372634
v 0.451891 0.091050 0.372177
v 0.454176 0.086555 0.371435
v 0.457251 0.082615 0.370435
v 0.460998 0.079382 0.369218
v 0.465273 0.076979 0.367829
v 0.469912 0.075500 0.366322
v 0.474736 0.075000 0.364754
v 0.479560 0.075500 0.363187
v 0.484199 0.076979 0.361680
v 0.488474 0.079382 0.360291
v 0.492221 0.082615 0.359073
v 0.495296 0.086555 0.358074
v 0.497581 0.091050 0.357331
v 0.498988 0.095928 0.356874
v 0.499463 0.101000 0.356720
v 0.498988 0.106072 0.356874
v 0.497581 0.110950 0.357331
v 0.495296 0.115445 0.358074
v 0.492221 0.119385 0.359073
v 0.488474 0.122618 0.360291
v 0.484199 0.125021 0.361680
v 0.479560 0.126500 0.363187
v 0.485229 0.126500 0.403300
v 0.489748 0.127000 0.400998
v 0.480883 0.125021 0.405515
v 0.476878 0.122618 0.407555
v 0.473367 0.119385 0.409344
v 0.470486 0.115445 0.410812
v 0.468346 0.110950 0.411903
v 0.467027 0.106072 0.412575
v 0.466582 0.101000 0.412801
v 0.467027 0.095928 0.412575
v 0.468346 0.091050 0.411903
v 0.470486 0.086555 0.410812
v 0.473367 0.082615 0.409344
v 0.476878 0.079382 0.407555
v 0.480883 0.076979 0.405515
v 0.485229 0.075500 0.403300
v 0.489748 0.075000 0.400998
v 0.494268 0.075500 0.398695
v 0.498614 0.076979 0.396481
v 0.502619 0.079382 0.394440
v 0.506129 0.082615 0.392651
v 0.509010 0.086555 0.391183
v 0.511151 0.091050 0.390092
v 0.512469 0.095928 0.389421
v 0.512915 0.101000 0.389194
v 0.512469 0.106072 0.389421
v 0.511151 0.110950 0.390092
v 0.509010 0.115445 0.391183
v 0.506129 0.119385 0.392651
v 0.502619 0.122618 0.394440
v 0.498614 0.125021 0.396481
v 0.494268 0.126500 0.398695
v 0.506142 0.126500 0.437428
v 0.510246 0.127000 0.434446
v 0.502196 0.125021 0.440295
v 0.498560 0.122618 0.442937
v 0.495372 0.119385 0.445253
v 0.492756 0.115445 0.447153
v 0.490812 0.110950 0.448565
v 0.489615 0.106072 0.449435
v 0.489211 0.101000 0.449729
v 0.489615 0.095928 0.449435
v 0.490812 0.091050 0.448565
v 0.492756 0.086555 0.447153
v 0.495372 0.082615 0.445253
v 0.498560 0.079382 0.442937
v 0.502196 0.076979 0.440295
v 0.506142 0.075500 0.437428
v 0.510246 0.075000 0.434446
v 0.514349 0.075500 0.431465
v 0.518295 0.076979 0.428598
v 0.521932 0.079382 0.425956
v 0.525119 0.082615 0.423640
v 0.527735 0.086555 0.421739
v 0.529679 0.091050 0.420327
v 0.530876 0.095928 0.419458
v 0.531280 0.101000 0.419164
v 0.530876 0.106072 0.419458
v 0.529679 0.110950 0.420327
v 0.527735 0.115445 0.421739
v 0.525119 0.119385 0.423640
v 0.521932 0.122618 0.425956
v 0.518295 0.125021 0.428598
v 0.514349 0.126500 0.431465
v 0.532137 0.126500 0.467863
v 0.535723 0.127000 0.464277
v 0.528688 0.125021 0.471312
v 0.525509 0.122618 0.474491
v 0.522723 0.119385 0.477277
v 0.520437 0.115445 0.479563
v 0.518738 0.110950 0.481262
v 0.517692 0.106072 0.482308
v 0.517339 0.101000 0.482661
v 0.517692 0.095928 0.482308
v 0.518738 0.091050 0.481262
v 0.520437 0.086555 0.479563
v 0.522723 0.082615 0.477277
v 0.525509 0.079382 0.474491
v 0.528688 0.076979 0.471312
v 0.532137 0.075500 0.467863
v 0.535723 0.075000 0.464277
v 0.539310 0.075500 0.460690
v 0.542759 0.076979 0.457241
v 0.545937 0.079382 0.454063
v 0.548723 0.082615 0.451277
v 0.551010 0.086555 0.448990
v 0.552709 0.091050 0.447291
v 0.553755 0.095928 0.446245
v 0.554108 0.101000 0.445892
v 0.553755 0.106072 0.446245
v 0.552709 0.110950 0.447291
v 0.551010 0.115445 0.448990
v 0.548723 0.119385 0.451277
v 0.545937 0.122618 0.454063
v 0.542759 0.125021 0.457241
v 0.539310 0.126500 0.460690
v 0.562572 0.126500 0.493858
v 0.565554 0.127000 0.489754
v 0.559705 0.125021 0.497804
v 0.557063 0.122618 0.501440
v 0.554747 0.119385 0.504628
v 0.552847 0.115445 0.507244
v 0.551435 0.110950 0.509188
v 0.550565 0.106072 0.510385
v 0.550271 0.101000 0.510789
v 0.550565 0.095928 0.510385
v 0.551435 0.091050 0.509188
v 0.552847 0.086555 0.507244
v 0.554747 0.082615 0.504628
v 0.557063 0.079382 0.501440
v 0.559705 0.076979 0.497804
v 0.562572 0.075500 0.493858
v 0.565554 0.075000 0.489754
v 0.568535 0.075500 0.485651
v 0.571402 0.076979 0.481705
v 0.574044 0.079382 0.478068
v 0.576360 0.082615 0.474881
v 0.578261 0.086555 0.472265
v 0.579673 0.091050 0.470321
v 0.580542 0.095928 0.469124
v 0.580836 0.101000 0.468720
v 0.580542 0.106072 0.469124
v 0.579673 0.110950 0.470321
v 0.578261 0.115445 0.472265
v 0.576360 0.119385 0.474881
v 0.574044 0.122618 0.478068
v 0.571402 0.125021 0.481705
v 0.568535 0.126500 0.485651
v 0.596700 0.126500 0.514771
v 0.599002 0.127000 0.510252
v 0.594485 0.125021 0.519117
v 0.592445 0.122618 0.523122
v 0.590656 0.119385 0.526633
v 0.589188 0.115445 0.529514
v 0.588097 0.110950 0.531654
v 0.587425 0.106072 0.532973
v 0.587199 0.101000 0.533418
v 0.587425 0.095928 0.532973
v 0.588097 0.091050 0.531654
v 0.589188 0.086555 0.529514
v 0.590656 0.082615 0.526633
v 0.592445 0.079382 0.523122
v 0.594485 0.076979 0.519117
v 0.596700 0.075500 0.514771
v 0.599002 0.075000 0.510252
v 0.601305 0.075500 0.505732
v 0.603519 0.076979 0.501386
v 0.605560 0.079382 0.497381
v 0.607349 0.082615 0.493871
v 0.608817 0.086555 0.490990
v 0.609908 0.091050 0.488849
v 0.610579 0.095928 0.487531
v 0.610806 0.101000 0.487085
v 0.610579 0.106072 0.487531
v 0.609908 0.110950 0.488849
v 0.608817 0.115445 0.490990
v 0.607349 0.119385 0.493871
v 0.605560 0.122618 0.497381
v 0.603519 0.125021 0.501386
v 0.601305 0.126500 0.505732
v 0.633678 0.126500 0.530088
v 0.635246 0.127000 0.525264
v 0.632171 0.125021 0.534727
v 0.630782 0.122618 0.539002
v 0.629565 0.119385 0.542749
v 0.628565 0.115445 0.545824
v 0.627823 0.110950 0.548109
v 0.627366 0.106072 0.549516
v 0.627211 0.101000 0.549992
v 0.627366 0.095928 0.549516
v 0.627823 0.091050 0.548109
v 0.628565 0.086555 0.545824
v 0.629565 0.082615 0.542749
v 0.630782 0.079382 0.539002
v 0.632171 0.076979 0.534727
v 0.633678 0.075500 0.530088
v 0.635246 0.075000 0.525264
v 0.636813 0.075500 0.520440
v 0.638320 0.076979 0.515801
v 0.639709 0.079382 0.511526
v 0.640927 0.082615 0.507779
v 0.641926 0.086555 0.504704
v 0.642669 0.091050 0.502419
v 0.643126 0.095928 0.501012
v 0.643280 0.101000 0.500537
v 0.643126 0.106072 0.501012
v 0.642669 0.110950 0.502419
v 0.641926 0.115445 0.504704
v 0.640927 0.119385 0.507779
v 0.639709 0.122618 0.511526
v 0.638320 0.125021 0.515801
v 0.636813 0.126500 0.520440
v 0.672598 0.126500 0.539432
v 0.673391 0.127000 0.534422
v 0.671835 0.125021 0.544249
v 0.671132 0.122618 0.548689
v 0.670515 0.119385 0.552581
v 0.670010 0.115445 0.555774
v 0.669634 0.110950 0.558147
v 0.669402 0.106072 0.559609
v 0.669324 0.101000 0.560102
v 0.669402 0.095928 0.559609
v 0.669634 0.091050 0.558147
v 0.670010 0.086555 0.555774
v 0.670515 0.082615 0.552581
v 0.671132 0.079382 0.548689
v 0.671835 0.076979 0.544249
v 0.672598 0.075500 0.539432
v 0.673391 0.075000 0.534422
v 0.674185 0.075500 0.529412
v 0.674948 0.076979 0.524595
v 0.675651 0.079382 0.520155
v 0.676267 0.082615 0.516264
v 0.676773 0.086555 0.513070
v 0.677149 0.091050 0.510697
v 0.677381 0.095928 0.509236
v 0.677459 0.101000 0.508742
v 0.677381 0.106072 0.509236
v 0.677149 0.110950 0.510697
v 0.676773 0.115445 0.513070
v 0.676267 0.119385 0.516264
v 0.675651 0.122618 0.520155
v 0.674948 0.125021 0.524595
v 0.674185 0.126500 0.529412
v 0.712102 0.126500 0.542557
v 0.712500 0.127000 0.537500
v 0.711719 0.125021 0.547419
v 0.711367 0.122618 0.551900
v 0.711058 0.119385 0.555828
v 0.710804 0.115445 0.559052
v 0.710615 0.110950 0.561447
v 0.710499 0.106072 0.562922
v 0.710460 0.101000 0.563420
v 0.710499 0.095928 0.562922
v 0.710615 0.091050 0.561447
v 0.710804 0.086555 0.559052
v 0.711058 0.082615 0.555828
v 0.711367 0.079382 0.551900
v 0.711719 0.076979 0.547419
v 0.712102 0.075500 0.542557
v 0.712500 0.075000 0.537500
v 0.712898 0.075500 0.532443
v 0.713281 0.076979 0.527581
v 0.713633 0.079382 0.523100
v 0.713942 0.082615 0.519172
v 0.714196 0.086555 0.515948
v 0.714385 0.091050 0.513553
v 0.714501 0.095928 0.512078
v 0.714540 0.101000 0.511580
v 0.714501 0.106072 0.512078
v 0.714385 0.110950 0.513553
v 0.714196 0.115445 0.515948
v 0.713942 0.119385 0.519172
v 0.713633 0.122618 0.523100
v 0.713281 0.125021 0.527581
v 0.712898 0.126500 0.532443
v 0.537500 0.127000 0.287500
v 0.532443 0.126500 0.287898
v 0.534645 0.126500 0.315670
v 0.539655 0.127000 0.314876
v 0.527581 0.125021 0.288281
v 0.529827 0.125021 0.316433
v 0.523100 0.122618 0.288633
v 0.525388 0.122618 0.317136
v 0.519172 0.119385 0.288942
v 0.521496 0.119385 0.317752
v 0.515948 0.115445 0.289196
v 0.518302 0.115445 0.318258
v 0.513553 0.110950 0.289385
v 0.515929 0.110950 0.318634
v 0.512078 0.106072 0.289501
v 0.514468 0.106072 0.318865
v 0.511580 0.101000 0.289540
v 0.513975 0.101000 0.318943
v 0.512078 0.095928 0.289501
v 0.514468 0.095928 0.318865
v 0.513553 0.091050 0.289385
v 0.515929 0.091050 0.318634
v 0.515948 0.086555 0.289196
v 0.518302 0.086555 0.318258
v 0.519172 0.082615 0.288942
v 0.521496 0.082615 0.317752
v 0.523100 0.079382 0.288633
v 0.525388 0.079382 0.317136
v 0.527581 0.076979 0.288281
v 0.529827 0.076979 0.316433
v 0.532443 0.075500 0.287898
v 0.534645 0.075500 0.315670
v 0.537500 0.075000 0.287500
v 0.539655 0.075000 0.314876
v 0.542557 0.075500 0.287102
v 0.544664 0.075500 0.314083
v 0.547419 0.076979 0.286719
v 0.549482 0.076979 0.313320
v 0.551900 0.079382 0.286367
v 0.553922 0.079382 0.312616
v 0.555828 0.082615 0.286058
v 0.557813 0.082615 0.312000
v 0.559052 0.086555 0.285804
v 0.561007 0.086555 0.311494
v 0.561447 0.091050 0.285615
v 0.563380 0.091050 0.311118
v 0.562922 0.095928 0.285499
v 0.564841 0.095928 0.310887
v 0.563420 0.101000 0.285460
v 0.565334 0.101000 0.310809
v 0.562922 0.106072 0.285499
v 0.564841 0.106072 0.310887
v 0.561447 0.110950 0.285615
v 0.563380 0.110950 0.311118
v 0.559052 0.115445 0.285804
v 0.561007 0.115445 0.311494
v 0.555828 0.119385 0.286058
v 0.557813 0.119385 0.312000
v 0.551900 0.122618 0.286367
v 0.553922 0.122618 0.312616
v 0.547419 0.125021 0.286719
v 0.549482 0.125021 0.313320
v 0.542557 0.126500 0.287102
v 0.544664 0.126500 0.314083
v 0.541241 0.126500 0.343145
v 0.546065 0.127000 0.341578
v 0.536602 0.125021 0.344653
v 0.532327 0.122618 0.346042
v 0.528580 0.119385 0.347259
v 0.525505 0.115445 0.348258
v 0.523220 0.110950 0.349001
v 0.521813 0.106072 0.349458
v 0.521338 0.101000 0.349612
v 0.521813 0.095928 0.349458
v 0.523220 0.091050 0.349001
v 0.525505 0.086555 0.348258
v 0.528580 0.082615 0.347259
v 0.532327 0.079382 0.346042
v 0.536602 0.076979 0.344653
v 0.541241 0.075500 0.343145
v 0.546065 0.075000 0.341578
v 0.550889 0.075500 0.340011
v 0.555528 0.076979 0.338503
v 0.559803 0.079382 0.337114
v 0.563550 0.082615 0.335897
v 0.566625 0.086555 0.334898
v 0.568910 0.091050 0.334155
v 0.570317 0.095928 0.333698
v 0.570793 0.101000 0.333544
v 0.570317 0.106072 0.333698
v 0.568910 0.110950 0.334155
v 0.566625 0.115445 0.334898
v 0.563550 0.119385 0.335897
v 0.559803 0.122618 0.337114
v 0.555528 0.125021 0.338503
v 0.550889 0.126500 0.340011
v 0.552054 0.126500 0.369251
v 0.556574 0.127000 0.366948
v 0.547709 0.125021 0.371465
v 0.543703 0.122618 0.373506
v 0.540193 0.119385 0.375295
v 0.537312 0.115445 0.376763
v 0.535171 0.110950 0.377854
v 0.533853 0.106072 0.378525
v 0.533408 0.101000 0.378752
v 0.533853 0.095928 0.378525
v 0.535171 0.091050 0.377854
v 0.537312 0.086555 0.376763
v 0.540193 0.082615 0.375295
v 0.543703 0.079382 0.373506
v 0.547709 0.076979 0.371465
v 0.552054 0.075500 0.369251
v 0.556574 0.075000 0.366948
v 0.561093 0.075500 0.364646
v 0.565439 0.076979 0.362431
v 0.569444 0.079382 0.360391
v 0.572955 0.082615 0.358602
v 0.575836 0.086555 0.357134
v 0.577977 0.091050 0.356043
v 0.579295 0.095928 0.355371
v 0.579740 0.101000 0.355145
v 0.579295 0.106072 0.355371
v 0.577977 0.110950 0.356043
v 0.575836 0.115445 0.357134
v 0.572955 0.119385 0.358602
v 0.569444 0.122618 0.360391
v 0.565439 0.125021 0.362431
v 0.561093 0.126500 0.364646
v 0.566818 0.126500 0.393344
v 0.570922 0.127000 0.390362
v 0.562872 0.125021 0.396211
v 0.559236 0.122618 0.398853
v 0.556048 0.119385 0.401169
v 0.553433 0.115445 0.403069
v 0.551489 0.110950 0.404482
v 0.550292 0.106072 0.405351
v 0.549888 0.101000 0.405645
v 0.550292 0.095928 0.405351
v 0.551489 0.091050 0.404482
v 0.553433 0.086555 0.403069
v 0.556048 0.082615 0.401169
v 0.559236 0.079382 0.398853
v 0.562872 0.076979 0.396211
v 0.566818 0.075500 0.393344
v 0.570922 0.075000 0.390362
v 0.575026 0.075500 0.387381
v 0.578972 0.076979 0.384514
v 0.582608 0.079382 0.381872
v 0.585796 0.082615 0.379556
v 0.588412 0.086555 0.377656
v 0.590355 0.091050 0.376243
v 0.591552 0.095928 0.375374
v 0.591956 0.101000 0.375080
v 0.591552 0.106072 0.375374
v 0.590355 0.110950 0.376243
v 0.588412 0.115445 0.377656
v 0.585796 0.119385 0.379556
v 0.582608 0.122618 0.381872
v 0.578972 0.125021 0.384514
v 0.575026 0.126500 0.387381
v 0.585170 0.126500 0.414830
v 0.588756 0.127000 0.411244
v 0.581721 0.125021 0.418279
v 0.578542 0.122618 0.421458
v 0.575756 0.119385 0.424244
v 0.573470 0.115445 0.426530
v 0.571771 0.110950 0.428229
v 0.570725 0.106072 0.429275
v 0.570372 0.101000 0.429628
v 0.570725 0.095928 0.429275
v 0.571771 0.091050 0.428229
v 0.573470 0.086555 0.426530
v 0.575756 0.082615 0.424244
v 0.578542 0.079382 0.421458
v 0.581721 0.076979 0.418279
v 0.585170 0.075500 0.414830
v 0.588756 0.075000 0.411244
v 0.592343 0.075500 0.407657
v 0.595792 0.076979 0.404208
v 0.598970 0.079382 0.401030
v 0.601756 0.082615 0.398244
v 0.604043 0.086555 0.395957
v 0.605742 0.091050 0.394258
v 0.606788 0.095928 0.393212
v 0.607141 0.101000 0.392859
v 0.606788 0.106072 0.393212
v 0.605742 0.110950 0.394258
v 0.604043 0.115445 0.395957
v 0.601756 0.119385 0.398244
v 0.598970 0.122618 0.401030
v 0.595792 0.125021 0.404208
v 0.592343 0.126500 0.407657
v 0.606656 0.126500 0.433182
v 0.609638 0.127000 0.429078
v 0.603789 0.125021 0.437128
v 0.601147 0.122618 0.440764
v 0.598831 0.119385 0.443952
v 0.596931 0.115445 0.446567
v 0.595518 0.110950 0.448511
v 0.594649 0.106072 0.449708
v 0.594355 0.101000 0.450112
v 0.594649 0.095928 0.449708
v 0.595518 0.091050 0.448511
v 0.596931 0.086555 0.446567
v 0.598831 0.082615 0.443952
v 0.601147 0.079382 0.440764
v 0.603789 0.076979 0.437128
v 0.606656 0.075500 0.433182
v 0.609638 0.075000 0.429078
v 0.612619 0.075500 0.424974
v 0.615486 0.076979 0.421028
v 0.618128 0.079382 0.417392
v 0.620444 0.082615 0.414204
v 0.622344 0.086555 0.411588
v 0.623757 0.091050 0.409645
v 0.624626 0.095928 0.408448
v 0.624920 0.101000 0.408044
v 0.624626 0.106072 0.408448
v 0.623757 0.110950 0.409645
v 0.622344 0.115445 0.411588
v 0.620444 0.119385 0.414204
v 0.618128 0.122618 0.417392
v 0.615486 0.125021 0.421028
v 0.612619 0.126500 0.424974
v 0.630749 0.126500 0.447946
v 0.633052 0.127000 0.443426
v 0.628535 0.125021 0.452291
v 0.626494 0.122618 0.456297
v 0.624705 0.119385 0.459807
v 0.623237 0.115445 0.462688
v 0.622146 0.110950 0.464829
v 0.621475 0.106072 0.466147
v 0.621248 0.101000 0.466592
v 0.621475 0.095928 0.466147
v 0.622146 0.091050 0.464829
v 0.623237 0.086555 0.462688
v 0.624705 0.082615 0.459807
v 0.626494 0.079382 0.456297
v 0.628535 0.076979 0.452291
v 0.630749 0.075500 0.447946
v 0.633052 0.075000 0.443426
v 0.635354 0.075500 0.438907
v 0.637569 0.076979 0.434561
v 0.639609 0.079382 0.430556
v 0.641398 0.082615 0.427045
v 0.642866 0.086555 0.424164
v 0.643957 0.091050 0.422023
v 0.644629 0.095928 0.420705
v 0.644855 0.101000 0.420260
v 0.644629 0.106072 0.420705
v 0.643957 0.110950 0.422023
v 0.642866 0.115445 0.424164
v 0.641398 0.119385 0.427045
v 0.639609 0.122618 0.430556
v 0.637569 0.125021 0.434561
v 0.635354 0.126500 0.438907
v 0.656855 0.126500 0.458759
v 0.658422 0.127000 0.453935
v 0.655347 0.125021 0.463398
v 0.653958 0.122618 0.467673
v 0.652741 0.119385 0.471420
v 0.651742 0.115445 0.474495
v 0.650999 0.110950 0.476780
v 0.650542 0.106072 0.478187
v 0.650388 0.101000 0.478662
v 0.650542 0.095928 0.478187
v 0.650999 0.091050 0.476780
v 0.651742 0.086555 0.474495
v 0.652741 0.082615 0.471420
v 0.653958 0.079382 0.467673
v 0.655347 0.076979 0.463398
v 0.656855 0.075500 0.458759
v 0.658422 0.075000 0.453935
v 0.659989 0.075500 0.449111
v 0.661497 0.076979 0.444472
v 0.662886 0.079382 0.440197
v 0.664103 0.082615 0.436450
v 0.665102 0.086555 0.433375
v 0.665845 0.091050 0.431090
v 0.666302 0.095928 0.429683
v 0.666456 0.101000 0.429207
v 0.666302 0.106072 0.429683
v 0.665845 0.110950 0.431090
v 0.665102 0.115445 0.433375
v 0.664103 0.119385 0.436450
v 0.662886 0.122618 0.440197
v 0.661497 0.125021 0.444472
v 0.659989 0.126500 0.449111
v 0.684330 0.126500 0.465355
v 0.685124 0.127000 0.460345
v 0.683567 0.125021 0.470173
v 0.682864 0.122618 0.474612
v 0.682248 0.119385 0.478504
v 0.681742 0.115445 0.481698
v 0.681366 0.110950 0.484071
v 0.681135 0.106072 0.485532
v 0.681057 0.101000 0.486025
v 0.681135 0.095928 0.485532
v 0.681366 0.091050 0.484071
v 0.681742 0.086555 0.481698
v 0.682248 0.082615 0.478504
v 0.682864 0.079382 0.474612
v 0.683567 0.076979 0.470173
v 0.684330 0.075500 0.465355
v 0.685124 0.075000 0.460345
v 0.685917 0.075500 0.455336
v 0.686680 0.076979 0.450518
v 0.687384 0.079382 0.446078
v 0.688000 0.082615 0.442187
v 0.688506 0.086555 0.438993
v 0.688882 0.091050 0.436620
v 0.689113 0.095928 0.435159
v 0.689191 0.101000 0.434666
v 0.689113 0.106072 0.435159
v 0.688882 0.110950 0.436620
v 0.688506 0.115445 0.438993
v 0.688000 0.119385 0.442187
v 0.687384 0.122618 0.446078
v 0.686680 0.125021 0.450518
v 0.685917 0.126500 0.455336
v 0.712102 0.126500 0.467557
v 0.712500 0.127000 0.462500
v 0.711719 0.125021 0.472419
v 0.711367 0.122618 0.476900
v 0.711058 0.119385 0.480828
v 0.710804 0.115445 0.484052
v 0.710615 0.110950 0.486447
v 0.710499 0.106072 0.487922
v 0.710460 0.101000 0.488420
v 0.710499 0.095928 0.487922
v 0.710615 0.091050 0.486447
v 0.710804 0.086555 0.484052
v 0.711058 0.082615 0.480828
v 0.711367 0.079382 0.476900
v 0.711719 0.076979 0.472419
v 0.712102 0.075500 0.467557
v 0.712500 0.075000 0.462500
v 0.712898 0.075500 0.457443
v 0.713281 0.076979 0.452581
v 0.713633 0.079382 0.448100
v 0.713942 0.082615 0.444172
v 0.714196 0.086555 0.440948
v 0.714385 0.091050 0.438553
v 0.714501 0.095928 0.437078
v 0.714540 0.101000 0.436580
v 0.714501 0.106072 0.437078
v 0.714385 0.110950 0.438553
v 0.714196 0.115445 0.440948
v 0.713942 0.119385 0.444172
v 0.713633 0.122618 0.448100
v 0.713281 0.125021 0.452581
v 0.712898 0.126500 0.457443
vn -0.0972 0.9904 0.0077
vn -0.2880 0.9523 0.0227
vn -0.4677 0.8777 0.0368
vn -0.6294 0.7693 0.0495
vn -0.7669 0.6313 0.0604
vn -0.8750 0.4691 0.0689
vn -0.9494 0.2889 0.0747
vn -0.9873 0.0975 0.0777
vn -0.9873 -0.0975 0.0777
vn -0.9494 -0.2889 0.0747
vn -0.8750 -0.4691 0.0689
vn -0.7669 -0.6313 0.0604
vn -0.6294 -0.7693 0.0495
vn -0.4677 -0.8777 0.0368
vn -0.2880 -0.9523 0.0227
vn -0.0972 -0.9904 0.0077
vn 0.0972 -0.9904 -0.0077
vn 0.2880 -0.9523 -0.0227
vn 0.4677 -0.8777 -0.0368
vn 0.6294 -0.7693 -0.0495
vn 0.7669 -0.6313 -0.0604
vn 0.8750 -0.4691 -0.0689
vn 0.9494 -0.2889 -0.0747
vn 0.9873 -0.0975 -0.0777
vn 0.9873 0.0975 -0.0777
vn 0.9494 0.2889 -0.0747
vn 0.8750 0.4691 -0.0689
vn 0.7669 0.6313 -0.0604
vn 0.6294 0.7693 -0.0495
vn 0.4677 0.8777 -0.0368
vn 0.2880 0.9523 -0.0227
vn 0.0972 0.9904 -0.0077
vn -0.0963 0.9904 0.0153
vn -0.2853 0.9523 0.0452
vn -0.4634 0.8777 0.0734
vn -0.6236 0.7693 0.0988
vn -0.7598 0.6313 0.1203
vn -0.8669 0.4691 0.1373
vn -0.9406 0.2889 0.1490
vn -0.9782 0.0975 0.1549
vn -0.9782 -0.0975 0.1549
vn -0.9406 -0.2889 0.1490
vn -0.8669 -0.4691 0.1373
vn -0.7598 -0.6313 0.1203
vn -0.6236 -0.7693 0.0988
vn -0.4634 -0.8777 0.0734
vn -0.2853 -0.9523 0.0452
vn -0.0963 -0.9904 0.0153
vn 0.0963 -0.9904 -0.0153
vn 0.2853 -0.9523 -0.0452
vn 0.4634 -0.8777 -0.0734
vn 0.6236 -0.7693 -0.0988
vn 0.7598 -0.6313 -0.1203
vn 0.8669 -0.4691 -0.1373
vn 0.9406 -0.2889 -0.1490
vn 0.9782 -0.0975 -0.1549
vn 0.9782 0.0975 -0.1549
vn 0.9406 0.2889 -0.1490
vn 0.8669 0.4691 -0.1373
vn 0.7598 0.6313 -0.1203
vn 0.6236 0.7693 -0.0988
vn 0.4634 0.8777 -0.0734
vn 0.2853 0.9523 -0.0452
vn 0.0963 0.9904 -0.0153
vn -0.0928 0.9904 0.0301
vn -0.2747 0.9523 0.0893
vn -0.4462 0.8777 0.1450
vn -0.6004 0.7693 0.1951
vn -0.7316 0.6313 0.2377
vn -0.8347 0.4691 0.2712
vn -0.9057 0.2889 0.2943
vn -0.9419 0.0975 0.3060
vn -0.9419 -0.0975 0.3060
vn -0.9057 -0.2889 0.2943
vn -0.8347 -0.4691 0.2712
vn -0.7316 -0.6313 0.2377
vn -0.6004 -0.7693 0.1951
vn -0.4462 -0.8777 0.1450
vn -0.2747 -0.9523 0.0893
vn -0.0928 -0.9904 0.0301
vn 0.0928 -0.9904 -0.0301
vn 0.2747 -0.9523 -0.0893
vn 0.4462 -0.8777 -0.1450
vn 0.6004 -0.7693 -0.1951
vn 0.7316 -0.6313 -0.2377
vn 0.8347 -0.4691 -0.2712
vn 0.9057 -0.2889 -0.2943
vn 0.9419 -0.0975 -0.3060
vn 0.9419 0.0975 -0.3060
vn 0.9057 0.2889 -0.2943
vn 0.8347 0.4691 -0.2712
vn 0.7316 0.6313 -0.2377
vn 0.6004 0.7693 -0.1951
vn 0.4462 0.8777 -0.1450
vn 0.2747 0.9523 -0.0893
vn 0.0928 0.9904 -0.0301
vn -0.0869 0.9904 0.0443
vn -0.2574 0.9523 0.1312
vn -0.4180 0.8777 0.2130
vn -0.5625 0.7693 0.2866
vn -0.6854 0.6313 0.3493
vn -0.7820 0.4691 0.3985
vn -0.8485 0.2889 0.4324
vn -0.8824 0.0975 0.4496
vn -0.8824 -0.0975 0.4496
vn -0.8485 -0.2889 0.4324
vn -0.7820 -0.4691 0.3985
vn -0.6854 -0.6313 0.3493
vn -0.5625 -0.7693 0.2866
vn -0.4180 -0.8777 0.2130
vn -0.2574 -0.9523 0.1312
vn -0.0869 -0.9904 0.0443
vn 0.0869 -0.9904 -0.0443
vn 0.2574 -0.9523 -0.1312
vn 0.4180 -0.8777 -0.2130
vn 0.5625 -0.7693 -0.2866
vn 0.6854 -0.6313 -0.3493
vn 0.7820 -0.4691 -0.3985
vn 0.8485 -0.2889 -0.4324
vn 0.8824 -0.0975 -0.4496
vn 0.8824 0.0975 -0.4496
vn 0.8485 0.2889 -0.4324
vn 0.7820 0.4691 -0.3985
vn 0.6854 0.6313 -0.3493
vn 0.5625 0.7693 -0.2866
vn 0.4180 0.8777 -0.2130
vn 0.2574 0.9523 -0.1312
vn 0.0869 0.9904 -0.0443
vn -0.0789 0.9904 0.0573
vn -0.2337 0.9523 0.1698
vn -0.3795 0.8777 0.2757
vn -0.5108 0.7693 0.3711
vn -0.6224 0.6313 0.4522
vn -0.7101 0.4691 0.5159
vn -0.7705 0.2889 0.5598
vn -0.8012 0.0975 0.5821
vn -0.8012 -0.0975 0.5821
vn -0.7705 -0.2889 0.5598
vn -0.7101 -0.4691 0.5159
vn -0.6224 -0.6313 0.4522
vn -0.5108 -0.7693 0.3711
vn -0.3795 -0.8777 0.2757
vn -0.2337 -0.9523 0.1698
vn -0.0789 -0.9904 0.0573
vn 0.0789 -0.9904 -0.0573
vn 0.2337 -0.9523 -0.1698
vn 0.3795 -0.8777 -0.2757
vn 0.5108 -0.7693 -0.3711
vn 0.6224 -0.6313 -0.4522
vn 0.7101 -0.4691 -0.5159
vn 0.7705 -0.2889 -0.5598
vn 0.8012 -0.0975 -0.5821
vn 0.8012 0.0975 -0.5821
vn 0.7705 0.2889 -0.5598
vn 0.7101 0.4691 -0.5159
vn 0.6224 0.6313 -0.4522
vn 0.5108 0.7693 -0.3711
vn 0.3795 0.8777 -0.2757
vn 0.2337 0.9523 -0.1698
vn 0.0789 0.9904 -0.0573
vn -0.0690 0.9904 0.0690
vn -0.2043 0.9523 0.2043
vn -0.3317 0.8777 0.3317
vn -0.4464 0.7693 0.4464
vn -0.5440 0.6313 0.5440
vn -0.6206 0.4691 0.6206
vn -0.6734 0.2889 0.6734
vn -0.7003 0.0975 0.7003
vn -0.7003 -0.0975 0.7003
vn -0.6734 -0.2889 0.6734
vn -0.6206 -0.4691 0.6206
vn -0.5440 -0.6313 0.5440
vn -0.4464 -0.7693 0.4464
vn -0.3317 -0.8777 0.3317
vn -0.2043 -0.9523 0.2043
vn -0.0690 -0.9904 0.0690
vn 0.0690 -0.9904 -0.0690
vn 0.2043 -0.9523 -0.2043
vn 0.3317 -0.8777 -0.3317
vn 0.4464 -0.7693 -0.4464
vn 0.5440 -0.6313 -0.5440
vn 0.6206 -0.4691 -0.6206
vn 0.6734 -0.2889 -0.6734
vn 0.7003 -0.0975 -0.7003
vn 0.7003 0.0975 -0.7003
vn 0.6734 0.2889 -0.6734
vn 0.6206 0.4691 -0.6206
vn 0.5440 0.6313 -0.5440
vn 0.4464 0.7693 -0.4464
vn 0.3317 0.8777 -0.3317
vn 0.2043 0.9523 -0.2043
vn 0.0690 0.9904 -0.0690
vn -0.0573 0.9904 0.0789
vn -0.1698 0.9523 0.2337
vn -0.2757 0.8777 0.3795
vn -0.3711 0.7693 0.5108
vn -0.4522 0.6313 0.6224
vn -0.5159 0.4691 0.7101
vn -0.5598 0.2889 0.7705
vn -0.5821 0.0975 0.8012
vn -0.5821 -0.0975 0.8012
vn -0.5598 -0.2889 0.7705
vn -0.5159 -0.4691 0.7101
vn -0.4522 -0.6313 0.6224
vn -0.3711 -0.7693 0.5108
vn -0.2757 -0.8777 0.3795
vn -0.1698 -0.9523 0.2337
vn -0.0573 -0.9904 0.0789
vn 0.0573 -0.9904 -0.0789
vn 0.1698 -0.9523 -0.2337
vn 0.2757 -0.8777 -0.3795
vn 0.3711 -0.7693 -0.5108
vn 0.4522 -0.6313 -0.6224
vn 0.5159 -0.4691 -0.7101
vn 0.5598 -0.2889 -0.7705
vn 0.5821 -0.0975 -0.8012
vn 0.5821 0.0975 -0.8012
vn 0.5598 0.2889 -0.7705
vn 0.5159 0.4691 -0.7101
vn 0.4522 0.6313 -0.6224
vn 0.3711 0.7693 -0.5108
vn 0.2757 0.8777 -0.3795
vn 0.1698 0.9523 -0.2337
vn 0.0573 0.9904 -0.0789
vn -0.0443 0.9904 0.0869
vn -0.1312 0.9523 0.2574
vn -0.2130 0.8777 0.4180
vn -0.2866 0.7693 0.5625
vn -0.3493 0.6313 0.6854
vn -0.3985 0.4691 0.7820
vn -0.4324 0.2889 0.8485
vn -0.4496 0.0975 0.8824
vn -0.4496 -0.0975 0.8824
vn -0.4324 -0.2889 0.8485
vn -0.3985 -0.4691 0.7820
vn -0.3493 -0.6313 0.6854
vn -0.2866 -0.7693 0.5625
vn -0.2130 -0.8777 0.4180
vn -0.1312 -0.9523 0.2574
vn -0.0443 -0.9904 0.0869
vn 0.0443 -0.9904 -0.0869
vn 0.1312 -0.9523 -0.2574
vn 0.2130 -0.8777 -0.4180
vn 0.2866 -0.7693 -0.5625
vn 0.3493 -0.6313 -0.6854
vn 0.3985 -0.4691 -0.7820
vn 0.4324 -0.2889 -0.8485
vn 0.4496 -0.0975 -0.8824
vn 0.4496 0.0975 -0.8824
vn 0.4324 0.2889 -0.8485
vn 0.3985 0.4691 -0.7820
vn 0.3493 0.6313 -0.6854
vn 0.2866 0.7693 -0.5625
vn 0.2130 0.8777 -0.4180
vn 0.1312 0.9523 -0.2574
vn 0.0443 0.9904 -0.0869
vn -0.0301 0.9904 0.0928
vn -0.0893 0.9523 0.2747
vn -0.1450 0.8777 0.4462
vn -0.1951 0.7693 0.6004
vn -0.2377 0.6313 0.7316
vn -0.2712 0.4691 0.8347
vn -0.2943 0.2889 0.9057
vn -0.3060 0.0975 0.9419
vn -0.3060 -0.0975 0.9419
vn -0.2943 -0.2889 0.9057
vn -0.2712 -0.4691 0.8347
vn -0.2377 -0.6313 0.7316
vn -0.1951 -0.7693 0.6004
vn -0.1450 -0.8777 0.4462
vn -0.0893 -0.9523 0.2747
vn -0.0301 -0.9904 0.0928
vn 0.0301 -0.9904 -0.0928
vn 0.0893 -0.9523 -0.2747
vn 0.1450 -0.8777 -0.4462
vn 0.1951 -0.7693 -0.6004
vn 0.2377 -0.6313 -0.7316
vn 0.2712 -0.4691 -0.8347
vn 0.2943 -0.2889 -0.9057
vn 0.3060 -0.0975 -0.9419
vn 0.3060 0.0975 -0.9419
vn 0.2943 0.2889 -0.9057
vn 0.2712 0.4691 -0.8347
vn 0.2377 0.6313 -0.7316
vn 0.1951 0.7693 -0.6004
vn 0.1450 0.8777 -0.4462
vn 0.0893 0.9523 -0.2747
vn 0.0301 0.9904 -0.0928
vn -0.0153 0.9904 0.0963
vn -0.0452 0.9523 0.2853
vn -0.0734 0.8777 0.4634
vn -0.0988 0.7693 0.6236
vn -0.1203 0.6313 0.7598
vn -0.1373 0.4691 0.8669
vn -0.1490 0.2889 0.9406
vn -0.1549 0.0975 0.9782
vn -0.1549 -0.0975 0.9782
vn -0.1490 -0.2889 0.9406
vn -0.1373 -0.4691 0.8669
vn -0.1203 -0.6313 0.7598
vn -0.0988 -0.7693 0.6236
vn -0.0734 -0.8777 0.4634
vn -0.0452 -0.9523 0.2853
vn -0.0153 -0.9904 0.0963
vn 0.0153 -0.9904 -0.0963
vn 0.0452 -0.9523 -0.2853
vn 0.0734 -0.8777 -0.4634
vn 0.0988 -0.7693 -0.6236
vn 0.1203 -0.6313 -0.7598
vn 0.1373 -0.4691 -0.8669
vn 0.1490 -0.2889 -0.9406
vn 0.1549 -0.0975 -0.9782
vn 0.1549 0.0975 -0.9782
vn 0.1490 0.2889 -0.9406
vn 0.1373 0.4691 -0.8669
vn 0.1203 0.6313 -0.7598
vn 0.0988 0.7693 -0.6236
vn 0.0734 0.8777 -0.4634
vn 0.0452 0.9523 -0.2853
vn 0.0153 0.9904 -0.0963
vn -0.0785 -0.0000 -0.9969
vn 0.9969 0.0000 0.0785
vt 0.000000 0.000000
vt 0.031250 0.000000
vt 0.031250 0.100000
vt 0.000000 0.100000
vt 0.062500 0.000000
vt 0.062500 0.100000
vt 0.093750 0.000000
vt 0.093750 0.100000
vt 0.125000 0.000000
vt 0.125000 0.100000
vt 0.156250 0.000000
vt 0.156250 0.100000
vt 0.187500 0.000000
vt 0.187500 0.100000
vt 0.218750 0.000000
vt 0.218750 0.100000
vt 0.250000 0.000000
vt 0.250000 0.100000
vt 0.281250 0.000000
vt 0.281250 0.100000
vt 0.312500 0.000000
vt 0.312500 0.100000
vt 0.343750 0.000000
vt 0.343750 0.100000
vt 0.375000 0.000000
vt 0.375000 0.100000
vt 0.406250 0.000000
vt 0.406250 0.100000
vt 0.437500 0.000000
vt 0.437500 0.100000
vt 0.468750 0.000000
vt 0.468750 0.100000
vt 0.500000 0.000000
vt 0.500000 0.100000
vt 0.531250 0.000000
vt 0.531250 0.100000
vt 0.562500 0.000000
vt 0.562500 0.100000
vt 0.593750 0.000000
vt 0.593750 0.100000
vt 0.625000 0.000000
vt 0.625000 0.100000
vt 0.656250 0.000000
vt 0.656250 0.100000
vt 0.687500 0.000000
vt 0.687500 0.100000
vt 0.718750 0.000000
vt 0.718750 0.100000
vt 0.750000 0.000000
vt 0.750000 0.100000
vt 0.781250 0.000000
vt 0.781250 0.100000
vt 0.812500 0.000000
vt 0.812500 0.100000
vt 0.843750 0.000000
vt 0.843750 0.100000
vt 0.875000 0.000000
vt 0.875000 0.100000
vt 0.906250 0.000000
vt 0.906250 0.100000
vt 0.937500 0.000000
vt 0.937500 0.100000
vt 0.968750 0.000000
vt 0.968750 0.100000
vt 1.000000 0.000000
vt 1.000000 0.100000
vt 0.031250 0.200000
vt 0.000000 0.200000
vt 0.062500 0.200000
vt 0.093750 0.200000
vt 0.125000 0.200000
vt 0.156250 0.200000
vt 0.187500 0.200000
vt 0.218750 0.200000
vt 0.250000 0.200000
vt 0.281250 0.200000
vt 0.312500 0.200000
vt 0.343750 0.200000
vt 0.375000 0.200000
vt 0.406250 0.200000
vt 0.437500 0.200000
vt 0.468750 0.200000
vt 0.500000 0.200000
vt 0.531250 0.200000
vt 0.562500 0.200000
vt 0.593750 0.200000
vt 0.625000 0.200000
vt 0.656250 0.200000
vt 0.687500 0.200000
vt 0.718750 0.200000
vt 0.750000 0.200000
vt 0.781250 0.200000
vt 0.812500 0.200000
vt 0.843750 0.200000
vt 0.875000 0.200000
vt 0.906250 0.200000
vt 0.937500 0.200000
vt 0.968750 0.200000
vt 1.000000 0.200000
vt 0.031250 0.300000
vt 0.000000 0.300000
vt 0.062500 0.300000
vt 0.093750 0.300000
vt 0.125000 0.300000
vt 0.156250 0.300000
vt 0.187500 0.300000
vt 0.218750 0.300000
vt 0.250000 0.300000
vt 0.281250 0.300000
vt 0.312500 0.300000
vt 0.343750 0.300000
vt 0.375000 0.300000
vt 0.406250 0.300000
vt 0.437500 0.300000
vt 0.468750 0.300000
vt 0.500000 0.300000
vt 0.531250 0.300000
vt 0.562500 0.300000
vt 0.593750 0.300000
vt 0.625000 0.300000
vt 0.656250 0.300000
vt 0.687500 0.300000
vt 0.718750 0.300000
vt 0.750000 0.300000
vt 0.781250 0.300000
vt 0.812500 0.300000
vt 0.843750 0.300000
vt 0.875000 0.300000
vt 0.906250 0.300000
vt 0.937500 0.300000
vt 0.968750 0.300000
vt 1.000000 0.300000
vt 0.031250 0.400000
vt 0.000000 0.400000
vt 0.062500 0.400000
vt 0.093750 0.400000
vt 0.125000 0.400000
vt 0.156250 0.400000
vt 0.187500 0.400000
vt 0.218750 0.400000
vt 0.250000 0.400000
vt 0.281250 0.400000
vt 0.312500 0.400000
vt 0.343750 0.400000
vt 0.375000 0.400000
vt 0.406250 0.400000
vt 0.437500 0.400000
vt 0.468750 0.400000
vt 0.500000 0.400000
vt 0.531250 0.400000
vt 0.562500 0.400000
vt 0.593750 0.400000
vt 0.625000 0.400000
vt 0.656250 0.400000
vt 0.687500 0.400000
vt 0.718750 0.400000
vt 0.750000 0.400000
vt 0.781250 0.400000
vt 0.812500 0.400000
vt 0.843750 0.400000
vt 0.875000 0.400000
vt 0.906250 0.400000
vt 0.937500 0.400000
vt 0.968750 0.400000
vt 1.000000 0.400000
vt 0.031250 0.500000
vt 0.000000 0.500000
vt 0.062500 0.500000
vt 0.093750 0.500000
vt 0.125000 0.500000
vt 0.156250 0.500000
vt 0.187500 0.500000
vt 0.218750 0.500000
vt 0.250000 0.500000
vt 0.281250 0.500000
vt 0.312500 0.500000
vt 0.343750 0.500000
vt 0.375000 0.500000
vt 0.406250 0.500000
vt 0.437500 0.500000
vt 0.468750 0.500000
vt 0.500000 0.500000
vt 0.531250 0.500000
vt 0.562500 0.500000
vt 0.593750 0.500000
vt 0.625000 0.500000
vt 0.656250 0.500000
vt 0.687500 0.500000
vt 0.718750 0.500000
vt 0.750000 0.500000
vt 0.781250 0.500000
vt 0.812500 0.500000
vt 0.843750 0.500000
vt 0.875000 0.500000
vt 0.906250 0.500000
vt 0.937500 0.500000
vt 0.968750 0.500000
vt 1.000000 0.500000
vt 0.031250 0.600000
vt 0.000000 0.600000
vt 0.062500 0.600000
vt 0.093750 0.600000
vt 0.125000 0.600000
vt 0.156250 0.600000
vt 0.187500 0.600000
vt 0.218750 0.600000
vt 0.250000 0.600000
vt 0.281250 0.600000
vt 0.312500 0.600000
vt 0.343750 0.600000
vt 0.375000 0.600000
vt 0.406250 0.600000
vt 0.437500 0.600000
vt 0.468750 0.600000
vt 0.500000 0.600000
vt 0.531250 0.600000
vt 0.562500 0.600000
vt 0.593750 0.600000
vt 0.625000 0.600000
vt 0.656250 0.600000
vt 0.687500 0.600000
vt 0.718750 0.600000
vt 0.750000 0.600000
vt 0.781250 0.600000
vt 0.812500 0.600000
vt 0.843750 0.600000
vt 0.875000 0.600000
vt 0.906250 0.600000
vt 0.937500 0.600000
vt 0.968750 0.600000
vt 1.000000 0.600000
vt 0.031250 0.700000
vt 0.000000 0.700000
vt 0.062500 0.700000
vt 0.093750 0.700000
vt 0.125000 0.700000
vt 0.156250 0.700000
vt 0.187500 0.700000
vt 0.218750 0.700000
vt 0.250000 0.700000
vt 0.281250 0.700000
vt 0.312500 0.700000
vt 0.343750 0.700000
vt 0.375000 0.700000
vt 0.406250 0.700000
vt 0.437500 0.700000
vt 0.468750 0.700000
vt 0.500000 0.700000
vt 0.531250 0.700000
vt 0.562500 0.700000
vt 0.593750 0.700000
vt 0.625000 0.700000
vt 0.656250 0.700000
vt 0.687500 0.700000
vt 0.718750 0.700000
vt 0.750000 0.700000
vt 0.781250 0.700000
vt 0.812500 0.700000
vt 0.843750 0.700000
vt 0.875000 0.700000
vt 0.906250 0.700000
vt 0.937500 0.700000
vt 0.968750 0.700000
vt 1.000000 0.700000
vt 0.031250 0.800000
vt 0.000000 0.800000
vt 0.062500 0.800000
vt 0.093750 0.800000
vt 0.125000 0.800000
vt 0.156250 0.800000
vt 0.187500 0.800000
vt 0.218750 0.800000
vt 0.250000 0.800000
vt 0.281250 0.800000
vt 0.312500 0.800000
vt 0.343750 0.800000
vt 0.375000 0.800000
vt 0.406250 0.800000
vt 0.437500 0.800000
vt 0.468750 0.800000
vt 0.500000 0.800000
vt 0.531250 0.800000
vt 0.562500 0.800000
vt 0.593750 0.800000
vt 0.625000 0.800000
vt 0.656250 0.800000
vt 0.687500 0.800000
vt 0.718750 0.800000
vt 0.750000 0.800000
vt 0.781250 0.800000
vt 0.812500 0.800000
vt 0.843750 0.800000
vt 0.875000 0.800000
vt 0.906250 0.800000
vt 0.937500 0.800000
vt 0.968750 0.800000
vt 1.000000 0.800000
vt 0.031250 0.900000
vt 0.000000 0.900000
vt 0.062500 0.900000
vt 0.093750 0.900000
vt 0.125000 0.900000
vt 0.156250 0.900000
vt 0.187500 0.900000
vt 0.218750 0.900000
vt 0.250000 0.900000
vt 0.281250 0.900000
vt 0.312500 0.900000
vt 0.343750 0.900000
vt 0.375000 0.900000
vt 0.406250 0.900000
vt 0.437500 0.900000
vt 0.468750 0.900000
vt 0.500000 0.900000
vt 0.531250 0.900000
vt 0.562500 0.900000
vt 0.593750 0.900000
vt 0.625000 0.900000
vt 0.656250 0.900000
vt 0.687500 0.900000
vt 0.718750 0.900000
vt 0.750000 0.900000
vt 0.781250 0.900000
vt 0.812500 0.900000
vt 0.843750 0.900000
vt 0.875000 0.900000
vt 0.906250 0.900000
vt 0.937500 0.900000
vt 0.968750 0.900000
vt 1.000000 0.900000
vt 0.031250 1.000000
vt 0.000000 1.000000
vt 0.062500 1.000000
vt 0.093750 1.000000
vt 0.125000 1.000000
vt 0.156250 1.000000
vt 0.187500 1.000000
vt 0.218750 1.000000
vt 0.250000 1.000000
vt 0.281250 1.000000
vt 0.312500 1.000000
vt 0.343750 1.000000
vt 0.375000 1.000000
vt 0.406250 1.000000
vt 0.437500 1.000000
vt 0.468750 1.000000
vt 0.500000 1.000000
vt 0.531250 1.000000
vt 0.562500 1.000000
vt 0.593750 1.000000
vt 0.625000 1.000000
vt 0.656250 1.000000
vt 0.687500 1.000000
vt 0.718750 1.000000
vt 0.750000 1.000000
vt 0.781250 1.000000
vt 0.812500 1.000000
vt 0.843750 1.000000
vt 0.875000 1.000000
vt 0.906250 1.000000
vt 0.937500 1.000000
vt 0.968750 1.000000
vt 1.000000 1.000000
vt 0.990393 0.402455
vt 0.961940 0.308658
vt 0.915735 0.222215
vt 0.853553 0.146447
vt 0.777785 0.084265
vt 0.691342 0.038060
vt 0.597545 0.009607
vt 0.402455 0.009607
vt 0.308658 0.038060
vt 0.222215 0.084265
vt 0.146447 0.146447
vt 0.084265 0.222215
vt 0.038060 0.308658
vt 0.009607 0.402455
vt 0.009607 0.597545
vt 0.038060 0.691342
vt 0.084265 0.777785
vt 0.146447 0.853553
vt 0.222215 0.915735
vt 0.308658 0.961940
vt 0.402455 0.990393
vt 0.597545 0.990393
vt 0.691342 0.961940
vt 0.777785 0.915735
vt 0.853553 0.853553
vt 0.915735 0.777785
vt 0.961940 0.691342
vt 0.990393 0.597545
o conductor
usemtl conductor
f 1/1/1 2/2/1 3/3/1 4/4/1
f 2/2/2 5/5/2 6/6/2 3/3/2
f 5/5/3 7/7/3 8/8/3 6/6/3
f 7/7/4 9/9/4 10/10/4 8/8/4
f 9/9/5 11/11/5 12/12/5 10/10/5
f 11/11/6 13/13/6 14/14/6 12/12/6
f 13/13/7 15/15/7 16/16/7 14/14/7
f 15/15/8 17/17/8 18/18/8 16/16/8
f 17/17/9 19/19/9 20/20/9 18/18/9
f 19/19/10 21/21/10 22/22/10 20/20/10
f 21/21/11 23/23/11 24/24/11 22/22/11
f 23/23/12 25/25/12 26/26/12 24/24/12
f 25/25/13 27/27/13 28/28/13 26/26/13
f 27/27/14 29/29/14 30/30/14 28/28/14
f 29/29/15 31/31/15 32/32/15 30/30/15
f 31/31/16 33/33/16 34/34/16 32/32/16
f 33/33/17 35/35/17 36/36/17 34/34/17
f 35/35/18 37/37/18 38/38/18 36/36/18
f 37/37/19 39/39/19 40/40/19 38/38/19
f 39/39/20 41/41/20 42/42/20 40/40/20
f 41/41/21 43/43/21 44/44/21 42/42/21
f 43/43/22 45/45/22 46/46/22 44/44/22
f 45/45/23 47/47/23 48/48/23 46/46/23
f 47/47/24 49/49/24 50/50/24 48/48/24
f 49/49/25 51/51/25 52/52/25 50/50/25
f 51/51/26 53/53/26 54/54/26 52/52/26
f 53/53/27 55/55/27 56/56/27 54/54/27
f 55/55/28 57/57/28 58/58/28 56/56/28
f 57/57/29 59/59/29 60/60/29 58/58/29
f 59/59/30 61/61/30 62/62/30 60/60/30
f 61/61/31 63/63/31 64/64/31 62/62/31
f 63/63/32 1/65/32 4/66/32 64/64/32
f 4/4/33 3/3/33 65/67/33 66/68/33
f 3/3/34 6/6/34 67/69/34 65/67/34
f 6/6/35 8/8/35 68/70/35 67/69/35
f 8/8/36 10/10/36 69/71/36 68/70/36
f 10/10/37 12/12/37 70/72/37 69/71/37
f 12/12/38 14/14/38 71/73/38 70/72/38
f 14/14/39 16/16/39 72/74/39 71/73/39
f 16/16/40 18/18/40 73/75/40 72/74/40
f 18/18/41 20/20/41 74/76/41 73/75/41
f 20/20/42 22/22/42 75/77/42 74/76/42
f 22/22/43 24/24/43 76/78/43 75/77/43
f 24/24/44 26/26/44 77/79/44 76/78/44
f 26/26/45 28/28/45 78/80/45 77/79/45
f 28/28/46 30/30/46 79/81/46 78/80/46
f 30/30/47 32/32/47 80/82/47 79/81/47
f 32/32/48 34/34/48 81/83/48 80/82/48
f 34/34/49 36/36/49 82/84/49 81/83/49
f 36/36/50 38/38/50 83/85/50 82/84/50
f 38/38/51 40/40/51 84/86/51 83/85/51
f 40/40/52 42/42/52 85/87/52 84/86/52
f 42/42/53 44/44/53 86/88/53 85/87/53
f 44/44/54 46/46/54 87/89/54 86/88/54
f 46/46/55 48/48/55 88/90/55 87/89/55
f 48/48/56 50/50/56 89/91/56 88/90/56
f 50/50/57 52/52/57 90/92/57 89/91/57
f 52/52/58 54/54/58 91/93/58 90/92/58
f 54/54/59 56/56/59 92/94/59 91/93/59
f 56/56/60 58/58/60 93/95/60 92/94/60
f 58/58/61 60/60/61 94/96/61 93/95/61
f 60/60/62 62/62/62 95/97/62 94/96/62
f 62/62/63 64/64/63 96/98/63 95/97/63
f 64/64/64 4/66/64 66/99/64 96/98/64
f 66/68/65 65/67/65 97/100/65 98/101/65
f 65/67/66 67/69/66 99/102/66 97/100/66
f 67/69/67 68/70/67 100/103/67 99/102/67
f 68/70/68 69/71/68 101/104/68 100/103/68
f 69/71/69 70/72/69 102/105/69 101/104/69
f 70/72/70 71/73/70 103/106/70 102/105/70
f 71/73/71 72/74/71 104/107/71 103/106/71
f 72/74/72 73/75/72 105/108/72 104/107/72
f 73/75/73 74/76/73 106/109/73 105/108/73
f 74/76/74 75/77/74 107/110/74 106/109/74
f 75/77/75 76/78/75 108/111/75 107/110/75
f 76/78/76 77/79/76 109/112/76 108/111/76
f 77/79/77 78/80/77 110/113/77 109/112/77
f 78/80/78 79/81/78 111/114/78 110/113/78
f 79/81/79 80/82/79 112/115/79 111/114/79
f 80/82/80 81/83/80 113/116/80 112/115/80
f 81/83/81 82/84/81 114/117/81 113/116/81
f 82/84/82 83/85/82 115/118/82 114/117/82
f 83/85/83 84/86/83 116/119/83 115/118/83
f 84/86/84 85/87/84 117/120/84 116/119/84
f 85/87/85 86/88/85 118/121/85 117/120/85
f 86/88/86 87/89/86 119/122/86 118/121/86
f 87/89/87 88/90/87 120/123/87 119/122/87
f 88/90/88 89/91/88 121/124/88 120/123/88
f 89/91/89 90/92/89 122/125/89 121/124/89
f 90/92/90 91/93/90 123/126/90 122/125/90
f 91/93/91 92/94/91 124/127/91 123/126/91
f 92/94/92 93/95/92 125/128/92 124/127/92
f 93/95/93 94/96/93 126/129/93 125/128/93
f 94/96/94 95/97/94 127/130/94 126/129/94
f 95/97/95 96/98/95 128/131/95 127/130/95
f 96/98/96 66/99/96 98/132/96 128/131/96
f 98/101/97 97/100/97 129/133/97 130/134/97
f 97/100/98 99/102/98 131/135/98 129/133/98
f 99/102/99 100/103/99 132/136/99 131/135/99
f 100/103/100 101/104/100 133/137/100 132/136/100
f 101/104/101 102/105/101 134/138/101 133/137/101
f 102/105/102 103/106/102 135/139/102 134/138/102
f 103/106/103 104/107/103 136/140/103 135/139/103
f 104/107/104 105/108/104 137/141/104 136/140/104
f 105/108/105 106/109/105 138/142/105 137/141/105
f 106/109/106 107/110/106 139/143/106 138/142/106
f 107/110/107 108/111/107 140/144/107 139/143/107
f 108/111/108 109/112/108 141/145/108 140/144/108
f 109/112/109 110/113/109 142/146/109 141/145/109
f 110/113/110 111/114/110 143/147/110 142/146/110
f 111/114/111 112/115/111 144/148/111 143/147/111
f 112/115/112 113/116/112 145/149/112 144/148/112
f 113/116/113 114/117/113 146/150/113 145/149/113
f 114/117/114 115/118/114 147/151/114 146/150/114
f 115/118/115 116/119/115 148/152/115 147/151/115
f 116/119/116 117/120/116 149/153/116 148/152/116
f 117/120/117 118/121/117 150/154/117 149/153/117
f 118/121/118 119/122/118 151/155/118 150/154/118
f 119/122/119 120/123/119 152/156/119 151/155/119
f 120/123/120 121/124/120 153/157/120 152/156/120
f 121/124/121 122/125/121 154/158/121 153/157/121
f 122/125/122 123/126/122 155/159/122 154/158/122
f 123/126/123 124/127/123 156/160/123 155/159/123
f 124/127/124 125/128/124 157/161/124 156/160/124
f 125/128/125 126/129/125 158/162/125 157/161/125
f 126/129/126 127/130/126 159/163/126 158/162/126
f 127/130/127 128/131/127 160/164/127 159/163/127
f 128/131/128 98/132/128 130/165/128 160/164/128
f 130/134/129 129/133/129 161/166/129 162/167/129
f 129/133/130 131/135/130 163/168/130 161/166/130
f 131/135/131 132/136/131 164/169/131 163/168/131
f 132/136/132 133/137/132 165/170/132 164/169/132
f 133/137/133 134/138/133 166/171/133 165/170/133
f 134/138/134 135/139/134 167/172/134 166/171/134
f 135/139/135 136/140/135 168/173/135 167/172/135
f 136/140/136 137/141/136 169/174/136 168/173/136
f 137/141/137 138/142/137 170/175/137 169/174/137
f 138/142/138 139/143/138 171/176/138 170/175/138
f 139/143/139 140/144/139 172/177/139 171/176/139
f 140/144/140 141/145/140 173/178/140 172/177/140
f 141/145/141 142/146/141 174/179/141 173/178/141
f 142/146/142 143/147/142 175/180/142 174/179/142
f 143/147/143 144/148/143 176/181/143 175/180/143
f 144/148/144 145/149/144 177/182/144 176/181/144
f 145/149/145 146/150/145 178/183/145 177/182/145
f 146/150/146 147/151/146 179/184/146 178/183/146
f 147/151/147 148/152/147 180/185/147 179/184/147
f 148/152/148 149/153/148 181/186/148 180/185/148
f 149/153/149 150/154/149 182/187/149 181/186/149
f 150/154/150 151/155/150 183/188/150 182/187/150
f 151/155/151 152/156/151 184/189/151 183/188/151
f 152/156/152 153/157/152 185/190/152 184/189/152
f 153/157/153 154/158/153 186/191/153 185/190/153
f 154/158/154 155/159/154 187/192/154 186/191/154
f 155/159/155 156/160/155 188/193/155 187/192/155
f 156/160/156 157/161/156 189/194/156 188/193/156
f 157/161/157 158/162/157 190/195/157 189/194/157
f 158/162/158 159/163/158 191/196/158 190/195/158
f 159/163/159 160/164/159 192/197/159 191/196/159
f 160/164/160 130/165/160 162/198/160 192/197/160
f 162/167/161 161/166/161 193/199/161 194/200/161
f 161/166/162 163/168/162 195/201/162 193/199/162
f 163/168/163 164/169/163 196/202/163 195/201/163
f 164/169/164 165/170/164 197/203/164 196/202/164
f 165/170/165 166/171/165 198/204/165 197/203/165
f 166/171/166 167/172/166 199/205/166 198/204/166
f 167/172/167 168/173/167 200/206/167 199/205/167
f 168/173/168 169/174/168 201/207/168 200/206/168
f 169/174/169 170/175/169 202/208/169 201/207/169
f 170/175/170 171/176/170 203/209/170 202/208/170
f 171/176/171 172/177/171 204/210/171 203/209/171
f 172/177/172 173/178/172 205/211/172 204/210/172
f 173/178/173 174/179/173 206/212/173 205/211/173
f 174/179/174 175/180/174 207/213/174 206/212/174
f 175/180/175 176/181/175 208/214/175 207/213/175
f 176/181/176 177/182/176 209/215/176 208/214/176
f 177/182/177 178/183/177 210/216/177 209/215/177
f 178/183/178 179/184/178 211/217/178 210/216/178
f 179/184/179 180/185/179 212/218/179 211/217/179
f 180/185/180 181/186/180 213/219/180 212/218/180
f 181/186/181 182/187/181 214/220/181 213/219/181
f 182/187/182 183/188/182 215/221/182 214/220/182
f 183/188/183 184/189/183 216/222/183 215/221/183
f 184/189/184 185/190/184 217/223/184 216/222/184
f 185/190/185 186/191/185 218/224/185 217/223/185
f 186/191/186 187/192/186 219/225/186 218/224/186
f 187/192/187 188/193/187 220/226/187 219/225/187
f 188/193/188 189/194/188 221/227/188 220/226/188
f 189/194/189 190/195/189 222/228/189 221/227/189
f 190/195/190 191/196/190 223/229/190 222/228/190
f 191/196/191 192/197/191 224/230/191 223/229/191
f 192/197/192 162/198/192 194/231/192 224/230/192
f 194/200/193 193/199/193 225/232/193 226/233/193
f 193/199/194 195/201/194 227/234/194 225/232/194
f 195/201/195 196/202/195 228/235/195 227/234/195
f 196/202/196 197/203/196 229/236/196 228/235/196
f 197/203/197 198/204/197 230/237/197 229/236/197
f 198/204/198 199/205/198 231/238/198 230/237/198
f 199/205/199 200/206/199 232/239/199 231/238/199
f 200/206/200 201/207/200 233/240/200 232/239/200
f 201/207/201 202/208/201 234/241/201 233/240/201
f 202/208/202 203/209/202 235/242/202 234/241/202
f 203/209/203 204/210/203 236/243/203 235/242/203
f 204/210/204 205/211/204 237/244/204 236/243/204
f 205/211/205 206/212/205 238/245/205 237/244/205
f 206/212/206 207/213/206 239/246/206 238/245/206
f 207/213/207 208/214/207 240/247/207 239/246/207
f 208/214/208 209/215/208 241/248/208 240/247/208
f 209/215/209 210/216/209 242/249/209 241/248/209
f 210/216/210 211/217/210 243/250/210 242/249/210
f 211/217/211 212/218/211 244/251/211 243/250/211
f 212/218/212 213/219/212 245/252/212 244/251/212
f 213/219/213 214/220/213 246/253/213 245/252/213
f 214/220/214 215/221/214 247/254/214 246/253/214
f 215/221/215 216/222/215 248/255/215 247/254/215
f 216/222/216 217/223/216 249/256/216 248/255/216
f 217/223/217 218/224/217 250/257/217 249/256/217
f 218/224/218 219/225/218 251/258/218 250/257/218
f 219/225/219 220/226/219 252/259/219 251/258/219
f 220/226/220 221/227/220 253/260/220 252/259/220
f 221/227/221 222/228/221 254/261/221 253/260/221
f 222/228/222 223/229/222 255/262/222 254/261/222
f 223/229/223 224/230/223 256/263/223 255/262/223
f 224/230/224 194/231/224 226/264/224 256/263/224
f 226/233/225 225/232/225 257/265/225 258/266/225
f 225/232/226 227/234/226 259/267/226 257/265/226
f 227/234/227 228/235/227 260/268/227 259/267/227
f 228/235/228 229/236/228 261/269/228 260/268/228
f 229/236/229 230/237/229 262/270/229 261/269/229
f 230/237/230 231/238/230 263/271/230 262/270/230
f 231/238/231 232/239/231 264/272/231 263/271/231
f 232/239/232 233/240/232 265/273/232 264/272/232
f 233/240/233 234/241/233 266/274/233 265/273/233
f 234/241/234 235/242/234 267/275/234 266/274/234
f 235/242/235 236/243/235 268/276/235 267/275/235
f 236/243/236 237/244/236 269/277/236 268/276/236
f 237/244/237 238/245/237 270/278/237 269/277/237
f 238/245/238 239/246/238 271/279/238 270/278/238
f 239/246/239 240/247/239 272/280/239 271/279/239
f 240/247/240 241/248/240 273/281/240 272/280/240
f 241/248/241 242/249/241 274/282/241 273/281/241
f 242/249/242 243/250/242 275/283/242 274/282/242
f 243/250/243 244/251/243 276/284/243 275/283/243
f 244/251/244 245/252/244 277/285/244 276/284/244
f 245/252/245 246/253/245 278/286/245 277/285/245
f 246/253/246 247/254/246 279/287/246 278/286/246
f 247/254/247 248/255/247 280/288/247 279/287/247
f 248/255/248 249/256/248 281/289/248 280/288/248
f 249/256/249 250/257/249 282/290/249 281/289/249
f 250/257/250 251/258/250 283/291/250 282/290/250
f 251/258/251 252/259/251 284/292/251 283/291/251
f 252/259/252 253/260/252 285/293/252 284/292/252
f 253/260/253 254/261/253 286/294/253 285/293/253
f 254/261/254 255/262/254 287/295/254 286/294/254
f 255/262/255 256/263/255 288/296/255 287/295/255
f 256/263/256 226/264/256 258/297/256 288/296/256
f 258/266/257 257/265/257 289/298/257 290/299/257
f 257/265/258 259/267/258 291/300/258 289/298/258
f 259/267/259 260/268/259 292/301/259 291/300/259
f 260/268/260 261/269/260 293/302/260 292/301/260
f 261/269/261 262/270/261 294/303/261 293/302/261
f 262/270/262 263/271/262 295/304/262 294/303/262
f 263/271/263 264/272/263 296/305/263 295/304/263
f 264/272/264 265/273/264 297/306/264 296/305/264
f 265/273/265 266/274/265 298/307/265 297/306/265
f 266/274/266 267/275/266 299/308/266 298/307/266
f 267/275/267 268/276/267 300/309/267 299/308/267
f 268/276/268 269/277/268 301/310/268 300/309/268
f 269/277/269 270/278/269 302/311/269 301/310/269
f 270/278/270 271/279/270 303/312/270 302/311/270
f 271/279/271 272/280/271 304/313/271 303/312/271
f 272/280/272 273/281/272 305/314/272 304/313/272
f 273/281/273 274/282/273 306/315/273 305/314/273
f 274/282/274 275/283/274 307/316/274 306/315/274
f 275/283/275 276/284/275 308/317/275 307/316/275
f 276/284/276 277/285/276 309/318/276 308/317/276
f 277/285/277 278/286/277 310/319/277 309/318/277
f 278/286/278 279/287/278 311/320/278 310/319/278
f 279/287/279 280/288/279 312/321/279 311/320/279
f 280/288/280 281/289/280 313/322/280 312/321/280
f 281/289/281 282/290/281 314/323/281 313/322/281
f 282/290/282 283/291/282 315/324/282 314/323/282
f 283/291/283 284/292/283 316/325/283 315/324/283
f 284/292/284 285/293/284 317/326/284 316/325/284
f 285/293/285 286/294/285 318/327/285 317/326/285
f 286/294/286 287/295/286 319/328/286 318/327/286
f 287/295/287 288/296/287 320/329/287 319/328/287
f 288/296/288 258/297/288 290/330/288 320/329/288
f 290/299/289 289/298/289 321/331/289 322/332/289
f 289/298/290 291/300/290 323/333/290 321/331/290
f 291/300/291 292/301/291 324/334/291 323/333/291
f 292/301/292 293/302/292 325/335/292 324/334/292
f 293/302/293 294/303/293 326/336/293 325/335/293
f 294/303/294 295/304/294 327/337/294 326/336/294
f 295/304/295 296/305/295 328/338/295 327/337/295
f 296/305/296 297/306/296 329/339/296 328/338/296
f 297/306/297 298/307/297 330/340/297 329/339/297
f 298/307/298 299/308/298 331/341/298 330/340/298
f 299/308/299 300/309/299 332/342/299 331/341/299
f 300/309/300 301/310/300 333/343/300 332/342/300
f 301/310/301 302/311/301 334/344/301 333/343/301
f 302/311/302 303/312/302 335/345/302 334/344/302
f 303/312/303 304/313/303 336/346/303 335/345/303
f 304/313/304 305/314/304 337/347/304 336/346/304
f 305/314/305 306/315/305 338/348/305 337/347/305
f 306/315/306 307/316/306 339/349/306 338/348/306
f 307/316/307 308/317/307 340/350/307 339/349/307
f 308/317/308 309/318/308 341/351/308 340/350/308
f 309/318/309 310/319/309 342/352/309 341/351/309
f 310/319/310 311/320/310 343/353/310 342/352/310
f 311/320/311 312/321/311 344/354/311 343/353/311
f 312/321/312 313/322/312 345/355/312 344/354/312
f 313/322/313 314/323/313 346/356/313 345/355/313
f 314/323/314 315/324/314 347/357/314 346/356/314
f 315/324/315 316/325/315 348/358/315 347/357/315
f 316/325/316 317/326/316 349/359/316 348/358/316
f 317/326/317 318/327/317 350/360/317 349/359/317
f 318/327/318 319/328/318 351/361/318 350/360/318
f 319/328/319 320/329/319 352/362/319 351/361/319
f 320/329/320 290/330/320 322/363/320 352/362/320
f 63/364/321 61/365/321 59/366/321 57/367/321 55/368/321 53/369/321 51/370/321 49/33/321 47/371/321 45/372/321 43/373/321 41/374/321 39/375/321 37/376/321 35/377/321 33/167/321 31/378/321 29/379/321 27/380/321 25/381/321 23/382/321 21/383/321 19/384/321 17/347/321 15/385/321 13/386/321 11/387/321 9/388/321 7/389/321 5/390/321 2/391/321 1/198/321
f 322/198/322 321/391/322 323/390/322 324/389/322 325/388/322 326/387/322 327/386/322 328/385/322 329/347/322 330/384/322 331/383/322 332/382/322 333/381/322 334/380/322 335/379/322 336/378/322 337/167/322 338/377/322 339/376/322 340/375/322 341/374/322 342/373/322 343/372/322 344/371/322 345/33/322 346/370/322 347/369/322 348/368/322 349/367/322 350/366/322 351/365/322 352/364/322
f 353/1/1 354/2/1 355/3/1 356/4/1
f 354/2/2 357/5/2 358/6/2 355/3/2
f 357/5/3 359/7/3 360/8/3 358/6/3
f 359/7/4 361/9/4 362/10/4 360/8/4
f 361/9/5 363/11/5 364/12/5 362/10/5
f 363/11/6 365/13/6 366/14/6 364/12/6
f 365/13/7 367/15/7 368/16/7 366/14/7
f 367/15/8 369/17/8 370/18/8 368/16/8
f 369/17/9 371/19/9 372/20/9 370/18/9
f 371/19/10 373/21/10 374/22/10 372/20/10
f 373/21/11 375/23/11 376/24/11 374/22/11
f 375/23/12 377/25/12 378/26/12 376/24/12
f 377/25/13 379/27/13 380/28/13 378/26/13
f 379/27/14 381/29/14 382/30/14 380/28/14
f 381/29/15 383/31/15 384/32/15 382/30/15
f 383/31/16 385/33/16 386/34/16 384/32/16
f 385/33/17 387/35/17 388/36/17 386/34/17
f 387/35/18 389/37/18 390/38/18 388/36/18
f 389/37/19 391/39/19 392/40/19 390/38/19
f 391/39/20 393/41/20 394/42/20 392/40/20
f 393/41/21 395/43/21 396/44/21 394/42/21
f 395/43/22 397/45/22 398/46/22 396/44/22
f 397/45/23 399/47/23 400/48/23 398/46/23
f 399/47/24 401/49/24 402/50/24 400/48/24
f 401/49/25 403/51/25 404/52/25 402/50/25
f 403/51/26 405/53/26 406/54/26 404/52/26
f 405/53/27 407/55/27 408/56/27 406/54/27
f 407/55/28 409/57/28 410/58/28 408/56/28
f 409/57/29 411/59/29 412/60/29 410/58/29
f 411/59/30 413/61/30 414/62/30 412/60/30
f 413/61/31 415/63/31 416/64/31 414/62/31
f 415/63/32 353/65/32 356/66/32 416/64/32
f 356/4/33 355/3/33 417/67/33 418/68/33
f 355/3/34 358/6/34 419/69/34 417/67/34
f 358/6/35 360/8/35 420/70/35 419/69/35
f 360/8/36 362/10/36 421/71/36 420/70/36
f 362/10/37 364/12/37 422/72/37 421/71/37
f 364/12/38 366/14/38 423/73/38 422/72/38
f 366/14/39 368/16/39 424/74/39 423/73/39
f 368/16/40 370/18/40 425/75/40 424/74/40
f 370/18/41 372/20/41 426/76/41 425/75/41
f 372/20/42 374/22/42 427/77/42 426/76/42
f 374/22/43 376/24/43 428/78/43 427/77/43
f 376/24/44 378/26/44 429/79/44 428/78/44
f 378/26/45 380/28/45 430/80/45 429/79/45
f 380/28/46 382/30/46 431/81/46 430/80/46
f 382/30/47 384/32/47 432/82/47 431/81/47
f 384/32/48 386/34/48 433/83/48 432/82/48
f 386/34/49 388/36/49 434/84/49 433/83/49
f 388/36/50 390/38/50 435/85/50 434/84/50
f 390/38/51 392/40/51 436/86/51 435/85/51
f 392/40/52 394/42/52 437/87/52 436/86/52
f 394/42/53 396/44/53 438/88/53 437/87/53
f 396/44/54 398/46/54 439/89/54 438/88/54
f 398/46/55 400/48/55 440/90/55 439/89/55
f 400/48/56 402/50/56 441/91/56 440/90/56
f 402/50/57 404/52/57 442/92/57 441/91/57
f 404/52/58 406/54/58 443/93/58 442/92/58
f 406/54/59 408/56/59 444/94/59 443/93/59
f 408/56/60 410/58/60 445/95/60 444/94/60
f 410/58/61 412/60/61 446/96/61 445/95/61
f 412/60/62 414/62/62 447/97/62 446/96/62
f 414/62/63 416/64/63 448/98/63 447/97/63
f 416/64/64 356/66/64 418/99/64 448/98/64
f 418/68/65 417/67/65 449/100/65 450/101/65
f 417/67/66 419/69/66 451/102/66 449/100/66
f 419/69/67 420/70/67 452/103/67 451/102/67
f 420/70/68 421/71/68 453/104/68 452/103/68
f 421/71/69 422/72/69 454/105/69 453/104/69
f 422/72/70 423/73/70 455/106/70 454/105/70
f 423/73/71 424/74/71 456/107/71 455/106/71
f 424/74/72 425/75/72 457/108/72 456/107/72
f 425/75/73 426/76/73 458/109/73 457/108/73
f 426/76/74 427/77/74 459/110/74 458/109/74
f 427/77/75 428/78/75 460/111/75 459/110/75
f 428/78/76 429/79/76 461/112/76 460/111/76
f 429/79/77 430/80/77 462/113/77 461/112/77
f 430/80/78 431/81/78 463/114/78 462/113/78
f 431/81/79 432/82/79 464/115/79 463/114/79
f 432/82/80 433/83/80 465/116/80 464/115/80
f 433/83/81 434/84/81 466/117/81 465/116/81
f 434/84/82 435/85/82 467/118/82 466/117/82
f 435/85/83 436/86/83 468/119/83 467/118/83
f 436/86/84 437/87/84 469/120/84 468/119/84
f 437/87/85 438/88/85 470/121/85 469/120/85
f 438/88/86 439/89/86 471/122/86 470/121/86
f 439/89/87 440/90/87 472/123/87 471/122/87
f 440/90/88 441/91/88 473/124/88 472/123/88
f 441/91/89 442/92/89 474/125/89 473/124/89
f 442/92/90 443/93/90 475/126/90 474/125/90
f 443/93/91 444/94/91 476/127/91 475/126/91
f 444/94/92 445/95/92 477/128/92 476/127/92
f 445/95/93 446/96/93 478/129/93 477/128/93
f 446/96/94 447/97/94 479/130/94 478/129/94
f 447/97/95 448/98/95 480/131/95 479/130/95
f 448/98/96 418/99/96 450/132/96 480/131/96
f 450/101/97 449/100/97 481/133/97 482/134/97
f 449/100/98 451/102/98 483/135/98 481/133/98
f 451/102/99 452/103/99 484/136/99 483/135/99
f 452/103/100 453/104/100 485/137/100 484/136/100
f 453/104/101 454/105/101 486/138/101 485/137/101
f 454/105/102 455/106/102 487/139/102 486/138/102
f 455/106/103 456/107/103 488/140/103 487/139/103
f 456/107/104 457/108/104 489/141/104 488/140/104
f 457/108/105 458/109/105 490/142/105 489/141/105
f 458/109/106 459/110/106 491/143/106 490/142/106
f 459/110/107 460/111/107 492/144/107 491/143/107
f 460/111/108 461/112/108 493/145/108 492/144/108
f 461/112/109 462/113/109 494/146/109 493/145/109
f 462/113/110 463/114/110 495/147/110 494/146/110
f 463/114/111 464/115/111 496/148/111 495/147/111
f 464/115/112 465/116/112 497/149/112 496/148/112
f 465/116/113 466/117/113 498/150/113 497/149/113
f 466/117/114 467/118/114 499/151/114 498/150/114
f 467/118/115 468/119/115 500/152/115 499/151/115
f 468/119/116 469/120/116 501/153/116 500/152/116
f 469/120/117 470/121/117 502/154/117 501/153/117
f 470/121/118 471/122/118 503/155/118 502/154/118
f 471/122/119 472/123/119 504/156/119 503/155/119
f 472/123/120 473/124/120 505/157/120 504/156/120
f 473/124/121 474/125/121 506/158/121 505/157/121
f 474/125/122 475/126/122 507/159/122 506/158/122
f 475/126/123 476/127/123 508/160/123 507/159/123
f 476/127/124 477/128/124 509/161/124 508/160/124
f 477/128/125 478/129/125 510/162/125 509/161/125
f 478/129/126 479/130/126 511/163/126 510/162/126
f 479/130/127 480/131/127 512/164/127 511/163/127
f 480/131/128 450/132/128 482/165/128 512/164/128
f 482/134/129 481/133/129 513/166/129 514/167/129
f 481/133/130 483/135/130 515/168/130 513/166/130
f 483/135/131 484/136/131 516/169/131 515/168/131
f 484/136/132 485/137/132 517/170/132 516/169/132
f 485/137/133 486/138/133 518/171/133 517/170/133
f 486/138/134 487/139/134 519/172/134 518/171/134
f 487/139/135 488/140/135 520/173/135 519/172/135
f 488/140/136 489/141/136 521/174/136 520/173/136
f 489/141/137 490/142/137 522/175/137 521/174/137
f 490/142/138 491/143/138 523/176/138 522/175/138
f 491/143/139 492/144/139 524/177/139 523/176/139
f 492/144/140 493/145/140 525/178/140 524/177/140
f 493/145/141 494/146/141 526/179/141 525/178/141
f 494/146/142 495/147/142 527/180/142 526/179/142
f 495/147/143 496/148/143 528/181/143 527/180/143
f 496/148/144 497/149/144 529/182/144 528/181/144
f 497/149/145 498/150/145 530/183/145 529/182/145
f 498/150/146 499/151/146 531/184/146 530/183/146
f 499/151/147 500/152/147 532/185/147 531/184/147
f 500/152/148 501/153/148 533/186/148 532/185/148
f 501/153/149 502/154/149 534/187/149 533/186/149
f 502/154/150 503/155/150 535/188/150 534/187/150
f 503/155/151 504/156/151 536/189/151 535/188/151
f 504/156/152 505/157/152 537/190/152 536/189/152
f 505/157/153 506/158/153 538/191/153 537/190/153
f 506/158/154 507/159/154 539/192/154 538/191/154
f 507/159/155 508/160/155 540/193/155 539/192/155
f 508/160/156 509/161/156 541/194/156 540/193/156
f 509/161/157 510/162/157 542/195/157 541/194/157
f 510/162/158 511/163/158 543/196/158 542/195/158
f 511/163/159 512/164/159 544/197/159 543/196/159
f 512/164/160 482/165/160 514/198/160 544/197/160
f 514/167/161 513/166/161 545/199/161 546/200/161
f 513/166/162 515/168/162 547/201/162 545/199/162
f 515/168/163 516/169/163 548/202/163 547/201/163
f 516/169/164 517/170/164 549/203/164 548/202/164
f 517/170/165 518/171/165 550/204/165 549/203/165
f 518/171/166 519/172/166 551/205/166 550/204/166
f 519/172/167 520/173/167 552/206/167 551/205/167
f 520/173/168 521/174/168 553/207/168 552/206/168
f 521/174/169 522/175/169 554/208/169 553/207/169
f 522/175/170 523/176/170 555/209/170 554/208/170
f 523/176/171 524/177/171 556/210/171 555/209/171
f 524/177/172 525/178/172 557/211/172 556/210/172
f 525/178/173 526/179/173 558/212/173 557/211/173
f 526/179/174 527/180/174 559/213/174 558/212/174
f 527/180/175 528/181/175 560/214/175 559/213/175
f 528/181/176 529/182/176 561/215/176 560/214/176
f 529/182/177 530/183/177 562/216/177 561/215/177
f 530/183/178 531/184/178 563/217/178 562/216/178
f 531/184/179 532/185/179 564/218/179 563/217/179
f 532/185/180 533/186/180 565/219/180 564/218/180
f 533/186/181 534/187/181 566/220/181 565/219/181
f 534/187/182 535/188/182 567/221/182 566/220/182
f 535/188/183 536/189/183 568/222/183 567/221/183
f 536/189/184 537/190/184 569/223/184 568/222/184
f 537/190/185 538/191/185 570/224/185 569/223/185
f 538/191/186 539/192/186 571/225/186 570/224/186
f 539/192/187 540/193/187 572/226/187 571/225/187
f 540/193/188 541/194/188 573/227/188 572/226/188
f 541/194/189 542/195/189 574/228/189 573/227/189
f 542/195/190 543/196/190 575/229/190 574/228/190
f 543/196/191 544/197/191 576/230/191 575/229/191
f 544/197/192 514/198/192 546/231/192 576/230/192
f 546/200/193 545/199/193 577/232/193 578/233/193
f 545/199/194 547/201/194 579/234/194 577/232/194
f 547/201/195 548/202/195 580/235/195 579/234/195
f 548/202/196 549/203/196 581/236/196 580/235/196
f 549/203/197 550/204/197 582/237/197 581/236/197
f 550/204/198 551/205/198 583/238/198 582/237/198
f 551/205/199 552/206/199 584/239/199 583/238/199
f 552/206/200 553/207/200 585/240/200 584/239/200
f 553/207/201 554/208/201 586/241/201 585/240/201
f 554/208/202 555/209/202 587/242/202 586/241/202
f 555/209/203 556/210/203 588/243/203 587/242/203
f 556/210/204 557/211/204 589/244/204 588/243/204
f 557/211/205 558/212/205 590/245/205 589/244/205
f 558/212/206 559/213/206 591/246/206 590/245/206
f 559/213/207 560/214/207 592/247/207 591/246/207
f 560/214/208 561/215/208 593/248/208 592/247/208
f 561/215/209 562/216/209 594/249/209 593/248/209
f 562/216/210 563/217/210 595/250/210 594/249/210
f 563/217/211 564/218/211 596/251/211 595/250/211
f 564/218/212 565/219/212 597/252/212 596/251/212
f 565/219/213 566/220/213 598/253/213 597/252/213
f 566/220/214 567/221/214 599/254/214 598/253/214
f 567/221/215 568/222/215 600/255/215 599/254/215
f 568/222/216 569/223/216 601/256/216 600/255/216
f 569/223/217 570/224/217 602/257/217 601/256/217
f 570/224/218 571/225/218 603/258/218 602/257/218
f 571/225/219 572/226/219 604/259/219 603/258/219
f 572/226/220 573/227/220 605/260/220 604/259/220
f 573/227/221 574/228/221 606/261/221 605/260/221
f 574/228/222 575/229/222 607/262/222 606/261/222
f 575/229/223 576/230/223 608/263/223 607/262/223
f 576/230/224 546/231/224 578/264/224 608/263/224
f 578/233/225 577/232/225 609/265/225 610/266/225
f 577/232/226 579/234/226 611/267/226 609/265/226
f 579/234/227 580/235/227 612/268/227 611/267/227
f 580/235/228 581/236/228 613/269/228 612/268/228
f 581/236/229 582/237/229 614/270/229 613/269/229
f 582/237/230 583/238/230 615/271/230 614/270/230
f 583/238/231 584/239/231 616/272/231 615/271/231
f 584/239/232 585/240/232 617/273/232 616/272/232
f 585/240/233 586/241/233 618/274/233 617/273/233
f 586/241/234 587/242/234 619/275/234 618/274/234
f 587/242/235 588/243/235 620/276/235 619/275/235
f 588/243/236 589/244/236 621/277/236 620/276/236
f 589/244/237 590/245/237 622/278/237 621/277/237
f 590/245/238 591/246/238 623/279/238 622/278/238
f 591/246/239 592/247/239 624/280/239 623/279/239
f 592/247/240 593/248/240 625/281/240 624/280/240
f 593/248/241 594/249/241 626/282/241 625/281/241
f 594/249/242 595/250/242 627/283/242 626/282/242
f 595/250/243 596/251/243 628/284/243 627/283/243
f 596/251/244 597/252/244 629/285/244 628/284/244
f 597/252/245 598/253/245 630/286/245 629/285/245
f 598/253/246 599/254/246 631/287/246 630/286/246
f 599/254/247 600/255/247 632/288/247 631/287/247
f 600/255/248 601/256/248 633/289/248 632/288/248
f 601/256/249 602/257/249 634/290/249 633/289/249
f 602/257/250 603/258/250 635/291/250 634/290/250
f 603/258/251 604/259/251 636/292/251 635/291/251
f 604/259/252 605/260/252 637/293/252 636/292/252
f 605/260/253 606/261/253 638/294/253 637/293/253
f 606/261/254 607/262/254 639/295/254 638/294/254
f 607/262/255 608/263/255 640/296/255 639/295/255
f 608/263/256 578/264/256 610/297/256 640/296/256
f 610/266/257 609/265/257 641/298/257 642/299/257
f 609/265/258 611/267/258 643/300/258 641/298/258
f 611/267/259 612/268/259 644/301/259 643/300/259
f 612/268/260 613/269/260 645/302/260 644/301/260
f 613/269/261 614/270/261 646/303/261 645/302/261
f 614/270/262 615/271/262 647/304/262 646/303/262
f 615/271/263 616/272/263 648/305/263 647/304/263
f 616/272/264 617/273/264 649/306/264 648/305/264
f 617/273/265 618/274/265 650/307/265 649/306/265
f 618/274/266 619/275/266 651/308/266 650/307/266
f 619/275/267 620/276/267 652/309/267 651/308/267
f 620/276/268 621/277/268 653/310/268 652/309/268
f 621/277/269 622/278/269 654/311/269 653/310/269
f 622/278/270 623/279/270 655/312/270 654/311/270
f 623/279/271 624/280/271 656/313/271 655/312/271
f 624/280/272 625/281/272 657/314/272 656/313/272
f 625/281/273 626/282/273 658/315/273 657/314/273
f 626/282/274 627/283/274 659/316/274 658/315/274
f 627/283/275 628/284/275 660/317/275 659/316/275
f 628/284/276 629/285/276 661/318/276 660/317/276
f 629/285/277 630/286/277 662/319/277 661/318/277
f 630/286/278 631/287/278 663/320/278 662/319/278
f 631/287/279 632/288/279 664/321/279 663/320/279
f 632/288/280 633/289/280 665/322/280 664/321/280
f 633/289/281 634/290/281 666/323/281 665/322/281
f 634/290/282 635/291/282 667/324/282 666/323/282
f 635/291/283 636/292/283 668/325/283 667/324/283
f 636/292/284 637/293/284 669/326/284 668/325/284
f 637/293/285 638/294/285 670/327/285 669/326/285
f 638/294/286 639/295/286 671/328/286 670/327/286
f 639/295/287 640/296/287 672/329/287 671/328/287
f 640/296/288 610/297/288 642/330/288 672/329/288
f 642/299/289 641/298/289 673/331/289 674/332/289
f 641/298/290 643/300/290 675/333/290 673/331/290
f 643/300/291 644/301/291 676/334/291 675/333/291
f 644/301/292 645/302/292 677/335/292 676/334/292
f 645/302/293 646/303/293 678/336/293 677/335/293
f 646/303/294 647/304/294 679/337/294 678/336/294
f 647/304/295 648/305/295 680/338/295 679/337/295
f 648/305/296 649/306/296 681/339/296 680/338/296
f 649/306/297 650/307/297 682/340/297 681/339/297
f 650/307/298 651/308/298 683/341/298 682/340/298
f 651/308/299 652/309/299 684/342/299 683/341/299
f 652/309/300 653/310/300 685/343/300 684/342/300
f 653/310/301 654/311/301 686/344/301 685/343/301
f 654/311/302 655/312/302 687/345/302 686/344/302
f 655/312/303 656/313/303 688/346/303 687/345/303
f 656/313/304 657/314/304 689/347/304 688/346/304
f 657/314/305 658/315/305 690/348/305 689/347/305
f 658/315/306 659/316/306 691/349/306 690/348/306
f 659/316/307 660/317/307 692/350/307 691/349/307
f 660/317/308 661/318/308 693/351/308 692/350/308
f 661/318/309 662/319/309 694/352/309 693/351/309
f 662/319/310 663/320/310 695/353/310 694/352/310
f 663/320/311 664/321/311 696/354/311 695/353/311
f 664/321/312 665/322/312 697/355/312 696/354/312
f 665/322/313 666/323/313 698/356/313 697/355/313
f 666/323/314 667/324/314 699/357/314 698/356/314
f 667/324/315 668/325/315 700/358/315 699/357/315
f 668/325/316 669/326/316 701/359/316 700/358/316
f 669/326/317 670/327/317 702/360/317 701/359/317
f 670/327/318 671/328/318 703/361/318 702/360/318
f 671/328/319 672/329/319 704/362/319 703/361/319
f 672/329/320 642/330/320 674/363/320 704/362/320
f 415/364/321 413/365/321 411/366/321 409/367/321 407/368/321 405/369/321 403/370/321 401/33/321 399/371/321 397/372/321 395/373/321 393/374/321 391/375/321 389/376/321 387/377/321 385/167/321 383/378/321 381/379/321 379/380/321 377/381/321 375/382/321 373/383/321 371/384/321 369/347/321 367/385/321 365/386/321 363/387/321 361/388/321 359/389/321 357/390/321 354/391/321 353/198/321
f 674/198/322 673/391/322 675/390/322 676/389/322 677/388/322 678/387/322 679/386/322 680/385/322 681/347/322 682/384/322 683/383/322 684/382/322 685/381/322 686/380/322 687/379/322 688/378/322 689/167/322 690/377/322 691/376/322 692/375/322 693/374/322 694/373/322 695/372/322 696/371/322 697/33/322 698/370/322 699/369/322 700/368/322 701/367/322 702/366/322 703/365/322 704/364/322
f 705/1/1 706/2/1 707/3/1 708/4/1
f 706/2/2 709/5/2 710/6/2 707/3/2
f 709/5/3 711/7/3 712/8/3 710/6/3
f 711/7/4 713/9/4 714/10/4 712/8/4
f 713/9/5 715/11/5 716/12/5 714/10/5
f 715/11/6 717/13/6 718/14/6 716/12/6
f 717/13/7 719/15/7 720/16/7 718/14/7
f 719/15/8 721/17/8 722/18/8 720/16/8
f 721/17/9 723/19/9 724/20/9 722/18/9
f 723/19/10 725/21/10 726/22/10 724/20/10
f 725/21/11 727/23/11 728/24/11 726/22/11
f 727/23/12 729/25/12 730/26/12 728/24/12
f 729/25/13 731/27/13 732/28/13 730/26/13
f 731/27/14 733/29/14 734/30/14 732/28/14
f 733/29/15 735/31/15 736/32/15 734/30/15
f 735/31/16 737/33/16 738/34/16 736/32/16
f 737/33/17 739/35/17 740/36/17 738/34/17
f 739/35/18 741/37/18 742/38/18 740/36/18
f 741/37/19 743/39/19 744/40/19 742/38/19
f 743/39/20 745/41/20 746/42/20 744/40/20
f 745/41/21 747/43/21 748/44/21 746/42/21
f 747/43/22 749/45/22 750/46/22 748/44/22
f 749/45/23 751/47/23 752/48/23 750/46/23
f 751/47/24 753/49/24 754/50/24 752/48/24
f 753/49/25 755/51/25 756/52/25 754/50/25
f 755/51/26 757/53/26 758/54/26 756/52/26
f 757/53/27 759/55/27 760/56/27 758/54/27
f 759/55/28 761/57/28 762/58/28 760/56/28
f 761/57/29 763/59/29 764/60/29 762/58/29
f 763/59/30 765/61/30 766/62/30 764/60/30
f 765/61/31 767/63/31 768/64/31 766/62/31
f 767/63/32 705/65/32 708/66/32 768/64/32
f 708/4/33 707/3/33 769/67/33 770/68/33
f 707/3/34 710/6/34 771/69/34 769/67/34
f 710/6/35 712/8/35 772/70/35 771/69/35
f 712/8/36 714/10/36 773/71/36 772/70/36
f 714/10/37 716/12/37 774/72/37 773/71/37
f 716/12/38 718/14/38 775/73/38 774/72/38
f 718/14/39 720/16/39 776/74/39 775/73/39
f 720/16/40 722/18/40 777/75/40 776/74/40
f 722/18/41 724/20/41 778/76/41 777/75/41
f 724/20/42 726/22/42 779/77/42 778/76/42
f 726/22/43 728/24/43 780/78/43 779/77/43
f 728/24/44 730/26/44 781/79/44 780/78/44
f 730/26/45 732/28/45 782/80/45 781/79/45
f 732/28/46 734/30/46 783/81/46 782/80/46
f 734/30/47 736/32/47 784/82/47 783/81/47
f 736/32/48 738/34/48 785/83/48 784/82/48
f 738/34/49 740/36/49 786/84/49 785/83/49
f 740/36/50 742/38/50 787/85/50 786/84/50
f 742/38/51 744/40/51 788/86/51 787/85/51
f 744/40/52 746/42/52 789/87/52 788/86/52
f 746/42/53 748/44/53 790/88/53 789/87/53
f 748/44/54 750/46/54 791/89/54 790/88/54
f 750/46/55 752/48/55 792/90/55 791/89/55
f 752/48/56 754/50/56 793/91/56 792/90/56
f 754/50/57 756/52/57 794/92/57 793/91/57
f 756/52/58 758/54/58 795/93/58 794/92/58
f 758/54/59 760/56/59 796/94/59 795/93/59
f 760/56/60 762/58/60 797/95/60 796/94/60
f 762/58/61 764/60/61 798/96/61 797/95/61
f 764/60/62 766/62/62 799/97/62 798/96/62
f 766/62/63 768/64/63 800/98/63 799/97/63
f 768/64/64 708/66/64 770/99/64 800/98/64
f 770/68/65 769/67/65 801/100/65 802/101/65
f 769/67/66 771/69/66 803/102/66 801/100/66
f 771/69/67 772/70/67 804/103/67 803/102/67
f 772/70/68 773/71/68 805/104/68 804/103/68
f 773/71/69 774/72/69 806/105/69 805/104/69
f 774/72/70 775/73/70 807/106/70 806/105/70
f 775/73/71 776/74/71 808/107/71 807/106/71
f 776/74/72 777/75/72 809/108/72 808/107/72
f 777/75/73 778/76/73 810/109/73 809/108/73
f 778/76/74 779/77/74 811/110/74 810/109/74
f 779/77/75 780/78/75 812/111/75 811/110/75
f 780/78/76 781/79/76 813/112/76 812/111/76
f 781/79/77 782/80/77 814/113/77 813/112/77
f 782/80/78 783/81/78 815/114/78 814/113/78
f 783/81/79 784/82/79 816/115/79 815/114/79
f 784/82/80 785/83/80 817/116/80 816/115/80
f 785/83/81 786/84/81 818/117/81 817/116/81
f 786/84/82 787/85/82 819/118/82 818/117/82
f 787/85/83 788/86/83 820/119/83 819/118/83
f 788/86/84 789/87/84 821/120/84 820/119/84
f 789/87/85 790/88/85 822/121/85 821/120/85
f 790/88/86 791/89/86 823/122/86 822/121/86
f 791/89/87 792/90/87 824/123/87 823/122/87
f 792/90/88 793/91/88 825/124/88 824/123/88
f 793/91/89 794/92/89 826/125/89 825/124/89
f 794/92/90 795/93/90 827/126/90 826/125/90
f 795/93/91 796/94/91 828/127/91 827/126/91
f 796/94/92 797/95/92 829/128/92 828/127/92
f 797/95/93 798/96/93 830/129/93 829/128/93
f 798/96/94 799/97/94 831/130/94 830/129/94
f 799/97/95 800/98/95 832/131/95 831/130/95
f 800/98/96 770/99/96 802/132/96 832/131/96
f 802/101/97 801/100/97 833/133/97 834/134/97
f 801/100/98 803/102/98 835/135/98 833/133/98
f 803/102/99 804/103/99 836/136/99 835/135/99
f 804/103/100 805/104/100 837/137/100 836/136/100
f 805/104/101 806/105/101 838/138/101 837/137/101
f 806/105/102 807/106/102 839/139/102 838/138/102
f 807/106/103 808/107/103 840/140/103 839/139/103
f 808/107/104 809/108/104 841/141/104 840/140/104
f 809/108/105 810/109/105 842/142/105 841/141/105
f 810/109/106 811/110/106 843/143/106 842/142/106
f 811/110/107 812/111/107 844/144/107 843/143/107
f 812/111/108 813/112/108 845/145/108 844/144/108
f 813/112/109 814/113/109 846/146/109 845/145/109
f 814/113/110 815/114/110 847/147/110 846/146/110
f 815/114/111 816/115/111 848/148/111 847/147/111
f 816/115/112 817/116/112 849/149/112 848/148/112
f 817/116/113 818/117/113 850/150/113 849/149/113
f 818/117/114 819/118/114 851/151/114 850/150/114
f 819/118/115 820/119/115 852/152/115 851/151/115
f 820/119/116 821/120/116 853/153/116 852/152/116
f 821/120/117 822/121/117 854/154/117 853/153/117
f 822/121/118 823/122/118 855/155/118 854/154/118
f 823/122/119 824/123/119 856/156/119 855/155/119
f 824/123/120 825/124/120 857/157/120 856/156/120
f 825/124/121 826/125/121 858/158/121 857/157/121
f 826/125/122 827/126/122 859/159/122 858/158/122
f 827/126/123 828/127/123 860/160/123 859/159/123
f 828/127/124 829/128/124 861/161/124 860/160/124
f 829/128/125 830/129/125 862/162/125 861/161/125
f 830/129/126 831/130/126 863/163/126 862/162/126
f 831/130/127 832/131/127 864/164/127 863/163/127
f 832/131/128 802/132/128 834/165/128 864/164/128
f 834/134/129 833/133/129 865/166/129 866/167/129
f 833/133/130 835/135/130 867/168/130 865/166/130
f 835/135/131 836/136/131 868/169/131 867/168/131
f 836/136/132 837/137/132 869/170/132 868/169/132
f 837/137/133 838/138/133 870/171/133 869/170/133
f 838/138/134 839/139/134 871/172/134 870/171/134
f 839/139/135 840/140/135 872/173/135 871/172/135
f 840/140/136 841/141/136 873/174/136 872/173/136
f 841/141/137 842/142/137 874/175/137 873/174/137
f 842/142/138 843/143/138 875/176/138 874/175/138
f 843/143/139 844/144/139 876/177/139 875/176/139
f 844/144/140 845/145/140 877/178/140 876/177/140
f 845/145/141 846/146/141 878/179/141 877/178/141
f 846/146/142 847/147/142 879/180/142 878/179/142
f 847/147/143 848/148/143 880/181/143 879/180/143
f 848/148/144 849/149/144 881/182/144 880/181/144
f 849/149/145 850/150/145 882/183/145 881/182/145
f 850/150/146 851/151/146 883/184/146 882/183/146
f 851/151/147 852/152/147 884/185/147 883/184/147
f 852/152/148 853/153/148 885/186/148 884/185/148
f 853/153/149 854/154/149 886/187/149 885/186/149
f 854/154/150 855/155/150 887/188/150 886/187/150
f 855/155/151 856/156/151 888/189/151 887/188/151
f 856/156/152 857/157/152 889/190/152 888/189/152
f 857/157/153 858/158/153 890/191/153 889/190/153
f 858/158/154 859/159/154 891/192/154 890/191/154
f 859/159/155 860/160/155 892/193/155 891/192/155
f 860/160/156 861/161/156 893/194/156 892/193/156
f 861/161/157 862/162/157 894/195/157 893/194/157
f 862/162/158 863/163/158 895/196/158 894/195/158
f 863/163/159 864/164/159 896/197/159 895/196/159
f 864/164/160 834/165/160 866/198/160 896/197/160
f 866/167/161 865/166/161 897/199/161 898/200/161
f 865/166/162 867/168/162 899/201/162 897/199/162
f 867/168/163 868/169/163 900/202/163 899/201/163
f 868/169/164 869/170/164 901/203/164 900/202/164
f 869/170/165 870/171/165 902/204/165 901/203/165
f 870/171/166 871/172/166 903/205/166 902/204/166
f 871/172/167 872/173/167 904/206/167 903/205/167
f 872/173/168 873/174/168 905/207/168 904/206/168
f 873/174/169 874/175/169 906/208/169 905/207/169
f 874/175/170 875/176/170 907/209/170 906/208/170
f 875/176/171 876/177/171 908/210/171 907/209/171
f 876/177/172 877/178/172 909/211/172 908/210/172
f 877/178/173 878/179/173 910/212/173 909/211/173
f 878/179/174 879/180/174 911/213/174 910/212/174
f 879/180/175 880/181/175 912/214/175 911/213/175
f 880/181/176 881/182/176 913/215/176 912/214/176
f 881/182/177 882/183/177 914/216/177 913/215/177
f 882/183/178 883/184/178 915/217/178 914/216/178
f 883/184/179 884/185/179 916/218/179 915/217/179
f 884/185/180 885/186/180 917/219/180 916/218/180
f 885/186/181 886/187/181 918/220/181 917/219/181
f 886/187/182 887/188/182 919/221/182 918/220/182
f 887/188/183 888/189/183 920/222/183 919/221/183
f 888/189/184 889/190/184 921/223/184 920/222/184
f 889/190/185 890/191/185 922/224/185 921/223/185
f 890/191/186 891/192/186 923/225/186 922/224/186
f 891/192/187 892/193/187 924/226/187 923/225/187
f 892/193/188 893/194/188 925/227/188 924/226/188
f 893/194/189 894/195/189 926/228/189 925/227/189
f 894/195/190 895/196/190 927/229/190 926/228/190
f 895/196/191 896/197/191 928/230/191 927/229/191
f 896/197/192 866/198/192 898/231/192 928/230/192
f 898/200/193 897/199/193 929/232/193 930/233/193
f 897/199/194 899/201/194 931/234/194 929/232/194
f 899/201/195 900/202/195 932/235/195 931/234/195
f 900/202/196 901/203/196 933/236/196 932/235/196
f 901/203/197 902/204/197 934/237/197 933/236/197
f 902/204/198 903/205/198 935/238/198 934/237/198
f 903/205/199 904/206/199 936/239/199 935/238/199
f 904/206/200 905/207/200 937/240/200 936/239/200
f 905/207/201 906/208/201 938/241/201 937/240/201
f 906/208/202 907/209/202 939/242/202 938/241/202
f 907/209/203 908/210/203 940/243/203 939/242/203
f 908/210/204 909/211/204 941/244/204 940/243/204
f 909/211/205 910/212/205 942/245/205 941/244/205
f 910/212/206 911/213/206 943/246/206 942/245/206
f 911/213/207 912/214/207 944/247/207 943/246/207
f 912/214/208 913/215/208 945/248/208 944/247/208
f 913/215/209 914/216/209 946/249/209 945/248/209
f 914/216/210 915/217/210 947/250/210 946/249/210
f 915/217/211 916/218/211 948/251/211 947/250/211
f 916/218/212 917/219/212 949/252/212 948/251/212
f 917/219/213 918/220/213 950/253/213 949/252/213
f 918/220/214 919/221/214 951/254/214 950/253/214
f 919/221/215 920/222/215 952/255/215 951/254/215
f 920/222/216 921/223/216 953/256/216 952/255/216
f 921/223/217 922/224/217 954/257/217 953/256/217
f 922/224/218 923/225/218 955/258/218 954/257/218
f 923/225/219 924/226/219 956/259/219 955/258/219
f 924/226/220 925/227/220 957/260/220 956/259/220
f 925/227/221 926/228/221 958/261/221 957/260/221
f 926/228/222 927/229/222 959/262/222 958/261/222
f 927/229/223 928/230/223 960/263/223 959/262/223
f 928/230/224 898/231/224 930/264/224 960/263/224
f 930/233/225 929/232/225 961/265/225 962/266/225
f 929/232/226 931/234/226 963/267/226 961/265/226
f 931/234/227 932/235/227 964/268/227 963/267/227
f 932/235/228 933/236/228 965/269/228 964/268/228
f 933/236/229 934/237/229 966/270/229 965/269/229
f 934/237/230 935/238/230 967/271/230 966/270/230
f 935/238/231 936/239/231 968/272/231 967/271/231
f 936/239/232 937/240/232 969/273/232 968/272/232
f 937/240/233 938/241/233 970/274/233 969/273/233
f 938/241/234 939/242/234 971/275/234 970/274/234
f 939/242/235 940/243/235 972/276/235 971/275/235
f 940/243/236 941/244/236 973/277/236 972/276/236
f 941/244/237 942/245/237 974/278/237 973/277/237
f 942/245/238 943/246/238 975/279/238 974/278/238
f 943/246/239 944/247/239 976/280/239 975/279/239
f 944/247/240 945/248/240 977/281/240 976/280/240
f 945/248/241 946/249/241 978/282/241 977/281/241
f 946/249/242 947/250/242 979/283/242 978/282/242
f 947/250/243 948/251/243 980/284/243 979/283/243
f 948/251/244 949/252/244 981/285/244 980/284/244
f 949/252/245 950/253/245 982/286/245 981/285/245
f 950/253/246 951/254/246 983/287/246 982/286/246
f 951/254/247 952/255/247 984/288/247 983/287/247
f 952/255/248 953/256/248 985/289/248 984/288/248
f 953/256/249 954/257/249 986/290/249 985/289/249
f 954/257/250 955/258/250 987/291/250 986/290/250
f 955/258/251 956/259/251 988/292/251 987/291/251
f 956/259/252 957/260/252 989/293/252 988/292/252
f 957/260/253 958/261/253 990/294/253 989/293/253
f 958/261/254 959/262/254 991/295/254 990/294/254
f 959/262/255 960/263/255 992/296/255 991/295/255
f 960/263/256 930/264/256 962/297/256 992/296/256
f 962/266/257 961/265/257 993/298/257 994/299/257
f 961/265/258 963/267/258 995/300/258 993/298/258
f 963/267/259 964/268/259 996/301/259 995/300/259
f 964/268/260 965/269/260 997/302/260 996/301/260
f 965/269/261 966/270/261 998/303/261 997/302/261
f 966/270/262 967/271/262 999/304/262 998/303/262
f 967/271/263 968/272/263 1000/305/263 999/304/263
f 968/272/264 969/273/264 1001/306/264 1000/305/264
f 969/273/265 970/274/265 1002/307/265 1001/306/265
f 970/274/266 971/275/266 1003/308/266 1002/307/266
f 971/275/267 972/276/267 1004/309/267 1003/308/267
f 972/276/268 973/277/268 1005/310/268 1004/309/268
f 973/277/269 974/278/269 1006/311/269 1005/310/269
f 974/278/270 975/279/270 1007/312/270 1006/311/270
f 975/279/271 976/280/271 1008/313/271 1007/312/271
f 976/280/272 977/281/272 1009/314/272 1008/313/272
f 977/281/273 978/282/273 1010/315/273 1009/314/273
f 978/282/274 979/283/274 1011/316/274 1010/315/274
f 979/283/275 980/284/275 1012/317/275 1011/316/275
f 980/284/276 981/285/276 1013/318/276 1012/317/276
f 981/285/277 982/286/277 1014/319/277 1013/318/277
f 982/286/278 983/287/278 1015/320/278 1014/319/278
f 983/287/279 984/288/279 1016/321/279 1015/320/279
f 984/288/280 985/289/280 1017/322/280 1016/321/280
f 985/289/281 986/290/281 1018/323/281 1017/322/281
f 986/290/282 987/291/282 1019/324/282 1018/323/282
f 987/291/283 988/292/283 1020/325/283 1019/324/283
f 988/292/284 989/293/284 1021/326/284 1020/325/284
f 989/293/285 990/294/285 1022/327/285 1021/326/285
f 990/294/286 991/295/286 1023/328/286 1022/327/286
f 991/295/287 992/296/287 1024/329/287 1023/328/287
f 992/296/288 962/297/288 994/330/288 1024/329/288
f 994/299/289 993/298/289 1025/331/289 1026/332/289
f 993/298/290 995/300/290 1027/333/290 1025/331/290
f 995/300/291 996/301/291 1028/334/291 1027/333/291
f 996/301/292 997/302/292 1029/335/292 1028/334/292
f 997/302/293 998/303/293 1030/336/293 1029/335/293
f 998/303/294 999/304/294 1031/337/294 1030/336/294
f 999/304/295 1000/305/295 1032/338/295 1031/337/295
f 1000/305/296 1001/306/296 1033/339/296 1032/338/296
f 1001/306/297 1002/307/297 1034/340/297 1033/339/297
f 1002/307/298 1003/308/298 1035/341/298 1034/340/298
f 1003/308/299 1004/309/299 1036/342/299 1035/341/299
f 1004/309/300 1005/310/300 1037/343/300 1036/342/300
f 1005/310/301 1006/311/301 1038/344/301 1037/343/301
f 1006/311/302 1007/312/302 1039/345/302 1038/344/302
f 1007/312/303 1008/313/303 1040/346/303 1039/345/303
f 1008/313/304 1009/314/304 1041/347/304 1040/346/304
f 1009/314/305 1010/315/305 1042/348/305 1041/347/305
f 1010/315/306 1011/316/306 1043/349/306 1042/348/306
f 1011/316/307 1012/317/307 1044/350/307 1043/349/307
f 1012/317/308 1013/318/308 1045/351/308 1044/350/308
f 1013/318/309 1014/319/309 1046/352/309 1045/351/309
f 1014/319/310 1015/320/310 1047/353/310 1046/352/310
f 1015/320/311 1016/321/311 1048/354/311 1047/353/311
f 1016/321/312 1017/322/312 1049/355/312 1048/354/312
f 1017/322/313 1018/323/313 1050/356/313 1049/355/313
f 1018/323/314 1019/324/314 1051/357/314 1050/356/314
f 1019/324/315 1020/325/315 1052/358/315 1051/357/315
f 1020/325/316 1021/326/316 1053/359/316 1052/358/316
f 1021/326/317 1022/327/317 1054/360/317 1053/359/317
f 1022/327/318 1023/328/318 1055/361/318 1054/360/318
f 1023/328/319 1024/329/319 1056/362/319 1055/361/319
f 1024/329/320 994/330/320 1026/363/320 1056/362/320
f 767/364/321 765/365/321 763/366/321 761/367/321 759/368/321 757/369/321 755/370/321 753/33/321 751/371/321 749/372/321 747/373/321 745/374/321 743/375/321 741/376/321 739/377/321 737/167/321 735/378/321 733/379/321 731/380/321 729/381/321 727/382/321 725/383/321 723/384/321 721/347/321 719/385/321 717/386/321 715/387/321 713/388/321 711/389/321 709/390/321 706/391/321 705/198/321
f 1026/198/322 1025/391/322 1027/390/322 1028/389/322 1029/388/322 1030/387/322 1031/386/322 1032/385/322 1033/347/322 1034/384/322 1035/383/322 1036/382/322 1037/381/322 1038/380/322 1039/379/322 1040/378/322 1041/167/322 1042/377/322 1043/376/322 1044/375/322 1045/374/322 1046/373/322 1047/372/322 1048/371/322 1049/33/322 1050/370/322 1051/369/322 1052/368/322 1053/367/322 1054/366/322 1055/365/322 1056/364/322
f 1057/1/1 1058/2/1 1059/3/1 1060/4/1
f 1058/2/2 1061/5/2 1062/6/2 1059/3/2
f 1061/5/3 1063/7/3 1064/8/3 1062/6/3
f 1063/7/4 1065/9/4 1066/10/4 1064/8/4
f 1065/9/5 1067/11/5 1068/12/5 1066/10/5
f 1067/11/6 1069/13/6 1070/14/6 1068/12/6
f 1069/13/7 1071/15/7 1072/16/7 1070/14/7
f 1071/15/8 1073/17/8 1074/18/8 1072/16/8
f 1073/17/9 1075/19/9 1076/20/9 1074/18/9
f 1075/19/10 1077/21/10 1078/22/10 1076/20/10
f 1077/21/11 1079/23/11 1080/24/11 1078/22/11
f 1079/23/12 1081/25/12 1082/26/12 1080/24/12
f 1081/25/13 1083/27/13 1084/28/13 1082/26/13
f 1083/27/14 1085/29/14 1086/30/14 1084/28/14
f 1085/29/15 1087/31/15 1088/32/15 1086/30/15
f 1087/31/16 1089/33/16 1090/34/16 1088/32/16
f 1089/33/17 1091/35/17 1092/36/17 1090/34/17
f 1091/35/18 1093/37/18 1094/38/18 1092/36/18
f 1093/37/19 1095/39/19 1096/40/19 1094/38/19
f 1095/39/20 1097/41/20 1098/42/20 1096/40/20
f 1097/41/21 1099/43/21 1100/44/21 1098/42/21
f 1099/43/22 1101/45/22 1102/46/22 1100/44/22
f 1101/45/23 1103/47/23 1104/48/23 1102/46/23
f 1103/47/24 1105/49/24 1106/50/24 1104/48/24
f 1105/49/25 1107/51/25 1108/52/25 1106/50/25
f 1107/51/26 1109/53/26 1110/54/26 1108/52/26
f 1109/53/27 1111/55/27 1112/56/27 1110/54/27
f 1111/55/28 1113/57/28 1114/58/28 1112/56/28
f 1113/57/29 1115/59/29 1116/60/29 1114/58/29
f 1115/59/30 1117/61/30 1118/62/30 1116/60/30
f 1117/61/31 1119/63/31 1120/64/31 1118/62/31
f 1119/63/32 1057/65/32 1060/66/32 1120/64/32
f 1060/4/33 1059/3/33 1121/67/33 1122/68/33
f 1059/3/34 1062/6/34 1123/69/34 1121/67/34
f 1062/6/35 1064/8/35 1124/70/35 1123/69/35
f 1064/8/36 1066/10/36 1125/71/36 1124/70/36
f 1066/10/37 1068/12/37 1126/72/37 1125/71/37
f 1068/12/38 1070/14/38 1127/73/38 1126/72/38
f 1070/14/39 1072/16/39 1128/74/39 1127/73/39
f 1072/16/40 1074/18/40 1129/75/40 1128/74/40
f 1074/18/41 1076/20/41 1130/76/41 1129/75/41
f 1076/20/42 1078/22/42 1131/77/42 1130/76/42
f 1078/22/43 1080/24/43 1132/78/43 1131/77/43
f 1080/24/44 1082/26/44 1133/79/44 1132/78/44
f 1082/26/45 1084/28/45 1134/80/45 1133/79/45
f 1084/28/46 1086/30/46 1135/81/46 1134/80/46
f 1086/30/47 1088/32/47 1136/82/47 1135/81/47
f 1088/32/48 1090/34/48 1137/83/48 1136/82/48
f 1090/34/49 1092/36/49 1138/84/49 1137/83/49
f 1092/36/50 1094/38/50 1139/85/50 1138/84/50
f 1094/38/51 1096/40/51 1140/86/51 1139/85/51
f 1096/40/52 1098/42/52 1141/87/52 1140/86/52
f 1098/42/53 1100/44/53 1142/88/53 1141/87/53
f 1100/44/54 1102/46/54 1143/89/54 1142/88/54
f 1102/46/55 1104/48/55 1144/90/55 1143/89/55
f 1104/48/56 1106/50/56 1145/91/56 1144/90/56
f 1106/50/57 1108/52/57 1146/92/57 1145/91/57
f 1108/52/58 1110/54/58 1147/93/58 1146/92/58
f 1110/54/59 1112/56/59 1148/94/59 1147/93/59
f 1112/56/60 1114/58/60 1149/95/60 1148/94/60
f 1114/58/61 1116/60/61 1150/96/61 1149/95/61
f 1116/60/62 1118/62/62 1151/97/62 1150/96/62
f 1118/62/63 1120/64/63 1152/98/63 1151/97/63
f 1120/64/64 1060/66/64 1122/99/64 1152/98/64
f 1122/68/65 1121/67/65 1153/100/65 1154/101/65
f 1121/67/66 1123/69/66 1155/102/66 1153/100/66
f 1123/69/67 1124/70/67 1156/103/67 1155/102/67
f 1124/70/68 1125/71/68 1157/104/68 1156/103/68
f 1125/71/69 1126/72/69 1158/105/69 1157/104/69
f 1126/72/70 1127/73/70 1159/106/70 1158/105/70
f 1127/73/71 1128/74/71 1160/107/71 1159/106/71
f 1128/74/72 1129/75/72 1161/108/72 1160/107/72
f 1129/75/73 1130/76/73 1162/109/73 1161/108/73
f 1130/76/74 1131/77/74 1163/110/74 1162/109/74
f 1131/77/75 1132/78/75 1164/111/75 1163/110/75
f 1132/78/76 1133/79/76 1165/112/76 1164/111/76
f 1133/79/77 1134/80/77 1166/113/77 1165/112/77
f 1134/80/78 1135/81/78 1167/114/78 1166/113/78
f 1135/81/79 1136/82/79 1168/115/79 1167/114/79
f 1136/82/80 1137/83/80 1169/116/80 1168/115/80
f 1137/83/81 1138/84/81 1170/117/81 1169/116/81
f 1138/84/82 1139/85/82 1171/118/82 1170/117/82
f 1139/85/83 1140/86/83 1172/119/83 1171/118/83
f 1140/86/84 1141/87/84 1173/120/84 1172/119/84
f 1141/87/85 1142/88/85 1174/121/85 1173/120/85
f 1142/88/86 1143/89/86 1175/122/86 1174/121/86
f 1143/89/87 1144/90/87 1176/123/87 1175/122/87
f 1144/90/88 1145/91/88 1177/124/88 1176/123/88
f 1145/91/89 1146/92/89 1178/125/89 1177/124/89
f 1146/92/90 1147/93/90 1179/126/90 1178/125/90
f 1147/93/91 1148/94/91 1180/127/91 1179/126/91
f 1148/94/92 1149/95/92 1181/128/92 1180/127/92
f 1149/95/93 1150/96/93 1182/129/93 1181/128/93
f 1150/96/94 1151/97/94 1183/130/94 1182/129/94
f 1151/97/95 1152/98/95 1184/131/95 1183/130/95
f 1152/98/96 1122/99/96 1154/132/96 1184/131/96
f 1154/101/97 1153/100/97 1185/133/97 1186/134/97
f 1153/100/98 1155/102/98 1187/135/98 1185/133/98
f 1155/102/99 1156/103/99 1188/136/99 1187/135/99
f 1156/103/100 1157/104/100 1189/137/100 1188/136/100
f 1157/104/101 1158/105/101 1190/138/101 1189/137/101
f 1158/105/102 1159/106/102 1191/139/102 1190/138/102
f 1159/106/103 1160/107/103 1192/140/103 1191/139/103
f 1160/107/104 1161/108/104 1193/141/104 1192/140/104
f 1161/108/105 1162/109/105 1194/142/105 1193/141/105
f 1162/109/106 1163/110/106 1195/143/106 1194/142/106
f 1163/110/107 1164/111/107 1196/144/107 1195/143/107
f 1164/111/108 1165/112/108 1197/145/108 1196/144/108
f 1165/112/109 1166/113/109 1198/146/109 1197/145/109
f 1166/113/110 1167/114/110 1199/147/110 1198/146/110
f 1167/114/111 1168/115/111 1200/148/111 1199/147/111
f 1168/115/112 1169/116/112 1201/149/112 1200/148/112
f 1169/116/113 1170/117/113 1202/150/113 1201/149/113
f 1170/117/114 1171/118/114 1203/151/114 1202/150/114
f 1171/118/115 1172/119/115 1204/152/115 1203/151/115
f 1172/119/116 1173/120/116 1205/153/116 1204/152/116
f 1173/120/117 1174/121/117 1206/154/117 1205/153/117
f 1174/121/118 1175/122/118 1207/155/118 1206/154/118
f 1175/122/119 1176/123/119 1208/156/119 1207/155/119
f 1176/123/120 1177/124/120 1209/157/120 1208/156/120
f 1177/124/121 1178/125/121 1210/158/121 1209/157/121
f 1178/125/122 1179/126/122 1211/159/122 1210/158/122
f 1179/126/123 1180/127/123 1212/160/123 1211/159/123
f 1180/127/124 1181/128/124 1213/161/124 1212/160/124
f 1181/128/125 1182/129/125 1214/162/125 1213/161/125
f 1182/129/126 1183/130/126 1215/163/126 1214/162/126
f 1183/130/127 1184/131/127 1216/164/127 1215/163/127
f 1184/131/128 1154/132/128 1186/165/128 1216/164/128
f 1186/134/129 1185/133/129 1217/166/129 1218/167/129
f 1185/133/130 1187/135/130 1219/168/130 1217/166/130
f 1187/135/131 1188/136/131 1220/169/131 1219/168/131
f 1188/136/132 1189/137/132 1221/170/132 1220/169/132
f 1189/137/133 1190/138/133 1222/171/133 1221/170/133
f 1190/138/134 1191/139/134 1223/172/134 1222/171/134
f 1191/139/135 1192/140/135 1224/173/135 1223/172/135
f 1192/140/136 1193/141/136 1225/174/136 1224/173/136
f 1193/141/137 1194/142/137 1226/175/137 1225/174/137
f 1194/142/138 1195/143/138 1227/176/138 1226/175/138
f 1195/143/139 1196/144/139 1228/177/139 1227/176/139
f 1196/144/140 1197/145/140 1229/178/140 1228/177/140
f 1197/145/141 1198/146/141 1230/179/141 1229/178/141
f 1198/146/142 1199/147/142 1231/180/142 1230/179/142
f 1199/147/143 1200/148/143 1232/181/143 1231/180/143
f 1200/148/144 1201/149/144 1233/182/144 1232/181/144
f 1201/149/145 1202/150/145 1234/183/145 1233/182/145
f 1202/150/146 1203/151/146 1235/184/146 1234/183/146
f 1203/151/147 1204/152/147 1236/185/147 1235/184/147
f 1204/152/148 1205/153/148 1237/186/148 1236/185/148
f 1205/153/149 1206/154/149 1238/187/149 1237/186/149
f 1206/154/150 1207/155/150 1239/188/150 1238/187/150
f 1207/155/151 1208/156/151 1240/189/151 1239/188/151
f 1208/156/152 1209/157/152 1241/190/152 1240/189/152
f 1209/157/153 1210/158/153 1242/191/153 1241/190/153
f 1210/158/154 1211/159/154 1243/192/154 1242/191/154
f 1211/159/155 1212/160/155 1244/193/155 1243/192/155
f 1212/160/156 1213/161/156 1245/194/156 1244/193/156
f 1213/161/157 1214/162/157 1246/195/157 1245/194/157
f 1214/162/158 1215/163/158 1247/196/158 1246/195/158
f 1215/163/159 1216/164/159 1248/197/159 1247/196/159
f 1216/164/160 1186/165/160 1218/198/160 1248/197/160
f 1218/167/161 1217/166/161 1249/199/161 1250/200/161
f 1217/166/162 1219/168/162 1251/201/162 1249/199/162
f 1219/168/163 1220/169/163 1252/202/163 1251/201/163
f 1220/169/164 1221/170/164 1253/203/164 1252/202/164
f 1221/170/165 1222/171/165 1254/204/165 1253/203/165
f 1222/171/166 1223/172/166 1255/205/166 1254/204/166
f 1223/172/167 1224/173/167 1256/206/167 1255/205/167
f 1224/173/168 1225/174/168 1257/207/168 1256/206/168
f 1225/174/169 1226/175/169 1258/208/169 1257/207/169
f 1226/175/170 1227/176/170 1259/209/170 1258/208/170
f 1227/176/171 1228/177/171 1260/210/171 1259/209/171
f 1228/177/172 1229/178/172 1261/211/172 1260/210/172
f 1229/178/173 1230/179/173 1262/212/173 1261/211/173
f 1230/179/174 1231/180/174 1263/213/174 1262/212/174
f 1231/180/175 1232/181/175 1264/214/175 1263/213/175
f 1232/181/176 1233/182/176 1265/215/176 1264/214/176
f 1233/182/177 1234/183/177 1266/216/177 1265/215/177
f 1234/183/178 1235/184/178 1267/217/178 1266/216/178
f 1235/184/179 1236/185/179 1268/218/179 1267/217/179
f 1236/185/180 1237/186/180 1269/219/180 1268/218/180
f 1237/186/181 1238/187/181 1270/220/181 1269/219/181
f 1238/187/182 1239/188/182 1271/221/182 1270/220/182
f 1239/188/183 1240/189/183 1272/222/183 1271/221/183
f 1240/189/184 1241/190/184 1273/223/184 1272/222/184
f 1241/190/185 1242/191/185 1274/224/185 1273/223/185
f 1242/191/186 1243/192/186 1275/225/186 1274/224/186
f 1243/192/187 1244/193/187 1276/226/187 1275/225/187
f 1244/193/188 1245/194/188 1277/227/188 1276/226/188
f 1245/194/189 1246/195/189 1278/228/189 1277/227/189
f 1246/195/190 1247/196/190 1279/229/190 1278/228/190
f 1247/196/191 1248/197/191 1280/230/191 1279/229/191
f 1248/197/192 1218/198/192 1250/231/192 1280/230/192
f 1250/200/193 1249/199/193 1281/232/193 1282/233/193
f 1249/199/194 1251/201/194 1283/234/194 1281/232/194
f 1251/201/195 1252/202/195 1284/235/195 1283/234/195
f 1252/202/196 1253/203/196 1285/236/196 1284/235/196
f 1253/203/197 1254/204/197 1286/237/197 1285/236/197
f 1254/204/198 1255/205/198 1287/238/198 1286/237/198
f 1255/205/199 1256/206/199 1288/239/199 1287/238/199
f 1256/206/200 1257/207/200 1289/240/200 1288/239/200
f 1257/207/201 1258/208/201 1290/241/201 1289/240/201
f 1258/208/202 1259/209/202 1291/242/202 1290/241/202
f 1259/209/203 1260/210/203 1292/243/203 1291/242/203
f 1260/210/204 1261/211/204 1293/244/204 1292/243/204
f 1261/211/205 1262/212/205 1294/245/205 1293/244/205
f 1262/212/206 1263/213/206 1295/246/206 1294/245/206
f 1263/213/207 1264/214/207 1296/247/207 1295/246/207
f 1264/214/208 1265/215/208 1297/248/208 1296/247/208
f 1265/215/209 1266/216/209 1298/249/209 1297/248/209
f 1266/216/210 1267/217/210 1299/250/210 1298/249/210
f 1267/217/211 1268/218/211 1300/251/211 1299/250/211
f 1268/218/212 1269/219/212 1301/252/212 1300/251/212
f 1269/219/213 1270/220/213 1302/253/213 1301/252/213
f 1270/220/214 1271/221/214 1303/254/214 1302/253/214
f 1271/221/215 1272/222/215 1304/255/215 1303/254/215
f 1272/222/216 1273/223/216 1305/256/216 1304/255/216
f 1273/223/217 1274/224/217 1306/257/217 1305/256/217
f 1274/224/218 1275/225/218 1307/258/218 1306/257/218
f 1275/225/219 1276/226/219 1308/259/219 1307/258/219
f 1276/226/220 1277/227/220 1309/260/220 1308/259/220
f 1277/227/221 1278/228/221 1310/261/221 1309/260/221
f 1278/228/222 1279/229/222 1311/262/222 1310/261/222
f 1279/229/223 1280/230/223 1312/263/223 1311/262/223
f 1280/230/224 1250/231/224 1282/264/224 1312/263/224
f 1282/233/225 1281/232/225 1313/265/225 1314/266/225
f 1281/232/226 1283/234/226 1315/267/226 1313/265/226
f 1283/234/227 1284/235/227 1316/268/227 1315/267/227
f 1284/235/228 1285/236/228 1317/269/228 1316/268/228
f 1285/236/229 1286/237/229 1318/270/229 1317/269/229
f 1286/237/230 1287/238/230 1319/271/230 1318/270/230
f 1287/238/231 1288/239/231 1320/272/231 1319/271/231
f 1288/239/232 1289/240/232 1321/273/232 1320/272/232
f 1289/240/233 1290/241/233 1322/274/233 1321/273/233
f 1290/241/234 1291/242/234 1323/275/234 1322/274/234
f 1291/242/235 1292/243/235 1324/276/235 1323/275/235
f 1292/243/236 1293/244/236 1325/277/236 1324/276/236
f 1293/244/237 1294/245/237 1326/278/237 1325/277/237
f 1294/245/238 1295/246/238 1327/279/238 1326/278/238
f 1295/246/239 1296/247/239 1328/280/239 1327/279/239
f 1296/247/240 1297/248/240 1329/281/240 1328/280/240
f 1297/248/241 1298/249/241 1330/282/241 1329/281/241
f 1298/249/242 1299/250/242 1331/283/242 1330/282/242
f 1299/250/243 1300/251/243 1332/284/243 1331/283/243
f 1300/251/244 1301/252/244 1333/285/244 1332/284/244
f 1301/252/245 1302/253/245 1334/286/245 1333/285/245
f 1302/253/246 1303/254/246 1335/287/246 1334/286/246
f 1303/254/247 1304/255/247 1336/288/247 1335/287/247
f 1304/255/248 1305/256/248 1337/289/248 1336/288/248
f 1305/256/249 1306/257/249 1338/290/249 1337/289/249
f 1306/257/250 1307/258/250 1339/291/250 1338/290/250
f 1307/258/251 1308/259/251 1340/292/251 1339/291/251
f 1308/259/252 1309/260/252 1341/293/252 1340/292/252
f 1309/260/253 1310/261/253 1342/294/253 1341/293/253
f 1310/261/254 1311/262/254 1343/295/254 1342/294/254
f 1311/262/255 1312/263/255 1344/296/255 1343/295/255
f 1312/263/256 1282/264/256 1314/297/256 1344/296/256
f 1314/266/257 1313/265/257 1345/298/257 1346/299/257
f 1313/265/258 1315/267/258 1347/300/258 1345/298/258
f 1315/267/259 1316/268/259 1348/301/259 1347/300/259
f 1316/268/260 1317/269/260 1349/302/260 1348/301/260
f 1317/269/261 1318/270/261 1350/303/261 1349/302/261
f 1318/270/262 1319/271/262 1351/304/262 1350/303/262
f 1319/271/263 1320/272/263 1352/305/263 1351/304/263
f 1320/272/264 1321/273/264 1353/306/264 1352/305/264
f 1321/273/265 1322/274/265 1354/307/265 1353/306/265
f 1322/274/266 1323/275/266 1355/308/266 1354/307/266
f 1323/275/267 1324/276/267 1356/309/267 1355/308/267
f 1324/276/268 1325/277/268 1357/310/268 1356/309/268
f 1325/277/269 1326/278/269 1358/311/269 1357/310/269
f 1326/278/270 1327/279/270 1359/312/270 1358/311/270
f 1327/279/271 1328/280/271 1360/313/271 1359/312/271
f 1328/280/272 1329/281/272 1361/314/272 1360/313/272
f 1329/281/273 1330/282/273 1362/315/273 1361/314/273
f 1330/282/274 1331/283/274 1363/316/274 1362/315/274
f 1331/283/275 1332/284/275 1364/317/275 1363/316/275
f 1332/284/276 1333/285/276 1365/318/276 1364/317/276
f 1333/285/277 1334/286/277 1366/319/277 1365/318/277
f 1334/286/278 1335/287/278 1367/320/278 1366/319/278
f 1335/287/279 1336/288/279 1368/321/279 1367/320/279
f 1336/288/280 1337/289/280 1369/322/280 1368/321/280
f 1337/289/281 1338/290/281 1370/323/281 1369/322/281
f 1338/290/282 1339/291/282 1371/324/282 1370/323/282
f 1339/291/283 1340/292/283 1372/325/283 1371/324/283
f 1340/292/284 1341/293/284 1373/326/284 1372/325/284
f 1341/293/285 1342/294/285 1374/327/285 1373/326/285
f 1342/294/286 1343/295/286 1375/328/286 1374/327/286
f 1343/295/287 1344/296/287 1376/329/287 1375/328/287
f 1344/296/288 1314/297/288 1346/330/288 1376/329/288
f 1346/299/289 1345/298/289 1377/331/289 1378/332/289
f 1345/298/290 1347/300/290 1379/333/290 1377/331/290
f 1347/300/291 1348/301/291 1380/334/291 1379/333/291
f 1348/301/292 1349/302/292 1381/335/292 1380/334/292
f 1349/302/293 1350/303/293 1382/336/293 1381/335/293
f 1350/303/294 1351/304/294 1383/337/294 1382/336/294
f 1351/304/295 1352/305/295 1384/338/295 1383/337/295
f 1352/305/296 1353/306/296 1385/339/296 1384/338/296
f 1353/306/297 1354/307/297 1386/340/297 1385/339/297
f 1354/307/298 1355/308/298 1387/341/298 1386/340/298
f 1355/308/299 1356/309/299 1388/342/299 1387/341/299
f 1356/309/300 1357/310/300 1389/343/300 1388/342/300
f 1357/310/301 1358/311/301 1390/344/301 1389/343/301
f 1358/311/302 1359/312/302 1391/345/302 1390/344/302
f 1359/312/303 1360/313/303 1392/346/303 1391/345/303
f 1360/313/304 1361/314/304 1393/347/304 1392/346/304
f 1361/314/305 1362/315/305 1394/348/305 1393/347/305
f 1362/315/306 1363/316/306 1395/349/306 1394/348/306
f 1363/316/307 1364/317/307 1396/350/307 1395/349/307
f 1364/317/308 1365/318/308 1397/351/308 1396/350/308
f 1365/318/309 1366/319/309 1398/352/309 1397/351/309
f 1366/319/310 1367/320/310 1399/353/310 1398/352/310
f 1367/320/311 1368/321/311 1400/354/311 1399/353/311
f 1368/321/312 1369/322/312 1401/355/312 1400/354/312
f 1369/322/313 1370/323/313 1402/356/313 1401/355/313
f 1370/323/314 1371/324/314 1403/357/314 1402/356/314
f 1371/324/315 1372/325/315 1404/358/315 1403/357/315
f 1372/325/316 1373/326/316 1405/359/316 1404/358/316
f 1373/326/317 1374/327/317 1406/360/317 1405/359/317
f 1374/327/318 1375/328/318 1407/361/318 1406/360/318
f 1375/328/319 1376/329/319 1408/362/319 1407/361/319
f 1376/329/320 1346/330/320 1378/363/320 1408/362/320
f 1119/364/321 1117/365/321 1115/366/321 1113/367/321 1111/368/321 1109/369/321 1107/370/321 1105/33/321 1103/371/321 1101/372/321 1099/373/321 1097/374/321 1095/375/321 1093/376/321 1091/377/321 1089/167/321 1087/378/321 1085/379/321 1083/380/321 1081/381/321 1079/382/321 1077/383/321 1075/384/321 1073/347/321 1071/385/321 1069/386/321 1067/387/321 1065/388/321 1063/389/321 1061/390/321 1058/391/321 1057/198/321
f 1378/198/322 1377/391/322 1379/390/322 1380/389/322 1381/388/322 1382/387/322 1383/386/322 1384/385/322 1385/347/322 1386/384/322 1387/383/322 1388/382/322 1389/381/322 1390/380/322 1391/379/322 1392/378/322 1393/167/322 1394/377/322 1395/376/322 1396/375/322 1397/374/322 1398/373/322 1399/372/322 1400/371/322 1401/33/322 1402/370/322 1403/369/322 1404/368/322 1405/367/322 1406/366/322 1407/365/322 1408/364/322
