# generated by tools/gen_switch_models.py - do not edit by hand
mtllib mv_breaker.mtl
v -0.450000 0.000000 -0.240000
v 0.450000 0.000000 -0.240000
v 0.450000 0.000000 0.240000
v -0.450000 0.000000 0.240000
v -0.450000 0.030000 0.240000
v 0.450000 0.030000 0.240000
v 0.450000 0.030000 -0.240000
v -0.450000 0.030000 -0.240000
v -0.350000 0.030000 -0.165000
v 0.350000 0.030000 -0.165000
v 0.350000 0.030000 0.165000
v -0.350000 0.030000 0.165000
v -0.350000 0.265000 0.165000
v 0.350000 0.265000 0.165000
v 0.350000 0.265000 -0.165000
v -0.350000 0.265000 -0.165000
v -0.305000 0.060000 -0.177000
v 0.305000 0.060000 -0.177000
v 0.305000 0.060000 -0.165000
v -0.305000 0.060000 -0.165000
v -0.305000 0.235000 -0.165000
v 0.305000 0.235000 -0.165000
v 0.305000 0.235000 -0.177000
v -0.305000 0.235000 -0.177000
v -0.312000 0.090000 -0.181000
v -0.292000 0.090000 -0.181000
v -0.292000 0.090000 -0.171000
v -0.312000 0.090000 -0.171000
v -0.312000 0.110000 -0.171000
v -0.292000 0.110000 -0.171000
v -0.292000 0.110000 -0.181000
v -0.312000 0.110000 -0.181000
v -0.312000 0.195000 -0.181000
v -0.292000 0.195000 -0.181000
v -0.292000 0.195000 -0.171000
v -0.312000 0.195000 -0.171000
v -0.312000 0.215000 -0.171000
v -0.292000 0.215000 -0.171000
v -0.292000 0.215000 -0.181000
v -0.312000 0.215000 -0.181000
v 0.290000 0.147500 -0.201000
v 0.289239 0.151327 -0.201000
v 0.289239 0.151327 -0.177000
v 0.290000 0.147500 -0.177000
v 0.287071 0.154571 -0.201000
v 0.287071 0.154571 -0.177000
v 0.283827 0.156739 -0.201000
v 0.283827 0.156739 -0.177000
v 0.280000 0.157500 -0.201000
v 0.280000 0.157500 -0.177000
v 0.276173 0.156739 -0.201000
v 0.276173 0.156739 -0.177000
v 0.272929 0.154571 -0.201000
v 0.272929 0.154571 -0.177000
v 0.270761 0.151327 -0.201000
v 0.270761 0.151327 -0.177000
v 0.270000 0.147500 -0.201000
v 0.270000 0.147500 -0.177000
v 0.270761 0.143673 -0.201000
v 0.270761 0.143673 -0.177000
v 0.272929 0.140429 -0.201000
v 0.272929 0.140429 -0.177000
v 0.276173 0.138261 -0.201000
v 0.276173 0.138261 -0.177000
v 0.280000 0.137500 -0.201000
v 0.280000 0.137500 -0.177000
v 0.283827 0.138261 -0.201000
v 0.283827 0.138261 -0.177000
v 0.287071 0.140429 -0.201000
v 0.287071 0.140429 -0.177000
v 0.289239 0.143673 -0.201000
v 0.289239 0.143673 -0.177000
v -0.364000 0.060000 -0.020000
v -0.350000 0.060000 -0.020000
v -0.350000 0.060000 0.020000
v -0.364000 0.060000 0.020000
v -0.364000 0.100000 0.020000
v -0.350000 0.100000 0.020000
v -0.350000 0.100000 -0.020000
v -0.364000 0.100000 -0.020000
v -0.218000 0.465000 0.000000
v -0.221958 0.465000 0.019900
v -0.221958 0.265000 0.019900
v -0.218000 0.265000 0.000000
v -0.233230 0.465000 0.036770
v -0.233230 0.265000 0.036770
v -0.250100 0.465000 0.048042
v -0.250100 0.265000 0.048042
v -0.270000 0.465000 0.052000
v -0.270000 0.265000 0.052000
v -0.289900 0.465000 0.048042
v -0.289900 0.265000 0.048042
v -0.306770 0.465000 0.036770
v -0.306770 0.265000 0.036770
v -0.318042 0.465000 0.019900
v -0.318042 0.265000 0.019900
v -0.322000 0.465000 0.000000
v -0.322000 0.265000 0.000000
v -0.318042 0.465000 -0.019900
v -0.318042 0.265000 -0.019900
v -0.306770 0.465000 -0.036770
v -0.306770 0.265000 -0.036770
v -0.289900 0.465000 -0.048042
v -0.289900 0.265000 -0.048042
v -0.270000 0.465000 -0.052000
v -0.270000 0.265000 -0.052000
v -0.250100 0.465000 -0.048042
v -0.250100 0.265000 -0.048042
v -0.233230 0.465000 -0.036770
v -0.233230 0.265000 -0.036770
v -0.221958 0.465000 -0.019900
v -0.221958 0.265000 -0.019900
v -0.217584 0.318000 0.000000
v -0.221574 0.318000 0.020059
v -0.209467 0.300000 0.025073
v -0.204480 0.300000 0.000000
v -0.232936 0.318000 0.037064
v -0.223670 0.300000 0.046330
v -0.249941 0.318000 0.048426
v -0.244927 0.300000 0.060533
v -0.270000 0.318000 0.052416
v -0.270000 0.300000 0.065520
v -0.290059 0.318000 0.048426
v -0.295073 0.300000 0.060533
v -0.307064 0.318000 0.037064
v -0.316330 0.300000 0.046330
v -0.318426 0.318000 0.020059
v -0.330533 0.300000 0.025073
v -0.322416 0.318000 0.000000
v -0.335520 0.300000 0.000000
v -0.318426 0.318000 -0.020059
v -0.330533 0.300000 -0.025073
v -0.307064 0.318000 -0.037064
v -0.316330 0.300000 -0.046330
v -0.290059 0.318000 -0.048426
v -0.295073 0.300000 -0.060533
v -0.270000 0.318000 -0.052416
v -0.270000 0.300000 -0.065520
v -0.249941 0.318000 -0.048426
v -0.244927 0.300000 -0.060533
v -0.232936 0.318000 -0.037064
v -0.223670 0.300000 -0.046330
v -0.221574 0.318000 -0.020059
v -0.209467 0.300000 -0.025073
v -0.217584 0.370000 0.000000
v -0.221574 0.370000 0.020059
v -0.209467 0.352000 0.025073
v -0.204480 0.352000 0.000000
v -0.232936 0.370000 0.037064
v -0.223670 0.352000 0.046330
v -0.249941 0.370000 0.048426
v -0.244927 0.352000 0.060533
v -0.270000 0.370000 0.052416
v -0.270000 0.352000 0.065520
v -0.290059 0.370000 0.048426
v -0.295073 0.352000 0.060533
v -0.307064 0.370000 0.037064
v -0.316330 0.352000 0.046330
v -0.318426 0.370000 0.020059
v -0.330533 0.352000 0.025073
v -0.322416 0.370000 0.000000
v -0.335520 0.352000 0.000000
v -0.318426 0.370000 -0.020059
v -0.330533 0.352000 -0.025073
v -0.307064 0.370000 -0.037064
v -0.316330 0.352000 -0.046330
v -0.290059 0.370000 -0.048426
v -0.295073 0.352000 -0.060533
v -0.270000 0.370000 -0.052416
v -0.270000 0.352000 -0.065520
v -0.249941 0.370000 -0.048426
v -0.244927 0.352000 -0.060533
v -0.232936 0.370000 -0.037064
v -0.223670 0.352000 -0.046330
v -0.221574 0.370000 -0.020059
v -0.209467 0.352000 -0.025073
v -0.217584 0.422000 0.000000
v -0.221574 0.422000 0.020059
v -0.209467 0.404000 0.025073
v -0.204480 0.404000 0.000000
v -0.232936 0.422000 0.037064
v -0.223670 0.404000 0.046330
v -0.249941 0.422000 0.048426
v -0.244927 0.404000 0.060533
v -0.270000 0.422000 0.052416
v -0.270000 0.404000 0.065520
v -0.290059 0.422000 0.048426
v -0.295073 0.404000 0.060533
v -0.307064 0.422000 0.037064
v -0.316330 0.404000 0.046330
v -0.318426 0.422000 0.020059
v -0.330533 0.404000 0.025073
v -0.322416 0.422000 0.000000
v -0.335520 0.404000 0.000000
v -0.318426 0.422000 -0.020059
v -0.330533 0.404000 -0.025073
v -0.307064 0.422000 -0.037064
v -0.316330 0.404000 -0.046330
v -0.290059 0.422000 -0.048426
v -0.295073 0.404000 -0.060533
v -0.270000 0.422000 -0.052416
v -0.270000 0.404000 -0.065520
v -0.249941 0.422000 -0.048426
v -0.244927 0.404000 -0.060533
v -0.232936 0.422000 -0.037064
v -0.223670 0.404000 -0.046330
v -0.221574 0.422000 -0.020059
v -0.209467 0.404000 -0.025073
v -0.212800 0.505000 0.000000
v -0.217154 0.505000 0.021889
v -0.217154 0.465000 0.021889
v -0.212800 0.465000 0.000000
v -0.229553 0.505000 0.040447
v -0.229553 0.465000 0.040447
v -0.248111 0.505000 0.052846
v -0.248111 0.465000 0.052846
v -0.270000 0.505000 0.057200
v -0.270000 0.465000 0.057200
v -0.291889 0.505000 0.052846
v -0.291889 0.465000 0.052846
v -0.310447 0.505000 0.040447
v -0.310447 0.465000 0.040447
v -0.322846 0.505000 0.021889
v -0.322846 0.465000 0.021889
v -0.327200 0.505000 0.000000
v -0.327200 0.465000 0.000000
v -0.322846 0.505000 -0.021889
v -0.322846 0.465000 -0.021889
v -0.310447 0.505000 -0.040447
v -0.310447 0.465000 -0.040447
v -0.291889 0.505000 -0.052846
v -0.291889 0.465000 -0.052846
v -0.270000 0.505000 -0.057200
v -0.270000 0.465000 -0.057200
v -0.248111 0.505000 -0.052846
v -0.248111 0.465000 -0.052846
v -0.229553 0.505000 -0.040447
v -0.229553 0.465000 -0.040447
v -0.217154 0.505000 -0.021889
v -0.217154 0.465000 -0.021889
v -0.202400 0.285000 0.000000
v -0.207546 0.285000 0.025869
v -0.207546 0.265000 0.025869
v -0.202400 0.265000 0.000000
v -0.222200 0.285000 0.047800
v -0.222200 0.265000 0.047800
v -0.244131 0.285000 0.062454
v -0.244131 0.265000 0.062454
v -0.270000 0.285000 0.067600
v -0.270000 0.265000 0.067600
v -0.295869 0.285000 0.062454
v -0.295869 0.265000 0.062454
v -0.317800 0.285000 0.047800
v -0.317800 0.265000 0.047800
v -0.332454 0.285000 0.025869
v -0.332454 0.265000 0.025869
v -0.337600 0.285000 0.000000
v -0.337600 0.265000 0.000000
v -0.332454 0.285000 -0.025869
v -0.332454 0.265000 -0.025869
v -0.317800 0.285000 -0.047800
v -0.317800 0.265000 -0.047800
v -0.295869 0.285000 -0.062454
v -0.295869 0.265000 -0.062454
v -0.270000 0.285000 -0.067600
v -0.270000 0.265000 -0.067600
v -0.244131 0.285000 -0.062454
v -0.244131 0.265000 -0.062454
v -0.222200 0.285000 -0.047800
v -0.222200 0.265000 -0.047800
v -0.207546 0.285000 -0.025869
v -0.207546 0.265000 -0.025869
v -0.240880 0.485000 -0.155000
v -0.243097 0.496144 -0.155000
v -0.243097 0.496144 0.000000
v -0.240880 0.485000 0.000000
v -0.249409 0.505591 -0.155000
v -0.249409 0.505591 0.000000
v -0.258856 0.511903 -0.155000
v -0.258856 0.511903 0.000000
v -0.270000 0.514120 -0.155000
v -0.270000 0.514120 0.000000
v -0.281144 0.511903 -0.155000
v -0.281144 0.511903 0.000000
v -0.290591 0.505591 -0.155000
v -0.290591 0.505591 0.000000
v -0.296903 0.496144 -0.155000
v -0.296903 0.496144 0.000000
v -0.299120 0.485000 -0.155000
v -0.299120 0.485000 0.000000
v -0.296903 0.473856 -0.155000
v -0.296903 0.473856 0.000000
v -0.290591 0.464409 -0.155000
v -0.290591 0.464409 0.000000
v -0.281144 0.458097 -0.155000
v -0.281144 0.458097 0.000000
v -0.270000 0.455880 -0.155000
v -0.270000 0.455880 0.000000
v -0.258856 0.458097 -0.155000
v -0.258856 0.458097 0.000000
v -0.249409 0.464409 -0.155000
v -0.249409 0.464409 0.000000
v -0.243097 0.473856 -0.155000
v -0.243097 0.473856 0.000000
v -0.215920 0.485000 -0.056500
v -0.220037 0.505696 -0.056500
v -0.220037 0.505696 -0.036500
v -0.215920 0.485000 -0.036500
v -0.231760 0.523240 -0.056500
v -0.231760 0.523240 -0.036500
v -0.249304 0.534963 -0.056500
v -0.249304 0.534963 -0.036500
v -0.270000 0.539080 -0.056500
v -0.270000 0.539080 -0.036500
v -0.290696 0.534963 -0.056500
v -0.290696 0.534963 -0.036500
v -0.308240 0.523240 -0.056500
v -0.308240 0.523240 -0.036500
v -0.319963 0.505696 -0.056500
v -0.319963 0.505696 -0.036500
v -0.324080 0.485000 -0.056500
v -0.324080 0.485000 -0.036500
v -0.319963 0.464304 -0.056500
v -0.319963 0.464304 -0.036500
v -0.308240 0.446760 -0.056500
v -0.308240 0.446760 -0.036500
v -0.290696 0.435037 -0.056500
v -0.290696 0.435037 -0.036500
v -0.270000 0.430920 -0.056500
v -0.270000 0.430920 -0.036500
v -0.249304 0.435037 -0.056500
v -0.249304 0.435037 -0.036500
v -0.231760 0.446760 -0.056500
v -0.231760 0.446760 -0.036500
v -0.220037 0.464304 -0.056500
v -0.220037 0.464304 -0.036500
v -0.215920 0.485000 -0.099900
v -0.220037 0.505696 -0.099900
v -0.220037 0.505696 -0.079900
v -0.215920 0.485000 -0.079900
v -0.231760 0.523240 -0.099900
v -0.231760 0.523240 -0.079900
v -0.249304 0.534963 -0.099900
v -0.249304 0.534963 -0.079900
v -0.270000 0.539080 -0.099900
v -0.270000 0.539080 -0.079900
v -0.290696 0.534963 -0.099900
v -0.290696 0.534963 -0.079900
v -0.308240 0.523240 -0.099900
v -0.308240 0.523240 -0.079900
v -0.319963 0.505696 -0.099900
v -0.319963 0.505696 -0.079900
v -0.324080 0.485000 -0.099900
v -0.324080 0.485000 -0.079900
v -0.319963 0.464304 -0.099900
v -0.319963 0.464304 -0.079900
v -0.308240 0.446760 -0.099900
v -0.308240 0.446760 -0.079900
v -0.290696 0.435037 -0.099900
v -0.290696 0.435037 -0.079900
v -0.270000 0.430920 -0.099900
v -0.270000 0.430920 -0.079900
v -0.249304 0.435037 -0.099900
v -0.249304 0.435037 -0.079900
v -0.231760 0.446760 -0.099900
v -0.231760 0.446760 -0.079900
v -0.220037 0.464304 -0.099900
v -0.220037 0.464304 -0.079900
v -0.215920 0.485000 -0.143300
v -0.220037 0.505696 -0.143300
v -0.220037 0.505696 -0.123300
v -0.215920 0.485000 -0.123300
v -0.231760 0.523240 -0.143300
v -0.231760 0.523240 -0.123300
v -0.249304 0.534963 -0.143300
v -0.249304 0.534963 -0.123300
v -0.270000 0.539080 -0.143300
v -0.270000 0.539080 -0.123300
v -0.290696 0.534963 -0.143300
v -0.290696 0.534963 -0.123300
v -0.308240 0.523240 -0.143300
v -0.308240 0.523240 -0.123300
v -0.319963 0.505696 -0.143300
v -0.319963 0.505696 -0.123300
v -0.324080 0.485000 -0.143300
v -0.324080 0.485000 -0.123300
v -0.319963 0.464304 -0.143300
v -0.319963 0.464304 -0.123300
v -0.308240 0.446760 -0.143300
v -0.308240 0.446760 -0.123300
v -0.290696 0.435037 -0.143300
v -0.290696 0.435037 -0.123300
v -0.270000 0.430920 -0.143300
v -0.270000 0.430920 -0.123300
v -0.249304 0.435037 -0.143300
v -0.249304 0.435037 -0.123300
v -0.231760 0.446760 -0.143300
v -0.231760 0.446760 -0.123300
v -0.220037 0.464304 -0.143300
v -0.220037 0.464304 -0.123300
v -0.237760 0.485000 -0.167000
v -0.240214 0.497338 -0.167000
v -0.240214 0.497338 -0.143000
v -0.237760 0.485000 -0.143000
v -0.247203 0.507797 -0.167000
v -0.247203 0.507797 -0.143000
v -0.257662 0.514786 -0.167000
v -0.257662 0.514786 -0.143000
v -0.270000 0.517240 -0.167000
v -0.270000 0.517240 -0.143000
v -0.282338 0.514786 -0.167000
v -0.282338 0.514786 -0.143000
v -0.292797 0.507797 -0.167000
v -0.292797 0.507797 -0.143000
v -0.299786 0.497338 -0.167000
v -0.299786 0.497338 -0.143000
v -0.302240 0.485000 -0.167000
v -0.302240 0.485000 -0.143000
v -0.299786 0.472662 -0.167000
v -0.299786 0.472662 -0.143000
v -0.292797 0.462203 -0.167000
v -0.292797 0.462203 -0.143000
v -0.282338 0.455214 -0.167000
v -0.282338 0.455214 -0.143000
v -0.270000 0.452760 -0.167000
v -0.270000 0.452760 -0.143000
v -0.257662 0.455214 -0.167000
v -0.257662 0.455214 -0.143000
v -0.247203 0.462203 -0.167000
v -0.247203 0.462203 -0.143000
v -0.240214 0.472662 -0.167000
v -0.240214 0.472662 -0.143000
v -0.300000 0.517240 -0.179000
v -0.240000 0.517240 -0.179000
v -0.240000 0.517240 -0.131000
v -0.300000 0.517240 -0.131000
v -0.300000 0.529240 -0.131000
v -0.240000 0.529240 -0.131000
v -0.240000 0.529240 -0.179000
v -0.300000 0.529240 -0.179000
v -0.278000 0.543240 -0.155000
v -0.281000 0.543240 -0.149804
v -0.281000 0.529240 -0.149804
v -0.278000 0.529240 -0.155000
v -0.287000 0.543240 -0.149804
v -0.287000 0.529240 -0.149804
v -0.290000 0.543240 -0.155000
v -0.290000 0.529240 -0.155000
v -0.287000 0.543240 -0.160196
v -0.287000 0.529240 -0.160196
v -0.281000 0.543240 -0.160196
v -0.281000 0.529240 -0.160196
v -0.272270 0.530080 -0.155000
v -0.273163 0.530080 -0.150511
v -0.273163 0.528400 -0.150511
v -0.272270 0.528400 -0.155000
v -0.275706 0.530080 -0.146706
v -0.275706 0.528400 -0.146706
v -0.279511 0.530080 -0.144163
v -0.279511 0.528400 -0.144163
v -0.284000 0.530080 -0.143270
v -0.284000 0.528400 -0.143270
v -0.288489 0.530080 -0.144163
v -0.288489 0.528400 -0.144163
v -0.292294 0.530080 -0.146706
v -0.292294 0.528400 -0.146706
v -0.294837 0.530080 -0.150511
v -0.294837 0.528400 -0.150511
v -0.295730 0.530080 -0.155000
v -0.295730 0.528400 -0.155000
v -0.294837 0.530080 -0.159489
v -0.294837 0.528400 -0.159489
v -0.292294 0.530080 -0.163294
v -0.292294 0.528400 -0.163294
v -0.288489 0.530080 -0.165837
v -0.288489 0.528400 -0.165837
v -0.284000 0.530080 -0.166730
v -0.284000 0.528400 -0.166730
v -0.279511 0.530080 -0.165837
v -0.279511 0.528400 -0.165837
v -0.275706 0.530080 -0.163294
v -0.275706 0.528400 -0.163294
v -0.273163 0.530080 -0.159489
v -0.273163 0.528400 -0.159489
v -0.275167 0.532040 -0.149900
v -0.284000 0.532040 -0.144800
v -0.284000 0.529240 -0.144800
v -0.275167 0.529240 -0.149900
v -0.292833 0.532040 -0.149900
v -0.292833 0.529240 -0.149900
v -0.292833 0.532040 -0.160100
v -0.292833 0.529240 -0.160100
v -0.284000 0.532040 -0.165200
v -0.284000 0.529240 -0.165200
v -0.275167 0.532040 -0.160100
v -0.275167 0.529240 -0.160100
v -0.250000 0.543240 -0.155000
v -0.253000 0.543240 -0.149804
v -0.253000 0.529240 -0.149804
v -0.250000 0.529240 -0.155000
v -0.259000 0.543240 -0.149804
v -0.259000 0.529240 -0.149804
v -0.262000 0.543240 -0.155000
v -0.262000 0.529240 -0.155000
v -0.259000 0.543240 -0.160196
v -0.259000 0.529240 -0.160196
v -0.253000 0.543240 -0.160196
v -0.253000 0.529240 -0.160196
v -0.244270 0.530080 -0.155000
v -0.245163 0.530080 -0.150511
v -0.245163 0.528400 -0.150511
v -0.244270 0.528400 -0.155000
v -0.247706 0.530080 -0.146706
v -0.247706 0.528400 -0.146706
v -0.251511 0.530080 -0.144163
v -0.251511 0.528400 -0.144163
v -0.256000 0.530080 -0.143270
v -0.256000 0.528400 -0.143270
v -0.260489 0.530080 -0.144163
v -0.260489 0.528400 -0.144163
v -0.264294 0.530080 -0.146706
v -0.264294 0.528400 -0.146706
v -0.266837 0.530080 -0.150511
v -0.266837 0.528400 -0.150511
v -0.267730 0.530080 -0.155000
v -0.267730 0.528400 -0.155000
v -0.266837 0.530080 -0.159489
v -0.266837 0.528400 -0.159489
v -0.264294 0.530080 -0.163294
v -0.264294 0.528400 -0.163294
v -0.260489 0.530080 -0.165837
v -0.260489 0.528400 -0.165837
v -0.256000 0.530080 -0.166730
v -0.256000 0.528400 -0.166730
v -0.251511 0.530080 -0.165837
v -0.251511 0.528400 -0.165837
v -0.247706 0.530080 -0.163294
v -0.247706 0.528400 -0.163294
v -0.245163 0.530080 -0.159489
v -0.245163 0.528400 -0.159489
v -0.247167 0.532040 -0.149900
v -0.256000 0.532040 -0.144800
v -0.256000 0.529240 -0.144800
v -0.247167 0.529240 -0.149900
v -0.264833 0.532040 -0.149900
v -0.264833 0.529240 -0.149900
v -0.264833 0.532040 -0.160100
v -0.264833 0.529240 -0.160100
v -0.256000 0.532040 -0.165200
v -0.256000 0.529240 -0.165200
v -0.247167 0.532040 -0.160100
v -0.247167 0.529240 -0.160100
v -0.243097 0.496144 0.155000
v -0.240880 0.485000 0.155000
v -0.249409 0.505591 0.155000
v -0.258856 0.511903 0.155000
v -0.270000 0.514120 0.155000
v -0.281144 0.511903 0.155000
v -0.290591 0.505591 0.155000
v -0.296903 0.496144 0.155000
v -0.299120 0.485000 0.155000
v -0.296903 0.473856 0.155000
v -0.290591 0.464409 0.155000
v -0.281144 0.458097 0.155000
v -0.270000 0.455880 0.155000
v -0.258856 0.458097 0.155000
v -0.249409 0.464409 0.155000
v -0.243097 0.473856 0.155000
v -0.215920 0.485000 0.036500
v -0.220037 0.505696 0.036500
v -0.220037 0.505696 0.056500
v -0.215920 0.485000 0.056500
v -0.231760 0.523240 0.036500
v -0.231760 0.523240 0.056500
v -0.249304 0.534963 0.036500
v -0.249304 0.534963 0.056500
v -0.270000 0.539080 0.036500
v -0.270000 0.539080 0.056500
v -0.290696 0.534963 0.036500
v -0.290696 0.534963 0.056500
v -0.308240 0.523240 0.036500
v -0.308240 0.523240 0.056500
v -0.319963 0.505696 0.036500
v -0.319963 0.505696 0.056500
v -0.324080 0.485000 0.036500
v -0.324080 0.485000 0.056500
v -0.319963 0.464304 0.036500
v -0.319963 0.464304 0.056500
v -0.308240 0.446760 0.036500
v -0.308240 0.446760 0.056500
v -0.290696 0.435037 0.036500
v -0.290696 0.435037 0.056500
v -0.270000 0.430920 0.036500
v -0.270000 0.430920 0.056500
v -0.249304 0.435037 0.036500
v -0.249304 0.435037 0.056500
v -0.231760 0.446760 0.036500
v -0.231760 0.446760 0.056500
v -0.220037 0.464304 0.036500
v -0.220037 0.464304 0.056500
v -0.215920 0.485000 0.079900
v -0.220037 0.505696 0.079900
v -0.220037 0.505696 0.099900
v -0.215920 0.485000 0.099900
v -0.231760 0.523240 0.079900
v -0.231760 0.523240 0.099900
v -0.249304 0.534963 0.079900
v -0.249304 0.534963 0.099900
v -0.270000 0.539080 0.079900
v -0.270000 0.539080 0.099900
v -0.290696 0.534963 0.079900
v -0.290696 0.534963 0.099900
v -0.308240 0.523240 0.079900
v -0.308240 0.523240 0.099900
v -0.319963 0.505696 0.079900
v -0.319963 0.505696 0.099900
v -0.324080 0.485000 0.079900
v -0.324080 0.485000 0.099900
v -0.319963 0.464304 0.079900
v -0.319963 0.464304 0.099900
v -0.308240 0.446760 0.079900
v -0.308240 0.446760 0.099900
v -0.290696 0.435037 0.079900
v -0.290696 0.435037 0.099900
v -0.270000 0.430920 0.079900
v -0.270000 0.430920 0.099900
v -0.249304 0.435037 0.079900
v -0.249304 0.435037 0.099900
v -0.231760 0.446760 0.079900
v -0.231760 0.446760 0.099900
v -0.220037 0.464304 0.079900
v -0.220037 0.464304 0.099900
v -0.215920 0.485000 0.123300
v -0.220037 0.505696 0.123300
v -0.220037 0.505696 0.143300
v -0.215920 0.485000 0.143300
v -0.231760 0.523240 0.123300
v -0.231760 0.523240 0.143300
v -0.249304 0.534963 0.123300
v -0.249304 0.534963 0.143300
v -0.270000 0.539080 0.123300
v -0.270000 0.539080 0.143300
v -0.290696 0.534963 0.123300
v -0.290696 0.534963 0.143300
v -0.308240 0.523240 0.123300
v -0.308240 0.523240 0.143300
v -0.319963 0.505696 0.123300
v -0.319963 0.505696 0.143300
v -0.324080 0.485000 0.123300
v -0.324080 0.485000 0.143300
v -0.319963 0.464304 0.123300
v -0.319963 0.464304 0.143300
v -0.308240 0.446760 0.123300
v -0.308240 0.446760 0.143300
v -0.290696 0.435037 0.123300
v -0.290696 0.435037 0.143300
v -0.270000 0.430920 0.123300
v -0.270000 0.430920 0.143300
v -0.249304 0.435037 0.123300
v -0.249304 0.435037 0.143300
v -0.231760 0.446760 0.123300
v -0.231760 0.446760 0.143300
v -0.220037 0.464304 0.123300
v -0.220037 0.464304 0.143300
v -0.237760 0.485000 0.143000
v -0.240214 0.497338 0.143000
v -0.240214 0.497338 0.167000
v -0.237760 0.485000 0.167000
v -0.247203 0.507797 0.143000
v -0.247203 0.507797 0.167000
v -0.257662 0.514786 0.143000
v -0.257662 0.514786 0.167000
v -0.270000 0.517240 0.143000
v -0.270000 0.517240 0.167000
v -0.282338 0.514786 0.143000
v -0.282338 0.514786 0.167000
v -0.292797 0.507797 0.143000
v -0.292797 0.507797 0.167000
v -0.299786 0.497338 0.143000
v -0.299786 0.497338 0.167000
v -0.302240 0.485000 0.143000
v -0.302240 0.485000 0.167000
v -0.299786 0.472662 0.143000
v -0.299786 0.472662 0.167000
v -0.292797 0.462203 0.143000
v -0.292797 0.462203 0.167000
v -0.282338 0.455214 0.143000
v -0.282338 0.455214 0.167000
v -0.270000 0.452760 0.143000
v -0.270000 0.452760 0.167000
v -0.257662 0.455214 0.143000
v -0.257662 0.455214 0.167000
v -0.247203 0.462203 0.143000
v -0.247203 0.462203 0.167000
v -0.240214 0.472662 0.143000
v -0.240214 0.472662 0.167000
v -0.300000 0.517240 0.131000
v -0.240000 0.517240 0.131000
v -0.240000 0.517240 0.179000
v -0.300000 0.517240 0.179000
v -0.300000 0.529240 0.179000
v -0.240000 0.529240 0.179000
v -0.240000 0.529240 0.131000
v -0.300000 0.529240 0.131000
v -0.278000 0.543240 0.155000
v -0.281000 0.543240 0.160196
v -0.281000 0.529240 0.160196
v -0.278000 0.529240 0.155000
v -0.287000 0.543240 0.160196
v -0.287000 0.529240 0.160196
v -0.290000 0.543240 0.155000
v -0.290000 0.529240 0.155000
v -0.287000 0.543240 0.149804
v -0.287000 0.529240 0.149804
v -0.281000 0.543240 0.149804
v -0.281000 0.529240 0.149804
v -0.272270 0.530080 0.155000
v -0.273163 0.530080 0.159489
v -0.273163 0.528400 0.159489
v -0.272270 0.528400 0.155000
v -0.275706 0.530080 0.163294
v -0.275706 0.528400 0.163294
v -0.279511 0.530080 0.165837
v -0.279511 0.528400 0.165837
v -0.284000 0.530080 0.166730
v -0.284000 0.528400 0.166730
v -0.288489 0.530080 0.165837
v -0.288489 0.528400 0.165837
v -0.292294 0.530080 0.163294
v -0.292294 0.528400 0.163294
v -0.294837 0.530080 0.159489
v -0.294837 0.528400 0.159489
v -0.295730 0.530080 0.155000
v -0.295730 0.528400 0.155000
v -0.294837 0.530080 0.150511
v -0.294837 0.528400 0.150511
v -0.292294 0.530080 0.146706
v -0.292294 0.528400 0.146706
v -0.288489 0.530080 0.144163
v -0.288489 0.528400 0.144163
v -0.284000 0.530080 0.143270
v -0.284000 0.528400 0.143270
v -0.279511 0.530080 0.144163
v -0.279511 0.528400 0.144163
v -0.275706 0.530080 0.146706
v -0.275706 0.528400 0.146706
v -0.273163 0.530080 0.150511
v -0.273163 0.528400 0.150511
v -0.275167 0.532040 0.160100
v -0.284000 0.532040 0.165200
v -0.284000 0.529240 0.165200
v -0.275167 0.529240 0.160100
v -0.292833 0.532040 0.160100
v -0.292833 0.529240 0.160100
v -0.292833 0.532040 0.149900
v -0.292833 0.529240 0.149900
v -0.284000 0.532040 0.144800
v -0.284000 0.529240 0.144800
v -0.275167 0.532040 0.149900
v -0.275167 0.529240 0.149900
v -0.250000 0.543240 0.155000
v -0.253000 0.543240 0.160196
v -0.253000 0.529240 0.160196
v -0.250000 0.529240 0.155000
v -0.259000 0.543240 0.160196
v -0.259000 0.529240 0.160196
v -0.262000 0.543240 0.155000
v -0.262000 0.529240 0.155000
v -0.259000 0.543240 0.149804
v -0.259000 0.529240 0.149804
v -0.253000 0.543240 0.149804
v -0.253000 0.529240 0.149804
v -0.244270 0.530080 0.155000
v -0.245163 0.530080 0.159489
v -0.245163 0.528400 0.159489
v -0.244270 0.528400 0.155000
v -0.247706 0.530080 0.163294
v -0.247706 0.528400 0.163294
v -0.251511 0.530080 0.165837
v -0.251511 0.528400 0.165837
v -0.256000 0.530080 0.166730
v -0.256000 0.528400 0.166730
v -0.260489 0.530080 0.165837
v -0.260489 0.528400 0.165837
v -0.264294 0.530080 0.163294
v -0.264294 0.528400 0.163294
v -0.266837 0.530080 0.159489
v -0.266837 0.528400 0.159489
v -0.267730 0.530080 0.155000
v -0.267730 0.528400 0.155000
v -0.266837 0.530080 0.150511
v -0.266837 0.528400 0.150511
v -0.264294 0.530080 0.146706
v -0.264294 0.528400 0.146706
v -0.260489 0.530080 0.144163
v -0.260489 0.528400 0.144163
v -0.256000 0.530080 0.143270
v -0.256000 0.528400 0.143270
v -0.251511 0.530080 0.144163
v -0.251511 0.528400 0.144163
v -0.247706 0.530080 0.146706
v -0.247706 0.528400 0.146706
v -0.245163 0.530080 0.150511
v -0.245163 0.528400 0.150511
v -0.247167 0.532040 0.160100
v -0.256000 0.532040 0.165200
v -0.256000 0.529240 0.165200
v -0.247167 0.529240 0.160100
v -0.264833 0.532040 0.160100
v -0.264833 0.529240 0.160100
v -0.264833 0.532040 0.149900
v -0.264833 0.529240 0.149900
v -0.256000 0.532040 0.144800
v -0.256000 0.529240 0.144800
v -0.247167 0.532040 0.149900
v -0.247167 0.529240 0.149900
v 0.052000 0.465000 0.000000
v 0.048042 0.465000 0.019900
v 0.048042 0.265000 0.019900
v 0.052000 0.265000 0.000000
v 0.036770 0.465000 0.036770
v 0.036770 0.265000 0.036770
v 0.019900 0.465000 0.048042
v 0.019900 0.265000 0.048042
v 0.000000 0.465000 0.052000
v 0.000000 0.265000 0.052000
v -0.019900 0.465000 0.048042
v -0.019900 0.265000 0.048042
v -0.036770 0.465000 0.036770
v -0.036770 0.265000 0.036770
v -0.048042 0.465000 0.019900
v -0.048042 0.265000 0.019900
v -0.052000 0.465000 0.000000
v -0.052000 0.265000 0.000000
v -0.048042 0.465000 -0.019900
v -0.048042 0.265000 -0.019900
v -0.036770 0.465000 -0.036770
v -0.036770 0.265000 -0.036770
v -0.019900 0.465000 -0.048042
v -0.019900 0.265000 -0.048042
v -0.000000 0.465000 -0.052000
v -0.000000 0.265000 -0.052000
v 0.019900 0.465000 -0.048042
v 0.019900 0.265000 -0.048042
v 0.036770 0.465000 -0.036770
v 0.036770 0.265000 -0.036770
v 0.048042 0.465000 -0.019900
v 0.048042 0.265000 -0.019900
v 0.052416 0.318000 0.000000
v 0.048426 0.318000 0.020059
v 0.060533 0.300000 0.025073
v 0.065520 0.300000 0.000000
v 0.037064 0.318000 0.037064
v 0.046330 0.300000 0.046330
v 0.020059 0.318000 0.048426
v 0.025073 0.300000 0.060533
v 0.000000 0.318000 0.052416
v 0.000000 0.300000 0.065520
v -0.020059 0.318000 0.048426
v -0.025073 0.300000 0.060533
v -0.037064 0.318000 0.037064
v -0.046330 0.300000 0.046330
v -0.048426 0.318000 0.020059
v -0.060533 0.300000 0.025073
v -0.052416 0.318000 0.000000
v -0.065520 0.300000 0.000000
v -0.048426 0.318000 -0.020059
v -0.060533 0.300000 -0.025073
v -0.037064 0.318000 -0.037064
v -0.046330 0.300000 -0.046330
v -0.020059 0.318000 -0.048426
v -0.025073 0.300000 -0.060533
v -0.000000 0.318000 -0.052416
v -0.000000 0.300000 -0.065520
v 0.020059 0.318000 -0.048426
v 0.025073 0.300000 -0.060533
v 0.037064 0.318000 -0.037064
v 0.046330 0.300000 -0.046330
v 0.048426 0.318000 -0.020059
v 0.060533 0.300000 -0.025073
v 0.052416 0.370000 0.000000
v 0.048426 0.370000 0.020059
v 0.060533 0.352000 0.025073
v 0.065520 0.352000 0.000000
v 0.037064 0.370000 0.037064
v 0.046330 0.352000 0.046330
v 0.020059 0.370000 0.048426
v 0.025073 0.352000 0.060533
v 0.000000 0.370000 0.052416
v 0.000000 0.352000 0.065520
v -0.020059 0.370000 0.048426
v -0.025073 0.352000 0.060533
v -0.037064 0.370000 0.037064
v -0.046330 0.352000 0.046330
v -0.048426 0.370000 0.020059
v -0.060533 0.352000 0.025073
v -0.052416 0.370000 0.000000
v -0.065520 0.352000 0.000000
v -0.048426 0.370000 -0.020059
v -0.060533 0.352000 -0.025073
v -0.037064 0.370000 -0.037064
v -0.046330 0.352000 -0.046330
v -0.020059 0.370000 -0.048426
v -0.025073 0.352000 -0.060533
v -0.000000 0.370000 -0.052416
v -0.000000 0.352000 -0.065520
v 0.020059 0.370000 -0.048426
v 0.025073 0.352000 -0.060533
v 0.037064 0.370000 -0.037064
v 0.046330 0.352000 -0.046330
v 0.048426 0.370000 -0.020059
v 0.060533 0.352000 -0.025073
v 0.052416 0.422000 0.000000
v 0.048426 0.422000 0.020059
v 0.060533 0.404000 0.025073
v 0.065520 0.404000 0.000000
v 0.037064 0.422000 0.037064
v 0.046330 0.404000 0.046330
v 0.020059 0.422000 0.048426
v 0.025073 0.404000 0.060533
v 0.000000 0.422000 0.052416
v 0.000000 0.404000 0.065520
v -0.020059 0.422000 0.048426
v -0.025073 0.404000 0.060533
v -0.037064 0.422000 0.037064
v -0.046330 0.404000 0.046330
v -0.048426 0.422000 0.020059
v -0.060533 0.404000 0.025073
v -0.052416 0.422000 0.000000
v -0.065520 0.404000 0.000000
v -0.048426 0.422000 -0.020059
v -0.060533 0.404000 -0.025073
v -0.037064 0.422000 -0.037064
v -0.046330 0.404000 -0.046330
v -0.020059 0.422000 -0.048426
v -0.025073 0.404000 -0.060533
v -0.000000 0.422000 -0.052416
v -0.000000 0.404000 -0.065520
v 0.020059 0.422000 -0.048426
v 0.025073 0.404000 -0.060533
v 0.037064 0.422000 -0.037064
v 0.046330 0.404000 -0.046330
v 0.048426 0.422000 -0.020059
v 0.060533 0.404000 -0.025073
v 0.057200 0.505000 0.000000
v 0.052846 0.505000 0.021889
v 0.052846 0.465000 0.021889
v 0.057200 0.465000 0.000000
v 0.040447 0.505000 0.040447
v 0.040447 0.465000 0.040447
v 0.021889 0.505000 0.052846
v 0.021889 0.465000 0.052846
v 0.000000 0.505000 0.057200
v 0.000000 0.465000 0.057200
v -0.021889 0.505000 0.052846
v -0.021889 0.465000 0.052846
v -0.040447 0.505000 0.040447
v -0.040447 0.465000 0.040447
v -0.052846 0.505000 0.021889
v -0.052846 0.465000 0.021889
v -0.057200 0.505000 0.000000
v -0.057200 0.465000 0.000000
v -0.052846 0.505000 -0.021889
v -0.052846 0.465000 -0.021889
v -0.040447 0.505000 -0.040447
v -0.040447 0.465000 -0.040447
v -0.021889 0.505000 -0.052846
v -0.021889 0.465000 -0.052846
v -0.000000 0.505000 -0.057200
v -0.000000 0.465000 -0.057200
v 0.021889 0.505000 -0.052846
v 0.021889 0.465000 -0.052846
v 0.040447 0.505000 -0.040447
v 0.040447 0.465000 -0.040447
v 0.052846 0.505000 -0.021889
v 0.052846 0.465000 -0.021889
v 0.067600 0.285000 0.000000
v 0.062454 0.285000 0.025869
v 0.062454 0.265000 0.025869
v 0.067600 0.265000 0.000000
v 0.047800 0.285000 0.047800
v 0.047800 0.265000 0.047800
v 0.025869 0.285000 0.062454
v 0.025869 0.265000 0.062454
v 0.000000 0.285000 0.067600
v 0.000000 0.265000 0.067600
v -0.025869 0.285000 0.062454
v -0.025869 0.265000 0.062454
v -0.047800 0.285000 0.047800
v -0.047800 0.265000 0.047800
v -0.062454 0.285000 0.025869
v -0.062454 0.265000 0.025869
v -0.067600 0.285000 0.000000
v -0.067600 0.265000 0.000000
v -0.062454 0.285000 -0.025869
v -0.062454 0.265000 -0.025869
v -0.047800 0.285000 -0.047800
v -0.047800 0.265000 -0.047800
v -0.025869 0.285000 -0.062454
v -0.025869 0.265000 -0.062454
v -0.000000 0.285000 -0.067600
v -0.000000 0.265000 -0.067600
v 0.025869 0.285000 -0.062454
v 0.025869 0.265000 -0.062454
v 0.047800 0.285000 -0.047800
v 0.047800 0.265000 -0.047800
v 0.062454 0.285000 -0.025869
v 0.062454 0.265000 -0.025869
v 0.029120 0.485000 -0.155000
v 0.026903 0.496144 -0.155000
v 0.026903 0.496144 0.000000
v 0.029120 0.485000 0.000000
v 0.020591 0.505591 -0.155000
v 0.020591 0.505591 0.000000
v 0.011144 0.511903 -0.155000
v 0.011144 0.511903 0.000000
v 0.000000 0.514120 -0.155000
v 0.000000 0.514120 0.000000
v -0.011144 0.511903 -0.155000
v -0.011144 0.511903 0.000000
v -0.020591 0.505591 -0.155000
v -0.020591 0.505591 0.000000
v -0.026903 0.496144 -0.155000
v -0.026903 0.496144 0.000000
v -0.029120 0.485000 -0.155000
v -0.029120 0.485000 0.000000
v -0.026903 0.473856 -0.155000
v -0.026903 0.473856 0.000000
v -0.020591 0.464409 -0.155000
v -0.020591 0.464409 0.000000
v -0.011144 0.458097 -0.155000
v -0.011144 0.458097 0.000000
v -0.000000 0.455880 -0.155000
v -0.000000 0.455880 0.000000
v 0.011144 0.458097 -0.155000
v 0.011144 0.458097 0.000000
v 0.020591 0.464409 -0.155000
v 0.020591 0.464409 0.000000
v 0.026903 0.473856 -0.155000
v 0.026903 0.473856 0.000000
v 0.054080 0.485000 -0.056500
v 0.049963 0.505696 -0.056500
v 0.049963 0.505696 -0.036500
v 0.054080 0.485000 -0.036500
v 0.038240 0.523240 -0.056500
v 0.038240 0.523240 -0.036500
v 0.020696 0.534963 -0.056500
v 0.020696 0.534963 -0.036500
v 0.000000 0.539080 -0.056500
v 0.000000 0.539080 -0.036500
v -0.020696 0.534963 -0.056500
v -0.020696 0.534963 -0.036500
v -0.038240 0.523240 -0.056500
v -0.038240 0.523240 -0.036500
v -0.049963 0.505696 -0.056500
v -0.049963 0.505696 -0.036500
v -0.054080 0.485000 -0.056500
v -0.054080 0.485000 -0.036500
v -0.049963 0.464304 -0.056500
v -0.049963 0.464304 -0.036500
v -0.038240 0.446760 -0.056500
v -0.038240 0.446760 -0.036500
v -0.020696 0.435037 -0.056500
v -0.020696 0.435037 -0.036500
v -0.000000 0.430920 -0.056500
v -0.000000 0.430920 -0.036500
v 0.020696 0.435037 -0.056500
v 0.020696 0.435037 -0.036500
v 0.038240 0.446760 -0.056500
v 0.038240 0.446760 -0.036500
v 0.049963 0.464304 -0.056500
v 0.049963 0.464304 -0.036500
v 0.054080 0.485000 -0.099900
v 0.049963 0.505696 -0.099900
v 0.049963 0.505696 -0.079900
v 0.054080 0.485000 -0.079900
v 0.038240 0.523240 -0.099900
v 0.038240 0.523240 -0.079900
v 0.020696 0.534963 -0.099900
v 0.020696 0.534963 -0.079900
v 0.000000 0.539080 -0.099900
v 0.000000 0.539080 -0.079900
v -0.020696 0.534963 -0.099900
v -0.020696 0.534963 -0.079900
v -0.038240 0.523240 -0.099900
v -0.038240 0.523240 -0.079900
v -0.049963 0.505696 -0.099900
v -0.049963 0.505696 -0.079900
v -0.054080 0.485000 -0.099900
v -0.054080 0.485000 -0.079900
v -0.049963 0.464304 -0.099900
v -0.049963 0.464304 -0.079900
v -0.038240 0.446760 -0.099900
v -0.038240 0.446760 -0.079900
v -0.020696 0.435037 -0.099900
v -0.020696 0.435037 -0.079900
v -0.000000 0.430920 -0.099900
v -0.000000 0.430920 -0.079900
v 0.020696 0.435037 -0.099900
v 0.020696 0.435037 -0.079900
v 0.038240 0.446760 -0.099900
v 0.038240 0.446760 -0.079900
v 0.049963 0.464304 -0.099900
v 0.049963 0.464304 -0.079900
v 0.054080 0.485000 -0.143300
v 0.049963 0.505696 -0.143300
v 0.049963 0.505696 -0.123300
v 0.054080 0.485000 -0.123300
v 0.038240 0.523240 -0.143300
v 0.038240 0.523240 -0.123300
v 0.020696 0.534963 -0.143300
v 0.020696 0.534963 -0.123300
v 0.000000 0.539080 -0.143300
v 0.000000 0.539080 -0.123300
v -0.020696 0.534963 -0.143300
v -0.020696 0.534963 -0.123300
v -0.038240 0.523240 -0.143300
v -0.038240 0.523240 -0.123300
v -0.049963 0.505696 -0.143300
v -0.049963 0.505696 -0.123300
v -0.054080 0.485000 -0.143300
v -0.054080 0.485000 -0.123300
v -0.049963 0.464304 -0.143300
v -0.049963 0.464304 -0.123300
v -0.038240 0.446760 -0.143300
v -0.038240 0.446760 -0.123300
v -0.020696 0.435037 -0.143300
v -0.020696 0.435037 -0.123300
v -0.000000 0.430920 -0.143300
v -0.000000 0.430920 -0.123300
v 0.020696 0.435037 -0.143300
v 0.020696 0.435037 -0.123300
v 0.038240 0.446760 -0.143300
v 0.038240 0.446760 -0.123300
v 0.049963 0.464304 -0.143300
v 0.049963 0.464304 -0.123300
v 0.032240 0.485000 -0.167000
v 0.029786 0.497338 -0.167000
v 0.029786 0.497338 -0.143000
v 0.032240 0.485000 -0.143000
v 0.022797 0.507797 -0.167000
v 0.022797 0.507797 -0.143000
v 0.012338 0.514786 -0.167000
v 0.012338 0.514786 -0.143000
v 0.000000 0.517240 -0.167000
v 0.000000 0.517240 -0.143000
v -0.012338 0.514786 -0.167000
v -0.012338 0.514786 -0.143000
v -0.022797 0.507797 -0.167000
v -0.022797 0.507797 -0.143000
v -0.029786 0.497338 -0.167000
v -0.029786 0.497338 -0.143000
v -0.032240 0.485000 -0.167000
v -0.032240 0.485000 -0.143000
v -0.029786 0.472662 -0.167000
v -0.029786 0.472662 -0.143000
v -0.022797 0.462203 -0.167000
v -0.022797 0.462203 -0.143000
v -0.012338 0.455214 -0.167000
v -0.012338 0.455214 -0.143000
v -0.000000 0.452760 -0.167000
v -0.000000 0.452760 -0.143000
v 0.012338 0.455214 -0.167000
v 0.012338 0.455214 -0.143000
v 0.022797 0.462203 -0.167000
v 0.022797 0.462203 -0.143000
v 0.029786 0.472662 -0.167000
v 0.029786 0.472662 -0.143000
v -0.030000 0.517240 -0.179000
v 0.030000 0.517240 -0.179000
v 0.030000 0.517240 -0.131000
v -0.030000 0.517240 -0.131000
v -0.030000 0.529240 -0.131000
v 0.030000 0.529240 -0.131000
v 0.030000 0.529240 -0.179000
v -0.030000 0.529240 -0.179000
v -0.008000 0.543240 -0.155000
v -0.011000 0.543240 -0.149804
v -0.011000 0.529240 -0.149804
v -0.008000 0.529240 -0.155000
v -0.017000 0.543240 -0.149804
v -0.017000 0.529240 -0.149804
v -0.020000 0.543240 -0.155000
v -0.020000 0.529240 -0.155000
v -0.017000 0.543240 -0.160196
v -0.017000 0.529240 -0.160196
v -0.011000 0.543240 -0.160196
v -0.011000 0.529240 -0.160196
v -0.002270 0.530080 -0.155000
v -0.003163 0.530080 -0.150511
v -0.003163 0.528400 -0.150511
v -0.002270 0.528400 -0.155000
v -0.005706 0.530080 -0.146706
v -0.005706 0.528400 -0.146706
v -0.009511 0.530080 -0.144163
v -0.009511 0.528400 -0.144163
v -0.014000 0.530080 -0.143270
v -0.014000 0.528400 -0.143270
v -0.018489 0.530080 -0.144163
v -0.018489 0.528400 -0.144163
v -0.022294 0.530080 -0.146706
v -0.022294 0.528400 -0.146706
v -0.024837 0.530080 -0.150511
v -0.024837 0.528400 -0.150511
v -0.025730 0.530080 -0.155000
v -0.025730 0.528400 -0.155000
v -0.024837 0.530080 -0.159489
v -0.024837 0.528400 -0.159489
v -0.022294 0.530080 -0.163294
v -0.022294 0.528400 -0.163294
v -0.018489 0.530080 -0.165837
v -0.018489 0.528400 -0.165837
v -0.014000 0.530080 -0.166730
v -0.014000 0.528400 -0.166730
v -0.009511 0.530080 -0.165837
v -0.009511 0.528400 -0.165837
v -0.005706 0.530080 -0.163294
v -0.005706 0.528400 -0.163294
v -0.003163 0.530080 -0.159489
v -0.003163 0.528400 -0.159489
v -0.005167 0.532040 -0.149900
v -0.014000 0.532040 -0.144800
v -0.014000 0.529240 -0.144800
v -0.005167 0.529240 -0.149900
v -0.022833 0.532040 -0.149900
v -0.022833 0.529240 -0.149900
v -0.022833 0.532040 -0.160100
v -0.022833 0.529240 -0.160100
v -0.014000 0.532040 -0.165200
v -0.014000 0.529240 -0.165200
v -0.005167 0.532040 -0.160100
v -0.005167 0.529240 -0.160100
v 0.020000 0.543240 -0.155000
v 0.017000 0.543240 -0.149804
v 0.017000 0.529240 -0.149804
v 0.020000 0.529240 -0.155000
v 0.011000 0.543240 -0.149804
v 0.011000 0.529240 -0.149804
v 0.008000 0.543240 -0.155000
v 0.008000 0.529240 -0.155000
v 0.011000 0.543240 -0.160196
v 0.011000 0.529240 -0.160196
v 0.017000 0.543240 -0.160196
v 0.017000 0.529240 -0.160196
v 0.025730 0.530080 -0.155000
v 0.024837 0.530080 -0.150511
v 0.024837 0.528400 -0.150511
v 0.025730 0.528400 -0.155000
v 0.022294 0.530080 -0.146706
v 0.022294 0.528400 -0.146706
v 0.018489 0.530080 -0.144163
v 0.018489 0.528400 -0.144163
v 0.014000 0.530080 -0.143270
v 0.014000 0.528400 -0.143270
v 0.009511 0.530080 -0.144163
v 0.009511 0.528400 -0.144163
v 0.005706 0.530080 -0.146706
v 0.005706 0.528400 -0.146706
v 0.003163 0.530080 -0.150511
v 0.003163 0.528400 -0.150511
v 0.002270 0.530080 -0.155000
v 0.002270 0.528400 -0.155000
v 0.003163 0.530080 -0.159489
v 0.003163 0.528400 -0.159489
v 0.005706 0.530080 -0.163294
v 0.005706 0.528400 -0.163294
v 0.009511 0.530080 -0.165837
v 0.009511 0.528400 -0.165837
v 0.014000 0.530080 -0.166730
v 0.014000 0.528400 -0.166730
v 0.018489 0.530080 -0.165837
v 0.018489 0.528400 -0.165837
v 0.022294 0.530080 -0.163294
v 0.022294 0.528400 -0.163294
v 0.024837 0.530080 -0.159489
v 0.024837 0.528400 -0.159489
v 0.022833 0.532040 -0.149900
v 0.014000 0.532040 -0.144800
v 0.014000 0.529240 -0.144800
v 0.022833 0.529240 -0.149900
v 0.005167 0.532040 -0.149900
v 0.005167 0.529240 -0.149900
v 0.005167 0.532040 -0.160100
v 0.005167 0.529240 -0.160100
v 0.014000 0.532040 -0.165200
v 0.014000 0.529240 -0.165200
v 0.022833 0.532040 -0.160100
v 0.022833 0.529240 -0.160100
v 0.026903 0.496144 0.155000
v 0.029120 0.485000 0.155000
v 0.020591 0.505591 0.155000
v 0.011144 0.511903 0.155000
v 0.000000 0.514120 0.155000
v -0.011144 0.511903 0.155000
v -0.020591 0.505591 0.155000
v -0.026903 0.496144 0.155000
v -0.029120 0.485000 0.155000
v -0.026903 0.473856 0.155000
v -0.020591 0.464409 0.155000
v -0.011144 0.458097 0.155000
v -0.000000 0.455880 0.155000
v 0.011144 0.458097 0.155000
v 0.020591 0.464409 0.155000
v 0.026903 0.473856 0.155000
v 0.054080 0.485000 0.036500
v 0.049963 0.505696 0.036500
v 0.049963 0.505696 0.056500
v 0.054080 0.485000 0.056500
v 0.038240 0.523240 0.036500
v 0.038240 0.523240 0.056500
v 0.020696 0.534963 0.036500
v 0.020696 0.534963 0.056500
v 0.000000 0.539080 0.036500
v 0.000000 0.539080 0.056500
v -0.020696 0.534963 0.036500
v -0.020696 0.534963 0.056500
v -0.038240 0.523240 0.036500
v -0.038240 0.523240 0.056500
v -0.049963 0.505696 0.036500
v -0.049963 0.505696 0.056500
v -0.054080 0.485000 0.036500
v -0.054080 0.485000 0.056500
v -0.049963 0.464304 0.036500
v -0.049963 0.464304 0.056500
v -0.038240 0.446760 0.036500
v -0.038240 0.446760 0.056500
v -0.020696 0.435037 0.036500
v -0.020696 0.435037 0.056500
v -0.000000 0.430920 0.036500
v -0.000000 0.430920 0.056500
v 0.020696 0.435037 0.036500
v 0.020696 0.435037 0.056500
v 0.038240 0.446760 0.036500
v 0.038240 0.446760 0.056500
v 0.049963 0.464304 0.036500
v 0.049963 0.464304 0.056500
v 0.054080 0.485000 0.079900
v 0.049963 0.505696 0.079900
v 0.049963 0.505696 0.099900
v 0.054080 0.485000 0.099900
v 0.038240 0.523240 0.079900
v 0.038240 0.523240 0.099900
v 0.020696 0.534963 0.079900
v 0.020696 0.534963 0.099900
v 0.000000 0.539080 0.079900
v 0.000000 0.539080 0.099900
v -0.020696 0.534963 0.079900
v -0.020696 0.534963 0.099900
v -0.038240 0.523240 0.079900
v -0.038240 0.523240 0.099900
v -0.049963 0.505696 0.079900
v -0.049963 0.505696 0.099900
v -0.054080 0.485000 0.079900
v -0.054080 0.485000 0.099900
v -0.049963 0.464304 0.079900
v -0.049963 0.464304 0.099900
v -0.038240 0.446760 0.079900
v -0.038240 0.446760 0.099900
v -0.020696 0.435037 0.079900
v -0.020696 0.435037 0.099900
v -0.000000 0.430920 0.079900
v -0.000000 0.430920 0.099900
v 0.020696 0.435037 0.079900
v 0.020696 0.435037 0.099900
v 0.038240 0.446760 0.079900
v 0.038240 0.446760 0.099900
v 0.049963 0.464304 0.079900
v 0.049963 0.464304 0.099900
v 0.054080 0.485000 0.123300
v 0.049963 0.505696 0.123300
v 0.049963 0.505696 0.143300
v 0.054080 0.485000 0.143300
v 0.038240 0.523240 0.123300
v 0.038240 0.523240 0.143300
v 0.020696 0.534963 0.123300
v 0.020696 0.534963 0.143300
v 0.000000 0.539080 0.123300
v 0.000000 0.539080 0.143300
v -0.020696 0.534963 0.123300
v -0.020696 0.534963 0.143300
v -0.038240 0.523240 0.123300
v -0.038240 0.523240 0.143300
v -0.049963 0.505696 0.123300
v -0.049963 0.505696 0.143300
v -0.054080 0.485000 0.123300
v -0.054080 0.485000 0.143300
v -0.049963 0.464304 0.123300
v -0.049963 0.464304 0.143300
v -0.038240 0.446760 0.123300
v -0.038240 0.446760 0.143300
v -0.020696 0.435037 0.123300
v -0.020696 0.435037 0.143300
v -0.000000 0.430920 0.123300
v -0.000000 0.430920 0.143300
v 0.020696 0.435037 0.123300
v 0.020696 0.435037 0.143300
v 0.038240 0.446760 0.123300
v 0.038240 0.446760 0.143300
v 0.049963 0.464304 0.123300
v 0.049963 0.464304 0.143300
v 0.032240 0.485000 0.143000
v 0.029786 0.497338 0.143000
v 0.029786 0.497338 0.167000
v 0.032240 0.485000 0.167000
v 0.022797 0.507797 0.143000
v 0.022797 0.507797 0.167000
v 0.012338 0.514786 0.143000
v 0.012338 0.514786 0.167000
v 0.000000 0.517240 0.143000
v 0.000000 0.517240 0.167000
v -0.012338 0.514786 0.143000
v -0.012338 0.514786 0.167000
v -0.022797 0.507797 0.143000
v -0.022797 0.507797 0.167000
v -0.029786 0.497338 0.143000
v -0.029786 0.497338 0.167000
v -0.032240 0.485000 0.143000
v -0.032240 0.485000 0.167000
v -0.029786 0.472662 0.143000
v -0.029786 0.472662 0.167000
v -0.022797 0.462203 0.143000
v -0.022797 0.462203 0.167000
v -0.012338 0.455214 0.143000
v -0.012338 0.455214 0.167000
v -0.000000 0.452760 0.143000
v -0.000000 0.452760 0.167000
v 0.012338 0.455214 0.143000
v 0.012338 0.455214 0.167000
v 0.022797 0.462203 0.143000
v 0.022797 0.462203 0.167000
v 0.029786 0.472662 0.143000
v 0.029786 0.472662 0.167000
v -0.030000 0.517240 0.131000
v 0.030000 0.517240 0.131000
v 0.030000 0.517240 0.179000
v -0.030000 0.517240 0.179000
v -0.030000 0.529240 0.179000
v 0.030000 0.529240 0.179000
v 0.030000 0.529240 0.131000
v -0.030000 0.529240 0.131000
v -0.008000 0.543240 0.155000
v -0.011000 0.543240 0.160196
v -0.011000 0.529240 0.160196
v -0.008000 0.529240 0.155000
v -0.017000 0.543240 0.160196
v -0.017000 0.529240 0.160196
v -0.020000 0.543240 0.155000
v -0.020000 0.529240 0.155000
v -0.017000 0.543240 0.149804
v -0.017000 0.529240 0.149804
v -0.011000 0.543240 0.149804
v -0.011000 0.529240 0.149804
v -0.002270 0.530080 0.155000
v -0.003163 0.530080 0.159489
v -0.003163 0.528400 0.159489
v -0.002270 0.528400 0.155000
v -0.005706 0.530080 0.163294
v -0.005706 0.528400 0.163294
v -0.009511 0.530080 0.165837
v -0.009511 0.528400 0.165837
v -0.014000 0.530080 0.166730
v -0.014000 0.528400 0.166730
v -0.018489 0.530080 0.165837
v -0.018489 0.528400 0.165837
v -0.022294 0.530080 0.163294
v -0.022294 0.528400 0.163294
v -0.024837 0.530080 0.159489
v -0.024837 0.528400 0.159489
v -0.025730 0.530080 0.155000
v -0.025730 0.528400 0.155000
v -0.024837 0.530080 0.150511
v -0.024837 0.528400 0.150511
v -0.022294 0.530080 0.146706
v -0.022294 0.528400 0.146706
v -0.018489 0.530080 0.144163
v -0.018489 0.528400 0.144163
v -0.014000 0.530080 0.143270
v -0.014000 0.528400 0.143270
v -0.009511 0.530080 0.144163
v -0.009511 0.528400 0.144163
v -0.005706 0.530080 0.146706
v -0.005706 0.528400 0.146706
v -0.003163 0.530080 0.150511
v -0.003163 0.528400 0.150511
v -0.005167 0.532040 0.160100
v -0.014000 0.532040 0.165200
v -0.014000 0.529240 0.165200
v -0.005167 0.529240 0.160100
v -0.022833 0.532040 0.160100
v -0.022833 0.529240 0.160100
v -0.022833 0.532040 0.149900
v -0.022833 0.529240 0.149900
v -0.014000 0.532040 0.144800
v -0.014000 0.529240 0.144800
v -0.005167 0.532040 0.149900
v -0.005167 0.529240 0.149900
v 0.020000 0.543240 0.155000
v 0.017000 0.543240 0.160196
v 0.017000 0.529240 0.160196
v 0.020000 0.529240 0.155000
v 0.011000 0.543240 0.160196
v 0.011000 0.529240 0.160196
v 0.008000 0.543240 0.155000
v 0.008000 0.529240 0.155000
v 0.011000 0.543240 0.149804
v 0.011000 0.529240 0.149804
v 0.017000 0.543240 0.149804
v 0.017000 0.529240 0.149804
v 0.025730 0.530080 0.155000
v 0.024837 0.530080 0.159489
v 0.024837 0.528400 0.159489
v 0.025730 0.528400 0.155000
v 0.022294 0.530080 0.163294
v 0.022294 0.528400 0.163294
v 0.018489 0.530080 0.165837
v 0.018489 0.528400 0.165837
v 0.014000 0.530080 0.166730
v 0.014000 0.528400 0.166730
v 0.009511 0.530080 0.165837
v 0.009511 0.528400 0.165837
v 0.005706 0.530080 0.163294
v 0.005706 0.528400 0.163294
v 0.003163 0.530080 0.159489
v 0.003163 0.528400 0.159489
v 0.002270 0.530080 0.155000
v 0.002270 0.528400 0.155000
v 0.003163 0.530080 0.150511
v 0.003163 0.528400 0.150511
v 0.005706 0.530080 0.146706
v 0.005706 0.528400 0.146706
v 0.009511 0.530080 0.144163
v 0.009511 0.528400 0.144163
v 0.014000 0.530080 0.143270
v 0.014000 0.528400 0.143270
v 0.018489 0.530080 0.144163
v 0.018489 0.528400 0.144163
v 0.022294 0.530080 0.146706
v 0.022294 0.528400 0.146706
v 0.024837 0.530080 0.150511
v 0.024837 0.528400 0.150511
v 0.022833 0.532040 0.160100
v 0.014000 0.532040 0.165200
v 0.014000 0.529240 0.165200
v 0.022833 0.529240 0.160100
v 0.005167 0.532040 0.160100
v 0.005167 0.529240 0.160100
v 0.005167 0.532040 0.149900
v 0.005167 0.529240 0.149900
v 0.014000 0.532040 0.144800
v 0.014000 0.529240 0.144800
v 0.022833 0.532040 0.149900
v 0.022833 0.529240 0.149900
v 0.322000 0.465000 0.000000
v 0.318042 0.465000 0.019900
v 0.318042 0.265000 0.019900
v 0.322000 0.265000 0.000000
v 0.306770 0.465000 0.036770
v 0.306770 0.265000 0.036770
v 0.289900 0.465000 0.048042
v 0.289900 0.265000 0.048042
v 0.270000 0.465000 0.052000
v 0.270000 0.265000 0.052000
v 0.250100 0.465000 0.048042
v 0.250100 0.265000 0.048042
v 0.233230 0.465000 0.036770
v 0.233230 0.265000 0.036770
v 0.221958 0.465000 0.019900
v 0.221958 0.265000 0.019900
v 0.218000 0.465000 0.000000
v 0.218000 0.265000 0.000000
v 0.221958 0.465000 -0.019900
v 0.221958 0.265000 -0.019900
v 0.233230 0.465000 -0.036770
v 0.233230 0.265000 -0.036770
v 0.250100 0.465000 -0.048042
v 0.250100 0.265000 -0.048042
v 0.270000 0.465000 -0.052000
v 0.270000 0.265000 -0.052000
v 0.289900 0.465000 -0.048042
v 0.289900 0.265000 -0.048042
v 0.306770 0.465000 -0.036770
v 0.306770 0.265000 -0.036770
v 0.318042 0.465000 -0.019900
v 0.318042 0.265000 -0.019900
v 0.322416 0.318000 0.000000
v 0.318426 0.318000 0.020059
v 0.330533 0.300000 0.025073
v 0.335520 0.300000 0.000000
v 0.307064 0.318000 0.037064
v 0.316330 0.300000 0.046330
v 0.290059 0.318000 0.048426
v 0.295073 0.300000 0.060533
v 0.270000 0.318000 0.052416
v 0.270000 0.300000 0.065520
v 0.249941 0.318000 0.048426
v 0.244927 0.300000 0.060533
v 0.232936 0.318000 0.037064
v 0.223670 0.300000 0.046330
v 0.221574 0.318000 0.020059
v 0.209467 0.300000 0.025073
v 0.217584 0.318000 0.000000
v 0.204480 0.300000 0.000000
v 0.221574 0.318000 -0.020059
v 0.209467 0.300000 -0.025073
v 0.232936 0.318000 -0.037064
v 0.223670 0.300000 -0.046330
v 0.249941 0.318000 -0.048426
v 0.244927 0.300000 -0.060533
v 0.270000 0.318000 -0.052416
v 0.270000 0.300000 -0.065520
v 0.290059 0.318000 -0.048426
v 0.295073 0.300000 -0.060533
v 0.307064 0.318000 -0.037064
v 0.316330 0.300000 -0.046330
v 0.318426 0.318000 -0.020059
v 0.330533 0.300000 -0.025073
v 0.322416 0.370000 0.000000
v 0.318426 0.370000 0.020059
v 0.330533 0.352000 0.025073
v 0.335520 0.352000 0.000000
v 0.307064 0.370000 0.037064
v 0.316330 0.352000 0.046330
v 0.290059 0.370000 0.048426
v 0.295073 0.352000 0.060533
v 0.270000 0.370000 0.052416
v 0.270000 0.352000 0.065520
v 0.249941 0.370000 0.048426
v 0.244927 0.352000 0.060533
v 0.232936 0.370000 0.037064
v 0.223670 0.352000 0.046330
v 0.221574 0.370000 0.020059
v 0.209467 0.352000 0.025073
v 0.217584 0.370000 0.000000
v 0.204480 0.352000 0.000000
v 0.221574 0.370000 -0.020059
v 0.209467 0.352000 -0.025073
v 0.232936 0.370000 -0.037064
v 0.223670 0.352000 -0.046330
v 0.249941 0.370000 -0.048426
v 0.244927 0.352000 -0.060533
v 0.270000 0.370000 -0.052416
v 0.270000 0.352000 -0.065520
v 0.290059 0.370000 -0.048426
v 0.295073 0.352000 -0.060533
v 0.307064 0.370000 -0.037064
v 0.316330 0.352000 -0.046330
v 0.318426 0.370000 -0.020059
v 0.330533 0.352000 -0.025073
v 0.322416 0.422000 0.000000
v 0.318426 0.422000 0.020059
v 0.330533 0.404000 0.025073
v 0.335520 0.404000 0.000000
v 0.307064 0.422000 0.037064
v 0.316330 0.404000 0.046330
v 0.290059 0.422000 0.048426
v 0.295073 0.404000 0.060533
v 0.270000 0.422000 0.052416
v 0.270000 0.404000 0.065520
v 0.249941 0.422000 0.048426
v 0.244927 0.404000 0.060533
v 0.232936 0.422000 0.037064
v 0.223670 0.404000 0.046330
v 0.221574 0.422000 0.020059
v 0.209467 0.404000 0.025073
v 0.217584 0.422000 0.000000
v 0.204480 0.404000 0.000000
v 0.221574 0.422000 -0.020059
v 0.209467 0.404000 -0.025073
v 0.232936 0.422000 -0.037064
v 0.223670 0.404000 -0.046330
v 0.249941 0.422000 -0.048426
v 0.244927 0.404000 -0.060533
v 0.270000 0.422000 -0.052416
v 0.270000 0.404000 -0.065520
v 0.290059 0.422000 -0.048426
v 0.295073 0.404000 -0.060533
v 0.307064 0.422000 -0.037064
v 0.316330 0.404000 -0.046330
v 0.318426 0.422000 -0.020059
v 0.330533 0.404000 -0.025073
v 0.327200 0.505000 0.000000
v 0.322846 0.505000 0.021889
v 0.322846 0.465000 0.021889
v 0.327200 0.465000 0.000000
v 0.310447 0.505000 0.040447
v 0.310447 0.465000 0.040447
v 0.291889 0.505000 0.052846
v 0.291889 0.465000 0.052846
v 0.270000 0.505000 0.057200
v 0.270000 0.465000 0.057200
v 0.248111 0.505000 0.052846
v 0.248111 0.465000 0.052846
v 0.229553 0.505000 0.040447
v 0.229553 0.465000 0.040447
v 0.217154 0.505000 0.021889
v 0.217154 0.465000 0.021889
v 0.212800 0.505000 0.000000
v 0.212800 0.465000 0.000000
v 0.217154 0.505000 -0.021889
v 0.217154 0.465000 -0.021889
v 0.229553 0.505000 -0.040447
v 0.229553 0.465000 -0.040447
v 0.248111 0.505000 -0.052846
v 0.248111 0.465000 -0.052846
v 0.270000 0.505000 -0.057200
v 0.270000 0.465000 -0.057200
v 0.291889 0.505000 -0.052846
v 0.291889 0.465000 -0.052846
v 0.310447 0.505000 -0.040447
v 0.310447 0.465000 -0.040447
v 0.322846 0.505000 -0.021889
v 0.322846 0.465000 -0.021889
v 0.337600 0.285000 0.000000
v 0.332454 0.285000 0.025869
v 0.332454 0.265000 0.025869
v 0.337600 0.265000 0.000000
v 0.317800 0.285000 0.047800
v 0.317800 0.265000 0.047800
v 0.295869 0.285000 0.062454
v 0.295869 0.265000 0.062454
v 0.270000 0.285000 0.067600
v 0.270000 0.265000 0.067600
v 0.244131 0.285000 0.062454
v 0.244131 0.265000 0.062454
v 0.222200 0.285000 0.047800
v 0.222200 0.265000 0.047800
v 0.207546 0.285000 0.025869
v 0.207546 0.265000 0.025869
v 0.202400 0.285000 0.000000
v 0.202400 0.265000 0.000000
v 0.207546 0.285000 -0.025869
v 0.207546 0.265000 -0.025869
v 0.222200 0.285000 -0.047800
v 0.222200 0.265000 -0.047800
v 0.244131 0.285000 -0.062454
v 0.244131 0.265000 -0.062454
v 0.270000 0.285000 -0.067600
v 0.270000 0.265000 -0.067600
v 0.295869 0.285000 -0.062454
v 0.295869 0.265000 -0.062454
v 0.317800 0.285000 -0.047800
v 0.317800 0.265000 -0.047800
v 0.332454 0.285000 -0.025869
v 0.332454 0.265000 -0.025869
v 0.299120 0.485000 -0.155000
v 0.296903 0.496144 -0.155000
v 0.296903 0.496144 0.000000
v 0.299120 0.485000 0.000000
v 0.290591 0.505591 -0.155000
v 0.290591 0.505591 0.000000
v 0.281144 0.511903 -0.155000
v 0.281144 0.511903 0.000000
v 0.270000 0.514120 -0.155000
v 0.270000 0.514120 0.000000
v 0.258856 0.511903 -0.155000
v 0.258856 0.511903 0.000000
v 0.249409 0.505591 -0.155000
v 0.249409 0.505591 0.000000
v 0.243097 0.496144 -0.155000
v 0.243097 0.496144 0.000000
v 0.240880 0.485000 -0.155000
v 0.240880 0.485000 0.000000
v 0.243097 0.473856 -0.155000
v 0.243097 0.473856 0.000000
v 0.249409 0.464409 -0.155000
v 0.249409 0.464409 0.000000
v 0.258856 0.458097 -0.155000
v 0.258856 0.458097 0.000000
v 0.270000 0.455880 -0.155000
v 0.270000 0.455880 0.000000
v 0.281144 0.458097 -0.155000
v 0.281144 0.458097 0.000000
v 0.290591 0.464409 -0.155000
v 0.290591 0.464409 0.000000
v 0.296903 0.473856 -0.155000
v 0.296903 0.473856 0.000000
v 0.324080 0.485000 -0.056500
v 0.319963 0.505696 -0.056500
v 0.319963 0.505696 -0.036500
v 0.324080 0.485000 -0.036500
v 0.308240 0.523240 -0.056500
v 0.308240 0.523240 -0.036500
v 0.290696 0.534963 -0.056500
v 0.290696 0.534963 -0.036500
v 0.270000 0.539080 -0.056500
v 0.270000 0.539080 -0.036500
v 0.249304 0.534963 -0.056500
v 0.249304 0.534963 -0.036500
v 0.231760 0.523240 -0.056500
v 0.231760 0.523240 -0.036500
v 0.220037 0.505696 -0.056500
v 0.220037 0.505696 -0.036500
v 0.215920 0.485000 -0.056500
v 0.215920 0.485000 -0.036500
v 0.220037 0.464304 -0.056500
v 0.220037 0.464304 -0.036500
v 0.231760 0.446760 -0.056500
v 0.231760 0.446760 -0.036500
v 0.249304 0.435037 -0.056500
v 0.249304 0.435037 -0.036500
v 0.270000 0.430920 -0.056500
v 0.270000 0.430920 -0.036500
v 0.290696 0.435037 -0.056500
v 0.290696 0.435037 -0.036500
v 0.308240 0.446760 -0.056500
v 0.308240 0.446760 -0.036500
v 0.319963 0.464304 -0.056500
v 0.319963 0.464304 -0.036500
v 0.324080 0.485000 -0.099900
v 0.319963 0.505696 -0.099900
v 0.319963 0.505696 -0.079900
v 0.324080 0.485000 -0.079900
v 0.308240 0.523240 -0.099900
v 0.308240 0.523240 -0.079900
v 0.290696 0.534963 -0.099900
v 0.290696 0.534963 -0.079900
v 0.270000 0.539080 -0.099900
v 0.270000 0.539080 -0.079900
v 0.249304 0.534963 -0.099900
v 0.249304 0.534963 -0.079900
v 0.231760 0.523240 -0.099900
v 0.231760 0.523240 -0.079900
v 0.220037 0.505696 -0.099900
v 0.220037 0.505696 -0.079900
v 0.215920 0.485000 -0.099900
v 0.215920 0.485000 -0.079900
v 0.220037 0.464304 -0.099900
v 0.220037 0.464304 -0.079900
v 0.231760 0.446760 -0.099900
v 0.231760 0.446760 -0.079900
v 0.249304 0.435037 -0.099900
v 0.249304 0.435037 -0.079900
v 0.270000 0.430920 -0.099900
v 0.270000 0.430920 -0.079900
v 0.290696 0.435037 -0.099900
v 0.290696 0.435037 -0.079900
v 0.308240 0.446760 -0.099900
v 0.308240 0.446760 -0.079900
v 0.319963 0.464304 -0.099900
v 0.319963 0.464304 -0.079900
v 0.324080 0.485000 -0.143300
v 0.319963 0.505696 -0.143300
v 0.319963 0.505696 -0.123300
v 0.324080 0.485000 -0.123300
v 0.308240 0.523240 -0.143300
v 0.308240 0.523240 -0.123300
v 0.290696 0.534963 -0.143300
v 0.290696 0.534963 -0.123300
v 0.270000 0.539080 -0.143300
v 0.270000 0.539080 -0.123300
v 0.249304 0.534963 -0.143300
v 0.249304 0.534963 -0.123300
v 0.231760 0.523240 -0.143300
v 0.231760 0.523240 -0.123300
v 0.220037 0.505696 -0.143300
v 0.220037 0.505696 -0.123300
v 0.215920 0.485000 -0.143300
v 0.215920 0.485000 -0.123300
v 0.220037 0.464304 -0.143300
v 0.220037 0.464304 -0.123300
v 0.231760 0.446760 -0.143300
v 0.231760 0.446760 -0.123300
v 0.249304 0.435037 -0.143300
v 0.249304 0.435037 -0.123300
v 0.270000 0.430920 -0.143300
v 0.270000 0.430920 -0.123300
v 0.290696 0.435037 -0.143300
v 0.290696 0.435037 -0.123300
v 0.308240 0.446760 -0.143300
v 0.308240 0.446760 -0.123300
v 0.319963 0.464304 -0.143300
v 0.319963 0.464304 -0.123300
v 0.302240 0.485000 -0.167000
v 0.299786 0.497338 -0.167000
v 0.299786 0.497338 -0.143000
v 0.302240 0.485000 -0.143000
v 0.292797 0.507797 -0.167000
v 0.292797 0.507797 -0.143000
v 0.282338 0.514786 -0.167000
v 0.282338 0.514786 -0.143000
v 0.270000 0.517240 -0.167000
v 0.270000 0.517240 -0.143000
v 0.257662 0.514786 -0.167000
v 0.257662 0.514786 -0.143000
v 0.247203 0.507797 -0.167000
v 0.247203 0.507797 -0.143000
v 0.240214 0.497338 -0.167000
v 0.240214 0.497338 -0.143000
v 0.237760 0.485000 -0.167000
v 0.237760 0.485000 -0.143000
v 0.240214 0.472662 -0.167000
v 0.240214 0.472662 -0.143000
v 0.247203 0.462203 -0.167000
v 0.247203 0.462203 -0.143000
v 0.257662 0.455214 -0.167000
v 0.257662 0.455214 -0.143000
v 0.270000 0.452760 -0.167000
v 0.270000 0.452760 -0.143000
v 0.282338 0.455214 -0.167000
v 0.282338 0.455214 -0.143000
v 0.292797 0.462203 -0.167000
v 0.292797 0.462203 -0.143000
v 0.299786 0.472662 -0.167000
v 0.299786 0.472662 -0.143000
v 0.240000 0.517240 -0.179000
v 0.300000 0.517240 -0.179000
v 0.300000 0.517240 -0.131000
v 0.240000 0.517240 -0.131000
v 0.240000 0.529240 -0.131000
v 0.300000 0.529240 -0.131000
v 0.300000 0.529240 -0.179000
v 0.240000 0.529240 -0.179000
v 0.262000 0.543240 -0.155000
v 0.259000 0.543240 -0.149804
v 0.259000 0.529240 -0.149804
v 0.262000 0.529240 -0.155000
v 0.253000 0.543240 -0.149804
v 0.253000 0.529240 -0.149804
v 0.250000 0.543240 -0.155000
v 0.250000 0.529240 -0.155000
v 0.253000 0.543240 -0.160196
v 0.253000 0.529240 -0.160196
v 0.259000 0.543240 -0.160196
v 0.259000 0.529240 -0.160196
v 0.267730 0.530080 -0.155000
v 0.266837 0.530080 -0.150511
v 0.266837 0.528400 -0.150511
v 0.267730 0.528400 -0.155000
v 0.264294 0.530080 -0.146706
v 0.264294 0.528400 -0.146706
v 0.260489 0.530080 -0.144163
v 0.260489 0.528400 -0.144163
v 0.256000 0.530080 -0.143270
v 0.256000 0.528400 -0.143270
v 0.251511 0.530080 -0.144163
v 0.251511 0.528400 -0.144163
v 0.247706 0.530080 -0.146706
v 0.247706 0.528400 -0.146706
v 0.245163 0.530080 -0.150511
v 0.245163 0.528400 -0.150511
v 0.244270 0.530080 -0.155000
v 0.244270 0.528400 -0.155000
v 0.245163 0.530080 -0.159489
v 0.245163 0.528400 -0.159489
v 0.247706 0.530080 -0.163294
v 0.247706 0.528400 -0.163294
v 0.251511 0.530080 -0.165837
v 0.251511 0.528400 -0.165837
v 0.256000 0.530080 -0.166730
v 0.256000 0.528400 -0.166730
v 0.260489 0.530080 -0.165837
v 0.260489 0.528400 -0.165837
v 0.264294 0.530080 -0.163294
v 0.264294 0.528400 -0.163294
v 0.266837 0.530080 -0.159489
v 0.266837 0.528400 -0.159489
v 0.264833 0.532040 -0.149900
v 0.256000 0.532040 -0.144800
v 0.256000 0.529240 -0.144800
v 0.264833 0.529240 -0.149900
v 0.247167 0.532040 -0.149900
v 0.247167 0.529240 -0.149900
v 0.247167 0.532040 -0.160100
v 0.247167 0.529240 -0.160100
v 0.256000 0.532040 -0.165200
v 0.256000 0.529240 -0.165200
v 0.264833 0.532040 -0.160100
v 0.264833 0.529240 -0.160100
v 0.290000 0.543240 -0.155000
v 0.287000 0.543240 -0.149804
v 0.287000 0.529240 -0.149804
v 0.290000 0.529240 -0.155000
v 0.281000 0.543240 -0.149804
v 0.281000 0.529240 -0.149804
v 0.278000 0.543240 -0.155000
v 0.278000 0.529240 -0.155000
v 0.281000 0.543240 -0.160196
v 0.281000 0.529240 -0.160196
v 0.287000 0.543240 -0.160196
v 0.287000 0.529240 -0.160196
v 0.295730 0.530080 -0.155000
v 0.294837 0.530080 -0.150511
v 0.294837 0.528400 -0.150511
v 0.295730 0.528400 -0.155000
v 0.292294 0.530080 -0.146706
v 0.292294 0.528400 -0.146706
v 0.288489 0.530080 -0.144163
v 0.288489 0.528400 -0.144163
v 0.284000 0.530080 -0.143270
v 0.284000 0.528400 -0.143270
v 0.279511 0.530080 -0.144163
v 0.279511 0.528400 -0.144163
v 0.275706 0.530080 -0.146706
v 0.275706 0.528400 -0.146706
v 0.273163 0.530080 -0.150511
v 0.273163 0.528400 -0.150511
v 0.272270 0.530080 -0.155000
v 0.272270 0.528400 -0.155000
v 0.273163 0.530080 -0.159489
v 0.273163 0.528400 -0.159489
v 0.275706 0.530080 -0.163294
v 0.275706 0.528400 -0.163294
v 0.279511 0.530080 -0.165837
v 0.279511 0.528400 -0.165837
v 0.284000 0.530080 -0.166730
v 0.284000 0.528400 -0.166730
v 0.288489 0.530080 -0.165837
v 0.288489 0.528400 -0.165837
v 0.292294 0.530080 -0.163294
v 0.292294 0.528400 -0.163294
v 0.294837 0.530080 -0.159489
v 0.294837 0.528400 -0.159489
v 0.292833 0.532040 -0.149900
v 0.284000 0.532040 -0.144800
v 0.284000 0.529240 -0.144800
v 0.292833 0.529240 -0.149900
v 0.275167 0.532040 -0.149900
v 0.275167 0.529240 -0.149900
v 0.275167 0.532040 -0.160100
v 0.275167 0.529240 -0.160100
v 0.284000 0.532040 -0.165200
v 0.284000 0.529240 -0.165200
v 0.292833 0.532040 -0.160100
v 0.292833 0.529240 -0.160100
v 0.296903 0.496144 0.155000
v 0.299120 0.485000 0.155000
v 0.290591 0.505591 0.155000
v 0.281144 0.511903 0.155000
v 0.270000 0.514120 0.155000
v 0.258856 0.511903 0.155000
v 0.249409 0.505591 0.155000
v 0.243097 0.496144 0.155000
v 0.240880 0.485000 0.155000
v 0.243097 0.473856 0.155000
v 0.249409 0.464409 0.155000
v 0.258856 0.458097 0.155000
v 0.270000 0.455880 0.155000
v 0.281144 0.458097 0.155000
v 0.290591 0.464409 0.155000
v 0.296903 0.473856 0.155000
v 0.324080 0.485000 0.036500
v 0.319963 0.505696 0.036500
v 0.319963 0.505696 0.056500
v 0.324080 0.485000 0.056500
v 0.308240 0.523240 0.036500
v 0.308240 0.523240 0.056500
v 0.290696 0.534963 0.036500
v 0.290696 0.534963 0.056500
v 0.270000 0.539080 0.036500
v 0.270000 0.539080 0.056500
v 0.249304 0.534963 0.036500
v 0.249304 0.534963 0.056500
v 0.231760 0.523240 0.036500
v 0.231760 0.523240 0.056500
v 0.220037 0.505696 0.036500
v 0.220037 0.505696 0.056500
v 0.215920 0.485000 0.036500
v 0.215920 0.485000 0.056500
v 0.220037 0.464304 0.036500
v 0.220037 0.464304 0.056500
v 0.231760 0.446760 0.036500
v 0.231760 0.446760 0.056500
v 0.249304 0.435037 0.036500
v 0.249304 0.435037 0.056500
v 0.270000 0.430920 0.036500
v 0.270000 0.430920 0.056500
v 0.290696 0.435037 0.036500
v 0.290696 0.435037 0.056500
v 0.308240 0.446760 0.036500
v 0.308240 0.446760 0.056500
v 0.319963 0.464304 0.036500
v 0.319963 0.464304 0.056500
v 0.324080 0.485000 0.079900
v 0.319963 0.505696 0.079900
v 0.319963 0.505696 0.099900
v 0.324080 0.485000 0.099900
v 0.308240 0.523240 0.079900
v 0.308240 0.523240 0.099900
v 0.290696 0.534963 0.079900
v 0.290696 0.534963 0.099900
v 0.270000 0.539080 0.079900
v 0.270000 0.539080 0.099900
v 0.249304 0.534963 0.079900
v 0.249304 0.534963 0.099900
v 0.231760 0.523240 0.079900
v 0.231760 0.523240 0.099900
v 0.220037 0.505696 0.079900
v 0.220037 0.505696 0.099900
v 0.215920 0.485000 0.079900
v 0.215920 0.485000 0.099900
v 0.220037 0.464304 0.079900
v 0.220037 0.464304 0.099900
v 0.231760 0.446760 0.079900
v 0.231760 0.446760 0.099900
v 0.249304 0.435037 0.079900
v 0.249304 0.435037 0.099900
v 0.270000 0.430920 0.079900
v 0.270000 0.430920 0.099900
v 0.290696 0.435037 0.079900
v 0.290696 0.435037 0.099900
v 0.308240 0.446760 0.079900
v 0.308240 0.446760 0.099900
v 0.319963 0.464304 0.079900
v 0.319963 0.464304 0.099900
v 0.324080 0.485000 0.123300
v 0.319963 0.505696 0.123300
v 0.319963 0.505696 0.143300
v 0.324080 0.485000 0.143300
v 0.308240 0.523240 0.123300
v 0.308240 0.523240 0.143300
v 0.290696 0.534963 0.123300
v 0.290696 0.534963 0.143300
v 0.270000 0.539080 0.123300
v 0.270000 0.539080 0.143300
v 0.249304 0.534963 0.123300
v 0.249304 0.534963 0.143300
v 0.231760 0.523240 0.123300
v 0.231760 0.523240 0.143300
v 0.220037 0.505696 0.123300
v 0.220037 0.505696 0.143300
v 0.215920 0.485000 0.123300
v 0.215920 0.485000 0.143300
v 0.220037 0.464304 0.123300
v 0.220037 0.464304 0.143300
v 0.231760 0.446760 0.123300
v 0.231760 0.446760 0.143300
v 0.249304 0.435037 0.123300
v 0.249304 0.435037 0.143300
v 0.270000 0.430920 0.123300
v 0.270000 0.430920 0.143300
v 0.290696 0.435037 0.123300
v 0.290696 0.435037 0.143300
v 0.308240 0.446760 0.123300
v 0.308240 0.446760 0.143300
v 0.319963 0.464304 0.123300
v 0.319963 0.464304 0.143300
v 0.302240 0.485000 0.143000
v 0.299786 0.497338 0.143000
v 0.299786 0.497338 0.167000
v 0.302240 0.485000 0.167000
v 0.292797 0.507797 0.143000
v 0.292797 0.507797 0.167000
v 0.282338 0.514786 0.143000
v 0.282338 0.514786 0.167000
v 0.270000 0.517240 0.143000
v 0.270000 0.517240 0.167000
v 0.257662 0.514786 0.143000
v 0.257662 0.514786 0.167000
v 0.247203 0.507797 0.143000
v 0.247203 0.507797 0.167000
v 0.240214 0.497338 0.143000
v 0.240214 0.497338 0.167000
v 0.237760 0.485000 0.143000
v 0.237760 0.485000 0.167000
v 0.240214 0.472662 0.143000
v 0.240214 0.472662 0.167000
v 0.247203 0.462203 0.143000
v 0.247203 0.462203 0.167000
v 0.257662 0.455214 0.143000
v 0.257662 0.455214 0.167000
v 0.270000 0.452760 0.143000
v 0.270000 0.452760 0.167000
v 0.282338 0.455214 0.143000
v 0.282338 0.455214 0.167000
v 0.292797 0.462203 0.143000
v 0.292797 0.462203 0.167000
v 0.299786 0.472662 0.143000
v 0.299786 0.472662 0.167000
v 0.240000 0.517240 0.131000
v 0.300000 0.517240 0.131000
v 0.300000 0.517240 0.179000
v 0.240000 0.517240 0.179000
v 0.240000 0.529240 0.179000
v 0.300000 0.529240 0.179000
v 0.300000 0.529240 0.131000
v 0.240000 0.529240 0.131000
v 0.262000 0.543240 0.155000
v 0.259000 0.543240 0.160196
v 0.259000 0.529240 0.160196
v 0.262000 0.529240 0.155000
v 0.253000 0.543240 0.160196
v 0.253000 0.529240 0.160196
v 0.250000 0.543240 0.155000
v 0.250000 0.529240 0.155000
v 0.253000 0.543240 0.149804
v 0.253000 0.529240 0.149804
v 0.259000 0.543240 0.149804
v 0.259000 0.529240 0.149804
v 0.267730 0.530080 0.155000
v 0.266837 0.530080 0.159489
v 0.266837 0.528400 0.159489
v 0.267730 0.528400 0.155000
v 0.264294 0.530080 0.163294
v 0.264294 0.528400 0.163294
v 0.260489 0.530080 0.165837
v 0.260489 0.528400 0.165837
v 0.256000 0.530080 0.166730
v 0.256000 0.528400 0.166730
v 0.251511 0.530080 0.165837
v 0.251511 0.528400 0.165837
v 0.247706 0.530080 0.163294
v 0.247706 0.528400 0.163294
v 0.245163 0.530080 0.159489
v 0.245163 0.528400 0.159489
v 0.244270 0.530080 0.155000
v 0.244270 0.528400 0.155000
v 0.245163 0.530080 0.150511
v 0.245163 0.528400 0.150511
v 0.247706 0.530080 0.146706
v 0.247706 0.528400 0.146706
v 0.251511 0.530080 0.144163
v 0.251511 0.528400 0.144163
v 0.256000 0.530080 0.143270
v 0.256000 0.528400 0.143270
v 0.260489 0.530080 0.144163
v 0.260489 0.528400 0.144163
v 0.264294 0.530080 0.146706
v 0.264294 0.528400 0.146706
v 0.266837 0.530080 0.150511
v 0.266837 0.528400 0.150511
v 0.264833 0.532040 0.160100
v 0.256000 0.532040 0.165200
v 0.256000 0.529240 0.165200
v 0.264833 0.529240 0.160100
v 0.247167 0.532040 0.160100
v 0.247167 0.529240 0.160100
v 0.247167 0.532040 0.149900
v 0.247167 0.529240 0.149900
v 0.256000 0.532040 0.144800
v 0.256000 0.529240 0.144800
v 0.264833 0.532040 0.149900
v 0.264833 0.529240 0.149900
v 0.290000 0.543240 0.155000
v 0.287000 0.543240 0.160196
v 0.287000 0.529240 0.160196
v 0.290000 0.529240 0.155000
v 0.281000 0.543240 0.160196
v 0.281000 0.529240 0.160196
v 0.278000 0.543240 0.155000
v 0.278000 0.529240 0.155000
v 0.281000 0.543240 0.149804
v 0.281000 0.529240 0.149804
v 0.287000 0.543240 0.149804
v 0.287000 0.529240 0.149804
v 0.295730 0.530080 0.155000
v 0.294837 0.530080 0.159489
v 0.294837 0.528400 0.159489
v 0.295730 0.528400 0.155000
v 0.292294 0.530080 0.163294
v 0.292294 0.528400 0.163294
v 0.288489 0.530080 0.165837
v 0.288489 0.528400 0.165837
v 0.284000 0.530080 0.166730
v 0.284000 0.528400 0.166730
v 0.279511 0.530080 0.165837
v 0.279511 0.528400 0.165837
v 0.275706 0.530080 0.163294
v 0.275706 0.528400 0.163294
v 0.273163 0.530080 0.159489
v 0.273163 0.528400 0.159489
v 0.272270 0.530080 0.155000
v 0.272270 0.528400 0.155000
v 0.273163 0.530080 0.150511
v 0.273163 0.528400 0.150511
v 0.275706 0.530080 0.146706
v 0.275706 0.528400 0.146706
v 0.279511 0.530080 0.144163
v 0.279511 0.528400 0.144163
v 0.284000 0.530080 0.143270
v 0.284000 0.528400 0.143270
v 0.288489 0.530080 0.144163
v 0.288489 0.528400 0.144163
v 0.292294 0.530080 0.146706
v 0.292294 0.528400 0.146706
v 0.294837 0.530080 0.150511
v 0.294837 0.528400 0.150511
v 0.292833 0.532040 0.160100
v 0.284000 0.532040 0.165200
v 0.284000 0.529240 0.165200
v 0.292833 0.529240 0.160100
v 0.275167 0.532040 0.160100
v 0.275167 0.529240 0.160100
v 0.275167 0.532040 0.149900
v 0.275167 0.529240 0.149900
v 0.284000 0.532040 0.144800
v 0.284000 0.529240 0.144800
v 0.292833 0.532040 0.149900
v 0.292833 0.529240 0.149900
v 0.210000 0.190000 -0.184000
v 0.264000 0.190000 -0.184000
v 0.264000 0.190000 -0.179000
v 0.210000 0.190000 -0.179000
v 0.210000 0.244000 -0.179000
v 0.264000 0.244000 -0.179000
v 0.264000 0.244000 -0.184000
v 0.210000 0.244000 -0.184000
vn 0.0000 -1.0000 0.0000
vn 0.0000 1.0000 0.0000
vn 0.0000 0.0000 -1.0000
vn 0.0000 0.0000 1.0000
vn -1.0000 0.0000 0.0000
vn 1.0000 0.0000 0.0000
vn 0.9808 0.1951 0.0000
vn 0.8315 0.5556 0.0000
vn 0.5556 0.8315 0.0000
vn 0.1951 0.9808 0.0000
vn -0.1951 0.9808 0.0000
vn -0.5556 0.8315 0.0000
vn -0.8315 0.5556 0.0000
vn -0.9808 0.1951 0.0000
vn -0.9808 -0.1951 0.0000
vn -0.8315 -0.5556 0.0000
vn -0.5556 -0.8315 0.0000
vn -0.1951 -0.9808 0.0000
vn 0.1951 -0.9808 0.0000
vn 0.5556 -0.8315 0.0000
vn 0.8315 -0.5556 0.0000
vn 0.9808 -0.1951 0.0000
vn 0.9808 0.0000 0.1951
vn 0.8315 0.0000 0.5556
vn 0.5556 0.0000 0.8315
vn 0.1951 0.0000 0.9808
vn -0.1951 0.0000 0.9808
vn -0.5556 0.0000 0.8315
vn -0.8315 0.0000 0.5556
vn -0.9808 0.0000 0.1951
vn -0.9808 0.0000 -0.1951
vn -0.8315 0.0000 -0.5556
vn -0.5556 0.0000 -0.8315
vn -0.1951 0.0000 -0.9808
vn 0.1951 0.0000 -0.9808
vn 0.5556 0.0000 -0.8315
vn 0.8315 0.0000 -0.5556
vn 0.9808 0.0000 -0.1951
vn 0.9849 0.0000 0.1734
vn 0.8435 0.0000 0.5371
vn 0.5738 0.0000 0.8190
vn 0.2167 0.0000 0.9762
vn -0.1734 0.0000 0.9849
vn -0.5371 0.0000 0.8435
vn -0.8190 0.0000 0.5738
vn -0.9762 0.0000 0.2167
vn -0.9849 0.0000 -0.1734
vn -0.8435 0.0000 -0.5371
vn -0.5738 0.0000 -0.8190
vn -0.2167 0.0000 -0.9762
vn 0.1734 0.0000 -0.9849
vn 0.5371 0.0000 -0.8435
vn 0.8190 0.0000 -0.5738
vn 0.9762 0.0000 -0.2167
vn 0.8660 0.0000 0.5000
vn -0.8660 0.0000 0.5000
vn -0.8660 0.0000 -0.5000
vn 0.8660 0.0000 -0.5000
vn 0.5000 0.0000 0.8660
vn -0.5000 0.0000 0.8660
vn -0.5000 0.0000 -0.8660
vn 0.5000 0.0000 -0.8660
vt 0.000000 0.700000
vt 0.700000 0.700000
vt 0.700000 0.000000
vt 0.000000 0.000000
vt 0.000000 0.660000
vt 1.400000 0.660000
vt 1.400000 0.000000
vt 1.400000 0.470000
vt 0.000000 0.470000
vt 0.660000 0.470000
vt 0.660000 0.000000
vt 0.000000 0.024000
vt 1.220000 0.024000
vt 1.220000 0.000000
vt 1.220000 0.350000
vt 0.000000 0.350000
vt 0.024000 0.350000
vt 0.024000 0.000000
vt 0.000000 0.150000
vt 0.150000 0.150000
vt 0.150000 0.000000
vt 0.009375 0.000000
vt 0.009375 0.150000
vt 0.018750 0.000000
vt 0.018750 0.150000
vt 0.028125 0.000000
vt 0.028125 0.150000
vt 0.037500 0.000000
vt 0.037500 0.150000
vt 0.046875 0.000000
vt 0.046875 0.150000
vt 0.056250 0.000000
vt 0.056250 0.150000
vt 0.065625 0.000000
vt 0.065625 0.150000
vt 0.075000 0.000000
vt 0.075000 0.150000
vt 0.084375 0.000000
vt 0.084375 0.150000
vt 0.093750 0.000000
vt 0.093750 0.150000
vt 0.103125 0.000000
vt 0.103125 0.150000
vt 0.112500 0.000000
vt 0.112500 0.150000
vt 0.121875 0.000000
vt 0.121875 0.150000
vt 0.131250 0.000000
vt 0.131250 0.150000
vt 0.140625 0.000000
vt 0.140625 0.150000
vt 0.961940 0.308658
vt 0.853553 0.146447
vt 0.691342 0.038060
vt 0.500000 0.000000
vt 0.308658 0.038060
vt 0.146447 0.146447
vt 0.038060 0.308658
vt 0.000000 0.500000
vt 0.038060 0.691342
vt 0.146447 0.853553
vt 0.308658 0.961940
vt 0.500000 1.000000
vt 0.691342 0.961940
vt 0.853553 0.853553
vt 0.961940 0.691342
vt 1.000000 0.500000
vt 0.000000 0.200000
vt 0.200000 0.200000
vt 0.200000 0.000000
vt 0.000000 2.000000
vt 0.062500 2.000000
vt 0.062500 0.000000
vt 0.125000 2.000000
vt 0.125000 0.000000
vt 0.187500 2.000000
vt 0.187500 0.000000
vt 0.250000 2.000000
vt 0.250000 0.000000
vt 0.312500 2.000000
vt 0.312500 0.000000
vt 0.375000 2.000000
vt 0.375000 0.000000
vt 0.437500 2.000000
vt 0.437500 0.000000
vt 0.500000 2.000000
vt 0.562500 2.000000
vt 0.562500 0.000000
vt 0.625000 2.000000
vt 0.625000 0.000000
vt 0.687500 2.000000
vt 0.687500 0.000000
vt 0.750000 2.000000
vt 0.750000 0.000000
vt 0.812500 2.000000
vt 0.812500 0.000000
vt 0.875000 2.000000
vt 0.875000 0.000000
vt 0.937500 2.000000
vt 0.937500 0.000000
vt 1.000000 2.000000
vt 1.000000 0.000000
vt 0.000000 0.600000
vt 0.037500 0.600000
vt 0.075000 0.600000
vt 0.112500 0.600000
vt 0.150000 0.600000
vt 0.187500 0.600000
vt 0.225000 0.600000
vt 0.225000 0.000000
vt 0.262500 0.600000
vt 0.262500 0.000000
vt 0.300000 0.600000
vt 0.300000 0.000000
vt 0.337500 0.600000
vt 0.337500 0.000000
vt 0.375000 0.600000
vt 0.412500 0.600000
vt 0.412500 0.000000
vt 0.450000 0.600000
vt 0.450000 0.000000
vt 0.487500 0.600000
vt 0.487500 0.000000
vt 0.525000 0.600000
vt 0.525000 0.000000
vt 0.562500 0.600000
vt 0.600000 0.600000
vt 0.600000 0.000000
vt 0.000000 0.800000
vt 0.050000 0.800000
vt 0.050000 0.000000
vt 0.100000 0.800000
vt 0.100000 0.000000
vt 0.150000 0.800000
vt 0.200000 0.800000
vt 0.250000 0.800000
vt 0.300000 0.800000
vt 0.350000 0.800000
vt 0.350000 0.000000
vt 0.400000 0.800000
vt 0.400000 0.000000
vt 0.450000 0.800000
vt 0.500000 0.800000
vt 0.550000 0.800000
vt 0.550000 0.000000
vt 0.600000 0.800000
vt 0.650000 0.800000
vt 0.650000 0.000000
vt 0.700000 0.800000
vt 0.750000 0.800000
vt 0.800000 0.800000
vt 0.800000 0.000000
vt 0.050000 1.600000
vt 0.000000 1.600000
vt 0.100000 1.600000
vt 0.150000 1.600000
vt 0.200000 1.600000
vt 0.250000 1.600000
vt 0.300000 1.600000
vt 0.350000 1.600000
vt 0.400000 1.600000
vt 0.450000 1.600000
vt 0.500000 1.600000
vt 0.550000 1.600000
vt 0.600000 1.600000
vt 0.650000 1.600000
vt 0.700000 1.600000
vt 0.750000 1.600000
vt 0.800000 1.600000
vt 0.031250 0.000000
vt 0.031250 0.500000
vt 0.062500 0.500000
vt 0.093750 0.500000
vt 0.125000 0.500000
vt 0.156250 0.000000
vt 0.156250 0.500000
vt 0.187500 0.500000
vt 0.218750 0.000000
vt 0.218750 0.500000
vt 0.250000 0.500000
vt 0.281250 0.000000
vt 0.281250 0.500000
vt 0.312500 0.500000
vt 0.343750 0.000000
vt 0.343750 0.500000
vt 0.375000 0.500000
vt 0.406250 0.000000
vt 0.406250 0.500000
vt 0.437500 0.500000
vt 0.468750 0.000000
vt 0.468750 0.500000
vt 0.500000 0.500000
vt 0.000000 0.250000
vt 0.250000 0.250000
vt 0.000000 0.120000
vt 0.020000 0.120000
vt 0.020000 0.000000
vt 0.040000 0.120000
vt 0.040000 0.000000
vt 0.060000 0.120000
vt 0.060000 0.000000
vt 0.080000 0.120000
vt 0.080000 0.000000
vt 0.100000 0.120000
vt 0.120000 0.120000
vt 0.120000 0.000000
vt 0.007500 0.120000
vt 0.007500 0.000000
vt 0.015000 0.120000
vt 0.015000 0.000000
vt 0.022500 0.120000
vt 0.022500 0.000000
vt 0.030000 0.120000
vt 0.030000 0.000000
vt 0.037500 0.120000
vt 0.045000 0.120000
vt 0.045000 0.000000
vt 0.052500 0.120000
vt 0.052500 0.000000
vt 0.067500 0.120000
vt 0.067500 0.000000
vt 0.075000 0.120000
vt 0.082500 0.120000
vt 0.082500 0.000000
vt 0.090000 0.120000
vt 0.090000 0.000000
vt 0.097500 0.120000
vt 0.097500 0.000000
vt 0.105000 0.120000
vt 0.105000 0.000000
vt 0.112500 0.120000
vt 0.066987 0.750000
vt 0.066987 0.250000
vt 0.933013 0.250000
vt 0.933013 0.750000
vt 0.000000 1.000000
vt 1.000000 1.000000
o pad
usemtl concrete
f 1/1/1 2/2/1 3/3/1 4/4/1
f 5/4/2 6/3/2 7/2/2 8/1/2
f 8/2/3 7/1/3 2/4/3 1/3/3
f 6/2/4 5/1/4 4/4/4 3/3/4
f 5/2/5 8/1/5 1/4/5 4/3/5
f 7/2/6 6/1/6 3/4/6 2/3/6
o cabinet
usemtl cabinet
f 9/5/1 10/6/1 11/7/1 12/4/1
f 16/8/3 15/9/3 10/4/3 9/7/3
f 14/8/4 13/9/4 12/4/4 11/7/4
f 13/10/5 16/9/5 9/4/5 12/11/5
f 15/10/6 14/9/6 11/4/6 10/11/6
usemtl cabinet_top
f 13/4/2 14/7/2 15/6/2 16/5/2
o door
usemtl cabinet
f 17/12/1 18/13/1 19/14/1 20/4/1
f 21/4/2 22/14/2 23/13/2 24/12/2
f 24/15/3 23/16/3 18/4/3 17/14/3
f 22/15/4 21/16/4 20/4/4 19/14/4
f 21/17/5 24/16/5 17/4/5 20/18/5
f 23/17/6 22/16/6 19/4/6 18/18/6
usemtl steel
f 25/19/1 26/20/1 27/21/1 28/4/1
f 29/4/2 30/21/2 31/20/2 32/19/2
f 32/20/3 31/19/3 26/4/3 25/21/3
f 30/20/4 29/19/4 28/4/4 27/21/4
f 29/20/5 32/19/5 25/4/5 28/21/5
f 31/20/6 30/19/6 27/4/6 26/21/6
f 33/19/1 34/20/1 35/21/1 36/4/1
f 37/4/2 38/21/2 39/20/2 40/19/2
f 40/20/3 39/19/3 34/4/3 33/21/3
f 38/20/4 37/19/4 36/4/4 35/21/4
f 37/20/5 40/19/5 33/4/5 36/21/5
f 39/20/6 38/19/6 35/4/6 34/21/6
f 41/4/7 42/22/7 43/23/7 44/19/7
f 42/22/8 45/24/8 46/25/8 43/23/8
f 45/24/9 47/26/9 48/27/9 46/25/9
f 47/26/10 49/28/10 50/29/10 48/27/10
f 49/28/11 51/30/11 52/31/11 50/29/11
f 51/30/12 53/32/12 54/33/12 52/31/12
f 53/32/13 55/34/13 56/35/13 54/33/13
f 55/34/14 57/36/14 58/37/14 56/35/14
f 57/36/15 59/38/15 60/39/15 58/37/15
f 59/38/16 61/40/16 62/41/16 60/39/16
f 61/40/17 63/42/17 64/43/17 62/41/17
f 63/42/18 65/44/18 66/45/18 64/43/18
f 65/44/19 67/46/19 68/47/19 66/45/19
f 67/46/20 69/48/20 70/49/20 68/47/20
f 69/48/21 71/50/21 72/51/21 70/49/21
f 71/50/22 41/21/22 44/20/22 72/51/22
f 71/52/3 69/53/3 67/54/3 65/55/3
f 71/52/3 65/55/3 63/56/3 61/57/3
f 71/52/3 61/57/3 59/58/3 57/59/3
f 71/52/3 57/59/3 55/60/3 53/61/3
f 71/52/3 53/61/3 51/62/3 49/63/3
f 71/52/3 49/63/3 47/64/3 45/65/3
f 71/52/3 45/65/3 42/66/3 41/67/3
f 44/67/4 43/66/4 46/65/4 48/64/4
f 44/67/4 48/64/4 50/63/4 52/62/4
f 44/67/4 52/62/4 54/61/4 56/60/4
f 44/67/4 56/60/4 58/59/4 60/58/4
f 44/67/4 60/58/4 62/57/4 64/56/4
f 44/67/4 64/56/4 66/55/4 68/54/4
f 44/67/4 68/54/4 70/53/4 72/52/4
o earth
usemtl blade
f 73/68/1 74/69/1 75/70/1 76/4/1
f 77/4/2 78/70/2 79/69/2 80/68/2
f 80/69/3 79/68/3 74/4/3 73/70/3
f 78/69/4 77/68/4 76/4/4 75/70/4
f 77/69/5 80/68/5 73/4/5 76/70/5
f 79/69/6 78/68/6 75/4/6 74/70/6
o pole_1
usemtl epoxy
f 81/71/23 82/72/23 83/73/23 84/4/23
f 82/72/24 85/74/24 86/75/24 83/73/24
f 85/74/25 87/76/25 88/77/25 86/75/25
f 87/76/26 89/78/26 90/79/26 88/77/26
f 89/78/27 91/80/27 92/81/27 90/79/27
f 91/80/28 93/82/28 94/83/28 92/81/28
f 93/82/29 95/84/29 96/85/29 94/83/29
f 95/84/30 97/86/30 98/55/30 96/85/30
f 97/86/31 99/87/31 100/88/31 98/55/31
f 99/87/32 101/89/32 102/90/32 100/88/32
f 101/89/33 103/91/33 104/92/33 102/90/33
f 103/91/34 105/93/34 106/94/34 104/92/34
f 105/93/35 107/95/35 108/96/35 106/94/35
f 107/95/36 109/97/36 110/98/36 108/96/36
f 109/97/37 111/99/37 112/100/37 110/98/37
f 111/99/38 81/101/38 84/102/38 112/100/38
f 113/103/39 114/104/39 115/28/39 116/4/39
f 114/104/40 117/105/40 118/36/40 115/28/40
f 117/105/41 119/106/41 120/44/41 118/36/41
f 119/106/42 121/107/42 122/21/42 120/44/42
f 121/107/43 123/108/43 124/77/43 122/21/43
f 123/108/44 125/109/44 126/110/44 124/77/44
f 125/109/45 127/111/45 128/112/45 126/110/45
f 127/111/46 129/113/46 130/114/46 128/112/46
f 129/113/47 131/115/47 132/116/47 130/114/47
f 131/115/48 133/117/48 134/83/48 132/116/48
f 133/117/49 135/118/49 136/119/49 134/83/49
f 135/118/50 137/120/50 138/121/50 136/119/50
f 137/120/51 139/122/51 140/123/51 138/121/51
f 139/122/52 141/124/52 142/125/52 140/123/52
f 141/124/53 143/126/53 144/88/53 142/125/53
f 143/126/54 113/127/54 116/128/54 144/88/54
f 145/103/39 146/104/39 147/28/39 148/4/39
f 146/104/40 149/105/40 150/36/40 147/28/40
f 149/105/41 151/106/41 152/44/41 150/36/41
f 151/106/42 153/107/42 154/21/42 152/44/42
f 153/107/43 155/108/43 156/77/43 154/21/43
f 155/108/44 157/109/44 158/110/44 156/77/44
f 157/109/45 159/111/45 160/112/45 158/110/45
f 159/111/46 161/113/46 162/114/46 160/112/46
f 161/113/47 163/115/47 164/116/47 162/114/47
f 163/115/48 165/117/48 166/83/48 164/116/48
f 165/117/49 167/118/49 168/119/49 166/83/49
f 167/118/50 169/120/50 170/121/50 168/119/50
f 169/120/51 171/122/51 172/123/51 170/121/51
f 171/122/52 173/124/52 174/125/52 172/123/52
f 173/124/53 175/126/53 176/88/53 174/125/53
f 175/126/54 145/127/54 148/128/54 176/88/54
f 177/103/39 178/104/39 179/28/39 180/4/39
f 178/104/40 181/105/40 182/36/40 179/28/40
f 181/105/41 183/106/41 184/44/41 182/36/41
f 183/106/42 185/107/42 186/21/42 184/44/42
f 185/107/43 187/108/43 188/77/43 186/21/43
f 187/108/44 189/109/44 190/110/44 188/77/44
f 189/109/45 191/111/45 192/112/45 190/110/45
f 191/111/46 193/113/46 194/114/46 192/112/46
f 193/113/47 195/115/47 196/116/47 194/114/47
f 195/115/48 197/117/48 198/83/48 196/116/48
f 197/117/49 199/118/49 200/119/49 198/83/49
f 199/118/50 201/120/50 202/121/50 200/119/50
f 201/120/51 203/122/51 204/123/51 202/121/51
f 203/122/52 205/124/52 206/125/52 204/123/52
f 205/124/53 207/126/53 208/88/53 206/125/53
f 207/126/54 177/127/54 180/128/54 208/88/54
f 209/129/23 210/130/23 211/131/23 212/4/23
f 210/130/24 213/132/24 214/133/24 211/131/24
f 213/132/25 215/134/25 216/21/25 214/133/25
f 215/134/26 217/135/26 218/70/26 216/21/26
f 217/135/27 219/136/27 220/79/27 218/70/27
f 219/136/28 221/137/28 222/114/28 220/79/28
f 221/137/29 223/138/29 224/139/29 222/114/29
f 223/138/30 225/140/30 226/141/30 224/139/30
f 225/140/31 227/142/31 228/121/31 226/141/31
f 227/142/32 229/143/32 230/55/32 228/121/32
f 229/143/33 231/144/33 232/145/33 230/55/33
f 231/144/34 233/146/34 234/128/34 232/145/34
f 233/146/35 235/147/35 236/148/35 234/128/35
f 235/147/36 237/149/36 238/3/36 236/148/36
f 237/149/37 239/150/37 240/94/37 238/3/37
f 239/150/38 209/151/38 212/152/38 240/94/38
f 234/55/1 236/54/1 238/53/1 240/52/1
f 230/57/1 232/56/1 234/55/1 240/52/1
f 226/59/1 228/58/1 230/57/1 240/52/1
f 222/61/1 224/60/1 226/59/1 240/52/1
f 218/63/1 220/62/1 222/61/1 240/52/1
f 214/65/1 216/64/1 218/63/1 240/52/1
f 212/67/1 211/66/1 214/65/1 240/52/1
f 215/64/2 213/65/2 210/66/2 209/67/2
f 219/62/2 217/63/2 215/64/2 209/67/2
f 223/60/2 221/61/2 219/62/2 209/67/2
f 227/58/2 225/59/2 223/60/2 209/67/2
f 231/56/2 229/57/2 227/58/2 209/67/2
f 235/54/2 233/55/2 231/56/2 209/67/2
f 239/52/2 237/53/2 235/54/2 209/67/2
f 241/103/23 242/104/23 243/28/23 244/4/23
f 242/104/24 245/105/24 246/36/24 243/28/24
f 245/105/25 247/106/25 248/44/25 246/36/25
f 247/106/26 249/107/26 250/21/26 248/44/26
f 249/107/27 251/108/27 252/77/27 250/21/27
f 251/108/28 253/109/28 254/110/28 252/77/28
f 253/109/29 255/111/29 256/112/29 254/110/29
f 255/111/30 257/113/30 258/114/30 256/112/30
f 257/113/31 259/115/31 260/116/31 258/114/31
f 259/115/32 261/117/32 262/83/32 260/116/32
f 261/117/33 263/118/33 264/119/33 262/83/33
f 263/118/34 265/120/34 266/121/34 264/119/34
f 265/120/35 267/122/35 268/123/35 266/121/35
f 267/122/36 269/124/36 270/125/36 268/123/36
f 269/124/37 271/126/37 272/88/37 270/125/37
f 271/126/38 241/127/38 244/128/38 272/88/38
f 266/55/1 268/54/1 270/53/1 272/52/1
f 262/57/1 264/56/1 266/55/1 272/52/1
f 258/59/1 260/58/1 262/57/1 272/52/1
f 254/61/1 256/60/1 258/59/1 272/52/1
f 250/63/1 252/62/1 254/61/1 272/52/1
f 246/65/1 248/64/1 250/63/1 272/52/1
f 244/67/1 243/66/1 246/65/1 272/52/1
f 247/64/2 245/65/2 242/66/2 241/67/2
f 251/62/2 249/63/2 247/64/2 241/67/2
f 255/60/2 253/61/2 251/62/2 241/67/2
f 259/58/2 257/59/2 255/60/2 241/67/2
f 263/56/2 261/57/2 259/58/2 241/67/2
f 267/54/2 265/55/2 263/56/2 241/67/2
f 271/52/2 269/53/2 267/54/2 241/67/2
o insulator_1
usemtl porcelain
f 273/4/7 274/131/7 275/153/7 276/154/7
f 274/131/8 277/133/8 278/155/8 275/153/8
f 277/133/9 279/21/9 280/156/9 278/155/9
f 279/21/10 281/70/10 282/157/10 280/156/10
f 281/70/11 283/79/11 284/158/11 282/157/11
f 283/79/12 285/114/12 286/159/12 284/158/12
f 285/114/13 287/139/13 288/160/13 286/159/13
f 287/139/14 289/141/14 290/161/14 288/160/14
f 289/141/15 291/121/15 292/162/15 290/161/15
f 291/121/16 293/55/16 294/163/16 292/162/16
f 293/55/17 295/145/17 296/164/17 294/163/17
f 295/145/18 297/128/18 298/165/18 296/164/18
f 297/128/19 299/148/19 300/166/19 298/165/19
f 299/148/20 301/3/20 302/167/20 300/166/20
f 301/3/21 303/94/21 304/168/21 302/167/21
f 303/94/22 273/152/22 276/169/22 304/168/22
f 305/4/7 306/28/7 307/104/7 308/103/7
f 306/28/8 309/36/8 310/105/8 307/104/8
f 309/36/9 311/44/9 312/106/9 310/105/9
f 311/44/10 313/21/10 314/107/10 312/106/10
f 313/21/11 315/77/11 316/108/11 314/107/11
f 315/77/12 317/110/12 318/109/12 316/108/12
f 317/110/13 319/112/13 320/111/13 318/109/13
f 319/112/14 321/114/14 322/113/14 320/111/14
f 321/114/15 323/116/15 324/115/15 322/113/15
f 323/116/16 325/83/16 326/117/16 324/115/16
f 325/83/17 327/119/17 328/118/17 326/117/17
f 327/119/18 329/121/18 330/120/18 328/118/18
f 329/121/19 331/123/19 332/122/19 330/120/19
f 331/123/20 333/125/20 334/124/20 332/122/20
f 333/125/21 335/88/21 336/126/21 334/124/21
f 335/88/22 305/128/22 308/127/22 336/126/22
f 337/4/7 338/28/7 339/104/7 340/103/7
f 338/28/8 341/36/8 342/105/8 339/104/8
f 341/36/9 343/44/9 344/106/9 342/105/9
f 343/44/10 345/21/10 346/107/10 344/106/10
f 345/21/11 347/77/11 348/108/11 346/107/11
f 347/77/12 349/110/12 350/109/12 348/108/12
f 349/110/13 351/112/13 352/111/13 350/109/13
f 351/112/14 353/114/14 354/113/14 352/111/14
f 353/114/15 355/116/15 356/115/15 354/113/15
f 355/116/16 357/83/16 358/117/16 356/115/16
f 357/83/17 359/119/17 360/118/17 358/117/17
f 359/119/18 361/121/18 362/120/18 360/118/18
f 361/121/19 363/123/19 364/122/19 362/120/19
f 363/123/20 365/125/20 366/124/20 364/122/20
f 365/125/21 367/88/21 368/126/21 366/124/21
f 367/88/22 337/128/22 340/127/22 368/126/22
f 369/4/7 370/28/7 371/104/7 372/103/7
f 370/28/8 373/36/8 374/105/8 371/104/8
f 373/36/9 375/44/9 376/106/9 374/105/9
f 375/44/10 377/21/10 378/107/10 376/106/10
f 377/21/11 379/77/11 380/108/11 378/107/11
f 379/77/12 381/110/12 382/109/12 380/108/12
f 381/110/13 383/112/13 384/111/13 382/109/13
f 383/112/14 385/114/14 386/113/14 384/111/14
f 385/114/15 387/116/15 388/115/15 386/113/15
f 387/116/16 389/83/16 390/117/16 388/115/16
f 389/83/17 391/119/17 392/118/17 390/117/17
f 391/119/18 393/121/18 394/120/18 392/118/18
f 393/121/19 395/123/19 396/122/19 394/120/19
f 395/123/20 397/125/20 398/124/20 396/122/20
f 397/125/21 399/88/21 400/126/21 398/124/21
f 399/88/22 369/128/22 372/127/22 400/126/22
f 401/4/7 402/170/7 403/171/7 404/59/7
f 402/170/8 405/73/8 406/172/8 403/171/8
f 405/73/9 407/40/9 408/173/9 406/172/9
f 407/40/10 409/75/10 410/174/10 408/173/10
f 409/75/11 411/175/11 412/176/11 410/174/11
f 411/175/12 413/77/12 414/177/12 412/176/12
f 413/77/13 415/178/13 416/179/13 414/177/13
f 415/178/14 417/79/14 418/180/14 416/179/14
f 417/79/15 419/181/15 420/182/15 418/180/15
f 419/181/16 421/81/16 422/183/16 420/182/16
f 421/81/17 423/184/17 424/185/17 422/183/17
f 423/184/18 425/83/18 426/186/18 424/185/18
f 425/83/19 427/187/19 428/188/19 426/186/19
f 427/187/20 429/85/20 430/189/20 428/188/20
f 429/85/21 431/190/21 432/191/21 430/189/21
f 431/190/22 401/55/22 404/192/22 432/191/22
f 431/52/3 429/53/3 427/54/3 425/55/3
f 431/52/3 425/55/3 423/56/3 421/57/3
f 431/52/3 421/57/3 419/58/3 417/59/3
f 431/52/3 417/59/3 415/60/3 413/61/3
f 431/52/3 413/61/3 411/62/3 409/63/3
f 431/52/3 409/63/3 407/64/3 405/65/3
f 431/52/3 405/65/3 402/66/3 401/67/3
f 404/67/4 403/66/4 406/65/4 408/64/4
f 404/67/4 408/64/4 410/63/4 412/62/4
f 404/67/4 412/62/4 414/61/4 416/60/4
f 404/67/4 416/60/4 418/59/4 420/58/4
f 404/67/4 420/58/4 422/57/4 424/56/4
f 404/67/4 424/56/4 426/55/4 428/54/4
f 404/67/4 428/54/4 430/53/4 432/52/4
usemtl blade
f 433/193/1 434/194/1 435/79/1 436/4/1
f 437/4/2 438/79/2 439/194/2 440/193/2
f 440/194/3 439/193/3 434/4/3 433/79/3
f 438/194/4 437/193/4 436/4/4 435/79/4
f 437/194/5 440/193/5 433/4/5 436/79/5
f 439/194/6 438/193/6 435/4/6 434/79/6
f 441/195/55 442/196/55 443/197/55 444/4/55
f 442/196/4 445/198/4 446/199/4 443/197/4
f 445/198/56 447/200/56 448/201/56 446/199/56
f 447/200/57 449/202/57 450/203/57 448/201/57
f 449/202/3 451/204/3 452/133/3 450/203/3
f 451/204/58 441/205/58 444/206/58 452/133/58
f 453/195/23 454/207/23 455/208/23 456/4/23
f 454/207/24 457/209/24 458/210/24 455/208/24
f 457/209/25 459/211/25 460/212/25 458/210/25
f 459/211/26 461/213/26 462/214/26 460/212/26
f 461/213/27 463/215/27 464/28/27 462/214/27
f 463/215/28 465/216/28 466/217/28 464/28/28
f 465/216/29 467/218/29 468/219/29 466/217/29
f 467/218/30 469/200/30 470/201/30 468/219/30
f 469/200/31 471/220/31 472/221/31 470/201/31
f 471/220/32 473/222/32 474/36/32 472/221/32
f 473/222/33 475/223/33 476/224/33 474/36/33
f 475/223/34 477/225/34 478/226/34 476/224/34
f 477/225/35 479/227/35 480/228/35 478/226/35
f 479/227/36 481/229/36 482/230/36 480/228/36
f 481/229/37 483/231/37 484/44/37 482/230/37
f 483/231/38 453/205/38 456/206/38 484/44/38
f 478/55/1 480/54/1 482/53/1 484/52/1
f 474/57/1 476/56/1 478/55/1 484/52/1
f 470/59/1 472/58/1 474/57/1 484/52/1
f 466/61/1 468/60/1 470/59/1 484/52/1
f 462/63/1 464/62/1 466/61/1 484/52/1
f 458/65/1 460/64/1 462/63/1 484/52/1
f 456/67/1 455/66/1 458/65/1 484/52/1
f 459/64/2 457/65/2 454/66/2 453/67/2
f 463/62/2 461/63/2 459/64/2 453/67/2
f 467/60/2 465/61/2 463/62/2 453/67/2
f 471/58/2 469/59/2 467/60/2 453/67/2
f 475/56/2 473/57/2 471/58/2 453/67/2
f 479/54/2 477/55/2 475/56/2 453/67/2
f 483/52/2 481/53/2 479/54/2 453/67/2
f 485/195/59 486/196/59 487/197/59 488/4/59
f 486/196/60 489/198/60 490/199/60 487/197/60
f 489/198/5 491/200/5 492/201/5 490/199/5
f 491/200/61 493/202/61 494/203/61 492/201/61
f 493/202/62 495/204/62 496/133/62 494/203/62
f 495/204/6 485/205/6 488/206/6 496/133/6
f 490/232/1 492/233/1 494/55/1 496/234/1
f 488/235/1 487/63/1 490/232/1 496/234/1
f 491/233/2 489/232/2 486/63/2 485/235/2
f 495/234/2 493/55/2 491/233/2 485/235/2
f 497/195/55 498/196/55 499/197/55 500/4/55
f 498/196/4 501/198/4 502/199/4 499/197/4
f 501/198/56 503/200/56 504/201/56 502/199/56
f 503/200/57 505/202/57 506/203/57 504/201/57
f 505/202/3 507/204/3 508/133/3 506/203/3
f 507/204/58 497/205/58 500/206/58 508/133/58
f 509/195/23 510/207/23 511/208/23 512/4/23
f 510/207/24 513/209/24 514/210/24 511/208/24
f 513/209/25 515/211/25 516/212/25 514/210/25
f 515/211/26 517/213/26 518/214/26 516/212/26
f 517/213/27 519/215/27 520/28/27 518/214/27
f 519/215/28 521/216/28 522/217/28 520/28/28
f 521/216/29 523/218/29 524/219/29 522/217/29
f 523/218/30 525/200/30 526/201/30 524/219/30
f 525/200/31 527/220/31 528/221/31 526/201/31
f 527/220/32 529/222/32 530/36/32 528/221/32
f 529/222/33 531/223/33 532/224/33 530/36/33
f 531/223/34 533/225/34 534/226/34 532/224/34
f 533/225/35 535/227/35 536/228/35 534/226/35
f 535/227/36 537/229/36 538/230/36 536/228/36
f 537/229/37 539/231/37 540/44/37 538/230/37
f 539/231/38 509/205/38 512/206/38 540/44/38
f 534/55/1 536/54/1 538/53/1 540/52/1
f 530/57/1 532/56/1 534/55/1 540/52/1
f 526/59/1 528/58/1 530/57/1 540/52/1
f 522/61/1 524/60/1 526/59/1 540/52/1
f 518/63/1 520/62/1 522/61/1 540/52/1
f 514/65/1 516/64/1 518/63/1 540/52/1
f 512/67/1 511/66/1 514/65/1 540/52/1
f 515/64/2 513/65/2 510/66/2 509/67/2
f 519/62/2 517/63/2 515/64/2 509/67/2
f 523/60/2 521/61/2 519/62/2 509/67/2
f 527/58/2 525/59/2 523/60/2 509/67/2
f 531/56/2 529/57/2 527/58/2 509/67/2
f 535/54/2 533/55/2 531/56/2 509/67/2
f 539/52/2 537/53/2 535/54/2 509/67/2
f 541/195/59 542/196/59 543/197/59 544/4/59
f 542/196/60 545/198/60 546/199/60 543/197/60
f 545/198/5 547/200/5 548/201/5 546/199/5
f 547/200/61 549/202/61 550/203/61 548/201/61
f 549/202/62 551/204/62 552/133/62 550/203/62
f 551/204/6 541/205/6 544/206/6 552/133/6
f 546/232/1 548/233/1 550/55/1 552/234/1
f 544/235/1 543/63/1 546/232/1 552/234/1
f 547/233/2 545/232/2 542/63/2 541/235/2
f 551/234/2 549/55/2 547/233/2 541/235/2
o insulator_4
usemtl porcelain
f 276/4/7 275/131/7 553/153/7 554/154/7
f 275/131/8 278/133/8 555/155/8 553/153/8
f 278/133/9 280/21/9 556/156/9 555/155/9
f 280/21/10 282/70/10 557/157/10 556/156/10
f 282/70/11 284/79/11 558/158/11 557/157/11
f 284/79/12 286/114/12 559/159/12 558/158/12
f 286/114/13 288/139/13 560/160/13 559/159/13
f 288/139/14 290/141/14 561/161/14 560/160/14
f 290/141/15 292/121/15 562/162/15 561/161/15
f 292/121/16 294/55/16 563/163/16 562/162/16
f 294/55/17 296/145/17 564/164/17 563/163/17
f 296/145/18 298/128/18 565/165/18 564/164/18
f 298/128/19 300/148/19 566/166/19 565/165/19
f 300/148/20 302/3/20 567/167/20 566/166/20
f 302/3/21 304/94/21 568/168/21 567/167/21
f 304/94/22 276/152/22 554/169/22 568/168/22
f 569/4/7 570/28/7 571/104/7 572/103/7
f 570/28/8 573/36/8 574/105/8 571/104/8
f 573/36/9 575/44/9 576/106/9 574/105/9
f 575/44/10 577/21/10 578/107/10 576/106/10
f 577/21/11 579/77/11 580/108/11 578/107/11
f 579/77/12 581/110/12 582/109/12 580/108/12
f 581/110/13 583/112/13 584/111/13 582/109/13
f 583/112/14 585/114/14 586/113/14 584/111/14
f 585/114/15 587/116/15 588/115/15 586/113/15
f 587/116/16 589/83/16 590/117/16 588/115/16
f 589/83/17 591/119/17 592/118/17 590/117/17
f 591/119/18 593/121/18 594/120/18 592/118/18
f 593/121/19 595/123/19 596/122/19 594/120/19
f 595/123/20 597/125/20 598/124/20 596/122/20
f 597/125/21 599/88/21 600/126/21 598/124/21
f 599/88/22 569/128/22 572/127/22 600/126/22
f 601/4/7 602/28/7 603/104/7 604/103/7
f 602/28/8 605/36/8 606/105/8 603/104/8
f 605/36/9 607/44/9 608/106/9 606/105/9
f 607/44/10 609/21/10 610/107/10 608/106/10
f 609/21/11 611/77/11 612/108/11 610/107/11
f 611/77/12 613/110/12 614/109/12 612/108/12
f 613/110/13 615/112/13 616/111/13 614/109/13
f 615/112/14 617/114/14 618/113/14 616/111/14
f 617/114/15 619/116/15 620/115/15 618/113/15
f 619/116/16 621/83/16 622/117/16 620/115/16
f 621/83/17 623/119/17 624/118/17 622/117/17
f 623/119/18 625/121/18 626/120/18 624/118/18
f 625/121/19 627/123/19 628/122/19 626/120/19
f 627/123/20 629/125/20 630/124/20 628/122/20
f 629/125/21 631/88/21 632/126/21 630/124/21
f 631/88/22 601/128/22 604/127/22 632/126/22
f 633/4/7 634/28/7 635/104/7 636/103/7
f 634/28/8 637/36/8 638/105/8 635/104/8
f 637/36/9 639/44/9 640/106/9 638/105/9
f 639/44/10 641/21/10 642/107/10 640/106/10
f 641/21/11 643/77/11 644/108/11 642/107/11
f 643/77/12 645/110/12 646/109/12 644/108/12
f 645/110/13 647/112/13 648/111/13 646/109/13
f 647/112/14 649/114/14 650/113/14 648/111/14
f 649/114/15 651/116/15 652/115/15 650/113/15
f 651/116/16 653/83/16 654/117/16 652/115/16
f 653/83/17 655/119/17 656/118/17 654/117/17
f 655/119/18 657/121/18 658/120/18 656/118/18
f 657/121/19 659/123/19 660/122/19 658/120/19
f 659/123/20 661/125/20 662/124/20 660/122/20
f 661/125/21 663/88/21 664/126/21 662/124/21
f 663/88/22 633/128/22 636/127/22 664/126/22
f 665/4/7 666/170/7 667/171/7 668/59/7
f 666/170/8 669/73/8 670/172/8 667/171/8
f 669/73/9 671/40/9 672/173/9 670/172/9
f 671/40/10 673/75/10 674/174/10 672/173/10
f 673/75/11 675/175/11 676/176/11 674/174/11
f 675/175/12 677/77/12 678/177/12 676/176/12
f 677/77/13 679/178/13 680/179/13 678/177/13
f 679/178/14 681/79/14 682/180/14 680/179/14
f 681/79/15 683/181/15 684/182/15 682/180/15
f 683/181/16 685/81/16 686/183/16 684/182/16
f 685/81/17 687/184/17 688/185/17 686/183/17
f 687/184/18 689/83/18 690/186/18 688/185/18
f 689/83/19 691/187/19 692/188/19 690/186/19
f 691/187/20 693/85/20 694/189/20 692/188/20
f 693/85/21 695/190/21 696/191/21 694/189/21
f 695/190/22 665/55/22 668/192/22 696/191/22
f 695/52/3 693/53/3 691/54/3 689/55/3
f 695/52/3 689/55/3 687/56/3 685/57/3
f 695/52/3 685/57/3 683/58/3 681/59/3
f 695/52/3 681/59/3 679/60/3 677/61/3
f 695/52/3 677/61/3 675/62/3 673/63/3
f 695/52/3 673/63/3 671/64/3 669/65/3
f 695/52/3 669/65/3 666/66/3 665/67/3
f 668/67/4 667/66/4 670/65/4 672/64/4
f 668/67/4 672/64/4 674/63/4 676/62/4
f 668/67/4 676/62/4 678/61/4 680/60/4
f 668/67/4 680/60/4 682/59/4 684/58/4
f 668/67/4 684/58/4 686/57/4 688/56/4
f 668/67/4 688/56/4 690/55/4 692/54/4
f 668/67/4 692/54/4 694/53/4 696/52/4
usemtl blade
f 697/193/1 698/194/1 699/79/1 700/4/1
f 701/4/2 702/79/2 703/194/2 704/193/2
f 704/194/3 703/193/3 698/4/3 697/79/3
f 702/194/4 701/193/4 700/4/4 699/79/4
f 701/194/5 704/193/5 697/4/5 700/79/5
f 703/194/6 702/193/6 699/4/6 698/79/6
f 705/195/55 706/196/55 707/197/55 708/4/55
f 706/196/4 709/198/4 710/199/4 707/197/4
f 709/198/56 711/200/56 712/201/56 710/199/56
f 711/200/57 713/202/57 714/203/57 712/201/57
f 713/202/3 715/204/3 716/133/3 714/203/3
f 715/204/58 705/205/58 708/206/58 716/133/58
f 717/195/23 718/207/23 719/208/23 720/4/23
f 718/207/24 721/209/24 722/210/24 719/208/24
f 721/209/25 723/211/25 724/212/25 722/210/25
f 723/211/26 725/213/26 726/214/26 724/212/26
f 725/213/27 727/215/27 728/28/27 726/214/27
f 727/215/28 729/216/28 730/217/28 728/28/28
f 729/216/29 731/218/29 732/219/29 730/217/29
f 731/218/30 733/200/30 734/201/30 732/219/30
f 733/200/31 735/220/31 736/221/31 734/201/31
f 735/220/32 737/222/32 738/36/32 736/221/32
f 737/222/33 739/223/33 740/224/33 738/36/33
f 739/223/34 741/225/34 742/226/34 740/224/34
f 741/225/35 743/227/35 744/228/35 742/226/35
f 743/227/36 745/229/36 746/230/36 744/228/36
f 745/229/37 747/231/37 748/44/37 746/230/37
f 747/231/38 717/205/38 720/206/38 748/44/38
f 742/55/1 744/54/1 746/53/1 748/52/1
f 738/57/1 740/56/1 742/55/1 748/52/1
f 734/59/1 736/58/1 738/57/1 748/52/1
f 730/61/1 732/60/1 734/59/1 748/52/1
f 726/63/1 728/62/1 730/61/1 748/52/1
f 722/65/1 724/64/1 726/63/1 748/52/1
f 720/67/1 719/66/1 722/65/1 748/52/1
f 723/64/2 721/65/2 718/66/2 717/67/2
f 727/62/2 725/63/2 723/64/2 717/67/2
f 731/60/2 729/61/2 727/62/2 717/67/2
f 735/58/2 733/59/2 731/60/2 717/67/2
f 739/56/2 737/57/2 735/58/2 717/67/2
f 743/54/2 741/55/2 739/56/2 717/67/2
f 747/52/2 745/53/2 743/54/2 717/67/2
f 749/195/59 750/196/59 751/197/59 752/4/59
f 750/196/60 753/198/60 754/199/60 751/197/60
f 753/198/5 755/200/5 756/201/5 754/199/5
f 755/200/61 757/202/61 758/203/61 756/201/61
f 757/202/62 759/204/62 760/133/62 758/203/62
f 759/204/6 749/205/6 752/206/6 760/133/6
f 754/232/1 756/233/1 758/55/1 760/234/1
f 752/235/1 751/63/1 754/232/1 760/234/1
f 755/233/2 753/232/2 750/63/2 749/235/2
f 759/234/2 757/55/2 755/233/2 749/235/2
f 761/195/55 762/196/55 763/197/55 764/4/55
f 762/196/4 765/198/4 766/199/4 763/197/4
f 765/198/56 767/200/56 768/201/56 766/199/56
f 767/200/57 769/202/57 770/203/57 768/201/57
f 769/202/3 771/204/3 772/133/3 770/203/3
f 771/204/58 761/205/58 764/206/58 772/133/58
f 773/195/23 774/207/23 775/208/23 776/4/23
f 774/207/24 777/209/24 778/210/24 775/208/24
f 777/209/25 779/211/25 780/212/25 778/210/25
f 779/211/26 781/213/26 782/214/26 780/212/26
f 781/213/27 783/215/27 784/28/27 782/214/27
f 783/215/28 785/216/28 786/217/28 784/28/28
f 785/216/29 787/218/29 788/219/29 786/217/29
f 787/218/30 789/200/30 790/201/30 788/219/30
f 789/200/31 791/220/31 792/221/31 790/201/31
f 791/220/32 793/222/32 794/36/32 792/221/32
f 793/222/33 795/223/33 796/224/33 794/36/33
f 795/223/34 797/225/34 798/226/34 796/224/34
f 797/225/35 799/227/35 800/228/35 798/226/35
f 799/227/36 801/229/36 802/230/36 800/228/36
f 801/229/37 803/231/37 804/44/37 802/230/37
f 803/231/38 773/205/38 776/206/38 804/44/38
f 798/55/1 800/54/1 802/53/1 804/52/1
f 794/57/1 796/56/1 798/55/1 804/52/1
f 790/59/1 792/58/1 794/57/1 804/52/1
f 786/61/1 788/60/1 790/59/1 804/52/1
f 782/63/1 784/62/1 786/61/1 804/52/1
f 778/65/1 780/64/1 782/63/1 804/52/1
f 776/67/1 775/66/1 778/65/1 804/52/1
f 779/64/2 777/65/2 774/66/2 773/67/2
f 783/62/2 781/63/2 779/64/2 773/67/2
f 787/60/2 785/61/2 783/62/2 773/67/2
f 791/58/2 789/59/2 787/60/2 773/67/2
f 795/56/2 793/57/2 791/58/2 773/67/2
f 799/54/2 797/55/2 795/56/2 773/67/2
f 803/52/2 801/53/2 799/54/2 773/67/2
f 805/195/59 806/196/59 807/197/59 808/4/59
f 806/196/60 809/198/60 810/199/60 807/197/60
f 809/198/5 811/200/5 812/201/5 810/199/5
f 811/200/61 813/202/61 814/203/61 812/201/61
f 813/202/62 815/204/62 816/133/62 814/203/62
f 815/204/6 805/205/6 808/206/6 816/133/6
f 810/232/1 812/233/1 814/55/1 816/234/1
f 808/235/1 807/63/1 810/232/1 816/234/1
f 811/233/2 809/232/2 806/63/2 805/235/2
f 815/234/2 813/55/2 811/233/2 805/235/2
o pole_2
usemtl epoxy
f 817/71/23 818/72/23 819/73/23 820/4/23
f 818/72/24 821/74/24 822/75/24 819/73/24
f 821/74/25 823/76/25 824/77/25 822/75/25
f 823/76/26 825/78/26 826/79/26 824/77/26
f 825/78/27 827/80/27 828/81/27 826/79/27
f 827/80/28 829/82/28 830/83/28 828/81/28
f 829/82/29 831/84/29 832/85/29 830/83/29
f 831/84/30 833/86/30 834/55/30 832/85/30
f 833/86/31 835/87/31 836/88/31 834/55/31
f 835/87/32 837/89/32 838/90/32 836/88/32
f 837/89/33 839/91/33 840/92/33 838/90/33
f 839/91/34 841/93/34 842/94/34 840/92/34
f 841/93/35 843/95/35 844/96/35 842/94/35
f 843/95/36 845/97/36 846/98/36 844/96/36
f 845/97/37 847/99/37 848/100/37 846/98/37
f 847/99/38 817/101/38 820/102/38 848/100/38
f 849/103/39 850/104/39 851/28/39 852/4/39
f 850/104/40 853/105/40 854/36/40 851/28/40
f 853/105/41 855/106/41 856/44/41 854/36/41
f 855/106/42 857/107/42 858/21/42 856/44/42
f 857/107/43 859/108/43 860/77/43 858/21/43
f 859/108/44 861/109/44 862/110/44 860/77/44
f 861/109/45 863/111/45 864/112/45 862/110/45
f 863/111/46 865/113/46 866/114/46 864/112/46
f 865/113/47 867/115/47 868/116/47 866/114/47
f 867/115/48 869/117/48 870/83/48 868/116/48
f 869/117/49 871/118/49 872/119/49 870/83/49
f 871/118/50 873/120/50 874/121/50 872/119/50
f 873/120/51 875/122/51 876/123/51 874/121/51
f 875/122/52 877/124/52 878/125/52 876/123/52
f 877/124/53 879/126/53 880/88/53 878/125/53
f 879/126/54 849/127/54 852/128/54 880/88/54
f 881/103/39 882/104/39 883/28/39 884/4/39
f 882/104/40 885/105/40 886/36/40 883/28/40
f 885/105/41 887/106/41 888/44/41 886/36/41
f 887/106/42 889/107/42 890/21/42 888/44/42
f 889/107/43 891/108/43 892/77/43 890/21/43
f 891/108/44 893/109/44 894/110/44 892/77/44
f 893/109/45 895/111/45 896/112/45 894/110/45
f 895/111/46 897/113/46 898/114/46 896/112/46
f 897/113/47 899/115/47 900/116/47 898/114/47
f 899/115/48 901/117/48 902/83/48 900/116/48
f 901/117/49 903/118/49 904/119/49 902/83/49
f 903/118/50 905/120/50 906/121/50 904/119/50
f 905/120/51 907/122/51 908/123/51 906/121/51
f 907/122/52 909/124/52 910/125/52 908/123/52
f 909/124/53 911/126/53 912/88/53 910/125/53
f 911/126/54 881/127/54 884/128/54 912/88/54
f 913/103/39 914/104/39 915/28/39 916/4/39
f 914/104/40 917/105/40 918/36/40 915/28/40
f 917/105/41 919/106/41 920/44/41 918/36/41
f 919/106/42 921/107/42 922/21/42 920/44/42
f 921/107/43 923/108/43 924/77/43 922/21/43
f 923/108/44 925/109/44 926/110/44 924/77/44
f 925/109/45 927/111/45 928/112/45 926/110/45
f 927/111/46 929/113/46 930/114/46 928/112/46
f 929/113/47 931/115/47 932/116/47 930/114/47
f 931/115/48 933/117/48 934/83/48 932/116/48
f 933/117/49 935/118/49 936/119/49 934/83/49
f 935/118/50 937/120/50 938/121/50 936/119/50
f 937/120/51 939/122/51 940/123/51 938/121/51
f 939/122/52 941/124/52 942/125/52 940/123/52
f 941/124/53 943/126/53 944/88/53 942/125/53
f 943/126/54 913/127/54 916/128/54 944/88/54
f 945/129/23 946/130/23 947/131/23 948/4/23
f 946/130/24 949/132/24 950/133/24 947/131/24
f 949/132/25 951/134/25 952/21/25 950/133/25
f 951/134/26 953/135/26 954/70/26 952/21/26
f 953/135/27 955/136/27 956/79/27 954/70/27
f 955/136/28 957/137/28 958/114/28 956/79/28
f 957/137/29 959/138/29 960/139/29 958/114/29
f 959/138/30 961/140/30 962/141/30 960/139/30
f 961/140/31 963/142/31 964/121/31 962/141/31
f 963/142/32 965/143/32 966/55/32 964/121/32
f 965/143/33 967/144/33 968/145/33 966/55/33
f 967/144/34 969/146/34 970/128/34 968/145/34
f 969/146/35 971/147/35 972/148/35 970/128/35
f 971/147/36 973/149/36 974/3/36 972/148/36
f 973/149/37 975/150/37 976/94/37 974/3/37
f 975/150/38 945/151/38 948/152/38 976/94/38
f 970/55/1 972/54/1 974/53/1 976/52/1
f 966/57/1 968/56/1 970/55/1 976/52/1
f 962/59/1 964/58/1 966/57/1 976/52/1
f 958/61/1 960/60/1 962/59/1 976/52/1
f 954/63/1 956/62/1 958/61/1 976/52/1
f 950/65/1 952/64/1 954/63/1 976/52/1
f 948/67/1 947/66/1 950/65/1 976/52/1
f 951/64/2 949/65/2 946/66/2 945/67/2
f 955/62/2 953/63/2 951/64/2 945/67/2
f 959/60/2 957/61/2 955/62/2 945/67/2
f 963/58/2 961/59/2 959/60/2 945/67/2
f 967/56/2 965/57/2 963/58/2 945/67/2
f 971/54/2 969/55/2 967/56/2 945/67/2
f 975/52/2 973/53/2 971/54/2 945/67/2
f 977/103/23 978/104/23 979/28/23 980/4/23
f 978/104/24 981/105/24 982/36/24 979/28/24
f 981/105/25 983/106/25 984/44/25 982/36/25
f 983/106/26 985/107/26 986/21/26 984/44/26
f 985/107/27 987/108/27 988/77/27 986/21/27
f 987/108/28 989/109/28 990/110/28 988/77/28
f 989/109/29 991/111/29 992/112/29 990/110/29
f 991/111/30 993/113/30 994/114/30 992/112/30
f 993/113/31 995/115/31 996/116/31 994/114/31
f 995/115/32 997/117/32 998/83/32 996/116/32
f 997/117/33 999/118/33 1000/119/33 998/83/33
f 999/118/34 1001/120/34 1002/121/34 1000/119/34
f 1001/120/35 1003/122/35 1004/123/35 1002/121/35
f 1003/122/36 1005/124/36 1006/125/36 1004/123/36
f 1005/124/37 1007/126/37 1008/88/37 1006/125/37
f 1007/126/38 977/127/38 980/128/38 1008/88/38
f 1002/55/1 1004/54/1 1006/53/1 1008/52/1
f 998/57/1 1000/56/1 1002/55/1 1008/52/1
f 994/59/1 996/58/1 998/57/1 1008/52/1
f 990/61/1 992/60/1 994/59/1 1008/52/1
f 986/63/1 988/62/1 990/61/1 1008/52/1
f 982/65/1 984/64/1 986/63/1 1008/52/1
f 980/67/1 979/66/1 982/65/1 1008/52/1
f 983/64/2 981/65/2 978/66/2 977/67/2
f 987/62/2 985/63/2 983/64/2 977/67/2
f 991/60/2 989/61/2 987/62/2 977/67/2
f 995/58/2 993/59/2 991/60/2 977/67/2
f 999/56/2 997/57/2 995/58/2 977/67/2
f 1003/54/2 1001/55/2 999/56/2 977/67/2
f 1007/52/2 1005/53/2 1003/54/2 977/67/2
o insulator_2
usemtl porcelain
f 1009/4/7 1010/131/7 1011/153/7 1012/154/7
f 1010/131/8 1013/133/8 1014/155/8 1011/153/8
f 1013/133/9 1015/21/9 1016/156/9 1014/155/9
f 1015/21/10 1017/70/10 1018/157/10 1016/156/10
f 1017/70/11 1019/79/11 1020/158/11 1018/157/11
f 1019/79/12 1021/114/12 1022/159/12 1020/158/12
f 1021/114/13 1023/139/13 1024/160/13 1022/159/13
f 1023/139/14 1025/141/14 1026/161/14 1024/160/14
f 1025/141/15 1027/121/15 1028/162/15 1026/161/15
f 1027/121/16 1029/55/16 1030/163/16 1028/162/16
f 1029/55/17 1031/145/17 1032/164/17 1030/163/17
f 1031/145/18 1033/128/18 1034/165/18 1032/164/18
f 1033/128/19 1035/148/19 1036/166/19 1034/165/19
f 1035/148/20 1037/3/20 1038/167/20 1036/166/20
f 1037/3/21 1039/94/21 1040/168/21 1038/167/21
f 1039/94/22 1009/152/22 1012/169/22 1040/168/22
f 1041/4/7 1042/28/7 1043/104/7 1044/103/7
f 1042/28/8 1045/36/8 1046/105/8 1043/104/8
f 1045/36/9 1047/44/9 1048/106/9 1046/105/9
f 1047/44/10 1049/21/10 1050/107/10 1048/106/10
f 1049/21/11 1051/77/11 1052/108/11 1050/107/11
f 1051/77/12 1053/110/12 1054/109/12 1052/108/12
f 1053/110/13 1055/112/13 1056/111/13 1054/109/13
f 1055/112/14 1057/114/14 1058/113/14 1056/111/14
f 1057/114/15 1059/116/15 1060/115/15 1058/113/15
f 1059/116/16 1061/83/16 1062/117/16 1060/115/16
f 1061/83/17 1063/119/17 1064/118/17 1062/117/17
f 1063/119/18 1065/121/18 1066/120/18 1064/118/18
f 1065/121/19 1067/123/19 1068/122/19 1066/120/19
f 1067/123/20 1069/125/20 1070/124/20 1068/122/20
f 1069/125/21 1071/88/21 1072/126/21 1070/124/21
f 1071/88/22 1041/128/22 1044/127/22 1072/126/22
f 1073/4/7 1074/28/7 1075/104/7 1076/103/7
f 1074/28/8 1077/36/8 1078/105/8 1075/104/8
f 1077/36/9 1079/44/9 1080/106/9 1078/105/9
f 1079/44/10 1081/21/10 1082/107/10 1080/106/10
f 1081/21/11 1083/77/11 1084/108/11 1082/107/11
f 1083/77/12 1085/110/12 1086/109/12 1084/108/12
f 1085/110/13 1087/112/13 1088/111/13 1086/109/13
f 1087/112/14 1089/114/14 1090/113/14 1088/111/14
f 1089/114/15 1091/116/15 1092/115/15 1090/113/15
f 1091/116/16 1093/83/16 1094/117/16 1092/115/16
f 1093/83/17 1095/119/17 1096/118/17 1094/117/17
f 1095/119/18 1097/121/18 1098/120/18 1096/118/18
f 1097/121/19 1099/123/19 1100/122/19 1098/120/19
f 1099/123/20 1101/125/20 1102/124/20 1100/122/20
f 1101/125/21 1103/88/21 1104/126/21 1102/124/21
f 1103/88/22 1073/128/22 1076/127/22 1104/126/22
f 1105/4/7 1106/28/7 1107/104/7 1108/103/7
f 1106/28/8 1109/36/8 1110/105/8 1107/104/8
f 1109/36/9 1111/44/9 1112/106/9 1110/105/9
f 1111/44/10 1113/21/10 1114/107/10 1112/106/10
f 1113/21/11 1115/77/11 1116/108/11 1114/107/11
f 1115/77/12 1117/110/12 1118/109/12 1116/108/12
f 1117/110/13 1119/112/13 1120/111/13 1118/109/13
f 1119/112/14 1121/114/14 1122/113/14 1120/111/14
f 1121/114/15 1123/116/15 1124/115/15 1122/113/15
f 1123/116/16 1125/83/16 1126/117/16 1124/115/16
f 1125/83/17 1127/119/17 1128/118/17 1126/117/17
f 1127/119/18 1129/121/18 1130/120/18 1128/118/18
f 1129/121/19 1131/123/19 1132/122/19 1130/120/19
f 1131/123/20 1133/125/20 1134/124/20 1132/122/20
f 1133/125/21 1135/88/21 1136/126/21 1134/124/21
f 1135/88/22 1105/128/22 1108/127/22 1136/126/22
f 1137/4/7 1138/170/7 1139/171/7 1140/59/7
f 1138/170/8 1141/73/8 1142/172/8 1139/171/8
f 1141/73/9 1143/40/9 1144/173/9 1142/172/9
f 1143/40/10 1145/75/10 1146/174/10 1144/173/10
f 1145/75/11 1147/175/11 1148/176/11 1146/174/11
f 1147/175/12 1149/77/12 1150/177/12 1148/176/12
f 1149/77/13 1151/178/13 1152/179/13 1150/177/13
f 1151/178/14 1153/79/14 1154/180/14 1152/179/14
f 1153/79/15 1155/181/15 1156/182/15 1154/180/15
f 1155/181/16 1157/81/16 1158/183/16 1156/182/16
f 1157/81/17 1159/184/17 1160/185/17 1158/183/17
f 1159/184/18 1161/83/18 1162/186/18 1160/185/18
f 1161/83/19 1163/187/19 1164/188/19 1162/186/19
f 1163/187/20 1165/85/20 1166/189/20 1164/188/20
f 1165/85/21 1167/190/21 1168/191/21 1166/189/21
f 1167/190/22 1137/55/22 1140/192/22 1168/191/22
f 1167/52/3 1165/53/3 1163/54/3 1161/55/3
f 1167/52/3 1161/55/3 1159/56/3 1157/57/3
f 1167/52/3 1157/57/3 1155/58/3 1153/59/3
f 1167/52/3 1153/59/3 1151/60/3 1149/61/3
f 1167/52/3 1149/61/3 1147/62/3 1145/63/3
f 1167/52/3 1145/63/3 1143/64/3 1141/65/3
f 1167/52/3 1141/65/3 1138/66/3 1137/67/3
f 1140/67/4 1139/66/4 1142/65/4 1144/64/4
f 1140/67/4 1144/64/4 1146/63/4 1148/62/4
f 1140/67/4 1148/62/4 1150/61/4 1152/60/4
f 1140/67/4 1152/60/4 1154/59/4 1156/58/4
f 1140/67/4 1156/58/4 1158/57/4 1160/56/4
f 1140/67/4 1160/56/4 1162/55/4 1164/54/4
f 1140/67/4 1164/54/4 1166/53/4 1168/52/4
usemtl blade
f 1169/193/1 1170/194/1 1171/79/1 1172/4/1
f 1173/4/2 1174/79/2 1175/194/2 1176/193/2
f 1176/194/3 1175/193/3 1170/4/3 1169/79/3
f 1174/194/4 1173/193/4 1172/4/4 1171/79/4
f 1173/194/5 1176/193/5 1169/4/5 1172/79/5
f 1175/194/6 1174/193/6 1171/4/6 1170/79/6
f 1177/195/55 1178/196/55 1179/197/55 1180/4/55
f 1178/196/4 1181/198/4 1182/199/4 1179/197/4
f 1181/198/56 1183/200/56 1184/201/56 1182/199/56
f 1183/200/57 1185/202/57 1186/203/57 1184/201/57
f 1185/202/3 1187/204/3 1188/133/3 1186/203/3
f 1187/204/58 1177/205/58 1180/206/58 1188/133/58
f 1189/195/23 1190/207/23 1191/208/23 1192/4/23
f 1190/207/24 1193/209/24 1194/210/24 1191/208/24
f 1193/209/25 1195/211/25 1196/212/25 1194/210/25
f 1195/211/26 1197/213/26 1198/214/26 1196/212/26
f 1197/213/27 1199/215/27 1200/28/27 1198/214/27
f 1199/215/28 1201/216/28 1202/217/28 1200/28/28
f 1201/216/29 1203/218/29 1204/219/29 1202/217/29
f 1203/218/30 1205/200/30 1206/201/30 1204/219/30
f 1205/200/31 1207/220/31 1208/221/31 1206/201/31
f 1207/220/32 1209/222/32 1210/36/32 1208/221/32
f 1209/222/33 1211/223/33 1212/224/33 1210/36/33
f 1211/223/34 1213/225/34 1214/226/34 1212/224/34
f 1213/225/35 1215/227/35 1216/228/35 1214/226/35
f 1215/227/36 1217/229/36 1218/230/36 1216/228/36
f 1217/229/37 1219/231/37 1220/44/37 1218/230/37
f 1219/231/38 1189/205/38 1192/206/38 1220/44/38
f 1214/55/1 1216/54/1 1218/53/1 1220/52/1
f 1210/57/1 1212/56/1 1214/55/1 1220/52/1
f 1206/59/1 1208/58/1 1210/57/1 1220/52/1
f 1202/61/1 1204/60/1 1206/59/1 1220/52/1
f 1198/63/1 1200/62/1 1202/61/1 1220/52/1
f 1194/65/1 1196/64/1 1198/63/1 1220/52/1
f 1192/67/1 1191/66/1 1194/65/1 1220/52/1
f 1195/64/2 1193/65/2 1190/66/2 1189/67/2
f 1199/62/2 1197/63/2 1195/64/2 1189/67/2
f 1203/60/2 1201/61/2 1199/62/2 1189/67/2
f 1207/58/2 1205/59/2 1203/60/2 1189/67/2
f 1211/56/2 1209/57/2 1207/58/2 1189/67/2
f 1215/54/2 1213/55/2 1211/56/2 1189/67/2
f 1219/52/2 1217/53/2 1215/54/2 1189/67/2
f 1221/195/59 1222/196/59 1223/197/59 1224/4/59
f 1222/196/60 1225/198/60 1226/199/60 1223/197/60
f 1225/198/5 1227/200/5 1228/201/5 1226/199/5
f 1227/200/61 1229/202/61 1230/203/61 1228/201/61
f 1229/202/62 1231/204/62 1232/133/62 1230/203/62
f 1231/204/6 1221/205/6 1224/206/6 1232/133/6
f 1226/232/1 1228/233/1 1230/55/1 1232/234/1
f 1224/235/1 1223/63/1 1226/232/1 1232/234/1
f 1227/233/2 1225/232/2 1222/63/2 1221/235/2
f 1231/234/2 1229/55/2 1227/233/2 1221/235/2
f 1233/195/55 1234/196/55 1235/197/55 1236/4/55
f 1234/196/4 1237/198/4 1238/199/4 1235/197/4
f 1237/198/56 1239/200/56 1240/201/56 1238/199/56
f 1239/200/57 1241/202/57 1242/203/57 1240/201/57
f 1241/202/3 1243/204/3 1244/133/3 1242/203/3
f 1243/204/58 1233/205/58 1236/206/58 1244/133/58
f 1245/195/23 1246/207/23 1247/208/23 1248/4/23
f 1246/207/24 1249/209/24 1250/210/24 1247/208/24
f 1249/209/25 1251/211/25 1252/212/25 1250/210/25
f 1251/211/26 1253/213/26 1254/214/26 1252/212/26
f 1253/213/27 1255/215/27 1256/28/27 1254/214/27
f 1255/215/28 1257/216/28 1258/217/28 1256/28/28
f 1257/216/29 1259/218/29 1260/219/29 1258/217/29
f 1259/218/30 1261/200/30 1262/201/30 1260/219/30
f 1261/200/31 1263/220/31 1264/221/31 1262/201/31
f 1263/220/32 1265/222/32 1266/36/32 1264/221/32
f 1265/222/33 1267/223/33 1268/224/33 1266/36/33
f 1267/223/34 1269/225/34 1270/226/34 1268/224/34
f 1269/225/35 1271/227/35 1272/228/35 1270/226/35
f 1271/227/36 1273/229/36 1274/230/36 1272/228/36
f 1273/229/37 1275/231/37 1276/44/37 1274/230/37
f 1275/231/38 1245/205/38 1248/206/38 1276/44/38
f 1270/55/1 1272/54/1 1274/53/1 1276/52/1
f 1266/57/1 1268/56/1 1270/55/1 1276/52/1
f 1262/59/1 1264/58/1 1266/57/1 1276/52/1
f 1258/61/1 1260/60/1 1262/59/1 1276/52/1
f 1254/63/1 1256/62/1 1258/61/1 1276/52/1
f 1250/65/1 1252/64/1 1254/63/1 1276/52/1
f 1248/67/1 1247/66/1 1250/65/1 1276/52/1
f 1251/64/2 1249/65/2 1246/66/2 1245/67/2
f 1255/62/2 1253/63/2 1251/64/2 1245/67/2
f 1259/60/2 1257/61/2 1255/62/2 1245/67/2
f 1263/58/2 1261/59/2 1259/60/2 1245/67/2
f 1267/56/2 1265/57/2 1263/58/2 1245/67/2
f 1271/54/2 1269/55/2 1267/56/2 1245/67/2
f 1275/52/2 1273/53/2 1271/54/2 1245/67/2
f 1277/195/59 1278/196/59 1279/197/59 1280/4/59
f 1278/196/60 1281/198/60 1282/199/60 1279/197/60
f 1281/198/5 1283/200/5 1284/201/5 1282/199/5
f 1283/200/61 1285/202/61 1286/203/61 1284/201/61
f 1285/202/62 1287/204/62 1288/133/62 1286/203/62
f 1287/204/6 1277/205/6 1280/206/6 1288/133/6
f 1282/232/1 1284/233/1 1286/55/1 1288/234/1
f 1280/235/1 1279/63/1 1282/232/1 1288/234/1
f 1283/233/2 1281/232/2 1278/63/2 1277/235/2
f 1287/234/2 1285/55/2 1283/233/2 1277/235/2
o insulator_5
usemtl porcelain
f 1012/4/7 1011/131/7 1289/153/7 1290/154/7
f 1011/131/8 1014/133/8 1291/155/8 1289/153/8
f 1014/133/9 1016/21/9 1292/156/9 1291/155/9
f 1016/21/10 1018/70/10 1293/157/10 1292/156/10
f 1018/70/11 1020/79/11 1294/158/11 1293/157/11
f 1020/79/12 1022/114/12 1295/159/12 1294/158/12
f 1022/114/13 1024/139/13 1296/160/13 1295/159/13
f 1024/139/14 1026/141/14 1297/161/14 1296/160/14
f 1026/141/15 1028/121/15 1298/162/15 1297/161/15
f 1028/121/16 1030/55/16 1299/163/16 1298/162/16
f 1030/55/17 1032/145/17 1300/164/17 1299/163/17
f 1032/145/18 1034/128/18 1301/165/18 1300/164/18
f 1034/128/19 1036/148/19 1302/166/19 1301/165/19
f 1036/148/20 1038/3/20 1303/167/20 1302/166/20
f 1038/3/21 1040/94/21 1304/168/21 1303/167/21
f 1040/94/22 1012/152/22 1290/169/22 1304/168/22
f 1305/4/7 1306/28/7 1307/104/7 1308/103/7
f 1306/28/8 1309/36/8 1310/105/8 1307/104/8
f 1309/36/9 1311/44/9 1312/106/9 1310/105/9
f 1311/44/10 1313/21/10 1314/107/10 1312/106/10
f 1313/21/11 1315/77/11 1316/108/11 1314/107/11
f 1315/77/12 1317/110/12 1318/109/12 1316/108/12
f 1317/110/13 1319/112/13 1320/111/13 1318/109/13
f 1319/112/14 1321/114/14 1322/113/14 1320/111/14
f 1321/114/15 1323/116/15 1324/115/15 1322/113/15
f 1323/116/16 1325/83/16 1326/117/16 1324/115/16
f 1325/83/17 1327/119/17 1328/118/17 1326/117/17
f 1327/119/18 1329/121/18 1330/120/18 1328/118/18
f 1329/121/19 1331/123/19 1332/122/19 1330/120/19
f 1331/123/20 1333/125/20 1334/124/20 1332/122/20
f 1333/125/21 1335/88/21 1336/126/21 1334/124/21
f 1335/88/22 1305/128/22 1308/127/22 1336/126/22
f 1337/4/7 1338/28/7 1339/104/7 1340/103/7
f 1338/28/8 1341/36/8 1342/105/8 1339/104/8
f 1341/36/9 1343/44/9 1344/106/9 1342/105/9
f 1343/44/10 1345/21/10 1346/107/10 1344/106/10
f 1345/21/11 1347/77/11 1348/108/11 1346/107/11
f 1347/77/12 1349/110/12 1350/109/12 1348/108/12
f 1349/110/13 1351/112/13 1352/111/13 1350/109/13
f 1351/112/14 1353/114/14 1354/113/14 1352/111/14
f 1353/114/15 1355/116/15 1356/115/15 1354/113/15
f 1355/116/16 1357/83/16 1358/117/16 1356/115/16
f 1357/83/17 1359/119/17 1360/118/17 1358/117/17
f 1359/119/18 1361/121/18 1362/120/18 1360/118/18
f 1361/121/19 1363/123/19 1364/122/19 1362/120/19
f 1363/123/20 1365/125/20 1366/124/20 1364/122/20
f 1365/125/21 1367/88/21 1368/126/21 1366/124/21
f 1367/88/22 1337/128/22 1340/127/22 1368/126/22
f 1369/4/7 1370/28/7 1371/104/7 1372/103/7
f 1370/28/8 1373/36/8 1374/105/8 1371/104/8
f 1373/36/9 1375/44/9 1376/106/9 1374/105/9
f 1375/44/10 1377/21/10 1378/107/10 1376/106/10
f 1377/21/11 1379/77/11 1380/108/11 1378/107/11
f 1379/77/12 1381/110/12 1382/109/12 1380/108/12
f 1381/110/13 1383/112/13 1384/111/13 1382/109/13
f 1383/112/14 1385/114/14 1386/113/14 1384/111/14
f 1385/114/15 1387/116/15 1388/115/15 1386/113/15
f 1387/116/16 1389/83/16 1390/117/16 1388/115/16
f 1389/83/17 1391/119/17 1392/118/17 1390/117/17
f 1391/119/18 1393/121/18 1394/120/18 1392/118/18
f 1393/121/19 1395/123/19 1396/122/19 1394/120/19
f 1395/123/20 1397/125/20 1398/124/20 1396/122/20
f 1397/125/21 1399/88/21 1400/126/21 1398/124/21
f 1399/88/22 1369/128/22 1372/127/22 1400/126/22
f 1401/4/7 1402/170/7 1403/171/7 1404/59/7
f 1402/170/8 1405/73/8 1406/172/8 1403/171/8
f 1405/73/9 1407/40/9 1408/173/9 1406/172/9
f 1407/40/10 1409/75/10 1410/174/10 1408/173/10
f 1409/75/11 1411/175/11 1412/176/11 1410/174/11
f 1411/175/12 1413/77/12 1414/177/12 1412/176/12
f 1413/77/13 1415/178/13 1416/179/13 1414/177/13
f 1415/178/14 1417/79/14 1418/180/14 1416/179/14
f 1417/79/15 1419/181/15 1420/182/15 1418/180/15
f 1419/181/16 1421/81/16 1422/183/16 1420/182/16
f 1421/81/17 1423/184/17 1424/185/17 1422/183/17
f 1423/184/18 1425/83/18 1426/186/18 1424/185/18
f 1425/83/19 1427/187/19 1428/188/19 1426/186/19
f 1427/187/20 1429/85/20 1430/189/20 1428/188/20
f 1429/85/21 1431/190/21 1432/191/21 1430/189/21
f 1431/190/22 1401/55/22 1404/192/22 1432/191/22
f 1431/52/3 1429/53/3 1427/54/3 1425/55/3
f 1431/52/3 1425/55/3 1423/56/3 1421/57/3
f 1431/52/3 1421/57/3 1419/58/3 1417/59/3
f 1431/52/3 1417/59/3 1415/60/3 1413/61/3
f 1431/52/3 1413/61/3 1411/62/3 1409/63/3
f 1431/52/3 1409/63/3 1407/64/3 1405/65/3
f 1431/52/3 1405/65/3 1402/66/3 1401/67/3
f 1404/67/4 1403/66/4 1406/65/4 1408/64/4
f 1404/67/4 1408/64/4 1410/63/4 1412/62/4
f 1404/67/4 1412/62/4 1414/61/4 1416/60/4
f 1404/67/4 1416/60/4 1418/59/4 1420/58/4
f 1404/67/4 1420/58/4 1422/57/4 1424/56/4
f 1404/67/4 1424/56/4 1426/55/4 1428/54/4
f 1404/67/4 1428/54/4 1430/53/4 1432/52/4
usemtl blade
f 1433/193/1 1434/194/1 1435/79/1 1436/4/1
f 1437/4/2 1438/79/2 1439/194/2 1440/193/2
f 1440/194/3 1439/193/3 1434/4/3 1433/79/3
f 1438/194/4 1437/193/4 1436/4/4 1435/79/4
f 1437/194/5 1440/193/5 1433/4/5 1436/79/5
f 1439/194/6 1438/193/6 1435/4/6 1434/79/6
f 1441/195/55 1442/196/55 1443/197/55 1444/4/55
f 1442/196/4 1445/198/4 1446/199/4 1443/197/4
f 1445/198/56 1447/200/56 1448/201/56 1446/199/56
f 1447/200/57 1449/202/57 1450/203/57 1448/201/57
f 1449/202/3 1451/204/3 1452/133/3 1450/203/3
f 1451/204/58 1441/205/58 1444/206/58 1452/133/58
f 1453/195/23 1454/207/23 1455/208/23 1456/4/23
f 1454/207/24 1457/209/24 1458/210/24 1455/208/24
f 1457/209/25 1459/211/25 1460/212/25 1458/210/25
f 1459/211/26 1461/213/26 1462/214/26 1460/212/26
f 1461/213/27 1463/215/27 1464/28/27 1462/214/27
f 1463/215/28 1465/216/28 1466/217/28 1464/28/28
f 1465/216/29 1467/218/29 1468/219/29 1466/217/29
f 1467/218/30 1469/200/30 1470/201/30 1468/219/30
f 1469/200/31 1471/220/31 1472/221/31 1470/201/31
f 1471/220/32 1473/222/32 1474/36/32 1472/221/32
f 1473/222/33 1475/223/33 1476/224/33 1474/36/33
f 1475/223/34 1477/225/34 1478/226/34 1476/224/34
f 1477/225/35 1479/227/35 1480/228/35 1478/226/35
f 1479/227/36 1481/229/36 1482/230/36 1480/228/36
f 1481/229/37 1483/231/37 1484/44/37 1482/230/37
f 1483/231/38 1453/205/38 1456/206/38 1484/44/38
f 1478/55/1 1480/54/1 1482/53/1 1484/52/1
f 1474/57/1 1476/56/1 1478/55/1 1484/52/1
f 1470/59/1 1472/58/1 1474/57/1 1484/52/1
f 1466/61/1 1468/60/1 1470/59/1 1484/52/1
f 1462/63/1 1464/62/1 1466/61/1 1484/52/1
f 1458/65/1 1460/64/1 1462/63/1 1484/52/1
f 1456/67/1 1455/66/1 1458/65/1 1484/52/1
f 1459/64/2 1457/65/2 1454/66/2 1453/67/2
f 1463/62/2 1461/63/2 1459/64/2 1453/67/2
f 1467/60/2 1465/61/2 1463/62/2 1453/67/2
f 1471/58/2 1469/59/2 1467/60/2 1453/67/2
f 1475/56/2 1473/57/2 1471/58/2 1453/67/2
f 1479/54/2 1477/55/2 1475/56/2 1453/67/2
f 1483/52/2 1481/53/2 1479/54/2 1453/67/2
f 1485/195/59 1486/196/59 1487/197/59 1488/4/59
f 1486/196/60 1489/198/60 1490/199/60 1487/197/60
f 1489/198/5 1491/200/5 1492/201/5 1490/199/5
f 1491/200/61 1493/202/61 1494/203/61 1492/201/61
f 1493/202/62 1495/204/62 1496/133/62 1494/203/62
f 1495/204/6 1485/205/6 1488/206/6 1496/133/6
f 1490/232/1 1492/233/1 1494/55/1 1496/234/1
f 1488/235/1 1487/63/1 1490/232/1 1496/234/1
f 1491/233/2 1489/232/2 1486/63/2 1485/235/2
f 1495/234/2 1493/55/2 1491/233/2 1485/235/2
f 1497/195/55 1498/196/55 1499/197/55 1500/4/55
f 1498/196/4 1501/198/4 1502/199/4 1499/197/4
f 1501/198/56 1503/200/56 1504/201/56 1502/199/56
f 1503/200/57 1505/202/57 1506/203/57 1504/201/57
f 1505/202/3 1507/204/3 1508/133/3 1506/203/3
f 1507/204/58 1497/205/58 1500/206/58 1508/133/58
f 1509/195/23 1510/207/23 1511/208/23 1512/4/23
f 1510/207/24 1513/209/24 1514/210/24 1511/208/24
f 1513/209/25 1515/211/25 1516/212/25 1514/210/25
f 1515/211/26 1517/213/26 1518/214/26 1516/212/26
f 1517/213/27 1519/215/27 1520/28/27 1518/214/27
f 1519/215/28 1521/216/28 1522/217/28 1520/28/28
f 1521/216/29 1523/218/29 1524/219/29 1522/217/29
f 1523/218/30 1525/200/30 1526/201/30 1524/219/30
f 1525/200/31 1527/220/31 1528/221/31 1526/201/31
f 1527/220/32 1529/222/32 1530/36/32 1528/221/32
f 1529/222/33 1531/223/33 1532/224/33 1530/36/33
f 1531/223/34 1533/225/34 1534/226/34 1532/224/34
f 1533/225/35 1535/227/35 1536/228/35 1534/226/35
f 1535/227/36 1537/229/36 1538/230/36 1536/228/36
f 1537/229/37 1539/231/37 1540/44/37 1538/230/37
f 1539/231/38 1509/205/38 1512/206/38 1540/44/38
f 1534/55/1 1536/54/1 1538/53/1 1540/52/1
f 1530/57/1 1532/56/1 1534/55/1 1540/52/1
f 1526/59/1 1528/58/1 1530/57/1 1540/52/1
f 1522/61/1 1524/60/1 1526/59/1 1540/52/1
f 1518/63/1 1520/62/1 1522/61/1 1540/52/1
f 1514/65/1 1516/64/1 1518/63/1 1540/52/1
f 1512/67/1 1511/66/1 1514/65/1 1540/52/1
f 1515/64/2 1513/65/2 1510/66/2 1509/67/2
f 1519/62/2 1517/63/2 1515/64/2 1509/67/2
f 1523/60/2 1521/61/2 1519/62/2 1509/67/2
f 1527/58/2 1525/59/2 1523/60/2 1509/67/2
f 1531/56/2 1529/57/2 1527/58/2 1509/67/2
f 1535/54/2 1533/55/2 1531/56/2 1509/67/2
f 1539/52/2 1537/53/2 1535/54/2 1509/67/2
f 1541/195/59 1542/196/59 1543/197/59 1544/4/59
f 1542/196/60 1545/198/60 1546/199/60 1543/197/60
f 1545/198/5 1547/200/5 1548/201/5 1546/199/5
f 1547/200/61 1549/202/61 1550/203/61 1548/201/61
f 1549/202/62 1551/204/62 1552/133/62 1550/203/62
f 1551/204/6 1541/205/6 1544/206/6 1552/133/6
f 1546/232/1 1548/233/1 1550/55/1 1552/234/1
f 1544/235/1 1543/63/1 1546/232/1 1552/234/1
f 1547/233/2 1545/232/2 1542/63/2 1541/235/2
f 1551/234/2 1549/55/2 1547/233/2 1541/235/2
o pole_3
usemtl epoxy
f 1553/71/23 1554/72/23 1555/73/23 1556/4/23
f 1554/72/24 1557/74/24 1558/75/24 1555/73/24
f 1557/74/25 1559/76/25 1560/77/25 1558/75/25
f 1559/76/26 1561/78/26 1562/79/26 1560/77/26
f 1561/78/27 1563/80/27 1564/81/27 1562/79/27
f 1563/80/28 1565/82/28 1566/83/28 1564/81/28
f 1565/82/29 1567/84/29 1568/85/29 1566/83/29
f 1567/84/30 1569/86/30 1570/55/30 1568/85/30
f 1569/86/31 1571/87/31 1572/88/31 1570/55/31
f 1571/87/32 1573/89/32 1574/90/32 1572/88/32
f 1573/89/33 1575/91/33 1576/92/33 1574/90/33
f 1575/91/34 1577/93/34 1578/94/34 1576/92/34
f 1577/93/35 1579/95/35 1580/96/35 1578/94/35
f 1579/95/36 1581/97/36 1582/98/36 1580/96/36
f 1581/97/37 1583/99/37 1584/100/37 1582/98/37
f 1583/99/38 1553/101/38 1556/102/38 1584/100/38
f 1585/103/39 1586/104/39 1587/28/39 1588/4/39
f 1586/104/40 1589/105/40 1590/36/40 1587/28/40
f 1589/105/41 1591/106/41 1592/44/41 1590/36/41
f 1591/106/42 1593/107/42 1594/21/42 1592/44/42
f 1593/107/43 1595/108/43 1596/77/43 1594/21/43
f 1595/108/44 1597/109/44 1598/110/44 1596/77/44
f 1597/109/45 1599/111/45 1600/112/45 1598/110/45
f 1599/111/46 1601/113/46 1602/114/46 1600/112/46
f 1601/113/47 1603/115/47 1604/116/47 1602/114/47
f 1603/115/48 1605/117/48 1606/83/48 1604/116/48
f 1605/117/49 1607/118/49 1608/119/49 1606/83/49
f 1607/118/50 1609/120/50 1610/121/50 1608/119/50
f 1609/120/51 1611/122/51 1612/123/51 1610/121/51
f 1611/122/52 1613/124/52 1614/125/52 1612/123/52
f 1613/124/53 1615/126/53 1616/88/53 1614/125/53
f 1615/126/54 1585/127/54 1588/128/54 1616/88/54
f 1617/103/39 1618/104/39 1619/28/39 1620/4/39
f 1618/104/40 1621/105/40 1622/36/40 1619/28/40
f 1621/105/41 1623/106/41 1624/44/41 1622/36/41
f 1623/106/42 1625/107/42 1626/21/42 1624/44/42
f 1625/107/43 1627/108/43 1628/77/43 1626/21/43
f 1627/108/44 1629/109/44 1630/110/44 1628/77/44
f 1629/109/45 1631/111/45 1632/112/45 1630/110/45
f 1631/111/46 1633/113/46 1634/114/46 1632/112/46
f 1633/113/47 1635/115/47 1636/116/47 1634/114/47
f 1635/115/48 1637/117/48 1638/83/48 1636/116/48
f 1637/117/49 1639/118/49 1640/119/49 1638/83/49
f 1639/118/50 1641/120/50 1642/121/50 1640/119/50
f 1641/120/51 1643/122/51 1644/123/51 1642/121/51
f 1643/122/52 1645/124/52 1646/125/52 1644/123/52
f 1645/124/53 1647/126/53 1648/88/53 1646/125/53
f 1647/126/54 1617/127/54 1620/128/54 1648/88/54
f 1649/103/39 1650/104/39 1651/28/39 1652/4/39
f 1650/104/40 1653/105/40 1654/36/40 1651/28/40
f 1653/105/41 1655/106/41 1656/44/41 1654/36/41
f 1655/106/42 1657/107/42 1658/21/42 1656/44/42
f 1657/107/43 1659/108/43 1660/77/43 1658/21/43
f 1659/108/44 1661/109/44 1662/110/44 1660/77/44
f 1661/109/45 1663/111/45 1664/112/45 1662/110/45
f 1663/111/46 1665/113/46 1666/114/46 1664/112/46
f 1665/113/47 1667/115/47 1668/116/47 1666/114/47
f 1667/115/48 1669/117/48 1670/83/48 1668/116/48
f 1669/117/49 1671/118/49 1672/119/49 1670/83/49
f 1671/118/50 1673/120/50 1674/121/50 1672/119/50
f 1673/120/51 1675/122/51 1676/123/51 1674/121/51
f 1675/122/52 1677/124/52 1678/125/52 1676/123/52
f 1677/124/53 1679/126/53 1680/88/53 1678/125/53
f 1679/126/54 1649/127/54 1652/128/54 1680/88/54
f 1681/129/23 1682/130/23 1683/131/23 1684/4/23
f 1682/130/24 1685/132/24 1686/133/24 1683/131/24
f 1685/132/25 1687/134/25 1688/21/25 1686/133/25
f 1687/134/26 1689/135/26 1690/70/26 1688/21/26
f 1689/135/27 1691/136/27 1692/79/27 1690/70/27
f 1691/136/28 1693/137/28 1694/114/28 1692/79/28
f 1693/137/29 1695/138/29 1696/139/29 1694/114/29
f 1695/138/30 1697/140/30 1698/141/30 1696/139/30
f 1697/140/31 1699/142/31 1700/121/31 1698/141/31
f 1699/142/32 1701/143/32 1702/55/32 1700/121/32
f 1701/143/33 1703/144/33 1704/145/33 1702/55/33
f 1703/144/34 1705/146/34 1706/128/34 1704/145/34
f 1705/146/35 1707/147/35 1708/148/35 1706/128/35
f 1707/147/36 1709/149/36 1710/3/36 1708/148/36
f 1709/149/37 1711/150/37 1712/94/37 1710/3/37
f 1711/150/38 1681/151/38 1684/152/38 1712/94/38
f 1706/55/1 1708/54/1 1710/53/1 1712/52/1
f 1702/57/1 1704/56/1 1706/55/1 1712/52/1
f 1698/59/1 1700/58/1 1702/57/1 1712/52/1
f 1694/61/1 1696/60/1 1698/59/1 1712/52/1
f 1690/63/1 1692/62/1 1694/61/1 1712/52/1
f 1686/65/1 1688/64/1 1690/63/1 1712/52/1
f 1684/67/1 1683/66/1 1686/65/1 1712/52/1
f 1687/64/2 1685/65/2 1682/66/2 1681/67/2
f 1691/62/2 1689/63/2 1687/64/2 1681/67/2
f 1695/60/2 1693/61/2 1691/62/2 1681/67/2
f 1699/58/2 1697/59/2 1695/60/2 1681/67/2
f 1703/56/2 1701/57/2 1699/58/2 1681/67/2
f 1707/54/2 1705/55/2 1703/56/2 1681/67/2
f 1711/52/2 1709/53/2 1707/54/2 1681/67/2
f 1713/103/23 1714/104/23 1715/28/23 1716/4/23
f 1714/104/24 1717/105/24 1718/36/24 1715/28/24
f 1717/105/25 1719/106/25 1720/44/25 1718/36/25
f 1719/106/26 1721/107/26 1722/21/26 1720/44/26
f 1721/107/27 1723/108/27 1724/77/27 1722/21/27
f 1723/108/28 1725/109/28 1726/110/28 1724/77/28
f 1725/109/29 1727/111/29 1728/112/29 1726/110/29
f 1727/111/30 1729/113/30 1730/114/30 1728/112/30
f 1729/113/31 1731/115/31 1732/116/31 1730/114/31
f 1731/115/32 1733/117/32 1734/83/32 1732/116/32
f 1733/117/33 1735/118/33 1736/119/33 1734/83/33
f 1735/118/34 1737/120/34 1738/121/34 1736/119/34
f 1737/120/35 1739/122/35 1740/123/35 1738/121/35
f 1739/122/36 1741/124/36 1742/125/36 1740/123/36
f 1741/124/37 1743/126/37 1744/88/37 1742/125/37
f 1743/126/38 1713/127/38 1716/128/38 1744/88/38
f 1738/55/1 1740/54/1 1742/53/1 1744/52/1
f 1734/57/1 1736/56/1 1738/55/1 1744/52/1
f 1730/59/1 1732/58/1 1734/57/1 1744/52/1
f 1726/61/1 1728/60/1 1730/59/1 1744/52/1
f 1722/63/1 1724/62/1 1726/61/1 1744/52/1
f 1718/65/1 1720/64/1 1722/63/1 1744/52/1
f 1716/67/1 1715/66/1 1718/65/1 1744/52/1
f 1719/64/2 1717/65/2 1714/66/2 1713/67/2
f 1723/62/2 1721/63/2 1719/64/2 1713/67/2
f 1727/60/2 1725/61/2 1723/62/2 1713/67/2
f 1731/58/2 1729/59/2 1727/60/2 1713/67/2
f 1735/56/2 1733/57/2 1731/58/2 1713/67/2
f 1739/54/2 1737/55/2 1735/56/2 1713/67/2
f 1743/52/2 1741/53/2 1739/54/2 1713/67/2
o insulator_3
usemtl porcelain
f 1745/4/7 1746/131/7 1747/153/7 1748/154/7
f 1746/131/8 1749/133/8 1750/155/8 1747/153/8
f 1749/133/9 1751/21/9 1752/156/9 1750/155/9
f 1751/21/10 1753/70/10 1754/157/10 1752/156/10
f 1753/70/11 1755/79/11 1756/158/11 1754/157/11
f 1755/79/12 1757/114/12 1758/159/12 1756/158/12
f 1757/114/13 1759/139/13 1760/160/13 1758/159/13
f 1759/139/14 1761/141/14 1762/161/14 1760/160/14
f 1761/141/15 1763/121/15 1764/162/15 1762/161/15
f 1763/121/16 1765/55/16 1766/163/16 1764/162/16
f 1765/55/17 1767/145/17 1768/164/17 1766/163/17
f 1767/145/18 1769/128/18 1770/165/18 1768/164/18
f 1769/128/19 1771/148/19 1772/166/19 1770/165/19
f 1771/148/20 1773/3/20 1774/167/20 1772/166/20
f 1773/3/21 1775/94/21 1776/168/21 1774/167/21
f 1775/94/22 1745/152/22 1748/169/22 1776/168/22
f 1777/4/7 1778/28/7 1779/104/7 1780/103/7
f 1778/28/8 1781/36/8 1782/105/8 1779/104/8
f 1781/36/9 1783/44/9 1784/106/9 1782/105/9
f 1783/44/10 1785/21/10 1786/107/10 1784/106/10
f 1785/21/11 1787/77/11 1788/108/11 1786/107/11
f 1787/77/12 1789/110/12 1790/109/12 1788/108/12
f 1789/110/13 1791/112/13 1792/111/13 1790/109/13
f 1791/112/14 1793/114/14 1794/113/14 1792/111/14
f 1793/114/15 1795/116/15 1796/115/15 1794/113/15
f 1795/116/16 1797/83/16 1798/117/16 1796/115/16
f 1797/83/17 1799/119/17 1800/118/17 1798/117/17
f 1799/119/18 1801/121/18 1802/120/18 1800/118/18
f 1801/121/19 1803/123/19 1804/122/19 1802/120/19
f 1803/123/20 1805/125/20 1806/124/20 1804/122/20
f 1805/125/21 1807/88/21 1808/126/21 1806/124/21
f 1807/88/22 1777/128/22 1780/127/22 1808/126/22
f 1809/4/7 1810/28/7 1811/104/7 1812/103/7
f 1810/28/8 1813/36/8 1814/105/8 1811/104/8
f 1813/36/9 1815/44/9 1816/106/9 1814/105/9
f 1815/44/10 1817/21/10 1818/107/10 1816/106/10
f 1817/21/11 1819/77/11 1820/108/11 1818/107/11
f 1819/77/12 1821/110/12 1822/109/12 1820/108/12
f 1821/110/13 1823/112/13 1824/111/13 1822/109/13
f 1823/112/14 1825/114/14 1826/113/14 1824/111/14
f 1825/114/15 1827/116/15 1828/115/15 1826/113/15
f 1827/116/16 1829/83/16 1830/117/16 1828/115/16
f 1829/83/17 1831/119/17 1832/118/17 1830/117/17
f 1831/119/18 1833/121/18 1834/120/18 1832/118/18
f 1833/121/19 1835/123/19 1836/122/19 1834/120/19
f 1835/123/20 1837/125/20 1838/124/20 1836/122/20
f 1837/125/21 1839/88/21 1840/126/21 1838/124/21
f 1839/88/22 1809/128/22 1812/127/22 1840/126/22
f 1841/4/7 1842/28/7 1843/104/7 1844/103/7
f 1842/28/8 1845/36/8 1846/105/8 1843/104/8
f 1845/36/9 1847/44/9 1848/106/9 1846/105/9
f 1847/44/10 1849/21/10 1850/107/10 1848/106/10
f 1849/21/11 1851/77/11 1852/108/11 1850/107/11
f 1851/77/12 1853/110/12 1854/109/12 1852/108/12
f 1853/110/13 1855/112/13 1856/111/13 1854/109/13
f 1855/112/14 1857/114/14 1858/113/14 1856/111/14
f 1857/114/15 1859/116/15 1860/115/15 1858/113/15
f 1859/116/16 1861/83/16 1862/117/16 1860/115/16
f 1861/83/17 1863/119/17 1864/118/17 1862/117/17
f 1863/119/18 1865/121/18 1866/120/18 1864/118/18
f 1865/121/19 1867/123/19 1868/122/19 1866/120/19
f 1867/123/20 1869/125/20 1870/124/20 1868/122/20
f 1869/125/21 1871/88/21 1872/126/21 1870/124/21
f 1871/88/22 1841/128/22 1844/127/22 1872/126/22
f 1873/4/7 1874/170/7 1875/171/7 1876/59/7
f 1874/170/8 1877/73/8 1878/172/8 1875/171/8
f 1877/73/9 1879/40/9 1880/173/9 1878/172/9
f 1879/40/10 1881/75/10 1882/174/10 1880/173/10
f 1881/75/11 1883/175/11 1884/176/11 1882/174/11
f 1883/175/12 1885/77/12 1886/177/12 1884/176/12
f 1885/77/13 1887/178/13 1888/179/13 1886/177/13
f 1887/178/14 1889/79/14 1890/180/14 1888/179/14
f 1889/79/15 1891/181/15 1892/182/15 1890/180/15
f 1891/181/16 1893/81/16 1894/183/16 1892/182/16
f 1893/81/17 1895/184/17 1896/185/17 1894/183/17
f 1895/184/18 1897/83/18 1898/186/18 1896/185/18
f 1897/83/19 1899/187/19 1900/188/19 1898/186/19
f 1899/187/20 1901/85/20 1902/189/20 1900/188/20
f 1901/85/21 1903/190/21 1904/191/21 1902/189/21
f 1903/190/22 1873/55/22 1876/192/22 1904/191/22
f 1903/52/3 1901/53/3 1899/54/3 1897/55/3
f 1903/52/3 1897/55/3 1895/56/3 1893/57/3
f 1903/52/3 1893/57/3 1891/58/3 1889/59/3
f 1903/52/3 1889/59/3 1887/60/3 1885/61/3
f 1903/52/3 1885/61/3 1883/62/3 1881/63/3
f 1903/52/3 1881/63/3 1879/64/3 1877/65/3
f 1903/52/3 1877/65/3 1874/66/3 1873/67/3
f 1876/67/4 1875/66/4 1878/65/4 1880/64/4
f 1876/67/4 1880/64/4 1882/63/4 1884/62/4
f 1876/67/4 1884/62/4 1886/61/4 1888/60/4
f 1876/67/4 1888/60/4 1890/59/4 1892/58/4
f 1876/67/4 1892/58/4 1894/57/4 1896/56/4
f 1876/67/4 1896/56/4 1898/55/4 1900/54/4
f 1876/67/4 1900/54/4 1902/53/4 1904/52/4
usemtl blade
f 1905/193/1 1906/194/1 1907/79/1 1908/4/1
f 1909/4/2 1910/79/2 1911/194/2 1912/193/2
f 1912/194/3 1911/193/3 1906/4/3 1905/79/3
f 1910/194/4 1909/193/4 1908/4/4 1907/79/4
f 1909/194/5 1912/193/5 1905/4/5 1908/79/5
f 1911/194/6 1910/193/6 1907/4/6 1906/79/6
f 1913/195/55 1914/196/55 1915/197/55 1916/4/55
f 1914/196/4 1917/198/4 1918/199/4 1915/197/4
f 1917/198/56 1919/200/56 1920/201/56 1918/199/56
f 1919/200/57 1921/202/57 1922/203/57 1920/201/57
f 1921/202/3 1923/204/3 1924/133/3 1922/203/3
f 1923/204/58 1913/205/58 1916/206/58 1924/133/58
f 1925/195/23 1926/207/23 1927/208/23 1928/4/23
f 1926/207/24 1929/209/24 1930/210/24 1927/208/24
f 1929/209/25 1931/211/25 1932/212/25 1930/210/25
f 1931/211/26 1933/213/26 1934/214/26 1932/212/26
f 1933/213/27 1935/215/27 1936/28/27 1934/214/27
f 1935/215/28 1937/216/28 1938/217/28 1936/28/28
f 1937/216/29 1939/218/29 1940/219/29 1938/217/29
f 1939/218/30 1941/200/30 1942/201/30 1940/219/30
f 1941/200/31 1943/220/31 1944/221/31 1942/201/31
f 1943/220/32 1945/222/32 1946/36/32 1944/221/32
f 1945/222/33 1947/223/33 1948/224/33 1946/36/33
f 1947/223/34 1949/225/34 1950/226/34 1948/224/34
f 1949/225/35 1951/227/35 1952/228/35 1950/226/35
f 1951/227/36 1953/229/36 1954/230/36 1952/228/36
f 1953/229/37 1955/231/37 1956/44/37 1954/230/37
f 1955/231/38 1925/205/38 1928/206/38 1956/44/38
f 1950/55/1 1952/54/1 1954/53/1 1956/52/1
f 1946/57/1 1948/56/1 1950/55/1 1956/52/1
f 1942/59/1 1944/58/1 1946/57/1 1956/52/1
f 1938/61/1 1940/60/1 1942/59/1 1956/52/1
f 1934/63/1 1936/62/1 1938/61/1 1956/52/1
f 1930/65/1 1932/64/1 1934/63/1 1956/52/1
f 1928/67/1 1927/66/1 1930/65/1 1956/52/1
f 1931/64/2 1929/65/2 1926/66/2 1925/67/2
f 1935/62/2 1933/63/2 1931/64/2 1925/67/2
f 1939/60/2 1937/61/2 1935/62/2 1925/67/2
f 1943/58/2 1941/59/2 1939/60/2 1925/67/2
f 1947/56/2 1945/57/2 1943/58/2 1925/67/2
f 1951/54/2 1949/55/2 1947/56/2 1925/67/2
f 1955/52/2 1953/53/2 1951/54/2 1925/67/2
f 1957/195/59 1958/196/59 1959/197/59 1960/4/59
f 1958/196/60 1961/198/60 1962/199/60 1959/197/60
f 1961/198/5 1963/200/5 1964/201/5 1962/199/5
f 1963/200/61 1965/202/61 1966/203/61 1964/201/61
f 1965/202/62 1967/204/62 1968/133/62 1966/203/62
f 1967/204/6 1957/205/6 1960/206/6 1968/133/6
f 1962/232/1 1964/233/1 1966/55/1 1968/234/1
f 1960/235/1 1959/63/1 1962/232/1 1968/234/1
f 1963/233/2 1961/232/2 1958/63/2 1957/235/2
f 1967/234/2 1965/55/2 1963/233/2 1957/235/2
f 1969/195/55 1970/196/55 1971/197/55 1972/4/55
f 1970/196/4 1973/198/4 1974/199/4 1971/197/4
f 1973/198/56 1975/200/56 1976/201/56 1974/199/56
f 1975/200/57 1977/202/57 1978/203/57 1976/201/57
f 1977/202/3 1979/204/3 1980/133/3 1978/203/3
f 1979/204/58 1969/205/58 1972/206/58 1980/133/58
f 1981/195/23 1982/207/23 1983/208/23 1984/4/23
f 1982/207/24 1985/209/24 1986/210/24 1983/208/24
f 1985/209/25 1987/211/25 1988/212/25 1986/210/25
f 1987/211/26 1989/213/26 1990/214/26 1988/212/26
f 1989/213/27 1991/215/27 1992/28/27 1990/214/27
f 1991/215/28 1993/216/28 1994/217/28 1992/28/28
f 1993/216/29 1995/218/29 1996/219/29 1994/217/29
f 1995/218/30 1997/200/30 1998/201/30 1996/219/30
f 1997/200/31 1999/220/31 2000/221/31 1998/201/31
f 1999/220/32 2001/222/32 2002/36/32 2000/221/32
f 2001/222/33 2003/223/33 2004/224/33 2002/36/33
f 2003/223/34 2005/225/34 2006/226/34 2004/224/34
f 2005/225/35 2007/227/35 2008/228/35 2006/226/35
f 2007/227/36 2009/229/36 2010/230/36 2008/228/36
f 2009/229/37 2011/231/37 2012/44/37 2010/230/37
f 2011/231/38 1981/205/38 1984/206/38 2012/44/38
f 2006/55/1 2008/54/1 2010/53/1 2012/52/1
f 2002/57/1 2004/56/1 2006/55/1 2012/52/1
f 1998/59/1 2000/58/1 2002/57/1 2012/52/1
f 1994/61/1 1996/60/1 1998/59/1 2012/52/1
f 1990/63/1 1992/62/1 1994/61/1 2012/52/1
f 1986/65/1 1988/64/1 1990/63/1 2012/52/1
f 1984/67/1 1983/66/1 1986/65/1 2012/52/1
f 1987/64/2 1985/65/2 1982/66/2 1981/67/2
f 1991/62/2 1989/63/2 1987/64/2 1981/67/2
f 1995/60/2 1993/61/2 1991/62/2 1981/67/2
f 1999/58/2 1997/59/2 1995/60/2 1981/67/2
f 2003/56/2 2001/57/2 1999/58/2 1981/67/2
f 2007/54/2 2005/55/2 2003/56/2 1981/67/2
f 2011/52/2 2009/53/2 2007/54/2 1981/67/2
f 2013/195/59 2014/196/59 2015/197/59 2016/4/59
f 2014/196/60 2017/198/60 2018/199/60 2015/197/60
f 2017/198/5 2019/200/5 2020/201/5 2018/199/5
f 2019/200/61 2021/202/61 2022/203/61 2020/201/61
f 2021/202/62 2023/204/62 2024/133/62 2022/203/62
f 2023/204/6 2013/205/6 2016/206/6 2024/133/6
f 2018/232/1 2020/233/1 2022/55/1 2024/234/1
f 2016/235/1 2015/63/1 2018/232/1 2024/234/1
f 2019/233/2 2017/232/2 2014/63/2 2013/235/2
f 2023/234/2 2021/55/2 2019/233/2 2013/235/2
o insulator_6
usemtl porcelain
f 1748/4/7 1747/131/7 2025/153/7 2026/154/7
f 1747/131/8 1750/133/8 2027/155/8 2025/153/8
f 1750/133/9 1752/21/9 2028/156/9 2027/155/9
f 1752/21/10 1754/70/10 2029/157/10 2028/156/10
f 1754/70/11 1756/79/11 2030/158/11 2029/157/11
f 1756/79/12 1758/114/12 2031/159/12 2030/158/12
f 1758/114/13 1760/139/13 2032/160/13 2031/159/13
f 1760/139/14 1762/141/14 2033/161/14 2032/160/14
f 1762/141/15 1764/121/15 2034/162/15 2033/161/15
f 1764/121/16 1766/55/16 2035/163/16 2034/162/16
f 1766/55/17 1768/145/17 2036/164/17 2035/163/17
f 1768/145/18 1770/128/18 2037/165/18 2036/164/18
f 1770/128/19 1772/148/19 2038/166/19 2037/165/19
f 1772/148/20 1774/3/20 2039/167/20 2038/166/20
f 1774/3/21 1776/94/21 2040/168/21 2039/167/21
f 1776/94/22 1748/152/22 2026/169/22 2040/168/22
f 2041/4/7 2042/28/7 2043/104/7 2044/103/7
f 2042/28/8 2045/36/8 2046/105/8 2043/104/8
f 2045/36/9 2047/44/9 2048/106/9 2046/105/9
f 2047/44/10 2049/21/10 2050/107/10 2048/106/10
f 2049/21/11 2051/77/11 2052/108/11 2050/107/11
f 2051/77/12 2053/110/12 2054/109/12 2052/108/12
f 2053/110/13 2055/112/13 2056/111/13 2054/109/13
f 2055/112/14 2057/114/14 2058/113/14 2056/111/14
f 2057/114/15 2059/116/15 2060/115/15 2058/113/15
f 2059/116/16 2061/83/16 2062/117/16 2060/115/16
f 2061/83/17 2063/119/17 2064/118/17 2062/117/17
f 2063/119/18 2065/121/18 2066/120/18 2064/118/18
f 2065/121/19 2067/123/19 2068/122/19 2066/120/19
f 2067/123/20 2069/125/20 2070/124/20 2068/122/20
f 2069/125/21 2071/88/21 2072/126/21 2070/124/21
f 2071/88/22 2041/128/22 2044/127/22 2072/126/22
f 2073/4/7 2074/28/7 2075/104/7 2076/103/7
f 2074/28/8 2077/36/8 2078/105/8 2075/104/8
f 2077/36/9 2079/44/9 2080/106/9 2078/105/9
f 2079/44/10 2081/21/10 2082/107/10 2080/106/10
f 2081/21/11 2083/77/11 2084/108/11 2082/107/11
f 2083/77/12 2085/110/12 2086/109/12 2084/108/12
f 2085/110/13 2087/112/13 2088/111/13 2086/109/13
f 2087/112/14 2089/114/14 2090/113/14 2088/111/14
f 2089/114/15 2091/116/15 2092/115/15 2090/113/15
f 2091/116/16 2093/83/16 2094/117/16 2092/115/16
f 2093/83/17 2095/119/17 2096/118/17 2094/117/17
f 2095/119/18 2097/121/18 2098/120/18 2096/118/18
f 2097/121/19 2099/123/19 2100/122/19 2098/120/19
f 2099/123/20 2101/125/20 2102/124/20 2100/122/20
f 2101/125/21 2103/88/21 2104/126/21 2102/124/21
f 2103/88/22 2073/128/22 2076/127/22 2104/126/22
f 2105/4/7 2106/28/7 2107/104/7 2108/103/7
f 2106/28/8 2109/36/8 2110/105/8 2107/104/8
f 2109/36/9 2111/44/9 2112/106/9 2110/105/9
f 2111/44/10 2113/21/10 2114/107/10 2112/106/10
f 2113/21/11 2115/77/11 2116/108/11 2114/107/11
f 2115/77/12 2117/110/12 2118/109/12 2116/108/12
f 2117/110/13 2119/112/13 2120/111/13 2118/109/13
f 2119/112/14 2121/114/14 2122/113/14 2120/111/14
f 2121/114/15 2123/116/15 2124/115/15 2122/113/15
f 2123/116/16 2125/83/16 2126/117/16 2124/115/16
f 2125/83/17 2127/119/17 2128/118/17 2126/117/17
f 2127/119/18 2129/121/18 2130/120/18 2128/118/18
f 2129/121/19 2131/123/19 2132/122/19 2130/120/19
f 2131/123/20 2133/125/20 2134/124/20 2132/122/20
f 2133/125/21 2135/88/21 2136/126/21 2134/124/21
f 2135/88/22 2105/128/22 2108/127/22 2136/126/22
f 2137/4/7 2138/170/7 2139/171/7 2140/59/7
f 2138/170/8 2141/73/8 2142/172/8 2139/171/8
f 2141/73/9 2143/40/9 2144/173/9 2142/172/9
f 2143/40/10 2145/75/10 2146/174/10 2144/173/10
f 2145/75/11 2147/175/11 2148/176/11 2146/174/11
f 2147/175/12 2149/77/12 2150/177/12 2148/176/12
f 2149/77/13 2151/178/13 2152/179/13 2150/177/13
f 2151/178/14 2153/79/14 2154/180/14 2152/179/14
f 2153/79/15 2155/181/15 2156/182/15 2154/180/15
f 2155/181/16 2157/81/16 2158/183/16 2156/182/16
f 2157/81/17 2159/184/17 2160/185/17 2158/183/17
f 2159/184/18 2161/83/18 2162/186/18 2160/185/18
f 2161/83/19 2163/187/19 2164/188/19 2162/186/19
f 2163/187/20 2165/85/20 2166/189/20 2164/188/20
f 2165/85/21 2167/190/21 2168/191/21 2166/189/21
f 2167/190/22 2137/55/22 2140/192/22 2168/191/22
f 2167/52/3 2165/53/3 2163/54/3 2161/55/3
f 2167/52/3 2161/55/3 2159/56/3 2157/57/3
f 2167/52/3 2157/57/3 2155/58/3 2153/59/3
f 2167/52/3 2153/59/3 2151/60/3 2149/61/3
f 2167/52/3 2149/61/3 2147/62/3 2145/63/3
f 2167/52/3 2145/63/3 2143/64/3 2141/65/3
f 2167/52/3 2141/65/3 2138/66/3 2137/67/3
f 2140/67/4 2139/66/4 2142/65/4 2144/64/4
f 2140/67/4 2144/64/4 2146/63/4 2148/62/4
f 2140/67/4 2148/62/4 2150/61/4 2152/60/4
f 2140/67/4 2152/60/4 2154/59/4 2156/58/4
f 2140/67/4 2156/58/4 2158/57/4 2160/56/4
f 2140/67/4 2160/56/4 2162/55/4 2164/54/4
f 2140/67/4 2164/54/4 2166/53/4 2168/52/4
usemtl blade
f 2169/193/1 2170/194/1 2171/79/1 2172/4/1
f 2173/4/2 2174/79/2 2175/194/2 2176/193/2
f 2176/194/3 2175/193/3 2170/4/3 2169/79/3
f 2174/194/4 2173/193/4 2172/4/4 2171/79/4
f 2173/194/5 2176/193/5 2169/4/5 2172/79/5
f 2175/194/6 2174/193/6 2171/4/6 2170/79/6
f 2177/195/55 2178/196/55 2179/197/55 2180/4/55
f 2178/196/4 2181/198/4 2182/199/4 2179/197/4
f 2181/198/56 2183/200/56 2184/201/56 2182/199/56
f 2183/200/57 2185/202/57 2186/203/57 2184/201/57
f 2185/202/3 2187/204/3 2188/133/3 2186/203/3
f 2187/204/58 2177/205/58 2180/206/58 2188/133/58
f 2189/195/23 2190/207/23 2191/208/23 2192/4/23
f 2190/207/24 2193/209/24 2194/210/24 2191/208/24
f 2193/209/25 2195/211/25 2196/212/25 2194/210/25
f 2195/211/26 2197/213/26 2198/214/26 2196/212/26
f 2197/213/27 2199/215/27 2200/28/27 2198/214/27
f 2199/215/28 2201/216/28 2202/217/28 2200/28/28
f 2201/216/29 2203/218/29 2204/219/29 2202/217/29
f 2203/218/30 2205/200/30 2206/201/30 2204/219/30
f 2205/200/31 2207/220/31 2208/221/31 2206/201/31
f 2207/220/32 2209/222/32 2210/36/32 2208/221/32
f 2209/222/33 2211/223/33 2212/224/33 2210/36/33
f 2211/223/34 2213/225/34 2214/226/34 2212/224/34
f 2213/225/35 2215/227/35 2216/228/35 2214/226/35
f 2215/227/36 2217/229/36 2218/230/36 2216/228/36
f 2217/229/37 2219/231/37 2220/44/37 2218/230/37
f 2219/231/38 2189/205/38 2192/206/38 2220/44/38
f 2214/55/1 2216/54/1 2218/53/1 2220/52/1
f 2210/57/1 2212/56/1 2214/55/1 2220/52/1
f 2206/59/1 2208/58/1 2210/57/1 2220/52/1
f 2202/61/1 2204/60/1 2206/59/1 2220/52/1
f 2198/63/1 2200/62/1 2202/61/1 2220/52/1
f 2194/65/1 2196/64/1 2198/63/1 2220/52/1
f 2192/67/1 2191/66/1 2194/65/1 2220/52/1
f 2195/64/2 2193/65/2 2190/66/2 2189/67/2
f 2199/62/2 2197/63/2 2195/64/2 2189/67/2
f 2203/60/2 2201/61/2 2199/62/2 2189/67/2
f 2207/58/2 2205/59/2 2203/60/2 2189/67/2
f 2211/56/2 2209/57/2 2207/58/2 2189/67/2
f 2215/54/2 2213/55/2 2211/56/2 2189/67/2
f 2219/52/2 2217/53/2 2215/54/2 2189/67/2
f 2221/195/59 2222/196/59 2223/197/59 2224/4/59
f 2222/196/60 2225/198/60 2226/199/60 2223/197/60
f 2225/198/5 2227/200/5 2228/201/5 2226/199/5
f 2227/200/61 2229/202/61 2230/203/61 2228/201/61
f 2229/202/62 2231/204/62 2232/133/62 2230/203/62
f 2231/204/6 2221/205/6 2224/206/6 2232/133/6
f 2226/232/1 2228/233/1 2230/55/1 2232/234/1
f 2224/235/1 2223/63/1 2226/232/1 2232/234/1
f 2227/233/2 2225/232/2 2222/63/2 2221/235/2
f 2231/234/2 2229/55/2 2227/233/2 2221/235/2
f 2233/195/55 2234/196/55 2235/197/55 2236/4/55
f 2234/196/4 2237/198/4 2238/199/4 2235/197/4
f 2237/198/56 2239/200/56 2240/201/56 2238/199/56
f 2239/200/57 2241/202/57 2242/203/57 2240/201/57
f 2241/202/3 2243/204/3 2244/133/3 2242/203/3
f 2243/204/58 2233/205/58 2236/206/58 2244/133/58
f 2245/195/23 2246/207/23 2247/208/23 2248/4/23
f 2246/207/24 2249/209/24 2250/210/24 2247/208/24
f 2249/209/25 2251/211/25 2252/212/25 2250/210/25
f 2251/211/26 2253/213/26 2254/214/26 2252/212/26
f 2253/213/27 2255/215/27 2256/28/27 2254/214/27
f 2255/215/28 2257/216/28 2258/217/28 2256/28/28
f 2257/216/29 2259/218/29 2260/219/29 2258/217/29
f 2259/218/30 2261/200/30 2262/201/30 2260/219/30
f 2261/200/31 2263/220/31 2264/221/31 2262/201/31
f 2263/220/32 2265/222/32 2266/36/32 2264/221/32
f 2265/222/33 2267/223/33 2268/224/33 2266/36/33
f 2267/223/34 2269/225/34 2270/226/34 2268/224/34
f 2269/225/35 2271/227/35 2272/228/35 2270/226/35
f 2271/227/36 2273/229/36 2274/230/36 2272/228/36
f 2273/229/37 2275/231/37 2276/44/37 2274/230/37
f 2275/231/38 2245/205/38 2248/206/38 2276/44/38
f 2270/55/1 2272/54/1 2274/53/1 2276/52/1
f 2266/57/1 2268/56/1 2270/55/1 2276/52/1
f 2262/59/1 2264/58/1 2266/57/1 2276/52/1
f 2258/61/1 2260/60/1 2262/59/1 2276/52/1
f 2254/63/1 2256/62/1 2258/61/1 2276/52/1
f 2250/65/1 2252/64/1 2254/63/1 2276/52/1
f 2248/67/1 2247/66/1 2250/65/1 2276/52/1
f 2251/64/2 2249/65/2 2246/66/2 2245/67/2
f 2255/62/2 2253/63/2 2251/64/2 2245/67/2
f 2259/60/2 2257/61/2 2255/62/2 2245/67/2
f 2263/58/2 2261/59/2 2259/60/2 2245/67/2
f 2267/56/2 2265/57/2 2263/58/2 2245/67/2
f 2271/54/2 2269/55/2 2267/56/2 2245/67/2
f 2275/52/2 2273/53/2 2271/54/2 2245/67/2
f 2277/195/59 2278/196/59 2279/197/59 2280/4/59
f 2278/196/60 2281/198/60 2282/199/60 2279/197/60
f 2281/198/5 2283/200/5 2284/201/5 2282/199/5
f 2283/200/61 2285/202/61 2286/203/61 2284/201/61
f 2285/202/62 2287/204/62 2288/133/62 2286/203/62
f 2287/204/6 2277/205/6 2280/206/6 2288/133/6
f 2282/232/1 2284/233/1 2286/55/1 2288/234/1
f 2280/235/1 2279/63/1 2282/232/1 2288/234/1
f 2283/233/2 2281/232/2 2278/63/2 2277/235/2
f 2287/234/2 2285/55/2 2283/233/2 2277/235/2
o flag_shut
usemtl flag
f 2289/236/1 2290/237/1 2291/67/1 2292/59/1
f 2293/59/2 2294/67/2 2295/237/2 2296/236/2
f 2296/237/3 2295/236/3 2290/59/3 2289/67/3
f 2294/237/4 2293/236/4 2292/59/4 2291/67/4
f 2293/237/5 2296/236/5 2289/59/5 2292/67/5
f 2295/237/6 2294/236/6 2291/59/6 2290/67/6
o flag_open
usemtl flag
f 2289/59/1 2290/67/1 2291/102/1 2292/4/1
f 2293/4/2 2294/102/2 2295/67/2 2296/59/2
f 2296/67/3 2295/59/3 2290/4/3 2289/102/3
f 2294/67/4 2293/59/4 2292/4/4 2291/102/4
f 2293/67/5 2296/59/5 2289/4/5 2292/102/5
f 2295/67/6 2294/59/6 2291/4/6 2290/102/6
