# generated by tools/gen_transformer_models.py - do not edit by hand
mtllib tx_substation.mtl
v -0.920000 0.000000 -0.660000
v 0.920000 0.000000 -0.660000
v 0.920000 0.000000 0.660000
v -0.920000 0.000000 0.660000
v -0.920000 0.160000 0.660000
v 0.920000 0.160000 0.660000
v 0.920000 0.160000 -0.660000
v -0.920000 0.160000 -0.660000
v 0.920000 0.160000 -0.610000
v -0.920000 0.160000 -0.610000
v -0.920000 0.220000 -0.610000
v 0.920000 0.220000 -0.610000
v 0.920000 0.220000 -0.660000
v -0.920000 0.220000 -0.660000
v 0.870000 0.160000 -0.660000
v 0.870000 0.160000 0.660000
v 0.870000 0.220000 0.660000
v 0.920000 0.220000 0.660000
v 0.870000 0.220000 -0.660000
v -0.920000 0.160000 0.610000
v 0.920000 0.160000 0.610000
v -0.920000 0.220000 0.660000
v 0.920000 0.220000 0.610000
v -0.920000 0.220000 0.610000
v -0.870000 0.160000 -0.660000
v -0.870000 0.160000 0.660000
v -0.870000 0.220000 0.660000
v -0.870000 0.220000 -0.660000
v -0.780000 0.160000 -0.355000
v 0.780000 0.160000 -0.355000
v 0.780000 0.160000 -0.285000
v -0.780000 0.160000 -0.285000
v -0.780000 0.200000 -0.285000
v 0.780000 0.200000 -0.285000
v 0.780000 0.200000 -0.355000
v -0.780000 0.200000 -0.355000
v -0.780000 0.160000 0.285000
v 0.780000 0.160000 0.285000
v 0.780000 0.160000 0.355000
v -0.780000 0.160000 0.355000
v -0.780000 0.200000 0.355000
v 0.780000 0.200000 0.355000
v 0.780000 0.200000 0.285000
v -0.780000 0.200000 0.285000
v -0.700000 0.200000 -0.440000
v 0.700000 0.200000 -0.440000
v 0.700000 0.200000 0.440000
v -0.700000 0.200000 0.440000
v -0.700000 1.420000 0.440000
v 0.700000 1.420000 0.440000
v 0.700000 1.420000 -0.440000
v -0.700000 1.420000 -0.440000
v -0.582000 0.220000 -0.454000
v -0.538000 0.220000 -0.454000
v -0.538000 0.220000 -0.440000
v -0.582000 0.220000 -0.440000
v -0.582000 1.390000 -0.440000
v -0.538000 1.390000 -0.440000
v -0.538000 1.390000 -0.454000
v -0.582000 1.390000 -0.454000
v -0.582000 0.220000 0.440000
v -0.538000 0.220000 0.440000
v -0.538000 0.220000 0.454000
v -0.582000 0.220000 0.454000
v -0.582000 1.390000 0.454000
v -0.538000 1.390000 0.454000
v -0.538000 1.390000 0.440000
v -0.582000 1.390000 0.440000
v -0.302000 0.220000 -0.454000
v -0.258000 0.220000 -0.454000
v -0.258000 0.220000 -0.440000
v -0.302000 0.220000 -0.440000
v -0.302000 1.390000 -0.440000
v -0.258000 1.390000 -0.440000
v -0.258000 1.390000 -0.454000
v -0.302000 1.390000 -0.454000
v -0.302000 0.220000 0.440000
v -0.258000 0.220000 0.440000
v -0.258000 0.220000 0.454000
v -0.302000 0.220000 0.454000
v -0.302000 1.390000 0.454000
v -0.258000 1.390000 0.454000
v -0.258000 1.390000 0.440000
v -0.302000 1.390000 0.440000
v -0.022000 0.220000 -0.454000
v 0.022000 0.220000 -0.454000
v 0.022000 0.220000 -0.440000
v -0.022000 0.220000 -0.440000
v -0.022000 1.390000 -0.440000
v 0.022000 1.390000 -0.440000
v 0.022000 1.390000 -0.454000
v -0.022000 1.390000 -0.454000
v -0.022000 0.220000 0.440000
v 0.022000 0.220000 0.440000
v 0.022000 0.220000 0.454000
v -0.022000 0.220000 0.454000
v -0.022000 1.390000 0.454000
v 0.022000 1.390000 0.454000
v 0.022000 1.390000 0.440000
v -0.022000 1.390000 0.440000
v 0.258000 0.220000 -0.454000
v 0.302000 0.220000 -0.454000
v 0.302000 0.220000 -0.440000
v 0.258000 0.220000 -0.440000
v 0.258000 1.390000 -0.440000
v 0.302000 1.390000 -0.440000
v 0.302000 1.390000 -0.454000
v 0.258000 1.390000 -0.454000
v 0.258000 0.220000 0.440000
v 0.302000 0.220000 0.440000
v 0.302000 0.220000 0.454000
v 0.258000 0.220000 0.454000
v 0.258000 1.390000 0.454000
v 0.302000 1.390000 0.454000
v 0.302000 1.390000 0.440000
v 0.258000 1.390000 0.440000
v 0.538000 0.220000 -0.454000
v 0.582000 0.220000 -0.454000
v 0.582000 0.220000 -0.440000
v 0.538000 0.220000 -0.440000
v 0.538000 1.390000 -0.440000
v 0.582000 1.390000 -0.440000
v 0.582000 1.390000 -0.454000
v 0.538000 1.390000 -0.454000
v 0.538000 0.220000 0.440000
v 0.582000 0.220000 0.440000
v 0.582000 0.220000 0.454000
v 0.538000 0.220000 0.454000
v 0.538000 1.390000 0.454000
v 0.582000 1.390000 0.454000
v 0.582000 1.390000 0.440000
v 0.538000 1.390000 0.440000
v -0.718000 1.420000 -0.458000
v 0.718000 1.420000 -0.458000
v 0.718000 1.420000 0.458000
v -0.718000 1.420000 0.458000
v -0.718000 1.450000 0.458000
v 0.718000 1.450000 0.458000
v 0.718000 1.450000 -0.458000
v -0.718000 1.450000 -0.458000
v -0.662000 1.464000 -0.448000
v -0.666000 1.464000 -0.441072
v -0.666000 1.450000 -0.441072
v -0.662000 1.450000 -0.448000
v -0.674000 1.464000 -0.441072
v -0.674000 1.450000 -0.441072
v -0.678000 1.464000 -0.448000
v -0.678000 1.450000 -0.448000
v -0.674000 1.464000 -0.454928
v -0.674000 1.450000 -0.454928
v -0.666000 1.464000 -0.454928
v -0.666000 1.450000 -0.454928
v -0.654360 1.450840 -0.448000
v -0.655551 1.450840 -0.442015
v -0.655551 1.449160 -0.442015
v -0.654360 1.449160 -0.448000
v -0.658941 1.450840 -0.436941
v -0.658941 1.449160 -0.436941
v -0.664015 1.450840 -0.433551
v -0.664015 1.449160 -0.433551
v -0.670000 1.450840 -0.432360
v -0.670000 1.449160 -0.432360
v -0.675985 1.450840 -0.433551
v -0.675985 1.449160 -0.433551
v -0.681059 1.450840 -0.436941
v -0.681059 1.449160 -0.436941
v -0.684449 1.450840 -0.442015
v -0.684449 1.449160 -0.442015
v -0.685640 1.450840 -0.448000
v -0.685640 1.449160 -0.448000
v -0.684449 1.450840 -0.453985
v -0.684449 1.449160 -0.453985
v -0.681059 1.450840 -0.459059
v -0.681059 1.449160 -0.459059
v -0.675985 1.450840 -0.462449
v -0.675985 1.449160 -0.462449
v -0.670000 1.450840 -0.463640
v -0.670000 1.449160 -0.463640
v -0.664015 1.450840 -0.462449
v -0.664015 1.449160 -0.462449
v -0.658941 1.450840 -0.459059
v -0.658941 1.449160 -0.459059
v -0.655551 1.450840 -0.453985
v -0.655551 1.449160 -0.453985
v -0.658222 1.452800 -0.441200
v -0.670000 1.452800 -0.434400
v -0.670000 1.450000 -0.434400
v -0.658222 1.450000 -0.441200
v -0.681778 1.452800 -0.441200
v -0.681778 1.450000 -0.441200
v -0.681778 1.452800 -0.454800
v -0.681778 1.450000 -0.454800
v -0.670000 1.452800 -0.461600
v -0.670000 1.450000 -0.461600
v -0.658222 1.452800 -0.454800
v -0.658222 1.450000 -0.454800
v -0.662000 1.464000 0.434000
v -0.666000 1.464000 0.440928
v -0.666000 1.450000 0.440928
v -0.662000 1.450000 0.434000
v -0.674000 1.464000 0.440928
v -0.674000 1.450000 0.440928
v -0.678000 1.464000 0.434000
v -0.678000 1.450000 0.434000
v -0.674000 1.464000 0.427072
v -0.674000 1.450000 0.427072
v -0.666000 1.464000 0.427072
v -0.666000 1.450000 0.427072
v -0.654360 1.450840 0.434000
v -0.655551 1.450840 0.439985
v -0.655551 1.449160 0.439985
v -0.654360 1.449160 0.434000
v -0.658941 1.450840 0.445059
v -0.658941 1.449160 0.445059
v -0.664015 1.450840 0.448449
v -0.664015 1.449160 0.448449
v -0.670000 1.450840 0.449640
v -0.670000 1.449160 0.449640
v -0.675985 1.450840 0.448449
v -0.675985 1.449160 0.448449
v -0.681059 1.450840 0.445059
v -0.681059 1.449160 0.445059
v -0.684449 1.450840 0.439985
v -0.684449 1.449160 0.439985
v -0.685640 1.450840 0.434000
v -0.685640 1.449160 0.434000
v -0.684449 1.450840 0.428015
v -0.684449 1.449160 0.428015
v -0.681059 1.450840 0.422941
v -0.681059 1.449160 0.422941
v -0.675985 1.450840 0.419551
v -0.675985 1.449160 0.419551
v -0.670000 1.450840 0.418360
v -0.670000 1.449160 0.418360
v -0.664015 1.450840 0.419551
v -0.664015 1.449160 0.419551
v -0.658941 1.450840 0.422941
v -0.658941 1.449160 0.422941
v -0.655551 1.450840 0.428015
v -0.655551 1.449160 0.428015
v -0.658222 1.452800 0.440800
v -0.670000 1.452800 0.447600
v -0.670000 1.450000 0.447600
v -0.658222 1.450000 0.440800
v -0.681778 1.452800 0.440800
v -0.681778 1.450000 0.440800
v -0.681778 1.452800 0.427200
v -0.681778 1.450000 0.427200
v -0.670000 1.452800 0.420400
v -0.670000 1.450000 0.420400
v -0.658222 1.452800 0.427200
v -0.658222 1.450000 0.427200
v -0.528000 1.464000 -0.448000
v -0.532000 1.464000 -0.441072
v -0.532000 1.450000 -0.441072
v -0.528000 1.450000 -0.448000
v -0.540000 1.464000 -0.441072
v -0.540000 1.450000 -0.441072
v -0.544000 1.464000 -0.448000
v -0.544000 1.450000 -0.448000
v -0.540000 1.464000 -0.454928
v -0.540000 1.450000 -0.454928
v -0.532000 1.464000 -0.454928
v -0.532000 1.450000 -0.454928
v -0.520360 1.450840 -0.448000
v -0.521551 1.450840 -0.442015
v -0.521551 1.449160 -0.442015
v -0.520360 1.449160 -0.448000
v -0.524941 1.450840 -0.436941
v -0.524941 1.449160 -0.436941
v -0.530015 1.450840 -0.433551
v -0.530015 1.449160 -0.433551
v -0.536000 1.450840 -0.432360
v -0.536000 1.449160 -0.432360
v -0.541985 1.450840 -0.433551
v -0.541985 1.449160 -0.433551
v -0.547059 1.450840 -0.436941
v -0.547059 1.449160 -0.436941
v -0.550449 1.450840 -0.442015
v -0.550449 1.449160 -0.442015
v -0.551640 1.450840 -0.448000
v -0.551640 1.449160 -0.448000
v -0.550449 1.450840 -0.453985
v -0.550449 1.449160 -0.453985
v -0.547059 1.450840 -0.459059
v -0.547059 1.449160 -0.459059
v -0.541985 1.450840 -0.462449
v -0.541985 1.449160 -0.462449
v -0.536000 1.450840 -0.463640
v -0.536000 1.449160 -0.463640
v -0.530015 1.450840 -0.462449
v -0.530015 1.449160 -0.462449
v -0.524941 1.450840 -0.459059
v -0.524941 1.449160 -0.459059
v -0.521551 1.450840 -0.453985
v -0.521551 1.449160 -0.453985
v -0.524222 1.452800 -0.441200
v -0.536000 1.452800 -0.434400
v -0.536000 1.450000 -0.434400
v -0.524222 1.450000 -0.441200
v -0.547778 1.452800 -0.441200
v -0.547778 1.450000 -0.441200
v -0.547778 1.452800 -0.454800
v -0.547778 1.450000 -0.454800
v -0.536000 1.452800 -0.461600
v -0.536000 1.450000 -0.461600
v -0.524222 1.452800 -0.454800
v -0.524222 1.450000 -0.454800
v -0.528000 1.464000 0.434000
v -0.532000 1.464000 0.440928
v -0.532000 1.450000 0.440928
v -0.528000 1.450000 0.434000
v -0.540000 1.464000 0.440928
v -0.540000 1.450000 0.440928
v -0.544000 1.464000 0.434000
v -0.544000 1.450000 0.434000
v -0.540000 1.464000 0.427072
v -0.540000 1.450000 0.427072
v -0.532000 1.464000 0.427072
v -0.532000 1.450000 0.427072
v -0.520360 1.450840 0.434000
v -0.521551 1.450840 0.439985
v -0.521551 1.449160 0.439985
v -0.520360 1.449160 0.434000
v -0.524941 1.450840 0.445059
v -0.524941 1.449160 0.445059
v -0.530015 1.450840 0.448449
v -0.530015 1.449160 0.448449
v -0.536000 1.450840 0.449640
v -0.536000 1.449160 0.449640
v -0.541985 1.450840 0.448449
v -0.541985 1.449160 0.448449
v -0.547059 1.450840 0.445059
v -0.547059 1.449160 0.445059
v -0.550449 1.450840 0.439985
v -0.550449 1.449160 0.439985
v -0.551640 1.450840 0.434000
v -0.551640 1.449160 0.434000
v -0.550449 1.450840 0.428015
v -0.550449 1.449160 0.428015
v -0.547059 1.450840 0.422941
v -0.547059 1.449160 0.422941
v -0.541985 1.450840 0.419551
v -0.541985 1.449160 0.419551
v -0.536000 1.450840 0.418360
v -0.536000 1.449160 0.418360
v -0.530015 1.450840 0.419551
v -0.530015 1.449160 0.419551
v -0.524941 1.450840 0.422941
v -0.524941 1.449160 0.422941
v -0.521551 1.450840 0.428015
v -0.521551 1.449160 0.428015
v -0.524222 1.452800 0.440800
v -0.536000 1.452800 0.447600
v -0.536000 1.450000 0.447600
v -0.524222 1.450000 0.440800
v -0.547778 1.452800 0.440800
v -0.547778 1.450000 0.440800
v -0.547778 1.452800 0.427200
v -0.547778 1.450000 0.427200
v -0.536000 1.452800 0.420400
v -0.536000 1.450000 0.420400
v -0.524222 1.452800 0.427200
v -0.524222 1.450000 0.427200
v -0.394000 1.464000 -0.448000
v -0.398000 1.464000 -0.441072
v -0.398000 1.450000 -0.441072
v -0.394000 1.450000 -0.448000
v -0.406000 1.464000 -0.441072
v -0.406000 1.450000 -0.441072
v -0.410000 1.464000 -0.448000
v -0.410000 1.450000 -0.448000
v -0.406000 1.464000 -0.454928
v -0.406000 1.450000 -0.454928
v -0.398000 1.464000 -0.454928
v -0.398000 1.450000 -0.454928
v -0.386360 1.450840 -0.448000
v -0.387551 1.450840 -0.442015
v -0.387551 1.449160 -0.442015
v -0.386360 1.449160 -0.448000
v -0.390941 1.450840 -0.436941
v -0.390941 1.449160 -0.436941
v -0.396015 1.450840 -0.433551
v -0.396015 1.449160 -0.433551
v -0.402000 1.450840 -0.432360
v -0.402000 1.449160 -0.432360
v -0.407985 1.450840 -0.433551
v -0.407985 1.449160 -0.433551
v -0.413059 1.450840 -0.436941
v -0.413059 1.449160 -0.436941
v -0.416449 1.450840 -0.442015
v -0.416449 1.449160 -0.442015
v -0.417640 1.450840 -0.448000
v -0.417640 1.449160 -0.448000
v -0.416449 1.450840 -0.453985
v -0.416449 1.449160 -0.453985
v -0.413059 1.450840 -0.459059
v -0.413059 1.449160 -0.459059
v -0.407985 1.450840 -0.462449
v -0.407985 1.449160 -0.462449
v -0.402000 1.450840 -0.463640
v -0.402000 1.449160 -0.463640
v -0.396015 1.450840 -0.462449
v -0.396015 1.449160 -0.462449
v -0.390941 1.450840 -0.459059
v -0.390941 1.449160 -0.459059
v -0.387551 1.450840 -0.453985
v -0.387551 1.449160 -0.453985
v -0.390222 1.452800 -0.441200
v -0.402000 1.452800 -0.434400
v -0.402000 1.450000 -0.434400
v -0.390222 1.450000 -0.441200
v -0.413778 1.452800 -0.441200
v -0.413778 1.450000 -0.441200
v -0.413778 1.452800 -0.454800
v -0.413778 1.450000 -0.454800
v -0.402000 1.452800 -0.461600
v -0.402000 1.450000 -0.461600
v -0.390222 1.452800 -0.454800
v -0.390222 1.450000 -0.454800
v -0.394000 1.464000 0.434000
v -0.398000 1.464000 0.440928
v -0.398000 1.450000 0.440928
v -0.394000 1.450000 0.434000
v -0.406000 1.464000 0.440928
v -0.406000 1.450000 0.440928
v -0.410000 1.464000 0.434000
v -0.410000 1.450000 0.434000
v -0.406000 1.464000 0.427072
v -0.406000 1.450000 0.427072
v -0.398000 1.464000 0.427072
v -0.398000 1.450000 0.427072
v -0.386360 1.450840 0.434000
v -0.387551 1.450840 0.439985
v -0.387551 1.449160 0.439985
v -0.386360 1.449160 0.434000
v -0.390941 1.450840 0.445059
v -0.390941 1.449160 0.445059
v -0.396015 1.450840 0.448449
v -0.396015 1.449160 0.448449
v -0.402000 1.450840 0.449640
v -0.402000 1.449160 0.449640
v -0.407985 1.450840 0.448449
v -0.407985 1.449160 0.448449
v -0.413059 1.450840 0.445059
v -0.413059 1.449160 0.445059
v -0.416449 1.450840 0.439985
v -0.416449 1.449160 0.439985
v -0.417640 1.450840 0.434000
v -0.417640 1.449160 0.434000
v -0.416449 1.450840 0.428015
v -0.416449 1.449160 0.428015
v -0.413059 1.450840 0.422941
v -0.413059 1.449160 0.422941
v -0.407985 1.450840 0.419551
v -0.407985 1.449160 0.419551
v -0.402000 1.450840 0.418360
v -0.402000 1.449160 0.418360
v -0.396015 1.450840 0.419551
v -0.396015 1.449160 0.419551
v -0.390941 1.450840 0.422941
v -0.390941 1.449160 0.422941
v -0.387551 1.450840 0.428015
v -0.387551 1.449160 0.428015
v -0.390222 1.452800 0.440800
v -0.402000 1.452800 0.447600
v -0.402000 1.450000 0.447600
v -0.390222 1.450000 0.440800
v -0.413778 1.452800 0.440800
v -0.413778 1.450000 0.440800
v -0.413778 1.452800 0.427200
v -0.413778 1.450000 0.427200
v -0.402000 1.452800 0.420400
v -0.402000 1.450000 0.420400
v -0.390222 1.452800 0.427200
v -0.390222 1.450000 0.427200
v -0.260000 1.464000 -0.448000
v -0.264000 1.464000 -0.441072
v -0.264000 1.450000 -0.441072
v -0.260000 1.450000 -0.448000
v -0.272000 1.464000 -0.441072
v -0.272000 1.450000 -0.441072
v -0.276000 1.464000 -0.448000
v -0.276000 1.450000 -0.448000
v -0.272000 1.464000 -0.454928
v -0.272000 1.450000 -0.454928
v -0.264000 1.464000 -0.454928
v -0.264000 1.450000 -0.454928
v -0.252360 1.450840 -0.448000
v -0.253551 1.450840 -0.442015
v -0.253551 1.449160 -0.442015
v -0.252360 1.449160 -0.448000
v -0.256941 1.450840 -0.436941
v -0.256941 1.449160 -0.436941
v -0.262015 1.450840 -0.433551
v -0.262015 1.449160 -0.433551
v -0.268000 1.450840 -0.432360
v -0.268000 1.449160 -0.432360
v -0.273985 1.450840 -0.433551
v -0.273985 1.449160 -0.433551
v -0.279059 1.450840 -0.436941
v -0.279059 1.449160 -0.436941
v -0.282449 1.450840 -0.442015
v -0.282449 1.449160 -0.442015
v -0.283640 1.450840 -0.448000
v -0.283640 1.449160 -0.448000
v -0.282449 1.450840 -0.453985
v -0.282449 1.449160 -0.453985
v -0.279059 1.450840 -0.459059
v -0.279059 1.449160 -0.459059
v -0.273985 1.450840 -0.462449
v -0.273985 1.449160 -0.462449
v -0.268000 1.450840 -0.463640
v -0.268000 1.449160 -0.463640
v -0.262015 1.450840 -0.462449
v -0.262015 1.449160 -0.462449
v -0.256941 1.450840 -0.459059
v -0.256941 1.449160 -0.459059
v -0.253551 1.450840 -0.453985
v -0.253551 1.449160 -0.453985
v -0.256222 1.452800 -0.441200
v -0.268000 1.452800 -0.434400
v -0.268000 1.450000 -0.434400
v -0.256222 1.450000 -0.441200
v -0.279778 1.452800 -0.441200
v -0.279778 1.450000 -0.441200
v -0.279778 1.452800 -0.454800
v -0.279778 1.450000 -0.454800
v -0.268000 1.452800 -0.461600
v -0.268000 1.450000 -0.461600
v -0.256222 1.452800 -0.454800
v -0.256222 1.450000 -0.454800
v -0.260000 1.464000 0.434000
v -0.264000 1.464000 0.440928
v -0.264000 1.450000 0.440928
v -0.260000 1.450000 0.434000
v -0.272000 1.464000 0.440928
v -0.272000 1.450000 0.440928
v -0.276000 1.464000 0.434000
v -0.276000 1.450000 0.434000
v -0.272000 1.464000 0.427072
v -0.272000 1.450000 0.427072
v -0.264000 1.464000 0.427072
v -0.264000 1.450000 0.427072
v -0.252360 1.450840 0.434000
v -0.253551 1.450840 0.439985
v -0.253551 1.449160 0.439985
v -0.252360 1.449160 0.434000
v -0.256941 1.450840 0.445059
v -0.256941 1.449160 0.445059
v -0.262015 1.450840 0.448449
v -0.262015 1.449160 0.448449
v -0.268000 1.450840 0.449640
v -0.268000 1.449160 0.449640
v -0.273985 1.450840 0.448449
v -0.273985 1.449160 0.448449
v -0.279059 1.450840 0.445059
v -0.279059 1.449160 0.445059
v -0.282449 1.450840 0.439985
v -0.282449 1.449160 0.439985
v -0.283640 1.450840 0.434000
v -0.283640 1.449160 0.434000
v -0.282449 1.450840 0.428015
v -0.282449 1.449160 0.428015
v -0.279059 1.450840 0.422941
v -0.279059 1.449160 0.422941
v -0.273985 1.450840 0.419551
v -0.273985 1.449160 0.419551
v -0.268000 1.450840 0.418360
v -0.268000 1.449160 0.418360
v -0.262015 1.450840 0.419551
v -0.262015 1.449160 0.419551
v -0.256941 1.450840 0.422941
v -0.256941 1.449160 0.422941
v -0.253551 1.450840 0.428015
v -0.253551 1.449160 0.428015
v -0.256222 1.452800 0.440800
v -0.268000 1.452800 0.447600
v -0.268000 1.450000 0.447600
v -0.256222 1.450000 0.440800
v -0.279778 1.452800 0.440800
v -0.279778 1.450000 0.440800
v -0.279778 1.452800 0.427200
v -0.279778 1.450000 0.427200
v -0.268000 1.452800 0.420400
v -0.268000 1.450000 0.420400
v -0.256222 1.452800 0.427200
v -0.256222 1.450000 0.427200
v -0.126000 1.464000 -0.448000
v -0.130000 1.464000 -0.441072
v -0.130000 1.450000 -0.441072
v -0.126000 1.450000 -0.448000
v -0.138000 1.464000 -0.441072
v -0.138000 1.450000 -0.441072
v -0.142000 1.464000 -0.448000
v -0.142000 1.450000 -0.448000
v -0.138000 1.464000 -0.454928
v -0.138000 1.450000 -0.454928
v -0.130000 1.464000 -0.454928
v -0.130000 1.450000 -0.454928
v -0.118360 1.450840 -0.448000
v -0.119551 1.450840 -0.442015
v -0.119551 1.449160 -0.442015
v -0.118360 1.449160 -0.448000
v -0.122941 1.450840 -0.436941
v -0.122941 1.449160 -0.436941
v -0.128015 1.450840 -0.433551
v -0.128015 1.449160 -0.433551
v -0.134000 1.450840 -0.432360
v -0.134000 1.449160 -0.432360
v -0.139985 1.450840 -0.433551
v -0.139985 1.449160 -0.433551
v -0.145059 1.450840 -0.436941
v -0.145059 1.449160 -0.436941
v -0.148449 1.450840 -0.442015
v -0.148449 1.449160 -0.442015
v -0.149640 1.450840 -0.448000
v -0.149640 1.449160 -0.448000
v -0.148449 1.450840 -0.453985
v -0.148449 1.449160 -0.453985
v -0.145059 1.450840 -0.459059
v -0.145059 1.449160 -0.459059
v -0.139985 1.450840 -0.462449
v -0.139985 1.449160 -0.462449
v -0.134000 1.450840 -0.463640
v -0.134000 1.449160 -0.463640
v -0.128015 1.450840 -0.462449
v -0.128015 1.449160 -0.462449
v -0.122941 1.450840 -0.459059
v -0.122941 1.449160 -0.459059
v -0.119551 1.450840 -0.453985
v -0.119551 1.449160 -0.453985
v -0.122222 1.452800 -0.441200
v -0.134000 1.452800 -0.434400
v -0.134000 1.450000 -0.434400
v -0.122222 1.450000 -0.441200
v -0.145778 1.452800 -0.441200
v -0.145778 1.450000 -0.441200
v -0.145778 1.452800 -0.454800
v -0.145778 1.450000 -0.454800
v -0.134000 1.452800 -0.461600
v -0.134000 1.450000 -0.461600
v -0.122222 1.452800 -0.454800
v -0.122222 1.450000 -0.454800
v -0.126000 1.464000 0.434000
v -0.130000 1.464000 0.440928
v -0.130000 1.450000 0.440928
v -0.126000 1.450000 0.434000
v -0.138000 1.464000 0.440928
v -0.138000 1.450000 0.440928
v -0.142000 1.464000 0.434000
v -0.142000 1.450000 0.434000
v -0.138000 1.464000 0.427072
v -0.138000 1.450000 0.427072
v -0.130000 1.464000 0.427072
v -0.130000 1.450000 0.427072
v -0.118360 1.450840 0.434000
v -0.119551 1.450840 0.439985
v -0.119551 1.449160 0.439985
v -0.118360 1.449160 0.434000
v -0.122941 1.450840 0.445059
v -0.122941 1.449160 0.445059
v -0.128015 1.450840 0.448449
v -0.128015 1.449160 0.448449
v -0.134000 1.450840 0.449640
v -0.134000 1.449160 0.449640
v -0.139985 1.450840 0.448449
v -0.139985 1.449160 0.448449
v -0.145059 1.450840 0.445059
v -0.145059 1.449160 0.445059
v -0.148449 1.450840 0.439985
v -0.148449 1.449160 0.439985
v -0.149640 1.450840 0.434000
v -0.149640 1.449160 0.434000
v -0.148449 1.450840 0.428015
v -0.148449 1.449160 0.428015
v -0.145059 1.450840 0.422941
v -0.145059 1.449160 0.422941
v -0.139985 1.450840 0.419551
v -0.139985 1.449160 0.419551
v -0.134000 1.450840 0.418360
v -0.134000 1.449160 0.418360
v -0.128015 1.450840 0.419551
v -0.128015 1.449160 0.419551
v -0.122941 1.450840 0.422941
v -0.122941 1.449160 0.422941
v -0.119551 1.450840 0.428015
v -0.119551 1.449160 0.428015
v -0.122222 1.452800 0.440800
v -0.134000 1.452800 0.447600
v -0.134000 1.450000 0.447600
v -0.122222 1.450000 0.440800
v -0.145778 1.452800 0.440800
v -0.145778 1.450000 0.440800
v -0.145778 1.452800 0.427200
v -0.145778 1.450000 0.427200
v -0.134000 1.452800 0.420400
v -0.134000 1.450000 0.420400
v -0.122222 1.452800 0.427200
v -0.122222 1.450000 0.427200
v 0.008000 1.464000 -0.448000
v 0.004000 1.464000 -0.441072
v 0.004000 1.450000 -0.441072
v 0.008000 1.450000 -0.448000
v -0.004000 1.464000 -0.441072
v -0.004000 1.450000 -0.441072
v -0.008000 1.464000 -0.448000
v -0.008000 1.450000 -0.448000
v -0.004000 1.464000 -0.454928
v -0.004000 1.450000 -0.454928
v 0.004000 1.464000 -0.454928
v 0.004000 1.450000 -0.454928
v 0.015640 1.450840 -0.448000
v 0.014449 1.450840 -0.442015
v 0.014449 1.449160 -0.442015
v 0.015640 1.449160 -0.448000
v 0.011059 1.450840 -0.436941
v 0.011059 1.449160 -0.436941
v 0.005985 1.450840 -0.433551
v 0.005985 1.449160 -0.433551
v 0.000000 1.450840 -0.432360
v 0.000000 1.449160 -0.432360
v -0.005985 1.450840 -0.433551
v -0.005985 1.449160 -0.433551
v -0.011059 1.450840 -0.436941
v -0.011059 1.449160 -0.436941
v -0.014449 1.450840 -0.442015
v -0.014449 1.449160 -0.442015
v -0.015640 1.450840 -0.448000
v -0.015640 1.449160 -0.448000
v -0.014449 1.450840 -0.453985
v -0.014449 1.449160 -0.453985
v -0.011059 1.450840 -0.459059
v -0.011059 1.449160 -0.459059
v -0.005985 1.450840 -0.462449
v -0.005985 1.449160 -0.462449
v -0.000000 1.450840 -0.463640
v -0.000000 1.449160 -0.463640
v 0.005985 1.450840 -0.462449
v 0.005985 1.449160 -0.462449
v 0.011059 1.450840 -0.459059
v 0.011059 1.449160 -0.459059
v 0.014449 1.450840 -0.453985
v 0.014449 1.449160 -0.453985
v 0.011778 1.452800 -0.441200
v 0.000000 1.452800 -0.434400
v 0.000000 1.450000 -0.434400
v 0.011778 1.450000 -0.441200
v -0.011778 1.452800 -0.441200
v -0.011778 1.450000 -0.441200
v -0.011778 1.452800 -0.454800
v -0.011778 1.450000 -0.454800
v -0.000000 1.452800 -0.461600
v -0.000000 1.450000 -0.461600
v 0.011778 1.452800 -0.454800
v 0.011778 1.450000 -0.454800
v 0.008000 1.464000 0.434000
v 0.004000 1.464000 0.440928
v 0.004000 1.450000 0.440928
v 0.008000 1.450000 0.434000
v -0.004000 1.464000 0.440928
v -0.004000 1.450000 0.440928
v -0.008000 1.464000 0.434000
v -0.008000 1.450000 0.434000
v -0.004000 1.464000 0.427072
v -0.004000 1.450000 0.427072
v 0.004000 1.464000 0.427072
v 0.004000 1.450000 0.427072
v 0.015640 1.450840 0.434000
v 0.014449 1.450840 0.439985
v 0.014449 1.449160 0.439985
v 0.015640 1.449160 0.434000
v 0.011059 1.450840 0.445059
v 0.011059 1.449160 0.445059
v 0.005985 1.450840 0.448449
v 0.005985 1.449160 0.448449
v 0.000000 1.450840 0.449640
v 0.000000 1.449160 0.449640
v -0.005985 1.450840 0.448449
v -0.005985 1.449160 0.448449
v -0.011059 1.450840 0.445059
v -0.011059 1.449160 0.445059
v -0.014449 1.450840 0.439985
v -0.014449 1.449160 0.439985
v -0.015640 1.450840 0.434000
v -0.015640 1.449160 0.434000
v -0.014449 1.450840 0.428015
v -0.014449 1.449160 0.428015
v -0.011059 1.450840 0.422941
v -0.011059 1.449160 0.422941
v -0.005985 1.450840 0.419551
v -0.005985 1.449160 0.419551
v -0.000000 1.450840 0.418360
v -0.000000 1.449160 0.418360
v 0.005985 1.450840 0.419551
v 0.005985 1.449160 0.419551
v 0.011059 1.450840 0.422941
v 0.011059 1.449160 0.422941
v 0.014449 1.450840 0.428015
v 0.014449 1.449160 0.428015
v 0.011778 1.452800 0.440800
v 0.000000 1.452800 0.447600
v 0.000000 1.450000 0.447600
v 0.011778 1.450000 0.440800
v -0.011778 1.452800 0.440800
v -0.011778 1.450000 0.440800
v -0.011778 1.452800 0.427200
v -0.011778 1.450000 0.427200
v -0.000000 1.452800 0.420400
v -0.000000 1.450000 0.420400
v 0.011778 1.452800 0.427200
v 0.011778 1.450000 0.427200
v 0.142000 1.464000 -0.448000
v 0.138000 1.464000 -0.441072
v 0.138000 1.450000 -0.441072
v 0.142000 1.450000 -0.448000
v 0.130000 1.464000 -0.441072
v 0.130000 1.450000 -0.441072
v 0.126000 1.464000 -0.448000
v 0.126000 1.450000 -0.448000
v 0.130000 1.464000 -0.454928
v 0.130000 1.450000 -0.454928
v 0.138000 1.464000 -0.454928
v 0.138000 1.450000 -0.454928
v 0.149640 1.450840 -0.448000
v 0.148449 1.450840 -0.442015
v 0.148449 1.449160 -0.442015
v 0.149640 1.449160 -0.448000
v 0.145059 1.450840 -0.436941
v 0.145059 1.449160 -0.436941
v 0.139985 1.450840 -0.433551
v 0.139985 1.449160 -0.433551
v 0.134000 1.450840 -0.432360
v 0.134000 1.449160 -0.432360
v 0.128015 1.450840 -0.433551
v 0.128015 1.449160 -0.433551
v 0.122941 1.450840 -0.436941
v 0.122941 1.449160 -0.436941
v 0.119551 1.450840 -0.442015
v 0.119551 1.449160 -0.442015
v 0.118360 1.450840 -0.448000
v 0.118360 1.449160 -0.448000
v 0.119551 1.450840 -0.453985
v 0.119551 1.449160 -0.453985
v 0.122941 1.450840 -0.459059
v 0.122941 1.449160 -0.459059
v 0.128015 1.450840 -0.462449
v 0.128015 1.449160 -0.462449
v 0.134000 1.450840 -0.463640
v 0.134000 1.449160 -0.463640
v 0.139985 1.450840 -0.462449
v 0.139985 1.449160 -0.462449
v 0.145059 1.450840 -0.459059
v 0.145059 1.449160 -0.459059
v 0.148449 1.450840 -0.453985
v 0.148449 1.449160 -0.453985
v 0.145778 1.452800 -0.441200
v 0.134000 1.452800 -0.434400
v 0.134000 1.450000 -0.434400
v 0.145778 1.450000 -0.441200
v 0.122222 1.452800 -0.441200
v 0.122222 1.450000 -0.441200
v 0.122222 1.452800 -0.454800
v 0.122222 1.450000 -0.454800
v 0.134000 1.452800 -0.461600
v 0.134000 1.450000 -0.461600
v 0.145778 1.452800 -0.454800
v 0.145778 1.450000 -0.454800
v 0.142000 1.464000 0.434000
v 0.138000 1.464000 0.440928
v 0.138000 1.450000 0.440928
v 0.142000 1.450000 0.434000
v 0.130000 1.464000 0.440928
v 0.130000 1.450000 0.440928
v 0.126000 1.464000 0.434000
v 0.126000 1.450000 0.434000
v 0.130000 1.464000 0.427072
v 0.130000 1.450000 0.427072
v 0.138000 1.464000 0.427072
v 0.138000 1.450000 0.427072
v 0.149640 1.450840 0.434000
v 0.148449 1.450840 0.439985
v 0.148449 1.449160 0.439985
v 0.149640 1.449160 0.434000
v 0.145059 1.450840 0.445059
v 0.145059 1.449160 0.445059
v 0.139985 1.450840 0.448449
v 0.139985 1.449160 0.448449
v 0.134000 1.450840 0.449640
v 0.134000 1.449160 0.449640
v 0.128015 1.450840 0.448449
v 0.128015 1.449160 0.448449
v 0.122941 1.450840 0.445059
v 0.122941 1.449160 0.445059
v 0.119551 1.450840 0.439985
v 0.119551 1.449160 0.439985
v 0.118360 1.450840 0.434000
v 0.118360 1.449160 0.434000
v 0.119551 1.450840 0.428015
v 0.119551 1.449160 0.428015
v 0.122941 1.450840 0.422941
v 0.122941 1.449160 0.422941
v 0.128015 1.450840 0.419551
v 0.128015 1.449160 0.419551
v 0.134000 1.450840 0.418360
v 0.134000 1.449160 0.418360
v 0.139985 1.450840 0.419551
v 0.139985 1.449160 0.419551
v 0.145059 1.450840 0.422941
v 0.145059 1.449160 0.422941
v 0.148449 1.450840 0.428015
v 0.148449 1.449160 0.428015
v 0.145778 1.452800 0.440800
v 0.134000 1.452800 0.447600
v 0.134000 1.450000 0.447600
v 0.145778 1.450000 0.440800
v 0.122222 1.452800 0.440800
v 0.122222 1.450000 0.440800
v 0.122222 1.452800 0.427200
v 0.122222 1.450000 0.427200
v 0.134000 1.452800 0.420400
v 0.134000 1.450000 0.420400
v 0.145778 1.452800 0.427200
v 0.145778 1.450000 0.427200
v 0.276000 1.464000 -0.448000
v 0.272000 1.464000 -0.441072
v 0.272000 1.450000 -0.441072
v 0.276000 1.450000 -0.448000
v 0.264000 1.464000 -0.441072
v 0.264000 1.450000 -0.441072
v 0.260000 1.464000 -0.448000
v 0.260000 1.450000 -0.448000
v 0.264000 1.464000 -0.454928
v 0.264000 1.450000 -0.454928
v 0.272000 1.464000 -0.454928
v 0.272000 1.450000 -0.454928
v 0.283640 1.450840 -0.448000
v 0.282449 1.450840 -0.442015
v 0.282449 1.449160 -0.442015
v 0.283640 1.449160 -0.448000
v 0.279059 1.450840 -0.436941
v 0.279059 1.449160 -0.436941
v 0.273985 1.450840 -0.433551
v 0.273985 1.449160 -0.433551
v 0.268000 1.450840 -0.432360
v 0.268000 1.449160 -0.432360
v 0.262015 1.450840 -0.433551
v 0.262015 1.449160 -0.433551
v 0.256941 1.450840 -0.436941
v 0.256941 1.449160 -0.436941
v 0.253551 1.450840 -0.442015
v 0.253551 1.449160 -0.442015
v 0.252360 1.450840 -0.448000
v 0.252360 1.449160 -0.448000
v 0.253551 1.450840 -0.453985
v 0.253551 1.449160 -0.453985
v 0.256941 1.450840 -0.459059
v 0.256941 1.449160 -0.459059
v 0.262015 1.450840 -0.462449
v 0.262015 1.449160 -0.462449
v 0.268000 1.450840 -0.463640
v 0.268000 1.449160 -0.463640
v 0.273985 1.450840 -0.462449
v 0.273985 1.449160 -0.462449
v 0.279059 1.450840 -0.459059
v 0.279059 1.449160 -0.459059
v 0.282449 1.450840 -0.453985
v 0.282449 1.449160 -0.453985
v 0.279778 1.452800 -0.441200
v 0.268000 1.452800 -0.434400
v 0.268000 1.450000 -0.434400
v 0.279778 1.450000 -0.441200
v 0.256222 1.452800 -0.441200
v 0.256222 1.450000 -0.441200
v 0.256222 1.452800 -0.454800
v 0.256222 1.450000 -0.454800
v 0.268000 1.452800 -0.461600
v 0.268000 1.450000 -0.461600
v 0.279778 1.452800 -0.454800
v 0.279778 1.450000 -0.454800
v 0.276000 1.464000 0.434000
v 0.272000 1.464000 0.440928
v 0.272000 1.450000 0.440928
v 0.276000 1.450000 0.434000
v 0.264000 1.464000 0.440928
v 0.264000 1.450000 0.440928
v 0.260000 1.464000 0.434000
v 0.260000 1.450000 0.434000
v 0.264000 1.464000 0.427072
v 0.264000 1.450000 0.427072
v 0.272000 1.464000 0.427072
v 0.272000 1.450000 0.427072
v 0.283640 1.450840 0.434000
v 0.282449 1.450840 0.439985
v 0.282449 1.449160 0.439985
v 0.283640 1.449160 0.434000
v 0.279059 1.450840 0.445059
v 0.279059 1.449160 0.445059
v 0.273985 1.450840 0.448449
v 0.273985 1.449160 0.448449
v 0.268000 1.450840 0.449640
v 0.268000 1.449160 0.449640
v 0.262015 1.450840 0.448449
v 0.262015 1.449160 0.448449
v 0.256941 1.450840 0.445059
v 0.256941 1.449160 0.445059
v 0.253551 1.450840 0.439985
v 0.253551 1.449160 0.439985
v 0.252360 1.450840 0.434000
v 0.252360 1.449160 0.434000
v 0.253551 1.450840 0.428015
v 0.253551 1.449160 0.428015
v 0.256941 1.450840 0.422941
v 0.256941 1.449160 0.422941
v 0.262015 1.450840 0.419551
v 0.262015 1.449160 0.419551
v 0.268000 1.450840 0.418360
v 0.268000 1.449160 0.418360
v 0.273985 1.450840 0.419551
v 0.273985 1.449160 0.419551
v 0.279059 1.450840 0.422941
v 0.279059 1.449160 0.422941
v 0.282449 1.450840 0.428015
v 0.282449 1.449160 0.428015
v 0.279778 1.452800 0.440800
v 0.268000 1.452800 0.447600
v 0.268000 1.450000 0.447600
v 0.279778 1.450000 0.440800
v 0.256222 1.452800 0.440800
v 0.256222 1.450000 0.440800
v 0.256222 1.452800 0.427200
v 0.256222 1.450000 0.427200
v 0.268000 1.452800 0.420400
v 0.268000 1.450000 0.420400
v 0.279778 1.452800 0.427200
v 0.279778 1.450000 0.427200
v 0.410000 1.464000 -0.448000
v 0.406000 1.464000 -0.441072
v 0.406000 1.450000 -0.441072
v 0.410000 1.450000 -0.448000
v 0.398000 1.464000 -0.441072
v 0.398000 1.450000 -0.441072
v 0.394000 1.464000 -0.448000
v 0.394000 1.450000 -0.448000
v 0.398000 1.464000 -0.454928
v 0.398000 1.450000 -0.454928
v 0.406000 1.464000 -0.454928
v 0.406000 1.450000 -0.454928
v 0.417640 1.450840 -0.448000
v 0.416449 1.450840 -0.442015
v 0.416449 1.449160 -0.442015
v 0.417640 1.449160 -0.448000
v 0.413059 1.450840 -0.436941
v 0.413059 1.449160 -0.436941
v 0.407985 1.450840 -0.433551
v 0.407985 1.449160 -0.433551
v 0.402000 1.450840 -0.432360
v 0.402000 1.449160 -0.432360
v 0.396015 1.450840 -0.433551
v 0.396015 1.449160 -0.433551
v 0.390941 1.450840 -0.436941
v 0.390941 1.449160 -0.436941
v 0.387551 1.450840 -0.442015
v 0.387551 1.449160 -0.442015
v 0.386360 1.450840 -0.448000
v 0.386360 1.449160 -0.448000
v 0.387551 1.450840 -0.453985
v 0.387551 1.449160 -0.453985
v 0.390941 1.450840 -0.459059
v 0.390941 1.449160 -0.459059
v 0.396015 1.450840 -0.462449
v 0.396015 1.449160 -0.462449
v 0.402000 1.450840 -0.463640
v 0.402000 1.449160 -0.463640
v 0.407985 1.450840 -0.462449
v 0.407985 1.449160 -0.462449
v 0.413059 1.450840 -0.459059
v 0.413059 1.449160 -0.459059
v 0.416449 1.450840 -0.453985
v 0.416449 1.449160 -0.453985
v 0.413778 1.452800 -0.441200
v 0.402000 1.452800 -0.434400
v 0.402000 1.450000 -0.434400
v 0.413778 1.450000 -0.441200
v 0.390222 1.452800 -0.441200
v 0.390222 1.450000 -0.441200
v 0.390222 1.452800 -0.454800
v 0.390222 1.450000 -0.454800
v 0.402000 1.452800 -0.461600
v 0.402000 1.450000 -0.461600
v 0.413778 1.452800 -0.454800
v 0.413778 1.450000 -0.454800
v 0.410000 1.464000 0.434000
v 0.406000 1.464000 0.440928
v 0.406000 1.450000 0.440928
v 0.410000 1.450000 0.434000
v 0.398000 1.464000 0.440928
v 0.398000 1.450000 0.440928
v 0.394000 1.464000 0.434000
v 0.394000 1.450000 0.434000
v 0.398000 1.464000 0.427072
v 0.398000 1.450000 0.427072
v 0.406000 1.464000 0.427072
v 0.406000 1.450000 0.427072
v 0.417640 1.450840 0.434000
v 0.416449 1.450840 0.439985
v 0.416449 1.449160 0.439985
v 0.417640 1.449160 0.434000
v 0.413059 1.450840 0.445059
v 0.413059 1.449160 0.445059
v 0.407985 1.450840 0.448449
v 0.407985 1.449160 0.448449
v 0.402000 1.450840 0.449640
v 0.402000 1.449160 0.449640
v 0.396015 1.450840 0.448449
v 0.396015 1.449160 0.448449
v 0.390941 1.450840 0.445059
v 0.390941 1.449160 0.445059
v 0.387551 1.450840 0.439985
v 0.387551 1.449160 0.439985
v 0.386360 1.450840 0.434000
v 0.386360 1.449160 0.434000
v 0.387551 1.450840 0.428015
v 0.387551 1.449160 0.428015
v 0.390941 1.450840 0.422941
v 0.390941 1.449160 0.422941
v 0.396015 1.450840 0.419551
v 0.396015 1.449160 0.419551
v 0.402000 1.450840 0.418360
v 0.402000 1.449160 0.418360
v 0.407985 1.450840 0.419551
v 0.407985 1.449160 0.419551
v 0.413059 1.450840 0.422941
v 0.413059 1.449160 0.422941
v 0.416449 1.450840 0.428015
v 0.416449 1.449160 0.428015
v 0.413778 1.452800 0.440800
v 0.402000 1.452800 0.447600
v 0.402000 1.450000 0.447600
v 0.413778 1.450000 0.440800
v 0.390222 1.452800 0.440800
v 0.390222 1.450000 0.440800
v 0.390222 1.452800 0.427200
v 0.390222 1.450000 0.427200
v 0.402000 1.452800 0.420400
v 0.402000 1.450000 0.420400
v 0.413778 1.452800 0.427200
v 0.413778 1.450000 0.427200
v 0.544000 1.464000 -0.448000
v 0.540000 1.464000 -0.441072
v 0.540000 1.450000 -0.441072
v 0.544000 1.450000 -0.448000
v 0.532000 1.464000 -0.441072
v 0.532000 1.450000 -0.441072
v 0.528000 1.464000 -0.448000
v 0.528000 1.450000 -0.448000
v 0.532000 1.464000 -0.454928
v 0.532000 1.450000 -0.454928
v 0.540000 1.464000 -0.454928
v 0.540000 1.450000 -0.454928
v 0.551640 1.450840 -0.448000
v 0.550449 1.450840 -0.442015
v 0.550449 1.449160 -0.442015
v 0.551640 1.449160 -0.448000
v 0.547059 1.450840 -0.436941
v 0.547059 1.449160 -0.436941
v 0.541985 1.450840 -0.433551
v 0.541985 1.449160 -0.433551
v 0.536000 1.450840 -0.432360
v 0.536000 1.449160 -0.432360
v 0.530015 1.450840 -0.433551
v 0.530015 1.449160 -0.433551
v 0.524941 1.450840 -0.436941
v 0.524941 1.449160 -0.436941
v 0.521551 1.450840 -0.442015
v 0.521551 1.449160 -0.442015
v 0.520360 1.450840 -0.448000
v 0.520360 1.449160 -0.448000
v 0.521551 1.450840 -0.453985
v 0.521551 1.449160 -0.453985
v 0.524941 1.450840 -0.459059
v 0.524941 1.449160 -0.459059
v 0.530015 1.450840 -0.462449
v 0.530015 1.449160 -0.462449
v 0.536000 1.450840 -0.463640
v 0.536000 1.449160 -0.463640
v 0.541985 1.450840 -0.462449
v 0.541985 1.449160 -0.462449
v 0.547059 1.450840 -0.459059
v 0.547059 1.449160 -0.459059
v 0.550449 1.450840 -0.453985
v 0.550449 1.449160 -0.453985
v 0.547778 1.452800 -0.441200
v 0.536000 1.452800 -0.434400
v 0.536000 1.450000 -0.434400
v 0.547778 1.450000 -0.441200
v 0.524222 1.452800 -0.441200
v 0.524222 1.450000 -0.441200
v 0.524222 1.452800 -0.454800
v 0.524222 1.450000 -0.454800
v 0.536000 1.452800 -0.461600
v 0.536000 1.450000 -0.461600
v 0.547778 1.452800 -0.454800
v 0.547778 1.450000 -0.454800
v 0.544000 1.464000 0.434000
v 0.540000 1.464000 0.440928
v 0.540000 1.450000 0.440928
v 0.544000 1.450000 0.434000
v 0.532000 1.464000 0.440928
v 0.532000 1.450000 0.440928
v 0.528000 1.464000 0.434000
v 0.528000 1.450000 0.434000
v 0.532000 1.464000 0.427072
v 0.532000 1.450000 0.427072
v 0.540000 1.464000 0.427072
v 0.540000 1.450000 0.427072
v 0.551640 1.450840 0.434000
v 0.550449 1.450840 0.439985
v 0.550449 1.449160 0.439985
v 0.551640 1.449160 0.434000
v 0.547059 1.450840 0.445059
v 0.547059 1.449160 0.445059
v 0.541985 1.450840 0.448449
v 0.541985 1.449160 0.448449
v 0.536000 1.450840 0.449640
v 0.536000 1.449160 0.449640
v 0.530015 1.450840 0.448449
v 0.530015 1.449160 0.448449
v 0.524941 1.450840 0.445059
v 0.524941 1.449160 0.445059
v 0.521551 1.450840 0.439985
v 0.521551 1.449160 0.439985
v 0.520360 1.450840 0.434000
v 0.520360 1.449160 0.434000
v 0.521551 1.450840 0.428015
v 0.521551 1.449160 0.428015
v 0.524941 1.450840 0.422941
v 0.524941 1.449160 0.422941
v 0.530015 1.450840 0.419551
v 0.530015 1.449160 0.419551
v 0.536000 1.450840 0.418360
v 0.536000 1.449160 0.418360
v 0.541985 1.450840 0.419551
v 0.541985 1.449160 0.419551
v 0.547059 1.450840 0.422941
v 0.547059 1.449160 0.422941
v 0.550449 1.450840 0.428015
v 0.550449 1.449160 0.428015
v 0.547778 1.452800 0.440800
v 0.536000 1.452800 0.447600
v 0.536000 1.450000 0.447600
v 0.547778 1.450000 0.440800
v 0.524222 1.452800 0.440800
v 0.524222 1.450000 0.440800
v 0.524222 1.452800 0.427200
v 0.524222 1.450000 0.427200
v 0.536000 1.452800 0.420400
v 0.536000 1.450000 0.420400
v 0.547778 1.452800 0.427200
v 0.547778 1.450000 0.427200
v 0.678000 1.464000 -0.448000
v 0.674000 1.464000 -0.441072
v 0.674000 1.450000 -0.441072
v 0.678000 1.450000 -0.448000
v 0.666000 1.464000 -0.441072
v 0.666000 1.450000 -0.441072
v 0.662000 1.464000 -0.448000
v 0.662000 1.450000 -0.448000
v 0.666000 1.464000 -0.454928
v 0.666000 1.450000 -0.454928
v 0.674000 1.464000 -0.454928
v 0.674000 1.450000 -0.454928
v 0.685640 1.450840 -0.448000
v 0.684449 1.450840 -0.442015
v 0.684449 1.449160 -0.442015
v 0.685640 1.449160 -0.448000
v 0.681059 1.450840 -0.436941
v 0.681059 1.449160 -0.436941
v 0.675985 1.450840 -0.433551
v 0.675985 1.449160 -0.433551
v 0.670000 1.450840 -0.432360
v 0.670000 1.449160 -0.432360
v 0.664015 1.450840 -0.433551
v 0.664015 1.449160 -0.433551
v 0.658941 1.450840 -0.436941
v 0.658941 1.449160 -0.436941
v 0.655551 1.450840 -0.442015
v 0.655551 1.449160 -0.442015
v 0.654360 1.450840 -0.448000
v 0.654360 1.449160 -0.448000
v 0.655551 1.450840 -0.453985
v 0.655551 1.449160 -0.453985
v 0.658941 1.450840 -0.459059
v 0.658941 1.449160 -0.459059
v 0.664015 1.450840 -0.462449
v 0.664015 1.449160 -0.462449
v 0.670000 1.450840 -0.463640
v 0.670000 1.449160 -0.463640
v 0.675985 1.450840 -0.462449
v 0.675985 1.449160 -0.462449
v 0.681059 1.450840 -0.459059
v 0.681059 1.449160 -0.459059
v 0.684449 1.450840 -0.453985
v 0.684449 1.449160 -0.453985
v 0.681778 1.452800 -0.441200
v 0.670000 1.452800 -0.434400
v 0.670000 1.450000 -0.434400
v 0.681778 1.450000 -0.441200
v 0.658222 1.452800 -0.441200
v 0.658222 1.450000 -0.441200
v 0.658222 1.452800 -0.454800
v 0.658222 1.450000 -0.454800
v 0.670000 1.452800 -0.461600
v 0.670000 1.450000 -0.461600
v 0.681778 1.452800 -0.454800
v 0.681778 1.450000 -0.454800
v 0.678000 1.464000 0.434000
v 0.674000 1.464000 0.440928
v 0.674000 1.450000 0.440928
v 0.678000 1.450000 0.434000
v 0.666000 1.464000 0.440928
v 0.666000 1.450000 0.440928
v 0.662000 1.464000 0.434000
v 0.662000 1.450000 0.434000
v 0.666000 1.464000 0.427072
v 0.666000 1.450000 0.427072
v 0.674000 1.464000 0.427072
v 0.674000 1.450000 0.427072
v 0.685640 1.450840 0.434000
v 0.684449 1.450840 0.439985
v 0.684449 1.449160 0.439985
v 0.685640 1.449160 0.434000
v 0.681059 1.450840 0.445059
v 0.681059 1.449160 0.445059
v 0.675985 1.450840 0.448449
v 0.675985 1.449160 0.448449
v 0.670000 1.450840 0.449640
v 0.670000 1.449160 0.449640
v 0.664015 1.450840 0.448449
v 0.664015 1.449160 0.448449
v 0.658941 1.450840 0.445059
v 0.658941 1.449160 0.445059
v 0.655551 1.450840 0.439985
v 0.655551 1.449160 0.439985
v 0.654360 1.450840 0.434000
v 0.654360 1.449160 0.434000
v 0.655551 1.450840 0.428015
v 0.655551 1.449160 0.428015
v 0.658941 1.450840 0.422941
v 0.658941 1.449160 0.422941
v 0.664015 1.450840 0.419551
v 0.664015 1.449160 0.419551
v 0.670000 1.450840 0.418360
v 0.670000 1.449160 0.418360
v 0.675985 1.450840 0.419551
v 0.675985 1.449160 0.419551
v 0.681059 1.450840 0.422941
v 0.681059 1.449160 0.422941
v 0.684449 1.450840 0.428015
v 0.684449 1.449160 0.428015
v 0.681778 1.452800 0.440800
v 0.670000 1.452800 0.447600
v 0.670000 1.450000 0.447600
v 0.681778 1.450000 0.440800
v 0.658222 1.452800 0.440800
v 0.658222 1.450000 0.440800
v 0.658222 1.452800 0.427200
v 0.658222 1.450000 0.427200
v 0.670000 1.452800 0.420400
v 0.670000 1.450000 0.420400
v 0.681778 1.452800 0.427200
v 0.681778 1.450000 0.427200
v -0.580000 0.298000 -0.630000
v -0.540000 0.298000 -0.630000
v -0.540000 0.298000 -0.470000
v -0.580000 0.298000 -0.470000
v -0.580000 0.342000 -0.470000
v -0.540000 0.342000 -0.470000
v -0.540000 0.342000 -0.630000
v -0.580000 0.342000 -0.630000
v -0.580000 1.218000 -0.630000
v -0.540000 1.218000 -0.630000
v -0.540000 1.218000 -0.470000
v -0.580000 1.218000 -0.470000
v -0.580000 1.262000 -0.470000
v -0.540000 1.262000 -0.470000
v -0.540000 1.262000 -0.630000
v -0.580000 1.262000 -0.630000
v -0.590000 0.346000 -0.494000
v -0.590000 0.344478 -0.486346
v -0.530000 0.344478 -0.486346
v -0.530000 0.346000 -0.494000
v -0.590000 0.340142 -0.479858
v -0.530000 0.340142 -0.479858
v -0.590000 0.333654 -0.475522
v -0.530000 0.333654 -0.475522
v -0.590000 0.326000 -0.474000
v -0.530000 0.326000 -0.474000
v -0.590000 0.318346 -0.475522
v -0.530000 0.318346 -0.475522
v -0.590000 0.311858 -0.479858
v -0.530000 0.311858 -0.479858
v -0.590000 0.307522 -0.486346
v -0.530000 0.307522 -0.486346
v -0.590000 0.306000 -0.494000
v -0.530000 0.306000 -0.494000
v -0.590000 0.307522 -0.501654
v -0.530000 0.307522 -0.501654
v -0.590000 0.311858 -0.508142
v -0.530000 0.311858 -0.508142
v -0.590000 0.318346 -0.512478
v -0.530000 0.318346 -0.512478
v -0.590000 0.326000 -0.514000
v -0.530000 0.326000 -0.514000
v -0.590000 0.333654 -0.512478
v -0.530000 0.333654 -0.512478
v -0.590000 0.340142 -0.508142
v -0.530000 0.340142 -0.508142
v -0.590000 0.344478 -0.501654
v -0.530000 0.344478 -0.501654
v -0.590000 1.254000 -0.494000
v -0.590000 1.252478 -0.486346
v -0.530000 1.252478 -0.486346
v -0.530000 1.254000 -0.494000
v -0.590000 1.248142 -0.479858
v -0.530000 1.248142 -0.479858
v -0.590000 1.241654 -0.475522
v -0.530000 1.241654 -0.475522
v -0.590000 1.234000 -0.474000
v -0.530000 1.234000 -0.474000
v -0.590000 1.226346 -0.475522
v -0.530000 1.226346 -0.475522
v -0.590000 1.219858 -0.479858
v -0.530000 1.219858 -0.479858
v -0.590000 1.215522 -0.486346
v -0.530000 1.215522 -0.486346
v -0.590000 1.214000 -0.494000
v -0.530000 1.214000 -0.494000
v -0.590000 1.215522 -0.501654
v -0.530000 1.215522 -0.501654
v -0.590000 1.219858 -0.508142
v -0.530000 1.219858 -0.508142
v -0.590000 1.226346 -0.512478
v -0.530000 1.226346 -0.512478
v -0.590000 1.234000 -0.514000
v -0.530000 1.234000 -0.514000
v -0.590000 1.241654 -0.512478
v -0.530000 1.241654 -0.512478
v -0.590000 1.248142 -0.508142
v -0.530000 1.248142 -0.508142
v -0.590000 1.252478 -0.501654
v -0.530000 1.252478 -0.501654
v -0.590000 0.342000 -0.628727
v -0.530000 0.342000 -0.628727
v -0.530000 0.342000 -0.616727
v -0.590000 0.342000 -0.616727
v -0.590000 1.218000 -0.616727
v -0.530000 1.218000 -0.616727
v -0.530000 1.218000 -0.628727
v -0.590000 1.218000 -0.628727
v -0.590000 0.342000 -0.614182
v -0.530000 0.342000 -0.614182
v -0.530000 0.342000 -0.602182
v -0.590000 0.342000 -0.602182
v -0.590000 1.218000 -0.602182
v -0.530000 1.218000 -0.602182
v -0.530000 1.218000 -0.614182
v -0.590000 1.218000 -0.614182
v -0.590000 0.342000 -0.599636
v -0.530000 0.342000 -0.599636
v -0.530000 0.342000 -0.587636
v -0.590000 0.342000 -0.587636
v -0.590000 1.218000 -0.587636
v -0.530000 1.218000 -0.587636
v -0.530000 1.218000 -0.599636
v -0.590000 1.218000 -0.599636
v -0.590000 0.342000 -0.585091
v -0.530000 0.342000 -0.585091
v -0.530000 0.342000 -0.573091
v -0.590000 0.342000 -0.573091
v -0.590000 1.218000 -0.573091
v -0.530000 1.218000 -0.573091
v -0.530000 1.218000 -0.585091
v -0.590000 1.218000 -0.585091
v -0.590000 0.342000 -0.570545
v -0.530000 0.342000 -0.570545
v -0.530000 0.342000 -0.558545
v -0.590000 0.342000 -0.558545
v -0.590000 1.218000 -0.558545
v -0.530000 1.218000 -0.558545
v -0.530000 1.218000 -0.570545
v -0.590000 1.218000 -0.570545
v -0.590000 0.342000 -0.556000
v -0.530000 0.342000 -0.556000
v -0.530000 0.342000 -0.544000
v -0.590000 0.342000 -0.544000
v -0.590000 1.218000 -0.544000
v -0.530000 1.218000 -0.544000
v -0.530000 1.218000 -0.556000
v -0.590000 1.218000 -0.556000
v -0.590000 0.342000 -0.541455
v -0.530000 0.342000 -0.541455
v -0.530000 0.342000 -0.529455
v -0.590000 0.342000 -0.529455
v -0.590000 1.218000 -0.529455
v -0.530000 1.218000 -0.529455
v -0.530000 1.218000 -0.541455
v -0.590000 1.218000 -0.541455
v -0.590000 0.342000 -0.526909
v -0.530000 0.342000 -0.526909
v -0.530000 0.342000 -0.514909
v -0.590000 0.342000 -0.514909
v -0.590000 1.218000 -0.514909
v -0.530000 1.218000 -0.514909
v -0.530000 1.218000 -0.526909
v -0.590000 1.218000 -0.526909
v -0.590000 0.342000 -0.512364
v -0.530000 0.342000 -0.512364
v -0.530000 0.342000 -0.500364
v -0.590000 0.342000 -0.500364
v -0.590000 1.218000 -0.500364
v -0.530000 1.218000 -0.500364
v -0.530000 1.218000 -0.512364
v -0.590000 1.218000 -0.512364
v -0.590000 0.342000 -0.497818
v -0.530000 0.342000 -0.497818
v -0.530000 0.342000 -0.485818
v -0.590000 0.342000 -0.485818
v -0.590000 1.218000 -0.485818
v -0.530000 1.218000 -0.485818
v -0.530000 1.218000 -0.497818
v -0.590000 1.218000 -0.497818
v -0.590000 0.342000 -0.483273
v -0.530000 0.342000 -0.483273
v -0.530000 0.342000 -0.471273
v -0.590000 0.342000 -0.471273
v -0.590000 1.218000 -0.471273
v -0.530000 1.218000 -0.471273
v -0.530000 1.218000 -0.483273
v -0.590000 1.218000 -0.483273
v -0.206667 0.298000 -0.630000
v -0.166667 0.298000 -0.630000
v -0.166667 0.298000 -0.470000
v -0.206667 0.298000 -0.470000
v -0.206667 0.342000 -0.470000
v -0.166667 0.342000 -0.470000
v -0.166667 0.342000 -0.630000
v -0.206667 0.342000 -0.630000
v -0.206667 1.218000 -0.630000
v -0.166667 1.218000 -0.630000
v -0.166667 1.218000 -0.470000
v -0.206667 1.218000 -0.470000
v -0.206667 1.262000 -0.470000
v -0.166667 1.262000 -0.470000
v -0.166667 1.262000 -0.630000
v -0.206667 1.262000 -0.630000
v -0.216667 0.346000 -0.494000
v -0.216667 0.344478 -0.486346
v -0.156667 0.344478 -0.486346
v -0.156667 0.346000 -0.494000
v -0.216667 0.340142 -0.479858
v -0.156667 0.340142 -0.479858
v -0.216667 0.333654 -0.475522
v -0.156667 0.333654 -0.475522
v -0.216667 0.326000 -0.474000
v -0.156667 0.326000 -0.474000
v -0.216667 0.318346 -0.475522
v -0.156667 0.318346 -0.475522
v -0.216667 0.311858 -0.479858
v -0.156667 0.311858 -0.479858
v -0.216667 0.307522 -0.486346
v -0.156667 0.307522 -0.486346
v -0.216667 0.306000 -0.494000
v -0.156667 0.306000 -0.494000
v -0.216667 0.307522 -0.501654
v -0.156667 0.307522 -0.501654
v -0.216667 0.311858 -0.508142
v -0.156667 0.311858 -0.508142
v -0.216667 0.318346 -0.512478
v -0.156667 0.318346 -0.512478
v -0.216667 0.326000 -0.514000
v -0.156667 0.326000 -0.514000
v -0.216667 0.333654 -0.512478
v -0.156667 0.333654 -0.512478
v -0.216667 0.340142 -0.508142
v -0.156667 0.340142 -0.508142
v -0.216667 0.344478 -0.501654
v -0.156667 0.344478 -0.501654
v -0.216667 1.254000 -0.494000
v -0.216667 1.252478 -0.486346
v -0.156667 1.252478 -0.486346
v -0.156667 1.254000 -0.494000
v -0.216667 1.248142 -0.479858
v -0.156667 1.248142 -0.479858
v -0.216667 1.241654 -0.475522
v -0.156667 1.241654 -0.475522
v -0.216667 1.234000 -0.474000
v -0.156667 1.234000 -0.474000
v -0.216667 1.226346 -0.475522
v -0.156667 1.226346 -0.475522
v -0.216667 1.219858 -0.479858
v -0.156667 1.219858 -0.479858
v -0.216667 1.215522 -0.486346
v -0.156667 1.215522 -0.486346
v -0.216667 1.214000 -0.494000
v -0.156667 1.214000 -0.494000
v -0.216667 1.215522 -0.501654
v -0.156667 1.215522 -0.501654
v -0.216667 1.219858 -0.508142
v -0.156667 1.219858 -0.508142
v -0.216667 1.226346 -0.512478
v -0.156667 1.226346 -0.512478
v -0.216667 1.234000 -0.514000
v -0.156667 1.234000 -0.514000
v -0.216667 1.241654 -0.512478
v -0.156667 1.241654 -0.512478
v -0.216667 1.248142 -0.508142
v -0.156667 1.248142 -0.508142
v -0.216667 1.252478 -0.501654
v -0.156667 1.252478 -0.501654
v -0.216667 0.342000 -0.628727
v -0.156667 0.342000 -0.628727
v -0.156667 0.342000 -0.616727
v -0.216667 0.342000 -0.616727
v -0.216667 1.218000 -0.616727
v -0.156667 1.218000 -0.616727
v -0.156667 1.218000 -0.628727
v -0.216667 1.218000 -0.628727
v -0.216667 0.342000 -0.614182
v -0.156667 0.342000 -0.614182
v -0.156667 0.342000 -0.602182
v -0.216667 0.342000 -0.602182
v -0.216667 1.218000 -0.602182
v -0.156667 1.218000 -0.602182
v -0.156667 1.218000 -0.614182
v -0.216667 1.218000 -0.614182
v -0.216667 0.342000 -0.599636
v -0.156667 0.342000 -0.599636
v -0.156667 0.342000 -0.587636
v -0.216667 0.342000 -0.587636
v -0.216667 1.218000 -0.587636
v -0.156667 1.218000 -0.587636
v -0.156667 1.218000 -0.599636
v -0.216667 1.218000 -0.599636
v -0.216667 0.342000 -0.585091
v -0.156667 0.342000 -0.585091
v -0.156667 0.342000 -0.573091
v -0.216667 0.342000 -0.573091
v -0.216667 1.218000 -0.573091
v -0.156667 1.218000 -0.573091
v -0.156667 1.218000 -0.585091
v -0.216667 1.218000 -0.585091
v -0.216667 0.342000 -0.570545
v -0.156667 0.342000 -0.570545
v -0.156667 0.342000 -0.558545
v -0.216667 0.342000 -0.558545
v -0.216667 1.218000 -0.558545
v -0.156667 1.218000 -0.558545
v -0.156667 1.218000 -0.570545
v -0.216667 1.218000 -0.570545
v -0.216667 0.342000 -0.556000
v -0.156667 0.342000 -0.556000
v -0.156667 0.342000 -0.544000
v -0.216667 0.342000 -0.544000
v -0.216667 1.218000 -0.544000
v -0.156667 1.218000 -0.544000
v -0.156667 1.218000 -0.556000
v -0.216667 1.218000 -0.556000
v -0.216667 0.342000 -0.541455
v -0.156667 0.342000 -0.541455
v -0.156667 0.342000 -0.529455
v -0.216667 0.342000 -0.529455
v -0.216667 1.218000 -0.529455
v -0.156667 1.218000 -0.529455
v -0.156667 1.218000 -0.541455
v -0.216667 1.218000 -0.541455
v -0.216667 0.342000 -0.526909
v -0.156667 0.342000 -0.526909
v -0.156667 0.342000 -0.514909
v -0.216667 0.342000 -0.514909
v -0.216667 1.218000 -0.514909
v -0.156667 1.218000 -0.514909
v -0.156667 1.218000 -0.526909
v -0.216667 1.218000 -0.526909
v -0.216667 0.342000 -0.512364
v -0.156667 0.342000 -0.512364
v -0.156667 0.342000 -0.500364
v -0.216667 0.342000 -0.500364
v -0.216667 1.218000 -0.500364
v -0.156667 1.218000 -0.500364
v -0.156667 1.218000 -0.512364
v -0.216667 1.218000 -0.512364
v -0.216667 0.342000 -0.497818
v -0.156667 0.342000 -0.497818
v -0.156667 0.342000 -0.485818
v -0.216667 0.342000 -0.485818
v -0.216667 1.218000 -0.485818
v -0.156667 1.218000 -0.485818
v -0.156667 1.218000 -0.497818
v -0.216667 1.218000 -0.497818
v -0.216667 0.342000 -0.483273
v -0.156667 0.342000 -0.483273
v -0.156667 0.342000 -0.471273
v -0.216667 0.342000 -0.471273
v -0.216667 1.218000 -0.471273
v -0.156667 1.218000 -0.471273
v -0.156667 1.218000 -0.483273
v -0.216667 1.218000 -0.483273
v 0.166667 0.298000 -0.630000
v 0.206667 0.298000 -0.630000
v 0.206667 0.298000 -0.470000
v 0.166667 0.298000 -0.470000
v 0.166667 0.342000 -0.470000
v 0.206667 0.342000 -0.470000
v 0.206667 0.342000 -0.630000
v 0.166667 0.342000 -0.630000
v 0.166667 1.218000 -0.630000
v 0.206667 1.218000 -0.630000
v 0.206667 1.218000 -0.470000
v 0.166667 1.218000 -0.470000
v 0.166667 1.262000 -0.470000
v 0.206667 1.262000 -0.470000
v 0.206667 1.262000 -0.630000
v 0.166667 1.262000 -0.630000
v 0.156667 0.346000 -0.494000
v 0.156667 0.344478 -0.486346
v 0.216667 0.344478 -0.486346
v 0.216667 0.346000 -0.494000
v 0.156667 0.340142 -0.479858
v 0.216667 0.340142 -0.479858
v 0.156667 0.333654 -0.475522
v 0.216667 0.333654 -0.475522
v 0.156667 0.326000 -0.474000
v 0.216667 0.326000 -0.474000
v 0.156667 0.318346 -0.475522
v 0.216667 0.318346 -0.475522
v 0.156667 0.311858 -0.479858
v 0.216667 0.311858 -0.479858
v 0.156667 0.307522 -0.486346
v 0.216667 0.307522 -0.486346
v 0.156667 0.306000 -0.494000
v 0.216667 0.306000 -0.494000
v 0.156667 0.307522 -0.501654
v 0.216667 0.307522 -0.501654
v 0.156667 0.311858 -0.508142
v 0.216667 0.311858 -0.508142
v 0.156667 0.318346 -0.512478
v 0.216667 0.318346 -0.512478
v 0.156667 0.326000 -0.514000
v 0.216667 0.326000 -0.514000
v 0.156667 0.333654 -0.512478
v 0.216667 0.333654 -0.512478
v 0.156667 0.340142 -0.508142
v 0.216667 0.340142 -0.508142
v 0.156667 0.344478 -0.501654
v 0.216667 0.344478 -0.501654
v 0.156667 1.254000 -0.494000
v 0.156667 1.252478 -0.486346
v 0.216667 1.252478 -0.486346
v 0.216667 1.254000 -0.494000
v 0.156667 1.248142 -0.479858
v 0.216667 1.248142 -0.479858
v 0.156667 1.241654 -0.475522
v 0.216667 1.241654 -0.475522
v 0.156667 1.234000 -0.474000
v 0.216667 1.234000 -0.474000
v 0.156667 1.226346 -0.475522
v 0.216667 1.226346 -0.475522
v 0.156667 1.219858 -0.479858
v 0.216667 1.219858 -0.479858
v 0.156667 1.215522 -0.486346
v 0.216667 1.215522 -0.486346
v 0.156667 1.214000 -0.494000
v 0.216667 1.214000 -0.494000
v 0.156667 1.215522 -0.501654
v 0.216667 1.215522 -0.501654
v 0.156667 1.219858 -0.508142
v 0.216667 1.219858 -0.508142
v 0.156667 1.226346 -0.512478
v 0.216667 1.226346 -0.512478
v 0.156667 1.234000 -0.514000
v 0.216667 1.234000 -0.514000
v 0.156667 1.241654 -0.512478
v 0.216667 1.241654 -0.512478
v 0.156667 1.248142 -0.508142
v 0.216667 1.248142 -0.508142
v 0.156667 1.252478 -0.501654
v 0.216667 1.252478 -0.501654
v 0.156667 0.342000 -0.628727
v 0.216667 0.342000 -0.628727
v 0.216667 0.342000 -0.616727
v 0.156667 0.342000 -0.616727
v 0.156667 1.218000 -0.616727
v 0.216667 1.218000 -0.616727
v 0.216667 1.218000 -0.628727
v 0.156667 1.218000 -0.628727
v 0.156667 0.342000 -0.614182
v 0.216667 0.342000 -0.614182
v 0.216667 0.342000 -0.602182
v 0.156667 0.342000 -0.602182
v 0.156667 1.218000 -0.602182
v 0.216667 1.218000 -0.602182
v 0.216667 1.218000 -0.614182
v 0.156667 1.218000 -0.614182
v 0.156667 0.342000 -0.599636
v 0.216667 0.342000 -0.599636
v 0.216667 0.342000 -0.587636
v 0.156667 0.342000 -0.587636
v 0.156667 1.218000 -0.587636
v 0.216667 1.218000 -0.587636
v 0.216667 1.218000 -0.599636
v 0.156667 1.218000 -0.599636
v 0.156667 0.342000 -0.585091
v 0.216667 0.342000 -0.585091
v 0.216667 0.342000 -0.573091
v 0.156667 0.342000 -0.573091
v 0.156667 1.218000 -0.573091
v 0.216667 1.218000 -0.573091
v 0.216667 1.218000 -0.585091
v 0.156667 1.218000 -0.585091
v 0.156667 0.342000 -0.570545
v 0.216667 0.342000 -0.570545
v 0.216667 0.342000 -0.558545
v 0.156667 0.342000 -0.558545
v 0.156667 1.218000 -0.558545
v 0.216667 1.218000 -0.558545
v 0.216667 1.218000 -0.570545
v 0.156667 1.218000 -0.570545
v 0.156667 0.342000 -0.556000
v 0.216667 0.342000 -0.556000
v 0.216667 0.342000 -0.544000
v 0.156667 0.342000 -0.544000
v 0.156667 1.218000 -0.544000
v 0.216667 1.218000 -0.544000
v 0.216667 1.218000 -0.556000
v 0.156667 1.218000 -0.556000
v 0.156667 0.342000 -0.541455
v 0.216667 0.342000 -0.541455
v 0.216667 0.342000 -0.529455
v 0.156667 0.342000 -0.529455
v 0.156667 1.218000 -0.529455
v 0.216667 1.218000 -0.529455
v 0.216667 1.218000 -0.541455
v 0.156667 1.218000 -0.541455
v 0.156667 0.342000 -0.526909
v 0.216667 0.342000 -0.526909
v 0.216667 0.342000 -0.514909
v 0.156667 0.342000 -0.514909
v 0.156667 1.218000 -0.514909
v 0.216667 1.218000 -0.514909
v 0.216667 1.218000 -0.526909
v 0.156667 1.218000 -0.526909
v 0.156667 0.342000 -0.512364
v 0.216667 0.342000 -0.512364
v 0.216667 0.342000 -0.500364
v 0.156667 0.342000 -0.500364
v 0.156667 1.218000 -0.500364
v 0.216667 1.218000 -0.500364
v 0.216667 1.218000 -0.512364
v 0.156667 1.218000 -0.512364
v 0.156667 0.342000 -0.497818
v 0.216667 0.342000 -0.497818
v 0.216667 0.342000 -0.485818
v 0.156667 0.342000 -0.485818
v 0.156667 1.218000 -0.485818
v 0.216667 1.218000 -0.485818
v 0.216667 1.218000 -0.497818
v 0.156667 1.218000 -0.497818
v 0.156667 0.342000 -0.483273
v 0.216667 0.342000 -0.483273
v 0.216667 0.342000 -0.471273
v 0.156667 0.342000 -0.471273
v 0.156667 1.218000 -0.471273
v 0.216667 1.218000 -0.471273
v 0.216667 1.218000 -0.483273
v 0.156667 1.218000 -0.483273
v 0.540000 0.298000 -0.630000
v 0.580000 0.298000 -0.630000
v 0.580000 0.298000 -0.470000
v 0.540000 0.298000 -0.470000
v 0.540000 0.342000 -0.470000
v 0.580000 0.342000 -0.470000
v 0.580000 0.342000 -0.630000
v 0.540000 0.342000 -0.630000
v 0.540000 1.218000 -0.630000
v 0.580000 1.218000 -0.630000
v 0.580000 1.218000 -0.470000
v 0.540000 1.218000 -0.470000
v 0.540000 1.262000 -0.470000
v 0.580000 1.262000 -0.470000
v 0.580000 1.262000 -0.630000
v 0.540000 1.262000 -0.630000
v 0.530000 0.346000 -0.494000
v 0.530000 0.344478 -0.486346
v 0.590000 0.344478 -0.486346
v 0.590000 0.346000 -0.494000
v 0.530000 0.340142 -0.479858
v 0.590000 0.340142 -0.479858
v 0.530000 0.333654 -0.475522
v 0.590000 0.333654 -0.475522
v 0.530000 0.326000 -0.474000
v 0.590000 0.326000 -0.474000
v 0.530000 0.318346 -0.475522
v 0.590000 0.318346 -0.475522
v 0.530000 0.311858 -0.479858
v 0.590000 0.311858 -0.479858
v 0.530000 0.307522 -0.486346
v 0.590000 0.307522 -0.486346
v 0.530000 0.306000 -0.494000
v 0.590000 0.306000 -0.494000
v 0.530000 0.307522 -0.501654
v 0.590000 0.307522 -0.501654
v 0.530000 0.311858 -0.508142
v 0.590000 0.311858 -0.508142
v 0.530000 0.318346 -0.512478
v 0.590000 0.318346 -0.512478
v 0.530000 0.326000 -0.514000
v 0.590000 0.326000 -0.514000
v 0.530000 0.333654 -0.512478
v 0.590000 0.333654 -0.512478
v 0.530000 0.340142 -0.508142
v 0.590000 0.340142 -0.508142
v 0.530000 0.344478 -0.501654
v 0.590000 0.344478 -0.501654
v 0.530000 1.254000 -0.494000
v 0.530000 1.252478 -0.486346
v 0.590000 1.252478 -0.486346
v 0.590000 1.254000 -0.494000
v 0.530000 1.248142 -0.479858
v 0.590000 1.248142 -0.479858
v 0.530000 1.241654 -0.475522
v 0.590000 1.241654 -0.475522
v 0.530000 1.234000 -0.474000
v 0.590000 1.234000 -0.474000
v 0.530000 1.226346 -0.475522
v 0.590000 1.226346 -0.475522
v 0.530000 1.219858 -0.479858
v 0.590000 1.219858 -0.479858
v 0.530000 1.215522 -0.486346
v 0.590000 1.215522 -0.486346
v 0.530000 1.214000 -0.494000
v 0.590000 1.214000 -0.494000
v 0.530000 1.215522 -0.501654
v 0.590000 1.215522 -0.501654
v 0.530000 1.219858 -0.508142
v 0.590000 1.219858 -0.508142
v 0.530000 1.226346 -0.512478
v 0.590000 1.226346 -0.512478
v 0.530000 1.234000 -0.514000
v 0.590000 1.234000 -0.514000
v 0.530000 1.241654 -0.512478
v 0.590000 1.241654 -0.512478
v 0.530000 1.248142 -0.508142
v 0.590000 1.248142 -0.508142
v 0.530000 1.252478 -0.501654
v 0.590000 1.252478 -0.501654
v 0.530000 0.342000 -0.628727
v 0.590000 0.342000 -0.628727
v 0.590000 0.342000 -0.616727
v 0.530000 0.342000 -0.616727
v 0.530000 1.218000 -0.616727
v 0.590000 1.218000 -0.616727
v 0.590000 1.218000 -0.628727
v 0.530000 1.218000 -0.628727
v 0.530000 0.342000 -0.614182
v 0.590000 0.342000 -0.614182
v 0.590000 0.342000 -0.602182
v 0.530000 0.342000 -0.602182
v 0.530000 1.218000 -0.602182
v 0.590000 1.218000 -0.602182
v 0.590000 1.218000 -0.614182
v 0.530000 1.218000 -0.614182
v 0.530000 0.342000 -0.599636
v 0.590000 0.342000 -0.599636
v 0.590000 0.342000 -0.587636
v 0.530000 0.342000 -0.587636
v 0.530000 1.218000 -0.587636
v 0.590000 1.218000 -0.587636
v 0.590000 1.218000 -0.599636
v 0.530000 1.218000 -0.599636
v 0.530000 0.342000 -0.585091
v 0.590000 0.342000 -0.585091
v 0.590000 0.342000 -0.573091
v 0.530000 0.342000 -0.573091
v 0.530000 1.218000 -0.573091
v 0.590000 1.218000 -0.573091
v 0.590000 1.218000 -0.585091
v 0.530000 1.218000 -0.585091
v 0.530000 0.342000 -0.570545
v 0.590000 0.342000 -0.570545
v 0.590000 0.342000 -0.558545
v 0.530000 0.342000 -0.558545
v 0.530000 1.218000 -0.558545
v 0.590000 1.218000 -0.558545
v 0.590000 1.218000 -0.570545
v 0.530000 1.218000 -0.570545
v 0.530000 0.342000 -0.556000
v 0.590000 0.342000 -0.556000
v 0.590000 0.342000 -0.544000
v 0.530000 0.342000 -0.544000
v 0.530000 1.218000 -0.544000
v 0.590000 1.218000 -0.544000
v 0.590000 1.218000 -0.556000
v 0.530000 1.218000 -0.556000
v 0.530000 0.342000 -0.541455
v 0.590000 0.342000 -0.541455
v 0.590000 0.342000 -0.529455
v 0.530000 0.342000 -0.529455
v 0.530000 1.218000 -0.529455
v 0.590000 1.218000 -0.529455
v 0.590000 1.218000 -0.541455
v 0.530000 1.218000 -0.541455
v 0.530000 0.342000 -0.526909
v 0.590000 0.342000 -0.526909
v 0.590000 0.342000 -0.514909
v 0.530000 0.342000 -0.514909
v 0.530000 1.218000 -0.514909
v 0.590000 1.218000 -0.514909
v 0.590000 1.218000 -0.526909
v 0.530000 1.218000 -0.526909
v 0.530000 0.342000 -0.512364
v 0.590000 0.342000 -0.512364
v 0.590000 0.342000 -0.500364
v 0.530000 0.342000 -0.500364
v 0.530000 1.218000 -0.500364
v 0.590000 1.218000 -0.500364
v 0.590000 1.218000 -0.512364
v 0.530000 1.218000 -0.512364
v 0.530000 0.342000 -0.497818
v 0.590000 0.342000 -0.497818
v 0.590000 0.342000 -0.485818
v 0.530000 0.342000 -0.485818
v 0.530000 1.218000 -0.485818
v 0.590000 1.218000 -0.485818
v 0.590000 1.218000 -0.497818
v 0.530000 1.218000 -0.497818
v 0.530000 0.342000 -0.483273
v 0.590000 0.342000 -0.483273
v 0.590000 0.342000 -0.471273
v 0.530000 0.342000 -0.471273
v 0.530000 1.218000 -0.471273
v 0.590000 1.218000 -0.471273
v 0.590000 1.218000 -0.483273
v 0.530000 1.218000 -0.483273
v -0.580000 0.298000 0.470000
v -0.540000 0.298000 0.470000
v -0.540000 0.298000 0.630000
v -0.580000 0.298000 0.630000
v -0.580000 0.342000 0.630000
v -0.540000 0.342000 0.630000
v -0.540000 0.342000 0.470000
v -0.580000 0.342000 0.470000
v -0.580000 1.218000 0.470000
v -0.540000 1.218000 0.470000
v -0.540000 1.218000 0.630000
v -0.580000 1.218000 0.630000
v -0.580000 1.262000 0.630000
v -0.540000 1.262000 0.630000
v -0.540000 1.262000 0.470000
v -0.580000 1.262000 0.470000
v -0.590000 0.346000 0.606000
v -0.590000 0.344478 0.613654
v -0.530000 0.344478 0.613654
v -0.530000 0.346000 0.606000
v -0.590000 0.340142 0.620142
v -0.530000 0.340142 0.620142
v -0.590000 0.333654 0.624478
v -0.530000 0.333654 0.624478
v -0.590000 0.326000 0.626000
v -0.530000 0.326000 0.626000
v -0.590000 0.318346 0.624478
v -0.530000 0.318346 0.624478
v -0.590000 0.311858 0.620142
v -0.530000 0.311858 0.620142
v -0.590000 0.307522 0.613654
v -0.530000 0.307522 0.613654
v -0.590000 0.306000 0.606000
v -0.530000 0.306000 0.606000
v -0.590000 0.307522 0.598346
v -0.530000 0.307522 0.598346
v -0.590000 0.311858 0.591858
v -0.530000 0.311858 0.591858
v -0.590000 0.318346 0.587522
v -0.530000 0.318346 0.587522
v -0.590000 0.326000 0.586000
v -0.530000 0.326000 0.586000
v -0.590000 0.333654 0.587522
v -0.530000 0.333654 0.587522
v -0.590000 0.340142 0.591858
v -0.530000 0.340142 0.591858
v -0.590000 0.344478 0.598346
v -0.530000 0.344478 0.598346
v -0.590000 1.254000 0.606000
v -0.590000 1.252478 0.613654
v -0.530000 1.252478 0.613654
v -0.530000 1.254000 0.606000
v -0.590000 1.248142 0.620142
v -0.530000 1.248142 0.620142
v -0.590000 1.241654 0.624478
v -0.530000 1.241654 0.624478
v -0.590000 1.234000 0.626000
v -0.530000 1.234000 0.626000
v -0.590000 1.226346 0.624478
v -0.530000 1.226346 0.624478
v -0.590000 1.219858 0.620142
v -0.530000 1.219858 0.620142
v -0.590000 1.215522 0.613654
v -0.530000 1.215522 0.613654
v -0.590000 1.214000 0.606000
v -0.530000 1.214000 0.606000
v -0.590000 1.215522 0.598346
v -0.530000 1.215522 0.598346
v -0.590000 1.219858 0.591858
v -0.530000 1.219858 0.591858
v -0.590000 1.226346 0.587522
v -0.530000 1.226346 0.587522
v -0.590000 1.234000 0.586000
v -0.530000 1.234000 0.586000
v -0.590000 1.241654 0.587522
v -0.530000 1.241654 0.587522
v -0.590000 1.248142 0.591858
v -0.530000 1.248142 0.591858
v -0.590000 1.252478 0.598346
v -0.530000 1.252478 0.598346
v -0.590000 0.342000 0.471273
v -0.530000 0.342000 0.471273
v -0.530000 0.342000 0.483273
v -0.590000 0.342000 0.483273
v -0.590000 1.218000 0.483273
v -0.530000 1.218000 0.483273
v -0.530000 1.218000 0.471273
v -0.590000 1.218000 0.471273
v -0.590000 0.342000 0.485818
v -0.530000 0.342000 0.485818
v -0.530000 0.342000 0.497818
v -0.590000 0.342000 0.497818
v -0.590000 1.218000 0.497818
v -0.530000 1.218000 0.497818
v -0.530000 1.218000 0.485818
v -0.590000 1.218000 0.485818
v -0.590000 0.342000 0.500364
v -0.530000 0.342000 0.500364
v -0.530000 0.342000 0.512364
v -0.590000 0.342000 0.512364
v -0.590000 1.218000 0.512364
v -0.530000 1.218000 0.512364
v -0.530000 1.218000 0.500364
v -0.590000 1.218000 0.500364
v -0.590000 0.342000 0.514909
v -0.530000 0.342000 0.514909
v -0.530000 0.342000 0.526909
v -0.590000 0.342000 0.526909
v -0.590000 1.218000 0.526909
v -0.530000 1.218000 0.526909
v -0.530000 1.218000 0.514909
v -0.590000 1.218000 0.514909
v -0.590000 0.342000 0.529455
v -0.530000 0.342000 0.529455
v -0.530000 0.342000 0.541455
v -0.590000 0.342000 0.541455
v -0.590000 1.218000 0.541455
v -0.530000 1.218000 0.541455
v -0.530000 1.218000 0.529455
v -0.590000 1.218000 0.529455
v -0.590000 0.342000 0.544000
v -0.530000 0.342000 0.544000
v -0.530000 0.342000 0.556000
v -0.590000 0.342000 0.556000
v -0.590000 1.218000 0.556000
v -0.530000 1.218000 0.556000
v -0.530000 1.218000 0.544000
v -0.590000 1.218000 0.544000
v -0.590000 0.342000 0.558545
v -0.530000 0.342000 0.558545
v -0.530000 0.342000 0.570545
v -0.590000 0.342000 0.570545
v -0.590000 1.218000 0.570545
v -0.530000 1.218000 0.570545
v -0.530000 1.218000 0.558545
v -0.590000 1.218000 0.558545
v -0.590000 0.342000 0.573091
v -0.530000 0.342000 0.573091
v -0.530000 0.342000 0.585091
v -0.590000 0.342000 0.585091
v -0.590000 1.218000 0.585091
v -0.530000 1.218000 0.585091
v -0.530000 1.218000 0.573091
v -0.590000 1.218000 0.573091
v -0.590000 0.342000 0.587636
v -0.530000 0.342000 0.587636
v -0.530000 0.342000 0.599636
v -0.590000 0.342000 0.599636
v -0.590000 1.218000 0.599636
v -0.530000 1.218000 0.599636
v -0.530000 1.218000 0.587636
v -0.590000 1.218000 0.587636
v -0.590000 0.342000 0.602182
v -0.530000 0.342000 0.602182
v -0.530000 0.342000 0.614182
v -0.590000 0.342000 0.614182
v -0.590000 1.218000 0.614182
v -0.530000 1.218000 0.614182
v -0.530000 1.218000 0.602182
v -0.590000 1.218000 0.602182
v -0.590000 0.342000 0.616727
v -0.530000 0.342000 0.616727
v -0.530000 0.342000 0.628727
v -0.590000 0.342000 0.628727
v -0.590000 1.218000 0.628727
v -0.530000 1.218000 0.628727
v -0.530000 1.218000 0.616727
v -0.590000 1.218000 0.616727
v -0.206667 0.298000 0.470000
v -0.166667 0.298000 0.470000
v -0.166667 0.298000 0.630000
v -0.206667 0.298000 0.630000
v -0.206667 0.342000 0.630000
v -0.166667 0.342000 0.630000
v -0.166667 0.342000 0.470000
v -0.206667 0.342000 0.470000
v -0.206667 1.218000 0.470000
v -0.166667 1.218000 0.470000
v -0.166667 1.218000 0.630000
v -0.206667 1.218000 0.630000
v -0.206667 1.262000 0.630000
v -0.166667 1.262000 0.630000
v -0.166667 1.262000 0.470000
v -0.206667 1.262000 0.470000
v -0.216667 0.346000 0.606000
v -0.216667 0.344478 0.613654
v -0.156667 0.344478 0.613654
v -0.156667 0.346000 0.606000
v -0.216667 0.340142 0.620142
v -0.156667 0.340142 0.620142
v -0.216667 0.333654 0.624478
v -0.156667 0.333654 0.624478
v -0.216667 0.326000 0.626000
v -0.156667 0.326000 0.626000
v -0.216667 0.318346 0.624478
v -0.156667 0.318346 0.624478
v -0.216667 0.311858 0.620142
v -0.156667 0.311858 0.620142
v -0.216667 0.307522 0.613654
v -0.156667 0.307522 0.613654
v -0.216667 0.306000 0.606000
v -0.156667 0.306000 0.606000
v -0.216667 0.307522 0.598346
v -0.156667 0.307522 0.598346
v -0.216667 0.311858 0.591858
v -0.156667 0.311858 0.591858
v -0.216667 0.318346 0.587522
v -0.156667 0.318346 0.587522
v -0.216667 0.326000 0.586000
v -0.156667 0.326000 0.586000
v -0.216667 0.333654 0.587522
v -0.156667 0.333654 0.587522
v -0.216667 0.340142 0.591858
v -0.156667 0.340142 0.591858
v -0.216667 0.344478 0.598346
v -0.156667 0.344478 0.598346
v -0.216667 1.254000 0.606000
v -0.216667 1.252478 0.613654
v -0.156667 1.252478 0.613654
v -0.156667 1.254000 0.606000
v -0.216667 1.248142 0.620142
v -0.156667 1.248142 0.620142
v -0.216667 1.241654 0.624478
v -0.156667 1.241654 0.624478
v -0.216667 1.234000 0.626000
v -0.156667 1.234000 0.626000
v -0.216667 1.226346 0.624478
v -0.156667 1.226346 0.624478
v -0.216667 1.219858 0.620142
v -0.156667 1.219858 0.620142
v -0.216667 1.215522 0.613654
v -0.156667 1.215522 0.613654
v -0.216667 1.214000 0.606000
v -0.156667 1.214000 0.606000
v -0.216667 1.215522 0.598346
v -0.156667 1.215522 0.598346
v -0.216667 1.219858 0.591858
v -0.156667 1.219858 0.591858
v -0.216667 1.226346 0.587522
v -0.156667 1.226346 0.587522
v -0.216667 1.234000 0.586000
v -0.156667 1.234000 0.586000
v -0.216667 1.241654 0.587522
v -0.156667 1.241654 0.587522
v -0.216667 1.248142 0.591858
v -0.156667 1.248142 0.591858
v -0.216667 1.252478 0.598346
v -0.156667 1.252478 0.598346
v -0.216667 0.342000 0.471273
v -0.156667 0.342000 0.471273
v -0.156667 0.342000 0.483273
v -0.216667 0.342000 0.483273
v -0.216667 1.218000 0.483273
v -0.156667 1.218000 0.483273
v -0.156667 1.218000 0.471273
v -0.216667 1.218000 0.471273
v -0.216667 0.342000 0.485818
v -0.156667 0.342000 0.485818
v -0.156667 0.342000 0.497818
v -0.216667 0.342000 0.497818
v -0.216667 1.218000 0.497818
v -0.156667 1.218000 0.497818
v -0.156667 1.218000 0.485818
v -0.216667 1.218000 0.485818
v -0.216667 0.342000 0.500364
v -0.156667 0.342000 0.500364
v -0.156667 0.342000 0.512364
v -0.216667 0.342000 0.512364
v -0.216667 1.218000 0.512364
v -0.156667 1.218000 0.512364
v -0.156667 1.218000 0.500364
v -0.216667 1.218000 0.500364
v -0.216667 0.342000 0.514909
v -0.156667 0.342000 0.514909
v -0.156667 0.342000 0.526909
v -0.216667 0.342000 0.526909
v -0.216667 1.218000 0.526909
v -0.156667 1.218000 0.526909
v -0.156667 1.218000 0.514909
v -0.216667 1.218000 0.514909
v -0.216667 0.342000 0.529455
v -0.156667 0.342000 0.529455
v -0.156667 0.342000 0.541455
v -0.216667 0.342000 0.541455
v -0.216667 1.218000 0.541455
v -0.156667 1.218000 0.541455
v -0.156667 1.218000 0.529455
v -0.216667 1.218000 0.529455
v -0.216667 0.342000 0.544000
v -0.156667 0.342000 0.544000
v -0.156667 0.342000 0.556000
v -0.216667 0.342000 0.556000
v -0.216667 1.218000 0.556000
v -0.156667 1.218000 0.556000
v -0.156667 1.218000 0.544000
v -0.216667 1.218000 0.544000
v -0.216667 0.342000 0.558545
v -0.156667 0.342000 0.558545
v -0.156667 0.342000 0.570545
v -0.216667 0.342000 0.570545
v -0.216667 1.218000 0.570545
v -0.156667 1.218000 0.570545
v -0.156667 1.218000 0.558545
v -0.216667 1.218000 0.558545
v -0.216667 0.342000 0.573091
v -0.156667 0.342000 0.573091
v -0.156667 0.342000 0.585091
v -0.216667 0.342000 0.585091
v -0.216667 1.218000 0.585091
v -0.156667 1.218000 0.585091
v -0.156667 1.218000 0.573091
v -0.216667 1.218000 0.573091
v -0.216667 0.342000 0.587636
v -0.156667 0.342000 0.587636
v -0.156667 0.342000 0.599636
v -0.216667 0.342000 0.599636
v -0.216667 1.218000 0.599636
v -0.156667 1.218000 0.599636
v -0.156667 1.218000 0.587636
v -0.216667 1.218000 0.587636
v -0.216667 0.342000 0.602182
v -0.156667 0.342000 0.602182
v -0.156667 0.342000 0.614182
v -0.216667 0.342000 0.614182
v -0.216667 1.218000 0.614182
v -0.156667 1.218000 0.614182
v -0.156667 1.218000 0.602182
v -0.216667 1.218000 0.602182
v -0.216667 0.342000 0.616727
v -0.156667 0.342000 0.616727
v -0.156667 0.342000 0.628727
v -0.216667 0.342000 0.628727
v -0.216667 1.218000 0.628727
v -0.156667 1.218000 0.628727
v -0.156667 1.218000 0.616727
v -0.216667 1.218000 0.616727
v 0.166667 0.298000 0.470000
v 0.206667 0.298000 0.470000
v 0.206667 0.298000 0.630000
v 0.166667 0.298000 0.630000
v 0.166667 0.342000 0.630000
v 0.206667 0.342000 0.630000
v 0.206667 0.342000 0.470000
v 0.166667 0.342000 0.470000
v 0.166667 1.218000 0.470000
v 0.206667 1.218000 0.470000
v 0.206667 1.218000 0.630000
v 0.166667 1.218000 0.630000
v 0.166667 1.262000 0.630000
v 0.206667 1.262000 0.630000
v 0.206667 1.262000 0.470000
v 0.166667 1.262000 0.470000
v 0.156667 0.346000 0.606000
v 0.156667 0.344478 0.613654
v 0.216667 0.344478 0.613654
v 0.216667 0.346000 0.606000
v 0.156667 0.340142 0.620142
v 0.216667 0.340142 0.620142
v 0.156667 0.333654 0.624478
v 0.216667 0.333654 0.624478
v 0.156667 0.326000 0.626000
v 0.216667 0.326000 0.626000
v 0.156667 0.318346 0.624478
v 0.216667 0.318346 0.624478
v 0.156667 0.311858 0.620142
v 0.216667 0.311858 0.620142
v 0.156667 0.307522 0.613654
v 0.216667 0.307522 0.613654
v 0.156667 0.306000 0.606000
v 0.216667 0.306000 0.606000
v 0.156667 0.307522 0.598346
v 0.216667 0.307522 0.598346
v 0.156667 0.311858 0.591858
v 0.216667 0.311858 0.591858
v 0.156667 0.318346 0.587522
v 0.216667 0.318346 0.587522
v 0.156667 0.326000 0.586000
v 0.216667 0.326000 0.586000
v 0.156667 0.333654 0.587522
v 0.216667 0.333654 0.587522
v 0.156667 0.340142 0.591858
v 0.216667 0.340142 0.591858
v 0.156667 0.344478 0.598346
v 0.216667 0.344478 0.598346
v 0.156667 1.254000 0.606000
v 0.156667 1.252478 0.613654
v 0.216667 1.252478 0.613654
v 0.216667 1.254000 0.606000
v 0.156667 1.248142 0.620142
v 0.216667 1.248142 0.620142
v 0.156667 1.241654 0.624478
v 0.216667 1.241654 0.624478
v 0.156667 1.234000 0.626000
v 0.216667 1.234000 0.626000
v 0.156667 1.226346 0.624478
v 0.216667 1.226346 0.624478
v 0.156667 1.219858 0.620142
v 0.216667 1.219858 0.620142
v 0.156667 1.215522 0.613654
v 0.216667 1.215522 0.613654
v 0.156667 1.214000 0.606000
v 0.216667 1.214000 0.606000
v 0.156667 1.215522 0.598346
v 0.216667 1.215522 0.598346
v 0.156667 1.219858 0.591858
v 0.216667 1.219858 0.591858
v 0.156667 1.226346 0.587522
v 0.216667 1.226346 0.587522
v 0.156667 1.234000 0.586000
v 0.216667 1.234000 0.586000
v 0.156667 1.241654 0.587522
v 0.216667 1.241654 0.587522
v 0.156667 1.248142 0.591858
v 0.216667 1.248142 0.591858
v 0.156667 1.252478 0.598346
v 0.216667 1.252478 0.598346
v 0.156667 0.342000 0.471273
v 0.216667 0.342000 0.471273
v 0.216667 0.342000 0.483273
v 0.156667 0.342000 0.483273
v 0.156667 1.218000 0.483273
v 0.216667 1.218000 0.483273
v 0.216667 1.218000 0.471273
v 0.156667 1.218000 0.471273
v 0.156667 0.342000 0.485818
v 0.216667 0.342000 0.485818
v 0.216667 0.342000 0.497818
v 0.156667 0.342000 0.497818
v 0.156667 1.218000 0.497818
v 0.216667 1.218000 0.497818
v 0.216667 1.218000 0.485818
v 0.156667 1.218000 0.485818
v 0.156667 0.342000 0.500364
v 0.216667 0.342000 0.500364
v 0.216667 0.342000 0.512364
v 0.156667 0.342000 0.512364
v 0.156667 1.218000 0.512364
v 0.216667 1.218000 0.512364
v 0.216667 1.218000 0.500364
v 0.156667 1.218000 0.500364
v 0.156667 0.342000 0.514909
v 0.216667 0.342000 0.514909
v 0.216667 0.342000 0.526909
v 0.156667 0.342000 0.526909
v 0.156667 1.218000 0.526909
v 0.216667 1.218000 0.526909
v 0.216667 1.218000 0.514909
v 0.156667 1.218000 0.514909
v 0.156667 0.342000 0.529455
v 0.216667 0.342000 0.529455
v 0.216667 0.342000 0.541455
v 0.156667 0.342000 0.541455
v 0.156667 1.218000 0.541455
v 0.216667 1.218000 0.541455
v 0.216667 1.218000 0.529455
v 0.156667 1.218000 0.529455
v 0.156667 0.342000 0.544000
v 0.216667 0.342000 0.544000
v 0.216667 0.342000 0.556000
v 0.156667 0.342000 0.556000
v 0.156667 1.218000 0.556000
v 0.216667 1.218000 0.556000
v 0.216667 1.218000 0.544000
v 0.156667 1.218000 0.544000
v 0.156667 0.342000 0.558545
v 0.216667 0.342000 0.558545
v 0.216667 0.342000 0.570545
v 0.156667 0.342000 0.570545
v 0.156667 1.218000 0.570545
v 0.216667 1.218000 0.570545
v 0.216667 1.218000 0.558545
v 0.156667 1.218000 0.558545
v 0.156667 0.342000 0.573091
v 0.216667 0.342000 0.573091
v 0.216667 0.342000 0.585091
v 0.156667 0.342000 0.585091
v 0.156667 1.218000 0.585091
v 0.216667 1.218000 0.585091
v 0.216667 1.218000 0.573091
v 0.156667 1.218000 0.573091
v 0.156667 0.342000 0.587636
v 0.216667 0.342000 0.587636
v 0.216667 0.342000 0.599636
v 0.156667 0.342000 0.599636
v 0.156667 1.218000 0.599636
v 0.216667 1.218000 0.599636
v 0.216667 1.218000 0.587636
v 0.156667 1.218000 0.587636
v 0.156667 0.342000 0.602182
v 0.216667 0.342000 0.602182
v 0.216667 0.342000 0.614182
v 0.156667 0.342000 0.614182
v 0.156667 1.218000 0.614182
v 0.216667 1.218000 0.614182
v 0.216667 1.218000 0.602182
v 0.156667 1.218000 0.602182
v 0.156667 0.342000 0.616727
v 0.216667 0.342000 0.616727
v 0.216667 0.342000 0.628727
v 0.156667 0.342000 0.628727
v 0.156667 1.218000 0.628727
v 0.216667 1.218000 0.628727
v 0.216667 1.218000 0.616727
v 0.156667 1.218000 0.616727
v 0.540000 0.298000 0.470000
v 0.580000 0.298000 0.470000
v 0.580000 0.298000 0.630000
v 0.540000 0.298000 0.630000
v 0.540000 0.342000 0.630000
v 0.580000 0.342000 0.630000
v 0.580000 0.342000 0.470000
v 0.540000 0.342000 0.470000
v 0.540000 1.218000 0.470000
v 0.580000 1.218000 0.470000
v 0.580000 1.218000 0.630000
v 0.540000 1.218000 0.630000
v 0.540000 1.262000 0.630000
v 0.580000 1.262000 0.630000
v 0.580000 1.262000 0.470000
v 0.540000 1.262000 0.470000
v 0.530000 0.346000 0.606000
v 0.530000 0.344478 0.613654
v 0.590000 0.344478 0.613654
v 0.590000 0.346000 0.606000
v 0.530000 0.340142 0.620142
v 0.590000 0.340142 0.620142
v 0.530000 0.333654 0.624478
v 0.590000 0.333654 0.624478
v 0.530000 0.326000 0.626000
v 0.590000 0.326000 0.626000
v 0.530000 0.318346 0.624478
v 0.590000 0.318346 0.624478
v 0.530000 0.311858 0.620142
v 0.590000 0.311858 0.620142
v 0.530000 0.307522 0.613654
v 0.590000 0.307522 0.613654
v 0.530000 0.306000 0.606000
v 0.590000 0.306000 0.606000
v 0.530000 0.307522 0.598346
v 0.590000 0.307522 0.598346
v 0.530000 0.311858 0.591858
v 0.590000 0.311858 0.591858
v 0.530000 0.318346 0.587522
v 0.590000 0.318346 0.587522
v 0.530000 0.326000 0.586000
v 0.590000 0.326000 0.586000
v 0.530000 0.333654 0.587522
v 0.590000 0.333654 0.587522
v 0.530000 0.340142 0.591858
v 0.590000 0.340142 0.591858
v 0.530000 0.344478 0.598346
v 0.590000 0.344478 0.598346
v 0.530000 1.254000 0.606000
v 0.530000 1.252478 0.613654
v 0.590000 1.252478 0.613654
v 0.590000 1.254000 0.606000
v 0.530000 1.248142 0.620142
v 0.590000 1.248142 0.620142
v 0.530000 1.241654 0.624478
v 0.590000 1.241654 0.624478
v 0.530000 1.234000 0.626000
v 0.590000 1.234000 0.626000
v 0.530000 1.226346 0.624478
v 0.590000 1.226346 0.624478
v 0.530000 1.219858 0.620142
v 0.590000 1.219858 0.620142
v 0.530000 1.215522 0.613654
v 0.590000 1.215522 0.613654
v 0.530000 1.214000 0.606000
v 0.590000 1.214000 0.606000
v 0.530000 1.215522 0.598346
v 0.590000 1.215522 0.598346
v 0.530000 1.219858 0.591858
v 0.590000 1.219858 0.591858
v 0.530000 1.226346 0.587522
v 0.590000 1.226346 0.587522
v 0.530000 1.234000 0.586000
v 0.590000 1.234000 0.586000
v 0.530000 1.241654 0.587522
v 0.590000 1.241654 0.587522
v 0.530000 1.248142 0.591858
v 0.590000 1.248142 0.591858
v 0.530000 1.252478 0.598346
v 0.590000 1.252478 0.598346
v 0.530000 0.342000 0.471273
v 0.590000 0.342000 0.471273
v 0.590000 0.342000 0.483273
v 0.530000 0.342000 0.483273
v 0.530000 1.218000 0.483273
v 0.590000 1.218000 0.483273
v 0.590000 1.218000 0.471273
v 0.530000 1.218000 0.471273
v 0.530000 0.342000 0.485818
v 0.590000 0.342000 0.485818
v 0.590000 0.342000 0.497818
v 0.530000 0.342000 0.497818
v 0.530000 1.218000 0.497818
v 0.590000 1.218000 0.497818
v 0.590000 1.218000 0.485818
v 0.530000 1.218000 0.485818
v 0.530000 0.342000 0.500364
v 0.590000 0.342000 0.500364
v 0.590000 0.342000 0.512364
v 0.530000 0.342000 0.512364
v 0.530000 1.218000 0.512364
v 0.590000 1.218000 0.512364
v 0.590000 1.218000 0.500364
v 0.530000 1.218000 0.500364
v 0.530000 0.342000 0.514909
v 0.590000 0.342000 0.514909
v 0.590000 0.342000 0.526909
v 0.530000 0.342000 0.526909
v 0.530000 1.218000 0.526909
v 0.590000 1.218000 0.526909
v 0.590000 1.218000 0.514909
v 0.530000 1.218000 0.514909
v 0.530000 0.342000 0.529455
v 0.590000 0.342000 0.529455
v 0.590000 0.342000 0.541455
v 0.530000 0.342000 0.541455
v 0.530000 1.218000 0.541455
v 0.590000 1.218000 0.541455
v 0.590000 1.218000 0.529455
v 0.530000 1.218000 0.529455
v 0.530000 0.342000 0.544000
v 0.590000 0.342000 0.544000
v 0.590000 0.342000 0.556000
v 0.530000 0.342000 0.556000
v 0.530000 1.218000 0.556000
v 0.590000 1.218000 0.556000
v 0.590000 1.218000 0.544000
v 0.530000 1.218000 0.544000
v 0.530000 0.342000 0.558545
v 0.590000 0.342000 0.558545
v 0.590000 0.342000 0.570545
v 0.530000 0.342000 0.570545
v 0.530000 1.218000 0.570545
v 0.590000 1.218000 0.570545
v 0.590000 1.218000 0.558545
v 0.530000 1.218000 0.558545
v 0.530000 0.342000 0.573091
v 0.590000 0.342000 0.573091
v 0.590000 0.342000 0.585091
v 0.530000 0.342000 0.585091
v 0.530000 1.218000 0.585091
v 0.590000 1.218000 0.585091
v 0.590000 1.218000 0.573091
v 0.530000 1.218000 0.573091
v 0.530000 0.342000 0.587636
v 0.590000 0.342000 0.587636
v 0.590000 0.342000 0.599636
v 0.530000 0.342000 0.599636
v 0.530000 1.218000 0.599636
v 0.590000 1.218000 0.599636
v 0.590000 1.218000 0.587636
v 0.530000 1.218000 0.587636
v 0.530000 0.342000 0.602182
v 0.590000 0.342000 0.602182
v 0.590000 0.342000 0.614182
v 0.530000 0.342000 0.614182
v 0.530000 1.218000 0.614182
v 0.590000 1.218000 0.614182
v 0.590000 1.218000 0.602182
v 0.530000 1.218000 0.602182
v 0.530000 0.342000 0.616727
v 0.590000 0.342000 0.616727
v 0.590000 0.342000 0.628727
v 0.530000 0.342000 0.628727
v 0.530000 1.218000 0.628727
v 0.590000 1.218000 0.628727
v 0.590000 1.218000 0.616727
v 0.530000 1.218000 0.616727
v -0.504000 1.770000 0.640000
v -0.504000 1.769661 0.648631
v 0.504000 1.769661 0.648631
v 0.504000 1.770000 0.640000
v -0.504000 1.768646 0.657208
v 0.504000 1.768646 0.657208
v -0.504000 1.766961 0.665679
v 0.504000 1.766961 0.665679
v -0.504000 1.764616 0.673992
v 0.504000 1.764616 0.673992
v -0.504000 1.761627 0.682095
v 0.504000 1.761627 0.682095
v -0.504000 1.758011 0.689939
v 0.504000 1.758011 0.689939
v -0.504000 1.753790 0.697475
v 0.504000 1.753790 0.697475
v -0.504000 1.748992 0.704656
v 0.504000 1.748992 0.704656
v -0.504000 1.743645 0.711439
v 0.504000 1.743645 0.711439
v -0.504000 1.737782 0.717782
v 0.504000 1.737782 0.717782
v -0.504000 1.731439 0.723645
v 0.504000 1.731439 0.723645
v -0.504000 1.724656 0.728992
v 0.504000 1.724656 0.728992
v -0.504000 1.717475 0.733790
v 0.504000 1.717475 0.733790
v -0.504000 1.709939 0.738011
v 0.504000 1.709939 0.738011
v -0.504000 1.702095 0.741627
v 0.504000 1.702095 0.741627
v -0.504000 1.693992 0.744616
v 0.504000 1.693992 0.744616
v -0.504000 1.685679 0.746961
v 0.504000 1.685679 0.746961
v -0.504000 1.677208 0.748646
v 0.504000 1.677208 0.748646
v -0.504000 1.668631 0.749661
v 0.504000 1.668631 0.749661
v -0.504000 1.660000 0.750000
v 0.504000 1.660000 0.750000
v -0.504000 1.651369 0.749661
v 0.504000 1.651369 0.749661
v -0.504000 1.642792 0.748646
v 0.504000 1.642792 0.748646
v -0.504000 1.634321 0.746961
v 0.504000 1.634321 0.746961
v -0.504000 1.626008 0.744616
v 0.504000 1.626008 0.744616
v -0.504000 1.617905 0.741627
v 0.504000 1.617905 0.741627
v -0.504000 1.610061 0.738011
v 0.504000 1.610061 0.738011
v -0.504000 1.602525 0.733790
v 0.504000 1.602525 0.733790
v -0.504000 1.595344 0.728992
v 0.504000 1.595344 0.728992
v -0.504000 1.588561 0.723645
v 0.504000 1.588561 0.723645
v -0.504000 1.582218 0.717782
v 0.504000 1.582218 0.717782
v -0.504000 1.576355 0.711439
v 0.504000 1.576355 0.711439
v -0.504000 1.571008 0.704656
v 0.504000 1.571008 0.704656
v -0.504000 1.566210 0.697475
v 0.504000 1.566210 0.697475
v -0.504000 1.561989 0.689939
v 0.504000 1.561989 0.689939
v -0.504000 1.558373 0.682095
v 0.504000 1.558373 0.682095
v -0.504000 1.555384 0.673992
v 0.504000 1.555384 0.673992
v -0.504000 1.553039 0.665679
v 0.504000 1.553039 0.665679
v -0.504000 1.551354 0.657208
v 0.504000 1.551354 0.657208
v -0.504000 1.550339 0.648631
v 0.504000 1.550339 0.648631
v -0.504000 1.550000 0.640000
v 0.504000 1.550000 0.640000
v -0.504000 1.550339 0.631369
v 0.504000 1.550339 0.631369
v -0.504000 1.551354 0.622792
v 0.504000 1.551354 0.622792
v -0.504000 1.553039 0.614321
v 0.504000 1.553039 0.614321
v -0.504000 1.555384 0.606008
v 0.504000 1.555384 0.606008
v -0.504000 1.558373 0.597905
v 0.504000 1.558373 0.597905
v -0.504000 1.561989 0.590061
v 0.504000 1.561989 0.590061
v -0.504000 1.566210 0.582525
v 0.504000 1.566210 0.582525
v -0.504000 1.571008 0.575344
v 0.504000 1.571008 0.575344
v -0.504000 1.576355 0.568561
v 0.504000 1.576355 0.568561
v -0.504000 1.582218 0.562218
v 0.504000 1.582218 0.562218
v -0.504000 1.588561 0.556355
v 0.504000 1.588561 0.556355
v -0.504000 1.595344 0.551008
v 0.504000 1.595344 0.551008
v -0.504000 1.602525 0.546210
v 0.504000 1.602525 0.546210
v -0.504000 1.610061 0.541989
v 0.504000 1.610061 0.541989
v -0.504000 1.617905 0.538373
v 0.504000 1.617905 0.538373
v -0.504000 1.626008 0.535384
v 0.504000 1.626008 0.535384
v -0.504000 1.634321 0.533039
v 0.504000 1.634321 0.533039
v -0.504000 1.642792 0.531354
v 0.504000 1.642792 0.531354
v -0.504000 1.651369 0.530339
v 0.504000 1.651369 0.530339
v -0.504000 1.660000 0.530000
v 0.504000 1.660000 0.530000
v -0.504000 1.668631 0.530339
v 0.504000 1.668631 0.530339
v -0.504000 1.677208 0.531354
v 0.504000 1.677208 0.531354
v -0.504000 1.685679 0.533039
v 0.504000 1.685679 0.533039
v -0.504000 1.693992 0.535384
v 0.504000 1.693992 0.535384
v -0.504000 1.702095 0.538373
v 0.504000 1.702095 0.538373
v -0.504000 1.709939 0.541989
v 0.504000 1.709939 0.541989
v -0.504000 1.717475 0.546210
v 0.504000 1.717475 0.546210
v -0.504000 1.724656 0.551008
v 0.504000 1.724656 0.551008
v -0.504000 1.731439 0.556355
v 0.504000 1.731439 0.556355
v -0.504000 1.737782 0.562218
v 0.504000 1.737782 0.562218
v -0.504000 1.743645 0.568561
v 0.504000 1.743645 0.568561
v -0.504000 1.748992 0.575344
v 0.504000 1.748992 0.575344
v -0.504000 1.753790 0.582525
v 0.504000 1.753790 0.582525
v -0.504000 1.758011 0.590061
v 0.504000 1.758011 0.590061
v -0.504000 1.761627 0.597905
v 0.504000 1.761627 0.597905
v -0.504000 1.764616 0.606008
v 0.504000 1.764616 0.606008
v -0.504000 1.766961 0.614321
v 0.504000 1.766961 0.614321
v -0.504000 1.768646 0.622792
v 0.504000 1.768646 0.622792
v -0.504000 1.769661 0.631369
v 0.504000 1.769661 0.631369
v -0.352000 1.450000 0.560000
v -0.292000 1.450000 0.560000
v -0.292000 1.450000 0.720000
v -0.352000 1.450000 0.720000
v -0.352000 1.580000 0.720000
v -0.292000 1.580000 0.720000
v -0.292000 1.580000 0.560000
v -0.352000 1.580000 0.560000
v 0.292000 1.450000 0.560000
v 0.352000 1.450000 0.560000
v 0.352000 1.450000 0.720000
v 0.292000 1.450000 0.720000
v 0.292000 1.580000 0.720000
v 0.352000 1.580000 0.720000
v 0.352000 1.580000 0.560000
v 0.292000 1.580000 0.560000
v 0.502000 1.712000 0.640000
v 0.502000 1.708042 0.659900
v 0.514000 1.708042 0.659900
v 0.514000 1.712000 0.640000
v 0.502000 1.696770 0.676770
v 0.514000 1.696770 0.676770
v 0.502000 1.679900 0.688042
v 0.514000 1.679900 0.688042
v 0.502000 1.660000 0.692000
v 0.514000 1.660000 0.692000
v 0.502000 1.640100 0.688042
v 0.514000 1.640100 0.688042
v 0.502000 1.623230 0.676770
v 0.514000 1.623230 0.676770
v 0.502000 1.611958 0.659900
v 0.514000 1.611958 0.659900
v 0.502000 1.608000 0.640000
v 0.514000 1.608000 0.640000
v 0.502000 1.611958 0.620100
v 0.514000 1.611958 0.620100
v 0.502000 1.623230 0.603230
v 0.514000 1.623230 0.603230
v 0.502000 1.640100 0.591958
v 0.514000 1.640100 0.591958
v 0.502000 1.660000 0.588000
v 0.514000 1.660000 0.588000
v 0.502000 1.679900 0.591958
v 0.514000 1.679900 0.591958
v 0.502000 1.696770 0.603230
v 0.514000 1.696770 0.603230
v 0.502000 1.708042 0.620100
v 0.514000 1.708042 0.620100
v 0.022000 1.450000 0.490000
v 0.020325 1.453484 0.482336
v 0.020325 1.562958 0.532118
v 0.022000 1.560000 0.540000
v 0.015556 1.456437 0.475838
v 0.015556 1.565466 0.525436
v 0.008419 1.458411 0.471496
v 0.008419 1.567142 0.520971
v 0.000000 1.459104 0.469972
v 0.000000 1.567730 0.519403
v -0.008419 1.458411 0.471496
v -0.008419 1.567142 0.520971
v -0.015556 1.456437 0.475838
v -0.015556 1.565466 0.525436
v -0.020325 1.453484 0.482336
v -0.020325 1.562958 0.532118
v -0.022000 1.450000 0.490000
v -0.022000 1.560000 0.540000
v -0.020325 1.446516 0.497664
v -0.020325 1.557042 0.547882
v -0.015556 1.443563 0.504162
v -0.015556 1.554534 0.554564
v -0.008419 1.441589 0.508504
v -0.008419 1.552858 0.559029
v -0.000000 1.440896 0.510028
v -0.000000 1.552270 0.560597
v 0.008419 1.441589 0.508504
v 0.008419 1.552858 0.559029
v 0.015556 1.443563 0.504162
v 0.015556 1.554534 0.554564
v 0.020325 1.446516 0.497664
v 0.020325 1.557042 0.547882
v 0.020325 1.662419 0.561936
v 0.022000 1.660000 0.570000
v 0.015556 1.664470 0.555100
v 0.008419 1.665840 0.550532
v 0.000000 1.666322 0.548928
v -0.008419 1.665840 0.550532
v -0.015556 1.664470 0.555100
v -0.020325 1.662419 0.561936
v -0.022000 1.660000 0.570000
v -0.020325 1.657581 0.578064
v -0.015556 1.655530 0.584900
v -0.008419 1.654160 0.589468
v -0.000000 1.653678 0.591072
v 0.008419 1.654160 0.589468
v 0.015556 1.655530 0.584900
v 0.020325 1.657581 0.578064
v -0.045000 1.550000 0.515000
v 0.045000 1.550000 0.515000
v 0.045000 1.550000 0.575000
v -0.045000 1.550000 0.575000
v -0.045000 1.610000 0.575000
v 0.045000 1.610000 0.575000
v 0.045000 1.610000 0.515000
v -0.045000 1.610000 0.515000
v -0.775000 0.460000 -0.200000
v -0.700000 0.460000 -0.200000
v -0.700000 0.460000 0.200000
v -0.775000 0.460000 0.200000
v -0.775000 1.320000 0.200000
v -0.700000 1.320000 0.200000
v -0.700000 1.320000 -0.200000
v -0.775000 1.320000 -0.200000
v -0.810000 0.200000 -0.120000
v -0.710000 0.200000 -0.120000
v -0.710000 0.200000 0.120000
v -0.810000 0.200000 0.120000
v -0.810000 0.460000 0.120000
v -0.710000 0.460000 0.120000
v -0.710000 0.460000 -0.120000
v -0.810000 0.460000 -0.120000
v -0.319400 1.462000 -0.160000
v -0.325535 1.462000 -0.129156
v -0.325535 1.438000 -0.129156
v -0.319400 1.438000 -0.160000
v -0.343007 1.462000 -0.103007
v -0.343007 1.438000 -0.103007
v -0.369156 1.462000 -0.085535
v -0.369156 1.438000 -0.085535
v -0.400000 1.462000 -0.079400
v -0.400000 1.438000 -0.079400
v -0.430844 1.462000 -0.085535
v -0.430844 1.438000 -0.085535
v -0.456993 1.462000 -0.103007
v -0.456993 1.438000 -0.103007
v -0.474465 1.462000 -0.129156
v -0.474465 1.438000 -0.129156
v -0.480600 1.462000 -0.160000
v -0.480600 1.438000 -0.160000
v -0.474465 1.462000 -0.190844
v -0.474465 1.438000 -0.190844
v -0.456993 1.462000 -0.216993
v -0.456993 1.438000 -0.216993
v -0.430844 1.462000 -0.234465
v -0.430844 1.438000 -0.234465
v -0.400000 1.462000 -0.240600
v -0.400000 1.438000 -0.240600
v -0.369156 1.462000 -0.234465
v -0.369156 1.438000 -0.234465
v -0.343007 1.462000 -0.216993
v -0.343007 1.438000 -0.216993
v -0.325535 1.462000 -0.190844
v -0.325535 1.438000 -0.190844
v -0.348038 1.472000 -0.114038
v -0.351038 1.472000 -0.108842
v -0.351038 1.462000 -0.108842
v -0.348038 1.462000 -0.114038
v -0.357038 1.472000 -0.108842
v -0.357038 1.462000 -0.108842
v -0.360038 1.472000 -0.114038
v -0.360038 1.462000 -0.114038
v -0.357038 1.472000 -0.119234
v -0.357038 1.462000 -0.119234
v -0.351038 1.472000 -0.119234
v -0.351038 1.462000 -0.119234
v -0.342308 1.462600 -0.114038
v -0.343201 1.462600 -0.109549
v -0.343201 1.461400 -0.109549
v -0.342308 1.461400 -0.114038
v -0.345744 1.462600 -0.105744
v -0.345744 1.461400 -0.105744
v -0.349549 1.462600 -0.103201
v -0.349549 1.461400 -0.103201
v -0.354038 1.462600 -0.102308
v -0.354038 1.461400 -0.102308
v -0.358527 1.462600 -0.103201
v -0.358527 1.461400 -0.103201
v -0.362332 1.462600 -0.105744
v -0.362332 1.461400 -0.105744
v -0.364875 1.462600 -0.109549
v -0.364875 1.461400 -0.109549
v -0.365768 1.462600 -0.114038
v -0.365768 1.461400 -0.114038
v -0.364875 1.462600 -0.118527
v -0.364875 1.461400 -0.118527
v -0.362332 1.462600 -0.122332
v -0.362332 1.461400 -0.122332
v -0.358527 1.462600 -0.124875
v -0.358527 1.461400 -0.124875
v -0.354038 1.462600 -0.125768
v -0.354038 1.461400 -0.125768
v -0.349549 1.462600 -0.124875
v -0.349549 1.461400 -0.124875
v -0.345744 1.462600 -0.122332
v -0.345744 1.461400 -0.122332
v -0.343201 1.462600 -0.118527
v -0.343201 1.461400 -0.118527
v -0.345205 1.464000 -0.108938
v -0.354038 1.464000 -0.103838
v -0.354038 1.462000 -0.103838
v -0.345205 1.462000 -0.108938
v -0.362872 1.464000 -0.108938
v -0.362872 1.462000 -0.108938
v -0.362872 1.464000 -0.119138
v -0.362872 1.462000 -0.119138
v -0.354038 1.464000 -0.124238
v -0.354038 1.462000 -0.124238
v -0.345205 1.464000 -0.119138
v -0.345205 1.462000 -0.119138
v -0.439962 1.472000 -0.114038
v -0.442962 1.472000 -0.108842
v -0.442962 1.462000 -0.108842
v -0.439962 1.462000 -0.114038
v -0.448962 1.472000 -0.108842
v -0.448962 1.462000 -0.108842
v -0.451962 1.472000 -0.114038
v -0.451962 1.462000 -0.114038
v -0.448962 1.472000 -0.119234
v -0.448962 1.462000 -0.119234
v -0.442962 1.472000 -0.119234
v -0.442962 1.462000 -0.119234
v -0.434232 1.462600 -0.114038
v -0.435125 1.462600 -0.109549
v -0.435125 1.461400 -0.109549
v -0.434232 1.461400 -0.114038
v -0.437668 1.462600 -0.105744
v -0.437668 1.461400 -0.105744
v -0.441473 1.462600 -0.103201
v -0.441473 1.461400 -0.103201
v -0.445962 1.462600 -0.102308
v -0.445962 1.461400 -0.102308
v -0.450451 1.462600 -0.103201
v -0.450451 1.461400 -0.103201
v -0.454256 1.462600 -0.105744
v -0.454256 1.461400 -0.105744
v -0.456799 1.462600 -0.109549
v -0.456799 1.461400 -0.109549
v -0.457692 1.462600 -0.114038
v -0.457692 1.461400 -0.114038
v -0.456799 1.462600 -0.118527
v -0.456799 1.461400 -0.118527
v -0.454256 1.462600 -0.122332
v -0.454256 1.461400 -0.122332
v -0.450451 1.462600 -0.124875
v -0.450451 1.461400 -0.124875
v -0.445962 1.462600 -0.125768
v -0.445962 1.461400 -0.125768
v -0.441473 1.462600 -0.124875
v -0.441473 1.461400 -0.124875
v -0.437668 1.462600 -0.122332
v -0.437668 1.461400 -0.122332
v -0.435125 1.462600 -0.118527
v -0.435125 1.461400 -0.118527
v -0.437128 1.464000 -0.108938
v -0.445962 1.464000 -0.103838
v -0.445962 1.462000 -0.103838
v -0.437128 1.462000 -0.108938
v -0.454795 1.464000 -0.108938
v -0.454795 1.462000 -0.108938
v -0.454795 1.464000 -0.119138
v -0.454795 1.462000 -0.119138
v -0.445962 1.464000 -0.124238
v -0.445962 1.462000 -0.124238
v -0.437128 1.464000 -0.119138
v -0.437128 1.462000 -0.119138
v -0.439962 1.472000 -0.205962
v -0.442962 1.472000 -0.200766
v -0.442962 1.462000 -0.200766
v -0.439962 1.462000 -0.205962
v -0.448962 1.472000 -0.200766
v -0.448962 1.462000 -0.200766
v -0.451962 1.472000 -0.205962
v -0.451962 1.462000 -0.205962
v -0.448962 1.472000 -0.211158
v -0.448962 1.462000 -0.211158
v -0.442962 1.472000 -0.211158
v -0.442962 1.462000 -0.211158
v -0.434232 1.462600 -0.205962
v -0.435125 1.462600 -0.201473
v -0.435125 1.461400 -0.201473
v -0.434232 1.461400 -0.205962
v -0.437668 1.462600 -0.197668
v -0.437668 1.461400 -0.197668
v -0.441473 1.462600 -0.195125
v -0.441473 1.461400 -0.195125
v -0.445962 1.462600 -0.194232
v -0.445962 1.461400 -0.194232
v -0.450451 1.462600 -0.195125
v -0.450451 1.461400 -0.195125
v -0.454256 1.462600 -0.197668
v -0.454256 1.461400 -0.197668
v -0.456799 1.462600 -0.201473
v -0.456799 1.461400 -0.201473
v -0.457692 1.462600 -0.205962
v -0.457692 1.461400 -0.205962
v -0.456799 1.462600 -0.210451
v -0.456799 1.461400 -0.210451
v -0.454256 1.462600 -0.214256
v -0.454256 1.461400 -0.214256
v -0.450451 1.462600 -0.216799
v -0.450451 1.461400 -0.216799
v -0.445962 1.462600 -0.217692
v -0.445962 1.461400 -0.217692
v -0.441473 1.462600 -0.216799
v -0.441473 1.461400 -0.216799
v -0.437668 1.462600 -0.214256
v -0.437668 1.461400 -0.214256
v -0.435125 1.462600 -0.210451
v -0.435125 1.461400 -0.210451
v -0.437128 1.464000 -0.200862
v -0.445962 1.464000 -0.195762
v -0.445962 1.462000 -0.195762
v -0.437128 1.462000 -0.200862
v -0.454795 1.464000 -0.200862
v -0.454795 1.462000 -0.200862
v -0.454795 1.464000 -0.211062
v -0.454795 1.462000 -0.211062
v -0.445962 1.464000 -0.216162
v -0.445962 1.462000 -0.216162
v -0.437128 1.464000 -0.211062
v -0.437128 1.462000 -0.211062
v -0.348038 1.472000 -0.205962
v -0.351038 1.472000 -0.200766
v -0.351038 1.462000 -0.200766
v -0.348038 1.462000 -0.205962
v -0.357038 1.472000 -0.200766
v -0.357038 1.462000 -0.200766
v -0.360038 1.472000 -0.205962
v -0.360038 1.462000 -0.205962
v -0.357038 1.472000 -0.211158
v -0.357038 1.462000 -0.211158
v -0.351038 1.472000 -0.211158
v -0.351038 1.462000 -0.211158
v -0.342308 1.462600 -0.205962
v -0.343201 1.462600 -0.201473
v -0.343201 1.461400 -0.201473
v -0.342308 1.461400 -0.205962
v -0.345744 1.462600 -0.197668
v -0.345744 1.461400 -0.197668
v -0.349549 1.462600 -0.195125
v -0.349549 1.461400 -0.195125
v -0.354038 1.462600 -0.194232
v -0.354038 1.461400 -0.194232
v -0.358527 1.462600 -0.195125
v -0.358527 1.461400 -0.195125
v -0.362332 1.462600 -0.197668
v -0.362332 1.461400 -0.197668
v -0.364875 1.462600 -0.201473
v -0.364875 1.461400 -0.201473
v -0.365768 1.462600 -0.205962
v -0.365768 1.461400 -0.205962
v -0.364875 1.462600 -0.210451
v -0.364875 1.461400 -0.210451
v -0.362332 1.462600 -0.214256
v -0.362332 1.461400 -0.214256
v -0.358527 1.462600 -0.216799
v -0.358527 1.461400 -0.216799
v -0.354038 1.462600 -0.217692
v -0.354038 1.461400 -0.217692
v -0.349549 1.462600 -0.216799
v -0.349549 1.461400 -0.216799
v -0.345744 1.462600 -0.214256
v -0.345744 1.461400 -0.214256
v -0.343201 1.462600 -0.210451
v -0.343201 1.461400 -0.210451
v -0.345205 1.464000 -0.200862
v -0.354038 1.464000 -0.195762
v -0.354038 1.462000 -0.195762
v -0.345205 1.462000 -0.200862
v -0.362872 1.464000 -0.200862
v -0.362872 1.462000 -0.200862
v -0.362872 1.464000 -0.211062
v -0.362872 1.462000 -0.211062
v -0.354038 1.464000 -0.216162
v -0.354038 1.462000 -0.216162
v -0.345205 1.464000 -0.211062
v -0.345205 1.462000 -0.211062
v -0.361000 1.468889 -0.160000
v -0.363969 1.468889 -0.145075
v -0.363969 1.450000 -0.145075
v -0.361000 1.450000 -0.160000
v -0.372423 1.468889 -0.132423
v -0.372423 1.450000 -0.132423
v -0.385075 1.468889 -0.123969
v -0.385075 1.450000 -0.123969
v -0.400000 1.468889 -0.121000
v -0.400000 1.450000 -0.121000
v -0.414925 1.468889 -0.123969
v -0.414925 1.450000 -0.123969
v -0.427577 1.468889 -0.132423
v -0.427577 1.450000 -0.132423
v -0.436031 1.468889 -0.145075
v -0.436031 1.450000 -0.145075
v -0.439000 1.468889 -0.160000
v -0.439000 1.450000 -0.160000
v -0.436031 1.468889 -0.174925
v -0.436031 1.450000 -0.174925
v -0.427577 1.468889 -0.187577
v -0.427577 1.450000 -0.187577
v -0.414925 1.468889 -0.196031
v -0.414925 1.450000 -0.196031
v -0.400000 1.468889 -0.199000
v -0.400000 1.450000 -0.199000
v -0.385075 1.468889 -0.196031
v -0.385075 1.450000 -0.196031
v -0.372423 1.468889 -0.187577
v -0.372423 1.450000 -0.187577
v -0.363969 1.468889 -0.174925
v -0.363969 1.450000 -0.174925
v -0.335000 1.482667 -0.160000
v -0.339948 1.482667 -0.135126
v -0.354038 1.482667 -0.114038
v -0.375126 1.482667 -0.099948
v -0.400000 1.482667 -0.095000
v -0.424874 1.482667 -0.099948
v -0.445962 1.482667 -0.114038
v -0.460052 1.482667 -0.135126
v -0.465000 1.482667 -0.160000
v -0.460052 1.482667 -0.184874
v -0.445962 1.482667 -0.205962
v -0.424874 1.482667 -0.220052
v -0.400000 1.482667 -0.225000
v -0.375126 1.482667 -0.220052
v -0.354038 1.482667 -0.205962
v -0.339948 1.482667 -0.184874
v -0.361000 1.492311 -0.160000
v -0.363969 1.492311 -0.145075
v -0.372423 1.492311 -0.132423
v -0.385075 1.492311 -0.123969
v -0.400000 1.492311 -0.121000
v -0.414925 1.492311 -0.123969
v -0.427577 1.492311 -0.132423
v -0.436031 1.492311 -0.145075
v -0.439000 1.492311 -0.160000
v -0.436031 1.492311 -0.174925
v -0.427577 1.492311 -0.187577
v -0.414925 1.492311 -0.196031
v -0.400000 1.492311 -0.199000
v -0.385075 1.492311 -0.196031
v -0.372423 1.492311 -0.187577
v -0.363969 1.492311 -0.174925
v -0.361000 1.524000 -0.160000
v -0.363969 1.524000 -0.145075
v -0.372423 1.524000 -0.132423
v -0.385075 1.524000 -0.123969
v -0.400000 1.524000 -0.121000
v -0.414925 1.524000 -0.123969
v -0.427577 1.524000 -0.132423
v -0.436031 1.524000 -0.145075
v -0.439000 1.524000 -0.160000
v -0.436031 1.524000 -0.174925
v -0.427577 1.524000 -0.187577
v -0.414925 1.524000 -0.196031
v -0.400000 1.524000 -0.199000
v -0.385075 1.524000 -0.196031
v -0.372423 1.524000 -0.187577
v -0.363969 1.524000 -0.174925
v -0.361000 1.537778 -0.160000
v -0.363969 1.537778 -0.145075
v -0.372423 1.537778 -0.132423
v -0.385075 1.537778 -0.123969
v -0.400000 1.537778 -0.121000
v -0.414925 1.537778 -0.123969
v -0.427577 1.537778 -0.132423
v -0.436031 1.537778 -0.145075
v -0.439000 1.537778 -0.160000
v -0.436031 1.537778 -0.174925
v -0.427577 1.537778 -0.187577
v -0.414925 1.537778 -0.196031
v -0.400000 1.537778 -0.199000
v -0.385075 1.537778 -0.196031
v -0.372423 1.537778 -0.187577
v -0.363969 1.537778 -0.174925
v -0.335000 1.551556 -0.160000
v -0.339948 1.551556 -0.135126
v -0.354038 1.551556 -0.114038
v -0.375126 1.551556 -0.099948
v -0.400000 1.551556 -0.095000
v -0.424874 1.551556 -0.099948
v -0.445962 1.551556 -0.114038
v -0.460052 1.551556 -0.135126
v -0.465000 1.551556 -0.160000
v -0.460052 1.551556 -0.184874
v -0.445962 1.551556 -0.205962
v -0.424874 1.551556 -0.220052
v -0.400000 1.551556 -0.225000
v -0.375126 1.551556 -0.220052
v -0.354038 1.551556 -0.205962
v -0.339948 1.551556 -0.184874
v -0.361000 1.561200 -0.160000
v -0.363969 1.561200 -0.145075
v -0.372423 1.561200 -0.132423
v -0.385075 1.561200 -0.123969
v -0.400000 1.561200 -0.121000
v -0.414925 1.561200 -0.123969
v -0.427577 1.561200 -0.132423
v -0.436031 1.561200 -0.145075
v -0.439000 1.561200 -0.160000
v -0.436031 1.561200 -0.174925
v -0.427577 1.561200 -0.187577
v -0.414925 1.561200 -0.196031
v -0.400000 1.561200 -0.199000
v -0.385075 1.561200 -0.196031
v -0.372423 1.561200 -0.187577
v -0.363969 1.561200 -0.174925
v -0.361000 1.592889 -0.160000
v -0.363969 1.592889 -0.145075
v -0.372423 1.592889 -0.132423
v -0.385075 1.592889 -0.123969
v -0.400000 1.592889 -0.121000
v -0.414925 1.592889 -0.123969
v -0.427577 1.592889 -0.132423
v -0.436031 1.592889 -0.145075
v -0.439000 1.592889 -0.160000
v -0.436031 1.592889 -0.174925
v -0.427577 1.592889 -0.187577
v -0.414925 1.592889 -0.196031
v -0.400000 1.592889 -0.199000
v -0.385075 1.592889 -0.196031
v -0.372423 1.592889 -0.187577
v -0.363969 1.592889 -0.174925
v -0.361000 1.606667 -0.160000
v -0.363969 1.606667 -0.145075
v -0.372423 1.606667 -0.132423
v -0.385075 1.606667 -0.123969
v -0.400000 1.606667 -0.121000
v -0.414925 1.606667 -0.123969
v -0.427577 1.606667 -0.132423
v -0.436031 1.606667 -0.145075
v -0.439000 1.606667 -0.160000
v -0.436031 1.606667 -0.174925
v -0.427577 1.606667 -0.187577
v -0.414925 1.606667 -0.196031
v -0.400000 1.606667 -0.199000
v -0.385075 1.606667 -0.196031
v -0.372423 1.606667 -0.187577
v -0.363969 1.606667 -0.174925
v -0.335000 1.620444 -0.160000
v -0.339948 1.620444 -0.135126
v -0.354038 1.620444 -0.114038
v -0.375126 1.620444 -0.099948
v -0.400000 1.620444 -0.095000
v -0.424874 1.620444 -0.099948
v -0.445962 1.620444 -0.114038
v -0.460052 1.620444 -0.135126
v -0.465000 1.620444 -0.160000
v -0.460052 1.620444 -0.184874
v -0.445962 1.620444 -0.205962
v -0.424874 1.620444 -0.220052
v -0.400000 1.620444 -0.225000
v -0.375126 1.620444 -0.220052
v -0.354038 1.620444 -0.205962
v -0.339948 1.620444 -0.184874
v -0.361000 1.630089 -0.160000
v -0.363969 1.630089 -0.145075
v -0.372423 1.630089 -0.132423
v -0.385075 1.630089 -0.123969
v -0.400000 1.630089 -0.121000
v -0.414925 1.630089 -0.123969
v -0.427577 1.630089 -0.132423
v -0.436031 1.630089 -0.145075
v -0.439000 1.630089 -0.160000
v -0.436031 1.630089 -0.174925
v -0.427577 1.630089 -0.187577
v -0.414925 1.630089 -0.196031
v -0.400000 1.630089 -0.199000
v -0.385075 1.630089 -0.196031
v -0.372423 1.630089 -0.187577
v -0.363969 1.630089 -0.174925
v -0.361000 1.661778 -0.160000
v -0.363969 1.661778 -0.145075
v -0.372423 1.661778 -0.132423
v -0.385075 1.661778 -0.123969
v -0.400000 1.661778 -0.121000
v -0.414925 1.661778 -0.123969
v -0.427577 1.661778 -0.132423
v -0.436031 1.661778 -0.145075
v -0.439000 1.661778 -0.160000
v -0.436031 1.661778 -0.174925
v -0.427577 1.661778 -0.187577
v -0.414925 1.661778 -0.196031
v -0.400000 1.661778 -0.199000
v -0.385075 1.661778 -0.196031
v -0.372423 1.661778 -0.187577
v -0.363969 1.661778 -0.174925
v -0.361000 1.675556 -0.160000
v -0.363969 1.675556 -0.145075
v -0.372423 1.675556 -0.132423
v -0.385075 1.675556 -0.123969
v -0.400000 1.675556 -0.121000
v -0.414925 1.675556 -0.123969
v -0.427577 1.675556 -0.132423
v -0.436031 1.675556 -0.145075
v -0.439000 1.675556 -0.160000
v -0.436031 1.675556 -0.174925
v -0.427577 1.675556 -0.187577
v -0.414925 1.675556 -0.196031
v -0.400000 1.675556 -0.199000
v -0.385075 1.675556 -0.196031
v -0.372423 1.675556 -0.187577
v -0.363969 1.675556 -0.174925
v -0.335000 1.689333 -0.160000
v -0.339948 1.689333 -0.135126
v -0.354038 1.689333 -0.114038
v -0.375126 1.689333 -0.099948
v -0.400000 1.689333 -0.095000
v -0.424874 1.689333 -0.099948
v -0.445962 1.689333 -0.114038
v -0.460052 1.689333 -0.135126
v -0.465000 1.689333 -0.160000
v -0.460052 1.689333 -0.184874
v -0.445962 1.689333 -0.205962
v -0.424874 1.689333 -0.220052
v -0.400000 1.689333 -0.225000
v -0.375126 1.689333 -0.220052
v -0.354038 1.689333 -0.205962
v -0.339948 1.689333 -0.184874
v -0.361000 1.698978 -0.160000
v -0.363969 1.698978 -0.145075
v -0.372423 1.698978 -0.132423
v -0.385075 1.698978 -0.123969
v -0.400000 1.698978 -0.121000
v -0.414925 1.698978 -0.123969
v -0.427577 1.698978 -0.132423
v -0.436031 1.698978 -0.145075
v -0.439000 1.698978 -0.160000
v -0.436031 1.698978 -0.174925
v -0.427577 1.698978 -0.187577
v -0.414925 1.698978 -0.196031
v -0.400000 1.698978 -0.199000
v -0.385075 1.698978 -0.196031
v -0.372423 1.698978 -0.187577
v -0.363969 1.698978 -0.174925
v -0.361000 1.730667 -0.160000
v -0.363969 1.730667 -0.145075
v -0.372423 1.730667 -0.132423
v -0.385075 1.730667 -0.123969
v -0.400000 1.730667 -0.121000
v -0.414925 1.730667 -0.123969
v -0.427577 1.730667 -0.132423
v -0.436031 1.730667 -0.145075
v -0.439000 1.730667 -0.160000
v -0.436031 1.730667 -0.174925
v -0.427577 1.730667 -0.187577
v -0.414925 1.730667 -0.196031
v -0.400000 1.730667 -0.199000
v -0.385075 1.730667 -0.196031
v -0.372423 1.730667 -0.187577
v -0.363969 1.730667 -0.174925
v -0.361000 1.744444 -0.160000
v -0.363969 1.744444 -0.145075
v -0.372423 1.744444 -0.132423
v -0.385075 1.744444 -0.123969
v -0.400000 1.744444 -0.121000
v -0.414925 1.744444 -0.123969
v -0.427577 1.744444 -0.132423
v -0.436031 1.744444 -0.145075
v -0.439000 1.744444 -0.160000
v -0.436031 1.744444 -0.174925
v -0.427577 1.744444 -0.187577
v -0.414925 1.744444 -0.196031
v -0.400000 1.744444 -0.199000
v -0.385075 1.744444 -0.196031
v -0.372423 1.744444 -0.187577
v -0.363969 1.744444 -0.174925
v -0.335000 1.758222 -0.160000
v -0.339948 1.758222 -0.135126
v -0.354038 1.758222 -0.114038
v -0.375126 1.758222 -0.099948
v -0.400000 1.758222 -0.095000
v -0.424874 1.758222 -0.099948
v -0.445962 1.758222 -0.114038
v -0.460052 1.758222 -0.135126
v -0.465000 1.758222 -0.160000
v -0.460052 1.758222 -0.184874
v -0.445962 1.758222 -0.205962
v -0.424874 1.758222 -0.220052
v -0.400000 1.758222 -0.225000
v -0.375126 1.758222 -0.220052
v -0.354038 1.758222 -0.205962
v -0.339948 1.758222 -0.184874
v -0.361000 1.767867 -0.160000
v -0.363969 1.767867 -0.145075
v -0.372423 1.767867 -0.132423
v -0.385075 1.767867 -0.123969
v -0.400000 1.767867 -0.121000
v -0.414925 1.767867 -0.123969
v -0.427577 1.767867 -0.132423
v -0.436031 1.767867 -0.145075
v -0.439000 1.767867 -0.160000
v -0.436031 1.767867 -0.174925
v -0.427577 1.767867 -0.187577
v -0.414925 1.767867 -0.196031
v -0.400000 1.767867 -0.199000
v -0.385075 1.767867 -0.196031
v -0.372423 1.767867 -0.187577
v -0.363969 1.767867 -0.174925
v -0.361000 1.799556 -0.160000
v -0.363969 1.799556 -0.145075
v -0.372423 1.799556 -0.132423
v -0.385075 1.799556 -0.123969
v -0.400000 1.799556 -0.121000
v -0.414925 1.799556 -0.123969
v -0.427577 1.799556 -0.132423
v -0.436031 1.799556 -0.145075
v -0.439000 1.799556 -0.160000
v -0.436031 1.799556 -0.174925
v -0.427577 1.799556 -0.187577
v -0.414925 1.799556 -0.196031
v -0.400000 1.799556 -0.199000
v -0.385075 1.799556 -0.196031
v -0.372423 1.799556 -0.187577
v -0.363969 1.799556 -0.174925
v -0.361000 1.813333 -0.160000
v -0.363969 1.813333 -0.145075
v -0.372423 1.813333 -0.132423
v -0.385075 1.813333 -0.123969
v -0.400000 1.813333 -0.121000
v -0.414925 1.813333 -0.123969
v -0.427577 1.813333 -0.132423
v -0.436031 1.813333 -0.145075
v -0.439000 1.813333 -0.160000
v -0.436031 1.813333 -0.174925
v -0.427577 1.813333 -0.187577
v -0.414925 1.813333 -0.196031
v -0.400000 1.813333 -0.199000
v -0.385075 1.813333 -0.196031
v -0.372423 1.813333 -0.187577
v -0.363969 1.813333 -0.174925
v -0.335000 1.827111 -0.160000
v -0.339948 1.827111 -0.135126
v -0.354038 1.827111 -0.114038
v -0.375126 1.827111 -0.099948
v -0.400000 1.827111 -0.095000
v -0.424874 1.827111 -0.099948
v -0.445962 1.827111 -0.114038
v -0.460052 1.827111 -0.135126
v -0.465000 1.827111 -0.160000
v -0.460052 1.827111 -0.184874
v -0.445962 1.827111 -0.205962
v -0.424874 1.827111 -0.220052
v -0.400000 1.827111 -0.225000
v -0.375126 1.827111 -0.220052
v -0.354038 1.827111 -0.205962
v -0.339948 1.827111 -0.184874
v -0.361000 1.836756 -0.160000
v -0.363969 1.836756 -0.145075
v -0.372423 1.836756 -0.132423
v -0.385075 1.836756 -0.123969
v -0.400000 1.836756 -0.121000
v -0.414925 1.836756 -0.123969
v -0.427577 1.836756 -0.132423
v -0.436031 1.836756 -0.145075
v -0.439000 1.836756 -0.160000
v -0.436031 1.836756 -0.174925
v -0.427577 1.836756 -0.187577
v -0.414925 1.836756 -0.196031
v -0.400000 1.836756 -0.199000
v -0.385075 1.836756 -0.196031
v -0.372423 1.836756 -0.187577
v -0.363969 1.836756 -0.174925
v -0.361000 1.868444 -0.160000
v -0.363969 1.868444 -0.145075
v -0.372423 1.868444 -0.132423
v -0.385075 1.868444 -0.123969
v -0.400000 1.868444 -0.121000
v -0.414925 1.868444 -0.123969
v -0.427577 1.868444 -0.132423
v -0.436031 1.868444 -0.145075
v -0.439000 1.868444 -0.160000
v -0.436031 1.868444 -0.174925
v -0.427577 1.868444 -0.187577
v -0.414925 1.868444 -0.196031
v -0.400000 1.868444 -0.199000
v -0.385075 1.868444 -0.196031
v -0.372423 1.868444 -0.187577
v -0.363969 1.868444 -0.174925
v -0.361000 1.882222 -0.160000
v -0.363969 1.882222 -0.145075
v -0.372423 1.882222 -0.132423
v -0.385075 1.882222 -0.123969
v -0.400000 1.882222 -0.121000
v -0.414925 1.882222 -0.123969
v -0.427577 1.882222 -0.132423
v -0.436031 1.882222 -0.145075
v -0.439000 1.882222 -0.160000
v -0.436031 1.882222 -0.174925
v -0.427577 1.882222 -0.187577
v -0.414925 1.882222 -0.196031
v -0.400000 1.882222 -0.199000
v -0.385075 1.882222 -0.196031
v -0.372423 1.882222 -0.187577
v -0.363969 1.882222 -0.174925
v -0.335000 1.896000 -0.160000
v -0.339948 1.896000 -0.135126
v -0.354038 1.896000 -0.114038
v -0.375126 1.896000 -0.099948
v -0.400000 1.896000 -0.095000
v -0.424874 1.896000 -0.099948
v -0.445962 1.896000 -0.114038
v -0.460052 1.896000 -0.135126
v -0.465000 1.896000 -0.160000
v -0.460052 1.896000 -0.184874
v -0.445962 1.896000 -0.205962
v -0.424874 1.896000 -0.220052
v -0.400000 1.896000 -0.225000
v -0.375126 1.896000 -0.220052
v -0.354038 1.896000 -0.205962
v -0.339948 1.896000 -0.184874
v -0.361000 1.905644 -0.160000
v -0.363969 1.905644 -0.145075
v -0.372423 1.905644 -0.132423
v -0.385075 1.905644 -0.123969
v -0.400000 1.905644 -0.121000
v -0.414925 1.905644 -0.123969
v -0.427577 1.905644 -0.132423
v -0.436031 1.905644 -0.145075
v -0.439000 1.905644 -0.160000
v -0.436031 1.905644 -0.174925
v -0.427577 1.905644 -0.187577
v -0.414925 1.905644 -0.196031
v -0.400000 1.905644 -0.199000
v -0.385075 1.905644 -0.196031
v -0.372423 1.905644 -0.187577
v -0.363969 1.905644 -0.174925
v -0.361000 1.937333 -0.160000
v -0.363969 1.937333 -0.145075
v -0.372423 1.937333 -0.132423
v -0.385075 1.937333 -0.123969
v -0.400000 1.937333 -0.121000
v -0.414925 1.937333 -0.123969
v -0.427577 1.937333 -0.132423
v -0.436031 1.937333 -0.145075
v -0.439000 1.937333 -0.160000
v -0.436031 1.937333 -0.174925
v -0.427577 1.937333 -0.187577
v -0.414925 1.937333 -0.196031
v -0.400000 1.937333 -0.199000
v -0.385075 1.937333 -0.196031
v -0.372423 1.937333 -0.187577
v -0.363969 1.937333 -0.174925
v -0.361000 1.951111 -0.160000
v -0.363969 1.951111 -0.145075
v -0.372423 1.951111 -0.132423
v -0.385075 1.951111 -0.123969
v -0.400000 1.951111 -0.121000
v -0.414925 1.951111 -0.123969
v -0.427577 1.951111 -0.132423
v -0.436031 1.951111 -0.145075
v -0.439000 1.951111 -0.160000
v -0.436031 1.951111 -0.174925
v -0.427577 1.951111 -0.187577
v -0.414925 1.951111 -0.196031
v -0.400000 1.951111 -0.199000
v -0.385075 1.951111 -0.196031
v -0.372423 1.951111 -0.187577
v -0.363969 1.951111 -0.174925
v -0.335000 1.964889 -0.160000
v -0.339948 1.964889 -0.135126
v -0.354038 1.964889 -0.114038
v -0.375126 1.964889 -0.099948
v -0.400000 1.964889 -0.095000
v -0.424874 1.964889 -0.099948
v -0.445962 1.964889 -0.114038
v -0.460052 1.964889 -0.135126
v -0.465000 1.964889 -0.160000
v -0.460052 1.964889 -0.184874
v -0.445962 1.964889 -0.205962
v -0.424874 1.964889 -0.220052
v -0.400000 1.964889 -0.225000
v -0.375126 1.964889 -0.220052
v -0.354038 1.964889 -0.205962
v -0.339948 1.964889 -0.184874
v -0.361000 1.974533 -0.160000
v -0.363969 1.974533 -0.145075
v -0.372423 1.974533 -0.132423
v -0.385075 1.974533 -0.123969
v -0.400000 1.974533 -0.121000
v -0.414925 1.974533 -0.123969
v -0.427577 1.974533 -0.132423
v -0.436031 1.974533 -0.145075
v -0.439000 1.974533 -0.160000
v -0.436031 1.974533 -0.174925
v -0.427577 1.974533 -0.187577
v -0.414925 1.974533 -0.196031
v -0.400000 1.974533 -0.199000
v -0.385075 1.974533 -0.196031
v -0.372423 1.974533 -0.187577
v -0.363969 1.974533 -0.174925
v -0.361000 2.006222 -0.160000
v -0.363969 2.006222 -0.145075
v -0.372423 2.006222 -0.132423
v -0.385075 2.006222 -0.123969
v -0.400000 2.006222 -0.121000
v -0.414925 2.006222 -0.123969
v -0.427577 2.006222 -0.132423
v -0.436031 2.006222 -0.145075
v -0.439000 2.006222 -0.160000
v -0.436031 2.006222 -0.174925
v -0.427577 2.006222 -0.187577
v -0.414925 2.006222 -0.196031
v -0.400000 2.006222 -0.199000
v -0.385075 2.006222 -0.196031
v -0.372423 2.006222 -0.187577
v -0.363969 2.006222 -0.174925
v -0.361000 2.020000 -0.160000
v -0.363969 2.020000 -0.145075
v -0.372423 2.020000 -0.132423
v -0.385075 2.020000 -0.123969
v -0.400000 2.020000 -0.121000
v -0.414925 2.020000 -0.123969
v -0.427577 2.020000 -0.132423
v -0.436031 2.020000 -0.145075
v -0.439000 2.020000 -0.160000
v -0.436031 2.020000 -0.174925
v -0.427577 2.020000 -0.187577
v -0.414925 2.020000 -0.196031
v -0.400000 2.020000 -0.199000
v -0.385075 2.020000 -0.196031
v -0.372423 2.020000 -0.187577
v -0.363969 2.020000 -0.174925
v -0.335000 2.033778 -0.160000
v -0.339948 2.033778 -0.135126
v -0.354038 2.033778 -0.114038
v -0.375126 2.033778 -0.099948
v -0.400000 2.033778 -0.095000
v -0.424874 2.033778 -0.099948
v -0.445962 2.033778 -0.114038
v -0.460052 2.033778 -0.135126
v -0.465000 2.033778 -0.160000
v -0.460052 2.033778 -0.184874
v -0.445962 2.033778 -0.205962
v -0.424874 2.033778 -0.220052
v -0.400000 2.033778 -0.225000
v -0.375126 2.033778 -0.220052
v -0.354038 2.033778 -0.205962
v -0.339948 2.033778 -0.184874
v -0.361000 2.043422 -0.160000
v -0.363969 2.043422 -0.145075
v -0.372423 2.043422 -0.132423
v -0.385075 2.043422 -0.123969
v -0.400000 2.043422 -0.121000
v -0.414925 2.043422 -0.123969
v -0.427577 2.043422 -0.132423
v -0.436031 2.043422 -0.145075
v -0.439000 2.043422 -0.160000
v -0.436031 2.043422 -0.174925
v -0.427577 2.043422 -0.187577
v -0.414925 2.043422 -0.196031
v -0.400000 2.043422 -0.199000
v -0.385075 2.043422 -0.196031
v -0.372423 2.043422 -0.187577
v -0.363969 2.043422 -0.174925
v -0.361000 2.075111 -0.160000
v -0.363969 2.075111 -0.145075
v -0.372423 2.075111 -0.132423
v -0.385075 2.075111 -0.123969
v -0.400000 2.075111 -0.121000
v -0.414925 2.075111 -0.123969
v -0.427577 2.075111 -0.132423
v -0.436031 2.075111 -0.145075
v -0.439000 2.075111 -0.160000
v -0.436031 2.075111 -0.174925
v -0.427577 2.075111 -0.187577
v -0.414925 2.075111 -0.196031
v -0.400000 2.075111 -0.199000
v -0.385075 2.075111 -0.196031
v -0.372423 2.075111 -0.187577
v -0.363969 2.075111 -0.174925
v -0.366200 2.082000 -0.160000
v -0.368773 2.082000 -0.147065
v -0.376100 2.082000 -0.136100
v -0.387065 2.082000 -0.128773
v -0.400000 2.082000 -0.126200
v -0.412935 2.082000 -0.128773
v -0.423900 2.082000 -0.136100
v -0.431227 2.082000 -0.147065
v -0.433800 2.082000 -0.160000
v -0.431227 2.082000 -0.172935
v -0.423900 2.082000 -0.183900
v -0.412935 2.082000 -0.191227
v -0.400000 2.082000 -0.193800
v -0.387065 2.082000 -0.191227
v -0.376100 2.082000 -0.183900
v -0.368773 2.082000 -0.172935
v -0.400000 2.082000 -0.160000
v -0.374000 2.098000 -0.160000
v -0.375979 2.098000 -0.150050
v -0.375979 2.066000 -0.150050
v -0.374000 2.066000 -0.160000
v -0.381615 2.098000 -0.141615
v -0.381615 2.066000 -0.141615
v -0.390050 2.098000 -0.135979
v -0.390050 2.066000 -0.135979
v -0.400000 2.098000 -0.134000
v -0.400000 2.066000 -0.134000
v -0.409950 2.098000 -0.135979
v -0.409950 2.066000 -0.135979
v -0.418385 2.098000 -0.141615
v -0.418385 2.066000 -0.141615
v -0.424021 2.098000 -0.150050
v -0.424021 2.066000 -0.150050
v -0.426000 2.098000 -0.160000
v -0.426000 2.066000 -0.160000
v -0.424021 2.098000 -0.169950
v -0.424021 2.066000 -0.169950
v -0.418385 2.098000 -0.178385
v -0.418385 2.066000 -0.178385
v -0.409950 2.098000 -0.184021
v -0.409950 2.066000 -0.184021
v -0.400000 2.098000 -0.186000
v -0.400000 2.066000 -0.186000
v -0.390050 2.098000 -0.184021
v -0.390050 2.066000 -0.184021
v -0.381615 2.098000 -0.178385
v -0.381615 2.066000 -0.178385
v -0.375979 2.098000 -0.169950
v -0.375979 2.066000 -0.169950
v -0.428600 2.098000 -0.170000
v -0.371400 2.098000 -0.170000
v -0.371400 2.098000 -0.150000
v -0.428600 2.098000 -0.150000
v -0.428600 2.108000 -0.150000
v -0.371400 2.108000 -0.150000
v -0.371400 2.108000 -0.170000
v -0.428600 2.108000 -0.170000
v 0.080600 1.462000 -0.160000
v 0.074465 1.462000 -0.129156
v 0.074465 1.438000 -0.129156
v 0.080600 1.438000 -0.160000
v 0.056993 1.462000 -0.103007
v 0.056993 1.438000 -0.103007
v 0.030844 1.462000 -0.085535
v 0.030844 1.438000 -0.085535
v 0.000000 1.462000 -0.079400
v 0.000000 1.438000 -0.079400
v -0.030844 1.462000 -0.085535
v -0.030844 1.438000 -0.085535
v -0.056993 1.462000 -0.103007
v -0.056993 1.438000 -0.103007
v -0.074465 1.462000 -0.129156
v -0.074465 1.438000 -0.129156
v -0.080600 1.462000 -0.160000
v -0.080600 1.438000 -0.160000
v -0.074465 1.462000 -0.190844
v -0.074465 1.438000 -0.190844
v -0.056993 1.462000 -0.216993
v -0.056993 1.438000 -0.216993
v -0.030844 1.462000 -0.234465
v -0.030844 1.438000 -0.234465
v -0.000000 1.462000 -0.240600
v -0.000000 1.438000 -0.240600
v 0.030844 1.462000 -0.234465
v 0.030844 1.438000 -0.234465
v 0.056993 1.462000 -0.216993
v 0.056993 1.438000 -0.216993
v 0.074465 1.462000 -0.190844
v 0.074465 1.438000 -0.190844
v 0.051962 1.472000 -0.114038
v 0.048962 1.472000 -0.108842
v 0.048962 1.462000 -0.108842
v 0.051962 1.462000 -0.114038
v 0.042962 1.472000 -0.108842
v 0.042962 1.462000 -0.108842
v 0.039962 1.472000 -0.114038
v 0.039962 1.462000 -0.114038
v 0.042962 1.472000 -0.119234
v 0.042962 1.462000 -0.119234
v 0.048962 1.472000 -0.119234
v 0.048962 1.462000 -0.119234
v 0.057692 1.462600 -0.114038
v 0.056799 1.462600 -0.109549
v 0.056799 1.461400 -0.109549
v 0.057692 1.461400 -0.114038
v 0.054256 1.462600 -0.105744
v 0.054256 1.461400 -0.105744
v 0.050451 1.462600 -0.103201
v 0.050451 1.461400 -0.103201
v 0.045962 1.462600 -0.102308
v 0.045962 1.461400 -0.102308
v 0.041473 1.462600 -0.103201
v 0.041473 1.461400 -0.103201
v 0.037668 1.462600 -0.105744
v 0.037668 1.461400 -0.105744
v 0.035125 1.462600 -0.109549
v 0.035125 1.461400 -0.109549
v 0.034232 1.462600 -0.114038
v 0.034232 1.461400 -0.114038
v 0.035125 1.462600 -0.118527
v 0.035125 1.461400 -0.118527
v 0.037668 1.462600 -0.122332
v 0.037668 1.461400 -0.122332
v 0.041473 1.462600 -0.124875
v 0.041473 1.461400 -0.124875
v 0.045962 1.462600 -0.125768
v 0.045962 1.461400 -0.125768
v 0.050451 1.462600 -0.124875
v 0.050451 1.461400 -0.124875
v 0.054256 1.462600 -0.122332
v 0.054256 1.461400 -0.122332
v 0.056799 1.462600 -0.118527
v 0.056799 1.461400 -0.118527
v 0.054795 1.464000 -0.108938
v 0.045962 1.464000 -0.103838
v 0.045962 1.462000 -0.103838
v 0.054795 1.462000 -0.108938
v 0.037128 1.464000 -0.108938
v 0.037128 1.462000 -0.108938
v 0.037128 1.464000 -0.119138
v 0.037128 1.462000 -0.119138
v 0.045962 1.464000 -0.124238
v 0.045962 1.462000 -0.124238
v 0.054795 1.464000 -0.119138
v 0.054795 1.462000 -0.119138
v -0.039962 1.472000 -0.114038
v -0.042962 1.472000 -0.108842
v -0.042962 1.462000 -0.108842
v -0.039962 1.462000 -0.114038
v -0.048962 1.472000 -0.108842
v -0.048962 1.462000 -0.108842
v -0.051962 1.472000 -0.114038
v -0.051962 1.462000 -0.114038
v -0.048962 1.472000 -0.119234
v -0.048962 1.462000 -0.119234
v -0.042962 1.472000 -0.119234
v -0.042962 1.462000 -0.119234
v -0.034232 1.462600 -0.114038
v -0.035125 1.462600 -0.109549
v -0.035125 1.461400 -0.109549
v -0.034232 1.461400 -0.114038
v -0.037668 1.462600 -0.105744
v -0.037668 1.461400 -0.105744
v -0.041473 1.462600 -0.103201
v -0.041473 1.461400 -0.103201
v -0.045962 1.462600 -0.102308
v -0.045962 1.461400 -0.102308
v -0.050451 1.462600 -0.103201
v -0.050451 1.461400 -0.103201
v -0.054256 1.462600 -0.105744
v -0.054256 1.461400 -0.105744
v -0.056799 1.462600 -0.109549
v -0.056799 1.461400 -0.109549
v -0.057692 1.462600 -0.114038
v -0.057692 1.461400 -0.114038
v -0.056799 1.462600 -0.118527
v -0.056799 1.461400 -0.118527
v -0.054256 1.462600 -0.122332
v -0.054256 1.461400 -0.122332
v -0.050451 1.462600 -0.124875
v -0.050451 1.461400 -0.124875
v -0.045962 1.462600 -0.125768
v -0.045962 1.461400 -0.125768
v -0.041473 1.462600 -0.124875
v -0.041473 1.461400 -0.124875
v -0.037668 1.462600 -0.122332
v -0.037668 1.461400 -0.122332
v -0.035125 1.462600 -0.118527
v -0.035125 1.461400 -0.118527
v -0.037128 1.464000 -0.108938
v -0.045962 1.464000 -0.103838
v -0.045962 1.462000 -0.103838
v -0.037128 1.462000 -0.108938
v -0.054795 1.464000 -0.108938
v -0.054795 1.462000 -0.108938
v -0.054795 1.464000 -0.119138
v -0.054795 1.462000 -0.119138
v -0.045962 1.464000 -0.124238
v -0.045962 1.462000 -0.124238
v -0.037128 1.464000 -0.119138
v -0.037128 1.462000 -0.119138
v -0.039962 1.472000 -0.205962
v -0.042962 1.472000 -0.200766
v -0.042962 1.462000 -0.200766
v -0.039962 1.462000 -0.205962
v -0.048962 1.472000 -0.200766
v -0.048962 1.462000 -0.200766
v -0.051962 1.472000 -0.205962
v -0.051962 1.462000 -0.205962
v -0.048962 1.472000 -0.211158
v -0.048962 1.462000 -0.211158
v -0.042962 1.472000 -0.211158
v -0.042962 1.462000 -0.211158
v -0.034232 1.462600 -0.205962
v -0.035125 1.462600 -0.201473
v -0.035125 1.461400 -0.201473
v -0.034232 1.461400 -0.205962
v -0.037668 1.462600 -0.197668
v -0.037668 1.461400 -0.197668
v -0.041473 1.462600 -0.195125
v -0.041473 1.461400 -0.195125
v -0.045962 1.462600 -0.194232
v -0.045962 1.461400 -0.194232
v -0.050451 1.462600 -0.195125
v -0.050451 1.461400 -0.195125
v -0.054256 1.462600 -0.197668
v -0.054256 1.461400 -0.197668
v -0.056799 1.462600 -0.201473
v -0.056799 1.461400 -0.201473
v -0.057692 1.462600 -0.205962
v -0.057692 1.461400 -0.205962
v -0.056799 1.462600 -0.210451
v -0.056799 1.461400 -0.210451
v -0.054256 1.462600 -0.214256
v -0.054256 1.461400 -0.214256
v -0.050451 1.462600 -0.216799
v -0.050451 1.461400 -0.216799
v -0.045962 1.462600 -0.217692
v -0.045962 1.461400 -0.217692
v -0.041473 1.462600 -0.216799
v -0.041473 1.461400 -0.216799
v -0.037668 1.462600 -0.214256
v -0.037668 1.461400 -0.214256
v -0.035125 1.462600 -0.210451
v -0.035125 1.461400 -0.210451
v -0.037128 1.464000 -0.200862
v -0.045962 1.464000 -0.195762
v -0.045962 1.462000 -0.195762
v -0.037128 1.462000 -0.200862
v -0.054795 1.464000 -0.200862
v -0.054795 1.462000 -0.200862
v -0.054795 1.464000 -0.211062
v -0.054795 1.462000 -0.211062
v -0.045962 1.464000 -0.216162
v -0.045962 1.462000 -0.216162
v -0.037128 1.464000 -0.211062
v -0.037128 1.462000 -0.211062
v 0.051962 1.472000 -0.205962
v 0.048962 1.472000 -0.200766
v 0.048962 1.462000 -0.200766
v 0.051962 1.462000 -0.205962
v 0.042962 1.472000 -0.200766
v 0.042962 1.462000 -0.200766
v 0.039962 1.472000 -0.205962
v 0.039962 1.462000 -0.205962
v 0.042962 1.472000 -0.211158
v 0.042962 1.462000 -0.211158
v 0.048962 1.472000 -0.211158
v 0.048962 1.462000 -0.211158
v 0.057692 1.462600 -0.205962
v 0.056799 1.462600 -0.201473
v 0.056799 1.461400 -0.201473
v 0.057692 1.461400 -0.205962
v 0.054256 1.462600 -0.197668
v 0.054256 1.461400 -0.197668
v 0.050451 1.462600 -0.195125
v 0.050451 1.461400 -0.195125
v 0.045962 1.462600 -0.194232
v 0.045962 1.461400 -0.194232
v 0.041473 1.462600 -0.195125
v 0.041473 1.461400 -0.195125
v 0.037668 1.462600 -0.197668
v 0.037668 1.461400 -0.197668
v 0.035125 1.462600 -0.201473
v 0.035125 1.461400 -0.201473
v 0.034232 1.462600 -0.205962
v 0.034232 1.461400 -0.205962
v 0.035125 1.462600 -0.210451
v 0.035125 1.461400 -0.210451
v 0.037668 1.462600 -0.214256
v 0.037668 1.461400 -0.214256
v 0.041473 1.462600 -0.216799
v 0.041473 1.461400 -0.216799
v 0.045962 1.462600 -0.217692
v 0.045962 1.461400 -0.217692
v 0.050451 1.462600 -0.216799
v 0.050451 1.461400 -0.216799
v 0.054256 1.462600 -0.214256
v 0.054256 1.461400 -0.214256
v 0.056799 1.462600 -0.210451
v 0.056799 1.461400 -0.210451
v 0.054795 1.464000 -0.200862
v 0.045962 1.464000 -0.195762
v 0.045962 1.462000 -0.195762
v 0.054795 1.462000 -0.200862
v 0.037128 1.464000 -0.200862
v 0.037128 1.462000 -0.200862
v 0.037128 1.464000 -0.211062
v 0.037128 1.462000 -0.211062
v 0.045962 1.464000 -0.216162
v 0.045962 1.462000 -0.216162
v 0.054795 1.464000 -0.211062
v 0.054795 1.462000 -0.211062
v 0.039000 1.468889 -0.160000
v 0.036031 1.468889 -0.145075
v 0.036031 1.450000 -0.145075
v 0.039000 1.450000 -0.160000
v 0.027577 1.468889 -0.132423
v 0.027577 1.450000 -0.132423
v 0.014925 1.468889 -0.123969
v 0.014925 1.450000 -0.123969
v 0.000000 1.468889 -0.121000
v 0.000000 1.450000 -0.121000
v -0.014925 1.468889 -0.123969
v -0.014925 1.450000 -0.123969
v -0.027577 1.468889 -0.132423
v -0.027577 1.450000 -0.132423
v -0.036031 1.468889 -0.145075
v -0.036031 1.450000 -0.145075
v -0.039000 1.468889 -0.160000
v -0.039000 1.450000 -0.160000
v -0.036031 1.468889 -0.174925
v -0.036031 1.450000 -0.174925
v -0.027577 1.468889 -0.187577
v -0.027577 1.450000 -0.187577
v -0.014925 1.468889 -0.196031
v -0.014925 1.450000 -0.196031
v -0.000000 1.468889 -0.199000
v -0.000000 1.450000 -0.199000
v 0.014925 1.468889 -0.196031
v 0.014925 1.450000 -0.196031
v 0.027577 1.468889 -0.187577
v 0.027577 1.450000 -0.187577
v 0.036031 1.468889 -0.174925
v 0.036031 1.450000 -0.174925
v 0.065000 1.482667 -0.160000
v 0.060052 1.482667 -0.135126
v 0.045962 1.482667 -0.114038
v 0.024874 1.482667 -0.099948
v 0.000000 1.482667 -0.095000
v -0.024874 1.482667 -0.099948
v -0.045962 1.482667 -0.114038
v -0.060052 1.482667 -0.135126
v -0.065000 1.482667 -0.160000
v -0.060052 1.482667 -0.184874
v -0.045962 1.482667 -0.205962
v -0.024874 1.482667 -0.220052
v -0.000000 1.482667 -0.225000
v 0.024874 1.482667 -0.220052
v 0.045962 1.482667 -0.205962
v 0.060052 1.482667 -0.184874
v 0.039000 1.492311 -0.160000
v 0.036031 1.492311 -0.145075
v 0.027577 1.492311 -0.132423
v 0.014925 1.492311 -0.123969
v 0.000000 1.492311 -0.121000
v -0.014925 1.492311 -0.123969
v -0.027577 1.492311 -0.132423
v -0.036031 1.492311 -0.145075
v -0.039000 1.492311 -0.160000
v -0.036031 1.492311 -0.174925
v -0.027577 1.492311 -0.187577
v -0.014925 1.492311 -0.196031
v -0.000000 1.492311 -0.199000
v 0.014925 1.492311 -0.196031
v 0.027577 1.492311 -0.187577
v 0.036031 1.492311 -0.174925
v 0.039000 1.524000 -0.160000
v 0.036031 1.524000 -0.145075
v 0.027577 1.524000 -0.132423
v 0.014925 1.524000 -0.123969
v 0.000000 1.524000 -0.121000
v -0.014925 1.524000 -0.123969
v -0.027577 1.524000 -0.132423
v -0.036031 1.524000 -0.145075
v -0.039000 1.524000 -0.160000
v -0.036031 1.524000 -0.174925
v -0.027577 1.524000 -0.187577
v -0.014925 1.524000 -0.196031
v -0.000000 1.524000 -0.199000
v 0.014925 1.524000 -0.196031
v 0.027577 1.524000 -0.187577
v 0.036031 1.524000 -0.174925
v 0.039000 1.537778 -0.160000
v 0.036031 1.537778 -0.145075
v 0.027577 1.537778 -0.132423
v 0.014925 1.537778 -0.123969
v 0.000000 1.537778 -0.121000
v -0.014925 1.537778 -0.123969
v -0.027577 1.537778 -0.132423
v -0.036031 1.537778 -0.145075
v -0.039000 1.537778 -0.160000
v -0.036031 1.537778 -0.174925
v -0.027577 1.537778 -0.187577
v -0.014925 1.537778 -0.196031
v -0.000000 1.537778 -0.199000
v 0.014925 1.537778 -0.196031
v 0.027577 1.537778 -0.187577
v 0.036031 1.537778 -0.174925
v 0.065000 1.551556 -0.160000
v 0.060052 1.551556 -0.135126
v 0.045962 1.551556 -0.114038
v 0.024874 1.551556 -0.099948
v 0.000000 1.551556 -0.095000
v -0.024874 1.551556 -0.099948
v -0.045962 1.551556 -0.114038
v -0.060052 1.551556 -0.135126
v -0.065000 1.551556 -0.160000
v -0.060052 1.551556 -0.184874
v -0.045962 1.551556 -0.205962
v -0.024874 1.551556 -0.220052
v -0.000000 1.551556 -0.225000
v 0.024874 1.551556 -0.220052
v 0.045962 1.551556 -0.205962
v 0.060052 1.551556 -0.184874
v 0.039000 1.561200 -0.160000
v 0.036031 1.561200 -0.145075
v 0.027577 1.561200 -0.132423
v 0.014925 1.561200 -0.123969
v 0.000000 1.561200 -0.121000
v -0.014925 1.561200 -0.123969
v -0.027577 1.561200 -0.132423
v -0.036031 1.561200 -0.145075
v -0.039000 1.561200 -0.160000
v -0.036031 1.561200 -0.174925
v -0.027577 1.561200 -0.187577
v -0.014925 1.561200 -0.196031
v -0.000000 1.561200 -0.199000
v 0.014925 1.561200 -0.196031
v 0.027577 1.561200 -0.187577
v 0.036031 1.561200 -0.174925
v 0.039000 1.592889 -0.160000
v 0.036031 1.592889 -0.145075
v 0.027577 1.592889 -0.132423
v 0.014925 1.592889 -0.123969
v 0.000000 1.592889 -0.121000
v -0.014925 1.592889 -0.123969
v -0.027577 1.592889 -0.132423
v -0.036031 1.592889 -0.145075
v -0.039000 1.592889 -0.160000
v -0.036031 1.592889 -0.174925
v -0.027577 1.592889 -0.187577
v -0.014925 1.592889 -0.196031
v -0.000000 1.592889 -0.199000
v 0.014925 1.592889 -0.196031
v 0.027577 1.592889 -0.187577
v 0.036031 1.592889 -0.174925
v 0.039000 1.606667 -0.160000
v 0.036031 1.606667 -0.145075
v 0.027577 1.606667 -0.132423
v 0.014925 1.606667 -0.123969
v 0.000000 1.606667 -0.121000
v -0.014925 1.606667 -0.123969
v -0.027577 1.606667 -0.132423
v -0.036031 1.606667 -0.145075
v -0.039000 1.606667 -0.160000
v -0.036031 1.606667 -0.174925
v -0.027577 1.606667 -0.187577
v -0.014925 1.606667 -0.196031
v -0.000000 1.606667 -0.199000
v 0.014925 1.606667 -0.196031
v 0.027577 1.606667 -0.187577
v 0.036031 1.606667 -0.174925
v 0.065000 1.620444 -0.160000
v 0.060052 1.620444 -0.135126
v 0.045962 1.620444 -0.114038
v 0.024874 1.620444 -0.099948
v 0.000000 1.620444 -0.095000
v -0.024874 1.620444 -0.099948
v -0.045962 1.620444 -0.114038
v -0.060052 1.620444 -0.135126
v -0.065000 1.620444 -0.160000
v -0.060052 1.620444 -0.184874
v -0.045962 1.620444 -0.205962
v -0.024874 1.620444 -0.220052
v -0.000000 1.620444 -0.225000
v 0.024874 1.620444 -0.220052
v 0.045962 1.620444 -0.205962
v 0.060052 1.620444 -0.184874
v 0.039000 1.630089 -0.160000
v 0.036031 1.630089 -0.145075
v 0.027577 1.630089 -0.132423
v 0.014925 1.630089 -0.123969
v 0.000000 1.630089 -0.121000
v -0.014925 1.630089 -0.123969
v -0.027577 1.630089 -0.132423
v -0.036031 1.630089 -0.145075
v -0.039000 1.630089 -0.160000
v -0.036031 1.630089 -0.174925
v -0.027577 1.630089 -0.187577
v -0.014925 1.630089 -0.196031
v -0.000000 1.630089 -0.199000
v 0.014925 1.630089 -0.196031
v 0.027577 1.630089 -0.187577
v 0.036031 1.630089 -0.174925
v 0.039000 1.661778 -0.160000
v 0.036031 1.661778 -0.145075
v 0.027577 1.661778 -0.132423
v 0.014925 1.661778 -0.123969
v 0.000000 1.661778 -0.121000
v -0.014925 1.661778 -0.123969
v -0.027577 1.661778 -0.132423
v -0.036031 1.661778 -0.145075
v -0.039000 1.661778 -0.160000
v -0.036031 1.661778 -0.174925
v -0.027577 1.661778 -0.187577
v -0.014925 1.661778 -0.196031
v -0.000000 1.661778 -0.199000
v 0.014925 1.661778 -0.196031
v 0.027577 1.661778 -0.187577
v 0.036031 1.661778 -0.174925
v 0.039000 1.675556 -0.160000
v 0.036031 1.675556 -0.145075
v 0.027577 1.675556 -0.132423
v 0.014925 1.675556 -0.123969
v 0.000000 1.675556 -0.121000
v -0.014925 1.675556 -0.123969
v -0.027577 1.675556 -0.132423
v -0.036031 1.675556 -0.145075
v -0.039000 1.675556 -0.160000
v -0.036031 1.675556 -0.174925
v -0.027577 1.675556 -0.187577
v -0.014925 1.675556 -0.196031
v -0.000000 1.675556 -0.199000
v 0.014925 1.675556 -0.196031
v 0.027577 1.675556 -0.187577
v 0.036031 1.675556 -0.174925
v 0.065000 1.689333 -0.160000
v 0.060052 1.689333 -0.135126
v 0.045962 1.689333 -0.114038
v 0.024874 1.689333 -0.099948
v 0.000000 1.689333 -0.095000
v -0.024874 1.689333 -0.099948
v -0.045962 1.689333 -0.114038
v -0.060052 1.689333 -0.135126
v -0.065000 1.689333 -0.160000
v -0.060052 1.689333 -0.184874
v -0.045962 1.689333 -0.205962
v -0.024874 1.689333 -0.220052
v -0.000000 1.689333 -0.225000
v 0.024874 1.689333 -0.220052
v 0.045962 1.689333 -0.205962
v 0.060052 1.689333 -0.184874
v 0.039000 1.698978 -0.160000
v 0.036031 1.698978 -0.145075
v 0.027577 1.698978 -0.132423
v 0.014925 1.698978 -0.123969
v 0.000000 1.698978 -0.121000
v -0.014925 1.698978 -0.123969
v -0.027577 1.698978 -0.132423
v -0.036031 1.698978 -0.145075
v -0.039000 1.698978 -0.160000
v -0.036031 1.698978 -0.174925
v -0.027577 1.698978 -0.187577
v -0.014925 1.698978 -0.196031
v -0.000000 1.698978 -0.199000
v 0.014925 1.698978 -0.196031
v 0.027577 1.698978 -0.187577
v 0.036031 1.698978 -0.174925
v 0.039000 1.730667 -0.160000
v 0.036031 1.730667 -0.145075
v 0.027577 1.730667 -0.132423
v 0.014925 1.730667 -0.123969
v 0.000000 1.730667 -0.121000
v -0.014925 1.730667 -0.123969
v -0.027577 1.730667 -0.132423
v -0.036031 1.730667 -0.145075
v -0.039000 1.730667 -0.160000
v -0.036031 1.730667 -0.174925
v -0.027577 1.730667 -0.187577
v -0.014925 1.730667 -0.196031
v -0.000000 1.730667 -0.199000
v 0.014925 1.730667 -0.196031
v 0.027577 1.730667 -0.187577
v 0.036031 1.730667 -0.174925
v 0.039000 1.744444 -0.160000
v 0.036031 1.744444 -0.145075
v 0.027577 1.744444 -0.132423
v 0.014925 1.744444 -0.123969
v 0.000000 1.744444 -0.121000
v -0.014925 1.744444 -0.123969
v -0.027577 1.744444 -0.132423
v -0.036031 1.744444 -0.145075
v -0.039000 1.744444 -0.160000
v -0.036031 1.744444 -0.174925
v -0.027577 1.744444 -0.187577
v -0.014925 1.744444 -0.196031
v -0.000000 1.744444 -0.199000
v 0.014925 1.744444 -0.196031
v 0.027577 1.744444 -0.187577
v 0.036031 1.744444 -0.174925
v 0.065000 1.758222 -0.160000
v 0.060052 1.758222 -0.135126
v 0.045962 1.758222 -0.114038
v 0.024874 1.758222 -0.099948
v 0.000000 1.758222 -0.095000
v -0.024874 1.758222 -0.099948
v -0.045962 1.758222 -0.114038
v -0.060052 1.758222 -0.135126
v -0.065000 1.758222 -0.160000
v -0.060052 1.758222 -0.184874
v -0.045962 1.758222 -0.205962
v -0.024874 1.758222 -0.220052
v -0.000000 1.758222 -0.225000
v 0.024874 1.758222 -0.220052
v 0.045962 1.758222 -0.205962
v 0.060052 1.758222 -0.184874
v 0.039000 1.767867 -0.160000
v 0.036031 1.767867 -0.145075
v 0.027577 1.767867 -0.132423
v 0.014925 1.767867 -0.123969
v 0.000000 1.767867 -0.121000
v -0.014925 1.767867 -0.123969
v -0.027577 1.767867 -0.132423
v -0.036031 1.767867 -0.145075
v -0.039000 1.767867 -0.160000
v -0.036031 1.767867 -0.174925
v -0.027577 1.767867 -0.187577
v -0.014925 1.767867 -0.196031
v -0.000000 1.767867 -0.199000
v 0.014925 1.767867 -0.196031
v 0.027577 1.767867 -0.187577
v 0.036031 1.767867 -0.174925
v 0.039000 1.799556 -0.160000
v 0.036031 1.799556 -0.145075
v 0.027577 1.799556 -0.132423
v 0.014925 1.799556 -0.123969
v 0.000000 1.799556 -0.121000
v -0.014925 1.799556 -0.123969
v -0.027577 1.799556 -0.132423
v -0.036031 1.799556 -0.145075
v -0.039000 1.799556 -0.160000
v -0.036031 1.799556 -0.174925
v -0.027577 1.799556 -0.187577
v -0.014925 1.799556 -0.196031
v -0.000000 1.799556 -0.199000
v 0.014925 1.799556 -0.196031
v 0.027577 1.799556 -0.187577
v 0.036031 1.799556 -0.174925
v 0.039000 1.813333 -0.160000
v 0.036031 1.813333 -0.145075
v 0.027577 1.813333 -0.132423
v 0.014925 1.813333 -0.123969
v 0.000000 1.813333 -0.121000
v -0.014925 1.813333 -0.123969
v -0.027577 1.813333 -0.132423
v -0.036031 1.813333 -0.145075
v -0.039000 1.813333 -0.160000
v -0.036031 1.813333 -0.174925
v -0.027577 1.813333 -0.187577
v -0.014925 1.813333 -0.196031
v -0.000000 1.813333 -0.199000
v 0.014925 1.813333 -0.196031
v 0.027577 1.813333 -0.187577
v 0.036031 1.813333 -0.174925
v 0.065000 1.827111 -0.160000
v 0.060052 1.827111 -0.135126
v 0.045962 1.827111 -0.114038
v 0.024874 1.827111 -0.099948
v 0.000000 1.827111 -0.095000
v -0.024874 1.827111 -0.099948
v -0.045962 1.827111 -0.114038
v -0.060052 1.827111 -0.135126
v -0.065000 1.827111 -0.160000
v -0.060052 1.827111 -0.184874
v -0.045962 1.827111 -0.205962
v -0.024874 1.827111 -0.220052
v -0.000000 1.827111 -0.225000
v 0.024874 1.827111 -0.220052
v 0.045962 1.827111 -0.205962
v 0.060052 1.827111 -0.184874
v 0.039000 1.836756 -0.160000
v 0.036031 1.836756 -0.145075
v 0.027577 1.836756 -0.132423
v 0.014925 1.836756 -0.123969
v 0.000000 1.836756 -0.121000
v -0.014925 1.836756 -0.123969
v -0.027577 1.836756 -0.132423
v -0.036031 1.836756 -0.145075
v -0.039000 1.836756 -0.160000
v -0.036031 1.836756 -0.174925
v -0.027577 1.836756 -0.187577
v -0.014925 1.836756 -0.196031
v -0.000000 1.836756 -0.199000
v 0.014925 1.836756 -0.196031
v 0.027577 1.836756 -0.187577
v 0.036031 1.836756 -0.174925
v 0.039000 1.868444 -0.160000
v 0.036031 1.868444 -0.145075
v 0.027577 1.868444 -0.132423
v 0.014925 1.868444 -0.123969
v 0.000000 1.868444 -0.121000
v -0.014925 1.868444 -0.123969
v -0.027577 1.868444 -0.132423
v -0.036031 1.868444 -0.145075
v -0.039000 1.868444 -0.160000
v -0.036031 1.868444 -0.174925
v -0.027577 1.868444 -0.187577
v -0.014925 1.868444 -0.196031
v -0.000000 1.868444 -0.199000
v 0.014925 1.868444 -0.196031
v 0.027577 1.868444 -0.187577
v 0.036031 1.868444 -0.174925
v 0.039000 1.882222 -0.160000
v 0.036031 1.882222 -0.145075
v 0.027577 1.882222 -0.132423
v 0.014925 1.882222 -0.123969
v 0.000000 1.882222 -0.121000
v -0.014925 1.882222 -0.123969
v -0.027577 1.882222 -0.132423
v -0.036031 1.882222 -0.145075
v -0.039000 1.882222 -0.160000
v -0.036031 1.882222 -0.174925
v -0.027577 1.882222 -0.187577
v -0.014925 1.882222 -0.196031
v -0.000000 1.882222 -0.199000
v 0.014925 1.882222 -0.196031
v 0.027577 1.882222 -0.187577
v 0.036031 1.882222 -0.174925
v 0.065000 1.896000 -0.160000
v 0.060052 1.896000 -0.135126
v 0.045962 1.896000 -0.114038
v 0.024874 1.896000 -0.099948
v 0.000000 1.896000 -0.095000
v -0.024874 1.896000 -0.099948
v -0.045962 1.896000 -0.114038
v -0.060052 1.896000 -0.135126
v -0.065000 1.896000 -0.160000
v -0.060052 1.896000 -0.184874
v -0.045962 1.896000 -0.205962
v -0.024874 1.896000 -0.220052
v -0.000000 1.896000 -0.225000
v 0.024874 1.896000 -0.220052
v 0.045962 1.896000 -0.205962
v 0.060052 1.896000 -0.184874
v 0.039000 1.905644 -0.160000
v 0.036031 1.905644 -0.145075
v 0.027577 1.905644 -0.132423
v 0.014925 1.905644 -0.123969
v 0.000000 1.905644 -0.121000
v -0.014925 1.905644 -0.123969
v -0.027577 1.905644 -0.132423
v -0.036031 1.905644 -0.145075
v -0.039000 1.905644 -0.160000
v -0.036031 1.905644 -0.174925
v -0.027577 1.905644 -0.187577
v -0.014925 1.905644 -0.196031
v -0.000000 1.905644 -0.199000
v 0.014925 1.905644 -0.196031
v 0.027577 1.905644 -0.187577
v 0.036031 1.905644 -0.174925
v 0.039000 1.937333 -0.160000
v 0.036031 1.937333 -0.145075
v 0.027577 1.937333 -0.132423
v 0.014925 1.937333 -0.123969
v 0.000000 1.937333 -0.121000
v -0.014925 1.937333 -0.123969
v -0.027577 1.937333 -0.132423
v -0.036031 1.937333 -0.145075
v -0.039000 1.937333 -0.160000
v -0.036031 1.937333 -0.174925
v -0.027577 1.937333 -0.187577
v -0.014925 1.937333 -0.196031
v -0.000000 1.937333 -0.199000
v 0.014925 1.937333 -0.196031
v 0.027577 1.937333 -0.187577
v 0.036031 1.937333 -0.174925
v 0.039000 1.951111 -0.160000
v 0.036031 1.951111 -0.145075
v 0.027577 1.951111 -0.132423
v 0.014925 1.951111 -0.123969
v 0.000000 1.951111 -0.121000
v -0.014925 1.951111 -0.123969
v -0.027577 1.951111 -0.132423
v -0.036031 1.951111 -0.145075
v -0.039000 1.951111 -0.160000
v -0.036031 1.951111 -0.174925
v -0.027577 1.951111 -0.187577
v -0.014925 1.951111 -0.196031
v -0.000000 1.951111 -0.199000
v 0.014925 1.951111 -0.196031
v 0.027577 1.951111 -0.187577
v 0.036031 1.951111 -0.174925
v 0.065000 1.964889 -0.160000
v 0.060052 1.964889 -0.135126
v 0.045962 1.964889 -0.114038
v 0.024874 1.964889 -0.099948
v 0.000000 1.964889 -0.095000
v -0.024874 1.964889 -0.099948
v -0.045962 1.964889 -0.114038
v -0.060052 1.964889 -0.135126
v -0.065000 1.964889 -0.160000
v -0.060052 1.964889 -0.184874
v -0.045962 1.964889 -0.205962
v -0.024874 1.964889 -0.220052
v -0.000000 1.964889 -0.225000
v 0.024874 1.964889 -0.220052
v 0.045962 1.964889 -0.205962
v 0.060052 1.964889 -0.184874
v 0.039000 1.974533 -0.160000
v 0.036031 1.974533 -0.145075
v 0.027577 1.974533 -0.132423
v 0.014925 1.974533 -0.123969
v 0.000000 1.974533 -0.121000
v -0.014925 1.974533 -0.123969
v -0.027577 1.974533 -0.132423
v -0.036031 1.974533 -0.145075
v -0.039000 1.974533 -0.160000
v -0.036031 1.974533 -0.174925
v -0.027577 1.974533 -0.187577
v -0.014925 1.974533 -0.196031
v -0.000000 1.974533 -0.199000
v 0.014925 1.974533 -0.196031
v 0.027577 1.974533 -0.187577
v 0.036031 1.974533 -0.174925
v 0.039000 2.006222 -0.160000
v 0.036031 2.006222 -0.145075
v 0.027577 2.006222 -0.132423
v 0.014925 2.006222 -0.123969
v 0.000000 2.006222 -0.121000
v -0.014925 2.006222 -0.123969
v -0.027577 2.006222 -0.132423
v -0.036031 2.006222 -0.145075
v -0.039000 2.006222 -0.160000
v -0.036031 2.006222 -0.174925
v -0.027577 2.006222 -0.187577
v -0.014925 2.006222 -0.196031
v -0.000000 2.006222 -0.199000
v 0.014925 2.006222 -0.196031
v 0.027577 2.006222 -0.187577
v 0.036031 2.006222 -0.174925
v 0.039000 2.020000 -0.160000
v 0.036031 2.020000 -0.145075
v 0.027577 2.020000 -0.132423
v 0.014925 2.020000 -0.123969
v 0.000000 2.020000 -0.121000
v -0.014925 2.020000 -0.123969
v -0.027577 2.020000 -0.132423
v -0.036031 2.020000 -0.145075
v -0.039000 2.020000 -0.160000
v -0.036031 2.020000 -0.174925
v -0.027577 2.020000 -0.187577
v -0.014925 2.020000 -0.196031
v -0.000000 2.020000 -0.199000
v 0.014925 2.020000 -0.196031
v 0.027577 2.020000 -0.187577
v 0.036031 2.020000 -0.174925
v 0.065000 2.033778 -0.160000
v 0.060052 2.033778 -0.135126
v 0.045962 2.033778 -0.114038
v 0.024874 2.033778 -0.099948
v 0.000000 2.033778 -0.095000
v -0.024874 2.033778 -0.099948
v -0.045962 2.033778 -0.114038
v -0.060052 2.033778 -0.135126
v -0.065000 2.033778 -0.160000
v -0.060052 2.033778 -0.184874
v -0.045962 2.033778 -0.205962
v -0.024874 2.033778 -0.220052
v -0.000000 2.033778 -0.225000
v 0.024874 2.033778 -0.220052
v 0.045962 2.033778 -0.205962
v 0.060052 2.033778 -0.184874
v 0.039000 2.043422 -0.160000
v 0.036031 2.043422 -0.145075
v 0.027577 2.043422 -0.132423
v 0.014925 2.043422 -0.123969
v 0.000000 2.043422 -0.121000
v -0.014925 2.043422 -0.123969
v -0.027577 2.043422 -0.132423
v -0.036031 2.043422 -0.145075
v -0.039000 2.043422 -0.160000
v -0.036031 2.043422 -0.174925
v -0.027577 2.043422 -0.187577
v -0.014925 2.043422 -0.196031
v -0.000000 2.043422 -0.199000
v 0.014925 2.043422 -0.196031
v 0.027577 2.043422 -0.187577
v 0.036031 2.043422 -0.174925
v 0.039000 2.075111 -0.160000
v 0.036031 2.075111 -0.145075
v 0.027577 2.075111 -0.132423
v 0.014925 2.075111 -0.123969
v 0.000000 2.075111 -0.121000
v -0.014925 2.075111 -0.123969
v -0.027577 2.075111 -0.132423
v -0.036031 2.075111 -0.145075
v -0.039000 2.075111 -0.160000
v -0.036031 2.075111 -0.174925
v -0.027577 2.075111 -0.187577
v -0.014925 2.075111 -0.196031
v -0.000000 2.075111 -0.199000
v 0.014925 2.075111 -0.196031
v 0.027577 2.075111 -0.187577
v 0.036031 2.075111 -0.174925
v 0.033800 2.082000 -0.160000
v 0.031227 2.082000 -0.147065
v 0.023900 2.082000 -0.136100
v 0.012935 2.082000 -0.128773
v 0.000000 2.082000 -0.126200
v -0.012935 2.082000 -0.128773
v -0.023900 2.082000 -0.136100
v -0.031227 2.082000 -0.147065
v -0.033800 2.082000 -0.160000
v -0.031227 2.082000 -0.172935
v -0.023900 2.082000 -0.183900
v -0.012935 2.082000 -0.191227
v -0.000000 2.082000 -0.193800
v 0.012935 2.082000 -0.191227
v 0.023900 2.082000 -0.183900
v 0.031227 2.082000 -0.172935
v 0.000000 2.082000 -0.160000
v 0.026000 2.098000 -0.160000
v 0.024021 2.098000 -0.150050
v 0.024021 2.066000 -0.150050
v 0.026000 2.066000 -0.160000
v 0.018385 2.098000 -0.141615
v 0.018385 2.066000 -0.141615
v 0.009950 2.098000 -0.135979
v 0.009950 2.066000 -0.135979
v 0.000000 2.098000 -0.134000
v 0.000000 2.066000 -0.134000
v -0.009950 2.098000 -0.135979
v -0.009950 2.066000 -0.135979
v -0.018385 2.098000 -0.141615
v -0.018385 2.066000 -0.141615
v -0.024021 2.098000 -0.150050
v -0.024021 2.066000 -0.150050
v -0.026000 2.098000 -0.160000
v -0.026000 2.066000 -0.160000
v -0.024021 2.098000 -0.169950
v -0.024021 2.066000 -0.169950
v -0.018385 2.098000 -0.178385
v -0.018385 2.066000 -0.178385
v -0.009950 2.098000 -0.184021
v -0.009950 2.066000 -0.184021
v -0.000000 2.098000 -0.186000
v -0.000000 2.066000 -0.186000
v 0.009950 2.098000 -0.184021
v 0.009950 2.066000 -0.184021
v 0.018385 2.098000 -0.178385
v 0.018385 2.066000 -0.178385
v 0.024021 2.098000 -0.169950
v 0.024021 2.066000 -0.169950
v -0.028600 2.098000 -0.170000
v 0.028600 2.098000 -0.170000
v 0.028600 2.098000 -0.150000
v -0.028600 2.098000 -0.150000
v -0.028600 2.108000 -0.150000
v 0.028600 2.108000 -0.150000
v 0.028600 2.108000 -0.170000
v -0.028600 2.108000 -0.170000
v 0.480600 1.462000 -0.160000
v 0.474465 1.462000 -0.129156
v 0.474465 1.438000 -0.129156
v 0.480600 1.438000 -0.160000
v 0.456993 1.462000 -0.103007
v 0.456993 1.438000 -0.103007
v 0.430844 1.462000 -0.085535
v 0.430844 1.438000 -0.085535
v 0.400000 1.462000 -0.079400
v 0.400000 1.438000 -0.079400
v 0.369156 1.462000 -0.085535
v 0.369156 1.438000 -0.085535
v 0.343007 1.462000 -0.103007
v 0.343007 1.438000 -0.103007
v 0.325535 1.462000 -0.129156
v 0.325535 1.438000 -0.129156
v 0.319400 1.462000 -0.160000
v 0.319400 1.438000 -0.160000
v 0.325535 1.462000 -0.190844
v 0.325535 1.438000 -0.190844
v 0.343007 1.462000 -0.216993
v 0.343007 1.438000 -0.216993
v 0.369156 1.462000 -0.234465
v 0.369156 1.438000 -0.234465
v 0.400000 1.462000 -0.240600
v 0.400000 1.438000 -0.240600
v 0.430844 1.462000 -0.234465
v 0.430844 1.438000 -0.234465
v 0.456993 1.462000 -0.216993
v 0.456993 1.438000 -0.216993
v 0.474465 1.462000 -0.190844
v 0.474465 1.438000 -0.190844
v 0.451962 1.472000 -0.114038
v 0.448962 1.472000 -0.108842
v 0.448962 1.462000 -0.108842
v 0.451962 1.462000 -0.114038
v 0.442962 1.472000 -0.108842
v 0.442962 1.462000 -0.108842
v 0.439962 1.472000 -0.114038
v 0.439962 1.462000 -0.114038
v 0.442962 1.472000 -0.119234
v 0.442962 1.462000 -0.119234
v 0.448962 1.472000 -0.119234
v 0.448962 1.462000 -0.119234
v 0.457692 1.462600 -0.114038
v 0.456799 1.462600 -0.109549
v 0.456799 1.461400 -0.109549
v 0.457692 1.461400 -0.114038
v 0.454256 1.462600 -0.105744
v 0.454256 1.461400 -0.105744
v 0.450451 1.462600 -0.103201
v 0.450451 1.461400 -0.103201
v 0.445962 1.462600 -0.102308
v 0.445962 1.461400 -0.102308
v 0.441473 1.462600 -0.103201
v 0.441473 1.461400 -0.103201
v 0.437668 1.462600 -0.105744
v 0.437668 1.461400 -0.105744
v 0.435125 1.462600 -0.109549
v 0.435125 1.461400 -0.109549
v 0.434232 1.462600 -0.114038
v 0.434232 1.461400 -0.114038
v 0.435125 1.462600 -0.118527
v 0.435125 1.461400 -0.118527
v 0.437668 1.462600 -0.122332
v 0.437668 1.461400 -0.122332
v 0.441473 1.462600 -0.124875
v 0.441473 1.461400 -0.124875
v 0.445962 1.462600 -0.125768
v 0.445962 1.461400 -0.125768
v 0.450451 1.462600 -0.124875
v 0.450451 1.461400 -0.124875
v 0.454256 1.462600 -0.122332
v 0.454256 1.461400 -0.122332
v 0.456799 1.462600 -0.118527
v 0.456799 1.461400 -0.118527
v 0.454795 1.464000 -0.108938
v 0.445962 1.464000 -0.103838
v 0.445962 1.462000 -0.103838
v 0.454795 1.462000 -0.108938
v 0.437128 1.464000 -0.108938
v 0.437128 1.462000 -0.108938
v 0.437128 1.464000 -0.119138
v 0.437128 1.462000 -0.119138
v 0.445962 1.464000 -0.124238
v 0.445962 1.462000 -0.124238
v 0.454795 1.464000 -0.119138
v 0.454795 1.462000 -0.119138
v 0.360038 1.472000 -0.114038
v 0.357038 1.472000 -0.108842
v 0.357038 1.462000 -0.108842
v 0.360038 1.462000 -0.114038
v 0.351038 1.472000 -0.108842
v 0.351038 1.462000 -0.108842
v 0.348038 1.472000 -0.114038
v 0.348038 1.462000 -0.114038
v 0.351038 1.472000 -0.119234
v 0.351038 1.462000 -0.119234
v 0.357038 1.472000 -0.119234
v 0.357038 1.462000 -0.119234
v 0.365768 1.462600 -0.114038
v 0.364875 1.462600 -0.109549
v 0.364875 1.461400 -0.109549
v 0.365768 1.461400 -0.114038
v 0.362332 1.462600 -0.105744
v 0.362332 1.461400 -0.105744
v 0.358527 1.462600 -0.103201
v 0.358527 1.461400 -0.103201
v 0.354038 1.462600 -0.102308
v 0.354038 1.461400 -0.102308
v 0.349549 1.462600 -0.103201
v 0.349549 1.461400 -0.103201
v 0.345744 1.462600 -0.105744
v 0.345744 1.461400 -0.105744
v 0.343201 1.462600 -0.109549
v 0.343201 1.461400 -0.109549
v 0.342308 1.462600 -0.114038
v 0.342308 1.461400 -0.114038
v 0.343201 1.462600 -0.118527
v 0.343201 1.461400 -0.118527
v 0.345744 1.462600 -0.122332
v 0.345744 1.461400 -0.122332
v 0.349549 1.462600 -0.124875
v 0.349549 1.461400 -0.124875
v 0.354038 1.462600 -0.125768
v 0.354038 1.461400 -0.125768
v 0.358527 1.462600 -0.124875
v 0.358527 1.461400 -0.124875
v 0.362332 1.462600 -0.122332
v 0.362332 1.461400 -0.122332
v 0.364875 1.462600 -0.118527
v 0.364875 1.461400 -0.118527
v 0.362872 1.464000 -0.108938
v 0.354038 1.464000 -0.103838
v 0.354038 1.462000 -0.103838
v 0.362872 1.462000 -0.108938
v 0.345205 1.464000 -0.108938
v 0.345205 1.462000 -0.108938
v 0.345205 1.464000 -0.119138
v 0.345205 1.462000 -0.119138
v 0.354038 1.464000 -0.124238
v 0.354038 1.462000 -0.124238
v 0.362872 1.464000 -0.119138
v 0.362872 1.462000 -0.119138
v 0.360038 1.472000 -0.205962
v 0.357038 1.472000 -0.200766
v 0.357038 1.462000 -0.200766
v 0.360038 1.462000 -0.205962
v 0.351038 1.472000 -0.200766
v 0.351038 1.462000 -0.200766
v 0.348038 1.472000 -0.205962
v 0.348038 1.462000 -0.205962
v 0.351038 1.472000 -0.211158
v 0.351038 1.462000 -0.211158
v 0.357038 1.472000 -0.211158
v 0.357038 1.462000 -0.211158
v 0.365768 1.462600 -0.205962
v 0.364875 1.462600 -0.201473
v 0.364875 1.461400 -0.201473
v 0.365768 1.461400 -0.205962
v 0.362332 1.462600 -0.197668
v 0.362332 1.461400 -0.197668
v 0.358527 1.462600 -0.195125
v 0.358527 1.461400 -0.195125
v 0.354038 1.462600 -0.194232
v 0.354038 1.461400 -0.194232
v 0.349549 1.462600 -0.195125
v 0.349549 1.461400 -0.195125
v 0.345744 1.462600 -0.197668
v 0.345744 1.461400 -0.197668
v 0.343201 1.462600 -0.201473
v 0.343201 1.461400 -0.201473
v 0.342308 1.462600 -0.205962
v 0.342308 1.461400 -0.205962
v 0.343201 1.462600 -0.210451
v 0.343201 1.461400 -0.210451
v 0.345744 1.462600 -0.214256
v 0.345744 1.461400 -0.214256
v 0.349549 1.462600 -0.216799
v 0.349549 1.461400 -0.216799
v 0.354038 1.462600 -0.217692
v 0.354038 1.461400 -0.217692
v 0.358527 1.462600 -0.216799
v 0.358527 1.461400 -0.216799
v 0.362332 1.462600 -0.214256
v 0.362332 1.461400 -0.214256
v 0.364875 1.462600 -0.210451
v 0.364875 1.461400 -0.210451
v 0.362872 1.464000 -0.200862
v 0.354038 1.464000 -0.195762
v 0.354038 1.462000 -0.195762
v 0.362872 1.462000 -0.200862
v 0.345205 1.464000 -0.200862
v 0.345205 1.462000 -0.200862
v 0.345205 1.464000 -0.211062
v 0.345205 1.462000 -0.211062
v 0.354038 1.464000 -0.216162
v 0.354038 1.462000 -0.216162
v 0.362872 1.464000 -0.211062
v 0.362872 1.462000 -0.211062
v 0.451962 1.472000 -0.205962
v 0.448962 1.472000 -0.200766
v 0.448962 1.462000 -0.200766
v 0.451962 1.462000 -0.205962
v 0.442962 1.472000 -0.200766
v 0.442962 1.462000 -0.200766
v 0.439962 1.472000 -0.205962
v 0.439962 1.462000 -0.205962
v 0.442962 1.472000 -0.211158
v 0.442962 1.462000 -0.211158
v 0.448962 1.472000 -0.211158
v 0.448962 1.462000 -0.211158
v 0.457692 1.462600 -0.205962
v 0.456799 1.462600 -0.201473
v 0.456799 1.461400 -0.201473
v 0.457692 1.461400 -0.205962
v 0.454256 1.462600 -0.197668
v 0.454256 1.461400 -0.197668
v 0.450451 1.462600 -0.195125
v 0.450451 1.461400 -0.195125
v 0.445962 1.462600 -0.194232
v 0.445962 1.461400 -0.194232
v 0.441473 1.462600 -0.195125
v 0.441473 1.461400 -0.195125
v 0.437668 1.462600 -0.197668
v 0.437668 1.461400 -0.197668
v 0.435125 1.462600 -0.201473
v 0.435125 1.461400 -0.201473
v 0.434232 1.462600 -0.205962
v 0.434232 1.461400 -0.205962
v 0.435125 1.462600 -0.210451
v 0.435125 1.461400 -0.210451
v 0.437668 1.462600 -0.214256
v 0.437668 1.461400 -0.214256
v 0.441473 1.462600 -0.216799
v 0.441473 1.461400 -0.216799
v 0.445962 1.462600 -0.217692
v 0.445962 1.461400 -0.217692
v 0.450451 1.462600 -0.216799
v 0.450451 1.461400 -0.216799
v 0.454256 1.462600 -0.214256
v 0.454256 1.461400 -0.214256
v 0.456799 1.462600 -0.210451
v 0.456799 1.461400 -0.210451
v 0.454795 1.464000 -0.200862
v 0.445962 1.464000 -0.195762
v 0.445962 1.462000 -0.195762
v 0.454795 1.462000 -0.200862
v 0.437128 1.464000 -0.200862
v 0.437128 1.462000 -0.200862
v 0.437128 1.464000 -0.211062
v 0.437128 1.462000 -0.211062
v 0.445962 1.464000 -0.216162
v 0.445962 1.462000 -0.216162
v 0.454795 1.464000 -0.211062
v 0.454795 1.462000 -0.211062
v 0.439000 1.468889 -0.160000
v 0.436031 1.468889 -0.145075
v 0.436031 1.450000 -0.145075
v 0.439000 1.450000 -0.160000
v 0.427577 1.468889 -0.132423
v 0.427577 1.450000 -0.132423
v 0.414925 1.468889 -0.123969
v 0.414925 1.450000 -0.123969
v 0.400000 1.468889 -0.121000
v 0.400000 1.450000 -0.121000
v 0.385075 1.468889 -0.123969
v 0.385075 1.450000 -0.123969
v 0.372423 1.468889 -0.132423
v 0.372423 1.450000 -0.132423
v 0.363969 1.468889 -0.145075
v 0.363969 1.450000 -0.145075
v 0.361000 1.468889 -0.160000
v 0.361000 1.450000 -0.160000
v 0.363969 1.468889 -0.174925
v 0.363969 1.450000 -0.174925
v 0.372423 1.468889 -0.187577
v 0.372423 1.450000 -0.187577
v 0.385075 1.468889 -0.196031
v 0.385075 1.450000 -0.196031
v 0.400000 1.468889 -0.199000
v 0.400000 1.450000 -0.199000
v 0.414925 1.468889 -0.196031
v 0.414925 1.450000 -0.196031
v 0.427577 1.468889 -0.187577
v 0.427577 1.450000 -0.187577
v 0.436031 1.468889 -0.174925
v 0.436031 1.450000 -0.174925
v 0.465000 1.482667 -0.160000
v 0.460052 1.482667 -0.135126
v 0.445962 1.482667 -0.114038
v 0.424874 1.482667 -0.099948
v 0.400000 1.482667 -0.095000
v 0.375126 1.482667 -0.099948
v 0.354038 1.482667 -0.114038
v 0.339948 1.482667 -0.135126
v 0.335000 1.482667 -0.160000
v 0.339948 1.482667 -0.184874
v 0.354038 1.482667 -0.205962
v 0.375126 1.482667 -0.220052
v 0.400000 1.482667 -0.225000
v 0.424874 1.482667 -0.220052
v 0.445962 1.482667 -0.205962
v 0.460052 1.482667 -0.184874
v 0.439000 1.492311 -0.160000
v 0.436031 1.492311 -0.145075
v 0.427577 1.492311 -0.132423
v 0.414925 1.492311 -0.123969
v 0.400000 1.492311 -0.121000
v 0.385075 1.492311 -0.123969
v 0.372423 1.492311 -0.132423
v 0.363969 1.492311 -0.145075
v 0.361000 1.492311 -0.160000
v 0.363969 1.492311 -0.174925
v 0.372423 1.492311 -0.187577
v 0.385075 1.492311 -0.196031
v 0.400000 1.492311 -0.199000
v 0.414925 1.492311 -0.196031
v 0.427577 1.492311 -0.187577
v 0.436031 1.492311 -0.174925
v 0.439000 1.524000 -0.160000
v 0.436031 1.524000 -0.145075
v 0.427577 1.524000 -0.132423
v 0.414925 1.524000 -0.123969
v 0.400000 1.524000 -0.121000
v 0.385075 1.524000 -0.123969
v 0.372423 1.524000 -0.132423
v 0.363969 1.524000 -0.145075
v 0.361000 1.524000 -0.160000
v 0.363969 1.524000 -0.174925
v 0.372423 1.524000 -0.187577
v 0.385075 1.524000 -0.196031
v 0.400000 1.524000 -0.199000
v 0.414925 1.524000 -0.196031
v 0.427577 1.524000 -0.187577
v 0.436031 1.524000 -0.174925
v 0.439000 1.537778 -0.160000
v 0.436031 1.537778 -0.145075
v 0.427577 1.537778 -0.132423
v 0.414925 1.537778 -0.123969
v 0.400000 1.537778 -0.121000
v 0.385075 1.537778 -0.123969
v 0.372423 1.537778 -0.132423
v 0.363969 1.537778 -0.145075
v 0.361000 1.537778 -0.160000
v 0.363969 1.537778 -0.174925
v 0.372423 1.537778 -0.187577
v 0.385075 1.537778 -0.196031
v 0.400000 1.537778 -0.199000
v 0.414925 1.537778 -0.196031
v 0.427577 1.537778 -0.187577
v 0.436031 1.537778 -0.174925
v 0.465000 1.551556 -0.160000
v 0.460052 1.551556 -0.135126
v 0.445962 1.551556 -0.114038
v 0.424874 1.551556 -0.099948
v 0.400000 1.551556 -0.095000
v 0.375126 1.551556 -0.099948
v 0.354038 1.551556 -0.114038
v 0.339948 1.551556 -0.135126
v 0.335000 1.551556 -0.160000
v 0.339948 1.551556 -0.184874
v 0.354038 1.551556 -0.205962
v 0.375126 1.551556 -0.220052
v 0.400000 1.551556 -0.225000
v 0.424874 1.551556 -0.220052
v 0.445962 1.551556 -0.205962
v 0.460052 1.551556 -0.184874
v 0.439000 1.561200 -0.160000
v 0.436031 1.561200 -0.145075
v 0.427577 1.561200 -0.132423
v 0.414925 1.561200 -0.123969
v 0.400000 1.561200 -0.121000
v 0.385075 1.561200 -0.123969
v 0.372423 1.561200 -0.132423
v 0.363969 1.561200 -0.145075
v 0.361000 1.561200 -0.160000
v 0.363969 1.561200 -0.174925
v 0.372423 1.561200 -0.187577
v 0.385075 1.561200 -0.196031
v 0.400000 1.561200 -0.199000
v 0.414925 1.561200 -0.196031
v 0.427577 1.561200 -0.187577
v 0.436031 1.561200 -0.174925
v 0.439000 1.592889 -0.160000
v 0.436031 1.592889 -0.145075
v 0.427577 1.592889 -0.132423
v 0.414925 1.592889 -0.123969
v 0.400000 1.592889 -0.121000
v 0.385075 1.592889 -0.123969
v 0.372423 1.592889 -0.132423
v 0.363969 1.592889 -0.145075
v 0.361000 1.592889 -0.160000
v 0.363969 1.592889 -0.174925
v 0.372423 1.592889 -0.187577
v 0.385075 1.592889 -0.196031
v 0.400000 1.592889 -0.199000
v 0.414925 1.592889 -0.196031
v 0.427577 1.592889 -0.187577
v 0.436031 1.592889 -0.174925
v 0.439000 1.606667 -0.160000
v 0.436031 1.606667 -0.145075
v 0.427577 1.606667 -0.132423
v 0.414925 1.606667 -0.123969
v 0.400000 1.606667 -0.121000
v 0.385075 1.606667 -0.123969
v 0.372423 1.606667 -0.132423
v 0.363969 1.606667 -0.145075
v 0.361000 1.606667 -0.160000
v 0.363969 1.606667 -0.174925
v 0.372423 1.606667 -0.187577
v 0.385075 1.606667 -0.196031
v 0.400000 1.606667 -0.199000
v 0.414925 1.606667 -0.196031
v 0.427577 1.606667 -0.187577
v 0.436031 1.606667 -0.174925
v 0.465000 1.620444 -0.160000
v 0.460052 1.620444 -0.135126
v 0.445962 1.620444 -0.114038
v 0.424874 1.620444 -0.099948
v 0.400000 1.620444 -0.095000
v 0.375126 1.620444 -0.099948
v 0.354038 1.620444 -0.114038
v 0.339948 1.620444 -0.135126
v 0.335000 1.620444 -0.160000
v 0.339948 1.620444 -0.184874
v 0.354038 1.620444 -0.205962
v 0.375126 1.620444 -0.220052
v 0.400000 1.620444 -0.225000
v 0.424874 1.620444 -0.220052
v 0.445962 1.620444 -0.205962
v 0.460052 1.620444 -0.184874
v 0.439000 1.630089 -0.160000
v 0.436031 1.630089 -0.145075
v 0.427577 1.630089 -0.132423
v 0.414925 1.630089 -0.123969
v 0.400000 1.630089 -0.121000
v 0.385075 1.630089 -0.123969
v 0.372423 1.630089 -0.132423
v 0.363969 1.630089 -0.145075
v 0.361000 1.630089 -0.160000
v 0.363969 1.630089 -0.174925
v 0.372423 1.630089 -0.187577
v 0.385075 1.630089 -0.196031
v 0.400000 1.630089 -0.199000
v 0.414925 1.630089 -0.196031
v 0.427577 1.630089 -0.187577
v 0.436031 1.630089 -0.174925
v 0.439000 1.661778 -0.160000
v 0.436031 1.661778 -0.145075
v 0.427577 1.661778 -0.132423
v 0.414925 1.661778 -0.123969
v 0.400000 1.661778 -0.121000
v 0.385075 1.661778 -0.123969
v 0.372423 1.661778 -0.132423
v 0.363969 1.661778 -0.145075
v 0.361000 1.661778 -0.160000
v 0.363969 1.661778 -0.174925
v 0.372423 1.661778 -0.187577
v 0.385075 1.661778 -0.196031
v 0.400000 1.661778 -0.199000
v 0.414925 1.661778 -0.196031
v 0.427577 1.661778 -0.187577
v 0.436031 1.661778 -0.174925
v 0.439000 1.675556 -0.160000
v 0.436031 1.675556 -0.145075
v 0.427577 1.675556 -0.132423
v 0.414925 1.675556 -0.123969
v 0.400000 1.675556 -0.121000
v 0.385075 1.675556 -0.123969
v 0.372423 1.675556 -0.132423
v 0.363969 1.675556 -0.145075
v 0.361000 1.675556 -0.160000
v 0.363969 1.675556 -0.174925
v 0.372423 1.675556 -0.187577
v 0.385075 1.675556 -0.196031
v 0.400000 1.675556 -0.199000
v 0.414925 1.675556 -0.196031
v 0.427577 1.675556 -0.187577
v 0.436031 1.675556 -0.174925
v 0.465000 1.689333 -0.160000
v 0.460052 1.689333 -0.135126
v 0.445962 1.689333 -0.114038
v 0.424874 1.689333 -0.099948
v 0.400000 1.689333 -0.095000
v 0.375126 1.689333 -0.099948
v 0.354038 1.689333 -0.114038
v 0.339948 1.689333 -0.135126
v 0.335000 1.689333 -0.160000
v 0.339948 1.689333 -0.184874
v 0.354038 1.689333 -0.205962
v 0.375126 1.689333 -0.220052
v 0.400000 1.689333 -0.225000
v 0.424874 1.689333 -0.220052
v 0.445962 1.689333 -0.205962
v 0.460052 1.689333 -0.184874
v 0.439000 1.698978 -0.160000
v 0.436031 1.698978 -0.145075
v 0.427577 1.698978 -0.132423
v 0.414925 1.698978 -0.123969
v 0.400000 1.698978 -0.121000
v 0.385075 1.698978 -0.123969
v 0.372423 1.698978 -0.132423
v 0.363969 1.698978 -0.145075
v 0.361000 1.698978 -0.160000
v 0.363969 1.698978 -0.174925
v 0.372423 1.698978 -0.187577
v 0.385075 1.698978 -0.196031
v 0.400000 1.698978 -0.199000
v 0.414925 1.698978 -0.196031
v 0.427577 1.698978 -0.187577
v 0.436031 1.698978 -0.174925
v 0.439000 1.730667 -0.160000
v 0.436031 1.730667 -0.145075
v 0.427577 1.730667 -0.132423
v 0.414925 1.730667 -0.123969
v 0.400000 1.730667 -0.121000
v 0.385075 1.730667 -0.123969
v 0.372423 1.730667 -0.132423
v 0.363969 1.730667 -0.145075
v 0.361000 1.730667 -0.160000
v 0.363969 1.730667 -0.174925
v 0.372423 1.730667 -0.187577
v 0.385075 1.730667 -0.196031
v 0.400000 1.730667 -0.199000
v 0.414925 1.730667 -0.196031
v 0.427577 1.730667 -0.187577
v 0.436031 1.730667 -0.174925
v 0.439000 1.744444 -0.160000
v 0.436031 1.744444 -0.145075
v 0.427577 1.744444 -0.132423
v 0.414925 1.744444 -0.123969
v 0.400000 1.744444 -0.121000
v 0.385075 1.744444 -0.123969
v 0.372423 1.744444 -0.132423
v 0.363969 1.744444 -0.145075
v 0.361000 1.744444 -0.160000
v 0.363969 1.744444 -0.174925
v 0.372423 1.744444 -0.187577
v 0.385075 1.744444 -0.196031
v 0.400000 1.744444 -0.199000
v 0.414925 1.744444 -0.196031
v 0.427577 1.744444 -0.187577
v 0.436031 1.744444 -0.174925
v 0.465000 1.758222 -0.160000
v 0.460052 1.758222 -0.135126
v 0.445962 1.758222 -0.114038
v 0.424874 1.758222 -0.099948
v 0.400000 1.758222 -0.095000
v 0.375126 1.758222 -0.099948
v 0.354038 1.758222 -0.114038
v 0.339948 1.758222 -0.135126
v 0.335000 1.758222 -0.160000
v 0.339948 1.758222 -0.184874
v 0.354038 1.758222 -0.205962
v 0.375126 1.758222 -0.220052
v 0.400000 1.758222 -0.225000
v 0.424874 1.758222 -0.220052
v 0.445962 1.758222 -0.205962
v 0.460052 1.758222 -0.184874
v 0.439000 1.767867 -0.160000
v 0.436031 1.767867 -0.145075
v 0.427577 1.767867 -0.132423
v 0.414925 1.767867 -0.123969
v 0.400000 1.767867 -0.121000
v 0.385075 1.767867 -0.123969
v 0.372423 1.767867 -0.132423
v 0.363969 1.767867 -0.145075
v 0.361000 1.767867 -0.160000
v 0.363969 1.767867 -0.174925
v 0.372423 1.767867 -0.187577
v 0.385075 1.767867 -0.196031
v 0.400000 1.767867 -0.199000
v 0.414925 1.767867 -0.196031
v 0.427577 1.767867 -0.187577
v 0.436031 1.767867 -0.174925
v 0.439000 1.799556 -0.160000
v 0.436031 1.799556 -0.145075
v 0.427577 1.799556 -0.132423
v 0.414925 1.799556 -0.123969
v 0.400000 1.799556 -0.121000
v 0.385075 1.799556 -0.123969
v 0.372423 1.799556 -0.132423
v 0.363969 1.799556 -0.145075
v 0.361000 1.799556 -0.160000
v 0.363969 1.799556 -0.174925
v 0.372423 1.799556 -0.187577
v 0.385075 1.799556 -0.196031
v 0.400000 1.799556 -0.199000
v 0.414925 1.799556 -0.196031
v 0.427577 1.799556 -0.187577
v 0.436031 1.799556 -0.174925
v 0.439000 1.813333 -0.160000
v 0.436031 1.813333 -0.145075
v 0.427577 1.813333 -0.132423
v 0.414925 1.813333 -0.123969
v 0.400000 1.813333 -0.121000
v 0.385075 1.813333 -0.123969
v 0.372423 1.813333 -0.132423
v 0.363969 1.813333 -0.145075
v 0.361000 1.813333 -0.160000
v 0.363969 1.813333 -0.174925
v 0.372423 1.813333 -0.187577
v 0.385075 1.813333 -0.196031
v 0.400000 1.813333 -0.199000
v 0.414925 1.813333 -0.196031
v 0.427577 1.813333 -0.187577
v 0.436031 1.813333 -0.174925
v 0.465000 1.827111 -0.160000
v 0.460052 1.827111 -0.135126
v 0.445962 1.827111 -0.114038
v 0.424874 1.827111 -0.099948
v 0.400000 1.827111 -0.095000
v 0.375126 1.827111 -0.099948
v 0.354038 1.827111 -0.114038
v 0.339948 1.827111 -0.135126
v 0.335000 1.827111 -0.160000
v 0.339948 1.827111 -0.184874
v 0.354038 1.827111 -0.205962
v 0.375126 1.827111 -0.220052
v 0.400000 1.827111 -0.225000
v 0.424874 1.827111 -0.220052
v 0.445962 1.827111 -0.205962
v 0.460052 1.827111 -0.184874
v 0.439000 1.836756 -0.160000
v 0.436031 1.836756 -0.145075
v 0.427577 1.836756 -0.132423
v 0.414925 1.836756 -0.123969
v 0.400000 1.836756 -0.121000
v 0.385075 1.836756 -0.123969
v 0.372423 1.836756 -0.132423
v 0.363969 1.836756 -0.145075
v 0.361000 1.836756 -0.160000
v 0.363969 1.836756 -0.174925
v 0.372423 1.836756 -0.187577
v 0.385075 1.836756 -0.196031
v 0.400000 1.836756 -0.199000
v 0.414925 1.836756 -0.196031
v 0.427577 1.836756 -0.187577
v 0.436031 1.836756 -0.174925
v 0.439000 1.868444 -0.160000
v 0.436031 1.868444 -0.145075
v 0.427577 1.868444 -0.132423
v 0.414925 1.868444 -0.123969
v 0.400000 1.868444 -0.121000
v 0.385075 1.868444 -0.123969
v 0.372423 1.868444 -0.132423
v 0.363969 1.868444 -0.145075
v 0.361000 1.868444 -0.160000
v 0.363969 1.868444 -0.174925
v 0.372423 1.868444 -0.187577
v 0.385075 1.868444 -0.196031
v 0.400000 1.868444 -0.199000
v 0.414925 1.868444 -0.196031
v 0.427577 1.868444 -0.187577
v 0.436031 1.868444 -0.174925
v 0.439000 1.882222 -0.160000
v 0.436031 1.882222 -0.145075
v 0.427577 1.882222 -0.132423
v 0.414925 1.882222 -0.123969
v 0.400000 1.882222 -0.121000
v 0.385075 1.882222 -0.123969
v 0.372423 1.882222 -0.132423
v 0.363969 1.882222 -0.145075
v 0.361000 1.882222 -0.160000
v 0.363969 1.882222 -0.174925
v 0.372423 1.882222 -0.187577
v 0.385075 1.882222 -0.196031
v 0.400000 1.882222 -0.199000
v 0.414925 1.882222 -0.196031
v 0.427577 1.882222 -0.187577
v 0.436031 1.882222 -0.174925
v 0.465000 1.896000 -0.160000
v 0.460052 1.896000 -0.135126
v 0.445962 1.896000 -0.114038
v 0.424874 1.896000 -0.099948
v 0.400000 1.896000 -0.095000
v 0.375126 1.896000 -0.099948
v 0.354038 1.896000 -0.114038
v 0.339948 1.896000 -0.135126
v 0.335000 1.896000 -0.160000
v 0.339948 1.896000 -0.184874
v 0.354038 1.896000 -0.205962
v 0.375126 1.896000 -0.220052
v 0.400000 1.896000 -0.225000
v 0.424874 1.896000 -0.220052
v 0.445962 1.896000 -0.205962
v 0.460052 1.896000 -0.184874
v 0.439000 1.905644 -0.160000
v 0.436031 1.905644 -0.145075
v 0.427577 1.905644 -0.132423
v 0.414925 1.905644 -0.123969
v 0.400000 1.905644 -0.121000
v 0.385075 1.905644 -0.123969
v 0.372423 1.905644 -0.132423
v 0.363969 1.905644 -0.145075
v 0.361000 1.905644 -0.160000
v 0.363969 1.905644 -0.174925
v 0.372423 1.905644 -0.187577
v 0.385075 1.905644 -0.196031
v 0.400000 1.905644 -0.199000
v 0.414925 1.905644 -0.196031
v 0.427577 1.905644 -0.187577
v 0.436031 1.905644 -0.174925
v 0.439000 1.937333 -0.160000
v 0.436031 1.937333 -0.145075
v 0.427577 1.937333 -0.132423
v 0.414925 1.937333 -0.123969
v 0.400000 1.937333 -0.121000
v 0.385075 1.937333 -0.123969
v 0.372423 1.937333 -0.132423
v 0.363969 1.937333 -0.145075
v 0.361000 1.937333 -0.160000
v 0.363969 1.937333 -0.174925
v 0.372423 1.937333 -0.187577
v 0.385075 1.937333 -0.196031
v 0.400000 1.937333 -0.199000
v 0.414925 1.937333 -0.196031
v 0.427577 1.937333 -0.187577
v 0.436031 1.937333 -0.174925
v 0.439000 1.951111 -0.160000
v 0.436031 1.951111 -0.145075
v 0.427577 1.951111 -0.132423
v 0.414925 1.951111 -0.123969
v 0.400000 1.951111 -0.121000
v 0.385075 1.951111 -0.123969
v 0.372423 1.951111 -0.132423
v 0.363969 1.951111 -0.145075
v 0.361000 1.951111 -0.160000
v 0.363969 1.951111 -0.174925
v 0.372423 1.951111 -0.187577
v 0.385075 1.951111 -0.196031
v 0.400000 1.951111 -0.199000
v 0.414925 1.951111 -0.196031
v 0.427577 1.951111 -0.187577
v 0.436031 1.951111 -0.174925
v 0.465000 1.964889 -0.160000
v 0.460052 1.964889 -0.135126
v 0.445962 1.964889 -0.114038
v 0.424874 1.964889 -0.099948
v 0.400000 1.964889 -0.095000
v 0.375126 1.964889 -0.099948
v 0.354038 1.964889 -0.114038
v 0.339948 1.964889 -0.135126
v 0.335000 1.964889 -0.160000
v 0.339948 1.964889 -0.184874
v 0.354038 1.964889 -0.205962
v 0.375126 1.964889 -0.220052
v 0.400000 1.964889 -0.225000
v 0.424874 1.964889 -0.220052
v 0.445962 1.964889 -0.205962
v 0.460052 1.964889 -0.184874
v 0.439000 1.974533 -0.160000
v 0.436031 1.974533 -0.145075
v 0.427577 1.974533 -0.132423
v 0.414925 1.974533 -0.123969
v 0.400000 1.974533 -0.121000
v 0.385075 1.974533 -0.123969
v 0.372423 1.974533 -0.132423
v 0.363969 1.974533 -0.145075
v 0.361000 1.974533 -0.160000
v 0.363969 1.974533 -0.174925
v 0.372423 1.974533 -0.187577
v 0.385075 1.974533 -0.196031
v 0.400000 1.974533 -0.199000
v 0.414925 1.974533 -0.196031
v 0.427577 1.974533 -0.187577
v 0.436031 1.974533 -0.174925
v 0.439000 2.006222 -0.160000
v 0.436031 2.006222 -0.145075
v 0.427577 2.006222 -0.132423
v 0.414925 2.006222 -0.123969
v 0.400000 2.006222 -0.121000
v 0.385075 2.006222 -0.123969
v 0.372423 2.006222 -0.132423
v 0.363969 2.006222 -0.145075
v 0.361000 2.006222 -0.160000
v 0.363969 2.006222 -0.174925
v 0.372423 2.006222 -0.187577
v 0.385075 2.006222 -0.196031
v 0.400000 2.006222 -0.199000
v 0.414925 2.006222 -0.196031
v 0.427577 2.006222 -0.187577
v 0.436031 2.006222 -0.174925
v 0.439000 2.020000 -0.160000
v 0.436031 2.020000 -0.145075
v 0.427577 2.020000 -0.132423
v 0.414925 2.020000 -0.123969
v 0.400000 2.020000 -0.121000
v 0.385075 2.020000 -0.123969
v 0.372423 2.020000 -0.132423
v 0.363969 2.020000 -0.145075
v 0.361000 2.020000 -0.160000
v 0.363969 2.020000 -0.174925
v 0.372423 2.020000 -0.187577
v 0.385075 2.020000 -0.196031
v 0.400000 2.020000 -0.199000
v 0.414925 2.020000 -0.196031
v 0.427577 2.020000 -0.187577
v 0.436031 2.020000 -0.174925
v 0.465000 2.033778 -0.160000
v 0.460052 2.033778 -0.135126
v 0.445962 2.033778 -0.114038
v 0.424874 2.033778 -0.099948
v 0.400000 2.033778 -0.095000
v 0.375126 2.033778 -0.099948
v 0.354038 2.033778 -0.114038
v 0.339948 2.033778 -0.135126
v 0.335000 2.033778 -0.160000
v 0.339948 2.033778 -0.184874
v 0.354038 2.033778 -0.205962
v 0.375126 2.033778 -0.220052
v 0.400000 2.033778 -0.225000
v 0.424874 2.033778 -0.220052
v 0.445962 2.033778 -0.205962
v 0.460052 2.033778 -0.184874
v 0.439000 2.043422 -0.160000
v 0.436031 2.043422 -0.145075
v 0.427577 2.043422 -0.132423
v 0.414925 2.043422 -0.123969
v 0.400000 2.043422 -0.121000
v 0.385075 2.043422 -0.123969
v 0.372423 2.043422 -0.132423
v 0.363969 2.043422 -0.145075
v 0.361000 2.043422 -0.160000
v 0.363969 2.043422 -0.174925
v 0.372423 2.043422 -0.187577
v 0.385075 2.043422 -0.196031
v 0.400000 2.043422 -0.199000
v 0.414925 2.043422 -0.196031
v 0.427577 2.043422 -0.187577
v 0.436031 2.043422 -0.174925
v 0.439000 2.075111 -0.160000
v 0.436031 2.075111 -0.145075
v 0.427577 2.075111 -0.132423
v 0.414925 2.075111 -0.123969
v 0.400000 2.075111 -0.121000
v 0.385075 2.075111 -0.123969
v 0.372423 2.075111 -0.132423
v 0.363969 2.075111 -0.145075
v 0.361000 2.075111 -0.160000
v 0.363969 2.075111 -0.174925
v 0.372423 2.075111 -0.187577
v 0.385075 2.075111 -0.196031
v 0.400000 2.075111 -0.199000
v 0.414925 2.075111 -0.196031
v 0.427577 2.075111 -0.187577
v 0.436031 2.075111 -0.174925
v 0.433800 2.082000 -0.160000
v 0.431227 2.082000 -0.147065
v 0.423900 2.082000 -0.136100
v 0.412935 2.082000 -0.128773
v 0.400000 2.082000 -0.126200
v 0.387065 2.082000 -0.128773
v 0.376100 2.082000 -0.136100
v 0.368773 2.082000 -0.147065
v 0.366200 2.082000 -0.160000
v 0.368773 2.082000 -0.172935
v 0.376100 2.082000 -0.183900
v 0.387065 2.082000 -0.191227
v 0.400000 2.082000 -0.193800
v 0.412935 2.082000 -0.191227
v 0.423900 2.082000 -0.183900
v 0.431227 2.082000 -0.172935
v 0.400000 2.082000 -0.160000
v 0.426000 2.098000 -0.160000
v 0.424021 2.098000 -0.150050
v 0.424021 2.066000 -0.150050
v 0.426000 2.066000 -0.160000
v 0.418385 2.098000 -0.141615
v 0.418385 2.066000 -0.141615
v 0.409950 2.098000 -0.135979
v 0.409950 2.066000 -0.135979
v 0.400000 2.098000 -0.134000
v 0.400000 2.066000 -0.134000
v 0.390050 2.098000 -0.135979
v 0.390050 2.066000 -0.135979
v 0.381615 2.098000 -0.141615
v 0.381615 2.066000 -0.141615
v 0.375979 2.098000 -0.150050
v 0.375979 2.066000 -0.150050
v 0.374000 2.098000 -0.160000
v 0.374000 2.066000 -0.160000
v 0.375979 2.098000 -0.169950
v 0.375979 2.066000 -0.169950
v 0.381615 2.098000 -0.178385
v 0.381615 2.066000 -0.178385
v 0.390050 2.098000 -0.184021
v 0.390050 2.066000 -0.184021
v 0.400000 2.098000 -0.186000
v 0.400000 2.066000 -0.186000
v 0.409950 2.098000 -0.184021
v 0.409950 2.066000 -0.184021
v 0.418385 2.098000 -0.178385
v 0.418385 2.066000 -0.178385
v 0.424021 2.098000 -0.169950
v 0.424021 2.066000 -0.169950
v 0.371400 2.098000 -0.170000
v 0.428600 2.098000 -0.170000
v 0.428600 2.098000 -0.150000
v 0.371400 2.098000 -0.150000
v 0.371400 2.108000 -0.150000
v 0.428600 2.108000 -0.150000
v 0.428600 2.108000 -0.170000
v 0.371400 2.108000 -0.170000
v -0.289160 1.462000 0.240000
v -0.293030 1.462000 0.259456
v -0.293030 1.438000 0.259456
v -0.289160 1.438000 0.240000
v -0.304051 1.462000 0.275949
v -0.304051 1.438000 0.275949
v -0.320544 1.462000 0.286970
v -0.320544 1.438000 0.286970
v -0.340000 1.462000 0.290840
v -0.340000 1.438000 0.290840
v -0.359456 1.462000 0.286970
v -0.359456 1.438000 0.286970
v -0.375949 1.462000 0.275949
v -0.375949 1.438000 0.275949
v -0.386970 1.462000 0.259456
v -0.386970 1.438000 0.259456
v -0.390840 1.462000 0.240000
v -0.390840 1.438000 0.240000
v -0.386970 1.462000 0.220544
v -0.386970 1.438000 0.220544
v -0.375949 1.462000 0.204051
v -0.375949 1.438000 0.204051
v -0.359456 1.462000 0.193030
v -0.359456 1.438000 0.193030
v -0.340000 1.462000 0.189160
v -0.340000 1.438000 0.189160
v -0.320544 1.462000 0.193030
v -0.320544 1.438000 0.193030
v -0.304051 1.462000 0.204051
v -0.304051 1.438000 0.204051
v -0.293030 1.462000 0.220544
v -0.293030 1.438000 0.220544
v -0.305009 1.472000 0.268991
v -0.308009 1.472000 0.274188
v -0.308009 1.462000 0.274188
v -0.305009 1.462000 0.268991
v -0.314009 1.472000 0.274188
v -0.314009 1.462000 0.274188
v -0.317009 1.472000 0.268991
v -0.317009 1.462000 0.268991
v -0.314009 1.472000 0.263795
v -0.314009 1.462000 0.263795
v -0.308009 1.472000 0.263795
v -0.308009 1.462000 0.263795
v -0.299279 1.462600 0.268991
v -0.300172 1.462600 0.273480
v -0.300172 1.461400 0.273480
v -0.299279 1.461400 0.268991
v -0.302714 1.462600 0.277286
v -0.302714 1.461400 0.277286
v -0.306520 1.462600 0.279828
v -0.306520 1.461400 0.279828
v -0.311009 1.462600 0.280721
v -0.311009 1.461400 0.280721
v -0.315497 1.462600 0.279828
v -0.315497 1.461400 0.279828
v -0.319303 1.462600 0.277286
v -0.319303 1.461400 0.277286
v -0.321846 1.462600 0.273480
v -0.321846 1.461400 0.273480
v -0.322739 1.462600 0.268991
v -0.322739 1.461400 0.268991
v -0.321846 1.462600 0.264503
v -0.321846 1.461400 0.264503
v -0.319303 1.462600 0.260697
v -0.319303 1.461400 0.260697
v -0.315497 1.462600 0.258154
v -0.315497 1.461400 0.258154
v -0.311009 1.462600 0.257261
v -0.311009 1.461400 0.257261
v -0.306520 1.462600 0.258154
v -0.306520 1.461400 0.258154
v -0.302714 1.462600 0.260697
v -0.302714 1.461400 0.260697
v -0.300172 1.462600 0.264503
v -0.300172 1.461400 0.264503
v -0.302175 1.464000 0.274091
v -0.311009 1.464000 0.279191
v -0.311009 1.462000 0.279191
v -0.302175 1.462000 0.274091
v -0.319842 1.464000 0.274091
v -0.319842 1.462000 0.274091
v -0.319842 1.464000 0.263891
v -0.319842 1.462000 0.263891
v -0.311009 1.464000 0.258791
v -0.311009 1.462000 0.258791
v -0.302175 1.464000 0.263891
v -0.302175 1.462000 0.263891
v -0.362991 1.472000 0.268991
v -0.365991 1.472000 0.274188
v -0.365991 1.462000 0.274188
v -0.362991 1.462000 0.268991
v -0.371991 1.472000 0.274188
v -0.371991 1.462000 0.274188
v -0.374991 1.472000 0.268991
v -0.374991 1.462000 0.268991
v -0.371991 1.472000 0.263795
v -0.371991 1.462000 0.263795
v -0.365991 1.472000 0.263795
v -0.365991 1.462000 0.263795
v -0.357261 1.462600 0.268991
v -0.358154 1.462600 0.273480
v -0.358154 1.461400 0.273480
v -0.357261 1.461400 0.268991
v -0.360697 1.462600 0.277286
v -0.360697 1.461400 0.277286
v -0.364503 1.462600 0.279828
v -0.364503 1.461400 0.279828
v -0.368991 1.462600 0.280721
v -0.368991 1.461400 0.280721
v -0.373480 1.462600 0.279828
v -0.373480 1.461400 0.279828
v -0.377286 1.462600 0.277286
v -0.377286 1.461400 0.277286
v -0.379828 1.462600 0.273480
v -0.379828 1.461400 0.273480
v -0.380721 1.462600 0.268991
v -0.380721 1.461400 0.268991
v -0.379828 1.462600 0.264503
v -0.379828 1.461400 0.264503
v -0.377286 1.462600 0.260697
v -0.377286 1.461400 0.260697
v -0.373480 1.462600 0.258154
v -0.373480 1.461400 0.258154
v -0.368991 1.462600 0.257261
v -0.368991 1.461400 0.257261
v -0.364503 1.462600 0.258154
v -0.364503 1.461400 0.258154
v -0.360697 1.462600 0.260697
v -0.360697 1.461400 0.260697
v -0.358154 1.462600 0.264503
v -0.358154 1.461400 0.264503
v -0.360158 1.464000 0.274091
v -0.368991 1.464000 0.279191
v -0.368991 1.462000 0.279191
v -0.360158 1.462000 0.274091
v -0.377825 1.464000 0.274091
v -0.377825 1.462000 0.274091
v -0.377825 1.464000 0.263891
v -0.377825 1.462000 0.263891
v -0.368991 1.464000 0.258791
v -0.368991 1.462000 0.258791
v -0.360158 1.464000 0.263891
v -0.360158 1.462000 0.263891
v -0.362991 1.472000 0.211009
v -0.365991 1.472000 0.216205
v -0.365991 1.462000 0.216205
v -0.362991 1.462000 0.211009
v -0.371991 1.472000 0.216205
v -0.371991 1.462000 0.216205
v -0.374991 1.472000 0.211009
v -0.374991 1.462000 0.211009
v -0.371991 1.472000 0.205812
v -0.371991 1.462000 0.205812
v -0.365991 1.472000 0.205812
v -0.365991 1.462000 0.205812
v -0.357261 1.462600 0.211009
v -0.358154 1.462600 0.215497
v -0.358154 1.461400 0.215497
v -0.357261 1.461400 0.211009
v -0.360697 1.462600 0.219303
v -0.360697 1.461400 0.219303
v -0.364503 1.462600 0.221846
v -0.364503 1.461400 0.221846
v -0.368991 1.462600 0.222739
v -0.368991 1.461400 0.222739
v -0.373480 1.462600 0.221846
v -0.373480 1.461400 0.221846
v -0.377286 1.462600 0.219303
v -0.377286 1.461400 0.219303
v -0.379828 1.462600 0.215497
v -0.379828 1.461400 0.215497
v -0.380721 1.462600 0.211009
v -0.380721 1.461400 0.211009
v -0.379828 1.462600 0.206520
v -0.379828 1.461400 0.206520
v -0.377286 1.462600 0.202714
v -0.377286 1.461400 0.202714
v -0.373480 1.462600 0.200172
v -0.373480 1.461400 0.200172
v -0.368991 1.462600 0.199279
v -0.368991 1.461400 0.199279
v -0.364503 1.462600 0.200172
v -0.364503 1.461400 0.200172
v -0.360697 1.462600 0.202714
v -0.360697 1.461400 0.202714
v -0.358154 1.462600 0.206520
v -0.358154 1.461400 0.206520
v -0.360158 1.464000 0.216109
v -0.368991 1.464000 0.221209
v -0.368991 1.462000 0.221209
v -0.360158 1.462000 0.216109
v -0.377825 1.464000 0.216109
v -0.377825 1.462000 0.216109
v -0.377825 1.464000 0.205909
v -0.377825 1.462000 0.205909
v -0.368991 1.464000 0.200809
v -0.368991 1.462000 0.200809
v -0.360158 1.464000 0.205909
v -0.360158 1.462000 0.205909
v -0.305009 1.472000 0.211009
v -0.308009 1.472000 0.216205
v -0.308009 1.462000 0.216205
v -0.305009 1.462000 0.211009
v -0.314009 1.472000 0.216205
v -0.314009 1.462000 0.216205
v -0.317009 1.472000 0.211009
v -0.317009 1.462000 0.211009
v -0.314009 1.472000 0.205812
v -0.314009 1.462000 0.205812
v -0.308009 1.472000 0.205812
v -0.308009 1.462000 0.205812
v -0.299279 1.462600 0.211009
v -0.300172 1.462600 0.215497
v -0.300172 1.461400 0.215497
v -0.299279 1.461400 0.211009
v -0.302714 1.462600 0.219303
v -0.302714 1.461400 0.219303
v -0.306520 1.462600 0.221846
v -0.306520 1.461400 0.221846
v -0.311009 1.462600 0.222739
v -0.311009 1.461400 0.222739
v -0.315497 1.462600 0.221846
v -0.315497 1.461400 0.221846
v -0.319303 1.462600 0.219303
v -0.319303 1.461400 0.219303
v -0.321846 1.462600 0.215497
v -0.321846 1.461400 0.215497
v -0.322739 1.462600 0.211009
v -0.322739 1.461400 0.211009
v -0.321846 1.462600 0.206520
v -0.321846 1.461400 0.206520
v -0.319303 1.462600 0.202714
v -0.319303 1.461400 0.202714
v -0.315497 1.462600 0.200172
v -0.315497 1.461400 0.200172
v -0.311009 1.462600 0.199279
v -0.311009 1.461400 0.199279
v -0.306520 1.462600 0.200172
v -0.306520 1.461400 0.200172
v -0.302714 1.462600 0.202714
v -0.302714 1.461400 0.202714
v -0.300172 1.462600 0.206520
v -0.300172 1.461400 0.206520
v -0.302175 1.464000 0.216109
v -0.311009 1.464000 0.221209
v -0.311009 1.462000 0.221209
v -0.302175 1.462000 0.216109
v -0.319842 1.464000 0.216109
v -0.319842 1.462000 0.216109
v -0.319842 1.464000 0.205909
v -0.319842 1.462000 0.205909
v -0.311009 1.464000 0.200809
v -0.311009 1.462000 0.200809
v -0.302175 1.464000 0.205909
v -0.302175 1.462000 0.205909
v -0.315400 1.467500 0.240000
v -0.317273 1.467500 0.249414
v -0.317273 1.450000 0.249414
v -0.315400 1.450000 0.240000
v -0.322605 1.467500 0.257395
v -0.322605 1.450000 0.257395
v -0.330586 1.467500 0.262727
v -0.330586 1.450000 0.262727
v -0.340000 1.467500 0.264600
v -0.340000 1.450000 0.264600
v -0.349414 1.467500 0.262727
v -0.349414 1.450000 0.262727
v -0.357395 1.467500 0.257395
v -0.357395 1.450000 0.257395
v -0.362727 1.467500 0.249414
v -0.362727 1.450000 0.249414
v -0.364600 1.467500 0.240000
v -0.364600 1.450000 0.240000
v -0.362727 1.467500 0.230586
v -0.362727 1.450000 0.230586
v -0.357395 1.467500 0.222605
v -0.357395 1.450000 0.222605
v -0.349414 1.467500 0.217273
v -0.349414 1.450000 0.217273
v -0.340000 1.467500 0.215400
v -0.340000 1.450000 0.215400
v -0.330586 1.467500 0.217273
v -0.330586 1.450000 0.217273
v -0.322605 1.467500 0.222605
v -0.322605 1.450000 0.222605
v -0.317273 1.467500 0.230586
v -0.317273 1.450000 0.230586
v -0.299000 1.478500 0.240000
v -0.302121 1.478500 0.255690
v -0.311009 1.478500 0.268991
v -0.324310 1.478500 0.277879
v -0.340000 1.478500 0.281000
v -0.355690 1.478500 0.277879
v -0.368991 1.478500 0.268991
v -0.377879 1.478500 0.255690
v -0.381000 1.478500 0.240000
v -0.377879 1.478500 0.224310
v -0.368991 1.478500 0.211009
v -0.355690 1.478500 0.202121
v -0.340000 1.478500 0.199000
v -0.324310 1.478500 0.202121
v -0.311009 1.478500 0.211009
v -0.302121 1.478500 0.224310
v -0.315400 1.486200 0.240000
v -0.317273 1.486200 0.249414
v -0.322605 1.486200 0.257395
v -0.330586 1.486200 0.262727
v -0.340000 1.486200 0.264600
v -0.349414 1.486200 0.262727
v -0.357395 1.486200 0.257395
v -0.362727 1.486200 0.249414
v -0.364600 1.486200 0.240000
v -0.362727 1.486200 0.230586
v -0.357395 1.486200 0.222605
v -0.349414 1.486200 0.217273
v -0.340000 1.486200 0.215400
v -0.330586 1.486200 0.217273
v -0.322605 1.486200 0.222605
v -0.317273 1.486200 0.230586
v -0.315400 1.511500 0.240000
v -0.317273 1.511500 0.249414
v -0.322605 1.511500 0.257395
v -0.330586 1.511500 0.262727
v -0.340000 1.511500 0.264600
v -0.349414 1.511500 0.262727
v -0.357395 1.511500 0.257395
v -0.362727 1.511500 0.249414
v -0.364600 1.511500 0.240000
v -0.362727 1.511500 0.230586
v -0.357395 1.511500 0.222605
v -0.349414 1.511500 0.217273
v -0.340000 1.511500 0.215400
v -0.330586 1.511500 0.217273
v -0.322605 1.511500 0.222605
v -0.317273 1.511500 0.230586
v -0.315400 1.522500 0.240000
v -0.317273 1.522500 0.249414
v -0.322605 1.522500 0.257395
v -0.330586 1.522500 0.262727
v -0.340000 1.522500 0.264600
v -0.349414 1.522500 0.262727
v -0.357395 1.522500 0.257395
v -0.362727 1.522500 0.249414
v -0.364600 1.522500 0.240000
v -0.362727 1.522500 0.230586
v -0.357395 1.522500 0.222605
v -0.349414 1.522500 0.217273
v -0.340000 1.522500 0.215400
v -0.330586 1.522500 0.217273
v -0.322605 1.522500 0.222605
v -0.317273 1.522500 0.230586
v -0.299000 1.533500 0.240000
v -0.302121 1.533500 0.255690
v -0.311009 1.533500 0.268991
v -0.324310 1.533500 0.277879
v -0.340000 1.533500 0.281000
v -0.355690 1.533500 0.277879
v -0.368991 1.533500 0.268991
v -0.377879 1.533500 0.255690
v -0.381000 1.533500 0.240000
v -0.377879 1.533500 0.224310
v -0.368991 1.533500 0.211009
v -0.355690 1.533500 0.202121
v -0.340000 1.533500 0.199000
v -0.324310 1.533500 0.202121
v -0.311009 1.533500 0.211009
v -0.302121 1.533500 0.224310
v -0.315400 1.541200 0.240000
v -0.317273 1.541200 0.249414
v -0.322605 1.541200 0.257395
v -0.330586 1.541200 0.262727
v -0.340000 1.541200 0.264600
v -0.349414 1.541200 0.262727
v -0.357395 1.541200 0.257395
v -0.362727 1.541200 0.249414
v -0.364600 1.541200 0.240000
v -0.362727 1.541200 0.230586
v -0.357395 1.541200 0.222605
v -0.349414 1.541200 0.217273
v -0.340000 1.541200 0.215400
v -0.330586 1.541200 0.217273
v -0.322605 1.541200 0.222605
v -0.317273 1.541200 0.230586
v -0.315400 1.566500 0.240000
v -0.317273 1.566500 0.249414
v -0.322605 1.566500 0.257395
v -0.330586 1.566500 0.262727
v -0.340000 1.566500 0.264600
v -0.349414 1.566500 0.262727
v -0.357395 1.566500 0.257395
v -0.362727 1.566500 0.249414
v -0.364600 1.566500 0.240000
v -0.362727 1.566500 0.230586
v -0.357395 1.566500 0.222605
v -0.349414 1.566500 0.217273
v -0.340000 1.566500 0.215400
v -0.330586 1.566500 0.217273
v -0.322605 1.566500 0.222605
v -0.317273 1.566500 0.230586
v -0.315400 1.577500 0.240000
v -0.317273 1.577500 0.249414
v -0.322605 1.577500 0.257395
v -0.330586 1.577500 0.262727
v -0.340000 1.577500 0.264600
v -0.349414 1.577500 0.262727
v -0.357395 1.577500 0.257395
v -0.362727 1.577500 0.249414
v -0.364600 1.577500 0.240000
v -0.362727 1.577500 0.230586
v -0.357395 1.577500 0.222605
v -0.349414 1.577500 0.217273
v -0.340000 1.577500 0.215400
v -0.330586 1.577500 0.217273
v -0.322605 1.577500 0.222605
v -0.317273 1.577500 0.230586
v -0.299000 1.588500 0.240000
v -0.302121 1.588500 0.255690
v -0.311009 1.588500 0.268991
v -0.324310 1.588500 0.277879
v -0.340000 1.588500 0.281000
v -0.355690 1.588500 0.277879
v -0.368991 1.588500 0.268991
v -0.377879 1.588500 0.255690
v -0.381000 1.588500 0.240000
v -0.377879 1.588500 0.224310
v -0.368991 1.588500 0.211009
v -0.355690 1.588500 0.202121
v -0.340000 1.588500 0.199000
v -0.324310 1.588500 0.202121
v -0.311009 1.588500 0.211009
v -0.302121 1.588500 0.224310
v -0.315400 1.596200 0.240000
v -0.317273 1.596200 0.249414
v -0.322605 1.596200 0.257395
v -0.330586 1.596200 0.262727
v -0.340000 1.596200 0.264600
v -0.349414 1.596200 0.262727
v -0.357395 1.596200 0.257395
v -0.362727 1.596200 0.249414
v -0.364600 1.596200 0.240000
v -0.362727 1.596200 0.230586
v -0.357395 1.596200 0.222605
v -0.349414 1.596200 0.217273
v -0.340000 1.596200 0.215400
v -0.330586 1.596200 0.217273
v -0.322605 1.596200 0.222605
v -0.317273 1.596200 0.230586
v -0.315400 1.621500 0.240000
v -0.317273 1.621500 0.249414
v -0.322605 1.621500 0.257395
v -0.330586 1.621500 0.262727
v -0.340000 1.621500 0.264600
v -0.349414 1.621500 0.262727
v -0.357395 1.621500 0.257395
v -0.362727 1.621500 0.249414
v -0.364600 1.621500 0.240000
v -0.362727 1.621500 0.230586
v -0.357395 1.621500 0.222605
v -0.349414 1.621500 0.217273
v -0.340000 1.621500 0.215400
v -0.330586 1.621500 0.217273
v -0.322605 1.621500 0.222605
v -0.317273 1.621500 0.230586
v -0.315400 1.632500 0.240000
v -0.317273 1.632500 0.249414
v -0.322605 1.632500 0.257395
v -0.330586 1.632500 0.262727
v -0.340000 1.632500 0.264600
v -0.349414 1.632500 0.262727
v -0.357395 1.632500 0.257395
v -0.362727 1.632500 0.249414
v -0.364600 1.632500 0.240000
v -0.362727 1.632500 0.230586
v -0.357395 1.632500 0.222605
v -0.349414 1.632500 0.217273
v -0.340000 1.632500 0.215400
v -0.330586 1.632500 0.217273
v -0.322605 1.632500 0.222605
v -0.317273 1.632500 0.230586
v -0.299000 1.643500 0.240000
v -0.302121 1.643500 0.255690
v -0.311009 1.643500 0.268991
v -0.324310 1.643500 0.277879
v -0.340000 1.643500 0.281000
v -0.355690 1.643500 0.277879
v -0.368991 1.643500 0.268991
v -0.377879 1.643500 0.255690
v -0.381000 1.643500 0.240000
v -0.377879 1.643500 0.224310
v -0.368991 1.643500 0.211009
v -0.355690 1.643500 0.202121
v -0.340000 1.643500 0.199000
v -0.324310 1.643500 0.202121
v -0.311009 1.643500 0.211009
v -0.302121 1.643500 0.224310
v -0.315400 1.651200 0.240000
v -0.317273 1.651200 0.249414
v -0.322605 1.651200 0.257395
v -0.330586 1.651200 0.262727
v -0.340000 1.651200 0.264600
v -0.349414 1.651200 0.262727
v -0.357395 1.651200 0.257395
v -0.362727 1.651200 0.249414
v -0.364600 1.651200 0.240000
v -0.362727 1.651200 0.230586
v -0.357395 1.651200 0.222605
v -0.349414 1.651200 0.217273
v -0.340000 1.651200 0.215400
v -0.330586 1.651200 0.217273
v -0.322605 1.651200 0.222605
v -0.317273 1.651200 0.230586
v -0.315400 1.676500 0.240000
v -0.317273 1.676500 0.249414
v -0.322605 1.676500 0.257395
v -0.330586 1.676500 0.262727
v -0.340000 1.676500 0.264600
v -0.349414 1.676500 0.262727
v -0.357395 1.676500 0.257395
v -0.362727 1.676500 0.249414
v -0.364600 1.676500 0.240000
v -0.362727 1.676500 0.230586
v -0.357395 1.676500 0.222605
v -0.349414 1.676500 0.217273
v -0.340000 1.676500 0.215400
v -0.330586 1.676500 0.217273
v -0.322605 1.676500 0.222605
v -0.317273 1.676500 0.230586
v -0.318680 1.682000 0.240000
v -0.320303 1.682000 0.248159
v -0.324924 1.682000 0.255076
v -0.331841 1.682000 0.259697
v -0.340000 1.682000 0.261320
v -0.348159 1.682000 0.259697
v -0.355076 1.682000 0.255076
v -0.359697 1.682000 0.248159
v -0.361320 1.682000 0.240000
v -0.359697 1.682000 0.231841
v -0.355076 1.682000 0.224924
v -0.348159 1.682000 0.220303
v -0.340000 1.682000 0.218680
v -0.331841 1.682000 0.220303
v -0.324924 1.682000 0.224924
v -0.320303 1.682000 0.231841
v -0.340000 1.682000 0.240000
v -0.323600 1.698000 0.240000
v -0.324848 1.698000 0.246276
v -0.324848 1.666000 0.246276
v -0.323600 1.666000 0.240000
v -0.328403 1.698000 0.251597
v -0.328403 1.666000 0.251597
v -0.333724 1.698000 0.255152
v -0.333724 1.666000 0.255152
v -0.340000 1.698000 0.256400
v -0.340000 1.666000 0.256400
v -0.346276 1.698000 0.255152
v -0.346276 1.666000 0.255152
v -0.351597 1.698000 0.251597
v -0.351597 1.666000 0.251597
v -0.355152 1.698000 0.246276
v -0.355152 1.666000 0.246276
v -0.356400 1.698000 0.240000
v -0.356400 1.666000 0.240000
v -0.355152 1.698000 0.233724
v -0.355152 1.666000 0.233724
v -0.351597 1.698000 0.228403
v -0.351597 1.666000 0.228403
v -0.346276 1.698000 0.224848
v -0.346276 1.666000 0.224848
v -0.340000 1.698000 0.223600
v -0.340000 1.666000 0.223600
v -0.333724 1.698000 0.224848
v -0.333724 1.666000 0.224848
v -0.328403 1.698000 0.228403
v -0.328403 1.666000 0.228403
v -0.324848 1.698000 0.233724
v -0.324848 1.666000 0.233724
v -0.358040 1.698000 0.230000
v -0.321960 1.698000 0.230000
v -0.321960 1.698000 0.250000
v -0.358040 1.698000 0.250000
v -0.358040 1.708000 0.250000
v -0.321960 1.708000 0.250000
v -0.321960 1.708000 0.230000
v -0.358040 1.708000 0.230000
v 0.050840 1.462000 0.240000
v 0.046970 1.462000 0.259456
v 0.046970 1.438000 0.259456
v 0.050840 1.438000 0.240000
v 0.035949 1.462000 0.275949
v 0.035949 1.438000 0.275949
v 0.019456 1.462000 0.286970
v 0.019456 1.438000 0.286970
v 0.000000 1.462000 0.290840
v 0.000000 1.438000 0.290840
v -0.019456 1.462000 0.286970
v -0.019456 1.438000 0.286970
v -0.035949 1.462000 0.275949
v -0.035949 1.438000 0.275949
v -0.046970 1.462000 0.259456
v -0.046970 1.438000 0.259456
v -0.050840 1.462000 0.240000
v -0.050840 1.438000 0.240000
v -0.046970 1.462000 0.220544
v -0.046970 1.438000 0.220544
v -0.035949 1.462000 0.204051
v -0.035949 1.438000 0.204051
v -0.019456 1.462000 0.193030
v -0.019456 1.438000 0.193030
v -0.000000 1.462000 0.189160
v -0.000000 1.438000 0.189160
v 0.019456 1.462000 0.193030
v 0.019456 1.438000 0.193030
v 0.035949 1.462000 0.204051
v 0.035949 1.438000 0.204051
v 0.046970 1.462000 0.220544
v 0.046970 1.438000 0.220544
v 0.034991 1.472000 0.268991
v 0.031991 1.472000 0.274188
v 0.031991 1.462000 0.274188
v 0.034991 1.462000 0.268991
v 0.025991 1.472000 0.274188
v 0.025991 1.462000 0.274188
v 0.022991 1.472000 0.268991
v 0.022991 1.462000 0.268991
v 0.025991 1.472000 0.263795
v 0.025991 1.462000 0.263795
v 0.031991 1.472000 0.263795
v 0.031991 1.462000 0.263795
v 0.040721 1.462600 0.268991
v 0.039828 1.462600 0.273480
v 0.039828 1.461400 0.273480
v 0.040721 1.461400 0.268991
v 0.037286 1.462600 0.277286
v 0.037286 1.461400 0.277286
v 0.033480 1.462600 0.279828
v 0.033480 1.461400 0.279828
v 0.028991 1.462600 0.280721
v 0.028991 1.461400 0.280721
v 0.024503 1.462600 0.279828
v 0.024503 1.461400 0.279828
v 0.020697 1.462600 0.277286
v 0.020697 1.461400 0.277286
v 0.018154 1.462600 0.273480
v 0.018154 1.461400 0.273480
v 0.017261 1.462600 0.268991
v 0.017261 1.461400 0.268991
v 0.018154 1.462600 0.264503
v 0.018154 1.461400 0.264503
v 0.020697 1.462600 0.260697
v 0.020697 1.461400 0.260697
v 0.024503 1.462600 0.258154
v 0.024503 1.461400 0.258154
v 0.028991 1.462600 0.257261
v 0.028991 1.461400 0.257261
v 0.033480 1.462600 0.258154
v 0.033480 1.461400 0.258154
v 0.037286 1.462600 0.260697
v 0.037286 1.461400 0.260697
v 0.039828 1.462600 0.264503
v 0.039828 1.461400 0.264503
v 0.037825 1.464000 0.274091
v 0.028991 1.464000 0.279191
v 0.028991 1.462000 0.279191
v 0.037825 1.462000 0.274091
v 0.020158 1.464000 0.274091
v 0.020158 1.462000 0.274091
v 0.020158 1.464000 0.263891
v 0.020158 1.462000 0.263891
v 0.028991 1.464000 0.258791
v 0.028991 1.462000 0.258791
v 0.037825 1.464000 0.263891
v 0.037825 1.462000 0.263891
v -0.022991 1.472000 0.268991
v -0.025991 1.472000 0.274188
v -0.025991 1.462000 0.274188
v -0.022991 1.462000 0.268991
v -0.031991 1.472000 0.274188
v -0.031991 1.462000 0.274188
v -0.034991 1.472000 0.268991
v -0.034991 1.462000 0.268991
v -0.031991 1.472000 0.263795
v -0.031991 1.462000 0.263795
v -0.025991 1.472000 0.263795
v -0.025991 1.462000 0.263795
v -0.017261 1.462600 0.268991
v -0.018154 1.462600 0.273480
v -0.018154 1.461400 0.273480
v -0.017261 1.461400 0.268991
v -0.020697 1.462600 0.277286
v -0.020697 1.461400 0.277286
v -0.024503 1.462600 0.279828
v -0.024503 1.461400 0.279828
v -0.028991 1.462600 0.280721
v -0.028991 1.461400 0.280721
v -0.033480 1.462600 0.279828
v -0.033480 1.461400 0.279828
v -0.037286 1.462600 0.277286
v -0.037286 1.461400 0.277286
v -0.039828 1.462600 0.273480
v -0.039828 1.461400 0.273480
v -0.040721 1.462600 0.268991
v -0.040721 1.461400 0.268991
v -0.039828 1.462600 0.264503
v -0.039828 1.461400 0.264503
v -0.037286 1.462600 0.260697
v -0.037286 1.461400 0.260697
v -0.033480 1.462600 0.258154
v -0.033480 1.461400 0.258154
v -0.028991 1.462600 0.257261
v -0.028991 1.461400 0.257261
v -0.024503 1.462600 0.258154
v -0.024503 1.461400 0.258154
v -0.020697 1.462600 0.260697
v -0.020697 1.461400 0.260697
v -0.018154 1.462600 0.264503
v -0.018154 1.461400 0.264503
v -0.020158 1.464000 0.274091
v -0.028991 1.464000 0.279191
v -0.028991 1.462000 0.279191
v -0.020158 1.462000 0.274091
v -0.037825 1.464000 0.274091
v -0.037825 1.462000 0.274091
v -0.037825 1.464000 0.263891
v -0.037825 1.462000 0.263891
v -0.028991 1.464000 0.258791
v -0.028991 1.462000 0.258791
v -0.020158 1.464000 0.263891
v -0.020158 1.462000 0.263891
v -0.022991 1.472000 0.211009
v -0.025991 1.472000 0.216205
v -0.025991 1.462000 0.216205
v -0.022991 1.462000 0.211009
v -0.031991 1.472000 0.216205
v -0.031991 1.462000 0.216205
v -0.034991 1.472000 0.211009
v -0.034991 1.462000 0.211009
v -0.031991 1.472000 0.205812
v -0.031991 1.462000 0.205812
v -0.025991 1.472000 0.205812
v -0.025991 1.462000 0.205812
v -0.017261 1.462600 0.211009
v -0.018154 1.462600 0.215497
v -0.018154 1.461400 0.215497
v -0.017261 1.461400 0.211009
v -0.020697 1.462600 0.219303
v -0.020697 1.461400 0.219303
v -0.024503 1.462600 0.221846
v -0.024503 1.461400 0.221846
v -0.028991 1.462600 0.222739
v -0.028991 1.461400 0.222739
v -0.033480 1.462600 0.221846
v -0.033480 1.461400 0.221846
v -0.037286 1.462600 0.219303
v -0.037286 1.461400 0.219303
v -0.039828 1.462600 0.215497
v -0.039828 1.461400 0.215497
v -0.040721 1.462600 0.211009
v -0.040721 1.461400 0.211009
v -0.039828 1.462600 0.206520
v -0.039828 1.461400 0.206520
v -0.037286 1.462600 0.202714
v -0.037286 1.461400 0.202714
v -0.033480 1.462600 0.200172
v -0.033480 1.461400 0.200172
v -0.028991 1.462600 0.199279
v -0.028991 1.461400 0.199279
v -0.024503 1.462600 0.200172
v -0.024503 1.461400 0.200172
v -0.020697 1.462600 0.202714
v -0.020697 1.461400 0.202714
v -0.018154 1.462600 0.206520
v -0.018154 1.461400 0.206520
v -0.020158 1.464000 0.216109
v -0.028991 1.464000 0.221209
v -0.028991 1.462000 0.221209
v -0.020158 1.462000 0.216109
v -0.037825 1.464000 0.216109
v -0.037825 1.462000 0.216109
v -0.037825 1.464000 0.205909
v -0.037825 1.462000 0.205909
v -0.028991 1.464000 0.200809
v -0.028991 1.462000 0.200809
v -0.020158 1.464000 0.205909
v -0.020158 1.462000 0.205909
v 0.034991 1.472000 0.211009
v 0.031991 1.472000 0.216205
v 0.031991 1.462000 0.216205
v 0.034991 1.462000 0.211009
v 0.025991 1.472000 0.216205
v 0.025991 1.462000 0.216205
v 0.022991 1.472000 0.211009
v 0.022991 1.462000 0.211009
v 0.025991 1.472000 0.205812
v 0.025991 1.462000 0.205812
v 0.031991 1.472000 0.205812
v 0.031991 1.462000 0.205812
v 0.040721 1.462600 0.211009
v 0.039828 1.462600 0.215497
v 0.039828 1.461400 0.215497
v 0.040721 1.461400 0.211009
v 0.037286 1.462600 0.219303
v 0.037286 1.461400 0.219303
v 0.033480 1.462600 0.221846
v 0.033480 1.461400 0.221846
v 0.028991 1.462600 0.222739
v 0.028991 1.461400 0.222739
v 0.024503 1.462600 0.221846
v 0.024503 1.461400 0.221846
v 0.020697 1.462600 0.219303
v 0.020697 1.461400 0.219303
v 0.018154 1.462600 0.215497
v 0.018154 1.461400 0.215497
v 0.017261 1.462600 0.211009
v 0.017261 1.461400 0.211009
v 0.018154 1.462600 0.206520
v 0.018154 1.461400 0.206520
v 0.020697 1.462600 0.202714
v 0.020697 1.461400 0.202714
v 0.024503 1.462600 0.200172
v 0.024503 1.461400 0.200172
v 0.028991 1.462600 0.199279
v 0.028991 1.461400 0.199279
v 0.033480 1.462600 0.200172
v 0.033480 1.461400 0.200172
v 0.037286 1.462600 0.202714
v 0.037286 1.461400 0.202714
v 0.039828 1.462600 0.206520
v 0.039828 1.461400 0.206520
v 0.037825 1.464000 0.216109
v 0.028991 1.464000 0.221209
v 0.028991 1.462000 0.221209
v 0.037825 1.462000 0.216109
v 0.020158 1.464000 0.216109
v 0.020158 1.462000 0.216109
v 0.020158 1.464000 0.205909
v 0.020158 1.462000 0.205909
v 0.028991 1.464000 0.200809
v 0.028991 1.462000 0.200809
v 0.037825 1.464000 0.205909
v 0.037825 1.462000 0.205909
v 0.024600 1.467500 0.240000
v 0.022727 1.467500 0.249414
v 0.022727 1.450000 0.249414
v 0.024600 1.450000 0.240000
v 0.017395 1.467500 0.257395
v 0.017395 1.450000 0.257395
v 0.009414 1.467500 0.262727
v 0.009414 1.450000 0.262727
v 0.000000 1.467500 0.264600
v 0.000000 1.450000 0.264600
v -0.009414 1.467500 0.262727
v -0.009414 1.450000 0.262727
v -0.017395 1.467500 0.257395
v -0.017395 1.450000 0.257395
v -0.022727 1.467500 0.249414
v -0.022727 1.450000 0.249414
v -0.024600 1.467500 0.240000
v -0.024600 1.450000 0.240000
v -0.022727 1.467500 0.230586
v -0.022727 1.450000 0.230586
v -0.017395 1.467500 0.222605
v -0.017395 1.450000 0.222605
v -0.009414 1.467500 0.217273
v -0.009414 1.450000 0.217273
v -0.000000 1.467500 0.215400
v -0.000000 1.450000 0.215400
v 0.009414 1.467500 0.217273
v 0.009414 1.450000 0.217273
v 0.017395 1.467500 0.222605
v 0.017395 1.450000 0.222605
v 0.022727 1.467500 0.230586
v 0.022727 1.450000 0.230586
v 0.041000 1.478500 0.240000
v 0.037879 1.478500 0.255690
v 0.028991 1.478500 0.268991
v 0.015690 1.478500 0.277879
v 0.000000 1.478500 0.281000
v -0.015690 1.478500 0.277879
v -0.028991 1.478500 0.268991
v -0.037879 1.478500 0.255690
v -0.041000 1.478500 0.240000
v -0.037879 1.478500 0.224310
v -0.028991 1.478500 0.211009
v -0.015690 1.478500 0.202121
v -0.000000 1.478500 0.199000
v 0.015690 1.478500 0.202121
v 0.028991 1.478500 0.211009
v 0.037879 1.478500 0.224310
v 0.024600 1.486200 0.240000
v 0.022727 1.486200 0.249414
v 0.017395 1.486200 0.257395
v 0.009414 1.486200 0.262727
v 0.000000 1.486200 0.264600
v -0.009414 1.486200 0.262727
v -0.017395 1.486200 0.257395
v -0.022727 1.486200 0.249414
v -0.024600 1.486200 0.240000
v -0.022727 1.486200 0.230586
v -0.017395 1.486200 0.222605
v -0.009414 1.486200 0.217273
v -0.000000 1.486200 0.215400
v 0.009414 1.486200 0.217273
v 0.017395 1.486200 0.222605
v 0.022727 1.486200 0.230586
v 0.024600 1.511500 0.240000
v 0.022727 1.511500 0.249414
v 0.017395 1.511500 0.257395
v 0.009414 1.511500 0.262727
v 0.000000 1.511500 0.264600
v -0.009414 1.511500 0.262727
v -0.017395 1.511500 0.257395
v -0.022727 1.511500 0.249414
v -0.024600 1.511500 0.240000
v -0.022727 1.511500 0.230586
v -0.017395 1.511500 0.222605
v -0.009414 1.511500 0.217273
v -0.000000 1.511500 0.215400
v 0.009414 1.511500 0.217273
v 0.017395 1.511500 0.222605
v 0.022727 1.511500 0.230586
v 0.024600 1.522500 0.240000
v 0.022727 1.522500 0.249414
v 0.017395 1.522500 0.257395
v 0.009414 1.522500 0.262727
v 0.000000 1.522500 0.264600
v -0.009414 1.522500 0.262727
v -0.017395 1.522500 0.257395
v -0.022727 1.522500 0.249414
v -0.024600 1.522500 0.240000
v -0.022727 1.522500 0.230586
v -0.017395 1.522500 0.222605
v -0.009414 1.522500 0.217273
v -0.000000 1.522500 0.215400
v 0.009414 1.522500 0.217273
v 0.017395 1.522500 0.222605
v 0.022727 1.522500 0.230586
v 0.041000 1.533500 0.240000
v 0.037879 1.533500 0.255690
v 0.028991 1.533500 0.268991
v 0.015690 1.533500 0.277879
v 0.000000 1.533500 0.281000
v -0.015690 1.533500 0.277879
v -0.028991 1.533500 0.268991
v -0.037879 1.533500 0.255690
v -0.041000 1.533500 0.240000
v -0.037879 1.533500 0.224310
v -0.028991 1.533500 0.211009
v -0.015690 1.533500 0.202121
v -0.000000 1.533500 0.199000
v 0.015690 1.533500 0.202121
v 0.028991 1.533500 0.211009
v 0.037879 1.533500 0.224310
v 0.024600 1.541200 0.240000
v 0.022727 1.541200 0.249414
v 0.017395 1.541200 0.257395
v 0.009414 1.541200 0.262727
v 0.000000 1.541200 0.264600
v -0.009414 1.541200 0.262727
v -0.017395 1.541200 0.257395
v -0.022727 1.541200 0.249414
v -0.024600 1.541200 0.240000
v -0.022727 1.541200 0.230586
v -0.017395 1.541200 0.222605
v -0.009414 1.541200 0.217273
v -0.000000 1.541200 0.215400
v 0.009414 1.541200 0.217273
v 0.017395 1.541200 0.222605
v 0.022727 1.541200 0.230586
v 0.024600 1.566500 0.240000
v 0.022727 1.566500 0.249414
v 0.017395 1.566500 0.257395
v 0.009414 1.566500 0.262727
v 0.000000 1.566500 0.264600
v -0.009414 1.566500 0.262727
v -0.017395 1.566500 0.257395
v -0.022727 1.566500 0.249414
v -0.024600 1.566500 0.240000
v -0.022727 1.566500 0.230586
v -0.017395 1.566500 0.222605
v -0.009414 1.566500 0.217273
v -0.000000 1.566500 0.215400
v 0.009414 1.566500 0.217273
v 0.017395 1.566500 0.222605
v 0.022727 1.566500 0.230586
v 0.024600 1.577500 0.240000
v 0.022727 1.577500 0.249414
v 0.017395 1.577500 0.257395
v 0.009414 1.577500 0.262727
v 0.000000 1.577500 0.264600
v -0.009414 1.577500 0.262727
v -0.017395 1.577500 0.257395
v -0.022727 1.577500 0.249414
v -0.024600 1.577500 0.240000
v -0.022727 1.577500 0.230586
v -0.017395 1.577500 0.222605
v -0.009414 1.577500 0.217273
v -0.000000 1.577500 0.215400
v 0.009414 1.577500 0.217273
v 0.017395 1.577500 0.222605
v 0.022727 1.577500 0.230586
v 0.041000 1.588500 0.240000
v 0.037879 1.588500 0.255690
v 0.028991 1.588500 0.268991
v 0.015690 1.588500 0.277879
v 0.000000 1.588500 0.281000
v -0.015690 1.588500 0.277879
v -0.028991 1.588500 0.268991
v -0.037879 1.588500 0.255690
v -0.041000 1.588500 0.240000
v -0.037879 1.588500 0.224310
v -0.028991 1.588500 0.211009
v -0.015690 1.588500 0.202121
v -0.000000 1.588500 0.199000
v 0.015690 1.588500 0.202121
v 0.028991 1.588500 0.211009
v 0.037879 1.588500 0.224310
v 0.024600 1.596200 0.240000
v 0.022727 1.596200 0.249414
v 0.017395 1.596200 0.257395
v 0.009414 1.596200 0.262727
v 0.000000 1.596200 0.264600
v -0.009414 1.596200 0.262727
v -0.017395 1.596200 0.257395
v -0.022727 1.596200 0.249414
v -0.024600 1.596200 0.240000
v -0.022727 1.596200 0.230586
v -0.017395 1.596200 0.222605
v -0.009414 1.596200 0.217273
v -0.000000 1.596200 0.215400
v 0.009414 1.596200 0.217273
v 0.017395 1.596200 0.222605
v 0.022727 1.596200 0.230586
v 0.024600 1.621500 0.240000
v 0.022727 1.621500 0.249414
v 0.017395 1.621500 0.257395
v 0.009414 1.621500 0.262727
v 0.000000 1.621500 0.264600
v -0.009414 1.621500 0.262727
v -0.017395 1.621500 0.257395
v -0.022727 1.621500 0.249414
v -0.024600 1.621500 0.240000
v -0.022727 1.621500 0.230586
v -0.017395 1.621500 0.222605
v -0.009414 1.621500 0.217273
v -0.000000 1.621500 0.215400
v 0.009414 1.621500 0.217273
v 0.017395 1.621500 0.222605
v 0.022727 1.621500 0.230586
v 0.024600 1.632500 0.240000
v 0.022727 1.632500 0.249414
v 0.017395 1.632500 0.257395
v 0.009414 1.632500 0.262727
v 0.000000 1.632500 0.264600
v -0.009414 1.632500 0.262727
v -0.017395 1.632500 0.257395
v -0.022727 1.632500 0.249414
v -0.024600 1.632500 0.240000
v -0.022727 1.632500 0.230586
v -0.017395 1.632500 0.222605
v -0.009414 1.632500 0.217273
v -0.000000 1.632500 0.215400
v 0.009414 1.632500 0.217273
v 0.017395 1.632500 0.222605
v 0.022727 1.632500 0.230586
v 0.041000 1.643500 0.240000
v 0.037879 1.643500 0.255690
v 0.028991 1.643500 0.268991
v 0.015690 1.643500 0.277879
v 0.000000 1.643500 0.281000
v -0.015690 1.643500 0.277879
v -0.028991 1.643500 0.268991
v -0.037879 1.643500 0.255690
v -0.041000 1.643500 0.240000
v -0.037879 1.643500 0.224310
v -0.028991 1.643500 0.211009
v -0.015690 1.643500 0.202121
v -0.000000 1.643500 0.199000
v 0.015690 1.643500 0.202121
v 0.028991 1.643500 0.211009
v 0.037879 1.643500 0.224310
v 0.024600 1.651200 0.240000
v 0.022727 1.651200 0.249414
v 0.017395 1.651200 0.257395
v 0.009414 1.651200 0.262727
v 0.000000 1.651200 0.264600
v -0.009414 1.651200 0.262727
v -0.017395 1.651200 0.257395
v -0.022727 1.651200 0.249414
v -0.024600 1.651200 0.240000
v -0.022727 1.651200 0.230586
v -0.017395 1.651200 0.222605
v -0.009414 1.651200 0.217273
v -0.000000 1.651200 0.215400
v 0.009414 1.651200 0.217273
v 0.017395 1.651200 0.222605
v 0.022727 1.651200 0.230586
v 0.024600 1.676500 0.240000
v 0.022727 1.676500 0.249414
v 0.017395 1.676500 0.257395
v 0.009414 1.676500 0.262727
v 0.000000 1.676500 0.264600
v -0.009414 1.676500 0.262727
v -0.017395 1.676500 0.257395
v -0.022727 1.676500 0.249414
v -0.024600 1.676500 0.240000
v -0.022727 1.676500 0.230586
v -0.017395 1.676500 0.222605
v -0.009414 1.676500 0.217273
v -0.000000 1.676500 0.215400
v 0.009414 1.676500 0.217273
v 0.017395 1.676500 0.222605
v 0.022727 1.676500 0.230586
v 0.021320 1.682000 0.240000
v 0.019697 1.682000 0.248159
v 0.015076 1.682000 0.255076
v 0.008159 1.682000 0.259697
v 0.000000 1.682000 0.261320
v -0.008159 1.682000 0.259697
v -0.015076 1.682000 0.255076
v -0.019697 1.682000 0.248159
v -0.021320 1.682000 0.240000
v -0.019697 1.682000 0.231841
v -0.015076 1.682000 0.224924
v -0.008159 1.682000 0.220303
v -0.000000 1.682000 0.218680
v 0.008159 1.682000 0.220303
v 0.015076 1.682000 0.224924
v 0.019697 1.682000 0.231841
v 0.000000 1.682000 0.240000
v 0.016400 1.698000 0.240000
v 0.015152 1.698000 0.246276
v 0.015152 1.666000 0.246276
v 0.016400 1.666000 0.240000
v 0.011597 1.698000 0.251597
v 0.011597 1.666000 0.251597
v 0.006276 1.698000 0.255152
v 0.006276 1.666000 0.255152
v 0.000000 1.698000 0.256400
v 0.000000 1.666000 0.256400
v -0.006276 1.698000 0.255152
v -0.006276 1.666000 0.255152
v -0.011597 1.698000 0.251597
v -0.011597 1.666000 0.251597
v -0.015152 1.698000 0.246276
v -0.015152 1.666000 0.246276
v -0.016400 1.698000 0.240000
v -0.016400 1.666000 0.240000
v -0.015152 1.698000 0.233724
v -0.015152 1.666000 0.233724
v -0.011597 1.698000 0.228403
v -0.011597 1.666000 0.228403
v -0.006276 1.698000 0.224848
v -0.006276 1.666000 0.224848
v -0.000000 1.698000 0.223600
v -0.000000 1.666000 0.223600
v 0.006276 1.698000 0.224848
v 0.006276 1.666000 0.224848
v 0.011597 1.698000 0.228403
v 0.011597 1.666000 0.228403
v 0.015152 1.698000 0.233724
v 0.015152 1.666000 0.233724
v -0.018040 1.698000 0.230000
v 0.018040 1.698000 0.230000
v 0.018040 1.698000 0.250000
v -0.018040 1.698000 0.250000
v -0.018040 1.708000 0.250000
v 0.018040 1.708000 0.250000
v 0.018040 1.708000 0.230000
v -0.018040 1.708000 0.230000
v 0.390840 1.462000 0.240000
v 0.386970 1.462000 0.259456
v 0.386970 1.438000 0.259456
v 0.390840 1.438000 0.240000
v 0.375949 1.462000 0.275949
v 0.375949 1.438000 0.275949
v 0.359456 1.462000 0.286970
v 0.359456 1.438000 0.286970
v 0.340000 1.462000 0.290840
v 0.340000 1.438000 0.290840
v 0.320544 1.462000 0.286970
v 0.320544 1.438000 0.286970
v 0.304051 1.462000 0.275949
v 0.304051 1.438000 0.275949
v 0.293030 1.462000 0.259456
v 0.293030 1.438000 0.259456
v 0.289160 1.462000 0.240000
v 0.289160 1.438000 0.240000
v 0.293030 1.462000 0.220544
v 0.293030 1.438000 0.220544
v 0.304051 1.462000 0.204051
v 0.304051 1.438000 0.204051
v 0.320544 1.462000 0.193030
v 0.320544 1.438000 0.193030
v 0.340000 1.462000 0.189160
v 0.340000 1.438000 0.189160
v 0.359456 1.462000 0.193030
v 0.359456 1.438000 0.193030
v 0.375949 1.462000 0.204051
v 0.375949 1.438000 0.204051
v 0.386970 1.462000 0.220544
v 0.386970 1.438000 0.220544
v 0.374991 1.472000 0.268991
v 0.371991 1.472000 0.274188
v 0.371991 1.462000 0.274188
v 0.374991 1.462000 0.268991
v 0.365991 1.472000 0.274188
v 0.365991 1.462000 0.274188
v 0.362991 1.472000 0.268991
v 0.362991 1.462000 0.268991
v 0.365991 1.472000 0.263795
v 0.365991 1.462000 0.263795
v 0.371991 1.472000 0.263795
v 0.371991 1.462000 0.263795
v 0.380721 1.462600 0.268991
v 0.379828 1.462600 0.273480
v 0.379828 1.461400 0.273480
v 0.380721 1.461400 0.268991
v 0.377286 1.462600 0.277286
v 0.377286 1.461400 0.277286
v 0.373480 1.462600 0.279828
v 0.373480 1.461400 0.279828
v 0.368991 1.462600 0.280721
v 0.368991 1.461400 0.280721
v 0.364503 1.462600 0.279828
v 0.364503 1.461400 0.279828
v 0.360697 1.462600 0.277286
v 0.360697 1.461400 0.277286
v 0.358154 1.462600 0.273480
v 0.358154 1.461400 0.273480
v 0.357261 1.462600 0.268991
v 0.357261 1.461400 0.268991
v 0.358154 1.462600 0.264503
v 0.358154 1.461400 0.264503
v 0.360697 1.462600 0.260697
v 0.360697 1.461400 0.260697
v 0.364503 1.462600 0.258154
v 0.364503 1.461400 0.258154
v 0.368991 1.462600 0.257261
v 0.368991 1.461400 0.257261
v 0.373480 1.462600 0.258154
v 0.373480 1.461400 0.258154
v 0.377286 1.462600 0.260697
v 0.377286 1.461400 0.260697
v 0.379828 1.462600 0.264503
v 0.379828 1.461400 0.264503
v 0.377825 1.464000 0.274091
v 0.368991 1.464000 0.279191
v 0.368991 1.462000 0.279191
v 0.377825 1.462000 0.274091
v 0.360158 1.464000 0.274091
v 0.360158 1.462000 0.274091
v 0.360158 1.464000 0.263891
v 0.360158 1.462000 0.263891
v 0.368991 1.464000 0.258791
v 0.368991 1.462000 0.258791
v 0.377825 1.464000 0.263891
v 0.377825 1.462000 0.263891
v 0.317009 1.472000 0.268991
v 0.314009 1.472000 0.274188
v 0.314009 1.462000 0.274188
v 0.317009 1.462000 0.268991
v 0.308009 1.472000 0.274188
v 0.308009 1.462000 0.274188
v 0.305009 1.472000 0.268991
v 0.305009 1.462000 0.268991
v 0.308009 1.472000 0.263795
v 0.308009 1.462000 0.263795
v 0.314009 1.472000 0.263795
v 0.314009 1.462000 0.263795
v 0.322739 1.462600 0.268991
v 0.321846 1.462600 0.273480
v 0.321846 1.461400 0.273480
v 0.322739 1.461400 0.268991
v 0.319303 1.462600 0.277286
v 0.319303 1.461400 0.277286
v 0.315497 1.462600 0.279828
v 0.315497 1.461400 0.279828
v 0.311009 1.462600 0.280721
v 0.311009 1.461400 0.280721
v 0.306520 1.462600 0.279828
v 0.306520 1.461400 0.279828
v 0.302714 1.462600 0.277286
v 0.302714 1.461400 0.277286
v 0.300172 1.462600 0.273480
v 0.300172 1.461400 0.273480
v 0.299279 1.462600 0.268991
v 0.299279 1.461400 0.268991
v 0.300172 1.462600 0.264503
v 0.300172 1.461400 0.264503
v 0.302714 1.462600 0.260697
v 0.302714 1.461400 0.260697
v 0.306520 1.462600 0.258154
v 0.306520 1.461400 0.258154
v 0.311009 1.462600 0.257261
v 0.311009 1.461400 0.257261
v 0.315497 1.462600 0.258154
v 0.315497 1.461400 0.258154
v 0.319303 1.462600 0.260697
v 0.319303 1.461400 0.260697
v 0.321846 1.462600 0.264503
v 0.321846 1.461400 0.264503
v 0.319842 1.464000 0.274091
v 0.311009 1.464000 0.279191
v 0.311009 1.462000 0.279191
v 0.319842 1.462000 0.274091
v 0.302175 1.464000 0.274091
v 0.302175 1.462000 0.274091
v 0.302175 1.464000 0.263891
v 0.302175 1.462000 0.263891
v 0.311009 1.464000 0.258791
v 0.311009 1.462000 0.258791
v 0.319842 1.464000 0.263891
v 0.319842 1.462000 0.263891
v 0.317009 1.472000 0.211009
v 0.314009 1.472000 0.216205
v 0.314009 1.462000 0.216205
v 0.317009 1.462000 0.211009
v 0.308009 1.472000 0.216205
v 0.308009 1.462000 0.216205
v 0.305009 1.472000 0.211009
v 0.305009 1.462000 0.211009
v 0.308009 1.472000 0.205812
v 0.308009 1.462000 0.205812
v 0.314009 1.472000 0.205812
v 0.314009 1.462000 0.205812
v 0.322739 1.462600 0.211009
v 0.321846 1.462600 0.215497
v 0.321846 1.461400 0.215497
v 0.322739 1.461400 0.211009
v 0.319303 1.462600 0.219303
v 0.319303 1.461400 0.219303
v 0.315497 1.462600 0.221846
v 0.315497 1.461400 0.221846
v 0.311009 1.462600 0.222739
v 0.311009 1.461400 0.222739
v 0.306520 1.462600 0.221846
v 0.306520 1.461400 0.221846
v 0.302714 1.462600 0.219303
v 0.302714 1.461400 0.219303
v 0.300172 1.462600 0.215497
v 0.300172 1.461400 0.215497
v 0.299279 1.462600 0.211009
v 0.299279 1.461400 0.211009
v 0.300172 1.462600 0.206520
v 0.300172 1.461400 0.206520
v 0.302714 1.462600 0.202714
v 0.302714 1.461400 0.202714
v 0.306520 1.462600 0.200172
v 0.306520 1.461400 0.200172
v 0.311009 1.462600 0.199279
v 0.311009 1.461400 0.199279
v 0.315497 1.462600 0.200172
v 0.315497 1.461400 0.200172
v 0.319303 1.462600 0.202714
v 0.319303 1.461400 0.202714
v 0.321846 1.462600 0.206520
v 0.321846 1.461400 0.206520
v 0.319842 1.464000 0.216109
v 0.311009 1.464000 0.221209
v 0.311009 1.462000 0.221209
v 0.319842 1.462000 0.216109
v 0.302175 1.464000 0.216109
v 0.302175 1.462000 0.216109
v 0.302175 1.464000 0.205909
v 0.302175 1.462000 0.205909
v 0.311009 1.464000 0.200809
v 0.311009 1.462000 0.200809
v 0.319842 1.464000 0.205909
v 0.319842 1.462000 0.205909
v 0.374991 1.472000 0.211009
v 0.371991 1.472000 0.216205
v 0.371991 1.462000 0.216205
v 0.374991 1.462000 0.211009
v 0.365991 1.472000 0.216205
v 0.365991 1.462000 0.216205
v 0.362991 1.472000 0.211009
v 0.362991 1.462000 0.211009
v 0.365991 1.472000 0.205812
v 0.365991 1.462000 0.205812
v 0.371991 1.472000 0.205812
v 0.371991 1.462000 0.205812
v 0.380721 1.462600 0.211009
v 0.379828 1.462600 0.215497
v 0.379828 1.461400 0.215497
v 0.380721 1.461400 0.211009
v 0.377286 1.462600 0.219303
v 0.377286 1.461400 0.219303
v 0.373480 1.462600 0.221846
v 0.373480 1.461400 0.221846
v 0.368991 1.462600 0.222739
v 0.368991 1.461400 0.222739
v 0.364503 1.462600 0.221846
v 0.364503 1.461400 0.221846
v 0.360697 1.462600 0.219303
v 0.360697 1.461400 0.219303
v 0.358154 1.462600 0.215497
v 0.358154 1.461400 0.215497
v 0.357261 1.462600 0.211009
v 0.357261 1.461400 0.211009
v 0.358154 1.462600 0.206520
v 0.358154 1.461400 0.206520
v 0.360697 1.462600 0.202714
v 0.360697 1.461400 0.202714
v 0.364503 1.462600 0.200172
v 0.364503 1.461400 0.200172
v 0.368991 1.462600 0.199279
v 0.368991 1.461400 0.199279
v 0.373480 1.462600 0.200172
v 0.373480 1.461400 0.200172
v 0.377286 1.462600 0.202714
v 0.377286 1.461400 0.202714
v 0.379828 1.462600 0.206520
v 0.379828 1.461400 0.206520
v 0.377825 1.464000 0.216109
v 0.368991 1.464000 0.221209
v 0.368991 1.462000 0.221209
v 0.377825 1.462000 0.216109
v 0.360158 1.464000 0.216109
v 0.360158 1.462000 0.216109
v 0.360158 1.464000 0.205909
v 0.360158 1.462000 0.205909
v 0.368991 1.464000 0.200809
v 0.368991 1.462000 0.200809
v 0.377825 1.464000 0.205909
v 0.377825 1.462000 0.205909
v 0.364600 1.467500 0.240000
v 0.362727 1.467500 0.249414
v 0.362727 1.450000 0.249414
v 0.364600 1.450000 0.240000
v 0.357395 1.467500 0.257395
v 0.357395 1.450000 0.257395
v 0.349414 1.467500 0.262727
v 0.349414 1.450000 0.262727
v 0.340000 1.467500 0.264600
v 0.340000 1.450000 0.264600
v 0.330586 1.467500 0.262727
v 0.330586 1.450000 0.262727
v 0.322605 1.467500 0.257395
v 0.322605 1.450000 0.257395
v 0.317273 1.467500 0.249414
v 0.317273 1.450000 0.249414
v 0.315400 1.467500 0.240000
v 0.315400 1.450000 0.240000
v 0.317273 1.467500 0.230586
v 0.317273 1.450000 0.230586
v 0.322605 1.467500 0.222605
v 0.322605 1.450000 0.222605
v 0.330586 1.467500 0.217273
v 0.330586 1.450000 0.217273
v 0.340000 1.467500 0.215400
v 0.340000 1.450000 0.215400
v 0.349414 1.467500 0.217273
v 0.349414 1.450000 0.217273
v 0.357395 1.467500 0.222605
v 0.357395 1.450000 0.222605
v 0.362727 1.467500 0.230586
v 0.362727 1.450000 0.230586
v 0.381000 1.478500 0.240000
v 0.377879 1.478500 0.255690
v 0.368991 1.478500 0.268991
v 0.355690 1.478500 0.277879
v 0.340000 1.478500 0.281000
v 0.324310 1.478500 0.277879
v 0.311009 1.478500 0.268991
v 0.302121 1.478500 0.255690
v 0.299000 1.478500 0.240000
v 0.302121 1.478500 0.224310
v 0.311009 1.478500 0.211009
v 0.324310 1.478500 0.202121
v 0.340000 1.478500 0.199000
v 0.355690 1.478500 0.202121
v 0.368991 1.478500 0.211009
v 0.377879 1.478500 0.224310
v 0.364600 1.486200 0.240000
v 0.362727 1.486200 0.249414
v 0.357395 1.486200 0.257395
v 0.349414 1.486200 0.262727
v 0.340000 1.486200 0.264600
v 0.330586 1.486200 0.262727
v 0.322605 1.486200 0.257395
v 0.317273 1.486200 0.249414
v 0.315400 1.486200 0.240000
v 0.317273 1.486200 0.230586
v 0.322605 1.486200 0.222605
v 0.330586 1.486200 0.217273
v 0.340000 1.486200 0.215400
v 0.349414 1.486200 0.217273
v 0.357395 1.486200 0.222605
v 0.362727 1.486200 0.230586
v 0.364600 1.511500 0.240000
v 0.362727 1.511500 0.249414
v 0.357395 1.511500 0.257395
v 0.349414 1.511500 0.262727
v 0.340000 1.511500 0.264600
v 0.330586 1.511500 0.262727
v 0.322605 1.511500 0.257395
v 0.317273 1.511500 0.249414
v 0.315400 1.511500 0.240000
v 0.317273 1.511500 0.230586
v 0.322605 1.511500 0.222605
v 0.330586 1.511500 0.217273
v 0.340000 1.511500 0.215400
v 0.349414 1.511500 0.217273
v 0.357395 1.511500 0.222605
v 0.362727 1.511500 0.230586
v 0.364600 1.522500 0.240000
v 0.362727 1.522500 0.249414
v 0.357395 1.522500 0.257395
v 0.349414 1.522500 0.262727
v 0.340000 1.522500 0.264600
v 0.330586 1.522500 0.262727
v 0.322605 1.522500 0.257395
v 0.317273 1.522500 0.249414
v 0.315400 1.522500 0.240000
v 0.317273 1.522500 0.230586
v 0.322605 1.522500 0.222605
v 0.330586 1.522500 0.217273
v 0.340000 1.522500 0.215400
v 0.349414 1.522500 0.217273
v 0.357395 1.522500 0.222605
v 0.362727 1.522500 0.230586
v 0.381000 1.533500 0.240000
v 0.377879 1.533500 0.255690
v 0.368991 1.533500 0.268991
v 0.355690 1.533500 0.277879
v 0.340000 1.533500 0.281000
v 0.324310 1.533500 0.277879
v 0.311009 1.533500 0.268991
v 0.302121 1.533500 0.255690
v 0.299000 1.533500 0.240000
v 0.302121 1.533500 0.224310
v 0.311009 1.533500 0.211009
v 0.324310 1.533500 0.202121
v 0.340000 1.533500 0.199000
v 0.355690 1.533500 0.202121
v 0.368991 1.533500 0.211009
v 0.377879 1.533500 0.224310
v 0.364600 1.541200 0.240000
v 0.362727 1.541200 0.249414
v 0.357395 1.541200 0.257395
v 0.349414 1.541200 0.262727
v 0.340000 1.541200 0.264600
v 0.330586 1.541200 0.262727
v 0.322605 1.541200 0.257395
v 0.317273 1.541200 0.249414
v 0.315400 1.541200 0.240000
v 0.317273 1.541200 0.230586
v 0.322605 1.541200 0.222605
v 0.330586 1.541200 0.217273
v 0.340000 1.541200 0.215400
v 0.349414 1.541200 0.217273
v 0.357395 1.541200 0.222605
v 0.362727 1.541200 0.230586
v 0.364600 1.566500 0.240000
v 0.362727 1.566500 0.249414
v 0.357395 1.566500 0.257395
v 0.349414 1.566500 0.262727
v 0.340000 1.566500 0.264600
v 0.330586 1.566500 0.262727
v 0.322605 1.566500 0.257395
v 0.317273 1.566500 0.249414
v 0.315400 1.566500 0.240000
v 0.317273 1.566500 0.230586
v 0.322605 1.566500 0.222605
v 0.330586 1.566500 0.217273
v 0.340000 1.566500 0.215400
v 0.349414 1.566500 0.217273
v 0.357395 1.566500 0.222605
v 0.362727 1.566500 0.230586
v 0.364600 1.577500 0.240000
v 0.362727 1.577500 0.249414
v 0.357395 1.577500 0.257395
v 0.349414 1.577500 0.262727
v 0.340000 1.577500 0.264600
v 0.330586 1.577500 0.262727
v 0.322605 1.577500 0.257395
v 0.317273 1.577500 0.249414
v 0.315400 1.577500 0.240000
v 0.317273 1.577500 0.230586
v 0.322605 1.577500 0.222605
v 0.330586 1.577500 0.217273
v 0.340000 1.577500 0.215400
v 0.349414 1.577500 0.217273
v 0.357395 1.577500 0.222605
v 0.362727 1.577500 0.230586
v 0.381000 1.588500 0.240000
v 0.377879 1.588500 0.255690
v 0.368991 1.588500 0.268991
v 0.355690 1.588500 0.277879
v 0.340000 1.588500 0.281000
v 0.324310 1.588500 0.277879
v 0.311009 1.588500 0.268991
v 0.302121 1.588500 0.255690
v 0.299000 1.588500 0.240000
v 0.302121 1.588500 0.224310
v 0.311009 1.588500 0.211009
v 0.324310 1.588500 0.202121
v 0.340000 1.588500 0.199000
v 0.355690 1.588500 0.202121
v 0.368991 1.588500 0.211009
v 0.377879 1.588500 0.224310
v 0.364600 1.596200 0.240000
v 0.362727 1.596200 0.249414
v 0.357395 1.596200 0.257395
v 0.349414 1.596200 0.262727
v 0.340000 1.596200 0.264600
v 0.330586 1.596200 0.262727
v 0.322605 1.596200 0.257395
v 0.317273 1.596200 0.249414
v 0.315400 1.596200 0.240000
v 0.317273 1.596200 0.230586
v 0.322605 1.596200 0.222605
v 0.330586 1.596200 0.217273
v 0.340000 1.596200 0.215400
v 0.349414 1.596200 0.217273
v 0.357395 1.596200 0.222605
v 0.362727 1.596200 0.230586
v 0.364600 1.621500 0.240000
v 0.362727 1.621500 0.249414
v 0.357395 1.621500 0.257395
v 0.349414 1.621500 0.262727
v 0.340000 1.621500 0.264600
v 0.330586 1.621500 0.262727
v 0.322605 1.621500 0.257395
v 0.317273 1.621500 0.249414
v 0.315400 1.621500 0.240000
v 0.317273 1.621500 0.230586
v 0.322605 1.621500 0.222605
v 0.330586 1.621500 0.217273
v 0.340000 1.621500 0.215400
v 0.349414 1.621500 0.217273
v 0.357395 1.621500 0.222605
v 0.362727 1.621500 0.230586
v 0.364600 1.632500 0.240000
v 0.362727 1.632500 0.249414
v 0.357395 1.632500 0.257395
v 0.349414 1.632500 0.262727
v 0.340000 1.632500 0.264600
v 0.330586 1.632500 0.262727
v 0.322605 1.632500 0.257395
v 0.317273 1.632500 0.249414
v 0.315400 1.632500 0.240000
v 0.317273 1.632500 0.230586
v 0.322605 1.632500 0.222605
v 0.330586 1.632500 0.217273
v 0.340000 1.632500 0.215400
v 0.349414 1.632500 0.217273
v 0.357395 1.632500 0.222605
v 0.362727 1.632500 0.230586
v 0.381000 1.643500 0.240000
v 0.377879 1.643500 0.255690
v 0.368991 1.643500 0.268991
v 0.355690 1.643500 0.277879
v 0.340000 1.643500 0.281000
v 0.324310 1.643500 0.277879
v 0.311009 1.643500 0.268991
v 0.302121 1.643500 0.255690
v 0.299000 1.643500 0.240000
v 0.302121 1.643500 0.224310
v 0.311009 1.643500 0.211009
v 0.324310 1.643500 0.202121
v 0.340000 1.643500 0.199000
v 0.355690 1.643500 0.202121
v 0.368991 1.643500 0.211009
v 0.377879 1.643500 0.224310
v 0.364600 1.651200 0.240000
v 0.362727 1.651200 0.249414
v 0.357395 1.651200 0.257395
v 0.349414 1.651200 0.262727
v 0.340000 1.651200 0.264600
v 0.330586 1.651200 0.262727
v 0.322605 1.651200 0.257395
v 0.317273 1.651200 0.249414
v 0.315400 1.651200 0.240000
v 0.317273 1.651200 0.230586
v 0.322605 1.651200 0.222605
v 0.330586 1.651200 0.217273
v 0.340000 1.651200 0.215400
v 0.349414 1.651200 0.217273
v 0.357395 1.651200 0.222605
v 0.362727 1.651200 0.230586
v 0.364600 1.676500 0.240000
v 0.362727 1.676500 0.249414
v 0.357395 1.676500 0.257395
v 0.349414 1.676500 0.262727
v 0.340000 1.676500 0.264600
v 0.330586 1.676500 0.262727
v 0.322605 1.676500 0.257395
v 0.317273 1.676500 0.249414
v 0.315400 1.676500 0.240000
v 0.317273 1.676500 0.230586
v 0.322605 1.676500 0.222605
v 0.330586 1.676500 0.217273
v 0.340000 1.676500 0.215400
v 0.349414 1.676500 0.217273
v 0.357395 1.676500 0.222605
v 0.362727 1.676500 0.230586
v 0.361320 1.682000 0.240000
v 0.359697 1.682000 0.248159
v 0.355076 1.682000 0.255076
v 0.348159 1.682000 0.259697
v 0.340000 1.682000 0.261320
v 0.331841 1.682000 0.259697
v 0.324924 1.682000 0.255076
v 0.320303 1.682000 0.248159
v 0.318680 1.682000 0.240000
v 0.320303 1.682000 0.231841
v 0.324924 1.682000 0.224924
v 0.331841 1.682000 0.220303
v 0.340000 1.682000 0.218680
v 0.348159 1.682000 0.220303
v 0.355076 1.682000 0.224924
v 0.359697 1.682000 0.231841
v 0.340000 1.682000 0.240000
v 0.356400 1.698000 0.240000
v 0.355152 1.698000 0.246276
v 0.355152 1.666000 0.246276
v 0.356400 1.666000 0.240000
v 0.351597 1.698000 0.251597
v 0.351597 1.666000 0.251597
v 0.346276 1.698000 0.255152
v 0.346276 1.666000 0.255152
v 0.340000 1.698000 0.256400
v 0.340000 1.666000 0.256400
v 0.333724 1.698000 0.255152
v 0.333724 1.666000 0.255152
v 0.328403 1.698000 0.251597
v 0.328403 1.666000 0.251597
v 0.324848 1.698000 0.246276
v 0.324848 1.666000 0.246276
v 0.323600 1.698000 0.240000
v 0.323600 1.666000 0.240000
v 0.324848 1.698000 0.233724
v 0.324848 1.666000 0.233724
v 0.328403 1.698000 0.228403
v 0.328403 1.666000 0.228403
v 0.333724 1.698000 0.224848
v 0.333724 1.666000 0.224848
v 0.340000 1.698000 0.223600
v 0.340000 1.666000 0.223600
v 0.346276 1.698000 0.224848
v 0.346276 1.666000 0.224848
v 0.351597 1.698000 0.228403
v 0.351597 1.666000 0.228403
v 0.355152 1.698000 0.233724
v 0.355152 1.666000 0.233724
v 0.321960 1.698000 0.230000
v 0.358040 1.698000 0.230000
v 0.358040 1.698000 0.250000
v 0.321960 1.698000 0.250000
v 0.321960 1.708000 0.250000
v 0.358040 1.708000 0.250000
v 0.358040 1.708000 0.230000
v 0.321960 1.708000 0.230000
v 0.340000 0.580000 -0.448000
v 0.560000 0.580000 -0.448000
v 0.560000 0.580000 -0.443000
v 0.340000 0.580000 -0.443000
v 0.340000 0.820000 -0.443000
v 0.560000 0.820000 -0.443000
v 0.560000 0.820000 -0.448000
v 0.340000 0.820000 -0.448000
v -0.100000 0.580000 -0.448000
v 0.100000 0.580000 -0.448000
v 0.100000 0.580000 -0.443000
v -0.100000 0.580000 -0.443000
v -0.100000 0.820000 -0.443000
v 0.100000 0.820000 -0.443000
v 0.100000 0.820000 -0.448000
v -0.100000 0.820000 -0.448000
v -0.607600 1.457440 -0.360000
v -0.608544 1.457440 -0.355255
v -0.608544 1.450000 -0.355255
v -0.607600 1.450000 -0.360000
v -0.611232 1.457440 -0.351232
v -0.611232 1.450000 -0.351232
v -0.615255 1.457440 -0.348544
v -0.615255 1.450000 -0.348544
v -0.620000 1.457440 -0.347600
v -0.620000 1.450000 -0.347600
v -0.624745 1.457440 -0.348544
v -0.624745 1.450000 -0.348544
v -0.628768 1.457440 -0.351232
v -0.628768 1.450000 -0.351232
v -0.631456 1.457440 -0.355255
v -0.631456 1.450000 -0.355255
v -0.632400 1.457440 -0.360000
v -0.632400 1.450000 -0.360000
v -0.631456 1.457440 -0.364745
v -0.631456 1.450000 -0.364745
v -0.628768 1.457440 -0.368768
v -0.628768 1.450000 -0.368768
v -0.624745 1.457440 -0.371456
v -0.624745 1.450000 -0.371456
v -0.620000 1.457440 -0.372400
v -0.620000 1.450000 -0.372400
v -0.615255 1.457440 -0.371456
v -0.615255 1.450000 -0.371456
v -0.611232 1.457440 -0.368768
v -0.611232 1.450000 -0.368768
v -0.608544 1.457440 -0.364745
v -0.608544 1.450000 -0.364745
v -0.621171 1.463325 -0.360000
v -0.620585 1.460382 -0.354804
v -0.613494 1.461734 -0.354804
v -0.614642 1.464506 -0.360000
v -0.619415 1.454498 -0.354804
v -0.611198 1.456191 -0.354804
v -0.618829 1.451555 -0.360000
v -0.610050 1.453419 -0.360000
v -0.619415 1.454498 -0.365196
v -0.611198 1.456191 -0.365196
v -0.620585 1.460382 -0.365196
v -0.613494 1.461734 -0.365196
v -0.607979 1.465419 -0.354804
v -0.610101 1.467541 -0.360000
v -0.603737 1.461177 -0.354804
v -0.601615 1.459055 -0.360000
v -0.603737 1.461177 -0.365196
v -0.607979 1.465419 -0.365196
v -0.604294 1.470934 -0.354804
v -0.607066 1.472082 -0.360000
v -0.598751 1.468638 -0.354804
v -0.595979 1.467490 -0.360000
v -0.598751 1.468638 -0.365196
v -0.604294 1.470934 -0.365196
v -0.603000 1.477440 -0.354804
v -0.606000 1.477440 -0.360000
v -0.597000 1.477440 -0.354804
v -0.594000 1.477440 -0.360000
v -0.597000 1.477440 -0.365196
v -0.603000 1.477440 -0.365196
v -0.604294 1.483946 -0.354804
v -0.607066 1.482798 -0.360000
v -0.598751 1.486242 -0.354804
v -0.595979 1.487390 -0.360000
v -0.598751 1.486242 -0.365196
v -0.604294 1.483946 -0.365196
v -0.607979 1.489461 -0.354804
v -0.610101 1.487339 -0.360000
v -0.603737 1.493703 -0.354804
v -0.601615 1.495825 -0.360000
v -0.603737 1.493703 -0.365196
v -0.607979 1.489461 -0.365196
v -0.613494 1.493146 -0.354804
v -0.614642 1.490374 -0.360000
v -0.611198 1.498689 -0.354804
v -0.610050 1.501461 -0.360000
v -0.611198 1.498689 -0.365196
v -0.613494 1.493146 -0.365196
v -0.620000 1.494440 -0.354804
v -0.620000 1.491440 -0.360000
v -0.620000 1.500440 -0.354804
v -0.620000 1.503440 -0.360000
v -0.620000 1.500440 -0.365196
v -0.620000 1.494440 -0.365196
v -0.626506 1.493146 -0.354804
v -0.625358 1.490374 -0.360000
v -0.628802 1.498689 -0.354804
v -0.629950 1.501461 -0.360000
v -0.628802 1.498689 -0.365196
v -0.626506 1.493146 -0.365196
v -0.632021 1.489461 -0.354804
v -0.629899 1.487339 -0.360000
v -0.636263 1.493703 -0.354804
v -0.638385 1.495825 -0.360000
v -0.636263 1.493703 -0.365196
v -0.632021 1.489461 -0.365196
v -0.635706 1.483946 -0.354804
v -0.632934 1.482798 -0.360000
v -0.641249 1.486242 -0.354804
v -0.644021 1.487390 -0.360000
v -0.641249 1.486242 -0.365196
v -0.635706 1.483946 -0.365196
v -0.637000 1.477440 -0.354804
v -0.634000 1.477440 -0.360000
v -0.643000 1.477440 -0.354804
v -0.646000 1.477440 -0.360000
v -0.643000 1.477440 -0.365196
v -0.637000 1.477440 -0.365196
v -0.635706 1.470934 -0.354804
v -0.632934 1.472082 -0.360000
v -0.641249 1.468638 -0.354804
v -0.644021 1.467490 -0.360000
v -0.641249 1.468638 -0.365196
v -0.635706 1.470934 -0.365196
v -0.632021 1.465419 -0.354804
v -0.629899 1.467541 -0.360000
v -0.636263 1.461177 -0.354804
v -0.638385 1.459055 -0.360000
v -0.636263 1.461177 -0.365196
v -0.632021 1.465419 -0.365196
v -0.626506 1.461734 -0.354804
v -0.625358 1.464506 -0.360000
v -0.628802 1.456191 -0.354804
v -0.629950 1.453419 -0.360000
v -0.628802 1.456191 -0.365196
v -0.626506 1.461734 -0.365196
v -0.619415 1.460382 -0.354804
v -0.618829 1.463325 -0.360000
v -0.620585 1.454498 -0.354804
v -0.621171 1.451555 -0.360000
v -0.620585 1.454498 -0.365196
v -0.619415 1.460382 -0.365196
v -0.607600 1.457440 0.360000
v -0.608544 1.457440 0.364745
v -0.608544 1.450000 0.364745
v -0.607600 1.450000 0.360000
v -0.611232 1.457440 0.368768
v -0.611232 1.450000 0.368768
v -0.615255 1.457440 0.371456
v -0.615255 1.450000 0.371456
v -0.620000 1.457440 0.372400
v -0.620000 1.450000 0.372400
v -0.624745 1.457440 0.371456
v -0.624745 1.450000 0.371456
v -0.628768 1.457440 0.368768
v -0.628768 1.450000 0.368768
v -0.631456 1.457440 0.364745
v -0.631456 1.450000 0.364745
v -0.632400 1.457440 0.360000
v -0.632400 1.450000 0.360000
v -0.631456 1.457440 0.355255
v -0.631456 1.450000 0.355255
v -0.628768 1.457440 0.351232
v -0.628768 1.450000 0.351232
v -0.624745 1.457440 0.348544
v -0.624745 1.450000 0.348544
v -0.620000 1.457440 0.347600
v -0.620000 1.450000 0.347600
v -0.615255 1.457440 0.348544
v -0.615255 1.450000 0.348544
v -0.611232 1.457440 0.351232
v -0.611232 1.450000 0.351232
v -0.608544 1.457440 0.355255
v -0.608544 1.450000 0.355255
v -0.621171 1.463325 0.360000
v -0.620585 1.460382 0.365196
v -0.613494 1.461734 0.365196
v -0.614642 1.464506 0.360000
v -0.619415 1.454498 0.365196
v -0.611198 1.456191 0.365196
v -0.618829 1.451555 0.360000
v -0.610050 1.453419 0.360000
v -0.619415 1.454498 0.354804
v -0.611198 1.456191 0.354804
v -0.620585 1.460382 0.354804
v -0.613494 1.461734 0.354804
v -0.607979 1.465419 0.365196
v -0.610101 1.467541 0.360000
v -0.603737 1.461177 0.365196
v -0.601615 1.459055 0.360000
v -0.603737 1.461177 0.354804
v -0.607979 1.465419 0.354804
v -0.604294 1.470934 0.365196
v -0.607066 1.472082 0.360000
v -0.598751 1.468638 0.365196
v -0.595979 1.467490 0.360000
v -0.598751 1.468638 0.354804
v -0.604294 1.470934 0.354804
v -0.603000 1.477440 0.365196
v -0.606000 1.477440 0.360000
v -0.597000 1.477440 0.365196
v -0.594000 1.477440 0.360000
v -0.597000 1.477440 0.354804
v -0.603000 1.477440 0.354804
v -0.604294 1.483946 0.365196
v -0.607066 1.482798 0.360000
v -0.598751 1.486242 0.365196
v -0.595979 1.487390 0.360000
v -0.598751 1.486242 0.354804
v -0.604294 1.483946 0.354804
v -0.607979 1.489461 0.365196
v -0.610101 1.487339 0.360000
v -0.603737 1.493703 0.365196
v -0.601615 1.495825 0.360000
v -0.603737 1.493703 0.354804
v -0.607979 1.489461 0.354804
v -0.613494 1.493146 0.365196
v -0.614642 1.490374 0.360000
v -0.611198 1.498689 0.365196
v -0.610050 1.501461 0.360000
v -0.611198 1.498689 0.354804
v -0.613494 1.493146 0.354804
v -0.620000 1.494440 0.365196
v -0.620000 1.491440 0.360000
v -0.620000 1.500440 0.365196
v -0.620000 1.503440 0.360000
v -0.620000 1.500440 0.354804
v -0.620000 1.494440 0.354804
v -0.626506 1.493146 0.365196
v -0.625358 1.490374 0.360000
v -0.628802 1.498689 0.365196
v -0.629950 1.501461 0.360000
v -0.628802 1.498689 0.354804
v -0.626506 1.493146 0.354804
v -0.632021 1.489461 0.365196
v -0.629899 1.487339 0.360000
v -0.636263 1.493703 0.365196
v -0.638385 1.495825 0.360000
v -0.636263 1.493703 0.354804
v -0.632021 1.489461 0.354804
v -0.635706 1.483946 0.365196
v -0.632934 1.482798 0.360000
v -0.641249 1.486242 0.365196
v -0.644021 1.487390 0.360000
v -0.641249 1.486242 0.354804
v -0.635706 1.483946 0.354804
v -0.637000 1.477440 0.365196
v -0.634000 1.477440 0.360000
v -0.643000 1.477440 0.365196
v -0.646000 1.477440 0.360000
v -0.643000 1.477440 0.354804
v -0.637000 1.477440 0.354804
v -0.635706 1.470934 0.365196
v -0.632934 1.472082 0.360000
v -0.641249 1.468638 0.365196
v -0.644021 1.467490 0.360000
v -0.641249 1.468638 0.354804
v -0.635706 1.470934 0.354804
v -0.632021 1.465419 0.365196
v -0.629899 1.467541 0.360000
v -0.636263 1.461177 0.365196
v -0.638385 1.459055 0.360000
v -0.636263 1.461177 0.354804
v -0.632021 1.465419 0.354804
v -0.626506 1.461734 0.365196
v -0.625358 1.464506 0.360000
v -0.628802 1.456191 0.365196
v -0.629950 1.453419 0.360000
v -0.628802 1.456191 0.354804
v -0.626506 1.461734 0.354804
v -0.619415 1.460382 0.365196
v -0.618829 1.463325 0.360000
v -0.620585 1.454498 0.365196
v -0.621171 1.451555 0.360000
v -0.620585 1.454498 0.354804
v -0.619415 1.460382 0.354804
v 0.632400 1.457440 -0.360000
v 0.631456 1.457440 -0.355255
v 0.631456 1.450000 -0.355255
v 0.632400 1.450000 -0.360000
v 0.628768 1.457440 -0.351232
v 0.628768 1.450000 -0.351232
v 0.624745 1.457440 -0.348544
v 0.624745 1.450000 -0.348544
v 0.620000 1.457440 -0.347600
v 0.620000 1.450000 -0.347600
v 0.615255 1.457440 -0.348544
v 0.615255 1.450000 -0.348544
v 0.611232 1.457440 -0.351232
v 0.611232 1.450000 -0.351232
v 0.608544 1.457440 -0.355255
v 0.608544 1.450000 -0.355255
v 0.607600 1.457440 -0.360000
v 0.607600 1.450000 -0.360000
v 0.608544 1.457440 -0.364745
v 0.608544 1.450000 -0.364745
v 0.611232 1.457440 -0.368768
v 0.611232 1.450000 -0.368768
v 0.615255 1.457440 -0.371456
v 0.615255 1.450000 -0.371456
v 0.620000 1.457440 -0.372400
v 0.620000 1.450000 -0.372400
v 0.624745 1.457440 -0.371456
v 0.624745 1.450000 -0.371456
v 0.628768 1.457440 -0.368768
v 0.628768 1.450000 -0.368768
v 0.631456 1.457440 -0.364745
v 0.631456 1.450000 -0.364745
v 0.618829 1.463325 -0.360000
v 0.619415 1.460382 -0.354804
v 0.626506 1.461734 -0.354804
v 0.625358 1.464506 -0.360000
v 0.620585 1.454498 -0.354804
v 0.628802 1.456191 -0.354804
v 0.621171 1.451555 -0.360000
v 0.629950 1.453419 -0.360000
v 0.620585 1.454498 -0.365196
v 0.628802 1.456191 -0.365196
v 0.619415 1.460382 -0.365196
v 0.626506 1.461734 -0.365196
v 0.632021 1.465419 -0.354804
v 0.629899 1.467541 -0.360000
v 0.636263 1.461177 -0.354804
v 0.638385 1.459055 -0.360000
v 0.636263 1.461177 -0.365196
v 0.632021 1.465419 -0.365196
v 0.635706 1.470934 -0.354804
v 0.632934 1.472082 -0.360000
v 0.641249 1.468638 -0.354804
v 0.644021 1.467490 -0.360000
v 0.641249 1.468638 -0.365196
v 0.635706 1.470934 -0.365196
v 0.637000 1.477440 -0.354804
v 0.634000 1.477440 -0.360000
v 0.643000 1.477440 -0.354804
v 0.646000 1.477440 -0.360000
v 0.643000 1.477440 -0.365196
v 0.637000 1.477440 -0.365196
v 0.635706 1.483946 -0.354804
v 0.632934 1.482798 -0.360000
v 0.641249 1.486242 -0.354804
v 0.644021 1.487390 -0.360000
v 0.641249 1.486242 -0.365196
v 0.635706 1.483946 -0.365196
v 0.632021 1.489461 -0.354804
v 0.629899 1.487339 -0.360000
v 0.636263 1.493703 -0.354804
v 0.638385 1.495825 -0.360000
v 0.636263 1.493703 -0.365196
v 0.632021 1.489461 -0.365196
v 0.626506 1.493146 -0.354804
v 0.625358 1.490374 -0.360000
v 0.628802 1.498689 -0.354804
v 0.629950 1.501461 -0.360000
v 0.628802 1.498689 -0.365196
v 0.626506 1.493146 -0.365196
v 0.620000 1.494440 -0.354804
v 0.620000 1.491440 -0.360000
v 0.620000 1.500440 -0.354804
v 0.620000 1.503440 -0.360000
v 0.620000 1.500440 -0.365196
v 0.620000 1.494440 -0.365196
v 0.613494 1.493146 -0.354804
v 0.614642 1.490374 -0.360000
v 0.611198 1.498689 -0.354804
v 0.610050 1.501461 -0.360000
v 0.611198 1.498689 -0.365196
v 0.613494 1.493146 -0.365196
v 0.607979 1.489461 -0.354804
v 0.610101 1.487339 -0.360000
v 0.603737 1.493703 -0.354804
v 0.601615 1.495825 -0.360000
v 0.603737 1.493703 -0.365196
v 0.607979 1.489461 -0.365196
v 0.604294 1.483946 -0.354804
v 0.607066 1.482798 -0.360000
v 0.598751 1.486242 -0.354804
v 0.595979 1.487390 -0.360000
v 0.598751 1.486242 -0.365196
v 0.604294 1.483946 -0.365196
v 0.603000 1.477440 -0.354804
v 0.606000 1.477440 -0.360000
v 0.597000 1.477440 -0.354804
v 0.594000 1.477440 -0.360000
v 0.597000 1.477440 -0.365196
v 0.603000 1.477440 -0.365196
v 0.604294 1.470934 -0.354804
v 0.607066 1.472082 -0.360000
v 0.598751 1.468638 -0.354804
v 0.595979 1.467490 -0.360000
v 0.598751 1.468638 -0.365196
v 0.604294 1.470934 -0.365196
v 0.607979 1.465419 -0.354804
v 0.610101 1.467541 -0.360000
v 0.603737 1.461177 -0.354804
v 0.601615 1.459055 -0.360000
v 0.603737 1.461177 -0.365196
v 0.607979 1.465419 -0.365196
v 0.613494 1.461734 -0.354804
v 0.614642 1.464506 -0.360000
v 0.611198 1.456191 -0.354804
v 0.610050 1.453419 -0.360000
v 0.611198 1.456191 -0.365196
v 0.613494 1.461734 -0.365196
v 0.620585 1.460382 -0.354804
v 0.621171 1.463325 -0.360000
v 0.619415 1.454498 -0.354804
v 0.618829 1.451555 -0.360000
v 0.619415 1.454498 -0.365196
v 0.620585 1.460382 -0.365196
v 0.632400 1.457440 0.360000
v 0.631456 1.457440 0.364745
v 0.631456 1.450000 0.364745
v 0.632400 1.450000 0.360000
v 0.628768 1.457440 0.368768
v 0.628768 1.450000 0.368768
v 0.624745 1.457440 0.371456
v 0.624745 1.450000 0.371456
v 0.620000 1.457440 0.372400
v 0.620000 1.450000 0.372400
v 0.615255 1.457440 0.371456
v 0.615255 1.450000 0.371456
v 0.611232 1.457440 0.368768
v 0.611232 1.450000 0.368768
v 0.608544 1.457440 0.364745
v 0.608544 1.450000 0.364745
v 0.607600 1.457440 0.360000
v 0.607600 1.450000 0.360000
v 0.608544 1.457440 0.355255
v 0.608544 1.450000 0.355255
v 0.611232 1.457440 0.351232
v 0.611232 1.450000 0.351232
v 0.615255 1.457440 0.348544
v 0.615255 1.450000 0.348544
v 0.620000 1.457440 0.347600
v 0.620000 1.450000 0.347600
v 0.624745 1.457440 0.348544
v 0.624745 1.450000 0.348544
v 0.628768 1.457440 0.351232
v 0.628768 1.450000 0.351232
v 0.631456 1.457440 0.355255
v 0.631456 1.450000 0.355255
v 0.618829 1.463325 0.360000
v 0.619415 1.460382 0.365196
v 0.626506 1.461734 0.365196
v 0.625358 1.464506 0.360000
v 0.620585 1.454498 0.365196
v 0.628802 1.456191 0.365196
v 0.621171 1.451555 0.360000
v 0.629950 1.453419 0.360000
v 0.620585 1.454498 0.354804
v 0.628802 1.456191 0.354804
v 0.619415 1.460382 0.354804
v 0.626506 1.461734 0.354804
v 0.632021 1.465419 0.365196
v 0.629899 1.467541 0.360000
v 0.636263 1.461177 0.365196
v 0.638385 1.459055 0.360000
v 0.636263 1.461177 0.354804
v 0.632021 1.465419 0.354804
v 0.635706 1.470934 0.365196
v 0.632934 1.472082 0.360000
v 0.641249 1.468638 0.365196
v 0.644021 1.467490 0.360000
v 0.641249 1.468638 0.354804
v 0.635706 1.470934 0.354804
v 0.637000 1.477440 0.365196
v 0.634000 1.477440 0.360000
v 0.643000 1.477440 0.365196
v 0.646000 1.477440 0.360000
v 0.643000 1.477440 0.354804
v 0.637000 1.477440 0.354804
v 0.635706 1.483946 0.365196
v 0.632934 1.482798 0.360000
v 0.641249 1.486242 0.365196
v 0.644021 1.487390 0.360000
v 0.641249 1.486242 0.354804
v 0.635706 1.483946 0.354804
v 0.632021 1.489461 0.365196
v 0.629899 1.487339 0.360000
v 0.636263 1.493703 0.365196
v 0.638385 1.495825 0.360000
v 0.636263 1.493703 0.354804
v 0.632021 1.489461 0.354804
v 0.626506 1.493146 0.365196
v 0.625358 1.490374 0.360000
v 0.628802 1.498689 0.365196
v 0.629950 1.501461 0.360000
v 0.628802 1.498689 0.354804
v 0.626506 1.493146 0.354804
v 0.620000 1.494440 0.365196
v 0.620000 1.491440 0.360000
v 0.620000 1.500440 0.365196
v 0.620000 1.503440 0.360000
v 0.620000 1.500440 0.354804
v 0.620000 1.494440 0.354804
v 0.613494 1.493146 0.365196
v 0.614642 1.490374 0.360000
v 0.611198 1.498689 0.365196
v 0.610050 1.501461 0.360000
v 0.611198 1.498689 0.354804
v 0.613494 1.493146 0.354804
v 0.607979 1.489461 0.365196
v 0.610101 1.487339 0.360000
v 0.603737 1.493703 0.365196
v 0.601615 1.495825 0.360000
v 0.603737 1.493703 0.354804
v 0.607979 1.489461 0.354804
v 0.604294 1.483946 0.365196
v 0.607066 1.482798 0.360000
v 0.598751 1.486242 0.365196
v 0.595979 1.487390 0.360000
v 0.598751 1.486242 0.354804
v 0.604294 1.483946 0.354804
v 0.603000 1.477440 0.365196
v 0.606000 1.477440 0.360000
v 0.597000 1.477440 0.365196
v 0.594000 1.477440 0.360000
v 0.597000 1.477440 0.354804
v 0.603000 1.477440 0.354804
v 0.604294 1.470934 0.365196
v 0.607066 1.472082 0.360000
v 0.598751 1.468638 0.365196
v 0.595979 1.467490 0.360000
v 0.598751 1.468638 0.354804
v 0.604294 1.470934 0.354804
v 0.607979 1.465419 0.365196
v 0.610101 1.467541 0.360000
v 0.603737 1.461177 0.365196
v 0.601615 1.459055 0.360000
v 0.603737 1.461177 0.354804
v 0.607979 1.465419 0.354804
v 0.613494 1.461734 0.365196
v 0.614642 1.464506 0.360000
v 0.611198 1.456191 0.365196
v 0.610050 1.453419 0.360000
v 0.611198 1.456191 0.354804
v 0.613494 1.461734 0.354804
v 0.620585 1.460382 0.365196
v 0.621171 1.463325 0.360000
v 0.619415 1.454498 0.365196
v 0.618829 1.451555 0.360000
v 0.619415 1.454498 0.354804
v 0.620585 1.460382 0.354804
vn 0.0000 -1.0000 0.0000
vn 0.0000 1.0000 0.0000
vn 0.0000 0.0000 -1.0000
vn 0.0000 0.0000 1.0000
vn -1.0000 0.0000 0.0000
vn 1.0000 0.0000 0.0000
vn 0.8660 0.0000 0.5000
vn -0.8660 0.0000 0.5000
vn -0.8660 0.0000 -0.5000
vn 0.8660 0.0000 -0.5000
vn 0.9808 0.0000 0.1951
vn 0.8315 0.0000 0.5556
vn 0.5556 0.0000 0.8315
vn 0.1951 0.0000 0.9808
vn -0.1951 0.0000 0.9808
vn -0.5556 0.0000 0.8315
vn -0.8315 0.0000 0.5556
vn -0.9808 0.0000 0.1951
vn -0.9808 0.0000 -0.1951
vn -0.8315 0.0000 -0.5556
vn -0.5556 0.0000 -0.8315
vn -0.1951 0.0000 -0.9808
vn 0.1951 0.0000 -0.9808
vn 0.5556 0.0000 -0.8315
vn 0.8315 0.0000 -0.5556
vn 0.9808 0.0000 -0.1951
vn 0.5000 0.0000 0.8660
vn -0.5000 0.0000 0.8660
vn -0.5000 0.0000 -0.8660
vn 0.5000 0.0000 -0.8660
vn 0.0000 0.9808 0.1951
vn 0.0000 0.8315 0.5556
vn 0.0000 0.5556 0.8315
vn 0.0000 0.1951 0.9808
vn 0.0000 -0.1951 0.9808
vn 0.0000 -0.5556 0.8315
vn 0.0000 -0.8315 0.5556
vn 0.0000 -0.9808 0.1951
vn 0.0000 -0.9808 -0.1951
vn 0.0000 -0.8315 -0.5556
vn 0.0000 -0.5556 -0.8315
vn 0.0000 -0.1951 -0.9808
vn 0.0000 0.1951 -0.9808
vn 0.0000 0.5556 -0.8315
vn 0.0000 0.8315 -0.5556
vn 0.0000 0.9808 -0.1951
vn 0.0000 0.9992 0.0393
vn 0.0000 0.9931 0.1175
vn 0.0000 0.9625 0.2714
vn 0.0000 0.9382 0.3461
vn 0.0000 0.9081 0.4187
vn 0.0000 0.8725 0.4886
vn 0.0000 0.7853 0.6191
vn 0.0000 0.7343 0.6788
vn 0.0000 0.6788 0.7343
vn 0.0000 0.6191 0.7853
vn 0.0000 0.4886 0.8725
vn 0.0000 0.4187 0.9081
vn 0.0000 0.3461 0.9382
vn 0.0000 0.2714 0.9625
vn 0.0000 0.1175 0.9931
vn 0.0000 0.0393 0.9992
vn 0.0000 -0.0393 0.9992
vn 0.0000 -0.1175 0.9931
vn 0.0000 -0.2714 0.9625
vn 0.0000 -0.3461 0.9382
vn 0.0000 -0.4187 0.9081
vn 0.0000 -0.4886 0.8725
vn 0.0000 -0.6191 0.7853
vn 0.0000 -0.6788 0.7343
vn 0.0000 -0.7343 0.6788
vn 0.0000 -0.7853 0.6191
vn 0.0000 -0.8725 0.4886
vn 0.0000 -0.9081 0.4187
vn 0.0000 -0.9382 0.3461
vn 0.0000 -0.9625 0.2714
vn 0.0000 -0.9931 0.1175
vn 0.0000 -0.9992 0.0393
vn 0.0000 -0.9992 -0.0393
vn 0.0000 -0.9931 -0.1175
vn 0.0000 -0.9625 -0.2714
vn 0.0000 -0.9382 -0.3461
vn 0.0000 -0.9081 -0.4187
vn 0.0000 -0.8725 -0.4886
vn 0.0000 -0.7853 -0.6191
vn 0.0000 -0.7343 -0.6788
vn 0.0000 -0.6788 -0.7343
vn 0.0000 -0.6191 -0.7853
vn 0.0000 -0.4886 -0.8725
vn 0.0000 -0.4187 -0.9081
vn 0.0000 -0.3461 -0.9382
vn 0.0000 -0.2714 -0.9625
vn 0.0000 -0.1175 -0.9931
vn 0.0000 -0.0393 -0.9992
vn 0.0000 0.0393 -0.9992
vn 0.0000 0.1175 -0.9931
vn 0.0000 0.2714 -0.9625
vn 0.0000 0.3461 -0.9382
vn 0.0000 0.4187 -0.9081
vn 0.0000 0.4886 -0.8725
vn 0.0000 0.6191 -0.7853
vn 0.0000 0.6788 -0.7343
vn 0.0000 0.7343 -0.6788
vn 0.0000 0.7853 -0.6191
vn 0.0000 0.8725 -0.4886
vn 0.0000 0.9081 -0.4187
vn 0.0000 0.9382 -0.3461
vn 0.0000 0.9625 -0.2714
vn 0.0000 0.9931 -0.1175
vn 0.0000 0.9992 -0.0393
vn 0.9619 0.0792 -0.1742
vn 0.8155 0.2255 -0.4961
vn 0.5449 0.3375 -0.7424
vn 0.1913 0.3981 -0.8757
vn -0.1913 0.3981 -0.8757
vn -0.5449 0.3375 -0.7424
vn -0.8155 0.2255 -0.4961
vn -0.9619 0.0792 -0.1742
vn -0.9619 -0.0792 0.1742
vn -0.8155 -0.2255 0.4961
vn -0.5449 -0.3375 0.7424
vn -0.1913 -0.3981 0.8757
vn 0.1913 -0.3981 0.8757
vn 0.5449 -0.3375 0.7424
vn 0.8155 -0.2255 0.4961
vn 0.9619 -0.0792 0.1742
vn 0.9619 0.0672 -0.1791
vn 0.8155 0.1915 -0.5101
vn 0.5449 0.2865 -0.7635
vn 0.1913 0.3380 -0.9006
vn -0.1913 0.3380 -0.9006
vn -0.5449 0.2865 -0.7635
vn -0.8155 0.1915 -0.5101
vn -0.9619 0.0672 -0.1791
vn -0.9619 -0.0672 0.1791
vn -0.8155 -0.1915 0.5101
vn -0.5449 -0.2865 0.7635
vn -0.1913 -0.3380 0.9006
vn 0.1913 -0.3380 0.9006
vn 0.5449 -0.2865 0.7635
vn 0.8155 -0.1915 0.5101
vn 0.9619 -0.0672 0.1791
vn -0.0000 -0.9104 -0.4138
vn 0.0000 0.9578 0.2873
vn 0.4592 -0.8836 0.0913
vn 0.3893 -0.8836 0.2601
vn 0.2601 -0.8836 0.3893
vn 0.0913 -0.8836 0.4592
vn -0.0913 -0.8836 0.4592
vn -0.2601 -0.8836 0.3893
vn -0.3893 -0.8836 0.2601
vn -0.4592 -0.8836 0.0913
vn -0.4592 -0.8836 -0.0913
vn -0.3893 -0.8836 -0.2601
vn -0.2601 -0.8836 -0.3893
vn -0.0913 -0.8836 -0.4592
vn 0.0913 -0.8836 -0.4592
vn 0.2601 -0.8836 -0.3893
vn 0.3893 -0.8836 -0.2601
vn 0.4592 -0.8836 -0.0913
vn 0.3411 0.9376 0.0678
vn 0.2892 0.9376 0.1932
vn 0.1932 0.9376 0.2892
vn 0.0678 0.9376 0.3411
vn -0.0678 0.9376 0.3411
vn -0.1932 0.9376 0.2892
vn -0.2892 0.9376 0.1932
vn -0.3411 0.9376 0.0678
vn -0.3411 0.9376 -0.0678
vn -0.2892 0.9376 -0.1932
vn -0.1932 0.9376 -0.2892
vn -0.0678 0.9376 -0.3411
vn 0.0678 0.9376 -0.3411
vn 0.1932 0.9376 -0.2892
vn 0.2892 0.9376 -0.1932
vn 0.3411 0.9376 -0.0678
vn 0.7828 0.6025 0.1557
vn 0.6636 0.6025 0.4434
vn 0.4434 0.6025 0.6636
vn 0.1557 0.6025 0.7828
vn -0.1557 0.6025 0.7828
vn -0.4434 0.6025 0.6636
vn -0.6636 0.6025 0.4434
vn -0.7828 0.6025 0.1557
vn -0.7828 0.6025 -0.1557
vn -0.6636 0.6025 -0.4434
vn -0.4434 0.6025 -0.6636
vn -0.1557 0.6025 -0.7828
vn 0.1557 0.6025 -0.7828
vn 0.4434 0.6025 -0.6636
vn 0.6636 0.6025 -0.4434
vn 0.7828 0.6025 -0.1557
vn 0.5463 -0.8305 0.1087
vn 0.4632 -0.8305 0.3095
vn 0.3095 -0.8305 0.4632
vn 0.1087 -0.8305 0.5463
vn -0.1087 -0.8305 0.5463
vn -0.3095 -0.8305 0.4632
vn -0.4632 -0.8305 0.3095
vn -0.5463 -0.8305 0.1087
vn -0.5463 -0.8305 -0.1087
vn -0.4632 -0.8305 -0.3095
vn -0.3095 -0.8305 -0.4632
vn -0.1087 -0.8305 -0.5463
vn 0.1087 -0.8305 -0.5463
vn 0.3095 -0.8305 -0.4632
vn 0.4632 -0.8305 -0.3095
vn 0.5463 -0.8305 -0.1087
vn 0.4168 0.9052 0.0829
vn 0.3534 0.9052 0.2361
vn 0.2361 0.9052 0.3534
vn 0.0829 0.9052 0.4168
vn -0.0829 0.9052 0.4168
vn -0.2361 0.9052 0.3534
vn -0.3534 0.9052 0.2361
vn -0.4168 0.9052 0.0829
vn -0.4168 0.9052 -0.0829
vn -0.3534 0.9052 -0.2361
vn -0.2361 0.9052 -0.3534
vn -0.0829 0.9052 -0.4168
vn 0.0829 0.9052 -0.4168
vn 0.2361 0.9052 -0.3534
vn 0.3534 0.9052 -0.2361
vn 0.4168 0.9052 -0.0829
vn 0.8424 0.5122 0.1676
vn 0.7141 0.5122 0.4772
vn 0.4772 0.5122 0.7141
vn 0.1676 0.5122 0.8424
vn -0.1676 0.5122 0.8424
vn -0.4772 0.5122 0.7141
vn -0.7141 0.5122 0.4772
vn -0.8424 0.5122 0.1676
vn -0.8424 0.5122 -0.1676
vn -0.7141 0.5122 -0.4772
vn -0.4772 0.5122 -0.7141
vn -0.1676 0.5122 -0.8424
vn 0.1676 0.5122 -0.8424
vn 0.4772 0.5122 -0.7141
vn 0.7141 0.5122 -0.4772
vn 0.8424 0.5122 -0.1676
vn -0.1463 0.7356 0.4330
vn -0.0000 0.0000 0.8660
vn 0.1463 -0.7356 0.4330
vn 0.1463 -0.7356 -0.4330
vn 0.0000 -0.0000 -0.8660
vn -0.1463 0.7356 -0.4330
vn -0.2870 0.6929 0.4330
vn 0.2870 -0.6929 0.4330
vn 0.2870 -0.6929 -0.4330
vn -0.2870 0.6929 -0.4330
vn -0.5303 0.5303 0.4330
vn 0.5303 -0.5303 0.4330
vn 0.5303 -0.5303 -0.4330
vn -0.5303 0.5303 -0.4330
vn -0.6929 0.2870 0.4330
vn 0.6929 -0.2870 0.4330
vn 0.6929 -0.2870 -0.4330
vn -0.6929 0.2870 -0.4330
vn -0.7500 0.0000 0.4330
vn 0.7500 -0.0000 0.4330
vn 0.7500 0.0000 -0.4330
vn -0.7500 0.0000 -0.4330
vn -0.6929 -0.2870 0.4330
vn 0.6929 0.2870 0.4330
vn 0.6929 0.2870 -0.4330
vn -0.6929 -0.2870 -0.4330
vn -0.5303 -0.5303 0.4330
vn 0.5303 0.5303 0.4330
vn 0.5303 0.5303 -0.4330
vn -0.5303 -0.5303 -0.4330
vn -0.2870 -0.6929 0.4330
vn 0.2870 0.6929 0.4330
vn 0.2870 0.6929 -0.4330
vn -0.2870 -0.6929 -0.4330
vn 0.0000 -0.7500 0.4330
vn 0.0000 0.7500 0.4330
vn 0.0000 0.7500 -0.4330
vn 0.0000 -0.7500 -0.4330
vt 0.000000 1.200000
vt 1.200000 1.200000
vt 1.200000 0.000000
vt 0.000000 0.000000
vt 0.000000 0.500000
vt 0.500000 0.500000
vt 0.500000 0.000000
vt 0.000000 1.000000
vt 1.000000 1.000000
vt 1.000000 0.000000
vt 0.000000 0.120000
vt 0.120000 0.120000
vt 0.120000 0.000000
vt 0.000000 0.800000
vt 0.800000 0.800000
vt 0.800000 0.000000
vt 0.000000 0.080000
vt 0.013333 0.080000
vt 0.013333 0.000000
vt 0.026667 0.080000
vt 0.026667 0.000000
vt 0.040000 0.080000
vt 0.040000 0.000000
vt 0.053333 0.080000
vt 0.053333 0.000000
vt 0.066667 0.080000
vt 0.066667 0.000000
vt 0.080000 0.080000
vt 0.080000 0.000000
vt 0.005000 0.080000
vt 0.005000 0.000000
vt 0.010000 0.080000
vt 0.010000 0.000000
vt 0.015000 0.080000
vt 0.015000 0.000000
vt 0.020000 0.080000
vt 0.020000 0.000000
vt 0.025000 0.080000
vt 0.025000 0.000000
vt 0.030000 0.080000
vt 0.030000 0.000000
vt 0.035000 0.080000
vt 0.035000 0.000000
vt 0.045000 0.080000
vt 0.045000 0.000000
vt 0.050000 0.080000
vt 0.050000 0.000000
vt 0.055000 0.080000
vt 0.055000 0.000000
vt 0.060000 0.080000
vt 0.060000 0.000000
vt 0.065000 0.080000
vt 0.065000 0.000000
vt 0.070000 0.080000
vt 0.070000 0.000000
vt 0.075000 0.080000
vt 0.075000 0.000000
vt 0.691342 0.038060
vt 0.853553 0.146447
vt 0.961940 0.308658
vt 0.146447 0.146447
vt 0.308658 0.038060
vt 0.038060 0.308658
vt 0.146447 0.853553
vt 0.038060 0.691342
vt 0.500000 1.000000
vt 0.308658 0.961940
vt 0.853553 0.853553
vt 0.691342 0.961940
vt 1.000000 0.500000
vt 0.961940 0.691342
vt 0.066987 0.750000
vt 0.066987 0.250000
vt 0.933013 0.250000
vt 0.933013 0.750000
vt 0.000000 0.200000
vt 0.200000 0.200000
vt 0.200000 0.000000
vt 0.012500 0.000000
vt 0.012500 0.200000
vt 0.025000 0.200000
vt 0.037500 0.000000
vt 0.037500 0.200000
vt 0.050000 0.200000
vt 0.062500 0.000000
vt 0.062500 0.200000
vt 0.075000 0.200000
vt 0.087500 0.000000
vt 0.087500 0.200000
vt 0.100000 0.000000
vt 0.100000 0.200000
vt 0.112500 0.000000
vt 0.112500 0.200000
vt 0.125000 0.000000
vt 0.125000 0.200000
vt 0.137500 0.000000
vt 0.137500 0.200000
vt 0.150000 0.000000
vt 0.150000 0.200000
vt 0.162500 0.000000
vt 0.162500 0.200000
vt 0.175000 0.000000
vt 0.175000 0.200000
vt 0.187500 0.000000
vt 0.187500 0.200000
vt 0.000000 0.300000
vt 0.300000 0.300000
vt 0.300000 0.000000
vt 0.012500 2.000000
vt 0.000000 2.000000
vt 0.025000 2.000000
vt 0.037500 2.000000
vt 0.050000 2.000000
vt 0.062500 2.000000
vt 0.075000 2.000000
vt 0.087500 2.000000
vt 0.100000 2.000000
vt 0.112500 2.000000
vt 0.125000 2.000000
vt 0.137500 2.000000
vt 0.150000 2.000000
vt 0.162500 2.000000
vt 0.175000 2.000000
vt 0.187500 2.000000
vt 0.200000 2.000000
vt 0.212500 0.000000
vt 0.212500 2.000000
vt 0.225000 0.000000
vt 0.225000 2.000000
vt 0.237500 0.000000
vt 0.237500 2.000000
vt 0.250000 0.000000
vt 0.250000 2.000000
vt 0.262500 0.000000
vt 0.262500 2.000000
vt 0.275000 0.000000
vt 0.275000 2.000000
vt 0.287500 0.000000
vt 0.287500 2.000000
vt 0.300000 2.000000
vt 0.312500 0.000000
vt 0.312500 2.000000
vt 0.325000 0.000000
vt 0.325000 2.000000
vt 0.337500 0.000000
vt 0.337500 2.000000
vt 0.350000 0.000000
vt 0.350000 2.000000
vt 0.362500 0.000000
vt 0.362500 2.000000
vt 0.375000 0.000000
vt 0.375000 2.000000
vt 0.387500 0.000000
vt 0.387500 2.000000
vt 0.400000 0.000000
vt 0.400000 2.000000
vt 0.412500 0.000000
vt 0.412500 2.000000
vt 0.425000 0.000000
vt 0.425000 2.000000
vt 0.437500 0.000000
vt 0.437500 2.000000
vt 0.450000 0.000000
vt 0.450000 2.000000
vt 0.462500 0.000000
vt 0.462500 2.000000
vt 0.475000 0.000000
vt 0.475000 2.000000
vt 0.487500 0.000000
vt 0.487500 2.000000
vt 0.500000 2.000000
vt 0.512500 0.000000
vt 0.512500 2.000000
vt 0.525000 0.000000
vt 0.525000 2.000000
vt 0.537500 0.000000
vt 0.537500 2.000000
vt 0.550000 0.000000
vt 0.550000 2.000000
vt 0.562500 0.000000
vt 0.562500 2.000000
vt 0.575000 0.000000
vt 0.575000 2.000000
vt 0.587500 0.000000
vt 0.587500 2.000000
vt 0.600000 0.000000
vt 0.600000 2.000000
vt 0.612500 0.000000
vt 0.612500 2.000000
vt 0.625000 0.000000
vt 0.625000 2.000000
vt 0.637500 0.000000
vt 0.637500 2.000000
vt 0.650000 0.000000
vt 0.650000 2.000000
vt 0.662500 0.000000
vt 0.662500 2.000000
vt 0.675000 0.000000
vt 0.675000 2.000000
vt 0.687500 0.000000
vt 0.687500 2.000000
vt 0.700000 0.000000
vt 0.700000 2.000000
vt 0.712500 0.000000
vt 0.712500 2.000000
vt 0.725000 0.000000
vt 0.725000 2.000000
vt 0.737500 0.000000
vt 0.737500 2.000000
vt 0.750000 0.000000
vt 0.750000 2.000000
vt 0.762500 0.000000
vt 0.762500 2.000000
vt 0.775000 0.000000
vt 0.775000 2.000000
vt 0.787500 0.000000
vt 0.787500 2.000000
vt 0.800000 2.000000
vt 0.812500 0.000000
vt 0.812500 2.000000
vt 0.825000 0.000000
vt 0.825000 2.000000
vt 0.837500 0.000000
vt 0.837500 2.000000
vt 0.850000 0.000000
vt 0.850000 2.000000
vt 0.862500 0.000000
vt 0.862500 2.000000
vt 0.875000 0.000000
vt 0.875000 2.000000
vt 0.887500 0.000000
vt 0.887500 2.000000
vt 0.900000 0.000000
vt 0.900000 2.000000
vt 0.912500 0.000000
vt 0.912500 2.000000
vt 0.925000 0.000000
vt 0.925000 2.000000
vt 0.937500 0.000000
vt 0.937500 2.000000
vt 0.950000 0.000000
vt 0.950000 2.000000
vt 0.962500 0.000000
vt 0.962500 2.000000
vt 0.975000 0.000000
vt 0.975000 2.000000
vt 0.987500 0.000000
vt 0.987500 2.000000
vt 1.000000 2.000000
vt 0.998459 0.460770
vt 0.993844 0.421783
vt 0.986185 0.383277
vt 0.975528 0.345492
vt 0.945503 0.273005
vt 0.926320 0.238751
vt 0.904508 0.206107
vt 0.880203 0.175276
vt 0.824724 0.119797
vt 0.793893 0.095492
vt 0.761249 0.073680
vt 0.726995 0.054497
vt 0.654508 0.024472
vt 0.616723 0.013815
vt 0.578217 0.006156
vt 0.539230 0.001541
vt 0.460770 0.001541
vt 0.421783 0.006156
vt 0.383277 0.013815
vt 0.345492 0.024472
vt 0.273005 0.054497
vt 0.238751 0.073680
vt 0.206107 0.095492
vt 0.175276 0.119797
vt 0.119797 0.175276
vt 0.095492 0.206107
vt 0.073680 0.238751
vt 0.054497 0.273005
vt 0.024472 0.345492
vt 0.013815 0.383277
vt 0.006156 0.421783
vt 0.001541 0.460770
vt 0.001541 0.539230
vt 0.006156 0.578217
vt 0.013815 0.616723
vt 0.024472 0.654508
vt 0.054497 0.726995
vt 0.073680 0.761249
vt 0.095492 0.793893
vt 0.119797 0.824724
vt 0.175276 0.880203
vt 0.206107 0.904508
vt 0.238751 0.926320
vt 0.273005 0.945503
vt 0.345492 0.975528
vt 0.383277 0.986185
vt 0.421783 0.993844
vt 0.460770 0.998459
vt 0.539230 0.998459
vt 0.578217 0.993844
vt 0.616723 0.986185
vt 0.654508 0.975528
vt 0.726995 0.945503
vt 0.761249 0.926320
vt 0.793893 0.904508
vt 0.824724 0.880203
vt 0.880203 0.824724
vt 0.904508 0.793893
vt 0.926320 0.761249
vt 0.945503 0.726995
vt 0.975528 0.654508
vt 0.986185 0.616723
vt 0.993844 0.578217
vt 0.998459 0.539230
vt 0.062500 1.000000
vt 0.125000 1.000000
vt 0.187500 1.000000
vt 0.250000 1.000000
vt 0.312500 1.000000
vt 0.375000 1.000000
vt 0.437500 1.000000
vt 0.562500 1.000000
vt 0.625000 1.000000
vt 0.687500 1.000000
vt 0.750000 1.000000
vt 0.812500 1.000000
vt 0.875000 1.000000
vt 0.937500 1.000000
vt 0.062500 0.536467
vt 0.000000 0.536467
vt 0.125000 0.536467
vt 0.187500 0.536467
vt 0.250000 0.536467
vt 0.312500 0.536467
vt 0.375000 0.536467
vt 0.437500 0.536467
vt 0.500000 0.536467
vt 0.562500 0.536467
vt 0.625000 0.536467
vt 0.687500 0.536467
vt 0.750000 0.536467
vt 0.812500 0.536467
vt 0.875000 0.536467
vt 0.937500 0.536467
vt 1.000000 0.536467
vt 0.000000 0.600000
vt 0.600000 0.600000
vt 0.000000 0.019450
vt 0.062500 0.019450
vt 0.125000 0.019450
vt 0.187500 0.019450
vt 0.250000 0.019450
vt 0.312500 0.019450
vt 0.375000 0.019450
vt 0.437500 0.019450
vt 0.500000 0.019450
vt 0.562500 0.019450
vt 0.625000 0.019450
vt 0.687500 0.019450
vt 0.750000 0.019450
vt 0.812500 0.019450
vt 0.875000 0.019450
vt 0.937500 0.019450
vt 1.000000 0.019450
vt 0.000000 0.049749
vt 0.062500 0.049749
vt 0.125000 0.049749
vt 0.187500 0.049749
vt 0.250000 0.049749
vt 0.312500 0.049749
vt 0.375000 0.049749
vt 0.437500 0.049749
vt 0.500000 0.049749
vt 0.562500 0.049749
vt 0.625000 0.049749
vt 0.687500 0.049749
vt 0.750000 0.049749
vt 0.812500 0.049749
vt 0.875000 0.049749
vt 0.937500 0.049749
vt 1.000000 0.049749
vt 0.000000 0.078304
vt 0.062500 0.078304
vt 0.125000 0.078304
vt 0.187500 0.078304
vt 0.250000 0.078304
vt 0.312500 0.078304
vt 0.375000 0.078304
vt 0.437500 0.078304
vt 0.500000 0.078304
vt 0.562500 0.078304
vt 0.625000 0.078304
vt 0.687500 0.078304
vt 0.750000 0.078304
vt 0.812500 0.078304
vt 0.875000 0.078304
vt 0.937500 0.078304
vt 1.000000 0.078304
vt 0.000000 0.110935
vt 0.062500 0.110935
vt 0.125000 0.110935
vt 0.187500 0.110935
vt 0.250000 0.110935
vt 0.312500 0.110935
vt 0.375000 0.110935
vt 0.437500 0.110935
vt 0.500000 0.110935
vt 0.562500 0.110935
vt 0.625000 0.110935
vt 0.687500 0.110935
vt 0.750000 0.110935
vt 0.812500 0.110935
vt 0.875000 0.110935
vt 0.937500 0.110935
vt 1.000000 0.110935
vt 0.000000 0.125122
vt 0.062500 0.125122
vt 0.125000 0.125122
vt 0.187500 0.125122
vt 0.250000 0.125122
vt 0.312500 0.125122
vt 0.375000 0.125122
vt 0.437500 0.125122
vt 0.500000 0.125122
vt 0.562500 0.125122
vt 0.625000 0.125122
vt 0.687500 0.125122
vt 0.750000 0.125122
vt 0.812500 0.125122
vt 0.875000 0.125122
vt 0.937500 0.125122
vt 1.000000 0.125122
vt 0.000000 0.155421
vt 0.062500 0.155421
vt 0.125000 0.155421
vt 0.187500 0.155421
vt 0.250000 0.155421
vt 0.312500 0.155421
vt 0.375000 0.155421
vt 0.437500 0.155421
vt 0.500000 0.155421
vt 0.562500 0.155421
vt 0.625000 0.155421
vt 0.687500 0.155421
vt 0.750000 0.155421
vt 0.812500 0.155421
vt 0.875000 0.155421
vt 0.937500 0.155421
vt 1.000000 0.155421
vt 0.000000 0.183976
vt 0.062500 0.183976
vt 0.125000 0.183976
vt 0.187500 0.183976
vt 0.250000 0.183976
vt 0.312500 0.183976
vt 0.375000 0.183976
vt 0.437500 0.183976
vt 0.500000 0.183976
vt 0.562500 0.183976
vt 0.625000 0.183976
vt 0.687500 0.183976
vt 0.750000 0.183976
vt 0.812500 0.183976
vt 0.875000 0.183976
vt 0.937500 0.183976
vt 1.000000 0.183976
vt 0.000000 0.216606
vt 0.062500 0.216606
vt 0.125000 0.216606
vt 0.187500 0.216606
vt 0.250000 0.216606
vt 0.312500 0.216606
vt 0.375000 0.216606
vt 0.437500 0.216606
vt 0.500000 0.216606
vt 0.562500 0.216606
vt 0.625000 0.216606
vt 0.687500 0.216606
vt 0.750000 0.216606
vt 0.812500 0.216606
vt 0.875000 0.216606
vt 0.937500 0.216606
vt 1.000000 0.216606
vt 0.000000 0.230793
vt 0.062500 0.230793
vt 0.125000 0.230793
vt 0.187500 0.230793
vt 0.250000 0.230793
vt 0.312500 0.230793
vt 0.375000 0.230793
vt 0.437500 0.230793
vt 0.500000 0.230793
vt 0.562500 0.230793
vt 0.625000 0.230793
vt 0.687500 0.230793
vt 0.750000 0.230793
vt 0.812500 0.230793
vt 0.875000 0.230793
vt 0.937500 0.230793
vt 1.000000 0.230793
vt 0.000000 0.261093
vt 0.062500 0.261093
vt 0.125000 0.261093
vt 0.187500 0.261093
vt 0.250000 0.261093
vt 0.312500 0.261093
vt 0.375000 0.261093
vt 0.437500 0.261093
vt 0.500000 0.261093
vt 0.562500 0.261093
vt 0.625000 0.261093
vt 0.687500 0.261093
vt 0.750000 0.261093
vt 0.812500 0.261093
vt 0.875000 0.261093
vt 0.937500 0.261093
vt 1.000000 0.261093
vt 0.000000 0.289648
vt 0.062500 0.289648
vt 0.125000 0.289648
vt 0.187500 0.289648
vt 0.250000 0.289648
vt 0.312500 0.289648
vt 0.375000 0.289648
vt 0.437500 0.289648
vt 0.500000 0.289648
vt 0.562500 0.289648
vt 0.625000 0.289648
vt 0.687500 0.289648
vt 0.750000 0.289648
vt 0.812500 0.289648
vt 0.875000 0.289648
vt 0.937500 0.289648
vt 1.000000 0.289648
vt 0.000000 0.322278
vt 0.062500 0.322278
vt 0.125000 0.322278
vt 0.187500 0.322278
vt 0.250000 0.322278
vt 0.312500 0.322278
vt 0.375000 0.322278
vt 0.437500 0.322278
vt 0.500000 0.322278
vt 0.562500 0.322278
vt 0.625000 0.322278
vt 0.687500 0.322278
vt 0.750000 0.322278
vt 0.812500 0.322278
vt 0.875000 0.322278
vt 0.937500 0.322278
vt 1.000000 0.322278
vt 0.000000 0.336465
vt 0.062500 0.336465
vt 0.125000 0.336465
vt 0.187500 0.336465
vt 0.250000 0.336465
vt 0.312500 0.336465
vt 0.375000 0.336465
vt 0.437500 0.336465
vt 0.500000 0.336465
vt 0.562500 0.336465
vt 0.625000 0.336465
vt 0.687500 0.336465
vt 0.750000 0.336465
vt 0.812500 0.336465
vt 0.875000 0.336465
vt 0.937500 0.336465
vt 1.000000 0.336465
vt 0.000000 0.366764
vt 0.062500 0.366764
vt 0.125000 0.366764
vt 0.187500 0.366764
vt 0.250000 0.366764
vt 0.312500 0.366764
vt 0.375000 0.366764
vt 0.437500 0.366764
vt 0.500000 0.366764
vt 0.562500 0.366764
vt 0.625000 0.366764
vt 0.687500 0.366764
vt 0.750000 0.366764
vt 0.812500 0.366764
vt 0.875000 0.366764
vt 0.937500 0.366764
vt 1.000000 0.366764
vt 0.000000 0.395319
vt 0.062500 0.395319
vt 0.125000 0.395319
vt 0.187500 0.395319
vt 0.250000 0.395319
vt 0.312500 0.395319
vt 0.375000 0.395319
vt 0.437500 0.395319
vt 0.500000 0.395319
vt 0.562500 0.395319
vt 0.625000 0.395319
vt 0.687500 0.395319
vt 0.750000 0.395319
vt 0.812500 0.395319
vt 0.875000 0.395319
vt 0.937500 0.395319
vt 1.000000 0.395319
vt 0.000000 0.427950
vt 0.062500 0.427950
vt 0.125000 0.427950
vt 0.187500 0.427950
vt 0.250000 0.427950
vt 0.312500 0.427950
vt 0.375000 0.427950
vt 0.437500 0.427950
vt 0.500000 0.427950
vt 0.562500 0.427950
vt 0.625000 0.427950
vt 0.687500 0.427950
vt 0.750000 0.427950
vt 0.812500 0.427950
vt 0.875000 0.427950
vt 0.937500 0.427950
vt 1.000000 0.427950
vt 0.000000 0.442137
vt 0.062500 0.442137
vt 0.125000 0.442137
vt 0.187500 0.442137
vt 0.250000 0.442137
vt 0.312500 0.442137
vt 0.375000 0.442137
vt 0.437500 0.442137
vt 0.500000 0.442137
vt 0.562500 0.442137
vt 0.625000 0.442137
vt 0.687500 0.442137
vt 0.750000 0.442137
vt 0.812500 0.442137
vt 0.875000 0.442137
vt 0.937500 0.442137
vt 1.000000 0.442137
vt 0.000000 0.472436
vt 0.062500 0.472436
vt 0.125000 0.472436
vt 0.187500 0.472436
vt 0.250000 0.472436
vt 0.312500 0.472436
vt 0.375000 0.472436
vt 0.437500 0.472436
vt 0.500000 0.472436
vt 0.562500 0.472436
vt 0.625000 0.472436
vt 0.687500 0.472436
vt 0.750000 0.472436
vt 0.812500 0.472436
vt 0.875000 0.472436
vt 0.937500 0.472436
vt 1.000000 0.472436
vt 0.000000 0.500991
vt 0.062500 0.500991
vt 0.125000 0.500991
vt 0.187500 0.500991
vt 0.250000 0.500991
vt 0.312500 0.500991
vt 0.375000 0.500991
vt 0.437500 0.500991
vt 0.500000 0.500991
vt 0.562500 0.500991
vt 0.625000 0.500991
vt 0.687500 0.500991
vt 0.750000 0.500991
vt 0.812500 0.500991
vt 0.875000 0.500991
vt 0.937500 0.500991
vt 1.000000 0.500991
vt 0.000000 0.533621
vt 0.062500 0.533621
vt 0.125000 0.533621
vt 0.187500 0.533621
vt 0.250000 0.533621
vt 0.312500 0.533621
vt 0.375000 0.533621
vt 0.437500 0.533621
vt 0.500000 0.533621
vt 0.562500 0.533621
vt 0.625000 0.533621
vt 0.687500 0.533621
vt 0.750000 0.533621
vt 0.812500 0.533621
vt 0.875000 0.533621
vt 0.937500 0.533621
vt 1.000000 0.533621
vt 0.000000 0.547809
vt 0.062500 0.547809
vt 0.125000 0.547809
vt 0.187500 0.547809
vt 0.250000 0.547809
vt 0.312500 0.547809
vt 0.375000 0.547809
vt 0.437500 0.547809
vt 0.500000 0.547809
vt 0.562500 0.547809
vt 0.625000 0.547809
vt 0.687500 0.547809
vt 0.750000 0.547809
vt 0.812500 0.547809
vt 0.875000 0.547809
vt 0.937500 0.547809
vt 1.000000 0.547809
vt 0.000000 0.578108
vt 0.062500 0.578108
vt 0.125000 0.578108
vt 0.187500 0.578108
vt 0.250000 0.578108
vt 0.312500 0.578108
vt 0.375000 0.578108
vt 0.437500 0.578108
vt 0.500000 0.578108
vt 0.562500 0.578108
vt 0.625000 0.578108
vt 0.687500 0.578108
vt 0.750000 0.578108
vt 0.812500 0.578108
vt 0.875000 0.578108
vt 0.937500 0.578108
vt 1.000000 0.578108
vt 0.000000 0.606663
vt 0.062500 0.606663
vt 0.125000 0.606663
vt 0.187500 0.606663
vt 0.250000 0.606663
vt 0.312500 0.606663
vt 0.375000 0.606663
vt 0.437500 0.606663
vt 0.500000 0.606663
vt 0.562500 0.606663
vt 0.625000 0.606663
vt 0.687500 0.606663
vt 0.750000 0.606663
vt 0.812500 0.606663
vt 0.875000 0.606663
vt 0.937500 0.606663
vt 1.000000 0.606663
vt 0.000000 0.639293
vt 0.062500 0.639293
vt 0.125000 0.639293
vt 0.187500 0.639293
vt 0.250000 0.639293
vt 0.312500 0.639293
vt 0.375000 0.639293
vt 0.437500 0.639293
vt 0.500000 0.639293
vt 0.562500 0.639293
vt 0.625000 0.639293
vt 0.687500 0.639293
vt 0.750000 0.639293
vt 0.812500 0.639293
vt 0.875000 0.639293
vt 0.937500 0.639293
vt 1.000000 0.639293
vt 0.000000 0.653480
vt 0.062500 0.653480
vt 0.125000 0.653480
vt 0.187500 0.653480
vt 0.250000 0.653480
vt 0.312500 0.653480
vt 0.375000 0.653480
vt 0.437500 0.653480
vt 0.500000 0.653480
vt 0.562500 0.653480
vt 0.625000 0.653480
vt 0.687500 0.653480
vt 0.750000 0.653480
vt 0.812500 0.653480
vt 0.875000 0.653480
vt 0.937500 0.653480
vt 1.000000 0.653480
vt 0.000000 0.683779
vt 0.062500 0.683779
vt 0.125000 0.683779
vt 0.187500 0.683779
vt 0.250000 0.683779
vt 0.312500 0.683779
vt 0.375000 0.683779
vt 0.437500 0.683779
vt 0.500000 0.683779
vt 0.562500 0.683779
vt 0.625000 0.683779
vt 0.687500 0.683779
vt 0.750000 0.683779
vt 0.812500 0.683779
vt 0.875000 0.683779
vt 0.937500 0.683779
vt 1.000000 0.683779
vt 0.000000 0.712334
vt 0.062500 0.712334
vt 0.125000 0.712334
vt 0.187500 0.712334
vt 0.250000 0.712334
vt 0.312500 0.712334
vt 0.375000 0.712334
vt 0.437500 0.712334
vt 0.500000 0.712334
vt 0.562500 0.712334
vt 0.625000 0.712334
vt 0.687500 0.712334
vt 0.750000 0.712334
vt 0.812500 0.712334
vt 0.875000 0.712334
vt 0.937500 0.712334
vt 1.000000 0.712334
vt 0.000000 0.744965
vt 0.062500 0.744965
vt 0.125000 0.744965
vt 0.187500 0.744965
vt 0.250000 0.744965
vt 0.312500 0.744965
vt 0.375000 0.744965
vt 0.437500 0.744965
vt 0.500000 0.744965
vt 0.562500 0.744965
vt 0.625000 0.744965
vt 0.687500 0.744965
vt 0.750000 0.744965
vt 0.812500 0.744965
vt 0.875000 0.744965
vt 0.937500 0.744965
vt 1.000000 0.744965
vt 0.000000 0.759152
vt 0.062500 0.759152
vt 0.125000 0.759152
vt 0.187500 0.759152
vt 0.250000 0.759152
vt 0.312500 0.759152
vt 0.375000 0.759152
vt 0.437500 0.759152
vt 0.500000 0.759152
vt 0.562500 0.759152
vt 0.625000 0.759152
vt 0.687500 0.759152
vt 0.750000 0.759152
vt 0.812500 0.759152
vt 0.875000 0.759152
vt 0.937500 0.759152
vt 1.000000 0.759152
vt 0.000000 0.789451
vt 0.062500 0.789451
vt 0.125000 0.789451
vt 0.187500 0.789451
vt 0.250000 0.789451
vt 0.312500 0.789451
vt 0.375000 0.789451
vt 0.437500 0.789451
vt 0.500000 0.789451
vt 0.562500 0.789451
vt 0.625000 0.789451
vt 0.687500 0.789451
vt 0.750000 0.789451
vt 0.812500 0.789451
vt 0.875000 0.789451
vt 0.937500 0.789451
vt 1.000000 0.789451
vt 0.000000 0.818006
vt 0.062500 0.818006
vt 0.125000 0.818006
vt 0.187500 0.818006
vt 0.250000 0.818006
vt 0.312500 0.818006
vt 0.375000 0.818006
vt 0.437500 0.818006
vt 0.500000 0.818006
vt 0.562500 0.818006
vt 0.625000 0.818006
vt 0.687500 0.818006
vt 0.750000 0.818006
vt 0.812500 0.818006
vt 0.875000 0.818006
vt 0.937500 0.818006
vt 1.000000 0.818006
vt 0.000000 0.850637
vt 0.062500 0.850637
vt 0.125000 0.850637
vt 0.187500 0.850637
vt 0.250000 0.850637
vt 0.312500 0.850637
vt 0.375000 0.850637
vt 0.437500 0.850637
vt 0.500000 0.850637
vt 0.562500 0.850637
vt 0.625000 0.850637
vt 0.687500 0.850637
vt 0.750000 0.850637
vt 0.812500 0.850637
vt 0.875000 0.850637
vt 0.937500 0.850637
vt 1.000000 0.850637
vt 0.000000 0.864824
vt 0.062500 0.864824
vt 0.125000 0.864824
vt 0.187500 0.864824
vt 0.250000 0.864824
vt 0.312500 0.864824
vt 0.375000 0.864824
vt 0.437500 0.864824
vt 0.500000 0.864824
vt 0.562500 0.864824
vt 0.625000 0.864824
vt 0.687500 0.864824
vt 0.750000 0.864824
vt 0.812500 0.864824
vt 0.875000 0.864824
vt 0.937500 0.864824
vt 1.000000 0.864824
vt 0.000000 0.895123
vt 0.062500 0.895123
vt 0.125000 0.895123
vt 0.187500 0.895123
vt 0.250000 0.895123
vt 0.312500 0.895123
vt 0.375000 0.895123
vt 0.437500 0.895123
vt 0.500000 0.895123
vt 0.562500 0.895123
vt 0.625000 0.895123
vt 0.687500 0.895123
vt 0.750000 0.895123
vt 0.812500 0.895123
vt 0.875000 0.895123
vt 0.937500 0.895123
vt 1.000000 0.895123
vt 0.000000 0.923678
vt 0.062500 0.923678
vt 0.125000 0.923678
vt 0.187500 0.923678
vt 0.250000 0.923678
vt 0.312500 0.923678
vt 0.375000 0.923678
vt 0.437500 0.923678
vt 0.500000 0.923678
vt 0.562500 0.923678
vt 0.625000 0.923678
vt 0.687500 0.923678
vt 0.750000 0.923678
vt 0.812500 0.923678
vt 0.875000 0.923678
vt 0.937500 0.923678
vt 1.000000 0.923678
vt 0.000000 0.956308
vt 0.062500 0.956308
vt 0.125000 0.956308
vt 0.187500 0.956308
vt 0.250000 0.956308
vt 0.312500 0.956308
vt 0.375000 0.956308
vt 0.437500 0.956308
vt 0.500000 0.956308
vt 0.562500 0.956308
vt 0.625000 0.956308
vt 0.687500 0.956308
vt 0.750000 0.956308
vt 0.812500 0.956308
vt 0.875000 0.956308
vt 0.937500 0.956308
vt 1.000000 0.956308
vt 0.000000 0.965196
vt 0.062500 0.965196
vt 0.125000 0.965196
vt 0.187500 0.965196
vt 0.250000 0.965196
vt 0.312500 0.965196
vt 0.375000 0.965196
vt 0.437500 0.965196
vt 0.500000 0.965196
vt 0.562500 0.965196
vt 0.625000 0.965196
vt 0.687500 0.965196
vt 0.750000 0.965196
vt 0.812500 0.965196
vt 0.875000 0.965196
vt 0.937500 0.965196
vt 1.000000 0.965196
vt 0.000000 0.150000
vt 0.150000 0.150000
vt 0.000000 0.052889
vt 0.062500 0.052889
vt 0.125000 0.052889
vt 0.187500 0.052889
vt 0.250000 0.052889
vt 0.312500 0.052889
vt 0.375000 0.052889
vt 0.437500 0.052889
vt 0.500000 0.052889
vt 0.562500 0.052889
vt 0.625000 0.052889
vt 0.687500 0.052889
vt 0.750000 0.052889
vt 0.812500 0.052889
vt 0.875000 0.052889
vt 0.937500 0.052889
vt 1.000000 0.052889
vt 0.000000 0.112569
vt 0.062500 0.112569
vt 0.125000 0.112569
vt 0.187500 0.112569
vt 0.250000 0.112569
vt 0.312500 0.112569
vt 0.375000 0.112569
vt 0.437500 0.112569
vt 0.500000 0.112569
vt 0.562500 0.112569
vt 0.625000 0.112569
vt 0.687500 0.112569
vt 0.750000 0.112569
vt 0.812500 0.112569
vt 0.875000 0.112569
vt 0.937500 0.112569
vt 1.000000 0.112569
vt 0.000000 0.167325
vt 0.062500 0.167325
vt 0.125000 0.167325
vt 0.187500 0.167325
vt 0.250000 0.167325
vt 0.312500 0.167325
vt 0.375000 0.167325
vt 0.437500 0.167325
vt 0.500000 0.167325
vt 0.562500 0.167325
vt 0.625000 0.167325
vt 0.687500 0.167325
vt 0.750000 0.167325
vt 0.812500 0.167325
vt 0.875000 0.167325
vt 0.937500 0.167325
vt 1.000000 0.167325
vt 0.000000 0.243787
vt 0.062500 0.243787
vt 0.125000 0.243787
vt 0.187500 0.243787
vt 0.250000 0.243787
vt 0.312500 0.243787
vt 0.375000 0.243787
vt 0.437500 0.243787
vt 0.500000 0.243787
vt 0.562500 0.243787
vt 0.625000 0.243787
vt 0.687500 0.243787
vt 0.750000 0.243787
vt 0.812500 0.243787
vt 0.875000 0.243787
vt 0.937500 0.243787
vt 1.000000 0.243787
vt 0.000000 0.277031
vt 0.062500 0.277031
vt 0.125000 0.277031
vt 0.187500 0.277031
vt 0.250000 0.277031
vt 0.312500 0.277031
vt 0.375000 0.277031
vt 0.437500 0.277031
vt 0.500000 0.277031
vt 0.562500 0.277031
vt 0.625000 0.277031
vt 0.687500 0.277031
vt 0.750000 0.277031
vt 0.812500 0.277031
vt 0.875000 0.277031
vt 0.937500 0.277031
vt 1.000000 0.277031
vt 0.000000 0.336712
vt 0.062500 0.336712
vt 0.125000 0.336712
vt 0.187500 0.336712
vt 0.250000 0.336712
vt 0.312500 0.336712
vt 0.375000 0.336712
vt 0.437500 0.336712
vt 0.500000 0.336712
vt 0.562500 0.336712
vt 0.625000 0.336712
vt 0.687500 0.336712
vt 0.750000 0.336712
vt 0.812500 0.336712
vt 0.875000 0.336712
vt 0.937500 0.336712
vt 1.000000 0.336712
vt 0.000000 0.391467
vt 0.062500 0.391467
vt 0.125000 0.391467
vt 0.187500 0.391467
vt 0.250000 0.391467
vt 0.312500 0.391467
vt 0.375000 0.391467
vt 0.437500 0.391467
vt 0.500000 0.391467
vt 0.562500 0.391467
vt 0.625000 0.391467
vt 0.687500 0.391467
vt 0.750000 0.391467
vt 0.812500 0.391467
vt 0.875000 0.391467
vt 0.937500 0.391467
vt 1.000000 0.391467
vt 0.000000 0.467929
vt 0.062500 0.467929
vt 0.125000 0.467929
vt 0.187500 0.467929
vt 0.250000 0.467929
vt 0.312500 0.467929
vt 0.375000 0.467929
vt 0.437500 0.467929
vt 0.500000 0.467929
vt 0.562500 0.467929
vt 0.625000 0.467929
vt 0.687500 0.467929
vt 0.750000 0.467929
vt 0.812500 0.467929
vt 0.875000 0.467929
vt 0.937500 0.467929
vt 1.000000 0.467929
vt 0.000000 0.501173
vt 0.062500 0.501173
vt 0.125000 0.501173
vt 0.187500 0.501173
vt 0.250000 0.501173
vt 0.312500 0.501173
vt 0.375000 0.501173
vt 0.437500 0.501173
vt 0.500000 0.501173
vt 0.562500 0.501173
vt 0.625000 0.501173
vt 0.687500 0.501173
vt 0.750000 0.501173
vt 0.812500 0.501173
vt 0.875000 0.501173
vt 0.937500 0.501173
vt 1.000000 0.501173
vt 0.000000 0.560854
vt 0.062500 0.560854
vt 0.125000 0.560854
vt 0.187500 0.560854
vt 0.250000 0.560854
vt 0.312500 0.560854
vt 0.375000 0.560854
vt 0.437500 0.560854
vt 0.500000 0.560854
vt 0.562500 0.560854
vt 0.625000 0.560854
vt 0.687500 0.560854
vt 0.750000 0.560854
vt 0.812500 0.560854
vt 0.875000 0.560854
vt 0.937500 0.560854
vt 1.000000 0.560854
vt 0.000000 0.615609
vt 0.062500 0.615609
vt 0.125000 0.615609
vt 0.187500 0.615609
vt 0.250000 0.615609
vt 0.312500 0.615609
vt 0.375000 0.615609
vt 0.437500 0.615609
vt 0.500000 0.615609
vt 0.562500 0.615609
vt 0.625000 0.615609
vt 0.687500 0.615609
vt 0.750000 0.615609
vt 0.812500 0.615609
vt 0.875000 0.615609
vt 0.937500 0.615609
vt 1.000000 0.615609
vt 0.000000 0.692071
vt 0.062500 0.692071
vt 0.125000 0.692071
vt 0.187500 0.692071
vt 0.250000 0.692071
vt 0.312500 0.692071
vt 0.375000 0.692071
vt 0.437500 0.692071
vt 0.500000 0.692071
vt 0.562500 0.692071
vt 0.625000 0.692071
vt 0.687500 0.692071
vt 0.750000 0.692071
vt 0.812500 0.692071
vt 0.875000 0.692071
vt 0.937500 0.692071
vt 1.000000 0.692071
vt 0.000000 0.725315
vt 0.062500 0.725315
vt 0.125000 0.725315
vt 0.187500 0.725315
vt 0.250000 0.725315
vt 0.312500 0.725315
vt 0.375000 0.725315
vt 0.437500 0.725315
vt 0.500000 0.725315
vt 0.562500 0.725315
vt 0.625000 0.725315
vt 0.687500 0.725315
vt 0.750000 0.725315
vt 0.812500 0.725315
vt 0.875000 0.725315
vt 0.937500 0.725315
vt 1.000000 0.725315
vt 0.000000 0.784996
vt 0.062500 0.784996
vt 0.125000 0.784996
vt 0.187500 0.784996
vt 0.250000 0.784996
vt 0.312500 0.784996
vt 0.375000 0.784996
vt 0.437500 0.784996
vt 0.500000 0.784996
vt 0.562500 0.784996
vt 0.625000 0.784996
vt 0.687500 0.784996
vt 0.750000 0.784996
vt 0.812500 0.784996
vt 0.875000 0.784996
vt 0.937500 0.784996
vt 1.000000 0.784996
vt 0.000000 0.839751
vt 0.062500 0.839751
vt 0.125000 0.839751
vt 0.187500 0.839751
vt 0.250000 0.839751
vt 0.312500 0.839751
vt 0.375000 0.839751
vt 0.437500 0.839751
vt 0.500000 0.839751
vt 0.562500 0.839751
vt 0.625000 0.839751
vt 0.687500 0.839751
vt 0.750000 0.839751
vt 0.812500 0.839751
vt 0.875000 0.839751
vt 0.937500 0.839751
vt 1.000000 0.839751
vt 0.000000 0.916213
vt 0.062500 0.916213
vt 0.125000 0.916213
vt 0.187500 0.916213
vt 0.250000 0.916213
vt 0.312500 0.916213
vt 0.375000 0.916213
vt 0.437500 0.916213
vt 0.500000 0.916213
vt 0.562500 0.916213
vt 0.625000 0.916213
vt 0.687500 0.916213
vt 0.750000 0.916213
vt 0.812500 0.916213
vt 0.875000 0.916213
vt 0.937500 0.916213
vt 1.000000 0.916213
vt 0.000000 0.935567
vt 0.062500 0.935567
vt 0.125000 0.935567
vt 0.187500 0.935567
vt 0.250000 0.935567
vt 0.312500 0.935567
vt 0.375000 0.935567
vt 0.437500 0.935567
vt 0.500000 0.935567
vt 0.562500 0.935567
vt 0.625000 0.935567
vt 0.687500 0.935567
vt 0.750000 0.935567
vt 0.812500 0.935567
vt 0.875000 0.935567
vt 0.937500 0.935567
vt 1.000000 0.935567
vt 0.000000 0.100000
vt 0.006250 0.100000
vt 0.006250 0.000000
vt 0.012500 0.100000
vt 0.018750 0.100000
vt 0.018750 0.000000
vt 0.025000 0.100000
vt 0.031250 0.100000
vt 0.031250 0.000000
vt 0.037500 0.100000
vt 0.043750 0.100000
vt 0.043750 0.000000
vt 0.050000 0.100000
vt 0.056250 0.100000
vt 0.056250 0.000000
vt 0.062500 0.100000
vt 0.068750 0.100000
vt 0.068750 0.000000
vt 0.075000 0.100000
vt 0.081250 0.100000
vt 0.081250 0.000000
vt 0.087500 0.100000
vt 0.093750 0.100000
vt 0.093750 0.000000
vt 0.100000 0.100000
vt 0.166667 0.000000
vt 0.166667 0.062500
vt 0.000000 0.062500
vt 0.333333 0.000000
vt 0.333333 0.062500
vt 0.500000 0.062500
vt 0.666667 0.000000
vt 0.666667 0.062500
vt 0.833333 0.000000
vt 0.833333 0.062500
vt 1.000000 0.062500
vt 0.166667 0.125000
vt 0.000000 0.125000
vt 0.333333 0.125000
vt 0.500000 0.125000
vt 0.666667 0.125000
vt 0.833333 0.125000
vt 1.000000 0.125000
vt 0.166667 0.187500
vt 0.000000 0.187500
vt 0.333333 0.187500
vt 0.500000 0.187500
vt 0.666667 0.187500
vt 0.833333 0.187500
vt 1.000000 0.187500
vt 0.166667 0.250000
vt 0.000000 0.250000
vt 0.333333 0.250000
vt 0.500000 0.250000
vt 0.666667 0.250000
vt 0.833333 0.250000
vt 1.000000 0.250000
vt 0.166667 0.312500
vt 0.000000 0.312500
vt 0.333333 0.312500
vt 0.500000 0.312500
vt 0.666667 0.312500
vt 0.833333 0.312500
vt 1.000000 0.312500
vt 0.166667 0.375000
vt 0.000000 0.375000
vt 0.333333 0.375000
vt 0.500000 0.375000
vt 0.666667 0.375000
vt 0.833333 0.375000
vt 1.000000 0.375000
vt 0.166667 0.437500
vt 0.000000 0.437500
vt 0.333333 0.437500
vt 0.500000 0.437500
vt 0.666667 0.437500
vt 0.833333 0.437500
vt 1.000000 0.437500
vt 0.166667 0.500000
vt 0.333333 0.500000
vt 0.666667 0.500000
vt 0.833333 0.500000
vt 0.166667 0.562500
vt 0.000000 0.562500
vt 0.333333 0.562500
vt 0.500000 0.562500
vt 0.666667 0.562500
vt 0.833333 0.562500
vt 1.000000 0.562500
vt 0.166667 0.625000
vt 0.000000 0.625000
vt 0.333333 0.625000
vt 0.500000 0.625000
vt 0.666667 0.625000
vt 0.833333 0.625000
vt 1.000000 0.625000
vt 0.166667 0.687500
vt 0.000000 0.687500
vt 0.333333 0.687500
vt 0.500000 0.687500
vt 0.666667 0.687500
vt 0.833333 0.687500
vt 1.000000 0.687500
vt 0.166667 0.750000
vt 0.000000 0.750000
vt 0.333333 0.750000
vt 0.500000 0.750000
vt 0.666667 0.750000
vt 0.833333 0.750000
vt 1.000000 0.750000
vt 0.166667 0.812500
vt 0.000000 0.812500
vt 0.333333 0.812500
vt 0.500000 0.812500
vt 0.666667 0.812500
vt 0.833333 0.812500
vt 1.000000 0.812500
vt 0.166667 0.875000
vt 0.000000 0.875000
vt 0.333333 0.875000
vt 0.500000 0.875000
vt 0.666667 0.875000
vt 0.833333 0.875000
vt 1.000000 0.875000
vt 0.166667 0.937500
vt 0.000000 0.937500
vt 0.333333 0.937500
vt 0.500000 0.937500
vt 0.666667 0.937500
vt 0.833333 0.937500
vt 1.000000 0.937500
vt 0.166667 1.000000
vt 0.333333 1.000000
vt 0.666667 1.000000
vt 0.833333 1.000000
o bund
usemtl concrete
f 1/1/1 2/2/1 3/3/1 4/4/1
f 8/2/3 7/1/3 2/4/3 1/3/3
f 6/2/4 5/1/4 4/4/4 3/3/4
f 5/2/5 8/1/5 1/4/5 4/3/5
f 7/2/6 6/1/6 3/4/6 2/3/6
f 8/5/1 7/6/1 9/7/1 10/4/1
f 11/4/2 12/7/2 13/6/2 14/5/2
f 14/6/3 13/5/3 7/4/3 8/7/3
f 12/6/4 11/5/4 10/4/4 9/7/4
f 11/6/5 14/5/5 8/4/5 10/7/5
f 13/6/6 12/5/6 9/4/6 7/7/6
f 15/5/1 7/6/1 6/7/1 16/4/1
f 17/4/2 18/7/2 13/6/2 19/5/2
f 19/6/3 13/5/3 7/4/3 15/7/3
f 18/6/4 17/5/4 16/4/4 6/7/4
f 17/6/5 19/5/5 15/4/5 16/7/5
f 13/6/6 18/5/6 6/4/6 7/7/6
f 20/5/1 21/6/1 6/7/1 5/4/1
f 22/4/2 18/7/2 23/6/2 24/5/2
f 24/6/3 23/5/3 21/4/3 20/7/3
f 18/6/4 22/5/4 5/4/4 6/7/4
f 22/6/5 24/5/5 20/4/5 5/7/5
f 23/6/6 18/5/6 6/4/6 21/7/6
f 8/5/1 25/6/1 26/7/1 5/4/1
f 22/4/2 27/7/2 28/6/2 14/5/2
f 14/6/3 28/5/3 25/4/3 8/7/3
f 27/6/4 22/5/4 5/4/4 26/7/4
f 22/6/5 14/5/5 8/4/5 5/7/5
f 28/6/6 27/5/6 26/4/6 25/7/6
usemtl gravel
f 5/4/2 6/3/2 7/2/2 8/1/2
o rails
usemtl steel
f 29/8/1 30/9/1 31/10/1 32/4/1
f 33/4/2 34/10/2 35/9/2 36/8/2
f 36/9/3 35/8/3 30/4/3 29/10/3
f 34/9/4 33/8/4 32/4/4 31/10/4
f 33/9/5 36/8/5 29/4/5 32/10/5
f 35/9/6 34/8/6 31/4/6 30/10/6
f 37/8/1 38/9/1 39/10/1 40/4/1
f 41/4/2 42/10/2 43/9/2 44/8/2
f 44/9/3 43/8/3 38/4/3 37/10/3
f 42/9/4 41/8/4 40/4/4 39/10/4
f 41/9/5 44/8/5 37/4/5 40/10/5
f 43/9/6 42/8/6 39/4/6 38/10/6
o tank
usemtl tank
f 45/8/1 46/9/1 47/10/1 48/4/1
f 52/9/3 51/8/3 46/4/3 45/10/3
f 50/9/4 49/8/4 48/4/4 47/10/4
f 49/9/5 52/8/5 45/4/5 48/10/5
f 51/9/6 50/8/6 47/4/6 46/10/6
usemtl tank_top
f 49/4/2 50/10/2 51/9/2 52/8/2
usemtl steel
f 53/11/1 54/12/1 55/13/1 56/4/1
f 57/4/2 58/13/2 59/12/2 60/11/2
f 60/12/3 59/11/3 54/4/3 53/13/3
f 58/12/4 57/11/4 56/4/4 55/13/4
f 57/12/5 60/11/5 53/4/5 56/13/5
f 59/12/6 58/11/6 55/4/6 54/13/6
f 61/11/1 62/12/1 63/13/1 64/4/1
f 65/4/2 66/13/2 67/12/2 68/11/2
f 68/12/3 67/11/3 62/4/3 61/13/3
f 66/12/4 65/11/4 64/4/4 63/13/4
f 65/12/5 68/11/5 61/4/5 64/13/5
f 67/12/6 66/11/6 63/4/6 62/13/6
f 69/11/1 70/12/1 71/13/1 72/4/1
f 73/4/2 74/13/2 75/12/2 76/11/2
f 76/12/3 75/11/3 70/4/3 69/13/3
f 74/12/4 73/11/4 72/4/4 71/13/4
f 73/12/5 76/11/5 69/4/5 72/13/5
f 75/12/6 74/11/6 71/4/6 70/13/6
f 77/11/1 78/12/1 79/13/1 80/4/1
f 81/4/2 82/13/2 83/12/2 84/11/2
f 84/12/3 83/11/3 78/4/3 77/13/3
f 82/12/4 81/11/4 80/4/4 79/13/4
f 81/12/5 84/11/5 77/4/5 80/13/5
f 83/12/6 82/11/6 79/4/6 78/13/6
f 85/11/1 86/12/1 87/13/1 88/4/1
f 89/4/2 90/13/2 91/12/2 92/11/2
f 92/12/3 91/11/3 86/4/3 85/13/3
f 90/12/4 89/11/4 88/4/4 87/13/4
f 89/12/5 92/11/5 85/4/5 88/13/5
f 91/12/6 90/11/6 87/4/6 86/13/6
f 93/11/1 94/12/1 95/13/1 96/4/1
f 97/4/2 98/13/2 99/12/2 100/11/2
f 100/12/3 99/11/3 94/4/3 93/13/3
f 98/12/4 97/11/4 96/4/4 95/13/4
f 97/12/5 100/11/5 93/4/5 96/13/5
f 99/12/6 98/11/6 95/4/6 94/13/6
f 101/11/1 102/12/1 103/13/1 104/4/1
f 105/4/2 106/13/2 107/12/2 108/11/2
f 108/12/3 107/11/3 102/4/3 101/13/3
f 106/12/4 105/11/4 104/4/4 103/13/4
f 105/12/5 108/11/5 101/4/5 104/13/5
f 107/12/6 106/11/6 103/4/6 102/13/6
f 109/11/1 110/12/1 111/13/1 112/4/1
f 113/4/2 114/13/2 115/12/2 116/11/2
f 116/12/3 115/11/3 110/4/3 109/13/3
f 114/12/4 113/11/4 112/4/4 111/13/4
f 113/12/5 116/11/5 109/4/5 112/13/5
f 115/12/6 114/11/6 111/4/6 110/13/6
f 117/11/1 118/12/1 119/13/1 120/4/1
f 121/4/2 122/13/2 123/12/2 124/11/2
f 124/12/3 123/11/3 118/4/3 117/13/3
f 122/12/4 121/11/4 120/4/4 119/13/4
f 121/12/5 124/11/5 117/4/5 120/13/5
f 123/12/6 122/11/6 119/4/6 118/13/6
f 125/11/1 126/12/1 127/13/1 128/4/1
f 129/4/2 130/13/2 131/12/2 132/11/2
f 132/12/3 131/11/3 126/4/3 125/13/3
f 130/12/4 129/11/4 128/4/4 127/13/4
f 129/12/5 132/11/5 125/4/5 128/13/5
f 131/12/6 130/11/6 127/4/6 126/13/6
o cover
usemtl tank
f 133/14/1 134/15/1 135/16/1 136/4/1
f 140/15/3 139/14/3 134/4/3 133/16/3
f 138/15/4 137/14/4 136/4/4 135/16/4
f 137/15/5 140/14/5 133/4/5 136/16/5
f 139/15/6 138/14/6 135/4/6 134/16/6
usemtl tank_top
f 137/4/2 138/16/2 139/15/2 140/14/2
usemtl steel
f 141/17/7 142/18/7 143/19/7 144/4/7
f 142/18/4 145/20/4 146/21/4 143/19/4
f 145/20/8 147/22/8 148/23/8 146/21/8
f 147/22/9 149/24/9 150/25/9 148/23/9
f 149/24/3 151/26/3 152/27/3 150/25/3
f 151/26/10 141/28/10 144/29/10 152/27/10
f 153/17/11 154/30/11 155/31/11 156/4/11
f 154/30/12 157/32/12 158/33/12 155/31/12
f 157/32/13 159/34/13 160/35/13 158/33/13
f 159/34/14 161/36/14 162/37/14 160/35/14
f 161/36/15 163/38/15 164/39/15 162/37/15
f 163/38/16 165/40/16 166/41/16 164/39/16
f 165/40/17 167/42/17 168/43/17 166/41/17
f 167/42/18 169/22/18 170/23/18 168/43/18
f 169/22/19 171/44/19 172/45/19 170/23/19
f 171/44/20 173/46/20 174/47/20 172/45/20
f 173/46/21 175/48/21 176/49/21 174/47/21
f 175/48/22 177/50/22 178/51/22 176/49/22
f 177/50/23 179/52/23 180/53/23 178/51/23
f 179/52/24 181/54/24 182/55/24 180/53/24
f 181/54/25 183/56/25 184/57/25 182/55/25
f 183/56/26 153/28/26 156/29/26 184/57/26
f 178/7/1 180/58/1 182/59/1 184/60/1
f 174/61/1 176/62/1 178/7/1 184/60/1
f 170/5/1 172/63/1 174/61/1 184/60/1
f 166/64/1 168/65/1 170/5/1 184/60/1
f 162/66/1 164/67/1 166/64/1 184/60/1
f 158/68/1 160/69/1 162/66/1 184/60/1
f 156/70/1 155/71/1 158/68/1 184/60/1
f 159/69/2 157/68/2 154/71/2 153/70/2
f 163/67/2 161/66/2 159/69/2 153/70/2
f 167/65/2 165/64/2 163/67/2 153/70/2
f 171/63/2 169/5/2 167/65/2 153/70/2
f 175/62/2 173/61/2 171/63/2 153/70/2
f 179/58/2 177/7/2 175/62/2 153/70/2
f 183/60/2 181/59/2 179/58/2 153/70/2
f 185/17/27 186/18/27 187/19/27 188/4/27
f 186/18/28 189/20/28 190/21/28 187/19/28
f 189/20/5 191/22/5 192/23/5 190/21/5
f 191/22/29 193/24/29 194/25/29 192/23/29
f 193/24/30 195/26/30 196/27/30 194/25/30
f 195/26/6 185/28/6 188/29/6 196/27/6
f 190/72/1 192/73/1 194/7/1 196/74/1
f 188/75/1 187/66/1 190/72/1 196/74/1
f 191/73/2 189/72/2 186/66/2 185/75/2
f 195/74/2 193/7/2 191/73/2 185/75/2
f 197/17/7 198/18/7 199/19/7 200/4/7
f 198/18/4 201/20/4 202/21/4 199/19/4
f 201/20/8 203/22/8 204/23/8 202/21/8
f 203/22/9 205/24/9 206/25/9 204/23/9
f 205/24/3 207/26/3 208/27/3 206/25/3
f 207/26/10 197/28/10 200/29/10 208/27/10
f 209/17/11 210/30/11 211/31/11 212/4/11
f 210/30/12 213/32/12 214/33/12 211/31/12
f 213/32/13 215/34/13 216/35/13 214/33/13
f 215/34/14 217/36/14 218/37/14 216/35/14
f 217/36/15 219/38/15 220/39/15 218/37/15
f 219/38/16 221/40/16 222/41/16 220/39/16
f 221/40/17 223/42/17 224/43/17 222/41/17
f 223/42/18 225/22/18 226/23/18 224/43/18
f 225/22/19 227/44/19 228/45/19 226/23/19
f 227/44/20 229/46/20 230/47/20 228/45/20
f 229/46/21 231/48/21 232/49/21 230/47/21
f 231/48/22 233/50/22 234/51/22 232/49/22
f 233/50/23 235/52/23 236/53/23 234/51/23
f 235/52/24 237/54/24 238/55/24 236/53/24
f 237/54/25 239/56/25 240/57/25 238/55/25
f 239/56/26 209/28/26 212/29/26 240/57/26
f 234/7/1 236/58/1 238/59/1 240/60/1
f 230/61/1 232/62/1 234/7/1 240/60/1
f 226/5/1 228/63/1 230/61/1 240/60/1
f 222/64/1 224/65/1 226/5/1 240/60/1
f 218/66/1 220/67/1 222/64/1 240/60/1
f 214/68/1 216/69/1 218/66/1 240/60/1
f 212/70/1 211/71/1 214/68/1 240/60/1
f 215/69/2 213/68/2 210/71/2 209/70/2
f 219/67/2 217/66/2 215/69/2 209/70/2
f 223/65/2 221/64/2 219/67/2 209/70/2
f 227/63/2 225/5/2 223/65/2 209/70/2
f 231/62/2 229/61/2 227/63/2 209/70/2
f 235/58/2 233/7/2 231/62/2 209/70/2
f 239/60/2 237/59/2 235/58/2 209/70/2
f 241/17/27 242/18/27 243/19/27 244/4/27
f 242/18/28 245/20/28 246/21/28 243/19/28
f 245/20/5 247/22/5 248/23/5 246/21/5
f 247/22/29 249/24/29 250/25/29 248/23/29
f 249/24/30 251/26/30 252/27/30 250/25/30
f 251/26/6 241/28/6 244/29/6 252/27/6
f 246/72/1 248/73/1 250/7/1 252/74/1
f 244/75/1 243/66/1 246/72/1 252/74/1
f 247/73/2 245/72/2 242/66/2 241/75/2
f 251/74/2 249/7/2 247/73/2 241/75/2
f 253/17/7 254/18/7 255/19/7 256/4/7
f 254/18/4 257/20/4 258/21/4 255/19/4
f 257/20/8 259/22/8 260/23/8 258/21/8
f 259/22/9 261/24/9 262/25/9 260/23/9
f 261/24/3 263/26/3 264/27/3 262/25/3
f 263/26/10 253/28/10 256/29/10 264/27/10
f 265/17/11 266/30/11 267/31/11 268/4/11
f 266/30/12 269/32/12 270/33/12 267/31/12
f 269/32/13 271/34/13 272/35/13 270/33/13
f 271/34/14 273/36/14 274/37/14 272/35/14
f 273/36/15 275/38/15 276/39/15 274/37/15
f 275/38/16 277/40/16 278/41/16 276/39/16
f 277/40/17 279/42/17 280/43/17 278/41/17
f 279/42/18 281/22/18 282/23/18 280/43/18
f 281/22/19 283/44/19 284/45/19 282/23/19
f 283/44/20 285/46/20 286/47/20 284/45/20
f 285/46/21 287/48/21 288/49/21 286/47/21
f 287/48/22 289/50/22 290/51/22 288/49/22
f 289/50/23 291/52/23 292/53/23 290/51/23
f 291/52/24 293/54/24 294/55/24 292/53/24
f 293/54/25 295/56/25 296/57/25 294/55/25
f 295/56/26 265/28/26 268/29/26 296/57/26
f 290/7/1 292/58/1 294/59/1 296/60/1
f 286/61/1 288/62/1 290/7/1 296/60/1
f 282/5/1 284/63/1 286/61/1 296/60/1
f 278/64/1 280/65/1 282/5/1 296/60/1
f 274/66/1 276/67/1 278/64/1 296/60/1
f 270/68/1 272/69/1 274/66/1 296/60/1
f 268/70/1 267/71/1 270/68/1 296/60/1
f 271/69/2 269/68/2 266/71/2 265/70/2
f 275/67/2 273/66/2 271/69/2 265/70/2
f 279/65/2 277/64/2 275/67/2 265/70/2
f 283/63/2 281/5/2 279/65/2 265/70/2
f 287/62/2 285/61/2 283/63/2 265/70/2
f 291/58/2 289/7/2 287/62/2 265/70/2
f 295/60/2 293/59/2 291/58/2 265/70/2
f 297/17/27 298/18/27 299/19/27 300/4/27
f 298/18/28 301/20/28 302/21/28 299/19/28
f 301/20/5 303/22/5 304/23/5 302/21/5
f 303/22/29 305/24/29 306/25/29 304/23/29
f 305/24/30 307/26/30 308/27/30 306/25/30
f 307/26/6 297/28/6 300/29/6 308/27/6
f 302/72/1 304/73/1 306/7/1 308/74/1
f 300/75/1 299/66/1 302/72/1 308/74/1
f 303/73/2 301/72/2 298/66/2 297/75/2
f 307/74/2 305/7/2 303/73/2 297/75/2
f 309/17/7 310/18/7 311/19/7 312/4/7
f 310/18/4 313/20/4 314/21/4 311/19/4
f 313/20/8 315/22/8 316/23/8 314/21/8
f 315/22/9 317/24/9 318/25/9 316/23/9
f 317/24/3 319/26/3 320/27/3 318/25/3
f 319/26/10 309/28/10 312/29/10 320/27/10
f 321/17/11 322/30/11 323/31/11 324/4/11
f 322/30/12 325/32/12 326/33/12 323/31/12
f 325/32/13 327/34/13 328/35/13 326/33/13
f 327/34/14 329/36/14 330/37/14 328/35/14
f 329/36/15 331/38/15 332/39/15 330/37/15
f 331/38/16 333/40/16 334/41/16 332/39/16
f 333/40/17 335/42/17 336/43/17 334/41/17
f 335/42/18 337/22/18 338/23/18 336/43/18
f 337/22/19 339/44/19 340/45/19 338/23/19
f 339/44/20 341/46/20 342/47/20 340/45/20
f 341/46/21 343/48/21 344/49/21 342/47/21
f 343/48/22 345/50/22 346/51/22 344/49/22
f 345/50/23 347/52/23 348/53/23 346/51/23
f 347/52/24 349/54/24 350/55/24 348/53/24
f 349/54/25 351/56/25 352/57/25 350/55/25
f 351/56/26 321/28/26 324/29/26 352/57/26
f 346/7/1 348/58/1 350/59/1 352/60/1
f 342/61/1 344/62/1 346/7/1 352/60/1
f 338/5/1 340/63/1 342/61/1 352/60/1
f 334/64/1 336/65/1 338/5/1 352/60/1
f 330/66/1 332/67/1 334/64/1 352/60/1
f 326/68/1 328/69/1 330/66/1 352/60/1
f 324/70/1 323/71/1 326/68/1 352/60/1
f 327/69/2 325/68/2 322/71/2 321/70/2
f 331/67/2 329/66/2 327/69/2 321/70/2
f 335/65/2 333/64/2 331/67/2 321/70/2
f 339/63/2 337/5/2 335/65/2 321/70/2
f 343/62/2 341/61/2 339/63/2 321/70/2
f 347/58/2 345/7/2 343/62/2 321/70/2
f 351/60/2 349/59/2 347/58/2 321/70/2
f 353/17/27 354/18/27 355/19/27 356/4/27
f 354/18/28 357/20/28 358/21/28 355/19/28
f 357/20/5 359/22/5 360/23/5 358/21/5
f 359/22/29 361/24/29 362/25/29 360/23/29
f 361/24/30 363/26/30 364/27/30 362/25/30
f 363/26/6 353/28/6 356/29/6 364/27/6
f 358/72/1 360/73/1 362/7/1 364/74/1
f 356/75/1 355/66/1 358/72/1 364/74/1
f 359/73/2 357/72/2 354/66/2 353/75/2
f 363/74/2 361/7/2 359/73/2 353/75/2
f 365/17/7 366/18/7 367/19/7 368/4/7
f 366/18/4 369/20/4 370/21/4 367/19/4
f 369/20/8 371/22/8 372/23/8 370/21/8
f 371/22/9 373/24/9 374/25/9 372/23/9
f 373/24/3 375/26/3 376/27/3 374/25/3
f 375/26/10 365/28/10 368/29/10 376/27/10
f 377/17/11 378/30/11 379/31/11 380/4/11
f 378/30/12 381/32/12 382/33/12 379/31/12
f 381/32/13 383/34/13 384/35/13 382/33/13
f 383/34/14 385/36/14 386/37/14 384/35/14
f 385/36/15 387/38/15 388/39/15 386/37/15
f 387/38/16 389/40/16 390/41/16 388/39/16
f 389/40/17 391/42/17 392/43/17 390/41/17
f 391/42/18 393/22/18 394/23/18 392/43/18
f 393/22/19 395/44/19 396/45/19 394/23/19
f 395/44/20 397/46/20 398/47/20 396/45/20
f 397/46/21 399/48/21 400/49/21 398/47/21
f 399/48/22 401/50/22 402/51/22 400/49/22
f 401/50/23 403/52/23 404/53/23 402/51/23
f 403/52/24 405/54/24 406/55/24 404/53/24
f 405/54/25 407/56/25 408/57/25 406/55/25
f 407/56/26 377/28/26 380/29/26 408/57/26
f 402/7/1 404/58/1 406/59/1 408/60/1
f 398/61/1 400/62/1 402/7/1 408/60/1
f 394/5/1 396/63/1 398/61/1 408/60/1
f 390/64/1 392/65/1 394/5/1 408/60/1
f 386/66/1 388/67/1 390/64/1 408/60/1
f 382/68/1 384/69/1 386/66/1 408/60/1
f 380/70/1 379/71/1 382/68/1 408/60/1
f 383/69/2 381/68/2 378/71/2 377/70/2
f 387/67/2 385/66/2 383/69/2 377/70/2
f 391/65/2 389/64/2 387/67/2 377/70/2
f 395/63/2 393/5/2 391/65/2 377/70/2
f 399/62/2 397/61/2 395/63/2 377/70/2
f 403/58/2 401/7/2 399/62/2 377/70/2
f 407/60/2 405/59/2 403/58/2 377/70/2
f 409/17/27 410/18/27 411/19/27 412/4/27
f 410/18/28 413/20/28 414/21/28 411/19/28
f 413/20/5 415/22/5 416/23/5 414/21/5
f 415/22/29 417/24/29 418/25/29 416/23/29
f 417/24/30 419/26/30 420/27/30 418/25/30
f 419/26/6 409/28/6 412/29/6 420/27/6
f 414/72/1 416/73/1 418/7/1 420/74/1
f 412/75/1 411/66/1 414/72/1 420/74/1
f 415/73/2 413/72/2 410/66/2 409/75/2
f 419/74/2 417/7/2 415/73/2 409/75/2
f 421/17/7 422/18/7 423/19/7 424/4/7
f 422/18/4 425/20/4 426/21/4 423/19/4
f 425/20/8 427/22/8 428/23/8 426/21/8
f 427/22/9 429/24/9 430/25/9 428/23/9
f 429/24/3 431/26/3 432/27/3 430/25/3
f 431/26/10 421/28/10 424/29/10 432/27/10
f 433/17/11 434/30/11 435/31/11 436/4/11
f 434/30/12 437/32/12 438/33/12 435/31/12
f 437/32/13 439/34/13 440/35/13 438/33/13
f 439/34/14 441/36/14 442/37/14 440/35/14
f 441/36/15 443/38/15 444/39/15 442/37/15
f 443/38/16 445/40/16 446/41/16 444/39/16
f 445/40/17 447/42/17 448/43/17 446/41/17
f 447/42/18 449/22/18 450/23/18 448/43/18
f 449/22/19 451/44/19 452/45/19 450/23/19
f 451/44/20 453/46/20 454/47/20 452/45/20
f 453/46/21 455/48/21 456/49/21 454/47/21
f 455/48/22 457/50/22 458/51/22 456/49/22
f 457/50/23 459/52/23 460/53/23 458/51/23
f 459/52/24 461/54/24 462/55/24 460/53/24
f 461/54/25 463/56/25 464/57/25 462/55/25
f 463/56/26 433/28/26 436/29/26 464/57/26
f 458/7/1 460/58/1 462/59/1 464/60/1
f 454/61/1 456/62/1 458/7/1 464/60/1
f 450/5/1 452/63/1 454/61/1 464/60/1
f 446/64/1 448/65/1 450/5/1 464/60/1
f 442/66/1 444/67/1 446/64/1 464/60/1
f 438/68/1 440/69/1 442/66/1 464/60/1
f 436/70/1 435/71/1 438/68/1 464/60/1
f 439/69/2 437/68/2 434/71/2 433/70/2
f 443/67/2 441/66/2 439/69/2 433/70/2
f 447/65/2 445/64/2 443/67/2 433/70/2
f 451/63/2 449/5/2 447/65/2 433/70/2
f 455/62/2 453/61/2 451/63/2 433/70/2
f 459/58/2 457/7/2 455/62/2 433/70/2
f 463/60/2 461/59/2 459/58/2 433/70/2
f 465/17/27 466/18/27 467/19/27 468/4/27
f 466/18/28 469/20/28 470/21/28 467/19/28
f 469/20/5 471/22/5 472/23/5 470/21/5
f 471/22/29 473/24/29 474/25/29 472/23/29
f 473/24/30 475/26/30 476/27/30 474/25/30
f 475/26/6 465/28/6 468/29/6 476/27/6
f 470/72/1 472/73/1 474/7/1 476/74/1
f 468/75/1 467/66/1 470/72/1 476/74/1
f 471/73/2 469/72/2 466/66/2 465/75/2
f 475/74/2 473/7/2 471/73/2 465/75/2
f 477/17/7 478/18/7 479/19/7 480/4/7
f 478/18/4 481/20/4 482/21/4 479/19/4
f 481/20/8 483/22/8 484/23/8 482/21/8
f 483/22/9 485/24/9 486/25/9 484/23/9
f 485/24/3 487/26/3 488/27/3 486/25/3
f 487/26/10 477/28/10 480/29/10 488/27/10
f 489/17/11 490/30/11 491/31/11 492/4/11
f 490/30/12 493/32/12 494/33/12 491/31/12
f 493/32/13 495/34/13 496/35/13 494/33/13
f 495/34/14 497/36/14 498/37/14 496/35/14
f 497/36/15 499/38/15 500/39/15 498/37/15
f 499/38/16 501/40/16 502/41/16 500/39/16
f 501/40/17 503/42/17 504/43/17 502/41/17
f 503/42/18 505/22/18 506/23/18 504/43/18
f 505/22/19 507/44/19 508/45/19 506/23/19
f 507/44/20 509/46/20 510/47/20 508/45/20
f 509/46/21 511/48/21 512/49/21 510/47/21
f 511/48/22 513/50/22 514/51/22 512/49/22
f 513/50/23 515/52/23 516/53/23 514/51/23
f 515/52/24 517/54/24 518/55/24 516/53/24
f 517/54/25 519/56/25 520/57/25 518/55/25
f 519/56/26 489/28/26 492/29/26 520/57/26
f 514/7/1 516/58/1 518/59/1 520/60/1
f 510/61/1 512/62/1 514/7/1 520/60/1
f 506/5/1 508/63/1 510/61/1 520/60/1
f 502/64/1 504/65/1 506/5/1 520/60/1
f 498/66/1 500/67/1 502/64/1 520/60/1
f 494/68/1 496/69/1 498/66/1 520/60/1
f 492/70/1 491/71/1 494/68/1 520/60/1
f 495/69/2 493/68/2 490/71/2 489/70/2
f 499/67/2 497/66/2 495/69/2 489/70/2
f 503/65/2 501/64/2 499/67/2 489/70/2
f 507/63/2 505/5/2 503/65/2 489/70/2
f 511/62/2 509/61/2 507/63/2 489/70/2
f 515/58/2 513/7/2 511/62/2 489/70/2
f 519/60/2 517/59/2 515/58/2 489/70/2
f 521/17/27 522/18/27 523/19/27 524/4/27
f 522/18/28 525/20/28 526/21/28 523/19/28
f 525/20/5 527/22/5 528/23/5 526/21/5
f 527/22/29 529/24/29 530/25/29 528/23/29
f 529/24/30 531/26/30 532/27/30 530/25/30
f 531/26/6 521/28/6 524/29/6 532/27/6
f 526/72/1 528/73/1 530/7/1 532/74/1
f 524/75/1 523/66/1 526/72/1 532/74/1
f 527/73/2 525/72/2 522/66/2 521/75/2
f 531/74/2 529/7/2 527/73/2 521/75/2
f 533/17/7 534/18/7 535/19/7 536/4/7
f 534/18/4 537/20/4 538/21/4 535/19/4
f 537/20/8 539/22/8 540/23/8 538/21/8
f 539/22/9 541/24/9 542/25/9 540/23/9
f 541/24/3 543/26/3 544/27/3 542/25/3
f 543/26/10 533/28/10 536/29/10 544/27/10
f 545/17/11 546/30/11 547/31/11 548/4/11
f 546/30/12 549/32/12 550/33/12 547/31/12
f 549/32/13 551/34/13 552/35/13 550/33/13
f 551/34/14 553/36/14 554/37/14 552/35/14
f 553/36/15 555/38/15 556/39/15 554/37/15
f 555/38/16 557/40/16 558/41/16 556/39/16
f 557/40/17 559/42/17 560/43/17 558/41/17
f 559/42/18 561/22/18 562/23/18 560/43/18
f 561/22/19 563/44/19 564/45/19 562/23/19
f 563/44/20 565/46/20 566/47/20 564/45/20
f 565/46/21 567/48/21 568/49/21 566/47/21
f 567/48/22 569/50/22 570/51/22 568/49/22
f 569/50/23 571/52/23 572/53/23 570/51/23
f 571/52/24 573/54/24 574/55/24 572/53/24
f 573/54/25 575/56/25 576/57/25 574/55/25
f 575/56/26 545/28/26 548/29/26 576/57/26
f 570/7/1 572/58/1 574/59/1 576/60/1
f 566/61/1 568/62/1 570/7/1 576/60/1
f 562/5/1 564/63/1 566/61/1 576/60/1
f 558/64/1 560/65/1 562/5/1 576/60/1
f 554/66/1 556/67/1 558/64/1 576/60/1
f 550/68/1 552/69/1 554/66/1 576/60/1
f 548/70/1 547/71/1 550/68/1 576/60/1
f 551/69/2 549/68/2 546/71/2 545/70/2
f 555/67/2 553/66/2 551/69/2 545/70/2
f 559/65/2 557/64/2 555/67/2 545/70/2
f 563/63/2 561/5/2 559/65/2 545/70/2
f 567/62/2 565/61/2 563/63/2 545/70/2
f 571/58/2 569/7/2 567/62/2 545/70/2
f 575/60/2 573/59/2 571/58/2 545/70/2
f 577/17/27 578/18/27 579/19/27 580/4/27
f 578/18/28 581/20/28 582/21/28 579/19/28
f 581/20/5 583/22/5 584/23/5 582/21/5
f 583/22/29 585/24/29 586/25/29 584/23/29
f 585/24/30 587/26/30 588/27/30 586/25/30
f 587/26/6 577/28/6 580/29/6 588/27/6
f 582/72/1 584/73/1 586/7/1 588/74/1
f 580/75/1 579/66/1 582/72/1 588/74/1
f 583/73/2 581/72/2 578/66/2 577/75/2
f 587/74/2 585/7/2 583/73/2 577/75/2
f 589/17/7 590/18/7 591/19/7 592/4/7
f 590/18/4 593/20/4 594/21/4 591/19/4
f 593/20/8 595/22/8 596/23/8 594/21/8
f 595/22/9 597/24/9 598/25/9 596/23/9
f 597/24/3 599/26/3 600/27/3 598/25/3
f 599/26/10 589/28/10 592/29/10 600/27/10
f 601/17/11 602/30/11 603/31/11 604/4/11
f 602/30/12 605/32/12 606/33/12 603/31/12
f 605/32/13 607/34/13 608/35/13 606/33/13
f 607/34/14 609/36/14 610/37/14 608/35/14
f 609/36/15 611/38/15 612/39/15 610/37/15
f 611/38/16 613/40/16 614/41/16 612/39/16
f 613/40/17 615/42/17 616/43/17 614/41/17
f 615/42/18 617/22/18 618/23/18 616/43/18
f 617/22/19 619/44/19 620/45/19 618/23/19
f 619/44/20 621/46/20 622/47/20 620/45/20
f 621/46/21 623/48/21 624/49/21 622/47/21
f 623/48/22 625/50/22 626/51/22 624/49/22
f 625/50/23 627/52/23 628/53/23 626/51/23
f 627/52/24 629/54/24 630/55/24 628/53/24
f 629/54/25 631/56/25 632/57/25 630/55/25
f 631/56/26 601/28/26 604/29/26 632/57/26
f 626/7/1 628/58/1 630/59/1 632/60/1
f 622/61/1 624/62/1 626/7/1 632/60/1
f 618/5/1 620/63/1 622/61/1 632/60/1
f 614/64/1 616/65/1 618/5/1 632/60/1
f 610/66/1 612/67/1 614/64/1 632/60/1
f 606/68/1 608/69/1 610/66/1 632/60/1
f 604/70/1 603/71/1 606/68/1 632/60/1
f 607/69/2 605/68/2 602/71/2 601/70/2
f 611/67/2 609/66/2 607/69/2 601/70/2
f 615/65/2 613/64/2 611/67/2 601/70/2
f 619/63/2 617/5/2 615/65/2 601/70/2
f 623/62/2 621/61/2 619/63/2 601/70/2
f 627/58/2 625/7/2 623/62/2 601/70/2
f 631/60/2 629/59/2 627/58/2 601/70/2
f 633/17/27 634/18/27 635/19/27 636/4/27
f 634/18/28 637/20/28 638/21/28 635/19/28
f 637/20/5 639/22/5 640/23/5 638/21/5
f 639/22/29 641/24/29 642/25/29 640/23/29
f 641/24/30 643/26/30 644/27/30 642/25/30
f 643/26/6 633/28/6 636/29/6 644/27/6
f 638/72/1 640/73/1 642/7/1 644/74/1
f 636/75/1 635/66/1 638/72/1 644/74/1
f 639/73/2 637/72/2 634/66/2 633/75/2
f 643/74/2 641/7/2 639/73/2 633/75/2
f 645/17/7 646/18/7 647/19/7 648/4/7
f 646/18/4 649/20/4 650/21/4 647/19/4
f 649/20/8 651/22/8 652/23/8 650/21/8
f 651/22/9 653/24/9 654/25/9 652/23/9
f 653/24/3 655/26/3 656/27/3 654/25/3
f 655/26/10 645/28/10 648/29/10 656/27/10
f 657/17/11 658/30/11 659/31/11 660/4/11
f 658/30/12 661/32/12 662/33/12 659/31/12
f 661/32/13 663/34/13 664/35/13 662/33/13
f 663/34/14 665/36/14 666/37/14 664/35/14
f 665/36/15 667/38/15 668/39/15 666/37/15
f 667/38/16 669/40/16 670/41/16 668/39/16
f 669/40/17 671/42/17 672/43/17 670/41/17
f 671/42/18 673/22/18 674/23/18 672/43/18
f 673/22/19 675/44/19 676/45/19 674/23/19
f 675/44/20 677/46/20 678/47/20 676/45/20
f 677/46/21 679/48/21 680/49/21 678/47/21
f 679/48/22 681/50/22 682/51/22 680/49/22
f 681/50/23 683/52/23 684/53/23 682/51/23
f 683/52/24 685/54/24 686/55/24 684/53/24
f 685/54/25 687/56/25 688/57/25 686/55/25
f 687/56/26 657/28/26 660/29/26 688/57/26
f 682/7/1 684/58/1 686/59/1 688/60/1
f 678/61/1 680/62/1 682/7/1 688/60/1
f 674/5/1 676/63/1 678/61/1 688/60/1
f 670/64/1 672/65/1 674/5/1 688/60/1
f 666/66/1 668/67/1 670/64/1 688/60/1
f 662/68/1 664/69/1 666/66/1 688/60/1
f 660/70/1 659/71/1 662/68/1 688/60/1
f 663/69/2 661/68/2 658/71/2 657/70/2
f 667/67/2 665/66/2 663/69/2 657/70/2
f 671/65/2 669/64/2 667/67/2 657/70/2
f 675/63/2 673/5/2 671/65/2 657/70/2
f 679/62/2 677/61/2 675/63/2 657/70/2
f 683/58/2 681/7/2 679/62/2 657/70/2
f 687/60/2 685/59/2 683/58/2 657/70/2
f 689/17/27 690/18/27 691/19/27 692/4/27
f 690/18/28 693/20/28 694/21/28 691/19/28
f 693/20/5 695/22/5 696/23/5 694/21/5
f 695/22/29 697/24/29 698/25/29 696/23/29
f 697/24/30 699/26/30 700/27/30 698/25/30
f 699/26/6 689/28/6 692/29/6 700/27/6
f 694/72/1 696/73/1 698/7/1 700/74/1
f 692/75/1 691/66/1 694/72/1 700/74/1
f 695/73/2 693/72/2 690/66/2 689/75/2
f 699/74/2 697/7/2 695/73/2 689/75/2
f 701/17/7 702/18/7 703/19/7 704/4/7
f 702/18/4 705/20/4 706/21/4 703/19/4
f 705/20/8 707/22/8 708/23/8 706/21/8
f 707/22/9 709/24/9 710/25/9 708/23/9
f 709/24/3 711/26/3 712/27/3 710/25/3
f 711/26/10 701/28/10 704/29/10 712/27/10
f 713/17/11 714/30/11 715/31/11 716/4/11
f 714/30/12 717/32/12 718/33/12 715/31/12
f 717/32/13 719/34/13 720/35/13 718/33/13
f 719/34/14 721/36/14 722/37/14 720/35/14
f 721/36/15 723/38/15 724/39/15 722/37/15
f 723/38/16 725/40/16 726/41/16 724/39/16
f 725/40/17 727/42/17 728/43/17 726/41/17
f 727/42/18 729/22/18 730/23/18 728/43/18
f 729/22/19 731/44/19 732/45/19 730/23/19
f 731/44/20 733/46/20 734/47/20 732/45/20
f 733/46/21 735/48/21 736/49/21 734/47/21
f 735/48/22 737/50/22 738/51/22 736/49/22
f 737/50/23 739/52/23 740/53/23 738/51/23
f 739/52/24 741/54/24 742/55/24 740/53/24
f 741/54/25 743/56/25 744/57/25 742/55/25
f 743/56/26 713/28/26 716/29/26 744/57/26
f 738/7/1 740/58/1 742/59/1 744/60/1
f 734/61/1 736/62/1 738/7/1 744/60/1
f 730/5/1 732/63/1 734/61/1 744/60/1
f 726/64/1 728/65/1 730/5/1 744/60/1
f 722/66/1 724/67/1 726/64/1 744/60/1
f 718/68/1 720/69/1 722/66/1 744/60/1
f 716/70/1 715/71/1 718/68/1 744/60/1
f 719/69/2 717/68/2 714/71/2 713/70/2
f 723/67/2 721/66/2 719/69/2 713/70/2
f 727/65/2 725/64/2 723/67/2 713/70/2
f 731/63/2 729/5/2 727/65/2 713/70/2
f 735/62/2 733/61/2 731/63/2 713/70/2
f 739/58/2 737/7/2 735/62/2 713/70/2
f 743/60/2 741/59/2 739/58/2 713/70/2
f 745/17/27 746/18/27 747/19/27 748/4/27
f 746/18/28 749/20/28 750/21/28 747/19/28
f 749/20/5 751/22/5 752/23/5 750/21/5
f 751/22/29 753/24/29 754/25/29 752/23/29
f 753/24/30 755/26/30 756/27/30 754/25/30
f 755/26/6 745/28/6 748/29/6 756/27/6
f 750/72/1 752/73/1 754/7/1 756/74/1
f 748/75/1 747/66/1 750/72/1 756/74/1
f 751/73/2 749/72/2 746/66/2 745/75/2
f 755/74/2 753/7/2 751/73/2 745/75/2
f 757/17/7 758/18/7 759/19/7 760/4/7
f 758/18/4 761/20/4 762/21/4 759/19/4
f 761/20/8 763/22/8 764/23/8 762/21/8
f 763/22/9 765/24/9 766/25/9 764/23/9
f 765/24/3 767/26/3 768/27/3 766/25/3
f 767/26/10 757/28/10 760/29/10 768/27/10
f 769/17/11 770/30/11 771/31/11 772/4/11
f 770/30/12 773/32/12 774/33/12 771/31/12
f 773/32/13 775/34/13 776/35/13 774/33/13
f 775/34/14 777/36/14 778/37/14 776/35/14
f 777/36/15 779/38/15 780/39/15 778/37/15
f 779/38/16 781/40/16 782/41/16 780/39/16
f 781/40/17 783/42/17 784/43/17 782/41/17
f 783/42/18 785/22/18 786/23/18 784/43/18
f 785/22/19 787/44/19 788/45/19 786/23/19
f 787/44/20 789/46/20 790/47/20 788/45/20
f 789/46/21 791/48/21 792/49/21 790/47/21
f 791/48/22 793/50/22 794/51/22 792/49/22
f 793/50/23 795/52/23 796/53/23 794/51/23
f 795/52/24 797/54/24 798/55/24 796/53/24
f 797/54/25 799/56/25 800/57/25 798/55/25
f 799/56/26 769/28/26 772/29/26 800/57/26
f 794/7/1 796/58/1 798/59/1 800/60/1
f 790/61/1 792/62/1 794/7/1 800/60/1
f 786/5/1 788/63/1 790/61/1 800/60/1
f 782/64/1 784/65/1 786/5/1 800/60/1
f 778/66/1 780/67/1 782/64/1 800/60/1
f 774/68/1 776/69/1 778/66/1 800/60/1
f 772/70/1 771/71/1 774/68/1 800/60/1
f 775/69/2 773/68/2 770/71/2 769/70/2
f 779/67/2 777/66/2 775/69/2 769/70/2
f 783/65/2 781/64/2 779/67/2 769/70/2
f 787/63/2 785/5/2 783/65/2 769/70/2
f 791/62/2 789/61/2 787/63/2 769/70/2
f 795/58/2 793/7/2 791/62/2 769/70/2
f 799/60/2 797/59/2 795/58/2 769/70/2
f 801/17/27 802/18/27 803/19/27 804/4/27
f 802/18/28 805/20/28 806/21/28 803/19/28
f 805/20/5 807/22/5 808/23/5 806/21/5
f 807/22/29 809/24/29 810/25/29 808/23/29
f 809/24/30 811/26/30 812/27/30 810/25/30
f 811/26/6 801/28/6 804/29/6 812/27/6
f 806/72/1 808/73/1 810/7/1 812/74/1
f 804/75/1 803/66/1 806/72/1 812/74/1
f 807/73/2 805/72/2 802/66/2 801/75/2
f 811/74/2 809/7/2 807/73/2 801/75/2
f 813/17/7 814/18/7 815/19/7 816/4/7
f 814/18/4 817/20/4 818/21/4 815/19/4
f 817/20/8 819/22/8 820/23/8 818/21/8
f 819/22/9 821/24/9 822/25/9 820/23/9
f 821/24/3 823/26/3 824/27/3 822/25/3
f 823/26/10 813/28/10 816/29/10 824/27/10
f 825/17/11 826/30/11 827/31/11 828/4/11
f 826/30/12 829/32/12 830/33/12 827/31/12
f 829/32/13 831/34/13 832/35/13 830/33/13
f 831/34/14 833/36/14 834/37/14 832/35/14
f 833/36/15 835/38/15 836/39/15 834/37/15
f 835/38/16 837/40/16 838/41/16 836/39/16
f 837/40/17 839/42/17 840/43/17 838/41/17
f 839/42/18 841/22/18 842/23/18 840/43/18
f 841/22/19 843/44/19 844/45/19 842/23/19
f 843/44/20 845/46/20 846/47/20 844/45/20
f 845/46/21 847/48/21 848/49/21 846/47/21
f 847/48/22 849/50/22 850/51/22 848/49/22
f 849/50/23 851/52/23 852/53/23 850/51/23
f 851/52/24 853/54/24 854/55/24 852/53/24
f 853/54/25 855/56/25 856/57/25 854/55/25
f 855/56/26 825/28/26 828/29/26 856/57/26
f 850/7/1 852/58/1 854/59/1 856/60/1
f 846/61/1 848/62/1 850/7/1 856/60/1
f 842/5/1 844/63/1 846/61/1 856/60/1
f 838/64/1 840/65/1 842/5/1 856/60/1
f 834/66/1 836/67/1 838/64/1 856/60/1
f 830/68/1 832/69/1 834/66/1 856/60/1
f 828/70/1 827/71/1 830/68/1 856/60/1
f 831/69/2 829/68/2 826/71/2 825/70/2
f 835/67/2 833/66/2 831/69/2 825/70/2
f 839/65/2 837/64/2 835/67/2 825/70/2
f 843/63/2 841/5/2 839/65/2 825/70/2
f 847/62/2 845/61/2 843/63/2 825/70/2
f 851/58/2 849/7/2 847/62/2 825/70/2
f 855/60/2 853/59/2 851/58/2 825/70/2
f 857/17/27 858/18/27 859/19/27 860/4/27
f 858/18/28 861/20/28 862/21/28 859/19/28
f 861/20/5 863/22/5 864/23/5 862/21/5
f 863/22/29 865/24/29 866/25/29 864/23/29
f 865/24/30 867/26/30 868/27/30 866/25/30
f 867/26/6 857/28/6 860/29/6 868/27/6
f 862/72/1 864/73/1 866/7/1 868/74/1
f 860/75/1 859/66/1 862/72/1 868/74/1
f 863/73/2 861/72/2 858/66/2 857/75/2
f 867/74/2 865/7/2 863/73/2 857/75/2
f 869/17/7 870/18/7 871/19/7 872/4/7
f 870/18/4 873/20/4 874/21/4 871/19/4
f 873/20/8 875/22/8 876/23/8 874/21/8
f 875/22/9 877/24/9 878/25/9 876/23/9
f 877/24/3 879/26/3 880/27/3 878/25/3
f 879/26/10 869/28/10 872/29/10 880/27/10
f 881/17/11 882/30/11 883/31/11 884/4/11
f 882/30/12 885/32/12 886/33/12 883/31/12
f 885/32/13 887/34/13 888/35/13 886/33/13
f 887/34/14 889/36/14 890/37/14 888/35/14
f 889/36/15 891/38/15 892/39/15 890/37/15
f 891/38/16 893/40/16 894/41/16 892/39/16
f 893/40/17 895/42/17 896/43/17 894/41/17
f 895/42/18 897/22/18 898/23/18 896/43/18
f 897/22/19 899/44/19 900/45/19 898/23/19
f 899/44/20 901/46/20 902/47/20 900/45/20
f 901/46/21 903/48/21 904/49/21 902/47/21
f 903/48/22 905/50/22 906/51/22 904/49/22
f 905/50/23 907/52/23 908/53/23 906/51/23
f 907/52/24 909/54/24 910/55/24 908/53/24
f 909/54/25 911/56/25 912/57/25 910/55/25
f 911/56/26 881/28/26 884/29/26 912/57/26
f 906/7/1 908/58/1 910/59/1 912/60/1
f 902/61/1 904/62/1 906/7/1 912/60/1
f 898/5/1 900/63/1 902/61/1 912/60/1
f 894/64/1 896/65/1 898/5/1 912/60/1
f 890/66/1 892/67/1 894/64/1 912/60/1
f 886/68/1 888/69/1 890/66/1 912/60/1
f 884/70/1 883/71/1 886/68/1 912/60/1
f 887/69/2 885/68/2 882/71/2 881/70/2
f 891/67/2 889/66/2 887/69/2 881/70/2
f 895/65/2 893/64/2 891/67/2 881/70/2
f 899/63/2 897/5/2 895/65/2 881/70/2
f 903/62/2 901/61/2 899/63/2 881/70/2
f 907/58/2 905/7/2 903/62/2 881/70/2
f 911/60/2 909/59/2 907/58/2 881/70/2
f 913/17/27 914/18/27 915/19/27 916/4/27
f 914/18/28 917/20/28 918/21/28 915/19/28
f 917/20/5 919/22/5 920/23/5 918/21/5
f 919/22/29 921/24/29 922/25/29 920/23/29
f 921/24/30 923/26/30 924/27/30 922/25/30
f 923/26/6 913/28/6 916/29/6 924/27/6
f 918/72/1 920/73/1 922/7/1 924/74/1
f 916/75/1 915/66/1 918/72/1 924/74/1
f 919/73/2 917/72/2 914/66/2 913/75/2
f 923/74/2 921/7/2 919/73/2 913/75/2
f 925/17/7 926/18/7 927/19/7 928/4/7
f 926/18/4 929/20/4 930/21/4 927/19/4
f 929/20/8 931/22/8 932/23/8 930/21/8
f 931/22/9 933/24/9 934/25/9 932/23/9
f 933/24/3 935/26/3 936/27/3 934/25/3
f 935/26/10 925/28/10 928/29/10 936/27/10
f 937/17/11 938/30/11 939/31/11 940/4/11
f 938/30/12 941/32/12 942/33/12 939/31/12
f 941/32/13 943/34/13 944/35/13 942/33/13
f 943/34/14 945/36/14 946/37/14 944/35/14
f 945/36/15 947/38/15 948/39/15 946/37/15
f 947/38/16 949/40/16 950/41/16 948/39/16
f 949/40/17 951/42/17 952/43/17 950/41/17
f 951/42/18 953/22/18 954/23/18 952/43/18
f 953/22/19 955/44/19 956/45/19 954/23/19
f 955/44/20 957/46/20 958/47/20 956/45/20
f 957/46/21 959/48/21 960/49/21 958/47/21
f 959/48/22 961/50/22 962/51/22 960/49/22
f 961/50/23 963/52/23 964/53/23 962/51/23
f 963/52/24 965/54/24 966/55/24 964/53/24
f 965/54/25 967/56/25 968/57/25 966/55/25
f 967/56/26 937/28/26 940/29/26 968/57/26
f 962/7/1 964/58/1 966/59/1 968/60/1
f 958/61/1 960/62/1 962/7/1 968/60/1
f 954/5/1 956/63/1 958/61/1 968/60/1
f 950/64/1 952/65/1 954/5/1 968/60/1
f 946/66/1 948/67/1 950/64/1 968/60/1
f 942/68/1 944/69/1 946/66/1 968/60/1
f 940/70/1 939/71/1 942/68/1 968/60/1
f 943/69/2 941/68/2 938/71/2 937/70/2
f 947/67/2 945/66/2 943/69/2 937/70/2
f 951/65/2 949/64/2 947/67/2 937/70/2
f 955/63/2 953/5/2 951/65/2 937/70/2
f 959/62/2 957/61/2 955/63/2 937/70/2
f 963/58/2 961/7/2 959/62/2 937/70/2
f 967/60/2 965/59/2 963/58/2 937/70/2
f 969/17/27 970/18/27 971/19/27 972/4/27
f 970/18/28 973/20/28 974/21/28 971/19/28
f 973/20/5 975/22/5 976/23/5 974/21/5
f 975/22/29 977/24/29 978/25/29 976/23/29
f 977/24/30 979/26/30 980/27/30 978/25/30
f 979/26/6 969/28/6 972/29/6 980/27/6
f 974/72/1 976/73/1 978/7/1 980/74/1
f 972/75/1 971/66/1 974/72/1 980/74/1
f 975/73/2 973/72/2 970/66/2 969/75/2
f 979/74/2 977/7/2 975/73/2 969/75/2
f 981/17/7 982/18/7 983/19/7 984/4/7
f 982/18/4 985/20/4 986/21/4 983/19/4
f 985/20/8 987/22/8 988/23/8 986/21/8
f 987/22/9 989/24/9 990/25/9 988/23/9
f 989/24/3 991/26/3 992/27/3 990/25/3
f 991/26/10 981/28/10 984/29/10 992/27/10
f 993/17/11 994/30/11 995/31/11 996/4/11
f 994/30/12 997/32/12 998/33/12 995/31/12
f 997/32/13 999/34/13 1000/35/13 998/33/13
f 999/34/14 1001/36/14 1002/37/14 1000/35/14
f 1001/36/15 1003/38/15 1004/39/15 1002/37/15
f 1003/38/16 1005/40/16 1006/41/16 1004/39/16
f 1005/40/17 1007/42/17 1008/43/17 1006/41/17
f 1007/42/18 1009/22/18 1010/23/18 1008/43/18
f 1009/22/19 1011/44/19 1012/45/19 1010/23/19
f 1011/44/20 1013/46/20 1014/47/20 1012/45/20
f 1013/46/21 1015/48/21 1016/49/21 1014/47/21
f 1015/48/22 1017/50/22 1018/51/22 1016/49/22
f 1017/50/23 1019/52/23 1020/53/23 1018/51/23
f 1019/52/24 1021/54/24 1022/55/24 1020/53/24
f 1021/54/25 1023/56/25 1024/57/25 1022/55/25
f 1023/56/26 993/28/26 996/29/26 1024/57/26
f 1018/7/1 1020/58/1 1022/59/1 1024/60/1
f 1014/61/1 1016/62/1 1018/7/1 1024/60/1
f 1010/5/1 1012/63/1 1014/61/1 1024/60/1
f 1006/64/1 1008/65/1 1010/5/1 1024/60/1
f 1002/66/1 1004/67/1 1006/64/1 1024/60/1
f 998/68/1 1000/69/1 1002/66/1 1024/60/1
f 996/70/1 995/71/1 998/68/1 1024/60/1
f 999/69/2 997/68/2 994/71/2 993/70/2
f 1003/67/2 1001/66/2 999/69/2 993/70/2
f 1007/65/2 1005/64/2 1003/67/2 993/70/2
f 1011/63/2 1009/5/2 1007/65/2 993/70/2
f 1015/62/2 1013/61/2 1011/63/2 993/70/2
f 1019/58/2 1017/7/2 1015/62/2 993/70/2
f 1023/60/2 1021/59/2 1019/58/2 993/70/2
f 1025/17/27 1026/18/27 1027/19/27 1028/4/27
f 1026/18/28 1029/20/28 1030/21/28 1027/19/28
f 1029/20/5 1031/22/5 1032/23/5 1030/21/5
f 1031/22/29 1033/24/29 1034/25/29 1032/23/29
f 1033/24/30 1035/26/30 1036/27/30 1034/25/30
f 1035/26/6 1025/28/6 1028/29/6 1036/27/6
f 1030/72/1 1032/73/1 1034/7/1 1036/74/1
f 1028/75/1 1027/66/1 1030/72/1 1036/74/1
f 1031/73/2 1029/72/2 1026/66/2 1025/75/2
f 1035/74/2 1033/7/2 1031/73/2 1025/75/2
f 1037/17/7 1038/18/7 1039/19/7 1040/4/7
f 1038/18/4 1041/20/4 1042/21/4 1039/19/4
f 1041/20/8 1043/22/8 1044/23/8 1042/21/8
f 1043/22/9 1045/24/9 1046/25/9 1044/23/9
f 1045/24/3 1047/26/3 1048/27/3 1046/25/3
f 1047/26/10 1037/28/10 1040/29/10 1048/27/10
f 1049/17/11 1050/30/11 1051/31/11 1052/4/11
f 1050/30/12 1053/32/12 1054/33/12 1051/31/12
f 1053/32/13 1055/34/13 1056/35/13 1054/33/13
f 1055/34/14 1057/36/14 1058/37/14 1056/35/14
f 1057/36/15 1059/38/15 1060/39/15 1058/37/15
f 1059/38/16 1061/40/16 1062/41/16 1060/39/16
f 1061/40/17 1063/42/17 1064/43/17 1062/41/17
f 1063/42/18 1065/22/18 1066/23/18 1064/43/18
f 1065/22/19 1067/44/19 1068/45/19 1066/23/19
f 1067/44/20 1069/46/20 1070/47/20 1068/45/20
f 1069/46/21 1071/48/21 1072/49/21 1070/47/21
f 1071/48/22 1073/50/22 1074/51/22 1072/49/22
f 1073/50/23 1075/52/23 1076/53/23 1074/51/23
f 1075/52/24 1077/54/24 1078/55/24 1076/53/24
f 1077/54/25 1079/56/25 1080/57/25 1078/55/25
f 1079/56/26 1049/28/26 1052/29/26 1080/57/26
f 1074/7/1 1076/58/1 1078/59/1 1080/60/1
f 1070/61/1 1072/62/1 1074/7/1 1080/60/1
f 1066/5/1 1068/63/1 1070/61/1 1080/60/1
f 1062/64/1 1064/65/1 1066/5/1 1080/60/1
f 1058/66/1 1060/67/1 1062/64/1 1080/60/1
f 1054/68/1 1056/69/1 1058/66/1 1080/60/1
f 1052/70/1 1051/71/1 1054/68/1 1080/60/1
f 1055/69/2 1053/68/2 1050/71/2 1049/70/2
f 1059/67/2 1057/66/2 1055/69/2 1049/70/2
f 1063/65/2 1061/64/2 1059/67/2 1049/70/2
f 1067/63/2 1065/5/2 1063/65/2 1049/70/2
f 1071/62/2 1069/61/2 1067/63/2 1049/70/2
f 1075/58/2 1073/7/2 1071/62/2 1049/70/2
f 1079/60/2 1077/59/2 1075/58/2 1049/70/2
f 1081/17/27 1082/18/27 1083/19/27 1084/4/27
f 1082/18/28 1085/20/28 1086/21/28 1083/19/28
f 1085/20/5 1087/22/5 1088/23/5 1086/21/5
f 1087/22/29 1089/24/29 1090/25/29 1088/23/29
f 1089/24/30 1091/26/30 1092/27/30 1090/25/30
f 1091/26/6 1081/28/6 1084/29/6 1092/27/6
f 1086/72/1 1088/73/1 1090/7/1 1092/74/1
f 1084/75/1 1083/66/1 1086/72/1 1092/74/1
f 1087/73/2 1085/72/2 1082/66/2 1081/75/2
f 1091/74/2 1089/7/2 1087/73/2 1081/75/2
f 1093/17/7 1094/18/7 1095/19/7 1096/4/7
f 1094/18/4 1097/20/4 1098/21/4 1095/19/4
f 1097/20/8 1099/22/8 1100/23/8 1098/21/8
f 1099/22/9 1101/24/9 1102/25/9 1100/23/9
f 1101/24/3 1103/26/3 1104/27/3 1102/25/3
f 1103/26/10 1093/28/10 1096/29/10 1104/27/10
f 1105/17/11 1106/30/11 1107/31/11 1108/4/11
f 1106/30/12 1109/32/12 1110/33/12 1107/31/12
f 1109/32/13 1111/34/13 1112/35/13 1110/33/13
f 1111/34/14 1113/36/14 1114/37/14 1112/35/14
f 1113/36/15 1115/38/15 1116/39/15 1114/37/15
f 1115/38/16 1117/40/16 1118/41/16 1116/39/16
f 1117/40/17 1119/42/17 1120/43/17 1118/41/17
f 1119/42/18 1121/22/18 1122/23/18 1120/43/18
f 1121/22/19 1123/44/19 1124/45/19 1122/23/19
f 1123/44/20 1125/46/20 1126/47/20 1124/45/20
f 1125/46/21 1127/48/21 1128/49/21 1126/47/21
f 1127/48/22 1129/50/22 1130/51/22 1128/49/22
f 1129/50/23 1131/52/23 1132/53/23 1130/51/23
f 1131/52/24 1133/54/24 1134/55/24 1132/53/24
f 1133/54/25 1135/56/25 1136/57/25 1134/55/25
f 1135/56/26 1105/28/26 1108/29/26 1136/57/26
f 1130/7/1 1132/58/1 1134/59/1 1136/60/1
f 1126/61/1 1128/62/1 1130/7/1 1136/60/1
f 1122/5/1 1124/63/1 1126/61/1 1136/60/1
f 1118/64/1 1120/65/1 1122/5/1 1136/60/1
f 1114/66/1 1116/67/1 1118/64/1 1136/60/1
f 1110/68/1 1112/69/1 1114/66/1 1136/60/1
f 1108/70/1 1107/71/1 1110/68/1 1136/60/1
f 1111/69/2 1109/68/2 1106/71/2 1105/70/2
f 1115/67/2 1113/66/2 1111/69/2 1105/70/2
f 1119/65/2 1117/64/2 1115/67/2 1105/70/2
f 1123/63/2 1121/5/2 1119/65/2 1105/70/2
f 1127/62/2 1125/61/2 1123/63/2 1105/70/2
f 1131/58/2 1129/7/2 1127/62/2 1105/70/2
f 1135/60/2 1133/59/2 1131/58/2 1105/70/2
f 1137/17/27 1138/18/27 1139/19/27 1140/4/27
f 1138/18/28 1141/20/28 1142/21/28 1139/19/28
f 1141/20/5 1143/22/5 1144/23/5 1142/21/5
f 1143/22/29 1145/24/29 1146/25/29 1144/23/29
f 1145/24/30 1147/26/30 1148/27/30 1146/25/30
f 1147/26/6 1137/28/6 1140/29/6 1148/27/6
f 1142/72/1 1144/73/1 1146/7/1 1148/74/1
f 1140/75/1 1139/66/1 1142/72/1 1148/74/1
f 1143/73/2 1141/72/2 1138/66/2 1137/75/2
f 1147/74/2 1145/7/2 1143/73/2 1137/75/2
f 1149/17/7 1150/18/7 1151/19/7 1152/4/7
f 1150/18/4 1153/20/4 1154/21/4 1151/19/4
f 1153/20/8 1155/22/8 1156/23/8 1154/21/8
f 1155/22/9 1157/24/9 1158/25/9 1156/23/9
f 1157/24/3 1159/26/3 1160/27/3 1158/25/3
f 1159/26/10 1149/28/10 1152/29/10 1160/27/10
f 1161/17/11 1162/30/11 1163/31/11 1164/4/11
f 1162/30/12 1165/32/12 1166/33/12 1163/31/12
f 1165/32/13 1167/34/13 1168/35/13 1166/33/13
f 1167/34/14 1169/36/14 1170/37/14 1168/35/14
f 1169/36/15 1171/38/15 1172/39/15 1170/37/15
f 1171/38/16 1173/40/16 1174/41/16 1172/39/16
f 1173/40/17 1175/42/17 1176/43/17 1174/41/17
f 1175/42/18 1177/22/18 1178/23/18 1176/43/18
f 1177/22/19 1179/44/19 1180/45/19 1178/23/19
f 1179/44/20 1181/46/20 1182/47/20 1180/45/20
f 1181/46/21 1183/48/21 1184/49/21 1182/47/21
f 1183/48/22 1185/50/22 1186/51/22 1184/49/22
f 1185/50/23 1187/52/23 1188/53/23 1186/51/23
f 1187/52/24 1189/54/24 1190/55/24 1188/53/24
f 1189/54/25 1191/56/25 1192/57/25 1190/55/25
f 1191/56/26 1161/28/26 1164/29/26 1192/57/26
f 1186/7/1 1188/58/1 1190/59/1 1192/60/1
f 1182/61/1 1184/62/1 1186/7/1 1192/60/1
f 1178/5/1 1180/63/1 1182/61/1 1192/60/1
f 1174/64/1 1176/65/1 1178/5/1 1192/60/1
f 1170/66/1 1172/67/1 1174/64/1 1192/60/1
f 1166/68/1 1168/69/1 1170/66/1 1192/60/1
f 1164/70/1 1163/71/1 1166/68/1 1192/60/1
f 1167/69/2 1165/68/2 1162/71/2 1161/70/2
f 1171/67/2 1169/66/2 1167/69/2 1161/70/2
f 1175/65/2 1173/64/2 1171/67/2 1161/70/2
f 1179/63/2 1177/5/2 1175/65/2 1161/70/2
f 1183/62/2 1181/61/2 1179/63/2 1161/70/2
f 1187/58/2 1185/7/2 1183/62/2 1161/70/2
f 1191/60/2 1189/59/2 1187/58/2 1161/70/2
f 1193/17/27 1194/18/27 1195/19/27 1196/4/27
f 1194/18/28 1197/20/28 1198/21/28 1195/19/28
f 1197/20/5 1199/22/5 1200/23/5 1198/21/5
f 1199/22/29 1201/24/29 1202/25/29 1200/23/29
f 1201/24/30 1203/26/30 1204/27/30 1202/25/30
f 1203/26/6 1193/28/6 1196/29/6 1204/27/6
f 1198/72/1 1200/73/1 1202/7/1 1204/74/1
f 1196/75/1 1195/66/1 1198/72/1 1204/74/1
f 1199/73/2 1197/72/2 1194/66/2 1193/75/2
f 1203/74/2 1201/7/2 1199/73/2 1193/75/2
f 1205/17/7 1206/18/7 1207/19/7 1208/4/7
f 1206/18/4 1209/20/4 1210/21/4 1207/19/4
f 1209/20/8 1211/22/8 1212/23/8 1210/21/8
f 1211/22/9 1213/24/9 1214/25/9 1212/23/9
f 1213/24/3 1215/26/3 1216/27/3 1214/25/3
f 1215/26/10 1205/28/10 1208/29/10 1216/27/10
f 1217/17/11 1218/30/11 1219/31/11 1220/4/11
f 1218/30/12 1221/32/12 1222/33/12 1219/31/12
f 1221/32/13 1223/34/13 1224/35/13 1222/33/13
f 1223/34/14 1225/36/14 1226/37/14 1224/35/14
f 1225/36/15 1227/38/15 1228/39/15 1226/37/15
f 1227/38/16 1229/40/16 1230/41/16 1228/39/16
f 1229/40/17 1231/42/17 1232/43/17 1230/41/17
f 1231/42/18 1233/22/18 1234/23/18 1232/43/18
f 1233/22/19 1235/44/19 1236/45/19 1234/23/19
f 1235/44/20 1237/46/20 1238/47/20 1236/45/20
f 1237/46/21 1239/48/21 1240/49/21 1238/47/21
f 1239/48/22 1241/50/22 1242/51/22 1240/49/22
f 1241/50/23 1243/52/23 1244/53/23 1242/51/23
f 1243/52/24 1245/54/24 1246/55/24 1244/53/24
f 1245/54/25 1247/56/25 1248/57/25 1246/55/25
f 1247/56/26 1217/28/26 1220/29/26 1248/57/26
f 1242/7/1 1244/58/1 1246/59/1 1248/60/1
f 1238/61/1 1240/62/1 1242/7/1 1248/60/1
f 1234/5/1 1236/63/1 1238/61/1 1248/60/1
f 1230/64/1 1232/65/1 1234/5/1 1248/60/1
f 1226/66/1 1228/67/1 1230/64/1 1248/60/1
f 1222/68/1 1224/69/1 1226/66/1 1248/60/1
f 1220/70/1 1219/71/1 1222/68/1 1248/60/1
f 1223/69/2 1221/68/2 1218/71/2 1217/70/2
f 1227/67/2 1225/66/2 1223/69/2 1217/70/2
f 1231/65/2 1229/64/2 1227/67/2 1217/70/2
f 1235/63/2 1233/5/2 1231/65/2 1217/70/2
f 1239/62/2 1237/61/2 1235/63/2 1217/70/2
f 1243/58/2 1241/7/2 1239/62/2 1217/70/2
f 1247/60/2 1245/59/2 1243/58/2 1217/70/2
f 1249/17/27 1250/18/27 1251/19/27 1252/4/27
f 1250/18/28 1253/20/28 1254/21/28 1251/19/28
f 1253/20/5 1255/22/5 1256/23/5 1254/21/5
f 1255/22/29 1257/24/29 1258/25/29 1256/23/29
f 1257/24/30 1259/26/30 1260/27/30 1258/25/30
f 1259/26/6 1249/28/6 1252/29/6 1260/27/6
f 1254/72/1 1256/73/1 1258/7/1 1260/74/1
f 1252/75/1 1251/66/1 1254/72/1 1260/74/1
f 1255/73/2 1253/72/2 1250/66/2 1249/75/2
f 1259/74/2 1257/7/2 1255/73/2 1249/75/2
f 1261/17/7 1262/18/7 1263/19/7 1264/4/7
f 1262/18/4 1265/20/4 1266/21/4 1263/19/4
f 1265/20/8 1267/22/8 1268/23/8 1266/21/8
f 1267/22/9 1269/24/9 1270/25/9 1268/23/9
f 1269/24/3 1271/26/3 1272/27/3 1270/25/3
f 1271/26/10 1261/28/10 1264/29/10 1272/27/10
f 1273/17/11 1274/30/11 1275/31/11 1276/4/11
f 1274/30/12 1277/32/12 1278/33/12 1275/31/12
f 1277/32/13 1279/34/13 1280/35/13 1278/33/13
f 1279/34/14 1281/36/14 1282/37/14 1280/35/14
f 1281/36/15 1283/38/15 1284/39/15 1282/37/15
f 1283/38/16 1285/40/16 1286/41/16 1284/39/16
f 1285/40/17 1287/42/17 1288/43/17 1286/41/17
f 1287/42/18 1289/22/18 1290/23/18 1288/43/18
f 1289/22/19 1291/44/19 1292/45/19 1290/23/19
f 1291/44/20 1293/46/20 1294/47/20 1292/45/20
f 1293/46/21 1295/48/21 1296/49/21 1294/47/21
f 1295/48/22 1297/50/22 1298/51/22 1296/49/22
f 1297/50/23 1299/52/23 1300/53/23 1298/51/23
f 1299/52/24 1301/54/24 1302/55/24 1300/53/24
f 1301/54/25 1303/56/25 1304/57/25 1302/55/25
f 1303/56/26 1273/28/26 1276/29/26 1304/57/26
f 1298/7/1 1300/58/1 1302/59/1 1304/60/1
f 1294/61/1 1296/62/1 1298/7/1 1304/60/1
f 1290/5/1 1292/63/1 1294/61/1 1304/60/1
f 1286/64/1 1288/65/1 1290/5/1 1304/60/1
f 1282/66/1 1284/67/1 1286/64/1 1304/60/1
f 1278/68/1 1280/69/1 1282/66/1 1304/60/1
f 1276/70/1 1275/71/1 1278/68/1 1304/60/1
f 1279/69/2 1277/68/2 1274/71/2 1273/70/2
f 1283/67/2 1281/66/2 1279/69/2 1273/70/2
f 1287/65/2 1285/64/2 1283/67/2 1273/70/2
f 1291/63/2 1289/5/2 1287/65/2 1273/70/2
f 1295/62/2 1293/61/2 1291/63/2 1273/70/2
f 1299/58/2 1297/7/2 1295/62/2 1273/70/2
f 1303/60/2 1301/59/2 1299/58/2 1273/70/2
f 1305/17/27 1306/18/27 1307/19/27 1308/4/27
f 1306/18/28 1309/20/28 1310/21/28 1307/19/28
f 1309/20/5 1311/22/5 1312/23/5 1310/21/5
f 1311/22/29 1313/24/29 1314/25/29 1312/23/29
f 1313/24/30 1315/26/30 1316/27/30 1314/25/30
f 1315/26/6 1305/28/6 1308/29/6 1316/27/6
f 1310/72/1 1312/73/1 1314/7/1 1316/74/1
f 1308/75/1 1307/66/1 1310/72/1 1316/74/1
f 1311/73/2 1309/72/2 1306/66/2 1305/75/2
f 1315/74/2 1313/7/2 1311/73/2 1305/75/2
f 1317/17/7 1318/18/7 1319/19/7 1320/4/7
f 1318/18/4 1321/20/4 1322/21/4 1319/19/4
f 1321/20/8 1323/22/8 1324/23/8 1322/21/8
f 1323/22/9 1325/24/9 1326/25/9 1324/23/9
f 1325/24/3 1327/26/3 1328/27/3 1326/25/3
f 1327/26/10 1317/28/10 1320/29/10 1328/27/10
f 1329/17/11 1330/30/11 1331/31/11 1332/4/11
f 1330/30/12 1333/32/12 1334/33/12 1331/31/12
f 1333/32/13 1335/34/13 1336/35/13 1334/33/13
f 1335/34/14 1337/36/14 1338/37/14 1336/35/14
f 1337/36/15 1339/38/15 1340/39/15 1338/37/15
f 1339/38/16 1341/40/16 1342/41/16 1340/39/16
f 1341/40/17 1343/42/17 1344/43/17 1342/41/17
f 1343/42/18 1345/22/18 1346/23/18 1344/43/18
f 1345/22/19 1347/44/19 1348/45/19 1346/23/19
f 1347/44/20 1349/46/20 1350/47/20 1348/45/20
f 1349/46/21 1351/48/21 1352/49/21 1350/47/21
f 1351/48/22 1353/50/22 1354/51/22 1352/49/22
f 1353/50/23 1355/52/23 1356/53/23 1354/51/23
f 1355/52/24 1357/54/24 1358/55/24 1356/53/24
f 1357/54/25 1359/56/25 1360/57/25 1358/55/25
f 1359/56/26 1329/28/26 1332/29/26 1360/57/26
f 1354/7/1 1356/58/1 1358/59/1 1360/60/1
f 1350/61/1 1352/62/1 1354/7/1 1360/60/1
f 1346/5/1 1348/63/1 1350/61/1 1360/60/1
f 1342/64/1 1344/65/1 1346/5/1 1360/60/1
f 1338/66/1 1340/67/1 1342/64/1 1360/60/1
f 1334/68/1 1336/69/1 1338/66/1 1360/60/1
f 1332/70/1 1331/71/1 1334/68/1 1360/60/1
f 1335/69/2 1333/68/2 1330/71/2 1329/70/2
f 1339/67/2 1337/66/2 1335/69/2 1329/70/2
f 1343/65/2 1341/64/2 1339/67/2 1329/70/2
f 1347/63/2 1345/5/2 1343/65/2 1329/70/2
f 1351/62/2 1349/61/2 1347/63/2 1329/70/2
f 1355/58/2 1353/7/2 1351/62/2 1329/70/2
f 1359/60/2 1357/59/2 1355/58/2 1329/70/2
f 1361/17/27 1362/18/27 1363/19/27 1364/4/27
f 1362/18/28 1365/20/28 1366/21/28 1363/19/28
f 1365/20/5 1367/22/5 1368/23/5 1366/21/5
f 1367/22/29 1369/24/29 1370/25/29 1368/23/29
f 1369/24/30 1371/26/30 1372/27/30 1370/25/30
f 1371/26/6 1361/28/6 1364/29/6 1372/27/6
f 1366/72/1 1368/73/1 1370/7/1 1372/74/1
f 1364/75/1 1363/66/1 1366/72/1 1372/74/1
f 1367/73/2 1365/72/2 1362/66/2 1361/75/2
f 1371/74/2 1369/7/2 1367/73/2 1361/75/2
f 7483/1267/11 7484/1268/11 7485/1269/11 7486/4/11
f 7484/1268/12 7487/1270/12 7488/79/12 7485/1269/12
f 7487/1270/13 7489/1271/13 7490/1272/13 7488/79/13
f 7489/1271/14 7491/1273/14 7492/39/14 7490/1272/14
f 7491/1273/15 7493/1274/15 7494/1275/15 7492/39/15
f 7493/1274/16 7495/1276/16 7496/82/16 7494/1275/16
f 7495/1276/17 7497/1277/17 7498/1278/17 7496/82/17
f 7497/1277/18 7499/1279/18 7500/47/18 7498/1278/18
f 7499/1279/19 7501/1280/19 7502/1281/19 7500/47/19
f 7501/1280/20 7503/1282/20 7504/85/20 7502/1281/20
f 7503/1282/21 7505/1283/21 7506/1284/21 7504/85/21
f 7505/1283/22 7507/1285/22 7508/57/22 7506/1284/22
f 7507/1285/23 7509/1286/23 7510/1287/23 7508/57/23
f 7509/1286/24 7511/1288/24 7512/88/24 7510/1287/24
f 7511/1288/25 7513/1289/25 7514/1290/25 7512/88/25
f 7513/1289/26 7483/1291/26 7486/90/26 7514/1290/26
f 7489/69/2 7487/68/2 7484/71/2 7483/70/2
f 7493/67/2 7491/66/2 7489/69/2 7483/70/2
f 7497/65/2 7495/64/2 7493/67/2 7483/70/2
f 7501/63/2 7499/5/2 7497/65/2 7483/70/2
f 7505/62/2 7503/61/2 7501/63/2 7483/70/2
f 7509/58/2 7507/7/2 7505/62/2 7483/70/2
f 7513/60/2 7511/59/2 7509/58/2 7483/70/2
f 7515/4/241 7516/1292/241 7517/1293/241 7518/1294/241
f 7516/1292/242 7519/1295/242 7520/1296/242 7517/1293/242
f 7519/1295/243 7521/7/243 7522/1297/243 7520/1296/243
f 7521/7/244 7523/1298/244 7524/1299/244 7522/1297/244
f 7523/1298/245 7525/1300/245 7526/1301/245 7524/1299/245
f 7525/1300/246 7515/10/246 7518/1302/246 7526/1301/246
f 7518/1294/247 7517/1293/247 7527/1303/247 7528/1304/247
f 7517/1293/242 7520/1296/242 7529/1305/242 7527/1303/242
f 7520/1296/248 7522/1297/248 7530/1306/248 7529/1305/248
f 7522/1297/249 7524/1299/249 7531/1307/249 7530/1306/249
f 7524/1299/245 7526/1301/245 7532/1308/245 7531/1307/245
f 7526/1301/250 7518/1302/250 7528/1309/250 7532/1308/250
f 7528/1304/251 7527/1303/251 7533/1310/251 7534/1311/251
f 7527/1303/242 7529/1305/242 7535/1312/242 7533/1310/242
f 7529/1305/252 7530/1306/252 7536/1313/252 7535/1312/252
f 7530/1306/253 7531/1307/253 7537/1314/253 7536/1313/253
f 7531/1307/245 7532/1308/245 7538/1315/245 7537/1314/245
f 7532/1308/254 7528/1309/254 7534/1316/254 7538/1315/254
f 7534/1311/255 7533/1310/255 7539/1317/255 7540/1318/255
f 7533/1310/242 7535/1312/242 7541/1319/242 7539/1317/242
f 7535/1312/256 7536/1313/256 7542/1320/256 7541/1319/256
f 7536/1313/257 7537/1314/257 7543/1321/257 7542/1320/257
f 7537/1314/245 7538/1315/245 7544/1322/245 7543/1321/245
f 7538/1315/258 7534/1316/258 7540/1323/258 7544/1322/258
f 7540/1318/259 7539/1317/259 7545/1324/259 7546/1325/259
f 7539/1317/242 7541/1319/242 7547/1326/242 7545/1324/242
f 7541/1319/260 7542/1320/260 7548/1327/260 7547/1326/260
f 7542/1320/261 7543/1321/261 7549/1328/261 7548/1327/261
f 7543/1321/245 7544/1322/245 7550/1329/245 7549/1328/245
f 7544/1322/262 7540/1323/262 7546/1330/262 7550/1329/262
f 7546/1325/263 7545/1324/263 7551/1331/263 7552/1332/263
f 7545/1324/242 7547/1326/242 7553/1333/242 7551/1331/242
f 7547/1326/264 7548/1327/264 7554/1334/264 7553/1333/264
f 7548/1327/265 7549/1328/265 7555/1335/265 7554/1334/265
f 7549/1328/245 7550/1329/245 7556/1336/245 7555/1335/245
f 7550/1329/266 7546/1330/266 7552/1337/266 7556/1336/266
f 7552/1332/267 7551/1331/267 7557/1338/267 7558/1339/267
f 7551/1331/242 7553/1333/242 7559/1340/242 7557/1338/242
f 7553/1333/268 7554/1334/268 7560/1341/268 7559/1340/268
f 7554/1334/269 7555/1335/269 7561/1342/269 7560/1341/269
f 7555/1335/245 7556/1336/245 7562/1343/245 7561/1342/245
f 7556/1336/270 7552/1337/270 7558/1344/270 7562/1343/270
f 7558/1339/271 7557/1338/271 7563/1345/271 7564/5/271
f 7557/1338/242 7559/1340/242 7565/1346/242 7563/1345/242
f 7559/1340/272 7560/1341/272 7566/6/272 7565/1346/272
f 7560/1341/273 7561/1342/273 7567/1347/273 7566/6/273
f 7561/1342/245 7562/1343/245 7568/1348/245 7567/1347/245
f 7562/1343/274 7558/1344/274 7564/70/274 7568/1348/274
f 7564/5/275 7563/1345/275 7569/1349/275 7570/1350/275
f 7563/1345/242 7565/1346/242 7571/1351/242 7569/1349/242
f 7565/1346/276 7566/6/276 7572/1352/276 7571/1351/276
f 7566/6/277 7567/1347/277 7573/1353/277 7572/1352/277
f 7567/1347/245 7568/1348/245 7574/1354/245 7573/1353/245
f 7568/1348/278 7564/70/278 7570/1355/278 7574/1354/278
f 7570/1350/248 7569/1349/248 7575/1356/248 7576/1357/248
f 7569/1349/242 7571/1351/242 7577/1358/242 7575/1356/242
f 7571/1351/247 7572/1352/247 7578/1359/247 7577/1358/247
f 7572/1352/250 7573/1353/250 7579/1360/250 7578/1359/250
f 7573/1353/245 7574/1354/245 7580/1361/245 7579/1360/245
f 7574/1354/249 7570/1355/249 7576/1362/249 7580/1361/249
f 7576/1357/252 7575/1356/252 7581/1363/252 7582/1364/252
f 7575/1356/242 7577/1358/242 7583/1365/242 7581/1363/242
f 7577/1358/251 7578/1359/251 7584/1366/251 7583/1365/251
f 7578/1359/254 7579/1360/254 7585/1367/254 7584/1366/254
f 7579/1360/245 7580/1361/245 7586/1368/245 7585/1367/245
f 7580/1361/253 7576/1362/253 7582/1369/253 7586/1368/253
f 7582/1364/256 7581/1363/256 7587/1370/256 7588/1371/256
f 7581/1363/242 7583/1365/242 7589/1372/242 7587/1370/242
f 7583/1365/255 7584/1366/255 7590/1373/255 7589/1372/255
f 7584/1366/258 7585/1367/258 7591/1374/258 7590/1373/258
f 7585/1367/245 7586/1368/245 7592/1375/245 7591/1374/245
f 7586/1368/257 7582/1369/257 7588/1376/257 7592/1375/257
f 7588/1371/260 7587/1370/260 7593/1377/260 7594/1378/260
f 7587/1370/242 7589/1372/242 7595/1379/242 7593/1377/242
f 7589/1372/259 7590/1373/259 7596/1380/259 7595/1379/259
f 7590/1373/262 7591/1374/262 7597/1381/262 7596/1380/262
f 7591/1374/245 7592/1375/245 7598/1382/245 7597/1381/245
f 7592/1375/261 7588/1376/261 7594/1383/261 7598/1382/261
f 7594/1378/264 7593/1377/264 7599/1384/264 7600/1385/264
f 7593/1377/242 7595/1379/242 7601/1386/242 7599/1384/242
f 7595/1379/263 7596/1380/263 7602/1387/263 7601/1386/263
f 7596/1380/266 7597/1381/266 7603/1388/266 7602/1387/266
f 7597/1381/245 7598/1382/245 7604/1389/245 7603/1388/245
f 7598/1382/265 7594/1383/265 7600/1390/265 7604/1389/265
f 7600/1385/268 7599/1384/268 7605/1391/268 7606/1392/268
f 7599/1384/242 7601/1386/242 7607/1393/242 7605/1391/242
f 7601/1386/267 7602/1387/267 7608/1394/267 7607/1393/267
f 7602/1387/270 7603/1388/270 7609/1395/270 7608/1394/270
f 7603/1388/245 7604/1389/245 7610/1396/245 7609/1395/245
f 7604/1389/269 7600/1390/269 7606/1397/269 7610/1396/269
f 7606/1392/272 7605/1391/272 7611/1398/272 7612/8/272
f 7605/1391/242 7607/1393/242 7613/1399/242 7611/1398/242
f 7607/1393/271 7608/1394/271 7614/66/271 7613/1399/271
f 7608/1394/274 7609/1395/274 7615/1400/274 7614/66/274
f 7609/1395/245 7610/1396/245 7616/1401/245 7615/1400/245
f 7610/1396/273 7606/1397/273 7612/9/273 7616/1401/273
f 7617/1267/11 7618/1268/11 7619/1269/11 7620/4/11
f 7618/1268/12 7621/1270/12 7622/79/12 7619/1269/12
f 7621/1270/13 7623/1271/13 7624/1272/13 7622/79/13
f 7623/1271/14 7625/1273/14 7626/39/14 7624/1272/14
f 7625/1273/15 7627/1274/15 7628/1275/15 7626/39/15
f 7627/1274/16 7629/1276/16 7630/82/16 7628/1275/16
f 7629/1276/17 7631/1277/17 7632/1278/17 7630/82/17
f 7631/1277/18 7633/1279/18 7634/47/18 7632/1278/18
f 7633/1279/19 7635/1280/19 7636/1281/19 7634/47/19
f 7635/1280/20 7637/1282/20 7638/85/20 7636/1281/20
f 7637/1282/21 7639/1283/21 7640/1284/21 7638/85/21
f 7639/1283/22 7641/1285/22 7642/57/22 7640/1284/22
f 7641/1285/23 7643/1286/23 7644/1287/23 7642/57/23
f 7643/1286/24 7645/1288/24 7646/88/24 7644/1287/24
f 7645/1288/25 7647/1289/25 7648/1290/25 7646/88/25
f 7647/1289/26 7617/1291/26 7620/90/26 7648/1290/26
f 7623/69/2 7621/68/2 7618/71/2 7617/70/2
f 7627/67/2 7625/66/2 7623/69/2 7617/70/2
f 7631/65/2 7629/64/2 7627/67/2 7617/70/2
f 7635/63/2 7633/5/2 7631/65/2 7617/70/2
f 7639/62/2 7637/61/2 7635/63/2 7617/70/2
f 7643/58/2 7641/7/2 7639/62/2 7617/70/2
f 7647/60/2 7645/59/2 7643/58/2 7617/70/2
f 7649/4/241 7650/1292/241 7651/1293/241 7652/1294/241
f 7650/1292/242 7653/1295/242 7654/1296/242 7651/1293/242
f 7653/1295/243 7655/7/243 7656/1297/243 7654/1296/243
f 7655/7/244 7657/1298/244 7658/1299/244 7656/1297/244
f 7657/1298/245 7659/1300/245 7660/1301/245 7658/1299/245
f 7659/1300/246 7649/10/246 7652/1302/246 7660/1301/246
f 7652/1294/247 7651/1293/247 7661/1303/247 7662/1304/247
f 7651/1293/242 7654/1296/242 7663/1305/242 7661/1303/242
f 7654/1296/248 7656/1297/248 7664/1306/248 7663/1305/248
f 7656/1297/249 7658/1299/249 7665/1307/249 7664/1306/249
f 7658/1299/245 7660/1301/245 7666/1308/245 7665/1307/245
f 7660/1301/250 7652/1302/250 7662/1309/250 7666/1308/250
f 7662/1304/251 7661/1303/251 7667/1310/251 7668/1311/251
f 7661/1303/242 7663/1305/242 7669/1312/242 7667/1310/242
f 7663/1305/252 7664/1306/252 7670/1313/252 7669/1312/252
f 7664/1306/253 7665/1307/253 7671/1314/253 7670/1313/253
f 7665/1307/245 7666/1308/245 7672/1315/245 7671/1314/245
f 7666/1308/254 7662/1309/254 7668/1316/254 7672/1315/254
f 7668/1311/255 7667/1310/255 7673/1317/255 7674/1318/255
f 7667/1310/242 7669/1312/242 7675/1319/242 7673/1317/242
f 7669/1312/256 7670/1313/256 7676/1320/256 7675/1319/256
f 7670/1313/257 7671/1314/257 7677/1321/257 7676/1320/257
f 7671/1314/245 7672/1315/245 7678/1322/245 7677/1321/245
f 7672/1315/258 7668/1316/258 7674/1323/258 7678/1322/258
f 7674/1318/259 7673/1317/259 7679/1324/259 7680/1325/259
f 7673/1317/242 7675/1319/242 7681/1326/242 7679/1324/242
f 7675/1319/260 7676/1320/260 7682/1327/260 7681/1326/260
f 7676/1320/261 7677/1321/261 7683/1328/261 7682/1327/261
f 7677/1321/245 7678/1322/245 7684/1329/245 7683/1328/245
f 7678/1322/262 7674/1323/262 7680/1330/262 7684/1329/262
f 7680/1325/263 7679/1324/263 7685/1331/263 7686/1332/263
f 7679/1324/242 7681/1326/242 7687/1333/242 7685/1331/242
f 7681/1326/264 7682/1327/264 7688/1334/264 7687/1333/264
f 7682/1327/265 7683/1328/265 7689/1335/265 7688/1334/265
f 7683/1328/245 7684/1329/245 7690/1336/245 7689/1335/245
f 7684/1329/266 7680/1330/266 7686/1337/266 7690/1336/266
f 7686/1332/267 7685/1331/267 7691/1338/267 7692/1339/267
f 7685/1331/242 7687/1333/242 7693/1340/242 7691/1338/242
f 7687/1333/268 7688/1334/268 7694/1341/268 7693/1340/268
f 7688/1334/269 7689/1335/269 7695/1342/269 7694/1341/269
f 7689/1335/245 7690/1336/245 7696/1343/245 7695/1342/245
f 7690/1336/270 7686/1337/270 7692/1344/270 7696/1343/270
f 7692/1339/271 7691/1338/271 7697/1345/271 7698/5/271
f 7691/1338/242 7693/1340/242 7699/1346/242 7697/1345/242
f 7693/1340/272 7694/1341/272 7700/6/272 7699/1346/272
f 7694/1341/273 7695/1342/273 7701/1347/273 7700/6/273
f 7695/1342/245 7696/1343/245 7702/1348/245 7701/1347/245
f 7696/1343/274 7692/1344/274 7698/70/274 7702/1348/274
f 7698/5/275 7697/1345/275 7703/1349/275 7704/1350/275
f 7697/1345/242 7699/1346/242 7705/1351/242 7703/1349/242
f 7699/1346/276 7700/6/276 7706/1352/276 7705/1351/276
f 7700/6/277 7701/1347/277 7707/1353/277 7706/1352/277
f 7701/1347/245 7702/1348/245 7708/1354/245 7707/1353/245
f 7702/1348/278 7698/70/278 7704/1355/278 7708/1354/278
f 7704/1350/248 7703/1349/248 7709/1356/248 7710/1357/248
f 7703/1349/242 7705/1351/242 7711/1358/242 7709/1356/242
f 7705/1351/247 7706/1352/247 7712/1359/247 7711/1358/247
f 7706/1352/250 7707/1353/250 7713/1360/250 7712/1359/250
f 7707/1353/245 7708/1354/245 7714/1361/245 7713/1360/245
f 7708/1354/249 7704/1355/249 7710/1362/249 7714/1361/249
f 7710/1357/252 7709/1356/252 7715/1363/252 7716/1364/252
f 7709/1356/242 7711/1358/242 7717/1365/242 7715/1363/242
f 7711/1358/251 7712/1359/251 7718/1366/251 7717/1365/251
f 7712/1359/254 7713/1360/254 7719/1367/254 7718/1366/254
f 7713/1360/245 7714/1361/245 7720/1368/245 7719/1367/245
f 7714/1361/253 7710/1362/253 7716/1369/253 7720/1368/253
f 7716/1364/256 7715/1363/256 7721/1370/256 7722/1371/256
f 7715/1363/242 7717/1365/242 7723/1372/242 7721/1370/242
f 7717/1365/255 7718/1366/255 7724/1373/255 7723/1372/255
f 7718/1366/258 7719/1367/258 7725/1374/258 7724/1373/258
f 7719/1367/245 7720/1368/245 7726/1375/245 7725/1374/245
f 7720/1368/257 7716/1369/257 7722/1376/257 7726/1375/257
f 7722/1371/260 7721/1370/260 7727/1377/260 7728/1378/260
f 7721/1370/242 7723/1372/242 7729/1379/242 7727/1377/242
f 7723/1372/259 7724/1373/259 7730/1380/259 7729/1379/259
f 7724/1373/262 7725/1374/262 7731/1381/262 7730/1380/262
f 7725/1374/245 7726/1375/245 7732/1382/245 7731/1381/245
f 7726/1375/261 7722/1376/261 7728/1383/261 7732/1382/261
f 7728/1378/264 7727/1377/264 7733/1384/264 7734/1385/264
f 7727/1377/242 7729/1379/242 7735/1386/242 7733/1384/242
f 7729/1379/263 7730/1380/263 7736/1387/263 7735/1386/263
f 7730/1380/266 7731/1381/266 7737/1388/266 7736/1387/266
f 7731/1381/245 7732/1382/245 7738/1389/245 7737/1388/245
f 7732/1382/265 7728/1383/265 7734/1390/265 7738/1389/265
f 7734/1385/268 7733/1384/268 7739/1391/268 7740/1392/268
f 7733/1384/242 7735/1386/242 7741/1393/242 7739/1391/242
f 7735/1386/267 7736/1387/267 7742/1394/267 7741/1393/267
f 7736/1387/270 7737/1388/270 7743/1395/270 7742/1394/270
f 7737/1388/245 7738/1389/245 7744/1396/245 7743/1395/245
f 7738/1389/269 7734/1390/269 7740/1397/269 7744/1396/269
f 7740/1392/272 7739/1391/272 7745/1398/272 7746/8/272
f 7739/1391/242 7741/1393/242 7747/1399/242 7745/1398/242
f 7741/1393/271 7742/1394/271 7748/66/271 7747/1399/271
f 7742/1394/274 7743/1395/274 7749/1400/274 7748/66/274
f 7743/1395/245 7744/1396/245 7750/1401/245 7749/1400/245
f 7744/1396/273 7740/1397/273 7746/9/273 7750/1401/273
f 7751/1267/11 7752/1268/11 7753/1269/11 7754/4/11
f 7752/1268/12 7755/1270/12 7756/79/12 7753/1269/12
f 7755/1270/13 7757/1271/13 7758/1272/13 7756/79/13
f 7757/1271/14 7759/1273/14 7760/39/14 7758/1272/14
f 7759/1273/15 7761/1274/15 7762/1275/15 7760/39/15
f 7761/1274/16 7763/1276/16 7764/82/16 7762/1275/16
f 7763/1276/17 7765/1277/17 7766/1278/17 7764/82/17
f 7765/1277/18 7767/1279/18 7768/47/18 7766/1278/18
f 7767/1279/19 7769/1280/19 7770/1281/19 7768/47/19
f 7769/1280/20 7771/1282/20 7772/85/20 7770/1281/20
f 7771/1282/21 7773/1283/21 7774/1284/21 7772/85/21
f 7773/1283/22 7775/1285/22 7776/57/22 7774/1284/22
f 7775/1285/23 7777/1286/23 7778/1287/23 7776/57/23
f 7777/1286/24 7779/1288/24 7780/88/24 7778/1287/24
f 7779/1288/25 7781/1289/25 7782/1290/25 7780/88/25
f 7781/1289/26 7751/1291/26 7754/90/26 7782/1290/26
f 7757/69/2 7755/68/2 7752/71/2 7751/70/2
f 7761/67/2 7759/66/2 7757/69/2 7751/70/2
f 7765/65/2 7763/64/2 7761/67/2 7751/70/2
f 7769/63/2 7767/5/2 7765/65/2 7751/70/2
f 7773/62/2 7771/61/2 7769/63/2 7751/70/2
f 7777/58/2 7775/7/2 7773/62/2 7751/70/2
f 7781/60/2 7779/59/2 7777/58/2 7751/70/2
f 7783/4/241 7784/1292/241 7785/1293/241 7786/1294/241
f 7784/1292/242 7787/1295/242 7788/1296/242 7785/1293/242
f 7787/1295/243 7789/7/243 7790/1297/243 7788/1296/243
f 7789/7/244 7791/1298/244 7792/1299/244 7790/1297/244
f 7791/1298/245 7793/1300/245 7794/1301/245 7792/1299/245
f 7793/1300/246 7783/10/246 7786/1302/246 7794/1301/246
f 7786/1294/247 7785/1293/247 7795/1303/247 7796/1304/247
f 7785/1293/242 7788/1296/242 7797/1305/242 7795/1303/242
f 7788/1296/248 7790/1297/248 7798/1306/248 7797/1305/248
f 7790/1297/249 7792/1299/249 7799/1307/249 7798/1306/249
f 7792/1299/245 7794/1301/245 7800/1308/245 7799/1307/245
f 7794/1301/250 7786/1302/250 7796/1309/250 7800/1308/250
f 7796/1304/251 7795/1303/251 7801/1310/251 7802/1311/251
f 7795/1303/242 7797/1305/242 7803/1312/242 7801/1310/242
f 7797/1305/252 7798/1306/252 7804/1313/252 7803/1312/252
f 7798/1306/253 7799/1307/253 7805/1314/253 7804/1313/253
f 7799/1307/245 7800/1308/245 7806/1315/245 7805/1314/245
f 7800/1308/254 7796/1309/254 7802/1316/254 7806/1315/254
f 7802/1311/255 7801/1310/255 7807/1317/255 7808/1318/255
f 7801/1310/242 7803/1312/242 7809/1319/242 7807/1317/242
f 7803/1312/256 7804/1313/256 7810/1320/256 7809/1319/256
f 7804/1313/257 7805/1314/257 7811/1321/257 7810/1320/257
f 7805/1314/245 7806/1315/245 7812/1322/245 7811/1321/245
f 7806/1315/258 7802/1316/258 7808/1323/258 7812/1322/258
f 7808/1318/259 7807/1317/259 7813/1324/259 7814/1325/259
f 7807/1317/242 7809/1319/242 7815/1326/242 7813/1324/242
f 7809/1319/260 7810/1320/260 7816/1327/260 7815/1326/260
f 7810/1320/261 7811/1321/261 7817/1328/261 7816/1327/261
f 7811/1321/245 7812/1322/245 7818/1329/245 7817/1328/245
f 7812/1322/262 7808/1323/262 7814/1330/262 7818/1329/262
f 7814/1325/263 7813/1324/263 7819/1331/263 7820/1332/263
f 7813/1324/242 7815/1326/242 7821/1333/242 7819/1331/242
f 7815/1326/264 7816/1327/264 7822/1334/264 7821/1333/264
f 7816/1327/265 7817/1328/265 7823/1335/265 7822/1334/265
f 7817/1328/245 7818/1329/245 7824/1336/245 7823/1335/245
f 7818/1329/266 7814/1330/266 7820/1337/266 7824/1336/266
f 7820/1332/267 7819/1331/267 7825/1338/267 7826/1339/267
f 7819/1331/242 7821/1333/242 7827/1340/242 7825/1338/242
f 7821/1333/268 7822/1334/268 7828/1341/268 7827/1340/268
f 7822/1334/269 7823/1335/269 7829/1342/269 7828/1341/269
f 7823/1335/245 7824/1336/245 7830/1343/245 7829/1342/245
f 7824/1336/270 7820/1337/270 7826/1344/270 7830/1343/270
f 7826/1339/271 7825/1338/271 7831/1345/271 7832/5/271
f 7825/1338/242 7827/1340/242 7833/1346/242 7831/1345/242
f 7827/1340/272 7828/1341/272 7834/6/272 7833/1346/272
f 7828/1341/273 7829/1342/273 7835/1347/273 7834/6/273
f 7829/1342/245 7830/1343/245 7836/1348/245 7835/1347/245
f 7830/1343/274 7826/1344/274 7832/70/274 7836/1348/274
f 7832/5/275 7831/1345/275 7837/1349/275 7838/1350/275
f 7831/1345/242 7833/1346/242 7839/1351/242 7837/1349/242
f 7833/1346/276 7834/6/276 7840/1352/276 7839/1351/276
f 7834/6/277 7835/1347/277 7841/1353/277 7840/1352/277
f 7835/1347/245 7836/1348/245 7842/1354/245 7841/1353/245
f 7836/1348/278 7832/70/278 7838/1355/278 7842/1354/278
f 7838/1350/248 7837/1349/248 7843/1356/248 7844/1357/248
f 7837/1349/242 7839/1351/242 7845/1358/242 7843/1356/242
f 7839/1351/247 7840/1352/247 7846/1359/247 7845/1358/247
f 7840/1352/250 7841/1353/250 7847/1360/250 7846/1359/250
f 7841/1353/245 7842/1354/245 7848/1361/245 7847/1360/245
f 7842/1354/249 7838/1355/249 7844/1362/249 7848/1361/249
f 7844/1357/252 7843/1356/252 7849/1363/252 7850/1364/252
f 7843/1356/242 7845/1358/242 7851/1365/242 7849/1363/242
f 7845/1358/251 7846/1359/251 7852/1366/251 7851/1365/251
f 7846/1359/254 7847/1360/254 7853/1367/254 7852/1366/254
f 7847/1360/245 7848/1361/245 7854/1368/245 7853/1367/245
f 7848/1361/253 7844/1362/253 7850/1369/253 7854/1368/253
f 7850/1364/256 7849/1363/256 7855/1370/256 7856/1371/256
f 7849/1363/242 7851/1365/242 7857/1372/242 7855/1370/242
f 7851/1365/255 7852/1366/255 7858/1373/255 7857/1372/255
f 7852/1366/258 7853/1367/258 7859/1374/258 7858/1373/258
f 7853/1367/245 7854/1368/245 7860/1375/245 7859/1374/245
f 7854/1368/257 7850/1369/257 7856/1376/257 7860/1375/257
f 7856/1371/260 7855/1370/260 7861/1377/260 7862/1378/260
f 7855/1370/242 7857/1372/242 7863/1379/242 7861/1377/242
f 7857/1372/259 7858/1373/259 7864/1380/259 7863/1379/259
f 7858/1373/262 7859/1374/262 7865/1381/262 7864/1380/262
f 7859/1374/245 7860/1375/245 7866/1382/245 7865/1381/245
f 7860/1375/261 7856/1376/261 7862/1383/261 7866/1382/261
f 7862/1378/264 7861/1377/264 7867/1384/264 7868/1385/264
f 7861/1377/242 7863/1379/242 7869/1386/242 7867/1384/242
f 7863/1379/263 7864/1380/263 7870/1387/263 7869/1386/263
f 7864/1380/266 7865/1381/266 7871/1388/266 7870/1387/266
f 7865/1381/245 7866/1382/245 7872/1389/245 7871/1388/245
f 7866/1382/265 7862/1383/265 7868/1390/265 7872/1389/265
f 7868/1385/268 7867/1384/268 7873/1391/268 7874/1392/268
f 7867/1384/242 7869/1386/242 7875/1393/242 7873/1391/242
f 7869/1386/267 7870/1387/267 7876/1394/267 7875/1393/267
f 7870/1387/270 7871/1388/270 7877/1395/270 7876/1394/270
f 7871/1388/245 7872/1389/245 7878/1396/245 7877/1395/245
f 7872/1389/269 7868/1390/269 7874/1397/269 7878/1396/269
f 7874/1392/272 7873/1391/272 7879/1398/272 7880/8/272
f 7873/1391/242 7875/1393/242 7881/1399/242 7879/1398/242
f 7875/1393/271 7876/1394/271 7882/66/271 7881/1399/271
f 7876/1394/274 7877/1395/274 7883/1400/274 7882/66/274
f 7877/1395/245 7878/1396/245 7884/1401/245 7883/1400/245
f 7878/1396/273 7874/1397/273 7880/9/273 7884/1401/273
f 7885/1267/11 7886/1268/11 7887/1269/11 7888/4/11
f 7886/1268/12 7889/1270/12 7890/79/12 7887/1269/12
f 7889/1270/13 7891/1271/13 7892/1272/13 7890/79/13
f 7891/1271/14 7893/1273/14 7894/39/14 7892/1272/14
f 7893/1273/15 7895/1274/15 7896/1275/15 7894/39/15
f 7895/1274/16 7897/1276/16 7898/82/16 7896/1275/16
f 7897/1276/17 7899/1277/17 7900/1278/17 7898/82/17
f 7899/1277/18 7901/1279/18 7902/47/18 7900/1278/18
f 7901/1279/19 7903/1280/19 7904/1281/19 7902/47/19
f 7903/1280/20 7905/1282/20 7906/85/20 7904/1281/20
f 7905/1282/21 7907/1283/21 7908/1284/21 7906/85/21
f 7907/1283/22 7909/1285/22 7910/57/22 7908/1284/22
f 7909/1285/23 7911/1286/23 7912/1287/23 7910/57/23
f 7911/1286/24 7913/1288/24 7914/88/24 7912/1287/24
f 7913/1288/25 7915/1289/25 7916/1290/25 7914/88/25
f 7915/1289/26 7885/1291/26 7888/90/26 7916/1290/26
f 7891/69/2 7889/68/2 7886/71/2 7885/70/2
f 7895/67/2 7893/66/2 7891/69/2 7885/70/2
f 7899/65/2 7897/64/2 7895/67/2 7885/70/2
f 7903/63/2 7901/5/2 7899/65/2 7885/70/2
f 7907/62/2 7905/61/2 7903/63/2 7885/70/2
f 7911/58/2 7909/7/2 7907/62/2 7885/70/2
f 7915/60/2 7913/59/2 7911/58/2 7885/70/2
f 7917/4/241 7918/1292/241 7919/1293/241 7920/1294/241
f 7918/1292/242 7921/1295/242 7922/1296/242 7919/1293/242
f 7921/1295/243 7923/7/243 7924/1297/243 7922/1296/243
f 7923/7/244 7925/1298/244 7926/1299/244 7924/1297/244
f 7925/1298/245 7927/1300/245 7928/1301/245 7926/1299/245
f 7927/1300/246 7917/10/246 7920/1302/246 7928/1301/246
f 7920/1294/247 7919/1293/247 7929/1303/247 7930/1304/247
f 7919/1293/242 7922/1296/242 7931/1305/242 7929/1303/242
f 7922/1296/248 7924/1297/248 7932/1306/248 7931/1305/248
f 7924/1297/249 7926/1299/249 7933/1307/249 7932/1306/249
f 7926/1299/245 7928/1301/245 7934/1308/245 7933/1307/245
f 7928/1301/250 7920/1302/250 7930/1309/250 7934/1308/250
f 7930/1304/251 7929/1303/251 7935/1310/251 7936/1311/251
f 7929/1303/242 7931/1305/242 7937/1312/242 7935/1310/242
f 7931/1305/252 7932/1306/252 7938/1313/252 7937/1312/252
f 7932/1306/253 7933/1307/253 7939/1314/253 7938/1313/253
f 7933/1307/245 7934/1308/245 7940/1315/245 7939/1314/245
f 7934/1308/254 7930/1309/254 7936/1316/254 7940/1315/254
f 7936/1311/255 7935/1310/255 7941/1317/255 7942/1318/255
f 7935/1310/242 7937/1312/242 7943/1319/242 7941/1317/242
f 7937/1312/256 7938/1313/256 7944/1320/256 7943/1319/256
f 7938/1313/257 7939/1314/257 7945/1321/257 7944/1320/257
f 7939/1314/245 7940/1315/245 7946/1322/245 7945/1321/245
f 7940/1315/258 7936/1316/258 7942/1323/258 7946/1322/258
f 7942/1318/259 7941/1317/259 7947/1324/259 7948/1325/259
f 7941/1317/242 7943/1319/242 7949/1326/242 7947/1324/242
f 7943/1319/260 7944/1320/260 7950/1327/260 7949/1326/260
f 7944/1320/261 7945/1321/261 7951/1328/261 7950/1327/261
f 7945/1321/245 7946/1322/245 7952/1329/245 7951/1328/245
f 7946/1322/262 7942/1323/262 7948/1330/262 7952/1329/262
f 7948/1325/263 7947/1324/263 7953/1331/263 7954/1332/263
f 7947/1324/242 7949/1326/242 7955/1333/242 7953/1331/242
f 7949/1326/264 7950/1327/264 7956/1334/264 7955/1333/264
f 7950/1327/265 7951/1328/265 7957/1335/265 7956/1334/265
f 7951/1328/245 7952/1329/245 7958/1336/245 7957/1335/245
f 7952/1329/266 7948/1330/266 7954/1337/266 7958/1336/266
f 7954/1332/267 7953/1331/267 7959/1338/267 7960/1339/267
f 7953/1331/242 7955/1333/242 7961/1340/242 7959/1338/242
f 7955/1333/268 7956/1334/268 7962/1341/268 7961/1340/268
f 7956/1334/269 7957/1335/269 7963/1342/269 7962/1341/269
f 7957/1335/245 7958/1336/245 7964/1343/245 7963/1342/245
f 7958/1336/270 7954/1337/270 7960/1344/270 7964/1343/270
f 7960/1339/271 7959/1338/271 7965/1345/271 7966/5/271
f 7959/1338/242 7961/1340/242 7967/1346/242 7965/1345/242
f 7961/1340/272 7962/1341/272 7968/6/272 7967/1346/272
f 7962/1341/273 7963/1342/273 7969/1347/273 7968/6/273
f 7963/1342/245 7964/1343/245 7970/1348/245 7969/1347/245
f 7964/1343/274 7960/1344/274 7966/70/274 7970/1348/274
f 7966/5/275 7965/1345/275 7971/1349/275 7972/1350/275
f 7965/1345/242 7967/1346/242 7973/1351/242 7971/1349/242
f 7967/1346/276 7968/6/276 7974/1352/276 7973/1351/276
f 7968/6/277 7969/1347/277 7975/1353/277 7974/1352/277
f 7969/1347/245 7970/1348/245 7976/1354/245 7975/1353/245
f 7970/1348/278 7966/70/278 7972/1355/278 7976/1354/278
f 7972/1350/248 7971/1349/248 7977/1356/248 7978/1357/248
f 7971/1349/242 7973/1351/242 7979/1358/242 7977/1356/242
f 7973/1351/247 7974/1352/247 7980/1359/247 7979/1358/247
f 7974/1352/250 7975/1353/250 7981/1360/250 7980/1359/250
f 7975/1353/245 7976/1354/245 7982/1361/245 7981/1360/245
f 7976/1354/249 7972/1355/249 7978/1362/249 7982/1361/249
f 7978/1357/252 7977/1356/252 7983/1363/252 7984/1364/252
f 7977/1356/242 7979/1358/242 7985/1365/242 7983/1363/242
f 7979/1358/251 7980/1359/251 7986/1366/251 7985/1365/251
f 7980/1359/254 7981/1360/254 7987/1367/254 7986/1366/254
f 7981/1360/245 7982/1361/245 7988/1368/245 7987/1367/245
f 7982/1361/253 7978/1362/253 7984/1369/253 7988/1368/253
f 7984/1364/256 7983/1363/256 7989/1370/256 7990/1371/256
f 7983/1363/242 7985/1365/242 7991/1372/242 7989/1370/242
f 7985/1365/255 7986/1366/255 7992/1373/255 7991/1372/255
f 7986/1366/258 7987/1367/258 7993/1374/258 7992/1373/258
f 7987/1367/245 7988/1368/245 7994/1375/245 7993/1374/245
f 7988/1368/257 7984/1369/257 7990/1376/257 7994/1375/257
f 7990/1371/260 7989/1370/260 7995/1377/260 7996/1378/260
f 7989/1370/242 7991/1372/242 7997/1379/242 7995/1377/242
f 7991/1372/259 7992/1373/259 7998/1380/259 7997/1379/259
f 7992/1373/262 7993/1374/262 7999/1381/262 7998/1380/262
f 7993/1374/245 7994/1375/245 8000/1382/245 7999/1381/245
f 7994/1375/261 7990/1376/261 7996/1383/261 8000/1382/261
f 7996/1378/264 7995/1377/264 8001/1384/264 8002/1385/264
f 7995/1377/242 7997/1379/242 8003/1386/242 8001/1384/242
f 7997/1379/263 7998/1380/263 8004/1387/263 8003/1386/263
f 7998/1380/266 7999/1381/266 8005/1388/266 8004/1387/266
f 7999/1381/245 8000/1382/245 8006/1389/245 8005/1388/245
f 8000/1382/265 7996/1383/265 8002/1390/265 8006/1389/265
f 8002/1385/268 8001/1384/268 8007/1391/268 8008/1392/268
f 8001/1384/242 8003/1386/242 8009/1393/242 8007/1391/242
f 8003/1386/267 8004/1387/267 8010/1394/267 8009/1393/267
f 8004/1387/270 8005/1388/270 8011/1395/270 8010/1394/270
f 8005/1388/245 8006/1389/245 8012/1396/245 8011/1395/245
f 8006/1389/269 8002/1390/269 8008/1397/269 8012/1396/269
f 8008/1392/272 8007/1391/272 8013/1398/272 8014/8/272
f 8007/1391/242 8009/1393/242 8015/1399/242 8013/1398/242
f 8009/1393/271 8010/1394/271 8016/66/271 8015/1399/271
f 8010/1394/274 8011/1395/274 8017/1400/274 8016/66/274
f 8011/1395/245 8012/1396/245 8018/1401/245 8017/1400/245
f 8012/1396/273 8008/1397/273 8014/9/273 8018/1401/273
o radiator
usemtl steel
f 1373/76/1 1374/77/1 1375/78/1 1376/4/1
f 1377/4/2 1378/78/2 1379/77/2 1380/76/2
f 1380/77/3 1379/76/3 1374/4/3 1373/78/3
f 1378/77/4 1377/76/4 1376/4/4 1375/78/4
f 1377/77/5 1380/76/5 1373/4/5 1376/78/5
f 1379/77/6 1378/76/6 1375/4/6 1374/78/6
f 1381/76/1 1382/77/1 1383/78/1 1384/4/1
f 1385/4/2 1386/78/2 1387/77/2 1388/76/2
f 1388/77/3 1387/76/3 1382/4/3 1381/78/3
f 1386/77/4 1385/76/4 1384/4/4 1383/78/4
f 1385/77/5 1388/76/5 1381/4/5 1384/78/5
f 1387/77/6 1386/76/6 1383/4/6 1382/78/6
f 1389/4/31 1390/79/31 1391/80/31 1392/76/31
f 1390/79/32 1393/39/32 1394/81/32 1391/80/32
f 1393/39/33 1395/82/33 1396/83/33 1394/81/33
f 1395/82/34 1397/47/34 1398/84/34 1396/83/34
f 1397/47/35 1399/85/35 1400/86/35 1398/84/35
f 1399/85/36 1401/57/36 1402/87/36 1400/86/36
f 1401/57/37 1403/88/37 1404/89/37 1402/87/37
f 1403/88/38 1405/90/38 1406/91/38 1404/89/38
f 1405/90/39 1407/92/39 1408/93/39 1406/91/39
f 1407/92/40 1409/94/40 1410/95/40 1408/93/40
f 1409/94/41 1411/96/41 1412/97/41 1410/95/41
f 1411/96/42 1413/98/42 1414/99/42 1412/97/42
f 1413/98/43 1415/100/43 1416/101/43 1414/99/43
f 1415/100/44 1417/102/44 1418/103/44 1416/101/44
f 1417/102/45 1419/104/45 1420/105/45 1418/103/45
f 1419/104/46 1389/78/46 1392/77/46 1420/105/46
f 1419/60/5 1417/59/5 1415/58/5 1413/7/5
f 1419/60/5 1413/7/5 1411/62/5 1409/61/5
f 1419/60/5 1409/61/5 1407/63/5 1405/5/5
f 1419/60/5 1405/5/5 1403/65/5 1401/64/5
f 1419/60/5 1401/64/5 1399/67/5 1397/66/5
f 1419/60/5 1397/66/5 1395/69/5 1393/68/5
f 1419/60/5 1393/68/5 1390/71/5 1389/70/5
f 1392/70/6 1391/71/6 1394/68/6 1396/69/6
f 1392/70/6 1396/69/6 1398/66/6 1400/67/6
f 1392/70/6 1400/67/6 1402/64/6 1404/65/6
f 1392/70/6 1404/65/6 1406/5/6 1408/63/6
f 1392/70/6 1408/63/6 1410/61/6 1412/62/6
f 1392/70/6 1412/62/6 1414/7/6 1416/58/6
f 1392/70/6 1416/58/6 1418/59/6 1420/60/6
f 1421/4/31 1422/79/31 1423/80/31 1424/76/31
f 1422/79/32 1425/39/32 1426/81/32 1423/80/32
f 1425/39/33 1427/82/33 1428/83/33 1426/81/33
f 1427/82/34 1429/47/34 1430/84/34 1428/83/34
f 1429/47/35 1431/85/35 1432/86/35 1430/84/35
f 1431/85/36 1433/57/36 1434/87/36 1432/86/36
f 1433/57/37 1435/88/37 1436/89/37 1434/87/37
f 1435/88/38 1437/90/38 1438/91/38 1436/89/38
f 1437/90/39 1439/92/39 1440/93/39 1438/91/39
f 1439/92/40 1441/94/40 1442/95/40 1440/93/40
f 1441/94/41 1443/96/41 1444/97/41 1442/95/41
f 1443/96/42 1445/98/42 1446/99/42 1444/97/42
f 1445/98/43 1447/100/43 1448/101/43 1446/99/43
f 1447/100/44 1449/102/44 1450/103/44 1448/101/44
f 1449/102/45 1451/104/45 1452/105/45 1450/103/45
f 1451/104/46 1421/78/46 1424/77/46 1452/105/46
f 1451/60/5 1449/59/5 1447/58/5 1445/7/5
f 1451/60/5 1445/7/5 1443/62/5 1441/61/5
f 1451/60/5 1441/61/5 1439/63/5 1437/5/5
f 1451/60/5 1437/5/5 1435/65/5 1433/64/5
f 1451/60/5 1433/64/5 1431/67/5 1429/66/5
f 1451/60/5 1429/66/5 1427/69/5 1425/68/5
f 1451/60/5 1425/68/5 1422/71/5 1421/70/5
f 1424/70/6 1423/71/6 1426/68/6 1428/69/6
f 1424/70/6 1428/69/6 1430/66/6 1432/67/6
f 1424/70/6 1432/67/6 1434/64/6 1436/65/6
f 1424/70/6 1436/65/6 1438/5/6 1440/63/6
f 1424/70/6 1440/63/6 1442/61/6 1444/62/6
f 1424/70/6 1444/62/6 1446/7/6 1448/58/6
f 1424/70/6 1448/58/6 1450/59/6 1452/60/6
f 1541/76/1 1542/77/1 1543/78/1 1544/4/1
f 1545/4/2 1546/78/2 1547/77/2 1548/76/2
f 1548/77/3 1547/76/3 1542/4/3 1541/78/3
f 1546/77/4 1545/76/4 1544/4/4 1543/78/4
f 1545/77/5 1548/76/5 1541/4/5 1544/78/5
f 1547/77/6 1546/76/6 1543/4/6 1542/78/6
f 1549/76/1 1550/77/1 1551/78/1 1552/4/1
f 1553/4/2 1554/78/2 1555/77/2 1556/76/2
f 1556/77/3 1555/76/3 1550/4/3 1549/78/3
f 1554/77/4 1553/76/4 1552/4/4 1551/78/4
f 1553/77/5 1556/76/5 1549/4/5 1552/78/5
f 1555/77/6 1554/76/6 1551/4/6 1550/78/6
f 1557/4/31 1558/79/31 1559/80/31 1560/76/31
f 1558/79/32 1561/39/32 1562/81/32 1559/80/32
f 1561/39/33 1563/82/33 1564/83/33 1562/81/33
f 1563/82/34 1565/47/34 1566/84/34 1564/83/34
f 1565/47/35 1567/85/35 1568/86/35 1566/84/35
f 1567/85/36 1569/57/36 1570/87/36 1568/86/36
f 1569/57/37 1571/88/37 1572/89/37 1570/87/37
f 1571/88/38 1573/90/38 1574/91/38 1572/89/38
f 1573/90/39 1575/92/39 1576/93/39 1574/91/39
f 1575/92/40 1577/94/40 1578/95/40 1576/93/40
f 1577/94/41 1579/96/41 1580/97/41 1578/95/41
f 1579/96/42 1581/98/42 1582/99/42 1580/97/42
f 1581/98/43 1583/100/43 1584/101/43 1582/99/43
f 1583/100/44 1585/102/44 1586/103/44 1584/101/44
f 1585/102/45 1587/104/45 1588/105/45 1586/103/45
f 1587/104/46 1557/78/46 1560/77/46 1588/105/46
f 1587/60/5 1585/59/5 1583/58/5 1581/7/5
f 1587/60/5 1581/7/5 1579/62/5 1577/61/5
f 1587/60/5 1577/61/5 1575/63/5 1573/5/5
f 1587/60/5 1573/5/5 1571/65/5 1569/64/5
f 1587/60/5 1569/64/5 1567/67/5 1565/66/5
f 1587/60/5 1565/66/5 1563/69/5 1561/68/5
f 1587/60/5 1561/68/5 1558/71/5 1557/70/5
f 1560/70/6 1559/71/6 1562/68/6 1564/69/6
f 1560/70/6 1564/69/6 1566/66/6 1568/67/6
f 1560/70/6 1568/67/6 1570/64/6 1572/65/6
f 1560/70/6 1572/65/6 1574/5/6 1576/63/6
f 1560/70/6 1576/63/6 1578/61/6 1580/62/6
f 1560/70/6 1580/62/6 1582/7/6 1584/58/6
f 1560/70/6 1584/58/6 1586/59/6 1588/60/6
f 1589/4/31 1590/79/31 1591/80/31 1592/76/31
f 1590/79/32 1593/39/32 1594/81/32 1591/80/32
f 1593/39/33 1595/82/33 1596/83/33 1594/81/33
f 1595/82/34 1597/47/34 1598/84/34 1596/83/34
f 1597/47/35 1599/85/35 1600/86/35 1598/84/35
f 1599/85/36 1601/57/36 1602/87/36 1600/86/36
f 1601/57/37 1603/88/37 1604/89/37 1602/87/37
f 1603/88/38 1605/90/38 1606/91/38 1604/89/38
f 1605/90/39 1607/92/39 1608/93/39 1606/91/39
f 1607/92/40 1609/94/40 1610/95/40 1608/93/40
f 1609/94/41 1611/96/41 1612/97/41 1610/95/41
f 1611/96/42 1613/98/42 1614/99/42 1612/97/42
f 1613/98/43 1615/100/43 1616/101/43 1614/99/43
f 1615/100/44 1617/102/44 1618/103/44 1616/101/44
f 1617/102/45 1619/104/45 1620/105/45 1618/103/45
f 1619/104/46 1589/78/46 1592/77/46 1620/105/46
f 1619/60/5 1617/59/5 1615/58/5 1613/7/5
f 1619/60/5 1613/7/5 1611/62/5 1609/61/5
f 1619/60/5 1609/61/5 1607/63/5 1605/5/5
f 1619/60/5 1605/5/5 1603/65/5 1601/64/5
f 1619/60/5 1601/64/5 1599/67/5 1597/66/5
f 1619/60/5 1597/66/5 1595/69/5 1593/68/5
f 1619/60/5 1593/68/5 1590/71/5 1589/70/5
f 1592/70/6 1591/71/6 1594/68/6 1596/69/6
f 1592/70/6 1596/69/6 1598/66/6 1600/67/6
f 1592/70/6 1600/67/6 1602/64/6 1604/65/6
f 1592/70/6 1604/65/6 1606/5/6 1608/63/6
f 1592/70/6 1608/63/6 1610/61/6 1612/62/6
f 1592/70/6 1612/62/6 1614/7/6 1616/58/6
f 1592/70/6 1616/58/6 1618/59/6 1620/60/6
f 1709/76/1 1710/77/1 1711/78/1 1712/4/1
f 1713/4/2 1714/78/2 1715/77/2 1716/76/2
f 1716/77/3 1715/76/3 1710/4/3 1709/78/3
f 1714/77/4 1713/76/4 1712/4/4 1711/78/4
f 1713/77/5 1716/76/5 1709/4/5 1712/78/5
f 1715/77/6 1714/76/6 1711/4/6 1710/78/6
f 1717/76/1 1718/77/1 1719/78/1 1720/4/1
f 1721/4/2 1722/78/2 1723/77/2 1724/76/2
f 1724/77/3 1723/76/3 1718/4/3 1717/78/3
f 1722/77/4 1721/76/4 1720/4/4 1719/78/4
f 1721/77/5 1724/76/5 1717/4/5 1720/78/5
f 1723/77/6 1722/76/6 1719/4/6 1718/78/6
f 1725/4/31 1726/79/31 1727/80/31 1728/76/31
f 1726/79/32 1729/39/32 1730/81/32 1727/80/32
f 1729/39/33 1731/82/33 1732/83/33 1730/81/33
f 1731/82/34 1733/47/34 1734/84/34 1732/83/34
f 1733/47/35 1735/85/35 1736/86/35 1734/84/35
f 1735/85/36 1737/57/36 1738/87/36 1736/86/36
f 1737/57/37 1739/88/37 1740/89/37 1738/87/37
f 1739/88/38 1741/90/38 1742/91/38 1740/89/38
f 1741/90/39 1743/92/39 1744/93/39 1742/91/39
f 1743/92/40 1745/94/40 1746/95/40 1744/93/40
f 1745/94/41 1747/96/41 1748/97/41 1746/95/41
f 1747/96/42 1749/98/42 1750/99/42 1748/97/42
f 1749/98/43 1751/100/43 1752/101/43 1750/99/43
f 1751/100/44 1753/102/44 1754/103/44 1752/101/44
f 1753/102/45 1755/104/45 1756/105/45 1754/103/45
f 1755/104/46 1725/78/46 1728/77/46 1756/105/46
f 1755/60/5 1753/59/5 1751/58/5 1749/7/5
f 1755/60/5 1749/7/5 1747/62/5 1745/61/5
f 1755/60/5 1745/61/5 1743/63/5 1741/5/5
f 1755/60/5 1741/5/5 1739/65/5 1737/64/5
f 1755/60/5 1737/64/5 1735/67/5 1733/66/5
f 1755/60/5 1733/66/5 1731/69/5 1729/68/5
f 1755/60/5 1729/68/5 1726/71/5 1725/70/5
f 1728/70/6 1727/71/6 1730/68/6 1732/69/6
f 1728/70/6 1732/69/6 1734/66/6 1736/67/6
f 1728/70/6 1736/67/6 1738/64/6 1740/65/6
f 1728/70/6 1740/65/6 1742/5/6 1744/63/6
f 1728/70/6 1744/63/6 1746/61/6 1748/62/6
f 1728/70/6 1748/62/6 1750/7/6 1752/58/6
f 1728/70/6 1752/58/6 1754/59/6 1756/60/6
f 1757/4/31 1758/79/31 1759/80/31 1760/76/31
f 1758/79/32 1761/39/32 1762/81/32 1759/80/32
f 1761/39/33 1763/82/33 1764/83/33 1762/81/33
f 1763/82/34 1765/47/34 1766/84/34 1764/83/34
f 1765/47/35 1767/85/35 1768/86/35 1766/84/35
f 1767/85/36 1769/57/36 1770/87/36 1768/86/36
f 1769/57/37 1771/88/37 1772/89/37 1770/87/37
f 1771/88/38 1773/90/38 1774/91/38 1772/89/38
f 1773/90/39 1775/92/39 1776/93/39 1774/91/39
f 1775/92/40 1777/94/40 1778/95/40 1776/93/40
f 1777/94/41 1779/96/41 1780/97/41 1778/95/41
f 1779/96/42 1781/98/42 1782/99/42 1780/97/42
f 1781/98/43 1783/100/43 1784/101/43 1782/99/43
f 1783/100/44 1785/102/44 1786/103/44 1784/101/44
f 1785/102/45 1787/104/45 1788/105/45 1786/103/45
f 1787/104/46 1757/78/46 1760/77/46 1788/105/46
f 1787/60/5 1785/59/5 1783/58/5 1781/7/5
f 1787/60/5 1781/7/5 1779/62/5 1777/61/5
f 1787/60/5 1777/61/5 1775/63/5 1773/5/5
f 1787/60/5 1773/5/5 1771/65/5 1769/64/5
f 1787/60/5 1769/64/5 1767/67/5 1765/66/5
f 1787/60/5 1765/66/5 1763/69/5 1761/68/5
f 1787/60/5 1761/68/5 1758/71/5 1757/70/5
f 1760/70/6 1759/71/6 1762/68/6 1764/69/6
f 1760/70/6 1764/69/6 1766/66/6 1768/67/6
f 1760/70/6 1768/67/6 1770/64/6 1772/65/6
f 1760/70/6 1772/65/6 1774/5/6 1776/63/6
f 1760/70/6 1776/63/6 1778/61/6 1780/62/6
f 1760/70/6 1780/62/6 1782/7/6 1784/58/6
f 1760/70/6 1784/58/6 1786/59/6 1788/60/6
f 1877/76/1 1878/77/1 1879/78/1 1880/4/1
f 1881/4/2 1882/78/2 1883/77/2 1884/76/2
f 1884/77/3 1883/76/3 1878/4/3 1877/78/3
f 1882/77/4 1881/76/4 1880/4/4 1879/78/4
f 1881/77/5 1884/76/5 1877/4/5 1880/78/5
f 1883/77/6 1882/76/6 1879/4/6 1878/78/6
f 1885/76/1 1886/77/1 1887/78/1 1888/4/1
f 1889/4/2 1890/78/2 1891/77/2 1892/76/2
f 1892/77/3 1891/76/3 1886/4/3 1885/78/3
f 1890/77/4 1889/76/4 1888/4/4 1887/78/4
f 1889/77/5 1892/76/5 1885/4/5 1888/78/5
f 1891/77/6 1890/76/6 1887/4/6 1886/78/6
f 1893/4/31 1894/79/31 1895/80/31 1896/76/31
f 1894/79/32 1897/39/32 1898/81/32 1895/80/32
f 1897/39/33 1899/82/33 1900/83/33 1898/81/33
f 1899/82/34 1901/47/34 1902/84/34 1900/83/34
f 1901/47/35 1903/85/35 1904/86/35 1902/84/35
f 1903/85/36 1905/57/36 1906/87/36 1904/86/36
f 1905/57/37 1907/88/37 1908/89/37 1906/87/37
f 1907/88/38 1909/90/38 1910/91/38 1908/89/38
f 1909/90/39 1911/92/39 1912/93/39 1910/91/39
f 1911/92/40 1913/94/40 1914/95/40 1912/93/40
f 1913/94/41 1915/96/41 1916/97/41 1914/95/41
f 1915/96/42 1917/98/42 1918/99/42 1916/97/42
f 1917/98/43 1919/100/43 1920/101/43 1918/99/43
f 1919/100/44 1921/102/44 1922/103/44 1920/101/44
f 1921/102/45 1923/104/45 1924/105/45 1922/103/45
f 1923/104/46 1893/78/46 1896/77/46 1924/105/46
f 1923/60/5 1921/59/5 1919/58/5 1917/7/5
f 1923/60/5 1917/7/5 1915/62/5 1913/61/5
f 1923/60/5 1913/61/5 1911/63/5 1909/5/5
f 1923/60/5 1909/5/5 1907/65/5 1905/64/5
f 1923/60/5 1905/64/5 1903/67/5 1901/66/5
f 1923/60/5 1901/66/5 1899/69/5 1897/68/5
f 1923/60/5 1897/68/5 1894/71/5 1893/70/5
f 1896/70/6 1895/71/6 1898/68/6 1900/69/6
f 1896/70/6 1900/69/6 1902/66/6 1904/67/6
f 1896/70/6 1904/67/6 1906/64/6 1908/65/6
f 1896/70/6 1908/65/6 1910/5/6 1912/63/6
f 1896/70/6 1912/63/6 1914/61/6 1916/62/6
f 1896/70/6 1916/62/6 1918/7/6 1920/58/6
f 1896/70/6 1920/58/6 1922/59/6 1924/60/6
f 1925/4/31 1926/79/31 1927/80/31 1928/76/31
f 1926/79/32 1929/39/32 1930/81/32 1927/80/32
f 1929/39/33 1931/82/33 1932/83/33 1930/81/33
f 1931/82/34 1933/47/34 1934/84/34 1932/83/34
f 1933/47/35 1935/85/35 1936/86/35 1934/84/35
f 1935/85/36 1937/57/36 1938/87/36 1936/86/36
f 1937/57/37 1939/88/37 1940/89/37 1938/87/37
f 1939/88/38 1941/90/38 1942/91/38 1940/89/38
f 1941/90/39 1943/92/39 1944/93/39 1942/91/39
f 1943/92/40 1945/94/40 1946/95/40 1944/93/40
f 1945/94/41 1947/96/41 1948/97/41 1946/95/41
f 1947/96/42 1949/98/42 1950/99/42 1948/97/42
f 1949/98/43 1951/100/43 1952/101/43 1950/99/43
f 1951/100/44 1953/102/44 1954/103/44 1952/101/44
f 1953/102/45 1955/104/45 1956/105/45 1954/103/45
f 1955/104/46 1925/78/46 1928/77/46 1956/105/46
f 1955/60/5 1953/59/5 1951/58/5 1949/7/5
f 1955/60/5 1949/7/5 1947/62/5 1945/61/5
f 1955/60/5 1945/61/5 1943/63/5 1941/5/5
f 1955/60/5 1941/5/5 1939/65/5 1937/64/5
f 1955/60/5 1937/64/5 1935/67/5 1933/66/5
f 1955/60/5 1933/66/5 1931/69/5 1929/68/5
f 1955/60/5 1929/68/5 1926/71/5 1925/70/5
f 1928/70/6 1927/71/6 1930/68/6 1932/69/6
f 1928/70/6 1932/69/6 1934/66/6 1936/67/6
f 1928/70/6 1936/67/6 1938/64/6 1940/65/6
f 1928/70/6 1940/65/6 1942/5/6 1944/63/6
f 1928/70/6 1944/63/6 1946/61/6 1948/62/6
f 1928/70/6 1948/62/6 1950/7/6 1952/58/6
f 1928/70/6 1952/58/6 1954/59/6 1956/60/6
f 2045/76/1 2046/77/1 2047/78/1 2048/4/1
f 2049/4/2 2050/78/2 2051/77/2 2052/76/2
f 2052/77/3 2051/76/3 2046/4/3 2045/78/3
f 2050/77/4 2049/76/4 2048/4/4 2047/78/4
f 2049/77/5 2052/76/5 2045/4/5 2048/78/5
f 2051/77/6 2050/76/6 2047/4/6 2046/78/6
f 2053/76/1 2054/77/1 2055/78/1 2056/4/1
f 2057/4/2 2058/78/2 2059/77/2 2060/76/2
f 2060/77/3 2059/76/3 2054/4/3 2053/78/3
f 2058/77/4 2057/76/4 2056/4/4 2055/78/4
f 2057/77/5 2060/76/5 2053/4/5 2056/78/5
f 2059/77/6 2058/76/6 2055/4/6 2054/78/6
f 2061/4/31 2062/79/31 2063/80/31 2064/76/31
f 2062/79/32 2065/39/32 2066/81/32 2063/80/32
f 2065/39/33 2067/82/33 2068/83/33 2066/81/33
f 2067/82/34 2069/47/34 2070/84/34 2068/83/34
f 2069/47/35 2071/85/35 2072/86/35 2070/84/35
f 2071/85/36 2073/57/36 2074/87/36 2072/86/36
f 2073/57/37 2075/88/37 2076/89/37 2074/87/37
f 2075/88/38 2077/90/38 2078/91/38 2076/89/38
f 2077/90/39 2079/92/39 2080/93/39 2078/91/39
f 2079/92/40 2081/94/40 2082/95/40 2080/93/40
f 2081/94/41 2083/96/41 2084/97/41 2082/95/41
f 2083/96/42 2085/98/42 2086/99/42 2084/97/42
f 2085/98/43 2087/100/43 2088/101/43 2086/99/43
f 2087/100/44 2089/102/44 2090/103/44 2088/101/44
f 2089/102/45 2091/104/45 2092/105/45 2090/103/45
f 2091/104/46 2061/78/46 2064/77/46 2092/105/46
f 2091/60/5 2089/59/5 2087/58/5 2085/7/5
f 2091/60/5 2085/7/5 2083/62/5 2081/61/5
f 2091/60/5 2081/61/5 2079/63/5 2077/5/5
f 2091/60/5 2077/5/5 2075/65/5 2073/64/5
f 2091/60/5 2073/64/5 2071/67/5 2069/66/5
f 2091/60/5 2069/66/5 2067/69/5 2065/68/5
f 2091/60/5 2065/68/5 2062/71/5 2061/70/5
f 2064/70/6 2063/71/6 2066/68/6 2068/69/6
f 2064/70/6 2068/69/6 2070/66/6 2072/67/6
f 2064/70/6 2072/67/6 2074/64/6 2076/65/6
f 2064/70/6 2076/65/6 2078/5/6 2080/63/6
f 2064/70/6 2080/63/6 2082/61/6 2084/62/6
f 2064/70/6 2084/62/6 2086/7/6 2088/58/6
f 2064/70/6 2088/58/6 2090/59/6 2092/60/6
f 2093/4/31 2094/79/31 2095/80/31 2096/76/31
f 2094/79/32 2097/39/32 2098/81/32 2095/80/32
f 2097/39/33 2099/82/33 2100/83/33 2098/81/33
f 2099/82/34 2101/47/34 2102/84/34 2100/83/34
f 2101/47/35 2103/85/35 2104/86/35 2102/84/35
f 2103/85/36 2105/57/36 2106/87/36 2104/86/36
f 2105/57/37 2107/88/37 2108/89/37 2106/87/37
f 2107/88/38 2109/90/38 2110/91/38 2108/89/38
f 2109/90/39 2111/92/39 2112/93/39 2110/91/39
f 2111/92/40 2113/94/40 2114/95/40 2112/93/40
f 2113/94/41 2115/96/41 2116/97/41 2114/95/41
f 2115/96/42 2117/98/42 2118/99/42 2116/97/42
f 2117/98/43 2119/100/43 2120/101/43 2118/99/43
f 2119/100/44 2121/102/44 2122/103/44 2120/101/44
f 2121/102/45 2123/104/45 2124/105/45 2122/103/45
f 2123/104/46 2093/78/46 2096/77/46 2124/105/46
f 2123/60/5 2121/59/5 2119/58/5 2117/7/5
f 2123/60/5 2117/7/5 2115/62/5 2113/61/5
f 2123/60/5 2113/61/5 2111/63/5 2109/5/5
f 2123/60/5 2109/5/5 2107/65/5 2105/64/5
f 2123/60/5 2105/64/5 2103/67/5 2101/66/5
f 2123/60/5 2101/66/5 2099/69/5 2097/68/5
f 2123/60/5 2097/68/5 2094/71/5 2093/70/5
f 2096/70/6 2095/71/6 2098/68/6 2100/69/6
f 2096/70/6 2100/69/6 2102/66/6 2104/67/6
f 2096/70/6 2104/67/6 2106/64/6 2108/65/6
f 2096/70/6 2108/65/6 2110/5/6 2112/63/6
f 2096/70/6 2112/63/6 2114/61/6 2116/62/6
f 2096/70/6 2116/62/6 2118/7/6 2120/58/6
f 2096/70/6 2120/58/6 2122/59/6 2124/60/6
f 2213/76/1 2214/77/1 2215/78/1 2216/4/1
f 2217/4/2 2218/78/2 2219/77/2 2220/76/2
f 2220/77/3 2219/76/3 2214/4/3 2213/78/3
f 2218/77/4 2217/76/4 2216/4/4 2215/78/4
f 2217/77/5 2220/76/5 2213/4/5 2216/78/5
f 2219/77/6 2218/76/6 2215/4/6 2214/78/6
f 2221/76/1 2222/77/1 2223/78/1 2224/4/1
f 2225/4/2 2226/78/2 2227/77/2 2228/76/2
f 2228/77/3 2227/76/3 2222/4/3 2221/78/3
f 2226/77/4 2225/76/4 2224/4/4 2223/78/4
f 2225/77/5 2228/76/5 2221/4/5 2224/78/5
f 2227/77/6 2226/76/6 2223/4/6 2222/78/6
f 2229/4/31 2230/79/31 2231/80/31 2232/76/31
f 2230/79/32 2233/39/32 2234/81/32 2231/80/32
f 2233/39/33 2235/82/33 2236/83/33 2234/81/33
f 2235/82/34 2237/47/34 2238/84/34 2236/83/34
f 2237/47/35 2239/85/35 2240/86/35 2238/84/35
f 2239/85/36 2241/57/36 2242/87/36 2240/86/36
f 2241/57/37 2243/88/37 2244/89/37 2242/87/37
f 2243/88/38 2245/90/38 2246/91/38 2244/89/38
f 2245/90/39 2247/92/39 2248/93/39 2246/91/39
f 2247/92/40 2249/94/40 2250/95/40 2248/93/40
f 2249/94/41 2251/96/41 2252/97/41 2250/95/41
f 2251/96/42 2253/98/42 2254/99/42 2252/97/42
f 2253/98/43 2255/100/43 2256/101/43 2254/99/43
f 2255/100/44 2257/102/44 2258/103/44 2256/101/44
f 2257/102/45 2259/104/45 2260/105/45 2258/103/45
f 2259/104/46 2229/78/46 2232/77/46 2260/105/46
f 2259/60/5 2257/59/5 2255/58/5 2253/7/5
f 2259/60/5 2253/7/5 2251/62/5 2249/61/5
f 2259/60/5 2249/61/5 2247/63/5 2245/5/5
f 2259/60/5 2245/5/5 2243/65/5 2241/64/5
f 2259/60/5 2241/64/5 2239/67/5 2237/66/5
f 2259/60/5 2237/66/5 2235/69/5 2233/68/5
f 2259/60/5 2233/68/5 2230/71/5 2229/70/5
f 2232/70/6 2231/71/6 2234/68/6 2236/69/6
f 2232/70/6 2236/69/6 2238/66/6 2240/67/6
f 2232/70/6 2240/67/6 2242/64/6 2244/65/6
f 2232/70/6 2244/65/6 2246/5/6 2248/63/6
f 2232/70/6 2248/63/6 2250/61/6 2252/62/6
f 2232/70/6 2252/62/6 2254/7/6 2256/58/6
f 2232/70/6 2256/58/6 2258/59/6 2260/60/6
f 2261/4/31 2262/79/31 2263/80/31 2264/76/31
f 2262/79/32 2265/39/32 2266/81/32 2263/80/32
f 2265/39/33 2267/82/33 2268/83/33 2266/81/33
f 2267/82/34 2269/47/34 2270/84/34 2268/83/34
f 2269/47/35 2271/85/35 2272/86/35 2270/84/35
f 2271/85/36 2273/57/36 2274/87/36 2272/86/36
f 2273/57/37 2275/88/37 2276/89/37 2274/87/37
f 2275/88/38 2277/90/38 2278/91/38 2276/89/38
f 2277/90/39 2279/92/39 2280/93/39 2278/91/39
f 2279/92/40 2281/94/40 2282/95/40 2280/93/40
f 2281/94/41 2283/96/41 2284/97/41 2282/95/41
f 2283/96/42 2285/98/42 2286/99/42 2284/97/42
f 2285/98/43 2287/100/43 2288/101/43 2286/99/43
f 2287/100/44 2289/102/44 2290/103/44 2288/101/44
f 2289/102/45 2291/104/45 2292/105/45 2290/103/45
f 2291/104/46 2261/78/46 2264/77/46 2292/105/46
f 2291/60/5 2289/59/5 2287/58/5 2285/7/5
f 2291/60/5 2285/7/5 2283/62/5 2281/61/5
f 2291/60/5 2281/61/5 2279/63/5 2277/5/5
f 2291/60/5 2277/5/5 2275/65/5 2273/64/5
f 2291/60/5 2273/64/5 2271/67/5 2269/66/5
f 2291/60/5 2269/66/5 2267/69/5 2265/68/5
f 2291/60/5 2265/68/5 2262/71/5 2261/70/5
f 2264/70/6 2263/71/6 2266/68/6 2268/69/6
f 2264/70/6 2268/69/6 2270/66/6 2272/67/6
f 2264/70/6 2272/67/6 2274/64/6 2276/65/6
f 2264/70/6 2276/65/6 2278/5/6 2280/63/6
f 2264/70/6 2280/63/6 2282/61/6 2284/62/6
f 2264/70/6 2284/62/6 2286/7/6 2288/58/6
f 2264/70/6 2288/58/6 2290/59/6 2292/60/6
f 2381/76/1 2382/77/1 2383/78/1 2384/4/1
f 2385/4/2 2386/78/2 2387/77/2 2388/76/2
f 2388/77/3 2387/76/3 2382/4/3 2381/78/3
f 2386/77/4 2385/76/4 2384/4/4 2383/78/4
f 2385/77/5 2388/76/5 2381/4/5 2384/78/5
f 2387/77/6 2386/76/6 2383/4/6 2382/78/6
f 2389/76/1 2390/77/1 2391/78/1 2392/4/1
f 2393/4/2 2394/78/2 2395/77/2 2396/76/2
f 2396/77/3 2395/76/3 2390/4/3 2389/78/3
f 2394/77/4 2393/76/4 2392/4/4 2391/78/4
f 2393/77/5 2396/76/5 2389/4/5 2392/78/5
f 2395/77/6 2394/76/6 2391/4/6 2390/78/6
f 2397/4/31 2398/79/31 2399/80/31 2400/76/31
f 2398/79/32 2401/39/32 2402/81/32 2399/80/32
f 2401/39/33 2403/82/33 2404/83/33 2402/81/33
f 2403/82/34 2405/47/34 2406/84/34 2404/83/34
f 2405/47/35 2407/85/35 2408/86/35 2406/84/35
f 2407/85/36 2409/57/36 2410/87/36 2408/86/36
f 2409/57/37 2411/88/37 2412/89/37 2410/87/37
f 2411/88/38 2413/90/38 2414/91/38 2412/89/38
f 2413/90/39 2415/92/39 2416/93/39 2414/91/39
f 2415/92/40 2417/94/40 2418/95/40 2416/93/40
f 2417/94/41 2419/96/41 2420/97/41 2418/95/41
f 2419/96/42 2421/98/42 2422/99/42 2420/97/42
f 2421/98/43 2423/100/43 2424/101/43 2422/99/43
f 2423/100/44 2425/102/44 2426/103/44 2424/101/44
f 2425/102/45 2427/104/45 2428/105/45 2426/103/45
f 2427/104/46 2397/78/46 2400/77/46 2428/105/46
f 2427/60/5 2425/59/5 2423/58/5 2421/7/5
f 2427/60/5 2421/7/5 2419/62/5 2417/61/5
f 2427/60/5 2417/61/5 2415/63/5 2413/5/5
f 2427/60/5 2413/5/5 2411/65/5 2409/64/5
f 2427/60/5 2409/64/5 2407/67/5 2405/66/5
f 2427/60/5 2405/66/5 2403/69/5 2401/68/5
f 2427/60/5 2401/68/5 2398/71/5 2397/70/5
f 2400/70/6 2399/71/6 2402/68/6 2404/69/6
f 2400/70/6 2404/69/6 2406/66/6 2408/67/6
f 2400/70/6 2408/67/6 2410/64/6 2412/65/6
f 2400/70/6 2412/65/6 2414/5/6 2416/63/6
f 2400/70/6 2416/63/6 2418/61/6 2420/62/6
f 2400/70/6 2420/62/6 2422/7/6 2424/58/6
f 2400/70/6 2424/58/6 2426/59/6 2428/60/6
f 2429/4/31 2430/79/31 2431/80/31 2432/76/31
f 2430/79/32 2433/39/32 2434/81/32 2431/80/32
f 2433/39/33 2435/82/33 2436/83/33 2434/81/33
f 2435/82/34 2437/47/34 2438/84/34 2436/83/34
f 2437/47/35 2439/85/35 2440/86/35 2438/84/35
f 2439/85/36 2441/57/36 2442/87/36 2440/86/36
f 2441/57/37 2443/88/37 2444/89/37 2442/87/37
f 2443/88/38 2445/90/38 2446/91/38 2444/89/38
f 2445/90/39 2447/92/39 2448/93/39 2446/91/39
f 2447/92/40 2449/94/40 2450/95/40 2448/93/40
f 2449/94/41 2451/96/41 2452/97/41 2450/95/41
f 2451/96/42 2453/98/42 2454/99/42 2452/97/42
f 2453/98/43 2455/100/43 2456/101/43 2454/99/43
f 2455/100/44 2457/102/44 2458/103/44 2456/101/44
f 2457/102/45 2459/104/45 2460/105/45 2458/103/45
f 2459/104/46 2429/78/46 2432/77/46 2460/105/46
f 2459/60/5 2457/59/5 2455/58/5 2453/7/5
f 2459/60/5 2453/7/5 2451/62/5 2449/61/5
f 2459/60/5 2449/61/5 2447/63/5 2445/5/5
f 2459/60/5 2445/5/5 2443/65/5 2441/64/5
f 2459/60/5 2441/64/5 2439/67/5 2437/66/5
f 2459/60/5 2437/66/5 2435/69/5 2433/68/5
f 2459/60/5 2433/68/5 2430/71/5 2429/70/5
f 2432/70/6 2431/71/6 2434/68/6 2436/69/6
f 2432/70/6 2436/69/6 2438/66/6 2440/67/6
f 2432/70/6 2440/67/6 2442/64/6 2444/65/6
f 2432/70/6 2444/65/6 2446/5/6 2448/63/6
f 2432/70/6 2448/63/6 2450/61/6 2452/62/6
f 2432/70/6 2452/62/6 2454/7/6 2456/58/6
f 2432/70/6 2456/58/6 2458/59/6 2460/60/6
f 2549/76/1 2550/77/1 2551/78/1 2552/4/1
f 2553/4/2 2554/78/2 2555/77/2 2556/76/2
f 2556/77/3 2555/76/3 2550/4/3 2549/78/3
f 2554/77/4 2553/76/4 2552/4/4 2551/78/4
f 2553/77/5 2556/76/5 2549/4/5 2552/78/5
f 2555/77/6 2554/76/6 2551/4/6 2550/78/6
f 2557/76/1 2558/77/1 2559/78/1 2560/4/1
f 2561/4/2 2562/78/2 2563/77/2 2564/76/2
f 2564/77/3 2563/76/3 2558/4/3 2557/78/3
f 2562/77/4 2561/76/4 2560/4/4 2559/78/4
f 2561/77/5 2564/76/5 2557/4/5 2560/78/5
f 2563/77/6 2562/76/6 2559/4/6 2558/78/6
f 2565/4/31 2566/79/31 2567/80/31 2568/76/31
f 2566/79/32 2569/39/32 2570/81/32 2567/80/32
f 2569/39/33 2571/82/33 2572/83/33 2570/81/33
f 2571/82/34 2573/47/34 2574/84/34 2572/83/34
f 2573/47/35 2575/85/35 2576/86/35 2574/84/35
f 2575/85/36 2577/57/36 2578/87/36 2576/86/36
f 2577/57/37 2579/88/37 2580/89/37 2578/87/37
f 2579/88/38 2581/90/38 2582/91/38 2580/89/38
f 2581/90/39 2583/92/39 2584/93/39 2582/91/39
f 2583/92/40 2585/94/40 2586/95/40 2584/93/40
f 2585/94/41 2587/96/41 2588/97/41 2586/95/41
f 2587/96/42 2589/98/42 2590/99/42 2588/97/42
f 2589/98/43 2591/100/43 2592/101/43 2590/99/43
f 2591/100/44 2593/102/44 2594/103/44 2592/101/44
f 2593/102/45 2595/104/45 2596/105/45 2594/103/45
f 2595/104/46 2565/78/46 2568/77/46 2596/105/46
f 2595/60/5 2593/59/5 2591/58/5 2589/7/5
f 2595/60/5 2589/7/5 2587/62/5 2585/61/5
f 2595/60/5 2585/61/5 2583/63/5 2581/5/5
f 2595/60/5 2581/5/5 2579/65/5 2577/64/5
f 2595/60/5 2577/64/5 2575/67/5 2573/66/5
f 2595/60/5 2573/66/5 2571/69/5 2569/68/5
f 2595/60/5 2569/68/5 2566/71/5 2565/70/5
f 2568/70/6 2567/71/6 2570/68/6 2572/69/6
f 2568/70/6 2572/69/6 2574/66/6 2576/67/6
f 2568/70/6 2576/67/6 2578/64/6 2580/65/6
f 2568/70/6 2580/65/6 2582/5/6 2584/63/6
f 2568/70/6 2584/63/6 2586/61/6 2588/62/6
f 2568/70/6 2588/62/6 2590/7/6 2592/58/6
f 2568/70/6 2592/58/6 2594/59/6 2596/60/6
f 2597/4/31 2598/79/31 2599/80/31 2600/76/31
f 2598/79/32 2601/39/32 2602/81/32 2599/80/32
f 2601/39/33 2603/82/33 2604/83/33 2602/81/33
f 2603/82/34 2605/47/34 2606/84/34 2604/83/34
f 2605/47/35 2607/85/35 2608/86/35 2606/84/35
f 2607/85/36 2609/57/36 2610/87/36 2608/86/36
f 2609/57/37 2611/88/37 2612/89/37 2610/87/37
f 2611/88/38 2613/90/38 2614/91/38 2612/89/38
f 2613/90/39 2615/92/39 2616/93/39 2614/91/39
f 2615/92/40 2617/94/40 2618/95/40 2616/93/40
f 2617/94/41 2619/96/41 2620/97/41 2618/95/41
f 2619/96/42 2621/98/42 2622/99/42 2620/97/42
f 2621/98/43 2623/100/43 2624/101/43 2622/99/43
f 2623/100/44 2625/102/44 2626/103/44 2624/101/44
f 2625/102/45 2627/104/45 2628/105/45 2626/103/45
f 2627/104/46 2597/78/46 2600/77/46 2628/105/46
f 2627/60/5 2625/59/5 2623/58/5 2621/7/5
f 2627/60/5 2621/7/5 2619/62/5 2617/61/5
f 2627/60/5 2617/61/5 2615/63/5 2613/5/5
f 2627/60/5 2613/5/5 2611/65/5 2609/64/5
f 2627/60/5 2609/64/5 2607/67/5 2605/66/5
f 2627/60/5 2605/66/5 2603/69/5 2601/68/5
f 2627/60/5 2601/68/5 2598/71/5 2597/70/5
f 2600/70/6 2599/71/6 2602/68/6 2604/69/6
f 2600/70/6 2604/69/6 2606/66/6 2608/67/6
f 2600/70/6 2608/67/6 2610/64/6 2612/65/6
f 2600/70/6 2612/65/6 2614/5/6 2616/63/6
f 2600/70/6 2616/63/6 2618/61/6 2620/62/6
f 2600/70/6 2620/62/6 2622/7/6 2624/58/6
f 2600/70/6 2624/58/6 2626/59/6 2628/60/6
usemtl fin
f 1453/106/1 1454/107/1 1455/108/1 1456/4/1
f 1457/4/2 1458/108/2 1459/107/2 1460/106/2
f 1460/107/3 1459/106/3 1454/4/3 1453/108/3
f 1458/107/4 1457/106/4 1456/4/4 1455/108/4
f 1457/107/5 1460/106/5 1453/4/5 1456/108/5
f 1459/107/6 1458/106/6 1455/4/6 1454/108/6
f 1461/106/1 1462/107/1 1463/108/1 1464/4/1
f 1465/4/2 1466/108/2 1467/107/2 1468/106/2
f 1468/107/3 1467/106/3 1462/4/3 1461/108/3
f 1466/107/4 1465/106/4 1464/4/4 1463/108/4
f 1465/107/5 1468/106/5 1461/4/5 1464/108/5
f 1467/107/6 1466/106/6 1463/4/6 1462/108/6
f 1469/106/1 1470/107/1 1471/108/1 1472/4/1
f 1473/4/2 1474/108/2 1475/107/2 1476/106/2
f 1476/107/3 1475/106/3 1470/4/3 1469/108/3
f 1474/107/4 1473/106/4 1472/4/4 1471/108/4
f 1473/107/5 1476/106/5 1469/4/5 1472/108/5
f 1475/107/6 1474/106/6 1471/4/6 1470/108/6
f 1477/106/1 1478/107/1 1479/108/1 1480/4/1
f 1481/4/2 1482/108/2 1483/107/2 1484/106/2
f 1484/107/3 1483/106/3 1478/4/3 1477/108/3
f 1482/107/4 1481/106/4 1480/4/4 1479/108/4
f 1481/107/5 1484/106/5 1477/4/5 1480/108/5
f 1483/107/6 1482/106/6 1479/4/6 1478/108/6
f 1485/106/1 1486/107/1 1487/108/1 1488/4/1
f 1489/4/2 1490/108/2 1491/107/2 1492/106/2
f 1492/107/3 1491/106/3 1486/4/3 1485/108/3
f 1490/107/4 1489/106/4 1488/4/4 1487/108/4
f 1489/107/5 1492/106/5 1485/4/5 1488/108/5
f 1491/107/6 1490/106/6 1487/4/6 1486/108/6
f 1493/106/1 1494/107/1 1495/108/1 1496/4/1
f 1497/4/2 1498/108/2 1499/107/2 1500/106/2
f 1500/107/3 1499/106/3 1494/4/3 1493/108/3
f 1498/107/4 1497/106/4 1496/4/4 1495/108/4
f 1497/107/5 1500/106/5 1493/4/5 1496/108/5
f 1499/107/6 1498/106/6 1495/4/6 1494/108/6
f 1501/106/1 1502/107/1 1503/108/1 1504/4/1
f 1505/4/2 1506/108/2 1507/107/2 1508/106/2
f 1508/107/3 1507/106/3 1502/4/3 1501/108/3
f 1506/107/4 1505/106/4 1504/4/4 1503/108/4
f 1505/107/5 1508/106/5 1501/4/5 1504/108/5
f 1507/107/6 1506/106/6 1503/4/6 1502/108/6
f 1509/106/1 1510/107/1 1511/108/1 1512/4/1
f 1513/4/2 1514/108/2 1515/107/2 1516/106/2
f 1516/107/3 1515/106/3 1510/4/3 1509/108/3
f 1514/107/4 1513/106/4 1512/4/4 1511/108/4
f 1513/107/5 1516/106/5 1509/4/5 1512/108/5
f 1515/107/6 1514/106/6 1511/4/6 1510/108/6
f 1517/106/1 1518/107/1 1519/108/1 1520/4/1
f 1521/4/2 1522/108/2 1523/107/2 1524/106/2
f 1524/107/3 1523/106/3 1518/4/3 1517/108/3
f 1522/107/4 1521/106/4 1520/4/4 1519/108/4
f 1521/107/5 1524/106/5 1517/4/5 1520/108/5
f 1523/107/6 1522/106/6 1519/4/6 1518/108/6
f 1525/106/1 1526/107/1 1527/108/1 1528/4/1
f 1529/4/2 1530/108/2 1531/107/2 1532/106/2
f 1532/107/3 1531/106/3 1526/4/3 1525/108/3
f 1530/107/4 1529/106/4 1528/4/4 1527/108/4
f 1529/107/5 1532/106/5 1525/4/5 1528/108/5
f 1531/107/6 1530/106/6 1527/4/6 1526/108/6
f 1533/106/1 1534/107/1 1535/108/1 1536/4/1
f 1537/4/2 1538/108/2 1539/107/2 1540/106/2
f 1540/107/3 1539/106/3 1534/4/3 1533/108/3
f 1538/107/4 1537/106/4 1536/4/4 1535/108/4
f 1537/107/5 1540/106/5 1533/4/5 1536/108/5
f 1539/107/6 1538/106/6 1535/4/6 1534/108/6
f 1621/106/1 1622/107/1 1623/108/1 1624/4/1
f 1625/4/2 1626/108/2 1627/107/2 1628/106/2
f 1628/107/3 1627/106/3 1622/4/3 1621/108/3
f 1626/107/4 1625/106/4 1624/4/4 1623/108/4
f 1625/107/5 1628/106/5 1621/4/5 1624/108/5
f 1627/107/6 1626/106/6 1623/4/6 1622/108/6
f 1629/106/1 1630/107/1 1631/108/1 1632/4/1
f 1633/4/2 1634/108/2 1635/107/2 1636/106/2
f 1636/107/3 1635/106/3 1630/4/3 1629/108/3
f 1634/107/4 1633/106/4 1632/4/4 1631/108/4
f 1633/107/5 1636/106/5 1629/4/5 1632/108/5
f 1635/107/6 1634/106/6 1631/4/6 1630/108/6
f 1637/106/1 1638/107/1 1639/108/1 1640/4/1
f 1641/4/2 1642/108/2 1643/107/2 1644/106/2
f 1644/107/3 1643/106/3 1638/4/3 1637/108/3
f 1642/107/4 1641/106/4 1640/4/4 1639/108/4
f 1641/107/5 1644/106/5 1637/4/5 1640/108/5
f 1643/107/6 1642/106/6 1639/4/6 1638/108/6
f 1645/106/1 1646/107/1 1647/108/1 1648/4/1
f 1649/4/2 1650/108/2 1651/107/2 1652/106/2
f 1652/107/3 1651/106/3 1646/4/3 1645/108/3
f 1650/107/4 1649/106/4 1648/4/4 1647/108/4
f 1649/107/5 1652/106/5 1645/4/5 1648/108/5
f 1651/107/6 1650/106/6 1647/4/6 1646/108/6
f 1653/106/1 1654/107/1 1655/108/1 1656/4/1
f 1657/4/2 1658/108/2 1659/107/2 1660/106/2
f 1660/107/3 1659/106/3 1654/4/3 1653/108/3
f 1658/107/4 1657/106/4 1656/4/4 1655/108/4
f 1657/107/5 1660/106/5 1653/4/5 1656/108/5
f 1659/107/6 1658/106/6 1655/4/6 1654/108/6
f 1661/106/1 1662/107/1 1663/108/1 1664/4/1
f 1665/4/2 1666/108/2 1667/107/2 1668/106/2
f 1668/107/3 1667/106/3 1662/4/3 1661/108/3
f 1666/107/4 1665/106/4 1664/4/4 1663/108/4
f 1665/107/5 1668/106/5 1661/4/5 1664/108/5
f 1667/107/6 1666/106/6 1663/4/6 1662/108/6
f 1669/106/1 1670/107/1 1671/108/1 1672/4/1
f 1673/4/2 1674/108/2 1675/107/2 1676/106/2
f 1676/107/3 1675/106/3 1670/4/3 1669/108/3
f 1674/107/4 1673/106/4 1672/4/4 1671/108/4
f 1673/107/5 1676/106/5 1669/4/5 1672/108/5
f 1675/107/6 1674/106/6 1671/4/6 1670/108/6
f 1677/106/1 1678/107/1 1679/108/1 1680/4/1
f 1681/4/2 1682/108/2 1683/107/2 1684/106/2
f 1684/107/3 1683/106/3 1678/4/3 1677/108/3
f 1682/107/4 1681/106/4 1680/4/4 1679/108/4
f 1681/107/5 1684/106/5 1677/4/5 1680/108/5
f 1683/107/6 1682/106/6 1679/4/6 1678/108/6
f 1685/106/1 1686/107/1 1687/108/1 1688/4/1
f 1689/4/2 1690/108/2 1691/107/2 1692/106/2
f 1692/107/3 1691/106/3 1686/4/3 1685/108/3
f 1690/107/4 1689/106/4 1688/4/4 1687/108/4
f 1689/107/5 1692/106/5 1685/4/5 1688/108/5
f 1691/107/6 1690/106/6 1687/4/6 1686/108/6
f 1693/106/1 1694/107/1 1695/108/1 1696/4/1
f 1697/4/2 1698/108/2 1699/107/2 1700/106/2
f 1700/107/3 1699/106/3 1694/4/3 1693/108/3
f 1698/107/4 1697/106/4 1696/4/4 1695/108/4
f 1697/107/5 1700/106/5 1693/4/5 1696/108/5
f 1699/107/6 1698/106/6 1695/4/6 1694/108/6
f 1701/106/1 1702/107/1 1703/108/1 1704/4/1
f 1705/4/2 1706/108/2 1707/107/2 1708/106/2
f 1708/107/3 1707/106/3 1702/4/3 1701/108/3
f 1706/107/4 1705/106/4 1704/4/4 1703/108/4
f 1705/107/5 1708/106/5 1701/4/5 1704/108/5
f 1707/107/6 1706/106/6 1703/4/6 1702/108/6
f 1789/106/1 1790/107/1 1791/108/1 1792/4/1
f 1793/4/2 1794/108/2 1795/107/2 1796/106/2
f 1796/107/3 1795/106/3 1790/4/3 1789/108/3
f 1794/107/4 1793/106/4 1792/4/4 1791/108/4
f 1793/107/5 1796/106/5 1789/4/5 1792/108/5
f 1795/107/6 1794/106/6 1791/4/6 1790/108/6
f 1797/106/1 1798/107/1 1799/108/1 1800/4/1
f 1801/4/2 1802/108/2 1803/107/2 1804/106/2
f 1804/107/3 1803/106/3 1798/4/3 1797/108/3
f 1802/107/4 1801/106/4 1800/4/4 1799/108/4
f 1801/107/5 1804/106/5 1797/4/5 1800/108/5
f 1803/107/6 1802/106/6 1799/4/6 1798/108/6
f 1805/106/1 1806/107/1 1807/108/1 1808/4/1
f 1809/4/2 1810/108/2 1811/107/2 1812/106/2
f 1812/107/3 1811/106/3 1806/4/3 1805/108/3
f 1810/107/4 1809/106/4 1808/4/4 1807/108/4
f 1809/107/5 1812/106/5 1805/4/5 1808/108/5
f 1811/107/6 1810/106/6 1807/4/6 1806/108/6
f 1813/106/1 1814/107/1 1815/108/1 1816/4/1
f 1817/4/2 1818/108/2 1819/107/2 1820/106/2
f 1820/107/3 1819/106/3 1814/4/3 1813/108/3
f 1818/107/4 1817/106/4 1816/4/4 1815/108/4
f 1817/107/5 1820/106/5 1813/4/5 1816/108/5
f 1819/107/6 1818/106/6 1815/4/6 1814/108/6
f 1821/106/1 1822/107/1 1823/108/1 1824/4/1
f 1825/4/2 1826/108/2 1827/107/2 1828/106/2
f 1828/107/3 1827/106/3 1822/4/3 1821/108/3
f 1826/107/4 1825/106/4 1824/4/4 1823/108/4
f 1825/107/5 1828/106/5 1821/4/5 1824/108/5
f 1827/107/6 1826/106/6 1823/4/6 1822/108/6
f 1829/106/1 1830/107/1 1831/108/1 1832/4/1
f 1833/4/2 1834/108/2 1835/107/2 1836/106/2
f 1836/107/3 1835/106/3 1830/4/3 1829/108/3
f 1834/107/4 1833/106/4 1832/4/4 1831/108/4
f 1833/107/5 1836/106/5 1829/4/5 1832/108/5
f 1835/107/6 1834/106/6 1831/4/6 1830/108/6
f 1837/106/1 1838/107/1 1839/108/1 1840/4/1
f 1841/4/2 1842/108/2 1843/107/2 1844/106/2
f 1844/107/3 1843/106/3 1838/4/3 1837/108/3
f 1842/107/4 1841/106/4 1840/4/4 1839/108/4
f 1841/107/5 1844/106/5 1837/4/5 1840/108/5
f 1843/107/6 1842/106/6 1839/4/6 1838/108/6
f 1845/106/1 1846/107/1 1847/108/1 1848/4/1
f 1849/4/2 1850/108/2 1851/107/2 1852/106/2
f 1852/107/3 1851/106/3 1846/4/3 1845/108/3
f 1850/107/4 1849/106/4 1848/4/4 1847/108/4
f 1849/107/5 1852/106/5 1845/4/5 1848/108/5
f 1851/107/6 1850/106/6 1847/4/6 1846/108/6
f 1853/106/1 1854/107/1 1855/108/1 1856/4/1
f 1857/4/2 1858/108/2 1859/107/2 1860/106/2
f 1860/107/3 1859/106/3 1854/4/3 1853/108/3
f 1858/107/4 1857/106/4 1856/4/4 1855/108/4
f 1857/107/5 1860/106/5 1853/4/5 1856/108/5
f 1859/107/6 1858/106/6 1855/4/6 1854/108/6
f 1861/106/1 1862/107/1 1863/108/1 1864/4/1
f 1865/4/2 1866/108/2 1867/107/2 1868/106/2
f 1868/107/3 1867/106/3 1862/4/3 1861/108/3
f 1866/107/4 1865/106/4 1864/4/4 1863/108/4
f 1865/107/5 1868/106/5 1861/4/5 1864/108/5
f 1867/107/6 1866/106/6 1863/4/6 1862/108/6
f 1869/106/1 1870/107/1 1871/108/1 1872/4/1
f 1873/4/2 1874/108/2 1875/107/2 1876/106/2
f 1876/107/3 1875/106/3 1870/4/3 1869/108/3
f 1874/107/4 1873/106/4 1872/4/4 1871/108/4
f 1873/107/5 1876/106/5 1869/4/5 1872/108/5
f 1875/107/6 1874/106/6 1871/4/6 1870/108/6
f 1957/106/1 1958/107/1 1959/108/1 1960/4/1
f 1961/4/2 1962/108/2 1963/107/2 1964/106/2
f 1964/107/3 1963/106/3 1958/4/3 1957/108/3
f 1962/107/4 1961/106/4 1960/4/4 1959/108/4
f 1961/107/5 1964/106/5 1957/4/5 1960/108/5
f 1963/107/6 1962/106/6 1959/4/6 1958/108/6
f 1965/106/1 1966/107/1 1967/108/1 1968/4/1
f 1969/4/2 1970/108/2 1971/107/2 1972/106/2
f 1972/107/3 1971/106/3 1966/4/3 1965/108/3
f 1970/107/4 1969/106/4 1968/4/4 1967/108/4
f 1969/107/5 1972/106/5 1965/4/5 1968/108/5
f 1971/107/6 1970/106/6 1967/4/6 1966/108/6
f 1973/106/1 1974/107/1 1975/108/1 1976/4/1
f 1977/4/2 1978/108/2 1979/107/2 1980/106/2
f 1980/107/3 1979/106/3 1974/4/3 1973/108/3
f 1978/107/4 1977/106/4 1976/4/4 1975/108/4
f 1977/107/5 1980/106/5 1973/4/5 1976/108/5
f 1979/107/6 1978/106/6 1975/4/6 1974/108/6
f 1981/106/1 1982/107/1 1983/108/1 1984/4/1
f 1985/4/2 1986/108/2 1987/107/2 1988/106/2
f 1988/107/3 1987/106/3 1982/4/3 1981/108/3
f 1986/107/4 1985/106/4 1984/4/4 1983/108/4
f 1985/107/5 1988/106/5 1981/4/5 1984/108/5
f 1987/107/6 1986/106/6 1983/4/6 1982/108/6
f 1989/106/1 1990/107/1 1991/108/1 1992/4/1
f 1993/4/2 1994/108/2 1995/107/2 1996/106/2
f 1996/107/3 1995/106/3 1990/4/3 1989/108/3
f 1994/107/4 1993/106/4 1992/4/4 1991/108/4
f 1993/107/5 1996/106/5 1989/4/5 1992/108/5
f 1995/107/6 1994/106/6 1991/4/6 1990/108/6
f 1997/106/1 1998/107/1 1999/108/1 2000/4/1
f 2001/4/2 2002/108/2 2003/107/2 2004/106/2
f 2004/107/3 2003/106/3 1998/4/3 1997/108/3
f 2002/107/4 2001/106/4 2000/4/4 1999/108/4
f 2001/107/5 2004/106/5 1997/4/5 2000/108/5
f 2003/107/6 2002/106/6 1999/4/6 1998/108/6
f 2005/106/1 2006/107/1 2007/108/1 2008/4/1
f 2009/4/2 2010/108/2 2011/107/2 2012/106/2
f 2012/107/3 2011/106/3 2006/4/3 2005/108/3
f 2010/107/4 2009/106/4 2008/4/4 2007/108/4
f 2009/107/5 2012/106/5 2005/4/5 2008/108/5
f 2011/107/6 2010/106/6 2007/4/6 2006/108/6
f 2013/106/1 2014/107/1 2015/108/1 2016/4/1
f 2017/4/2 2018/108/2 2019/107/2 2020/106/2
f 2020/107/3 2019/106/3 2014/4/3 2013/108/3
f 2018/107/4 2017/106/4 2016/4/4 2015/108/4
f 2017/107/5 2020/106/5 2013/4/5 2016/108/5
f 2019/107/6 2018/106/6 2015/4/6 2014/108/6
f 2021/106/1 2022/107/1 2023/108/1 2024/4/1
f 2025/4/2 2026/108/2 2027/107/2 2028/106/2
f 2028/107/3 2027/106/3 2022/4/3 2021/108/3
f 2026/107/4 2025/106/4 2024/4/4 2023/108/4
f 2025/107/5 2028/106/5 2021/4/5 2024/108/5
f 2027/107/6 2026/106/6 2023/4/6 2022/108/6
f 2029/106/1 2030/107/1 2031/108/1 2032/4/1
f 2033/4/2 2034/108/2 2035/107/2 2036/106/2
f 2036/107/3 2035/106/3 2030/4/3 2029/108/3
f 2034/107/4 2033/106/4 2032/4/4 2031/108/4
f 2033/107/5 2036/106/5 2029/4/5 2032/108/5
f 2035/107/6 2034/106/6 2031/4/6 2030/108/6
f 2037/106/1 2038/107/1 2039/108/1 2040/4/1
f 2041/4/2 2042/108/2 2043/107/2 2044/106/2
f 2044/107/3 2043/106/3 2038/4/3 2037/108/3
f 2042/107/4 2041/106/4 2040/4/4 2039/108/4
f 2041/107/5 2044/106/5 2037/4/5 2040/108/5
f 2043/107/6 2042/106/6 2039/4/6 2038/108/6
f 2125/106/1 2126/107/1 2127/108/1 2128/4/1
f 2129/4/2 2130/108/2 2131/107/2 2132/106/2
f 2132/107/3 2131/106/3 2126/4/3 2125/108/3
f 2130/107/4 2129/106/4 2128/4/4 2127/108/4
f 2129/107/5 2132/106/5 2125/4/5 2128/108/5
f 2131/107/6 2130/106/6 2127/4/6 2126/108/6
f 2133/106/1 2134/107/1 2135/108/1 2136/4/1
f 2137/4/2 2138/108/2 2139/107/2 2140/106/2
f 2140/107/3 2139/106/3 2134/4/3 2133/108/3
f 2138/107/4 2137/106/4 2136/4/4 2135/108/4
f 2137/107/5 2140/106/5 2133/4/5 2136/108/5
f 2139/107/6 2138/106/6 2135/4/6 2134/108/6
f 2141/106/1 2142/107/1 2143/108/1 2144/4/1
f 2145/4/2 2146/108/2 2147/107/2 2148/106/2
f 2148/107/3 2147/106/3 2142/4/3 2141/108/3
f 2146/107/4 2145/106/4 2144/4/4 2143/108/4
f 2145/107/5 2148/106/5 2141/4/5 2144/108/5
f 2147/107/6 2146/106/6 2143/4/6 2142/108/6
f 2149/106/1 2150/107/1 2151/108/1 2152/4/1
f 2153/4/2 2154/108/2 2155/107/2 2156/106/2
f 2156/107/3 2155/106/3 2150/4/3 2149/108/3
f 2154/107/4 2153/106/4 2152/4/4 2151/108/4
f 2153/107/5 2156/106/5 2149/4/5 2152/108/5
f 2155/107/6 2154/106/6 2151/4/6 2150/108/6
f 2157/106/1 2158/107/1 2159/108/1 2160/4/1
f 2161/4/2 2162/108/2 2163/107/2 2164/106/2
f 2164/107/3 2163/106/3 2158/4/3 2157/108/3
f 2162/107/4 2161/106/4 2160/4/4 2159/108/4
f 2161/107/5 2164/106/5 2157/4/5 2160/108/5
f 2163/107/6 2162/106/6 2159/4/6 2158/108/6
f 2165/106/1 2166/107/1 2167/108/1 2168/4/1
f 2169/4/2 2170/108/2 2171/107/2 2172/106/2
f 2172/107/3 2171/106/3 2166/4/3 2165/108/3
f 2170/107/4 2169/106/4 2168/4/4 2167/108/4
f 2169/107/5 2172/106/5 2165/4/5 2168/108/5
f 2171/107/6 2170/106/6 2167/4/6 2166/108/6
f 2173/106/1 2174/107/1 2175/108/1 2176/4/1
f 2177/4/2 2178/108/2 2179/107/2 2180/106/2
f 2180/107/3 2179/106/3 2174/4/3 2173/108/3
f 2178/107/4 2177/106/4 2176/4/4 2175/108/4
f 2177/107/5 2180/106/5 2173/4/5 2176/108/5
f 2179/107/6 2178/106/6 2175/4/6 2174/108/6
f 2181/106/1 2182/107/1 2183/108/1 2184/4/1
f 2185/4/2 2186/108/2 2187/107/2 2188/106/2
f 2188/107/3 2187/106/3 2182/4/3 2181/108/3
f 2186/107/4 2185/106/4 2184/4/4 2183/108/4
f 2185/107/5 2188/106/5 2181/4/5 2184/108/5
f 2187/107/6 2186/106/6 2183/4/6 2182/108/6
f 2189/106/1 2190/107/1 2191/108/1 2192/4/1
f 2193/4/2 2194/108/2 2195/107/2 2196/106/2
f 2196/107/3 2195/106/3 2190/4/3 2189/108/3
f 2194/107/4 2193/106/4 2192/4/4 2191/108/4
f 2193/107/5 2196/106/5 2189/4/5 2192/108/5
f 2195/107/6 2194/106/6 2191/4/6 2190/108/6
f 2197/106/1 2198/107/1 2199/108/1 2200/4/1
f 2201/4/2 2202/108/2 2203/107/2 2204/106/2
f 2204/107/3 2203/106/3 2198/4/3 2197/108/3
f 2202/107/4 2201/106/4 2200/4/4 2199/108/4
f 2201/107/5 2204/106/5 2197/4/5 2200/108/5
f 2203/107/6 2202/106/6 2199/4/6 2198/108/6
f 2205/106/1 2206/107/1 2207/108/1 2208/4/1
f 2209/4/2 2210/108/2 2211/107/2 2212/106/2
f 2212/107/3 2211/106/3 2206/4/3 2205/108/3
f 2210/107/4 2209/106/4 2208/4/4 2207/108/4
f 2209/107/5 2212/106/5 2205/4/5 2208/108/5
f 2211/107/6 2210/106/6 2207/4/6 2206/108/6
f 2293/106/1 2294/107/1 2295/108/1 2296/4/1
f 2297/4/2 2298/108/2 2299/107/2 2300/106/2
f 2300/107/3 2299/106/3 2294/4/3 2293/108/3
f 2298/107/4 2297/106/4 2296/4/4 2295/108/4
f 2297/107/5 2300/106/5 2293/4/5 2296/108/5
f 2299/107/6 2298/106/6 2295/4/6 2294/108/6
f 2301/106/1 2302/107/1 2303/108/1 2304/4/1
f 2305/4/2 2306/108/2 2307/107/2 2308/106/2
f 2308/107/3 2307/106/3 2302/4/3 2301/108/3
f 2306/107/4 2305/106/4 2304/4/4 2303/108/4
f 2305/107/5 2308/106/5 2301/4/5 2304/108/5
f 2307/107/6 2306/106/6 2303/4/6 2302/108/6
f 2309/106/1 2310/107/1 2311/108/1 2312/4/1
f 2313/4/2 2314/108/2 2315/107/2 2316/106/2
f 2316/107/3 2315/106/3 2310/4/3 2309/108/3
f 2314/107/4 2313/106/4 2312/4/4 2311/108/4
f 2313/107/5 2316/106/5 2309/4/5 2312/108/5
f 2315/107/6 2314/106/6 2311/4/6 2310/108/6
f 2317/106/1 2318/107/1 2319/108/1 2320/4/1
f 2321/4/2 2322/108/2 2323/107/2 2324/106/2
f 2324/107/3 2323/106/3 2318/4/3 2317/108/3
f 2322/107/4 2321/106/4 2320/4/4 2319/108/4
f 2321/107/5 2324/106/5 2317/4/5 2320/108/5
f 2323/107/6 2322/106/6 2319/4/6 2318/108/6
f 2325/106/1 2326/107/1 2327/108/1 2328/4/1
f 2329/4/2 2330/108/2 2331/107/2 2332/106/2
f 2332/107/3 2331/106/3 2326/4/3 2325/108/3
f 2330/107/4 2329/106/4 2328/4/4 2327/108/4
f 2329/107/5 2332/106/5 2325/4/5 2328/108/5
f 2331/107/6 2330/106/6 2327/4/6 2326/108/6
f 2333/106/1 2334/107/1 2335/108/1 2336/4/1
f 2337/4/2 2338/108/2 2339/107/2 2340/106/2
f 2340/107/3 2339/106/3 2334/4/3 2333/108/3
f 2338/107/4 2337/106/4 2336/4/4 2335/108/4
f 2337/107/5 2340/106/5 2333/4/5 2336/108/5
f 2339/107/6 2338/106/6 2335/4/6 2334/108/6
f 2341/106/1 2342/107/1 2343/108/1 2344/4/1
f 2345/4/2 2346/108/2 2347/107/2 2348/106/2
f 2348/107/3 2347/106/3 2342/4/3 2341/108/3
f 2346/107/4 2345/106/4 2344/4/4 2343/108/4
f 2345/107/5 2348/106/5 2341/4/5 2344/108/5
f 2347/107/6 2346/106/6 2343/4/6 2342/108/6
f 2349/106/1 2350/107/1 2351/108/1 2352/4/1
f 2353/4/2 2354/108/2 2355/107/2 2356/106/2
f 2356/107/3 2355/106/3 2350/4/3 2349/108/3
f 2354/107/4 2353/106/4 2352/4/4 2351/108/4
f 2353/107/5 2356/106/5 2349/4/5 2352/108/5
f 2355/107/6 2354/106/6 2351/4/6 2350/108/6
f 2357/106/1 2358/107/1 2359/108/1 2360/4/1
f 2361/4/2 2362/108/2 2363/107/2 2364/106/2
f 2364/107/3 2363/106/3 2358/4/3 2357/108/3
f 2362/107/4 2361/106/4 2360/4/4 2359/108/4
f 2361/107/5 2364/106/5 2357/4/5 2360/108/5
f 2363/107/6 2362/106/6 2359/4/6 2358/108/6
f 2365/106/1 2366/107/1 2367/108/1 2368/4/1
f 2369/4/2 2370/108/2 2371/107/2 2372/106/2
f 2372/107/3 2371/106/3 2366/4/3 2365/108/3
f 2370/107/4 2369/106/4 2368/4/4 2367/108/4
f 2369/107/5 2372/106/5 2365/4/5 2368/108/5
f 2371/107/6 2370/106/6 2367/4/6 2366/108/6
f 2373/106/1 2374/107/1 2375/108/1 2376/4/1
f 2377/4/2 2378/108/2 2379/107/2 2380/106/2
f 2380/107/3 2379/106/3 2374/4/3 2373/108/3
f 2378/107/4 2377/106/4 2376/4/4 2375/108/4
f 2377/107/5 2380/106/5 2373/4/5 2376/108/5
f 2379/107/6 2378/106/6 2375/4/6 2374/108/6
f 2461/106/1 2462/107/1 2463/108/1 2464/4/1
f 2465/4/2 2466/108/2 2467/107/2 2468/106/2
f 2468/107/3 2467/106/3 2462/4/3 2461/108/3
f 2466/107/4 2465/106/4 2464/4/4 2463/108/4
f 2465/107/5 2468/106/5 2461/4/5 2464/108/5
f 2467/107/6 2466/106/6 2463/4/6 2462/108/6
f 2469/106/1 2470/107/1 2471/108/1 2472/4/1
f 2473/4/2 2474/108/2 2475/107/2 2476/106/2
f 2476/107/3 2475/106/3 2470/4/3 2469/108/3
f 2474/107/4 2473/106/4 2472/4/4 2471/108/4
f 2473/107/5 2476/106/5 2469/4/5 2472/108/5
f 2475/107/6 2474/106/6 2471/4/6 2470/108/6
f 2477/106/1 2478/107/1 2479/108/1 2480/4/1
f 2481/4/2 2482/108/2 2483/107/2 2484/106/2
f 2484/107/3 2483/106/3 2478/4/3 2477/108/3
f 2482/107/4 2481/106/4 2480/4/4 2479/108/4
f 2481/107/5 2484/106/5 2477/4/5 2480/108/5
f 2483/107/6 2482/106/6 2479/4/6 2478/108/6
f 2485/106/1 2486/107/1 2487/108/1 2488/4/1
f 2489/4/2 2490/108/2 2491/107/2 2492/106/2
f 2492/107/3 2491/106/3 2486/4/3 2485/108/3
f 2490/107/4 2489/106/4 2488/4/4 2487/108/4
f 2489/107/5 2492/106/5 2485/4/5 2488/108/5
f 2491/107/6 2490/106/6 2487/4/6 2486/108/6
f 2493/106/1 2494/107/1 2495/108/1 2496/4/1
f 2497/4/2 2498/108/2 2499/107/2 2500/106/2
f 2500/107/3 2499/106/3 2494/4/3 2493/108/3
f 2498/107/4 2497/106/4 2496/4/4 2495/108/4
f 2497/107/5 2500/106/5 2493/4/5 2496/108/5
f 2499/107/6 2498/106/6 2495/4/6 2494/108/6
f 2501/106/1 2502/107/1 2503/108/1 2504/4/1
f 2505/4/2 2506/108/2 2507/107/2 2508/106/2
f 2508/107/3 2507/106/3 2502/4/3 2501/108/3
f 2506/107/4 2505/106/4 2504/4/4 2503/108/4
f 2505/107/5 2508/106/5 2501/4/5 2504/108/5
f 2507/107/6 2506/106/6 2503/4/6 2502/108/6
f 2509/106/1 2510/107/1 2511/108/1 2512/4/1
f 2513/4/2 2514/108/2 2515/107/2 2516/106/2
f 2516/107/3 2515/106/3 2510/4/3 2509/108/3
f 2514/107/4 2513/106/4 2512/4/4 2511/108/4
f 2513/107/5 2516/106/5 2509/4/5 2512/108/5
f 2515/107/6 2514/106/6 2511/4/6 2510/108/6
f 2517/106/1 2518/107/1 2519/108/1 2520/4/1
f 2521/4/2 2522/108/2 2523/107/2 2524/106/2
f 2524/107/3 2523/106/3 2518/4/3 2517/108/3
f 2522/107/4 2521/106/4 2520/4/4 2519/108/4
f 2521/107/5 2524/106/5 2517/4/5 2520/108/5
f 2523/107/6 2522/106/6 2519/4/6 2518/108/6
f 2525/106/1 2526/107/1 2527/108/1 2528/4/1
f 2529/4/2 2530/108/2 2531/107/2 2532/106/2
f 2532/107/3 2531/106/3 2526/4/3 2525/108/3
f 2530/107/4 2529/106/4 2528/4/4 2527/108/4
f 2529/107/5 2532/106/5 2525/4/5 2528/108/5
f 2531/107/6 2530/106/6 2527/4/6 2526/108/6
f 2533/106/1 2534/107/1 2535/108/1 2536/4/1
f 2537/4/2 2538/108/2 2539/107/2 2540/106/2
f 2540/107/3 2539/106/3 2534/4/3 2533/108/3
f 2538/107/4 2537/106/4 2536/4/4 2535/108/4
f 2537/107/5 2540/106/5 2533/4/5 2536/108/5
f 2539/107/6 2538/106/6 2535/4/6 2534/108/6
f 2541/106/1 2542/107/1 2543/108/1 2544/4/1
f 2545/4/2 2546/108/2 2547/107/2 2548/106/2
f 2548/107/3 2547/106/3 2542/4/3 2541/108/3
f 2546/107/4 2545/106/4 2544/4/4 2543/108/4
f 2545/107/5 2548/106/5 2541/4/5 2544/108/5
f 2547/107/6 2546/106/6 2543/4/6 2542/108/6
f 2629/106/1 2630/107/1 2631/108/1 2632/4/1
f 2633/4/2 2634/108/2 2635/107/2 2636/106/2
f 2636/107/3 2635/106/3 2630/4/3 2629/108/3
f 2634/107/4 2633/106/4 2632/4/4 2631/108/4
f 2633/107/5 2636/106/5 2629/4/5 2632/108/5
f 2635/107/6 2634/106/6 2631/4/6 2630/108/6
f 2637/106/1 2638/107/1 2639/108/1 2640/4/1
f 2641/4/2 2642/108/2 2643/107/2 2644/106/2
f 2644/107/3 2643/106/3 2638/4/3 2637/108/3
f 2642/107/4 2641/106/4 2640/4/4 2639/108/4
f 2641/107/5 2644/106/5 2637/4/5 2640/108/5
f 2643/107/6 2642/106/6 2639/4/6 2638/108/6
f 2645/106/1 2646/107/1 2647/108/1 2648/4/1
f 2649/4/2 2650/108/2 2651/107/2 2652/106/2
f 2652/107/3 2651/106/3 2646/4/3 2645/108/3
f 2650/107/4 2649/106/4 2648/4/4 2647/108/4
f 2649/107/5 2652/106/5 2645/4/5 2648/108/5
f 2651/107/6 2650/106/6 2647/4/6 2646/108/6
f 2653/106/1 2654/107/1 2655/108/1 2656/4/1
f 2657/4/2 2658/108/2 2659/107/2 2660/106/2
f 2660/107/3 2659/106/3 2654/4/3 2653/108/3
f 2658/107/4 2657/106/4 2656/4/4 2655/108/4
f 2657/107/5 2660/106/5 2653/4/5 2656/108/5
f 2659/107/6 2658/106/6 2655/4/6 2654/108/6
f 2661/106/1 2662/107/1 2663/108/1 2664/4/1
f 2665/4/2 2666/108/2 2667/107/2 2668/106/2
f 2668/107/3 2667/106/3 2662/4/3 2661/108/3
f 2666/107/4 2665/106/4 2664/4/4 2663/108/4
f 2665/107/5 2668/106/5 2661/4/5 2664/108/5
f 2667/107/6 2666/106/6 2663/4/6 2662/108/6
f 2669/106/1 2670/107/1 2671/108/1 2672/4/1
f 2673/4/2 2674/108/2 2675/107/2 2676/106/2
f 2676/107/3 2675/106/3 2670/4/3 2669/108/3
f 2674/107/4 2673/106/4 2672/4/4 2671/108/4
f 2673/107/5 2676/106/5 2669/4/5 2672/108/5
f 2675/107/6 2674/106/6 2671/4/6 2670/108/6
f 2677/106/1 2678/107/1 2679/108/1 2680/4/1
f 2681/4/2 2682/108/2 2683/107/2 2684/106/2
f 2684/107/3 2683/106/3 2678/4/3 2677/108/3
f 2682/107/4 2681/106/4 2680/4/4 2679/108/4
f 2681/107/5 2684/106/5 2677/4/5 2680/108/5
f 2683/107/6 2682/106/6 2679/4/6 2678/108/6
f 2685/106/1 2686/107/1 2687/108/1 2688/4/1
f 2689/4/2 2690/108/2 2691/107/2 2692/106/2
f 2692/107/3 2691/106/3 2686/4/3 2685/108/3
f 2690/107/4 2689/106/4 2688/4/4 2687/108/4
f 2689/107/5 2692/106/5 2685/4/5 2688/108/5
f 2691/107/6 2690/106/6 2687/4/6 2686/108/6
f 2693/106/1 2694/107/1 2695/108/1 2696/4/1
f 2697/4/2 2698/108/2 2699/107/2 2700/106/2
f 2700/107/3 2699/106/3 2694/4/3 2693/108/3
f 2698/107/4 2697/106/4 2696/4/4 2695/108/4
f 2697/107/5 2700/106/5 2693/4/5 2696/108/5
f 2699/107/6 2698/106/6 2695/4/6 2694/108/6
f 2701/106/1 2702/107/1 2703/108/1 2704/4/1
f 2705/4/2 2706/108/2 2707/107/2 2708/106/2
f 2708/107/3 2707/106/3 2702/4/3 2701/108/3
f 2706/107/4 2705/106/4 2704/4/4 2703/108/4
f 2705/107/5 2708/106/5 2701/4/5 2704/108/5
f 2707/107/6 2706/106/6 2703/4/6 2702/108/6
f 2709/106/1 2710/107/1 2711/108/1 2712/4/1
f 2713/4/2 2714/108/2 2715/107/2 2716/106/2
f 2716/107/3 2715/106/3 2710/4/3 2709/108/3
f 2714/107/4 2713/106/4 2712/4/4 2711/108/4
f 2713/107/5 2716/106/5 2709/4/5 2712/108/5
f 2715/107/6 2714/106/6 2711/4/6 2710/108/6
o conservator
usemtl tank
f 2717/4/47 2718/79/47 2719/109/47 2720/110/47
f 2718/79/48 2721/39/48 2722/111/48 2719/109/48
f 2721/39/31 2723/82/31 2724/112/31 2722/111/31
f 2723/82/49 2725/47/49 2726/113/49 2724/112/49
f 2725/47/50 2727/85/50 2728/114/50 2726/113/50
f 2727/85/51 2729/57/51 2730/115/51 2728/114/51
f 2729/57/52 2731/88/52 2732/116/52 2730/115/52
f 2731/88/32 2733/90/32 2734/117/32 2732/116/32
f 2733/90/53 2735/92/53 2736/118/53 2734/117/53
f 2735/92/54 2737/94/54 2738/119/54 2736/118/54
f 2737/94/55 2739/96/55 2740/120/55 2738/119/55
f 2739/96/56 2741/98/56 2742/121/56 2740/120/56
f 2741/98/33 2743/100/33 2744/122/33 2742/121/33
f 2743/100/57 2745/102/57 2746/123/57 2744/122/57
f 2745/102/58 2747/104/58 2748/124/58 2746/123/58
f 2747/104/59 2749/78/59 2750/125/59 2748/124/59
f 2749/78/60 2751/126/60 2752/127/60 2750/125/60
f 2751/126/34 2753/128/34 2754/129/34 2752/127/34
f 2753/128/61 2755/130/61 2756/131/61 2754/129/61
f 2755/130/62 2757/132/62 2758/133/62 2756/131/62
f 2757/132/63 2759/134/63 2760/135/63 2758/133/63
f 2759/134/64 2761/136/64 2762/137/64 2760/135/64
f 2761/136/35 2763/138/35 2764/139/35 2762/137/35
f 2763/138/65 2765/108/65 2766/140/65 2764/139/65
f 2765/108/66 2767/141/66 2768/142/66 2766/140/66
f 2767/141/67 2769/143/67 2770/144/67 2768/142/67
f 2769/143/68 2771/145/68 2772/146/68 2770/144/68
f 2771/145/36 2773/147/36 2774/148/36 2772/146/36
f 2773/147/69 2775/149/69 2776/150/69 2774/148/69
f 2775/149/70 2777/151/70 2778/152/70 2776/150/70
f 2777/151/71 2779/153/71 2780/154/71 2778/152/71
f 2779/153/72 2781/155/72 2782/156/72 2780/154/72
f 2781/155/37 2783/157/37 2784/158/37 2782/156/37
f 2783/157/73 2785/159/73 2786/160/73 2784/158/73
f 2785/159/74 2787/161/74 2788/162/74 2786/160/74
f 2787/161/75 2789/163/75 2790/164/75 2788/162/75
f 2789/163/76 2791/165/76 2792/166/76 2790/164/76
f 2791/165/38 2793/167/38 2794/168/38 2792/166/38
f 2793/167/77 2795/169/77 2796/170/77 2794/168/77
f 2795/169/78 2797/7/78 2798/171/78 2796/170/78
f 2797/7/79 2799/172/79 2800/173/79 2798/171/79
f 2799/172/80 2801/174/80 2802/175/80 2800/173/80
f 2801/174/39 2803/176/39 2804/177/39 2802/175/39
f 2803/176/81 2805/178/81 2806/179/81 2804/177/81
f 2805/178/82 2807/180/82 2808/181/82 2806/179/82
f 2807/180/83 2809/182/83 2810/183/83 2808/181/83
f 2809/182/84 2811/184/84 2812/185/84 2810/183/84
f 2811/184/40 2813/186/40 2814/187/40 2812/185/40
f 2813/186/85 2815/188/85 2816/189/85 2814/187/85
f 2815/188/86 2817/190/86 2818/191/86 2816/189/86
f 2817/190/87 2819/192/87 2820/193/87 2818/191/87
f 2819/192/88 2821/194/88 2822/195/88 2820/193/88
f 2821/194/41 2823/196/41 2824/197/41 2822/195/41
f 2823/196/89 2825/198/89 2826/199/89 2824/197/89
f 2825/198/90 2827/200/90 2828/201/90 2826/199/90
f 2827/200/91 2829/202/91 2830/203/91 2828/201/91
f 2829/202/92 2831/204/92 2832/205/92 2830/203/92
f 2831/204/42 2833/206/42 2834/207/42 2832/205/42
f 2833/206/93 2835/208/93 2836/209/93 2834/207/93
f 2835/208/94 2837/210/94 2838/211/94 2836/209/94
f 2837/210/95 2839/212/95 2840/213/95 2838/211/95
f 2839/212/96 2841/214/96 2842/215/96 2840/213/96
f 2841/214/43 2843/216/43 2844/217/43 2842/215/43
f 2843/216/97 2845/16/97 2846/218/97 2844/217/97
f 2845/16/98 2847/219/98 2848/220/98 2846/218/98
f 2847/219/99 2849/221/99 2850/222/99 2848/220/99
f 2849/221/100 2851/223/100 2852/224/100 2850/222/100
f 2851/223/44 2853/225/44 2854/226/44 2852/224/44
f 2853/225/101 2855/227/101 2856/228/101 2854/226/101
f 2855/227/102 2857/229/102 2858/230/102 2856/228/102
f 2857/229/103 2859/231/103 2860/232/103 2858/230/103
f 2859/231/104 2861/233/104 2862/234/104 2860/232/104
f 2861/233/45 2863/235/45 2864/236/45 2862/234/45
f 2863/235/105 2865/237/105 2866/238/105 2864/236/105
f 2865/237/106 2867/239/106 2868/240/106 2866/238/106
f 2867/239/107 2869/241/107 2870/242/107 2868/240/107
f 2869/241/108 2871/243/108 2872/244/108 2870/242/108
f 2871/243/46 2873/245/46 2874/246/46 2872/244/46
f 2873/245/109 2875/247/109 2876/248/109 2874/246/109
f 2875/247/110 2717/10/110 2720/249/110 2876/248/110
f 2875/250/5 2873/251/5 2871/252/5 2869/253/5
f 2875/250/5 2869/253/5 2867/60/5 2865/254/5
f 2875/250/5 2865/254/5 2863/255/5 2861/256/5
f 2875/250/5 2861/256/5 2859/257/5 2857/59/5
f 2875/250/5 2857/59/5 2855/258/5 2853/259/5
f 2875/250/5 2853/259/5 2851/260/5 2849/261/5
f 2875/250/5 2849/261/5 2847/58/5 2845/262/5
f 2875/250/5 2845/262/5 2843/263/5 2841/264/5
f 2875/250/5 2841/264/5 2839/265/5 2837/7/5
f 2875/250/5 2837/7/5 2835/266/5 2833/267/5
f 2875/250/5 2833/267/5 2831/268/5 2829/269/5
f 2875/250/5 2829/269/5 2827/62/5 2825/270/5
f 2875/250/5 2825/270/5 2823/271/5 2821/272/5
f 2875/250/5 2821/272/5 2819/273/5 2817/61/5
f 2875/250/5 2817/61/5 2815/274/5 2813/275/5
f 2875/250/5 2813/275/5 2811/276/5 2809/277/5
f 2875/250/5 2809/277/5 2807/63/5 2805/278/5
f 2875/250/5 2805/278/5 2803/279/5 2801/280/5
f 2875/250/5 2801/280/5 2799/281/5 2797/5/5
f 2875/250/5 2797/5/5 2795/282/5 2793/283/5
f 2875/250/5 2793/283/5 2791/284/5 2789/285/5
f 2875/250/5 2789/285/5 2787/65/5 2785/286/5
f 2875/250/5 2785/286/5 2783/287/5 2781/288/5
f 2875/250/5 2781/288/5 2779/289/5 2777/64/5
f 2875/250/5 2777/64/5 2775/290/5 2773/291/5
f 2875/250/5 2773/291/5 2771/292/5 2769/293/5
f 2875/250/5 2769/293/5 2767/67/5 2765/294/5
f 2875/250/5 2765/294/5 2763/295/5 2761/296/5
f 2875/250/5 2761/296/5 2759/297/5 2757/66/5
f 2875/250/5 2757/66/5 2755/298/5 2753/299/5
f 2875/250/5 2753/299/5 2751/300/5 2749/301/5
f 2875/250/5 2749/301/5 2747/69/5 2745/302/5
f 2875/250/5 2745/302/5 2743/303/5 2741/304/5
f 2875/250/5 2741/304/5 2739/305/5 2737/68/5
f 2875/250/5 2737/68/5 2735/306/5 2733/307/5
f 2875/250/5 2733/307/5 2731/308/5 2729/309/5
f 2875/250/5 2729/309/5 2727/71/5 2725/310/5
f 2875/250/5 2725/310/5 2723/311/5 2721/312/5
f 2875/250/5 2721/312/5 2718/313/5 2717/70/5
f 2720/70/6 2719/313/6 2722/312/6 2724/311/6
f 2720/70/6 2724/311/6 2726/310/6 2728/71/6
f 2720/70/6 2728/71/6 2730/309/6 2732/308/6
f 2720/70/6 2732/308/6 2734/307/6 2736/306/6
f 2720/70/6 2736/306/6 2738/68/6 2740/305/6
f 2720/70/6 2740/305/6 2742/304/6 2744/303/6
f 2720/70/6 2744/303/6 2746/302/6 2748/69/6
f 2720/70/6 2748/69/6 2750/301/6 2752/300/6
f 2720/70/6 2752/300/6 2754/299/6 2756/298/6
f 2720/70/6 2756/298/6 2758/66/6 2760/297/6
f 2720/70/6 2760/297/6 2762/296/6 2764/295/6
f 2720/70/6 2764/295/6 2766/294/6 2768/67/6
f 2720/70/6 2768/67/6 2770/293/6 2772/292/6
f 2720/70/6 2772/292/6 2774/291/6 2776/290/6
f 2720/70/6 2776/290/6 2778/64/6 2780/289/6
f 2720/70/6 2780/289/6 2782/288/6 2784/287/6
f 2720/70/6 2784/287/6 2786/286/6 2788/65/6
f 2720/70/6 2788/65/6 2790/285/6 2792/284/6
f 2720/70/6 2792/284/6 2794/283/6 2796/282/6
f 2720/70/6 2796/282/6 2798/5/6 2800/281/6
f 2720/70/6 2800/281/6 2802/280/6 2804/279/6
f 2720/70/6 2804/279/6 2806/278/6 2808/63/6
f 2720/70/6 2808/63/6 2810/277/6 2812/276/6
f 2720/70/6 2812/276/6 2814/275/6 2816/274/6
f 2720/70/6 2816/274/6 2818/61/6 2820/273/6
f 2720/70/6 2820/273/6 2822/272/6 2824/271/6
f 2720/70/6 2824/271/6 2826/270/6 2828/62/6
f 2720/70/6 2828/62/6 2830/269/6 2832/268/6
f 2720/70/6 2832/268/6 2834/267/6 2836/266/6
f 2720/70/6 2836/266/6 2838/7/6 2840/265/6
f 2720/70/6 2840/265/6 2842/264/6 2844/263/6
f 2720/70/6 2844/263/6 2846/262/6 2848/58/6
f 2720/70/6 2848/58/6 2850/261/6 2852/260/6
f 2720/70/6 2852/260/6 2854/259/6 2856/258/6
f 2720/70/6 2856/258/6 2858/59/6 2860/257/6
f 2720/70/6 2860/257/6 2862/256/6 2864/255/6
f 2720/70/6 2864/255/6 2866/254/6 2868/60/6
f 2720/70/6 2868/60/6 2870/253/6 2872/252/6
f 2720/70/6 2872/252/6 2874/251/6 2876/250/6
usemtl steel
f 2877/76/1 2878/77/1 2879/78/1 2880/4/1
f 2881/4/2 2882/78/2 2883/77/2 2884/76/2
f 2884/77/3 2883/76/3 2878/4/3 2877/78/3
f 2882/77/4 2881/76/4 2880/4/4 2879/78/4
f 2881/77/5 2884/76/5 2877/4/5 2880/78/5
f 2883/77/6 2882/76/6 2879/4/6 2878/78/6
f 2885/76/1 2886/77/1 2887/78/1 2888/4/1
f 2889/4/2 2890/78/2 2891/77/2 2892/76/2
f 2892/77/3 2891/76/3 2886/4/3 2885/78/3
f 2890/77/4 2889/76/4 2888/4/4 2887/78/4
f 2889/77/5 2892/76/5 2885/4/5 2888/78/5
f 2891/77/6 2890/76/6 2887/4/6 2886/78/6
usemtl plate
f 2893/4/31 2894/85/31 2895/314/31 2896/8/31
f 2894/85/32 2897/94/32 2898/315/32 2895/314/32
f 2897/94/33 2899/104/33 2900/316/33 2898/315/33
f 2899/104/34 2901/132/34 2902/317/34 2900/316/34
f 2901/132/35 2903/141/35 2904/318/35 2902/317/35
f 2903/141/36 2905/151/36 2906/319/36 2904/318/36
f 2905/151/37 2907/161/37 2908/320/37 2906/319/37
f 2907/161/38 2909/7/38 2910/66/38 2908/320/38
f 2909/7/39 2911/180/39 2912/321/39 2910/66/39
f 2911/180/40 2913/190/40 2914/322/40 2912/321/40
f 2913/190/41 2915/200/41 2916/323/41 2914/322/41
f 2915/200/42 2917/210/42 2918/324/42 2916/323/42
f 2917/210/43 2919/219/43 2920/325/43 2918/324/43
f 2919/219/44 2921/229/44 2922/326/44 2920/325/44
f 2921/229/45 2923/239/45 2924/327/45 2922/326/45
f 2923/239/46 2893/10/46 2896/9/46 2924/327/46
f 2923/60/5 2921/59/5 2919/58/5 2917/7/5
f 2923/60/5 2917/7/5 2915/62/5 2913/61/5
f 2923/60/5 2913/61/5 2911/63/5 2909/5/5
f 2923/60/5 2909/5/5 2907/65/5 2905/64/5
f 2923/60/5 2905/64/5 2903/67/5 2901/66/5
f 2923/60/5 2901/66/5 2899/69/5 2897/68/5
f 2923/60/5 2897/68/5 2894/71/5 2893/70/5
f 2896/70/6 2895/71/6 2898/68/6 2900/69/6
f 2896/70/6 2900/69/6 2902/66/6 2904/67/6
f 2896/70/6 2904/67/6 2906/64/6 2908/65/6
f 2896/70/6 2908/65/6 2910/5/6 2912/63/6
f 2896/70/6 2912/63/6 2914/61/6 2916/62/6
f 2896/70/6 2916/62/6 2918/7/6 2920/58/6
f 2896/70/6 2920/58/6 2922/59/6 2924/60/6
o relay
usemtl steel
f 2925/4/111 2926/85/111 2927/328/111 2928/329/111
f 2926/85/112 2929/94/112 2930/330/112 2927/328/112
f 2929/94/113 2931/104/113 2932/331/113 2930/330/113
f 2931/104/114 2933/132/114 2934/332/114 2932/331/114
f 2933/132/115 2935/141/115 2936/333/115 2934/332/115
f 2935/141/116 2937/151/116 2938/334/116 2936/333/116
f 2937/151/117 2939/161/117 2940/335/117 2938/334/117
f 2939/161/118 2941/7/118 2942/336/118 2940/335/118
f 2941/7/119 2943/180/119 2944/337/119 2942/336/119
f 2943/180/120 2945/190/120 2946/338/120 2944/337/120
f 2945/190/121 2947/200/121 2948/339/121 2946/338/121
f 2947/200/122 2949/210/122 2950/340/122 2948/339/122
f 2949/210/123 2951/219/123 2952/341/123 2950/340/123
f 2951/219/124 2953/229/124 2954/342/124 2952/341/124
f 2953/229/125 2955/239/125 2956/343/125 2954/342/125
f 2955/239/126 2925/10/126 2928/344/126 2956/343/126
f 2928/329/127 2927/328/127 2957/314/127 2958/8/127
f 2927/328/128 2930/330/128 2959/315/128 2957/314/128
f 2930/330/129 2932/331/129 2960/316/129 2959/315/129
f 2932/331/130 2934/332/130 2961/317/130 2960/316/130
f 2934/332/131 2936/333/131 2962/318/131 2961/317/131
f 2936/333/132 2938/334/132 2963/319/132 2962/318/132
f 2938/334/133 2940/335/133 2964/320/133 2963/319/133
f 2940/335/134 2942/336/134 2965/66/134 2964/320/134
f 2942/336/135 2944/337/135 2966/321/135 2965/66/135
f 2944/337/136 2946/338/136 2967/322/136 2966/321/136
f 2946/338/137 2948/339/137 2968/323/137 2967/322/137
f 2948/339/138 2950/340/138 2969/324/138 2968/323/138
f 2950/340/139 2952/341/139 2970/325/139 2969/324/139
f 2952/341/140 2954/342/140 2971/326/140 2970/325/140
f 2954/342/141 2956/343/141 2972/327/141 2971/326/141
f 2956/343/142 2928/344/142 2958/9/142 2972/327/142
f 2955/60/143 2953/59/143 2951/58/143 2949/7/143 2947/62/143 2945/61/143 2943/63/143 2941/5/143 2939/65/143 2937/64/143 2935/67/143 2933/66/143 2931/69/143 2929/68/143 2926/71/143 2925/70/143
f 2958/70/144 2957/71/144 2959/68/144 2960/69/144 2961/66/144 2962/67/144 2963/64/144 2964/65/144 2965/5/144 2966/63/144 2967/61/144 2968/62/144 2969/7/144 2970/58/144 2971/59/144 2972/60/144
f 2973/106/1 2974/107/1 2975/108/1 2976/4/1
f 2977/4/2 2978/108/2 2979/107/2 2980/106/2
f 2980/107/3 2979/106/3 2974/4/3 2973/108/3
f 2978/107/4 2977/106/4 2976/4/4 2975/108/4
f 2977/107/5 2980/106/5 2973/4/5 2976/108/5
f 2979/107/6 2978/106/6 2975/4/6 2974/108/6
o tapchanger
usemtl tank
f 2981/345/1 2982/346/1 2983/186/1 2984/4/1
f 2985/4/2 2986/186/2 2987/346/2 2988/345/2
f 2988/346/3 2987/345/3 2982/4/3 2981/186/3
f 2986/346/4 2985/345/4 2984/4/4 2983/186/4
f 2987/346/6 2986/345/6 2983/4/6 2982/186/6
f 2989/5/1 2990/6/1 2991/7/1 2992/4/1
f 2993/4/2 2994/7/2 2995/6/2 2996/5/2
f 2996/6/3 2995/5/3 2990/4/3 2989/7/3
f 2994/6/4 2993/5/4 2992/4/4 2991/7/4
f 2995/6/6 2994/5/6 2991/4/6 2990/7/6
usemtl plate
f 2985/346/5 2988/345/5 2981/4/5 2984/186/5
f 2993/6/5 2996/5/5 2989/4/5 2992/7/5
o bushing_1
usemtl porcelain
f 3253/347/11 3254/348/11 3255/85/11 3256/4/11
f 3254/348/12 3257/349/12 3258/94/12 3255/85/12
f 3257/349/13 3259/350/13 3260/104/13 3258/94/13
f 3259/350/14 3261/351/14 3262/132/14 3260/104/14
f 3261/351/15 3263/352/15 3264/141/15 3262/132/15
f 3263/352/16 3265/353/16 3266/151/16 3264/141/16
f 3265/353/17 3267/354/17 3268/161/17 3266/151/17
f 3267/354/18 3269/355/18 3270/7/18 3268/161/18
f 3269/355/19 3271/356/19 3272/180/19 3270/7/19
f 3271/356/20 3273/357/20 3274/190/20 3272/180/20
f 3273/357/21 3275/358/21 3276/200/21 3274/190/21
f 3275/358/22 3277/359/22 3278/210/22 3276/200/22
f 3277/359/23 3279/360/23 3280/219/23 3278/210/23
f 3279/360/24 3281/361/24 3282/229/24 3280/219/24
f 3281/361/25 3283/362/25 3284/239/25 3282/229/25
f 3283/362/26 3253/363/26 3256/10/26 3284/239/26
f 3285/364/145 3286/365/145 3254/348/145 3253/347/145
f 3286/365/146 3287/366/146 3257/349/146 3254/348/146
f 3287/366/147 3288/367/147 3259/350/147 3257/349/147
f 3288/367/148 3289/368/148 3261/351/148 3259/350/148
f 3289/368/149 3290/369/149 3263/352/149 3261/351/149
f 3290/369/150 3291/370/150 3265/353/150 3263/352/150
f 3291/370/151 3292/371/151 3267/354/151 3265/353/151
f 3292/371/152 3293/372/152 3269/355/152 3267/354/152
f 3293/372/153 3294/373/153 3271/356/153 3269/355/153
f 3294/373/154 3295/374/154 3273/357/154 3271/356/154
f 3295/374/155 3296/375/155 3275/358/155 3273/357/155
f 3296/375/156 3297/376/156 3277/359/156 3275/358/156
f 3297/376/157 3298/377/157 3279/360/157 3277/359/157
f 3298/377/158 3299/378/158 3281/361/158 3279/360/158
f 3299/378/159 3300/379/159 3283/362/159 3281/361/159
f 3300/379/160 3285/380/160 3253/363/160 3283/362/160
f 3301/381/161 3302/382/161 3286/365/161 3285/364/161
f 3302/382/162 3303/383/162 3287/366/162 3286/365/162
f 3303/383/163 3304/384/163 3288/367/163 3287/366/163
f 3304/384/164 3305/385/164 3289/368/164 3288/367/164
f 3305/385/165 3306/386/165 3290/369/165 3289/368/165
f 3306/386/166 3307/387/166 3291/370/166 3290/369/166
f 3307/387/167 3308/388/167 3292/371/167 3291/370/167
f 3308/388/168 3309/389/168 3293/372/168 3292/371/168
f 3309/389/169 3310/390/169 3294/373/169 3293/372/169
f 3310/390/170 3311/391/170 3295/374/170 3294/373/170
f 3311/391/171 3312/392/171 3296/375/171 3295/374/171
f 3312/392/172 3313/393/172 3297/376/172 3296/375/172
f 3313/393/173 3314/394/173 3298/377/173 3297/376/173
f 3314/394/174 3315/395/174 3299/378/174 3298/377/174
f 3315/395/175 3316/396/175 3300/379/175 3299/378/175
f 3316/396/176 3301/397/176 3285/380/176 3300/379/176
f 3317/398/11 3318/399/11 3302/382/11 3301/381/11
f 3318/399/12 3319/400/12 3303/383/12 3302/382/12
f 3319/400/13 3320/401/13 3304/384/13 3303/383/13
f 3320/401/14 3321/402/14 3305/385/14 3304/384/14
f 3321/402/15 3322/403/15 3306/386/15 3305/385/15
f 3322/403/16 3323/404/16 3307/387/16 3306/386/16
f 3323/404/17 3324/405/17 3308/388/17 3307/387/17
f 3324/405/18 3325/406/18 3309/389/18 3308/388/18
f 3325/406/19 3326/407/19 3310/390/19 3309/389/19
f 3326/407/20 3327/408/20 3311/391/20 3310/390/20
f 3327/408/21 3328/409/21 3312/392/21 3311/391/21
f 3328/409/22 3329/410/22 3313/393/22 3312/392/22
f 3329/410/23 3330/411/23 3314/394/23 3313/393/23
f 3330/411/24 3331/412/24 3315/395/24 3314/394/24
f 3331/412/25 3332/413/25 3316/396/25 3315/395/25
f 3332/413/26 3317/414/26 3301/397/26 3316/396/26
f 3333/415/11 3334/416/11 3318/399/11 3317/398/11
f 3334/416/12 3335/417/12 3319/400/12 3318/399/12
f 3335/417/13 3336/418/13 3320/401/13 3319/400/13
f 3336/418/14 3337/419/14 3321/402/14 3320/401/14
f 3337/419/15 3338/420/15 3322/403/15 3321/402/15
f 3338/420/16 3339/421/16 3323/404/16 3322/403/16
f 3339/421/17 3340/422/17 3324/405/17 3323/404/17
f 3340/422/18 3341/423/18 3325/406/18 3324/405/18
f 3341/423/19 3342/424/19 3326/407/19 3325/406/19
f 3342/424/20 3343/425/20 3327/408/20 3326/407/20
f 3343/425/21 3344/426/21 3328/409/21 3327/408/21
f 3344/426/22 3345/427/22 3329/410/22 3328/409/22
f 3345/427/23 3346/428/23 3330/411/23 3329/410/23
f 3346/428/24 3347/429/24 3331/412/24 3330/411/24
f 3347/429/25 3348/430/25 3332/413/25 3331/412/25
f 3348/430/26 3333/431/26 3317/414/26 3332/413/26
f 3349/432/145 3350/433/145 3334/416/145 3333/415/145
f 3350/433/146 3351/434/146 3335/417/146 3334/416/146
f 3351/434/147 3352/435/147 3336/418/147 3335/417/147
f 3352/435/148 3353/436/148 3337/419/148 3336/418/148
f 3353/436/149 3354/437/149 3338/420/149 3337/419/149
f 3354/437/150 3355/438/150 3339/421/150 3338/420/150
f 3355/438/151 3356/439/151 3340/422/151 3339/421/151
f 3356/439/152 3357/440/152 3341/423/152 3340/422/152
f 3357/440/153 3358/441/153 3342/424/153 3341/423/153
f 3358/441/154 3359/442/154 3343/425/154 3342/424/154
f 3359/442/155 3360/443/155 3344/426/155 3343/425/155
f 3360/443/156 3361/444/156 3345/427/156 3344/426/156
f 3361/444/157 3362/445/157 3346/428/157 3345/427/157
f 3362/445/158 3363/446/158 3347/429/158 3346/428/158
f 3363/446/159 3364/447/159 3348/430/159 3347/429/159
f 3364/447/160 3349/448/160 3333/431/160 3348/430/160
f 3365/449/161 3366/450/161 3350/433/161 3349/432/161
f 3366/450/162 3367/451/162 3351/434/162 3350/433/162
f 3367/451/163 3368/452/163 3352/435/163 3351/434/163
f 3368/452/164 3369/453/164 3353/436/164 3352/435/164
f 3369/453/165 3370/454/165 3354/437/165 3353/436/165
f 3370/454/166 3371/455/166 3355/438/166 3354/437/166
f 3371/455/167 3372/456/167 3356/439/167 3355/438/167
f 3372/456/168 3373/457/168 3357/440/168 3356/439/168
f 3373/457/169 3374/458/169 3358/441/169 3357/440/169
f 3374/458/170 3375/459/170 3359/442/170 3358/441/170
f 3375/459/171 3376/460/171 3360/443/171 3359/442/171
f 3376/460/172 3377/461/172 3361/444/172 3360/443/172
f 3377/461/173 3378/462/173 3362/445/173 3361/444/173
f 3378/462/174 3379/463/174 3363/446/174 3362/445/174
f 3379/463/175 3380/464/175 3364/447/175 3363/446/175
f 3380/464/176 3365/465/176 3349/448/176 3364/447/176
f 3381/466/11 3382/467/11 3366/450/11 3365/449/11
f 3382/467/12 3383/468/12 3367/451/12 3366/450/12
f 3383/468/13 3384/469/13 3368/452/13 3367/451/13
f 3384/469/14 3385/470/14 3369/453/14 3368/452/14
f 3385/470/15 3386/471/15 3370/454/15 3369/453/15
f 3386/471/16 3387/472/16 3371/455/16 3370/454/16
f 3387/472/17 3388/473/17 3372/456/17 3371/455/17
f 3388/473/18 3389/474/18 3373/457/18 3372/456/18
f 3389/474/19 3390/475/19 3374/458/19 3373/457/19
f 3390/475/20 3391/476/20 3375/459/20 3374/458/20
f 3391/476/21 3392/477/21 3376/460/21 3375/459/21
f 3392/477/22 3393/478/22 3377/461/22 3376/460/22
f 3393/478/23 3394/479/23 3378/462/23 3377/461/23
f 3394/479/24 3395/480/24 3379/463/24 3378/462/24
f 3395/480/25 3396/481/25 3380/464/25 3379/463/25
f 3396/481/26 3381/482/26 3365/465/26 3380/464/26
f 3397/483/11 3398/484/11 3382/467/11 3381/466/11
f 3398/484/12 3399/485/12 3383/468/12 3382/467/12
f 3399/485/13 3400/486/13 3384/469/13 3383/468/13
f 3400/486/14 3401/487/14 3385/470/14 3384/469/14
f 3401/487/15 3402/488/15 3386/471/15 3385/470/15
f 3402/488/16 3403/489/16 3387/472/16 3386/471/16
f 3403/489/17 3404/490/17 3388/473/17 3387/472/17
f 3404/490/18 3405/491/18 3389/474/18 3388/473/18
f 3405/491/19 3406/492/19 3390/475/19 3389/474/19
f 3406/492/20 3407/493/20 3391/476/20 3390/475/20
f 3407/493/21 3408/494/21 3392/477/21 3391/476/21
f 3408/494/22 3409/495/22 3393/478/22 3392/477/22
f 3409/495/23 3410/496/23 3394/479/23 3393/478/23
f 3410/496/24 3411/497/24 3395/480/24 3394/479/24
f 3411/497/25 3412/498/25 3396/481/25 3395/480/25
f 3412/498/26 3397/499/26 3381/482/26 3396/481/26
f 3413/500/145 3414/501/145 3398/484/145 3397/483/145
f 3414/501/146 3415/502/146 3399/485/146 3398/484/146
f 3415/502/147 3416/503/147 3400/486/147 3399/485/147
f 3416/503/148 3417/504/148 3401/487/148 3400/486/148
f 3417/504/149 3418/505/149 3402/488/149 3401/487/149
f 3418/505/150 3419/506/150 3403/489/150 3402/488/150
f 3419/506/151 3420/507/151 3404/490/151 3403/489/151
f 3420/507/152 3421/508/152 3405/491/152 3404/490/152
f 3421/508/153 3422/509/153 3406/492/153 3405/491/153
f 3422/509/154 3423/510/154 3407/493/154 3406/492/154
f 3423/510/155 3424/511/155 3408/494/155 3407/493/155
f 3424/511/156 3425/512/156 3409/495/156 3408/494/156
f 3425/512/157 3426/513/157 3410/496/157 3409/495/157
f 3426/513/158 3427/514/158 3411/497/158 3410/496/158
f 3427/514/159 3428/515/159 3412/498/159 3411/497/159
f 3428/515/160 3413/516/160 3397/499/160 3412/498/160
f 3429/517/161 3430/518/161 3414/501/161 3413/500/161
f 3430/518/162 3431/519/162 3415/502/162 3414/501/162
f 3431/519/163 3432/520/163 3416/503/163 3415/502/163
f 3432/520/164 3433/521/164 3417/504/164 3416/503/164
f 3433/521/165 3434/522/165 3418/505/165 3417/504/165
f 3434/522/166 3435/523/166 3419/506/166 3418/505/166
f 3435/523/167 3436/524/167 3420/507/167 3419/506/167
f 3436/524/168 3437/525/168 3421/508/168 3420/507/168
f 3437/525/169 3438/526/169 3422/509/169 3421/508/169
f 3438/526/170 3439/527/170 3423/510/170 3422/509/170
f 3439/527/171 3440/528/171 3424/511/171 3423/510/171
f 3440/528/172 3441/529/172 3425/512/172 3424/511/172
f 3441/529/173 3442/530/173 3426/513/173 3425/512/173
f 3442/530/174 3443/531/174 3427/514/174 3426/513/174
f 3443/531/175 3444/532/175 3428/515/175 3427/514/175
f 3444/532/176 3429/533/176 3413/516/176 3428/515/176
f 3445/534/11 3446/535/11 3430/518/11 3429/517/11
f 3446/535/12 3447/536/12 3431/519/12 3430/518/12
f 3447/536/13 3448/537/13 3432/520/13 3431/519/13
f 3448/537/14 3449/538/14 3433/521/14 3432/520/14
f 3449/538/15 3450/539/15 3434/522/15 3433/521/15
f 3450/539/16 3451/540/16 3435/523/16 3434/522/16
f 3451/540/17 3452/541/17 3436/524/17 3435/523/17
f 3452/541/18 3453/542/18 3437/525/18 3436/524/18
f 3453/542/19 3454/543/19 3438/526/19 3437/525/19
f 3454/543/20 3455/544/20 3439/527/20 3438/526/20
f 3455/544/21 3456/545/21 3440/528/21 3439/527/21
f 3456/545/22 3457/546/22 3441/529/22 3440/528/22
f 3457/546/23 3458/547/23 3442/530/23 3441/529/23
f 3458/547/24 3459/548/24 3443/531/24 3442/530/24
f 3459/548/25 3460/549/25 3444/532/25 3443/531/25
f 3460/549/26 3445/550/26 3429/533/26 3444/532/26
f 3461/551/11 3462/552/11 3446/535/11 3445/534/11
f 3462/552/12 3463/553/12 3447/536/12 3446/535/12
f 3463/553/13 3464/554/13 3448/537/13 3447/536/13
f 3464/554/14 3465/555/14 3449/538/14 3448/537/14
f 3465/555/15 3466/556/15 3450/539/15 3449/538/15
f 3466/556/16 3467/557/16 3451/540/16 3450/539/16
f 3467/557/17 3468/558/17 3452/541/17 3451/540/17
f 3468/558/18 3469/559/18 3453/542/18 3452/541/18
f 3469/559/19 3470/560/19 3454/543/19 3453/542/19
f 3470/560/20 3471/561/20 3455/544/20 3454/543/20
f 3471/561/21 3472/562/21 3456/545/21 3455/544/21
f 3472/562/22 3473/563/22 3457/546/22 3456/545/22
f 3473/563/23 3474/564/23 3458/547/23 3457/546/23
f 3474/564/24 3475/565/24 3459/548/24 3458/547/24
f 3475/565/25 3476/566/25 3460/549/25 3459/548/25
f 3476/566/26 3461/567/26 3445/550/26 3460/549/26
f 3477/568/145 3478/569/145 3462/552/145 3461/551/145
f 3478/569/146 3479/570/146 3463/553/146 3462/552/146
f 3479/570/147 3480/571/147 3464/554/147 3463/553/147
f 3480/571/148 3481/572/148 3465/555/148 3464/554/148
f 3481/572/149 3482/573/149 3466/556/149 3465/555/149
f 3482/573/150 3483/574/150 3467/557/150 3466/556/150
f 3483/574/151 3484/575/151 3468/558/151 3467/557/151
f 3484/575/152 3485/576/152 3469/559/152 3468/558/152
f 3485/576/153 3486/577/153 3470/560/153 3469/559/153
f 3486/577/154 3487/578/154 3471/561/154 3470/560/154
f 3487/578/155 3488/579/155 3472/562/155 3471/561/155
f 3488/579/156 3489/580/156 3473/563/156 3472/562/156
f 3489/580/157 3490/581/157 3474/564/157 3473/563/157
f 3490/581/158 3491/582/158 3475/565/158 3474/564/158
f 3491/582/159 3492/583/159 3476/566/159 3475/565/159
f 3492/583/160 3477/584/160 3461/567/160 3476/566/160
f 3493/585/161 3494/586/161 3478/569/161 3477/568/161
f 3494/586/162 3495/587/162 3479/570/162 3478/569/162
f 3495/587/163 3496/588/163 3480/571/163 3479/570/163
f 3496/588/164 3497/589/164 3481/572/164 3480/571/164
f 3497/589/165 3498/590/165 3482/573/165 3481/572/165
f 3498/590/166 3499/591/166 3483/574/166 3482/573/166
f 3499/591/167 3500/592/167 3484/575/167 3483/574/167
f 3500/592/168 3501/593/168 3485/576/168 3484/575/168
f 3501/593/169 3502/594/169 3486/577/169 3485/576/169
f 3502/594/170 3503/595/170 3487/578/170 3486/577/170
f 3503/595/171 3504/596/171 3488/579/171 3487/578/171
f 3504/596/172 3505/597/172 3489/580/172 3488/579/172
f 3505/597/173 3506/598/173 3490/581/173 3489/580/173
f 3506/598/174 3507/599/174 3491/582/174 3490/581/174
f 3507/599/175 3508/600/175 3492/583/175 3491/582/175
f 3508/600/176 3493/601/176 3477/584/176 3492/583/176
f 3509/602/11 3510/603/11 3494/586/11 3493/585/11
f 3510/603/12 3511/604/12 3495/587/12 3494/586/12
f 3511/604/13 3512/605/13 3496/588/13 3495/587/13
f 3512/605/14 3513/606/14 3497/589/14 3496/588/14
f 3513/606/15 3514/607/15 3498/590/15 3497/589/15
f 3514/607/16 3515/608/16 3499/591/16 3498/590/16
f 3515/608/17 3516/609/17 3500/592/17 3499/591/17
f 3516/609/18 3517/610/18 3501/593/18 3500/592/18
f 3517/610/19 3518/611/19 3502/594/19 3501/593/19
f 3518/611/20 3519/612/20 3503/595/20 3502/594/20
f 3519/612/21 3520/613/21 3504/596/21 3503/595/21
f 3520/613/22 3521/614/22 3505/597/22 3504/596/22
f 3521/614/23 3522/615/23 3506/598/23 3505/597/23
f 3522/615/24 3523/616/24 3507/599/24 3506/598/24
f 3523/616/25 3524/617/25 3508/600/25 3507/599/25
f 3524/617/26 3509/618/26 3493/601/26 3508/600/26
f 3525/619/11 3526/620/11 3510/603/11 3509/602/11
f 3526/620/12 3527/621/12 3511/604/12 3510/603/12
f 3527/621/13 3528/622/13 3512/605/13 3511/604/13
f 3528/622/14 3529/623/14 3513/606/14 3512/605/14
f 3529/623/15 3530/624/15 3514/607/15 3513/606/15
f 3530/624/16 3531/625/16 3515/608/16 3514/607/16
f 3531/625/17 3532/626/17 3516/609/17 3515/608/17
f 3532/626/18 3533/627/18 3517/610/18 3516/609/18
f 3533/627/19 3534/628/19 3518/611/19 3517/610/19
f 3534/628/20 3535/629/20 3519/612/20 3518/611/20
f 3535/629/21 3536/630/21 3520/613/21 3519/612/21
f 3536/630/22 3537/631/22 3521/614/22 3520/613/22
f 3537/631/23 3538/632/23 3522/615/23 3521/614/23
f 3538/632/24 3539/633/24 3523/616/24 3522/615/24
f 3539/633/25 3540/634/25 3524/617/25 3523/616/25
f 3540/634/26 3525/635/26 3509/618/26 3524/617/26
f 3541/636/145 3542/637/145 3526/620/145 3525/619/145
f 3542/637/146 3543/638/146 3527/621/146 3526/620/146
f 3543/638/147 3544/639/147 3528/622/147 3527/621/147
f 3544/639/148 3545/640/148 3529/623/148 3528/622/148
f 3545/640/149 3546/641/149 3530/624/149 3529/623/149
f 3546/641/150 3547/642/150 3531/625/150 3530/624/150
f 3547/642/151 3548/643/151 3532/626/151 3531/625/151
f 3548/643/152 3549/644/152 3533/627/152 3532/626/152
f 3549/644/153 3550/645/153 3534/628/153 3533/627/153
f 3550/645/154 3551/646/154 3535/629/154 3534/628/154
f 3551/646/155 3552/647/155 3536/630/155 3535/629/155
f 3552/647/156 3553/648/156 3537/631/156 3536/630/156
f 3553/648/157 3554/649/157 3538/632/157 3537/631/157
f 3554/649/158 3555/650/158 3539/633/158 3538/632/158
f 3555/650/159 3556/651/159 3540/634/159 3539/633/159
f 3556/651/160 3541/652/160 3525/635/160 3540/634/160
f 3557/653/161 3558/654/161 3542/637/161 3541/636/161
f 3558/654/162 3559/655/162 3543/638/162 3542/637/162
f 3559/655/163 3560/656/163 3544/639/163 3543/638/163
f 3560/656/164 3561/657/164 3545/640/164 3544/639/164
f 3561/657/165 3562/658/165 3546/641/165 3545/640/165
f 3562/658/166 3563/659/166 3547/642/166 3546/641/166
f 3563/659/167 3564/660/167 3548/643/167 3547/642/167
f 3564/660/168 3565/661/168 3549/644/168 3548/643/168
f 3565/661/169 3566/662/169 3550/645/169 3549/644/169
f 3566/662/170 3567/663/170 3551/646/170 3550/645/170
f 3567/663/171 3568/664/171 3552/647/171 3551/646/171
f 3568/664/172 3569/665/172 3553/648/172 3552/647/172
f 3569/665/173 3570/666/173 3554/649/173 3553/648/173
f 3570/666/174 3571/667/174 3555/650/174 3554/649/174
f 3571/667/175 3572/668/175 3556/651/175 3555/650/175
f 3572/668/176 3557/669/176 3541/652/176 3556/651/176
f 3573/670/11 3574/671/11 3558/654/11 3557/653/11
f 3574/671/12 3575/672/12 3559/655/12 3558/654/12
f 3575/672/13 3576/673/13 3560/656/13 3559/655/13
f 3576/673/14 3577/674/14 3561/657/14 3560/656/14
f 3577/674/15 3578/675/15 3562/658/15 3561/657/15
f 3578/675/16 3579/676/16 3563/659/16 3562/658/16
f 3579/676/17 3580/677/17 3564/660/17 3563/659/17
f 3580/677/18 3581/678/18 3565/661/18 3564/660/18
f 3581/678/19 3582/679/19 3566/662/19 3565/661/19
f 3582/679/20 3583/680/20 3567/663/20 3566/662/20
f 3583/680/21 3584/681/21 3568/664/21 3567/663/21
f 3584/681/22 3585/682/22 3569/665/22 3568/664/22
f 3585/682/23 3586/683/23 3570/666/23 3569/665/23
f 3586/683/24 3587/684/24 3571/667/24 3570/666/24
f 3587/684/25 3588/685/25 3572/668/25 3571/667/25
f 3588/685/26 3573/686/26 3557/669/26 3572/668/26
f 3589/687/11 3590/688/11 3574/671/11 3573/670/11
f 3590/688/12 3591/689/12 3575/672/12 3574/671/12
f 3591/689/13 3592/690/13 3576/673/13 3575/672/13
f 3592/690/14 3593/691/14 3577/674/14 3576/673/14
f 3593/691/15 3594/692/15 3578/675/15 3577/674/15
f 3594/692/16 3595/693/16 3579/676/16 3578/675/16
f 3595/693/17 3596/694/17 3580/677/17 3579/676/17
f 3596/694/18 3597/695/18 3581/678/18 3580/677/18
f 3597/695/19 3598/696/19 3582/679/19 3581/678/19
f 3598/696/20 3599/697/20 3583/680/20 3582/679/20
f 3599/697/21 3600/698/21 3584/681/21 3583/680/21
f 3600/698/22 3601/699/22 3585/682/22 3584/681/22
f 3601/699/23 3602/700/23 3586/683/23 3585/682/23
f 3602/700/24 3603/701/24 3587/684/24 3586/683/24
f 3603/701/25 3604/702/25 3588/685/25 3587/684/25
f 3604/702/26 3589/703/26 3573/686/26 3588/685/26
f 3605/704/145 3606/705/145 3590/688/145 3589/687/145
f 3606/705/146 3607/706/146 3591/689/146 3590/688/146
f 3607/706/147 3608/707/147 3592/690/147 3591/689/147
f 3608/707/148 3609/708/148 3593/691/148 3592/690/148
f 3609/708/149 3610/709/149 3594/692/149 3593/691/149
f 3610/709/150 3611/710/150 3595/693/150 3594/692/150
f 3611/710/151 3612/711/151 3596/694/151 3595/693/151
f 3612/711/152 3613/712/152 3597/695/152 3596/694/152
f 3613/712/153 3614/713/153 3598/696/153 3597/695/153
f 3614/713/154 3615/714/154 3599/697/154 3598/696/154
f 3615/714/155 3616/715/155 3600/698/155 3599/697/155
f 3616/715/156 3617/716/156 3601/699/156 3600/698/156
f 3617/716/157 3618/717/157 3602/700/157 3601/699/157
f 3618/717/158 3619/718/158 3603/701/158 3602/700/158
f 3619/718/159 3620/719/159 3604/702/159 3603/701/159
f 3620/719/160 3605/720/160 3589/703/160 3604/702/160
f 3621/721/161 3622/722/161 3606/705/161 3605/704/161
f 3622/722/162 3623/723/162 3607/706/162 3606/705/162
f 3623/723/163 3624/724/163 3608/707/163 3607/706/163
f 3624/724/164 3625/725/164 3609/708/164 3608/707/164
f 3625/725/165 3626/726/165 3610/709/165 3609/708/165
f 3626/726/166 3627/727/166 3611/710/166 3610/709/166
f 3627/727/167 3628/728/167 3612/711/167 3611/710/167
f 3628/728/168 3629/729/168 3613/712/168 3612/711/168
f 3629/729/169 3630/730/169 3614/713/169 3613/712/169
f 3630/730/170 3631/731/170 3615/714/170 3614/713/170
f 3631/731/171 3632/732/171 3616/715/171 3615/714/171
f 3632/732/172 3633/733/172 3617/716/172 3616/715/172
f 3633/733/173 3634/734/173 3618/717/173 3617/716/173
f 3634/734/174 3635/735/174 3619/718/174 3618/717/174
f 3635/735/175 3636/736/175 3620/719/175 3619/718/175
f 3636/736/176 3621/737/176 3605/720/176 3620/719/176
f 3637/738/11 3638/739/11 3622/722/11 3621/721/11
f 3638/739/12 3639/740/12 3623/723/12 3622/722/12
f 3639/740/13 3640/741/13 3624/724/13 3623/723/13
f 3640/741/14 3641/742/14 3625/725/14 3624/724/14
f 3641/742/15 3642/743/15 3626/726/15 3625/725/15
f 3642/743/16 3643/744/16 3627/727/16 3626/726/16
f 3643/744/17 3644/745/17 3628/728/17 3627/727/17
f 3644/745/18 3645/746/18 3629/729/18 3628/728/18
f 3645/746/19 3646/747/19 3630/730/19 3629/729/19
f 3646/747/20 3647/748/20 3631/731/20 3630/730/20
f 3647/748/21 3648/749/21 3632/732/21 3631/731/21
f 3648/749/22 3649/750/22 3633/733/22 3632/732/22
f 3649/750/23 3650/751/23 3634/734/23 3633/733/23
f 3650/751/24 3651/752/24 3635/735/24 3634/734/24
f 3651/752/25 3652/753/25 3636/736/25 3635/735/25
f 3652/753/26 3637/754/26 3621/737/26 3636/736/26
f 3653/755/11 3654/756/11 3638/739/11 3637/738/11
f 3654/756/12 3655/757/12 3639/740/12 3638/739/12
f 3655/757/13 3656/758/13 3640/741/13 3639/740/13
f 3656/758/14 3657/759/14 3641/742/14 3640/741/14
f 3657/759/15 3658/760/15 3642/743/15 3641/742/15
f 3658/760/16 3659/761/16 3643/744/16 3642/743/16
f 3659/761/17 3660/762/17 3644/745/17 3643/744/17
f 3660/762/18 3661/763/18 3645/746/18 3644/745/18
f 3661/763/19 3662/764/19 3646/747/19 3645/746/19
f 3662/764/20 3663/765/20 3647/748/20 3646/747/20
f 3663/765/21 3664/766/21 3648/749/21 3647/748/21
f 3664/766/22 3665/767/22 3649/750/22 3648/749/22
f 3665/767/23 3666/768/23 3650/751/23 3649/750/23
f 3666/768/24 3667/769/24 3651/752/24 3650/751/24
f 3667/769/25 3668/770/25 3652/753/25 3651/752/25
f 3668/770/26 3653/771/26 3637/754/26 3652/753/26
f 3669/772/145 3670/773/145 3654/756/145 3653/755/145
f 3670/773/146 3671/774/146 3655/757/146 3654/756/146
f 3671/774/147 3672/775/147 3656/758/147 3655/757/147
f 3672/775/148 3673/776/148 3657/759/148 3656/758/148
f 3673/776/149 3674/777/149 3658/760/149 3657/759/149
f 3674/777/150 3675/778/150 3659/761/150 3658/760/150
f 3675/778/151 3676/779/151 3660/762/151 3659/761/151
f 3676/779/152 3677/780/152 3661/763/152 3660/762/152
f 3677/780/153 3678/781/153 3662/764/153 3661/763/153
f 3678/781/154 3679/782/154 3663/765/154 3662/764/154
f 3679/782/155 3680/783/155 3664/766/155 3663/765/155
f 3680/783/156 3681/784/156 3665/767/156 3664/766/156
f 3681/784/157 3682/785/157 3666/768/157 3665/767/157
f 3682/785/158 3683/786/158 3667/769/158 3666/768/158
f 3683/786/159 3684/787/159 3668/770/159 3667/769/159
f 3684/787/160 3669/788/160 3653/771/160 3668/770/160
f 3685/789/161 3686/790/161 3670/773/161 3669/772/161
f 3686/790/162 3687/791/162 3671/774/162 3670/773/162
f 3687/791/163 3688/792/163 3672/775/163 3671/774/163
f 3688/792/164 3689/793/164 3673/776/164 3672/775/164
f 3689/793/165 3690/794/165 3674/777/165 3673/776/165
f 3690/794/166 3691/795/166 3675/778/166 3674/777/166
f 3691/795/167 3692/796/167 3676/779/167 3675/778/167
f 3692/796/168 3693/797/168 3677/780/168 3676/779/168
f 3693/797/169 3694/798/169 3678/781/169 3677/780/169
f 3694/798/170 3695/799/170 3679/782/170 3678/781/170
f 3695/799/171 3696/800/171 3680/783/171 3679/782/171
f 3696/800/172 3697/801/172 3681/784/172 3680/783/172
f 3697/801/173 3698/802/173 3682/785/173 3681/784/173
f 3698/802/174 3699/803/174 3683/786/174 3682/785/174
f 3699/803/175 3700/804/175 3684/787/175 3683/786/175
f 3700/804/176 3685/805/176 3669/788/176 3684/787/176
f 3701/806/11 3702/807/11 3686/790/11 3685/789/11
f 3702/807/12 3703/808/12 3687/791/12 3686/790/12
f 3703/808/13 3704/809/13 3688/792/13 3687/791/13
f 3704/809/14 3705/810/14 3689/793/14 3688/792/14
f 3705/810/15 3706/811/15 3690/794/15 3689/793/15
f 3706/811/16 3707/812/16 3691/795/16 3690/794/16
f 3707/812/17 3708/813/17 3692/796/17 3691/795/17
f 3708/813/18 3709/814/18 3693/797/18 3692/796/18
f 3709/814/19 3710/815/19 3694/798/19 3693/797/19
f 3710/815/20 3711/816/20 3695/799/20 3694/798/20
f 3711/816/21 3712/817/21 3696/800/21 3695/799/21
f 3712/817/22 3713/818/22 3697/801/22 3696/800/22
f 3713/818/23 3714/819/23 3698/802/23 3697/801/23
f 3714/819/24 3715/820/24 3699/803/24 3698/802/24
f 3715/820/25 3716/821/25 3700/804/25 3699/803/25
f 3716/821/26 3701/822/26 3685/805/26 3700/804/26
f 3717/823/11 3718/824/11 3702/807/11 3701/806/11
f 3718/824/12 3719/825/12 3703/808/12 3702/807/12
f 3719/825/13 3720/826/13 3704/809/13 3703/808/13
f 3720/826/14 3721/827/14 3705/810/14 3704/809/14
f 3721/827/15 3722/828/15 3706/811/15 3705/810/15
f 3722/828/16 3723/829/16 3707/812/16 3706/811/16
f 3723/829/17 3724/830/17 3708/813/17 3707/812/17
f 3724/830/18 3725/831/18 3709/814/18 3708/813/18
f 3725/831/19 3726/832/19 3710/815/19 3709/814/19
f 3726/832/20 3727/833/20 3711/816/20 3710/815/20
f 3727/833/21 3728/834/21 3712/817/21 3711/816/21
f 3728/834/22 3729/835/22 3713/818/22 3712/817/22
f 3729/835/23 3730/836/23 3714/819/23 3713/818/23
f 3730/836/24 3731/837/24 3715/820/24 3714/819/24
f 3731/837/25 3732/838/25 3716/821/25 3715/820/25
f 3732/838/26 3717/839/26 3701/822/26 3716/821/26
f 3733/840/145 3734/841/145 3718/824/145 3717/823/145
f 3734/841/146 3735/842/146 3719/825/146 3718/824/146
f 3735/842/147 3736/843/147 3720/826/147 3719/825/147
f 3736/843/148 3737/844/148 3721/827/148 3720/826/148
f 3737/844/149 3738/845/149 3722/828/149 3721/827/149
f 3738/845/150 3739/846/150 3723/829/150 3722/828/150
f 3739/846/151 3740/847/151 3724/830/151 3723/829/151
f 3740/847/152 3741/848/152 3725/831/152 3724/830/152
f 3741/848/153 3742/849/153 3726/832/153 3725/831/153
f 3742/849/154 3743/850/154 3727/833/154 3726/832/154
f 3743/850/155 3744/851/155 3728/834/155 3727/833/155
f 3744/851/156 3745/852/156 3729/835/156 3728/834/156
f 3745/852/157 3746/853/157 3730/836/157 3729/835/157
f 3746/853/158 3747/854/158 3731/837/158 3730/836/158
f 3747/854/159 3748/855/159 3732/838/159 3731/837/159
f 3748/855/160 3733/856/160 3717/839/160 3732/838/160
f 3749/857/161 3750/858/161 3734/841/161 3733/840/161
f 3750/858/162 3751/859/162 3735/842/162 3734/841/162
f 3751/859/163 3752/860/163 3736/843/163 3735/842/163
f 3752/860/164 3753/861/164 3737/844/164 3736/843/164
f 3753/861/165 3754/862/165 3738/845/165 3737/844/165
f 3754/862/166 3755/863/166 3739/846/166 3738/845/166
f 3755/863/167 3756/864/167 3740/847/167 3739/846/167
f 3756/864/168 3757/865/168 3741/848/168 3740/847/168
f 3757/865/169 3758/866/169 3742/849/169 3741/848/169
f 3758/866/170 3759/867/170 3743/850/170 3742/849/170
f 3759/867/171 3760/868/171 3744/851/171 3743/850/171
f 3760/868/172 3761/869/172 3745/852/172 3744/851/172
f 3761/869/173 3762/870/173 3746/853/173 3745/852/173
f 3762/870/174 3763/871/174 3747/854/174 3746/853/174
f 3763/871/175 3764/872/175 3748/855/175 3747/854/175
f 3764/872/176 3749/873/176 3733/856/176 3748/855/176
f 3765/874/11 3766/875/11 3750/858/11 3749/857/11
f 3766/875/12 3767/876/12 3751/859/12 3750/858/12
f 3767/876/13 3768/877/13 3752/860/13 3751/859/13
f 3768/877/14 3769/878/14 3753/861/14 3752/860/14
f 3769/878/15 3770/879/15 3754/862/15 3753/861/15
f 3770/879/16 3771/880/16 3755/863/16 3754/862/16
f 3771/880/17 3772/881/17 3756/864/17 3755/863/17
f 3772/881/18 3773/882/18 3757/865/18 3756/864/18
f 3773/882/19 3774/883/19 3758/866/19 3757/865/19
f 3774/883/20 3775/884/20 3759/867/20 3758/866/20
f 3775/884/21 3776/885/21 3760/868/21 3759/867/21
f 3776/885/22 3777/886/22 3761/869/22 3760/868/22
f 3777/886/23 3778/887/23 3762/870/23 3761/869/23
f 3778/887/24 3779/888/24 3763/871/24 3762/870/24
f 3779/888/25 3780/889/25 3764/872/25 3763/871/25
f 3780/889/26 3765/890/26 3749/873/26 3764/872/26
f 3781/891/11 3782/892/11 3766/875/11 3765/874/11
f 3782/892/12 3783/893/12 3767/876/12 3766/875/12
f 3783/893/13 3784/894/13 3768/877/13 3767/876/13
f 3784/894/14 3785/895/14 3769/878/14 3768/877/14
f 3785/895/15 3786/896/15 3770/879/15 3769/878/15
f 3786/896/16 3787/897/16 3771/880/16 3770/879/16
f 3787/897/17 3788/898/17 3772/881/17 3771/880/17
f 3788/898/18 3789/899/18 3773/882/18 3772/881/18
f 3789/899/19 3790/900/19 3774/883/19 3773/882/19
f 3790/900/20 3791/901/20 3775/884/20 3774/883/20
f 3791/901/21 3792/902/21 3776/885/21 3775/884/21
f 3792/902/22 3793/903/22 3777/886/22 3776/885/22
f 3793/903/23 3794/904/23 3778/887/23 3777/886/23
f 3794/904/24 3795/905/24 3779/888/24 3778/887/24
f 3795/905/25 3796/906/25 3780/889/25 3779/888/25
f 3796/906/26 3781/907/26 3765/890/26 3780/889/26
f 3797/908/145 3798/909/145 3782/892/145 3781/891/145
f 3798/909/146 3799/910/146 3783/893/146 3782/892/146
f 3799/910/147 3800/911/147 3784/894/147 3783/893/147
f 3800/911/148 3801/912/148 3785/895/148 3784/894/148
f 3801/912/149 3802/913/149 3786/896/149 3785/895/149
f 3802/913/150 3803/914/150 3787/897/150 3786/896/150
f 3803/914/151 3804/915/151 3788/898/151 3787/897/151
f 3804/915/152 3805/916/152 3789/899/152 3788/898/152
f 3805/916/153 3806/917/153 3790/900/153 3789/899/153
f 3806/917/154 3807/918/154 3791/901/154 3790/900/154
f 3807/918/155 3808/919/155 3792/902/155 3791/901/155
f 3808/919/156 3809/920/156 3793/903/156 3792/902/156
f 3809/920/157 3810/921/157 3794/904/157 3793/903/157
f 3810/921/158 3811/922/158 3795/905/158 3794/904/158
f 3811/922/159 3812/923/159 3796/906/159 3795/905/159
f 3812/923/160 3797/924/160 3781/907/160 3796/906/160
f 3813/925/161 3814/926/161 3798/909/161 3797/908/161
f 3814/926/162 3815/927/162 3799/910/162 3798/909/162
f 3815/927/163 3816/928/163 3800/911/163 3799/910/163
f 3816/928/164 3817/929/164 3801/912/164 3800/911/164
f 3817/929/165 3818/930/165 3802/913/165 3801/912/165
f 3818/930/166 3819/931/166 3803/914/166 3802/913/166
f 3819/931/167 3820/932/167 3804/915/167 3803/914/167
f 3820/932/168 3821/933/168 3805/916/168 3804/915/168
f 3821/933/169 3822/934/169 3806/917/169 3805/916/169
f 3822/934/170 3823/935/170 3807/918/170 3806/917/170
f 3823/935/171 3824/936/171 3808/919/171 3807/918/171
f 3824/936/172 3825/937/172 3809/920/172 3808/919/172
f 3825/937/173 3826/938/173 3810/921/173 3809/920/173
f 3826/938/174 3827/939/174 3811/922/174 3810/921/174
f 3827/939/175 3828/940/175 3812/923/175 3811/922/175
f 3828/940/176 3813/941/176 3797/924/176 3812/923/176
f 3829/942/11 3830/943/11 3814/926/11 3813/925/11
f 3830/943/12 3831/944/12 3815/927/12 3814/926/12
f 3831/944/13 3832/945/13 3816/928/13 3815/927/13
f 3832/945/14 3833/946/14 3817/929/14 3816/928/14
f 3833/946/15 3834/947/15 3818/930/15 3817/929/15
f 3834/947/16 3835/948/16 3819/931/16 3818/930/16
f 3835/948/17 3836/949/17 3820/932/17 3819/931/17
f 3836/949/18 3837/950/18 3821/933/18 3820/932/18
f 3837/950/19 3838/951/19 3822/934/19 3821/933/19
f 3838/951/20 3839/952/20 3823/935/20 3822/934/20
f 3839/952/21 3840/953/21 3824/936/21 3823/935/21
f 3840/953/22 3841/954/22 3825/937/22 3824/936/22
f 3841/954/23 3842/955/23 3826/938/23 3825/937/23
f 3842/955/24 3843/956/24 3827/939/24 3826/938/24
f 3843/956/25 3844/957/25 3828/940/25 3827/939/25
f 3844/957/26 3829/958/26 3813/941/26 3828/940/26
f 3845/959/177 3846/960/177 3830/943/177 3829/942/177
f 3846/960/178 3847/961/178 3831/944/178 3830/943/178
f 3847/961/179 3848/962/179 3832/945/179 3831/944/179
f 3848/962/180 3849/963/180 3833/946/180 3832/945/180
f 3849/963/181 3850/964/181 3834/947/181 3833/946/181
f 3850/964/182 3851/965/182 3835/948/182 3834/947/182
f 3851/965/183 3852/966/183 3836/949/183 3835/948/183
f 3852/966/184 3853/967/184 3837/950/184 3836/949/184
f 3853/967/185 3854/968/185 3838/951/185 3837/950/185
f 3854/968/186 3855/969/186 3839/952/186 3838/951/186
f 3855/969/187 3856/970/187 3840/953/187 3839/952/187
f 3856/970/188 3857/971/188 3841/954/188 3840/953/188
f 3857/971/189 3858/972/189 3842/955/189 3841/954/189
f 3858/972/190 3859/973/190 3843/956/190 3842/955/190
f 3859/973/191 3860/974/191 3844/957/191 3843/956/191
f 3860/974/192 3845/975/192 3829/958/192 3844/957/192
f 3861/8/2 3861/314/2 3846/960/2 3845/959/2
f 3861/314/2 3861/315/2 3847/961/2 3846/960/2
f 3861/315/2 3861/316/2 3848/962/2 3847/961/2
f 3861/316/2 3861/317/2 3849/963/2 3848/962/2
f 3861/317/2 3861/318/2 3850/964/2 3849/963/2
f 3861/318/2 3861/319/2 3851/965/2 3850/964/2
f 3861/319/2 3861/320/2 3852/966/2 3851/965/2
f 3861/320/2 3861/66/2 3853/967/2 3852/966/2
f 3861/66/2 3861/321/2 3854/968/2 3853/967/2
f 3861/321/2 3861/322/2 3855/969/2 3854/968/2
f 3861/322/2 3861/323/2 3856/970/2 3855/969/2
f 3861/323/2 3861/324/2 3857/971/2 3856/970/2
f 3861/324/2 3861/325/2 3858/972/2 3857/971/2
f 3861/325/2 3861/326/2 3859/973/2 3858/972/2
f 3861/326/2 3861/327/2 3860/974/2 3859/973/2
f 3861/327/2 3861/9/2 3845/975/2 3860/974/2
o flange_1
usemtl steel
f 2997/76/11 2998/80/11 2999/79/11 3000/4/11
f 2998/80/12 3001/81/12 3002/39/12 2999/79/12
f 3001/81/13 3003/83/13 3004/82/13 3002/39/13
f 3003/83/14 3005/84/14 3006/47/14 3004/82/14
f 3005/84/15 3007/86/15 3008/85/15 3006/47/15
f 3007/86/16 3009/87/16 3010/57/16 3008/85/16
f 3009/87/17 3011/89/17 3012/88/17 3010/57/17
f 3011/89/18 3013/91/18 3014/90/18 3012/88/18
f 3013/91/19 3015/93/19 3016/92/19 3014/90/19
f 3015/93/20 3017/95/20 3018/94/20 3016/92/20
f 3017/95/21 3019/97/21 3020/96/21 3018/94/21
f 3019/97/22 3021/99/22 3022/98/22 3020/96/22
f 3021/99/23 3023/101/23 3024/100/23 3022/98/23
f 3023/101/24 3025/103/24 3026/102/24 3024/100/24
f 3025/103/25 3027/105/25 3028/104/25 3026/102/25
f 3027/105/26 2997/77/26 3000/78/26 3028/104/26
f 3022/7/1 3024/58/1 3026/59/1 3028/60/1
f 3018/61/1 3020/62/1 3022/7/1 3028/60/1
f 3014/5/1 3016/63/1 3018/61/1 3028/60/1
f 3010/64/1 3012/65/1 3014/5/1 3028/60/1
f 3006/66/1 3008/67/1 3010/64/1 3028/60/1
f 3002/68/1 3004/69/1 3006/66/1 3028/60/1
f 3000/70/1 2999/71/1 3002/68/1 3028/60/1
f 3003/69/2 3001/68/2 2998/71/2 2997/70/2
f 3007/67/2 3005/66/2 3003/69/2 2997/70/2
f 3011/65/2 3009/64/2 3007/67/2 2997/70/2
f 3015/63/2 3013/5/2 3011/65/2 2997/70/2
f 3019/62/2 3017/61/2 3015/63/2 2997/70/2
f 3023/58/2 3021/7/2 3019/62/2 2997/70/2
f 3027/60/2 3025/59/2 3023/58/2 2997/70/2
f 3029/17/7 3030/18/7 3031/19/7 3032/4/7
f 3030/18/4 3033/20/4 3034/21/4 3031/19/4
f 3033/20/8 3035/22/8 3036/23/8 3034/21/8
f 3035/22/9 3037/24/9 3038/25/9 3036/23/9
f 3037/24/3 3039/26/3 3040/27/3 3038/25/3
f 3039/26/10 3029/28/10 3032/29/10 3040/27/10
f 3041/17/11 3042/30/11 3043/31/11 3044/4/11
f 3042/30/12 3045/32/12 3046/33/12 3043/31/12
f 3045/32/13 3047/34/13 3048/35/13 3046/33/13
f 3047/34/14 3049/36/14 3050/37/14 3048/35/14
f 3049/36/15 3051/38/15 3052/39/15 3050/37/15
f 3051/38/16 3053/40/16 3054/41/16 3052/39/16
f 3053/40/17 3055/42/17 3056/43/17 3054/41/17
f 3055/42/18 3057/22/18 3058/23/18 3056/43/18
f 3057/22/19 3059/44/19 3060/45/19 3058/23/19
f 3059/44/20 3061/46/20 3062/47/20 3060/45/20
f 3061/46/21 3063/48/21 3064/49/21 3062/47/21
f 3063/48/22 3065/50/22 3066/51/22 3064/49/22
f 3065/50/23 3067/52/23 3068/53/23 3066/51/23
f 3067/52/24 3069/54/24 3070/55/24 3068/53/24
f 3069/54/25 3071/56/25 3072/57/25 3070/55/25
f 3071/56/26 3041/28/26 3044/29/26 3072/57/26
f 3066/7/1 3068/58/1 3070/59/1 3072/60/1
f 3062/61/1 3064/62/1 3066/7/1 3072/60/1
f 3058/5/1 3060/63/1 3062/61/1 3072/60/1
f 3054/64/1 3056/65/1 3058/5/1 3072/60/1
f 3050/66/1 3052/67/1 3054/64/1 3072/60/1
f 3046/68/1 3048/69/1 3050/66/1 3072/60/1
f 3044/70/1 3043/71/1 3046/68/1 3072/60/1
f 3047/69/2 3045/68/2 3042/71/2 3041/70/2
f 3051/67/2 3049/66/2 3047/69/2 3041/70/2
f 3055/65/2 3053/64/2 3051/67/2 3041/70/2
f 3059/63/2 3057/5/2 3055/65/2 3041/70/2
f 3063/62/2 3061/61/2 3059/63/2 3041/70/2
f 3067/58/2 3065/7/2 3063/62/2 3041/70/2
f 3071/60/2 3069/59/2 3067/58/2 3041/70/2
f 3073/17/27 3074/18/27 3075/19/27 3076/4/27
f 3074/18/28 3077/20/28 3078/21/28 3075/19/28
f 3077/20/5 3079/22/5 3080/23/5 3078/21/5
f 3079/22/29 3081/24/29 3082/25/29 3080/23/29
f 3081/24/30 3083/26/30 3084/27/30 3082/25/30
f 3083/26/6 3073/28/6 3076/29/6 3084/27/6
f 3078/72/1 3080/73/1 3082/7/1 3084/74/1
f 3076/75/1 3075/66/1 3078/72/1 3084/74/1
f 3079/73/2 3077/72/2 3074/66/2 3073/75/2
f 3083/74/2 3081/7/2 3079/73/2 3073/75/2
f 3085/17/7 3086/18/7 3087/19/7 3088/4/7
f 3086/18/4 3089/20/4 3090/21/4 3087/19/4
f 3089/20/8 3091/22/8 3092/23/8 3090/21/8
f 3091/22/9 3093/24/9 3094/25/9 3092/23/9
f 3093/24/3 3095/26/3 3096/27/3 3094/25/3
f 3095/26/10 3085/28/10 3088/29/10 3096/27/10
f 3097/17/11 3098/30/11 3099/31/11 3100/4/11
f 3098/30/12 3101/32/12 3102/33/12 3099/31/12
f 3101/32/13 3103/34/13 3104/35/13 3102/33/13
f 3103/34/14 3105/36/14 3106/37/14 3104/35/14
f 3105/36/15 3107/38/15 3108/39/15 3106/37/15
f 3107/38/16 3109/40/16 3110/41/16 3108/39/16
f 3109/40/17 3111/42/17 3112/43/17 3110/41/17
f 3111/42/18 3113/22/18 3114/23/18 3112/43/18
f 3113/22/19 3115/44/19 3116/45/19 3114/23/19
f 3115/44/20 3117/46/20 3118/47/20 3116/45/20
f 3117/46/21 3119/48/21 3120/49/21 3118/47/21
f 3119/48/22 3121/50/22 3122/51/22 3120/49/22
f 3121/50/23 3123/52/23 3124/53/23 3122/51/23
f 3123/52/24 3125/54/24 3126/55/24 3124/53/24
f 3125/54/25 3127/56/25 3128/57/25 3126/55/25
f 3127/56/26 3097/28/26 3100/29/26 3128/57/26
f 3122/7/1 3124/58/1 3126/59/1 3128/60/1
f 3118/61/1 3120/62/1 3122/7/1 3128/60/1
f 3114/5/1 3116/63/1 3118/61/1 3128/60/1
f 3110/64/1 3112/65/1 3114/5/1 3128/60/1
f 3106/66/1 3108/67/1 3110/64/1 3128/60/1
f 3102/68/1 3104/69/1 3106/66/1 3128/60/1
f 3100/70/1 3099/71/1 3102/68/1 3128/60/1
f 3103/69/2 3101/68/2 3098/71/2 3097/70/2
f 3107/67/2 3105/66/2 3103/69/2 3097/70/2
f 3111/65/2 3109/64/2 3107/67/2 3097/70/2
f 3115/63/2 3113/5/2 3111/65/2 3097/70/2
f 3119/62/2 3117/61/2 3115/63/2 3097/70/2
f 3123/58/2 3121/7/2 3119/62/2 3097/70/2
f 3127/60/2 3125/59/2 3123/58/2 3097/70/2
f 3129/17/27 3130/18/27 3131/19/27 3132/4/27
f 3130/18/28 3133/20/28 3134/21/28 3131/19/28
f 3133/20/5 3135/22/5 3136/23/5 3134/21/5
f 3135/22/29 3137/24/29 3138/25/29 3136/23/29
f 3137/24/30 3139/26/30 3140/27/30 3138/25/30
f 3139/26/6 3129/28/6 3132/29/6 3140/27/6
f 3134/72/1 3136/73/1 3138/7/1 3140/74/1
f 3132/75/1 3131/66/1 3134/72/1 3140/74/1
f 3135/73/2 3133/72/2 3130/66/2 3129/75/2
f 3139/74/2 3137/7/2 3135/73/2 3129/75/2
f 3141/17/7 3142/18/7 3143/19/7 3144/4/7
f 3142/18/4 3145/20/4 3146/21/4 3143/19/4
f 3145/20/8 3147/22/8 3148/23/8 3146/21/8
f 3147/22/9 3149/24/9 3150/25/9 3148/23/9
f 3149/24/3 3151/26/3 3152/27/3 3150/25/3
f 3151/26/10 3141/28/10 3144/29/10 3152/27/10
f 3153/17/11 3154/30/11 3155/31/11 3156/4/11
f 3154/30/12 3157/32/12 3158/33/12 3155/31/12
f 3157/32/13 3159/34/13 3160/35/13 3158/33/13
f 3159/34/14 3161/36/14 3162/37/14 3160/35/14
f 3161/36/15 3163/38/15 3164/39/15 3162/37/15
f 3163/38/16 3165/40/16 3166/41/16 3164/39/16
f 3165/40/17 3167/42/17 3168/43/17 3166/41/17
f 3167/42/18 3169/22/18 3170/23/18 3168/43/18
f 3169/22/19 3171/44/19 3172/45/19 3170/23/19
f 3171/44/20 3173/46/20 3174/47/20 3172/45/20
f 3173/46/21 3175/48/21 3176/49/21 3174/47/21
f 3175/48/22 3177/50/22 3178/51/22 3176/49/22
f 3177/50/23 3179/52/23 3180/53/23 3178/51/23
f 3179/52/24 3181/54/24 3182/55/24 3180/53/24
f 3181/54/25 3183/56/25 3184/57/25 3182/55/25
f 3183/56/26 3153/28/26 3156/29/26 3184/57/26
f 3178/7/1 3180/58/1 3182/59/1 3184/60/1
f 3174/61/1 3176/62/1 3178/7/1 3184/60/1
f 3170/5/1 3172/63/1 3174/61/1 3184/60/1
f 3166/64/1 3168/65/1 3170/5/1 3184/60/1
f 3162/66/1 3164/67/1 3166/64/1 3184/60/1
f 3158/68/1 3160/69/1 3162/66/1 3184/60/1
f 3156/70/1 3155/71/1 3158/68/1 3184/60/1
f 3159/69/2 3157/68/2 3154/71/2 3153/70/2
f 3163/67/2 3161/66/2 3159/69/2 3153/70/2
f 3167/65/2 3165/64/2 3163/67/2 3153/70/2
f 3171/63/2 3169/5/2 3167/65/2 3153/70/2
f 3175/62/2 3173/61/2 3171/63/2 3153/70/2
f 3179/58/2 3177/7/2 3175/62/2 3153/70/2
f 3183/60/2 3181/59/2 3179/58/2 3153/70/2
f 3185/17/27 3186/18/27 3187/19/27 3188/4/27
f 3186/18/28 3189/20/28 3190/21/28 3187/19/28
f 3189/20/5 3191/22/5 3192/23/5 3190/21/5
f 3191/22/29 3193/24/29 3194/25/29 3192/23/29
f 3193/24/30 3195/26/30 3196/27/30 3194/25/30
f 3195/26/6 3185/28/6 3188/29/6 3196/27/6
f 3190/72/1 3192/73/1 3194/7/1 3196/74/1
f 3188/75/1 3187/66/1 3190/72/1 3196/74/1
f 3191/73/2 3189/72/2 3186/66/2 3185/75/2
f 3195/74/2 3193/7/2 3191/73/2 3185/75/2
f 3197/17/7 3198/18/7 3199/19/7 3200/4/7
f 3198/18/4 3201/20/4 3202/21/4 3199/19/4
f 3201/20/8 3203/22/8 3204/23/8 3202/21/8
f 3203/22/9 3205/24/9 3206/25/9 3204/23/9
f 3205/24/3 3207/26/3 3208/27/3 3206/25/3
f 3207/26/10 3197/28/10 3200/29/10 3208/27/10
f 3209/17/11 3210/30/11 3211/31/11 3212/4/11
f 3210/30/12 3213/32/12 3214/33/12 3211/31/12
f 3213/32/13 3215/34/13 3216/35/13 3214/33/13
f 3215/34/14 3217/36/14 3218/37/14 3216/35/14
f 3217/36/15 3219/38/15 3220/39/15 3218/37/15
f 3219/38/16 3221/40/16 3222/41/16 3220/39/16
f 3221/40/17 3223/42/17 3224/43/17 3222/41/17
f 3223/42/18 3225/22/18 3226/23/18 3224/43/18
f 3225/22/19 3227/44/19 3228/45/19 3226/23/19
f 3227/44/20 3229/46/20 3230/47/20 3228/45/20
f 3229/46/21 3231/48/21 3232/49/21 3230/47/21
f 3231/48/22 3233/50/22 3234/51/22 3232/49/22
f 3233/50/23 3235/52/23 3236/53/23 3234/51/23
f 3235/52/24 3237/54/24 3238/55/24 3236/53/24
f 3237/54/25 3239/56/25 3240/57/25 3238/55/25
f 3239/56/26 3209/28/26 3212/29/26 3240/57/26
f 3234/7/1 3236/58/1 3238/59/1 3240/60/1
f 3230/61/1 3232/62/1 3234/7/1 3240/60/1
f 3226/5/1 3228/63/1 3230/61/1 3240/60/1
f 3222/64/1 3224/65/1 3226/5/1 3240/60/1
f 3218/66/1 3220/67/1 3222/64/1 3240/60/1
f 3214/68/1 3216/69/1 3218/66/1 3240/60/1
f 3212/70/1 3211/71/1 3214/68/1 3240/60/1
f 3215/69/2 3213/68/2 3210/71/2 3209/70/2
f 3219/67/2 3217/66/2 3215/69/2 3209/70/2
f 3223/65/2 3221/64/2 3219/67/2 3209/70/2
f 3227/63/2 3225/5/2 3223/65/2 3209/70/2
f 3231/62/2 3229/61/2 3227/63/2 3209/70/2
f 3235/58/2 3233/7/2 3231/62/2 3209/70/2
f 3239/60/2 3237/59/2 3235/58/2 3209/70/2
f 3241/17/27 3242/18/27 3243/19/27 3244/4/27
f 3242/18/28 3245/20/28 3246/21/28 3243/19/28
f 3245/20/5 3247/22/5 3248/23/5 3246/21/5
f 3247/22/29 3249/24/29 3250/25/29 3248/23/29
f 3249/24/30 3251/26/30 3252/27/30 3250/25/30
f 3251/26/6 3241/28/6 3244/29/6 3252/27/6
f 3246/72/1 3248/73/1 3250/7/1 3252/74/1
f 3244/75/1 3243/66/1 3246/72/1 3252/74/1
f 3247/73/2 3245/72/2 3242/66/2 3241/75/2
f 3251/74/2 3249/7/2 3247/73/2 3241/75/2
f 3862/76/11 3863/80/11 3864/79/11 3865/4/11
f 3863/80/12 3866/81/12 3867/39/12 3864/79/12
f 3866/81/13 3868/83/13 3869/82/13 3867/39/13
f 3868/83/14 3870/84/14 3871/47/14 3869/82/14
f 3870/84/15 3872/86/15 3873/85/15 3871/47/15
f 3872/86/16 3874/87/16 3875/57/16 3873/85/16
f 3874/87/17 3876/89/17 3877/88/17 3875/57/17
f 3876/89/18 3878/91/18 3879/90/18 3877/88/18
f 3878/91/19 3880/93/19 3881/92/19 3879/90/19
f 3880/93/20 3882/95/20 3883/94/20 3881/92/20
f 3882/95/21 3884/97/21 3885/96/21 3883/94/21
f 3884/97/22 3886/99/22 3887/98/22 3885/96/22
f 3886/99/23 3888/101/23 3889/100/23 3887/98/23
f 3888/101/24 3890/103/24 3891/102/24 3889/100/24
f 3890/103/25 3892/105/25 3893/104/25 3891/102/25
f 3892/105/26 3862/77/26 3865/78/26 3893/104/26
f 3887/7/1 3889/58/1 3891/59/1 3893/60/1
f 3883/61/1 3885/62/1 3887/7/1 3893/60/1
f 3879/5/1 3881/63/1 3883/61/1 3893/60/1
f 3875/64/1 3877/65/1 3879/5/1 3893/60/1
f 3871/66/1 3873/67/1 3875/64/1 3893/60/1
f 3867/68/1 3869/69/1 3871/66/1 3893/60/1
f 3865/70/1 3864/71/1 3867/68/1 3893/60/1
f 3868/69/2 3866/68/2 3863/71/2 3862/70/2
f 3872/67/2 3870/66/2 3868/69/2 3862/70/2
f 3876/65/2 3874/64/2 3872/67/2 3862/70/2
f 3880/63/2 3878/5/2 3876/65/2 3862/70/2
f 3884/62/2 3882/61/2 3880/63/2 3862/70/2
f 3888/58/2 3886/7/2 3884/62/2 3862/70/2
f 3892/60/2 3890/59/2 3888/58/2 3862/70/2
f 3894/976/1 3895/977/1 3896/98/1 3897/4/1
f 3898/4/2 3899/98/2 3900/977/2 3901/976/2
f 3901/977/3 3900/976/3 3895/4/3 3894/98/3
f 3899/977/4 3898/976/4 3897/4/4 3896/98/4
f 3898/977/5 3901/976/5 3894/4/5 3897/98/5
f 3900/977/6 3899/976/6 3896/4/6 3895/98/6
o bushing_2
usemtl porcelain
f 4158/347/11 4159/348/11 4160/85/11 4161/4/11
f 4159/348/12 4162/349/12 4163/94/12 4160/85/12
f 4162/349/13 4164/350/13 4165/104/13 4163/94/13
f 4164/350/14 4166/351/14 4167/132/14 4165/104/14
f 4166/351/15 4168/352/15 4169/141/15 4167/132/15
f 4168/352/16 4170/353/16 4171/151/16 4169/141/16
f 4170/353/17 4172/354/17 4173/161/17 4171/151/17
f 4172/354/18 4174/355/18 4175/7/18 4173/161/18
f 4174/355/19 4176/356/19 4177/180/19 4175/7/19
f 4176/356/20 4178/357/20 4179/190/20 4177/180/20
f 4178/357/21 4180/358/21 4181/200/21 4179/190/21
f 4180/358/22 4182/359/22 4183/210/22 4181/200/22
f 4182/359/23 4184/360/23 4185/219/23 4183/210/23
f 4184/360/24 4186/361/24 4187/229/24 4185/219/24
f 4186/361/25 4188/362/25 4189/239/25 4187/229/25
f 4188/362/26 4158/363/26 4161/10/26 4189/239/26
f 4190/364/145 4191/365/145 4159/348/145 4158/347/145
f 4191/365/146 4192/366/146 4162/349/146 4159/348/146
f 4192/366/147 4193/367/147 4164/350/147 4162/349/147
f 4193/367/148 4194/368/148 4166/351/148 4164/350/148
f 4194/368/149 4195/369/149 4168/352/149 4166/351/149
f 4195/369/150 4196/370/150 4170/353/150 4168/352/150
f 4196/370/151 4197/371/151 4172/354/151 4170/353/151
f 4197/371/152 4198/372/152 4174/355/152 4172/354/152
f 4198/372/153 4199/373/153 4176/356/153 4174/355/153
f 4199/373/154 4200/374/154 4178/357/154 4176/356/154
f 4200/374/155 4201/375/155 4180/358/155 4178/357/155
f 4201/375/156 4202/376/156 4182/359/156 4180/358/156
f 4202/376/157 4203/377/157 4184/360/157 4182/359/157
f 4203/377/158 4204/378/158 4186/361/158 4184/360/158
f 4204/378/159 4205/379/159 4188/362/159 4186/361/159
f 4205/379/160 4190/380/160 4158/363/160 4188/362/160
f 4206/381/161 4207/382/161 4191/365/161 4190/364/161
f 4207/382/162 4208/383/162 4192/366/162 4191/365/162
f 4208/383/163 4209/384/163 4193/367/163 4192/366/163
f 4209/384/164 4210/385/164 4194/368/164 4193/367/164
f 4210/385/165 4211/386/165 4195/369/165 4194/368/165
f 4211/386/166 4212/387/166 4196/370/166 4195/369/166
f 4212/387/167 4213/388/167 4197/371/167 4196/370/167
f 4213/388/168 4214/389/168 4198/372/168 4197/371/168
f 4214/389/169 4215/390/169 4199/373/169 4198/372/169
f 4215/390/170 4216/391/170 4200/374/170 4199/373/170
f 4216/391/171 4217/392/171 4201/375/171 4200/374/171
f 4217/392/172 4218/393/172 4202/376/172 4201/375/172
f 4218/393/173 4219/394/173 4203/377/173 4202/376/173
f 4219/394/174 4220/395/174 4204/378/174 4203/377/174
f 4220/395/175 4221/396/175 4205/379/175 4204/378/175
f 4221/396/176 4206/397/176 4190/380/176 4205/379/176
f 4222/398/11 4223/399/11 4207/382/11 4206/381/11
f 4223/399/12 4224/400/12 4208/383/12 4207/382/12
f 4224/400/13 4225/401/13 4209/384/13 4208/383/13
f 4225/401/14 4226/402/14 4210/385/14 4209/384/14
f 4226/402/15 4227/403/15 4211/386/15 4210/385/15
f 4227/403/16 4228/404/16 4212/387/16 4211/386/16
f 4228/404/17 4229/405/17 4213/388/17 4212/387/17
f 4229/405/18 4230/406/18 4214/389/18 4213/388/18
f 4230/406/19 4231/407/19 4215/390/19 4214/389/19
f 4231/407/20 4232/408/20 4216/391/20 4215/390/20
f 4232/408/21 4233/409/21 4217/392/21 4216/391/21
f 4233/409/22 4234/410/22 4218/393/22 4217/392/22
f 4234/410/23 4235/411/23 4219/394/23 4218/393/23
f 4235/411/24 4236/412/24 4220/395/24 4219/394/24
f 4236/412/25 4237/413/25 4221/396/25 4220/395/25
f 4237/413/26 4222/414/26 4206/397/26 4221/396/26
f 4238/415/11 4239/416/11 4223/399/11 4222/398/11
f 4239/416/12 4240/417/12 4224/400/12 4223/399/12
f 4240/417/13 4241/418/13 4225/401/13 4224/400/13
f 4241/418/14 4242/419/14 4226/402/14 4225/401/14
f 4242/419/15 4243/420/15 4227/403/15 4226/402/15
f 4243/420/16 4244/421/16 4228/404/16 4227/403/16
f 4244/421/17 4245/422/17 4229/405/17 4228/404/17
f 4245/422/18 4246/423/18 4230/406/18 4229/405/18
f 4246/423/19 4247/424/19 4231/407/19 4230/406/19
f 4247/424/20 4248/425/20 4232/408/20 4231/407/20
f 4248/425/21 4249/426/21 4233/409/21 4232/408/21
f 4249/426/22 4250/427/22 4234/410/22 4233/409/22
f 4250/427/23 4251/428/23 4235/411/23 4234/410/23
f 4251/428/24 4252/429/24 4236/412/24 4235/411/24
f 4252/429/25 4253/430/25 4237/413/25 4236/412/25
f 4253/430/26 4238/431/26 4222/414/26 4237/413/26
f 4254/432/145 4255/433/145 4239/416/145 4238/415/145
f 4255/433/146 4256/434/146 4240/417/146 4239/416/146
f 4256/434/147 4257/435/147 4241/418/147 4240/417/147
f 4257/435/148 4258/436/148 4242/419/148 4241/418/148
f 4258/436/149 4259/437/149 4243/420/149 4242/419/149
f 4259/437/150 4260/438/150 4244/421/150 4243/420/150
f 4260/438/151 4261/439/151 4245/422/151 4244/421/151
f 4261/439/152 4262/440/152 4246/423/152 4245/422/152
f 4262/440/153 4263/441/153 4247/424/153 4246/423/153
f 4263/441/154 4264/442/154 4248/425/154 4247/424/154
f 4264/442/155 4265/443/155 4249/426/155 4248/425/155
f 4265/443/156 4266/444/156 4250/427/156 4249/426/156
f 4266/444/157 4267/445/157 4251/428/157 4250/427/157
f 4267/445/158 4268/446/158 4252/429/158 4251/428/158
f 4268/446/159 4269/447/159 4253/430/159 4252/429/159
f 4269/447/160 4254/448/160 4238/431/160 4253/430/160
f 4270/449/161 4271/450/161 4255/433/161 4254/432/161
f 4271/450/162 4272/451/162 4256/434/162 4255/433/162
f 4272/451/163 4273/452/163 4257/435/163 4256/434/163
f 4273/452/164 4274/453/164 4258/436/164 4257/435/164
f 4274/453/165 4275/454/165 4259/437/165 4258/436/165
f 4275/454/166 4276/455/166 4260/438/166 4259/437/166
f 4276/455/167 4277/456/167 4261/439/167 4260/438/167
f 4277/456/168 4278/457/168 4262/440/168 4261/439/168
f 4278/457/169 4279/458/169 4263/441/169 4262/440/169
f 4279/458/170 4280/459/170 4264/442/170 4263/441/170
f 4280/459/171 4281/460/171 4265/443/171 4264/442/171
f 4281/460/172 4282/461/172 4266/444/172 4265/443/172
f 4282/461/173 4283/462/173 4267/445/173 4266/444/173
f 4283/462/174 4284/463/174 4268/446/174 4267/445/174
f 4284/463/175 4285/464/175 4269/447/175 4268/446/175
f 4285/464/176 4270/465/176 4254/448/176 4269/447/176
f 4286/466/11 4287/467/11 4271/450/11 4270/449/11
f 4287/467/12 4288/468/12 4272/451/12 4271/450/12
f 4288/468/13 4289/469/13 4273/452/13 4272/451/13
f 4289/469/14 4290/470/14 4274/453/14 4273/452/14
f 4290/470/15 4291/471/15 4275/454/15 4274/453/15
f 4291/471/16 4292/472/16 4276/455/16 4275/454/16
f 4292/472/17 4293/473/17 4277/456/17 4276/455/17
f 4293/473/18 4294/474/18 4278/457/18 4277/456/18
f 4294/474/19 4295/475/19 4279/458/19 4278/457/19
f 4295/475/20 4296/476/20 4280/459/20 4279/458/20
f 4296/476/21 4297/477/21 4281/460/21 4280/459/21
f 4297/477/22 4298/478/22 4282/461/22 4281/460/22
f 4298/478/23 4299/479/23 4283/462/23 4282/461/23
f 4299/479/24 4300/480/24 4284/463/24 4283/462/24
f 4300/480/25 4301/481/25 4285/464/25 4284/463/25
f 4301/481/26 4286/482/26 4270/465/26 4285/464/26
f 4302/483/11 4303/484/11 4287/467/11 4286/466/11
f 4303/484/12 4304/485/12 4288/468/12 4287/467/12
f 4304/485/13 4305/486/13 4289/469/13 4288/468/13
f 4305/486/14 4306/487/14 4290/470/14 4289/469/14
f 4306/487/15 4307/488/15 4291/471/15 4290/470/15
f 4307/488/16 4308/489/16 4292/472/16 4291/471/16
f 4308/489/17 4309/490/17 4293/473/17 4292/472/17
f 4309/490/18 4310/491/18 4294/474/18 4293/473/18
f 4310/491/19 4311/492/19 4295/475/19 4294/474/19
f 4311/492/20 4312/493/20 4296/476/20 4295/475/20
f 4312/493/21 4313/494/21 4297/477/21 4296/476/21
f 4313/494/22 4314/495/22 4298/478/22 4297/477/22
f 4314/495/23 4315/496/23 4299/479/23 4298/478/23
f 4315/496/24 4316/497/24 4300/480/24 4299/479/24
f 4316/497/25 4317/498/25 4301/481/25 4300/480/25
f 4317/498/26 4302/499/26 4286/482/26 4301/481/26
f 4318/500/145 4319/501/145 4303/484/145 4302/483/145
f 4319/501/146 4320/502/146 4304/485/146 4303/484/146
f 4320/502/147 4321/503/147 4305/486/147 4304/485/147
f 4321/503/148 4322/504/148 4306/487/148 4305/486/148
f 4322/504/149 4323/505/149 4307/488/149 4306/487/149
f 4323/505/150 4324/506/150 4308/489/150 4307/488/150
f 4324/506/151 4325/507/151 4309/490/151 4308/489/151
f 4325/507/152 4326/508/152 4310/491/152 4309/490/152
f 4326/508/153 4327/509/153 4311/492/153 4310/491/153
f 4327/509/154 4328/510/154 4312/493/154 4311/492/154
f 4328/510/155 4329/511/155 4313/494/155 4312/493/155
f 4329/511/156 4330/512/156 4314/495/156 4313/494/156
f 4330/512/157 4331/513/157 4315/496/157 4314/495/157
f 4331/513/158 4332/514/158 4316/497/158 4315/496/158
f 4332/514/159 4333/515/159 4317/498/159 4316/497/159
f 4333/515/160 4318/516/160 4302/499/160 4317/498/160
f 4334/517/161 4335/518/161 4319/501/161 4318/500/161
f 4335/518/162 4336/519/162 4320/502/162 4319/501/162
f 4336/519/163 4337/520/163 4321/503/163 4320/502/163
f 4337/520/164 4338/521/164 4322/504/164 4321/503/164
f 4338/521/165 4339/522/165 4323/505/165 4322/504/165
f 4339/522/166 4340/523/166 4324/506/166 4323/505/166
f 4340/523/167 4341/524/167 4325/507/167 4324/506/167
f 4341/524/168 4342/525/168 4326/508/168 4325/507/168
f 4342/525/169 4343/526/169 4327/509/169 4326/508/169
f 4343/526/170 4344/527/170 4328/510/170 4327/509/170
f 4344/527/171 4345/528/171 4329/511/171 4328/510/171
f 4345/528/172 4346/529/172 4330/512/172 4329/511/172
f 4346/529/173 4347/530/173 4331/513/173 4330/512/173
f 4347/530/174 4348/531/174 4332/514/174 4331/513/174
f 4348/531/175 4349/532/175 4333/515/175 4332/514/175
f 4349/532/176 4334/533/176 4318/516/176 4333/515/176
f 4350/534/11 4351/535/11 4335/518/11 4334/517/11
f 4351/535/12 4352/536/12 4336/519/12 4335/518/12
f 4352/536/13 4353/537/13 4337/520/13 4336/519/13
f 4353/537/14 4354/538/14 4338/521/14 4337/520/14
f 4354/538/15 4355/539/15 4339/522/15 4338/521/15
f 4355/539/16 4356/540/16 4340/523/16 4339/522/16
f 4356/540/17 4357/541/17 4341/524/17 4340/523/17
f 4357/541/18 4358/542/18 4342/525/18 4341/524/18
f 4358/542/19 4359/543/19 4343/526/19 4342/525/19
f 4359/543/20 4360/544/20 4344/527/20 4343/526/20
f 4360/544/21 4361/545/21 4345/528/21 4344/527/21
f 4361/545/22 4362/546/22 4346/529/22 4345/528/22
f 4362/546/23 4363/547/23 4347/530/23 4346/529/23
f 4363/547/24 4364/548/24 4348/531/24 4347/530/24
f 4364/548/25 4365/549/25 4349/532/25 4348/531/25
f 4365/549/26 4350/550/26 4334/533/26 4349/532/26
f 4366/551/11 4367/552/11 4351/535/11 4350/534/11
f 4367/552/12 4368/553/12 4352/536/12 4351/535/12
f 4368/553/13 4369/554/13 4353/537/13 4352/536/13
f 4369/554/14 4370/555/14 4354/538/14 4353/537/14
f 4370/555/15 4371/556/15 4355/539/15 4354/538/15
f 4371/556/16 4372/557/16 4356/540/16 4355/539/16
f 4372/557/17 4373/558/17 4357/541/17 4356/540/17
f 4373/558/18 4374/559/18 4358/542/18 4357/541/18
f 4374/559/19 4375/560/19 4359/543/19 4358/542/19
f 4375/560/20 4376/561/20 4360/544/20 4359/543/20
f 4376/561/21 4377/562/21 4361/545/21 4360/544/21
f 4377/562/22 4378/563/22 4362/546/22 4361/545/22
f 4378/563/23 4379/564/23 4363/547/23 4362/546/23
f 4379/564/24 4380/565/24 4364/548/24 4363/547/24
f 4380/565/25 4381/566/25 4365/549/25 4364/548/25
f 4381/566/26 4366/567/26 4350/550/26 4365/549/26
f 4382/568/145 4383/569/145 4367/552/145 4366/551/145
f 4383/569/146 4384/570/146 4368/553/146 4367/552/146
f 4384/570/147 4385/571/147 4369/554/147 4368/553/147
f 4385/571/148 4386/572/148 4370/555/148 4369/554/148
f 4386/572/149 4387/573/149 4371/556/149 4370/555/149
f 4387/573/150 4388/574/150 4372/557/150 4371/556/150
f 4388/574/151 4389/575/151 4373/558/151 4372/557/151
f 4389/575/152 4390/576/152 4374/559/152 4373/558/152
f 4390/576/153 4391/577/153 4375/560/153 4374/559/153
f 4391/577/154 4392/578/154 4376/561/154 4375/560/154
f 4392/578/155 4393/579/155 4377/562/155 4376/561/155
f 4393/579/156 4394/580/156 4378/563/156 4377/562/156
f 4394/580/157 4395/581/157 4379/564/157 4378/563/157
f 4395/581/158 4396/582/158 4380/565/158 4379/564/158
f 4396/582/159 4397/583/159 4381/566/159 4380/565/159
f 4397/583/160 4382/584/160 4366/567/160 4381/566/160
f 4398/585/161 4399/586/161 4383/569/161 4382/568/161
f 4399/586/162 4400/587/162 4384/570/162 4383/569/162
f 4400/587/163 4401/588/163 4385/571/163 4384/570/163
f 4401/588/164 4402/589/164 4386/572/164 4385/571/164
f 4402/589/165 4403/590/165 4387/573/165 4386/572/165
f 4403/590/166 4404/591/166 4388/574/166 4387/573/166
f 4404/591/167 4405/592/167 4389/575/167 4388/574/167
f 4405/592/168 4406/593/168 4390/576/168 4389/575/168
f 4406/593/169 4407/594/169 4391/577/169 4390/576/169
f 4407/594/170 4408/595/170 4392/578/170 4391/577/170
f 4408/595/171 4409/596/171 4393/579/171 4392/578/171
f 4409/596/172 4410/597/172 4394/580/172 4393/579/172
f 4410/597/173 4411/598/173 4395/581/173 4394/580/173
f 4411/598/174 4412/599/174 4396/582/174 4395/581/174
f 4412/599/175 4413/600/175 4397/583/175 4396/582/175
f 4413/600/176 4398/601/176 4382/584/176 4397/583/176
f 4414/602/11 4415/603/11 4399/586/11 4398/585/11
f 4415/603/12 4416/604/12 4400/587/12 4399/586/12
f 4416/604/13 4417/605/13 4401/588/13 4400/587/13
f 4417/605/14 4418/606/14 4402/589/14 4401/588/14
f 4418/606/15 4419/607/15 4403/590/15 4402/589/15
f 4419/607/16 4420/608/16 4404/591/16 4403/590/16
f 4420/608/17 4421/609/17 4405/592/17 4404/591/17
f 4421/609/18 4422/610/18 4406/593/18 4405/592/18
f 4422/610/19 4423/611/19 4407/594/19 4406/593/19
f 4423/611/20 4424/612/20 4408/595/20 4407/594/20
f 4424/612/21 4425/613/21 4409/596/21 4408/595/21
f 4425/613/22 4426/614/22 4410/597/22 4409/596/22
f 4426/614/23 4427/615/23 4411/598/23 4410/597/23
f 4427/615/24 4428/616/24 4412/599/24 4411/598/24
f 4428/616/25 4429/617/25 4413/600/25 4412/599/25
f 4429/617/26 4414/618/26 4398/601/26 4413/600/26
f 4430/619/11 4431/620/11 4415/603/11 4414/602/11
f 4431/620/12 4432/621/12 4416/604/12 4415/603/12
f 4432/621/13 4433/622/13 4417/605/13 4416/604/13
f 4433/622/14 4434/623/14 4418/606/14 4417/605/14
f 4434/623/15 4435/624/15 4419/607/15 4418/606/15
f 4435/624/16 4436/625/16 4420/608/16 4419/607/16
f 4436/625/17 4437/626/17 4421/609/17 4420/608/17
f 4437/626/18 4438/627/18 4422/610/18 4421/609/18
f 4438/627/19 4439/628/19 4423/611/19 4422/610/19
f 4439/628/20 4440/629/20 4424/612/20 4423/611/20
f 4440/629/21 4441/630/21 4425/613/21 4424/612/21
f 4441/630/22 4442/631/22 4426/614/22 4425/613/22
f 4442/631/23 4443/632/23 4427/615/23 4426/614/23
f 4443/632/24 4444/633/24 4428/616/24 4427/615/24
f 4444/633/25 4445/634/25 4429/617/25 4428/616/25
f 4445/634/26 4430/635/26 4414/618/26 4429/617/26
f 4446/636/145 4447/637/145 4431/620/145 4430/619/145
f 4447/637/146 4448/638/146 4432/621/146 4431/620/146
f 4448/638/147 4449/639/147 4433/622/147 4432/621/147
f 4449/639/148 4450/640/148 4434/623/148 4433/622/148
f 4450/640/149 4451/641/149 4435/624/149 4434/623/149
f 4451/641/150 4452/642/150 4436/625/150 4435/624/150
f 4452/642/151 4453/643/151 4437/626/151 4436/625/151
f 4453/643/152 4454/644/152 4438/627/152 4437/626/152
f 4454/644/153 4455/645/153 4439/628/153 4438/627/153
f 4455/645/154 4456/646/154 4440/629/154 4439/628/154
f 4456/646/155 4457/647/155 4441/630/155 4440/629/155
f 4457/647/156 4458/648/156 4442/631/156 4441/630/156
f 4458/648/157 4459/649/157 4443/632/157 4442/631/157
f 4459/649/158 4460/650/158 4444/633/158 4443/632/158
f 4460/650/159 4461/651/159 4445/634/159 4444/633/159
f 4461/651/160 4446/652/160 4430/635/160 4445/634/160
f 4462/653/161 4463/654/161 4447/637/161 4446/636/161
f 4463/654/162 4464/655/162 4448/638/162 4447/637/162
f 4464/655/163 4465/656/163 4449/639/163 4448/638/163
f 4465/656/164 4466/657/164 4450/640/164 4449/639/164
f 4466/657/165 4467/658/165 4451/641/165 4450/640/165
f 4467/658/166 4468/659/166 4452/642/166 4451/641/166
f 4468/659/167 4469/660/167 4453/643/167 4452/642/167
f 4469/660/168 4470/661/168 4454/644/168 4453/643/168
f 4470/661/169 4471/662/169 4455/645/169 4454/644/169
f 4471/662/170 4472/663/170 4456/646/170 4455/645/170
f 4472/663/171 4473/664/171 4457/647/171 4456/646/171
f 4473/664/172 4474/665/172 4458/648/172 4457/647/172
f 4474/665/173 4475/666/173 4459/649/173 4458/648/173
f 4475/666/174 4476/667/174 4460/650/174 4459/649/174
f 4476/667/175 4477/668/175 4461/651/175 4460/650/175
f 4477/668/176 4462/669/176 4446/652/176 4461/651/176
f 4478/670/11 4479/671/11 4463/654/11 4462/653/11
f 4479/671/12 4480/672/12 4464/655/12 4463/654/12
f 4480/672/13 4481/673/13 4465/656/13 4464/655/13
f 4481/673/14 4482/674/14 4466/657/14 4465/656/14
f 4482/674/15 4483/675/15 4467/658/15 4466/657/15
f 4483/675/16 4484/676/16 4468/659/16 4467/658/16
f 4484/676/17 4485/677/17 4469/660/17 4468/659/17
f 4485/677/18 4486/678/18 4470/661/18 4469/660/18
f 4486/678/19 4487/679/19 4471/662/19 4470/661/19
f 4487/679/20 4488/680/20 4472/663/20 4471/662/20
f 4488/680/21 4489/681/21 4473/664/21 4472/663/21
f 4489/681/22 4490/682/22 4474/665/22 4473/664/22
f 4490/682/23 4491/683/23 4475/666/23 4474/665/23
f 4491/683/24 4492/684/24 4476/667/24 4475/666/24
f 4492/684/25 4493/685/25 4477/668/25 4476/667/25
f 4493/685/26 4478/686/26 4462/669/26 4477/668/26
f 4494/687/11 4495/688/11 4479/671/11 4478/670/11
f 4495/688/12 4496/689/12 4480/672/12 4479/671/12
f 4496/689/13 4497/690/13 4481/673/13 4480/672/13
f 4497/690/14 4498/691/14 4482/674/14 4481/673/14
f 4498/691/15 4499/692/15 4483/675/15 4482/674/15
f 4499/692/16 4500/693/16 4484/676/16 4483/675/16
f 4500/693/17 4501/694/17 4485/677/17 4484/676/17
f 4501/694/18 4502/695/18 4486/678/18 4485/677/18
f 4502/695/19 4503/696/19 4487/679/19 4486/678/19
f 4503/696/20 4504/697/20 4488/680/20 4487/679/20
f 4504/697/21 4505/698/21 4489/681/21 4488/680/21
f 4505/698/22 4506/699/22 4490/682/22 4489/681/22
f 4506/699/23 4507/700/23 4491/683/23 4490/682/23
f 4507/700/24 4508/701/24 4492/684/24 4491/683/24
f 4508/701/25 4509/702/25 4493/685/25 4492/684/25
f 4509/702/26 4494/703/26 4478/686/26 4493/685/26
f 4510/704/145 4511/705/145 4495/688/145 4494/687/145
f 4511/705/146 4512/706/146 4496/689/146 4495/688/146
f 4512/706/147 4513/707/147 4497/690/147 4496/689/147
f 4513/707/148 4514/708/148 4498/691/148 4497/690/148
f 4514/708/149 4515/709/149 4499/692/149 4498/691/149
f 4515/709/150 4516/710/150 4500/693/150 4499/692/150
f 4516/710/151 4517/711/151 4501/694/151 4500/693/151
f 4517/711/152 4518/712/152 4502/695/152 4501/694/152
f 4518/712/153 4519/713/153 4503/696/153 4502/695/153
f 4519/713/154 4520/714/154 4504/697/154 4503/696/154
f 4520/714/155 4521/715/155 4505/698/155 4504/697/155
f 4521/715/156 4522/716/156 4506/699/156 4505/698/156
f 4522/716/157 4523/717/157 4507/700/157 4506/699/157
f 4523/717/158 4524/718/158 4508/701/158 4507/700/158
f 4524/718/159 4525/719/159 4509/702/159 4508/701/159
f 4525/719/160 4510/720/160 4494/703/160 4509/702/160
f 4526/721/161 4527/722/161 4511/705/161 4510/704/161
f 4527/722/162 4528/723/162 4512/706/162 4511/705/162
f 4528/723/163 4529/724/163 4513/707/163 4512/706/163
f 4529/724/164 4530/725/164 4514/708/164 4513/707/164
f 4530/725/165 4531/726/165 4515/709/165 4514/708/165
f 4531/726/166 4532/727/166 4516/710/166 4515/709/166
f 4532/727/167 4533/728/167 4517/711/167 4516/710/167
f 4533/728/168 4534/729/168 4518/712/168 4517/711/168
f 4534/729/169 4535/730/169 4519/713/169 4518/712/169
f 4535/730/170 4536/731/170 4520/714/170 4519/713/170
f 4536/731/171 4537/732/171 4521/715/171 4520/714/171
f 4537/732/172 4538/733/172 4522/716/172 4521/715/172
f 4538/733/173 4539/734/173 4523/717/173 4522/716/173
f 4539/734/174 4540/735/174 4524/718/174 4523/717/174
f 4540/735/175 4541/736/175 4525/719/175 4524/718/175
f 4541/736/176 4526/737/176 4510/720/176 4525/719/176
f 4542/738/11 4543/739/11 4527/722/11 4526/721/11
f 4543/739/12 4544/740/12 4528/723/12 4527/722/12
f 4544/740/13 4545/741/13 4529/724/13 4528/723/13
f 4545/741/14 4546/742/14 4530/725/14 4529/724/14
f 4546/742/15 4547/743/15 4531/726/15 4530/725/15
f 4547/743/16 4548/744/16 4532/727/16 4531/726/16
f 4548/744/17 4549/745/17 4533/728/17 4532/727/17
f 4549/745/18 4550/746/18 4534/729/18 4533/728/18
f 4550/746/19 4551/747/19 4535/730/19 4534/729/19
f 4551/747/20 4552/748/20 4536/731/20 4535/730/20
f 4552/748/21 4553/749/21 4537/732/21 4536/731/21
f 4553/749/22 4554/750/22 4538/733/22 4537/732/22
f 4554/750/23 4555/751/23 4539/734/23 4538/733/23
f 4555/751/24 4556/752/24 4540/735/24 4539/734/24
f 4556/752/25 4557/753/25 4541/736/25 4540/735/25
f 4557/753/26 4542/754/26 4526/737/26 4541/736/26
f 4558/755/11 4559/756/11 4543/739/11 4542/738/11
f 4559/756/12 4560/757/12 4544/740/12 4543/739/12
f 4560/757/13 4561/758/13 4545/741/13 4544/740/13
f 4561/758/14 4562/759/14 4546/742/14 4545/741/14
f 4562/759/15 4563/760/15 4547/743/15 4546/742/15
f 4563/760/16 4564/761/16 4548/744/16 4547/743/16
f 4564/761/17 4565/762/17 4549/745/17 4548/744/17
f 4565/762/18 4566/763/18 4550/746/18 4549/745/18
f 4566/763/19 4567/764/19 4551/747/19 4550/746/19
f 4567/764/20 4568/765/20 4552/748/20 4551/747/20
f 4568/765/21 4569/766/21 4553/749/21 4552/748/21
f 4569/766/22 4570/767/22 4554/750/22 4553/749/22
f 4570/767/23 4571/768/23 4555/751/23 4554/750/23
f 4571/768/24 4572/769/24 4556/752/24 4555/751/24
f 4572/769/25 4573/770/25 4557/753/25 4556/752/25
f 4573/770/26 4558/771/26 4542/754/26 4557/753/26
f 4574/772/145 4575/773/145 4559/756/145 4558/755/145
f 4575/773/146 4576/774/146 4560/757/146 4559/756/146
f 4576/774/147 4577/775/147 4561/758/147 4560/757/147
f 4577/775/148 4578/776/148 4562/759/148 4561/758/148
f 4578/776/149 4579/777/149 4563/760/149 4562/759/149
f 4579/777/150 4580/778/150 4564/761/150 4563/760/150
f 4580/778/151 4581/779/151 4565/762/151 4564/761/151
f 4581/779/152 4582/780/152 4566/763/152 4565/762/152
f 4582/780/153 4583/781/153 4567/764/153 4566/763/153
f 4583/781/154 4584/782/154 4568/765/154 4567/764/154
f 4584/782/155 4585/783/155 4569/766/155 4568/765/155
f 4585/783/156 4586/784/156 4570/767/156 4569/766/156
f 4586/784/157 4587/785/157 4571/768/157 4570/767/157
f 4587/785/158 4588/786/158 4572/769/158 4571/768/158
f 4588/786/159 4589/787/159 4573/770/159 4572/769/159
f 4589/787/160 4574/788/160 4558/771/160 4573/770/160
f 4590/789/161 4591/790/161 4575/773/161 4574/772/161
f 4591/790/162 4592/791/162 4576/774/162 4575/773/162
f 4592/791/163 4593/792/163 4577/775/163 4576/774/163
f 4593/792/164 4594/793/164 4578/776/164 4577/775/164
f 4594/793/165 4595/794/165 4579/777/165 4578/776/165
f 4595/794/166 4596/795/166 4580/778/166 4579/777/166
f 4596/795/167 4597/796/167 4581/779/167 4580/778/167
f 4597/796/168 4598/797/168 4582/780/168 4581/779/168
f 4598/797/169 4599/798/169 4583/781/169 4582/780/169
f 4599/798/170 4600/799/170 4584/782/170 4583/781/170
f 4600/799/171 4601/800/171 4585/783/171 4584/782/171
f 4601/800/172 4602/801/172 4586/784/172 4585/783/172
f 4602/801/173 4603/802/173 4587/785/173 4586/784/173
f 4603/802/174 4604/803/174 4588/786/174 4587/785/174
f 4604/803/175 4605/804/175 4589/787/175 4588/786/175
f 4605/804/176 4590/805/176 4574/788/176 4589/787/176
f 4606/806/11 4607/807/11 4591/790/11 4590/789/11
f 4607/807/12 4608/808/12 4592/791/12 4591/790/12
f 4608/808/13 4609/809/13 4593/792/13 4592/791/13
f 4609/809/14 4610/810/14 4594/793/14 4593/792/14
f 4610/810/15 4611/811/15 4595/794/15 4594/793/15
f 4611/811/16 4612/812/16 4596/795/16 4595/794/16
f 4612/812/17 4613/813/17 4597/796/17 4596/795/17
f 4613/813/18 4614/814/18 4598/797/18 4597/796/18
f 4614/814/19 4615/815/19 4599/798/19 4598/797/19
f 4615/815/20 4616/816/20 4600/799/20 4599/798/20
f 4616/816/21 4617/817/21 4601/800/21 4600/799/21
f 4617/817/22 4618/818/22 4602/801/22 4601/800/22
f 4618/818/23 4619/819/23 4603/802/23 4602/801/23
f 4619/819/24 4620/820/24 4604/803/24 4603/802/24
f 4620/820/25 4621/821/25 4605/804/25 4604/803/25
f 4621/821/26 4606/822/26 4590/805/26 4605/804/26
f 4622/823/11 4623/824/11 4607/807/11 4606/806/11
f 4623/824/12 4624/825/12 4608/808/12 4607/807/12
f 4624/825/13 4625/826/13 4609/809/13 4608/808/13
f 4625/826/14 4626/827/14 4610/810/14 4609/809/14
f 4626/827/15 4627/828/15 4611/811/15 4610/810/15
f 4627/828/16 4628/829/16 4612/812/16 4611/811/16
f 4628/829/17 4629/830/17 4613/813/17 4612/812/17
f 4629/830/18 4630/831/18 4614/814/18 4613/813/18
f 4630/831/19 4631/832/19 4615/815/19 4614/814/19
f 4631/832/20 4632/833/20 4616/816/20 4615/815/20
f 4632/833/21 4633/834/21 4617/817/21 4616/816/21
f 4633/834/22 4634/835/22 4618/818/22 4617/817/22
f 4634/835/23 4635/836/23 4619/819/23 4618/818/23
f 4635/836/24 4636/837/24 4620/820/24 4619/819/24
f 4636/837/25 4637/838/25 4621/821/25 4620/820/25
f 4637/838/26 4622/839/26 4606/822/26 4621/821/26
f 4638/840/145 4639/841/145 4623/824/145 4622/823/145
f 4639/841/146 4640/842/146 4624/825/146 4623/824/146
f 4640/842/147 4641/843/147 4625/826/147 4624/825/147
f 4641/843/148 4642/844/148 4626/827/148 4625/826/148
f 4642/844/149 4643/845/149 4627/828/149 4626/827/149
f 4643/845/150 4644/846/150 4628/829/150 4627/828/150
f 4644/846/151 4645/847/151 4629/830/151 4628/829/151
f 4645/847/152 4646/848/152 4630/831/152 4629/830/152
f 4646/848/153 4647/849/153 4631/832/153 4630/831/153
f 4647/849/154 4648/850/154 4632/833/154 4631/832/154
f 4648/850/155 4649/851/155 4633/834/155 4632/833/155
f 4649/851/156 4650/852/156 4634/835/156 4633/834/156
f 4650/852/157 4651/853/157 4635/836/157 4634/835/157
f 4651/853/158 4652/854/158 4636/837/158 4635/836/158
f 4652/854/159 4653/855/159 4637/838/159 4636/837/159
f 4653/855/160 4638/856/160 4622/839/160 4637/838/160
f 4654/857/161 4655/858/161 4639/841/161 4638/840/161
f 4655/858/162 4656/859/162 4640/842/162 4639/841/162
f 4656/859/163 4657/860/163 4641/843/163 4640/842/163
f 4657/860/164 4658/861/164 4642/844/164 4641/843/164
f 4658/861/165 4659/862/165 4643/845/165 4642/844/165
f 4659/862/166 4660/863/166 4644/846/166 4643/845/166
f 4660/863/167 4661/864/167 4645/847/167 4644/846/167
f 4661/864/168 4662/865/168 4646/848/168 4645/847/168
f 4662/865/169 4663/866/169 4647/849/169 4646/848/169
f 4663/866/170 4664/867/170 4648/850/170 4647/849/170
f 4664/867/171 4665/868/171 4649/851/171 4648/850/171
f 4665/868/172 4666/869/172 4650/852/172 4649/851/172
f 4666/869/173 4667/870/173 4651/853/173 4650/852/173
f 4667/870/174 4668/871/174 4652/854/174 4651/853/174
f 4668/871/175 4669/872/175 4653/855/175 4652/854/175
f 4669/872/176 4654/873/176 4638/856/176 4653/855/176
f 4670/874/11 4671/875/11 4655/858/11 4654/857/11
f 4671/875/12 4672/876/12 4656/859/12 4655/858/12
f 4672/876/13 4673/877/13 4657/860/13 4656/859/13
f 4673/877/14 4674/878/14 4658/861/14 4657/860/14
f 4674/878/15 4675/879/15 4659/862/15 4658/861/15
f 4675/879/16 4676/880/16 4660/863/16 4659/862/16
f 4676/880/17 4677/881/17 4661/864/17 4660/863/17
f 4677/881/18 4678/882/18 4662/865/18 4661/864/18
f 4678/882/19 4679/883/19 4663/866/19 4662/865/19
f 4679/883/20 4680/884/20 4664/867/20 4663/866/20
f 4680/884/21 4681/885/21 4665/868/21 4664/867/21
f 4681/885/22 4682/886/22 4666/869/22 4665/868/22
f 4682/886/23 4683/887/23 4667/870/23 4666/869/23
f 4683/887/24 4684/888/24 4668/871/24 4667/870/24
f 4684/888/25 4685/889/25 4669/872/25 4668/871/25
f 4685/889/26 4670/890/26 4654/873/26 4669/872/26
f 4686/891/11 4687/892/11 4671/875/11 4670/874/11
f 4687/892/12 4688/893/12 4672/876/12 4671/875/12
f 4688/893/13 4689/894/13 4673/877/13 4672/876/13
f 4689/894/14 4690/895/14 4674/878/14 4673/877/14
f 4690/895/15 4691/896/15 4675/879/15 4674/878/15
f 4691/896/16 4692/897/16 4676/880/16 4675/879/16
f 4692/897/17 4693/898/17 4677/881/17 4676/880/17
f 4693/898/18 4694/899/18 4678/882/18 4677/881/18
f 4694/899/19 4695/900/19 4679/883/19 4678/882/19
f 4695/900/20 4696/901/20 4680/884/20 4679/883/20
f 4696/901/21 4697/902/21 4681/885/21 4680/884/21
f 4697/902/22 4698/903/22 4682/886/22 4681/885/22
f 4698/903/23 4699/904/23 4683/887/23 4682/886/23
f 4699/904/24 4700/905/24 4684/888/24 4683/887/24
f 4700/905/25 4701/906/25 4685/889/25 4684/888/25
f 4701/906/26 4686/907/26 4670/890/26 4685/889/26
f 4702/908/145 4703/909/145 4687/892/145 4686/891/145
f 4703/909/146 4704/910/146 4688/893/146 4687/892/146
f 4704/910/147 4705/911/147 4689/894/147 4688/893/147
f 4705/911/148 4706/912/148 4690/895/148 4689/894/148
f 4706/912/149 4707/913/149 4691/896/149 4690/895/149
f 4707/913/150 4708/914/150 4692/897/150 4691/896/150
f 4708/914/151 4709/915/151 4693/898/151 4692/897/151
f 4709/915/152 4710/916/152 4694/899/152 4693/898/152
f 4710/916/153 4711/917/153 4695/900/153 4694/899/153
f 4711/917/154 4712/918/154 4696/901/154 4695/900/154
f 4712/918/155 4713/919/155 4697/902/155 4696/901/155
f 4713/919/156 4714/920/156 4698/903/156 4697/902/156
f 4714/920/157 4715/921/157 4699/904/157 4698/903/157
f 4715/921/158 4716/922/158 4700/905/158 4699/904/158
f 4716/922/159 4717/923/159 4701/906/159 4700/905/159
f 4717/923/160 4702/924/160 4686/907/160 4701/906/160
f 4718/925/161 4719/926/161 4703/909/161 4702/908/161
f 4719/926/162 4720/927/162 4704/910/162 4703/909/162
f 4720/927/163 4721/928/163 4705/911/163 4704/910/163
f 4721/928/164 4722/929/164 4706/912/164 4705/911/164
f 4722/929/165 4723/930/165 4707/913/165 4706/912/165
f 4723/930/166 4724/931/166 4708/914/166 4707/913/166
f 4724/931/167 4725/932/167 4709/915/167 4708/914/167
f 4725/932/168 4726/933/168 4710/916/168 4709/915/168
f 4726/933/169 4727/934/169 4711/917/169 4710/916/169
f 4727/934/170 4728/935/170 4712/918/170 4711/917/170
f 4728/935/171 4729/936/171 4713/919/171 4712/918/171
f 4729/936/172 4730/937/172 4714/920/172 4713/919/172
f 4730/937/173 4731/938/173 4715/921/173 4714/920/173
f 4731/938/174 4732/939/174 4716/922/174 4715/921/174
f 4732/939/175 4733/940/175 4717/923/175 4716/922/175
f 4733/940/176 4718/941/176 4702/924/176 4717/923/176
f 4734/942/11 4735/943/11 4719/926/11 4718/925/11
f 4735/943/12 4736/944/12 4720/927/12 4719/926/12
f 4736/944/13 4737/945/13 4721/928/13 4720/927/13
f 4737/945/14 4738/946/14 4722/929/14 4721/928/14
f 4738/946/15 4739/947/15 4723/930/15 4722/929/15
f 4739/947/16 4740/948/16 4724/931/16 4723/930/16
f 4740/948/17 4741/949/17 4725/932/17 4724/931/17
f 4741/949/18 4742/950/18 4726/933/18 4725/932/18
f 4742/950/19 4743/951/19 4727/934/19 4726/933/19
f 4743/951/20 4744/952/20 4728/935/20 4727/934/20
f 4744/952/21 4745/953/21 4729/936/21 4728/935/21
f 4745/953/22 4746/954/22 4730/937/22 4729/936/22
f 4746/954/23 4747/955/23 4731/938/23 4730/937/23
f 4747/955/24 4748/956/24 4732/939/24 4731/938/24
f 4748/956/25 4749/957/25 4733/940/25 4732/939/25
f 4749/957/26 4734/958/26 4718/941/26 4733/940/26
f 4750/959/177 4751/960/177 4735/943/177 4734/942/177
f 4751/960/178 4752/961/178 4736/944/178 4735/943/178
f 4752/961/179 4753/962/179 4737/945/179 4736/944/179
f 4753/962/180 4754/963/180 4738/946/180 4737/945/180
f 4754/963/181 4755/964/181 4739/947/181 4738/946/181
f 4755/964/182 4756/965/182 4740/948/182 4739/947/182
f 4756/965/183 4757/966/183 4741/949/183 4740/948/183
f 4757/966/184 4758/967/184 4742/950/184 4741/949/184
f 4758/967/185 4759/968/185 4743/951/185 4742/950/185
f 4759/968/186 4760/969/186 4744/952/186 4743/951/186
f 4760/969/187 4761/970/187 4745/953/187 4744/952/187
f 4761/970/188 4762/971/188 4746/954/188 4745/953/188
f 4762/971/189 4763/972/189 4747/955/189 4746/954/189
f 4763/972/190 4764/973/190 4748/956/190 4747/955/190
f 4764/973/191 4765/974/191 4749/957/191 4748/956/191
f 4765/974/192 4750/975/192 4734/958/192 4749/957/192
f 4766/8/2 4766/314/2 4751/960/2 4750/959/2
f 4766/314/2 4766/315/2 4752/961/2 4751/960/2
f 4766/315/2 4766/316/2 4753/962/2 4752/961/2
f 4766/316/2 4766/317/2 4754/963/2 4753/962/2
f 4766/317/2 4766/318/2 4755/964/2 4754/963/2
f 4766/318/2 4766/319/2 4756/965/2 4755/964/2
f 4766/319/2 4766/320/2 4757/966/2 4756/965/2
f 4766/320/2 4766/66/2 4758/967/2 4757/966/2
f 4766/66/2 4766/321/2 4759/968/2 4758/967/2
f 4766/321/2 4766/322/2 4760/969/2 4759/968/2
f 4766/322/2 4766/323/2 4761/970/2 4760/969/2
f 4766/323/2 4766/324/2 4762/971/2 4761/970/2
f 4766/324/2 4766/325/2 4763/972/2 4762/971/2
f 4766/325/2 4766/326/2 4764/973/2 4763/972/2
f 4766/326/2 4766/327/2 4765/974/2 4764/973/2
f 4766/327/2 4766/9/2 4750/975/2 4765/974/2
o flange_2
usemtl steel
f 3902/76/11 3903/80/11 3904/79/11 3905/4/11
f 3903/80/12 3906/81/12 3907/39/12 3904/79/12
f 3906/81/13 3908/83/13 3909/82/13 3907/39/13
f 3908/83/14 3910/84/14 3911/47/14 3909/82/14
f 3910/84/15 3912/86/15 3913/85/15 3911/47/15
f 3912/86/16 3914/87/16 3915/57/16 3913/85/16
f 3914/87/17 3916/89/17 3917/88/17 3915/57/17
f 3916/89/18 3918/91/18 3919/90/18 3917/88/18
f 3918/91/19 3920/93/19 3921/92/19 3919/90/19
f 3920/93/20 3922/95/20 3923/94/20 3921/92/20
f 3922/95/21 3924/97/21 3925/96/21 3923/94/21
f 3924/97/22 3926/99/22 3927/98/22 3925/96/22
f 3926/99/23 3928/101/23 3929/100/23 3927/98/23
f 3928/101/24 3930/103/24 3931/102/24 3929/100/24
f 3930/103/25 3932/105/25 3933/104/25 3931/102/25
f 3932/105/26 3902/77/26 3905/78/26 3933/104/26
f 3927/7/1 3929/58/1 3931/59/1 3933/60/1
f 3923/61/1 3925/62/1 3927/7/1 3933/60/1
f 3919/5/1 3921/63/1 3923/61/1 3933/60/1
f 3915/64/1 3917/65/1 3919/5/1 3933/60/1
f 3911/66/1 3913/67/1 3915/64/1 3933/60/1
f 3907/68/1 3909/69/1 3911/66/1 3933/60/1
f 3905/70/1 3904/71/1 3907/68/1 3933/60/1
f 3908/69/2 3906/68/2 3903/71/2 3902/70/2
f 3912/67/2 3910/66/2 3908/69/2 3902/70/2
f 3916/65/2 3914/64/2 3912/67/2 3902/70/2
f 3920/63/2 3918/5/2 3916/65/2 3902/70/2
f 3924/62/2 3922/61/2 3920/63/2 3902/70/2
f 3928/58/2 3926/7/2 3924/62/2 3902/70/2
f 3932/60/2 3930/59/2 3928/58/2 3902/70/2
f 3934/17/7 3935/18/7 3936/19/7 3937/4/7
f 3935/18/4 3938/20/4 3939/21/4 3936/19/4
f 3938/20/8 3940/22/8 3941/23/8 3939/21/8
f 3940/22/9 3942/24/9 3943/25/9 3941/23/9
f 3942/24/3 3944/26/3 3945/27/3 3943/25/3
f 3944/26/10 3934/28/10 3937/29/10 3945/27/10
f 3946/17/11 3947/30/11 3948/31/11 3949/4/11
f 3947/30/12 3950/32/12 3951/33/12 3948/31/12
f 3950/32/13 3952/34/13 3953/35/13 3951/33/13
f 3952/34/14 3954/36/14 3955/37/14 3953/35/14
f 3954/36/15 3956/38/15 3957/39/15 3955/37/15
f 3956/38/16 3958/40/16 3959/41/16 3957/39/16
f 3958/40/17 3960/42/17 3961/43/17 3959/41/17
f 3960/42/18 3962/22/18 3963/23/18 3961/43/18
f 3962/22/19 3964/44/19 3965/45/19 3963/23/19
f 3964/44/20 3966/46/20 3967/47/20 3965/45/20
f 3966/46/21 3968/48/21 3969/49/21 3967/47/21
f 3968/48/22 3970/50/22 3971/51/22 3969/49/22
f 3970/50/23 3972/52/23 3973/53/23 3971/51/23
f 3972/52/24 3974/54/24 3975/55/24 3973/53/24
f 3974/54/25 3976/56/25 3977/57/25 3975/55/25
f 3976/56/26 3946/28/26 3949/29/26 3977/57/26
f 3971/7/1 3973/58/1 3975/59/1 3977/60/1
f 3967/61/1 3969/62/1 3971/7/1 3977/60/1
f 3963/5/1 3965/63/1 3967/61/1 3977/60/1
f 3959/64/1 3961/65/1 3963/5/1 3977/60/1
f 3955/66/1 3957/67/1 3959/64/1 3977/60/1
f 3951/68/1 3953/69/1 3955/66/1 3977/60/1
f 3949/70/1 3948/71/1 3951/68/1 3977/60/1
f 3952/69/2 3950/68/2 3947/71/2 3946/70/2
f 3956/67/2 3954/66/2 3952/69/2 3946/70/2
f 3960/65/2 3958/64/2 3956/67/2 3946/70/2
f 3964/63/2 3962/5/2 3960/65/2 3946/70/2
f 3968/62/2 3966/61/2 3964/63/2 3946/70/2
f 3972/58/2 3970/7/2 3968/62/2 3946/70/2
f 3976/60/2 3974/59/2 3972/58/2 3946/70/2
f 3978/17/27 3979/18/27 3980/19/27 3981/4/27
f 3979/18/28 3982/20/28 3983/21/28 3980/19/28
f 3982/20/5 3984/22/5 3985/23/5 3983/21/5
f 3984/22/29 3986/24/29 3987/25/29 3985/23/29
f 3986/24/30 3988/26/30 3989/27/30 3987/25/30
f 3988/26/6 3978/28/6 3981/29/6 3989/27/6
f 3983/72/1 3985/73/1 3987/7/1 3989/74/1
f 3981/75/1 3980/66/1 3983/72/1 3989/74/1
f 3984/73/2 3982/72/2 3979/66/2 3978/75/2
f 3988/74/2 3986/7/2 3984/73/2 3978/75/2
f 3990/17/7 3991/18/7 3992/19/7 3993/4/7
f 3991/18/4 3994/20/4 3995/21/4 3992/19/4
f 3994/20/8 3996/22/8 3997/23/8 3995/21/8
f 3996/22/9 3998/24/9 3999/25/9 3997/23/9
f 3998/24/3 4000/26/3 4001/27/3 3999/25/3
f 4000/26/10 3990/28/10 3993/29/10 4001/27/10
f 4002/17/11 4003/30/11 4004/31/11 4005/4/11
f 4003/30/12 4006/32/12 4007/33/12 4004/31/12
f 4006/32/13 4008/34/13 4009/35/13 4007/33/13
f 4008/34/14 4010/36/14 4011/37/14 4009/35/14
f 4010/36/15 4012/38/15 4013/39/15 4011/37/15
f 4012/38/16 4014/40/16 4015/41/16 4013/39/16
f 4014/40/17 4016/42/17 4017/43/17 4015/41/17
f 4016/42/18 4018/22/18 4019/23/18 4017/43/18
f 4018/22/19 4020/44/19 4021/45/19 4019/23/19
f 4020/44/20 4022/46/20 4023/47/20 4021/45/20
f 4022/46/21 4024/48/21 4025/49/21 4023/47/21
f 4024/48/22 4026/50/22 4027/51/22 4025/49/22
f 4026/50/23 4028/52/23 4029/53/23 4027/51/23
f 4028/52/24 4030/54/24 4031/55/24 4029/53/24
f 4030/54/25 4032/56/25 4033/57/25 4031/55/25
f 4032/56/26 4002/28/26 4005/29/26 4033/57/26
f 4027/7/1 4029/58/1 4031/59/1 4033/60/1
f 4023/61/1 4025/62/1 4027/7/1 4033/60/1
f 4019/5/1 4021/63/1 4023/61/1 4033/60/1
f 4015/64/1 4017/65/1 4019/5/1 4033/60/1
f 4011/66/1 4013/67/1 4015/64/1 4033/60/1
f 4007/68/1 4009/69/1 4011/66/1 4033/60/1
f 4005/70/1 4004/71/1 4007/68/1 4033/60/1
f 4008/69/2 4006/68/2 4003/71/2 4002/70/2
f 4012/67/2 4010/66/2 4008/69/2 4002/70/2
f 4016/65/2 4014/64/2 4012/67/2 4002/70/2
f 4020/63/2 4018/5/2 4016/65/2 4002/70/2
f 4024/62/2 4022/61/2 4020/63/2 4002/70/2
f 4028/58/2 4026/7/2 4024/62/2 4002/70/2
f 4032/60/2 4030/59/2 4028/58/2 4002/70/2
f 4034/17/27 4035/18/27 4036/19/27 4037/4/27
f 4035/18/28 4038/20/28 4039/21/28 4036/19/28
f 4038/20/5 4040/22/5 4041/23/5 4039/21/5
f 4040/22/29 4042/24/29 4043/25/29 4041/23/29
f 4042/24/30 4044/26/30 4045/27/30 4043/25/30
f 4044/26/6 4034/28/6 4037/29/6 4045/27/6
f 4039/72/1 4041/73/1 4043/7/1 4045/74/1
f 4037/75/1 4036/66/1 4039/72/1 4045/74/1
f 4040/73/2 4038/72/2 4035/66/2 4034/75/2
f 4044/74/2 4042/7/2 4040/73/2 4034/75/2
f 4046/17/7 4047/18/7 4048/19/7 4049/4/7
f 4047/18/4 4050/20/4 4051/21/4 4048/19/4
f 4050/20/8 4052/22/8 4053/23/8 4051/21/8
f 4052/22/9 4054/24/9 4055/25/9 4053/23/9
f 4054/24/3 4056/26/3 4057/27/3 4055/25/3
f 4056/26/10 4046/28/10 4049/29/10 4057/27/10
f 4058/17/11 4059/30/11 4060/31/11 4061/4/11
f 4059/30/12 4062/32/12 4063/33/12 4060/31/12
f 4062/32/13 4064/34/13 4065/35/13 4063/33/13
f 4064/34/14 4066/36/14 4067/37/14 4065/35/14
f 4066/36/15 4068/38/15 4069/39/15 4067/37/15
f 4068/38/16 4070/40/16 4071/41/16 4069/39/16
f 4070/40/17 4072/42/17 4073/43/17 4071/41/17
f 4072/42/18 4074/22/18 4075/23/18 4073/43/18
f 4074/22/19 4076/44/19 4077/45/19 4075/23/19
f 4076/44/20 4078/46/20 4079/47/20 4077/45/20
f 4078/46/21 4080/48/21 4081/49/21 4079/47/21
f 4080/48/22 4082/50/22 4083/51/22 4081/49/22
f 4082/50/23 4084/52/23 4085/53/23 4083/51/23
f 4084/52/24 4086/54/24 4087/55/24 4085/53/24
f 4086/54/25 4088/56/25 4089/57/25 4087/55/25
f 4088/56/26 4058/28/26 4061/29/26 4089/57/26
f 4083/7/1 4085/58/1 4087/59/1 4089/60/1
f 4079/61/1 4081/62/1 4083/7/1 4089/60/1
f 4075/5/1 4077/63/1 4079/61/1 4089/60/1
f 4071/64/1 4073/65/1 4075/5/1 4089/60/1
f 4067/66/1 4069/67/1 4071/64/1 4089/60/1
f 4063/68/1 4065/69/1 4067/66/1 4089/60/1
f 4061/70/1 4060/71/1 4063/68/1 4089/60/1
f 4064/69/2 4062/68/2 4059/71/2 4058/70/2
f 4068/67/2 4066/66/2 4064/69/2 4058/70/2
f 4072/65/2 4070/64/2 4068/67/2 4058/70/2
f 4076/63/2 4074/5/2 4072/65/2 4058/70/2
f 4080/62/2 4078/61/2 4076/63/2 4058/70/2
f 4084/58/2 4082/7/2 4080/62/2 4058/70/2
f 4088/60/2 4086/59/2 4084/58/2 4058/70/2
f 4090/17/27 4091/18/27 4092/19/27 4093/4/27
f 4091/18/28 4094/20/28 4095/21/28 4092/19/28
f 4094/20/5 4096/22/5 4097/23/5 4095/21/5
f 4096/22/29 4098/24/29 4099/25/29 4097/23/29
f 4098/24/30 4100/26/30 4101/27/30 4099/25/30
f 4100/26/6 4090/28/6 4093/29/6 4101/27/6
f 4095/72/1 4097/73/1 4099/7/1 4101/74/1
f 4093/75/1 4092/66/1 4095/72/1 4101/74/1
f 4096/73/2 4094/72/2 4091/66/2 4090/75/2
f 4100/74/2 4098/7/2 4096/73/2 4090/75/2
f 4102/17/7 4103/18/7 4104/19/7 4105/4/7
f 4103/18/4 4106/20/4 4107/21/4 4104/19/4
f 4106/20/8 4108/22/8 4109/23/8 4107/21/8
f 4108/22/9 4110/24/9 4111/25/9 4109/23/9
f 4110/24/3 4112/26/3 4113/27/3 4111/25/3
f 4112/26/10 4102/28/10 4105/29/10 4113/27/10
f 4114/17/11 4115/30/11 4116/31/11 4117/4/11
f 4115/30/12 4118/32/12 4119/33/12 4116/31/12
f 4118/32/13 4120/34/13 4121/35/13 4119/33/13
f 4120/34/14 4122/36/14 4123/37/14 4121/35/14
f 4122/36/15 4124/38/15 4125/39/15 4123/37/15
f 4124/38/16 4126/40/16 4127/41/16 4125/39/16
f 4126/40/17 4128/42/17 4129/43/17 4127/41/17
f 4128/42/18 4130/22/18 4131/23/18 4129/43/18
f 4130/22/19 4132/44/19 4133/45/19 4131/23/19
f 4132/44/20 4134/46/20 4135/47/20 4133/45/20
f 4134/46/21 4136/48/21 4137/49/21 4135/47/21
f 4136/48/22 4138/50/22 4139/51/22 4137/49/22
f 4138/50/23 4140/52/23 4141/53/23 4139/51/23
f 4140/52/24 4142/54/24 4143/55/24 4141/53/24
f 4142/54/25 4144/56/25 4145/57/25 4143/55/25
f 4144/56/26 4114/28/26 4117/29/26 4145/57/26
f 4139/7/1 4141/58/1 4143/59/1 4145/60/1
f 4135/61/1 4137/62/1 4139/7/1 4145/60/1
f 4131/5/1 4133/63/1 4135/61/1 4145/60/1
f 4127/64/1 4129/65/1 4131/5/1 4145/60/1
f 4123/66/1 4125/67/1 4127/64/1 4145/60/1
f 4119/68/1 4121/69/1 4123/66/1 4145/60/1
f 4117/70/1 4116/71/1 4119/68/1 4145/60/1
f 4120/69/2 4118/68/2 4115/71/2 4114/70/2
f 4124/67/2 4122/66/2 4120/69/2 4114/70/2
f 4128/65/2 4126/64/2 4124/67/2 4114/70/2
f 4132/63/2 4130/5/2 4128/65/2 4114/70/2
f 4136/62/2 4134/61/2 4132/63/2 4114/70/2
f 4140/58/2 4138/7/2 4136/62/2 4114/70/2
f 4144/60/2 4142/59/2 4140/58/2 4114/70/2
f 4146/17/27 4147/18/27 4148/19/27 4149/4/27
f 4147/18/28 4150/20/28 4151/21/28 4148/19/28
f 4150/20/5 4152/22/5 4153/23/5 4151/21/5
f 4152/22/29 4154/24/29 4155/25/29 4153/23/29
f 4154/24/30 4156/26/30 4157/27/30 4155/25/30
f 4156/26/6 4146/28/6 4149/29/6 4157/27/6
f 4151/72/1 4153/73/1 4155/7/1 4157/74/1
f 4149/75/1 4148/66/1 4151/72/1 4157/74/1
f 4152/73/2 4150/72/2 4147/66/2 4146/75/2
f 4156/74/2 4154/7/2 4152/73/2 4146/75/2
f 4767/76/11 4768/80/11 4769/79/11 4770/4/11
f 4768/80/12 4771/81/12 4772/39/12 4769/79/12
f 4771/81/13 4773/83/13 4774/82/13 4772/39/13
f 4773/83/14 4775/84/14 4776/47/14 4774/82/14
f 4775/84/15 4777/86/15 4778/85/15 4776/47/15
f 4777/86/16 4779/87/16 4780/57/16 4778/85/16
f 4779/87/17 4781/89/17 4782/88/17 4780/57/17
f 4781/89/18 4783/91/18 4784/90/18 4782/88/18
f 4783/91/19 4785/93/19 4786/92/19 4784/90/19
f 4785/93/20 4787/95/20 4788/94/20 4786/92/20
f 4787/95/21 4789/97/21 4790/96/21 4788/94/21
f 4789/97/22 4791/99/22 4792/98/22 4790/96/22
f 4791/99/23 4793/101/23 4794/100/23 4792/98/23
f 4793/101/24 4795/103/24 4796/102/24 4794/100/24
f 4795/103/25 4797/105/25 4798/104/25 4796/102/25
f 4797/105/26 4767/77/26 4770/78/26 4798/104/26
f 4792/7/1 4794/58/1 4796/59/1 4798/60/1
f 4788/61/1 4790/62/1 4792/7/1 4798/60/1
f 4784/5/1 4786/63/1 4788/61/1 4798/60/1
f 4780/64/1 4782/65/1 4784/5/1 4798/60/1
f 4776/66/1 4778/67/1 4780/64/1 4798/60/1
f 4772/68/1 4774/69/1 4776/66/1 4798/60/1
f 4770/70/1 4769/71/1 4772/68/1 4798/60/1
f 4773/69/2 4771/68/2 4768/71/2 4767/70/2
f 4777/67/2 4775/66/2 4773/69/2 4767/70/2
f 4781/65/2 4779/64/2 4777/67/2 4767/70/2
f 4785/63/2 4783/5/2 4781/65/2 4767/70/2
f 4789/62/2 4787/61/2 4785/63/2 4767/70/2
f 4793/58/2 4791/7/2 4789/62/2 4767/70/2
f 4797/60/2 4795/59/2 4793/58/2 4767/70/2
f 4799/976/1 4800/977/1 4801/98/1 4802/4/1
f 4803/4/2 4804/98/2 4805/977/2 4806/976/2
f 4806/977/3 4805/976/3 4800/4/3 4799/98/3
f 4804/977/4 4803/976/4 4802/4/4 4801/98/4
f 4803/977/5 4806/976/5 4799/4/5 4802/98/5
f 4805/977/6 4804/976/6 4801/4/6 4800/98/6
o bushing_3
usemtl porcelain
f 5063/347/11 5064/348/11 5065/85/11 5066/4/11
f 5064/348/12 5067/349/12 5068/94/12 5065/85/12
f 5067/349/13 5069/350/13 5070/104/13 5068/94/13
f 5069/350/14 5071/351/14 5072/132/14 5070/104/14
f 5071/351/15 5073/352/15 5074/141/15 5072/132/15
f 5073/352/16 5075/353/16 5076/151/16 5074/141/16
f 5075/353/17 5077/354/17 5078/161/17 5076/151/17
f 5077/354/18 5079/355/18 5080/7/18 5078/161/18
f 5079/355/19 5081/356/19 5082/180/19 5080/7/19
f 5081/356/20 5083/357/20 5084/190/20 5082/180/20
f 5083/357/21 5085/358/21 5086/200/21 5084/190/21
f 5085/358/22 5087/359/22 5088/210/22 5086/200/22
f 5087/359/23 5089/360/23 5090/219/23 5088/210/23
f 5089/360/24 5091/361/24 5092/229/24 5090/219/24
f 5091/361/25 5093/362/25 5094/239/25 5092/229/25
f 5093/362/26 5063/363/26 5066/10/26 5094/239/26
f 5095/364/145 5096/365/145 5064/348/145 5063/347/145
f 5096/365/146 5097/366/146 5067/349/146 5064/348/146
f 5097/366/147 5098/367/147 5069/350/147 5067/349/147
f 5098/367/148 5099/368/148 5071/351/148 5069/350/148
f 5099/368/149 5100/369/149 5073/352/149 5071/351/149
f 5100/369/150 5101/370/150 5075/353/150 5073/352/150
f 5101/370/151 5102/371/151 5077/354/151 5075/353/151
f 5102/371/152 5103/372/152 5079/355/152 5077/354/152
f 5103/372/153 5104/373/153 5081/356/153 5079/355/153
f 5104/373/154 5105/374/154 5083/357/154 5081/356/154
f 5105/374/155 5106/375/155 5085/358/155 5083/357/155
f 5106/375/156 5107/376/156 5087/359/156 5085/358/156
f 5107/376/157 5108/377/157 5089/360/157 5087/359/157
f 5108/377/158 5109/378/158 5091/361/158 5089/360/158
f 5109/378/159 5110/379/159 5093/362/159 5091/361/159
f 5110/379/160 5095/380/160 5063/363/160 5093/362/160
f 5111/381/161 5112/382/161 5096/365/161 5095/364/161
f 5112/382/162 5113/383/162 5097/366/162 5096/365/162
f 5113/383/163 5114/384/163 5098/367/163 5097/366/163
f 5114/384/164 5115/385/164 5099/368/164 5098/367/164
f 5115/385/165 5116/386/165 5100/369/165 5099/368/165
f 5116/386/166 5117/387/166 5101/370/166 5100/369/166
f 5117/387/167 5118/388/167 5102/371/167 5101/370/167
f 5118/388/168 5119/389/168 5103/372/168 5102/371/168
f 5119/389/169 5120/390/169 5104/373/169 5103/372/169
f 5120/390/170 5121/391/170 5105/374/170 5104/373/170
f 5121/391/171 5122/392/171 5106/375/171 5105/374/171
f 5122/392/172 5123/393/172 5107/376/172 5106/375/172
f 5123/393/173 5124/394/173 5108/377/173 5107/376/173
f 5124/394/174 5125/395/174 5109/378/174 5108/377/174
f 5125/395/175 5126/396/175 5110/379/175 5109/378/175
f 5126/396/176 5111/397/176 5095/380/176 5110/379/176
f 5127/398/11 5128/399/11 5112/382/11 5111/381/11
f 5128/399/12 5129/400/12 5113/383/12 5112/382/12
f 5129/400/13 5130/401/13 5114/384/13 5113/383/13
f 5130/401/14 5131/402/14 5115/385/14 5114/384/14
f 5131/402/15 5132/403/15 5116/386/15 5115/385/15
f 5132/403/16 5133/404/16 5117/387/16 5116/386/16
f 5133/404/17 5134/405/17 5118/388/17 5117/387/17
f 5134/405/18 5135/406/18 5119/389/18 5118/388/18
f 5135/406/19 5136/407/19 5120/390/19 5119/389/19
f 5136/407/20 5137/408/20 5121/391/20 5120/390/20
f 5137/408/21 5138/409/21 5122/392/21 5121/391/21
f 5138/409/22 5139/410/22 5123/393/22 5122/392/22
f 5139/410/23 5140/411/23 5124/394/23 5123/393/23
f 5140/411/24 5141/412/24 5125/395/24 5124/394/24
f 5141/412/25 5142/413/25 5126/396/25 5125/395/25
f 5142/413/26 5127/414/26 5111/397/26 5126/396/26
f 5143/415/11 5144/416/11 5128/399/11 5127/398/11
f 5144/416/12 5145/417/12 5129/400/12 5128/399/12
f 5145/417/13 5146/418/13 5130/401/13 5129/400/13
f 5146/418/14 5147/419/14 5131/402/14 5130/401/14
f 5147/419/15 5148/420/15 5132/403/15 5131/402/15
f 5148/420/16 5149/421/16 5133/404/16 5132/403/16
f 5149/421/17 5150/422/17 5134/405/17 5133/404/17
f 5150/422/18 5151/423/18 5135/406/18 5134/405/18
f 5151/423/19 5152/424/19 5136/407/19 5135/406/19
f 5152/424/20 5153/425/20 5137/408/20 5136/407/20
f 5153/425/21 5154/426/21 5138/409/21 5137/408/21
f 5154/426/22 5155/427/22 5139/410/22 5138/409/22
f 5155/427/23 5156/428/23 5140/411/23 5139/410/23
f 5156/428/24 5157/429/24 5141/412/24 5140/411/24
f 5157/429/25 5158/430/25 5142/413/25 5141/412/25
f 5158/430/26 5143/431/26 5127/414/26 5142/413/26
f 5159/432/145 5160/433/145 5144/416/145 5143/415/145
f 5160/433/146 5161/434/146 5145/417/146 5144/416/146
f 5161/434/147 5162/435/147 5146/418/147 5145/417/147
f 5162/435/148 5163/436/148 5147/419/148 5146/418/148
f 5163/436/149 5164/437/149 5148/420/149 5147/419/149
f 5164/437/150 5165/438/150 5149/421/150 5148/420/150
f 5165/438/151 5166/439/151 5150/422/151 5149/421/151
f 5166/439/152 5167/440/152 5151/423/152 5150/422/152
f 5167/440/153 5168/441/153 5152/424/153 5151/423/153
f 5168/441/154 5169/442/154 5153/425/154 5152/424/154
f 5169/442/155 5170/443/155 5154/426/155 5153/425/155
f 5170/443/156 5171/444/156 5155/427/156 5154/426/156
f 5171/444/157 5172/445/157 5156/428/157 5155/427/157
f 5172/445/158 5173/446/158 5157/429/158 5156/428/158
f 5173/446/159 5174/447/159 5158/430/159 5157/429/159
f 5174/447/160 5159/448/160 5143/431/160 5158/430/160
f 5175/449/161 5176/450/161 5160/433/161 5159/432/161
f 5176/450/162 5177/451/162 5161/434/162 5160/433/162
f 5177/451/163 5178/452/163 5162/435/163 5161/434/163
f 5178/452/164 5179/453/164 5163/436/164 5162/435/164
f 5179/453/165 5180/454/165 5164/437/165 5163/436/165
f 5180/454/166 5181/455/166 5165/438/166 5164/437/166
f 5181/455/167 5182/456/167 5166/439/167 5165/438/167
f 5182/456/168 5183/457/168 5167/440/168 5166/439/168
f 5183/457/169 5184/458/169 5168/441/169 5167/440/169
f 5184/458/170 5185/459/170 5169/442/170 5168/441/170
f 5185/459/171 5186/460/171 5170/443/171 5169/442/171
f 5186/460/172 5187/461/172 5171/444/172 5170/443/172
f 5187/461/173 5188/462/173 5172/445/173 5171/444/173
f 5188/462/174 5189/463/174 5173/446/174 5172/445/174
f 5189/463/175 5190/464/175 5174/447/175 5173/446/175
f 5190/464/176 5175/465/176 5159/448/176 5174/447/176
f 5191/466/11 5192/467/11 5176/450/11 5175/449/11
f 5192/467/12 5193/468/12 5177/451/12 5176/450/12
f 5193/468/13 5194/469/13 5178/452/13 5177/451/13
f 5194/469/14 5195/470/14 5179/453/14 5178/452/14
f 5195/470/15 5196/471/15 5180/454/15 5179/453/15
f 5196/471/16 5197/472/16 5181/455/16 5180/454/16
f 5197/472/17 5198/473/17 5182/456/17 5181/455/17
f 5198/473/18 5199/474/18 5183/457/18 5182/456/18
f 5199/474/19 5200/475/19 5184/458/19 5183/457/19
f 5200/475/20 5201/476/20 5185/459/20 5184/458/20
f 5201/476/21 5202/477/21 5186/460/21 5185/459/21
f 5202/477/22 5203/478/22 5187/461/22 5186/460/22
f 5203/478/23 5204/479/23 5188/462/23 5187/461/23
f 5204/479/24 5205/480/24 5189/463/24 5188/462/24
f 5205/480/25 5206/481/25 5190/464/25 5189/463/25
f 5206/481/26 5191/482/26 5175/465/26 5190/464/26
f 5207/483/11 5208/484/11 5192/467/11 5191/466/11
f 5208/484/12 5209/485/12 5193/468/12 5192/467/12
f 5209/485/13 5210/486/13 5194/469/13 5193/468/13
f 5210/486/14 5211/487/14 5195/470/14 5194/469/14
f 5211/487/15 5212/488/15 5196/471/15 5195/470/15
f 5212/488/16 5213/489/16 5197/472/16 5196/471/16
f 5213/489/17 5214/490/17 5198/473/17 5197/472/17
f 5214/490/18 5215/491/18 5199/474/18 5198/473/18
f 5215/491/19 5216/492/19 5200/475/19 5199/474/19
f 5216/492/20 5217/493/20 5201/476/20 5200/475/20
f 5217/493/21 5218/494/21 5202/477/21 5201/476/21
f 5218/494/22 5219/495/22 5203/478/22 5202/477/22
f 5219/495/23 5220/496/23 5204/479/23 5203/478/23
f 5220/496/24 5221/497/24 5205/480/24 5204/479/24
f 5221/497/25 5222/498/25 5206/481/25 5205/480/25
f 5222/498/26 5207/499/26 5191/482/26 5206/481/26
f 5223/500/145 5224/501/145 5208/484/145 5207/483/145
f 5224/501/146 5225/502/146 5209/485/146 5208/484/146
f 5225/502/147 5226/503/147 5210/486/147 5209/485/147
f 5226/503/148 5227/504/148 5211/487/148 5210/486/148
f 5227/504/149 5228/505/149 5212/488/149 5211/487/149
f 5228/505/150 5229/506/150 5213/489/150 5212/488/150
f 5229/506/151 5230/507/151 5214/490/151 5213/489/151
f 5230/507/152 5231/508/152 5215/491/152 5214/490/152
f 5231/508/153 5232/509/153 5216/492/153 5215/491/153
f 5232/509/154 5233/510/154 5217/493/154 5216/492/154
f 5233/510/155 5234/511/155 5218/494/155 5217/493/155
f 5234/511/156 5235/512/156 5219/495/156 5218/494/156
f 5235/512/157 5236/513/157 5220/496/157 5219/495/157
f 5236/513/158 5237/514/158 5221/497/158 5220/496/158
f 5237/514/159 5238/515/159 5222/498/159 5221/497/159
f 5238/515/160 5223/516/160 5207/499/160 5222/498/160
f 5239/517/161 5240/518/161 5224/501/161 5223/500/161
f 5240/518/162 5241/519/162 5225/502/162 5224/501/162
f 5241/519/163 5242/520/163 5226/503/163 5225/502/163
f 5242/520/164 5243/521/164 5227/504/164 5226/503/164
f 5243/521/165 5244/522/165 5228/505/165 5227/504/165
f 5244/522/166 5245/523/166 5229/506/166 5228/505/166
f 5245/523/167 5246/524/167 5230/507/167 5229/506/167
f 5246/524/168 5247/525/168 5231/508/168 5230/507/168
f 5247/525/169 5248/526/169 5232/509/169 5231/508/169
f 5248/526/170 5249/527/170 5233/510/170 5232/509/170
f 5249/527/171 5250/528/171 5234/511/171 5233/510/171
f 5250/528/172 5251/529/172 5235/512/172 5234/511/172
f 5251/529/173 5252/530/173 5236/513/173 5235/512/173
f 5252/530/174 5253/531/174 5237/514/174 5236/513/174
f 5253/531/175 5254/532/175 5238/515/175 5237/514/175
f 5254/532/176 5239/533/176 5223/516/176 5238/515/176
f 5255/534/11 5256/535/11 5240/518/11 5239/517/11
f 5256/535/12 5257/536/12 5241/519/12 5240/518/12
f 5257/536/13 5258/537/13 5242/520/13 5241/519/13
f 5258/537/14 5259/538/14 5243/521/14 5242/520/14
f 5259/538/15 5260/539/15 5244/522/15 5243/521/15
f 5260/539/16 5261/540/16 5245/523/16 5244/522/16
f 5261/540/17 5262/541/17 5246/524/17 5245/523/17
f 5262/541/18 5263/542/18 5247/525/18 5246/524/18
f 5263/542/19 5264/543/19 5248/526/19 5247/525/19
f 5264/543/20 5265/544/20 5249/527/20 5248/526/20
f 5265/544/21 5266/545/21 5250/528/21 5249/527/21
f 5266/545/22 5267/546/22 5251/529/22 5250/528/22
f 5267/546/23 5268/547/23 5252/530/23 5251/529/23
f 5268/547/24 5269/548/24 5253/531/24 5252/530/24
f 5269/548/25 5270/549/25 5254/532/25 5253/531/25
f 5270/549/26 5255/550/26 5239/533/26 5254/532/26
f 5271/551/11 5272/552/11 5256/535/11 5255/534/11
f 5272/552/12 5273/553/12 5257/536/12 5256/535/12
f 5273/553/13 5274/554/13 5258/537/13 5257/536/13
f 5274/554/14 5275/555/14 5259/538/14 5258/537/14
f 5275/555/15 5276/556/15 5260/539/15 5259/538/15
f 5276/556/16 5277/557/16 5261/540/16 5260/539/16
f 5277/557/17 5278/558/17 5262/541/17 5261/540/17
f 5278/558/18 5279/559/18 5263/542/18 5262/541/18
f 5279/559/19 5280/560/19 5264/543/19 5263/542/19
f 5280/560/20 5281/561/20 5265/544/20 5264/543/20
f 5281/561/21 5282/562/21 5266/545/21 5265/544/21
f 5282/562/22 5283/563/22 5267/546/22 5266/545/22
f 5283/563/23 5284/564/23 5268/547/23 5267/546/23
f 5284/564/24 5285/565/24 5269/548/24 5268/547/24
f 5285/565/25 5286/566/25 5270/549/25 5269/548/25
f 5286/566/26 5271/567/26 5255/550/26 5270/549/26
f 5287/568/145 5288/569/145 5272/552/145 5271/551/145
f 5288/569/146 5289/570/146 5273/553/146 5272/552/146
f 5289/570/147 5290/571/147 5274/554/147 5273/553/147
f 5290/571/148 5291/572/148 5275/555/148 5274/554/148
f 5291/572/149 5292/573/149 5276/556/149 5275/555/149
f 5292/573/150 5293/574/150 5277/557/150 5276/556/150
f 5293/574/151 5294/575/151 5278/558/151 5277/557/151
f 5294/575/152 5295/576/152 5279/559/152 5278/558/152
f 5295/576/153 5296/577/153 5280/560/153 5279/559/153
f 5296/577/154 5297/578/154 5281/561/154 5280/560/154
f 5297/578/155 5298/579/155 5282/562/155 5281/561/155
f 5298/579/156 5299/580/156 5283/563/156 5282/562/156
f 5299/580/157 5300/581/157 5284/564/157 5283/563/157
f 5300/581/158 5301/582/158 5285/565/158 5284/564/158
f 5301/582/159 5302/583/159 5286/566/159 5285/565/159
f 5302/583/160 5287/584/160 5271/567/160 5286/566/160
f 5303/585/161 5304/586/161 5288/569/161 5287/568/161
f 5304/586/162 5305/587/162 5289/570/162 5288/569/162
f 5305/587/163 5306/588/163 5290/571/163 5289/570/163
f 5306/588/164 5307/589/164 5291/572/164 5290/571/164
f 5307/589/165 5308/590/165 5292/573/165 5291/572/165
f 5308/590/166 5309/591/166 5293/574/166 5292/573/166
f 5309/591/167 5310/592/167 5294/575/167 5293/574/167
f 5310/592/168 5311/593/168 5295/576/168 5294/575/168
f 5311/593/169 5312/594/169 5296/577/169 5295/576/169
f 5312/594/170 5313/595/170 5297/578/170 5296/577/170
f 5313/595/171 5314/596/171 5298/579/171 5297/578/171
f 5314/596/172 5315/597/172 5299/580/172 5298/579/172
f 5315/597/173 5316/598/173 5300/581/173 5299/580/173
f 5316/598/174 5317/599/174 5301/582/174 5300/581/174
f 5317/599/175 5318/600/175 5302/583/175 5301/582/175
f 5318/600/176 5303/601/176 5287/584/176 5302/583/176
f 5319/602/11 5320/603/11 5304/586/11 5303/585/11
f 5320/603/12 5321/604/12 5305/587/12 5304/586/12
f 5321/604/13 5322/605/13 5306/588/13 5305/587/13
f 5322/605/14 5323/606/14 5307/589/14 5306/588/14
f 5323/606/15 5324/607/15 5308/590/15 5307/589/15
f 5324/607/16 5325/608/16 5309/591/16 5308/590/16
f 5325/608/17 5326/609/17 5310/592/17 5309/591/17
f 5326/609/18 5327/610/18 5311/593/18 5310/592/18
f 5327/610/19 5328/611/19 5312/594/19 5311/593/19
f 5328/611/20 5329/612/20 5313/595/20 5312/594/20
f 5329/612/21 5330/613/21 5314/596/21 5313/595/21
f 5330/613/22 5331/614/22 5315/597/22 5314/596/22
f 5331/614/23 5332/615/23 5316/598/23 5315/597/23
f 5332/615/24 5333/616/24 5317/599/24 5316/598/24
f 5333/616/25 5334/617/25 5318/600/25 5317/599/25
f 5334/617/26 5319/618/26 5303/601/26 5318/600/26
f 5335/619/11 5336/620/11 5320/603/11 5319/602/11
f 5336/620/12 5337/621/12 5321/604/12 5320/603/12
f 5337/621/13 5338/622/13 5322/605/13 5321/604/13
f 5338/622/14 5339/623/14 5323/606/14 5322/605/14
f 5339/623/15 5340/624/15 5324/607/15 5323/606/15
f 5340/624/16 5341/625/16 5325/608/16 5324/607/16
f 5341/625/17 5342/626/17 5326/609/17 5325/608/17
f 5342/626/18 5343/627/18 5327/610/18 5326/609/18
f 5343/627/19 5344/628/19 5328/611/19 5327/610/19
f 5344/628/20 5345/629/20 5329/612/20 5328/611/20
f 5345/629/21 5346/630/21 5330/613/21 5329/612/21
f 5346/630/22 5347/631/22 5331/614/22 5330/613/22
f 5347/631/23 5348/632/23 5332/615/23 5331/614/23
f 5348/632/24 5349/633/24 5333/616/24 5332/615/24
f 5349/633/25 5350/634/25 5334/617/25 5333/616/25
f 5350/634/26 5335/635/26 5319/618/26 5334/617/26
f 5351/636/145 5352/637/145 5336/620/145 5335/619/145
f 5352/637/146 5353/638/146 5337/621/146 5336/620/146
f 5353/638/147 5354/639/147 5338/622/147 5337/621/147
f 5354/639/148 5355/640/148 5339/623/148 5338/622/148
f 5355/640/149 5356/641/149 5340/624/149 5339/623/149
f 5356/641/150 5357/642/150 5341/625/150 5340/624/150
f 5357/642/151 5358/643/151 5342/626/151 5341/625/151
f 5358/643/152 5359/644/152 5343/627/152 5342/626/152
f 5359/644/153 5360/645/153 5344/628/153 5343/627/153
f 5360/645/154 5361/646/154 5345/629/154 5344/628/154
f 5361/646/155 5362/647/155 5346/630/155 5345/629/155
f 5362/647/156 5363/648/156 5347/631/156 5346/630/156
f 5363/648/157 5364/649/157 5348/632/157 5347/631/157
f 5364/649/158 5365/650/158 5349/633/158 5348/632/158
f 5365/650/159 5366/651/159 5350/634/159 5349/633/159
f 5366/651/160 5351/652/160 5335/635/160 5350/634/160
f 5367/653/161 5368/654/161 5352/637/161 5351/636/161
f 5368/654/162 5369/655/162 5353/638/162 5352/637/162
f 5369/655/163 5370/656/163 5354/639/163 5353/638/163
f 5370/656/164 5371/657/164 5355/640/164 5354/639/164
f 5371/657/165 5372/658/165 5356/641/165 5355/640/165
f 5372/658/166 5373/659/166 5357/642/166 5356/641/166
f 5373/659/167 5374/660/167 5358/643/167 5357/642/167
f 5374/660/168 5375/661/168 5359/644/168 5358/643/168
f 5375/661/169 5376/662/169 5360/645/169 5359/644/169
f 5376/662/170 5377/663/170 5361/646/170 5360/645/170
f 5377/663/171 5378/664/171 5362/647/171 5361/646/171
f 5378/664/172 5379/665/172 5363/648/172 5362/647/172
f 5379/665/173 5380/666/173 5364/649/173 5363/648/173
f 5380/666/174 5381/667/174 5365/650/174 5364/649/174
f 5381/667/175 5382/668/175 5366/651/175 5365/650/175
f 5382/668/176 5367/669/176 5351/652/176 5366/651/176
f 5383/670/11 5384/671/11 5368/654/11 5367/653/11
f 5384/671/12 5385/672/12 5369/655/12 5368/654/12
f 5385/672/13 5386/673/13 5370/656/13 5369/655/13
f 5386/673/14 5387/674/14 5371/657/14 5370/656/14
f 5387/674/15 5388/675/15 5372/658/15 5371/657/15
f 5388/675/16 5389/676/16 5373/659/16 5372/658/16
f 5389/676/17 5390/677/17 5374/660/17 5373/659/17
f 5390/677/18 5391/678/18 5375/661/18 5374/660/18
f 5391/678/19 5392/679/19 5376/662/19 5375/661/19
f 5392/679/20 5393/680/20 5377/663/20 5376/662/20
f 5393/680/21 5394/681/21 5378/664/21 5377/663/21
f 5394/681/22 5395/682/22 5379/665/22 5378/664/22
f 5395/682/23 5396/683/23 5380/666/23 5379/665/23
f 5396/683/24 5397/684/24 5381/667/24 5380/666/24
f 5397/684/25 5398/685/25 5382/668/25 5381/667/25
f 5398/685/26 5383/686/26 5367/669/26 5382/668/26
f 5399/687/11 5400/688/11 5384/671/11 5383/670/11
f 5400/688/12 5401/689/12 5385/672/12 5384/671/12
f 5401/689/13 5402/690/13 5386/673/13 5385/672/13
f 5402/690/14 5403/691/14 5387/674/14 5386/673/14
f 5403/691/15 5404/692/15 5388/675/15 5387/674/15
f 5404/692/16 5405/693/16 5389/676/16 5388/675/16
f 5405/693/17 5406/694/17 5390/677/17 5389/676/17
f 5406/694/18 5407/695/18 5391/678/18 5390/677/18
f 5407/695/19 5408/696/19 5392/679/19 5391/678/19
f 5408/696/20 5409/697/20 5393/680/20 5392/679/20
f 5409/697/21 5410/698/21 5394/681/21 5393/680/21
f 5410/698/22 5411/699/22 5395/682/22 5394/681/22
f 5411/699/23 5412/700/23 5396/683/23 5395/682/23
f 5412/700/24 5413/701/24 5397/684/24 5396/683/24
f 5413/701/25 5414/702/25 5398/685/25 5397/684/25
f 5414/702/26 5399/703/26 5383/686/26 5398/685/26
f 5415/704/145 5416/705/145 5400/688/145 5399/687/145
f 5416/705/146 5417/706/146 5401/689/146 5400/688/146
f 5417/706/147 5418/707/147 5402/690/147 5401/689/147
f 5418/707/148 5419/708/148 5403/691/148 5402/690/148
f 5419/708/149 5420/709/149 5404/692/149 5403/691/149
f 5420/709/150 5421/710/150 5405/693/150 5404/692/150
f 5421/710/151 5422/711/151 5406/694/151 5405/693/151
f 5422/711/152 5423/712/152 5407/695/152 5406/694/152
f 5423/712/153 5424/713/153 5408/696/153 5407/695/153
f 5424/713/154 5425/714/154 5409/697/154 5408/696/154
f 5425/714/155 5426/715/155 5410/698/155 5409/697/155
f 5426/715/156 5427/716/156 5411/699/156 5410/698/156
f 5427/716/157 5428/717/157 5412/700/157 5411/699/157
f 5428/717/158 5429/718/158 5413/701/158 5412/700/158
f 5429/718/159 5430/719/159 5414/702/159 5413/701/159
f 5430/719/160 5415/720/160 5399/703/160 5414/702/160
f 5431/721/161 5432/722/161 5416/705/161 5415/704/161
f 5432/722/162 5433/723/162 5417/706/162 5416/705/162
f 5433/723/163 5434/724/163 5418/707/163 5417/706/163
f 5434/724/164 5435/725/164 5419/708/164 5418/707/164
f 5435/725/165 5436/726/165 5420/709/165 5419/708/165
f 5436/726/166 5437/727/166 5421/710/166 5420/709/166
f 5437/727/167 5438/728/167 5422/711/167 5421/710/167
f 5438/728/168 5439/729/168 5423/712/168 5422/711/168
f 5439/729/169 5440/730/169 5424/713/169 5423/712/169
f 5440/730/170 5441/731/170 5425/714/170 5424/713/170
f 5441/731/171 5442/732/171 5426/715/171 5425/714/171
f 5442/732/172 5443/733/172 5427/716/172 5426/715/172
f 5443/733/173 5444/734/173 5428/717/173 5427/716/173
f 5444/734/174 5445/735/174 5429/718/174 5428/717/174
f 5445/735/175 5446/736/175 5430/719/175 5429/718/175
f 5446/736/176 5431/737/176 5415/720/176 5430/719/176
f 5447/738/11 5448/739/11 5432/722/11 5431/721/11
f 5448/739/12 5449/740/12 5433/723/12 5432/722/12
f 5449/740/13 5450/741/13 5434/724/13 5433/723/13
f 5450/741/14 5451/742/14 5435/725/14 5434/724/14
f 5451/742/15 5452/743/15 5436/726/15 5435/725/15
f 5452/743/16 5453/744/16 5437/727/16 5436/726/16
f 5453/744/17 5454/745/17 5438/728/17 5437/727/17
f 5454/745/18 5455/746/18 5439/729/18 5438/728/18
f 5455/746/19 5456/747/19 5440/730/19 5439/729/19
f 5456/747/20 5457/748/20 5441/731/20 5440/730/20
f 5457/748/21 5458/749/21 5442/732/21 5441/731/21
f 5458/749/22 5459/750/22 5443/733/22 5442/732/22
f 5459/750/23 5460/751/23 5444/734/23 5443/733/23
f 5460/751/24 5461/752/24 5445/735/24 5444/734/24
f 5461/752/25 5462/753/25 5446/736/25 5445/735/25
f 5462/753/26 5447/754/26 5431/737/26 5446/736/26
f 5463/755/11 5464/756/11 5448/739/11 5447/738/11
f 5464/756/12 5465/757/12 5449/740/12 5448/739/12
f 5465/757/13 5466/758/13 5450/741/13 5449/740/13
f 5466/758/14 5467/759/14 5451/742/14 5450/741/14
f 5467/759/15 5468/760/15 5452/743/15 5451/742/15
f 5468/760/16 5469/761/16 5453/744/16 5452/743/16
f 5469/761/17 5470/762/17 5454/745/17 5453/744/17
f 5470/762/18 5471/763/18 5455/746/18 5454/745/18
f 5471/763/19 5472/764/19 5456/747/19 5455/746/19
f 5472/764/20 5473/765/20 5457/748/20 5456/747/20
f 5473/765/21 5474/766/21 5458/749/21 5457/748/21
f 5474/766/22 5475/767/22 5459/750/22 5458/749/22
f 5475/767/23 5476/768/23 5460/751/23 5459/750/23
f 5476/768/24 5477/769/24 5461/752/24 5460/751/24
f 5477/769/25 5478/770/25 5462/753/25 5461/752/25
f 5478/770/26 5463/771/26 5447/754/26 5462/753/26
f 5479/772/145 5480/773/145 5464/756/145 5463/755/145
f 5480/773/146 5481/774/146 5465/757/146 5464/756/146
f 5481/774/147 5482/775/147 5466/758/147 5465/757/147
f 5482/775/148 5483/776/148 5467/759/148 5466/758/148
f 5483/776/149 5484/777/149 5468/760/149 5467/759/149
f 5484/777/150 5485/778/150 5469/761/150 5468/760/150
f 5485/778/151 5486/779/151 5470/762/151 5469/761/151
f 5486/779/152 5487/780/152 5471/763/152 5470/762/152
f 5487/780/153 5488/781/153 5472/764/153 5471/763/153
f 5488/781/154 5489/782/154 5473/765/154 5472/764/154
f 5489/782/155 5490/783/155 5474/766/155 5473/765/155
f 5490/783/156 5491/784/156 5475/767/156 5474/766/156
f 5491/784/157 5492/785/157 5476/768/157 5475/767/157
f 5492/785/158 5493/786/158 5477/769/158 5476/768/158
f 5493/786/159 5494/787/159 5478/770/159 5477/769/159
f 5494/787/160 5479/788/160 5463/771/160 5478/770/160
f 5495/789/161 5496/790/161 5480/773/161 5479/772/161
f 5496/790/162 5497/791/162 5481/774/162 5480/773/162
f 5497/791/163 5498/792/163 5482/775/163 5481/774/163
f 5498/792/164 5499/793/164 5483/776/164 5482/775/164
f 5499/793/165 5500/794/165 5484/777/165 5483/776/165
f 5500/794/166 5501/795/166 5485/778/166 5484/777/166
f 5501/795/167 5502/796/167 5486/779/167 5485/778/167
f 5502/796/168 5503/797/168 5487/780/168 5486/779/168
f 5503/797/169 5504/798/169 5488/781/169 5487/780/169
f 5504/798/170 5505/799/170 5489/782/170 5488/781/170
f 5505/799/171 5506/800/171 5490/783/171 5489/782/171
f 5506/800/172 5507/801/172 5491/784/172 5490/783/172
f 5507/801/173 5508/802/173 5492/785/173 5491/784/173
f 5508/802/174 5509/803/174 5493/786/174 5492/785/174
f 5509/803/175 5510/804/175 5494/787/175 5493/786/175
f 5510/804/176 5495/805/176 5479/788/176 5494/787/176
f 5511/806/11 5512/807/11 5496/790/11 5495/789/11
f 5512/807/12 5513/808/12 5497/791/12 5496/790/12
f 5513/808/13 5514/809/13 5498/792/13 5497/791/13
f 5514/809/14 5515/810/14 5499/793/14 5498/792/14
f 5515/810/15 5516/811/15 5500/794/15 5499/793/15
f 5516/811/16 5517/812/16 5501/795/16 5500/794/16
f 5517/812/17 5518/813/17 5502/796/17 5501/795/17
f 5518/813/18 5519/814/18 5503/797/18 5502/796/18
f 5519/814/19 5520/815/19 5504/798/19 5503/797/19
f 5520/815/20 5521/816/20 5505/799/20 5504/798/20
f 5521/816/21 5522/817/21 5506/800/21 5505/799/21
f 5522/817/22 5523/818/22 5507/801/22 5506/800/22
f 5523/818/23 5524/819/23 5508/802/23 5507/801/23
f 5524/819/24 5525/820/24 5509/803/24 5508/802/24
f 5525/820/25 5526/821/25 5510/804/25 5509/803/25
f 5526/821/26 5511/822/26 5495/805/26 5510/804/26
f 5527/823/11 5528/824/11 5512/807/11 5511/806/11
f 5528/824/12 5529/825/12 5513/808/12 5512/807/12
f 5529/825/13 5530/826/13 5514/809/13 5513/808/13
f 5530/826/14 5531/827/14 5515/810/14 5514/809/14
f 5531/827/15 5532/828/15 5516/811/15 5515/810/15
f 5532/828/16 5533/829/16 5517/812/16 5516/811/16
f 5533/829/17 5534/830/17 5518/813/17 5517/812/17
f 5534/830/18 5535/831/18 5519/814/18 5518/813/18
f 5535/831/19 5536/832/19 5520/815/19 5519/814/19
f 5536/832/20 5537/833/20 5521/816/20 5520/815/20
f 5537/833/21 5538/834/21 5522/817/21 5521/816/21
f 5538/834/22 5539/835/22 5523/818/22 5522/817/22
f 5539/835/23 5540/836/23 5524/819/23 5523/818/23
f 5540/836/24 5541/837/24 5525/820/24 5524/819/24
f 5541/837/25 5542/838/25 5526/821/25 5525/820/25
f 5542/838/26 5527/839/26 5511/822/26 5526/821/26
f 5543/840/145 5544/841/145 5528/824/145 5527/823/145
f 5544/841/146 5545/842/146 5529/825/146 5528/824/146
f 5545/842/147 5546/843/147 5530/826/147 5529/825/147
f 5546/843/148 5547/844/148 5531/827/148 5530/826/148
f 5547/844/149 5548/845/149 5532/828/149 5531/827/149
f 5548/845/150 5549/846/150 5533/829/150 5532/828/150
f 5549/846/151 5550/847/151 5534/830/151 5533/829/151
f 5550/847/152 5551/848/152 5535/831/152 5534/830/152
f 5551/848/153 5552/849/153 5536/832/153 5535/831/153
f 5552/849/154 5553/850/154 5537/833/154 5536/832/154
f 5553/850/155 5554/851/155 5538/834/155 5537/833/155
f 5554/851/156 5555/852/156 5539/835/156 5538/834/156
f 5555/852/157 5556/853/157 5540/836/157 5539/835/157
f 5556/853/158 5557/854/158 5541/837/158 5540/836/158
f 5557/854/159 5558/855/159 5542/838/159 5541/837/159
f 5558/855/160 5543/856/160 5527/839/160 5542/838/160
f 5559/857/161 5560/858/161 5544/841/161 5543/840/161
f 5560/858/162 5561/859/162 5545/842/162 5544/841/162
f 5561/859/163 5562/860/163 5546/843/163 5545/842/163
f 5562/860/164 5563/861/164 5547/844/164 5546/843/164
f 5563/861/165 5564/862/165 5548/845/165 5547/844/165
f 5564/862/166 5565/863/166 5549/846/166 5548/845/166
f 5565/863/167 5566/864/167 5550/847/167 5549/846/167
f 5566/864/168 5567/865/168 5551/848/168 5550/847/168
f 5567/865/169 5568/866/169 5552/849/169 5551/848/169
f 5568/866/170 5569/867/170 5553/850/170 5552/849/170
f 5569/867/171 5570/868/171 5554/851/171 5553/850/171
f 5570/868/172 5571/869/172 5555/852/172 5554/851/172
f 5571/869/173 5572/870/173 5556/853/173 5555/852/173
f 5572/870/174 5573/871/174 5557/854/174 5556/853/174
f 5573/871/175 5574/872/175 5558/855/175 5557/854/175
f 5574/872/176 5559/873/176 5543/856/176 5558/855/176
f 5575/874/11 5576/875/11 5560/858/11 5559/857/11
f 5576/875/12 5577/876/12 5561/859/12 5560/858/12
f 5577/876/13 5578/877/13 5562/860/13 5561/859/13
f 5578/877/14 5579/878/14 5563/861/14 5562/860/14
f 5579/878/15 5580/879/15 5564/862/15 5563/861/15
f 5580/879/16 5581/880/16 5565/863/16 5564/862/16
f 5581/880/17 5582/881/17 5566/864/17 5565/863/17
f 5582/881/18 5583/882/18 5567/865/18 5566/864/18
f 5583/882/19 5584/883/19 5568/866/19 5567/865/19
f 5584/883/20 5585/884/20 5569/867/20 5568/866/20
f 5585/884/21 5586/885/21 5570/868/21 5569/867/21
f 5586/885/22 5587/886/22 5571/869/22 5570/868/22
f 5587/886/23 5588/887/23 5572/870/23 5571/869/23
f 5588/887/24 5589/888/24 5573/871/24 5572/870/24
f 5589/888/25 5590/889/25 5574/872/25 5573/871/25
f 5590/889/26 5575/890/26 5559/873/26 5574/872/26
f 5591/891/11 5592/892/11 5576/875/11 5575/874/11
f 5592/892/12 5593/893/12 5577/876/12 5576/875/12
f 5593/893/13 5594/894/13 5578/877/13 5577/876/13
f 5594/894/14 5595/895/14 5579/878/14 5578/877/14
f 5595/895/15 5596/896/15 5580/879/15 5579/878/15
f 5596/896/16 5597/897/16 5581/880/16 5580/879/16
f 5597/897/17 5598/898/17 5582/881/17 5581/880/17
f 5598/898/18 5599/899/18 5583/882/18 5582/881/18
f 5599/899/19 5600/900/19 5584/883/19 5583/882/19
f 5600/900/20 5601/901/20 5585/884/20 5584/883/20
f 5601/901/21 5602/902/21 5586/885/21 5585/884/21
f 5602/902/22 5603/903/22 5587/886/22 5586/885/22
f 5603/903/23 5604/904/23 5588/887/23 5587/886/23
f 5604/904/24 5605/905/24 5589/888/24 5588/887/24
f 5605/905/25 5606/906/25 5590/889/25 5589/888/25
f 5606/906/26 5591/907/26 5575/890/26 5590/889/26
f 5607/908/145 5608/909/145 5592/892/145 5591/891/145
f 5608/909/146 5609/910/146 5593/893/146 5592/892/146
f 5609/910/147 5610/911/147 5594/894/147 5593/893/147
f 5610/911/148 5611/912/148 5595/895/148 5594/894/148
f 5611/912/149 5612/913/149 5596/896/149 5595/895/149
f 5612/913/150 5613/914/150 5597/897/150 5596/896/150
f 5613/914/151 5614/915/151 5598/898/151 5597/897/151
f 5614/915/152 5615/916/152 5599/899/152 5598/898/152
f 5615/916/153 5616/917/153 5600/900/153 5599/899/153
f 5616/917/154 5617/918/154 5601/901/154 5600/900/154
f 5617/918/155 5618/919/155 5602/902/155 5601/901/155
f 5618/919/156 5619/920/156 5603/903/156 5602/902/156
f 5619/920/157 5620/921/157 5604/904/157 5603/903/157
f 5620/921/158 5621/922/158 5605/905/158 5604/904/158
f 5621/922/159 5622/923/159 5606/906/159 5605/905/159
f 5622/923/160 5607/924/160 5591/907/160 5606/906/160
f 5623/925/161 5624/926/161 5608/909/161 5607/908/161
f 5624/926/162 5625/927/162 5609/910/162 5608/909/162
f 5625/927/163 5626/928/163 5610/911/163 5609/910/163
f 5626/928/164 5627/929/164 5611/912/164 5610/911/164
f 5627/929/165 5628/930/165 5612/913/165 5611/912/165
f 5628/930/166 5629/931/166 5613/914/166 5612/913/166
f 5629/931/167 5630/932/167 5614/915/167 5613/914/167
f 5630/932/168 5631/933/168 5615/916/168 5614/915/168
f 5631/933/169 5632/934/169 5616/917/169 5615/916/169
f 5632/934/170 5633/935/170 5617/918/170 5616/917/170
f 5633/935/171 5634/936/171 5618/919/171 5617/918/171
f 5634/936/172 5635/937/172 5619/920/172 5618/919/172
f 5635/937/173 5636/938/173 5620/921/173 5619/920/173
f 5636/938/174 5637/939/174 5621/922/174 5620/921/174
f 5637/939/175 5638/940/175 5622/923/175 5621/922/175
f 5638/940/176 5623/941/176 5607/924/176 5622/923/176
f 5639/942/11 5640/943/11 5624/926/11 5623/925/11
f 5640/943/12 5641/944/12 5625/927/12 5624/926/12
f 5641/944/13 5642/945/13 5626/928/13 5625/927/13
f 5642/945/14 5643/946/14 5627/929/14 5626/928/14
f 5643/946/15 5644/947/15 5628/930/15 5627/929/15
f 5644/947/16 5645/948/16 5629/931/16 5628/930/16
f 5645/948/17 5646/949/17 5630/932/17 5629/931/17
f 5646/949/18 5647/950/18 5631/933/18 5630/932/18
f 5647/950/19 5648/951/19 5632/934/19 5631/933/19
f 5648/951/20 5649/952/20 5633/935/20 5632/934/20
f 5649/952/21 5650/953/21 5634/936/21 5633/935/21
f 5650/953/22 5651/954/22 5635/937/22 5634/936/22
f 5651/954/23 5652/955/23 5636/938/23 5635/937/23
f 5652/955/24 5653/956/24 5637/939/24 5636/938/24
f 5653/956/25 5654/957/25 5638/940/25 5637/939/25
f 5654/957/26 5639/958/26 5623/941/26 5638/940/26
f 5655/959/177 5656/960/177 5640/943/177 5639/942/177
f 5656/960/178 5657/961/178 5641/944/178 5640/943/178
f 5657/961/179 5658/962/179 5642/945/179 5641/944/179
f 5658/962/180 5659/963/180 5643/946/180 5642/945/180
f 5659/963/181 5660/964/181 5644/947/181 5643/946/181
f 5660/964/182 5661/965/182 5645/948/182 5644/947/182
f 5661/965/183 5662/966/183 5646/949/183 5645/948/183
f 5662/966/184 5663/967/184 5647/950/184 5646/949/184
f 5663/967/185 5664/968/185 5648/951/185 5647/950/185
f 5664/968/186 5665/969/186 5649/952/186 5648/951/186
f 5665/969/187 5666/970/187 5650/953/187 5649/952/187
f 5666/970/188 5667/971/188 5651/954/188 5650/953/188
f 5667/971/189 5668/972/189 5652/955/189 5651/954/189
f 5668/972/190 5669/973/190 5653/956/190 5652/955/190
f 5669/973/191 5670/974/191 5654/957/191 5653/956/191
f 5670/974/192 5655/975/192 5639/958/192 5654/957/192
f 5671/8/2 5671/314/2 5656/960/2 5655/959/2
f 5671/314/2 5671/315/2 5657/961/2 5656/960/2
f 5671/315/2 5671/316/2 5658/962/2 5657/961/2
f 5671/316/2 5671/317/2 5659/963/2 5658/962/2
f 5671/317/2 5671/318/2 5660/964/2 5659/963/2
f 5671/318/2 5671/319/2 5661/965/2 5660/964/2
f 5671/319/2 5671/320/2 5662/966/2 5661/965/2
f 5671/320/2 5671/66/2 5663/967/2 5662/966/2
f 5671/66/2 5671/321/2 5664/968/2 5663/967/2
f 5671/321/2 5671/322/2 5665/969/2 5664/968/2
f 5671/322/2 5671/323/2 5666/970/2 5665/969/2
f 5671/323/2 5671/324/2 5667/971/2 5666/970/2
f 5671/324/2 5671/325/2 5668/972/2 5667/971/2
f 5671/325/2 5671/326/2 5669/973/2 5668/972/2
f 5671/326/2 5671/327/2 5670/974/2 5669/973/2
f 5671/327/2 5671/9/2 5655/975/2 5670/974/2
o flange_3
usemtl steel
f 4807/76/11 4808/80/11 4809/79/11 4810/4/11
f 4808/80/12 4811/81/12 4812/39/12 4809/79/12
f 4811/81/13 4813/83/13 4814/82/13 4812/39/13
f 4813/83/14 4815/84/14 4816/47/14 4814/82/14
f 4815/84/15 4817/86/15 4818/85/15 4816/47/15
f 4817/86/16 4819/87/16 4820/57/16 4818/85/16
f 4819/87/17 4821/89/17 4822/88/17 4820/57/17
f 4821/89/18 4823/91/18 4824/90/18 4822/88/18
f 4823/91/19 4825/93/19 4826/92/19 4824/90/19
f 4825/93/20 4827/95/20 4828/94/20 4826/92/20
f 4827/95/21 4829/97/21 4830/96/21 4828/94/21
f 4829/97/22 4831/99/22 4832/98/22 4830/96/22
f 4831/99/23 4833/101/23 4834/100/23 4832/98/23
f 4833/101/24 4835/103/24 4836/102/24 4834/100/24
f 4835/103/25 4837/105/25 4838/104/25 4836/102/25
f 4837/105/26 4807/77/26 4810/78/26 4838/104/26
f 4832/7/1 4834/58/1 4836/59/1 4838/60/1
f 4828/61/1 4830/62/1 4832/7/1 4838/60/1
f 4824/5/1 4826/63/1 4828/61/1 4838/60/1
f 4820/64/1 4822/65/1 4824/5/1 4838/60/1
f 4816/66/1 4818/67/1 4820/64/1 4838/60/1
f 4812/68/1 4814/69/1 4816/66/1 4838/60/1
f 4810/70/1 4809/71/1 4812/68/1 4838/60/1
f 4813/69/2 4811/68/2 4808/71/2 4807/70/2
f 4817/67/2 4815/66/2 4813/69/2 4807/70/2
f 4821/65/2 4819/64/2 4817/67/2 4807/70/2
f 4825/63/2 4823/5/2 4821/65/2 4807/70/2
f 4829/62/2 4827/61/2 4825/63/2 4807/70/2
f 4833/58/2 4831/7/2 4829/62/2 4807/70/2
f 4837/60/2 4835/59/2 4833/58/2 4807/70/2
f 4839/17/7 4840/18/7 4841/19/7 4842/4/7
f 4840/18/4 4843/20/4 4844/21/4 4841/19/4
f 4843/20/8 4845/22/8 4846/23/8 4844/21/8
f 4845/22/9 4847/24/9 4848/25/9 4846/23/9
f 4847/24/3 4849/26/3 4850/27/3 4848/25/3
f 4849/26/10 4839/28/10 4842/29/10 4850/27/10
f 4851/17/11 4852/30/11 4853/31/11 4854/4/11
f 4852/30/12 4855/32/12 4856/33/12 4853/31/12
f 4855/32/13 4857/34/13 4858/35/13 4856/33/13
f 4857/34/14 4859/36/14 4860/37/14 4858/35/14
f 4859/36/15 4861/38/15 4862/39/15 4860/37/15
f 4861/38/16 4863/40/16 4864/41/16 4862/39/16
f 4863/40/17 4865/42/17 4866/43/17 4864/41/17
f 4865/42/18 4867/22/18 4868/23/18 4866/43/18
f 4867/22/19 4869/44/19 4870/45/19 4868/23/19
f 4869/44/20 4871/46/20 4872/47/20 4870/45/20
f 4871/46/21 4873/48/21 4874/49/21 4872/47/21
f 4873/48/22 4875/50/22 4876/51/22 4874/49/22
f 4875/50/23 4877/52/23 4878/53/23 4876/51/23
f 4877/52/24 4879/54/24 4880/55/24 4878/53/24
f 4879/54/25 4881/56/25 4882/57/25 4880/55/25
f 4881/56/26 4851/28/26 4854/29/26 4882/57/26
f 4876/7/1 4878/58/1 4880/59/1 4882/60/1
f 4872/61/1 4874/62/1 4876/7/1 4882/60/1
f 4868/5/1 4870/63/1 4872/61/1 4882/60/1
f 4864/64/1 4866/65/1 4868/5/1 4882/60/1
f 4860/66/1 4862/67/1 4864/64/1 4882/60/1
f 4856/68/1 4858/69/1 4860/66/1 4882/60/1
f 4854/70/1 4853/71/1 4856/68/1 4882/60/1
f 4857/69/2 4855/68/2 4852/71/2 4851/70/2
f 4861/67/2 4859/66/2 4857/69/2 4851/70/2
f 4865/65/2 4863/64/2 4861/67/2 4851/70/2
f 4869/63/2 4867/5/2 4865/65/2 4851/70/2
f 4873/62/2 4871/61/2 4869/63/2 4851/70/2
f 4877/58/2 4875/7/2 4873/62/2 4851/70/2
f 4881/60/2 4879/59/2 4877/58/2 4851/70/2
f 4883/17/27 4884/18/27 4885/19/27 4886/4/27
f 4884/18/28 4887/20/28 4888/21/28 4885/19/28
f 4887/20/5 4889/22/5 4890/23/5 4888/21/5
f 4889/22/29 4891/24/29 4892/25/29 4890/23/29
f 4891/24/30 4893/26/30 4894/27/30 4892/25/30
f 4893/26/6 4883/28/6 4886/29/6 4894/27/6
f 4888/72/1 4890/73/1 4892/7/1 4894/74/1
f 4886/75/1 4885/66/1 4888/72/1 4894/74/1
f 4889/73/2 4887/72/2 4884/66/2 4883/75/2
f 4893/74/2 4891/7/2 4889/73/2 4883/75/2
f 4895/17/7 4896/18/7 4897/19/7 4898/4/7
f 4896/18/4 4899/20/4 4900/21/4 4897/19/4
f 4899/20/8 4901/22/8 4902/23/8 4900/21/8
f 4901/22/9 4903/24/9 4904/25/9 4902/23/9
f 4903/24/3 4905/26/3 4906/27/3 4904/25/3
f 4905/26/10 4895/28/10 4898/29/10 4906/27/10
f 4907/17/11 4908/30/11 4909/31/11 4910/4/11
f 4908/30/12 4911/32/12 4912/33/12 4909/31/12
f 4911/32/13 4913/34/13 4914/35/13 4912/33/13
f 4913/34/14 4915/36/14 4916/37/14 4914/35/14
f 4915/36/15 4917/38/15 4918/39/15 4916/37/15
f 4917/38/16 4919/40/16 4920/41/16 4918/39/16
f 4919/40/17 4921/42/17 4922/43/17 4920/41/17
f 4921/42/18 4923/22/18 4924/23/18 4922/43/18
f 4923/22/19 4925/44/19 4926/45/19 4924/23/19
f 4925/44/20 4927/46/20 4928/47/20 4926/45/20
f 4927/46/21 4929/48/21 4930/49/21 4928/47/21
f 4929/48/22 4931/50/22 4932/51/22 4930/49/22
f 4931/50/23 4933/52/23 4934/53/23 4932/51/23
f 4933/52/24 4935/54/24 4936/55/24 4934/53/24
f 4935/54/25 4937/56/25 4938/57/25 4936/55/25
f 4937/56/26 4907/28/26 4910/29/26 4938/57/26
f 4932/7/1 4934/58/1 4936/59/1 4938/60/1
f 4928/61/1 4930/62/1 4932/7/1 4938/60/1
f 4924/5/1 4926/63/1 4928/61/1 4938/60/1
f 4920/64/1 4922/65/1 4924/5/1 4938/60/1
f 4916/66/1 4918/67/1 4920/64/1 4938/60/1
f 4912/68/1 4914/69/1 4916/66/1 4938/60/1
f 4910/70/1 4909/71/1 4912/68/1 4938/60/1
f 4913/69/2 4911/68/2 4908/71/2 4907/70/2
f 4917/67/2 4915/66/2 4913/69/2 4907/70/2
f 4921/65/2 4919/64/2 4917/67/2 4907/70/2
f 4925/63/2 4923/5/2 4921/65/2 4907/70/2
f 4929/62/2 4927/61/2 4925/63/2 4907/70/2
f 4933/58/2 4931/7/2 4929/62/2 4907/70/2
f 4937/60/2 4935/59/2 4933/58/2 4907/70/2
f 4939/17/27 4940/18/27 4941/19/27 4942/4/27
f 4940/18/28 4943/20/28 4944/21/28 4941/19/28
f 4943/20/5 4945/22/5 4946/23/5 4944/21/5
f 4945/22/29 4947/24/29 4948/25/29 4946/23/29
f 4947/24/30 4949/26/30 4950/27/30 4948/25/30
f 4949/26/6 4939/28/6 4942/29/6 4950/27/6
f 4944/72/1 4946/73/1 4948/7/1 4950/74/1
f 4942/75/1 4941/66/1 4944/72/1 4950/74/1
f 4945/73/2 4943/72/2 4940/66/2 4939/75/2
f 4949/74/2 4947/7/2 4945/73/2 4939/75/2
f 4951/17/7 4952/18/7 4953/19/7 4954/4/7
f 4952/18/4 4955/20/4 4956/21/4 4953/19/4
f 4955/20/8 4957/22/8 4958/23/8 4956/21/8
f 4957/22/9 4959/24/9 4960/25/9 4958/23/9
f 4959/24/3 4961/26/3 4962/27/3 4960/25/3
f 4961/26/10 4951/28/10 4954/29/10 4962/27/10
f 4963/17/11 4964/30/11 4965/31/11 4966/4/11
f 4964/30/12 4967/32/12 4968/33/12 4965/31/12
f 4967/32/13 4969/34/13 4970/35/13 4968/33/13
f 4969/34/14 4971/36/14 4972/37/14 4970/35/14
f 4971/36/15 4973/38/15 4974/39/15 4972/37/15
f 4973/38/16 4975/40/16 4976/41/16 4974/39/16
f 4975/40/17 4977/42/17 4978/43/17 4976/41/17
f 4977/42/18 4979/22/18 4980/23/18 4978/43/18
f 4979/22/19 4981/44/19 4982/45/19 4980/23/19
f 4981/44/20 4983/46/20 4984/47/20 4982/45/20
f 4983/46/21 4985/48/21 4986/49/21 4984/47/21
f 4985/48/22 4987/50/22 4988/51/22 4986/49/22
f 4987/50/23 4989/52/23 4990/53/23 4988/51/23
f 4989/52/24 4991/54/24 4992/55/24 4990/53/24
f 4991/54/25 4993/56/25 4994/57/25 4992/55/25
f 4993/56/26 4963/28/26 4966/29/26 4994/57/26
f 4988/7/1 4990/58/1 4992/59/1 4994/60/1
f 4984/61/1 4986/62/1 4988/7/1 4994/60/1
f 4980/5/1 4982/63/1 4984/61/1 4994/60/1
f 4976/64/1 4978/65/1 4980/5/1 4994/60/1
f 4972/66/1 4974/67/1 4976/64/1 4994/60/1
f 4968/68/1 4970/69/1 4972/66/1 4994/60/1
f 4966/70/1 4965/71/1 4968/68/1 4994/60/1
f 4969/69/2 4967/68/2 4964/71/2 4963/70/2
f 4973/67/2 4971/66/2 4969/69/2 4963/70/2
f 4977/65/2 4975/64/2 4973/67/2 4963/70/2
f 4981/63/2 4979/5/2 4977/65/2 4963/70/2
f 4985/62/2 4983/61/2 4981/63/2 4963/70/2
f 4989/58/2 4987/7/2 4985/62/2 4963/70/2
f 4993/60/2 4991/59/2 4989/58/2 4963/70/2
f 4995/17/27 4996/18/27 4997/19/27 4998/4/27
f 4996/18/28 4999/20/28 5000/21/28 4997/19/28
f 4999/20/5 5001/22/5 5002/23/5 5000/21/5
f 5001/22/29 5003/24/29 5004/25/29 5002/23/29
f 5003/24/30 5005/26/30 5006/27/30 5004/25/30
f 5005/26/6 4995/28/6 4998/29/6 5006/27/6
f 5000/72/1 5002/73/1 5004/7/1 5006/74/1
f 4998/75/1 4997/66/1 5000/72/1 5006/74/1
f 5001/73/2 4999/72/2 4996/66/2 4995/75/2
f 5005/74/2 5003/7/2 5001/73/2 4995/75/2
f 5007/17/7 5008/18/7 5009/19/7 5010/4/7
f 5008/18/4 5011/20/4 5012/21/4 5009/19/4
f 5011/20/8 5013/22/8 5014/23/8 5012/21/8
f 5013/22/9 5015/24/9 5016/25/9 5014/23/9
f 5015/24/3 5017/26/3 5018/27/3 5016/25/3
f 5017/26/10 5007/28/10 5010/29/10 5018/27/10
f 5019/17/11 5020/30/11 5021/31/11 5022/4/11
f 5020/30/12 5023/32/12 5024/33/12 5021/31/12
f 5023/32/13 5025/34/13 5026/35/13 5024/33/13
f 5025/34/14 5027/36/14 5028/37/14 5026/35/14
f 5027/36/15 5029/38/15 5030/39/15 5028/37/15
f 5029/38/16 5031/40/16 5032/41/16 5030/39/16
f 5031/40/17 5033/42/17 5034/43/17 5032/41/17
f 5033/42/18 5035/22/18 5036/23/18 5034/43/18
f 5035/22/19 5037/44/19 5038/45/19 5036/23/19
f 5037/44/20 5039/46/20 5040/47/20 5038/45/20
f 5039/46/21 5041/48/21 5042/49/21 5040/47/21
f 5041/48/22 5043/50/22 5044/51/22 5042/49/22
f 5043/50/23 5045/52/23 5046/53/23 5044/51/23
f 5045/52/24 5047/54/24 5048/55/24 5046/53/24
f 5047/54/25 5049/56/25 5050/57/25 5048/55/25
f 5049/56/26 5019/28/26 5022/29/26 5050/57/26
f 5044/7/1 5046/58/1 5048/59/1 5050/60/1
f 5040/61/1 5042/62/1 5044/7/1 5050/60/1
f 5036/5/1 5038/63/1 5040/61/1 5050/60/1
f 5032/64/1 5034/65/1 5036/5/1 5050/60/1
f 5028/66/1 5030/67/1 5032/64/1 5050/60/1
f 5024/68/1 5026/69/1 5028/66/1 5050/60/1
f 5022/70/1 5021/71/1 5024/68/1 5050/60/1
f 5025/69/2 5023/68/2 5020/71/2 5019/70/2
f 5029/67/2 5027/66/2 5025/69/2 5019/70/2
f 5033/65/2 5031/64/2 5029/67/2 5019/70/2
f 5037/63/2 5035/5/2 5033/65/2 5019/70/2
f 5041/62/2 5039/61/2 5037/63/2 5019/70/2
f 5045/58/2 5043/7/2 5041/62/2 5019/70/2
f 5049/60/2 5047/59/2 5045/58/2 5019/70/2
f 5051/17/27 5052/18/27 5053/19/27 5054/4/27
f 5052/18/28 5055/20/28 5056/21/28 5053/19/28
f 5055/20/5 5057/22/5 5058/23/5 5056/21/5
f 5057/22/29 5059/24/29 5060/25/29 5058/23/29
f 5059/24/30 5061/26/30 5062/27/30 5060/25/30
f 5061/26/6 5051/28/6 5054/29/6 5062/27/6
f 5056/72/1 5058/73/1 5060/7/1 5062/74/1
f 5054/75/1 5053/66/1 5056/72/1 5062/74/1
f 5057/73/2 5055/72/2 5052/66/2 5051/75/2
f 5061/74/2 5059/7/2 5057/73/2 5051/75/2
f 5672/76/11 5673/80/11 5674/79/11 5675/4/11
f 5673/80/12 5676/81/12 5677/39/12 5674/79/12
f 5676/81/13 5678/83/13 5679/82/13 5677/39/13
f 5678/83/14 5680/84/14 5681/47/14 5679/82/14
f 5680/84/15 5682/86/15 5683/85/15 5681/47/15
f 5682/86/16 5684/87/16 5685/57/16 5683/85/16
f 5684/87/17 5686/89/17 5687/88/17 5685/57/17
f 5686/89/18 5688/91/18 5689/90/18 5687/88/18
f 5688/91/19 5690/93/19 5691/92/19 5689/90/19
f 5690/93/20 5692/95/20 5693/94/20 5691/92/20
f 5692/95/21 5694/97/21 5695/96/21 5693/94/21
f 5694/97/22 5696/99/22 5697/98/22 5695/96/22
f 5696/99/23 5698/101/23 5699/100/23 5697/98/23
f 5698/101/24 5700/103/24 5701/102/24 5699/100/24
f 5700/103/25 5702/105/25 5703/104/25 5701/102/25
f 5702/105/26 5672/77/26 5675/78/26 5703/104/26
f 5697/7/1 5699/58/1 5701/59/1 5703/60/1
f 5693/61/1 5695/62/1 5697/7/1 5703/60/1
f 5689/5/1 5691/63/1 5693/61/1 5703/60/1
f 5685/64/1 5687/65/1 5689/5/1 5703/60/1
f 5681/66/1 5683/67/1 5685/64/1 5703/60/1
f 5677/68/1 5679/69/1 5681/66/1 5703/60/1
f 5675/70/1 5674/71/1 5677/68/1 5703/60/1
f 5678/69/2 5676/68/2 5673/71/2 5672/70/2
f 5682/67/2 5680/66/2 5678/69/2 5672/70/2
f 5686/65/2 5684/64/2 5682/67/2 5672/70/2
f 5690/63/2 5688/5/2 5686/65/2 5672/70/2
f 5694/62/2 5692/61/2 5690/63/2 5672/70/2
f 5698/58/2 5696/7/2 5694/62/2 5672/70/2
f 5702/60/2 5700/59/2 5698/58/2 5672/70/2
f 5704/976/1 5705/977/1 5706/98/1 5707/4/1
f 5708/4/2 5709/98/2 5710/977/2 5711/976/2
f 5711/977/3 5710/976/3 5705/4/3 5704/98/3
f 5709/977/4 5708/976/4 5707/4/4 5706/98/4
f 5708/977/5 5711/976/5 5704/4/5 5707/98/5
f 5710/977/6 5709/976/6 5706/4/6 5705/98/6
o bushing_4
usemtl porcelain
f 5968/978/11 5969/979/11 5970/85/11 5971/4/11
f 5969/979/12 5972/980/12 5973/94/12 5970/85/12
f 5972/980/13 5974/981/13 5975/104/13 5973/94/13
f 5974/981/14 5976/982/14 5977/132/14 5975/104/14
f 5976/982/15 5978/983/15 5979/141/15 5977/132/15
f 5978/983/16 5980/984/16 5981/151/16 5979/141/16
f 5980/984/17 5982/985/17 5983/161/17 5981/151/17
f 5982/985/18 5984/986/18 5985/7/18 5983/161/18
f 5984/986/19 5986/987/19 5987/180/19 5985/7/19
f 5986/987/20 5988/988/20 5989/190/20 5987/180/20
f 5988/988/21 5990/989/21 5991/200/21 5989/190/21
f 5990/989/22 5992/990/22 5993/210/22 5991/200/22
f 5992/990/23 5994/991/23 5995/219/23 5993/210/23
f 5994/991/24 5996/992/24 5997/229/24 5995/219/24
f 5996/992/25 5998/993/25 5999/239/25 5997/229/25
f 5998/993/26 5968/994/26 5971/10/26 5999/239/26
f 6000/995/193 6001/996/193 5969/979/193 5968/978/193
f 6001/996/194 6002/997/194 5972/980/194 5969/979/194
f 6002/997/195 6003/998/195 5974/981/195 5972/980/195
f 6003/998/196 6004/999/196 5976/982/196 5974/981/196
f 6004/999/197 6005/1000/197 5978/983/197 5976/982/197
f 6005/1000/198 6006/1001/198 5980/984/198 5978/983/198
f 6006/1001/199 6007/1002/199 5982/985/199 5980/984/199
f 6007/1002/200 6008/1003/200 5984/986/200 5982/985/200
f 6008/1003/201 6009/1004/201 5986/987/201 5984/986/201
f 6009/1004/202 6010/1005/202 5988/988/202 5986/987/202
f 6010/1005/203 6011/1006/203 5990/989/203 5988/988/203
f 6011/1006/204 6012/1007/204 5992/990/204 5990/989/204
f 6012/1007/205 6013/1008/205 5994/991/205 5992/990/205
f 6013/1008/206 6014/1009/206 5996/992/206 5994/991/206
f 6014/1009/207 6015/1010/207 5998/993/207 5996/992/207
f 6015/1010/208 6000/1011/208 5968/994/208 5998/993/208
f 6016/1012/209 6017/1013/209 6001/996/209 6000/995/209
f 6017/1013/210 6018/1014/210 6002/997/210 6001/996/210
f 6018/1014/211 6019/1015/211 6003/998/211 6002/997/211
f 6019/1015/212 6020/1016/212 6004/999/212 6003/998/212
f 6020/1016/213 6021/1017/213 6005/1000/213 6004/999/213
f 6021/1017/214 6022/1018/214 6006/1001/214 6005/1000/214
f 6022/1018/215 6023/1019/215 6007/1002/215 6006/1001/215
f 6023/1019/216 6024/1020/216 6008/1003/216 6007/1002/216
f 6024/1020/217 6025/1021/217 6009/1004/217 6008/1003/217
f 6025/1021/218 6026/1022/218 6010/1005/218 6009/1004/218
f 6026/1022/219 6027/1023/219 6011/1006/219 6010/1005/219
f 6027/1023/220 6028/1024/220 6012/1007/220 6011/1006/220
f 6028/1024/221 6029/1025/221 6013/1008/221 6012/1007/221
f 6029/1025/222 6030/1026/222 6014/1009/222 6013/1008/222
f 6030/1026/223 6031/1027/223 6015/1010/223 6014/1009/223
f 6031/1027/224 6016/1028/224 6000/1011/224 6015/1010/224
f 6032/1029/11 6033/1030/11 6017/1013/11 6016/1012/11
f 6033/1030/12 6034/1031/12 6018/1014/12 6017/1013/12
f 6034/1031/13 6035/1032/13 6019/1015/13 6018/1014/13
f 6035/1032/14 6036/1033/14 6020/1016/14 6019/1015/14
f 6036/1033/15 6037/1034/15 6021/1017/15 6020/1016/15
f 6037/1034/16 6038/1035/16 6022/1018/16 6021/1017/16
f 6038/1035/17 6039/1036/17 6023/1019/17 6022/1018/17
f 6039/1036/18 6040/1037/18 6024/1020/18 6023/1019/18
f 6040/1037/19 6041/1038/19 6025/1021/19 6024/1020/19
f 6041/1038/20 6042/1039/20 6026/1022/20 6025/1021/20
f 6042/1039/21 6043/1040/21 6027/1023/21 6026/1022/21
f 6043/1040/22 6044/1041/22 6028/1024/22 6027/1023/22
f 6044/1041/23 6045/1042/23 6029/1025/23 6028/1024/23
f 6045/1042/24 6046/1043/24 6030/1026/24 6029/1025/24
f 6046/1043/25 6047/1044/25 6031/1027/25 6030/1026/25
f 6047/1044/26 6032/1045/26 6016/1028/26 6031/1027/26
f 6048/1046/11 6049/1047/11 6033/1030/11 6032/1029/11
f 6049/1047/12 6050/1048/12 6034/1031/12 6033/1030/12
f 6050/1048/13 6051/1049/13 6035/1032/13 6034/1031/13
f 6051/1049/14 6052/1050/14 6036/1033/14 6035/1032/14
f 6052/1050/15 6053/1051/15 6037/1034/15 6036/1033/15
f 6053/1051/16 6054/1052/16 6038/1035/16 6037/1034/16
f 6054/1052/17 6055/1053/17 6039/1036/17 6038/1035/17
f 6055/1053/18 6056/1054/18 6040/1037/18 6039/1036/18
f 6056/1054/19 6057/1055/19 6041/1038/19 6040/1037/19
f 6057/1055/20 6058/1056/20 6042/1039/20 6041/1038/20
f 6058/1056/21 6059/1057/21 6043/1040/21 6042/1039/21
f 6059/1057/22 6060/1058/22 6044/1041/22 6043/1040/22
f 6060/1058/23 6061/1059/23 6045/1042/23 6044/1041/23
f 6061/1059/24 6062/1060/24 6046/1043/24 6045/1042/24
f 6062/1060/25 6063/1061/25 6047/1044/25 6046/1043/25
f 6063/1061/26 6048/1062/26 6032/1045/26 6047/1044/26
f 6064/1063/193 6065/1064/193 6049/1047/193 6048/1046/193
f 6065/1064/194 6066/1065/194 6050/1048/194 6049/1047/194
f 6066/1065/195 6067/1066/195 6051/1049/195 6050/1048/195
f 6067/1066/196 6068/1067/196 6052/1050/196 6051/1049/196
f 6068/1067/197 6069/1068/197 6053/1051/197 6052/1050/197
f 6069/1068/198 6070/1069/198 6054/1052/198 6053/1051/198
f 6070/1069/199 6071/1070/199 6055/1053/199 6054/1052/199
f 6071/1070/200 6072/1071/200 6056/1054/200 6055/1053/200
f 6072/1071/201 6073/1072/201 6057/1055/201 6056/1054/201
f 6073/1072/202 6074/1073/202 6058/1056/202 6057/1055/202
f 6074/1073/203 6075/1074/203 6059/1057/203 6058/1056/203
f 6075/1074/204 6076/1075/204 6060/1058/204 6059/1057/204
f 6076/1075/205 6077/1076/205 6061/1059/205 6060/1058/205
f 6077/1076/206 6078/1077/206 6062/1060/206 6061/1059/206
f 6078/1077/207 6079/1078/207 6063/1061/207 6062/1060/207
f 6079/1078/208 6064/1079/208 6048/1062/208 6063/1061/208
f 6080/1080/209 6081/1081/209 6065/1064/209 6064/1063/209
f 6081/1081/210 6082/1082/210 6066/1065/210 6065/1064/210
f 6082/1082/211 6083/1083/211 6067/1066/211 6066/1065/211
f 6083/1083/212 6084/1084/212 6068/1067/212 6067/1066/212
f 6084/1084/213 6085/1085/213 6069/1068/213 6068/1067/213
f 6085/1085/214 6086/1086/214 6070/1069/214 6069/1068/214
f 6086/1086/215 6087/1087/215 6071/1070/215 6070/1069/215
f 6087/1087/216 6088/1088/216 6072/1071/216 6071/1070/216
f 6088/1088/217 6089/1089/217 6073/1072/217 6072/1071/217
f 6089/1089/218 6090/1090/218 6074/1073/218 6073/1072/218
f 6090/1090/219 6091/1091/219 6075/1074/219 6074/1073/219
f 6091/1091/220 6092/1092/220 6076/1075/220 6075/1074/220
f 6092/1092/221 6093/1093/221 6077/1076/221 6076/1075/221
f 6093/1093/222 6094/1094/222 6078/1077/222 6077/1076/222
f 6094/1094/223 6095/1095/223 6079/1078/223 6078/1077/223
f 6095/1095/224 6080/1096/224 6064/1079/224 6079/1078/224
f 6096/1097/11 6097/1098/11 6081/1081/11 6080/1080/11
f 6097/1098/12 6098/1099/12 6082/1082/12 6081/1081/12
f 6098/1099/13 6099/1100/13 6083/1083/13 6082/1082/13
f 6099/1100/14 6100/1101/14 6084/1084/14 6083/1083/14
f 6100/1101/15 6101/1102/15 6085/1085/15 6084/1084/15
f 6101/1102/16 6102/1103/16 6086/1086/16 6085/1085/16
f 6102/1103/17 6103/1104/17 6087/1087/17 6086/1086/17
f 6103/1104/18 6104/1105/18 6088/1088/18 6087/1087/18
f 6104/1105/19 6105/1106/19 6089/1089/19 6088/1088/19
f 6105/1106/20 6106/1107/20 6090/1090/20 6089/1089/20
f 6106/1107/21 6107/1108/21 6091/1091/21 6090/1090/21
f 6107/1108/22 6108/1109/22 6092/1092/22 6091/1091/22
f 6108/1109/23 6109/1110/23 6093/1093/23 6092/1092/23
f 6109/1110/24 6110/1111/24 6094/1094/24 6093/1093/24
f 6110/1111/25 6111/1112/25 6095/1095/25 6094/1094/25
f 6111/1112/26 6096/1113/26 6080/1096/26 6095/1095/26
f 6112/1114/11 6113/1115/11 6097/1098/11 6096/1097/11
f 6113/1115/12 6114/1116/12 6098/1099/12 6097/1098/12
f 6114/1116/13 6115/1117/13 6099/1100/13 6098/1099/13
f 6115/1117/14 6116/1118/14 6100/1101/14 6099/1100/14
f 6116/1118/15 6117/1119/15 6101/1102/15 6100/1101/15
f 6117/1119/16 6118/1120/16 6102/1103/16 6101/1102/16
f 6118/1120/17 6119/1121/17 6103/1104/17 6102/1103/17
f 6119/1121/18 6120/1122/18 6104/1105/18 6103/1104/18
f 6120/1122/19 6121/1123/19 6105/1106/19 6104/1105/19
f 6121/1123/20 6122/1124/20 6106/1107/20 6105/1106/20
f 6122/1124/21 6123/1125/21 6107/1108/21 6106/1107/21
f 6123/1125/22 6124/1126/22 6108/1109/22 6107/1108/22
f 6124/1126/23 6125/1127/23 6109/1110/23 6108/1109/23
f 6125/1127/24 6126/1128/24 6110/1111/24 6109/1110/24
f 6126/1128/25 6127/1129/25 6111/1112/25 6110/1111/25
f 6127/1129/26 6112/1130/26 6096/1113/26 6111/1112/26
f 6128/1131/193 6129/1132/193 6113/1115/193 6112/1114/193
f 6129/1132/194 6130/1133/194 6114/1116/194 6113/1115/194
f 6130/1133/195 6131/1134/195 6115/1117/195 6114/1116/195
f 6131/1134/196 6132/1135/196 6116/1118/196 6115/1117/196
f 6132/1135/197 6133/1136/197 6117/1119/197 6116/1118/197
f 6133/1136/198 6134/1137/198 6118/1120/198 6117/1119/198
f 6134/1137/199 6135/1138/199 6119/1121/199 6118/1120/199
f 6135/1138/200 6136/1139/200 6120/1122/200 6119/1121/200
f 6136/1139/201 6137/1140/201 6121/1123/201 6120/1122/201
f 6137/1140/202 6138/1141/202 6122/1124/202 6121/1123/202
f 6138/1141/203 6139/1142/203 6123/1125/203 6122/1124/203
f 6139/1142/204 6140/1143/204 6124/1126/204 6123/1125/204
f 6140/1143/205 6141/1144/205 6125/1127/205 6124/1126/205
f 6141/1144/206 6142/1145/206 6126/1128/206 6125/1127/206
f 6142/1145/207 6143/1146/207 6127/1129/207 6126/1128/207
f 6143/1146/208 6128/1147/208 6112/1130/208 6127/1129/208
f 6144/1148/209 6145/1149/209 6129/1132/209 6128/1131/209
f 6145/1149/210 6146/1150/210 6130/1133/210 6129/1132/210
f 6146/1150/211 6147/1151/211 6131/1134/211 6130/1133/211
f 6147/1151/212 6148/1152/212 6132/1135/212 6131/1134/212
f 6148/1152/213 6149/1153/213 6133/1136/213 6132/1135/213
f 6149/1153/214 6150/1154/214 6134/1137/214 6133/1136/214
f 6150/1154/215 6151/1155/215 6135/1138/215 6134/1137/215
f 6151/1155/216 6152/1156/216 6136/1139/216 6135/1138/216
f 6152/1156/217 6153/1157/217 6137/1140/217 6136/1139/217
f 6153/1157/218 6154/1158/218 6138/1141/218 6137/1140/218
f 6154/1158/219 6155/1159/219 6139/1142/219 6138/1141/219
f 6155/1159/220 6156/1160/220 6140/1143/220 6139/1142/220
f 6156/1160/221 6157/1161/221 6141/1144/221 6140/1143/221
f 6157/1161/222 6158/1162/222 6142/1145/222 6141/1144/222
f 6158/1162/223 6159/1163/223 6143/1146/223 6142/1145/223
f 6159/1163/224 6144/1164/224 6128/1147/224 6143/1146/224
f 6160/1165/11 6161/1166/11 6145/1149/11 6144/1148/11
f 6161/1166/12 6162/1167/12 6146/1150/12 6145/1149/12
f 6162/1167/13 6163/1168/13 6147/1151/13 6146/1150/13
f 6163/1168/14 6164/1169/14 6148/1152/14 6147/1151/14
f 6164/1169/15 6165/1170/15 6149/1153/15 6148/1152/15
f 6165/1170/16 6166/1171/16 6150/1154/16 6149/1153/16
f 6166/1171/17 6167/1172/17 6151/1155/17 6150/1154/17
f 6167/1172/18 6168/1173/18 6152/1156/18 6151/1155/18
f 6168/1173/19 6169/1174/19 6153/1157/19 6152/1156/19
f 6169/1174/20 6170/1175/20 6154/1158/20 6153/1157/20
f 6170/1175/21 6171/1176/21 6155/1159/21 6154/1158/21
f 6171/1176/22 6172/1177/22 6156/1160/22 6155/1159/22
f 6172/1177/23 6173/1178/23 6157/1161/23 6156/1160/23
f 6173/1178/24 6174/1179/24 6158/1162/24 6157/1161/24
f 6174/1179/25 6175/1180/25 6159/1163/25 6158/1162/25
f 6175/1180/26 6160/1181/26 6144/1164/26 6159/1163/26
f 6176/1182/11 6177/1183/11 6161/1166/11 6160/1165/11
f 6177/1183/12 6178/1184/12 6162/1167/12 6161/1166/12
f 6178/1184/13 6179/1185/13 6163/1168/13 6162/1167/13
f 6179/1185/14 6180/1186/14 6164/1169/14 6163/1168/14
f 6180/1186/15 6181/1187/15 6165/1170/15 6164/1169/15
f 6181/1187/16 6182/1188/16 6166/1171/16 6165/1170/16
f 6182/1188/17 6183/1189/17 6167/1172/17 6166/1171/17
f 6183/1189/18 6184/1190/18 6168/1173/18 6167/1172/18
f 6184/1190/19 6185/1191/19 6169/1174/19 6168/1173/19
f 6185/1191/20 6186/1192/20 6170/1175/20 6169/1174/20
f 6186/1192/21 6187/1193/21 6171/1176/21 6170/1175/21
f 6187/1193/22 6188/1194/22 6172/1177/22 6171/1176/22
f 6188/1194/23 6189/1195/23 6173/1178/23 6172/1177/23
f 6189/1195/24 6190/1196/24 6174/1179/24 6173/1178/24
f 6190/1196/25 6191/1197/25 6175/1180/25 6174/1179/25
f 6191/1197/26 6176/1198/26 6160/1181/26 6175/1180/26
f 6192/1199/193 6193/1200/193 6177/1183/193 6176/1182/193
f 6193/1200/194 6194/1201/194 6178/1184/194 6177/1183/194
f 6194/1201/195 6195/1202/195 6179/1185/195 6178/1184/195
f 6195/1202/196 6196/1203/196 6180/1186/196 6179/1185/196
f 6196/1203/197 6197/1204/197 6181/1187/197 6180/1186/197
f 6197/1204/198 6198/1205/198 6182/1188/198 6181/1187/198
f 6198/1205/199 6199/1206/199 6183/1189/199 6182/1188/199
f 6199/1206/200 6200/1207/200 6184/1190/200 6183/1189/200
f 6200/1207/201 6201/1208/201 6185/1191/201 6184/1190/201
f 6201/1208/202 6202/1209/202 6186/1192/202 6185/1191/202
f 6202/1209/203 6203/1210/203 6187/1193/203 6186/1192/203
f 6203/1210/204 6204/1211/204 6188/1194/204 6187/1193/204
f 6204/1211/205 6205/1212/205 6189/1195/205 6188/1194/205
f 6205/1212/206 6206/1213/206 6190/1196/206 6189/1195/206
f 6206/1213/207 6207/1214/207 6191/1197/207 6190/1196/207
f 6207/1214/208 6192/1215/208 6176/1198/208 6191/1197/208
f 6208/1216/209 6209/1217/209 6193/1200/209 6192/1199/209
f 6209/1217/210 6210/1218/210 6194/1201/210 6193/1200/210
f 6210/1218/211 6211/1219/211 6195/1202/211 6194/1201/211
f 6211/1219/212 6212/1220/212 6196/1203/212 6195/1202/212
f 6212/1220/213 6213/1221/213 6197/1204/213 6196/1203/213
f 6213/1221/214 6214/1222/214 6198/1205/214 6197/1204/214
f 6214/1222/215 6215/1223/215 6199/1206/215 6198/1205/215
f 6215/1223/216 6216/1224/216 6200/1207/216 6199/1206/216
f 6216/1224/217 6217/1225/217 6201/1208/217 6200/1207/217
f 6217/1225/218 6218/1226/218 6202/1209/218 6201/1208/218
f 6218/1226/219 6219/1227/219 6203/1210/219 6202/1209/219
f 6219/1227/220 6220/1228/220 6204/1211/220 6203/1210/220
f 6220/1228/221 6221/1229/221 6205/1212/221 6204/1211/221
f 6221/1229/222 6222/1230/222 6206/1213/222 6205/1212/222
f 6222/1230/223 6223/1231/223 6207/1214/223 6206/1213/223
f 6223/1231/224 6208/1232/224 6192/1215/224 6207/1214/224
f 6224/1233/11 6225/1234/11 6209/1217/11 6208/1216/11
f 6225/1234/12 6226/1235/12 6210/1218/12 6209/1217/12
f 6226/1235/13 6227/1236/13 6211/1219/13 6210/1218/13
f 6227/1236/14 6228/1237/14 6212/1220/14 6211/1219/14
f 6228/1237/15 6229/1238/15 6213/1221/15 6212/1220/15
f 6229/1238/16 6230/1239/16 6214/1222/16 6213/1221/16
f 6230/1239/17 6231/1240/17 6215/1223/17 6214/1222/17
f 6231/1240/18 6232/1241/18 6216/1224/18 6215/1223/18
f 6232/1241/19 6233/1242/19 6217/1225/19 6216/1224/19
f 6233/1242/20 6234/1243/20 6218/1226/20 6217/1225/20
f 6234/1243/21 6235/1244/21 6219/1227/21 6218/1226/21
f 6235/1244/22 6236/1245/22 6220/1228/22 6219/1227/22
f 6236/1245/23 6237/1246/23 6221/1229/23 6220/1228/23
f 6237/1246/24 6238/1247/24 6222/1230/24 6221/1229/24
f 6238/1247/25 6239/1248/25 6223/1231/25 6222/1230/25
f 6239/1248/26 6224/1249/26 6208/1232/26 6223/1231/26
f 6240/1250/225 6241/1251/225 6225/1234/225 6224/1233/225
f 6241/1251/226 6242/1252/226 6226/1235/226 6225/1234/226
f 6242/1252/227 6243/1253/227 6227/1236/227 6226/1235/227
f 6243/1253/228 6244/1254/228 6228/1237/228 6227/1236/228
f 6244/1254/229 6245/1255/229 6229/1238/229 6228/1237/229
f 6245/1255/230 6246/1256/230 6230/1239/230 6229/1238/230
f 6246/1256/231 6247/1257/231 6231/1240/231 6230/1239/231
f 6247/1257/232 6248/1258/232 6232/1241/232 6231/1240/232
f 6248/1258/233 6249/1259/233 6233/1242/233 6232/1241/233
f 6249/1259/234 6250/1260/234 6234/1243/234 6233/1242/234
f 6250/1260/235 6251/1261/235 6235/1244/235 6234/1243/235
f 6251/1261/236 6252/1262/236 6236/1245/236 6235/1244/236
f 6252/1262/237 6253/1263/237 6237/1246/237 6236/1245/237
f 6253/1263/238 6254/1264/238 6238/1247/238 6237/1246/238
f 6254/1264/239 6255/1265/239 6239/1248/239 6238/1247/239
f 6255/1265/240 6240/1266/240 6224/1249/240 6239/1248/240
f 6256/8/2 6256/314/2 6241/1251/2 6240/1250/2
f 6256/314/2 6256/315/2 6242/1252/2 6241/1251/2
f 6256/315/2 6256/316/2 6243/1253/2 6242/1252/2
f 6256/316/2 6256/317/2 6244/1254/2 6243/1253/2
f 6256/317/2 6256/318/2 6245/1255/2 6244/1254/2
f 6256/318/2 6256/319/2 6246/1256/2 6245/1255/2
f 6256/319/2 6256/320/2 6247/1257/2 6246/1256/2
f 6256/320/2 6256/66/2 6248/1258/2 6247/1257/2
f 6256/66/2 6256/321/2 6249/1259/2 6248/1258/2
f 6256/321/2 6256/322/2 6250/1260/2 6249/1259/2
f 6256/322/2 6256/323/2 6251/1261/2 6250/1260/2
f 6256/323/2 6256/324/2 6252/1262/2 6251/1261/2
f 6256/324/2 6256/325/2 6253/1263/2 6252/1262/2
f 6256/325/2 6256/326/2 6254/1264/2 6253/1263/2
f 6256/326/2 6256/327/2 6255/1265/2 6254/1264/2
f 6256/327/2 6256/9/2 6240/1266/2 6255/1265/2
o flange_4
usemtl steel
f 5712/76/11 5713/80/11 5714/79/11 5715/4/11
f 5713/80/12 5716/81/12 5717/39/12 5714/79/12
f 5716/81/13 5718/83/13 5719/82/13 5717/39/13
f 5718/83/14 5720/84/14 5721/47/14 5719/82/14
f 5720/84/15 5722/86/15 5723/85/15 5721/47/15
f 5722/86/16 5724/87/16 5725/57/16 5723/85/16
f 5724/87/17 5726/89/17 5727/88/17 5725/57/17
f 5726/89/18 5728/91/18 5729/90/18 5727/88/18
f 5728/91/19 5730/93/19 5731/92/19 5729/90/19
f 5730/93/20 5732/95/20 5733/94/20 5731/92/20
f 5732/95/21 5734/97/21 5735/96/21 5733/94/21
f 5734/97/22 5736/99/22 5737/98/22 5735/96/22
f 5736/99/23 5738/101/23 5739/100/23 5737/98/23
f 5738/101/24 5740/103/24 5741/102/24 5739/100/24
f 5740/103/25 5742/105/25 5743/104/25 5741/102/25
f 5742/105/26 5712/77/26 5715/78/26 5743/104/26
f 5737/7/1 5739/58/1 5741/59/1 5743/60/1
f 5733/61/1 5735/62/1 5737/7/1 5743/60/1
f 5729/5/1 5731/63/1 5733/61/1 5743/60/1
f 5725/64/1 5727/65/1 5729/5/1 5743/60/1
f 5721/66/1 5723/67/1 5725/64/1 5743/60/1
f 5717/68/1 5719/69/1 5721/66/1 5743/60/1
f 5715/70/1 5714/71/1 5717/68/1 5743/60/1
f 5718/69/2 5716/68/2 5713/71/2 5712/70/2
f 5722/67/2 5720/66/2 5718/69/2 5712/70/2
f 5726/65/2 5724/64/2 5722/67/2 5712/70/2
f 5730/63/2 5728/5/2 5726/65/2 5712/70/2
f 5734/62/2 5732/61/2 5730/63/2 5712/70/2
f 5738/58/2 5736/7/2 5734/62/2 5712/70/2
f 5742/60/2 5740/59/2 5738/58/2 5712/70/2
f 5744/17/7 5745/18/7 5746/19/7 5747/4/7
f 5745/18/4 5748/20/4 5749/21/4 5746/19/4
f 5748/20/8 5750/22/8 5751/23/8 5749/21/8
f 5750/22/9 5752/24/9 5753/25/9 5751/23/9
f 5752/24/3 5754/26/3 5755/27/3 5753/25/3
f 5754/26/10 5744/28/10 5747/29/10 5755/27/10
f 5756/17/11 5757/30/11 5758/31/11 5759/4/11
f 5757/30/12 5760/32/12 5761/33/12 5758/31/12
f 5760/32/13 5762/34/13 5763/35/13 5761/33/13
f 5762/34/14 5764/36/14 5765/37/14 5763/35/14
f 5764/36/15 5766/38/15 5767/39/15 5765/37/15
f 5766/38/16 5768/40/16 5769/41/16 5767/39/16
f 5768/40/17 5770/42/17 5771/43/17 5769/41/17
f 5770/42/18 5772/22/18 5773/23/18 5771/43/18
f 5772/22/19 5774/44/19 5775/45/19 5773/23/19
f 5774/44/20 5776/46/20 5777/47/20 5775/45/20
f 5776/46/21 5778/48/21 5779/49/21 5777/47/21
f 5778/48/22 5780/50/22 5781/51/22 5779/49/22
f 5780/50/23 5782/52/23 5783/53/23 5781/51/23
f 5782/52/24 5784/54/24 5785/55/24 5783/53/24
f 5784/54/25 5786/56/25 5787/57/25 5785/55/25
f 5786/56/26 5756/28/26 5759/29/26 5787/57/26
f 5781/7/1 5783/58/1 5785/59/1 5787/60/1
f 5777/61/1 5779/62/1 5781/7/1 5787/60/1
f 5773/5/1 5775/63/1 5777/61/1 5787/60/1
f 5769/64/1 5771/65/1 5773/5/1 5787/60/1
f 5765/66/1 5767/67/1 5769/64/1 5787/60/1
f 5761/68/1 5763/69/1 5765/66/1 5787/60/1
f 5759/70/1 5758/71/1 5761/68/1 5787/60/1
f 5762/69/2 5760/68/2 5757/71/2 5756/70/2
f 5766/67/2 5764/66/2 5762/69/2 5756/70/2
f 5770/65/2 5768/64/2 5766/67/2 5756/70/2
f 5774/63/2 5772/5/2 5770/65/2 5756/70/2
f 5778/62/2 5776/61/2 5774/63/2 5756/70/2
f 5782/58/2 5780/7/2 5778/62/2 5756/70/2
f 5786/60/2 5784/59/2 5782/58/2 5756/70/2
f 5788/17/27 5789/18/27 5790/19/27 5791/4/27
f 5789/18/28 5792/20/28 5793/21/28 5790/19/28
f 5792/20/5 5794/22/5 5795/23/5 5793/21/5
f 5794/22/29 5796/24/29 5797/25/29 5795/23/29
f 5796/24/30 5798/26/30 5799/27/30 5797/25/30
f 5798/26/6 5788/28/6 5791/29/6 5799/27/6
f 5793/72/1 5795/73/1 5797/7/1 5799/74/1
f 5791/75/1 5790/66/1 5793/72/1 5799/74/1
f 5794/73/2 5792/72/2 5789/66/2 5788/75/2
f 5798/74/2 5796/7/2 5794/73/2 5788/75/2
f 5800/17/7 5801/18/7 5802/19/7 5803/4/7
f 5801/18/4 5804/20/4 5805/21/4 5802/19/4
f 5804/20/8 5806/22/8 5807/23/8 5805/21/8
f 5806/22/9 5808/24/9 5809/25/9 5807/23/9
f 5808/24/3 5810/26/3 5811/27/3 5809/25/3
f 5810/26/10 5800/28/10 5803/29/10 5811/27/10
f 5812/17/11 5813/30/11 5814/31/11 5815/4/11
f 5813/30/12 5816/32/12 5817/33/12 5814/31/12
f 5816/32/13 5818/34/13 5819/35/13 5817/33/13
f 5818/34/14 5820/36/14 5821/37/14 5819/35/14
f 5820/36/15 5822/38/15 5823/39/15 5821/37/15
f 5822/38/16 5824/40/16 5825/41/16 5823/39/16
f 5824/40/17 5826/42/17 5827/43/17 5825/41/17
f 5826/42/18 5828/22/18 5829/23/18 5827/43/18
f 5828/22/19 5830/44/19 5831/45/19 5829/23/19
f 5830/44/20 5832/46/20 5833/47/20 5831/45/20
f 5832/46/21 5834/48/21 5835/49/21 5833/47/21
f 5834/48/22 5836/50/22 5837/51/22 5835/49/22
f 5836/50/23 5838/52/23 5839/53/23 5837/51/23
f 5838/52/24 5840/54/24 5841/55/24 5839/53/24
f 5840/54/25 5842/56/25 5843/57/25 5841/55/25
f 5842/56/26 5812/28/26 5815/29/26 5843/57/26
f 5837/7/1 5839/58/1 5841/59/1 5843/60/1
f 5833/61/1 5835/62/1 5837/7/1 5843/60/1
f 5829/5/1 5831/63/1 5833/61/1 5843/60/1
f 5825/64/1 5827/65/1 5829/5/1 5843/60/1
f 5821/66/1 5823/67/1 5825/64/1 5843/60/1
f 5817/68/1 5819/69/1 5821/66/1 5843/60/1
f 5815/70/1 5814/71/1 5817/68/1 5843/60/1
f 5818/69/2 5816/68/2 5813/71/2 5812/70/2
f 5822/67/2 5820/66/2 5818/69/2 5812/70/2
f 5826/65/2 5824/64/2 5822/67/2 5812/70/2
f 5830/63/2 5828/5/2 5826/65/2 5812/70/2
f 5834/62/2 5832/61/2 5830/63/2 5812/70/2
f 5838/58/2 5836/7/2 5834/62/2 5812/70/2
f 5842/60/2 5840/59/2 5838/58/2 5812/70/2
f 5844/17/27 5845/18/27 5846/19/27 5847/4/27
f 5845/18/28 5848/20/28 5849/21/28 5846/19/28
f 5848/20/5 5850/22/5 5851/23/5 5849/21/5
f 5850/22/29 5852/24/29 5853/25/29 5851/23/29
f 5852/24/30 5854/26/30 5855/27/30 5853/25/30
f 5854/26/6 5844/28/6 5847/29/6 5855/27/6
f 5849/72/1 5851/73/1 5853/7/1 5855/74/1
f 5847/75/1 5846/66/1 5849/72/1 5855/74/1
f 5850/73/2 5848/72/2 5845/66/2 5844/75/2
f 5854/74/2 5852/7/2 5850/73/2 5844/75/2
f 5856/17/7 5857/18/7 5858/19/7 5859/4/7
f 5857/18/4 5860/20/4 5861/21/4 5858/19/4
f 5860/20/8 5862/22/8 5863/23/8 5861/21/8
f 5862/22/9 5864/24/9 5865/25/9 5863/23/9
f 5864/24/3 5866/26/3 5867/27/3 5865/25/3
f 5866/26/10 5856/28/10 5859/29/10 5867/27/10
f 5868/17/11 5869/30/11 5870/31/11 5871/4/11
f 5869/30/12 5872/32/12 5873/33/12 5870/31/12
f 5872/32/13 5874/34/13 5875/35/13 5873/33/13
f 5874/34/14 5876/36/14 5877/37/14 5875/35/14
f 5876/36/15 5878/38/15 5879/39/15 5877/37/15
f 5878/38/16 5880/40/16 5881/41/16 5879/39/16
f 5880/40/17 5882/42/17 5883/43/17 5881/41/17
f 5882/42/18 5884/22/18 5885/23/18 5883/43/18
f 5884/22/19 5886/44/19 5887/45/19 5885/23/19
f 5886/44/20 5888/46/20 5889/47/20 5887/45/20
f 5888/46/21 5890/48/21 5891/49/21 5889/47/21
f 5890/48/22 5892/50/22 5893/51/22 5891/49/22
f 5892/50/23 5894/52/23 5895/53/23 5893/51/23
f 5894/52/24 5896/54/24 5897/55/24 5895/53/24
f 5896/54/25 5898/56/25 5899/57/25 5897/55/25
f 5898/56/26 5868/28/26 5871/29/26 5899/57/26
f 5893/7/1 5895/58/1 5897/59/1 5899/60/1
f 5889/61/1 5891/62/1 5893/7/1 5899/60/1
f 5885/5/1 5887/63/1 5889/61/1 5899/60/1
f 5881/64/1 5883/65/1 5885/5/1 5899/60/1
f 5877/66/1 5879/67/1 5881/64/1 5899/60/1
f 5873/68/1 5875/69/1 5877/66/1 5899/60/1
f 5871/70/1 5870/71/1 5873/68/1 5899/60/1
f 5874/69/2 5872/68/2 5869/71/2 5868/70/2
f 5878/67/2 5876/66/2 5874/69/2 5868/70/2
f 5882/65/2 5880/64/2 5878/67/2 5868/70/2
f 5886/63/2 5884/5/2 5882/65/2 5868/70/2
f 5890/62/2 5888/61/2 5886/63/2 5868/70/2
f 5894/58/2 5892/7/2 5890/62/2 5868/70/2
f 5898/60/2 5896/59/2 5894/58/2 5868/70/2
f 5900/17/27 5901/18/27 5902/19/27 5903/4/27
f 5901/18/28 5904/20/28 5905/21/28 5902/19/28
f 5904/20/5 5906/22/5 5907/23/5 5905/21/5
f 5906/22/29 5908/24/29 5909/25/29 5907/23/29
f 5908/24/30 5910/26/30 5911/27/30 5909/25/30
f 5910/26/6 5900/28/6 5903/29/6 5911/27/6
f 5905/72/1 5907/73/1 5909/7/1 5911/74/1
f 5903/75/1 5902/66/1 5905/72/1 5911/74/1
f 5906/73/2 5904/72/2 5901/66/2 5900/75/2
f 5910/74/2 5908/7/2 5906/73/2 5900/75/2
f 5912/17/7 5913/18/7 5914/19/7 5915/4/7
f 5913/18/4 5916/20/4 5917/21/4 5914/19/4
f 5916/20/8 5918/22/8 5919/23/8 5917/21/8
f 5918/22/9 5920/24/9 5921/25/9 5919/23/9
f 5920/24/3 5922/26/3 5923/27/3 5921/25/3
f 5922/26/10 5912/28/10 5915/29/10 5923/27/10
f 5924/17/11 5925/30/11 5926/31/11 5927/4/11
f 5925/30/12 5928/32/12 5929/33/12 5926/31/12
f 5928/32/13 5930/34/13 5931/35/13 5929/33/13
f 5930/34/14 5932/36/14 5933/37/14 5931/35/14
f 5932/36/15 5934/38/15 5935/39/15 5933/37/15
f 5934/38/16 5936/40/16 5937/41/16 5935/39/16
f 5936/40/17 5938/42/17 5939/43/17 5937/41/17
f 5938/42/18 5940/22/18 5941/23/18 5939/43/18
f 5940/22/19 5942/44/19 5943/45/19 5941/23/19
f 5942/44/20 5944/46/20 5945/47/20 5943/45/20
f 5944/46/21 5946/48/21 5947/49/21 5945/47/21
f 5946/48/22 5948/50/22 5949/51/22 5947/49/22
f 5948/50/23 5950/52/23 5951/53/23 5949/51/23
f 5950/52/24 5952/54/24 5953/55/24 5951/53/24
f 5952/54/25 5954/56/25 5955/57/25 5953/55/25
f 5954/56/26 5924/28/26 5927/29/26 5955/57/26
f 5949/7/1 5951/58/1 5953/59/1 5955/60/1
f 5945/61/1 5947/62/1 5949/7/1 5955/60/1
f 5941/5/1 5943/63/1 5945/61/1 5955/60/1
f 5937/64/1 5939/65/1 5941/5/1 5955/60/1
f 5933/66/1 5935/67/1 5937/64/1 5955/60/1
f 5929/68/1 5931/69/1 5933/66/1 5955/60/1
f 5927/70/1 5926/71/1 5929/68/1 5955/60/1
f 5930/69/2 5928/68/2 5925/71/2 5924/70/2
f 5934/67/2 5932/66/2 5930/69/2 5924/70/2
f 5938/65/2 5936/64/2 5934/67/2 5924/70/2
f 5942/63/2 5940/5/2 5938/65/2 5924/70/2
f 5946/62/2 5944/61/2 5942/63/2 5924/70/2
f 5950/58/2 5948/7/2 5946/62/2 5924/70/2
f 5954/60/2 5952/59/2 5950/58/2 5924/70/2
f 5956/17/27 5957/18/27 5958/19/27 5959/4/27
f 5957/18/28 5960/20/28 5961/21/28 5958/19/28
f 5960/20/5 5962/22/5 5963/23/5 5961/21/5
f 5962/22/29 5964/24/29 5965/25/29 5963/23/29
f 5964/24/30 5966/26/30 5967/27/30 5965/25/30
f 5966/26/6 5956/28/6 5959/29/6 5967/27/6
f 5961/72/1 5963/73/1 5965/7/1 5967/74/1
f 5959/75/1 5958/66/1 5961/72/1 5967/74/1
f 5962/73/2 5960/72/2 5957/66/2 5956/75/2
f 5966/74/2 5964/7/2 5962/73/2 5956/75/2
f 6257/76/11 6258/80/11 6259/79/11 6260/4/11
f 6258/80/12 6261/81/12 6262/39/12 6259/79/12
f 6261/81/13 6263/83/13 6264/82/13 6262/39/13
f 6263/83/14 6265/84/14 6266/47/14 6264/82/14
f 6265/84/15 6267/86/15 6268/85/15 6266/47/15
f 6267/86/16 6269/87/16 6270/57/16 6268/85/16
f 6269/87/17 6271/89/17 6272/88/17 6270/57/17
f 6271/89/18 6273/91/18 6274/90/18 6272/88/18
f 6273/91/19 6275/93/19 6276/92/19 6274/90/19
f 6275/93/20 6277/95/20 6278/94/20 6276/92/20
f 6277/95/21 6279/97/21 6280/96/21 6278/94/21
f 6279/97/22 6281/99/22 6282/98/22 6280/96/22
f 6281/99/23 6283/101/23 6284/100/23 6282/98/23
f 6283/101/24 6285/103/24 6286/102/24 6284/100/24
f 6285/103/25 6287/105/25 6288/104/25 6286/102/25
f 6287/105/26 6257/77/26 6260/78/26 6288/104/26
f 6282/7/1 6284/58/1 6286/59/1 6288/60/1
f 6278/61/1 6280/62/1 6282/7/1 6288/60/1
f 6274/5/1 6276/63/1 6278/61/1 6288/60/1
f 6270/64/1 6272/65/1 6274/5/1 6288/60/1
f 6266/66/1 6268/67/1 6270/64/1 6288/60/1
f 6262/68/1 6264/69/1 6266/66/1 6288/60/1
f 6260/70/1 6259/71/1 6262/68/1 6288/60/1
f 6263/69/2 6261/68/2 6258/71/2 6257/70/2
f 6267/67/2 6265/66/2 6263/69/2 6257/70/2
f 6271/65/2 6269/64/2 6267/67/2 6257/70/2
f 6275/63/2 6273/5/2 6271/65/2 6257/70/2
f 6279/62/2 6277/61/2 6275/63/2 6257/70/2
f 6283/58/2 6281/7/2 6279/62/2 6257/70/2
f 6287/60/2 6285/59/2 6283/58/2 6257/70/2
f 6289/976/1 6290/977/1 6291/98/1 6292/4/1
f 6293/4/2 6294/98/2 6295/977/2 6296/976/2
f 6296/977/3 6295/976/3 6290/4/3 6289/98/3
f 6294/977/4 6293/976/4 6292/4/4 6291/98/4
f 6293/977/5 6296/976/5 6289/4/5 6292/98/5
f 6295/977/6 6294/976/6 6291/4/6 6290/98/6
o bushing_5
usemtl porcelain
f 6553/978/11 6554/979/11 6555/85/11 6556/4/11
f 6554/979/12 6557/980/12 6558/94/12 6555/85/12
f 6557/980/13 6559/981/13 6560/104/13 6558/94/13
f 6559/981/14 6561/982/14 6562/132/14 6560/104/14
f 6561/982/15 6563/983/15 6564/141/15 6562/132/15
f 6563/983/16 6565/984/16 6566/151/16 6564/141/16
f 6565/984/17 6567/985/17 6568/161/17 6566/151/17
f 6567/985/18 6569/986/18 6570/7/18 6568/161/18
f 6569/986/19 6571/987/19 6572/180/19 6570/7/19
f 6571/987/20 6573/988/20 6574/190/20 6572/180/20
f 6573/988/21 6575/989/21 6576/200/21 6574/190/21
f 6575/989/22 6577/990/22 6578/210/22 6576/200/22
f 6577/990/23 6579/991/23 6580/219/23 6578/210/23
f 6579/991/24 6581/992/24 6582/229/24 6580/219/24
f 6581/992/25 6583/993/25 6584/239/25 6582/229/25
f 6583/993/26 6553/994/26 6556/10/26 6584/239/26
f 6585/995/193 6586/996/193 6554/979/193 6553/978/193
f 6586/996/194 6587/997/194 6557/980/194 6554/979/194
f 6587/997/195 6588/998/195 6559/981/195 6557/980/195
f 6588/998/196 6589/999/196 6561/982/196 6559/981/196
f 6589/999/197 6590/1000/197 6563/983/197 6561/982/197
f 6590/1000/198 6591/1001/198 6565/984/198 6563/983/198
f 6591/1001/199 6592/1002/199 6567/985/199 6565/984/199
f 6592/1002/200 6593/1003/200 6569/986/200 6567/985/200
f 6593/1003/201 6594/1004/201 6571/987/201 6569/986/201
f 6594/1004/202 6595/1005/202 6573/988/202 6571/987/202
f 6595/1005/203 6596/1006/203 6575/989/203 6573/988/203
f 6596/1006/204 6597/1007/204 6577/990/204 6575/989/204
f 6597/1007/205 6598/1008/205 6579/991/205 6577/990/205
f 6598/1008/206 6599/1009/206 6581/992/206 6579/991/206
f 6599/1009/207 6600/1010/207 6583/993/207 6581/992/207
f 6600/1010/208 6585/1011/208 6553/994/208 6583/993/208
f 6601/1012/209 6602/1013/209 6586/996/209 6585/995/209
f 6602/1013/210 6603/1014/210 6587/997/210 6586/996/210
f 6603/1014/211 6604/1015/211 6588/998/211 6587/997/211
f 6604/1015/212 6605/1016/212 6589/999/212 6588/998/212
f 6605/1016/213 6606/1017/213 6590/1000/213 6589/999/213
f 6606/1017/214 6607/1018/214 6591/1001/214 6590/1000/214
f 6607/1018/215 6608/1019/215 6592/1002/215 6591/1001/215
f 6608/1019/216 6609/1020/216 6593/1003/216 6592/1002/216
f 6609/1020/217 6610/1021/217 6594/1004/217 6593/1003/217
f 6610/1021/218 6611/1022/218 6595/1005/218 6594/1004/218
f 6611/1022/219 6612/1023/219 6596/1006/219 6595/1005/219
f 6612/1023/220 6613/1024/220 6597/1007/220 6596/1006/220
f 6613/1024/221 6614/1025/221 6598/1008/221 6597/1007/221
f 6614/1025/222 6615/1026/222 6599/1009/222 6598/1008/222
f 6615/1026/223 6616/1027/223 6600/1010/223 6599/1009/223
f 6616/1027/224 6601/1028/224 6585/1011/224 6600/1010/224
f 6617/1029/11 6618/1030/11 6602/1013/11 6601/1012/11
f 6618/1030/12 6619/1031/12 6603/1014/12 6602/1013/12
f 6619/1031/13 6620/1032/13 6604/1015/13 6603/1014/13
f 6620/1032/14 6621/1033/14 6605/1016/14 6604/1015/14
f 6621/1033/15 6622/1034/15 6606/1017/15 6605/1016/15
f 6622/1034/16 6623/1035/16 6607/1018/16 6606/1017/16
f 6623/1035/17 6624/1036/17 6608/1019/17 6607/1018/17
f 6624/1036/18 6625/1037/18 6609/1020/18 6608/1019/18
f 6625/1037/19 6626/1038/19 6610/1021/19 6609/1020/19
f 6626/1038/20 6627/1039/20 6611/1022/20 6610/1021/20
f 6627/1039/21 6628/1040/21 6612/1023/21 6611/1022/21
f 6628/1040/22 6629/1041/22 6613/1024/22 6612/1023/22
f 6629/1041/23 6630/1042/23 6614/1025/23 6613/1024/23
f 6630/1042/24 6631/1043/24 6615/1026/24 6614/1025/24
f 6631/1043/25 6632/1044/25 6616/1027/25 6615/1026/25
f 6632/1044/26 6617/1045/26 6601/1028/26 6616/1027/26
f 6633/1046/11 6634/1047/11 6618/1030/11 6617/1029/11
f 6634/1047/12 6635/1048/12 6619/1031/12 6618/1030/12
f 6635/1048/13 6636/1049/13 6620/1032/13 6619/1031/13
f 6636/1049/14 6637/1050/14 6621/1033/14 6620/1032/14
f 6637/1050/15 6638/1051/15 6622/1034/15 6621/1033/15
f 6638/1051/16 6639/1052/16 6623/1035/16 6622/1034/16
f 6639/1052/17 6640/1053/17 6624/1036/17 6623/1035/17
f 6640/1053/18 6641/1054/18 6625/1037/18 6624/1036/18
f 6641/1054/19 6642/1055/19 6626/1038/19 6625/1037/19
f 6642/1055/20 6643/1056/20 6627/1039/20 6626/1038/20
f 6643/1056/21 6644/1057/21 6628/1040/21 6627/1039/21
f 6644/1057/22 6645/1058/22 6629/1041/22 6628/1040/22
f 6645/1058/23 6646/1059/23 6630/1042/23 6629/1041/23
f 6646/1059/24 6647/1060/24 6631/1043/24 6630/1042/24
f 6647/1060/25 6648/1061/25 6632/1044/25 6631/1043/25
f 6648/1061/26 6633/1062/26 6617/1045/26 6632/1044/26
f 6649/1063/193 6650/1064/193 6634/1047/193 6633/1046/193
f 6650/1064/194 6651/1065/194 6635/1048/194 6634/1047/194
f 6651/1065/195 6652/1066/195 6636/1049/195 6635/1048/195
f 6652/1066/196 6653/1067/196 6637/1050/196 6636/1049/196
f 6653/1067/197 6654/1068/197 6638/1051/197 6637/1050/197
f 6654/1068/198 6655/1069/198 6639/1052/198 6638/1051/198
f 6655/1069/199 6656/1070/199 6640/1053/199 6639/1052/199
f 6656/1070/200 6657/1071/200 6641/1054/200 6640/1053/200
f 6657/1071/201 6658/1072/201 6642/1055/201 6641/1054/201
f 6658/1072/202 6659/1073/202 6643/1056/202 6642/1055/202
f 6659/1073/203 6660/1074/203 6644/1057/203 6643/1056/203
f 6660/1074/204 6661/1075/204 6645/1058/204 6644/1057/204
f 6661/1075/205 6662/1076/205 6646/1059/205 6645/1058/205
f 6662/1076/206 6663/1077/206 6647/1060/206 6646/1059/206
f 6663/1077/207 6664/1078/207 6648/1061/207 6647/1060/207
f 6664/1078/208 6649/1079/208 6633/1062/208 6648/1061/208
f 6665/1080/209 6666/1081/209 6650/1064/209 6649/1063/209
f 6666/1081/210 6667/1082/210 6651/1065/210 6650/1064/210
f 6667/1082/211 6668/1083/211 6652/1066/211 6651/1065/211
f 6668/1083/212 6669/1084/212 6653/1067/212 6652/1066/212
f 6669/1084/213 6670/1085/213 6654/1068/213 6653/1067/213
f 6670/1085/214 6671/1086/214 6655/1069/214 6654/1068/214
f 6671/1086/215 6672/1087/215 6656/1070/215 6655/1069/215
f 6672/1087/216 6673/1088/216 6657/1071/216 6656/1070/216
f 6673/1088/217 6674/1089/217 6658/1072/217 6657/1071/217
f 6674/1089/218 6675/1090/218 6659/1073/218 6658/1072/218
f 6675/1090/219 6676/1091/219 6660/1074/219 6659/1073/219
f 6676/1091/220 6677/1092/220 6661/1075/220 6660/1074/220
f 6677/1092/221 6678/1093/221 6662/1076/221 6661/1075/221
f 6678/1093/222 6679/1094/222 6663/1077/222 6662/1076/222
f 6679/1094/223 6680/1095/223 6664/1078/223 6663/1077/223
f 6680/1095/224 6665/1096/224 6649/1079/224 6664/1078/224
f 6681/1097/11 6682/1098/11 6666/1081/11 6665/1080/11
f 6682/1098/12 6683/1099/12 6667/1082/12 6666/1081/12
f 6683/1099/13 6684/1100/13 6668/1083/13 6667/1082/13
f 6684/1100/14 6685/1101/14 6669/1084/14 6668/1083/14
f 6685/1101/15 6686/1102/15 6670/1085/15 6669/1084/15
f 6686/1102/16 6687/1103/16 6671/1086/16 6670/1085/16
f 6687/1103/17 6688/1104/17 6672/1087/17 6671/1086/17
f 6688/1104/18 6689/1105/18 6673/1088/18 6672/1087/18
f 6689/1105/19 6690/1106/19 6674/1089/19 6673/1088/19
f 6690/1106/20 6691/1107/20 6675/1090/20 6674/1089/20
f 6691/1107/21 6692/1108/21 6676/1091/21 6675/1090/21
f 6692/1108/22 6693/1109/22 6677/1092/22 6676/1091/22
f 6693/1109/23 6694/1110/23 6678/1093/23 6677/1092/23
f 6694/1110/24 6695/1111/24 6679/1094/24 6678/1093/24
f 6695/1111/25 6696/1112/25 6680/1095/25 6679/1094/25
f 6696/1112/26 6681/1113/26 6665/1096/26 6680/1095/26
f 6697/1114/11 6698/1115/11 6682/1098/11 6681/1097/11
f 6698/1115/12 6699/1116/12 6683/1099/12 6682/1098/12
f 6699/1116/13 6700/1117/13 6684/1100/13 6683/1099/13
f 6700/1117/14 6701/1118/14 6685/1101/14 6684/1100/14
f 6701/1118/15 6702/1119/15 6686/1102/15 6685/1101/15
f 6702/1119/16 6703/1120/16 6687/1103/16 6686/1102/16
f 6703/1120/17 6704/1121/17 6688/1104/17 6687/1103/17
f 6704/1121/18 6705/1122/18 6689/1105/18 6688/1104/18
f 6705/1122/19 6706/1123/19 6690/1106/19 6689/1105/19
f 6706/1123/20 6707/1124/20 6691/1107/20 6690/1106/20
f 6707/1124/21 6708/1125/21 6692/1108/21 6691/1107/21
f 6708/1125/22 6709/1126/22 6693/1109/22 6692/1108/22
f 6709/1126/23 6710/1127/23 6694/1110/23 6693/1109/23
f 6710/1127/24 6711/1128/24 6695/1111/24 6694/1110/24
f 6711/1128/25 6712/1129/25 6696/1112/25 6695/1111/25
f 6712/1129/26 6697/1130/26 6681/1113/26 6696/1112/26
f 6713/1131/193 6714/1132/193 6698/1115/193 6697/1114/193
f 6714/1132/194 6715/1133/194 6699/1116/194 6698/1115/194
f 6715/1133/195 6716/1134/195 6700/1117/195 6699/1116/195
f 6716/1134/196 6717/1135/196 6701/1118/196 6700/1117/196
f 6717/1135/197 6718/1136/197 6702/1119/197 6701/1118/197
f 6718/1136/198 6719/1137/198 6703/1120/198 6702/1119/198
f 6719/1137/199 6720/1138/199 6704/1121/199 6703/1120/199
f 6720/1138/200 6721/1139/200 6705/1122/200 6704/1121/200
f 6721/1139/201 6722/1140/201 6706/1123/201 6705/1122/201
f 6722/1140/202 6723/1141/202 6707/1124/202 6706/1123/202
f 6723/1141/203 6724/1142/203 6708/1125/203 6707/1124/203
f 6724/1142/204 6725/1143/204 6709/1126/204 6708/1125/204
f 6725/1143/205 6726/1144/205 6710/1127/205 6709/1126/205
f 6726/1144/206 6727/1145/206 6711/1128/206 6710/1127/206
f 6727/1145/207 6728/1146/207 6712/1129/207 6711/1128/207
f 6728/1146/208 6713/1147/208 6697/1130/208 6712/1129/208
f 6729/1148/209 6730/1149/209 6714/1132/209 6713/1131/209
f 6730/1149/210 6731/1150/210 6715/1133/210 6714/1132/210
f 6731/1150/211 6732/1151/211 6716/1134/211 6715/1133/211
f 6732/1151/212 6733/1152/212 6717/1135/212 6716/1134/212
f 6733/1152/213 6734/1153/213 6718/1136/213 6717/1135/213
f 6734/1153/214 6735/1154/214 6719/1137/214 6718/1136/214
f 6735/1154/215 6736/1155/215 6720/1138/215 6719/1137/215
f 6736/1155/216 6737/1156/216 6721/1139/216 6720/1138/216
f 6737/1156/217 6738/1157/217 6722/1140/217 6721/1139/217
f 6738/1157/218 6739/1158/218 6723/1141/218 6722/1140/218
f 6739/1158/219 6740/1159/219 6724/1142/219 6723/1141/219
f 6740/1159/220 6741/1160/220 6725/1143/220 6724/1142/220
f 6741/1160/221 6742/1161/221 6726/1144/221 6725/1143/221
f 6742/1161/222 6743/1162/222 6727/1145/222 6726/1144/222
f 6743/1162/223 6744/1163/223 6728/1146/223 6727/1145/223
f 6744/1163/224 6729/1164/224 6713/1147/224 6728/1146/224
f 6745/1165/11 6746/1166/11 6730/1149/11 6729/1148/11
f 6746/1166/12 6747/1167/12 6731/1150/12 6730/1149/12
f 6747/1167/13 6748/1168/13 6732/1151/13 6731/1150/13
f 6748/1168/14 6749/1169/14 6733/1152/14 6732/1151/14
f 6749/1169/15 6750/1170/15 6734/1153/15 6733/1152/15
f 6750/1170/16 6751/1171/16 6735/1154/16 6734/1153/16
f 6751/1171/17 6752/1172/17 6736/1155/17 6735/1154/17
f 6752/1172/18 6753/1173/18 6737/1156/18 6736/1155/18
f 6753/1173/19 6754/1174/19 6738/1157/19 6737/1156/19
f 6754/1174/20 6755/1175/20 6739/1158/20 6738/1157/20
f 6755/1175/21 6756/1176/21 6740/1159/21 6739/1158/21
f 6756/1176/22 6757/1177/22 6741/1160/22 6740/1159/22
f 6757/1177/23 6758/1178/23 6742/1161/23 6741/1160/23
f 6758/1178/24 6759/1179/24 6743/1162/24 6742/1161/24
f 6759/1179/25 6760/1180/25 6744/1163/25 6743/1162/25
f 6760/1180/26 6745/1181/26 6729/1164/26 6744/1163/26
f 6761/1182/11 6762/1183/11 6746/1166/11 6745/1165/11
f 6762/1183/12 6763/1184/12 6747/1167/12 6746/1166/12
f 6763/1184/13 6764/1185/13 6748/1168/13 6747/1167/13
f 6764/1185/14 6765/1186/14 6749/1169/14 6748/1168/14
f 6765/1186/15 6766/1187/15 6750/1170/15 6749/1169/15
f 6766/1187/16 6767/1188/16 6751/1171/16 6750/1170/16
f 6767/1188/17 6768/1189/17 6752/1172/17 6751/1171/17
f 6768/1189/18 6769/1190/18 6753/1173/18 6752/1172/18
f 6769/1190/19 6770/1191/19 6754/1174/19 6753/1173/19
f 6770/1191/20 6771/1192/20 6755/1175/20 6754/1174/20
f 6771/1192/21 6772/1193/21 6756/1176/21 6755/1175/21
f 6772/1193/22 6773/1194/22 6757/1177/22 6756/1176/22
f 6773/1194/23 6774/1195/23 6758/1178/23 6757/1177/23
f 6774/1195/24 6775/1196/24 6759/1179/24 6758/1178/24
f 6775/1196/25 6776/1197/25 6760/1180/25 6759/1179/25
f 6776/1197/26 6761/1198/26 6745/1181/26 6760/1180/26
f 6777/1199/193 6778/1200/193 6762/1183/193 6761/1182/193
f 6778/1200/194 6779/1201/194 6763/1184/194 6762/1183/194
f 6779/1201/195 6780/1202/195 6764/1185/195 6763/1184/195
f 6780/1202/196 6781/1203/196 6765/1186/196 6764/1185/196
f 6781/1203/197 6782/1204/197 6766/1187/197 6765/1186/197
f 6782/1204/198 6783/1205/198 6767/1188/198 6766/1187/198
f 6783/1205/199 6784/1206/199 6768/1189/199 6767/1188/199
f 6784/1206/200 6785/1207/200 6769/1190/200 6768/1189/200
f 6785/1207/201 6786/1208/201 6770/1191/201 6769/1190/201
f 6786/1208/202 6787/1209/202 6771/1192/202 6770/1191/202
f 6787/1209/203 6788/1210/203 6772/1193/203 6771/1192/203
f 6788/1210/204 6789/1211/204 6773/1194/204 6772/1193/204
f 6789/1211/205 6790/1212/205 6774/1195/205 6773/1194/205
f 6790/1212/206 6791/1213/206 6775/1196/206 6774/1195/206
f 6791/1213/207 6792/1214/207 6776/1197/207 6775/1196/207
f 6792/1214/208 6777/1215/208 6761/1198/208 6776/1197/208
f 6793/1216/209 6794/1217/209 6778/1200/209 6777/1199/209
f 6794/1217/210 6795/1218/210 6779/1201/210 6778/1200/210
f 6795/1218/211 6796/1219/211 6780/1202/211 6779/1201/211
f 6796/1219/212 6797/1220/212 6781/1203/212 6780/1202/212
f 6797/1220/213 6798/1221/213 6782/1204/213 6781/1203/213
f 6798/1221/214 6799/1222/214 6783/1205/214 6782/1204/214
f 6799/1222/215 6800/1223/215 6784/1206/215 6783/1205/215
f 6800/1223/216 6801/1224/216 6785/1207/216 6784/1206/216
f 6801/1224/217 6802/1225/217 6786/1208/217 6785/1207/217
f 6802/1225/218 6803/1226/218 6787/1209/218 6786/1208/218
f 6803/1226/219 6804/1227/219 6788/1210/219 6787/1209/219
f 6804/1227/220 6805/1228/220 6789/1211/220 6788/1210/220
f 6805/1228/221 6806/1229/221 6790/1212/221 6789/1211/221
f 6806/1229/222 6807/1230/222 6791/1213/222 6790/1212/222
f 6807/1230/223 6808/1231/223 6792/1214/223 6791/1213/223
f 6808/1231/224 6793/1232/224 6777/1215/224 6792/1214/224
f 6809/1233/11 6810/1234/11 6794/1217/11 6793/1216/11
f 6810/1234/12 6811/1235/12 6795/1218/12 6794/1217/12
f 6811/1235/13 6812/1236/13 6796/1219/13 6795/1218/13
f 6812/1236/14 6813/1237/14 6797/1220/14 6796/1219/14
f 6813/1237/15 6814/1238/15 6798/1221/15 6797/1220/15
f 6814/1238/16 6815/1239/16 6799/1222/16 6798/1221/16
f 6815/1239/17 6816/1240/17 6800/1223/17 6799/1222/17
f 6816/1240/18 6817/1241/18 6801/1224/18 6800/1223/18
f 6817/1241/19 6818/1242/19 6802/1225/19 6801/1224/19
f 6818/1242/20 6819/1243/20 6803/1226/20 6802/1225/20
f 6819/1243/21 6820/1244/21 6804/1227/21 6803/1226/21
f 6820/1244/22 6821/1245/22 6805/1228/22 6804/1227/22
f 6821/1245/23 6822/1246/23 6806/1229/23 6805/1228/23
f 6822/1246/24 6823/1247/24 6807/1230/24 6806/1229/24
f 6823/1247/25 6824/1248/25 6808/1231/25 6807/1230/25
f 6824/1248/26 6809/1249/26 6793/1232/26 6808/1231/26
f 6825/1250/225 6826/1251/225 6810/1234/225 6809/1233/225
f 6826/1251/226 6827/1252/226 6811/1235/226 6810/1234/226
f 6827/1252/227 6828/1253/227 6812/1236/227 6811/1235/227
f 6828/1253/228 6829/1254/228 6813/1237/228 6812/1236/228
f 6829/1254/229 6830/1255/229 6814/1238/229 6813/1237/229
f 6830/1255/230 6831/1256/230 6815/1239/230 6814/1238/230
f 6831/1256/231 6832/1257/231 6816/1240/231 6815/1239/231
f 6832/1257/232 6833/1258/232 6817/1241/232 6816/1240/232
f 6833/1258/233 6834/1259/233 6818/1242/233 6817/1241/233
f 6834/1259/234 6835/1260/234 6819/1243/234 6818/1242/234
f 6835/1260/235 6836/1261/235 6820/1244/235 6819/1243/235
f 6836/1261/236 6837/1262/236 6821/1245/236 6820/1244/236
f 6837/1262/237 6838/1263/237 6822/1246/237 6821/1245/237
f 6838/1263/238 6839/1264/238 6823/1247/238 6822/1246/238
f 6839/1264/239 6840/1265/239 6824/1248/239 6823/1247/239
f 6840/1265/240 6825/1266/240 6809/1249/240 6824/1248/240
f 6841/8/2 6841/314/2 6826/1251/2 6825/1250/2
f 6841/314/2 6841/315/2 6827/1252/2 6826/1251/2
f 6841/315/2 6841/316/2 6828/1253/2 6827/1252/2
f 6841/316/2 6841/317/2 6829/1254/2 6828/1253/2
f 6841/317/2 6841/318/2 6830/1255/2 6829/1254/2
f 6841/318/2 6841/319/2 6831/1256/2 6830/1255/2
f 6841/319/2 6841/320/2 6832/1257/2 6831/1256/2
f 6841/320/2 6841/66/2 6833/1258/2 6832/1257/2
f 6841/66/2 6841/321/2 6834/1259/2 6833/1258/2
f 6841/321/2 6841/322/2 6835/1260/2 6834/1259/2
f 6841/322/2 6841/323/2 6836/1261/2 6835/1260/2
f 6841/323/2 6841/324/2 6837/1262/2 6836/1261/2
f 6841/324/2 6841/325/2 6838/1263/2 6837/1262/2
f 6841/325/2 6841/326/2 6839/1264/2 6838/1263/2
f 6841/326/2 6841/327/2 6840/1265/2 6839/1264/2
f 6841/327/2 6841/9/2 6825/1266/2 6840/1265/2
o flange_5
usemtl steel
f 6297/76/11 6298/80/11 6299/79/11 6300/4/11
f 6298/80/12 6301/81/12 6302/39/12 6299/79/12
f 6301/81/13 6303/83/13 6304/82/13 6302/39/13
f 6303/83/14 6305/84/14 6306/47/14 6304/82/14
f 6305/84/15 6307/86/15 6308/85/15 6306/47/15
f 6307/86/16 6309/87/16 6310/57/16 6308/85/16
f 6309/87/17 6311/89/17 6312/88/17 6310/57/17
f 6311/89/18 6313/91/18 6314/90/18 6312/88/18
f 6313/91/19 6315/93/19 6316/92/19 6314/90/19
f 6315/93/20 6317/95/20 6318/94/20 6316/92/20
f 6317/95/21 6319/97/21 6320/96/21 6318/94/21
f 6319/97/22 6321/99/22 6322/98/22 6320/96/22
f 6321/99/23 6323/101/23 6324/100/23 6322/98/23
f 6323/101/24 6325/103/24 6326/102/24 6324/100/24
f 6325/103/25 6327/105/25 6328/104/25 6326/102/25
f 6327/105/26 6297/77/26 6300/78/26 6328/104/26
f 6322/7/1 6324/58/1 6326/59/1 6328/60/1
f 6318/61/1 6320/62/1 6322/7/1 6328/60/1
f 6314/5/1 6316/63/1 6318/61/1 6328/60/1
f 6310/64/1 6312/65/1 6314/5/1 6328/60/1
f 6306/66/1 6308/67/1 6310/64/1 6328/60/1
f 6302/68/1 6304/69/1 6306/66/1 6328/60/1
f 6300/70/1 6299/71/1 6302/68/1 6328/60/1
f 6303/69/2 6301/68/2 6298/71/2 6297/70/2
f 6307/67/2 6305/66/2 6303/69/2 6297/70/2
f 6311/65/2 6309/64/2 6307/67/2 6297/70/2
f 6315/63/2 6313/5/2 6311/65/2 6297/70/2
f 6319/62/2 6317/61/2 6315/63/2 6297/70/2
f 6323/58/2 6321/7/2 6319/62/2 6297/70/2
f 6327/60/2 6325/59/2 6323/58/2 6297/70/2
f 6329/17/7 6330/18/7 6331/19/7 6332/4/7
f 6330/18/4 6333/20/4 6334/21/4 6331/19/4
f 6333/20/8 6335/22/8 6336/23/8 6334/21/8
f 6335/22/9 6337/24/9 6338/25/9 6336/23/9
f 6337/24/3 6339/26/3 6340/27/3 6338/25/3
f 6339/26/10 6329/28/10 6332/29/10 6340/27/10
f 6341/17/11 6342/30/11 6343/31/11 6344/4/11
f 6342/30/12 6345/32/12 6346/33/12 6343/31/12
f 6345/32/13 6347/34/13 6348/35/13 6346/33/13
f 6347/34/14 6349/36/14 6350/37/14 6348/35/14
f 6349/36/15 6351/38/15 6352/39/15 6350/37/15
f 6351/38/16 6353/40/16 6354/41/16 6352/39/16
f 6353/40/17 6355/42/17 6356/43/17 6354/41/17
f 6355/42/18 6357/22/18 6358/23/18 6356/43/18
f 6357/22/19 6359/44/19 6360/45/19 6358/23/19
f 6359/44/20 6361/46/20 6362/47/20 6360/45/20
f 6361/46/21 6363/48/21 6364/49/21 6362/47/21
f 6363/48/22 6365/50/22 6366/51/22 6364/49/22
f 6365/50/23 6367/52/23 6368/53/23 6366/51/23
f 6367/52/24 6369/54/24 6370/55/24 6368/53/24
f 6369/54/25 6371/56/25 6372/57/25 6370/55/25
f 6371/56/26 6341/28/26 6344/29/26 6372/57/26
f 6366/7/1 6368/58/1 6370/59/1 6372/60/1
f 6362/61/1 6364/62/1 6366/7/1 6372/60/1
f 6358/5/1 6360/63/1 6362/61/1 6372/60/1
f 6354/64/1 6356/65/1 6358/5/1 6372/60/1
f 6350/66/1 6352/67/1 6354/64/1 6372/60/1
f 6346/68/1 6348/69/1 6350/66/1 6372/60/1
f 6344/70/1 6343/71/1 6346/68/1 6372/60/1
f 6347/69/2 6345/68/2 6342/71/2 6341/70/2
f 6351/67/2 6349/66/2 6347/69/2 6341/70/2
f 6355/65/2 6353/64/2 6351/67/2 6341/70/2
f 6359/63/2 6357/5/2 6355/65/2 6341/70/2
f 6363/62/2 6361/61/2 6359/63/2 6341/70/2
f 6367/58/2 6365/7/2 6363/62/2 6341/70/2
f 6371/60/2 6369/59/2 6367/58/2 6341/70/2
f 6373/17/27 6374/18/27 6375/19/27 6376/4/27
f 6374/18/28 6377/20/28 6378/21/28 6375/19/28
f 6377/20/5 6379/22/5 6380/23/5 6378/21/5
f 6379/22/29 6381/24/29 6382/25/29 6380/23/29
f 6381/24/30 6383/26/30 6384/27/30 6382/25/30
f 6383/26/6 6373/28/6 6376/29/6 6384/27/6
f 6378/72/1 6380/73/1 6382/7/1 6384/74/1
f 6376/75/1 6375/66/1 6378/72/1 6384/74/1
f 6379/73/2 6377/72/2 6374/66/2 6373/75/2
f 6383/74/2 6381/7/2 6379/73/2 6373/75/2
f 6385/17/7 6386/18/7 6387/19/7 6388/4/7
f 6386/18/4 6389/20/4 6390/21/4 6387/19/4
f 6389/20/8 6391/22/8 6392/23/8 6390/21/8
f 6391/22/9 6393/24/9 6394/25/9 6392/23/9
f 6393/24/3 6395/26/3 6396/27/3 6394/25/3
f 6395/26/10 6385/28/10 6388/29/10 6396/27/10
f 6397/17/11 6398/30/11 6399/31/11 6400/4/11
f 6398/30/12 6401/32/12 6402/33/12 6399/31/12
f 6401/32/13 6403/34/13 6404/35/13 6402/33/13
f 6403/34/14 6405/36/14 6406/37/14 6404/35/14
f 6405/36/15 6407/38/15 6408/39/15 6406/37/15
f 6407/38/16 6409/40/16 6410/41/16 6408/39/16
f 6409/40/17 6411/42/17 6412/43/17 6410/41/17
f 6411/42/18 6413/22/18 6414/23/18 6412/43/18
f 6413/22/19 6415/44/19 6416/45/19 6414/23/19
f 6415/44/20 6417/46/20 6418/47/20 6416/45/20
f 6417/46/21 6419/48/21 6420/49/21 6418/47/21
f 6419/48/22 6421/50/22 6422/51/22 6420/49/22
f 6421/50/23 6423/52/23 6424/53/23 6422/51/23
f 6423/52/24 6425/54/24 6426/55/24 6424/53/24
f 6425/54/25 6427/56/25 6428/57/25 6426/55/25
f 6427/56/26 6397/28/26 6400/29/26 6428/57/26
f 6422/7/1 6424/58/1 6426/59/1 6428/60/1
f 6418/61/1 6420/62/1 6422/7/1 6428/60/1
f 6414/5/1 6416/63/1 6418/61/1 6428/60/1
f 6410/64/1 6412/65/1 6414/5/1 6428/60/1
f 6406/66/1 6408/67/1 6410/64/1 6428/60/1
f 6402/68/1 6404/69/1 6406/66/1 6428/60/1
f 6400/70/1 6399/71/1 6402/68/1 6428/60/1
f 6403/69/2 6401/68/2 6398/71/2 6397/70/2
f 6407/67/2 6405/66/2 6403/69/2 6397/70/2
f 6411/65/2 6409/64/2 6407/67/2 6397/70/2
f 6415/63/2 6413/5/2 6411/65/2 6397/70/2
f 6419/62/2 6417/61/2 6415/63/2 6397/70/2
f 6423/58/2 6421/7/2 6419/62/2 6397/70/2
f 6427/60/2 6425/59/2 6423/58/2 6397/70/2
f 6429/17/27 6430/18/27 6431/19/27 6432/4/27
f 6430/18/28 6433/20/28 6434/21/28 6431/19/28
f 6433/20/5 6435/22/5 6436/23/5 6434/21/5
f 6435/22/29 6437/24/29 6438/25/29 6436/23/29
f 6437/24/30 6439/26/30 6440/27/30 6438/25/30
f 6439/26/6 6429/28/6 6432/29/6 6440/27/6
f 6434/72/1 6436/73/1 6438/7/1 6440/74/1
f 6432/75/1 6431/66/1 6434/72/1 6440/74/1
f 6435/73/2 6433/72/2 6430/66/2 6429/75/2
f 6439/74/2 6437/7/2 6435/73/2 6429/75/2
f 6441/17/7 6442/18/7 6443/19/7 6444/4/7
f 6442/18/4 6445/20/4 6446/21/4 6443/19/4
f 6445/20/8 6447/22/8 6448/23/8 6446/21/8
f 6447/22/9 6449/24/9 6450/25/9 6448/23/9
f 6449/24/3 6451/26/3 6452/27/3 6450/25/3
f 6451/26/10 6441/28/10 6444/29/10 6452/27/10
f 6453/17/11 6454/30/11 6455/31/11 6456/4/11
f 6454/30/12 6457/32/12 6458/33/12 6455/31/12
f 6457/32/13 6459/34/13 6460/35/13 6458/33/13
f 6459/34/14 6461/36/14 6462/37/14 6460/35/14
f 6461/36/15 6463/38/15 6464/39/15 6462/37/15
f 6463/38/16 6465/40/16 6466/41/16 6464/39/16
f 6465/40/17 6467/42/17 6468/43/17 6466/41/17
f 6467/42/18 6469/22/18 6470/23/18 6468/43/18
f 6469/22/19 6471/44/19 6472/45/19 6470/23/19
f 6471/44/20 6473/46/20 6474/47/20 6472/45/20
f 6473/46/21 6475/48/21 6476/49/21 6474/47/21
f 6475/48/22 6477/50/22 6478/51/22 6476/49/22
f 6477/50/23 6479/52/23 6480/53/23 6478/51/23
f 6479/52/24 6481/54/24 6482/55/24 6480/53/24
f 6481/54/25 6483/56/25 6484/57/25 6482/55/25
f 6483/56/26 6453/28/26 6456/29/26 6484/57/26
f 6478/7/1 6480/58/1 6482/59/1 6484/60/1
f 6474/61/1 6476/62/1 6478/7/1 6484/60/1
f 6470/5/1 6472/63/1 6474/61/1 6484/60/1
f 6466/64/1 6468/65/1 6470/5/1 6484/60/1
f 6462/66/1 6464/67/1 6466/64/1 6484/60/1
f 6458/68/1 6460/69/1 6462/66/1 6484/60/1
f 6456/70/1 6455/71/1 6458/68/1 6484/60/1
f 6459/69/2 6457/68/2 6454/71/2 6453/70/2
f 6463/67/2 6461/66/2 6459/69/2 6453/70/2
f 6467/65/2 6465/64/2 6463/67/2 6453/70/2
f 6471/63/2 6469/5/2 6467/65/2 6453/70/2
f 6475/62/2 6473/61/2 6471/63/2 6453/70/2
f 6479/58/2 6477/7/2 6475/62/2 6453/70/2
f 6483/60/2 6481/59/2 6479/58/2 6453/70/2
f 6485/17/27 6486/18/27 6487/19/27 6488/4/27
f 6486/18/28 6489/20/28 6490/21/28 6487/19/28
f 6489/20/5 6491/22/5 6492/23/5 6490/21/5
f 6491/22/29 6493/24/29 6494/25/29 6492/23/29
f 6493/24/30 6495/26/30 6496/27/30 6494/25/30
f 6495/26/6 6485/28/6 6488/29/6 6496/27/6
f 6490/72/1 6492/73/1 6494/7/1 6496/74/1
f 6488/75/1 6487/66/1 6490/72/1 6496/74/1
f 6491/73/2 6489/72/2 6486/66/2 6485/75/2
f 6495/74/2 6493/7/2 6491/73/2 6485/75/2
f 6497/17/7 6498/18/7 6499/19/7 6500/4/7
f 6498/18/4 6501/20/4 6502/21/4 6499/19/4
f 6501/20/8 6503/22/8 6504/23/8 6502/21/8
f 6503/22/9 6505/24/9 6506/25/9 6504/23/9
f 6505/24/3 6507/26/3 6508/27/3 6506/25/3
f 6507/26/10 6497/28/10 6500/29/10 6508/27/10
f 6509/17/11 6510/30/11 6511/31/11 6512/4/11
f 6510/30/12 6513/32/12 6514/33/12 6511/31/12
f 6513/32/13 6515/34/13 6516/35/13 6514/33/13
f 6515/34/14 6517/36/14 6518/37/14 6516/35/14
f 6517/36/15 6519/38/15 6520/39/15 6518/37/15
f 6519/38/16 6521/40/16 6522/41/16 6520/39/16
f 6521/40/17 6523/42/17 6524/43/17 6522/41/17
f 6523/42/18 6525/22/18 6526/23/18 6524/43/18
f 6525/22/19 6527/44/19 6528/45/19 6526/23/19
f 6527/44/20 6529/46/20 6530/47/20 6528/45/20
f 6529/46/21 6531/48/21 6532/49/21 6530/47/21
f 6531/48/22 6533/50/22 6534/51/22 6532/49/22
f 6533/50/23 6535/52/23 6536/53/23 6534/51/23
f 6535/52/24 6537/54/24 6538/55/24 6536/53/24
f 6537/54/25 6539/56/25 6540/57/25 6538/55/25
f 6539/56/26 6509/28/26 6512/29/26 6540/57/26
f 6534/7/1 6536/58/1 6538/59/1 6540/60/1
f 6530/61/1 6532/62/1 6534/7/1 6540/60/1
f 6526/5/1 6528/63/1 6530/61/1 6540/60/1
f 6522/64/1 6524/65/1 6526/5/1 6540/60/1
f 6518/66/1 6520/67/1 6522/64/1 6540/60/1
f 6514/68/1 6516/69/1 6518/66/1 6540/60/1
f 6512/70/1 6511/71/1 6514/68/1 6540/60/1
f 6515/69/2 6513/68/2 6510/71/2 6509/70/2
f 6519/67/2 6517/66/2 6515/69/2 6509/70/2
f 6523/65/2 6521/64/2 6519/67/2 6509/70/2
f 6527/63/2 6525/5/2 6523/65/2 6509/70/2
f 6531/62/2 6529/61/2 6527/63/2 6509/70/2
f 6535/58/2 6533/7/2 6531/62/2 6509/70/2
f 6539/60/2 6537/59/2 6535/58/2 6509/70/2
f 6541/17/27 6542/18/27 6543/19/27 6544/4/27
f 6542/18/28 6545/20/28 6546/21/28 6543/19/28
f 6545/20/5 6547/22/5 6548/23/5 6546/21/5
f 6547/22/29 6549/24/29 6550/25/29 6548/23/29
f 6549/24/30 6551/26/30 6552/27/30 6550/25/30
f 6551/26/6 6541/28/6 6544/29/6 6552/27/6
f 6546/72/1 6548/73/1 6550/7/1 6552/74/1
f 6544/75/1 6543/66/1 6546/72/1 6552/74/1
f 6547/73/2 6545/72/2 6542/66/2 6541/75/2
f 6551/74/2 6549/7/2 6547/73/2 6541/75/2
f 6842/76/11 6843/80/11 6844/79/11 6845/4/11
f 6843/80/12 6846/81/12 6847/39/12 6844/79/12
f 6846/81/13 6848/83/13 6849/82/13 6847/39/13
f 6848/83/14 6850/84/14 6851/47/14 6849/82/14
f 6850/84/15 6852/86/15 6853/85/15 6851/47/15
f 6852/86/16 6854/87/16 6855/57/16 6853/85/16
f 6854/87/17 6856/89/17 6857/88/17 6855/57/17
f 6856/89/18 6858/91/18 6859/90/18 6857/88/18
f 6858/91/19 6860/93/19 6861/92/19 6859/90/19
f 6860/93/20 6862/95/20 6863/94/20 6861/92/20
f 6862/95/21 6864/97/21 6865/96/21 6863/94/21
f 6864/97/22 6866/99/22 6867/98/22 6865/96/22
f 6866/99/23 6868/101/23 6869/100/23 6867/98/23
f 6868/101/24 6870/103/24 6871/102/24 6869/100/24
f 6870/103/25 6872/105/25 6873/104/25 6871/102/25
f 6872/105/26 6842/77/26 6845/78/26 6873/104/26
f 6867/7/1 6869/58/1 6871/59/1 6873/60/1
f 6863/61/1 6865/62/1 6867/7/1 6873/60/1
f 6859/5/1 6861/63/1 6863/61/1 6873/60/1
f 6855/64/1 6857/65/1 6859/5/1 6873/60/1
f 6851/66/1 6853/67/1 6855/64/1 6873/60/1
f 6847/68/1 6849/69/1 6851/66/1 6873/60/1
f 6845/70/1 6844/71/1 6847/68/1 6873/60/1
f 6848/69/2 6846/68/2 6843/71/2 6842/70/2
f 6852/67/2 6850/66/2 6848/69/2 6842/70/2
f 6856/65/2 6854/64/2 6852/67/2 6842/70/2
f 6860/63/2 6858/5/2 6856/65/2 6842/70/2
f 6864/62/2 6862/61/2 6860/63/2 6842/70/2
f 6868/58/2 6866/7/2 6864/62/2 6842/70/2
f 6872/60/2 6870/59/2 6868/58/2 6842/70/2
f 6874/976/1 6875/977/1 6876/98/1 6877/4/1
f 6878/4/2 6879/98/2 6880/977/2 6881/976/2
f 6881/977/3 6880/976/3 6875/4/3 6874/98/3
f 6879/977/4 6878/976/4 6877/4/4 6876/98/4
f 6878/977/5 6881/976/5 6874/4/5 6877/98/5
f 6880/977/6 6879/976/6 6876/4/6 6875/98/6
o bushing_6
usemtl porcelain
f 7138/978/11 7139/979/11 7140/85/11 7141/4/11
f 7139/979/12 7142/980/12 7143/94/12 7140/85/12
f 7142/980/13 7144/981/13 7145/104/13 7143/94/13
f 7144/981/14 7146/982/14 7147/132/14 7145/104/14
f 7146/982/15 7148/983/15 7149/141/15 7147/132/15
f 7148/983/16 7150/984/16 7151/151/16 7149/141/16
f 7150/984/17 7152/985/17 7153/161/17 7151/151/17
f 7152/985/18 7154/986/18 7155/7/18 7153/161/18
f 7154/986/19 7156/987/19 7157/180/19 7155/7/19
f 7156/987/20 7158/988/20 7159/190/20 7157/180/20
f 7158/988/21 7160/989/21 7161/200/21 7159/190/21
f 7160/989/22 7162/990/22 7163/210/22 7161/200/22
f 7162/990/23 7164/991/23 7165/219/23 7163/210/23
f 7164/991/24 7166/992/24 7167/229/24 7165/219/24
f 7166/992/25 7168/993/25 7169/239/25 7167/229/25
f 7168/993/26 7138/994/26 7141/10/26 7169/239/26
f 7170/995/193 7171/996/193 7139/979/193 7138/978/193
f 7171/996/194 7172/997/194 7142/980/194 7139/979/194
f 7172/997/195 7173/998/195 7144/981/195 7142/980/195
f 7173/998/196 7174/999/196 7146/982/196 7144/981/196
f 7174/999/197 7175/1000/197 7148/983/197 7146/982/197
f 7175/1000/198 7176/1001/198 7150/984/198 7148/983/198
f 7176/1001/199 7177/1002/199 7152/985/199 7150/984/199
f 7177/1002/200 7178/1003/200 7154/986/200 7152/985/200
f 7178/1003/201 7179/1004/201 7156/987/201 7154/986/201
f 7179/1004/202 7180/1005/202 7158/988/202 7156/987/202
f 7180/1005/203 7181/1006/203 7160/989/203 7158/988/203
f 7181/1006/204 7182/1007/204 7162/990/204 7160/989/204
f 7182/1007/205 7183/1008/205 7164/991/205 7162/990/205
f 7183/1008/206 7184/1009/206 7166/992/206 7164/991/206
f 7184/1009/207 7185/1010/207 7168/993/207 7166/992/207
f 7185/1010/208 7170/1011/208 7138/994/208 7168/993/208
f 7186/1012/209 7187/1013/209 7171/996/209 7170/995/209
f 7187/1013/210 7188/1014/210 7172/997/210 7171/996/210
f 7188/1014/211 7189/1015/211 7173/998/211 7172/997/211
f 7189/1015/212 7190/1016/212 7174/999/212 7173/998/212
f 7190/1016/213 7191/1017/213 7175/1000/213 7174/999/213
f 7191/1017/214 7192/1018/214 7176/1001/214 7175/1000/214
f 7192/1018/215 7193/1019/215 7177/1002/215 7176/1001/215
f 7193/1019/216 7194/1020/216 7178/1003/216 7177/1002/216
f 7194/1020/217 7195/1021/217 7179/1004/217 7178/1003/217
f 7195/1021/218 7196/1022/218 7180/1005/218 7179/1004/218
f 7196/1022/219 7197/1023/219 7181/1006/219 7180/1005/219
f 7197/1023/220 7198/1024/220 7182/1007/220 7181/1006/220
f 7198/1024/221 7199/1025/221 7183/1008/221 7182/1007/221
f 7199/1025/222 7200/1026/222 7184/1009/222 7183/1008/222
f 7200/1026/223 7201/1027/223 7185/1010/223 7184/1009/223
f 7201/1027/224 7186/1028/224 7170/1011/224 7185/1010/224
f 7202/1029/11 7203/1030/11 7187/1013/11 7186/1012/11
f 7203/1030/12 7204/1031/12 7188/1014/12 7187/1013/12
f 7204/1031/13 7205/1032/13 7189/1015/13 7188/1014/13
f 7205/1032/14 7206/1033/14 7190/1016/14 7189/1015/14
f 7206/1033/15 7207/1034/15 7191/1017/15 7190/1016/15
f 7207/1034/16 7208/1035/16 7192/1018/16 7191/1017/16
f 7208/1035/17 7209/1036/17 7193/1019/17 7192/1018/17
f 7209/1036/18 7210/1037/18 7194/1020/18 7193/1019/18
f 7210/1037/19 7211/1038/19 7195/1021/19 7194/1020/19
f 7211/1038/20 7212/1039/20 7196/1022/20 7195/1021/20
f 7212/1039/21 7213/1040/21 7197/1023/21 7196/1022/21
f 7213/1040/22 7214/1041/22 7198/1024/22 7197/1023/22
f 7214/1041/23 7215/1042/23 7199/1025/23 7198/1024/23
f 7215/1042/24 7216/1043/24 7200/1026/24 7199/1025/24
f 7216/1043/25 7217/1044/25 7201/1027/25 7200/1026/25
f 7217/1044/26 7202/1045/26 7186/1028/26 7201/1027/26
f 7218/1046/11 7219/1047/11 7203/1030/11 7202/1029/11
f 7219/1047/12 7220/1048/12 7204/1031/12 7203/1030/12
f 7220/1048/13 7221/1049/13 7205/1032/13 7204/1031/13
f 7221/1049/14 7222/1050/14 7206/1033/14 7205/1032/14
f 7222/1050/15 7223/1051/15 7207/1034/15 7206/1033/15
f 7223/1051/16 7224/1052/16 7208/1035/16 7207/1034/16
f 7224/1052/17 7225/1053/17 7209/1036/17 7208/1035/17
f 7225/1053/18 7226/1054/18 7210/1037/18 7209/1036/18
f 7226/1054/19 7227/1055/19 7211/1038/19 7210/1037/19
f 7227/1055/20 7228/1056/20 7212/1039/20 7211/1038/20
f 7228/1056/21 7229/1057/21 7213/1040/21 7212/1039/21
f 7229/1057/22 7230/1058/22 7214/1041/22 7213/1040/22
f 7230/1058/23 7231/1059/23 7215/1042/23 7214/1041/23
f 7231/1059/24 7232/1060/24 7216/1043/24 7215/1042/24
f 7232/1060/25 7233/1061/25 7217/1044/25 7216/1043/25
f 7233/1061/26 7218/1062/26 7202/1045/26 7217/1044/26
f 7234/1063/193 7235/1064/193 7219/1047/193 7218/1046/193
f 7235/1064/194 7236/1065/194 7220/1048/194 7219/1047/194
f 7236/1065/195 7237/1066/195 7221/1049/195 7220/1048/195
f 7237/1066/196 7238/1067/196 7222/1050/196 7221/1049/196
f 7238/1067/197 7239/1068/197 7223/1051/197 7222/1050/197
f 7239/1068/198 7240/1069/198 7224/1052/198 7223/1051/198
f 7240/1069/199 7241/1070/199 7225/1053/199 7224/1052/199
f 7241/1070/200 7242/1071/200 7226/1054/200 7225/1053/200
f 7242/1071/201 7243/1072/201 7227/1055/201 7226/1054/201
f 7243/1072/202 7244/1073/202 7228/1056/202 7227/1055/202
f 7244/1073/203 7245/1074/203 7229/1057/203 7228/1056/203
f 7245/1074/204 7246/1075/204 7230/1058/204 7229/1057/204
f 7246/1075/205 7247/1076/205 7231/1059/205 7230/1058/205
f 7247/1076/206 7248/1077/206 7232/1060/206 7231/1059/206
f 7248/1077/207 7249/1078/207 7233/1061/207 7232/1060/207
f 7249/1078/208 7234/1079/208 7218/1062/208 7233/1061/208
f 7250/1080/209 7251/1081/209 7235/1064/209 7234/1063/209
f 7251/1081/210 7252/1082/210 7236/1065/210 7235/1064/210
f 7252/1082/211 7253/1083/211 7237/1066/211 7236/1065/211
f 7253/1083/212 7254/1084/212 7238/1067/212 7237/1066/212
f 7254/1084/213 7255/1085/213 7239/1068/213 7238/1067/213
f 7255/1085/214 7256/1086/214 7240/1069/214 7239/1068/214
f 7256/1086/215 7257/1087/215 7241/1070/215 7240/1069/215
f 7257/1087/216 7258/1088/216 7242/1071/216 7241/1070/216
f 7258/1088/217 7259/1089/217 7243/1072/217 7242/1071/217
f 7259/1089/218 7260/1090/218 7244/1073/218 7243/1072/218
f 7260/1090/219 7261/1091/219 7245/1074/219 7244/1073/219
f 7261/1091/220 7262/1092/220 7246/1075/220 7245/1074/220
f 7262/1092/221 7263/1093/221 7247/1076/221 7246/1075/221
f 7263/1093/222 7264/1094/222 7248/1077/222 7247/1076/222
f 7264/1094/223 7265/1095/223 7249/1078/223 7248/1077/223
f 7265/1095/224 7250/1096/224 7234/1079/224 7249/1078/224
f 7266/1097/11 7267/1098/11 7251/1081/11 7250/1080/11
f 7267/1098/12 7268/1099/12 7252/1082/12 7251/1081/12
f 7268/1099/13 7269/1100/13 7253/1083/13 7252/1082/13
f 7269/1100/14 7270/1101/14 7254/1084/14 7253/1083/14
f 7270/1101/15 7271/1102/15 7255/1085/15 7254/1084/15
f 7271/1102/16 7272/1103/16 7256/1086/16 7255/1085/16
f 7272/1103/17 7273/1104/17 7257/1087/17 7256/1086/17
f 7273/1104/18 7274/1105/18 7258/1088/18 7257/1087/18
f 7274/1105/19 7275/1106/19 7259/1089/19 7258/1088/19
f 7275/1106/20 7276/1107/20 7260/1090/20 7259/1089/20
f 7276/1107/21 7277/1108/21 7261/1091/21 7260/1090/21
f 7277/1108/22 7278/1109/22 7262/1092/22 7261/1091/22
f 7278/1109/23 7279/1110/23 7263/1093/23 7262/1092/23
f 7279/1110/24 7280/1111/24 7264/1094/24 7263/1093/24
f 7280/1111/25 7281/1112/25 7265/1095/25 7264/1094/25
f 7281/1112/26 7266/1113/26 7250/1096/26 7265/1095/26
f 7282/1114/11 7283/1115/11 7267/1098/11 7266/1097/11
f 7283/1115/12 7284/1116/12 7268/1099/12 7267/1098/12
f 7284/1116/13 7285/1117/13 7269/1100/13 7268/1099/13
f 7285/1117/14 7286/1118/14 7270/1101/14 7269/1100/14
f 7286/1118/15 7287/1119/15 7271/1102/15 7270/1101/15
f 7287/1119/16 7288/1120/16 7272/1103/16 7271/1102/16
f 7288/1120/17 7289/1121/17 7273/1104/17 7272/1103/17
f 7289/1121/18 7290/1122/18 7274/1105/18 7273/1104/18
f 7290/1122/19 7291/1123/19 7275/1106/19 7274/1105/19
f 7291/1123/20 7292/1124/20 7276/1107/20 7275/1106/20
f 7292/1124/21 7293/1125/21 7277/1108/21 7276/1107/21
f 7293/1125/22 7294/1126/22 7278/1109/22 7277/1108/22
f 7294/1126/23 7295/1127/23 7279/1110/23 7278/1109/23
f 7295/1127/24 7296/1128/24 7280/1111/24 7279/1110/24
f 7296/1128/25 7297/1129/25 7281/1112/25 7280/1111/25
f 7297/1129/26 7282/1130/26 7266/1113/26 7281/1112/26
f 7298/1131/193 7299/1132/193 7283/1115/193 7282/1114/193
f 7299/1132/194 7300/1133/194 7284/1116/194 7283/1115/194
f 7300/1133/195 7301/1134/195 7285/1117/195 7284/1116/195
f 7301/1134/196 7302/1135/196 7286/1118/196 7285/1117/196
f 7302/1135/197 7303/1136/197 7287/1119/197 7286/1118/197
f 7303/1136/198 7304/1137/198 7288/1120/198 7287/1119/198
f 7304/1137/199 7305/1138/199 7289/1121/199 7288/1120/199
f 7305/1138/200 7306/1139/200 7290/1122/200 7289/1121/200
f 7306/1139/201 7307/1140/201 7291/1123/201 7290/1122/201
f 7307/1140/202 7308/1141/202 7292/1124/202 7291/1123/202
f 7308/1141/203 7309/1142/203 7293/1125/203 7292/1124/203
f 7309/1142/204 7310/1143/204 7294/1126/204 7293/1125/204
f 7310/1143/205 7311/1144/205 7295/1127/205 7294/1126/205
f 7311/1144/206 7312/1145/206 7296/1128/206 7295/1127/206
f 7312/1145/207 7313/1146/207 7297/1129/207 7296/1128/207
f 7313/1146/208 7298/1147/208 7282/1130/208 7297/1129/208
f 7314/1148/209 7315/1149/209 7299/1132/209 7298/1131/209
f 7315/1149/210 7316/1150/210 7300/1133/210 7299/1132/210
f 7316/1150/211 7317/1151/211 7301/1134/211 7300/1133/211
f 7317/1151/212 7318/1152/212 7302/1135/212 7301/1134/212
f 7318/1152/213 7319/1153/213 7303/1136/213 7302/1135/213
f 7319/1153/214 7320/1154/214 7304/1137/214 7303/1136/214
f 7320/1154/215 7321/1155/215 7305/1138/215 7304/1137/215
f 7321/1155/216 7322/1156/216 7306/1139/216 7305/1138/216
f 7322/1156/217 7323/1157/217 7307/1140/217 7306/1139/217
f 7323/1157/218 7324/1158/218 7308/1141/218 7307/1140/218
f 7324/1158/219 7325/1159/219 7309/1142/219 7308/1141/219
f 7325/1159/220 7326/1160/220 7310/1143/220 7309/1142/220
f 7326/1160/221 7327/1161/221 7311/1144/221 7310/1143/221
f 7327/1161/222 7328/1162/222 7312/1145/222 7311/1144/222
f 7328/1162/223 7329/1163/223 7313/1146/223 7312/1145/223
f 7329/1163/224 7314/1164/224 7298/1147/224 7313/1146/224
f 7330/1165/11 7331/1166/11 7315/1149/11 7314/1148/11
f 7331/1166/12 7332/1167/12 7316/1150/12 7315/1149/12
f 7332/1167/13 7333/1168/13 7317/1151/13 7316/1150/13
f 7333/1168/14 7334/1169/14 7318/1152/14 7317/1151/14
f 7334/1169/15 7335/1170/15 7319/1153/15 7318/1152/15
f 7335/1170/16 7336/1171/16 7320/1154/16 7319/1153/16
f 7336/1171/17 7337/1172/17 7321/1155/17 7320/1154/17
f 7337/1172/18 7338/1173/18 7322/1156/18 7321/1155/18
f 7338/1173/19 7339/1174/19 7323/1157/19 7322/1156/19
f 7339/1174/20 7340/1175/20 7324/1158/20 7323/1157/20
f 7340/1175/21 7341/1176/21 7325/1159/21 7324/1158/21
f 7341/1176/22 7342/1177/22 7326/1160/22 7325/1159/22
f 7342/1177/23 7343/1178/23 7327/1161/23 7326/1160/23
f 7343/1178/24 7344/1179/24 7328/1162/24 7327/1161/24
f 7344/1179/25 7345/1180/25 7329/1163/25 7328/1162/25
f 7345/1180/26 7330/1181/26 7314/1164/26 7329/1163/26
f 7346/1182/11 7347/1183/11 7331/1166/11 7330/1165/11
f 7347/1183/12 7348/1184/12 7332/1167/12 7331/1166/12
f 7348/1184/13 7349/1185/13 7333/1168/13 7332/1167/13
f 7349/1185/14 7350/1186/14 7334/1169/14 7333/1168/14
f 7350/1186/15 7351/1187/15 7335/1170/15 7334/1169/15
f 7351/1187/16 7352/1188/16 7336/1171/16 7335/1170/16
f 7352/1188/17 7353/1189/17 7337/1172/17 7336/1171/17
f 7353/1189/18 7354/1190/18 7338/1173/18 7337/1172/18
f 7354/1190/19 7355/1191/19 7339/1174/19 7338/1173/19
f 7355/1191/20 7356/1192/20 7340/1175/20 7339/1174/20
f 7356/1192/21 7357/1193/21 7341/1176/21 7340/1175/21
f 7357/1193/22 7358/1194/22 7342/1177/22 7341/1176/22
f 7358/1194/23 7359/1195/23 7343/1178/23 7342/1177/23
f 7359/1195/24 7360/1196/24 7344/1179/24 7343/1178/24
f 7360/1196/25 7361/1197/25 7345/1180/25 7344/1179/25
f 7361/1197/26 7346/1198/26 7330/1181/26 7345/1180/26
f 7362/1199/193 7363/1200/193 7347/1183/193 7346/1182/193
f 7363/1200/194 7364/1201/194 7348/1184/194 7347/1183/194
f 7364/1201/195 7365/1202/195 7349/1185/195 7348/1184/195
f 7365/1202/196 7366/1203/196 7350/1186/196 7349/1185/196
f 7366/1203/197 7367/1204/197 7351/1187/197 7350/1186/197
f 7367/1204/198 7368/1205/198 7352/1188/198 7351/1187/198
f 7368/1205/199 7369/1206/199 7353/1189/199 7352/1188/199
f 7369/1206/200 7370/1207/200 7354/1190/200 7353/1189/200
f 7370/1207/201 7371/1208/201 7355/1191/201 7354/1190/201
f 7371/1208/202 7372/1209/202 7356/1192/202 7355/1191/202
f 7372/1209/203 7373/1210/203 7357/1193/203 7356/1192/203
f 7373/1210/204 7374/1211/204 7358/1194/204 7357/1193/204
f 7374/1211/205 7375/1212/205 7359/1195/205 7358/1194/205
f 7375/1212/206 7376/1213/206 7360/1196/206 7359/1195/206
f 7376/1213/207 7377/1214/207 7361/1197/207 7360/1196/207
f 7377/1214/208 7362/1215/208 7346/1198/208 7361/1197/208
f 7378/1216/209 7379/1217/209 7363/1200/209 7362/1199/209
f 7379/1217/210 7380/1218/210 7364/1201/210 7363/1200/210
f 7380/1218/211 7381/1219/211 7365/1202/211 7364/1201/211
f 7381/1219/212 7382/1220/212 7366/1203/212 7365/1202/212
f 7382/1220/213 7383/1221/213 7367/1204/213 7366/1203/213
f 7383/1221/214 7384/1222/214 7368/1205/214 7367/1204/214
f 7384/1222/215 7385/1223/215 7369/1206/215 7368/1205/215
f 7385/1223/216 7386/1224/216 7370/1207/216 7369/1206/216
f 7386/1224/217 7387/1225/217 7371/1208/217 7370/1207/217
f 7387/1225/218 7388/1226/218 7372/1209/218 7371/1208/218
f 7388/1226/219 7389/1227/219 7373/1210/219 7372/1209/219
f 7389/1227/220 7390/1228/220 7374/1211/220 7373/1210/220
f 7390/1228/221 7391/1229/221 7375/1212/221 7374/1211/221
f 7391/1229/222 7392/1230/222 7376/1213/222 7375/1212/222
f 7392/1230/223 7393/1231/223 7377/1214/223 7376/1213/223
f 7393/1231/224 7378/1232/224 7362/1215/224 7377/1214/224
f 7394/1233/11 7395/1234/11 7379/1217/11 7378/1216/11
f 7395/1234/12 7396/1235/12 7380/1218/12 7379/1217/12
f 7396/1235/13 7397/1236/13 7381/1219/13 7380/1218/13
f 7397/1236/14 7398/1237/14 7382/1220/14 7381/1219/14
f 7398/1237/15 7399/1238/15 7383/1221/15 7382/1220/15
f 7399/1238/16 7400/1239/16 7384/1222/16 7383/1221/16
f 7400/1239/17 7401/1240/17 7385/1223/17 7384/1222/17
f 7401/1240/18 7402/1241/18 7386/1224/18 7385/1223/18
f 7402/1241/19 7403/1242/19 7387/1225/19 7386/1224/19
f 7403/1242/20 7404/1243/20 7388/1226/20 7387/1225/20
f 7404/1243/21 7405/1244/21 7389/1227/21 7388/1226/21
f 7405/1244/22 7406/1245/22 7390/1228/22 7389/1227/22
f 7406/1245/23 7407/1246/23 7391/1229/23 7390/1228/23
f 7407/1246/24 7408/1247/24 7392/1230/24 7391/1229/24
f 7408/1247/25 7409/1248/25 7393/1231/25 7392/1230/25
f 7409/1248/26 7394/1249/26 7378/1232/26 7393/1231/26
f 7410/1250/225 7411/1251/225 7395/1234/225 7394/1233/225
f 7411/1251/226 7412/1252/226 7396/1235/226 7395/1234/226
f 7412/1252/227 7413/1253/227 7397/1236/227 7396/1235/227
f 7413/1253/228 7414/1254/228 7398/1237/228 7397/1236/228
f 7414/1254/229 7415/1255/229 7399/1238/229 7398/1237/229
f 7415/1255/230 7416/1256/230 7400/1239/230 7399/1238/230
f 7416/1256/231 7417/1257/231 7401/1240/231 7400/1239/231
f 7417/1257/232 7418/1258/232 7402/1241/232 7401/1240/232
f 7418/1258/233 7419/1259/233 7403/1242/233 7402/1241/233
f 7419/1259/234 7420/1260/234 7404/1243/234 7403/1242/234
f 7420/1260/235 7421/1261/235 7405/1244/235 7404/1243/235
f 7421/1261/236 7422/1262/236 7406/1245/236 7405/1244/236
f 7422/1262/237 7423/1263/237 7407/1246/237 7406/1245/237
f 7423/1263/238 7424/1264/238 7408/1247/238 7407/1246/238
f 7424/1264/239 7425/1265/239 7409/1248/239 7408/1247/239
f 7425/1265/240 7410/1266/240 7394/1249/240 7409/1248/240
f 7426/8/2 7426/314/2 7411/1251/2 7410/1250/2
f 7426/314/2 7426/315/2 7412/1252/2 7411/1251/2
f 7426/315/2 7426/316/2 7413/1253/2 7412/1252/2
f 7426/316/2 7426/317/2 7414/1254/2 7413/1253/2
f 7426/317/2 7426/318/2 7415/1255/2 7414/1254/2
f 7426/318/2 7426/319/2 7416/1256/2 7415/1255/2
f 7426/319/2 7426/320/2 7417/1257/2 7416/1256/2
f 7426/320/2 7426/66/2 7418/1258/2 7417/1257/2
f 7426/66/2 7426/321/2 7419/1259/2 7418/1258/2
f 7426/321/2 7426/322/2 7420/1260/2 7419/1259/2
f 7426/322/2 7426/323/2 7421/1261/2 7420/1260/2
f 7426/323/2 7426/324/2 7422/1262/2 7421/1261/2
f 7426/324/2 7426/325/2 7423/1263/2 7422/1262/2
f 7426/325/2 7426/326/2 7424/1264/2 7423/1263/2
f 7426/326/2 7426/327/2 7425/1265/2 7424/1264/2
f 7426/327/2 7426/9/2 7410/1266/2 7425/1265/2
o flange_6
usemtl steel
f 6882/76/11 6883/80/11 6884/79/11 6885/4/11
f 6883/80/12 6886/81/12 6887/39/12 6884/79/12
f 6886/81/13 6888/83/13 6889/82/13 6887/39/13
f 6888/83/14 6890/84/14 6891/47/14 6889/82/14
f 6890/84/15 6892/86/15 6893/85/15 6891/47/15
f 6892/86/16 6894/87/16 6895/57/16 6893/85/16
f 6894/87/17 6896/89/17 6897/88/17 6895/57/17
f 6896/89/18 6898/91/18 6899/90/18 6897/88/18
f 6898/91/19 6900/93/19 6901/92/19 6899/90/19
f 6900/93/20 6902/95/20 6903/94/20 6901/92/20
f 6902/95/21 6904/97/21 6905/96/21 6903/94/21
f 6904/97/22 6906/99/22 6907/98/22 6905/96/22
f 6906/99/23 6908/101/23 6909/100/23 6907/98/23
f 6908/101/24 6910/103/24 6911/102/24 6909/100/24
f 6910/103/25 6912/105/25 6913/104/25 6911/102/25
f 6912/105/26 6882/77/26 6885/78/26 6913/104/26
f 6907/7/1 6909/58/1 6911/59/1 6913/60/1
f 6903/61/1 6905/62/1 6907/7/1 6913/60/1
f 6899/5/1 6901/63/1 6903/61/1 6913/60/1
f 6895/64/1 6897/65/1 6899/5/1 6913/60/1
f 6891/66/1 6893/67/1 6895/64/1 6913/60/1
f 6887/68/1 6889/69/1 6891/66/1 6913/60/1
f 6885/70/1 6884/71/1 6887/68/1 6913/60/1
f 6888/69/2 6886/68/2 6883/71/2 6882/70/2
f 6892/67/2 6890/66/2 6888/69/2 6882/70/2
f 6896/65/2 6894/64/2 6892/67/2 6882/70/2
f 6900/63/2 6898/5/2 6896/65/2 6882/70/2
f 6904/62/2 6902/61/2 6900/63/2 6882/70/2
f 6908/58/2 6906/7/2 6904/62/2 6882/70/2
f 6912/60/2 6910/59/2 6908/58/2 6882/70/2
f 6914/17/7 6915/18/7 6916/19/7 6917/4/7
f 6915/18/4 6918/20/4 6919/21/4 6916/19/4
f 6918/20/8 6920/22/8 6921/23/8 6919/21/8
f 6920/22/9 6922/24/9 6923/25/9 6921/23/9
f 6922/24/3 6924/26/3 6925/27/3 6923/25/3
f 6924/26/10 6914/28/10 6917/29/10 6925/27/10
f 6926/17/11 6927/30/11 6928/31/11 6929/4/11
f 6927/30/12 6930/32/12 6931/33/12 6928/31/12
f 6930/32/13 6932/34/13 6933/35/13 6931/33/13
f 6932/34/14 6934/36/14 6935/37/14 6933/35/14
f 6934/36/15 6936/38/15 6937/39/15 6935/37/15
f 6936/38/16 6938/40/16 6939/41/16 6937/39/16
f 6938/40/17 6940/42/17 6941/43/17 6939/41/17
f 6940/42/18 6942/22/18 6943/23/18 6941/43/18
f 6942/22/19 6944/44/19 6945/45/19 6943/23/19
f 6944/44/20 6946/46/20 6947/47/20 6945/45/20
f 6946/46/21 6948/48/21 6949/49/21 6947/47/21
f 6948/48/22 6950/50/22 6951/51/22 6949/49/22
f 6950/50/23 6952/52/23 6953/53/23 6951/51/23
f 6952/52/24 6954/54/24 6955/55/24 6953/53/24
f 6954/54/25 6956/56/25 6957/57/25 6955/55/25
f 6956/56/26 6926/28/26 6929/29/26 6957/57/26
f 6951/7/1 6953/58/1 6955/59/1 6957/60/1
f 6947/61/1 6949/62/1 6951/7/1 6957/60/1
f 6943/5/1 6945/63/1 6947/61/1 6957/60/1
f 6939/64/1 6941/65/1 6943/5/1 6957/60/1
f 6935/66/1 6937/67/1 6939/64/1 6957/60/1
f 6931/68/1 6933/69/1 6935/66/1 6957/60/1
f 6929/70/1 6928/71/1 6931/68/1 6957/60/1
f 6932/69/2 6930/68/2 6927/71/2 6926/70/2
f 6936/67/2 6934/66/2 6932/69/2 6926/70/2
f 6940/65/2 6938/64/2 6936/67/2 6926/70/2
f 6944/63/2 6942/5/2 6940/65/2 6926/70/2
f 6948/62/2 6946/61/2 6944/63/2 6926/70/2
f 6952/58/2 6950/7/2 6948/62/2 6926/70/2
f 6956/60/2 6954/59/2 6952/58/2 6926/70/2
f 6958/17/27 6959/18/27 6960/19/27 6961/4/27
f 6959/18/28 6962/20/28 6963/21/28 6960/19/28
f 6962/20/5 6964/22/5 6965/23/5 6963/21/5
f 6964/22/29 6966/24/29 6967/25/29 6965/23/29
f 6966/24/30 6968/26/30 6969/27/30 6967/25/30
f 6968/26/6 6958/28/6 6961/29/6 6969/27/6
f 6963/72/1 6965/73/1 6967/7/1 6969/74/1
f 6961/75/1 6960/66/1 6963/72/1 6969/74/1
f 6964/73/2 6962/72/2 6959/66/2 6958/75/2
f 6968/74/2 6966/7/2 6964/73/2 6958/75/2
f 6970/17/7 6971/18/7 6972/19/7 6973/4/7
f 6971/18/4 6974/20/4 6975/21/4 6972/19/4
f 6974/20/8 6976/22/8 6977/23/8 6975/21/8
f 6976/22/9 6978/24/9 6979/25/9 6977/23/9
f 6978/24/3 6980/26/3 6981/27/3 6979/25/3
f 6980/26/10 6970/28/10 6973/29/10 6981/27/10
f 6982/17/11 6983/30/11 6984/31/11 6985/4/11
f 6983/30/12 6986/32/12 6987/33/12 6984/31/12
f 6986/32/13 6988/34/13 6989/35/13 6987/33/13
f 6988/34/14 6990/36/14 6991/37/14 6989/35/14
f 6990/36/15 6992/38/15 6993/39/15 6991/37/15
f 6992/38/16 6994/40/16 6995/41/16 6993/39/16
f 6994/40/17 6996/42/17 6997/43/17 6995/41/17
f 6996/42/18 6998/22/18 6999/23/18 6997/43/18
f 6998/22/19 7000/44/19 7001/45/19 6999/23/19
f 7000/44/20 7002/46/20 7003/47/20 7001/45/20
f 7002/46/21 7004/48/21 7005/49/21 7003/47/21
f 7004/48/22 7006/50/22 7007/51/22 7005/49/22
f 7006/50/23 7008/52/23 7009/53/23 7007/51/23
f 7008/52/24 7010/54/24 7011/55/24 7009/53/24
f 7010/54/25 7012/56/25 7013/57/25 7011/55/25
f 7012/56/26 6982/28/26 6985/29/26 7013/57/26
f 7007/7/1 7009/58/1 7011/59/1 7013/60/1
f 7003/61/1 7005/62/1 7007/7/1 7013/60/1
f 6999/5/1 7001/63/1 7003/61/1 7013/60/1
f 6995/64/1 6997/65/1 6999/5/1 7013/60/1
f 6991/66/1 6993/67/1 6995/64/1 7013/60/1
f 6987/68/1 6989/69/1 6991/66/1 7013/60/1
f 6985/70/1 6984/71/1 6987/68/1 7013/60/1
f 6988/69/2 6986/68/2 6983/71/2 6982/70/2
f 6992/67/2 6990/66/2 6988/69/2 6982/70/2
f 6996/65/2 6994/64/2 6992/67/2 6982/70/2
f 7000/63/2 6998/5/2 6996/65/2 6982/70/2
f 7004/62/2 7002/61/2 7000/63/2 6982/70/2
f 7008/58/2 7006/7/2 7004/62/2 6982/70/2
f 7012/60/2 7010/59/2 7008/58/2 6982/70/2
f 7014/17/27 7015/18/27 7016/19/27 7017/4/27
f 7015/18/28 7018/20/28 7019/21/28 7016/19/28
f 7018/20/5 7020/22/5 7021/23/5 7019/21/5
f 7020/22/29 7022/24/29 7023/25/29 7021/23/29
f 7022/24/30 7024/26/30 7025/27/30 7023/25/30
f 7024/26/6 7014/28/6 7017/29/6 7025/27/6
f 7019/72/1 7021/73/1 7023/7/1 7025/74/1
f 7017/75/1 7016/66/1 7019/72/1 7025/74/1
f 7020/73/2 7018/72/2 7015/66/2 7014/75/2
f 7024/74/2 7022/7/2 7020/73/2 7014/75/2
f 7026/17/7 7027/18/7 7028/19/7 7029/4/7
f 7027/18/4 7030/20/4 7031/21/4 7028/19/4
f 7030/20/8 7032/22/8 7033/23/8 7031/21/8
f 7032/22/9 7034/24/9 7035/25/9 7033/23/9
f 7034/24/3 7036/26/3 7037/27/3 7035/25/3
f 7036/26/10 7026/28/10 7029/29/10 7037/27/10
f 7038/17/11 7039/30/11 7040/31/11 7041/4/11
f 7039/30/12 7042/32/12 7043/33/12 7040/31/12
f 7042/32/13 7044/34/13 7045/35/13 7043/33/13
f 7044/34/14 7046/36/14 7047/37/14 7045/35/14
f 7046/36/15 7048/38/15 7049/39/15 7047/37/15
f 7048/38/16 7050/40/16 7051/41/16 7049/39/16
f 7050/40/17 7052/42/17 7053/43/17 7051/41/17
f 7052/42/18 7054/22/18 7055/23/18 7053/43/18
f 7054/22/19 7056/44/19 7057/45/19 7055/23/19
f 7056/44/20 7058/46/20 7059/47/20 7057/45/20
f 7058/46/21 7060/48/21 7061/49/21 7059/47/21
f 7060/48/22 7062/50/22 7063/51/22 7061/49/22
f 7062/50/23 7064/52/23 7065/53/23 7063/51/23
f 7064/52/24 7066/54/24 7067/55/24 7065/53/24
f 7066/54/25 7068/56/25 7069/57/25 7067/55/25
f 7068/56/26 7038/28/26 7041/29/26 7069/57/26
f 7063/7/1 7065/58/1 7067/59/1 7069/60/1
f 7059/61/1 7061/62/1 7063/7/1 7069/60/1
f 7055/5/1 7057/63/1 7059/61/1 7069/60/1
f 7051/64/1 7053/65/1 7055/5/1 7069/60/1
f 7047/66/1 7049/67/1 7051/64/1 7069/60/1
f 7043/68/1 7045/69/1 7047/66/1 7069/60/1
f 7041/70/1 7040/71/1 7043/68/1 7069/60/1
f 7044/69/2 7042/68/2 7039/71/2 7038/70/2
f 7048/67/2 7046/66/2 7044/69/2 7038/70/2
f 7052/65/2 7050/64/2 7048/67/2 7038/70/2
f 7056/63/2 7054/5/2 7052/65/2 7038/70/2
f 7060/62/2 7058/61/2 7056/63/2 7038/70/2
f 7064/58/2 7062/7/2 7060/62/2 7038/70/2
f 7068/60/2 7066/59/2 7064/58/2 7038/70/2
f 7070/17/27 7071/18/27 7072/19/27 7073/4/27
f 7071/18/28 7074/20/28 7075/21/28 7072/19/28
f 7074/20/5 7076/22/5 7077/23/5 7075/21/5
f 7076/22/29 7078/24/29 7079/25/29 7077/23/29
f 7078/24/30 7080/26/30 7081/27/30 7079/25/30
f 7080/26/6 7070/28/6 7073/29/6 7081/27/6
f 7075/72/1 7077/73/1 7079/7/1 7081/74/1
f 7073/75/1 7072/66/1 7075/72/1 7081/74/1
f 7076/73/2 7074/72/2 7071/66/2 7070/75/2
f 7080/74/2 7078/7/2 7076/73/2 7070/75/2
f 7082/17/7 7083/18/7 7084/19/7 7085/4/7
f 7083/18/4 7086/20/4 7087/21/4 7084/19/4
f 7086/20/8 7088/22/8 7089/23/8 7087/21/8
f 7088/22/9 7090/24/9 7091/25/9 7089/23/9
f 7090/24/3 7092/26/3 7093/27/3 7091/25/3
f 7092/26/10 7082/28/10 7085/29/10 7093/27/10
f 7094/17/11 7095/30/11 7096/31/11 7097/4/11
f 7095/30/12 7098/32/12 7099/33/12 7096/31/12
f 7098/32/13 7100/34/13 7101/35/13 7099/33/13
f 7100/34/14 7102/36/14 7103/37/14 7101/35/14
f 7102/36/15 7104/38/15 7105/39/15 7103/37/15
f 7104/38/16 7106/40/16 7107/41/16 7105/39/16
f 7106/40/17 7108/42/17 7109/43/17 7107/41/17
f 7108/42/18 7110/22/18 7111/23/18 7109/43/18
f 7110/22/19 7112/44/19 7113/45/19 7111/23/19
f 7112/44/20 7114/46/20 7115/47/20 7113/45/20
f 7114/46/21 7116/48/21 7117/49/21 7115/47/21
f 7116/48/22 7118/50/22 7119/51/22 7117/49/22
f 7118/50/23 7120/52/23 7121/53/23 7119/51/23
f 7120/52/24 7122/54/24 7123/55/24 7121/53/24
f 7122/54/25 7124/56/25 7125/57/25 7123/55/25
f 7124/56/26 7094/28/26 7097/29/26 7125/57/26
f 7119/7/1 7121/58/1 7123/59/1 7125/60/1
f 7115/61/1 7117/62/1 7119/7/1 7125/60/1
f 7111/5/1 7113/63/1 7115/61/1 7125/60/1
f 7107/64/1 7109/65/1 7111/5/1 7125/60/1
f 7103/66/1 7105/67/1 7107/64/1 7125/60/1
f 7099/68/1 7101/69/1 7103/66/1 7125/60/1
f 7097/70/1 7096/71/1 7099/68/1 7125/60/1
f 7100/69/2 7098/68/2 7095/71/2 7094/70/2
f 7104/67/2 7102/66/2 7100/69/2 7094/70/2
f 7108/65/2 7106/64/2 7104/67/2 7094/70/2
f 7112/63/2 7110/5/2 7108/65/2 7094/70/2
f 7116/62/2 7114/61/2 7112/63/2 7094/70/2
f 7120/58/2 7118/7/2 7116/62/2 7094/70/2
f 7124/60/2 7122/59/2 7120/58/2 7094/70/2
f 7126/17/27 7127/18/27 7128/19/27 7129/4/27
f 7127/18/28 7130/20/28 7131/21/28 7128/19/28
f 7130/20/5 7132/22/5 7133/23/5 7131/21/5
f 7132/22/29 7134/24/29 7135/25/29 7133/23/29
f 7134/24/30 7136/26/30 7137/27/30 7135/25/30
f 7136/26/6 7126/28/6 7129/29/6 7137/27/6
f 7131/72/1 7133/73/1 7135/7/1 7137/74/1
f 7129/75/1 7128/66/1 7131/72/1 7137/74/1
f 7132/73/2 7130/72/2 7127/66/2 7126/75/2
f 7136/74/2 7134/7/2 7132/73/2 7126/75/2
f 7427/76/11 7428/80/11 7429/79/11 7430/4/11
f 7428/80/12 7431/81/12 7432/39/12 7429/79/12
f 7431/81/13 7433/83/13 7434/82/13 7432/39/13
f 7433/83/14 7435/84/14 7436/47/14 7434/82/14
f 7435/84/15 7437/86/15 7438/85/15 7436/47/15
f 7437/86/16 7439/87/16 7440/57/16 7438/85/16
f 7439/87/17 7441/89/17 7442/88/17 7440/57/17
f 7441/89/18 7443/91/18 7444/90/18 7442/88/18
f 7443/91/19 7445/93/19 7446/92/19 7444/90/19
f 7445/93/20 7447/95/20 7448/94/20 7446/92/20
f 7447/95/21 7449/97/21 7450/96/21 7448/94/21
f 7449/97/22 7451/99/22 7452/98/22 7450/96/22
f 7451/99/23 7453/101/23 7454/100/23 7452/98/23
f 7453/101/24 7455/103/24 7456/102/24 7454/100/24
f 7455/103/25 7457/105/25 7458/104/25 7456/102/25
f 7457/105/26 7427/77/26 7430/78/26 7458/104/26
f 7452/7/1 7454/58/1 7456/59/1 7458/60/1
f 7448/61/1 7450/62/1 7452/7/1 7458/60/1
f 7444/5/1 7446/63/1 7448/61/1 7458/60/1
f 7440/64/1 7442/65/1 7444/5/1 7458/60/1
f 7436/66/1 7438/67/1 7440/64/1 7458/60/1
f 7432/68/1 7434/69/1 7436/66/1 7458/60/1
f 7430/70/1 7429/71/1 7432/68/1 7458/60/1
f 7433/69/2 7431/68/2 7428/71/2 7427/70/2
f 7437/67/2 7435/66/2 7433/69/2 7427/70/2
f 7441/65/2 7439/64/2 7437/67/2 7427/70/2
f 7445/63/2 7443/5/2 7441/65/2 7427/70/2
f 7449/62/2 7447/61/2 7445/63/2 7427/70/2
f 7453/58/2 7451/7/2 7449/62/2 7427/70/2
f 7457/60/2 7455/59/2 7453/58/2 7427/70/2
f 7459/976/1 7460/977/1 7461/98/1 7462/4/1
f 7463/4/2 7464/98/2 7465/977/2 7466/976/2
f 7466/977/3 7465/976/3 7460/4/3 7459/98/3
f 7464/977/4 7463/976/4 7462/4/4 7461/98/4
f 7463/977/5 7466/976/5 7459/4/5 7462/98/5
f 7465/977/6 7464/976/6 7461/4/6 7460/98/6
o nameplate
usemtl nameplate
f 7467/8/1 7468/9/1 7469/10/1 7470/4/1
f 7471/4/2 7472/10/2 7473/9/2 7474/8/2
f 7474/9/3 7473/8/3 7468/4/3 7467/10/3
f 7472/9/4 7471/8/4 7470/4/4 7469/10/4
f 7471/9/5 7474/8/5 7467/4/5 7470/10/5
f 7473/9/6 7472/8/6 7469/4/6 7468/10/6
usemtl sign
f 7475/8/1 7476/9/1 7477/10/1 7478/4/1
f 7479/4/2 7480/10/2 7481/9/2 7482/8/2
f 7482/9/3 7481/8/3 7476/4/3 7475/10/3
f 7480/9/4 7479/8/4 7478/4/4 7477/10/4
f 7479/9/5 7482/8/5 7475/4/5 7478/10/5
f 7481/9/6 7480/8/6 7477/4/6 7476/10/6
