# generated by tools/gen_grid_models.py - do not edit by hand
mtllib electric_lamp.mtl
v -0.135000 0.000000 0.135000
v 0.135000 0.000000 0.135000
v 0.135000 0.000000 -0.135000
v -0.135000 0.000000 -0.135000
v -0.135000 0.018000 -0.135000
v 0.135000 0.018000 -0.135000
v 0.135000 0.018000 0.135000
v -0.135000 0.018000 0.135000
v -0.067000 0.018000 -0.075000
v -0.071000 0.018000 -0.068072
v -0.071000 0.034000 -0.068072
v -0.067000 0.034000 -0.075000
v -0.079000 0.018000 -0.068072
v -0.079000 0.034000 -0.068072
v -0.083000 0.018000 -0.075000
v -0.083000 0.034000 -0.075000
v -0.079000 0.018000 -0.081928
v -0.079000 0.034000 -0.081928
v -0.071000 0.018000 -0.081928
v -0.071000 0.034000 -0.081928
v -0.059360 0.017040 -0.075000
v -0.059661 0.017040 -0.071949
v -0.059661 0.018960 -0.071949
v -0.059360 0.018960 -0.075000
v -0.060551 0.017040 -0.069015
v -0.060551 0.018960 -0.069015
v -0.061996 0.017040 -0.066311
v -0.061996 0.018960 -0.066311
v -0.063941 0.017040 -0.063941
v -0.063941 0.018960 -0.063941
v -0.066311 0.017040 -0.061996
v -0.066311 0.018960 -0.061996
v -0.069015 0.017040 -0.060551
v -0.069015 0.018960 -0.060551
v -0.071949 0.017040 -0.059661
v -0.071949 0.018960 -0.059661
v -0.075000 0.017040 -0.059360
v -0.075000 0.018960 -0.059360
v -0.078051 0.017040 -0.059661
v -0.078051 0.018960 -0.059661
v -0.080985 0.017040 -0.060551
v -0.080985 0.018960 -0.060551
v -0.083689 0.017040 -0.061996
v -0.083689 0.018960 -0.061996
v -0.086059 0.017040 -0.063941
v -0.086059 0.018960 -0.063941
v -0.088004 0.017040 -0.066311
v -0.088004 0.018960 -0.066311
v -0.089449 0.017040 -0.069015
v -0.089449 0.018960 -0.069015
v -0.090339 0.017040 -0.071949
v -0.090339 0.018960 -0.071949
v -0.090640 0.017040 -0.075000
v -0.090640 0.018960 -0.075000
v -0.090339 0.017040 -0.078051
v -0.090339 0.018960 -0.078051
v -0.089449 0.017040 -0.080985
v -0.089449 0.018960 -0.080985
v -0.088004 0.017040 -0.083689
v -0.088004 0.018960 -0.083689
v -0.086059 0.017040 -0.086059
v -0.086059 0.018960 -0.086059
v -0.083689 0.017040 -0.088004
v -0.083689 0.018960 -0.088004
v -0.080985 0.017040 -0.089449
v -0.080985 0.018960 -0.089449
v -0.078051 0.017040 -0.090339
v -0.078051 0.018960 -0.090339
v -0.075000 0.017040 -0.090640
v -0.075000 0.018960 -0.090640
v -0.071949 0.017040 -0.090339
v -0.071949 0.018960 -0.090339
v -0.069015 0.017040 -0.089449
v -0.069015 0.018960 -0.089449
v -0.066311 0.017040 -0.088004
v -0.066311 0.018960 -0.088004
v -0.063941 0.017040 -0.086059
v -0.063941 0.018960 -0.086059
v -0.061996 0.017040 -0.083689
v -0.061996 0.018960 -0.083689
v -0.060551 0.017040 -0.080985
v -0.060551 0.018960 -0.080985
v -0.059661 0.017040 -0.078051
v -0.059661 0.018960 -0.078051
v -0.063222 0.018000 -0.068200
v -0.075000 0.018000 -0.061400
v -0.075000 0.021200 -0.061400
v -0.063222 0.021200 -0.068200
v -0.086778 0.018000 -0.068200
v -0.086778 0.021200 -0.068200
v -0.086778 0.018000 -0.081800
v -0.086778 0.021200 -0.081800
v -0.075000 0.018000 -0.088600
v -0.075000 0.021200 -0.088600
v -0.063222 0.018000 -0.081800
v -0.063222 0.021200 -0.081800
v -0.067000 0.018000 0.105000
v -0.071000 0.018000 0.111928
v -0.071000 0.034000 0.111928
v -0.067000 0.034000 0.105000
v -0.079000 0.018000 0.111928
v -0.079000 0.034000 0.111928
v -0.083000 0.018000 0.105000
v -0.083000 0.034000 0.105000
v -0.079000 0.018000 0.098072
v -0.079000 0.034000 0.098072
v -0.071000 0.018000 0.098072
v -0.071000 0.034000 0.098072
v -0.059360 0.017040 0.105000
v -0.059661 0.017040 0.108051
v -0.059661 0.018960 0.108051
v -0.059360 0.018960 0.105000
v -0.060551 0.017040 0.110985
v -0.060551 0.018960 0.110985
v -0.061996 0.017040 0.113689
v -0.061996 0.018960 0.113689
v -0.063941 0.017040 0.116059
v -0.063941 0.018960 0.116059
v -0.066311 0.017040 0.118004
v -0.066311 0.018960 0.118004
v -0.069015 0.017040 0.119449
v -0.069015 0.018960 0.119449
v -0.071949 0.017040 0.120339
v -0.071949 0.018960 0.120339
v -0.075000 0.017040 0.120640
v -0.075000 0.018960 0.120640
v -0.078051 0.017040 0.120339
v -0.078051 0.018960 0.120339
v -0.080985 0.017040 0.119449
v -0.080985 0.018960 0.119449
v -0.083689 0.017040 0.118004
v -0.083689 0.018960 0.118004
v -0.086059 0.017040 0.116059
v -0.086059 0.018960 0.116059
v -0.088004 0.017040 0.113689
v -0.088004 0.018960 0.113689
v -0.089449 0.017040 0.110985
v -0.089449 0.018960 0.110985
v -0.090339 0.017040 0.108051
v -0.090339 0.018960 0.108051
v -0.090640 0.017040 0.105000
v -0.090640 0.018960 0.105000
v -0.090339 0.017040 0.101949
v -0.090339 0.018960 0.101949
v -0.089449 0.017040 0.099015
v -0.089449 0.018960 0.099015
v -0.088004 0.017040 0.096311
v -0.088004 0.018960 0.096311
v -0.086059 0.017040 0.093941
v -0.086059 0.018960 0.093941
v -0.083689 0.017040 0.091996
v -0.083689 0.018960 0.091996
v -0.080985 0.017040 0.090551
v -0.080985 0.018960 0.090551
v -0.078051 0.017040 0.089661
v -0.078051 0.018960 0.089661
v -0.075000 0.017040 0.089360
v -0.075000 0.018960 0.089360
v -0.071949 0.017040 0.089661
v -0.071949 0.018960 0.089661
v -0.069015 0.017040 0.090551
v -0.069015 0.018960 0.090551
v -0.066311 0.017040 0.091996
v -0.066311 0.018960 0.091996
v -0.063941 0.017040 0.093941
v -0.063941 0.018960 0.093941
v -0.061996 0.017040 0.096311
v -0.061996 0.018960 0.096311
v -0.060551 0.017040 0.099015
v -0.060551 0.018960 0.099015
v -0.059661 0.017040 0.101949
v -0.059661 0.018960 0.101949
v -0.063222 0.018000 0.111800
v -0.075000 0.018000 0.118600
v -0.075000 0.021200 0.118600
v -0.063222 0.021200 0.111800
v -0.086778 0.018000 0.111800
v -0.086778 0.021200 0.111800
v -0.086778 0.018000 0.098200
v -0.086778 0.021200 0.098200
v -0.075000 0.018000 0.091400
v -0.075000 0.021200 0.091400
v -0.063222 0.018000 0.098200
v -0.063222 0.021200 0.098200
v 0.113000 0.018000 -0.075000
v 0.109000 0.018000 -0.068072
v 0.109000 0.034000 -0.068072
v 0.113000 0.034000 -0.075000
v 0.101000 0.018000 -0.068072
v 0.101000 0.034000 -0.068072
v 0.097000 0.018000 -0.075000
v 0.097000 0.034000 -0.075000
v 0.101000 0.018000 -0.081928
v 0.101000 0.034000 -0.081928
v 0.109000 0.018000 -0.081928
v 0.109000 0.034000 -0.081928
v 0.120640 0.017040 -0.075000
v 0.120339 0.017040 -0.071949
v 0.120339 0.018960 -0.071949
v 0.120640 0.018960 -0.075000
v 0.119449 0.017040 -0.069015
v 0.119449 0.018960 -0.069015
v 0.118004 0.017040 -0.066311
v 0.118004 0.018960 -0.066311
v 0.116059 0.017040 -0.063941
v 0.116059 0.018960 -0.063941
v 0.113689 0.017040 -0.061996
v 0.113689 0.018960 -0.061996
v 0.110985 0.017040 -0.060551
v 0.110985 0.018960 -0.060551
v 0.108051 0.017040 -0.059661
v 0.108051 0.018960 -0.059661
v 0.105000 0.017040 -0.059360
v 0.105000 0.018960 -0.059360
v 0.101949 0.017040 -0.059661
v 0.101949 0.018960 -0.059661
v 0.099015 0.017040 -0.060551
v 0.099015 0.018960 -0.060551
v 0.096311 0.017040 -0.061996
v 0.096311 0.018960 -0.061996
v 0.093941 0.017040 -0.063941
v 0.093941 0.018960 -0.063941
v 0.091996 0.017040 -0.066311
v 0.091996 0.018960 -0.066311
v 0.090551 0.017040 -0.069015
v 0.090551 0.018960 -0.069015
v 0.089661 0.017040 -0.071949
v 0.089661 0.018960 -0.071949
v 0.089360 0.017040 -0.075000
v 0.089360 0.018960 -0.075000
v 0.089661 0.017040 -0.078051
v 0.089661 0.018960 -0.078051
v 0.090551 0.017040 -0.080985
v 0.090551 0.018960 -0.080985
v 0.091996 0.017040 -0.083689
v 0.091996 0.018960 -0.083689
v 0.093941 0.017040 -0.086059
v 0.093941 0.018960 -0.086059
v 0.096311 0.017040 -0.088004
v 0.096311 0.018960 -0.088004
v 0.099015 0.017040 -0.089449
v 0.099015 0.018960 -0.089449
v 0.101949 0.017040 -0.090339
v 0.101949 0.018960 -0.090339
v 0.105000 0.017040 -0.090640
v 0.105000 0.018960 -0.090640
v 0.108051 0.017040 -0.090339
v 0.108051 0.018960 -0.090339
v 0.110985 0.017040 -0.089449
v 0.110985 0.018960 -0.089449
v 0.113689 0.017040 -0.088004
v 0.113689 0.018960 -0.088004
v 0.116059 0.017040 -0.086059
v 0.116059 0.018960 -0.086059
v 0.118004 0.017040 -0.083689
v 0.118004 0.018960 -0.083689
v 0.119449 0.017040 -0.080985
v 0.119449 0.018960 -0.080985
v 0.120339 0.017040 -0.078051
v 0.120339 0.018960 -0.078051
v 0.116778 0.018000 -0.068200
v 0.105000 0.018000 -0.061400
v 0.105000 0.021200 -0.061400
v 0.116778 0.021200 -0.068200
v 0.093222 0.018000 -0.068200
v 0.093222 0.021200 -0.068200
v 0.093222 0.018000 -0.081800
v 0.093222 0.021200 -0.081800
v 0.105000 0.018000 -0.088600
v 0.105000 0.021200 -0.088600
v 0.116778 0.018000 -0.081800
v 0.116778 0.021200 -0.081800
v 0.113000 0.018000 0.105000
v 0.109000 0.018000 0.111928
v 0.109000 0.034000 0.111928
v 0.113000 0.034000 0.105000
v 0.101000 0.018000 0.111928
v 0.101000 0.034000 0.111928
v 0.097000 0.018000 0.105000
v 0.097000 0.034000 0.105000
v 0.101000 0.018000 0.098072
v 0.101000 0.034000 0.098072
v 0.109000 0.018000 0.098072
v 0.109000 0.034000 0.098072
v 0.120640 0.017040 0.105000
v 0.120339 0.017040 0.108051
v 0.120339 0.018960 0.108051
v 0.120640 0.018960 0.105000
v 0.119449 0.017040 0.110985
v 0.119449 0.018960 0.110985
v 0.118004 0.017040 0.113689
v 0.118004 0.018960 0.113689
v 0.116059 0.017040 0.116059
v 0.116059 0.018960 0.116059
v 0.113689 0.017040 0.118004
v 0.113689 0.018960 0.118004
v 0.110985 0.017040 0.119449
v 0.110985 0.018960 0.119449
v 0.108051 0.017040 0.120339
v 0.108051 0.018960 0.120339
v 0.105000 0.017040 0.120640
v 0.105000 0.018960 0.120640
v 0.101949 0.017040 0.120339
v 0.101949 0.018960 0.120339
v 0.099015 0.017040 0.119449
v 0.099015 0.018960 0.119449
v 0.096311 0.017040 0.118004
v 0.096311 0.018960 0.118004
v 0.093941 0.017040 0.116059
v 0.093941 0.018960 0.116059
v 0.091996 0.017040 0.113689
v 0.091996 0.018960 0.113689
v 0.090551 0.017040 0.110985
v 0.090551 0.018960 0.110985
v 0.089661 0.017040 0.108051
v 0.089661 0.018960 0.108051
v 0.089360 0.017040 0.105000
v 0.089360 0.018960 0.105000
v 0.089661 0.017040 0.101949
v 0.089661 0.018960 0.101949
v 0.090551 0.017040 0.099015
v 0.090551 0.018960 0.099015
v 0.091996 0.017040 0.096311
v 0.091996 0.018960 0.096311
v 0.093941 0.017040 0.093941
v 0.093941 0.018960 0.093941
v 0.096311 0.017040 0.091996
v 0.096311 0.018960 0.091996
v 0.099015 0.017040 0.090551
v 0.099015 0.018960 0.090551
v 0.101949 0.017040 0.089661
v 0.101949 0.018960 0.089661
v 0.105000 0.017040 0.089360
v 0.105000 0.018960 0.089360
v 0.108051 0.017040 0.089661
v 0.108051 0.018960 0.089661
v 0.110985 0.017040 0.090551
v 0.110985 0.018960 0.090551
v 0.113689 0.017040 0.091996
v 0.113689 0.018960 0.091996
v 0.116059 0.017040 0.093941
v 0.116059 0.018960 0.093941
v 0.118004 0.017040 0.096311
v 0.118004 0.018960 0.096311
v 0.119449 0.017040 0.099015
v 0.119449 0.018960 0.099015
v 0.120339 0.017040 0.101949
v 0.120339 0.018960 0.101949
v 0.116778 0.018000 0.111800
v 0.105000 0.018000 0.118600
v 0.105000 0.021200 0.118600
v 0.116778 0.021200 0.111800
v 0.093222 0.018000 0.111800
v 0.093222 0.021200 0.111800
v 0.093222 0.018000 0.098200
v 0.093222 0.021200 0.098200
v 0.105000 0.018000 0.091400
v 0.105000 0.021200 0.091400
v 0.116778 0.018000 0.098200
v 0.116778 0.021200 0.098200
v 0.098000 0.016000 0.000000
v 0.097698 0.016000 0.007689
v 0.060573 0.076000 0.004767
v 0.060760 0.076000 0.000000
v 0.096793 0.016000 0.015331
v 0.060012 0.076000 0.009505
v 0.095292 0.016000 0.022878
v 0.059081 0.076000 0.014184
v 0.093204 0.016000 0.030284
v 0.057786 0.076000 0.018776
v 0.090540 0.016000 0.037503
v 0.056135 0.076000 0.023252
v 0.087319 0.016000 0.044491
v 0.054138 0.076000 0.027584
v 0.083559 0.016000 0.051205
v 0.051806 0.076000 0.031747
v 0.079284 0.016000 0.057603
v 0.049156 0.076000 0.035714
v 0.074520 0.016000 0.063646
v 0.046202 0.076000 0.039460
v 0.069296 0.016000 0.069296
v 0.042964 0.076000 0.042964
v 0.063646 0.016000 0.074520
v 0.039460 0.076000 0.046202
v 0.057603 0.016000 0.079284
v 0.035714 0.076000 0.049156
v 0.051205 0.016000 0.083559
v 0.031747 0.076000 0.051806
v 0.044491 0.016000 0.087319
v 0.027584 0.076000 0.054138
v 0.037503 0.016000 0.090540
v 0.023252 0.076000 0.056135
v 0.030284 0.016000 0.093204
v 0.018776 0.076000 0.057786
v 0.022878 0.016000 0.095292
v 0.014184 0.076000 0.059081
v 0.015331 0.016000 0.096793
v 0.009505 0.076000 0.060012
v 0.007689 0.016000 0.097698
v 0.004767 0.076000 0.060573
v 0.000000 0.016000 0.098000
v 0.000000 0.076000 0.060760
v -0.007689 0.016000 0.097698
v -0.004767 0.076000 0.060573
v -0.015331 0.016000 0.096793
v -0.009505 0.076000 0.060012
v -0.022878 0.016000 0.095292
v -0.014184 0.076000 0.059081
v -0.030284 0.016000 0.093204
v -0.018776 0.076000 0.057786
v -0.037503 0.016000 0.090540
v -0.023252 0.076000 0.056135
v -0.044491 0.016000 0.087319
v -0.027584 0.076000 0.054138
v -0.051205 0.016000 0.083559
v -0.031747 0.076000 0.051806
v -0.057603 0.016000 0.079284
v -0.035714 0.076000 0.049156
v -0.063646 0.016000 0.074520
v -0.039460 0.076000 0.046202
v -0.069296 0.016000 0.069296
v -0.042964 0.076000 0.042964
v -0.074520 0.016000 0.063646
v -0.046202 0.076000 0.039460
v -0.079284 0.016000 0.057603
v -0.049156 0.076000 0.035714
v -0.083559 0.016000 0.051205
v -0.051806 0.076000 0.031747
v -0.087319 0.016000 0.044491
v -0.054138 0.076000 0.027584
v -0.090540 0.016000 0.037503
v -0.056135 0.076000 0.023252
v -0.093204 0.016000 0.030284
v -0.057786 0.076000 0.018776
v -0.095292 0.016000 0.022878
v -0.059081 0.076000 0.014184
v -0.096793 0.016000 0.015331
v -0.060012 0.076000 0.009505
v -0.097698 0.016000 0.007689
v -0.060573 0.076000 0.004767
v -0.098000 0.016000 0.000000
v -0.060760 0.076000 0.000000
v -0.097698 0.016000 -0.007689
v -0.060573 0.076000 -0.004767
v -0.096793 0.016000 -0.015331
v -0.060012 0.076000 -0.009505
v -0.095292 0.016000 -0.022878
v -0.059081 0.076000 -0.014184
v -0.093204 0.016000 -0.030284
v -0.057786 0.076000 -0.018776
v -0.090540 0.016000 -0.037503
v -0.056135 0.076000 -0.023252
v -0.087319 0.016000 -0.044491
v -0.054138 0.076000 -0.027584
v -0.083559 0.016000 -0.051205
v -0.051806 0.076000 -0.031747
v -0.079284 0.016000 -0.057603
v -0.049156 0.076000 -0.035714
v -0.074520 0.016000 -0.063646
v -0.046202 0.076000 -0.039460
v -0.069296 0.016000 -0.069296
v -0.042964 0.076000 -0.042964
v -0.063646 0.016000 -0.074520
v -0.039460 0.076000 -0.046202
v -0.057603 0.016000 -0.079284
v -0.035714 0.076000 -0.049156
v -0.051205 0.016000 -0.083559
v -0.031747 0.076000 -0.051806
v -0.044491 0.016000 -0.087319
v -0.027584 0.076000 -0.054138
v -0.037503 0.016000 -0.090540
v -0.023252 0.076000 -0.056135
v -0.030284 0.016000 -0.093204
v -0.018776 0.076000 -0.057786
v -0.022878 0.016000 -0.095292
v -0.014184 0.076000 -0.059081
v -0.015331 0.016000 -0.096793
v -0.009505 0.076000 -0.060012
v -0.007689 0.016000 -0.097698
v -0.004767 0.076000 -0.060573
v -0.000000 0.016000 -0.098000
v -0.000000 0.076000 -0.060760
v 0.007689 0.016000 -0.097698
v 0.004767 0.076000 -0.060573
v 0.015331 0.016000 -0.096793
v 0.009505 0.076000 -0.060012
v 0.022878 0.016000 -0.095292
v 0.014184 0.076000 -0.059081
v 0.030284 0.016000 -0.093204
v 0.018776 0.076000 -0.057786
v 0.037503 0.016000 -0.090540
v 0.023252 0.076000 -0.056135
v 0.044491 0.016000 -0.087319
v 0.027584 0.076000 -0.054138
v 0.051205 0.016000 -0.083559
v 0.031747 0.076000 -0.051806
v 0.057603 0.016000 -0.079284
v 0.035714 0.076000 -0.049156
v 0.063646 0.016000 -0.074520
v 0.039460 0.076000 -0.046202
v 0.069296 0.016000 -0.069296
v 0.042964 0.076000 -0.042964
v 0.074520 0.016000 -0.063646
v 0.046202 0.076000 -0.039460
v 0.079284 0.016000 -0.057603
v 0.049156 0.076000 -0.035714
v 0.083559 0.016000 -0.051205
v 0.051806 0.076000 -0.031747
v 0.087319 0.016000 -0.044491
v 0.054138 0.076000 -0.027584
v 0.090540 0.016000 -0.037503
v 0.056135 0.076000 -0.023252
v 0.093204 0.016000 -0.030284
v 0.057786 0.076000 -0.018776
v 0.095292 0.016000 -0.022878
v 0.059081 0.076000 -0.014184
v 0.096793 0.016000 -0.015331
v 0.060012 0.076000 -0.009505
v 0.097698 0.016000 -0.007689
v 0.060573 0.076000 -0.004767
v 0.048000 0.075000 0.000000
v 0.047852 0.075000 0.003766
v 0.044981 0.625000 0.003540
v 0.045120 0.625000 0.000000
v 0.047409 0.075000 0.007509
v 0.044564 0.625000 0.007058
v 0.046674 0.075000 0.011205
v 0.043873 0.625000 0.010533
v 0.045651 0.075000 0.014833
v 0.042912 0.625000 0.013943
v 0.044346 0.075000 0.018369
v 0.041685 0.625000 0.017267
v 0.042768 0.075000 0.021792
v 0.040202 0.625000 0.020484
v 0.040927 0.075000 0.025080
v 0.038471 0.625000 0.023575
v 0.038833 0.075000 0.028214
v 0.036503 0.625000 0.026521
v 0.036499 0.075000 0.031174
v 0.034310 0.625000 0.029303
v 0.033941 0.075000 0.033941
v 0.031905 0.625000 0.031905
v 0.031174 0.075000 0.036499
v 0.029303 0.625000 0.034310
v 0.028214 0.075000 0.038833
v 0.026521 0.625000 0.036503
v 0.025080 0.075000 0.040927
v 0.023575 0.625000 0.038471
v 0.021792 0.075000 0.042768
v 0.020484 0.625000 0.040202
v 0.018369 0.075000 0.044346
v 0.017267 0.625000 0.041685
v 0.014833 0.075000 0.045651
v 0.013943 0.625000 0.042912
v 0.011205 0.075000 0.046674
v 0.010533 0.625000 0.043873
v 0.007509 0.075000 0.047409
v 0.007058 0.625000 0.044564
v 0.003766 0.075000 0.047852
v 0.003540 0.625000 0.044981
v 0.000000 0.075000 0.048000
v 0.000000 0.625000 0.045120
v -0.003766 0.075000 0.047852
v -0.003540 0.625000 0.044981
v -0.007509 0.075000 0.047409
v -0.007058 0.625000 0.044564
v -0.011205 0.075000 0.046674
v -0.010533 0.625000 0.043873
v -0.014833 0.075000 0.045651
v -0.013943 0.625000 0.042912
v -0.018369 0.075000 0.044346
v -0.017267 0.625000 0.041685
v -0.021792 0.075000 0.042768
v -0.020484 0.625000 0.040202
v -0.025080 0.075000 0.040927
v -0.023575 0.625000 0.038471
v -0.028214 0.075000 0.038833
v -0.026521 0.625000 0.036503
v -0.031174 0.075000 0.036499
v -0.029303 0.625000 0.034310
v -0.033941 0.075000 0.033941
v -0.031905 0.625000 0.031905
v -0.036499 0.075000 0.031174
v -0.034310 0.625000 0.029303
v -0.038833 0.075000 0.028214
v -0.036503 0.625000 0.026521
v -0.040927 0.075000 0.025080
v -0.038471 0.625000 0.023575
v -0.042768 0.075000 0.021792
v -0.040202 0.625000 0.020484
v -0.044346 0.075000 0.018369
v -0.041685 0.625000 0.017267
v -0.045651 0.075000 0.014833
v -0.042912 0.625000 0.013943
v -0.046674 0.075000 0.011205
v -0.043873 0.625000 0.010533
v -0.047409 0.075000 0.007509
v -0.044564 0.625000 0.007058
v -0.047852 0.075000 0.003766
v -0.044981 0.625000 0.003540
v -0.048000 0.075000 0.000000
v -0.045120 0.625000 0.000000
v -0.047852 0.075000 -0.003766
v -0.044981 0.625000 -0.003540
v -0.047409 0.075000 -0.007509
v -0.044564 0.625000 -0.007058
v -0.046674 0.075000 -0.011205
v -0.043873 0.625000 -0.010533
v -0.045651 0.075000 -0.014833
v -0.042912 0.625000 -0.013943
v -0.044346 0.075000 -0.018369
v -0.041685 0.625000 -0.017267
v -0.042768 0.075000 -0.021792
v -0.040202 0.625000 -0.020484
v -0.040927 0.075000 -0.025080
v -0.038471 0.625000 -0.023575
v -0.038833 0.075000 -0.028214
v -0.036503 0.625000 -0.026521
v -0.036499 0.075000 -0.031174
v -0.034310 0.625000 -0.029303
v -0.033941 0.075000 -0.033941
v -0.031905 0.625000 -0.031905
v -0.031174 0.075000 -0.036499
v -0.029303 0.625000 -0.034310
v -0.028214 0.075000 -0.038833
v -0.026521 0.625000 -0.036503
v -0.025080 0.075000 -0.040927
v -0.023575 0.625000 -0.038471
v -0.021792 0.075000 -0.042768
v -0.020484 0.625000 -0.040202
v -0.018369 0.075000 -0.044346
v -0.017267 0.625000 -0.041685
v -0.014833 0.075000 -0.045651
v -0.013943 0.625000 -0.042912
v -0.011205 0.075000 -0.046674
v -0.010533 0.625000 -0.043873
v -0.007509 0.075000 -0.047409
v -0.007058 0.625000 -0.044564
v -0.003766 0.075000 -0.047852
v -0.003540 0.625000 -0.044981
v -0.000000 0.075000 -0.048000
v -0.000000 0.625000 -0.045120
v 0.003766 0.075000 -0.047852
v 0.003540 0.625000 -0.044981
v 0.007509 0.075000 -0.047409
v 0.007058 0.625000 -0.044564
v 0.011205 0.075000 -0.046674
v 0.010533 0.625000 -0.043873
v 0.014833 0.075000 -0.045651
v 0.013943 0.625000 -0.042912
v 0.018369 0.075000 -0.044346
v 0.017267 0.625000 -0.041685
v 0.021792 0.075000 -0.042768
v 0.020484 0.625000 -0.040202
v 0.025080 0.075000 -0.040927
v 0.023575 0.625000 -0.038471
v 0.028214 0.075000 -0.038833
v 0.026521 0.625000 -0.036503
v 0.031174 0.075000 -0.036499
v 0.029303 0.625000 -0.034310
v 0.033941 0.075000 -0.033941
v 0.031905 0.625000 -0.031905
v 0.036499 0.075000 -0.031174
v 0.034310 0.625000 -0.029303
v 0.038833 0.075000 -0.028214
v 0.036503 0.625000 -0.026521
v 0.040927 0.075000 -0.025080
v 0.038471 0.625000 -0.023575
v 0.042768 0.075000 -0.021792
v 0.040202 0.625000 -0.020484
v 0.044346 0.075000 -0.018369
v 0.041685 0.625000 -0.017267
v 0.045651 0.075000 -0.014833
v 0.042912 0.625000 -0.013943
v 0.046674 0.075000 -0.011205
v 0.043873 0.625000 -0.010533
v 0.047409 0.075000 -0.007509
v 0.044564 0.625000 -0.007058
v 0.047852 0.075000 -0.003766
v 0.044981 0.625000 -0.003540
v 0.072000 0.612000 0.000000
v 0.071778 0.612000 0.005649
v 0.071778 0.664000 0.005649
v 0.072000 0.664000 0.000000
v 0.071114 0.612000 0.011263
v 0.071114 0.664000 0.011263
v 0.070011 0.612000 0.016808
v 0.070011 0.664000 0.016808
v 0.068476 0.612000 0.022249
v 0.068476 0.664000 0.022249
v 0.066519 0.612000 0.027553
v 0.066519 0.664000 0.027553
v 0.064152 0.612000 0.032687
v 0.064152 0.664000 0.032687
v 0.061390 0.612000 0.037620
v 0.061390 0.664000 0.037620
v 0.058249 0.612000 0.042321
v 0.058249 0.664000 0.042321
v 0.054749 0.612000 0.046760
v 0.054749 0.664000 0.046760
v 0.050912 0.612000 0.050912
v 0.050912 0.664000 0.050912
v 0.046760 0.612000 0.054749
v 0.046760 0.664000 0.054749
v 0.042321 0.612000 0.058249
v 0.042321 0.664000 0.058249
v 0.037620 0.612000 0.061390
v 0.037620 0.664000 0.061390
v 0.032687 0.612000 0.064152
v 0.032687 0.664000 0.064152
v 0.027553 0.612000 0.066519
v 0.027553 0.664000 0.066519
v 0.022249 0.612000 0.068476
v 0.022249 0.664000 0.068476
v 0.016808 0.612000 0.070011
v 0.016808 0.664000 0.070011
v 0.011263 0.612000 0.071114
v 0.011263 0.664000 0.071114
v 0.005649 0.612000 0.071778
v 0.005649 0.664000 0.071778
v 0.000000 0.612000 0.072000
v 0.000000 0.664000 0.072000
v -0.005649 0.612000 0.071778
v -0.005649 0.664000 0.071778
v -0.011263 0.612000 0.071114
v -0.011263 0.664000 0.071114
v -0.016808 0.612000 0.070011
v -0.016808 0.664000 0.070011
v -0.022249 0.612000 0.068476
v -0.022249 0.664000 0.068476
v -0.027553 0.612000 0.066519
v -0.027553 0.664000 0.066519
v -0.032687 0.612000 0.064152
v -0.032687 0.664000 0.064152
v -0.037620 0.612000 0.061390
v -0.037620 0.664000 0.061390
v -0.042321 0.612000 0.058249
v -0.042321 0.664000 0.058249
v -0.046760 0.612000 0.054749
v -0.046760 0.664000 0.054749
v -0.050912 0.612000 0.050912
v -0.050912 0.664000 0.050912
v -0.054749 0.612000 0.046760
v -0.054749 0.664000 0.046760
v -0.058249 0.612000 0.042321
v -0.058249 0.664000 0.042321
v -0.061390 0.612000 0.037620
v -0.061390 0.664000 0.037620
v -0.064152 0.612000 0.032687
v -0.064152 0.664000 0.032687
v -0.066519 0.612000 0.027553
v -0.066519 0.664000 0.027553
v -0.068476 0.612000 0.022249
v -0.068476 0.664000 0.022249
v -0.070011 0.612000 0.016808
v -0.070011 0.664000 0.016808
v -0.071114 0.612000 0.011263
v -0.071114 0.664000 0.011263
v -0.071778 0.612000 0.005649
v -0.071778 0.664000 0.005649
v -0.072000 0.612000 0.000000
v -0.072000 0.664000 0.000000
v -0.071778 0.612000 -0.005649
v -0.071778 0.664000 -0.005649
v -0.071114 0.612000 -0.011263
v -0.071114 0.664000 -0.011263
v -0.070011 0.612000 -0.016808
v -0.070011 0.664000 -0.016808
v -0.068476 0.612000 -0.022249
v -0.068476 0.664000 -0.022249
v -0.066519 0.612000 -0.027553
v -0.066519 0.664000 -0.027553
v -0.064152 0.612000 -0.032687
v -0.064152 0.664000 -0.032687
v -0.061390 0.612000 -0.037620
v -0.061390 0.664000 -0.037620
v -0.058249 0.612000 -0.042321
v -0.058249 0.664000 -0.042321
v -0.054749 0.612000 -0.046760
v -0.054749 0.664000 -0.046760
v -0.050912 0.612000 -0.050912
v -0.050912 0.664000 -0.050912
v -0.046760 0.612000 -0.054749
v -0.046760 0.664000 -0.054749
v -0.042321 0.612000 -0.058249
v -0.042321 0.664000 -0.058249
v -0.037620 0.612000 -0.061390
v -0.037620 0.664000 -0.061390
v -0.032687 0.612000 -0.064152
v -0.032687 0.664000 -0.064152
v -0.027553 0.612000 -0.066519
v -0.027553 0.664000 -0.066519
v -0.022249 0.612000 -0.068476
v -0.022249 0.664000 -0.068476
v -0.016808 0.612000 -0.070011
v -0.016808 0.664000 -0.070011
v -0.011263 0.612000 -0.071114
v -0.011263 0.664000 -0.071114
v -0.005649 0.612000 -0.071778
v -0.005649 0.664000 -0.071778
v -0.000000 0.612000 -0.072000
v -0.000000 0.664000 -0.072000
v 0.005649 0.612000 -0.071778
v 0.005649 0.664000 -0.071778
v 0.011263 0.612000 -0.071114
v 0.011263 0.664000 -0.071114
v 0.016808 0.612000 -0.070011
v 0.016808 0.664000 -0.070011
v 0.022249 0.612000 -0.068476
v 0.022249 0.664000 -0.068476
v 0.027553 0.612000 -0.066519
v 0.027553 0.664000 -0.066519
v 0.032687 0.612000 -0.064152
v 0.032687 0.664000 -0.064152
v 0.037620 0.612000 -0.061390
v 0.037620 0.664000 -0.061390
v 0.042321 0.612000 -0.058249
v 0.042321 0.664000 -0.058249
v 0.046760 0.612000 -0.054749
v 0.046760 0.664000 -0.054749
v 0.050912 0.612000 -0.050912
v 0.050912 0.664000 -0.050912
v 0.054749 0.612000 -0.046760
v 0.054749 0.664000 -0.046760
v 0.058249 0.612000 -0.042321
v 0.058249 0.664000 -0.042321
v 0.061390 0.612000 -0.037620
v 0.061390 0.664000 -0.037620
v 0.064152 0.612000 -0.032687
v 0.064152 0.664000 -0.032687
v 0.066519 0.612000 -0.027553
v 0.066519 0.664000 -0.027553
v 0.068476 0.612000 -0.022249
v 0.068476 0.664000 -0.022249
v 0.070011 0.612000 -0.016808
v 0.070011 0.664000 -0.016808
v 0.071114 0.612000 -0.011263
v 0.071114 0.664000 -0.011263
v 0.071778 0.612000 -0.005649
v 0.071778 0.664000 -0.005649
v -0.265000 0.700000 0.265000
v 0.265000 0.700000 0.265000
v 0.265000 0.700000 -0.265000
v -0.265000 0.700000 -0.265000
v -0.265000 0.782000 -0.265000
v 0.265000 0.782000 -0.265000
v 0.265000 0.782000 0.265000
v -0.265000 0.782000 0.265000
v -0.198000 0.782000 -0.205000
v -0.201500 0.782000 -0.198938
v -0.201500 0.796000 -0.198938
v -0.198000 0.796000 -0.205000
v -0.208500 0.782000 -0.198938
v -0.208500 0.796000 -0.198938
v -0.212000 0.782000 -0.205000
v -0.212000 0.796000 -0.205000
v -0.208500 0.782000 -0.211062
v -0.208500 0.796000 -0.211062
v -0.201500 0.782000 -0.211062
v -0.201500 0.796000 -0.211062
v -0.191315 0.781160 -0.205000
v -0.191578 0.781160 -0.202330
v -0.191578 0.782840 -0.202330
v -0.191315 0.782840 -0.205000
v -0.192357 0.781160 -0.199763
v -0.192357 0.782840 -0.199763
v -0.193621 0.781160 -0.197397
v -0.193621 0.782840 -0.197397
v -0.195323 0.781160 -0.195323
v -0.195323 0.782840 -0.195323
v -0.197397 0.781160 -0.193621
v -0.197397 0.782840 -0.193621
v -0.199763 0.781160 -0.192357
v -0.199763 0.782840 -0.192357
v -0.202330 0.781160 -0.191578
v -0.202330 0.782840 -0.191578
v -0.205000 0.781160 -0.191315
v -0.205000 0.782840 -0.191315
v -0.207670 0.781160 -0.191578
v -0.207670 0.782840 -0.191578
v -0.210237 0.781160 -0.192357
v -0.210237 0.782840 -0.192357
v -0.212603 0.781160 -0.193621
v -0.212603 0.782840 -0.193621
v -0.214677 0.781160 -0.195323
v -0.214677 0.782840 -0.195323
v -0.216379 0.781160 -0.197397
v -0.216379 0.782840 -0.197397
v -0.217643 0.781160 -0.199763
v -0.217643 0.782840 -0.199763
v -0.218422 0.781160 -0.202330
v -0.218422 0.782840 -0.202330
v -0.218685 0.781160 -0.205000
v -0.218685 0.782840 -0.205000
v -0.218422 0.781160 -0.207670
v -0.218422 0.782840 -0.207670
v -0.217643 0.781160 -0.210237
v -0.217643 0.782840 -0.210237
v -0.216379 0.781160 -0.212603
v -0.216379 0.782840 -0.212603
v -0.214677 0.781160 -0.214677
v -0.214677 0.782840 -0.214677
v -0.212603 0.781160 -0.216379
v -0.212603 0.782840 -0.216379
v -0.210237 0.781160 -0.217643
v -0.210237 0.782840 -0.217643
v -0.207670 0.781160 -0.218422
v -0.207670 0.782840 -0.218422
v -0.205000 0.781160 -0.218685
v -0.205000 0.782840 -0.218685
v -0.202330 0.781160 -0.218422
v -0.202330 0.782840 -0.218422
v -0.199763 0.781160 -0.217643
v -0.199763 0.782840 -0.217643
v -0.197397 0.781160 -0.216379
v -0.197397 0.782840 -0.216379
v -0.195323 0.781160 -0.214677
v -0.195323 0.782840 -0.214677
v -0.193621 0.781160 -0.212603
v -0.193621 0.782840 -0.212603
v -0.192357 0.781160 -0.210237
v -0.192357 0.782840 -0.210237
v -0.191578 0.781160 -0.207670
v -0.191578 0.782840 -0.207670
v -0.194694 0.782000 -0.199050
v -0.205000 0.782000 -0.193100
v -0.205000 0.784800 -0.193100
v -0.194694 0.784800 -0.199050
v -0.215306 0.782000 -0.199050
v -0.215306 0.784800 -0.199050
v -0.215306 0.782000 -0.210950
v -0.215306 0.784800 -0.210950
v -0.205000 0.782000 -0.216900
v -0.205000 0.784800 -0.216900
v -0.194694 0.782000 -0.210950
v -0.194694 0.784800 -0.210950
v -0.198000 0.782000 0.235000
v -0.201500 0.782000 0.241062
v -0.201500 0.796000 0.241062
v -0.198000 0.796000 0.235000
v -0.208500 0.782000 0.241062
v -0.208500 0.796000 0.241062
v -0.212000 0.782000 0.235000
v -0.212000 0.796000 0.235000
v -0.208500 0.782000 0.228938
v -0.208500 0.796000 0.228938
v -0.201500 0.782000 0.228938
v -0.201500 0.796000 0.228938
v -0.191315 0.781160 0.235000
v -0.191578 0.781160 0.237670
v -0.191578 0.782840 0.237670
v -0.191315 0.782840 0.235000
v -0.192357 0.781160 0.240237
v -0.192357 0.782840 0.240237
v -0.193621 0.781160 0.242603
v -0.193621 0.782840 0.242603
v -0.195323 0.781160 0.244677
v -0.195323 0.782840 0.244677
v -0.197397 0.781160 0.246379
v -0.197397 0.782840 0.246379
v -0.199763 0.781160 0.247643
v -0.199763 0.782840 0.247643
v -0.202330 0.781160 0.248422
v -0.202330 0.782840 0.248422
v -0.205000 0.781160 0.248685
v -0.205000 0.782840 0.248685
v -0.207670 0.781160 0.248422
v -0.207670 0.782840 0.248422
v -0.210237 0.781160 0.247643
v -0.210237 0.782840 0.247643
v -0.212603 0.781160 0.246379
v -0.212603 0.782840 0.246379
v -0.214677 0.781160 0.244677
v -0.214677 0.782840 0.244677
v -0.216379 0.781160 0.242603
v -0.216379 0.782840 0.242603
v -0.217643 0.781160 0.240237
v -0.217643 0.782840 0.240237
v -0.218422 0.781160 0.237670
v -0.218422 0.782840 0.237670
v -0.218685 0.781160 0.235000
v -0.218685 0.782840 0.235000
v -0.218422 0.781160 0.232330
v -0.218422 0.782840 0.232330
v -0.217643 0.781160 0.229763
v -0.217643 0.782840 0.229763
v -0.216379 0.781160 0.227397
v -0.216379 0.782840 0.227397
v -0.214677 0.781160 0.225323
v -0.214677 0.782840 0.225323
v -0.212603 0.781160 0.223621
v -0.212603 0.782840 0.223621
v -0.210237 0.781160 0.222357
v -0.210237 0.782840 0.222357
v -0.207670 0.781160 0.221578
v -0.207670 0.782840 0.221578
v -0.205000 0.781160 0.221315
v -0.205000 0.782840 0.221315
v -0.202330 0.781160 0.221578
v -0.202330 0.782840 0.221578
v -0.199763 0.781160 0.222357
v -0.199763 0.782840 0.222357
v -0.197397 0.781160 0.223621
v -0.197397 0.782840 0.223621
v -0.195323 0.781160 0.225323
v -0.195323 0.782840 0.225323
v -0.193621 0.781160 0.227397
v -0.193621 0.782840 0.227397
v -0.192357 0.781160 0.229763
v -0.192357 0.782840 0.229763
v -0.191578 0.781160 0.232330
v -0.191578 0.782840 0.232330
v -0.194694 0.782000 0.240950
v -0.205000 0.782000 0.246900
v -0.205000 0.784800 0.246900
v -0.194694 0.784800 0.240950
v -0.215306 0.782000 0.240950
v -0.215306 0.784800 0.240950
v -0.215306 0.782000 0.229050
v -0.215306 0.784800 0.229050
v -0.205000 0.782000 0.223100
v -0.205000 0.784800 0.223100
v -0.194694 0.782000 0.229050
v -0.194694 0.784800 0.229050
v 0.242000 0.782000 -0.205000
v 0.238500 0.782000 -0.198938
v 0.238500 0.796000 -0.198938
v 0.242000 0.796000 -0.205000
v 0.231500 0.782000 -0.198938
v 0.231500 0.796000 -0.198938
v 0.228000 0.782000 -0.205000
v 0.228000 0.796000 -0.205000
v 0.231500 0.782000 -0.211062
v 0.231500 0.796000 -0.211062
v 0.238500 0.782000 -0.211062
v 0.238500 0.796000 -0.211062
v 0.248685 0.781160 -0.205000
v 0.248422 0.781160 -0.202330
v 0.248422 0.782840 -0.202330
v 0.248685 0.782840 -0.205000
v 0.247643 0.781160 -0.199763
v 0.247643 0.782840 -0.199763
v 0.246379 0.781160 -0.197397
v 0.246379 0.782840 -0.197397
v 0.244677 0.781160 -0.195323
v 0.244677 0.782840 -0.195323
v 0.242603 0.781160 -0.193621
v 0.242603 0.782840 -0.193621
v 0.240237 0.781160 -0.192357
v 0.240237 0.782840 -0.192357
v 0.237670 0.781160 -0.191578
v 0.237670 0.782840 -0.191578
v 0.235000 0.781160 -0.191315
v 0.235000 0.782840 -0.191315
v 0.232330 0.781160 -0.191578
v 0.232330 0.782840 -0.191578
v 0.229763 0.781160 -0.192357
v 0.229763 0.782840 -0.192357
v 0.227397 0.781160 -0.193621
v 0.227397 0.782840 -0.193621
v 0.225323 0.781160 -0.195323
v 0.225323 0.782840 -0.195323
v 0.223621 0.781160 -0.197397
v 0.223621 0.782840 -0.197397
v 0.222357 0.781160 -0.199763
v 0.222357 0.782840 -0.199763
v 0.221578 0.781160 -0.202330
v 0.221578 0.782840 -0.202330
v 0.221315 0.781160 -0.205000
v 0.221315 0.782840 -0.205000
v 0.221578 0.781160 -0.207670
v 0.221578 0.782840 -0.207670
v 0.222357 0.781160 -0.210237
v 0.222357 0.782840 -0.210237
v 0.223621 0.781160 -0.212603
v 0.223621 0.782840 -0.212603
v 0.225323 0.781160 -0.214677
v 0.225323 0.782840 -0.214677
v 0.227397 0.781160 -0.216379
v 0.227397 0.782840 -0.216379
v 0.229763 0.781160 -0.217643
v 0.229763 0.782840 -0.217643
v 0.232330 0.781160 -0.218422
v 0.232330 0.782840 -0.218422
v 0.235000 0.781160 -0.218685
v 0.235000 0.782840 -0.218685
v 0.237670 0.781160 -0.218422
v 0.237670 0.782840 -0.218422
v 0.240237 0.781160 -0.217643
v 0.240237 0.782840 -0.217643
v 0.242603 0.781160 -0.216379
v 0.242603 0.782840 -0.216379
v 0.244677 0.781160 -0.214677
v 0.244677 0.782840 -0.214677
v 0.246379 0.781160 -0.212603
v 0.246379 0.782840 -0.212603
v 0.247643 0.781160 -0.210237
v 0.247643 0.782840 -0.210237
v 0.248422 0.781160 -0.207670
v 0.248422 0.782840 -0.207670
v 0.245306 0.782000 -0.199050
v 0.235000 0.782000 -0.193100
v 0.235000 0.784800 -0.193100
v 0.245306 0.784800 -0.199050
v 0.224694 0.782000 -0.199050
v 0.224694 0.784800 -0.199050
v 0.224694 0.782000 -0.210950
v 0.224694 0.784800 -0.210950
v 0.235000 0.782000 -0.216900
v 0.235000 0.784800 -0.216900
v 0.245306 0.782000 -0.210950
v 0.245306 0.784800 -0.210950
v 0.242000 0.782000 0.235000
v 0.238500 0.782000 0.241062
v 0.238500 0.796000 0.241062
v 0.242000 0.796000 0.235000
v 0.231500 0.782000 0.241062
v 0.231500 0.796000 0.241062
v 0.228000 0.782000 0.235000
v 0.228000 0.796000 0.235000
v 0.231500 0.782000 0.228938
v 0.231500 0.796000 0.228938
v 0.238500 0.782000 0.228938
v 0.238500 0.796000 0.228938
v 0.248685 0.781160 0.235000
v 0.248422 0.781160 0.237670
v 0.248422 0.782840 0.237670
v 0.248685 0.782840 0.235000
v 0.247643 0.781160 0.240237
v 0.247643 0.782840 0.240237
v 0.246379 0.781160 0.242603
v 0.246379 0.782840 0.242603
v 0.244677 0.781160 0.244677
v 0.244677 0.782840 0.244677
v 0.242603 0.781160 0.246379
v 0.242603 0.782840 0.246379
v 0.240237 0.781160 0.247643
v 0.240237 0.782840 0.247643
v 0.237670 0.781160 0.248422
v 0.237670 0.782840 0.248422
v 0.235000 0.781160 0.248685
v 0.235000 0.782840 0.248685
v 0.232330 0.781160 0.248422
v 0.232330 0.782840 0.248422
v 0.229763 0.781160 0.247643
v 0.229763 0.782840 0.247643
v 0.227397 0.781160 0.246379
v 0.227397 0.782840 0.246379
v 0.225323 0.781160 0.244677
v 0.225323 0.782840 0.244677
v 0.223621 0.781160 0.242603
v 0.223621 0.782840 0.242603
v 0.222357 0.781160 0.240237
v 0.222357 0.782840 0.240237
v 0.221578 0.781160 0.237670
v 0.221578 0.782840 0.237670
v 0.221315 0.781160 0.235000
v 0.221315 0.782840 0.235000
v 0.221578 0.781160 0.232330
v 0.221578 0.782840 0.232330
v 0.222357 0.781160 0.229763
v 0.222357 0.782840 0.229763
v 0.223621 0.781160 0.227397
v 0.223621 0.782840 0.227397
v 0.225323 0.781160 0.225323
v 0.225323 0.782840 0.225323
v 0.227397 0.781160 0.223621
v 0.227397 0.782840 0.223621
v 0.229763 0.781160 0.222357
v 0.229763 0.782840 0.222357
v 0.232330 0.781160 0.221578
v 0.232330 0.782840 0.221578
v 0.235000 0.781160 0.221315
v 0.235000 0.782840 0.221315
v 0.237670 0.781160 0.221578
v 0.237670 0.782840 0.221578
v 0.240237 0.781160 0.222357
v 0.240237 0.782840 0.222357
v 0.242603 0.781160 0.223621
v 0.242603 0.782840 0.223621
v 0.244677 0.781160 0.225323
v 0.244677 0.782840 0.225323
v 0.246379 0.781160 0.227397
v 0.246379 0.782840 0.227397
v 0.247643 0.781160 0.229763
v 0.247643 0.782840 0.229763
v 0.248422 0.781160 0.232330
v 0.248422 0.782840 0.232330
v 0.245306 0.782000 0.240950
v 0.235000 0.782000 0.246900
v 0.235000 0.784800 0.246900
v 0.245306 0.784800 0.240950
v 0.224694 0.782000 0.240950
v 0.224694 0.784800 0.240950
v 0.224694 0.782000 0.229050
v 0.224694 0.784800 0.229050
v 0.235000 0.782000 0.223100
v 0.235000 0.784800 0.223100
v 0.245306 0.782000 0.229050
v 0.245306 0.784800 0.229050
v 0.026000 0.782000 0.160000
v 0.025500 0.782000 0.165072
v 0.025500 0.816000 0.165072
v 0.026000 0.816000 0.160000
v 0.024021 0.782000 0.169950
v 0.024021 0.816000 0.169950
v 0.021618 0.782000 0.174445
v 0.021618 0.816000 0.174445
v 0.018385 0.782000 0.178385
v 0.018385 0.816000 0.178385
v 0.014445 0.782000 0.181618
v 0.014445 0.816000 0.181618
v 0.009950 0.782000 0.184021
v 0.009950 0.816000 0.184021
v 0.005072 0.782000 0.185500
v 0.005072 0.816000 0.185500
v 0.000000 0.782000 0.186000
v 0.000000 0.816000 0.186000
v -0.005072 0.782000 0.185500
v -0.005072 0.816000 0.185500
v -0.009950 0.782000 0.184021
v -0.009950 0.816000 0.184021
v -0.014445 0.782000 0.181618
v -0.014445 0.816000 0.181618
v -0.018385 0.782000 0.178385
v -0.018385 0.816000 0.178385
v -0.021618 0.782000 0.174445
v -0.021618 0.816000 0.174445
v -0.024021 0.782000 0.169950
v -0.024021 0.816000 0.169950
v -0.025500 0.782000 0.165072
v -0.025500 0.816000 0.165072
v -0.026000 0.782000 0.160000
v -0.026000 0.816000 0.160000
v -0.025500 0.782000 0.154928
v -0.025500 0.816000 0.154928
v -0.024021 0.782000 0.150050
v -0.024021 0.816000 0.150050
v -0.021618 0.782000 0.145555
v -0.021618 0.816000 0.145555
v -0.018385 0.782000 0.141615
v -0.018385 0.816000 0.141615
v -0.014445 0.782000 0.138382
v -0.014445 0.816000 0.138382
v -0.009950 0.782000 0.135979
v -0.009950 0.816000 0.135979
v -0.005072 0.782000 0.134500
v -0.005072 0.816000 0.134500
v -0.000000 0.782000 0.134000
v -0.000000 0.816000 0.134000
v 0.005072 0.782000 0.134500
v 0.005072 0.816000 0.134500
v 0.009950 0.782000 0.135979
v 0.009950 0.816000 0.135979
v 0.014445 0.782000 0.138382
v 0.014445 0.816000 0.138382
v 0.018385 0.782000 0.141615
v 0.018385 0.816000 0.141615
v 0.021618 0.782000 0.145555
v 0.021618 0.816000 0.145555
v 0.024021 0.782000 0.150050
v 0.024021 0.816000 0.150050
v 0.025500 0.782000 0.154928
v 0.025500 0.816000 0.154928
v -0.255000 0.686000 0.255000
v 0.255000 0.686000 0.255000
v 0.255000 0.686000 -0.255000
v -0.255000 0.686000 -0.255000
v -0.255000 0.702000 -0.255000
v 0.255000 0.702000 -0.255000
v 0.255000 0.702000 0.255000
v -0.255000 0.702000 0.255000
v -0.245000 0.634000 0.245000
v 0.245000 0.634000 0.245000
v 0.245000 0.634000 -0.245000
v -0.245000 0.634000 -0.245000
v -0.245000 0.692000 -0.245000
v 0.245000 0.692000 -0.245000
v 0.245000 0.692000 0.245000
v -0.245000 0.692000 0.245000
vn 0.0000 -1.0000 0.0000
vn 0.0000 1.0000 0.0000
vn 0.0000 0.0000 -1.0000
vn 0.0000 0.0000 1.0000
vn -1.0000 0.0000 0.0000
vn 1.0000 0.0000 0.0000
vn 0.8660 0.0000 0.5000
vn -0.8660 0.0000 0.5000
vn -0.8660 0.0000 -0.5000
vn 0.8660 0.0000 -0.5000
vn 0.9952 0.0000 0.0980
vn 0.9569 0.0000 0.2903
vn 0.8819 0.0000 0.4714
vn 0.7730 0.0000 0.6344
vn 0.6344 0.0000 0.7730
vn 0.4714 0.0000 0.8819
vn 0.2903 0.0000 0.9569
vn 0.0980 0.0000 0.9952
vn -0.0980 0.0000 0.9952
vn -0.2903 0.0000 0.9569
vn -0.4714 0.0000 0.8819
vn -0.6344 0.0000 0.7730
vn -0.7730 0.0000 0.6344
vn -0.8819 0.0000 0.4714
vn -0.9569 0.0000 0.2903
vn -0.9952 0.0000 0.0980
vn -0.9952 0.0000 -0.0980
vn -0.9569 0.0000 -0.2903
vn -0.8819 0.0000 -0.4714
vn -0.7730 0.0000 -0.6344
vn -0.6344 0.0000 -0.7730
vn -0.4714 0.0000 -0.8819
vn -0.2903 0.0000 -0.9569
vn -0.0980 0.0000 -0.9952
vn 0.0980 0.0000 -0.9952
vn 0.2903 0.0000 -0.9569
vn 0.4714 0.0000 -0.8819
vn 0.6344 0.0000 -0.7730
vn 0.7730 0.0000 -0.6344
vn 0.8819 0.0000 -0.4714
vn 0.9569 0.0000 -0.2903
vn 0.9952 0.0000 -0.0980
vn 0.5000 0.0000 0.8660
vn -0.5000 0.0000 0.8660
vn -0.5000 0.0000 -0.8660
vn 0.5000 0.0000 -0.8660
vn 0.9995 0.0000 0.0300
vn 0.9941 0.0000 0.1084
vn 0.9825 0.0000 0.1860
vn 0.9649 0.0000 0.2626
vn 0.9413 0.0000 0.3375
vn 0.9120 0.0000 0.4103
vn 0.8770 0.0000 0.4806
vn 0.8366 0.0000 0.5479
vn 0.7910 0.0000 0.6118
vn 0.7405 0.0000 0.6720
vn 0.6855 0.0000 0.7280
vn 0.6263 0.0000 0.7796
vn 0.5632 0.0000 0.8263
vn 0.4966 0.0000 0.8680
vn 0.4270 0.0000 0.9042
vn 0.3547 0.0000 0.9350
vn 0.2803 0.0000 0.9599
vn 0.2041 0.0000 0.9789
vn 0.1267 0.0000 0.9919
vn 0.0485 0.0000 0.9988
vn -0.0300 0.0000 0.9995
vn -0.1084 0.0000 0.9941
vn -0.1860 0.0000 0.9825
vn -0.2626 0.0000 0.9649
vn -0.3375 0.0000 0.9413
vn -0.4103 0.0000 0.9120
vn -0.4806 0.0000 0.8770
vn -0.5479 0.0000 0.8366
vn -0.6118 0.0000 0.7910
vn -0.6720 0.0000 0.7405
vn -0.7280 0.0000 0.6855
vn -0.7796 0.0000 0.6263
vn -0.8263 0.0000 0.5632
vn -0.8680 0.0000 0.4966
vn -0.9042 0.0000 0.4270
vn -0.9350 0.0000 0.3547
vn -0.9599 0.0000 0.2803
vn -0.9789 0.0000 0.2041
vn -0.9919 0.0000 0.1267
vn -0.9988 0.0000 0.0485
vn -0.9995 0.0000 -0.0300
vn -0.9941 0.0000 -0.1084
vn -0.9825 0.0000 -0.1860
vn -0.9649 0.0000 -0.2626
vn -0.9413 0.0000 -0.3375
vn -0.9120 0.0000 -0.4103
vn -0.8770 0.0000 -0.4806
vn -0.8366 0.0000 -0.5479
vn -0.7910 0.0000 -0.6118
vn -0.7405 0.0000 -0.6720
vn -0.6855 0.0000 -0.7280
vn -0.6263 0.0000 -0.7796
vn -0.5632 0.0000 -0.8263
vn -0.4966 0.0000 -0.8680
vn -0.4270 0.0000 -0.9042
vn -0.3547 0.0000 -0.9350
vn -0.2803 0.0000 -0.9599
vn -0.2041 0.0000 -0.9789
vn -0.1267 0.0000 -0.9919
vn -0.0485 0.0000 -0.9988
vn 0.0300 0.0000 -0.9995
vn 0.1084 0.0000 -0.9941
vn 0.1860 0.0000 -0.9825
vn 0.2626 0.0000 -0.9649
vn 0.3375 0.0000 -0.9413
vn 0.4103 0.0000 -0.9120
vn 0.4806 0.0000 -0.8770
vn 0.5479 0.0000 -0.8366
vn 0.6118 0.0000 -0.7910
vn 0.6720 0.0000 -0.7405
vn 0.7280 0.0000 -0.6855
vn 0.7796 0.0000 -0.6263
vn 0.8263 0.0000 -0.5632
vn 0.8680 0.0000 -0.4966
vn 0.9042 0.0000 -0.4270
vn 0.9350 0.0000 -0.3547
vn 0.9599 0.0000 -0.2803
vn 0.9789 0.0000 -0.2041
vn 0.9919 0.0000 -0.1267
vn 0.9988 0.0000 -0.0485
vn 0.9993 0.0000 0.0380
vn 0.9932 0.0000 0.1163
vn 0.9810 0.0000 0.1939
vn 0.9628 0.0000 0.2703
vn 0.9386 0.0000 0.3450
vn 0.9087 0.0000 0.4176
vn 0.8731 0.0000 0.4876
vn 0.8321 0.0000 0.5546
vn 0.7861 0.0000 0.6181
vn 0.7351 0.0000 0.6779
vn 0.6797 0.0000 0.7335
vn 0.6200 0.0000 0.7846
vn 0.5566 0.0000 0.8308
vn 0.4897 0.0000 0.8719
vn 0.4198 0.0000 0.9076
vn 0.3473 0.0000 0.9378
vn 0.2726 0.0000 0.9621
vn 0.1963 0.0000 0.9805
vn 0.1187 0.0000 0.9929
vn 0.0405 0.0000 0.9992
vn -0.0380 0.0000 0.9993
vn -0.1163 0.0000 0.9932
vn -0.1939 0.0000 0.9810
vn -0.2703 0.0000 0.9628
vn -0.3450 0.0000 0.9386
vn -0.4176 0.0000 0.9087
vn -0.4876 0.0000 0.8731
vn -0.5546 0.0000 0.8321
vn -0.6181 0.0000 0.7861
vn -0.6779 0.0000 0.7351
vn -0.7335 0.0000 0.6797
vn -0.7846 0.0000 0.6200
vn -0.8308 0.0000 0.5566
vn -0.8719 0.0000 0.4897
vn -0.9076 0.0000 0.4198
vn -0.9378 0.0000 0.3473
vn -0.9621 0.0000 0.2726
vn -0.9805 0.0000 0.1963
vn -0.9929 0.0000 0.1187
vn -0.9992 0.0000 0.0405
vn -0.9993 0.0000 -0.0380
vn -0.9932 0.0000 -0.1163
vn -0.9810 0.0000 -0.1939
vn -0.9628 0.0000 -0.2703
vn -0.9386 0.0000 -0.3450
vn -0.9087 0.0000 -0.4176
vn -0.8731 0.0000 -0.4876
vn -0.8321 0.0000 -0.5546
vn -0.7861 0.0000 -0.6181
vn -0.7351 0.0000 -0.6779
vn -0.6797 0.0000 -0.7335
vn -0.6200 0.0000 -0.7846
vn -0.5566 0.0000 -0.8308
vn -0.4897 0.0000 -0.8719
vn -0.4198 0.0000 -0.9076
vn -0.3473 0.0000 -0.9378
vn -0.2726 0.0000 -0.9621
vn -0.1963 0.0000 -0.9805
vn -0.1187 0.0000 -0.9929
vn -0.0405 0.0000 -0.9992
vn 0.0380 0.0000 -0.9993
vn 0.1163 0.0000 -0.9932
vn 0.1939 0.0000 -0.9810
vn 0.2703 0.0000 -0.9628
vn 0.3450 0.0000 -0.9386
vn 0.4176 0.0000 -0.9087
vn 0.4876 0.0000 -0.8731
vn 0.5546 0.0000 -0.8321
vn 0.6181 0.0000 -0.7861
vn 0.6779 0.0000 -0.7351
vn 0.7335 0.0000 -0.6797
vn 0.7846 0.0000 -0.6200
vn 0.8308 0.0000 -0.5566
vn 0.8719 0.0000 -0.4897
vn 0.9076 0.0000 -0.4198
vn 0.9378 0.0000 -0.3473
vn 0.9621 0.0000 -0.2726
vn 0.9805 0.0000 -0.1963
vn 0.9929 0.0000 -0.1187
vn 0.9992 0.0000 -0.0405
vn 0.9992 0.0000 0.0393
vn 0.9931 0.0000 0.1175
vn 0.9808 0.0000 0.1951
vn 0.9625 0.0000 0.2714
vn 0.9382 0.0000 0.3461
vn 0.9081 0.0000 0.4187
vn 0.8725 0.0000 0.4886
vn 0.8315 0.0000 0.5556
vn 0.7853 0.0000 0.6191
vn 0.7343 0.0000 0.6788
vn 0.6788 0.0000 0.7343
vn 0.6191 0.0000 0.7853
vn 0.5556 0.0000 0.8315
vn 0.4886 0.0000 0.8725
vn 0.4187 0.0000 0.9081
vn 0.3461 0.0000 0.9382
vn 0.2714 0.0000 0.9625
vn 0.1951 0.0000 0.9808
vn 0.1175 0.0000 0.9931
vn 0.0393 0.0000 0.9992
vn -0.0393 0.0000 0.9992
vn -0.1175 0.0000 0.9931
vn -0.1951 0.0000 0.9808
vn -0.2714 0.0000 0.9625
vn -0.3461 0.0000 0.9382
vn -0.4187 0.0000 0.9081
vn -0.4886 0.0000 0.8725
vn -0.5556 0.0000 0.8315
vn -0.6191 0.0000 0.7853
vn -0.6788 0.0000 0.7343
vn -0.7343 0.0000 0.6788
vn -0.7853 0.0000 0.6191
vn -0.8315 0.0000 0.5556
vn -0.8725 0.0000 0.4886
vn -0.9081 0.0000 0.4187
vn -0.9382 0.0000 0.3461
vn -0.9625 0.0000 0.2714
vn -0.9808 0.0000 0.1951
vn -0.9931 0.0000 0.1175
vn -0.9992 0.0000 0.0393
vn -0.9992 0.0000 -0.0393
vn -0.9931 0.0000 -0.1175
vn -0.9808 0.0000 -0.1951
vn -0.9625 0.0000 -0.2714
vn -0.9382 0.0000 -0.3461
vn -0.9081 0.0000 -0.4187
vn -0.8725 0.0000 -0.4886
vn -0.8315 0.0000 -0.5556
vn -0.7853 0.0000 -0.6191
vn -0.7343 0.0000 -0.6788
vn -0.6788 0.0000 -0.7343
vn -0.6191 0.0000 -0.7853
vn -0.5556 0.0000 -0.8315
vn -0.4886 0.0000 -0.8725
vn -0.4187 0.0000 -0.9081
vn -0.3461 0.0000 -0.9382
vn -0.2714 0.0000 -0.9625
vn -0.1951 0.0000 -0.9808
vn -0.1175 0.0000 -0.9931
vn -0.0393 0.0000 -0.9992
vn 0.0393 0.0000 -0.9992
vn 0.1175 0.0000 -0.9931
vn 0.1951 0.0000 -0.9808
vn 0.2714 0.0000 -0.9625
vn 0.3461 0.0000 -0.9382
vn 0.4187 0.0000 -0.9081
vn 0.4886 0.0000 -0.8725
vn 0.5556 0.0000 -0.8315
vn 0.6191 0.0000 -0.7853
vn 0.6788 0.0000 -0.7343
vn 0.7343 0.0000 -0.6788
vn 0.7853 0.0000 -0.6191
vn 0.8315 0.0000 -0.5556
vn 0.8725 0.0000 -0.4886
vn 0.9081 0.0000 -0.4187
vn 0.9382 0.0000 -0.3461
vn 0.9625 0.0000 -0.2714
vn 0.9808 0.0000 -0.1951
vn 0.9931 0.0000 -0.1175
vn 0.9992 0.0000 -0.0393
vt 0.000000 0.000000
vt 0.700000 0.000000
vt 0.700000 0.700000
vt 0.000000 0.700000
vt 0.020000 0.000000
vt 0.020000 0.120000
vt 0.000000 0.120000
vt 0.040000 0.000000
vt 0.040000 0.120000
vt 0.060000 0.000000
vt 0.060000 0.120000
vt 0.080000 0.000000
vt 0.080000 0.120000
vt 0.100000 0.000000
vt 0.100000 0.120000
vt 0.120000 0.000000
vt 0.120000 0.120000
vt 0.003750 0.000000
vt 0.003750 0.120000
vt 0.007500 0.000000
vt 0.007500 0.120000
vt 0.011250 0.000000
vt 0.011250 0.120000
vt 0.015000 0.000000
vt 0.015000 0.120000
vt 0.018750 0.000000
vt 0.018750 0.120000
vt 0.022500 0.000000
vt 0.022500 0.120000
vt 0.026250 0.000000
vt 0.026250 0.120000
vt 0.030000 0.000000
vt 0.030000 0.120000
vt 0.033750 0.000000
vt 0.033750 0.120000
vt 0.037500 0.000000
vt 0.037500 0.120000
vt 0.041250 0.000000
vt 0.041250 0.120000
vt 0.045000 0.000000
vt 0.045000 0.120000
vt 0.048750 0.000000
vt 0.048750 0.120000
vt 0.052500 0.000000
vt 0.052500 0.120000
vt 0.056250 0.000000
vt 0.056250 0.120000
vt 0.063750 0.000000
vt 0.063750 0.120000
vt 0.067500 0.000000
vt 0.067500 0.120000
vt 0.071250 0.000000
vt 0.071250 0.120000
vt 0.075000 0.000000
vt 0.075000 0.120000
vt 0.078750 0.000000
vt 0.078750 0.120000
vt 0.082500 0.000000
vt 0.082500 0.120000
vt 0.086250 0.000000
vt 0.086250 0.120000
vt 0.090000 0.000000
vt 0.090000 0.120000
vt 0.093750 0.000000
vt 0.093750 0.120000
vt 0.097500 0.000000
vt 0.097500 0.120000
vt 0.101250 0.000000
vt 0.101250 0.120000
vt 0.105000 0.000000
vt 0.105000 0.120000
vt 0.108750 0.000000
vt 0.108750 0.120000
vt 0.112500 0.000000
vt 0.112500 0.120000
vt 0.116250 0.000000
vt 0.116250 0.120000
vt 0.990393 0.402455
vt 0.961940 0.308658
vt 0.915735 0.222215
vt 0.853553 0.146447
vt 0.777785 0.084265
vt 0.691342 0.038060
vt 0.597545 0.009607
vt 0.500000 0.000000
vt 0.402455 0.009607
vt 0.308658 0.038060
vt 0.222215 0.084265
vt 0.146447 0.146447
vt 0.084265 0.222215
vt 0.038060 0.308658
vt 0.009607 0.402455
vt 0.000000 0.500000
vt 0.009607 0.597545
vt 0.038060 0.691342
vt 0.084265 0.777785
vt 0.146447 0.853553
vt 0.222215 0.915735
vt 0.308658 0.961940
vt 0.402455 0.990393
vt 0.500000 1.000000
vt 0.597545 0.990393
vt 0.691342 0.961940
vt 0.777785 0.915735
vt 0.853553 0.853553
vt 0.915735 0.777785
vt 0.961940 0.691342
vt 0.990393 0.597545
vt 1.000000 0.500000
vt 0.933013 0.250000
vt 0.066987 0.250000
vt 0.066987 0.750000
vt 0.933013 0.750000
vt 0.006250 0.000000
vt 0.006250 0.500000
vt 0.012500 0.000000
vt 0.012500 0.500000
vt 0.018750 0.500000
vt 0.025000 0.000000
vt 0.025000 0.500000
vt 0.031250 0.000000
vt 0.031250 0.500000
vt 0.037500 0.500000
vt 0.043750 0.000000
vt 0.043750 0.500000
vt 0.050000 0.000000
vt 0.050000 0.500000
vt 0.056250 0.500000
vt 0.062500 0.000000
vt 0.062500 0.500000
vt 0.068750 0.000000
vt 0.068750 0.500000
vt 0.075000 0.500000
vt 0.081250 0.000000
vt 0.081250 0.500000
vt 0.087500 0.000000
vt 0.087500 0.500000
vt 0.093750 0.500000
vt 0.100000 0.500000
vt 0.106250 0.000000
vt 0.106250 0.500000
vt 0.112500 0.500000
vt 0.118750 0.000000
vt 0.118750 0.500000
vt 0.125000 0.000000
vt 0.125000 0.500000
vt 0.131250 0.000000
vt 0.131250 0.500000
vt 0.137500 0.000000
vt 0.137500 0.500000
vt 0.143750 0.000000
vt 0.143750 0.500000
vt 0.150000 0.000000
vt 0.150000 0.500000
vt 0.156250 0.000000
vt 0.156250 0.500000
vt 0.162500 0.000000
vt 0.162500 0.500000
vt 0.168750 0.000000
vt 0.168750 0.500000
vt 0.175000 0.000000
vt 0.175000 0.500000
vt 0.181250 0.000000
vt 0.181250 0.500000
vt 0.187500 0.000000
vt 0.187500 0.500000
vt 0.193750 0.000000
vt 0.193750 0.500000
vt 0.200000 0.000000
vt 0.200000 0.500000
vt 0.206250 0.000000
vt 0.206250 0.500000
vt 0.212500 0.000000
vt 0.212500 0.500000
vt 0.218750 0.000000
vt 0.218750 0.500000
vt 0.225000 0.000000
vt 0.225000 0.500000
vt 0.231250 0.000000
vt 0.231250 0.500000
vt 0.237500 0.000000
vt 0.237500 0.500000
vt 0.243750 0.000000
vt 0.243750 0.500000
vt 0.250000 0.000000
vt 0.250000 0.500000
vt 0.256250 0.000000
vt 0.256250 0.500000
vt 0.262500 0.000000
vt 0.262500 0.500000
vt 0.268750 0.000000
vt 0.268750 0.500000
vt 0.275000 0.000000
vt 0.275000 0.500000
vt 0.281250 0.000000
vt 0.281250 0.500000
vt 0.287500 0.000000
vt 0.287500 0.500000
vt 0.293750 0.000000
vt 0.293750 0.500000
vt 0.300000 0.000000
vt 0.300000 0.500000
vt 0.306250 0.000000
vt 0.306250 0.500000
vt 0.312500 0.000000
vt 0.312500 0.500000
vt 0.318750 0.000000
vt 0.318750 0.500000
vt 0.325000 0.000000
vt 0.325000 0.500000
vt 0.331250 0.000000
vt 0.331250 0.500000
vt 0.337500 0.000000
vt 0.337500 0.500000
vt 0.343750 0.000000
vt 0.343750 0.500000
vt 0.350000 0.000000
vt 0.350000 0.500000
vt 0.356250 0.000000
vt 0.356250 0.500000
vt 0.362500 0.000000
vt 0.362500 0.500000
vt 0.368750 0.000000
vt 0.368750 0.500000
vt 0.375000 0.000000
vt 0.375000 0.500000
vt 0.381250 0.000000
vt 0.381250 0.500000
vt 0.387500 0.000000
vt 0.387500 0.500000
vt 0.393750 0.000000
vt 0.393750 0.500000
vt 0.400000 0.000000
vt 0.400000 0.500000
vt 0.406250 0.000000
vt 0.406250 0.500000
vt 0.412500 0.000000
vt 0.412500 0.500000
vt 0.418750 0.000000
vt 0.418750 0.500000
vt 0.425000 0.000000
vt 0.425000 0.500000
vt 0.431250 0.000000
vt 0.431250 0.500000
vt 0.437500 0.000000
vt 0.437500 0.500000
vt 0.443750 0.000000
vt 0.443750 0.500000
vt 0.450000 0.000000
vt 0.450000 0.500000
vt 0.456250 0.000000
vt 0.456250 0.500000
vt 0.462500 0.000000
vt 0.462500 0.500000
vt 0.468750 0.000000
vt 0.468750 0.500000
vt 0.475000 0.000000
vt 0.475000 0.500000
vt 0.481250 0.000000
vt 0.481250 0.500000
vt 0.487500 0.000000
vt 0.487500 0.500000
vt 0.493750 0.000000
vt 0.493750 0.500000
vt 0.500000 0.500000
vt 0.998459 0.539230
vt 0.993844 0.578217
vt 0.986185 0.616723
vt 0.975528 0.654508
vt 0.945503 0.726995
vt 0.926320 0.761249
vt 0.904508 0.793893
vt 0.880203 0.824724
vt 0.824724 0.880203
vt 0.793893 0.904508
vt 0.761249 0.926320
vt 0.726995 0.945503
vt 0.654508 0.975528
vt 0.616723 0.986185
vt 0.578217 0.993844
vt 0.539230 0.998459
vt 0.460770 0.998459
vt 0.421783 0.993844
vt 0.383277 0.986185
vt 0.345492 0.975528
vt 0.273005 0.945503
vt 0.238751 0.926320
vt 0.206107 0.904508
vt 0.175276 0.880203
vt 0.119797 0.824724
vt 0.095492 0.793893
vt 0.073680 0.761249
vt 0.054497 0.726995
vt 0.024472 0.654508
vt 0.013815 0.616723
vt 0.006156 0.578217
vt 0.001541 0.539230
vt 0.001541 0.460770
vt 0.006156 0.421783
vt 0.013815 0.383277
vt 0.024472 0.345492
vt 0.054497 0.273005
vt 0.073680 0.238751
vt 0.095492 0.206107
vt 0.119797 0.175276
vt 0.175276 0.119797
vt 0.206107 0.095492
vt 0.238751 0.073680
vt 0.273005 0.054497
vt 0.345492 0.024472
vt 0.383277 0.013815
vt 0.421783 0.006156
vt 0.460770 0.001541
vt 0.539230 0.001541
vt 0.578217 0.006156
vt 0.616723 0.013815
vt 0.654508 0.024472
vt 0.726995 0.054497
vt 0.761249 0.073680
vt 0.793893 0.095492
vt 0.824724 0.119797
vt 0.880203 0.175276
vt 0.904508 0.206107
vt 0.926320 0.238751
vt 0.945503 0.273005
vt 0.975528 0.345492
vt 0.986185 0.383277
vt 0.993844 0.421783
vt 0.998459 0.460770
vt 0.012500 3.000000
vt 0.000000 3.000000
vt 0.025000 3.000000
vt 0.037500 3.000000
vt 0.050000 3.000000
vt 0.062500 3.000000
vt 0.075000 3.000000
vt 0.087500 3.000000
vt 0.100000 3.000000
vt 0.112500 3.000000
vt 0.125000 3.000000
vt 0.137500 3.000000
vt 0.150000 3.000000
vt 0.162500 3.000000
vt 0.175000 3.000000
vt 0.187500 3.000000
vt 0.200000 3.000000
vt 0.212500 3.000000
vt 0.225000 3.000000
vt 0.237500 3.000000
vt 0.250000 3.000000
vt 0.262500 3.000000
vt 0.275000 3.000000
vt 0.287500 3.000000
vt 0.300000 3.000000
vt 0.312500 3.000000
vt 0.325000 3.000000
vt 0.337500 3.000000
vt 0.350000 3.000000
vt 0.362500 3.000000
vt 0.375000 3.000000
vt 0.387500 3.000000
vt 0.400000 3.000000
vt 0.412500 3.000000
vt 0.425000 3.000000
vt 0.437500 3.000000
vt 0.450000 3.000000
vt 0.462500 3.000000
vt 0.475000 3.000000
vt 0.487500 3.000000
vt 0.500000 3.000000
vt 0.512500 0.000000
vt 0.512500 3.000000
vt 0.525000 0.000000
vt 0.525000 3.000000
vt 0.537500 0.000000
vt 0.537500 3.000000
vt 0.550000 0.000000
vt 0.550000 3.000000
vt 0.562500 0.000000
vt 0.562500 3.000000
vt 0.575000 0.000000
vt 0.575000 3.000000
vt 0.587500 0.000000
vt 0.587500 3.000000
vt 0.600000 0.000000
vt 0.600000 3.000000
vt 0.612500 0.000000
vt 0.612500 3.000000
vt 0.625000 0.000000
vt 0.625000 3.000000
vt 0.637500 0.000000
vt 0.637500 3.000000
vt 0.650000 0.000000
vt 0.650000 3.000000
vt 0.662500 0.000000
vt 0.662500 3.000000
vt 0.675000 0.000000
vt 0.675000 3.000000
vt 0.687500 0.000000
vt 0.687500 3.000000
vt 0.700000 3.000000
vt 0.712500 0.000000
vt 0.712500 3.000000
vt 0.725000 0.000000
vt 0.725000 3.000000
vt 0.737500 0.000000
vt 0.737500 3.000000
vt 0.750000 0.000000
vt 0.750000 3.000000
vt 0.762500 0.000000
vt 0.762500 3.000000
vt 0.775000 0.000000
vt 0.775000 3.000000
vt 0.787500 0.000000
vt 0.787500 3.000000
vt 0.800000 0.000000
vt 0.800000 3.000000
vt 0.812500 0.000000
vt 0.812500 3.000000
vt 0.825000 0.000000
vt 0.825000 3.000000
vt 0.837500 0.000000
vt 0.837500 3.000000
vt 0.850000 0.000000
vt 0.850000 3.000000
vt 0.862500 0.000000
vt 0.862500 3.000000
vt 0.875000 0.000000
vt 0.875000 3.000000
vt 0.887500 0.000000
vt 0.887500 3.000000
vt 0.900000 0.000000
vt 0.900000 3.000000
vt 0.912500 0.000000
vt 0.912500 3.000000
vt 0.925000 0.000000
vt 0.925000 3.000000
vt 0.937500 0.000000
vt 0.937500 3.000000
vt 0.950000 0.000000
vt 0.950000 3.000000
vt 0.962500 0.000000
vt 0.962500 3.000000
vt 0.975000 0.000000
vt 0.975000 3.000000
vt 0.987500 0.000000
vt 0.987500 3.000000
vt 1.000000 0.000000
vt 1.000000 3.000000
vt 0.005000 0.000000
vt 0.005000 0.400000
vt 0.000000 0.400000
vt 0.010000 0.000000
vt 0.010000 0.400000
vt 0.015000 0.400000
vt 0.020000 0.400000
vt 0.025000 0.400000
vt 0.030000 0.400000
vt 0.035000 0.000000
vt 0.035000 0.400000
vt 0.040000 0.400000
vt 0.045000 0.400000
vt 0.050000 0.400000
vt 0.055000 0.000000
vt 0.055000 0.400000
vt 0.060000 0.400000
vt 0.065000 0.000000
vt 0.065000 0.400000
vt 0.070000 0.000000
vt 0.070000 0.400000
vt 0.075000 0.400000
vt 0.080000 0.400000
vt 0.085000 0.000000
vt 0.085000 0.400000
vt 0.090000 0.400000
vt 0.095000 0.000000
vt 0.095000 0.400000
vt 0.100000 0.400000
vt 0.105000 0.400000
vt 0.110000 0.000000
vt 0.110000 0.400000
vt 0.115000 0.000000
vt 0.115000 0.400000
vt 0.120000 0.400000
vt 0.125000 0.400000
vt 0.130000 0.000000
vt 0.130000 0.400000
vt 0.135000 0.000000
vt 0.135000 0.400000
vt 0.140000 0.000000
vt 0.140000 0.400000
vt 0.145000 0.000000
vt 0.145000 0.400000
vt 0.150000 0.400000
vt 0.155000 0.000000
vt 0.155000 0.400000
vt 0.160000 0.000000
vt 0.160000 0.400000
vt 0.165000 0.000000
vt 0.165000 0.400000
vt 0.170000 0.000000
vt 0.170000 0.400000
vt 0.175000 0.400000
vt 0.180000 0.000000
vt 0.180000 0.400000
vt 0.185000 0.000000
vt 0.185000 0.400000
vt 0.190000 0.000000
vt 0.190000 0.400000
vt 0.195000 0.000000
vt 0.195000 0.400000
vt 0.200000 0.400000
vt 0.205000 0.000000
vt 0.205000 0.400000
vt 0.210000 0.000000
vt 0.210000 0.400000
vt 0.215000 0.000000
vt 0.215000 0.400000
vt 0.220000 0.000000
vt 0.220000 0.400000
vt 0.225000 0.400000
vt 0.230000 0.000000
vt 0.230000 0.400000
vt 0.235000 0.000000
vt 0.235000 0.400000
vt 0.240000 0.000000
vt 0.240000 0.400000
vt 0.245000 0.000000
vt 0.245000 0.400000
vt 0.250000 0.400000
vt 0.255000 0.000000
vt 0.255000 0.400000
vt 0.260000 0.000000
vt 0.260000 0.400000
vt 0.265000 0.000000
vt 0.265000 0.400000
vt 0.270000 0.000000
vt 0.270000 0.400000
vt 0.275000 0.400000
vt 0.280000 0.000000
vt 0.280000 0.400000
vt 0.285000 0.000000
vt 0.285000 0.400000
vt 0.290000 0.000000
vt 0.290000 0.400000
vt 0.295000 0.000000
vt 0.295000 0.400000
vt 0.300000 0.400000
vt 0.305000 0.000000
vt 0.305000 0.400000
vt 0.310000 0.000000
vt 0.310000 0.400000
vt 0.315000 0.000000
vt 0.315000 0.400000
vt 0.320000 0.000000
vt 0.320000 0.400000
vt 0.325000 0.400000
vt 0.330000 0.000000
vt 0.330000 0.400000
vt 0.335000 0.000000
vt 0.335000 0.400000
vt 0.340000 0.000000
vt 0.340000 0.400000
vt 0.345000 0.000000
vt 0.345000 0.400000
vt 0.350000 0.400000
vt 0.355000 0.000000
vt 0.355000 0.400000
vt 0.360000 0.000000
vt 0.360000 0.400000
vt 0.365000 0.000000
vt 0.365000 0.400000
vt 0.370000 0.000000
vt 0.370000 0.400000
vt 0.375000 0.400000
vt 0.380000 0.000000
vt 0.380000 0.400000
vt 0.385000 0.000000
vt 0.385000 0.400000
vt 0.390000 0.000000
vt 0.390000 0.400000
vt 0.395000 0.000000
vt 0.395000 0.400000
vt 0.400000 0.400000
vt 1.000000 1.000000
vt 0.000000 1.000000
vt 0.016667 0.000000
vt 0.016667 0.100000
vt 0.000000 0.100000
vt 0.033333 0.000000
vt 0.033333 0.100000
vt 0.050000 0.100000
vt 0.066667 0.000000
vt 0.066667 0.100000
vt 0.083333 0.000000
vt 0.083333 0.100000
vt 0.100000 0.100000
vt 0.003125 0.000000
vt 0.003125 0.100000
vt 0.006250 0.100000
vt 0.009375 0.000000
vt 0.009375 0.100000
vt 0.012500 0.100000
vt 0.015625 0.000000
vt 0.015625 0.100000
vt 0.018750 0.100000
vt 0.021875 0.000000
vt 0.021875 0.100000
vt 0.025000 0.100000
vt 0.028125 0.000000
vt 0.028125 0.100000
vt 0.031250 0.100000
vt 0.034375 0.000000
vt 0.034375 0.100000
vt 0.037500 0.100000
vt 0.040625 0.000000
vt 0.040625 0.100000
vt 0.043750 0.100000
vt 0.046875 0.000000
vt 0.046875 0.100000
vt 0.053125 0.000000
vt 0.053125 0.100000
vt 0.056250 0.100000
vt 0.059375 0.000000
vt 0.059375 0.100000
vt 0.062500 0.100000
vt 0.065625 0.000000
vt 0.065625 0.100000
vt 0.068750 0.100000
vt 0.071875 0.000000
vt 0.071875 0.100000
vt 0.075000 0.100000
vt 0.078125 0.000000
vt 0.078125 0.100000
vt 0.081250 0.100000
vt 0.084375 0.000000
vt 0.084375 0.100000
vt 0.087500 0.100000
vt 0.090625 0.000000
vt 0.090625 0.100000
vt 0.093750 0.100000
vt 0.096875 0.000000
vt 0.096875 0.100000
vt 0.006250 0.200000
vt 0.000000 0.200000
vt 0.012500 0.200000
vt 0.018750 0.200000
vt 0.025000 0.200000
vt 0.031250 0.200000
vt 0.037500 0.200000
vt 0.043750 0.200000
vt 0.050000 0.200000
vt 0.056250 0.200000
vt 0.062500 0.200000
vt 0.068750 0.200000
vt 0.075000 0.200000
vt 0.081250 0.200000
vt 0.087500 0.200000
vt 0.093750 0.200000
vt 0.100000 0.200000
vt 0.106250 0.200000
vt 0.112500 0.200000
vt 0.118750 0.200000
vt 0.125000 0.200000
vt 0.131250 0.200000
vt 0.137500 0.200000
vt 0.143750 0.200000
vt 0.150000 0.200000
vt 0.156250 0.200000
vt 0.162500 0.200000
vt 0.168750 0.200000
vt 0.175000 0.200000
vt 0.181250 0.200000
vt 0.187500 0.200000
vt 0.193750 0.200000
vt 0.200000 0.200000
vt 0.000000 0.580000
vt 1.000000 0.580000
vt 1.000000 0.420000
vt 0.000000 0.420000
o column
usemtl steel
f 521/1/127 522/116/127 523/330/127 524/331/127
f 522/116/128 525/119/128 526/332/128 523/330/128
f 525/119/129 527/36/129 528/333/129 526/332/129
f 527/36/130 529/126/130 530/334/130 528/333/130
f 529/126/131 531/129/131 532/335/131 530/334/131
f 531/129/132 533/54/132 534/336/132 532/335/132
f 533/54/133 535/136/133 536/337/133 534/336/133
f 535/136/134 537/14/134 538/338/134 536/337/134
f 537/14/135 539/74/135 540/339/135 538/338/135
f 539/74/136 541/145/136 542/340/136 540/339/136
f 541/145/137 543/149/137 544/341/137 542/340/137
f 543/149/138 545/153/138 546/342/138 544/341/138
f 545/153/139 547/157/139 548/343/139 546/342/139
f 547/157/140 549/161/140 550/344/140 548/343/140
f 549/161/141 551/165/141 552/345/141 550/344/141
f 551/165/142 553/169/142 554/346/142 552/345/142
f 553/169/143 555/173/143 556/347/143 554/346/143
f 555/173/144 557/177/144 558/348/144 556/347/144
f 557/177/145 559/181/145 560/349/145 558/348/145
f 559/181/146 561/185/146 562/350/146 560/349/146
f 561/185/147 563/189/147 564/351/147 562/350/147
f 563/189/148 565/193/148 566/352/148 564/351/148
f 565/193/149 567/197/149 568/353/149 566/352/149
f 567/197/150 569/201/150 570/354/150 568/353/150
f 569/201/151 571/205/151 572/355/151 570/354/151
f 571/205/152 573/209/152 574/356/152 572/355/152
f 573/209/153 575/213/153 576/357/153 574/356/153
f 575/213/154 577/217/154 578/358/154 576/357/154
f 577/217/155 579/221/155 580/359/155 578/358/155
f 579/221/156 581/225/156 582/360/156 580/359/156
f 581/225/157 583/229/157 584/361/157 582/360/157
f 583/229/158 585/233/158 586/362/158 584/361/158
f 585/233/159 587/237/159 588/363/159 586/362/159
f 587/237/160 589/241/160 590/364/160 588/363/160
f 589/241/161 591/245/161 592/365/161 590/364/161
f 591/245/162 593/249/162 594/366/162 592/365/162
f 593/249/163 595/253/163 596/367/163 594/366/163
f 595/253/164 597/257/164 598/368/164 596/367/164
f 597/257/165 599/261/165 600/369/165 598/368/165
f 599/261/166 601/85/166 602/370/166 600/369/166
f 601/85/167 603/371/167 604/372/167 602/370/167
f 603/371/168 605/373/168 606/374/168 604/372/168
f 605/373/169 607/375/169 608/376/169 606/374/169
f 607/375/170 609/377/170 610/378/170 608/376/170
f 609/377/171 611/379/171 612/380/171 610/378/171
f 611/379/172 613/381/172 614/382/172 612/380/172
f 613/381/173 615/383/173 616/384/173 614/382/173
f 615/383/174 617/385/174 618/386/174 616/384/174
f 617/385/175 619/387/175 620/388/175 618/386/175
f 619/387/176 621/389/176 622/390/176 620/388/176
f 621/389/177 623/391/177 624/392/177 622/390/177
f 623/391/178 625/393/178 626/394/178 624/392/178
f 625/393/179 627/395/179 628/396/179 626/394/179
f 627/395/180 629/397/180 630/398/180 628/396/180
f 629/397/181 631/399/181 632/400/181 630/398/181
f 631/399/182 633/2/182 634/401/182 632/400/182
f 633/2/183 635/402/183 636/403/183 634/401/183
f 635/402/184 637/404/184 638/405/184 636/403/184
f 637/404/185 639/406/185 640/407/185 638/405/185
f 639/406/186 641/408/186 642/409/186 640/407/186
f 641/408/187 643/410/187 644/411/187 642/409/187
f 643/410/188 645/412/188 646/413/188 644/411/188
f 645/412/189 647/414/189 648/415/189 646/413/189
f 647/414/190 649/416/190 650/417/190 648/415/190
f 649/416/191 651/418/191 652/419/191 650/417/191
f 651/418/192 653/420/192 654/421/192 652/419/192
f 653/420/193 655/422/193 656/423/193 654/421/193
f 655/422/194 657/424/194 658/425/194 656/423/194
f 657/424/195 659/426/195 660/427/195 658/425/195
f 659/426/196 661/428/196 662/429/196 660/427/196
f 661/428/197 663/430/197 664/431/197 662/429/197
f 663/430/198 665/432/198 666/433/198 664/431/198
f 665/432/199 667/434/199 668/435/199 666/433/199
f 667/434/200 669/436/200 670/437/200 668/435/200
f 669/436/201 671/438/201 672/439/201 670/437/201
f 671/438/202 673/440/202 674/441/202 672/439/202
f 673/440/203 675/442/203 676/443/203 674/441/203
f 675/442/204 677/444/204 678/445/204 676/443/204
f 677/444/205 679/446/205 680/447/205 678/445/205
f 679/446/206 521/448/206 524/449/206 680/447/206
f 681/1/207 682/450/207 683/451/207 684/452/207
f 682/450/208 685/453/208 686/454/208 683/451/208
f 685/453/209 687/24/209 688/455/209 686/454/209
f 687/24/210 689/5/210 690/456/210 688/455/210
f 689/5/211 691/119/211 692/457/211 690/456/211
f 691/119/212 693/32/212 694/458/212 692/457/212
f 693/32/213 695/459/213 696/460/213 694/458/213
f 695/459/214 697/8/214 698/461/214 696/460/214
f 697/8/215 699/40/215 700/462/215 698/461/215
f 699/40/216 701/126/216 702/463/216 700/462/216
f 701/126/217 703/464/217 704/465/217 702/463/217
f 703/464/218 705/10/218 706/466/218 704/465/218
f 705/10/219 707/467/219 708/468/219 706/466/219
f 707/467/220 709/469/220 710/470/220 708/468/220
f 709/469/221 711/54/221 712/471/221 710/470/221
f 711/54/222 713/12/222 714/472/222 712/471/222
f 713/12/223 715/473/223 716/474/223 714/472/223
f 715/473/224 717/62/224 718/475/224 716/474/224
f 717/62/225 719/476/225 720/477/225 718/475/225
f 719/476/226 721/14/226 722/478/226 720/477/226
f 721/14/227 723/70/227 724/479/227 722/478/227
f 723/70/228 725/480/228 726/481/228 724/479/228
f 725/480/229 727/482/229 728/483/229 726/481/229
f 727/482/230 729/16/230 730/484/230 728/483/230
f 729/16/231 731/145/231 732/485/231 730/484/231
f 731/145/232 733/486/232 734/487/232 732/485/232
f 733/486/233 735/488/233 736/489/233 734/487/233
f 735/488/234 737/490/234 738/491/234 736/489/234
f 737/490/235 739/492/235 740/493/235 738/491/235
f 739/492/236 741/153/236 742/494/236 740/493/236
f 741/153/237 743/495/237 744/496/237 742/494/237
f 743/495/238 745/497/238 746/498/238 744/496/238
f 745/497/239 747/499/239 748/500/239 746/498/239
f 747/499/240 749/501/240 750/502/240 748/500/240
f 749/501/241 751/161/241 752/503/241 750/502/241
f 751/161/242 753/504/242 754/505/242 752/503/242
f 753/504/243 755/506/243 756/507/243 754/505/243
f 755/506/244 757/508/244 758/509/244 756/507/244
f 757/508/245 759/510/245 760/511/245 758/509/245
f 759/510/246 761/169/246 762/512/246 760/511/246
f 761/169/247 763/513/247 764/514/247 762/512/247
f 763/513/248 765/515/248 766/516/248 764/514/248
f 765/515/249 767/517/249 768/518/249 766/516/249
f 767/517/250 769/519/250 770/520/250 768/518/250
f 769/519/251 771/177/251 772/521/251 770/520/251
f 771/177/252 773/522/252 774/523/252 772/521/252
f 773/522/253 775/524/253 776/525/253 774/523/253
f 775/524/254 777/526/254 778/527/254 776/525/254
f 777/526/255 779/528/255 780/529/255 778/527/255
f 779/528/256 781/185/256 782/530/256 780/529/256
f 781/185/257 783/531/257 784/532/257 782/530/257
f 783/531/258 785/533/258 786/534/258 784/532/258
f 785/533/259 787/535/259 788/536/259 786/534/259
f 787/535/260 789/537/260 790/538/260 788/536/260
f 789/537/261 791/193/261 792/539/261 790/538/261
f 791/193/262 793/540/262 794/541/262 792/539/262
f 793/540/263 795/542/263 796/543/263 794/541/263
f 795/542/264 797/544/264 798/545/264 796/543/264
f 797/544/265 799/546/265 800/547/265 798/545/265
f 799/546/266 801/201/266 802/548/266 800/547/266
f 801/201/267 803/549/267 804/550/267 802/548/267
f 803/549/268 805/551/268 806/552/268 804/550/268
f 805/551/269 807/553/269 808/554/269 806/552/269
f 807/553/270 809/555/270 810/556/270 808/554/270
f 809/555/271 811/209/271 812/557/271 810/556/271
f 811/209/272 813/558/272 814/559/272 812/557/272
f 813/558/273 815/560/273 816/561/273 814/559/273
f 815/560/274 817/562/274 818/563/274 816/561/274
f 817/562/275 819/564/275 820/565/275 818/563/275
f 819/564/276 821/217/276 822/566/276 820/565/276
f 821/217/277 823/567/277 824/568/277 822/566/277
f 823/567/278 825/569/278 826/570/278 824/568/278
f 825/569/279 827/571/279 828/572/279 826/570/279
f 827/571/280 829/573/280 830/574/280 828/572/280
f 829/573/281 831/225/281 832/575/281 830/574/281
f 831/225/282 833/576/282 834/577/282 832/575/282
f 833/576/283 835/578/283 836/579/283 834/577/283
f 835/578/284 837/580/284 838/581/284 836/579/284
f 837/580/285 839/582/285 840/583/285 838/581/285
f 839/582/286 681/233/286 684/584/286 840/583/286
f 839/329/1 837/328/1 835/327/1 833/326/1
f 839/329/1 833/326/1 831/79/1 829/325/1
f 839/329/1 829/325/1 827/324/1 825/323/1
f 839/329/1 825/323/1 823/322/1 821/81/1
f 839/329/1 821/81/1 819/321/1 817/320/1
f 839/329/1 817/320/1 815/319/1 813/318/1
f 839/329/1 813/318/1 811/83/1 809/317/1
f 839/329/1 809/317/1 807/316/1 805/315/1
f 839/329/1 805/315/1 803/314/1 801/85/1
f 839/329/1 801/85/1 799/313/1 797/312/1
f 839/329/1 797/312/1 795/311/1 793/310/1
f 839/329/1 793/310/1 791/87/1 789/309/1
f 839/329/1 789/309/1 787/308/1 785/307/1
f 839/329/1 785/307/1 783/306/1 781/89/1
f 839/329/1 781/89/1 779/305/1 777/304/1
f 839/329/1 777/304/1 775/303/1 773/302/1
f 839/329/1 773/302/1 771/91/1 769/301/1
f 839/329/1 769/301/1 767/300/1 765/299/1
f 839/329/1 765/299/1 763/298/1 761/93/1
f 839/329/1 761/93/1 759/297/1 757/296/1
f 839/329/1 757/296/1 755/295/1 753/294/1
f 839/329/1 753/294/1 751/95/1 749/293/1
f 839/329/1 749/293/1 747/292/1 745/291/1
f 839/329/1 745/291/1 743/290/1 741/97/1
f 839/329/1 741/97/1 739/289/1 737/288/1
f 839/329/1 737/288/1 735/287/1 733/286/1
f 839/329/1 733/286/1 731/99/1 729/285/1
f 839/329/1 729/285/1 727/284/1 725/283/1
f 839/329/1 725/283/1 723/282/1 721/101/1
f 839/329/1 721/101/1 719/281/1 717/280/1
f 839/329/1 717/280/1 715/279/1 713/278/1
f 839/329/1 713/278/1 711/103/1 709/277/1
f 839/329/1 709/277/1 707/276/1 705/275/1
f 839/329/1 705/275/1 703/274/1 701/105/1
f 839/329/1 701/105/1 699/273/1 697/272/1
f 839/329/1 697/272/1 695/271/1 693/270/1
f 839/329/1 693/270/1 691/107/1 689/269/1
f 839/329/1 689/269/1 687/268/1 685/267/1
f 839/329/1 685/267/1 682/266/1 681/109/1
f 684/109/2 683/266/2 686/267/2 688/268/2
f 684/109/2 688/268/2 690/269/2 692/107/2
f 684/109/2 692/107/2 694/270/2 696/271/2
f 684/109/2 696/271/2 698/272/2 700/273/2
f 684/109/2 700/273/2 702/105/2 704/274/2
f 684/109/2 704/274/2 706/275/2 708/276/2
f 684/109/2 708/276/2 710/277/2 712/103/2
f 684/109/2 712/103/2 714/278/2 716/279/2
f 684/109/2 716/279/2 718/280/2 720/281/2
f 684/109/2 720/281/2 722/101/2 724/282/2
f 684/109/2 724/282/2 726/283/2 728/284/2
f 684/109/2 728/284/2 730/285/2 732/99/2
f 684/109/2 732/99/2 734/286/2 736/287/2
f 684/109/2 736/287/2 738/288/2 740/289/2
f 684/109/2 740/289/2 742/97/2 744/290/2
f 684/109/2 744/290/2 746/291/2 748/292/2
f 684/109/2 748/292/2 750/293/2 752/95/2
f 684/109/2 752/95/2 754/294/2 756/295/2
f 684/109/2 756/295/2 758/296/2 760/297/2
f 684/109/2 760/297/2 762/93/2 764/298/2
f 684/109/2 764/298/2 766/299/2 768/300/2
f 684/109/2 768/300/2 770/301/2 772/91/2
f 684/109/2 772/91/2 774/302/2 776/303/2
f 684/109/2 776/303/2 778/304/2 780/305/2
f 684/109/2 780/305/2 782/89/2 784/306/2
f 684/109/2 784/306/2 786/307/2 788/308/2
f 684/109/2 788/308/2 790/309/2 792/87/2
f 684/109/2 792/87/2 794/310/2 796/311/2
f 684/109/2 796/311/2 798/312/2 800/313/2
f 684/109/2 800/313/2 802/85/2 804/314/2
f 684/109/2 804/314/2 806/315/2 808/316/2
f 684/109/2 808/316/2 810/317/2 812/83/2
f 684/109/2 812/83/2 814/318/2 816/319/2
f 684/109/2 816/319/2 818/320/2 820/321/2
f 684/109/2 820/321/2 822/81/2 824/322/2
f 684/109/2 824/322/2 826/323/2 828/324/2
f 684/109/2 828/324/2 830/325/2 832/79/2
f 684/109/2 832/79/2 834/326/2 836/327/2
f 684/109/2 836/327/2 838/328/2 840/329/2
o base
usemtl plate
f 1/1/1 2/2/1 3/3/1 4/4/1
f 5/4/2 6/3/2 7/2/2 8/1/2
f 4/2/3 3/1/3 6/4/3 5/3/3
f 2/2/4 1/1/4 8/4/4 7/3/4
f 1/2/5 4/1/5 5/4/5 8/3/5
f 3/2/6 2/1/6 7/4/6 6/3/6
f 9/1/7 10/5/7 11/6/7 12/7/7
f 10/5/4 13/8/4 14/9/4 11/6/4
f 13/8/8 15/10/8 16/11/8 14/9/8
f 15/10/9 17/12/9 18/13/9 16/11/9
f 17/12/3 19/14/3 20/15/3 18/13/3
f 19/14/10 9/16/10 12/17/10 20/15/10
f 21/1/11 22/18/11 23/19/11 24/7/11
f 22/18/12 25/20/12 26/21/12 23/19/12
f 25/20/13 27/22/13 28/23/13 26/21/13
f 27/22/14 29/24/14 30/25/14 28/23/14
f 29/24/15 31/26/15 32/27/15 30/25/15
f 31/26/16 33/28/16 34/29/16 32/27/16
f 33/28/17 35/30/17 36/31/17 34/29/17
f 35/30/18 37/32/18 38/33/18 36/31/18
f 37/32/19 39/34/19 40/35/19 38/33/19
f 39/34/20 41/36/20 42/37/20 40/35/20
f 41/36/21 43/38/21 44/39/21 42/37/21
f 43/38/22 45/40/22 46/41/22 44/39/22
f 45/40/23 47/42/23 48/43/23 46/41/23
f 47/42/24 49/44/24 50/45/24 48/43/24
f 49/44/25 51/46/25 52/47/25 50/45/25
f 51/46/26 53/10/26 54/11/26 52/47/26
f 53/10/27 55/48/27 56/49/27 54/11/27
f 55/48/28 57/50/28 58/51/28 56/49/28
f 57/50/29 59/52/29 60/53/29 58/51/29
f 59/52/30 61/54/30 62/55/30 60/53/30
f 61/54/31 63/56/31 64/57/31 62/55/31
f 63/56/32 65/58/32 66/59/32 64/57/32
f 65/58/33 67/60/33 68/61/33 66/59/33
f 67/60/34 69/62/34 70/63/34 68/61/34
f 69/62/35 71/64/35 72/65/35 70/63/35
f 71/64/36 73/66/36 74/67/36 72/65/36
f 73/66/37 75/68/37 76/69/37 74/67/37
f 75/68/38 77/70/38 78/71/38 76/69/38
f 77/70/39 79/72/39 80/73/39 78/71/39
f 79/72/40 81/74/40 82/75/40 80/73/40
f 81/74/41 83/76/41 84/77/41 82/75/41
f 83/76/42 21/16/42 24/17/42 84/77/42
f 83/78/1 81/79/1 79/80/1 77/81/1
f 83/78/1 77/81/1 75/82/1 73/83/1
f 83/78/1 73/83/1 71/84/1 69/85/1
f 83/78/1 69/85/1 67/86/1 65/87/1
f 83/78/1 65/87/1 63/88/1 61/89/1
f 83/78/1 61/89/1 59/90/1 57/91/1
f 83/78/1 57/91/1 55/92/1 53/93/1
f 83/78/1 53/93/1 51/94/1 49/95/1
f 83/78/1 49/95/1 47/96/1 45/97/1
f 83/78/1 45/97/1 43/98/1 41/99/1
f 83/78/1 41/99/1 39/100/1 37/101/1
f 83/78/1 37/101/1 35/102/1 33/103/1
f 83/78/1 33/103/1 31/104/1 29/105/1
f 83/78/1 29/105/1 27/106/1 25/107/1
f 83/78/1 25/107/1 22/108/1 21/109/1
f 24/109/2 23/108/2 26/107/2 28/106/2
f 24/109/2 28/106/2 30/105/2 32/104/2
f 24/109/2 32/104/2 34/103/2 36/102/2
f 24/109/2 36/102/2 38/101/2 40/100/2
f 24/109/2 40/100/2 42/99/2 44/98/2
f 24/109/2 44/98/2 46/97/2 48/96/2
f 24/109/2 48/96/2 50/95/2 52/94/2
f 24/109/2 52/94/2 54/93/2 56/92/2
f 24/109/2 56/92/2 58/91/2 60/90/2
f 24/109/2 60/90/2 62/89/2 64/88/2
f 24/109/2 64/88/2 66/87/2 68/86/2
f 24/109/2 68/86/2 70/85/2 72/84/2
f 24/109/2 72/84/2 74/83/2 76/82/2
f 24/109/2 76/82/2 78/81/2 80/80/2
f 24/109/2 80/80/2 82/79/2 84/78/2
f 85/1/43 86/5/43 87/6/43 88/7/43
f 86/5/44 89/8/44 90/9/44 87/6/44
f 89/8/5 91/10/5 92/11/5 90/9/5
f 91/10/45 93/12/45 94/13/45 92/11/45
f 93/12/46 95/14/46 96/15/46 94/13/46
f 95/14/6 85/16/6 88/17/6 96/15/6
f 95/110/1 93/85/1 91/111/1 89/112/1
f 95/110/1 89/112/1 86/101/1 85/113/1
f 88/113/2 87/101/2 90/112/2 92/111/2
f 88/113/2 92/111/2 94/85/2 96/110/2
f 97/1/7 98/5/7 99/6/7 100/7/7
f 98/5/4 101/8/4 102/9/4 99/6/4
f 101/8/8 103/10/8 104/11/8 102/9/8
f 103/10/9 105/12/9 106/13/9 104/11/9
f 105/12/3 107/14/3 108/15/3 106/13/3
f 107/14/10 97/16/10 100/17/10 108/15/10
f 109/1/11 110/18/11 111/19/11 112/7/11
f 110/18/12 113/20/12 114/21/12 111/19/12
f 113/20/13 115/22/13 116/23/13 114/21/13
f 115/22/14 117/24/14 118/25/14 116/23/14
f 117/24/15 119/26/15 120/27/15 118/25/15
f 119/26/16 121/28/16 122/29/16 120/27/16
f 121/28/17 123/30/17 124/31/17 122/29/17
f 123/30/18 125/32/18 126/33/18 124/31/18
f 125/32/19 127/34/19 128/35/19 126/33/19
f 127/34/20 129/36/20 130/37/20 128/35/20
f 129/36/21 131/38/21 132/39/21 130/37/21
f 131/38/22 133/40/22 134/41/22 132/39/22
f 133/40/23 135/42/23 136/43/23 134/41/23
f 135/42/24 137/44/24 138/45/24 136/43/24
f 137/44/25 139/46/25 140/47/25 138/45/25
f 139/46/26 141/10/26 142/11/26 140/47/26
f 141/10/27 143/48/27 144/49/27 142/11/27
f 143/48/28 145/50/28 146/51/28 144/49/28
f 145/50/29 147/52/29 148/53/29 146/51/29
f 147/52/30 149/54/30 150/55/30 148/53/30
f 149/54/31 151/56/31 152/57/31 150/55/31
f 151/56/32 153/58/32 154/59/32 152/57/32
f 153/58/33 155/60/33 156/61/33 154/59/33
f 155/60/34 157/62/34 158/63/34 156/61/34
f 157/62/35 159/64/35 160/65/35 158/63/35
f 159/64/36 161/66/36 162/67/36 160/65/36
f 161/66/37 163/68/37 164/69/37 162/67/37
f 163/68/38 165/70/38 166/71/38 164/69/38
f 165/70/39 167/72/39 168/73/39 166/71/39
f 167/72/40 169/74/40 170/75/40 168/73/40
f 169/74/41 171/76/41 172/77/41 170/75/41
f 171/76/42 109/16/42 112/17/42 172/77/42
f 171/78/1 169/79/1 167/80/1 165/81/1
f 171/78/1 165/81/1 163/82/1 161/83/1
f 171/78/1 161/83/1 159/84/1 157/85/1
f 171/78/1 157/85/1 155/86/1 153/87/1
f 171/78/1 153/87/1 151/88/1 149/89/1
f 171/78/1 149/89/1 147/90/1 145/91/1
f 171/78/1 145/91/1 143/92/1 141/93/1
f 171/78/1 141/93/1 139/94/1 137/95/1
f 171/78/1 137/95/1 135/96/1 133/97/1
f 171/78/1 133/97/1 131/98/1 129/99/1
f 171/78/1 129/99/1 127/100/1 125/101/1
f 171/78/1 125/101/1 123/102/1 121/103/1
f 171/78/1 121/103/1 119/104/1 117/105/1
f 171/78/1 117/105/1 115/106/1 113/107/1
f 171/78/1 113/107/1 110/108/1 109/109/1
f 112/109/2 111/108/2 114/107/2 116/106/2
f 112/109/2 116/106/2 118/105/2 120/104/2
f 112/109/2 120/104/2 122/103/2 124/102/2
f 112/109/2 124/102/2 126/101/2 128/100/2
f 112/109/2 128/100/2 130/99/2 132/98/2
f 112/109/2 132/98/2 134/97/2 136/96/2
f 112/109/2 136/96/2 138/95/2 140/94/2
f 112/109/2 140/94/2 142/93/2 144/92/2
f 112/109/2 144/92/2 146/91/2 148/90/2
f 112/109/2 148/90/2 150/89/2 152/88/2
f 112/109/2 152/88/2 154/87/2 156/86/2
f 112/109/2 156/86/2 158/85/2 160/84/2
f 112/109/2 160/84/2 162/83/2 164/82/2
f 112/109/2 164/82/2 166/81/2 168/80/2
f 112/109/2 168/80/2 170/79/2 172/78/2
f 173/1/43 174/5/43 175/6/43 176/7/43
f 174/5/44 177/8/44 178/9/44 175/6/44
f 177/8/5 179/10/5 180/11/5 178/9/5
f 179/10/45 181/12/45 182/13/45 180/11/45
f 181/12/46 183/14/46 184/15/46 182/13/46
f 183/14/6 173/16/6 176/17/6 184/15/6
f 183/110/1 181/85/1 179/111/1 177/112/1
f 183/110/1 177/112/1 174/101/1 173/113/1
f 176/113/2 175/101/2 178/112/2 180/111/2
f 176/113/2 180/111/2 182/85/2 184/110/2
f 185/1/7 186/5/7 187/6/7 188/7/7
f 186/5/4 189/8/4 190/9/4 187/6/4
f 189/8/8 191/10/8 192/11/8 190/9/8
f 191/10/9 193/12/9 194/13/9 192/11/9
f 193/12/3 195/14/3 196/15/3 194/13/3
f 195/14/10 185/16/10 188/17/10 196/15/10
f 197/1/11 198/18/11 199/19/11 200/7/11
f 198/18/12 201/20/12 202/21/12 199/19/12
f 201/20/13 203/22/13 204/23/13 202/21/13
f 203/22/14 205/24/14 206/25/14 204/23/14
f 205/24/15 207/26/15 208/27/15 206/25/15
f 207/26/16 209/28/16 210/29/16 208/27/16
f 209/28/17 211/30/17 212/31/17 210/29/17
f 211/30/18 213/32/18 214/33/18 212/31/18
f 213/32/19 215/34/19 216/35/19 214/33/19
f 215/34/20 217/36/20 218/37/20 216/35/20
f 217/36/21 219/38/21 220/39/21 218/37/21
f 219/38/22 221/40/22 222/41/22 220/39/22
f 221/40/23 223/42/23 224/43/23 222/41/23
f 223/42/24 225/44/24 226/45/24 224/43/24
f 225/44/25 227/46/25 228/47/25 226/45/25
f 227/46/26 229/10/26 230/11/26 228/47/26
f 229/10/27 231/48/27 232/49/27 230/11/27
f 231/48/28 233/50/28 234/51/28 232/49/28
f 233/50/29 235/52/29 236/53/29 234/51/29
f 235/52/30 237/54/30 238/55/30 236/53/30
f 237/54/31 239/56/31 240/57/31 238/55/31
f 239/56/32 241/58/32 242/59/32 240/57/32
f 241/58/33 243/60/33 244/61/33 242/59/33
f 243/60/34 245/62/34 246/63/34 244/61/34
f 245/62/35 247/64/35 248/65/35 246/63/35
f 247/64/36 249/66/36 250/67/36 248/65/36
f 249/66/37 251/68/37 252/69/37 250/67/37
f 251/68/38 253/70/38 254/71/38 252/69/38
f 253/70/39 255/72/39 256/73/39 254/71/39
f 255/72/40 257/74/40 258/75/40 256/73/40
f 257/74/41 259/76/41 260/77/41 258/75/41
f 259/76/42 197/16/42 200/17/42 260/77/42
f 259/78/1 257/79/1 255/80/1 253/81/1
f 259/78/1 253/81/1 251/82/1 249/83/1
f 259/78/1 249/83/1 247/84/1 245/85/1
f 259/78/1 245/85/1 243/86/1 241/87/1
f 259/78/1 241/87/1 239/88/1 237/89/1
f 259/78/1 237/89/1 235/90/1 233/91/1
f 259/78/1 233/91/1 231/92/1 229/93/1
f 259/78/1 229/93/1 227/94/1 225/95/1
f 259/78/1 225/95/1 223/96/1 221/97/1
f 259/78/1 221/97/1 219/98/1 217/99/1
f 259/78/1 217/99/1 215/100/1 213/101/1
f 259/78/1 213/101/1 211/102/1 209/103/1
f 259/78/1 209/103/1 207/104/1 205/105/1
f 259/78/1 205/105/1 203/106/1 201/107/1
f 259/78/1 201/107/1 198/108/1 197/109/1
f 200/109/2 199/108/2 202/107/2 204/106/2
f 200/109/2 204/106/2 206/105/2 208/104/2
f 200/109/2 208/104/2 210/103/2 212/102/2
f 200/109/2 212/102/2 214/101/2 216/100/2
f 200/109/2 216/100/2 218/99/2 220/98/2
f 200/109/2 220/98/2 222/97/2 224/96/2
f 200/109/2 224/96/2 226/95/2 228/94/2
f 200/109/2 228/94/2 230/93/2 232/92/2
f 200/109/2 232/92/2 234/91/2 236/90/2
f 200/109/2 236/90/2 238/89/2 240/88/2
f 200/109/2 240/88/2 242/87/2 244/86/2
f 200/109/2 244/86/2 246/85/2 248/84/2
f 200/109/2 248/84/2 250/83/2 252/82/2
f 200/109/2 252/82/2 254/81/2 256/80/2
f 200/109/2 256/80/2 258/79/2 260/78/2
f 261/1/43 262/5/43 263/6/43 264/7/43
f 262/5/44 265/8/44 266/9/44 263/6/44
f 265/8/5 267/10/5 268/11/5 266/9/5
f 267/10/45 269/12/45 270/13/45 268/11/45
f 269/12/46 271/14/46 272/15/46 270/13/46
f 271/14/6 261/16/6 264/17/6 272/15/6
f 271/110/1 269/85/1 267/111/1 265/112/1
f 271/110/1 265/112/1 262/101/1 261/113/1
f 264/113/2 263/101/2 266/112/2 268/111/2
f 264/113/2 268/111/2 270/85/2 272/110/2
f 273/1/7 274/5/7 275/6/7 276/7/7
f 274/5/4 277/8/4 278/9/4 275/6/4
f 277/8/8 279/10/8 280/11/8 278/9/8
f 279/10/9 281/12/9 282/13/9 280/11/9
f 281/12/3 283/14/3 284/15/3 282/13/3
f 283/14/10 273/16/10 276/17/10 284/15/10
f 285/1/11 286/18/11 287/19/11 288/7/11
f 286/18/12 289/20/12 290/21/12 287/19/12
f 289/20/13 291/22/13 292/23/13 290/21/13
f 291/22/14 293/24/14 294/25/14 292/23/14
f 293/24/15 295/26/15 296/27/15 294/25/15
f 295/26/16 297/28/16 298/29/16 296/27/16
f 297/28/17 299/30/17 300/31/17 298/29/17
f 299/30/18 301/32/18 302/33/18 300/31/18
f 301/32/19 303/34/19 304/35/19 302/33/19
f 303/34/20 305/36/20 306/37/20 304/35/20
f 305/36/21 307/38/21 308/39/21 306/37/21
f 307/38/22 309/40/22 310/41/22 308/39/22
f 309/40/23 311/42/23 312/43/23 310/41/23
f 311/42/24 313/44/24 314/45/24 312/43/24
f 313/44/25 315/46/25 316/47/25 314/45/25
f 315/46/26 317/10/26 318/11/26 316/47/26
f 317/10/27 319/48/27 320/49/27 318/11/27
f 319/48/28 321/50/28 322/51/28 320/49/28
f 321/50/29 323/52/29 324/53/29 322/51/29
f 323/52/30 325/54/30 326/55/30 324/53/30
f 325/54/31 327/56/31 328/57/31 326/55/31
f 327/56/32 329/58/32 330/59/32 328/57/32
f 329/58/33 331/60/33 332/61/33 330/59/33
f 331/60/34 333/62/34 334/63/34 332/61/34
f 333/62/35 335/64/35 336/65/35 334/63/35
f 335/64/36 337/66/36 338/67/36 336/65/36
f 337/66/37 339/68/37 340/69/37 338/67/37
f 339/68/38 341/70/38 342/71/38 340/69/38
f 341/70/39 343/72/39 344/73/39 342/71/39
f 343/72/40 345/74/40 346/75/40 344/73/40
f 345/74/41 347/76/41 348/77/41 346/75/41
f 347/76/42 285/16/42 288/17/42 348/77/42
f 347/78/1 345/79/1 343/80/1 341/81/1
f 347/78/1 341/81/1 339/82/1 337/83/1
f 347/78/1 337/83/1 335/84/1 333/85/1
f 347/78/1 333/85/1 331/86/1 329/87/1
f 347/78/1 329/87/1 327/88/1 325/89/1
f 347/78/1 325/89/1 323/90/1 321/91/1
f 347/78/1 321/91/1 319/92/1 317/93/1
f 347/78/1 317/93/1 315/94/1 313/95/1
f 347/78/1 313/95/1 311/96/1 309/97/1
f 347/78/1 309/97/1 307/98/1 305/99/1
f 347/78/1 305/99/1 303/100/1 301/101/1
f 347/78/1 301/101/1 299/102/1 297/103/1
f 347/78/1 297/103/1 295/104/1 293/105/1
f 347/78/1 293/105/1 291/106/1 289/107/1
f 347/78/1 289/107/1 286/108/1 285/109/1
f 288/109/2 287/108/2 290/107/2 292/106/2
f 288/109/2 292/106/2 294/105/2 296/104/2
f 288/109/2 296/104/2 298/103/2 300/102/2
f 288/109/2 300/102/2 302/101/2 304/100/2
f 288/109/2 304/100/2 306/99/2 308/98/2
f 288/109/2 308/98/2 310/97/2 312/96/2
f 288/109/2 312/96/2 314/95/2 316/94/2
f 288/109/2 316/94/2 318/93/2 320/92/2
f 288/109/2 320/92/2 322/91/2 324/90/2
f 288/109/2 324/90/2 326/89/2 328/88/2
f 288/109/2 328/88/2 330/87/2 332/86/2
f 288/109/2 332/86/2 334/85/2 336/84/2
f 288/109/2 336/84/2 338/83/2 340/82/2
f 288/109/2 340/82/2 342/81/2 344/80/2
f 288/109/2 344/80/2 346/79/2 348/78/2
f 349/1/43 350/5/43 351/6/43 352/7/43
f 350/5/44 353/8/44 354/9/44 351/6/44
f 353/8/5 355/10/5 356/11/5 354/9/5
f 355/10/45 357/12/45 358/13/45 356/11/45
f 357/12/46 359/14/46 360/15/46 358/13/46
f 359/14/6 349/16/6 352/17/6 360/15/6
f 359/110/1 357/85/1 355/111/1 353/112/1
f 359/110/1 353/112/1 350/101/1 349/113/1
f 352/113/2 351/101/2 354/112/2 356/111/2
f 352/113/2 356/111/2 358/85/2 360/110/2
o base
usemtl steel
f 361/1/47 362/114/47 363/115/47 364/93/47
f 362/114/48 365/116/48 366/117/48 363/115/48
f 365/116/49 367/26/49 368/118/49 366/117/49
f 367/26/50 369/119/50 370/120/50 368/118/50
f 369/119/51 371/121/51 372/122/51 370/120/51
f 371/121/52 373/36/52 374/123/52 372/122/52
f 373/36/53 375/124/53 376/125/53 374/123/53
f 375/124/54 377/126/54 378/127/54 376/125/54
f 377/126/55 379/46/55 380/128/55 378/127/55
f 379/46/56 381/129/56 382/130/56 380/128/56
f 381/129/57 383/131/57 384/132/57 382/130/57
f 383/131/58 385/54/58 386/133/58 384/132/58
f 385/54/59 387/134/59 388/135/59 386/133/59
f 387/134/60 389/136/60 390/137/60 388/135/60
f 389/136/61 391/64/61 392/138/61 390/137/61
f 391/64/62 393/14/62 394/139/62 392/138/62
f 393/14/63 395/140/63 396/141/63 394/139/63
f 395/140/64 397/74/64 398/142/64 396/141/64
f 397/74/65 399/143/65 400/144/65 398/142/65
f 399/143/66 401/145/66 402/146/66 400/144/66
f 401/145/67 403/147/67 404/148/67 402/146/67
f 403/147/68 405/149/68 406/150/68 404/148/68
f 405/149/69 407/151/69 408/152/69 406/150/69
f 407/151/70 409/153/70 410/154/70 408/152/70
f 409/153/71 411/155/71 412/156/71 410/154/71
f 411/155/72 413/157/72 414/158/72 412/156/72
f 413/157/73 415/159/73 416/160/73 414/158/73
f 415/159/74 417/161/74 418/162/74 416/160/74
f 417/161/75 419/163/75 420/164/75 418/162/75
f 419/163/76 421/165/76 422/166/76 420/164/76
f 421/165/77 423/167/77 424/168/77 422/166/77
f 423/167/78 425/169/78 426/170/78 424/168/78
f 425/169/79 427/171/79 428/172/79 426/170/79
f 427/171/80 429/173/80 430/174/80 428/172/80
f 429/173/81 431/175/81 432/176/81 430/174/81
f 431/175/82 433/177/82 434/178/82 432/176/82
f 433/177/83 435/179/83 436/180/83 434/178/83
f 435/179/84 437/181/84 438/182/84 436/180/84
f 437/181/85 439/183/85 440/184/85 438/182/85
f 439/183/86 441/185/86 442/186/86 440/184/86
f 441/185/87 443/187/87 444/188/87 442/186/87
f 443/187/88 445/189/88 446/190/88 444/188/88
f 445/189/89 447/191/89 448/192/89 446/190/89
f 447/191/90 449/193/90 450/194/90 448/192/90
f 449/193/91 451/195/91 452/196/91 450/194/91
f 451/195/92 453/197/92 454/198/92 452/196/92
f 453/197/93 455/199/93 456/200/93 454/198/93
f 455/199/94 457/201/94 458/202/94 456/200/94
f 457/201/95 459/203/95 460/204/95 458/202/95
f 459/203/96 461/205/96 462/206/96 460/204/96
f 461/205/97 463/207/97 464/208/97 462/206/97
f 463/207/98 465/209/98 466/210/98 464/208/98
f 465/209/99 467/211/99 468/212/99 466/210/99
f 467/211/100 469/213/100 470/214/100 468/212/100
f 469/213/101 471/215/101 472/216/101 470/214/101
f 471/215/102 473/217/102 474/218/102 472/216/102
f 473/217/103 475/219/103 476/220/103 474/218/103
f 475/219/104 477/221/104 478/222/104 476/220/104
f 477/221/105 479/223/105 480/224/105 478/222/105
f 479/223/106 481/225/106 482/226/106 480/224/106
f 481/225/107 483/227/107 484/228/107 482/226/107
f 483/227/108 485/229/108 486/230/108 484/228/108
f 485/229/109 487/231/109 488/232/109 486/230/109
f 487/231/110 489/233/110 490/234/110 488/232/110
f 489/233/111 491/235/111 492/236/111 490/234/111
f 491/235/112 493/237/112 494/238/112 492/236/112
f 493/237/113 495/239/113 496/240/113 494/238/113
f 495/239/114 497/241/114 498/242/114 496/240/114
f 497/241/115 499/243/115 500/244/115 498/242/115
f 499/243/116 501/245/116 502/246/116 500/244/116
f 501/245/117 503/247/117 504/248/117 502/246/117
f 503/247/118 505/249/118 506/250/118 504/248/118
f 505/249/119 507/251/119 508/252/119 506/250/119
f 507/251/120 509/253/120 510/254/120 508/252/120
f 509/253/121 511/255/121 512/256/121 510/254/121
f 511/255/122 513/257/122 514/258/122 512/256/122
f 513/257/123 515/259/123 516/260/123 514/258/123
f 515/259/124 517/261/124 518/262/124 516/260/124
f 517/261/125 519/263/125 520/264/125 518/262/125
f 519/263/126 361/85/126 364/265/126 520/264/126
f 364/109/2 363/266/2 366/267/2 368/268/2
f 364/109/2 368/268/2 370/269/2 372/107/2
f 364/109/2 372/107/2 374/270/2 376/271/2
f 364/109/2 376/271/2 378/272/2 380/273/2
f 364/109/2 380/273/2 382/105/2 384/274/2
f 364/109/2 384/274/2 386/275/2 388/276/2
f 364/109/2 388/276/2 390/277/2 392/103/2
f 364/109/2 392/103/2 394/278/2 396/279/2
f 364/109/2 396/279/2 398/280/2 400/281/2
f 364/109/2 400/281/2 402/101/2 404/282/2
f 364/109/2 404/282/2 406/283/2 408/284/2
f 364/109/2 408/284/2 410/285/2 412/99/2
f 364/109/2 412/99/2 414/286/2 416/287/2
f 364/109/2 416/287/2 418/288/2 420/289/2
f 364/109/2 420/289/2 422/97/2 424/290/2
f 364/109/2 424/290/2 426/291/2 428/292/2
f 364/109/2 428/292/2 430/293/2 432/95/2
f 364/109/2 432/95/2 434/294/2 436/295/2
f 364/109/2 436/295/2 438/296/2 440/297/2
f 364/109/2 440/297/2 442/93/2 444/298/2
f 364/109/2 444/298/2 446/299/2 448/300/2
f 364/109/2 448/300/2 450/301/2 452/91/2
f 364/109/2 452/91/2 454/302/2 456/303/2
f 364/109/2 456/303/2 458/304/2 460/305/2
f 364/109/2 460/305/2 462/89/2 464/306/2
f 364/109/2 464/306/2 466/307/2 468/308/2
f 364/109/2 468/308/2 470/309/2 472/87/2
f 364/109/2 472/87/2 474/310/2 476/311/2
f 364/109/2 476/311/2 478/312/2 480/313/2
f 364/109/2 480/313/2 482/85/2 484/314/2
f 364/109/2 484/314/2 486/315/2 488/316/2
f 364/109/2 488/316/2 490/317/2 492/83/2
f 364/109/2 492/83/2 494/318/2 496/319/2
f 364/109/2 496/319/2 498/320/2 500/321/2
f 364/109/2 500/321/2 502/81/2 504/322/2
f 364/109/2 504/322/2 506/323/2 508/324/2
f 364/109/2 508/324/2 510/325/2 512/79/2
f 364/109/2 512/79/2 514/326/2 516/327/2
f 364/109/2 516/327/2 518/328/2 520/329/2
o head
usemtl body
f 841/1/1 842/448/1 843/585/1 844/586/1
f 844/448/3 843/1/3 846/586/3 845/585/3
f 842/448/4 841/1/4 848/586/4 847/585/4
f 841/448/5 844/1/5 845/586/5 848/585/5
f 843/448/6 842/1/6 847/586/6 846/585/6
f 849/1/7 850/587/7 851/588/7 852/589/7
f 850/587/4 853/590/4 854/591/4 851/588/4
f 853/590/8 855/126/8 856/592/8 854/591/8
f 855/126/9 857/593/9 858/594/9 856/592/9
f 857/593/3 859/595/3 860/596/3 858/594/3
f 859/595/10 849/14/10 852/597/10 860/596/10
f 861/1/11 862/598/11 863/599/11 864/589/11
f 862/598/12 865/114/12 866/600/12 863/599/12
f 865/114/13 867/601/13 868/602/13 866/600/13
f 867/601/14 869/116/14 870/603/14 868/602/14
f 869/116/15 871/604/15 872/605/15 870/603/15
f 871/604/16 873/26/16 874/606/16 872/605/16
f 873/26/17 875/607/17 876/608/17 874/606/17
f 875/607/18 877/119/18 878/609/18 876/608/18
f 877/119/19 879/610/19 880/611/19 878/609/19
f 879/610/20 881/121/20 882/612/20 880/611/20
f 881/121/21 883/613/21 884/614/21 882/612/21
f 883/613/22 885/36/22 886/615/22 884/614/22
f 885/36/23 887/616/23 888/617/23 886/615/23
f 887/616/24 889/124/24 890/618/24 888/617/24
f 889/124/25 891/619/25 892/620/25 890/618/25
f 891/619/26 893/126/26 894/592/26 892/620/26
f 893/126/27 895/621/27 896/622/27 894/592/27
f 895/621/28 897/46/28 898/623/28 896/622/28
f 897/46/29 899/624/29 900/625/29 898/623/29
f 899/624/30 901/129/30 902/626/30 900/625/30
f 901/129/31 903/627/31 904/628/31 902/626/31
f 903/627/32 905/131/32 906/629/32 904/628/32
f 905/131/33 907/630/33 908/631/33 906/629/33
f 907/630/34 909/54/34 910/632/34 908/631/34
f 909/54/35 911/633/35 912/634/35 910/632/35
f 911/633/36 913/134/36 914/635/36 912/634/36
f 913/134/37 915/636/37 916/637/37 914/635/37
f 915/636/38 917/136/38 918/638/38 916/637/38
f 917/136/39 919/639/39 920/640/39 918/638/39
f 919/639/40 921/64/40 922/641/40 920/640/40
f 921/64/41 923/642/41 924/643/41 922/641/41
f 923/642/42 861/14/42 864/597/42 924/643/42
f 923/78/1 921/79/1 919/80/1 917/81/1
f 923/78/1 917/81/1 915/82/1 913/83/1
f 923/78/1 913/83/1 911/84/1 909/85/1
f 923/78/1 909/85/1 907/86/1 905/87/1
f 923/78/1 905/87/1 903/88/1 901/89/1
f 923/78/1 901/89/1 899/90/1 897/91/1
f 923/78/1 897/91/1 895/92/1 893/93/1
f 923/78/1 893/93/1 891/94/1 889/95/1
f 923/78/1 889/95/1 887/96/1 885/97/1
f 923/78/1 885/97/1 883/98/1 881/99/1
f 923/78/1 881/99/1 879/100/1 877/101/1
f 923/78/1 877/101/1 875/102/1 873/103/1
f 923/78/1 873/103/1 871/104/1 869/105/1
f 923/78/1 869/105/1 867/106/1 865/107/1
f 923/78/1 865/107/1 862/108/1 861/109/1
f 864/109/2 863/108/2 866/107/2 868/106/2
f 864/109/2 868/106/2 870/105/2 872/104/2
f 864/109/2 872/104/2 874/103/2 876/102/2
f 864/109/2 876/102/2 878/101/2 880/100/2
f 864/109/2 880/100/2 882/99/2 884/98/2
f 864/109/2 884/98/2 886/97/2 888/96/2
f 864/109/2 888/96/2 890/95/2 892/94/2
f 864/109/2 892/94/2 894/93/2 896/92/2
f 864/109/2 896/92/2 898/91/2 900/90/2
f 864/109/2 900/90/2 902/89/2 904/88/2
f 864/109/2 904/88/2 906/87/2 908/86/2
f 864/109/2 908/86/2 910/85/2 912/84/2
f 864/109/2 912/84/2 914/83/2 916/82/2
f 864/109/2 916/82/2 918/81/2 920/80/2
f 864/109/2 920/80/2 922/79/2 924/78/2
f 925/1/43 926/587/43 927/588/43 928/589/43
f 926/587/44 929/590/44 930/591/44 927/588/44
f 929/590/5 931/126/5 932/592/5 930/591/5
f 931/126/45 933/593/45 934/594/45 932/592/45
f 933/593/46 935/595/46 936/596/46 934/594/46
f 935/595/6 925/14/6 928/597/6 936/596/6
f 935/110/1 933/85/1 931/111/1 929/112/1
f 935/110/1 929/112/1 926/101/1 925/113/1
f 928/113/2 927/101/2 930/112/2 932/111/2
f 928/113/2 932/111/2 934/85/2 936/110/2
f 937/1/7 938/587/7 939/588/7 940/589/7
f 938/587/4 941/590/4 942/591/4 939/588/4
f 941/590/8 943/126/8 944/592/8 942/591/8
f 943/126/9 945/593/9 946/594/9 944/592/9
f 945/593/3 947/595/3 948/596/3 946/594/3
f 947/595/10 937/14/10 940/597/10 948/596/10
f 949/1/11 950/598/11 951/599/11 952/589/11
f 950/598/12 953/114/12 954/600/12 951/599/12
f 953/114/13 955/601/13 956/602/13 954/600/13
f 955/601/14 957/116/14 958/603/14 956/602/14
f 957/116/15 959/604/15 960/605/15 958/603/15
f 959/604/16 961/26/16 962/606/16 960/605/16
f 961/26/17 963/607/17 964/608/17 962/606/17
f 963/607/18 965/119/18 966/609/18 964/608/18
f 965/119/19 967/610/19 968/611/19 966/609/19
f 967/610/20 969/121/20 970/612/20 968/611/20
f 969/121/21 971/613/21 972/614/21 970/612/21
f 971/613/22 973/36/22 974/615/22 972/614/22
f 973/36/23 975/616/23 976/617/23 974/615/23
f 975/616/24 977/124/24 978/618/24 976/617/24
f 977/124/25 979/619/25 980/620/25 978/618/25
f 979/619/26 981/126/26 982/592/26 980/620/26
f 981/126/27 983/621/27 984/622/27 982/592/27
f 983/621/28 985/46/28 986/623/28 984/622/28
f 985/46/29 987/624/29 988/625/29 986/623/29
f 987/624/30 989/129/30 990/626/30 988/625/30
f 989/129/31 991/627/31 992/628/31 990/626/31
f 991/627/32 993/131/32 994/629/32 992/628/32
f 993/131/33 995/630/33 996/631/33 994/629/33
f 995/630/34 997/54/34 998/632/34 996/631/34
f 997/54/35 999/633/35 1000/634/35 998/632/35
f 999/633/36 1001/134/36 1002/635/36 1000/634/36
f 1001/134/37 1003/636/37 1004/637/37 1002/635/37
f 1003/636/38 1005/136/38 1006/638/38 1004/637/38
f 1005/136/39 1007/639/39 1008/640/39 1006/638/39
f 1007/639/40 1009/64/40 1010/641/40 1008/640/40
f 1009/64/41 1011/642/41 1012/643/41 1010/641/41
f 1011/642/42 949/14/42 952/597/42 1012/643/42
f 1011/78/1 1009/79/1 1007/80/1 1005/81/1
f 1011/78/1 1005/81/1 1003/82/1 1001/83/1
f 1011/78/1 1001/83/1 999/84/1 997/85/1
f 1011/78/1 997/85/1 995/86/1 993/87/1
f 1011/78/1 993/87/1 991/88/1 989/89/1
f 1011/78/1 989/89/1 987/90/1 985/91/1
f 1011/78/1 985/91/1 983/92/1 981/93/1
f 1011/78/1 981/93/1 979/94/1 977/95/1
f 1011/78/1 977/95/1 975/96/1 973/97/1
f 1011/78/1 973/97/1 971/98/1 969/99/1
f 1011/78/1 969/99/1 967/100/1 965/101/1
f 1011/78/1 965/101/1 963/102/1 961/103/1
f 1011/78/1 961/103/1 959/104/1 957/105/1
f 1011/78/1 957/105/1 955/106/1 953/107/1
f 1011/78/1 953/107/1 950/108/1 949/109/1
f 952/109/2 951/108/2 954/107/2 956/106/2
f 952/109/2 956/106/2 958/105/2 960/104/2
f 952/109/2 960/104/2 962/103/2 964/102/2
f 952/109/2 964/102/2 966/101/2 968/100/2
f 952/109/2 968/100/2 970/99/2 972/98/2
f 952/109/2 972/98/2 974/97/2 976/96/2
f 952/109/2 976/96/2 978/95/2 980/94/2
f 952/109/2 980/94/2 982/93/2 984/92/2
f 952/109/2 984/92/2 986/91/2 988/90/2
f 952/109/2 988/90/2 990/89/2 992/88/2
f 952/109/2 992/88/2 994/87/2 996/86/2
f 952/109/2 996/86/2 998/85/2 1000/84/2
f 952/109/2 1000/84/2 1002/83/2 1004/82/2
f 952/109/2 1004/82/2 1006/81/2 1008/80/2
f 952/109/2 1008/80/2 1010/79/2 1012/78/2
f 1013/1/43 1014/587/43 1015/588/43 1016/589/43
f 1014/587/44 1017/590/44 1018/591/44 1015/588/44
f 1017/590/5 1019/126/5 1020/592/5 1018/591/5
f 1019/126/45 1021/593/45 1022/594/45 1020/592/45
f 1021/593/46 1023/595/46 1024/596/46 1022/594/46
f 1023/595/6 1013/14/6 1016/597/6 1024/596/6
f 1023/110/1 1021/85/1 1019/111/1 1017/112/1
f 1023/110/1 1017/112/1 1014/101/1 1013/113/1
f 1016/113/2 1015/101/2 1018/112/2 1020/111/2
f 1016/113/2 1020/111/2 1022/85/2 1024/110/2
f 1025/1/7 1026/587/7 1027/588/7 1028/589/7
f 1026/587/4 1029/590/4 1030/591/4 1027/588/4
f 1029/590/8 1031/126/8 1032/592/8 1030/591/8
f 1031/126/9 1033/593/9 1034/594/9 1032/592/9
f 1033/593/3 1035/595/3 1036/596/3 1034/594/3
f 1035/595/10 1025/14/10 1028/597/10 1036/596/10
f 1037/1/11 1038/598/11 1039/599/11 1040/589/11
f 1038/598/12 1041/114/12 1042/600/12 1039/599/12
f 1041/114/13 1043/601/13 1044/602/13 1042/600/13
f 1043/601/14 1045/116/14 1046/603/14 1044/602/14
f 1045/116/15 1047/604/15 1048/605/15 1046/603/15
f 1047/604/16 1049/26/16 1050/606/16 1048/605/16
f 1049/26/17 1051/607/17 1052/608/17 1050/606/17
f 1051/607/18 1053/119/18 1054/609/18 1052/608/18
f 1053/119/19 1055/610/19 1056/611/19 1054/609/19
f 1055/610/20 1057/121/20 1058/612/20 1056/611/20
f 1057/121/21 1059/613/21 1060/614/21 1058/612/21
f 1059/613/22 1061/36/22 1062/615/22 1060/614/22
f 1061/36/23 1063/616/23 1064/617/23 1062/615/23
f 1063/616/24 1065/124/24 1066/618/24 1064/617/24
f 1065/124/25 1067/619/25 1068/620/25 1066/618/25
f 1067/619/26 1069/126/26 1070/592/26 1068/620/26
f 1069/126/27 1071/621/27 1072/622/27 1070/592/27
f 1071/621/28 1073/46/28 1074/623/28 1072/622/28
f 1073/46/29 1075/624/29 1076/625/29 1074/623/29
f 1075/624/30 1077/129/30 1078/626/30 1076/625/30
f 1077/129/31 1079/627/31 1080/628/31 1078/626/31
f 1079/627/32 1081/131/32 1082/629/32 1080/628/32
f 1081/131/33 1083/630/33 1084/631/33 1082/629/33
f 1083/630/34 1085/54/34 1086/632/34 1084/631/34
f 1085/54/35 1087/633/35 1088/634/35 1086/632/35
f 1087/633/36 1089/134/36 1090/635/36 1088/634/36
f 1089/134/37 1091/636/37 1092/637/37 1090/635/37
f 1091/636/38 1093/136/38 1094/638/38 1092/637/38
f 1093/136/39 1095/639/39 1096/640/39 1094/638/39
f 1095/639/40 1097/64/40 1098/641/40 1096/640/40
f 1097/64/41 1099/642/41 1100/643/41 1098/641/41
f 1099/642/42 1037/14/42 1040/597/42 1100/643/42
f 1099/78/1 1097/79/1 1095/80/1 1093/81/1
f 1099/78/1 1093/81/1 1091/82/1 1089/83/1
f 1099/78/1 1089/83/1 1087/84/1 1085/85/1
f 1099/78/1 1085/85/1 1083/86/1 1081/87/1
f 1099/78/1 1081/87/1 1079/88/1 1077/89/1
f 1099/78/1 1077/89/1 1075/90/1 1073/91/1
f 1099/78/1 1073/91/1 1071/92/1 1069/93/1
f 1099/78/1 1069/93/1 1067/94/1 1065/95/1
f 1099/78/1 1065/95/1 1063/96/1 1061/97/1
f 1099/78/1 1061/97/1 1059/98/1 1057/99/1
f 1099/78/1 1057/99/1 1055/100/1 1053/101/1
f 1099/78/1 1053/101/1 1051/102/1 1049/103/1
f 1099/78/1 1049/103/1 1047/104/1 1045/105/1
f 1099/78/1 1045/105/1 1043/106/1 1041/107/1
f 1099/78/1 1041/107/1 1038/108/1 1037/109/1
f 1040/109/2 1039/108/2 1042/107/2 1044/106/2
f 1040/109/2 1044/106/2 1046/105/2 1048/104/2
f 1040/109/2 1048/104/2 1050/103/2 1052/102/2
f 1040/109/2 1052/102/2 1054/101/2 1056/100/2
f 1040/109/2 1056/100/2 1058/99/2 1060/98/2
f 1040/109/2 1060/98/2 1062/97/2 1064/96/2
f 1040/109/2 1064/96/2 1066/95/2 1068/94/2
f 1040/109/2 1068/94/2 1070/93/2 1072/92/2
f 1040/109/2 1072/92/2 1074/91/2 1076/90/2
f 1040/109/2 1076/90/2 1078/89/2 1080/88/2
f 1040/109/2 1080/88/2 1082/87/2 1084/86/2
f 1040/109/2 1084/86/2 1086/85/2 1088/84/2
f 1040/109/2 1088/84/2 1090/83/2 1092/82/2
f 1040/109/2 1092/82/2 1094/81/2 1096/80/2
f 1040/109/2 1096/80/2 1098/79/2 1100/78/2
f 1101/1/43 1102/587/43 1103/588/43 1104/589/43
f 1102/587/44 1105/590/44 1106/591/44 1103/588/44
f 1105/590/5 1107/126/5 1108/592/5 1106/591/5
f 1107/126/45 1109/593/45 1110/594/45 1108/592/45
f 1109/593/46 1111/595/46 1112/596/46 1110/594/46
f 1111/595/6 1101/14/6 1104/597/6 1112/596/6
f 1111/110/1 1109/85/1 1107/111/1 1105/112/1
f 1111/110/1 1105/112/1 1102/101/1 1101/113/1
f 1104/113/2 1103/101/2 1106/112/2 1108/111/2
f 1104/113/2 1108/111/2 1110/85/2 1112/110/2
f 1113/1/7 1114/587/7 1115/588/7 1116/589/7
f 1114/587/4 1117/590/4 1118/591/4 1115/588/4
f 1117/590/8 1119/126/8 1120/592/8 1118/591/8
f 1119/126/9 1121/593/9 1122/594/9 1120/592/9
f 1121/593/3 1123/595/3 1124/596/3 1122/594/3
f 1123/595/10 1113/14/10 1116/597/10 1124/596/10
f 1125/1/11 1126/598/11 1127/599/11 1128/589/11
f 1126/598/12 1129/114/12 1130/600/12 1127/599/12
f 1129/114/13 1131/601/13 1132/602/13 1130/600/13
f 1131/601/14 1133/116/14 1134/603/14 1132/602/14
f 1133/116/15 1135/604/15 1136/605/15 1134/603/15
f 1135/604/16 1137/26/16 1138/606/16 1136/605/16
f 1137/26/17 1139/607/17 1140/608/17 1138/606/17
f 1139/607/18 1141/119/18 1142/609/18 1140/608/18
f 1141/119/19 1143/610/19 1144/611/19 1142/609/19
f 1143/610/20 1145/121/20 1146/612/20 1144/611/20
f 1145/121/21 1147/613/21 1148/614/21 1146/612/21
f 1147/613/22 1149/36/22 1150/615/22 1148/614/22
f 1149/36/23 1151/616/23 1152/617/23 1150/615/23
f 1151/616/24 1153/124/24 1154/618/24 1152/617/24
f 1153/124/25 1155/619/25 1156/620/25 1154/618/25
f 1155/619/26 1157/126/26 1158/592/26 1156/620/26
f 1157/126/27 1159/621/27 1160/622/27 1158/592/27
f 1159/621/28 1161/46/28 1162/623/28 1160/622/28
f 1161/46/29 1163/624/29 1164/625/29 1162/623/29
f 1163/624/30 1165/129/30 1166/626/30 1164/625/30
f 1165/129/31 1167/627/31 1168/628/31 1166/626/31
f 1167/627/32 1169/131/32 1170/629/32 1168/628/32
f 1169/131/33 1171/630/33 1172/631/33 1170/629/33
f 1171/630/34 1173/54/34 1174/632/34 1172/631/34
f 1173/54/35 1175/633/35 1176/634/35 1174/632/35
f 1175/633/36 1177/134/36 1178/635/36 1176/634/36
f 1177/134/37 1179/636/37 1180/637/37 1178/635/37
f 1179/636/38 1181/136/38 1182/638/38 1180/637/38
f 1181/136/39 1183/639/39 1184/640/39 1182/638/39
f 1183/639/40 1185/64/40 1186/641/40 1184/640/40
f 1185/64/41 1187/642/41 1188/643/41 1186/641/41
f 1187/642/42 1125/14/42 1128/597/42 1188/643/42
f 1187/78/1 1185/79/1 1183/80/1 1181/81/1
f 1187/78/1 1181/81/1 1179/82/1 1177/83/1
f 1187/78/1 1177/83/1 1175/84/1 1173/85/1
f 1187/78/1 1173/85/1 1171/86/1 1169/87/1
f 1187/78/1 1169/87/1 1167/88/1 1165/89/1
f 1187/78/1 1165/89/1 1163/90/1 1161/91/1
f 1187/78/1 1161/91/1 1159/92/1 1157/93/1
f 1187/78/1 1157/93/1 1155/94/1 1153/95/1
f 1187/78/1 1153/95/1 1151/96/1 1149/97/1
f 1187/78/1 1149/97/1 1147/98/1 1145/99/1
f 1187/78/1 1145/99/1 1143/100/1 1141/101/1
f 1187/78/1 1141/101/1 1139/102/1 1137/103/1
f 1187/78/1 1137/103/1 1135/104/1 1133/105/1
f 1187/78/1 1133/105/1 1131/106/1 1129/107/1
f 1187/78/1 1129/107/1 1126/108/1 1125/109/1
f 1128/109/2 1127/108/2 1130/107/2 1132/106/2
f 1128/109/2 1132/106/2 1134/105/2 1136/104/2
f 1128/109/2 1136/104/2 1138/103/2 1140/102/2
f 1128/109/2 1140/102/2 1142/101/2 1144/100/2
f 1128/109/2 1144/100/2 1146/99/2 1148/98/2
f 1128/109/2 1148/98/2 1150/97/2 1152/96/2
f 1128/109/2 1152/96/2 1154/95/2 1156/94/2
f 1128/109/2 1156/94/2 1158/93/2 1160/92/2
f 1128/109/2 1160/92/2 1162/91/2 1164/90/2
f 1128/109/2 1164/90/2 1166/89/2 1168/88/2
f 1128/109/2 1168/88/2 1170/87/2 1172/86/2
f 1128/109/2 1172/86/2 1174/85/2 1176/84/2
f 1128/109/2 1176/84/2 1178/83/2 1180/82/2
f 1128/109/2 1180/82/2 1182/81/2 1184/80/2
f 1128/109/2 1184/80/2 1186/79/2 1188/78/2
f 1189/1/43 1190/587/43 1191/588/43 1192/589/43
f 1190/587/44 1193/590/44 1194/591/44 1191/588/44
f 1193/590/5 1195/126/5 1196/592/5 1194/591/5
f 1195/126/45 1197/593/45 1198/594/45 1196/592/45
f 1197/593/46 1199/595/46 1200/596/46 1198/594/46
f 1199/595/6 1189/14/6 1192/597/6 1200/596/6
f 1199/110/1 1197/85/1 1195/111/1 1193/112/1
f 1199/110/1 1193/112/1 1190/101/1 1189/113/1
f 1192/113/2 1191/101/2 1194/112/2 1196/111/2
f 1192/113/2 1196/111/2 1198/85/2 1200/110/2
f 1201/1/11 1202/114/11 1203/644/11 1204/645/11
f 1202/114/12 1205/116/12 1206/646/12 1203/644/12
f 1205/116/13 1207/26/13 1208/647/13 1206/646/13
f 1207/26/14 1209/119/14 1210/648/14 1208/647/14
f 1209/119/15 1211/121/15 1212/649/15 1210/648/15
f 1211/121/16 1213/36/16 1214/650/16 1212/649/16
f 1213/36/17 1215/124/17 1216/651/17 1214/650/17
f 1215/124/18 1217/126/18 1218/652/18 1216/651/18
f 1217/126/19 1219/46/19 1220/653/19 1218/652/19
f 1219/46/20 1221/129/20 1222/654/20 1220/653/20
f 1221/129/21 1223/131/21 1224/655/21 1222/654/21
f 1223/131/22 1225/54/22 1226/656/22 1224/655/22
f 1225/54/23 1227/134/23 1228/657/23 1226/656/23
f 1227/134/24 1229/136/24 1230/658/24 1228/657/24
f 1229/136/25 1231/64/25 1232/659/25 1230/658/25
f 1231/64/26 1233/14/26 1234/660/26 1232/659/26
f 1233/14/27 1235/140/27 1236/661/27 1234/660/27
f 1235/140/28 1237/74/28 1238/662/28 1236/661/28
f 1237/74/29 1239/143/29 1240/663/29 1238/662/29
f 1239/143/30 1241/145/30 1242/664/30 1240/663/30
f 1241/145/31 1243/147/31 1244/665/31 1242/664/31
f 1243/147/32 1245/149/32 1246/666/32 1244/665/32
f 1245/149/33 1247/151/33 1248/667/33 1246/666/33
f 1247/151/34 1249/153/34 1250/668/34 1248/667/34
f 1249/153/35 1251/155/35 1252/669/35 1250/668/35
f 1251/155/36 1253/157/36 1254/670/36 1252/669/36
f 1253/157/37 1255/159/37 1256/671/37 1254/670/37
f 1255/159/38 1257/161/38 1258/672/38 1256/671/38
f 1257/161/39 1259/163/39 1260/673/39 1258/672/39
f 1259/163/40 1261/165/40 1262/674/40 1260/673/40
f 1261/165/41 1263/167/41 1264/675/41 1262/674/41
f 1263/167/42 1201/169/42 1204/676/42 1264/675/42
f 1263/78/1 1261/79/1 1259/80/1 1257/81/1
f 1263/78/1 1257/81/1 1255/82/1 1253/83/1
f 1263/78/1 1253/83/1 1251/84/1 1249/85/1
f 1263/78/1 1249/85/1 1247/86/1 1245/87/1
f 1263/78/1 1245/87/1 1243/88/1 1241/89/1
f 1263/78/1 1241/89/1 1239/90/1 1237/91/1
f 1263/78/1 1237/91/1 1235/92/1 1233/93/1
f 1263/78/1 1233/93/1 1231/94/1 1229/95/1
f 1263/78/1 1229/95/1 1227/96/1 1225/97/1
f 1263/78/1 1225/97/1 1223/98/1 1221/99/1
f 1263/78/1 1221/99/1 1219/100/1 1217/101/1
f 1263/78/1 1217/101/1 1215/102/1 1213/103/1
f 1263/78/1 1213/103/1 1211/104/1 1209/105/1
f 1263/78/1 1209/105/1 1207/106/1 1205/107/1
f 1263/78/1 1205/107/1 1202/108/1 1201/109/1
f 1204/109/2 1203/108/2 1206/107/2 1208/106/2
f 1204/109/2 1208/106/2 1210/105/2 1212/104/2
f 1204/109/2 1212/104/2 1214/103/2 1216/102/2
f 1204/109/2 1216/102/2 1218/101/2 1220/100/2
f 1204/109/2 1220/100/2 1222/99/2 1224/98/2
f 1204/109/2 1224/98/2 1226/97/2 1228/96/2
f 1204/109/2 1228/96/2 1230/95/2 1232/94/2
f 1204/109/2 1232/94/2 1234/93/2 1236/92/2
f 1204/109/2 1236/92/2 1238/91/2 1240/90/2
f 1204/109/2 1240/90/2 1242/89/2 1244/88/2
f 1204/109/2 1244/88/2 1246/87/2 1248/86/2
f 1204/109/2 1248/86/2 1250/85/2 1252/84/2
f 1204/109/2 1252/84/2 1254/83/2 1256/82/2
f 1204/109/2 1256/82/2 1258/81/2 1260/80/2
f 1204/109/2 1260/80/2 1262/79/2 1264/78/2
f 1265/1/1 1266/233/1 1267/584/1 1268/452/1
f 1269/452/2 1270/584/2 1271/233/2 1272/1/2
f 1268/233/3 1267/1/3 1270/452/3 1269/584/3
f 1266/233/4 1265/1/4 1272/452/4 1271/584/4
f 1265/233/5 1268/1/5 1269/452/5 1272/584/5
f 1267/233/6 1266/1/6 1271/452/6 1270/584/6
o head
usemtl top
f 845/586/2 846/585/2 847/448/2 848/1/2
o lens_off
usemtl glass_off
f 1273/1/1 1274/448/1 1275/585/1 1276/586/1
f 1276/679/3 1275/680/3 1278/677/3 1277/678/3
f 1274/679/4 1273/680/4 1280/677/4 1279/678/4
f 1273/679/5 1276/680/5 1277/677/5 1280/678/5
f 1275/679/6 1274/680/6 1279/677/6 1278/678/6
o lens_off
usemtl body
f 1277/677/2 1278/678/2 1279/679/2 1280/680/2
o lens_dim
usemtl glass_dim
f 1273/1/1 1274/448/1 1275/585/1 1276/586/1
f 1276/679/3 1275/680/3 1278/677/3 1277/678/3
f 1274/679/4 1273/680/4 1280/677/4 1279/678/4
f 1273/679/5 1276/680/5 1277/677/5 1280/678/5
f 1275/679/6 1274/680/6 1279/677/6 1278/678/6
o lens_dim
usemtl body
f 1277/677/2 1278/678/2 1279/679/2 1280/680/2
o lens_warm
usemtl glass_warm
f 1273/1/1 1274/448/1 1275/585/1 1276/586/1
f 1276/679/3 1275/680/3 1278/677/3 1277/678/3
f 1274/679/4 1273/680/4 1280/677/4 1279/678/4
f 1273/679/5 1276/680/5 1277/677/5 1280/678/5
f 1275/679/6 1274/680/6 1279/677/6 1278/678/6
o lens_warm
usemtl body
f 1277/677/2 1278/678/2 1279/679/2 1280/680/2
o lens_bright
usemtl glass_bright
f 1273/1/1 1274/448/1 1275/585/1 1276/586/1
f 1276/679/3 1275/680/3 1278/677/3 1277/678/3
f 1274/679/4 1273/680/4 1280/677/4 1279/678/4
f 1273/679/5 1276/680/5 1277/677/5 1280/678/5
f 1275/679/6 1274/680/6 1279/677/6 1278/678/6
o lens_bright
usemtl body
f 1277/677/2 1278/678/2 1279/679/2 1280/680/2
o lens_overdrive
usemtl glass_overdrive
f 1273/1/1 1274/448/1 1275/585/1 1276/586/1
f 1276/679/3 1275/680/3 1278/677/3 1277/678/3
f 1274/679/4 1273/680/4 1280/677/4 1279/678/4
f 1273/679/5 1276/680/5 1277/677/5 1280/678/5
f 1275/679/6 1274/680/6 1279/677/6 1278/678/6
o lens_overdrive
usemtl body
f 1277/677/2 1278/678/2 1279/679/2 1280/680/2
o lens_burnt
usemtl glass_burnt
f 1273/1/1 1274/448/1 1275/585/1 1276/586/1
f 1276/679/3 1275/680/3 1278/677/3 1277/678/3
f 1274/679/4 1273/680/4 1280/677/4 1279/678/4
f 1273/679/5 1276/680/5 1277/677/5 1280/678/5
f 1275/679/6 1274/680/6 1279/677/6 1278/678/6
o lens_burnt
usemtl body
f 1277/677/2 1278/678/2 1279/679/2 1280/680/2
