# generated by tools/gen_pv_models.py - do not edit by hand
mtllib pv_combiner.mtl
v -0.136000 0.000000 -0.136000
v 0.136000 0.000000 -0.136000
v 0.136000 0.000000 0.136000
v -0.136000 0.000000 0.136000
v -0.136000 0.026000 0.136000
v 0.136000 0.026000 0.136000
v 0.136000 0.026000 -0.136000
v -0.136000 0.026000 -0.136000
v -0.122000 0.041000 -0.129000
v -0.125500 0.041000 -0.122938
v -0.125500 0.026000 -0.122938
v -0.122000 0.026000 -0.129000
v -0.132500 0.041000 -0.122938
v -0.132500 0.026000 -0.122938
v -0.136000 0.041000 -0.129000
v -0.136000 0.026000 -0.129000
v -0.132500 0.041000 -0.135062
v -0.132500 0.026000 -0.135062
v -0.125500 0.041000 -0.135062
v -0.125500 0.026000 -0.135062
v -0.115315 0.026900 -0.129000
v -0.116357 0.026900 -0.123763
v -0.116357 0.025100 -0.123763
v -0.115315 0.025100 -0.129000
v -0.119323 0.026900 -0.119323
v -0.119323 0.025100 -0.119323
v -0.123763 0.026900 -0.116357
v -0.123763 0.025100 -0.116357
v -0.129000 0.026900 -0.115315
v -0.129000 0.025100 -0.115315
v -0.134237 0.026900 -0.116357
v -0.134237 0.025100 -0.116357
v -0.138677 0.026900 -0.119323
v -0.138677 0.025100 -0.119323
v -0.141643 0.026900 -0.123763
v -0.141643 0.025100 -0.123763
v -0.142685 0.026900 -0.129000
v -0.142685 0.025100 -0.129000
v -0.141643 0.026900 -0.134237
v -0.141643 0.025100 -0.134237
v -0.138677 0.026900 -0.138677
v -0.138677 0.025100 -0.138677
v -0.134237 0.026900 -0.141643
v -0.134237 0.025100 -0.141643
v -0.129000 0.026900 -0.142685
v -0.129000 0.025100 -0.142685
v -0.123763 0.026900 -0.141643
v -0.123763 0.025100 -0.141643
v -0.119323 0.026900 -0.138677
v -0.119323 0.025100 -0.138677
v -0.116357 0.026900 -0.134237
v -0.116357 0.025100 -0.134237
v -0.118694 0.029000 -0.123050
v -0.129000 0.029000 -0.117100
v -0.129000 0.026000 -0.117100
v -0.118694 0.026000 -0.123050
v -0.139306 0.029000 -0.123050
v -0.139306 0.026000 -0.123050
v -0.139306 0.029000 -0.134950
v -0.139306 0.026000 -0.134950
v -0.129000 0.029000 -0.140900
v -0.129000 0.026000 -0.140900
v -0.118694 0.029000 -0.134950
v -0.118694 0.026000 -0.134950
v -0.122000 0.041000 0.129000
v -0.125500 0.041000 0.135062
v -0.125500 0.026000 0.135062
v -0.122000 0.026000 0.129000
v -0.132500 0.041000 0.135062
v -0.132500 0.026000 0.135062
v -0.136000 0.041000 0.129000
v -0.136000 0.026000 0.129000
v -0.132500 0.041000 0.122938
v -0.132500 0.026000 0.122938
v -0.125500 0.041000 0.122938
v -0.125500 0.026000 0.122938
v -0.115315 0.026900 0.129000
v -0.116357 0.026900 0.134237
v -0.116357 0.025100 0.134237
v -0.115315 0.025100 0.129000
v -0.119323 0.026900 0.138677
v -0.119323 0.025100 0.138677
v -0.123763 0.026900 0.141643
v -0.123763 0.025100 0.141643
v -0.129000 0.026900 0.142685
v -0.129000 0.025100 0.142685
v -0.134237 0.026900 0.141643
v -0.134237 0.025100 0.141643
v -0.138677 0.026900 0.138677
v -0.138677 0.025100 0.138677
v -0.141643 0.026900 0.134237
v -0.141643 0.025100 0.134237
v -0.142685 0.026900 0.129000
v -0.142685 0.025100 0.129000
v -0.141643 0.026900 0.123763
v -0.141643 0.025100 0.123763
v -0.138677 0.026900 0.119323
v -0.138677 0.025100 0.119323
v -0.134237 0.026900 0.116357
v -0.134237 0.025100 0.116357
v -0.129000 0.026900 0.115315
v -0.129000 0.025100 0.115315
v -0.123763 0.026900 0.116357
v -0.123763 0.025100 0.116357
v -0.119323 0.026900 0.119323
v -0.119323 0.025100 0.119323
v -0.116357 0.026900 0.123763
v -0.116357 0.025100 0.123763
v -0.118694 0.029000 0.134950
v -0.129000 0.029000 0.140900
v -0.129000 0.026000 0.140900
v -0.118694 0.026000 0.134950
v -0.139306 0.029000 0.134950
v -0.139306 0.026000 0.134950
v -0.139306 0.029000 0.123050
v -0.139306 0.026000 0.123050
v -0.129000 0.029000 0.117100
v -0.129000 0.026000 0.117100
v -0.118694 0.029000 0.123050
v -0.118694 0.026000 0.123050
v 0.136000 0.041000 -0.129000
v 0.132500 0.041000 -0.122938
v 0.132500 0.026000 -0.122938
v 0.136000 0.026000 -0.129000
v 0.125500 0.041000 -0.122938
v 0.125500 0.026000 -0.122938
v 0.122000 0.041000 -0.129000
v 0.122000 0.026000 -0.129000
v 0.125500 0.041000 -0.135062
v 0.125500 0.026000 -0.135062
v 0.132500 0.041000 -0.135062
v 0.132500 0.026000 -0.135062
v 0.142685 0.026900 -0.129000
v 0.141643 0.026900 -0.123763
v 0.141643 0.025100 -0.123763
v 0.142685 0.025100 -0.129000
v 0.138677 0.026900 -0.119323
v 0.138677 0.025100 -0.119323
v 0.134237 0.026900 -0.116357
v 0.134237 0.025100 -0.116357
v 0.129000 0.026900 -0.115315
v 0.129000 0.025100 -0.115315
v 0.123763 0.026900 -0.116357
v 0.123763 0.025100 -0.116357
v 0.119323 0.026900 -0.119323
v 0.119323 0.025100 -0.119323
v 0.116357 0.026900 -0.123763
v 0.116357 0.025100 -0.123763
v 0.115315 0.026900 -0.129000
v 0.115315 0.025100 -0.129000
v 0.116357 0.026900 -0.134237
v 0.116357 0.025100 -0.134237
v 0.119323 0.026900 -0.138677
v 0.119323 0.025100 -0.138677
v 0.123763 0.026900 -0.141643
v 0.123763 0.025100 -0.141643
v 0.129000 0.026900 -0.142685
v 0.129000 0.025100 -0.142685
v 0.134237 0.026900 -0.141643
v 0.134237 0.025100 -0.141643
v 0.138677 0.026900 -0.138677
v 0.138677 0.025100 -0.138677
v 0.141643 0.026900 -0.134237
v 0.141643 0.025100 -0.134237
v 0.139306 0.029000 -0.123050
v 0.129000 0.029000 -0.117100
v 0.129000 0.026000 -0.117100
v 0.139306 0.026000 -0.123050
v 0.118694 0.029000 -0.123050
v 0.118694 0.026000 -0.123050
v 0.118694 0.029000 -0.134950
v 0.118694 0.026000 -0.134950
v 0.129000 0.029000 -0.140900
v 0.129000 0.026000 -0.140900
v 0.139306 0.029000 -0.134950
v 0.139306 0.026000 -0.134950
v 0.136000 0.041000 0.129000
v 0.132500 0.041000 0.135062
v 0.132500 0.026000 0.135062
v 0.136000 0.026000 0.129000
v 0.125500 0.041000 0.135062
v 0.125500 0.026000 0.135062
v 0.122000 0.041000 0.129000
v 0.122000 0.026000 0.129000
v 0.125500 0.041000 0.122938
v 0.125500 0.026000 0.122938
v 0.132500 0.041000 0.122938
v 0.132500 0.026000 0.122938
v 0.142685 0.026900 0.129000
v 0.141643 0.026900 0.134237
v 0.141643 0.025100 0.134237
v 0.142685 0.025100 0.129000
v 0.138677 0.026900 0.138677
v 0.138677 0.025100 0.138677
v 0.134237 0.026900 0.141643
v 0.134237 0.025100 0.141643
v 0.129000 0.026900 0.142685
v 0.129000 0.025100 0.142685
v 0.123763 0.026900 0.141643
v 0.123763 0.025100 0.141643
v 0.119323 0.026900 0.138677
v 0.119323 0.025100 0.138677
v 0.116357 0.026900 0.134237
v 0.116357 0.025100 0.134237
v 0.115315 0.026900 0.129000
v 0.115315 0.025100 0.129000
v 0.116357 0.026900 0.123763
v 0.116357 0.025100 0.123763
v 0.119323 0.026900 0.119323
v 0.119323 0.025100 0.119323
v 0.123763 0.026900 0.116357
v 0.123763 0.025100 0.116357
v 0.129000 0.026900 0.115315
v 0.129000 0.025100 0.115315
v 0.134237 0.026900 0.116357
v 0.134237 0.025100 0.116357
v 0.138677 0.026900 0.119323
v 0.138677 0.025100 0.119323
v 0.141643 0.026900 0.123763
v 0.141643 0.025100 0.123763
v 0.139306 0.029000 0.134950
v 0.129000 0.029000 0.140900
v 0.129000 0.026000 0.140900
v 0.139306 0.026000 0.134950
v 0.118694 0.029000 0.134950
v 0.118694 0.026000 0.134950
v 0.118694 0.029000 0.123050
v 0.118694 0.026000 0.123050
v 0.129000 0.029000 0.117100
v 0.129000 0.026000 0.117100
v 0.139306 0.029000 0.123050
v 0.139306 0.026000 0.123050
v -0.122000 0.020000 -0.122000
v 0.122000 0.020000 -0.122000
v 0.122000 0.020000 0.122000
v -0.122000 0.020000 0.122000
v -0.122000 0.100000 0.122000
v 0.122000 0.100000 0.122000
v 0.122000 0.100000 -0.122000
v -0.122000 0.100000 -0.122000
v 0.034000 0.400000 0.000000
v 0.033895 0.400000 0.002668
v 0.033895 0.030000 0.002668
v 0.034000 0.030000 0.000000
v 0.033581 0.400000 0.005319
v 0.033581 0.030000 0.005319
v 0.033061 0.400000 0.007937
v 0.033061 0.030000 0.007937
v 0.032336 0.400000 0.010507
v 0.032336 0.030000 0.010507
v 0.031412 0.400000 0.013011
v 0.031412 0.030000 0.013011
v 0.030294 0.400000 0.015436
v 0.030294 0.030000 0.015436
v 0.028990 0.400000 0.017765
v 0.028990 0.030000 0.017765
v 0.027507 0.400000 0.019985
v 0.027507 0.030000 0.019985
v 0.025854 0.400000 0.022081
v 0.025854 0.030000 0.022081
v 0.024042 0.400000 0.024042
v 0.024042 0.030000 0.024042
v 0.022081 0.400000 0.025854
v 0.022081 0.030000 0.025854
v 0.019985 0.400000 0.027507
v 0.019985 0.030000 0.027507
v 0.017765 0.400000 0.028990
v 0.017765 0.030000 0.028990
v 0.015436 0.400000 0.030294
v 0.015436 0.030000 0.030294
v 0.013011 0.400000 0.031412
v 0.013011 0.030000 0.031412
v 0.010507 0.400000 0.032336
v 0.010507 0.030000 0.032336
v 0.007937 0.400000 0.033061
v 0.007937 0.030000 0.033061
v 0.005319 0.400000 0.033581
v 0.005319 0.030000 0.033581
v 0.002668 0.400000 0.033895
v 0.002668 0.030000 0.033895
v 0.000000 0.400000 0.034000
v 0.000000 0.030000 0.034000
v -0.002668 0.400000 0.033895
v -0.002668 0.030000 0.033895
v -0.005319 0.400000 0.033581
v -0.005319 0.030000 0.033581
v -0.007937 0.400000 0.033061
v -0.007937 0.030000 0.033061
v -0.010507 0.400000 0.032336
v -0.010507 0.030000 0.032336
v -0.013011 0.400000 0.031412
v -0.013011 0.030000 0.031412
v -0.015436 0.400000 0.030294
v -0.015436 0.030000 0.030294
v -0.017765 0.400000 0.028990
v -0.017765 0.030000 0.028990
v -0.019985 0.400000 0.027507
v -0.019985 0.030000 0.027507
v -0.022081 0.400000 0.025854
v -0.022081 0.030000 0.025854
v -0.024042 0.400000 0.024042
v -0.024042 0.030000 0.024042
v -0.025854 0.400000 0.022081
v -0.025854 0.030000 0.022081
v -0.027507 0.400000 0.019985
v -0.027507 0.030000 0.019985
v -0.028990 0.400000 0.017765
v -0.028990 0.030000 0.017765
v -0.030294 0.400000 0.015436
v -0.030294 0.030000 0.015436
v -0.031412 0.400000 0.013011
v -0.031412 0.030000 0.013011
v -0.032336 0.400000 0.010507
v -0.032336 0.030000 0.010507
v -0.033061 0.400000 0.007937
v -0.033061 0.030000 0.007937
v -0.033581 0.400000 0.005319
v -0.033581 0.030000 0.005319
v -0.033895 0.400000 0.002668
v -0.033895 0.030000 0.002668
v -0.034000 0.400000 0.000000
v -0.034000 0.030000 0.000000
v -0.033895 0.400000 -0.002668
v -0.033895 0.030000 -0.002668
v -0.033581 0.400000 -0.005319
v -0.033581 0.030000 -0.005319
v -0.033061 0.400000 -0.007937
v -0.033061 0.030000 -0.007937
v -0.032336 0.400000 -0.010507
v -0.032336 0.030000 -0.010507
v -0.031412 0.400000 -0.013011
v -0.031412 0.030000 -0.013011
v -0.030294 0.400000 -0.015436
v -0.030294 0.030000 -0.015436
v -0.028990 0.400000 -0.017765
v -0.028990 0.030000 -0.017765
v -0.027507 0.400000 -0.019985
v -0.027507 0.030000 -0.019985
v -0.025854 0.400000 -0.022081
v -0.025854 0.030000 -0.022081
v -0.024042 0.400000 -0.024042
v -0.024042 0.030000 -0.024042
v -0.022081 0.400000 -0.025854
v -0.022081 0.030000 -0.025854
v -0.019985 0.400000 -0.027507
v -0.019985 0.030000 -0.027507
v -0.017765 0.400000 -0.028990
v -0.017765 0.030000 -0.028990
v -0.015436 0.400000 -0.030294
v -0.015436 0.030000 -0.030294
v -0.013011 0.400000 -0.031412
v -0.013011 0.030000 -0.031412
v -0.010507 0.400000 -0.032336
v -0.010507 0.030000 -0.032336
v -0.007937 0.400000 -0.033061
v -0.007937 0.030000 -0.033061
v -0.005319 0.400000 -0.033581
v -0.005319 0.030000 -0.033581
v -0.002668 0.400000 -0.033895
v -0.002668 0.030000 -0.033895
v -0.000000 0.400000 -0.034000
v -0.000000 0.030000 -0.034000
v 0.002668 0.400000 -0.033895
v 0.002668 0.030000 -0.033895
v 0.005319 0.400000 -0.033581
v 0.005319 0.030000 -0.033581
v 0.007937 0.400000 -0.033061
v 0.007937 0.030000 -0.033061
v 0.010507 0.400000 -0.032336
v 0.010507 0.030000 -0.032336
v 0.013011 0.400000 -0.031412
v 0.013011 0.030000 -0.031412
v 0.015436 0.400000 -0.030294
v 0.015436 0.030000 -0.030294
v 0.017765 0.400000 -0.028990
v 0.017765 0.030000 -0.028990
v 0.019985 0.400000 -0.027507
v 0.019985 0.030000 -0.027507
v 0.022081 0.400000 -0.025854
v 0.022081 0.030000 -0.025854
v 0.024042 0.400000 -0.024042
v 0.024042 0.030000 -0.024042
v 0.025854 0.400000 -0.022081
v 0.025854 0.030000 -0.022081
v 0.027507 0.400000 -0.019985
v 0.027507 0.030000 -0.019985
v 0.028990 0.400000 -0.017765
v 0.028990 0.030000 -0.017765
v 0.030294 0.400000 -0.015436
v 0.030294 0.030000 -0.015436
v 0.031412 0.400000 -0.013011
v 0.031412 0.030000 -0.013011
v 0.032336 0.400000 -0.010507
v 0.032336 0.030000 -0.010507
v 0.033061 0.400000 -0.007937
v 0.033061 0.030000 -0.007937
v 0.033581 0.400000 -0.005319
v 0.033581 0.030000 -0.005319
v 0.033895 0.400000 -0.002668
v 0.033895 0.030000 -0.002668
v -0.030000 0.440000 0.030000
v 0.030000 0.440000 0.030000
v 0.030000 0.440000 0.105000
v -0.030000 0.440000 0.105000
v -0.030000 0.450500 0.105000
v 0.030000 0.450500 0.105000
v 0.030000 0.450500 0.030000
v -0.030000 0.450500 0.030000
v 0.030000 0.440000 0.056250
v -0.030000 0.440000 0.056250
v -0.030000 0.470000 0.056250
v 0.030000 0.470000 0.056250
v 0.030000 0.470000 0.030000
v -0.030000 0.470000 0.030000
v -0.030000 0.680000 0.030000
v 0.030000 0.680000 0.030000
v 0.030000 0.680000 0.105000
v -0.030000 0.680000 0.105000
v -0.030000 0.690500 0.105000
v 0.030000 0.690500 0.105000
v 0.030000 0.690500 0.030000
v -0.030000 0.690500 0.030000
v 0.030000 0.680000 0.056250
v -0.030000 0.680000 0.056250
v -0.030000 0.710000 0.056250
v 0.030000 0.710000 0.056250
v 0.030000 0.710000 0.030000
v -0.030000 0.710000 0.030000
v -0.215000 0.380000 -0.095000
v 0.215000 0.380000 -0.095000
v 0.215000 0.380000 0.095000
v -0.215000 0.380000 0.095000
v -0.215000 0.780000 0.095000
v 0.215000 0.780000 0.095000
v 0.215000 0.780000 -0.095000
v -0.215000 0.780000 -0.095000
v -0.235000 0.780000 -0.125000
v 0.235000 0.780000 -0.125000
v 0.235000 0.780000 0.100000
v -0.235000 0.780000 0.100000
v -0.235000 0.800000 0.100000
v 0.235000 0.800000 0.100000
v 0.235000 0.800000 -0.125000
v -0.235000 0.800000 -0.125000
v -0.185000 0.405000 -0.112000
v 0.185000 0.405000 -0.112000
v 0.185000 0.405000 -0.095000
v -0.185000 0.405000 -0.095000
v -0.185000 0.755000 -0.095000
v 0.185000 0.755000 -0.095000
v 0.185000 0.755000 -0.112000
v -0.185000 0.755000 -0.112000
v 0.185000 0.440000 -0.110000
v 0.198000 0.440000 -0.110000
v 0.198000 0.440000 -0.096000
v 0.185000 0.440000 -0.096000
v 0.185000 0.480000 -0.096000
v 0.198000 0.480000 -0.096000
v 0.198000 0.480000 -0.110000
v 0.185000 0.480000 -0.110000
v 0.185000 0.690000 -0.110000
v 0.198000 0.690000 -0.110000
v 0.198000 0.690000 -0.096000
v 0.185000 0.690000 -0.096000
v 0.185000 0.730000 -0.096000
v 0.198000 0.730000 -0.096000
v 0.198000 0.730000 -0.110000
v 0.185000 0.730000 -0.110000
v -0.195000 0.355000 -0.070000
v 0.195000 0.355000 -0.070000
v 0.195000 0.355000 0.070000
v -0.195000 0.355000 0.070000
v -0.195000 0.380000 0.070000
v 0.195000 0.380000 0.070000
v 0.195000 0.380000 -0.070000
v -0.195000 0.380000 -0.070000
v -0.141000 0.356000 0.000000
v -0.142066 0.356000 0.005358
v -0.142066 0.304000 0.005358
v -0.141000 0.304000 0.000000
v -0.145101 0.356000 0.009899
v -0.145101 0.304000 0.009899
v -0.149642 0.356000 0.012934
v -0.149642 0.304000 0.012934
v -0.155000 0.356000 0.014000
v -0.155000 0.304000 0.014000
v -0.160358 0.356000 0.012934
v -0.160358 0.304000 0.012934
v -0.164899 0.356000 0.009899
v -0.164899 0.304000 0.009899
v -0.167934 0.356000 0.005358
v -0.167934 0.304000 0.005358
v -0.169000 0.356000 0.000000
v -0.169000 0.304000 0.000000
v -0.167934 0.356000 -0.005358
v -0.167934 0.304000 -0.005358
v -0.164899 0.356000 -0.009899
v -0.164899 0.304000 -0.009899
v -0.160358 0.356000 -0.012934
v -0.160358 0.304000 -0.012934
v -0.155000 0.356000 -0.014000
v -0.155000 0.304000 -0.014000
v -0.149642 0.356000 -0.012934
v -0.149642 0.304000 -0.012934
v -0.145101 0.356000 -0.009899
v -0.145101 0.304000 -0.009899
v -0.142066 0.356000 -0.005358
v -0.142066 0.304000 -0.005358
v -0.079000 0.356000 0.000000
v -0.080066 0.356000 0.005358
v -0.080066 0.304000 0.005358
v -0.079000 0.304000 0.000000
v -0.083101 0.356000 0.009899
v -0.083101 0.304000 0.009899
v -0.087642 0.356000 0.012934
v -0.087642 0.304000 0.012934
v -0.093000 0.356000 0.014000
v -0.093000 0.304000 0.014000
v -0.098358 0.356000 0.012934
v -0.098358 0.304000 0.012934
v -0.102899 0.356000 0.009899
v -0.102899 0.304000 0.009899
v -0.105934 0.356000 0.005358
v -0.105934 0.304000 0.005358
v -0.107000 0.356000 0.000000
v -0.107000 0.304000 0.000000
v -0.105934 0.356000 -0.005358
v -0.105934 0.304000 -0.005358
v -0.102899 0.356000 -0.009899
v -0.102899 0.304000 -0.009899
v -0.098358 0.356000 -0.012934
v -0.098358 0.304000 -0.012934
v -0.093000 0.356000 -0.014000
v -0.093000 0.304000 -0.014000
v -0.087642 0.356000 -0.012934
v -0.087642 0.304000 -0.012934
v -0.083101 0.356000 -0.009899
v -0.083101 0.304000 -0.009899
v -0.080066 0.356000 -0.005358
v -0.080066 0.304000 -0.005358
v -0.017000 0.356000 0.000000
v -0.018066 0.356000 0.005358
v -0.018066 0.304000 0.005358
v -0.017000 0.304000 0.000000
v -0.021101 0.356000 0.009899
v -0.021101 0.304000 0.009899
v -0.025642 0.356000 0.012934
v -0.025642 0.304000 0.012934
v -0.031000 0.356000 0.014000
v -0.031000 0.304000 0.014000
v -0.036358 0.356000 0.012934
v -0.036358 0.304000 0.012934
v -0.040899 0.356000 0.009899
v -0.040899 0.304000 0.009899
v -0.043934 0.356000 0.005358
v -0.043934 0.304000 0.005358
v -0.045000 0.356000 0.000000
v -0.045000 0.304000 0.000000
v -0.043934 0.356000 -0.005358
v -0.043934 0.304000 -0.005358
v -0.040899 0.356000 -0.009899
v -0.040899 0.304000 -0.009899
v -0.036358 0.356000 -0.012934
v -0.036358 0.304000 -0.012934
v -0.031000 0.356000 -0.014000
v -0.031000 0.304000 -0.014000
v -0.025642 0.356000 -0.012934
v -0.025642 0.304000 -0.012934
v -0.021101 0.356000 -0.009899
v -0.021101 0.304000 -0.009899
v -0.018066 0.356000 -0.005358
v -0.018066 0.304000 -0.005358
v 0.045000 0.356000 0.000000
v 0.043934 0.356000 0.005358
v 0.043934 0.304000 0.005358
v 0.045000 0.304000 0.000000
v 0.040899 0.356000 0.009899
v 0.040899 0.304000 0.009899
v 0.036358 0.356000 0.012934
v 0.036358 0.304000 0.012934
v 0.031000 0.356000 0.014000
v 0.031000 0.304000 0.014000
v 0.025642 0.356000 0.012934
v 0.025642 0.304000 0.012934
v 0.021101 0.356000 0.009899
v 0.021101 0.304000 0.009899
v 0.018066 0.356000 0.005358
v 0.018066 0.304000 0.005358
v 0.017000 0.356000 0.000000
v 0.017000 0.304000 0.000000
v 0.018066 0.356000 -0.005358
v 0.018066 0.304000 -0.005358
v 0.021101 0.356000 -0.009899
v 0.021101 0.304000 -0.009899
v 0.025642 0.356000 -0.012934
v 0.025642 0.304000 -0.012934
v 0.031000 0.356000 -0.014000
v 0.031000 0.304000 -0.014000
v 0.036358 0.356000 -0.012934
v 0.036358 0.304000 -0.012934
v 0.040899 0.356000 -0.009899
v 0.040899 0.304000 -0.009899
v 0.043934 0.356000 -0.005358
v 0.043934 0.304000 -0.005358
v 0.107000 0.356000 0.000000
v 0.105934 0.356000 0.005358
v 0.105934 0.304000 0.005358
v 0.107000 0.304000 0.000000
v 0.102899 0.356000 0.009899
v 0.102899 0.304000 0.009899
v 0.098358 0.356000 0.012934
v 0.098358 0.304000 0.012934
v 0.093000 0.356000 0.014000
v 0.093000 0.304000 0.014000
v 0.087642 0.356000 0.012934
v 0.087642 0.304000 0.012934
v 0.083101 0.356000 0.009899
v 0.083101 0.304000 0.009899
v 0.080066 0.356000 0.005358
v 0.080066 0.304000 0.005358
v 0.079000 0.356000 0.000000
v 0.079000 0.304000 0.000000
v 0.080066 0.356000 -0.005358
v 0.080066 0.304000 -0.005358
v 0.083101 0.356000 -0.009899
v 0.083101 0.304000 -0.009899
v 0.087642 0.356000 -0.012934
v 0.087642 0.304000 -0.012934
v 0.093000 0.356000 -0.014000
v 0.093000 0.304000 -0.014000
v 0.098358 0.356000 -0.012934
v 0.098358 0.304000 -0.012934
v 0.102899 0.356000 -0.009899
v 0.102899 0.304000 -0.009899
v 0.105934 0.356000 -0.005358
v 0.105934 0.304000 -0.005358
v 0.169000 0.356000 0.000000
v 0.167934 0.356000 0.005358
v 0.167934 0.304000 0.005358
v 0.169000 0.304000 0.000000
v 0.164899 0.356000 0.009899
v 0.164899 0.304000 0.009899
v 0.160358 0.356000 0.012934
v 0.160358 0.304000 0.012934
v 0.155000 0.356000 0.014000
v 0.155000 0.304000 0.014000
v 0.149642 0.356000 0.012934
v 0.149642 0.304000 0.012934
v 0.145101 0.356000 0.009899
v 0.145101 0.304000 0.009899
v 0.142066 0.356000 0.005358
v 0.142066 0.304000 0.005358
v 0.141000 0.356000 0.000000
v 0.141000 0.304000 0.000000
v 0.142066 0.356000 -0.005358
v 0.142066 0.304000 -0.005358
v 0.145101 0.356000 -0.009899
v 0.145101 0.304000 -0.009899
v 0.149642 0.356000 -0.012934
v 0.149642 0.304000 -0.012934
v 0.155000 0.356000 -0.014000
v 0.155000 0.304000 -0.014000
v 0.160358 0.356000 -0.012934
v 0.160358 0.304000 -0.012934
v 0.164899 0.356000 -0.009899
v 0.164899 0.304000 -0.009899
v 0.167934 0.356000 -0.005358
v 0.167934 0.304000 -0.005358
v 0.211000 0.485000 0.000000
v 0.211000 0.482716 0.011481
v 0.259000 0.482716 0.011481
v 0.259000 0.485000 0.000000
v 0.211000 0.476213 0.021213
v 0.259000 0.476213 0.021213
v 0.211000 0.466481 0.027716
v 0.259000 0.466481 0.027716
v 0.211000 0.455000 0.030000
v 0.259000 0.455000 0.030000
v 0.211000 0.443519 0.027716
v 0.259000 0.443519 0.027716
v 0.211000 0.433787 0.021213
v 0.259000 0.433787 0.021213
v 0.211000 0.427284 0.011481
v 0.259000 0.427284 0.011481
v 0.211000 0.425000 0.000000
v 0.259000 0.425000 0.000000
v 0.211000 0.427284 -0.011481
v 0.259000 0.427284 -0.011481
v 0.211000 0.433787 -0.021213
v 0.259000 0.433787 -0.021213
v 0.211000 0.443519 -0.027716
v 0.259000 0.443519 -0.027716
v 0.211000 0.455000 -0.030000
v 0.259000 0.455000 -0.030000
v 0.211000 0.466481 -0.027716
v 0.259000 0.466481 -0.027716
v 0.211000 0.476213 -0.021213
v 0.259000 0.476213 -0.021213
v 0.211000 0.482716 -0.011481
v 0.259000 0.482716 -0.011481
v 0.145000 0.495000 -0.112000
v -0.065625 0.081250 -0.500000
v -0.081172 0.078158 -0.500000
v -0.081172 0.078158 -0.157000
v -0.065625 0.081250 -0.157000
v -0.094351 0.069351 -0.500000
v -0.094351 0.069351 -0.157000
v -0.103158 0.056172 -0.500000
v -0.103158 0.056172 -0.157000
v -0.106250 0.040625 -0.500000
v -0.106250 0.040625 -0.157000
v -0.103158 0.025078 -0.500000
v -0.103158 0.025078 -0.157000
v -0.094351 0.011899 -0.500000
v -0.094351 0.011899 -0.157000
v -0.081172 0.003092 -0.500000
v -0.081172 0.003092 -0.157000
v -0.065625 0.000000 -0.500000
v -0.065625 0.000000 -0.157000
v -0.050078 0.003092 -0.500000
v -0.050078 0.003092 -0.157000
v -0.036899 0.011899 -0.500000
v -0.036899 0.011899 -0.157000
v -0.028092 0.025078 -0.500000
v -0.028092 0.025078 -0.157000
v -0.025000 0.040625 -0.500000
v -0.025000 0.040625 -0.157000
v -0.028092 0.056172 -0.500000
v -0.028092 0.056172 -0.157000
v -0.036899 0.069351 -0.500000
v -0.036899 0.069351 -0.157000
v -0.050078 0.078158 -0.500000
v -0.050078 0.078158 -0.157000
v 0.065625 0.081250 -0.500000
v 0.050078 0.078158 -0.500000
v 0.050078 0.078158 -0.157000
v 0.065625 0.081250 -0.157000
v 0.036899 0.069351 -0.500000
v 0.036899 0.069351 -0.157000
v 0.028092 0.056172 -0.500000
v 0.028092 0.056172 -0.157000
v 0.025000 0.040625 -0.500000
v 0.025000 0.040625 -0.157000
v 0.028092 0.025078 -0.500000
v 0.028092 0.025078 -0.157000
v 0.036899 0.011899 -0.500000
v 0.036899 0.011899 -0.157000
v 0.050078 0.003092 -0.500000
v 0.050078 0.003092 -0.157000
v 0.065625 0.000000 -0.500000
v 0.065625 0.000000 -0.157000
v 0.081172 0.003092 -0.500000
v 0.081172 0.003092 -0.157000
v 0.094351 0.011899 -0.500000
v 0.094351 0.011899 -0.157000
v 0.103158 0.025078 -0.500000
v 0.103158 0.025078 -0.157000
v 0.106250 0.040625 -0.500000
v 0.106250 0.040625 -0.157000
v 0.103158 0.056172 -0.500000
v 0.103158 0.056172 -0.157000
v 0.094351 0.069351 -0.500000
v 0.094351 0.069351 -0.157000
v 0.081172 0.078158 -0.500000
v 0.081172 0.078158 -0.157000
v -0.115000 0.000000 -0.425000
v -0.106250 0.000000 -0.425000
v -0.106250 0.000000 -0.395000
v -0.115000 0.000000 -0.395000
v -0.115000 0.081250 -0.395000
v -0.106250 0.081250 -0.395000
v -0.106250 0.081250 -0.425000
v -0.115000 0.081250 -0.425000
v 0.106250 0.000000 -0.425000
v 0.115000 0.000000 -0.425000
v 0.115000 0.000000 -0.395000
v 0.106250 0.000000 -0.395000
v 0.106250 0.081250 -0.395000
v 0.115000 0.081250 -0.395000
v 0.115000 0.081250 -0.425000
v 0.106250 0.081250 -0.425000
v -0.115000 0.107250 -0.395000
v 0.115000 0.107250 -0.395000
v 0.115000 0.107250 -0.425000
v -0.115000 0.107250 -0.425000
v -0.500000 0.081250 0.065625
v -0.500000 0.078158 0.081172
v -0.157000 0.078158 0.081172
v -0.157000 0.081250 0.065625
v -0.500000 0.069351 0.094351
v -0.157000 0.069351 0.094351
v -0.500000 0.056172 0.103158
v -0.157000 0.056172 0.103158
v -0.500000 0.040625 0.106250
v -0.157000 0.040625 0.106250
v -0.500000 0.025078 0.103158
v -0.157000 0.025078 0.103158
v -0.500000 0.011899 0.094351
v -0.157000 0.011899 0.094351
v -0.500000 0.003092 0.081172
v -0.157000 0.003092 0.081172
v -0.500000 0.000000 0.065625
v -0.157000 0.000000 0.065625
v -0.500000 0.003092 0.050078
v -0.157000 0.003092 0.050078
v -0.500000 0.011899 0.036899
v -0.157000 0.011899 0.036899
v -0.500000 0.025078 0.028092
v -0.157000 0.025078 0.028092
v -0.500000 0.040625 0.025000
v -0.157000 0.040625 0.025000
v -0.500000 0.056172 0.028092
v -0.157000 0.056172 0.028092
v -0.500000 0.069351 0.036899
v -0.157000 0.069351 0.036899
v -0.500000 0.078158 0.050078
v -0.157000 0.078158 0.050078
v -0.500000 0.081250 -0.065625
v -0.500000 0.078158 -0.050078
v -0.157000 0.078158 -0.050078
v -0.157000 0.081250 -0.065625
v -0.500000 0.069351 -0.036899
v -0.157000 0.069351 -0.036899
v -0.500000 0.056172 -0.028092
v -0.157000 0.056172 -0.028092
v -0.500000 0.040625 -0.025000
v -0.157000 0.040625 -0.025000
v -0.500000 0.025078 -0.028092
v -0.157000 0.025078 -0.028092
v -0.500000 0.011899 -0.036899
v -0.157000 0.011899 -0.036899
v -0.500000 0.003092 -0.050078
v -0.157000 0.003092 -0.050078
v -0.500000 0.000000 -0.065625
v -0.157000 0.000000 -0.065625
v -0.500000 0.003092 -0.081172
v -0.157000 0.003092 -0.081172
v -0.500000 0.011899 -0.094351
v -0.157000 0.011899 -0.094351
v -0.500000 0.025078 -0.103158
v -0.157000 0.025078 -0.103158
v -0.500000 0.040625 -0.106250
v -0.157000 0.040625 -0.106250
v -0.500000 0.056172 -0.103158
v -0.157000 0.056172 -0.103158
v -0.500000 0.069351 -0.094351
v -0.157000 0.069351 -0.094351
v -0.500000 0.078158 -0.081172
v -0.157000 0.078158 -0.081172
v -0.425000 0.000000 0.115000
v -0.425000 0.000000 0.106250
v -0.395000 0.000000 0.106250
v -0.395000 0.000000 0.115000
v -0.395000 0.081250 0.115000
v -0.395000 0.081250 0.106250
v -0.425000 0.081250 0.106250
v -0.425000 0.081250 0.115000
v -0.425000 0.000000 -0.106250
v -0.425000 0.000000 -0.115000
v -0.395000 0.000000 -0.115000
v -0.395000 0.000000 -0.106250
v -0.395000 0.081250 -0.106250
v -0.395000 0.081250 -0.115000
v -0.425000 0.081250 -0.115000
v -0.425000 0.081250 -0.106250
v -0.395000 0.107250 0.115000
v -0.395000 0.107250 -0.115000
v -0.425000 0.107250 -0.115000
v -0.425000 0.107250 0.115000
v 0.065625 0.081250 0.500000
v 0.081172 0.078158 0.500000
v 0.081172 0.078158 0.157000
v 0.065625 0.081250 0.157000
v 0.094351 0.069351 0.500000
v 0.094351 0.069351 0.157000
v 0.103158 0.056172 0.500000
v 0.103158 0.056172 0.157000
v 0.106250 0.040625 0.500000
v 0.106250 0.040625 0.157000
v 0.103158 0.025078 0.500000
v 0.103158 0.025078 0.157000
v 0.094351 0.011899 0.500000
v 0.094351 0.011899 0.157000
v 0.081172 0.003092 0.500000
v 0.081172 0.003092 0.157000
v 0.065625 0.000000 0.500000
v 0.065625 0.000000 0.157000
v 0.050078 0.003092 0.500000
v 0.050078 0.003092 0.157000
v 0.036899 0.011899 0.500000
v 0.036899 0.011899 0.157000
v 0.028092 0.025078 0.500000
v 0.028092 0.025078 0.157000
v 0.025000 0.040625 0.500000
v 0.025000 0.040625 0.157000
v 0.028092 0.056172 0.500000
v 0.028092 0.056172 0.157000
v 0.036899 0.069351 0.500000
v 0.036899 0.069351 0.157000
v 0.050078 0.078158 0.500000
v 0.050078 0.078158 0.157000
v -0.065625 0.081250 0.500000
v -0.050078 0.078158 0.500000
v -0.050078 0.078158 0.157000
v -0.065625 0.081250 0.157000
v -0.036899 0.069351 0.500000
v -0.036899 0.069351 0.157000
v -0.028092 0.056172 0.500000
v -0.028092 0.056172 0.157000
v -0.025000 0.040625 0.500000
v -0.025000 0.040625 0.157000
v -0.028092 0.025078 0.500000
v -0.028092 0.025078 0.157000
v -0.036899 0.011899 0.500000
v -0.036899 0.011899 0.157000
v -0.050078 0.003092 0.500000
v -0.050078 0.003092 0.157000
v -0.065625 0.000000 0.500000
v -0.065625 0.000000 0.157000
v -0.081172 0.003092 0.500000
v -0.081172 0.003092 0.157000
v -0.094351 0.011899 0.500000
v -0.094351 0.011899 0.157000
v -0.103158 0.025078 0.500000
v -0.103158 0.025078 0.157000
v -0.106250 0.040625 0.500000
v -0.106250 0.040625 0.157000
v -0.103158 0.056172 0.500000
v -0.103158 0.056172 0.157000
v -0.094351 0.069351 0.500000
v -0.094351 0.069351 0.157000
v -0.081172 0.078158 0.500000
v -0.081172 0.078158 0.157000
v 0.115000 0.000000 0.425000
v 0.106250 0.000000 0.425000
v 0.106250 0.000000 0.395000
v 0.115000 0.000000 0.395000
v 0.115000 0.081250 0.395000
v 0.106250 0.081250 0.395000
v 0.106250 0.081250 0.425000
v 0.115000 0.081250 0.425000
v -0.106250 0.000000 0.425000
v -0.115000 0.000000 0.425000
v -0.115000 0.000000 0.395000
v -0.106250 0.000000 0.395000
v -0.106250 0.081250 0.395000
v -0.115000 0.081250 0.395000
v -0.115000 0.081250 0.425000
v -0.106250 0.081250 0.425000
v 0.115000 0.107250 0.395000
v -0.115000 0.107250 0.395000
v -0.115000 0.107250 0.425000
v 0.115000 0.107250 0.425000
v 0.500000 0.081250 -0.065625
v 0.500000 0.078158 -0.081172
v 0.157000 0.078158 -0.081172
v 0.157000 0.081250 -0.065625
v 0.500000 0.069351 -0.094351
v 0.157000 0.069351 -0.094351
v 0.500000 0.056172 -0.103158
v 0.157000 0.056172 -0.103158
v 0.500000 0.040625 -0.106250
v 0.157000 0.040625 -0.106250
v 0.500000 0.025078 -0.103158
v 0.157000 0.025078 -0.103158
v 0.500000 0.011899 -0.094351
v 0.157000 0.011899 -0.094351
v 0.500000 0.003092 -0.081172
v 0.157000 0.003092 -0.081172
v 0.500000 0.000000 -0.065625
v 0.157000 0.000000 -0.065625
v 0.500000 0.003092 -0.050078
v 0.157000 0.003092 -0.050078
v 0.500000 0.011899 -0.036899
v 0.157000 0.011899 -0.036899
v 0.500000 0.025078 -0.028092
v 0.157000 0.025078 -0.028092
v 0.500000 0.040625 -0.025000
v 0.157000 0.040625 -0.025000
v 0.500000 0.056172 -0.028092
v 0.157000 0.056172 -0.028092
v 0.500000 0.069351 -0.036899
v 0.157000 0.069351 -0.036899
v 0.500000 0.078158 -0.050078
v 0.157000 0.078158 -0.050078
v 0.500000 0.081250 0.065625
v 0.500000 0.078158 0.050078
v 0.157000 0.078158 0.050078
v 0.157000 0.081250 0.065625
v 0.500000 0.069351 0.036899
v 0.157000 0.069351 0.036899
v 0.500000 0.056172 0.028092
v 0.157000 0.056172 0.028092
v 0.500000 0.040625 0.025000
v 0.157000 0.040625 0.025000
v 0.500000 0.025078 0.028092
v 0.157000 0.025078 0.028092
v 0.500000 0.011899 0.036899
v 0.157000 0.011899 0.036899
v 0.500000 0.003092 0.050078
v 0.157000 0.003092 0.050078
v 0.500000 0.000000 0.065625
v 0.157000 0.000000 0.065625
v 0.500000 0.003092 0.081172
v 0.157000 0.003092 0.081172
v 0.500000 0.011899 0.094351
v 0.157000 0.011899 0.094351
v 0.500000 0.025078 0.103158
v 0.157000 0.025078 0.103158
v 0.500000 0.040625 0.106250
v 0.157000 0.040625 0.106250
v 0.500000 0.056172 0.103158
v 0.157000 0.056172 0.103158
v 0.500000 0.069351 0.094351
v 0.157000 0.069351 0.094351
v 0.500000 0.078158 0.081172
v 0.157000 0.078158 0.081172
v 0.425000 0.000000 -0.115000
v 0.425000 0.000000 -0.106250
v 0.395000 0.000000 -0.106250
v 0.395000 0.000000 -0.115000
v 0.395000 0.081250 -0.115000
v 0.395000 0.081250 -0.106250
v 0.425000 0.081250 -0.106250
v 0.425000 0.081250 -0.115000
v 0.425000 0.000000 0.106250
v 0.425000 0.000000 0.115000
v 0.395000 0.000000 0.115000
v 0.395000 0.000000 0.106250
v 0.395000 0.081250 0.106250
v 0.395000 0.081250 0.115000
v 0.425000 0.081250 0.115000
v 0.425000 0.081250 0.106250
v 0.395000 0.107250 -0.115000
v 0.395000 0.107250 0.115000
v 0.425000 0.107250 0.115000
v 0.425000 0.107250 -0.115000
v -0.013625 0.040625 -0.140000
v -0.039625 0.085658 -0.140000
v -0.039625 0.085658 -0.122000
v -0.013625 0.040625 -0.122000
v -0.091625 0.085658 -0.140000
v -0.091625 0.085658 -0.122000
v -0.117625 0.040625 -0.140000
v -0.117625 0.040625 -0.122000
v -0.091625 -0.004408 -0.140000
v -0.091625 -0.004408 -0.122000
v -0.039625 -0.004408 -0.140000
v -0.039625 -0.004408 -0.122000
v 0.117625 0.040625 -0.140000
v 0.091625 0.085658 -0.140000
v 0.091625 0.085658 -0.122000
v 0.117625 0.040625 -0.122000
v 0.039625 0.085658 -0.140000
v 0.039625 0.085658 -0.122000
v 0.013625 0.040625 -0.140000
v 0.013625 0.040625 -0.122000
v 0.039625 -0.004408 -0.140000
v 0.039625 -0.004408 -0.122000
v 0.091625 -0.004408 -0.140000
v 0.091625 -0.004408 -0.122000
v -0.027225 0.040625 -0.164000
v -0.030148 0.055320 -0.164000
v -0.021279 0.058994 -0.140000
v -0.017625 0.040625 -0.140000
v -0.038472 0.067778 -0.164000
v -0.031684 0.074566 -0.140000
v -0.050930 0.076102 -0.164000
v -0.047256 0.084971 -0.140000
v -0.065625 0.079025 -0.164000
v -0.065625 0.088625 -0.140000
v -0.080320 0.076102 -0.164000
v -0.083994 0.084971 -0.140000
v -0.092778 0.067778 -0.164000
v -0.099566 0.074566 -0.140000
v -0.101102 0.055320 -0.164000
v -0.109971 0.058994 -0.140000
v -0.104025 0.040625 -0.164000
v -0.113625 0.040625 -0.140000
v -0.101102 0.025930 -0.164000
v -0.109971 0.022256 -0.140000
v -0.092778 0.013472 -0.164000
v -0.099566 0.006684 -0.140000
v -0.080320 0.005148 -0.164000
v -0.083994 -0.003721 -0.140000
v -0.065625 0.002225 -0.164000
v -0.065625 -0.007375 -0.140000
v -0.050930 0.005148 -0.164000
v -0.047256 -0.003721 -0.140000
v -0.038472 0.013472 -0.164000
v -0.031684 0.006684 -0.140000
v -0.030148 0.025930 -0.164000
v -0.021279 0.022256 -0.140000
v 0.104025 0.040625 -0.164000
v 0.101102 0.055320 -0.164000
v 0.109971 0.058994 -0.140000
v 0.113625 0.040625 -0.140000
v 0.092778 0.067778 -0.164000
v 0.099566 0.074566 -0.140000
v 0.080320 0.076102 -0.164000
v 0.083994 0.084971 -0.140000
v 0.065625 0.079025 -0.164000
v 0.065625 0.088625 -0.140000
v 0.050930 0.076102 -0.164000
v 0.047256 0.084971 -0.140000
v 0.038472 0.067778 -0.164000
v 0.031684 0.074566 -0.140000
v 0.030148 0.055320 -0.164000
v 0.021279 0.058994 -0.140000
v 0.027225 0.040625 -0.164000
v 0.017625 0.040625 -0.140000
v 0.030148 0.025930 -0.164000
v 0.021279 0.022256 -0.140000
v 0.038472 0.013472 -0.164000
v 0.031684 0.006684 -0.140000
v 0.050930 0.005148 -0.164000
v 0.047256 -0.003721 -0.140000
v 0.065625 0.002225 -0.164000
v 0.065625 -0.007375 -0.140000
v 0.080320 0.005148 -0.164000
v 0.083994 -0.003721 -0.140000
v 0.092778 0.013472 -0.164000
v 0.099566 0.006684 -0.140000
v 0.101102 0.025930 -0.164000
v 0.109971 0.022256 -0.140000
v -0.140000 0.092625 0.065625
v -0.140000 0.066625 0.110658
v -0.122000 0.066625 0.110658
v -0.122000 0.092625 0.065625
v -0.140000 0.014625 0.110658
v -0.122000 0.014625 0.110658
v -0.140000 -0.011375 0.065625
v -0.122000 -0.011375 0.065625
v -0.140000 0.014625 0.020592
v -0.122000 0.014625 0.020592
v -0.140000 0.066625 0.020592
v -0.122000 0.066625 0.020592
v -0.140000 0.092625 -0.065625
v -0.140000 0.066625 -0.020592
v -0.122000 0.066625 -0.020592
v -0.122000 0.092625 -0.065625
v -0.140000 0.014625 -0.020592
v -0.122000 0.014625 -0.020592
v -0.140000 -0.011375 -0.065625
v -0.122000 -0.011375 -0.065625
v -0.140000 0.014625 -0.110658
v -0.122000 0.014625 -0.110658
v -0.140000 0.066625 -0.110658
v -0.122000 0.066625 -0.110658
v -0.164000 0.079025 0.065625
v -0.164000 0.076102 0.080320
v -0.140000 0.084971 0.083994
v -0.140000 0.088625 0.065625
v -0.164000 0.067778 0.092778
v -0.140000 0.074566 0.099566
v -0.164000 0.055320 0.101102
v -0.140000 0.058994 0.109971
v -0.164000 0.040625 0.104025
v -0.140000 0.040625 0.113625
v -0.164000 0.025930 0.101102
v -0.140000 0.022256 0.109971
v -0.164000 0.013472 0.092778
v -0.140000 0.006684 0.099566
v -0.164000 0.005148 0.080320
v -0.140000 -0.003721 0.083994
v -0.164000 0.002225 0.065625
v -0.140000 -0.007375 0.065625
v -0.164000 0.005148 0.050930
v -0.140000 -0.003721 0.047256
v -0.164000 0.013472 0.038472
v -0.140000 0.006684 0.031684
v -0.164000 0.025930 0.030148
v -0.140000 0.022256 0.021279
v -0.164000 0.040625 0.027225
v -0.140000 0.040625 0.017625
v -0.164000 0.055320 0.030148
v -0.140000 0.058994 0.021279
v -0.164000 0.067778 0.038472
v -0.140000 0.074566 0.031684
v -0.164000 0.076102 0.050930
v -0.140000 0.084971 0.047256
v -0.164000 0.079025 -0.065625
v -0.164000 0.076102 -0.050930
v -0.140000 0.084971 -0.047256
v -0.140000 0.088625 -0.065625
v -0.164000 0.067778 -0.038472
v -0.140000 0.074566 -0.031684
v -0.164000 0.055320 -0.030148
v -0.140000 0.058994 -0.021279
v -0.164000 0.040625 -0.027225
v -0.140000 0.040625 -0.017625
v -0.164000 0.025930 -0.030148
v -0.140000 0.022256 -0.021279
v -0.164000 0.013472 -0.038472
v -0.140000 0.006684 -0.031684
v -0.164000 0.005148 -0.050930
v -0.140000 -0.003721 -0.047256
v -0.164000 0.002225 -0.065625
v -0.140000 -0.007375 -0.065625
v -0.164000 0.005148 -0.080320
v -0.140000 -0.003721 -0.083994
v -0.164000 0.013472 -0.092778
v -0.140000 0.006684 -0.099566
v -0.164000 0.025930 -0.101102
v -0.140000 0.022256 -0.109971
v -0.164000 0.040625 -0.104025
v -0.140000 0.040625 -0.113625
v -0.164000 0.055320 -0.101102
v -0.140000 0.058994 -0.109971
v -0.164000 0.067778 -0.092778
v -0.140000 0.074566 -0.099566
v -0.164000 0.076102 -0.080320
v -0.140000 0.084971 -0.083994
v 0.117625 0.040625 0.122000
v 0.091625 0.085658 0.122000
v 0.091625 0.085658 0.140000
v 0.117625 0.040625 0.140000
v 0.039625 0.085658 0.122000
v 0.039625 0.085658 0.140000
v 0.013625 0.040625 0.122000
v 0.013625 0.040625 0.140000
v 0.039625 -0.004408 0.122000
v 0.039625 -0.004408 0.140000
v 0.091625 -0.004408 0.122000
v 0.091625 -0.004408 0.140000
v -0.013625 0.040625 0.122000
v -0.039625 0.085658 0.122000
v -0.039625 0.085658 0.140000
v -0.013625 0.040625 0.140000
v -0.091625 0.085658 0.122000
v -0.091625 0.085658 0.140000
v -0.117625 0.040625 0.122000
v -0.117625 0.040625 0.140000
v -0.091625 -0.004408 0.122000
v -0.091625 -0.004408 0.140000
v -0.039625 -0.004408 0.122000
v -0.039625 -0.004408 0.140000
v 0.113625 0.040625 0.140000
v 0.109971 0.058994 0.140000
v 0.101102 0.055320 0.164000
v 0.104025 0.040625 0.164000
v 0.099566 0.074566 0.140000
v 0.092778 0.067778 0.164000
v 0.083994 0.084971 0.140000
v 0.080320 0.076102 0.164000
v 0.065625 0.088625 0.140000
v 0.065625 0.079025 0.164000
v 0.047256 0.084971 0.140000
v 0.050930 0.076102 0.164000
v 0.031684 0.074566 0.140000
v 0.038472 0.067778 0.164000
v 0.021279 0.058994 0.140000
v 0.030148 0.055320 0.164000
v 0.017625 0.040625 0.140000
v 0.027225 0.040625 0.164000
v 0.021279 0.022256 0.140000
v 0.030148 0.025930 0.164000
v 0.031684 0.006684 0.140000
v 0.038472 0.013472 0.164000
v 0.047256 -0.003721 0.140000
v 0.050930 0.005148 0.164000
v 0.065625 -0.007375 0.140000
v 0.065625 0.002225 0.164000
v 0.083994 -0.003721 0.140000
v 0.080320 0.005148 0.164000
v 0.099566 0.006684 0.140000
v 0.092778 0.013472 0.164000
v 0.109971 0.022256 0.140000
v 0.101102 0.025930 0.164000
v -0.017625 0.040625 0.140000
v -0.021279 0.058994 0.140000
v -0.030148 0.055320 0.164000
v -0.027225 0.040625 0.164000
v -0.031684 0.074566 0.140000
v -0.038472 0.067778 0.164000
v -0.047256 0.084971 0.140000
v -0.050930 0.076102 0.164000
v -0.065625 0.088625 0.140000
v -0.065625 0.079025 0.164000
v -0.083994 0.084971 0.140000
v -0.080320 0.076102 0.164000
v -0.099566 0.074566 0.140000
v -0.092778 0.067778 0.164000
v -0.109971 0.058994 0.140000
v -0.101102 0.055320 0.164000
v -0.113625 0.040625 0.140000
v -0.104025 0.040625 0.164000
v -0.109971 0.022256 0.140000
v -0.101102 0.025930 0.164000
v -0.099566 0.006684 0.140000
v -0.092778 0.013472 0.164000
v -0.083994 -0.003721 0.140000
v -0.080320 0.005148 0.164000
v -0.065625 -0.007375 0.140000
v -0.065625 0.002225 0.164000
v -0.047256 -0.003721 0.140000
v -0.050930 0.005148 0.164000
v -0.031684 0.006684 0.140000
v -0.038472 0.013472 0.164000
v -0.021279 0.022256 0.140000
v -0.030148 0.025930 0.164000
v 0.122000 0.092625 -0.065625
v 0.122000 0.066625 -0.020592
v 0.140000 0.066625 -0.020592
v 0.140000 0.092625 -0.065625
v 0.122000 0.014625 -0.020592
v 0.140000 0.014625 -0.020592
v 0.122000 -0.011375 -0.065625
v 0.140000 -0.011375 -0.065625
v 0.122000 0.014625 -0.110658
v 0.140000 0.014625 -0.110658
v 0.122000 0.066625 -0.110658
v 0.140000 0.066625 -0.110658
v 0.122000 0.092625 0.065625
v 0.122000 0.066625 0.110658
v 0.140000 0.066625 0.110658
v 0.140000 0.092625 0.065625
v 0.122000 0.014625 0.110658
v 0.140000 0.014625 0.110658
v 0.122000 -0.011375 0.065625
v 0.140000 -0.011375 0.065625
v 0.122000 0.014625 0.020592
v 0.140000 0.014625 0.020592
v 0.122000 0.066625 0.020592
v 0.140000 0.066625 0.020592
v 0.140000 0.088625 -0.065625
v 0.140000 0.084971 -0.047256
v 0.164000 0.076102 -0.050930
v 0.164000 0.079025 -0.065625
v 0.140000 0.074566 -0.031684
v 0.164000 0.067778 -0.038472
v 0.140000 0.058994 -0.021279
v 0.164000 0.055320 -0.030148
v 0.140000 0.040625 -0.017625
v 0.164000 0.040625 -0.027225
v 0.140000 0.022256 -0.021279
v 0.164000 0.025930 -0.030148
v 0.140000 0.006684 -0.031684
v 0.164000 0.013472 -0.038472
v 0.140000 -0.003721 -0.047256
v 0.164000 0.005148 -0.050930
v 0.140000 -0.007375 -0.065625
v 0.164000 0.002225 -0.065625
v 0.140000 -0.003721 -0.083994
v 0.164000 0.005148 -0.080320
v 0.140000 0.006684 -0.099566
v 0.164000 0.013472 -0.092778
v 0.140000 0.022256 -0.109971
v 0.164000 0.025930 -0.101102
v 0.140000 0.040625 -0.113625
v 0.164000 0.040625 -0.104025
v 0.140000 0.058994 -0.109971
v 0.164000 0.055320 -0.101102
v 0.140000 0.074566 -0.099566
v 0.164000 0.067778 -0.092778
v 0.140000 0.084971 -0.083994
v 0.164000 0.076102 -0.080320
v 0.140000 0.088625 0.065625
v 0.140000 0.084971 0.083994
v 0.164000 0.076102 0.080320
v 0.164000 0.079025 0.065625
v 0.140000 0.074566 0.099566
v 0.164000 0.067778 0.092778
v 0.140000 0.058994 0.109971
v 0.164000 0.055320 0.101102
v 0.140000 0.040625 0.113625
v 0.164000 0.040625 0.104025
v 0.140000 0.022256 0.109971
v 0.164000 0.025930 0.101102
v 0.140000 0.006684 0.099566
v 0.164000 0.013472 0.092778
v 0.140000 -0.003721 0.083994
v 0.164000 0.005148 0.080320
v 0.140000 -0.007375 0.065625
v 0.164000 0.002225 0.065625
v 0.140000 -0.003721 0.047256
v 0.164000 0.005148 0.050930
v 0.140000 0.006684 0.031684
v 0.164000 0.013472 0.038472
v 0.140000 0.022256 0.021279
v 0.164000 0.025930 0.030148
v 0.140000 0.040625 0.017625
v 0.164000 0.040625 0.027225
v 0.140000 0.058994 0.021279
v 0.164000 0.055320 0.030148
v 0.140000 0.074566 0.031684
v 0.164000 0.067778 0.038472
v 0.140000 0.084971 0.047256
v 0.164000 0.076102 0.050930
v 0.163000 0.495000 -0.140000
v 0.161630 0.501888 -0.140000
v 0.161630 0.501888 -0.112000
v 0.163000 0.495000 -0.112000
v 0.157728 0.507728 -0.140000
v 0.157728 0.507728 -0.112000
v 0.151888 0.511630 -0.140000
v 0.151888 0.511630 -0.112000
v 0.145000 0.513000 -0.140000
v 0.145000 0.513000 -0.112000
v 0.138112 0.511630 -0.140000
v 0.138112 0.511630 -0.112000
v 0.132272 0.507728 -0.140000
v 0.132272 0.507728 -0.112000
v 0.128370 0.501888 -0.140000
v 0.128370 0.501888 -0.112000
v 0.127000 0.495000 -0.140000
v 0.127000 0.495000 -0.112000
v 0.128370 0.488112 -0.140000
v 0.128370 0.488112 -0.112000
v 0.132272 0.482272 -0.140000
v 0.132272 0.482272 -0.112000
v 0.138112 0.478370 -0.140000
v 0.138112 0.478370 -0.112000
v 0.145000 0.477000 -0.140000
v 0.145000 0.477000 -0.112000
v 0.151888 0.478370 -0.140000
v 0.151888 0.478370 -0.112000
v 0.157728 0.482272 -0.140000
v 0.157728 0.482272 -0.112000
v 0.161630 0.488112 -0.140000
v 0.161630 0.488112 -0.112000
v 0.130000 0.495000 -0.142000
v 0.160000 0.495000 -0.142000
v 0.160000 0.495000 -0.126000
v 0.130000 0.495000 -0.126000
v 0.130000 0.575000 -0.126000
v 0.160000 0.575000 -0.126000
v 0.160000 0.575000 -0.142000
v 0.130000 0.575000 -0.142000
vn 0.0000 -1.0000 0.0000
vn 0.0000 1.0000 0.0000
vn 0.0000 0.0000 -1.0000
vn 0.0000 0.0000 1.0000
vn -1.0000 0.0000 0.0000
vn 1.0000 0.0000 0.0000
vn 0.8660 0.0000 0.5000
vn -0.8660 0.0000 0.5000
vn -0.8660 0.0000 -0.5000
vn 0.8660 0.0000 -0.5000
vn 0.9808 0.0000 0.1951
vn 0.8315 0.0000 0.5556
vn 0.5556 0.0000 0.8315
vn 0.1951 0.0000 0.9808
vn -0.1951 0.0000 0.9808
vn -0.5556 0.0000 0.8315
vn -0.8315 0.0000 0.5556
vn -0.9808 0.0000 0.1951
vn -0.9808 0.0000 -0.1951
vn -0.8315 0.0000 -0.5556
vn -0.5556 0.0000 -0.8315
vn -0.1951 0.0000 -0.9808
vn 0.1951 0.0000 -0.9808
vn 0.5556 0.0000 -0.8315
vn 0.8315 0.0000 -0.5556
vn 0.9808 0.0000 -0.1951
vn 0.5000 0.0000 0.8660
vn -0.5000 0.0000 0.8660
vn -0.5000 0.0000 -0.8660
vn 0.5000 0.0000 -0.8660
vn 0.9992 0.0000 0.0393
vn 0.9931 0.0000 0.1175
vn 0.9625 0.0000 0.2714
vn 0.9382 0.0000 0.3461
vn 0.9081 0.0000 0.4187
vn 0.8725 0.0000 0.4886
vn 0.7853 0.0000 0.6191
vn 0.7343 0.0000 0.6788
vn 0.6788 0.0000 0.7343
vn 0.6191 0.0000 0.7853
vn 0.4886 0.0000 0.8725
vn 0.4187 0.0000 0.9081
vn 0.3461 0.0000 0.9382
vn 0.2714 0.0000 0.9625
vn 0.1175 0.0000 0.9931
vn 0.0393 0.0000 0.9992
vn -0.0393 0.0000 0.9992
vn -0.1175 0.0000 0.9931
vn -0.2714 0.0000 0.9625
vn -0.3461 0.0000 0.9382
vn -0.4187 0.0000 0.9081
vn -0.4886 0.0000 0.8725
vn -0.6191 0.0000 0.7853
vn -0.6788 0.0000 0.7343
vn -0.7343 0.0000 0.6788
vn -0.7853 0.0000 0.6191
vn -0.8725 0.0000 0.4886
vn -0.9081 0.0000 0.4187
vn -0.9382 0.0000 0.3461
vn -0.9625 0.0000 0.2714
vn -0.9931 0.0000 0.1175
vn -0.9992 0.0000 0.0393
vn -0.9992 0.0000 -0.0393
vn -0.9931 0.0000 -0.1175
vn -0.9625 0.0000 -0.2714
vn -0.9382 0.0000 -0.3461
vn -0.9081 0.0000 -0.4187
vn -0.8725 0.0000 -0.4886
vn -0.7853 0.0000 -0.6191
vn -0.7343 0.0000 -0.6788
vn -0.6788 0.0000 -0.7343
vn -0.6191 0.0000 -0.7853
vn -0.4886 0.0000 -0.8725
vn -0.4187 0.0000 -0.9081
vn -0.3461 0.0000 -0.9382
vn -0.2714 0.0000 -0.9625
vn -0.1175 0.0000 -0.9931
vn -0.0393 0.0000 -0.9992
vn 0.0393 0.0000 -0.9992
vn 0.1175 0.0000 -0.9931
vn 0.2714 0.0000 -0.9625
vn 0.3461 0.0000 -0.9382
vn 0.4187 0.0000 -0.9081
vn 0.4886 0.0000 -0.8725
vn 0.6191 0.0000 -0.7853
vn 0.6788 0.0000 -0.7343
vn 0.7343 0.0000 -0.6788
vn 0.7853 0.0000 -0.6191
vn 0.8725 0.0000 -0.4886
vn 0.9081 0.0000 -0.4187
vn 0.9382 0.0000 -0.3461
vn 0.9625 0.0000 -0.2714
vn 0.9931 0.0000 -0.1175
vn 0.9992 0.0000 -0.0393
vn 0.0000 0.9808 0.1951
vn 0.0000 0.8315 0.5556
vn 0.0000 0.5556 0.8315
vn 0.0000 0.1951 0.9808
vn 0.0000 -0.1951 0.9808
vn 0.0000 -0.5556 0.8315
vn 0.0000 -0.8315 0.5556
vn 0.0000 -0.9808 0.1951
vn 0.0000 -0.9808 -0.1951
vn 0.0000 -0.8315 -0.5556
vn 0.0000 -0.5556 -0.8315
vn 0.0000 -0.1951 -0.9808
vn 0.0000 0.1951 -0.9808
vn 0.0000 0.5556 -0.8315
vn 0.0000 0.8315 -0.5556
vn 0.0000 0.9808 -0.1951
vn -0.1913 0.9619 0.0000
vn -0.5449 0.8155 0.0000
vn -0.8155 0.5449 0.0000
vn -0.9619 0.1913 0.0000
vn -0.9619 -0.1913 0.0000
vn -0.8155 -0.5449 0.0000
vn -0.5449 -0.8155 0.0000
vn -0.1913 -0.9619 0.0000
vn 0.1913 -0.9619 0.0000
vn 0.5449 -0.8155 0.0000
vn 0.8155 -0.5449 0.0000
vn 0.9619 -0.1913 0.0000
vn 0.9619 0.1913 0.0000
vn 0.8155 0.5449 -0.0000
vn 0.5449 0.8155 -0.0000
vn 0.1913 0.9619 0.0000
vn -0.0000 0.9619 0.1913
vn -0.0000 0.8155 0.5449
vn -0.0000 0.5449 0.8155
vn -0.0000 0.1913 0.9619
vn -0.0000 -0.1913 0.9619
vn -0.0000 -0.5449 0.8155
vn -0.0000 -0.8155 0.5449
vn -0.0000 -0.9619 0.1913
vn 0.0000 -0.9619 -0.1913
vn 0.0000 -0.8155 -0.5449
vn 0.0000 -0.5449 -0.8155
vn 0.0000 -0.1913 -0.9619
vn 0.0000 0.1913 -0.9619
vn 0.0000 0.5449 -0.8155
vn 0.0000 0.8155 -0.5449
vn 0.0000 0.9619 -0.1913
vn 0.8660 0.5000 0.0000
vn -0.8660 0.5000 0.0000
vn -0.8660 -0.5000 0.0000
vn 0.8660 -0.5000 0.0000
vn 0.9762 0.2167 0.0000
vn 0.8190 0.5738 0.0000
vn 0.5371 0.8435 0.0000
vn 0.1734 0.9849 0.0000
vn -0.2167 0.9762 0.0000
vn -0.5738 0.8190 0.0000
vn -0.8435 0.5371 0.0000
vn -0.9849 0.1734 0.0000
vn -0.9762 -0.2167 0.0000
vn -0.8190 -0.5738 0.0000
vn -0.5371 -0.8435 0.0000
vn -0.1734 -0.9849 0.0000
vn 0.2167 -0.9762 0.0000
vn 0.5738 -0.8190 0.0000
vn 0.8435 -0.5371 0.0000
vn 0.9849 -0.1734 0.0000
vn 0.0000 0.8660 0.5000
vn 0.0000 -0.8660 0.5000
vn 0.0000 -0.8660 -0.5000
vn 0.0000 0.8660 -0.5000
vn 0.0000 0.9762 0.2167
vn 0.0000 0.8190 0.5738
vn 0.0000 0.5371 0.8435
vn 0.0000 0.1734 0.9849
vn 0.0000 -0.2167 0.9762
vn 0.0000 -0.5738 0.8190
vn 0.0000 -0.8435 0.5371
vn 0.0000 -0.9849 0.1734
vn 0.0000 -0.9762 -0.2167
vn 0.0000 -0.8190 -0.5738
vn 0.0000 -0.5371 -0.8435
vn 0.0000 -0.1734 -0.9849
vn 0.0000 0.2167 -0.9762
vn 0.0000 0.5738 -0.8190
vn 0.0000 0.8435 -0.5371
vn 0.0000 0.9849 -0.1734
vn 0.9849 0.1734 0.0000
vn 0.8435 0.5371 0.0000
vn 0.5738 0.8190 0.0000
vn 0.2167 0.9762 0.0000
vn -0.1734 0.9849 0.0000
vn -0.5371 0.8435 0.0000
vn -0.8190 0.5738 0.0000
vn -0.9762 0.2167 0.0000
vn -0.9849 -0.1734 0.0000
vn -0.8435 -0.5371 0.0000
vn -0.5738 -0.8190 0.0000
vn -0.2167 -0.9762 0.0000
vn 0.1734 -0.9849 0.0000
vn 0.5371 -0.8435 0.0000
vn 0.8190 -0.5738 0.0000
vn 0.9762 -0.2167 0.0000
vn 0.0000 0.9849 0.1734
vn 0.0000 0.8435 0.5371
vn 0.0000 0.5738 0.8190
vn 0.0000 0.2167 0.9762
vn 0.0000 -0.1734 0.9849
vn 0.0000 -0.5371 0.8435
vn 0.0000 -0.8190 0.5738
vn 0.0000 -0.9762 0.2167
vn 0.0000 -0.9849 -0.1734
vn 0.0000 -0.8435 -0.5371
vn 0.0000 -0.5738 -0.8190
vn 0.0000 -0.2167 -0.9762
vn 0.0000 0.1734 -0.9849
vn 0.0000 0.5371 -0.8435
vn 0.0000 0.8190 -0.5738
vn 0.0000 0.9762 -0.2167
vn 0.9808 0.1951 0.0000
vn 0.8315 0.5556 0.0000
vn 0.5556 0.8315 0.0000
vn 0.1951 0.9808 0.0000
vn -0.1951 0.9808 0.0000
vn -0.5556 0.8315 0.0000
vn -0.8315 0.5556 0.0000
vn -0.9808 0.1951 0.0000
vn -0.9808 -0.1951 0.0000
vn -0.8315 -0.5556 0.0000
vn -0.5556 -0.8315 0.0000
vn -0.1951 -0.9808 0.0000
vn 0.1951 -0.9808 0.0000
vn 0.5556 -0.8315 0.0000
vn 0.8315 -0.5556 0.0000
vn 0.9808 -0.1951 0.0000
vt 0.000000 0.500000
vt 0.500000 0.500000
vt 0.500000 0.000000
vt 0.000000 0.000000
vt 0.000000 0.120000
vt 0.020000 0.120000
vt 0.020000 0.000000
vt 0.040000 0.120000
vt 0.040000 0.000000
vt 0.060000 0.120000
vt 0.060000 0.000000
vt 0.080000 0.120000
vt 0.080000 0.000000
vt 0.100000 0.120000
vt 0.100000 0.000000
vt 0.120000 0.120000
vt 0.120000 0.000000
vt 0.007500 0.120000
vt 0.007500 0.000000
vt 0.015000 0.120000
vt 0.015000 0.000000
vt 0.022500 0.120000
vt 0.022500 0.000000
vt 0.030000 0.120000
vt 0.030000 0.000000
vt 0.037500 0.120000
vt 0.037500 0.000000
vt 0.045000 0.120000
vt 0.045000 0.000000
vt 0.052500 0.120000
vt 0.052500 0.000000
vt 0.067500 0.120000
vt 0.067500 0.000000
vt 0.075000 0.120000
vt 0.075000 0.000000
vt 0.082500 0.120000
vt 0.082500 0.000000
vt 0.090000 0.120000
vt 0.090000 0.000000
vt 0.097500 0.120000
vt 0.097500 0.000000
vt 0.105000 0.120000
vt 0.105000 0.000000
vt 0.112500 0.120000
vt 0.112500 0.000000
vt 0.691342 0.038060
vt 0.853553 0.146447
vt 0.961940 0.308658
vt 0.146447 0.146447
vt 0.308658 0.038060
vt 0.038060 0.308658
vt 0.146447 0.853553
vt 0.038060 0.691342
vt 0.500000 1.000000
vt 0.308658 0.961940
vt 0.853553 0.853553
vt 0.691342 0.961940
vt 1.000000 0.500000
vt 0.961940 0.691342
vt 0.066987 0.750000
vt 0.066987 0.250000
vt 0.933013 0.250000
vt 0.933013 0.750000
vt 0.000000 0.300000
vt 0.300000 0.300000
vt 0.300000 0.000000
vt 0.000000 1.200000
vt 0.005000 1.200000
vt 0.005000 0.000000
vt 0.010000 1.200000
vt 0.010000 0.000000
vt 0.015000 1.200000
vt 0.020000 1.200000
vt 0.025000 1.200000
vt 0.025000 0.000000
vt 0.030000 1.200000
vt 0.035000 1.200000
vt 0.035000 0.000000
vt 0.040000 1.200000
vt 0.045000 1.200000
vt 0.050000 1.200000
vt 0.050000 0.000000
vt 0.055000 1.200000
vt 0.055000 0.000000
vt 0.060000 1.200000
vt 0.065000 1.200000
vt 0.065000 0.000000
vt 0.070000 1.200000
vt 0.070000 0.000000
vt 0.075000 1.200000
vt 0.080000 1.200000
vt 0.085000 1.200000
vt 0.085000 0.000000
vt 0.090000 1.200000
vt 0.095000 1.200000
vt 0.095000 0.000000
vt 0.100000 1.200000
vt 0.105000 1.200000
vt 0.110000 1.200000
vt 0.110000 0.000000
vt 0.115000 1.200000
vt 0.115000 0.000000
vt 0.120000 1.200000
vt 0.125000 1.200000
vt 0.125000 0.000000
vt 0.130000 1.200000
vt 0.130000 0.000000
vt 0.135000 1.200000
vt 0.135000 0.000000
vt 0.140000 1.200000
vt 0.140000 0.000000
vt 0.145000 1.200000
vt 0.145000 0.000000
vt 0.150000 1.200000
vt 0.150000 0.000000
vt 0.155000 1.200000
vt 0.155000 0.000000
vt 0.160000 1.200000
vt 0.160000 0.000000
vt 0.165000 1.200000
vt 0.165000 0.000000
vt 0.170000 1.200000
vt 0.170000 0.000000
vt 0.175000 1.200000
vt 0.175000 0.000000
vt 0.180000 1.200000
vt 0.180000 0.000000
vt 0.185000 1.200000
vt 0.185000 0.000000
vt 0.190000 1.200000
vt 0.190000 0.000000
vt 0.195000 1.200000
vt 0.195000 0.000000
vt 0.200000 1.200000
vt 0.200000 0.000000
vt 0.205000 1.200000
vt 0.205000 0.000000
vt 0.210000 1.200000
vt 0.210000 0.000000
vt 0.215000 1.200000
vt 0.215000 0.000000
vt 0.220000 1.200000
vt 0.220000 0.000000
vt 0.225000 1.200000
vt 0.225000 0.000000
vt 0.230000 1.200000
vt 0.230000 0.000000
vt 0.235000 1.200000
vt 0.235000 0.000000
vt 0.240000 1.200000
vt 0.240000 0.000000
vt 0.245000 1.200000
vt 0.245000 0.000000
vt 0.250000 1.200000
vt 0.250000 0.000000
vt 0.255000 1.200000
vt 0.255000 0.000000
vt 0.260000 1.200000
vt 0.260000 0.000000
vt 0.265000 1.200000
vt 0.265000 0.000000
vt 0.270000 1.200000
vt 0.270000 0.000000
vt 0.275000 1.200000
vt 0.275000 0.000000
vt 0.280000 1.200000
vt 0.280000 0.000000
vt 0.285000 1.200000
vt 0.285000 0.000000
vt 0.290000 1.200000
vt 0.290000 0.000000
vt 0.295000 1.200000
vt 0.295000 0.000000
vt 0.300000 1.200000
vt 0.305000 1.200000
vt 0.305000 0.000000
vt 0.310000 1.200000
vt 0.310000 0.000000
vt 0.315000 1.200000
vt 0.315000 0.000000
vt 0.320000 1.200000
vt 0.320000 0.000000
vt 0.325000 1.200000
vt 0.325000 0.000000
vt 0.330000 1.200000
vt 0.330000 0.000000
vt 0.335000 1.200000
vt 0.335000 0.000000
vt 0.340000 1.200000
vt 0.340000 0.000000
vt 0.345000 1.200000
vt 0.345000 0.000000
vt 0.350000 1.200000
vt 0.350000 0.000000
vt 0.355000 1.200000
vt 0.355000 0.000000
vt 0.360000 1.200000
vt 0.360000 0.000000
vt 0.365000 1.200000
vt 0.365000 0.000000
vt 0.370000 1.200000
vt 0.370000 0.000000
vt 0.375000 1.200000
vt 0.375000 0.000000
vt 0.380000 1.200000
vt 0.380000 0.000000
vt 0.385000 1.200000
vt 0.385000 0.000000
vt 0.390000 1.200000
vt 0.390000 0.000000
vt 0.395000 1.200000
vt 0.395000 0.000000
vt 0.400000 1.200000
vt 0.400000 0.000000
vt 0.986185 0.616723
vt 0.993844 0.578217
vt 0.998459 0.539230
vt 0.975528 0.654508
vt 0.926320 0.761249
vt 0.945503 0.726995
vt 0.880203 0.824724
vt 0.904508 0.793893
vt 0.824724 0.880203
vt 0.761249 0.926320
vt 0.793893 0.904508
vt 0.726995 0.945503
vt 0.616723 0.986185
vt 0.654508 0.975528
vt 0.539230 0.998459
vt 0.578217 0.993844
vt 0.460770 0.998459
vt 0.383277 0.986185
vt 0.421783 0.993844
vt 0.345492 0.975528
vt 0.238751 0.926320
vt 0.273005 0.945503
vt 0.175276 0.880203
vt 0.206107 0.904508
vt 0.119797 0.824724
vt 0.073680 0.761249
vt 0.095492 0.793893
vt 0.054497 0.726995
vt 0.013815 0.616723
vt 0.024472 0.654508
vt 0.001541 0.539230
vt 0.006156 0.578217
vt 0.001541 0.460770
vt 0.013815 0.383277
vt 0.006156 0.421783
vt 0.024472 0.345492
vt 0.073680 0.238751
vt 0.054497 0.273005
vt 0.119797 0.175276
vt 0.095492 0.206107
vt 0.175276 0.119797
vt 0.238751 0.073680
vt 0.206107 0.095492
vt 0.273005 0.054497
vt 0.383277 0.013815
vt 0.345492 0.024472
vt 0.460770 0.001541
vt 0.421783 0.006156
vt 0.539230 0.001541
vt 0.616723 0.013815
vt 0.578217 0.006156
vt 0.654508 0.024472
vt 0.761249 0.073680
vt 0.726995 0.054497
vt 0.824724 0.119797
vt 0.793893 0.095492
vt 0.880203 0.175276
vt 0.926320 0.238751
vt 0.904508 0.206107
vt 0.945503 0.273005
vt 0.986185 0.383277
vt 0.975528 0.345492
vt 0.998459 0.460770
vt 0.993844 0.421783
vt 0.000000 0.150000
vt 0.150000 0.150000
vt 0.000000 1.000000
vt 1.000000 1.000000
vt 1.000000 0.000000
vt 0.000000 0.100000
vt 0.100000 0.100000
vt 0.000000 0.400000
vt 0.400000 0.400000
vt 0.000000 0.200000
vt 0.012500 0.200000
vt 0.012500 0.000000
vt 0.025000 0.200000
vt 0.037500 0.200000
vt 0.050000 0.200000
vt 0.062500 0.200000
vt 0.062500 0.000000
vt 0.075000 0.200000
vt 0.087500 0.200000
vt 0.087500 0.000000
vt 0.100000 0.200000
vt 0.112500 0.200000
vt 0.125000 0.200000
vt 0.137500 0.200000
vt 0.137500 0.000000
vt 0.150000 0.200000
vt 0.162500 0.200000
vt 0.162500 0.000000
vt 0.175000 0.200000
vt 0.187500 0.200000
vt 0.187500 0.000000
vt 0.200000 0.200000
vt 0.018750 0.000000
vt 0.018750 0.300000
vt 0.037500 0.300000
vt 0.056250 0.000000
vt 0.056250 0.300000
vt 0.075000 0.300000
vt 0.093750 0.000000
vt 0.093750 0.300000
vt 0.112500 0.300000
vt 0.131250 0.000000
vt 0.131250 0.300000
vt 0.150000 0.300000
vt 0.168750 0.000000
vt 0.168750 0.300000
vt 0.187500 0.300000
vt 0.206250 0.000000
vt 0.206250 0.300000
vt 0.225000 0.300000
vt 0.243750 0.000000
vt 0.243750 0.300000
vt 0.262500 0.000000
vt 0.262500 0.300000
vt 0.281250 0.000000
vt 0.281250 0.300000
vt 0.062500 1.000000
vt 0.125000 1.000000
vt 0.187500 1.000000
vt 0.250000 1.000000
vt 0.312500 0.000000
vt 0.312500 1.000000
vt 0.375000 1.000000
vt 0.437500 0.000000
vt 0.437500 1.000000
vt 0.562500 0.000000
vt 0.562500 1.000000
vt 0.625000 0.000000
vt 0.625000 1.000000
vt 0.687500 0.000000
vt 0.687500 1.000000
vt 0.750000 0.000000
vt 0.750000 1.000000
vt 0.812500 0.000000
vt 0.812500 1.000000
vt 0.875000 0.000000
vt 0.875000 1.000000
vt 0.937500 0.000000
vt 0.937500 1.000000
vt 0.050000 0.300000
vt 0.100000 0.300000
vt 0.200000 0.300000
vt 0.250000 0.300000
vt 0.750000 0.066987
vt 0.250000 0.066987
vt 0.250000 0.933013
vt 0.750000 0.933013
o post
usemtl steel
f 233/64/1 234/65/1 235/66/1 236/4/1
f 240/65/3 239/64/3 234/4/3 233/66/3
f 238/65/4 237/64/4 236/4/4 235/66/4
f 237/65/5 240/64/5 233/4/5 236/66/5
f 239/65/6 238/64/6 235/4/6 234/66/6
f 241/67/31 242/68/31 243/69/31 244/4/31
f 242/68/32 245/70/32 246/71/32 243/69/32
f 245/70/11 247/72/11 248/21/11 246/71/11
f 247/72/33 249/73/33 250/7/33 248/21/33
f 249/73/34 251/74/34 252/75/34 250/7/34
f 251/74/35 253/76/35 254/25/35 252/75/35
f 253/76/36 255/77/36 256/78/36 254/25/36
f 255/77/12 257/79/12 258/9/12 256/78/12
f 257/79/37 259/80/37 260/29/37 258/9/37
f 259/80/38 261/81/38 262/82/38 260/29/38
f 261/81/39 263/83/39 264/84/39 262/82/39
f 263/83/40 265/85/40 266/11/40 264/84/40
f 265/85/13 267/86/13 268/87/13 266/11/13
f 267/86/41 269/88/41 270/89/41 268/87/41
f 269/88/42 271/90/42 272/35/42 270/89/42
f 271/90/43 273/91/43 274/13/43 272/35/43
f 273/91/44 275/92/44 276/93/44 274/13/44
f 275/92/14 277/94/14 278/39/14 276/93/14
f 277/94/45 279/95/45 280/96/45 278/39/45
f 279/95/46 281/97/46 282/15/46 280/96/46
f 281/97/47 283/98/47 284/43/47 282/15/47
f 283/98/48 285/99/48 286/100/48 284/43/48
f 285/99/15 287/101/15 288/102/15 286/100/15
f 287/101/49 289/103/49 290/17/49 288/102/49
f 289/103/50 291/104/50 292/105/50 290/17/50
f 291/104/51 293/106/51 294/107/51 292/105/51
f 293/106/52 295/108/52 296/109/52 294/107/52
f 295/108/16 297/110/16 298/111/16 296/109/16
f 297/110/53 299/112/53 300/113/53 298/111/53
f 299/112/54 301/114/54 302/115/54 300/113/54
f 301/114/55 303/116/55 304/117/55 302/115/55
f 303/116/56 305/118/56 306/119/56 304/117/56
f 305/118/17 307/120/17 308/121/17 306/119/17
f 307/120/57 309/122/57 310/123/57 308/121/57
f 309/122/58 311/124/58 312/125/58 310/123/58
f 311/124/59 313/126/59 314/127/59 312/125/59
f 313/126/60 315/128/60 316/129/60 314/127/60
f 315/128/18 317/130/18 318/131/18 316/129/18
f 317/130/61 319/132/61 320/133/61 318/131/61
f 319/132/62 321/134/62 322/135/62 320/133/62
f 321/134/63 323/136/63 324/137/63 322/135/63
f 323/136/64 325/138/64 326/139/64 324/137/64
f 325/138/19 327/140/19 328/141/19 326/139/19
f 327/140/65 329/142/65 330/143/65 328/141/65
f 329/142/66 331/144/66 332/145/66 330/143/66
f 331/144/67 333/146/67 334/147/67 332/145/67
f 333/146/68 335/148/68 336/149/68 334/147/68
f 335/148/20 337/150/20 338/151/20 336/149/20
f 337/150/69 339/152/69 340/153/69 338/151/69
f 339/152/70 341/154/70 342/155/70 340/153/70
f 341/154/71 343/156/71 344/157/71 342/155/71
f 343/156/72 345/158/72 346/159/72 344/157/72
f 345/158/21 347/160/21 348/161/21 346/159/21
f 347/160/73 349/162/73 350/163/73 348/161/73
f 349/162/74 351/164/74 352/165/74 350/163/74
f 351/164/75 353/166/75 354/167/75 352/165/75
f 353/166/76 355/168/76 356/169/76 354/167/76
f 355/168/22 357/170/22 358/171/22 356/169/22
f 357/170/77 359/172/77 360/173/77 358/171/77
f 359/172/78 361/174/78 362/66/78 360/173/78
f 361/174/79 363/175/79 364/176/79 362/66/79
f 363/175/80 365/177/80 366/178/80 364/176/80
f 365/177/23 367/179/23 368/180/23 366/178/23
f 367/179/81 369/181/81 370/182/81 368/180/81
f 369/181/82 371/183/82 372/184/82 370/182/82
f 371/183/83 373/185/83 374/186/83 372/184/83
f 373/185/84 375/187/84 376/188/84 374/186/84
f 375/187/24 377/189/24 378/190/24 376/188/24
f 377/189/85 379/191/85 380/192/85 378/190/85
f 379/191/86 381/193/86 382/194/86 380/192/86
f 381/193/87 383/195/87 384/196/87 382/194/87
f 383/195/88 385/197/88 386/198/88 384/196/88
f 385/197/25 387/199/25 388/200/25 386/198/25
f 387/199/89 389/201/89 390/202/89 388/200/89
f 389/201/90 391/203/90 392/204/90 390/202/90
f 391/203/91 393/205/91 394/206/91 392/204/91
f 393/205/92 395/207/92 396/208/92 394/206/92
f 395/207/26 397/209/26 398/210/26 396/208/26
f 397/209/93 399/211/93 400/212/93 398/210/93
f 399/211/94 241/213/94 244/214/94 400/212/94
f 401/279/1 402/280/1 403/115/1 404/4/1
f 405/4/2 406/115/2 407/280/2 408/279/2
f 408/280/3 407/279/3 402/4/3 401/115/3
f 406/280/4 405/279/4 404/4/4 403/115/4
f 405/280/5 408/279/5 401/4/5 404/115/5
f 407/280/6 406/279/6 403/4/6 402/115/6
f 401/279/1 402/280/1 409/115/1 410/4/1
f 411/4/2 412/115/2 413/280/2 414/279/2
f 414/280/3 413/279/3 402/4/3 401/115/3
f 412/280/4 411/279/4 410/4/4 409/115/4
f 411/280/5 414/279/5 401/4/5 410/115/5
f 413/280/6 412/279/6 409/4/6 402/115/6
f 415/279/1 416/280/1 417/115/1 418/4/1
f 419/4/2 420/115/2 421/280/2 422/279/2
f 422/280/3 421/279/3 416/4/3 415/115/3
f 420/280/4 419/279/4 418/4/4 417/115/4
f 419/280/5 422/279/5 415/4/5 418/115/5
f 421/280/6 420/279/6 417/4/6 416/115/6
f 415/279/1 416/280/1 423/115/1 424/4/1
f 425/4/2 426/115/2 427/280/2 428/279/2
f 428/280/3 427/279/3 416/4/3 415/115/3
f 426/280/4 425/279/4 424/4/4 423/115/4
f 425/280/5 428/279/5 415/4/5 424/115/5
f 427/280/6 426/279/6 423/4/6 416/115/6
usemtl plate
f 1/1/1 2/2/1 3/3/1 4/4/1
f 5/4/2 6/3/2 7/2/2 8/1/2
f 8/2/3 7/1/3 2/4/3 1/3/3
f 6/2/4 5/1/4 4/4/4 3/3/4
f 5/2/5 8/1/5 1/4/5 4/3/5
f 7/2/6 6/1/6 3/4/6 2/3/6
f 9/5/7 10/6/7 11/7/7 12/4/7
f 10/6/4 13/8/4 14/9/4 11/7/4
f 13/8/8 15/10/8 16/11/8 14/9/8
f 15/10/9 17/12/9 18/13/9 16/11/9
f 17/12/3 19/14/3 20/15/3 18/13/3
f 19/14/10 9/16/10 12/17/10 20/15/10
f 21/5/11 22/18/11 23/19/11 24/4/11
f 22/18/12 25/20/12 26/21/12 23/19/12
f 25/20/13 27/22/13 28/23/13 26/21/13
f 27/22/14 29/24/14 30/25/14 28/23/14
f 29/24/15 31/26/15 32/27/15 30/25/15
f 31/26/16 33/28/16 34/29/16 32/27/16
f 33/28/17 35/30/17 36/31/17 34/29/17
f 35/30/18 37/10/18 38/11/18 36/31/18
f 37/10/19 39/32/19 40/33/19 38/11/19
f 39/32/20 41/34/20 42/35/20 40/33/20
f 41/34/21 43/36/21 44/37/21 42/35/21
f 43/36/22 45/38/22 46/39/22 44/37/22
f 45/38/23 47/40/23 48/41/23 46/39/23
f 47/40/24 49/42/24 50/43/24 48/41/24
f 49/42/25 51/44/25 52/45/25 50/43/25
f 51/44/26 21/16/26 24/17/26 52/45/26
f 46/3/1 48/46/1 50/47/1 52/48/1
f 42/49/1 44/50/1 46/3/1 52/48/1
f 38/1/1 40/51/1 42/49/1 52/48/1
f 34/52/1 36/53/1 38/1/1 52/48/1
f 30/54/1 32/55/1 34/52/1 52/48/1
f 26/56/1 28/57/1 30/54/1 52/48/1
f 24/58/1 23/59/1 26/56/1 52/48/1
f 27/57/2 25/56/2 22/59/2 21/58/2
f 31/55/2 29/54/2 27/57/2 21/58/2
f 35/53/2 33/52/2 31/55/2 21/58/2
f 39/51/2 37/1/2 35/53/2 21/58/2
f 43/50/2 41/49/2 39/51/2 21/58/2
f 47/46/2 45/3/2 43/50/2 21/58/2
f 51/48/2 49/47/2 47/46/2 21/58/2
f 53/5/27 54/6/27 55/7/27 56/4/27
f 54/6/28 57/8/28 58/9/28 55/7/28
f 57/8/5 59/10/5 60/11/5 58/9/5
f 59/10/29 61/12/29 62/13/29 60/11/29
f 61/12/30 63/14/30 64/15/30 62/13/30
f 63/14/6 53/16/6 56/17/6 64/15/6
f 58/60/1 60/61/1 62/3/1 64/62/1
f 56/63/1 55/54/1 58/60/1 64/62/1
f 59/61/2 57/60/2 54/54/2 53/63/2
f 63/62/2 61/3/2 59/61/2 53/63/2
f 65/5/7 66/6/7 67/7/7 68/4/7
f 66/6/4 69/8/4 70/9/4 67/7/4
f 69/8/8 71/10/8 72/11/8 70/9/8
f 71/10/9 73/12/9 74/13/9 72/11/9
f 73/12/3 75/14/3 76/15/3 74/13/3
f 75/14/10 65/16/10 68/17/10 76/15/10
f 77/5/11 78/18/11 79/19/11 80/4/11
f 78/18/12 81/20/12 82/21/12 79/19/12
f 81/20/13 83/22/13 84/23/13 82/21/13
f 83/22/14 85/24/14 86/25/14 84/23/14
f 85/24/15 87/26/15 88/27/15 86/25/15
f 87/26/16 89/28/16 90/29/16 88/27/16
f 89/28/17 91/30/17 92/31/17 90/29/17
f 91/30/18 93/10/18 94/11/18 92/31/18
f 93/10/19 95/32/19 96/33/19 94/11/19
f 95/32/20 97/34/20 98/35/20 96/33/20
f 97/34/21 99/36/21 100/37/21 98/35/21
f 99/36/22 101/38/22 102/39/22 100/37/22
f 101/38/23 103/40/23 104/41/23 102/39/23
f 103/40/24 105/42/24 106/43/24 104/41/24
f 105/42/25 107/44/25 108/45/25 106/43/25
f 107/44/26 77/16/26 80/17/26 108/45/26
f 102/3/1 104/46/1 106/47/1 108/48/1
f 98/49/1 100/50/1 102/3/1 108/48/1
f 94/1/1 96/51/1 98/49/1 108/48/1
f 90/52/1 92/53/1 94/1/1 108/48/1
f 86/54/1 88/55/1 90/52/1 108/48/1
f 82/56/1 84/57/1 86/54/1 108/48/1
f 80/58/1 79/59/1 82/56/1 108/48/1
f 83/57/2 81/56/2 78/59/2 77/58/2
f 87/55/2 85/54/2 83/57/2 77/58/2
f 91/53/2 89/52/2 87/55/2 77/58/2
f 95/51/2 93/1/2 91/53/2 77/58/2
f 99/50/2 97/49/2 95/51/2 77/58/2
f 103/46/2 101/3/2 99/50/2 77/58/2
f 107/48/2 105/47/2 103/46/2 77/58/2
f 109/5/27 110/6/27 111/7/27 112/4/27
f 110/6/28 113/8/28 114/9/28 111/7/28
f 113/8/5 115/10/5 116/11/5 114/9/5
f 115/10/29 117/12/29 118/13/29 116/11/29
f 117/12/30 119/14/30 120/15/30 118/13/30
f 119/14/6 109/16/6 112/17/6 120/15/6
f 114/60/1 116/61/1 118/3/1 120/62/1
f 112/63/1 111/54/1 114/60/1 120/62/1
f 115/61/2 113/60/2 110/54/2 109/63/2
f 119/62/2 117/3/2 115/61/2 109/63/2
f 121/5/7 122/6/7 123/7/7 124/4/7
f 122/6/4 125/8/4 126/9/4 123/7/4
f 125/8/8 127/10/8 128/11/8 126/9/8
f 127/10/9 129/12/9 130/13/9 128/11/9
f 129/12/3 131/14/3 132/15/3 130/13/3
f 131/14/10 121/16/10 124/17/10 132/15/10
f 133/5/11 134/18/11 135/19/11 136/4/11
f 134/18/12 137/20/12 138/21/12 135/19/12
f 137/20/13 139/22/13 140/23/13 138/21/13
f 139/22/14 141/24/14 142/25/14 140/23/14
f 141/24/15 143/26/15 144/27/15 142/25/15
f 143/26/16 145/28/16 146/29/16 144/27/16
f 145/28/17 147/30/17 148/31/17 146/29/17
f 147/30/18 149/10/18 150/11/18 148/31/18
f 149/10/19 151/32/19 152/33/19 150/11/19
f 151/32/20 153/34/20 154/35/20 152/33/20
f 153/34/21 155/36/21 156/37/21 154/35/21
f 155/36/22 157/38/22 158/39/22 156/37/22
f 157/38/23 159/40/23 160/41/23 158/39/23
f 159/40/24 161/42/24 162/43/24 160/41/24
f 161/42/25 163/44/25 164/45/25 162/43/25
f 163/44/26 133/16/26 136/17/26 164/45/26
f 158/3/1 160/46/1 162/47/1 164/48/1
f 154/49/1 156/50/1 158/3/1 164/48/1
f 150/1/1 152/51/1 154/49/1 164/48/1
f 146/52/1 148/53/1 150/1/1 164/48/1
f 142/54/1 144/55/1 146/52/1 164/48/1
f 138/56/1 140/57/1 142/54/1 164/48/1
f 136/58/1 135/59/1 138/56/1 164/48/1
f 139/57/2 137/56/2 134/59/2 133/58/2
f 143/55/2 141/54/2 139/57/2 133/58/2
f 147/53/2 145/52/2 143/55/2 133/58/2
f 151/51/2 149/1/2 147/53/2 133/58/2
f 155/50/2 153/49/2 151/51/2 133/58/2
f 159/46/2 157/3/2 155/50/2 133/58/2
f 163/48/2 161/47/2 159/46/2 133/58/2
f 165/5/27 166/6/27 167/7/27 168/4/27
f 166/6/28 169/8/28 170/9/28 167/7/28
f 169/8/5 171/10/5 172/11/5 170/9/5
f 171/10/29 173/12/29 174/13/29 172/11/29
f 173/12/30 175/14/30 176/15/30 174/13/30
f 175/14/6 165/16/6 168/17/6 176/15/6
f 170/60/1 172/61/1 174/3/1 176/62/1
f 168/63/1 167/54/1 170/60/1 176/62/1
f 171/61/2 169/60/2 166/54/2 165/63/2
f 175/62/2 173/3/2 171/61/2 165/63/2
f 177/5/7 178/6/7 179/7/7 180/4/7
f 178/6/4 181/8/4 182/9/4 179/7/4
f 181/8/8 183/10/8 184/11/8 182/9/8
f 183/10/9 185/12/9 186/13/9 184/11/9
f 185/12/3 187/14/3 188/15/3 186/13/3
f 187/14/10 177/16/10 180/17/10 188/15/10
f 189/5/11 190/18/11 191/19/11 192/4/11
f 190/18/12 193/20/12 194/21/12 191/19/12
f 193/20/13 195/22/13 196/23/13 194/21/13
f 195/22/14 197/24/14 198/25/14 196/23/14
f 197/24/15 199/26/15 200/27/15 198/25/15
f 199/26/16 201/28/16 202/29/16 200/27/16
f 201/28/17 203/30/17 204/31/17 202/29/17
f 203/30/18 205/10/18 206/11/18 204/31/18
f 205/10/19 207/32/19 208/33/19 206/11/19
f 207/32/20 209/34/20 210/35/20 208/33/20
f 209/34/21 211/36/21 212/37/21 210/35/21
f 211/36/22 213/38/22 214/39/22 212/37/22
f 213/38/23 215/40/23 216/41/23 214/39/23
f 215/40/24 217/42/24 218/43/24 216/41/24
f 217/42/25 219/44/25 220/45/25 218/43/25
f 219/44/26 189/16/26 192/17/26 220/45/26
f 214/3/1 216/46/1 218/47/1 220/48/1
f 210/49/1 212/50/1 214/3/1 220/48/1
f 206/1/1 208/51/1 210/49/1 220/48/1
f 202/52/1 204/53/1 206/1/1 220/48/1
f 198/54/1 200/55/1 202/52/1 220/48/1
f 194/56/1 196/57/1 198/54/1 220/48/1
f 192/58/1 191/59/1 194/56/1 220/48/1
f 195/57/2 193/56/2 190/59/2 189/58/2
f 199/55/2 197/54/2 195/57/2 189/58/2
f 203/53/2 201/52/2 199/55/2 189/58/2
f 207/51/2 205/1/2 203/53/2 189/58/2
f 211/50/2 209/49/2 207/51/2 189/58/2
f 215/46/2 213/3/2 211/50/2 189/58/2
f 219/48/2 217/47/2 215/46/2 189/58/2
f 221/5/27 222/6/27 223/7/27 224/4/27
f 222/6/28 225/8/28 226/9/28 223/7/28
f 225/8/5 227/10/5 228/11/5 226/9/5
f 227/10/29 229/12/29 230/13/29 228/11/29
f 229/12/30 231/14/30 232/15/30 230/13/30
f 231/14/6 221/16/6 224/17/6 232/15/6
f 226/60/1 228/61/1 230/3/1 232/62/1
f 224/63/1 223/54/1 226/60/1 232/62/1
f 227/61/2 225/60/2 222/54/2 221/63/2
f 231/62/2 229/3/2 227/61/2 221/63/2
f 237/4/2 238/66/2 239/65/2 240/64/2
usemtl steel_end
f 247/215/2 245/216/2 242/217/2 241/58/2
f 251/59/2 249/218/2 247/215/2 241/58/2
f 255/219/2 253/220/2 251/59/2 241/58/2
f 259/221/2 257/222/2 255/219/2 241/58/2
f 263/223/2 261/56/2 259/221/2 241/58/2
f 267/224/2 265/225/2 263/223/2 241/58/2
f 271/57/2 269/226/2 267/224/2 241/58/2
f 275/227/2 273/228/2 271/57/2 241/58/2
f 279/229/2 277/230/2 275/227/2 241/58/2
f 283/231/2 281/54/2 279/229/2 241/58/2
f 287/232/2 285/233/2 283/231/2 241/58/2
f 291/55/2 289/234/2 287/232/2 241/58/2
f 295/235/2 293/236/2 291/55/2 241/58/2
f 299/237/2 297/238/2 295/235/2 241/58/2
f 303/239/2 301/52/2 299/237/2 241/58/2
f 307/240/2 305/241/2 303/239/2 241/58/2
f 311/53/2 309/242/2 307/240/2 241/58/2
f 315/243/2 313/244/2 311/53/2 241/58/2
f 319/245/2 317/246/2 315/243/2 241/58/2
f 323/247/2 321/1/2 319/245/2 241/58/2
f 327/248/2 325/249/2 323/247/2 241/58/2
f 331/51/2 329/250/2 327/248/2 241/58/2
f 335/251/2 333/252/2 331/51/2 241/58/2
f 339/253/2 337/254/2 335/251/2 241/58/2
f 343/255/2 341/49/2 339/253/2 241/58/2
f 347/256/2 345/257/2 343/255/2 241/58/2
f 351/50/2 349/258/2 347/256/2 241/58/2
f 355/259/2 353/260/2 351/50/2 241/58/2
f 359/261/2 357/262/2 355/259/2 241/58/2
f 363/263/2 361/3/2 359/261/2 241/58/2
f 367/264/2 365/265/2 363/263/2 241/58/2
f 371/46/2 369/266/2 367/264/2 241/58/2
f 375/267/2 373/268/2 371/46/2 241/58/2
f 379/269/2 377/270/2 375/267/2 241/58/2
f 383/271/2 381/47/2 379/269/2 241/58/2
f 387/272/2 385/273/2 383/271/2 241/58/2
f 391/48/2 389/274/2 387/272/2 241/58/2
f 395/275/2 393/276/2 391/48/2 241/58/2
f 399/277/2 397/278/2 395/275/2 241/58/2
o enclosure
usemtl cabinet
f 429/281/1 430/282/1 431/283/1 432/4/1
f 436/282/3 435/281/3 430/4/3 429/283/3
f 434/282/4 433/281/4 432/4/4 431/283/4
f 433/282/5 436/281/5 429/4/5 432/283/5
f 435/282/6 434/281/6 431/4/6 430/283/6
f 437/1/1 438/2/1 439/3/1 440/4/1
f 444/2/3 443/1/3 438/4/3 437/3/3
f 442/2/4 441/1/4 440/4/4 439/3/4
f 441/2/5 444/1/5 437/4/5 440/3/5
f 443/2/6 442/1/6 439/4/6 438/3/6
usemtl cabinet_top
f 433/4/2 434/283/2 435/282/2 436/281/2
f 441/4/2 442/3/2 443/2/2 444/1/2
o door
usemtl frame
f 445/281/1 446/282/1 447/283/1 448/4/1
f 449/4/2 450/283/2 451/282/2 452/281/2
f 450/282/4 449/281/4 448/4/4 447/283/4
f 449/282/5 452/281/5 445/4/5 448/283/5
f 451/282/6 450/281/6 447/4/6 446/283/6
usemtl combiner_door
f 452/282/3 451/281/3 446/4/3 445/283/3
usemtl steel
f 453/284/1 454/285/1 455/15/1 456/4/1
f 457/4/2 458/15/2 459/285/2 460/284/2
f 460/285/3 459/284/3 454/4/3 453/15/3
f 458/285/4 457/284/4 456/4/4 455/15/4
f 457/285/5 460/284/5 453/4/5 456/15/5
f 459/285/6 458/284/6 455/4/6 454/15/6
f 461/284/1 462/285/1 463/15/1 464/4/1
f 465/4/2 466/15/2 467/285/2 468/284/2
f 468/285/3 467/284/3 462/4/3 461/15/3
f 466/285/4 465/284/4 464/4/4 463/15/4
f 465/285/5 468/284/5 461/4/5 464/15/5
f 467/285/6 466/284/6 463/4/6 462/15/6
o glands
usemtl plate
f 469/286/1 470/287/1 471/214/1 472/4/1
usemtl steel
f 473/4/2 474/214/2 475/287/2 476/286/2
f 476/287/3 475/286/3 470/4/3 469/214/3
f 474/287/4 473/286/4 472/4/4 471/214/4
f 473/287/5 476/286/5 469/4/5 472/214/5
f 475/287/6 474/286/6 471/4/6 470/214/6
f 477/288/11 478/289/11 479/290/11 480/4/11
f 478/289/12 481/291/12 482/75/12 479/290/12
f 481/291/13 483/292/13 484/27/13 482/75/13
f 483/292/14 485/293/14 486/82/14 484/27/14
f 485/293/15 487/294/15 488/295/15 486/82/15
f 487/294/16 489/296/16 490/35/16 488/295/16
f 489/296/17 491/297/17 492/298/17 490/35/17
f 491/297/18 493/299/18 494/15/18 492/298/18
f 493/299/19 495/300/19 496/45/19 494/15/19
f 495/300/20 497/301/20 498/105/20 496/45/20
f 497/301/21 499/302/21 500/303/21 498/105/21
f 499/302/22 501/304/22 502/115/22 500/303/22
f 501/304/23 503/305/23 504/306/23 502/115/23
f 503/305/24 505/307/24 506/125/24 504/306/24
f 505/307/25 507/308/25 508/309/25 506/125/25
f 507/308/26 477/310/26 480/135/26 508/309/26
f 502/3/1 504/46/1 506/47/1 508/48/1
f 498/49/1 500/50/1 502/3/1 508/48/1
f 494/1/1 496/51/1 498/49/1 508/48/1
f 490/52/1 492/53/1 494/1/1 508/48/1
f 486/54/1 488/55/1 490/52/1 508/48/1
f 482/56/1 484/57/1 486/54/1 508/48/1
f 480/58/1 479/59/1 482/56/1 508/48/1
f 509/288/11 510/289/11 511/290/11 512/4/11
f 510/289/12 513/291/12 514/75/12 511/290/12
f 513/291/13 515/292/13 516/27/13 514/75/13
f 515/292/14 517/293/14 518/82/14 516/27/14
f 517/293/15 519/294/15 520/295/15 518/82/15
f 519/294/16 521/296/16 522/35/16 520/295/16
f 521/296/17 523/297/17 524/298/17 522/35/17
f 523/297/18 525/299/18 526/15/18 524/298/18
f 525/299/19 527/300/19 528/45/19 526/15/19
f 527/300/20 529/301/20 530/105/20 528/45/20
f 529/301/21 531/302/21 532/303/21 530/105/21
f 531/302/22 533/304/22 534/115/22 532/303/22
f 533/304/23 535/305/23 536/306/23 534/115/23
f 535/305/24 537/307/24 538/125/24 536/306/24
f 537/307/25 539/308/25 540/309/25 538/125/25
f 539/308/26 509/310/26 512/135/26 540/309/26
f 534/3/1 536/46/1 538/47/1 540/48/1
f 530/49/1 532/50/1 534/3/1 540/48/1
f 526/1/1 528/51/1 530/49/1 540/48/1
f 522/52/1 524/53/1 526/1/1 540/48/1
f 518/54/1 520/55/1 522/52/1 540/48/1
f 514/56/1 516/57/1 518/54/1 540/48/1
f 512/58/1 511/59/1 514/56/1 540/48/1
f 541/288/11 542/289/11 543/290/11 544/4/11
f 542/289/12 545/291/12 546/75/12 543/290/12
f 545/291/13 547/292/13 548/27/13 546/75/13
f 547/292/14 549/293/14 550/82/14 548/27/14
f 549/293/15 551/294/15 552/295/15 550/82/15
f 551/294/16 553/296/16 554/35/16 552/295/16
f 553/296/17 555/297/17 556/298/17 554/35/17
f 555/297/18 557/299/18 558/15/18 556/298/18
f 557/299/19 559/300/19 560/45/19 558/15/19
f 559/300/20 561/301/20 562/105/20 560/45/20
f 561/301/21 563/302/21 564/303/21 562/105/21
f 563/302/22 565/304/22 566/115/22 564/303/22
f 565/304/23 567/305/23 568/306/23 566/115/23
f 567/305/24 569/307/24 570/125/24 568/306/24
f 569/307/25 571/308/25 572/309/25 570/125/25
f 571/308/26 541/310/26 544/135/26 572/309/26
f 566/3/1 568/46/1 570/47/1 572/48/1
f 562/49/1 564/50/1 566/3/1 572/48/1
f 558/1/1 560/51/1 562/49/1 572/48/1
f 554/52/1 556/53/1 558/1/1 572/48/1
f 550/54/1 552/55/1 554/52/1 572/48/1
f 546/56/1 548/57/1 550/54/1 572/48/1
f 544/58/1 543/59/1 546/56/1 572/48/1
f 573/288/11 574/289/11 575/290/11 576/4/11
f 574/289/12 577/291/12 578/75/12 575/290/12
f 577/291/13 579/292/13 580/27/13 578/75/13
f 579/292/14 581/293/14 582/82/14 580/27/14
f 581/293/15 583/294/15 584/295/15 582/82/15
f 583/294/16 585/296/16 586/35/16 584/295/16
f 585/296/17 587/297/17 588/298/17 586/35/17
f 587/297/18 589/299/18 590/15/18 588/298/18
f 589/299/19 591/300/19 592/45/19 590/15/19
f 591/300/20 593/301/20 594/105/20 592/45/20
f 593/301/21 595/302/21 596/303/21 594/105/21
f 595/302/22 597/304/22 598/115/22 596/303/22
f 597/304/23 599/305/23 600/306/23 598/115/23
f 599/305/24 601/307/24 602/125/24 600/306/24
f 601/307/25 603/308/25 604/309/25 602/125/25
f 603/308/26 573/310/26 576/135/26 604/309/26
f 598/3/1 600/46/1 602/47/1 604/48/1
f 594/49/1 596/50/1 598/3/1 604/48/1
f 590/1/1 592/51/1 594/49/1 604/48/1
f 586/52/1 588/53/1 590/1/1 604/48/1
f 582/54/1 584/55/1 586/52/1 604/48/1
f 578/56/1 580/57/1 582/54/1 604/48/1
f 576/58/1 575/59/1 578/56/1 604/48/1
f 605/288/11 606/289/11 607/290/11 608/4/11
f 606/289/12 609/291/12 610/75/12 607/290/12
f 609/291/13 611/292/13 612/27/13 610/75/13
f 611/292/14 613/293/14 614/82/14 612/27/14
f 613/293/15 615/294/15 616/295/15 614/82/15
f 615/294/16 617/296/16 618/35/16 616/295/16
f 617/296/17 619/297/17 620/298/17 618/35/17
f 619/297/18 621/299/18 622/15/18 620/298/18
f 621/299/19 623/300/19 624/45/19 622/15/19
f 623/300/20 625/301/20 626/105/20 624/45/20
f 625/301/21 627/302/21 628/303/21 626/105/21
f 627/302/22 629/304/22 630/115/22 628/303/22
f 629/304/23 631/305/23 632/306/23 630/115/23
f 631/305/24 633/307/24 634/125/24 632/306/24
f 633/307/25 635/308/25 636/309/25 634/125/25
f 635/308/26 605/310/26 608/135/26 636/309/26
f 630/3/1 632/46/1 634/47/1 636/48/1
f 626/49/1 628/50/1 630/3/1 636/48/1
f 622/1/1 624/51/1 626/49/1 636/48/1
f 618/52/1 620/53/1 622/1/1 636/48/1
f 614/54/1 616/55/1 618/52/1 636/48/1
f 610/56/1 612/57/1 614/54/1 636/48/1
f 608/58/1 607/59/1 610/56/1 636/48/1
f 637/288/11 638/289/11 639/290/11 640/4/11
f 638/289/12 641/291/12 642/75/12 639/290/12
f 641/291/13 643/292/13 644/27/13 642/75/13
f 643/292/14 645/293/14 646/82/14 644/27/14
f 645/293/15 647/294/15 648/295/15 646/82/15
f 647/294/16 649/296/16 650/35/16 648/295/16
f 649/296/17 651/297/17 652/298/17 650/35/17
f 651/297/18 653/299/18 654/15/18 652/298/18
f 653/299/19 655/300/19 656/45/19 654/15/19
f 655/300/20 657/301/20 658/105/20 656/45/20
f 657/301/21 659/302/21 660/303/21 658/105/21
f 659/302/22 661/304/22 662/115/22 660/303/22
f 661/304/23 663/305/23 664/306/23 662/115/23
f 663/305/24 665/307/24 666/125/24 664/306/24
f 665/307/25 667/308/25 668/309/25 666/125/25
f 667/308/26 637/310/26 640/135/26 668/309/26
f 662/3/1 664/46/1 666/47/1 668/48/1
f 658/49/1 660/50/1 662/3/1 668/48/1
f 654/1/1 656/51/1 658/49/1 668/48/1
f 650/52/1 652/53/1 654/1/1 668/48/1
f 646/54/1 648/55/1 650/52/1 668/48/1
f 642/56/1 644/57/1 646/54/1 668/48/1
f 640/58/1 639/59/1 642/56/1 668/48/1
f 669/4/95 670/311/95 671/312/95 672/64/95
f 670/311/96 673/27/96 674/313/96 671/312/96
f 673/27/97 675/314/97 676/315/97 674/313/97
f 675/314/98 677/35/98 678/316/98 676/315/98
f 677/35/99 679/317/99 680/318/99 678/316/99
f 679/317/100 681/45/100 682/319/100 680/318/100
f 681/45/101 683/320/101 684/321/101 682/319/101
f 683/320/102 685/115/102 686/322/102 684/321/102
f 685/115/103 687/323/103 688/324/103 686/322/103
f 687/323/104 689/309/104 690/325/104 688/324/104
f 689/309/105 691/326/105 692/327/105 690/325/105
f 691/326/106 693/145/106 694/328/106 692/327/106
f 693/145/107 695/329/107 696/330/107 694/328/107
f 695/329/108 697/331/108 698/332/108 696/330/108
f 697/331/109 699/333/109 700/334/109 698/332/109
f 699/333/110 669/66/110 672/65/110 700/334/110
usemtl steel_end
f 699/48/5 697/47/5 695/46/5 693/3/5
f 699/48/5 693/3/5 691/50/5 689/49/5
f 699/48/5 689/49/5 687/51/5 685/1/5
f 699/48/5 685/1/5 683/53/5 681/52/5
f 699/48/5 681/52/5 679/55/5 677/54/5
f 699/48/5 677/54/5 675/57/5 673/56/5
f 699/48/5 673/56/5 670/59/5 669/58/5
f 672/58/6 671/59/6 674/56/6 676/57/6
f 672/58/6 676/57/6 678/54/6 680/55/6
f 672/58/6 680/55/6 682/52/6 684/53/6
f 672/58/6 684/53/6 686/1/6 688/51/6
f 672/58/6 688/51/6 690/49/6 692/50/6
f 672/58/6 692/50/6 694/3/6 696/46/6
f 672/58/6 696/46/6 698/47/6 700/48/6
o pivot_handle
usemtl steel
f 701/4/2 701/4/2 701/4/2
o entry_north
usemtl core
f 702/4/111 703/295/111 704/335/111 705/281/111
f 703/295/112 706/105/112 707/336/112 704/335/112
f 706/105/113 708/309/113 709/337/113 707/336/113
f 708/309/114 710/155/114 711/338/114 709/337/114
f 710/155/115 712/339/115 713/340/115 711/338/115
f 712/339/116 714/204/116 715/341/116 713/340/116
f 714/204/117 716/342/117 717/343/117 715/341/117
f 716/342/118 718/3/118 719/54/118 717/343/118
f 718/3/119 720/344/119 721/345/119 719/54/119
f 720/344/120 722/346/120 723/347/120 721/345/120
f 722/346/121 724/348/121 725/349/121 723/347/121
f 724/348/122 726/350/122 727/351/122 725/349/122
f 726/350/123 728/352/123 729/353/123 727/351/123
f 728/352/124 730/354/124 731/355/124 729/353/124
f 730/354/125 732/356/125 733/357/125 731/355/125
f 732/356/126 702/283/126 705/282/126 733/357/126
f 705/58/4 704/59/4 707/56/4 709/57/4 711/54/4 713/55/4 715/52/4 717/53/4 719/1/4 721/51/4 723/49/4 725/50/4 727/3/4 729/46/4 731/47/4 733/48/4
f 734/4/111 735/295/111 736/335/111 737/281/111
f 735/295/112 738/105/112 739/336/112 736/335/112
f 738/105/113 740/309/113 741/337/113 739/336/113
f 740/309/114 742/155/114 743/338/114 741/337/114
f 742/155/115 744/339/115 745/340/115 743/338/115
f 744/339/116 746/204/116 747/341/116 745/340/116
f 746/204/117 748/342/117 749/343/117 747/341/117
f 748/342/118 750/3/118 751/54/118 749/343/118
f 750/3/119 752/344/119 753/345/119 751/54/119
f 752/344/120 754/346/120 755/347/120 753/345/120
f 754/346/121 756/348/121 757/349/121 755/347/121
f 756/348/122 758/350/122 759/351/122 757/349/122
f 758/350/123 760/352/123 761/353/123 759/351/123
f 760/352/124 762/354/124 763/355/124 761/353/124
f 762/354/125 764/356/125 765/357/125 763/355/125
f 764/356/126 734/283/126 737/282/126 765/357/126
f 737/58/4 736/59/4 739/56/4 741/57/4 743/54/4 745/55/4 747/52/4 749/53/4 751/1/4 753/51/4 755/49/4 757/50/4 759/3/4 761/46/4 763/47/4 765/48/4
usemtl steel
f 766/288/1 767/310/1 768/135/1 769/4/1
f 770/4/2 771/135/2 772/310/2 773/288/2
f 773/310/3 772/288/3 767/4/3 766/135/3
f 771/310/4 770/288/4 769/4/4 768/135/4
f 770/310/5 773/288/5 766/4/5 769/135/5
f 772/310/6 771/288/6 768/4/6 767/135/6
f 774/288/1 775/310/1 776/135/1 777/4/1
f 778/4/2 779/135/2 780/310/2 781/288/2
f 781/310/3 780/288/3 775/4/3 774/135/3
f 779/310/4 778/288/4 777/4/4 776/135/4
f 778/310/5 781/288/5 774/4/5 777/135/5
f 780/310/6 779/288/6 776/4/6 775/135/6
f 773/64/1 780/65/1 779/66/1 770/4/1
f 782/4/2 783/66/2 784/65/2 785/64/2
f 785/65/3 784/64/3 780/4/3 773/66/3
f 783/65/4 782/64/4 770/4/4 779/66/4
f 782/65/5 785/64/5 773/4/5 770/66/5
f 784/65/6 783/64/6 779/4/6 780/66/6
f 1038/4/143 1039/82/143 1040/358/143 1041/64/143
f 1039/82/2 1042/15/2 1043/359/2 1040/358/2
f 1042/15/144 1044/115/144 1045/322/144 1043/359/144
f 1044/115/145 1046/135/145 1047/360/145 1045/322/145
f 1046/135/1 1048/155/1 1049/361/1 1047/360/1
f 1048/155/146 1038/66/146 1041/65/146 1049/361/146
f 1048/362/3 1046/363/3 1044/1/3 1042/364/3
f 1048/362/3 1042/364/3 1039/365/3 1038/58/3
f 1050/4/143 1051/82/143 1052/358/143 1053/64/143
f 1051/82/2 1054/15/2 1055/359/2 1052/358/2
f 1054/15/144 1056/115/144 1057/322/144 1055/359/144
f 1056/115/145 1058/135/145 1059/360/145 1057/322/145
f 1058/135/1 1060/155/1 1061/361/1 1059/360/1
f 1060/155/146 1050/66/146 1053/65/146 1061/361/146
f 1060/362/3 1058/363/3 1056/1/3 1054/364/3
f 1060/362/3 1054/364/3 1051/365/3 1050/58/3
f 1062/4/147 1063/311/147 1064/312/147 1065/64/147
f 1063/311/148 1066/27/148 1067/313/148 1064/312/148
f 1066/27/149 1068/314/149 1069/315/149 1067/313/149
f 1068/314/150 1070/35/150 1071/316/150 1069/315/150
f 1070/35/151 1072/317/151 1073/318/151 1071/316/151
f 1072/317/152 1074/45/152 1075/319/152 1073/318/152
f 1074/45/153 1076/320/153 1077/321/153 1075/319/153
f 1076/320/154 1078/115/154 1079/322/154 1077/321/154
f 1078/115/155 1080/323/155 1081/324/155 1079/322/155
f 1080/323/156 1082/309/156 1083/325/156 1081/324/156
f 1082/309/157 1084/326/157 1085/327/157 1083/325/157
f 1084/326/158 1086/145/158 1087/328/158 1085/327/158
f 1086/145/159 1088/329/159 1089/330/159 1087/328/159
f 1088/329/160 1090/331/160 1091/332/160 1089/330/160
f 1090/331/161 1092/333/161 1093/334/161 1091/332/161
f 1092/333/162 1062/66/162 1065/65/162 1093/334/162
f 1092/48/3 1090/47/3 1088/46/3 1086/3/3
f 1092/48/3 1086/3/3 1084/50/3 1082/49/3
f 1092/48/3 1082/49/3 1080/51/3 1078/1/3
f 1092/48/3 1078/1/3 1076/53/3 1074/52/3
f 1092/48/3 1074/52/3 1072/55/3 1070/54/3
f 1092/48/3 1070/54/3 1068/57/3 1066/56/3
f 1092/48/3 1066/56/3 1063/59/3 1062/58/3
f 1094/4/147 1095/311/147 1096/312/147 1097/64/147
f 1095/311/148 1098/27/148 1099/313/148 1096/312/148
f 1098/27/149 1100/314/149 1101/315/149 1099/313/149
f 1100/314/150 1102/35/150 1103/316/150 1101/315/150
f 1102/35/151 1104/317/151 1105/318/151 1103/316/151
f 1104/317/152 1106/45/152 1107/319/152 1105/318/152
f 1106/45/153 1108/320/153 1109/321/153 1107/319/153
f 1108/320/154 1110/115/154 1111/322/154 1109/321/154
f 1110/115/155 1112/323/155 1113/324/155 1111/322/155
f 1112/323/156 1114/309/156 1115/325/156 1113/324/156
f 1114/309/157 1116/326/157 1117/327/157 1115/325/157
f 1116/326/158 1118/145/158 1119/328/158 1117/327/158
f 1118/145/159 1120/329/159 1121/330/159 1119/328/159
f 1120/329/160 1122/331/160 1123/332/160 1121/330/160
f 1122/331/161 1124/333/161 1125/334/161 1123/332/161
f 1124/333/162 1094/66/162 1097/65/162 1125/334/162
f 1124/48/3 1122/47/3 1120/46/3 1118/3/3
f 1124/48/3 1118/3/3 1116/50/3 1114/49/3
f 1124/48/3 1114/49/3 1112/51/3 1110/1/3
f 1124/48/3 1110/1/3 1108/53/3 1106/52/3
f 1124/48/3 1106/52/3 1104/55/3 1102/54/3
f 1124/48/3 1102/54/3 1100/57/3 1098/56/3
f 1124/48/3 1098/56/3 1095/59/3 1094/58/3
o entry_west
usemtl core
f 786/4/127 787/295/127 788/335/127 789/281/127
f 787/295/128 790/105/128 791/336/128 788/335/128
f 790/105/129 792/309/129 793/337/129 791/336/129
f 792/309/130 794/155/130 795/338/130 793/337/130
f 794/155/131 796/339/131 797/340/131 795/338/131
f 796/339/132 798/204/132 799/341/132 797/340/132
f 798/204/133 800/342/133 801/343/133 799/341/133
f 800/342/134 802/3/134 803/54/134 801/343/134
f 802/3/135 804/344/135 805/345/135 803/54/135
f 804/344/136 806/346/136 807/347/136 805/345/136
f 806/346/137 808/348/137 809/349/137 807/347/137
f 808/348/138 810/350/138 811/351/138 809/349/138
f 810/350/139 812/352/139 813/353/139 811/351/139
f 812/352/140 814/354/140 815/355/140 813/353/140
f 814/354/141 816/356/141 817/357/141 815/355/141
f 816/356/142 786/283/142 789/282/142 817/357/142
f 789/58/6 788/59/6 791/56/6 793/57/6 795/54/6 797/55/6 799/52/6 801/53/6 803/1/6 805/51/6 807/49/6 809/50/6 811/3/6 813/46/6 815/47/6 817/48/6
f 818/4/127 819/295/127 820/335/127 821/281/127
f 819/295/128 822/105/128 823/336/128 820/335/128
f 822/105/129 824/309/129 825/337/129 823/336/129
f 824/309/130 826/155/130 827/338/130 825/337/130
f 826/155/131 828/339/131 829/340/131 827/338/131
f 828/339/132 830/204/132 831/341/132 829/340/132
f 830/204/133 832/342/133 833/343/133 831/341/133
f 832/342/134 834/3/134 835/54/134 833/343/134
f 834/3/135 836/344/135 837/345/135 835/54/135
f 836/344/136 838/346/136 839/347/136 837/345/136
f 838/346/137 840/348/137 841/349/137 839/347/137
f 840/348/138 842/350/138 843/351/138 841/349/138
f 842/350/139 844/352/139 845/353/139 843/351/139
f 844/352/140 846/354/140 847/355/140 845/353/140
f 846/354/141 848/356/141 849/357/141 847/355/141
f 848/356/142 818/283/142 821/282/142 849/357/142
f 821/58/6 820/59/6 823/56/6 825/57/6 827/54/6 829/55/6 831/52/6 833/53/6 835/1/6 837/51/6 839/49/6 841/50/6 843/3/6 845/46/6 847/47/6 849/48/6
usemtl steel
f 850/288/1 851/310/1 852/135/1 853/4/1
f 854/4/2 855/135/2 856/310/2 857/288/2
f 857/310/5 856/288/5 851/4/5 850/135/5
f 855/310/6 854/288/6 853/4/6 852/135/6
f 854/310/4 857/288/4 850/4/4 853/135/4
f 856/310/3 855/288/3 852/4/3 851/135/3
f 858/288/1 859/310/1 860/135/1 861/4/1
f 862/4/2 863/135/2 864/310/2 865/288/2
f 865/310/5 864/288/5 859/4/5 858/135/5
f 863/310/6 862/288/6 861/4/6 860/135/6
f 862/310/4 865/288/4 858/4/4 861/135/4
f 864/310/3 863/288/3 860/4/3 859/135/3
f 857/64/1 864/65/1 863/66/1 854/4/1
f 866/4/2 867/66/2 868/65/2 869/64/2
f 869/65/5 868/64/5 864/4/5 857/66/5
f 867/65/6 866/64/6 854/4/6 863/66/6
f 866/65/4 869/64/4 857/4/4 854/66/4
f 868/65/3 867/64/3 863/4/3 864/66/3
f 1126/4/163 1127/82/163 1128/358/163 1129/64/163
f 1127/82/4 1130/15/4 1131/359/4 1128/358/4
f 1130/15/164 1132/115/164 1133/322/164 1131/359/164
f 1132/115/165 1134/135/165 1135/360/165 1133/322/165
f 1134/135/3 1136/155/3 1137/361/3 1135/360/3
f 1136/155/166 1126/66/166 1129/65/166 1137/361/166
f 1136/362/5 1134/363/5 1132/1/5 1130/364/5
f 1136/362/5 1130/364/5 1127/365/5 1126/58/5
f 1138/4/163 1139/82/163 1140/358/163 1141/64/163
f 1139/82/4 1142/15/4 1143/359/4 1140/358/4
f 1142/15/164 1144/115/164 1145/322/164 1143/359/164
f 1144/115/165 1146/135/165 1147/360/165 1145/322/165
f 1146/135/3 1148/155/3 1149/361/3 1147/360/3
f 1148/155/166 1138/66/166 1141/65/166 1149/361/166
f 1148/362/5 1146/363/5 1144/1/5 1142/364/5
f 1148/362/5 1142/364/5 1139/365/5 1138/58/5
f 1150/4/167 1151/311/167 1152/312/167 1153/64/167
f 1151/311/168 1154/27/168 1155/313/168 1152/312/168
f 1154/27/169 1156/314/169 1157/315/169 1155/313/169
f 1156/314/170 1158/35/170 1159/316/170 1157/315/170
f 1158/35/171 1160/317/171 1161/318/171 1159/316/171
f 1160/317/172 1162/45/172 1163/319/172 1161/318/172
f 1162/45/173 1164/320/173 1165/321/173 1163/319/173
f 1164/320/174 1166/115/174 1167/322/174 1165/321/174
f 1166/115/175 1168/323/175 1169/324/175 1167/322/175
f 1168/323/176 1170/309/176 1171/325/176 1169/324/176
f 1170/309/177 1172/326/177 1173/327/177 1171/325/177
f 1172/326/178 1174/145/178 1175/328/178 1173/327/178
f 1174/145/179 1176/329/179 1177/330/179 1175/328/179
f 1176/329/180 1178/331/180 1179/332/180 1177/330/180
f 1178/331/181 1180/333/181 1181/334/181 1179/332/181
f 1180/333/182 1150/66/182 1153/65/182 1181/334/182
f 1180/48/5 1178/47/5 1176/46/5 1174/3/5
f 1180/48/5 1174/3/5 1172/50/5 1170/49/5
f 1180/48/5 1170/49/5 1168/51/5 1166/1/5
f 1180/48/5 1166/1/5 1164/53/5 1162/52/5
f 1180/48/5 1162/52/5 1160/55/5 1158/54/5
f 1180/48/5 1158/54/5 1156/57/5 1154/56/5
f 1180/48/5 1154/56/5 1151/59/5 1150/58/5
f 1182/4/167 1183/311/167 1184/312/167 1185/64/167
f 1183/311/168 1186/27/168 1187/313/168 1184/312/168
f 1186/27/169 1188/314/169 1189/315/169 1187/313/169
f 1188/314/170 1190/35/170 1191/316/170 1189/315/170
f 1190/35/171 1192/317/171 1193/318/171 1191/316/171
f 1192/317/172 1194/45/172 1195/319/172 1193/318/172
f 1194/45/173 1196/320/173 1197/321/173 1195/319/173
f 1196/320/174 1198/115/174 1199/322/174 1197/321/174
f 1198/115/175 1200/323/175 1201/324/175 1199/322/175
f 1200/323/176 1202/309/176 1203/325/176 1201/324/176
f 1202/309/177 1204/326/177 1205/327/177 1203/325/177
f 1204/326/178 1206/145/178 1207/328/178 1205/327/178
f 1206/145/179 1208/329/179 1209/330/179 1207/328/179
f 1208/329/180 1210/331/180 1211/332/180 1209/330/180
f 1210/331/181 1212/333/181 1213/334/181 1211/332/181
f 1212/333/182 1182/66/182 1185/65/182 1213/334/182
f 1212/48/5 1210/47/5 1208/46/5 1206/3/5
f 1212/48/5 1206/3/5 1204/50/5 1202/49/5
f 1212/48/5 1202/49/5 1200/51/5 1198/1/5
f 1212/48/5 1198/1/5 1196/53/5 1194/52/5
f 1212/48/5 1194/52/5 1192/55/5 1190/54/5
f 1212/48/5 1190/54/5 1188/57/5 1186/56/5
f 1212/48/5 1186/56/5 1183/59/5 1182/58/5
o entry_south
usemtl core
f 870/4/126 871/295/126 872/335/126 873/281/126
f 871/295/125 874/105/125 875/336/125 872/335/125
f 874/105/124 876/309/124 877/337/124 875/336/124
f 876/309/123 878/155/123 879/338/123 877/337/123
f 878/155/122 880/339/122 881/340/122 879/338/122
f 880/339/121 882/204/121 883/341/121 881/340/121
f 882/204/120 884/342/120 885/343/120 883/341/120
f 884/342/119 886/3/119 887/54/119 885/343/119
f 886/3/118 888/344/118 889/345/118 887/54/118
f 888/344/117 890/346/117 891/347/117 889/345/117
f 890/346/116 892/348/116 893/349/116 891/347/116
f 892/348/115 894/350/115 895/351/115 893/349/115
f 894/350/114 896/352/114 897/353/114 895/351/114
f 896/352/113 898/354/113 899/355/113 897/353/113
f 898/354/112 900/356/112 901/357/112 899/355/112
f 900/356/111 870/283/111 873/282/111 901/357/111
f 873/58/3 872/59/3 875/56/3 877/57/3 879/54/3 881/55/3 883/52/3 885/53/3 887/1/3 889/51/3 891/49/3 893/50/3 895/3/3 897/46/3 899/47/3 901/48/3
f 902/4/126 903/295/126 904/335/126 905/281/126
f 903/295/125 906/105/125 907/336/125 904/335/125
f 906/105/124 908/309/124 909/337/124 907/336/124
f 908/309/123 910/155/123 911/338/123 909/337/123
f 910/155/122 912/339/122 913/340/122 911/338/122
f 912/339/121 914/204/121 915/341/121 913/340/121
f 914/204/120 916/342/120 917/343/120 915/341/120
f 916/342/119 918/3/119 919/54/119 917/343/119
f 918/3/118 920/344/118 921/345/118 919/54/118
f 920/344/117 922/346/117 923/347/117 921/345/117
f 922/346/116 924/348/116 925/349/116 923/347/116
f 924/348/115 926/350/115 927/351/115 925/349/115
f 926/350/114 928/352/114 929/353/114 927/351/114
f 928/352/113 930/354/113 931/355/113 929/353/113
f 930/354/112 932/356/112 933/357/112 931/355/112
f 932/356/111 902/283/111 905/282/111 933/357/111
f 905/58/3 904/59/3 907/56/3 909/57/3 911/54/3 913/55/3 915/52/3 917/53/3 919/1/3 921/51/3 923/49/3 925/50/3 927/3/3 929/46/3 931/47/3 933/48/3
usemtl steel
f 934/288/1 935/310/1 936/135/1 937/4/1
f 938/4/2 939/135/2 940/310/2 941/288/2
f 941/310/4 940/288/4 935/4/4 934/135/4
f 939/310/3 938/288/3 937/4/3 936/135/3
f 938/310/6 941/288/6 934/4/6 937/135/6
f 940/310/5 939/288/5 936/4/5 935/135/5
f 942/288/1 943/310/1 944/135/1 945/4/1
f 946/4/2 947/135/2 948/310/2 949/288/2
f 949/310/4 948/288/4 943/4/4 942/135/4
f 947/310/3 946/288/3 945/4/3 944/135/3
f 946/310/6 949/288/6 942/4/6 945/135/6
f 948/310/5 947/288/5 944/4/5 943/135/5
f 941/64/1 948/65/1 947/66/1 938/4/1
f 950/4/2 951/66/2 952/65/2 953/64/2
f 953/65/4 952/64/4 948/4/4 941/66/4
f 951/65/3 950/64/3 938/4/3 947/66/3
f 950/65/6 953/64/6 941/4/6 938/66/6
f 952/65/5 951/64/5 947/4/5 948/66/5
f 1214/4/143 1215/82/143 1216/358/143 1217/64/143
f 1215/82/2 1218/15/2 1219/359/2 1216/358/2
f 1218/15/144 1220/115/144 1221/322/144 1219/359/144
f 1220/115/145 1222/135/145 1223/360/145 1221/322/145
f 1222/135/1 1224/155/1 1225/361/1 1223/360/1
f 1224/155/146 1214/66/146 1217/65/146 1225/361/146
f 1217/58/4 1216/365/4 1219/364/4 1221/1/4
f 1217/58/4 1221/1/4 1223/363/4 1225/362/4
f 1226/4/143 1227/82/143 1228/358/143 1229/64/143
f 1227/82/2 1230/15/2 1231/359/2 1228/358/2
f 1230/15/144 1232/115/144 1233/322/144 1231/359/144
f 1232/115/145 1234/135/145 1235/360/145 1233/322/145
f 1234/135/1 1236/155/1 1237/361/1 1235/360/1
f 1236/155/146 1226/66/146 1229/65/146 1237/361/146
f 1229/58/4 1228/365/4 1231/364/4 1233/1/4
f 1229/58/4 1233/1/4 1235/363/4 1237/362/4
f 1238/4/183 1239/311/183 1240/312/183 1241/64/183
f 1239/311/184 1242/27/184 1243/313/184 1240/312/184
f 1242/27/185 1244/314/185 1245/315/185 1243/313/185
f 1244/314/186 1246/35/186 1247/316/186 1245/315/186
f 1246/35/187 1248/317/187 1249/318/187 1247/316/187
f 1248/317/188 1250/45/188 1251/319/188 1249/318/188
f 1250/45/189 1252/320/189 1253/321/189 1251/319/189
f 1252/320/190 1254/115/190 1255/322/190 1253/321/190
f 1254/115/191 1256/323/191 1257/324/191 1255/322/191
f 1256/323/192 1258/309/192 1259/325/192 1257/324/192
f 1258/309/193 1260/326/193 1261/327/193 1259/325/193
f 1260/326/194 1262/145/194 1263/328/194 1261/327/194
f 1262/145/195 1264/329/195 1265/330/195 1263/328/195
f 1264/329/196 1266/331/196 1267/332/196 1265/330/196
f 1266/331/197 1268/333/197 1269/334/197 1267/332/197
f 1268/333/198 1238/66/198 1241/65/198 1269/334/198
f 1241/58/4 1240/59/4 1243/56/4 1245/57/4
f 1241/58/4 1245/57/4 1247/54/4 1249/55/4
f 1241/58/4 1249/55/4 1251/52/4 1253/53/4
f 1241/58/4 1253/53/4 1255/1/4 1257/51/4
f 1241/58/4 1257/51/4 1259/49/4 1261/50/4
f 1241/58/4 1261/50/4 1263/3/4 1265/46/4
f 1241/58/4 1265/46/4 1267/47/4 1269/48/4
f 1270/4/183 1271/311/183 1272/312/183 1273/64/183
f 1271/311/184 1274/27/184 1275/313/184 1272/312/184
f 1274/27/185 1276/314/185 1277/315/185 1275/313/185
f 1276/314/186 1278/35/186 1279/316/186 1277/315/186
f 1278/35/187 1280/317/187 1281/318/187 1279/316/187
f 1280/317/188 1282/45/188 1283/319/188 1281/318/188
f 1282/45/189 1284/320/189 1285/321/189 1283/319/189
f 1284/320/190 1286/115/190 1287/322/190 1285/321/190
f 1286/115/191 1288/323/191 1289/324/191 1287/322/191
f 1288/323/192 1290/309/192 1291/325/192 1289/324/192
f 1290/309/193 1292/326/193 1293/327/193 1291/325/193
f 1292/326/194 1294/145/194 1295/328/194 1293/327/194
f 1294/145/195 1296/329/195 1297/330/195 1295/328/195
f 1296/329/196 1298/331/196 1299/332/196 1297/330/196
f 1298/331/197 1300/333/197 1301/334/197 1299/332/197
f 1300/333/198 1270/66/198 1273/65/198 1301/334/198
f 1273/58/4 1272/59/4 1275/56/4 1277/57/4
f 1273/58/4 1277/57/4 1279/54/4 1281/55/4
f 1273/58/4 1281/55/4 1283/52/4 1285/53/4
f 1273/58/4 1285/53/4 1287/1/4 1289/51/4
f 1273/58/4 1289/51/4 1291/49/4 1293/50/4
f 1273/58/4 1293/50/4 1295/3/4 1297/46/4
f 1273/58/4 1297/46/4 1299/47/4 1301/48/4
o entry_east
usemtl core
f 954/4/142 955/295/142 956/335/142 957/281/142
f 955/295/141 958/105/141 959/336/141 956/335/141
f 958/105/140 960/309/140 961/337/140 959/336/140
f 960/309/139 962/155/139 963/338/139 961/337/139
f 962/155/138 964/339/138 965/340/138 963/338/138
f 964/339/137 966/204/137 967/341/137 965/340/137
f 966/204/136 968/342/136 969/343/136 967/341/136
f 968/342/135 970/3/135 971/54/135 969/343/135
f 970/3/134 972/344/134 973/345/134 971/54/134
f 972/344/133 974/346/133 975/347/133 973/345/133
f 974/346/132 976/348/132 977/349/132 975/347/132
f 976/348/131 978/350/131 979/351/131 977/349/131
f 978/350/130 980/352/130 981/353/130 979/351/130
f 980/352/129 982/354/129 983/355/129 981/353/129
f 982/354/128 984/356/128 985/357/128 983/355/128
f 984/356/127 954/283/127 957/282/127 985/357/127
f 957/58/5 956/59/5 959/56/5 961/57/5 963/54/5 965/55/5 967/52/5 969/53/5 971/1/5 973/51/5 975/49/5 977/50/5 979/3/5 981/46/5 983/47/5 985/48/5
f 986/4/142 987/295/142 988/335/142 989/281/142
f 987/295/141 990/105/141 991/336/141 988/335/141
f 990/105/140 992/309/140 993/337/140 991/336/140
f 992/309/139 994/155/139 995/338/139 993/337/139
f 994/155/138 996/339/138 997/340/138 995/338/138
f 996/339/137 998/204/137 999/341/137 997/340/137
f 998/204/136 1000/342/136 1001/343/136 999/341/136
f 1000/342/135 1002/3/135 1003/54/135 1001/343/135
f 1002/3/134 1004/344/134 1005/345/134 1003/54/134
f 1004/344/133 1006/346/133 1007/347/133 1005/345/133
f 1006/346/132 1008/348/132 1009/349/132 1007/347/132
f 1008/348/131 1010/350/131 1011/351/131 1009/349/131
f 1010/350/130 1012/352/130 1013/353/130 1011/351/130
f 1012/352/129 1014/354/129 1015/355/129 1013/353/129
f 1014/354/128 1016/356/128 1017/357/128 1015/355/128
f 1016/356/127 986/283/127 989/282/127 1017/357/127
f 989/58/5 988/59/5 991/56/5 993/57/5 995/54/5 997/55/5 999/52/5 1001/53/5 1003/1/5 1005/51/5 1007/49/5 1009/50/5 1011/3/5 1013/46/5 1015/47/5 1017/48/5
usemtl steel
f 1018/288/1 1019/310/1 1020/135/1 1021/4/1
f 1022/4/2 1023/135/2 1024/310/2 1025/288/2
f 1025/310/6 1024/288/6 1019/4/6 1018/135/6
f 1023/310/5 1022/288/5 1021/4/5 1020/135/5
f 1022/310/3 1025/288/3 1018/4/3 1021/135/3
f 1024/310/4 1023/288/4 1020/4/4 1019/135/4
f 1026/288/1 1027/310/1 1028/135/1 1029/4/1
f 1030/4/2 1031/135/2 1032/310/2 1033/288/2
f 1033/310/6 1032/288/6 1027/4/6 1026/135/6
f 1031/310/5 1030/288/5 1029/4/5 1028/135/5
f 1030/310/3 1033/288/3 1026/4/3 1029/135/3
f 1032/310/4 1031/288/4 1028/4/4 1027/135/4
f 1025/64/1 1032/65/1 1031/66/1 1022/4/1
f 1034/4/2 1035/66/2 1036/65/2 1037/64/2
f 1037/65/6 1036/64/6 1032/4/6 1025/66/6
f 1035/65/5 1034/64/5 1022/4/5 1031/66/5
f 1034/65/3 1037/64/3 1025/4/3 1022/66/3
f 1036/65/4 1035/64/4 1031/4/4 1032/66/4
f 1302/4/163 1303/82/163 1304/358/163 1305/64/163
f 1303/82/4 1306/15/4 1307/359/4 1304/358/4
f 1306/15/164 1308/115/164 1309/322/164 1307/359/164
f 1308/115/165 1310/135/165 1311/360/165 1309/322/165
f 1310/135/3 1312/155/3 1313/361/3 1311/360/3
f 1312/155/166 1302/66/166 1305/65/166 1313/361/166
f 1305/58/6 1304/365/6 1307/364/6 1309/1/6
f 1305/58/6 1309/1/6 1311/363/6 1313/362/6
f 1314/4/163 1315/82/163 1316/358/163 1317/64/163
f 1315/82/4 1318/15/4 1319/359/4 1316/358/4
f 1318/15/164 1320/115/164 1321/322/164 1319/359/164
f 1320/115/165 1322/135/165 1323/360/165 1321/322/165
f 1322/135/3 1324/155/3 1325/361/3 1323/360/3
f 1324/155/166 1314/66/166 1317/65/166 1325/361/166
f 1317/58/6 1316/365/6 1319/364/6 1321/1/6
f 1317/58/6 1321/1/6 1323/363/6 1325/362/6
f 1326/4/199 1327/311/199 1328/312/199 1329/64/199
f 1327/311/200 1330/27/200 1331/313/200 1328/312/200
f 1330/27/201 1332/314/201 1333/315/201 1331/313/201
f 1332/314/202 1334/35/202 1335/316/202 1333/315/202
f 1334/35/203 1336/317/203 1337/318/203 1335/316/203
f 1336/317/204 1338/45/204 1339/319/204 1337/318/204
f 1338/45/205 1340/320/205 1341/321/205 1339/319/205
f 1340/320/206 1342/115/206 1343/322/206 1341/321/206
f 1342/115/207 1344/323/207 1345/324/207 1343/322/207
f 1344/323/208 1346/309/208 1347/325/208 1345/324/208
f 1346/309/209 1348/326/209 1349/327/209 1347/325/209
f 1348/326/210 1350/145/210 1351/328/210 1349/327/210
f 1350/145/211 1352/329/211 1353/330/211 1351/328/211
f 1352/329/212 1354/331/212 1355/332/212 1353/330/212
f 1354/331/213 1356/333/213 1357/334/213 1355/332/213
f 1356/333/214 1326/66/214 1329/65/214 1357/334/214
f 1329/58/6 1328/59/6 1331/56/6 1333/57/6
f 1329/58/6 1333/57/6 1335/54/6 1337/55/6
f 1329/58/6 1337/55/6 1339/52/6 1341/53/6
f 1329/58/6 1341/53/6 1343/1/6 1345/51/6
f 1329/58/6 1345/51/6 1347/49/6 1349/50/6
f 1329/58/6 1349/50/6 1351/3/6 1353/46/6
f 1329/58/6 1353/46/6 1355/47/6 1357/48/6
f 1358/4/199 1359/311/199 1360/312/199 1361/64/199
f 1359/311/200 1362/27/200 1363/313/200 1360/312/200
f 1362/27/201 1364/314/201 1365/315/201 1363/313/201
f 1364/314/202 1366/35/202 1367/316/202 1365/315/202
f 1366/35/203 1368/317/203 1369/318/203 1367/316/203
f 1368/317/204 1370/45/204 1371/319/204 1369/318/204
f 1370/45/205 1372/320/205 1373/321/205 1371/319/205
f 1372/320/206 1374/115/206 1375/322/206 1373/321/206
f 1374/115/207 1376/323/207 1377/324/207 1375/322/207
f 1376/323/208 1378/309/208 1379/325/208 1377/324/208
f 1378/309/209 1380/326/209 1381/327/209 1379/325/209
f 1380/326/210 1382/145/210 1383/328/210 1381/327/210
f 1382/145/211 1384/329/211 1385/330/211 1383/328/211
f 1384/329/212 1386/331/212 1387/332/212 1385/330/212
f 1386/331/213 1388/333/213 1389/334/213 1387/332/213
f 1388/333/214 1358/66/214 1361/65/214 1389/334/214
f 1361/58/6 1360/59/6 1363/56/6 1365/57/6
f 1361/58/6 1365/57/6 1367/54/6 1369/55/6
f 1361/58/6 1369/55/6 1371/52/6 1373/53/6
f 1361/58/6 1373/53/6 1375/1/6 1377/51/6
f 1361/58/6 1377/51/6 1379/49/6 1381/50/6
f 1361/58/6 1381/50/6 1383/3/6 1385/46/6
f 1361/58/6 1385/46/6 1387/47/6 1389/48/6
o rotate_handle
usemtl switch
f 1390/4/215 1391/295/215 1392/335/215 1393/281/215
f 1391/295/216 1394/105/216 1395/336/216 1392/335/216
f 1394/105/217 1396/309/217 1397/337/217 1395/336/217
f 1396/309/218 1398/155/218 1399/338/218 1397/337/218
f 1398/155/219 1400/339/219 1401/340/219 1399/338/219
f 1400/339/220 1402/204/220 1403/341/220 1401/340/220
f 1402/204/221 1404/342/221 1405/343/221 1403/341/221
f 1404/342/222 1406/3/222 1407/54/222 1405/343/222
f 1406/3/223 1408/344/223 1409/345/223 1407/54/223
f 1408/344/224 1410/346/224 1411/347/224 1409/345/224
f 1410/346/225 1412/348/225 1413/349/225 1411/347/225
f 1412/348/226 1414/350/226 1415/351/226 1413/349/226
f 1414/350/227 1416/352/227 1417/353/227 1415/351/227
f 1416/352/228 1418/354/228 1419/355/228 1417/353/228
f 1418/354/229 1420/356/229 1421/357/229 1419/355/229
f 1420/356/230 1390/283/230 1393/282/230 1421/357/230
f 1420/48/3 1418/47/3 1416/46/3 1414/3/3
f 1420/48/3 1414/3/3 1412/50/3 1410/49/3
f 1420/48/3 1410/49/3 1408/51/3 1406/1/3
f 1420/48/3 1406/1/3 1404/53/3 1402/52/3
f 1420/48/3 1402/52/3 1400/55/3 1398/54/3
f 1420/48/3 1398/54/3 1396/57/3 1394/56/3
f 1420/48/3 1394/56/3 1391/59/3 1390/58/3
f 1393/58/4 1392/59/4 1395/56/4 1397/57/4
f 1393/58/4 1397/57/4 1399/54/4 1401/55/4
f 1393/58/4 1401/55/4 1403/52/4 1405/53/4
f 1393/58/4 1405/53/4 1407/1/4 1409/51/4
f 1393/58/4 1409/51/4 1411/49/4 1413/50/4
f 1393/58/4 1413/50/4 1415/3/4 1417/46/4
f 1393/58/4 1417/46/4 1419/47/4 1421/48/4
f 1422/64/1 1423/65/1 1424/66/1 1425/4/1
f 1426/4/2 1427/66/2 1428/65/2 1429/64/2
f 1429/65/3 1428/64/3 1423/4/3 1422/66/3
f 1427/65/4 1426/64/4 1425/4/4 1424/66/4
f 1426/65/5 1429/64/5 1422/4/5 1425/66/5
f 1428/65/6 1427/64/6 1424/4/6 1423/66/6
