# generated by tools/gen_grid_models.py - do not edit by hand
mtllib utility_pole.mtl
v 0.155000 6.180000 0.000000
v 0.154522 6.180000 0.012161
v 0.244245 0.000000 0.019222
v 0.245000 0.000000 0.000000
v 0.153092 6.180000 0.024247
v 0.241984 0.000000 0.038326
v 0.150717 6.180000 0.036184
v 0.238231 0.000000 0.057194
v 0.147414 6.180000 0.047898
v 0.233009 0.000000 0.075709
v 0.143201 6.180000 0.059316
v 0.226350 0.000000 0.093757
v 0.138106 6.180000 0.070369
v 0.218297 0.000000 0.111228
v 0.132159 6.180000 0.080987
v 0.208897 0.000000 0.128012
v 0.125398 6.180000 0.091107
v 0.198209 0.000000 0.144007
v 0.117863 6.180000 0.100664
v 0.186299 0.000000 0.159115
v 0.109602 6.180000 0.109602
v 0.173241 0.000000 0.173241
v 0.100664 6.180000 0.117863
v 0.159115 0.000000 0.186299
v 0.091107 6.180000 0.125398
v 0.144007 0.000000 0.198209
v 0.080987 6.180000 0.132159
v 0.128012 0.000000 0.208897
v 0.070369 6.180000 0.138106
v 0.111228 0.000000 0.218297
v 0.059316 6.180000 0.143201
v 0.093757 0.000000 0.226350
v 0.047898 6.180000 0.147414
v 0.075709 0.000000 0.233009
v 0.036184 6.180000 0.150717
v 0.057194 0.000000 0.238231
v 0.024247 6.180000 0.153092
v 0.038326 0.000000 0.241984
v 0.012161 6.180000 0.154522
v 0.019222 0.000000 0.244245
v 0.000000 6.180000 0.155000
v 0.000000 0.000000 0.245000
v -0.012161 6.180000 0.154522
v -0.019222 0.000000 0.244245
v -0.024247 6.180000 0.153092
v -0.038326 0.000000 0.241984
v -0.036184 6.180000 0.150717
v -0.057194 0.000000 0.238231
v -0.047898 6.180000 0.147414
v -0.075709 0.000000 0.233009
v -0.059316 6.180000 0.143201
v -0.093757 0.000000 0.226350
v -0.070369 6.180000 0.138106
v -0.111228 0.000000 0.218297
v -0.080987 6.180000 0.132159
v -0.128012 0.000000 0.208897
v -0.091107 6.180000 0.125398
v -0.144007 0.000000 0.198209
v -0.100664 6.180000 0.117863
v -0.159115 0.000000 0.186299
v -0.109602 6.180000 0.109602
v -0.173241 0.000000 0.173241
v -0.117863 6.180000 0.100664
v -0.186299 0.000000 0.159115
v -0.125398 6.180000 0.091107
v -0.198209 0.000000 0.144007
v -0.132159 6.180000 0.080987
v -0.208897 0.000000 0.128012
v -0.138106 6.180000 0.070369
v -0.218297 0.000000 0.111228
v -0.143201 6.180000 0.059316
v -0.226350 0.000000 0.093757
v -0.147414 6.180000 0.047898
v -0.233009 0.000000 0.075709
v -0.150717 6.180000 0.036184
v -0.238231 0.000000 0.057194
v -0.153092 6.180000 0.024247
v -0.241984 0.000000 0.038326
v -0.154522 6.180000 0.012161
v -0.244245 0.000000 0.019222
v -0.155000 6.180000 0.000000
v -0.245000 0.000000 0.000000
v -0.154522 6.180000 -0.012161
v -0.244245 0.000000 -0.019222
v -0.153092 6.180000 -0.024247
v -0.241984 0.000000 -0.038326
v -0.150717 6.180000 -0.036184
v -0.238231 0.000000 -0.057194
v -0.147414 6.180000 -0.047898
v -0.233009 0.000000 -0.075709
v -0.143201 6.180000 -0.059316
v -0.226350 0.000000 -0.093757
v -0.138106 6.180000 -0.070369
v -0.218297 0.000000 -0.111228
v -0.132159 6.180000 -0.080987
v -0.208897 0.000000 -0.128012
v -0.125398 6.180000 -0.091107
v -0.198209 0.000000 -0.144007
v -0.117863 6.180000 -0.100664
v -0.186299 0.000000 -0.159115
v -0.109602 6.180000 -0.109602
v -0.173241 0.000000 -0.173241
v -0.100664 6.180000 -0.117863
v -0.159115 0.000000 -0.186299
v -0.091107 6.180000 -0.125398
v -0.144007 0.000000 -0.198209
v -0.080987 6.180000 -0.132159
v -0.128012 0.000000 -0.208897
v -0.070369 6.180000 -0.138106
v -0.111228 0.000000 -0.218297
v -0.059316 6.180000 -0.143201
v -0.093757 0.000000 -0.226350
v -0.047898 6.180000 -0.147414
v -0.075709 0.000000 -0.233009
v -0.036184 6.180000 -0.150717
v -0.057194 0.000000 -0.238231
v -0.024247 6.180000 -0.153092
v -0.038326 0.000000 -0.241984
v -0.012161 6.180000 -0.154522
v -0.019222 0.000000 -0.244245
v -0.000000 6.180000 -0.155000
v -0.000000 0.000000 -0.245000
v 0.012161 6.180000 -0.154522
v 0.019222 0.000000 -0.244245
v 0.024247 6.180000 -0.153092
v 0.038326 0.000000 -0.241984
v 0.036184 6.180000 -0.150717
v 0.057194 0.000000 -0.238231
v 0.047898 6.180000 -0.147414
v 0.075709 0.000000 -0.233009
v 0.059316 6.180000 -0.143201
v 0.093757 0.000000 -0.226350
v 0.070369 6.180000 -0.138106
v 0.111228 0.000000 -0.218297
v 0.080987 6.180000 -0.132159
v 0.128012 0.000000 -0.208897
v 0.091107 6.180000 -0.125398
v 0.144007 0.000000 -0.198209
v 0.100664 6.180000 -0.117863
v 0.159115 0.000000 -0.186299
v 0.109602 6.180000 -0.109602
v 0.173241 0.000000 -0.173241
v 0.117863 6.180000 -0.100664
v 0.186299 0.000000 -0.159115
v 0.125398 6.180000 -0.091107
v 0.198209 0.000000 -0.144007
v 0.132159 6.180000 -0.080987
v 0.208897 0.000000 -0.128012
v 0.138106 6.180000 -0.070369
v 0.218297 0.000000 -0.111228
v 0.143201 6.180000 -0.059316
v 0.226350 0.000000 -0.093757
v 0.147414 6.180000 -0.047898
v 0.233009 0.000000 -0.075709
v 0.150717 6.180000 -0.036184
v 0.238231 0.000000 -0.057194
v 0.153092 6.180000 -0.024247
v 0.241984 0.000000 -0.038326
v 0.154522 6.180000 -0.012161
v 0.244245 0.000000 -0.019222
v 0.267000 0.110000 0.000000
v 0.266177 0.110000 0.020949
v 0.266177 0.000000 0.020949
v 0.267000 0.000000 0.000000
v 0.263713 0.110000 0.041768
v 0.263713 0.000000 0.041768
v 0.259623 0.110000 0.062330
v 0.259623 0.000000 0.062330
v 0.253932 0.110000 0.082508
v 0.253932 0.000000 0.082508
v 0.246676 0.110000 0.102176
v 0.246676 0.000000 0.102176
v 0.237899 0.110000 0.121215
v 0.237899 0.000000 0.121215
v 0.227655 0.110000 0.139507
v 0.227655 0.000000 0.139507
v 0.216008 0.110000 0.156939
v 0.216008 0.000000 0.156939
v 0.203028 0.110000 0.173403
v 0.203028 0.000000 0.173403
v 0.188798 0.110000 0.188798
v 0.188798 0.000000 0.188798
v 0.173403 0.110000 0.203028
v 0.173403 0.000000 0.203028
v 0.156939 0.110000 0.216008
v 0.156939 0.000000 0.216008
v 0.139507 0.110000 0.227655
v 0.139507 0.000000 0.227655
v 0.121215 0.110000 0.237899
v 0.121215 0.000000 0.237899
v 0.102176 0.110000 0.246676
v 0.102176 0.000000 0.246676
v 0.082508 0.110000 0.253932
v 0.082508 0.000000 0.253932
v 0.062330 0.110000 0.259623
v 0.062330 0.000000 0.259623
v 0.041768 0.110000 0.263713
v 0.041768 0.000000 0.263713
v 0.020949 0.110000 0.266177
v 0.020949 0.000000 0.266177
v 0.000000 0.110000 0.267000
v 0.000000 0.000000 0.267000
v -0.020949 0.110000 0.266177
v -0.020949 0.000000 0.266177
v -0.041768 0.110000 0.263713
v -0.041768 0.000000 0.263713
v -0.062330 0.110000 0.259623
v -0.062330 0.000000 0.259623
v -0.082508 0.110000 0.253932
v -0.082508 0.000000 0.253932
v -0.102176 0.110000 0.246676
v -0.102176 0.000000 0.246676
v -0.121215 0.110000 0.237899
v -0.121215 0.000000 0.237899
v -0.139507 0.110000 0.227655
v -0.139507 0.000000 0.227655
v -0.156939 0.110000 0.216008
v -0.156939 0.000000 0.216008
v -0.173403 0.110000 0.203028
v -0.173403 0.000000 0.203028
v -0.188798 0.110000 0.188798
v -0.188798 0.000000 0.188798
v -0.203028 0.110000 0.173403
v -0.203028 0.000000 0.173403
v -0.216008 0.110000 0.156939
v -0.216008 0.000000 0.156939
v -0.227655 0.110000 0.139507
v -0.227655 0.000000 0.139507
v -0.237899 0.110000 0.121215
v -0.237899 0.000000 0.121215
v -0.246676 0.110000 0.102176
v -0.246676 0.000000 0.102176
v -0.253932 0.110000 0.082508
v -0.253932 0.000000 0.082508
v -0.259623 0.110000 0.062330
v -0.259623 0.000000 0.062330
v -0.263713 0.110000 0.041768
v -0.263713 0.000000 0.041768
v -0.266177 0.110000 0.020949
v -0.266177 0.000000 0.020949
v -0.267000 0.110000 0.000000
v -0.267000 0.000000 0.000000
v -0.266177 0.110000 -0.020949
v -0.266177 0.000000 -0.020949
v -0.263713 0.110000 -0.041768
v -0.263713 0.000000 -0.041768
v -0.259623 0.110000 -0.062330
v -0.259623 0.000000 -0.062330
v -0.253932 0.110000 -0.082508
v -0.253932 0.000000 -0.082508
v -0.246676 0.110000 -0.102176
v -0.246676 0.000000 -0.102176
v -0.237899 0.110000 -0.121215
v -0.237899 0.000000 -0.121215
v -0.227655 0.110000 -0.139507
v -0.227655 0.000000 -0.139507
v -0.216008 0.110000 -0.156939
v -0.216008 0.000000 -0.156939
v -0.203028 0.110000 -0.173403
v -0.203028 0.000000 -0.173403
v -0.188798 0.110000 -0.188798
v -0.188798 0.000000 -0.188798
v -0.173403 0.110000 -0.203028
v -0.173403 0.000000 -0.203028
v -0.156939 0.110000 -0.216008
v -0.156939 0.000000 -0.216008
v -0.139507 0.110000 -0.227655
v -0.139507 0.000000 -0.227655
v -0.121215 0.110000 -0.237899
v -0.121215 0.000000 -0.237899
v -0.102176 0.110000 -0.246676
v -0.102176 0.000000 -0.246676
v -0.082508 0.110000 -0.253932
v -0.082508 0.000000 -0.253932
v -0.062330 0.110000 -0.259623
v -0.062330 0.000000 -0.259623
v -0.041768 0.110000 -0.263713
v -0.041768 0.000000 -0.263713
v -0.020949 0.110000 -0.266177
v -0.020949 0.000000 -0.266177
v -0.000000 0.110000 -0.267000
v -0.000000 0.000000 -0.267000
v 0.020949 0.110000 -0.266177
v 0.020949 0.000000 -0.266177
v 0.041768 0.110000 -0.263713
v 0.041768 0.000000 -0.263713
v 0.062330 0.110000 -0.259623
v 0.062330 0.000000 -0.259623
v 0.082508 0.110000 -0.253932
v 0.082508 0.000000 -0.253932
v 0.102176 0.110000 -0.246676
v 0.102176 0.000000 -0.246676
v 0.121215 0.110000 -0.237899
v 0.121215 0.000000 -0.237899
v 0.139507 0.110000 -0.227655
v 0.139507 0.000000 -0.227655
v 0.156939 0.110000 -0.216008
v 0.156939 0.000000 -0.216008
v 0.173403 0.110000 -0.203028
v 0.173403 0.000000 -0.203028
v 0.188798 0.110000 -0.188798
v 0.188798 0.000000 -0.188798
v 0.203028 0.110000 -0.173403
v 0.203028 0.000000 -0.173403
v 0.216008 0.110000 -0.156939
v 0.216008 0.000000 -0.156939
v 0.227655 0.110000 -0.139507
v 0.227655 0.000000 -0.139507
v 0.237899 0.110000 -0.121215
v 0.237899 0.000000 -0.121215
v 0.246676 0.110000 -0.102176
v 0.246676 0.000000 -0.102176
v 0.253932 0.110000 -0.082508
v 0.253932 0.000000 -0.082508
v 0.259623 0.110000 -0.062330
v 0.259623 0.000000 -0.062330
v 0.263713 0.110000 -0.041768
v 0.263713 0.000000 -0.041768
v 0.266177 0.110000 -0.020949
v 0.266177 0.000000 -0.020949
v 0.143201 6.212624 0.000000
v 0.142760 6.212624 0.011235
v 0.141438 6.212624 0.022402
v 0.139245 6.212624 0.033430
v 0.136193 6.212624 0.044252
v 0.132301 6.212624 0.054801
v 0.127593 6.212624 0.065012
v 0.122099 6.212624 0.074822
v 0.115852 6.212624 0.084172
v 0.108891 6.212624 0.093002
v 0.101259 6.212624 0.101259
v 0.093002 6.212624 0.108891
v 0.084172 6.212624 0.115852
v 0.074822 6.212624 0.122099
v 0.065012 6.212624 0.127593
v 0.054801 6.212624 0.132301
v 0.044252 6.212624 0.136193
v 0.033430 6.212624 0.139245
v 0.022402 6.212624 0.141438
v 0.011235 6.212624 0.142760
v 0.000000 6.212624 0.143201
v -0.011235 6.212624 0.142760
v -0.022402 6.212624 0.141438
v -0.033430 6.212624 0.139245
v -0.044252 6.212624 0.136193
v -0.054801 6.212624 0.132301
v -0.065012 6.212624 0.127593
v -0.074822 6.212624 0.122099
v -0.084172 6.212624 0.115852
v -0.093002 6.212624 0.108891
v -0.101259 6.212624 0.101259
v -0.108891 6.212624 0.093002
v -0.115852 6.212624 0.084172
v -0.122099 6.212624 0.074822
v -0.127593 6.212624 0.065012
v -0.132301 6.212624 0.054801
v -0.136193 6.212624 0.044252
v -0.139245 6.212624 0.033430
v -0.141438 6.212624 0.022402
v -0.142760 6.212624 0.011235
v -0.143201 6.212624 0.000000
v -0.142760 6.212624 -0.011235
v -0.141438 6.212624 -0.022402
v -0.139245 6.212624 -0.033430
v -0.136193 6.212624 -0.044252
v -0.132301 6.212624 -0.054801
v -0.127593 6.212624 -0.065012
v -0.122099 6.212624 -0.074822
v -0.115852 6.212624 -0.084172
v -0.108891 6.212624 -0.093002
v -0.101259 6.212624 -0.101259
v -0.093002 6.212624 -0.108891
v -0.084172 6.212624 -0.115852
v -0.074822 6.212624 -0.122099
v -0.065012 6.212624 -0.127593
v -0.054801 6.212624 -0.132301
v -0.044252 6.212624 -0.136193
v -0.033430 6.212624 -0.139245
v -0.022402 6.212624 -0.141438
v -0.011235 6.212624 -0.142760
v -0.000000 6.212624 -0.143201
v 0.011235 6.212624 -0.142760
v 0.022402 6.212624 -0.141438
v 0.033430 6.212624 -0.139245
v 0.044252 6.212624 -0.136193
v 0.054801 6.212624 -0.132301
v 0.065012 6.212624 -0.127593
v 0.074822 6.212624 -0.122099
v 0.084172 6.212624 -0.115852
v 0.093002 6.212624 -0.108891
v 0.101259 6.212624 -0.101259
v 0.108891 6.212624 -0.093002
v 0.115852 6.212624 -0.084172
v 0.122099 6.212624 -0.074822
v 0.127593 6.212624 -0.065012
v 0.132301 6.212624 -0.054801
v 0.136193 6.212624 -0.044252
v 0.139245 6.212624 -0.033430
v 0.141438 6.212624 -0.022402
v 0.142760 6.212624 -0.011235
v 0.109602 6.240281 0.000000
v 0.109264 6.240281 0.008599
v 0.108252 6.240281 0.017145
v 0.106573 6.240281 0.025586
v 0.104237 6.240281 0.033869
v 0.101259 6.240281 0.041943
v 0.097656 6.240281 0.049758
v 0.093451 6.240281 0.057267
v 0.088670 6.240281 0.064422
v 0.083342 6.240281 0.071181
v 0.077500 6.240281 0.077500
v 0.071181 6.240281 0.083342
v 0.064422 6.240281 0.088670
v 0.057267 6.240281 0.093451
v 0.049758 6.240281 0.097656
v 0.041943 6.240281 0.101259
v 0.033869 6.240281 0.104237
v 0.025586 6.240281 0.106573
v 0.017145 6.240281 0.108252
v 0.008599 6.240281 0.109264
v 0.000000 6.240281 0.109602
v -0.008599 6.240281 0.109264
v -0.017145 6.240281 0.108252
v -0.025586 6.240281 0.106573
v -0.033869 6.240281 0.104237
v -0.041943 6.240281 0.101259
v -0.049758 6.240281 0.097656
v -0.057267 6.240281 0.093451
v -0.064422 6.240281 0.088670
v -0.071181 6.240281 0.083342
v -0.077500 6.240281 0.077500
v -0.083342 6.240281 0.071181
v -0.088670 6.240281 0.064422
v -0.093451 6.240281 0.057267
v -0.097656 6.240281 0.049758
v -0.101259 6.240281 0.041943
v -0.104237 6.240281 0.033869
v -0.106573 6.240281 0.025586
v -0.108252 6.240281 0.017145
v -0.109264 6.240281 0.008599
v -0.109602 6.240281 0.000000
v -0.109264 6.240281 -0.008599
v -0.108252 6.240281 -0.017145
v -0.106573 6.240281 -0.025586
v -0.104237 6.240281 -0.033869
v -0.101259 6.240281 -0.041943
v -0.097656 6.240281 -0.049758
v -0.093451 6.240281 -0.057267
v -0.088670 6.240281 -0.064422
v -0.083342 6.240281 -0.071181
v -0.077500 6.240281 -0.077500
v -0.071181 6.240281 -0.083342
v -0.064422 6.240281 -0.088670
v -0.057267 6.240281 -0.093451
v -0.049758 6.240281 -0.097656
v -0.041943 6.240281 -0.101259
v -0.033869 6.240281 -0.104237
v -0.025586 6.240281 -0.106573
v -0.017145 6.240281 -0.108252
v -0.008599 6.240281 -0.109264
v -0.000000 6.240281 -0.109602
v 0.008599 6.240281 -0.109264
v 0.017145 6.240281 -0.108252
v 0.025586 6.240281 -0.106573
v 0.033869 6.240281 -0.104237
v 0.041943 6.240281 -0.101259
v 0.049758 6.240281 -0.097656
v 0.057267 6.240281 -0.093451
v 0.064422 6.240281 -0.088670
v 0.071181 6.240281 -0.083342
v 0.077500 6.240281 -0.077500
v 0.083342 6.240281 -0.071181
v 0.088670 6.240281 -0.064422
v 0.093451 6.240281 -0.057267
v 0.097656 6.240281 -0.049758
v 0.101259 6.240281 -0.041943
v 0.104237 6.240281 -0.033869
v 0.106573 6.240281 -0.025586
v 0.108252 6.240281 -0.017145
v 0.109264 6.240281 -0.008599
v 0.059316 6.258761 0.000000
v 0.059133 6.258761 0.004654
v 0.058586 6.258761 0.009279
v 0.057677 6.258761 0.013847
v 0.056413 6.258761 0.018330
v 0.054801 6.258761 0.022699
v 0.052851 6.258761 0.026929
v 0.050575 6.258761 0.030992
v 0.047988 6.258761 0.034865
v 0.045104 6.258761 0.038523
v 0.041943 6.258761 0.041943
v 0.038523 6.258761 0.045104
v 0.034865 6.258761 0.047988
v 0.030992 6.258761 0.050575
v 0.026929 6.258761 0.052851
v 0.022699 6.258761 0.054801
v 0.018330 6.258761 0.056413
v 0.013847 6.258761 0.057677
v 0.009279 6.258761 0.058586
v 0.004654 6.258761 0.059133
v 0.000000 6.258761 0.059316
v -0.004654 6.258761 0.059133
v -0.009279 6.258761 0.058586
v -0.013847 6.258761 0.057677
v -0.018330 6.258761 0.056413
v -0.022699 6.258761 0.054801
v -0.026929 6.258761 0.052851
v -0.030992 6.258761 0.050575
v -0.034865 6.258761 0.047988
v -0.038523 6.258761 0.045104
v -0.041943 6.258761 0.041943
v -0.045104 6.258761 0.038523
v -0.047988 6.258761 0.034865
v -0.050575 6.258761 0.030992
v -0.052851 6.258761 0.026929
v -0.054801 6.258761 0.022699
v -0.056413 6.258761 0.018330
v -0.057677 6.258761 0.013847
v -0.058586 6.258761 0.009279
v -0.059133 6.258761 0.004654
v -0.059316 6.258761 0.000000
v -0.059133 6.258761 -0.004654
v -0.058586 6.258761 -0.009279
v -0.057677 6.258761 -0.013847
v -0.056413 6.258761 -0.018330
v -0.054801 6.258761 -0.022699
v -0.052851 6.258761 -0.026929
v -0.050575 6.258761 -0.030992
v -0.047988 6.258761 -0.034865
v -0.045104 6.258761 -0.038523
v -0.041943 6.258761 -0.041943
v -0.038523 6.258761 -0.045104
v -0.034865 6.258761 -0.047988
v -0.030992 6.258761 -0.050575
v -0.026929 6.258761 -0.052851
v -0.022699 6.258761 -0.054801
v -0.018330 6.258761 -0.056413
v -0.013847 6.258761 -0.057677
v -0.009279 6.258761 -0.058586
v -0.004654 6.258761 -0.059133
v -0.000000 6.258761 -0.059316
v 0.004654 6.258761 -0.059133
v 0.009279 6.258761 -0.058586
v 0.013847 6.258761 -0.057677
v 0.018330 6.258761 -0.056413
v 0.022699 6.258761 -0.054801
v 0.026929 6.258761 -0.052851
v 0.030992 6.258761 -0.050575
v 0.034865 6.258761 -0.047988
v 0.038523 6.258761 -0.045104
v 0.041943 6.258761 -0.041943
v 0.045104 6.258761 -0.038523
v 0.047988 6.258761 -0.034865
v 0.050575 6.258761 -0.030992
v 0.052851 6.258761 -0.026929
v 0.054801 6.258761 -0.022699
v 0.056413 6.258761 -0.018330
v 0.057677 6.258761 -0.013847
v 0.058586 6.258761 -0.009279
v 0.059133 6.258761 -0.004654
v 0.000000 6.265250 0.000000
v -2.086000 4.865860 -0.075000
v 2.086000 4.865860 -0.075000
v 2.086000 4.865860 0.075000
v -2.086000 4.865860 0.075000
v -2.086000 4.907000 0.075000
v 2.086000 4.907000 0.075000
v 2.086000 4.907000 -0.075000
v -2.086000 4.907000 -0.075000
v -2.086000 4.720000 -0.075000
v 2.086000 4.720000 -0.075000
v 2.086000 4.720000 -0.042000
v -2.086000 4.720000 -0.042000
v -2.086000 4.907000 -0.042000
v 2.086000 4.907000 -0.042000
v -2.086000 4.720000 0.042000
v 2.086000 4.720000 0.042000
v 2.086000 4.720000 0.075000
v -2.086000 4.720000 0.075000
v 2.086000 4.907000 0.042000
v -2.086000 4.907000 0.042000
v -0.145000 4.690000 -0.090000
v 0.145000 4.690000 -0.090000
v 0.145000 4.690000 0.090000
v -0.145000 4.690000 0.090000
v -0.145000 4.937000 0.090000
v 0.145000 4.937000 0.090000
v 0.145000 4.937000 -0.090000
v -0.145000 4.937000 -0.090000
v -0.145000 4.744000 -0.082000
v -0.145000 4.737000 -0.069876
v -0.115000 4.737000 -0.069876
v -0.115000 4.744000 -0.082000
v -0.145000 4.723000 -0.069876
v -0.115000 4.723000 -0.069876
v -0.145000 4.716000 -0.082000
v -0.115000 4.716000 -0.082000
v -0.145000 4.723000 -0.094124
v -0.115000 4.723000 -0.094124
v -0.145000 4.737000 -0.094124
v -0.115000 4.737000 -0.094124
v -0.146800 4.757370 -0.082000
v -0.146800 4.755287 -0.071526
v -0.143200 4.755287 -0.071526
v -0.143200 4.757370 -0.082000
v -0.146800 4.749354 -0.062646
v -0.143200 4.749354 -0.062646
v -0.146800 4.740474 -0.056713
v -0.143200 4.740474 -0.056713
v -0.146800 4.730000 -0.054630
v -0.143200 4.730000 -0.054630
v -0.146800 4.719526 -0.056713
v -0.143200 4.719526 -0.056713
v -0.146800 4.710646 -0.062646
v -0.143200 4.710646 -0.062646
v -0.146800 4.704713 -0.071526
v -0.143200 4.704713 -0.071526
v -0.146800 4.702630 -0.082000
v -0.143200 4.702630 -0.082000
v -0.146800 4.704713 -0.092474
v -0.143200 4.704713 -0.092474
v -0.146800 4.710646 -0.101354
v -0.143200 4.710646 -0.101354
v -0.146800 4.719526 -0.107287
v -0.143200 4.719526 -0.107287
v -0.146800 4.730000 -0.109370
v -0.143200 4.730000 -0.109370
v -0.146800 4.740474 -0.107287
v -0.143200 4.740474 -0.107287
v -0.146800 4.749354 -0.101354
v -0.143200 4.749354 -0.101354
v -0.146800 4.755287 -0.092474
v -0.143200 4.755287 -0.092474
v -0.145000 4.750611 -0.070100
v -0.145000 4.730000 -0.058200
v -0.139000 4.730000 -0.058200
v -0.139000 4.750611 -0.070100
v -0.145000 4.709389 -0.070100
v -0.139000 4.709389 -0.070100
v -0.145000 4.709389 -0.093900
v -0.139000 4.709389 -0.093900
v -0.145000 4.730000 -0.105800
v -0.139000 4.730000 -0.105800
v -0.145000 4.750611 -0.093900
v -0.139000 4.750611 -0.093900
v -0.145000 4.911000 -0.082000
v -0.145000 4.904000 -0.069876
v -0.115000 4.904000 -0.069876
v -0.115000 4.911000 -0.082000
v -0.145000 4.890000 -0.069876
v -0.115000 4.890000 -0.069876
v -0.145000 4.883000 -0.082000
v -0.115000 4.883000 -0.082000
v -0.145000 4.890000 -0.094124
v -0.115000 4.890000 -0.094124
v -0.145000 4.904000 -0.094124
v -0.115000 4.904000 -0.094124
v -0.146800 4.924370 -0.082000
v -0.146800 4.922287 -0.071526
v -0.143200 4.922287 -0.071526
v -0.143200 4.924370 -0.082000
v -0.146800 4.916354 -0.062646
v -0.143200 4.916354 -0.062646
v -0.146800 4.907474 -0.056713
v -0.143200 4.907474 -0.056713
v -0.146800 4.897000 -0.054630
v -0.143200 4.897000 -0.054630
v -0.146800 4.886526 -0.056713
v -0.143200 4.886526 -0.056713
v -0.146800 4.877646 -0.062646
v -0.143200 4.877646 -0.062646
v -0.146800 4.871713 -0.071526
v -0.143200 4.871713 -0.071526
v -0.146800 4.869630 -0.082000
v -0.143200 4.869630 -0.082000
v -0.146800 4.871713 -0.092474
v -0.143200 4.871713 -0.092474
v -0.146800 4.877646 -0.101354
v -0.143200 4.877646 -0.101354
v -0.146800 4.886526 -0.107287
v -0.143200 4.886526 -0.107287
v -0.146800 4.897000 -0.109370
v -0.143200 4.897000 -0.109370
v -0.146800 4.907474 -0.107287
v -0.143200 4.907474 -0.107287
v -0.146800 4.916354 -0.101354
v -0.143200 4.916354 -0.101354
v -0.146800 4.922287 -0.092474
v -0.143200 4.922287 -0.092474
v -0.145000 4.917611 -0.070100
v -0.145000 4.897000 -0.058200
v -0.139000 4.897000 -0.058200
v -0.139000 4.917611 -0.070100
v -0.145000 4.876389 -0.070100
v -0.139000 4.876389 -0.070100
v -0.145000 4.876389 -0.093900
v -0.139000 4.876389 -0.093900
v -0.145000 4.897000 -0.105800
v -0.139000 4.897000 -0.105800
v -0.145000 4.917611 -0.093900
v -0.139000 4.917611 -0.093900
v -0.145000 4.744000 0.082000
v -0.145000 4.737000 0.094124
v -0.115000 4.737000 0.094124
v -0.115000 4.744000 0.082000
v -0.145000 4.723000 0.094124
v -0.115000 4.723000 0.094124
v -0.145000 4.716000 0.082000
v -0.115000 4.716000 0.082000
v -0.145000 4.723000 0.069876
v -0.115000 4.723000 0.069876
v -0.145000 4.737000 0.069876
v -0.115000 4.737000 0.069876
v -0.146800 4.757370 0.082000
v -0.146800 4.755287 0.092474
v -0.143200 4.755287 0.092474
v -0.143200 4.757370 0.082000
v -0.146800 4.749354 0.101354
v -0.143200 4.749354 0.101354
v -0.146800 4.740474 0.107287
v -0.143200 4.740474 0.107287
v -0.146800 4.730000 0.109370
v -0.143200 4.730000 0.109370
v -0.146800 4.719526 0.107287
v -0.143200 4.719526 0.107287
v -0.146800 4.710646 0.101354
v -0.143200 4.710646 0.101354
v -0.146800 4.704713 0.092474
v -0.143200 4.704713 0.092474
v -0.146800 4.702630 0.082000
v -0.143200 4.702630 0.082000
v -0.146800 4.704713 0.071526
v -0.143200 4.704713 0.071526
v -0.146800 4.710646 0.062646
v -0.143200 4.710646 0.062646
v -0.146800 4.719526 0.056713
v -0.143200 4.719526 0.056713
v -0.146800 4.730000 0.054630
v -0.143200 4.730000 0.054630
v -0.146800 4.740474 0.056713
v -0.143200 4.740474 0.056713
v -0.146800 4.749354 0.062646
v -0.143200 4.749354 0.062646
v -0.146800 4.755287 0.071526
v -0.143200 4.755287 0.071526
v -0.145000 4.750611 0.093900
v -0.145000 4.730000 0.105800
v -0.139000 4.730000 0.105800
v -0.139000 4.750611 0.093900
v -0.145000 4.709389 0.093900
v -0.139000 4.709389 0.093900
v -0.145000 4.709389 0.070100
v -0.139000 4.709389 0.070100
v -0.145000 4.730000 0.058200
v -0.139000 4.730000 0.058200
v -0.145000 4.750611 0.070100
v -0.139000 4.750611 0.070100
v -0.145000 4.911000 0.082000
v -0.145000 4.904000 0.094124
v -0.115000 4.904000 0.094124
v -0.115000 4.911000 0.082000
v -0.145000 4.890000 0.094124
v -0.115000 4.890000 0.094124
v -0.145000 4.883000 0.082000
v -0.115000 4.883000 0.082000
v -0.145000 4.890000 0.069876
v -0.115000 4.890000 0.069876
v -0.145000 4.904000 0.069876
v -0.115000 4.904000 0.069876
v -0.146800 4.924370 0.082000
v -0.146800 4.922287 0.092474
v -0.143200 4.922287 0.092474
v -0.143200 4.924370 0.082000
v -0.146800 4.916354 0.101354
v -0.143200 4.916354 0.101354
v -0.146800 4.907474 0.107287
v -0.143200 4.907474 0.107287
v -0.146800 4.897000 0.109370
v -0.143200 4.897000 0.109370
v -0.146800 4.886526 0.107287
v -0.143200 4.886526 0.107287
v -0.146800 4.877646 0.101354
v -0.143200 4.877646 0.101354
v -0.146800 4.871713 0.092474
v -0.143200 4.871713 0.092474
v -0.146800 4.869630 0.082000
v -0.143200 4.869630 0.082000
v -0.146800 4.871713 0.071526
v -0.143200 4.871713 0.071526
v -0.146800 4.877646 0.062646
v -0.143200 4.877646 0.062646
v -0.146800 4.886526 0.056713
v -0.143200 4.886526 0.056713
v -0.146800 4.897000 0.054630
v -0.143200 4.897000 0.054630
v -0.146800 4.907474 0.056713
v -0.143200 4.907474 0.056713
v -0.146800 4.916354 0.062646
v -0.143200 4.916354 0.062646
v -0.146800 4.922287 0.071526
v -0.143200 4.922287 0.071526
v -0.145000 4.917611 0.093900
v -0.145000 4.897000 0.105800
v -0.139000 4.897000 0.105800
v -0.139000 4.917611 0.093900
v -0.145000 4.876389 0.093900
v -0.139000 4.876389 0.093900
v -0.145000 4.876389 0.070100
v -0.139000 4.876389 0.070100
v -0.145000 4.897000 0.058200
v -0.139000 4.897000 0.058200
v -0.145000 4.917611 0.070100
v -0.139000 4.917611 0.070100
v -0.163215 4.265590 -0.022000
v -0.163215 4.265590 0.022000
v -1.091673 4.713590 0.022000
v -1.091673 4.713590 -0.022000
v -0.149309 4.294410 -0.022000
v -1.077767 4.742410 -0.022000
v -1.077767 4.742410 0.022000
v -0.149309 4.294410 0.022000
v 0.163215 4.265590 0.022000
v 0.163215 4.265590 -0.022000
v 1.091673 4.713590 -0.022000
v 1.091673 4.713590 0.022000
v 0.149309 4.294410 0.022000
v 1.077767 4.742410 0.022000
v 1.077767 4.742410 -0.022000
v 0.149309 4.294410 -0.022000
v -1.677000 5.815860 -0.075000
v 1.677000 5.815860 -0.075000
v 1.677000 5.815860 0.075000
v -1.677000 5.815860 0.075000
v -1.677000 5.857000 0.075000
v 1.677000 5.857000 0.075000
v 1.677000 5.857000 -0.075000
v -1.677000 5.857000 -0.075000
v -1.677000 5.670000 -0.075000
v 1.677000 5.670000 -0.075000
v 1.677000 5.670000 -0.042000
v -1.677000 5.670000 -0.042000
v -1.677000 5.857000 -0.042000
v 1.677000 5.857000 -0.042000
v -1.677000 5.670000 0.042000
v 1.677000 5.670000 0.042000
v 1.677000 5.670000 0.075000
v -1.677000 5.670000 0.075000
v 1.677000 5.857000 0.042000
v -1.677000 5.857000 0.042000
v -0.145000 5.640000 -0.090000
v 0.145000 5.640000 -0.090000
v 0.145000 5.640000 0.090000
v -0.145000 5.640000 0.090000
v -0.145000 5.887000 0.090000
v 0.145000 5.887000 0.090000
v 0.145000 5.887000 -0.090000
v -0.145000 5.887000 -0.090000
v -0.145000 5.694000 -0.082000
v -0.145000 5.687000 -0.069876
v -0.115000 5.687000 -0.069876
v -0.115000 5.694000 -0.082000
v -0.145000 5.673000 -0.069876
v -0.115000 5.673000 -0.069876
v -0.145000 5.666000 -0.082000
v -0.115000 5.666000 -0.082000
v -0.145000 5.673000 -0.094124
v -0.115000 5.673000 -0.094124
v -0.145000 5.687000 -0.094124
v -0.115000 5.687000 -0.094124
v -0.146800 5.707370 -0.082000
v -0.146800 5.705287 -0.071526
v -0.143200 5.705287 -0.071526
v -0.143200 5.707370 -0.082000
v -0.146800 5.699354 -0.062646
v -0.143200 5.699354 -0.062646
v -0.146800 5.690474 -0.056713
v -0.143200 5.690474 -0.056713
v -0.146800 5.680000 -0.054630
v -0.143200 5.680000 -0.054630
v -0.146800 5.669526 -0.056713
v -0.143200 5.669526 -0.056713
v -0.146800 5.660646 -0.062646
v -0.143200 5.660646 -0.062646
v -0.146800 5.654713 -0.071526
v -0.143200 5.654713 -0.071526
v -0.146800 5.652630 -0.082000
v -0.143200 5.652630 -0.082000
v -0.146800 5.654713 -0.092474
v -0.143200 5.654713 -0.092474
v -0.146800 5.660646 -0.101354
v -0.143200 5.660646 -0.101354
v -0.146800 5.669526 -0.107287
v -0.143200 5.669526 -0.107287
v -0.146800 5.680000 -0.109370
v -0.143200 5.680000 -0.109370
v -0.146800 5.690474 -0.107287
v -0.143200 5.690474 -0.107287
v -0.146800 5.699354 -0.101354
v -0.143200 5.699354 -0.101354
v -0.146800 5.705287 -0.092474
v -0.143200 5.705287 -0.092474
v -0.145000 5.700611 -0.070100
v -0.145000 5.680000 -0.058200
v -0.139000 5.680000 -0.058200
v -0.139000 5.700611 -0.070100
v -0.145000 5.659389 -0.070100
v -0.139000 5.659389 -0.070100
v -0.145000 5.659389 -0.093900
v -0.139000 5.659389 -0.093900
v -0.145000 5.680000 -0.105800
v -0.139000 5.680000 -0.105800
v -0.145000 5.700611 -0.093900
v -0.139000 5.700611 -0.093900
v -0.145000 5.861000 -0.082000
v -0.145000 5.854000 -0.069876
v -0.115000 5.854000 -0.069876
v -0.115000 5.861000 -0.082000
v -0.145000 5.840000 -0.069876
v -0.115000 5.840000 -0.069876
v -0.145000 5.833000 -0.082000
v -0.115000 5.833000 -0.082000
v -0.145000 5.840000 -0.094124
v -0.115000 5.840000 -0.094124
v -0.145000 5.854000 -0.094124
v -0.115000 5.854000 -0.094124
v -0.146800 5.874370 -0.082000
v -0.146800 5.872287 -0.071526
v -0.143200 5.872287 -0.071526
v -0.143200 5.874370 -0.082000
v -0.146800 5.866354 -0.062646
v -0.143200 5.866354 -0.062646
v -0.146800 5.857474 -0.056713
v -0.143200 5.857474 -0.056713
v -0.146800 5.847000 -0.054630
v -0.143200 5.847000 -0.054630
v -0.146800 5.836526 -0.056713
v -0.143200 5.836526 -0.056713
v -0.146800 5.827646 -0.062646
v -0.143200 5.827646 -0.062646
v -0.146800 5.821713 -0.071526
v -0.143200 5.821713 -0.071526
v -0.146800 5.819630 -0.082000
v -0.143200 5.819630 -0.082000
v -0.146800 5.821713 -0.092474
v -0.143200 5.821713 -0.092474
v -0.146800 5.827646 -0.101354
v -0.143200 5.827646 -0.101354
v -0.146800 5.836526 -0.107287
v -0.143200 5.836526 -0.107287
v -0.146800 5.847000 -0.109370
v -0.143200 5.847000 -0.109370
v -0.146800 5.857474 -0.107287
v -0.143200 5.857474 -0.107287
v -0.146800 5.866354 -0.101354
v -0.143200 5.866354 -0.101354
v -0.146800 5.872287 -0.092474
v -0.143200 5.872287 -0.092474
v -0.145000 5.867611 -0.070100
v -0.145000 5.847000 -0.058200
v -0.139000 5.847000 -0.058200
v -0.139000 5.867611 -0.070100
v -0.145000 5.826389 -0.070100
v -0.139000 5.826389 -0.070100
v -0.145000 5.826389 -0.093900
v -0.139000 5.826389 -0.093900
v -0.145000 5.847000 -0.105800
v -0.139000 5.847000 -0.105800
v -0.145000 5.867611 -0.093900
v -0.139000 5.867611 -0.093900
v -0.145000 5.694000 0.082000
v -0.145000 5.687000 0.094124
v -0.115000 5.687000 0.094124
v -0.115000 5.694000 0.082000
v -0.145000 5.673000 0.094124
v -0.115000 5.673000 0.094124
v -0.145000 5.666000 0.082000
v -0.115000 5.666000 0.082000
v -0.145000 5.673000 0.069876
v -0.115000 5.673000 0.069876
v -0.145000 5.687000 0.069876
v -0.115000 5.687000 0.069876
v -0.146800 5.707370 0.082000
v -0.146800 5.705287 0.092474
v -0.143200 5.705287 0.092474
v -0.143200 5.707370 0.082000
v -0.146800 5.699354 0.101354
v -0.143200 5.699354 0.101354
v -0.146800 5.690474 0.107287
v -0.143200 5.690474 0.107287
v -0.146800 5.680000 0.109370
v -0.143200 5.680000 0.109370
v -0.146800 5.669526 0.107287
v -0.143200 5.669526 0.107287
v -0.146800 5.660646 0.101354
v -0.143200 5.660646 0.101354
v -0.146800 5.654713 0.092474
v -0.143200 5.654713 0.092474
v -0.146800 5.652630 0.082000
v -0.143200 5.652630 0.082000
v -0.146800 5.654713 0.071526
v -0.143200 5.654713 0.071526
v -0.146800 5.660646 0.062646
v -0.143200 5.660646 0.062646
v -0.146800 5.669526 0.056713
v -0.143200 5.669526 0.056713
v -0.146800 5.680000 0.054630
v -0.143200 5.680000 0.054630
v -0.146800 5.690474 0.056713
v -0.143200 5.690474 0.056713
v -0.146800 5.699354 0.062646
v -0.143200 5.699354 0.062646
v -0.146800 5.705287 0.071526
v -0.143200 5.705287 0.071526
v -0.145000 5.700611 0.093900
v -0.145000 5.680000 0.105800
v -0.139000 5.680000 0.105800
v -0.139000 5.700611 0.093900
v -0.145000 5.659389 0.093900
v -0.139000 5.659389 0.093900
v -0.145000 5.659389 0.070100
v -0.139000 5.659389 0.070100
v -0.145000 5.680000 0.058200
v -0.139000 5.680000 0.058200
v -0.145000 5.700611 0.070100
v -0.139000 5.700611 0.070100
v -0.145000 5.861000 0.082000
v -0.145000 5.854000 0.094124
v -0.115000 5.854000 0.094124
v -0.115000 5.861000 0.082000
v -0.145000 5.840000 0.094124
v -0.115000 5.840000 0.094124
v -0.145000 5.833000 0.082000
v -0.115000 5.833000 0.082000
v -0.145000 5.840000 0.069876
v -0.115000 5.840000 0.069876
v -0.145000 5.854000 0.069876
v -0.115000 5.854000 0.069876
v -0.146800 5.874370 0.082000
v -0.146800 5.872287 0.092474
v -0.143200 5.872287 0.092474
v -0.143200 5.874370 0.082000
v -0.146800 5.866354 0.101354
v -0.143200 5.866354 0.101354
v -0.146800 5.857474 0.107287
v -0.143200 5.857474 0.107287
v -0.146800 5.847000 0.109370
v -0.143200 5.847000 0.109370
v -0.146800 5.836526 0.107287
v -0.143200 5.836526 0.107287
v -0.146800 5.827646 0.101354
v -0.143200 5.827646 0.101354
v -0.146800 5.821713 0.092474
v -0.143200 5.821713 0.092474
v -0.146800 5.819630 0.082000
v -0.143200 5.819630 0.082000
v -0.146800 5.821713 0.071526
v -0.143200 5.821713 0.071526
v -0.146800 5.827646 0.062646
v -0.143200 5.827646 0.062646
v -0.146800 5.836526 0.056713
v -0.143200 5.836526 0.056713
v -0.146800 5.847000 0.054630
v -0.143200 5.847000 0.054630
v -0.146800 5.857474 0.056713
v -0.143200 5.857474 0.056713
v -0.146800 5.866354 0.062646
v -0.143200 5.866354 0.062646
v -0.146800 5.872287 0.071526
v -0.143200 5.872287 0.071526
v -0.145000 5.867611 0.093900
v -0.145000 5.847000 0.105800
v -0.139000 5.847000 0.105800
v -0.139000 5.867611 0.093900
v -0.145000 5.826389 0.093900
v -0.139000 5.826389 0.093900
v -0.145000 5.826389 0.070100
v -0.139000 5.826389 0.070100
v -0.145000 5.847000 0.058200
v -0.139000 5.847000 0.058200
v -0.145000 5.867611 0.070100
v -0.139000 5.867611 0.070100
v -0.150799 5.216365 -0.022000
v -0.150799 5.216365 0.022000
v -0.880412 5.664365 0.022000
v -0.880412 5.664365 -0.022000
v -0.134055 5.243635 -0.022000
v -0.863668 5.691635 -0.022000
v -0.863668 5.691635 0.022000
v -0.134055 5.243635 0.022000
v 0.150799 5.216365 0.022000
v 0.150799 5.216365 -0.022000
v 0.880412 5.664365 -0.022000
v 0.880412 5.664365 0.022000
v 0.134055 5.243635 0.022000
v 0.863668 5.691635 0.022000
v 0.863668 5.691635 -0.022000
v 0.134055 5.243635 -0.022000
v -0.740200 4.994549 0.000000
v -0.743991 4.994549 0.019058
v -0.713318 4.957000 0.031763
v -0.707000 4.957000 0.000000
v -0.754786 4.994549 0.035214
v -0.731310 4.957000 0.058690
v -0.770942 4.994549 0.046009
v -0.758237 4.957000 0.076682
v -0.790000 4.994549 0.049800
v -0.790000 4.957000 0.083000
v -0.809058 4.994549 0.046009
v -0.821763 4.957000 0.076682
v -0.825214 4.994549 0.035214
v -0.848690 4.957000 0.058690
v -0.836009 4.994549 0.019058
v -0.866682 4.957000 0.031763
v -0.839800 4.994549 0.000000
v -0.873000 4.957000 0.000000
v -0.836009 4.994549 -0.019058
v -0.866682 4.957000 -0.031763
v -0.825214 4.994549 -0.035214
v -0.848690 4.957000 -0.058690
v -0.809058 4.994549 -0.046009
v -0.821763 4.957000 -0.076682
v -0.790000 4.994549 -0.049800
v -0.790000 4.957000 -0.083000
v -0.770942 4.994549 -0.046009
v -0.758237 4.957000 -0.076682
v -0.754786 4.994549 -0.035214
v -0.731310 4.957000 -0.058690
v -0.743991 4.994549 -0.019058
v -0.713318 4.957000 -0.031763
v -0.747670 4.994549 0.000000
v -0.750892 4.994549 0.016199
v -0.760068 4.994549 0.029932
v -0.773801 4.994549 0.039108
v -0.790000 4.994549 0.042330
v -0.806199 4.994549 0.039108
v -0.819932 4.994549 0.029932
v -0.829108 4.994549 0.016199
v -0.832330 4.994549 0.000000
v -0.829108 4.994549 -0.016199
v -0.819932 4.994549 -0.029932
v -0.806199 4.994549 -0.039108
v -0.790000 4.994549 -0.042330
v -0.773801 4.994549 -0.039108
v -0.760068 4.994549 -0.029932
v -0.750892 4.994549 -0.016199
v -0.747670 5.001023 0.000000
v -0.750892 5.001023 0.016199
v -0.760068 5.001023 0.029932
v -0.773801 5.001023 0.039108
v -0.790000 5.001023 0.042330
v -0.806199 5.001023 0.039108
v -0.819932 5.001023 0.029932
v -0.829108 5.001023 0.016199
v -0.832330 5.001023 0.000000
v -0.829108 5.001023 -0.016199
v -0.819932 5.001023 -0.029932
v -0.806199 5.001023 -0.039108
v -0.790000 5.001023 -0.042330
v -0.773801 5.001023 -0.039108
v -0.760068 5.001023 -0.029932
v -0.750892 5.001023 -0.016199
v -0.723600 5.001023 0.000000
v -0.728654 5.001023 0.025410
v -0.743048 5.001023 0.046952
v -0.764590 5.001023 0.061346
v -0.790000 5.001023 0.066400
v -0.815410 5.001023 0.061346
v -0.836952 5.001023 0.046952
v -0.851346 5.001023 0.025410
v -0.856400 5.001023 0.000000
v -0.851346 5.001023 -0.025410
v -0.836952 5.001023 -0.046952
v -0.815410 5.001023 -0.061346
v -0.790000 5.001023 -0.066400
v -0.764590 5.001023 -0.061346
v -0.743048 5.001023 -0.046952
v -0.728654 5.001023 -0.025410
v -0.749330 5.030156 0.000000
v -0.752426 5.030156 0.015564
v -0.761242 5.030156 0.028758
v -0.774436 5.030156 0.037574
v -0.790000 5.030156 0.040670
v -0.805564 5.030156 0.037574
v -0.818758 5.030156 0.028758
v -0.827574 5.030156 0.015564
v -0.830670 5.030156 0.000000
v -0.827574 5.030156 -0.015564
v -0.818758 5.030156 -0.028758
v -0.805564 5.030156 -0.037574
v -0.790000 5.030156 -0.040670
v -0.774436 5.030156 -0.037574
v -0.761242 5.030156 -0.028758
v -0.752426 5.030156 -0.015564
v -0.750990 5.030156 0.000000
v -0.753959 5.030156 0.014928
v -0.762416 5.030156 0.027584
v -0.775072 5.030156 0.036041
v -0.790000 5.030156 0.039010
v -0.804928 5.030156 0.036041
v -0.817584 5.030156 0.027584
v -0.826041 5.030156 0.014928
v -0.829010 5.030156 0.000000
v -0.826041 5.030156 -0.014928
v -0.817584 5.030156 -0.027584
v -0.804928 5.030156 -0.036041
v -0.790000 5.030156 -0.039010
v -0.775072 5.030156 -0.036041
v -0.762416 5.030156 -0.027584
v -0.753959 5.030156 -0.014928
v -0.750990 5.042457 0.000000
v -0.753959 5.042457 0.014928
v -0.762416 5.042457 0.027584
v -0.775072 5.042457 0.036041
v -0.790000 5.042457 0.039010
v -0.804928 5.042457 0.036041
v -0.817584 5.042457 0.027584
v -0.826041 5.042457 0.014928
v -0.829010 5.042457 0.000000
v -0.826041 5.042457 -0.014928
v -0.817584 5.042457 -0.027584
v -0.804928 5.042457 -0.036041
v -0.790000 5.042457 -0.039010
v -0.775072 5.042457 -0.036041
v -0.762416 5.042457 -0.027584
v -0.753959 5.042457 -0.014928
v -0.741860 5.042457 0.000000
v -0.745524 5.042457 0.018422
v -0.755960 5.042457 0.034040
v -0.771578 5.042457 0.044476
v -0.790000 5.042457 0.048140
v -0.808422 5.042457 0.044476
v -0.824040 5.042457 0.034040
v -0.834476 5.042457 0.018422
v -0.838140 5.042457 0.000000
v -0.834476 5.042457 -0.018422
v -0.824040 5.042457 -0.034040
v -0.808422 5.042457 -0.044476
v -0.790000 5.042457 -0.048140
v -0.771578 5.042457 -0.044476
v -0.755960 5.042457 -0.034040
v -0.745524 5.042457 -0.018422
v -0.741860 5.049190 0.000000
v -0.745524 5.049190 0.018422
v -0.755960 5.049190 0.034040
v -0.771578 5.049190 0.044476
v -0.790000 5.049190 0.048140
v -0.808422 5.049190 0.044476
v -0.824040 5.049190 0.034040
v -0.834476 5.049190 0.018422
v -0.838140 5.049190 0.000000
v -0.834476 5.049190 -0.018422
v -0.824040 5.049190 -0.034040
v -0.808422 5.049190 -0.044476
v -0.790000 5.049190 -0.048140
v -0.771578 5.049190 -0.044476
v -0.755960 5.049190 -0.034040
v -0.745524 5.049190 -0.018422
v -0.750492 5.049190 0.000000
v -0.753499 5.049190 0.015119
v -0.762064 5.049190 0.027936
v -0.774881 5.049190 0.036501
v -0.790000 5.049190 0.039508
v -0.805119 5.049190 0.036501
v -0.817936 5.049190 0.027936
v -0.826501 5.049190 0.015119
v -0.829508 5.049190 0.000000
v -0.826501 5.049190 -0.015119
v -0.817936 5.049190 -0.027936
v -0.805119 5.049190 -0.036501
v -0.790000 5.049190 -0.039508
v -0.774881 5.049190 -0.036501
v -0.762064 5.049190 -0.027936
v -0.753499 5.049190 -0.015119
v -0.750492 5.056441 0.000000
v -0.753499 5.056441 0.015119
v -0.762064 5.056441 0.027936
v -0.774881 5.056441 0.036501
v -0.790000 5.056441 0.039508
v -0.805119 5.056441 0.036501
v -0.817936 5.056441 0.027936
v -0.826501 5.056441 0.015119
v -0.829508 5.056441 0.000000
v -0.826501 5.056441 -0.015119
v -0.817936 5.056441 -0.027936
v -0.805119 5.056441 -0.036501
v -0.790000 5.056441 -0.039508
v -0.774881 5.056441 -0.036501
v -0.762064 5.056441 -0.027936
v -0.753499 5.056441 -0.015119
v -0.741860 5.056441 0.000000
v -0.745524 5.056441 0.018422
v -0.755960 5.056441 0.034040
v -0.771578 5.056441 0.044476
v -0.790000 5.056441 0.048140
v -0.808422 5.056441 0.044476
v -0.824040 5.056441 0.034040
v -0.834476 5.056441 0.018422
v -0.838140 5.056441 0.000000
v -0.834476 5.056441 -0.018422
v -0.824040 5.056441 -0.034040
v -0.808422 5.056441 -0.044476
v -0.790000 5.056441 -0.048140
v -0.771578 5.056441 -0.044476
v -0.755960 5.056441 -0.034040
v -0.745524 5.056441 -0.018422
v -0.741860 5.062138 0.000000
v -0.745524 5.062138 0.018422
v -0.755960 5.062138 0.034040
v -0.771578 5.062138 0.044476
v -0.790000 5.062138 0.048140
v -0.808422 5.062138 0.044476
v -0.824040 5.062138 0.034040
v -0.834476 5.062138 0.018422
v -0.838140 5.062138 0.000000
v -0.834476 5.062138 -0.018422
v -0.824040 5.062138 -0.034040
v -0.808422 5.062138 -0.044476
v -0.790000 5.062138 -0.048140
v -0.771578 5.062138 -0.044476
v -0.755960 5.062138 -0.034040
v -0.745524 5.062138 -0.018422
v -0.758792 5.062138 0.000000
v -0.761168 5.062138 0.011943
v -0.767933 5.062138 0.022067
v -0.778057 5.062138 0.028832
v -0.790000 5.062138 0.031208
v -0.801943 5.062138 0.028832
v -0.812067 5.062138 0.022067
v -0.818832 5.062138 0.011943
v -0.821208 5.062138 0.000000
v -0.818832 5.062138 -0.011943
v -0.812067 5.062138 -0.022067
v -0.801943 5.062138 -0.028832
v -0.790000 5.062138 -0.031208
v -0.778057 5.062138 -0.028832
v -0.767933 5.062138 -0.022067
v -0.761168 5.062138 -0.011943
v -0.758792 5.073273 0.000000
v -0.761168 5.073273 0.011943
v -0.767933 5.073273 0.022067
v -0.778057 5.073273 0.028832
v -0.790000 5.073273 0.031208
v -0.801943 5.073273 0.028832
v -0.812067 5.073273 0.022067
v -0.818832 5.073273 0.011943
v -0.821208 5.073273 0.000000
v -0.818832 5.073273 -0.011943
v -0.812067 5.073273 -0.022067
v -0.801943 5.073273 -0.028832
v -0.790000 5.073273 -0.031208
v -0.778057 5.073273 -0.028832
v -0.767933 5.073273 -0.022067
v -0.761168 5.073273 -0.011943
v -0.745844 5.073273 0.000000
v -0.749205 5.073273 0.016898
v -0.758777 5.073273 0.031223
v -0.773102 5.073273 0.040795
v -0.790000 5.073273 0.044156
v -0.806898 5.073273 0.040795
v -0.821223 5.073273 0.031223
v -0.830795 5.073273 0.016898
v -0.834156 5.073273 0.000000
v -0.830795 5.073273 -0.016898
v -0.821223 5.073273 -0.031223
v -0.806898 5.073273 -0.040795
v -0.790000 5.073273 -0.044156
v -0.773102 5.073273 -0.040795
v -0.758777 5.073273 -0.031223
v -0.749205 5.073273 -0.016898
v -0.752816 5.086480 0.000000
v -0.755646 5.086480 0.014230
v -0.763707 5.086480 0.026293
v -0.775770 5.086480 0.034354
v -0.790000 5.086480 0.037184
v -0.804230 5.086480 0.034354
v -0.816293 5.086480 0.026293
v -0.824354 5.086480 0.014230
v -0.827184 5.086480 0.000000
v -0.824354 5.086480 -0.014230
v -0.816293 5.086480 -0.026293
v -0.804230 5.086480 -0.034354
v -0.790000 5.086480 -0.037184
v -0.775770 5.086480 -0.034354
v -0.763707 5.086480 -0.026293
v -0.755646 5.086480 -0.014230
v -0.790000 5.086480 0.000000
v -0.775890 4.944052 0.000000
v -0.780023 4.944052 0.009977
v -0.780023 4.912977 0.009977
v -0.775890 4.912977 0.000000
v -0.790000 4.944052 0.014110
v -0.790000 4.912977 0.014110
v -0.799977 4.944052 0.009977
v -0.799977 4.912977 0.009977
v -0.804110 4.944052 0.000000
v -0.804110 4.912977 0.000000
v -0.799977 4.944052 -0.009977
v -0.799977 4.912977 -0.009977
v -0.790000 4.944052 -0.014110
v -0.790000 4.912977 -0.014110
v -0.780023 4.944052 -0.009977
v -0.780023 4.912977 -0.009977
v -0.770412 4.946642 0.000000
v -0.776149 4.946642 0.013851
v -0.790000 4.946642 0.019588
v -0.803851 4.946642 0.013851
v -0.809588 4.946642 0.000000
v -0.803851 4.946642 -0.013851
v -0.790000 4.946642 -0.019588
v -0.776149 4.946642 -0.013851
v -0.770412 4.956353 0.000000
v -0.776149 4.956353 0.013851
v -0.790000 4.956353 0.019588
v -0.803851 4.956353 0.013851
v -0.809588 4.956353 0.000000
v -0.803851 4.956353 -0.013851
v -0.790000 4.956353 -0.019588
v -0.776149 4.956353 -0.013851
v -0.790000 4.956353 0.000000
v -1.510200 4.994549 0.000000
v -1.513991 4.994549 0.019058
v -1.483318 4.957000 0.031763
v -1.477000 4.957000 0.000000
v -1.524786 4.994549 0.035214
v -1.501310 4.957000 0.058690
v -1.540942 4.994549 0.046009
v -1.528237 4.957000 0.076682
v -1.560000 4.994549 0.049800
v -1.560000 4.957000 0.083000
v -1.579058 4.994549 0.046009
v -1.591763 4.957000 0.076682
v -1.595214 4.994549 0.035214
v -1.618690 4.957000 0.058690
v -1.606009 4.994549 0.019058
v -1.636682 4.957000 0.031763
v -1.609800 4.994549 0.000000
v -1.643000 4.957000 0.000000
v -1.606009 4.994549 -0.019058
v -1.636682 4.957000 -0.031763
v -1.595214 4.994549 -0.035214
v -1.618690 4.957000 -0.058690
v -1.579058 4.994549 -0.046009
v -1.591763 4.957000 -0.076682
v -1.560000 4.994549 -0.049800
v -1.560000 4.957000 -0.083000
v -1.540942 4.994549 -0.046009
v -1.528237 4.957000 -0.076682
v -1.524786 4.994549 -0.035214
v -1.501310 4.957000 -0.058690
v -1.513991 4.994549 -0.019058
v -1.483318 4.957000 -0.031763
v -1.517670 4.994549 0.000000
v -1.520892 4.994549 0.016199
v -1.530068 4.994549 0.029932
v -1.543801 4.994549 0.039108
v -1.560000 4.994549 0.042330
v -1.576199 4.994549 0.039108
v -1.589932 4.994549 0.029932
v -1.599108 4.994549 0.016199
v -1.602330 4.994549 0.000000
v -1.599108 4.994549 -0.016199
v -1.589932 4.994549 -0.029932
v -1.576199 4.994549 -0.039108
v -1.560000 4.994549 -0.042330
v -1.543801 4.994549 -0.039108
v -1.530068 4.994549 -0.029932
v -1.520892 4.994549 -0.016199
v -1.517670 5.001023 0.000000
v -1.520892 5.001023 0.016199
v -1.530068 5.001023 0.029932
v -1.543801 5.001023 0.039108
v -1.560000 5.001023 0.042330
v -1.576199 5.001023 0.039108
v -1.589932 5.001023 0.029932
v -1.599108 5.001023 0.016199
v -1.602330 5.001023 0.000000
v -1.599108 5.001023 -0.016199
v -1.589932 5.001023 -0.029932
v -1.576199 5.001023 -0.039108
v -1.560000 5.001023 -0.042330
v -1.543801 5.001023 -0.039108
v -1.530068 5.001023 -0.029932
v -1.520892 5.001023 -0.016199
v -1.493600 5.001023 0.000000
v -1.498654 5.001023 0.025410
v -1.513048 5.001023 0.046952
v -1.534590 5.001023 0.061346
v -1.560000 5.001023 0.066400
v -1.585410 5.001023 0.061346
v -1.606952 5.001023 0.046952
v -1.621346 5.001023 0.025410
v -1.626400 5.001023 0.000000
v -1.621346 5.001023 -0.025410
v -1.606952 5.001023 -0.046952
v -1.585410 5.001023 -0.061346
v -1.560000 5.001023 -0.066400
v -1.534590 5.001023 -0.061346
v -1.513048 5.001023 -0.046952
v -1.498654 5.001023 -0.025410
v -1.519330 5.030156 0.000000
v -1.522426 5.030156 0.015564
v -1.531242 5.030156 0.028758
v -1.544436 5.030156 0.037574
v -1.560000 5.030156 0.040670
v -1.575564 5.030156 0.037574
v -1.588758 5.030156 0.028758
v -1.597574 5.030156 0.015564
v -1.600670 5.030156 0.000000
v -1.597574 5.030156 -0.015564
v -1.588758 5.030156 -0.028758
v -1.575564 5.030156 -0.037574
v -1.560000 5.030156 -0.040670
v -1.544436 5.030156 -0.037574
v -1.531242 5.030156 -0.028758
v -1.522426 5.030156 -0.015564
v -1.520990 5.030156 0.000000
v -1.523959 5.030156 0.014928
v -1.532416 5.030156 0.027584
v -1.545072 5.030156 0.036041
v -1.560000 5.030156 0.039010
v -1.574928 5.030156 0.036041
v -1.587584 5.030156 0.027584
v -1.596041 5.030156 0.014928
v -1.599010 5.030156 0.000000
v -1.596041 5.030156 -0.014928
v -1.587584 5.030156 -0.027584
v -1.574928 5.030156 -0.036041
v -1.560000 5.030156 -0.039010
v -1.545072 5.030156 -0.036041
v -1.532416 5.030156 -0.027584
v -1.523959 5.030156 -0.014928
v -1.520990 5.042457 0.000000
v -1.523959 5.042457 0.014928
v -1.532416 5.042457 0.027584
v -1.545072 5.042457 0.036041
v -1.560000 5.042457 0.039010
v -1.574928 5.042457 0.036041
v -1.587584 5.042457 0.027584
v -1.596041 5.042457 0.014928
v -1.599010 5.042457 0.000000
v -1.596041 5.042457 -0.014928
v -1.587584 5.042457 -0.027584
v -1.574928 5.042457 -0.036041
v -1.560000 5.042457 -0.039010
v -1.545072 5.042457 -0.036041
v -1.532416 5.042457 -0.027584
v -1.523959 5.042457 -0.014928
v -1.511860 5.042457 0.000000
v -1.515524 5.042457 0.018422
v -1.525960 5.042457 0.034040
v -1.541578 5.042457 0.044476
v -1.560000 5.042457 0.048140
v -1.578422 5.042457 0.044476
v -1.594040 5.042457 0.034040
v -1.604476 5.042457 0.018422
v -1.608140 5.042457 0.000000
v -1.604476 5.042457 -0.018422
v -1.594040 5.042457 -0.034040
v -1.578422 5.042457 -0.044476
v -1.560000 5.042457 -0.048140
v -1.541578 5.042457 -0.044476
v -1.525960 5.042457 -0.034040
v -1.515524 5.042457 -0.018422
v -1.511860 5.049190 0.000000
v -1.515524 5.049190 0.018422
v -1.525960 5.049190 0.034040
v -1.541578 5.049190 0.044476
v -1.560000 5.049190 0.048140
v -1.578422 5.049190 0.044476
v -1.594040 5.049190 0.034040
v -1.604476 5.049190 0.018422
v -1.608140 5.049190 0.000000
v -1.604476 5.049190 -0.018422
v -1.594040 5.049190 -0.034040
v -1.578422 5.049190 -0.044476
v -1.560000 5.049190 -0.048140
v -1.541578 5.049190 -0.044476
v -1.525960 5.049190 -0.034040
v -1.515524 5.049190 -0.018422
v -1.520492 5.049190 0.000000
v -1.523499 5.049190 0.015119
v -1.532064 5.049190 0.027936
v -1.544881 5.049190 0.036501
v -1.560000 5.049190 0.039508
v -1.575119 5.049190 0.036501
v -1.587936 5.049190 0.027936
v -1.596501 5.049190 0.015119
v -1.599508 5.049190 0.000000
v -1.596501 5.049190 -0.015119
v -1.587936 5.049190 -0.027936
v -1.575119 5.049190 -0.036501
v -1.560000 5.049190 -0.039508
v -1.544881 5.049190 -0.036501
v -1.532064 5.049190 -0.027936
v -1.523499 5.049190 -0.015119
v -1.520492 5.056441 0.000000
v -1.523499 5.056441 0.015119
v -1.532064 5.056441 0.027936
v -1.544881 5.056441 0.036501
v -1.560000 5.056441 0.039508
v -1.575119 5.056441 0.036501
v -1.587936 5.056441 0.027936
v -1.596501 5.056441 0.015119
v -1.599508 5.056441 0.000000
v -1.596501 5.056441 -0.015119
v -1.587936 5.056441 -0.027936
v -1.575119 5.056441 -0.036501
v -1.560000 5.056441 -0.039508
v -1.544881 5.056441 -0.036501
v -1.532064 5.056441 -0.027936
v -1.523499 5.056441 -0.015119
v -1.511860 5.056441 0.000000
v -1.515524 5.056441 0.018422
v -1.525960 5.056441 0.034040
v -1.541578 5.056441 0.044476
v -1.560000 5.056441 0.048140
v -1.578422 5.056441 0.044476
v -1.594040 5.056441 0.034040
v -1.604476 5.056441 0.018422
v -1.608140 5.056441 0.000000
v -1.604476 5.056441 -0.018422
v -1.594040 5.056441 -0.034040
v -1.578422 5.056441 -0.044476
v -1.560000 5.056441 -0.048140
v -1.541578 5.056441 -0.044476
v -1.525960 5.056441 -0.034040
v -1.515524 5.056441 -0.018422
v -1.511860 5.062138 0.000000
v -1.515524 5.062138 0.018422
v -1.525960 5.062138 0.034040
v -1.541578 5.062138 0.044476
v -1.560000 5.062138 0.048140
v -1.578422 5.062138 0.044476
v -1.594040 5.062138 0.034040
v -1.604476 5.062138 0.018422
v -1.608140 5.062138 0.000000
v -1.604476 5.062138 -0.018422
v -1.594040 5.062138 -0.034040
v -1.578422 5.062138 -0.044476
v -1.560000 5.062138 -0.048140
v -1.541578 5.062138 -0.044476
v -1.525960 5.062138 -0.034040
v -1.515524 5.062138 -0.018422
v -1.528792 5.062138 0.000000
v -1.531168 5.062138 0.011943
v -1.537933 5.062138 0.022067
v -1.548057 5.062138 0.028832
v -1.560000 5.062138 0.031208
v -1.571943 5.062138 0.028832
v -1.582067 5.062138 0.022067
v -1.588832 5.062138 0.011943
v -1.591208 5.062138 0.000000
v -1.588832 5.062138 -0.011943
v -1.582067 5.062138 -0.022067
v -1.571943 5.062138 -0.028832
v -1.560000 5.062138 -0.031208
v -1.548057 5.062138 -0.028832
v -1.537933 5.062138 -0.022067
v -1.531168 5.062138 -0.011943
v -1.528792 5.073273 0.000000
v -1.531168 5.073273 0.011943
v -1.537933 5.073273 0.022067
v -1.548057 5.073273 0.028832
v -1.560000 5.073273 0.031208
v -1.571943 5.073273 0.028832
v -1.582067 5.073273 0.022067
v -1.588832 5.073273 0.011943
v -1.591208 5.073273 0.000000
v -1.588832 5.073273 -0.011943
v -1.582067 5.073273 -0.022067
v -1.571943 5.073273 -0.028832
v -1.560000 5.073273 -0.031208
v -1.548057 5.073273 -0.028832
v -1.537933 5.073273 -0.022067
v -1.531168 5.073273 -0.011943
v -1.515844 5.073273 0.000000
v -1.519205 5.073273 0.016898
v -1.528777 5.073273 0.031223
v -1.543102 5.073273 0.040795
v -1.560000 5.073273 0.044156
v -1.576898 5.073273 0.040795
v -1.591223 5.073273 0.031223
v -1.600795 5.073273 0.016898
v -1.604156 5.073273 0.000000
v -1.600795 5.073273 -0.016898
v -1.591223 5.073273 -0.031223
v -1.576898 5.073273 -0.040795
v -1.560000 5.073273 -0.044156
v -1.543102 5.073273 -0.040795
v -1.528777 5.073273 -0.031223
v -1.519205 5.073273 -0.016898
v -1.522816 5.086480 0.000000
v -1.525646 5.086480 0.014230
v -1.533707 5.086480 0.026293
v -1.545770 5.086480 0.034354
v -1.560000 5.086480 0.037184
v -1.574230 5.086480 0.034354
v -1.586293 5.086480 0.026293
v -1.594354 5.086480 0.014230
v -1.597184 5.086480 0.000000
v -1.594354 5.086480 -0.014230
v -1.586293 5.086480 -0.026293
v -1.574230 5.086480 -0.034354
v -1.560000 5.086480 -0.037184
v -1.545770 5.086480 -0.034354
v -1.533707 5.086480 -0.026293
v -1.525646 5.086480 -0.014230
v -1.560000 5.086480 0.000000
v -1.545890 4.944052 0.000000
v -1.550023 4.944052 0.009977
v -1.550023 4.912977 0.009977
v -1.545890 4.912977 0.000000
v -1.560000 4.944052 0.014110
v -1.560000 4.912977 0.014110
v -1.569977 4.944052 0.009977
v -1.569977 4.912977 0.009977
v -1.574110 4.944052 0.000000
v -1.574110 4.912977 0.000000
v -1.569977 4.944052 -0.009977
v -1.569977 4.912977 -0.009977
v -1.560000 4.944052 -0.014110
v -1.560000 4.912977 -0.014110
v -1.550023 4.944052 -0.009977
v -1.550023 4.912977 -0.009977
v -1.540412 4.946642 0.000000
v -1.546149 4.946642 0.013851
v -1.560000 4.946642 0.019588
v -1.573851 4.946642 0.013851
v -1.579588 4.946642 0.000000
v -1.573851 4.946642 -0.013851
v -1.560000 4.946642 -0.019588
v -1.546149 4.946642 -0.013851
v -1.540412 4.956353 0.000000
v -1.546149 4.956353 0.013851
v -1.560000 4.956353 0.019588
v -1.573851 4.956353 0.013851
v -1.579588 4.956353 0.000000
v -1.573851 4.956353 -0.013851
v -1.560000 4.956353 -0.019588
v -1.546149 4.956353 -0.013851
v -1.560000 4.956353 0.000000
v 0.839800 4.994549 0.000000
v 0.836009 4.994549 0.019058
v 0.866682 4.957000 0.031763
v 0.873000 4.957000 0.000000
v 0.825214 4.994549 0.035214
v 0.848690 4.957000 0.058690
v 0.809058 4.994549 0.046009
v 0.821763 4.957000 0.076682
v 0.790000 4.994549 0.049800
v 0.790000 4.957000 0.083000
v 0.770942 4.994549 0.046009
v 0.758237 4.957000 0.076682
v 0.754786 4.994549 0.035214
v 0.731310 4.957000 0.058690
v 0.743991 4.994549 0.019058
v 0.713318 4.957000 0.031763
v 0.740200 4.994549 0.000000
v 0.707000 4.957000 0.000000
v 0.743991 4.994549 -0.019058
v 0.713318 4.957000 -0.031763
v 0.754786 4.994549 -0.035214
v 0.731310 4.957000 -0.058690
v 0.770942 4.994549 -0.046009
v 0.758237 4.957000 -0.076682
v 0.790000 4.994549 -0.049800
v 0.790000 4.957000 -0.083000
v 0.809058 4.994549 -0.046009
v 0.821763 4.957000 -0.076682
v 0.825214 4.994549 -0.035214
v 0.848690 4.957000 -0.058690
v 0.836009 4.994549 -0.019058
v 0.866682 4.957000 -0.031763
v 0.832330 4.994549 0.000000
v 0.829108 4.994549 0.016199
v 0.819932 4.994549 0.029932
v 0.806199 4.994549 0.039108
v 0.790000 4.994549 0.042330
v 0.773801 4.994549 0.039108
v 0.760068 4.994549 0.029932
v 0.750892 4.994549 0.016199
v 0.747670 4.994549 0.000000
v 0.750892 4.994549 -0.016199
v 0.760068 4.994549 -0.029932
v 0.773801 4.994549 -0.039108
v 0.790000 4.994549 -0.042330
v 0.806199 4.994549 -0.039108
v 0.819932 4.994549 -0.029932
v 0.829108 4.994549 -0.016199
v 0.832330 5.001023 0.000000
v 0.829108 5.001023 0.016199
v 0.819932 5.001023 0.029932
v 0.806199 5.001023 0.039108
v 0.790000 5.001023 0.042330
v 0.773801 5.001023 0.039108
v 0.760068 5.001023 0.029932
v 0.750892 5.001023 0.016199
v 0.747670 5.001023 0.000000
v 0.750892 5.001023 -0.016199
v 0.760068 5.001023 -0.029932
v 0.773801 5.001023 -0.039108
v 0.790000 5.001023 -0.042330
v 0.806199 5.001023 -0.039108
v 0.819932 5.001023 -0.029932
v 0.829108 5.001023 -0.016199
v 0.856400 5.001023 0.000000
v 0.851346 5.001023 0.025410
v 0.836952 5.001023 0.046952
v 0.815410 5.001023 0.061346
v 0.790000 5.001023 0.066400
v 0.764590 5.001023 0.061346
v 0.743048 5.001023 0.046952
v 0.728654 5.001023 0.025410
v 0.723600 5.001023 0.000000
v 0.728654 5.001023 -0.025410
v 0.743048 5.001023 -0.046952
v 0.764590 5.001023 -0.061346
v 0.790000 5.001023 -0.066400
v 0.815410 5.001023 -0.061346
v 0.836952 5.001023 -0.046952
v 0.851346 5.001023 -0.025410
v 0.830670 5.030156 0.000000
v 0.827574 5.030156 0.015564
v 0.818758 5.030156 0.028758
v 0.805564 5.030156 0.037574
v 0.790000 5.030156 0.040670
v 0.774436 5.030156 0.037574
v 0.761242 5.030156 0.028758
v 0.752426 5.030156 0.015564
v 0.749330 5.030156 0.000000
v 0.752426 5.030156 -0.015564
v 0.761242 5.030156 -0.028758
v 0.774436 5.030156 -0.037574
v 0.790000 5.030156 -0.040670
v 0.805564 5.030156 -0.037574
v 0.818758 5.030156 -0.028758
v 0.827574 5.030156 -0.015564
v 0.829010 5.030156 0.000000
v 0.826041 5.030156 0.014928
v 0.817584 5.030156 0.027584
v 0.804928 5.030156 0.036041
v 0.790000 5.030156 0.039010
v 0.775072 5.030156 0.036041
v 0.762416 5.030156 0.027584
v 0.753959 5.030156 0.014928
v 0.750990 5.030156 0.000000
v 0.753959 5.030156 -0.014928
v 0.762416 5.030156 -0.027584
v 0.775072 5.030156 -0.036041
v 0.790000 5.030156 -0.039010
v 0.804928 5.030156 -0.036041
v 0.817584 5.030156 -0.027584
v 0.826041 5.030156 -0.014928
v 0.829010 5.042457 0.000000
v 0.826041 5.042457 0.014928
v 0.817584 5.042457 0.027584
v 0.804928 5.042457 0.036041
v 0.790000 5.042457 0.039010
v 0.775072 5.042457 0.036041
v 0.762416 5.042457 0.027584
v 0.753959 5.042457 0.014928
v 0.750990 5.042457 0.000000
v 0.753959 5.042457 -0.014928
v 0.762416 5.042457 -0.027584
v 0.775072 5.042457 -0.036041
v 0.790000 5.042457 -0.039010
v 0.804928 5.042457 -0.036041
v 0.817584 5.042457 -0.027584
v 0.826041 5.042457 -0.014928
v 0.838140 5.042457 0.000000
v 0.834476 5.042457 0.018422
v 0.824040 5.042457 0.034040
v 0.808422 5.042457 0.044476
v 0.790000 5.042457 0.048140
v 0.771578 5.042457 0.044476
v 0.755960 5.042457 0.034040
v 0.745524 5.042457 0.018422
v 0.741860 5.042457 0.000000
v 0.745524 5.042457 -0.018422
v 0.755960 5.042457 -0.034040
v 0.771578 5.042457 -0.044476
v 0.790000 5.042457 -0.048140
v 0.808422 5.042457 -0.044476
v 0.824040 5.042457 -0.034040
v 0.834476 5.042457 -0.018422
v 0.838140 5.049190 0.000000
v 0.834476 5.049190 0.018422
v 0.824040 5.049190 0.034040
v 0.808422 5.049190 0.044476
v 0.790000 5.049190 0.048140
v 0.771578 5.049190 0.044476
v 0.755960 5.049190 0.034040
v 0.745524 5.049190 0.018422
v 0.741860 5.049190 0.000000
v 0.745524 5.049190 -0.018422
v 0.755960 5.049190 -0.034040
v 0.771578 5.049190 -0.044476
v 0.790000 5.049190 -0.048140
v 0.808422 5.049190 -0.044476
v 0.824040 5.049190 -0.034040
v 0.834476 5.049190 -0.018422
v 0.829508 5.049190 0.000000
v 0.826501 5.049190 0.015119
v 0.817936 5.049190 0.027936
v 0.805119 5.049190 0.036501
v 0.790000 5.049190 0.039508
v 0.774881 5.049190 0.036501
v 0.762064 5.049190 0.027936
v 0.753499 5.049190 0.015119
v 0.750492 5.049190 0.000000
v 0.753499 5.049190 -0.015119
v 0.762064 5.049190 -0.027936
v 0.774881 5.049190 -0.036501
v 0.790000 5.049190 -0.039508
v 0.805119 5.049190 -0.036501
v 0.817936 5.049190 -0.027936
v 0.826501 5.049190 -0.015119
v 0.829508 5.056441 0.000000
v 0.826501 5.056441 0.015119
v 0.817936 5.056441 0.027936
v 0.805119 5.056441 0.036501
v 0.790000 5.056441 0.039508
v 0.774881 5.056441 0.036501
v 0.762064 5.056441 0.027936
v 0.753499 5.056441 0.015119
v 0.750492 5.056441 0.000000
v 0.753499 5.056441 -0.015119
v 0.762064 5.056441 -0.027936
v 0.774881 5.056441 -0.036501
v 0.790000 5.056441 -0.039508
v 0.805119 5.056441 -0.036501
v 0.817936 5.056441 -0.027936
v 0.826501 5.056441 -0.015119
v 0.838140 5.056441 0.000000
v 0.834476 5.056441 0.018422
v 0.824040 5.056441 0.034040
v 0.808422 5.056441 0.044476
v 0.790000 5.056441 0.048140
v 0.771578 5.056441 0.044476
v 0.755960 5.056441 0.034040
v 0.745524 5.056441 0.018422
v 0.741860 5.056441 0.000000
v 0.745524 5.056441 -0.018422
v 0.755960 5.056441 -0.034040
v 0.771578 5.056441 -0.044476
v 0.790000 5.056441 -0.048140
v 0.808422 5.056441 -0.044476
v 0.824040 5.056441 -0.034040
v 0.834476 5.056441 -0.018422
v 0.838140 5.062138 0.000000
v 0.834476 5.062138 0.018422
v 0.824040 5.062138 0.034040
v 0.808422 5.062138 0.044476
v 0.790000 5.062138 0.048140
v 0.771578 5.062138 0.044476
v 0.755960 5.062138 0.034040
v 0.745524 5.062138 0.018422
v 0.741860 5.062138 0.000000
v 0.745524 5.062138 -0.018422
v 0.755960 5.062138 -0.034040
v 0.771578 5.062138 -0.044476
v 0.790000 5.062138 -0.048140
v 0.808422 5.062138 -0.044476
v 0.824040 5.062138 -0.034040
v 0.834476 5.062138 -0.018422
v 0.821208 5.062138 0.000000
v 0.818832 5.062138 0.011943
v 0.812067 5.062138 0.022067
v 0.801943 5.062138 0.028832
v 0.790000 5.062138 0.031208
v 0.778057 5.062138 0.028832
v 0.767933 5.062138 0.022067
v 0.761168 5.062138 0.011943
v 0.758792 5.062138 0.000000
v 0.761168 5.062138 -0.011943
v 0.767933 5.062138 -0.022067
v 0.778057 5.062138 -0.028832
v 0.790000 5.062138 -0.031208
v 0.801943 5.062138 -0.028832
v 0.812067 5.062138 -0.022067
v 0.818832 5.062138 -0.011943
v 0.821208 5.073273 0.000000
v 0.818832 5.073273 0.011943
v 0.812067 5.073273 0.022067
v 0.801943 5.073273 0.028832
v 0.790000 5.073273 0.031208
v 0.778057 5.073273 0.028832
v 0.767933 5.073273 0.022067
v 0.761168 5.073273 0.011943
v 0.758792 5.073273 0.000000
v 0.761168 5.073273 -0.011943
v 0.767933 5.073273 -0.022067
v 0.778057 5.073273 -0.028832
v 0.790000 5.073273 -0.031208
v 0.801943 5.073273 -0.028832
v 0.812067 5.073273 -0.022067
v 0.818832 5.073273 -0.011943
v 0.834156 5.073273 0.000000
v 0.830795 5.073273 0.016898
v 0.821223 5.073273 0.031223
v 0.806898 5.073273 0.040795
v 0.790000 5.073273 0.044156
v 0.773102 5.073273 0.040795
v 0.758777 5.073273 0.031223
v 0.749205 5.073273 0.016898
v 0.745844 5.073273 0.000000
v 0.749205 5.073273 -0.016898
v 0.758777 5.073273 -0.031223
v 0.773102 5.073273 -0.040795
v 0.790000 5.073273 -0.044156
v 0.806898 5.073273 -0.040795
v 0.821223 5.073273 -0.031223
v 0.830795 5.073273 -0.016898
v 0.827184 5.086480 0.000000
v 0.824354 5.086480 0.014230
v 0.816293 5.086480 0.026293
v 0.804230 5.086480 0.034354
v 0.790000 5.086480 0.037184
v 0.775770 5.086480 0.034354
v 0.763707 5.086480 0.026293
v 0.755646 5.086480 0.014230
v 0.752816 5.086480 0.000000
v 0.755646 5.086480 -0.014230
v 0.763707 5.086480 -0.026293
v 0.775770 5.086480 -0.034354
v 0.790000 5.086480 -0.037184
v 0.804230 5.086480 -0.034354
v 0.816293 5.086480 -0.026293
v 0.824354 5.086480 -0.014230
v 0.790000 5.086480 0.000000
v 0.804110 4.944052 0.000000
v 0.799977 4.944052 0.009977
v 0.799977 4.912977 0.009977
v 0.804110 4.912977 0.000000
v 0.790000 4.944052 0.014110
v 0.790000 4.912977 0.014110
v 0.780023 4.944052 0.009977
v 0.780023 4.912977 0.009977
v 0.775890 4.944052 0.000000
v 0.775890 4.912977 0.000000
v 0.780023 4.944052 -0.009977
v 0.780023 4.912977 -0.009977
v 0.790000 4.944052 -0.014110
v 0.790000 4.912977 -0.014110
v 0.799977 4.944052 -0.009977
v 0.799977 4.912977 -0.009977
v 0.809588 4.946642 0.000000
v 0.803851 4.946642 0.013851
v 0.790000 4.946642 0.019588
v 0.776149 4.946642 0.013851
v 0.770412 4.946642 0.000000
v 0.776149 4.946642 -0.013851
v 0.790000 4.946642 -0.019588
v 0.803851 4.946642 -0.013851
v 0.809588 4.956353 0.000000
v 0.803851 4.956353 0.013851
v 0.790000 4.956353 0.019588
v 0.776149 4.956353 0.013851
v 0.770412 4.956353 0.000000
v 0.776149 4.956353 -0.013851
v 0.790000 4.956353 -0.019588
v 0.803851 4.956353 -0.013851
v 0.790000 4.956353 0.000000
v 1.609800 4.994549 0.000000
v 1.606009 4.994549 0.019058
v 1.636682 4.957000 0.031763
v 1.643000 4.957000 0.000000
v 1.595214 4.994549 0.035214
v 1.618690 4.957000 0.058690
v 1.579058 4.994549 0.046009
v 1.591763 4.957000 0.076682
v 1.560000 4.994549 0.049800
v 1.560000 4.957000 0.083000
v 1.540942 4.994549 0.046009
v 1.528237 4.957000 0.076682
v 1.524786 4.994549 0.035214
v 1.501310 4.957000 0.058690
v 1.513991 4.994549 0.019058
v 1.483318 4.957000 0.031763
v 1.510200 4.994549 0.000000
v 1.477000 4.957000 0.000000
v 1.513991 4.994549 -0.019058
v 1.483318 4.957000 -0.031763
v 1.524786 4.994549 -0.035214
v 1.501310 4.957000 -0.058690
v 1.540942 4.994549 -0.046009
v 1.528237 4.957000 -0.076682
v 1.560000 4.994549 -0.049800
v 1.560000 4.957000 -0.083000
v 1.579058 4.994549 -0.046009
v 1.591763 4.957000 -0.076682
v 1.595214 4.994549 -0.035214
v 1.618690 4.957000 -0.058690
v 1.606009 4.994549 -0.019058
v 1.636682 4.957000 -0.031763
v 1.602330 4.994549 0.000000
v 1.599108 4.994549 0.016199
v 1.589932 4.994549 0.029932
v 1.576199 4.994549 0.039108
v 1.560000 4.994549 0.042330
v 1.543801 4.994549 0.039108
v 1.530068 4.994549 0.029932
v 1.520892 4.994549 0.016199
v 1.517670 4.994549 0.000000
v 1.520892 4.994549 -0.016199
v 1.530068 4.994549 -0.029932
v 1.543801 4.994549 -0.039108
v 1.560000 4.994549 -0.042330
v 1.576199 4.994549 -0.039108
v 1.589932 4.994549 -0.029932
v 1.599108 4.994549 -0.016199
v 1.602330 5.001023 0.000000
v 1.599108 5.001023 0.016199
v 1.589932 5.001023 0.029932
v 1.576199 5.001023 0.039108
v 1.560000 5.001023 0.042330
v 1.543801 5.001023 0.039108
v 1.530068 5.001023 0.029932
v 1.520892 5.001023 0.016199
v 1.517670 5.001023 0.000000
v 1.520892 5.001023 -0.016199
v 1.530068 5.001023 -0.029932
v 1.543801 5.001023 -0.039108
v 1.560000 5.001023 -0.042330
v 1.576199 5.001023 -0.039108
v 1.589932 5.001023 -0.029932
v 1.599108 5.001023 -0.016199
v 1.626400 5.001023 0.000000
v 1.621346 5.001023 0.025410
v 1.606952 5.001023 0.046952
v 1.585410 5.001023 0.061346
v 1.560000 5.001023 0.066400
v 1.534590 5.001023 0.061346
v 1.513048 5.001023 0.046952
v 1.498654 5.001023 0.025410
v 1.493600 5.001023 0.000000
v 1.498654 5.001023 -0.025410
v 1.513048 5.001023 -0.046952
v 1.534590 5.001023 -0.061346
v 1.560000 5.001023 -0.066400
v 1.585410 5.001023 -0.061346
v 1.606952 5.001023 -0.046952
v 1.621346 5.001023 -0.025410
v 1.600670 5.030156 0.000000
v 1.597574 5.030156 0.015564
v 1.588758 5.030156 0.028758
v 1.575564 5.030156 0.037574
v 1.560000 5.030156 0.040670
v 1.544436 5.030156 0.037574
v 1.531242 5.030156 0.028758
v 1.522426 5.030156 0.015564
v 1.519330 5.030156 0.000000
v 1.522426 5.030156 -0.015564
v 1.531242 5.030156 -0.028758
v 1.544436 5.030156 -0.037574
v 1.560000 5.030156 -0.040670
v 1.575564 5.030156 -0.037574
v 1.588758 5.030156 -0.028758
v 1.597574 5.030156 -0.015564
v 1.599010 5.030156 0.000000
v 1.596041 5.030156 0.014928
v 1.587584 5.030156 0.027584
v 1.574928 5.030156 0.036041
v 1.560000 5.030156 0.039010
v 1.545072 5.030156 0.036041
v 1.532416 5.030156 0.027584
v 1.523959 5.030156 0.014928
v 1.520990 5.030156 0.000000
v 1.523959 5.030156 -0.014928
v 1.532416 5.030156 -0.027584
v 1.545072 5.030156 -0.036041
v 1.560000 5.030156 -0.039010
v 1.574928 5.030156 -0.036041
v 1.587584 5.030156 -0.027584
v 1.596041 5.030156 -0.014928
v 1.599010 5.042457 0.000000
v 1.596041 5.042457 0.014928
v 1.587584 5.042457 0.027584
v 1.574928 5.042457 0.036041
v 1.560000 5.042457 0.039010
v 1.545072 5.042457 0.036041
v 1.532416 5.042457 0.027584
v 1.523959 5.042457 0.014928
v 1.520990 5.042457 0.000000
v 1.523959 5.042457 -0.014928
v 1.532416 5.042457 -0.027584
v 1.545072 5.042457 -0.036041
v 1.560000 5.042457 -0.039010
v 1.574928 5.042457 -0.036041
v 1.587584 5.042457 -0.027584
v 1.596041 5.042457 -0.014928
v 1.608140 5.042457 0.000000
v 1.604476 5.042457 0.018422
v 1.594040 5.042457 0.034040
v 1.578422 5.042457 0.044476
v 1.560000 5.042457 0.048140
v 1.541578 5.042457 0.044476
v 1.525960 5.042457 0.034040
v 1.515524 5.042457 0.018422
v 1.511860 5.042457 0.000000
v 1.515524 5.042457 -0.018422
v 1.525960 5.042457 -0.034040
v 1.541578 5.042457 -0.044476
v 1.560000 5.042457 -0.048140
v 1.578422 5.042457 -0.044476
v 1.594040 5.042457 -0.034040
v 1.604476 5.042457 -0.018422
v 1.608140 5.049190 0.000000
v 1.604476 5.049190 0.018422
v 1.594040 5.049190 0.034040
v 1.578422 5.049190 0.044476
v 1.560000 5.049190 0.048140
v 1.541578 5.049190 0.044476
v 1.525960 5.049190 0.034040
v 1.515524 5.049190 0.018422
v 1.511860 5.049190 0.000000
v 1.515524 5.049190 -0.018422
v 1.525960 5.049190 -0.034040
v 1.541578 5.049190 -0.044476
v 1.560000 5.049190 -0.048140
v 1.578422 5.049190 -0.044476
v 1.594040 5.049190 -0.034040
v 1.604476 5.049190 -0.018422
v 1.599508 5.049190 0.000000
v 1.596501 5.049190 0.015119
v 1.587936 5.049190 0.027936
v 1.575119 5.049190 0.036501
v 1.560000 5.049190 0.039508
v 1.544881 5.049190 0.036501
v 1.532064 5.049190 0.027936
v 1.523499 5.049190 0.015119
v 1.520492 5.049190 0.000000
v 1.523499 5.049190 -0.015119
v 1.532064 5.049190 -0.027936
v 1.544881 5.049190 -0.036501
v 1.560000 5.049190 -0.039508
v 1.575119 5.049190 -0.036501
v 1.587936 5.049190 -0.027936
v 1.596501 5.049190 -0.015119
v 1.599508 5.056441 0.000000
v 1.596501 5.056441 0.015119
v 1.587936 5.056441 0.027936
v 1.575119 5.056441 0.036501
v 1.560000 5.056441 0.039508
v 1.544881 5.056441 0.036501
v 1.532064 5.056441 0.027936
v 1.523499 5.056441 0.015119
v 1.520492 5.056441 0.000000
v 1.523499 5.056441 -0.015119
v 1.532064 5.056441 -0.027936
v 1.544881 5.056441 -0.036501
v 1.560000 5.056441 -0.039508
v 1.575119 5.056441 -0.036501
v 1.587936 5.056441 -0.027936
v 1.596501 5.056441 -0.015119
v 1.608140 5.056441 0.000000
v 1.604476 5.056441 0.018422
v 1.594040 5.056441 0.034040
v 1.578422 5.056441 0.044476
v 1.560000 5.056441 0.048140
v 1.541578 5.056441 0.044476
v 1.525960 5.056441 0.034040
v 1.515524 5.056441 0.018422
v 1.511860 5.056441 0.000000
v 1.515524 5.056441 -0.018422
v 1.525960 5.056441 -0.034040
v 1.541578 5.056441 -0.044476
v 1.560000 5.056441 -0.048140
v 1.578422 5.056441 -0.044476
v 1.594040 5.056441 -0.034040
v 1.604476 5.056441 -0.018422
v 1.608140 5.062138 0.000000
v 1.604476 5.062138 0.018422
v 1.594040 5.062138 0.034040
v 1.578422 5.062138 0.044476
v 1.560000 5.062138 0.048140
v 1.541578 5.062138 0.044476
v 1.525960 5.062138 0.034040
v 1.515524 5.062138 0.018422
v 1.511860 5.062138 0.000000
v 1.515524 5.062138 -0.018422
v 1.525960 5.062138 -0.034040
v 1.541578 5.062138 -0.044476
v 1.560000 5.062138 -0.048140
v 1.578422 5.062138 -0.044476
v 1.594040 5.062138 -0.034040
v 1.604476 5.062138 -0.018422
v 1.591208 5.062138 0.000000
v 1.588832 5.062138 0.011943
v 1.582067 5.062138 0.022067
v 1.571943 5.062138 0.028832
v 1.560000 5.062138 0.031208
v 1.548057 5.062138 0.028832
v 1.537933 5.062138 0.022067
v 1.531168 5.062138 0.011943
v 1.528792 5.062138 0.000000
v 1.531168 5.062138 -0.011943
v 1.537933 5.062138 -0.022067
v 1.548057 5.062138 -0.028832
v 1.560000 5.062138 -0.031208
v 1.571943 5.062138 -0.028832
v 1.582067 5.062138 -0.022067
v 1.588832 5.062138 -0.011943
v 1.591208 5.073273 0.000000
v 1.588832 5.073273 0.011943
v 1.582067 5.073273 0.022067
v 1.571943 5.073273 0.028832
v 1.560000 5.073273 0.031208
v 1.548057 5.073273 0.028832
v 1.537933 5.073273 0.022067
v 1.531168 5.073273 0.011943
v 1.528792 5.073273 0.000000
v 1.531168 5.073273 -0.011943
v 1.537933 5.073273 -0.022067
v 1.548057 5.073273 -0.028832
v 1.560000 5.073273 -0.031208
v 1.571943 5.073273 -0.028832
v 1.582067 5.073273 -0.022067
v 1.588832 5.073273 -0.011943
v 1.604156 5.073273 0.000000
v 1.600795 5.073273 0.016898
v 1.591223 5.073273 0.031223
v 1.576898 5.073273 0.040795
v 1.560000 5.073273 0.044156
v 1.543102 5.073273 0.040795
v 1.528777 5.073273 0.031223
v 1.519205 5.073273 0.016898
v 1.515844 5.073273 0.000000
v 1.519205 5.073273 -0.016898
v 1.528777 5.073273 -0.031223
v 1.543102 5.073273 -0.040795
v 1.560000 5.073273 -0.044156
v 1.576898 5.073273 -0.040795
v 1.591223 5.073273 -0.031223
v 1.600795 5.073273 -0.016898
v 1.597184 5.086480 0.000000
v 1.594354 5.086480 0.014230
v 1.586293 5.086480 0.026293
v 1.574230 5.086480 0.034354
v 1.560000 5.086480 0.037184
v 1.545770 5.086480 0.034354
v 1.533707 5.086480 0.026293
v 1.525646 5.086480 0.014230
v 1.522816 5.086480 0.000000
v 1.525646 5.086480 -0.014230
v 1.533707 5.086480 -0.026293
v 1.545770 5.086480 -0.034354
v 1.560000 5.086480 -0.037184
v 1.574230 5.086480 -0.034354
v 1.586293 5.086480 -0.026293
v 1.594354 5.086480 -0.014230
v 1.560000 5.086480 0.000000
v 1.574110 4.944052 0.000000
v 1.569977 4.944052 0.009977
v 1.569977 4.912977 0.009977
v 1.574110 4.912977 0.000000
v 1.560000 4.944052 0.014110
v 1.560000 4.912977 0.014110
v 1.550023 4.944052 0.009977
v 1.550023 4.912977 0.009977
v 1.545890 4.944052 0.000000
v 1.545890 4.912977 0.000000
v 1.550023 4.944052 -0.009977
v 1.550023 4.912977 -0.009977
v 1.560000 4.944052 -0.014110
v 1.560000 4.912977 -0.014110
v 1.569977 4.944052 -0.009977
v 1.569977 4.912977 -0.009977
v 1.579588 4.946642 0.000000
v 1.573851 4.946642 0.013851
v 1.560000 4.946642 0.019588
v 1.546149 4.946642 0.013851
v 1.540412 4.946642 0.000000
v 1.546149 4.946642 -0.013851
v 1.560000 4.946642 -0.019588
v 1.573851 4.946642 -0.013851
v 1.579588 4.956353 0.000000
v 1.573851 4.956353 0.013851
v 1.560000 4.956353 0.019588
v 1.546149 4.956353 0.013851
v 1.540412 4.956353 0.000000
v 1.546149 4.956353 -0.013851
v 1.560000 4.956353 -0.019588
v 1.573851 4.956353 -0.013851
v 1.560000 4.956353 0.000000
v -0.565200 5.944549 0.000000
v -0.568991 5.944549 0.019058
v -0.538318 5.907000 0.031763
v -0.532000 5.907000 0.000000
v -0.579786 5.944549 0.035214
v -0.556310 5.907000 0.058690
v -0.595942 5.944549 0.046009
v -0.583237 5.907000 0.076682
v -0.615000 5.944549 0.049800
v -0.615000 5.907000 0.083000
v -0.634058 5.944549 0.046009
v -0.646763 5.907000 0.076682
v -0.650214 5.944549 0.035214
v -0.673690 5.907000 0.058690
v -0.661009 5.944549 0.019058
v -0.691682 5.907000 0.031763
v -0.664800 5.944549 0.000000
v -0.698000 5.907000 0.000000
v -0.661009 5.944549 -0.019058
v -0.691682 5.907000 -0.031763
v -0.650214 5.944549 -0.035214
v -0.673690 5.907000 -0.058690
v -0.634058 5.944549 -0.046009
v -0.646763 5.907000 -0.076682
v -0.615000 5.944549 -0.049800
v -0.615000 5.907000 -0.083000
v -0.595942 5.944549 -0.046009
v -0.583237 5.907000 -0.076682
v -0.579786 5.944549 -0.035214
v -0.556310 5.907000 -0.058690
v -0.568991 5.944549 -0.019058
v -0.538318 5.907000 -0.031763
v -0.572670 5.944549 0.000000
v -0.575892 5.944549 0.016199
v -0.585068 5.944549 0.029932
v -0.598801 5.944549 0.039108
v -0.615000 5.944549 0.042330
v -0.631199 5.944549 0.039108
v -0.644932 5.944549 0.029932
v -0.654108 5.944549 0.016199
v -0.657330 5.944549 0.000000
v -0.654108 5.944549 -0.016199
v -0.644932 5.944549 -0.029932
v -0.631199 5.944549 -0.039108
v -0.615000 5.944549 -0.042330
v -0.598801 5.944549 -0.039108
v -0.585068 5.944549 -0.029932
v -0.575892 5.944549 -0.016199
v -0.572670 5.951023 0.000000
v -0.575892 5.951023 0.016199
v -0.585068 5.951023 0.029932
v -0.598801 5.951023 0.039108
v -0.615000 5.951023 0.042330
v -0.631199 5.951023 0.039108
v -0.644932 5.951023 0.029932
v -0.654108 5.951023 0.016199
v -0.657330 5.951023 0.000000
v -0.654108 5.951023 -0.016199
v -0.644932 5.951023 -0.029932
v -0.631199 5.951023 -0.039108
v -0.615000 5.951023 -0.042330
v -0.598801 5.951023 -0.039108
v -0.585068 5.951023 -0.029932
v -0.575892 5.951023 -0.016199
v -0.548600 5.951023 0.000000
v -0.553654 5.951023 0.025410
v -0.568048 5.951023 0.046952
v -0.589590 5.951023 0.061346
v -0.615000 5.951023 0.066400
v -0.640410 5.951023 0.061346
v -0.661952 5.951023 0.046952
v -0.676346 5.951023 0.025410
v -0.681400 5.951023 0.000000
v -0.676346 5.951023 -0.025410
v -0.661952 5.951023 -0.046952
v -0.640410 5.951023 -0.061346
v -0.615000 5.951023 -0.066400
v -0.589590 5.951023 -0.061346
v -0.568048 5.951023 -0.046952
v -0.553654 5.951023 -0.025410
v -0.574330 5.980156 0.000000
v -0.577426 5.980156 0.015564
v -0.586242 5.980156 0.028758
v -0.599436 5.980156 0.037574
v -0.615000 5.980156 0.040670
v -0.630564 5.980156 0.037574
v -0.643758 5.980156 0.028758
v -0.652574 5.980156 0.015564
v -0.655670 5.980156 0.000000
v -0.652574 5.980156 -0.015564
v -0.643758 5.980156 -0.028758
v -0.630564 5.980156 -0.037574
v -0.615000 5.980156 -0.040670
v -0.599436 5.980156 -0.037574
v -0.586242 5.980156 -0.028758
v -0.577426 5.980156 -0.015564
v -0.575990 5.980156 0.000000
v -0.578959 5.980156 0.014928
v -0.587416 5.980156 0.027584
v -0.600072 5.980156 0.036041
v -0.615000 5.980156 0.039010
v -0.629928 5.980156 0.036041
v -0.642584 5.980156 0.027584
v -0.651041 5.980156 0.014928
v -0.654010 5.980156 0.000000
v -0.651041 5.980156 -0.014928
v -0.642584 5.980156 -0.027584
v -0.629928 5.980156 -0.036041
v -0.615000 5.980156 -0.039010
v -0.600072 5.980156 -0.036041
v -0.587416 5.980156 -0.027584
v -0.578959 5.980156 -0.014928
v -0.575990 5.992457 0.000000
v -0.578959 5.992457 0.014928
v -0.587416 5.992457 0.027584
v -0.600072 5.992457 0.036041
v -0.615000 5.992457 0.039010
v -0.629928 5.992457 0.036041
v -0.642584 5.992457 0.027584
v -0.651041 5.992457 0.014928
v -0.654010 5.992457 0.000000
v -0.651041 5.992457 -0.014928
v -0.642584 5.992457 -0.027584
v -0.629928 5.992457 -0.036041
v -0.615000 5.992457 -0.039010
v -0.600072 5.992457 -0.036041
v -0.587416 5.992457 -0.027584
v -0.578959 5.992457 -0.014928
v -0.566860 5.992457 0.000000
v -0.570524 5.992457 0.018422
v -0.580960 5.992457 0.034040
v -0.596578 5.992457 0.044476
v -0.615000 5.992457 0.048140
v -0.633422 5.992457 0.044476
v -0.649040 5.992457 0.034040
v -0.659476 5.992457 0.018422
v -0.663140 5.992457 0.000000
v -0.659476 5.992457 -0.018422
v -0.649040 5.992457 -0.034040
v -0.633422 5.992457 -0.044476
v -0.615000 5.992457 -0.048140
v -0.596578 5.992457 -0.044476
v -0.580960 5.992457 -0.034040
v -0.570524 5.992457 -0.018422
v -0.566860 5.999190 0.000000
v -0.570524 5.999190 0.018422
v -0.580960 5.999190 0.034040
v -0.596578 5.999190 0.044476
v -0.615000 5.999190 0.048140
v -0.633422 5.999190 0.044476
v -0.649040 5.999190 0.034040
v -0.659476 5.999190 0.018422
v -0.663140 5.999190 0.000000
v -0.659476 5.999190 -0.018422
v -0.649040 5.999190 -0.034040
v -0.633422 5.999190 -0.044476
v -0.615000 5.999190 -0.048140
v -0.596578 5.999190 -0.044476
v -0.580960 5.999190 -0.034040
v -0.570524 5.999190 -0.018422
v -0.575492 5.999190 0.000000
v -0.578499 5.999190 0.015119
v -0.587064 5.999190 0.027936
v -0.599881 5.999190 0.036501
v -0.615000 5.999190 0.039508
v -0.630119 5.999190 0.036501
v -0.642936 5.999190 0.027936
v -0.651501 5.999190 0.015119
v -0.654508 5.999190 0.000000
v -0.651501 5.999190 -0.015119
v -0.642936 5.999190 -0.027936
v -0.630119 5.999190 -0.036501
v -0.615000 5.999190 -0.039508
v -0.599881 5.999190 -0.036501
v -0.587064 5.999190 -0.027936
v -0.578499 5.999190 -0.015119
v -0.575492 6.006441 0.000000
v -0.578499 6.006441 0.015119
v -0.587064 6.006441 0.027936
v -0.599881 6.006441 0.036501
v -0.615000 6.006441 0.039508
v -0.630119 6.006441 0.036501
v -0.642936 6.006441 0.027936
v -0.651501 6.006441 0.015119
v -0.654508 6.006441 0.000000
v -0.651501 6.006441 -0.015119
v -0.642936 6.006441 -0.027936
v -0.630119 6.006441 -0.036501
v -0.615000 6.006441 -0.039508
v -0.599881 6.006441 -0.036501
v -0.587064 6.006441 -0.027936
v -0.578499 6.006441 -0.015119
v -0.566860 6.006441 0.000000
v -0.570524 6.006441 0.018422
v -0.580960 6.006441 0.034040
v -0.596578 6.006441 0.044476
v -0.615000 6.006441 0.048140
v -0.633422 6.006441 0.044476
v -0.649040 6.006441 0.034040
v -0.659476 6.006441 0.018422
v -0.663140 6.006441 0.000000
v -0.659476 6.006441 -0.018422
v -0.649040 6.006441 -0.034040
v -0.633422 6.006441 -0.044476
v -0.615000 6.006441 -0.048140
v -0.596578 6.006441 -0.044476
v -0.580960 6.006441 -0.034040
v -0.570524 6.006441 -0.018422
v -0.566860 6.012138 0.000000
v -0.570524 6.012138 0.018422
v -0.580960 6.012138 0.034040
v -0.596578 6.012138 0.044476
v -0.615000 6.012138 0.048140
v -0.633422 6.012138 0.044476
v -0.649040 6.012138 0.034040
v -0.659476 6.012138 0.018422
v -0.663140 6.012138 0.000000
v -0.659476 6.012138 -0.018422
v -0.649040 6.012138 -0.034040
v -0.633422 6.012138 -0.044476
v -0.615000 6.012138 -0.048140
v -0.596578 6.012138 -0.044476
v -0.580960 6.012138 -0.034040
v -0.570524 6.012138 -0.018422
v -0.583792 6.012138 0.000000
v -0.586168 6.012138 0.011943
v -0.592933 6.012138 0.022067
v -0.603057 6.012138 0.028832
v -0.615000 6.012138 0.031208
v -0.626943 6.012138 0.028832
v -0.637067 6.012138 0.022067
v -0.643832 6.012138 0.011943
v -0.646208 6.012138 0.000000
v -0.643832 6.012138 -0.011943
v -0.637067 6.012138 -0.022067
v -0.626943 6.012138 -0.028832
v -0.615000 6.012138 -0.031208
v -0.603057 6.012138 -0.028832
v -0.592933 6.012138 -0.022067
v -0.586168 6.012138 -0.011943
v -0.583792 6.023273 0.000000
v -0.586168 6.023273 0.011943
v -0.592933 6.023273 0.022067
v -0.603057 6.023273 0.028832
v -0.615000 6.023273 0.031208
v -0.626943 6.023273 0.028832
v -0.637067 6.023273 0.022067
v -0.643832 6.023273 0.011943
v -0.646208 6.023273 0.000000
v -0.643832 6.023273 -0.011943
v -0.637067 6.023273 -0.022067
v -0.626943 6.023273 -0.028832
v -0.615000 6.023273 -0.031208
v -0.603057 6.023273 -0.028832
v -0.592933 6.023273 -0.022067
v -0.586168 6.023273 -0.011943
v -0.570844 6.023273 0.000000
v -0.574205 6.023273 0.016898
v -0.583777 6.023273 0.031223
v -0.598102 6.023273 0.040795
v -0.615000 6.023273 0.044156
v -0.631898 6.023273 0.040795
v -0.646223 6.023273 0.031223
v -0.655795 6.023273 0.016898
v -0.659156 6.023273 0.000000
v -0.655795 6.023273 -0.016898
v -0.646223 6.023273 -0.031223
v -0.631898 6.023273 -0.040795
v -0.615000 6.023273 -0.044156
v -0.598102 6.023273 -0.040795
v -0.583777 6.023273 -0.031223
v -0.574205 6.023273 -0.016898
v -0.577816 6.036480 0.000000
v -0.580646 6.036480 0.014230
v -0.588707 6.036480 0.026293
v -0.600770 6.036480 0.034354
v -0.615000 6.036480 0.037184
v -0.629230 6.036480 0.034354
v -0.641293 6.036480 0.026293
v -0.649354 6.036480 0.014230
v -0.652184 6.036480 0.000000
v -0.649354 6.036480 -0.014230
v -0.641293 6.036480 -0.026293
v -0.629230 6.036480 -0.034354
v -0.615000 6.036480 -0.037184
v -0.600770 6.036480 -0.034354
v -0.588707 6.036480 -0.026293
v -0.580646 6.036480 -0.014230
v -0.615000 6.036480 0.000000
v -0.600890 5.894052 0.000000
v -0.605023 5.894052 0.009977
v -0.605023 5.862977 0.009977
v -0.600890 5.862977 0.000000
v -0.615000 5.894052 0.014110
v -0.615000 5.862977 0.014110
v -0.624977 5.894052 0.009977
v -0.624977 5.862977 0.009977
v -0.629110 5.894052 0.000000
v -0.629110 5.862977 0.000000
v -0.624977 5.894052 -0.009977
v -0.624977 5.862977 -0.009977
v -0.615000 5.894052 -0.014110
v -0.615000 5.862977 -0.014110
v -0.605023 5.894052 -0.009977
v -0.605023 5.862977 -0.009977
v -0.595412 5.896642 0.000000
v -0.601149 5.896642 0.013851
v -0.615000 5.896642 0.019588
v -0.628851 5.896642 0.013851
v -0.634588 5.896642 0.000000
v -0.628851 5.896642 -0.013851
v -0.615000 5.896642 -0.019588
v -0.601149 5.896642 -0.013851
v -0.595412 5.906353 0.000000
v -0.601149 5.906353 0.013851
v -0.615000 5.906353 0.019588
v -0.628851 5.906353 0.013851
v -0.634588 5.906353 0.000000
v -0.628851 5.906353 -0.013851
v -0.615000 5.906353 -0.019588
v -0.601149 5.906353 -0.013851
v -0.615000 5.906353 0.000000
v -1.140200 5.944549 0.000000
v -1.143991 5.944549 0.019058
v -1.113318 5.907000 0.031763
v -1.107000 5.907000 0.000000
v -1.154786 5.944549 0.035214
v -1.131310 5.907000 0.058690
v -1.170942 5.944549 0.046009
v -1.158237 5.907000 0.076682
v -1.190000 5.944549 0.049800
v -1.190000 5.907000 0.083000
v -1.209058 5.944549 0.046009
v -1.221763 5.907000 0.076682
v -1.225214 5.944549 0.035214
v -1.248690 5.907000 0.058690
v -1.236009 5.944549 0.019058
v -1.266682 5.907000 0.031763
v -1.239800 5.944549 0.000000
v -1.273000 5.907000 0.000000
v -1.236009 5.944549 -0.019058
v -1.266682 5.907000 -0.031763
v -1.225214 5.944549 -0.035214
v -1.248690 5.907000 -0.058690
v -1.209058 5.944549 -0.046009
v -1.221763 5.907000 -0.076682
v -1.190000 5.944549 -0.049800
v -1.190000 5.907000 -0.083000
v -1.170942 5.944549 -0.046009
v -1.158237 5.907000 -0.076682
v -1.154786 5.944549 -0.035214
v -1.131310 5.907000 -0.058690
v -1.143991 5.944549 -0.019058
v -1.113318 5.907000 -0.031763
v -1.147670 5.944549 0.000000
v -1.150892 5.944549 0.016199
v -1.160068 5.944549 0.029932
v -1.173801 5.944549 0.039108
v -1.190000 5.944549 0.042330
v -1.206199 5.944549 0.039108
v -1.219932 5.944549 0.029932
v -1.229108 5.944549 0.016199
v -1.232330 5.944549 0.000000
v -1.229108 5.944549 -0.016199
v -1.219932 5.944549 -0.029932
v -1.206199 5.944549 -0.039108
v -1.190000 5.944549 -0.042330
v -1.173801 5.944549 -0.039108
v -1.160068 5.944549 -0.029932
v -1.150892 5.944549 -0.016199
v -1.147670 5.951023 0.000000
v -1.150892 5.951023 0.016199
v -1.160068 5.951023 0.029932
v -1.173801 5.951023 0.039108
v -1.190000 5.951023 0.042330
v -1.206199 5.951023 0.039108
v -1.219932 5.951023 0.029932
v -1.229108 5.951023 0.016199
v -1.232330 5.951023 0.000000
v -1.229108 5.951023 -0.016199
v -1.219932 5.951023 -0.029932
v -1.206199 5.951023 -0.039108
v -1.190000 5.951023 -0.042330
v -1.173801 5.951023 -0.039108
v -1.160068 5.951023 -0.029932
v -1.150892 5.951023 -0.016199
v -1.123600 5.951023 0.000000
v -1.128654 5.951023 0.025410
v -1.143048 5.951023 0.046952
v -1.164590 5.951023 0.061346
v -1.190000 5.951023 0.066400
v -1.215410 5.951023 0.061346
v -1.236952 5.951023 0.046952
v -1.251346 5.951023 0.025410
v -1.256400 5.951023 0.000000
v -1.251346 5.951023 -0.025410
v -1.236952 5.951023 -0.046952
v -1.215410 5.951023 -0.061346
v -1.190000 5.951023 -0.066400
v -1.164590 5.951023 -0.061346
v -1.143048 5.951023 -0.046952
v -1.128654 5.951023 -0.025410
v -1.149330 5.980156 0.000000
v -1.152426 5.980156 0.015564
v -1.161242 5.980156 0.028758
v -1.174436 5.980156 0.037574
v -1.190000 5.980156 0.040670
v -1.205564 5.980156 0.037574
v -1.218758 5.980156 0.028758
v -1.227574 5.980156 0.015564
v -1.230670 5.980156 0.000000
v -1.227574 5.980156 -0.015564
v -1.218758 5.980156 -0.028758
v -1.205564 5.980156 -0.037574
v -1.190000 5.980156 -0.040670
v -1.174436 5.980156 -0.037574
v -1.161242 5.980156 -0.028758
v -1.152426 5.980156 -0.015564
v -1.150990 5.980156 0.000000
v -1.153959 5.980156 0.014928
v -1.162416 5.980156 0.027584
v -1.175072 5.980156 0.036041
v -1.190000 5.980156 0.039010
v -1.204928 5.980156 0.036041
v -1.217584 5.980156 0.027584
v -1.226041 5.980156 0.014928
v -1.229010 5.980156 0.000000
v -1.226041 5.980156 -0.014928
v -1.217584 5.980156 -0.027584
v -1.204928 5.980156 -0.036041
v -1.190000 5.980156 -0.039010
v -1.175072 5.980156 -0.036041
v -1.162416 5.980156 -0.027584
v -1.153959 5.980156 -0.014928
v -1.150990 5.992457 0.000000
v -1.153959 5.992457 0.014928
v -1.162416 5.992457 0.027584
v -1.175072 5.992457 0.036041
v -1.190000 5.992457 0.039010
v -1.204928 5.992457 0.036041
v -1.217584 5.992457 0.027584
v -1.226041 5.992457 0.014928
v -1.229010 5.992457 0.000000
v -1.226041 5.992457 -0.014928
v -1.217584 5.992457 -0.027584
v -1.204928 5.992457 -0.036041
v -1.190000 5.992457 -0.039010
v -1.175072 5.992457 -0.036041
v -1.162416 5.992457 -0.027584
v -1.153959 5.992457 -0.014928
v -1.141860 5.992457 0.000000
v -1.145524 5.992457 0.018422
v -1.155960 5.992457 0.034040
v -1.171578 5.992457 0.044476
v -1.190000 5.992457 0.048140
v -1.208422 5.992457 0.044476
v -1.224040 5.992457 0.034040
v -1.234476 5.992457 0.018422
v -1.238140 5.992457 0.000000
v -1.234476 5.992457 -0.018422
v -1.224040 5.992457 -0.034040
v -1.208422 5.992457 -0.044476
v -1.190000 5.992457 -0.048140
v -1.171578 5.992457 -0.044476
v -1.155960 5.992457 -0.034040
v -1.145524 5.992457 -0.018422
v -1.141860 5.999190 0.000000
v -1.145524 5.999190 0.018422
v -1.155960 5.999190 0.034040
v -1.171578 5.999190 0.044476
v -1.190000 5.999190 0.048140
v -1.208422 5.999190 0.044476
v -1.224040 5.999190 0.034040
v -1.234476 5.999190 0.018422
v -1.238140 5.999190 0.000000
v -1.234476 5.999190 -0.018422
v -1.224040 5.999190 -0.034040
v -1.208422 5.999190 -0.044476
v -1.190000 5.999190 -0.048140
v -1.171578 5.999190 -0.044476
v -1.155960 5.999190 -0.034040
v -1.145524 5.999190 -0.018422
v -1.150492 5.999190 0.000000
v -1.153499 5.999190 0.015119
v -1.162064 5.999190 0.027936
v -1.174881 5.999190 0.036501
v -1.190000 5.999190 0.039508
v -1.205119 5.999190 0.036501
v -1.217936 5.999190 0.027936
v -1.226501 5.999190 0.015119
v -1.229508 5.999190 0.000000
v -1.226501 5.999190 -0.015119
v -1.217936 5.999190 -0.027936
v -1.205119 5.999190 -0.036501
v -1.190000 5.999190 -0.039508
v -1.174881 5.999190 -0.036501
v -1.162064 5.999190 -0.027936
v -1.153499 5.999190 -0.015119
v -1.150492 6.006441 0.000000
v -1.153499 6.006441 0.015119
v -1.162064 6.006441 0.027936
v -1.174881 6.006441 0.036501
v -1.190000 6.006441 0.039508
v -1.205119 6.006441 0.036501
v -1.217936 6.006441 0.027936
v -1.226501 6.006441 0.015119
v -1.229508 6.006441 0.000000
v -1.226501 6.006441 -0.015119
v -1.217936 6.006441 -0.027936
v -1.205119 6.006441 -0.036501
v -1.190000 6.006441 -0.039508
v -1.174881 6.006441 -0.036501
v -1.162064 6.006441 -0.027936
v -1.153499 6.006441 -0.015119
v -1.141860 6.006441 0.000000
v -1.145524 6.006441 0.018422
v -1.155960 6.006441 0.034040
v -1.171578 6.006441 0.044476
v -1.190000 6.006441 0.048140
v -1.208422 6.006441 0.044476
v -1.224040 6.006441 0.034040
v -1.234476 6.006441 0.018422
v -1.238140 6.006441 0.000000
v -1.234476 6.006441 -0.018422
v -1.224040 6.006441 -0.034040
v -1.208422 6.006441 -0.044476
v -1.190000 6.006441 -0.048140
v -1.171578 6.006441 -0.044476
v -1.155960 6.006441 -0.034040
v -1.145524 6.006441 -0.018422
v -1.141860 6.012138 0.000000
v -1.145524 6.012138 0.018422
v -1.155960 6.012138 0.034040
v -1.171578 6.012138 0.044476
v -1.190000 6.012138 0.048140
v -1.208422 6.012138 0.044476
v -1.224040 6.012138 0.034040
v -1.234476 6.012138 0.018422
v -1.238140 6.012138 0.000000
v -1.234476 6.012138 -0.018422
v -1.224040 6.012138 -0.034040
v -1.208422 6.012138 -0.044476
v -1.190000 6.012138 -0.048140
v -1.171578 6.012138 -0.044476
v -1.155960 6.012138 -0.034040
v -1.145524 6.012138 -0.018422
v -1.158792 6.012138 0.000000
v -1.161168 6.012138 0.011943
v -1.167933 6.012138 0.022067
v -1.178057 6.012138 0.028832
v -1.190000 6.012138 0.031208
v -1.201943 6.012138 0.028832
v -1.212067 6.012138 0.022067
v -1.218832 6.012138 0.011943
v -1.221208 6.012138 0.000000
v -1.218832 6.012138 -0.011943
v -1.212067 6.012138 -0.022067
v -1.201943 6.012138 -0.028832
v -1.190000 6.012138 -0.031208
v -1.178057 6.012138 -0.028832
v -1.167933 6.012138 -0.022067
v -1.161168 6.012138 -0.011943
v -1.158792 6.023273 0.000000
v -1.161168 6.023273 0.011943
v -1.167933 6.023273 0.022067
v -1.178057 6.023273 0.028832
v -1.190000 6.023273 0.031208
v -1.201943 6.023273 0.028832
v -1.212067 6.023273 0.022067
v -1.218832 6.023273 0.011943
v -1.221208 6.023273 0.000000
v -1.218832 6.023273 -0.011943
v -1.212067 6.023273 -0.022067
v -1.201943 6.023273 -0.028832
v -1.190000 6.023273 -0.031208
v -1.178057 6.023273 -0.028832
v -1.167933 6.023273 -0.022067
v -1.161168 6.023273 -0.011943
v -1.145844 6.023273 0.000000
v -1.149205 6.023273 0.016898
v -1.158777 6.023273 0.031223
v -1.173102 6.023273 0.040795
v -1.190000 6.023273 0.044156
v -1.206898 6.023273 0.040795
v -1.221223 6.023273 0.031223
v -1.230795 6.023273 0.016898
v -1.234156 6.023273 0.000000
v -1.230795 6.023273 -0.016898
v -1.221223 6.023273 -0.031223
v -1.206898 6.023273 -0.040795
v -1.190000 6.023273 -0.044156
v -1.173102 6.023273 -0.040795
v -1.158777 6.023273 -0.031223
v -1.149205 6.023273 -0.016898
v -1.152816 6.036480 0.000000
v -1.155646 6.036480 0.014230
v -1.163707 6.036480 0.026293
v -1.175770 6.036480 0.034354
v -1.190000 6.036480 0.037184
v -1.204230 6.036480 0.034354
v -1.216293 6.036480 0.026293
v -1.224354 6.036480 0.014230
v -1.227184 6.036480 0.000000
v -1.224354 6.036480 -0.014230
v -1.216293 6.036480 -0.026293
v -1.204230 6.036480 -0.034354
v -1.190000 6.036480 -0.037184
v -1.175770 6.036480 -0.034354
v -1.163707 6.036480 -0.026293
v -1.155646 6.036480 -0.014230
v -1.190000 6.036480 0.000000
v -1.175890 5.894052 0.000000
v -1.180023 5.894052 0.009977
v -1.180023 5.862977 0.009977
v -1.175890 5.862977 0.000000
v -1.190000 5.894052 0.014110
v -1.190000 5.862977 0.014110
v -1.199977 5.894052 0.009977
v -1.199977 5.862977 0.009977
v -1.204110 5.894052 0.000000
v -1.204110 5.862977 0.000000
v -1.199977 5.894052 -0.009977
v -1.199977 5.862977 -0.009977
v -1.190000 5.894052 -0.014110
v -1.190000 5.862977 -0.014110
v -1.180023 5.894052 -0.009977
v -1.180023 5.862977 -0.009977
v -1.170412 5.896642 0.000000
v -1.176149 5.896642 0.013851
v -1.190000 5.896642 0.019588
v -1.203851 5.896642 0.013851
v -1.209588 5.896642 0.000000
v -1.203851 5.896642 -0.013851
v -1.190000 5.896642 -0.019588
v -1.176149 5.896642 -0.013851
v -1.170412 5.906353 0.000000
v -1.176149 5.906353 0.013851
v -1.190000 5.906353 0.019588
v -1.203851 5.906353 0.013851
v -1.209588 5.906353 0.000000
v -1.203851 5.906353 -0.013851
v -1.190000 5.906353 -0.019588
v -1.176149 5.906353 -0.013851
v -1.190000 5.906353 0.000000
v 0.664800 5.944549 0.000000
v 0.661009 5.944549 0.019058
v 0.691682 5.907000 0.031763
v 0.698000 5.907000 0.000000
v 0.650214 5.944549 0.035214
v 0.673690 5.907000 0.058690
v 0.634058 5.944549 0.046009
v 0.646763 5.907000 0.076682
v 0.615000 5.944549 0.049800
v 0.615000 5.907000 0.083000
v 0.595942 5.944549 0.046009
v 0.583237 5.907000 0.076682
v 0.579786 5.944549 0.035214
v 0.556310 5.907000 0.058690
v 0.568991 5.944549 0.019058
v 0.538318 5.907000 0.031763
v 0.565200 5.944549 0.000000
v 0.532000 5.907000 0.000000
v 0.568991 5.944549 -0.019058
v 0.538318 5.907000 -0.031763
v 0.579786 5.944549 -0.035214
v 0.556310 5.907000 -0.058690
v 0.595942 5.944549 -0.046009
v 0.583237 5.907000 -0.076682
v 0.615000 5.944549 -0.049800
v 0.615000 5.907000 -0.083000
v 0.634058 5.944549 -0.046009
v 0.646763 5.907000 -0.076682
v 0.650214 5.944549 -0.035214
v 0.673690 5.907000 -0.058690
v 0.661009 5.944549 -0.019058
v 0.691682 5.907000 -0.031763
v 0.657330 5.944549 0.000000
v 0.654108 5.944549 0.016199
v 0.644932 5.944549 0.029932
v 0.631199 5.944549 0.039108
v 0.615000 5.944549 0.042330
v 0.598801 5.944549 0.039108
v 0.585068 5.944549 0.029932
v 0.575892 5.944549 0.016199
v 0.572670 5.944549 0.000000
v 0.575892 5.944549 -0.016199
v 0.585068 5.944549 -0.029932
v 0.598801 5.944549 -0.039108
v 0.615000 5.944549 -0.042330
v 0.631199 5.944549 -0.039108
v 0.644932 5.944549 -0.029932
v 0.654108 5.944549 -0.016199
v 0.657330 5.951023 0.000000
v 0.654108 5.951023 0.016199
v 0.644932 5.951023 0.029932
v 0.631199 5.951023 0.039108
v 0.615000 5.951023 0.042330
v 0.598801 5.951023 0.039108
v 0.585068 5.951023 0.029932
v 0.575892 5.951023 0.016199
v 0.572670 5.951023 0.000000
v 0.575892 5.951023 -0.016199
v 0.585068 5.951023 -0.029932
v 0.598801 5.951023 -0.039108
v 0.615000 5.951023 -0.042330
v 0.631199 5.951023 -0.039108
v 0.644932 5.951023 -0.029932
v 0.654108 5.951023 -0.016199
v 0.681400 5.951023 0.000000
v 0.676346 5.951023 0.025410
v 0.661952 5.951023 0.046952
v 0.640410 5.951023 0.061346
v 0.615000 5.951023 0.066400
v 0.589590 5.951023 0.061346
v 0.568048 5.951023 0.046952
v 0.553654 5.951023 0.025410
v 0.548600 5.951023 0.000000
v 0.553654 5.951023 -0.025410
v 0.568048 5.951023 -0.046952
v 0.589590 5.951023 -0.061346
v 0.615000 5.951023 -0.066400
v 0.640410 5.951023 -0.061346
v 0.661952 5.951023 -0.046952
v 0.676346 5.951023 -0.025410
v 0.655670 5.980156 0.000000
v 0.652574 5.980156 0.015564
v 0.643758 5.980156 0.028758
v 0.630564 5.980156 0.037574
v 0.615000 5.980156 0.040670
v 0.599436 5.980156 0.037574
v 0.586242 5.980156 0.028758
v 0.577426 5.980156 0.015564
v 0.574330 5.980156 0.000000
v 0.577426 5.980156 -0.015564
v 0.586242 5.980156 -0.028758
v 0.599436 5.980156 -0.037574
v 0.615000 5.980156 -0.040670
v 0.630564 5.980156 -0.037574
v 0.643758 5.980156 -0.028758
v 0.652574 5.980156 -0.015564
v 0.654010 5.980156 0.000000
v 0.651041 5.980156 0.014928
v 0.642584 5.980156 0.027584
v 0.629928 5.980156 0.036041
v 0.615000 5.980156 0.039010
v 0.600072 5.980156 0.036041
v 0.587416 5.980156 0.027584
v 0.578959 5.980156 0.014928
v 0.575990 5.980156 0.000000
v 0.578959 5.980156 -0.014928
v 0.587416 5.980156 -0.027584
v 0.600072 5.980156 -0.036041
v 0.615000 5.980156 -0.039010
v 0.629928 5.980156 -0.036041
v 0.642584 5.980156 -0.027584
v 0.651041 5.980156 -0.014928
v 0.654010 5.992457 0.000000
v 0.651041 5.992457 0.014928
v 0.642584 5.992457 0.027584
v 0.629928 5.992457 0.036041
v 0.615000 5.992457 0.039010
v 0.600072 5.992457 0.036041
v 0.587416 5.992457 0.027584
v 0.578959 5.992457 0.014928
v 0.575990 5.992457 0.000000
v 0.578959 5.992457 -0.014928
v 0.587416 5.992457 -0.027584
v 0.600072 5.992457 -0.036041
v 0.615000 5.992457 -0.039010
v 0.629928 5.992457 -0.036041
v 0.642584 5.992457 -0.027584
v 0.651041 5.992457 -0.014928
v 0.663140 5.992457 0.000000
v 0.659476 5.992457 0.018422
v 0.649040 5.992457 0.034040
v 0.633422 5.992457 0.044476
v 0.615000 5.992457 0.048140
v 0.596578 5.992457 0.044476
v 0.580960 5.992457 0.034040
v 0.570524 5.992457 0.018422
v 0.566860 5.992457 0.000000
v 0.570524 5.992457 -0.018422
v 0.580960 5.992457 -0.034040
v 0.596578 5.992457 -0.044476
v 0.615000 5.992457 -0.048140
v 0.633422 5.992457 -0.044476
v 0.649040 5.992457 -0.034040
v 0.659476 5.992457 -0.018422
v 0.663140 5.999190 0.000000
v 0.659476 5.999190 0.018422
v 0.649040 5.999190 0.034040
v 0.633422 5.999190 0.044476
v 0.615000 5.999190 0.048140
v 0.596578 5.999190 0.044476
v 0.580960 5.999190 0.034040
v 0.570524 5.999190 0.018422
v 0.566860 5.999190 0.000000
v 0.570524 5.999190 -0.018422
v 0.580960 5.999190 -0.034040
v 0.596578 5.999190 -0.044476
v 0.615000 5.999190 -0.048140
v 0.633422 5.999190 -0.044476
v 0.649040 5.999190 -0.034040
v 0.659476 5.999190 -0.018422
v 0.654508 5.999190 0.000000
v 0.651501 5.999190 0.015119
v 0.642936 5.999190 0.027936
v 0.630119 5.999190 0.036501
v 0.615000 5.999190 0.039508
v 0.599881 5.999190 0.036501
v 0.587064 5.999190 0.027936
v 0.578499 5.999190 0.015119
v 0.575492 5.999190 0.000000
v 0.578499 5.999190 -0.015119
v 0.587064 5.999190 -0.027936
v 0.599881 5.999190 -0.036501
v 0.615000 5.999190 -0.039508
v 0.630119 5.999190 -0.036501
v 0.642936 5.999190 -0.027936
v 0.651501 5.999190 -0.015119
v 0.654508 6.006441 0.000000
v 0.651501 6.006441 0.015119
v 0.642936 6.006441 0.027936
v 0.630119 6.006441 0.036501
v 0.615000 6.006441 0.039508
v 0.599881 6.006441 0.036501
v 0.587064 6.006441 0.027936
v 0.578499 6.006441 0.015119
v 0.575492 6.006441 0.000000
v 0.578499 6.006441 -0.015119
v 0.587064 6.006441 -0.027936
v 0.599881 6.006441 -0.036501
v 0.615000 6.006441 -0.039508
v 0.630119 6.006441 -0.036501
v 0.642936 6.006441 -0.027936
v 0.651501 6.006441 -0.015119
v 0.663140 6.006441 0.000000
v 0.659476 6.006441 0.018422
v 0.649040 6.006441 0.034040
v 0.633422 6.006441 0.044476
v 0.615000 6.006441 0.048140
v 0.596578 6.006441 0.044476
v 0.580960 6.006441 0.034040
v 0.570524 6.006441 0.018422
v 0.566860 6.006441 0.000000
v 0.570524 6.006441 -0.018422
v 0.580960 6.006441 -0.034040
v 0.596578 6.006441 -0.044476
v 0.615000 6.006441 -0.048140
v 0.633422 6.006441 -0.044476
v 0.649040 6.006441 -0.034040
v 0.659476 6.006441 -0.018422
v 0.663140 6.012138 0.000000
v 0.659476 6.012138 0.018422
v 0.649040 6.012138 0.034040
v 0.633422 6.012138 0.044476
v 0.615000 6.012138 0.048140
v 0.596578 6.012138 0.044476
v 0.580960 6.012138 0.034040
v 0.570524 6.012138 0.018422
v 0.566860 6.012138 0.000000
v 0.570524 6.012138 -0.018422
v 0.580960 6.012138 -0.034040
v 0.596578 6.012138 -0.044476
v 0.615000 6.012138 -0.048140
v 0.633422 6.012138 -0.044476
v 0.649040 6.012138 -0.034040
v 0.659476 6.012138 -0.018422
v 0.646208 6.012138 0.000000
v 0.643832 6.012138 0.011943
v 0.637067 6.012138 0.022067
v 0.626943 6.012138 0.028832
v 0.615000 6.012138 0.031208
v 0.603057 6.012138 0.028832
v 0.592933 6.012138 0.022067
v 0.586168 6.012138 0.011943
v 0.583792 6.012138 0.000000
v 0.586168 6.012138 -0.011943
v 0.592933 6.012138 -0.022067
v 0.603057 6.012138 -0.028832
v 0.615000 6.012138 -0.031208
v 0.626943 6.012138 -0.028832
v 0.637067 6.012138 -0.022067
v 0.643832 6.012138 -0.011943
v 0.646208 6.023273 0.000000
v 0.643832 6.023273 0.011943
v 0.637067 6.023273 0.022067
v 0.626943 6.023273 0.028832
v 0.615000 6.023273 0.031208
v 0.603057 6.023273 0.028832
v 0.592933 6.023273 0.022067
v 0.586168 6.023273 0.011943
v 0.583792 6.023273 0.000000
v 0.586168 6.023273 -0.011943
v 0.592933 6.023273 -0.022067
v 0.603057 6.023273 -0.028832
v 0.615000 6.023273 -0.031208
v 0.626943 6.023273 -0.028832
v 0.637067 6.023273 -0.022067
v 0.643832 6.023273 -0.011943
v 0.659156 6.023273 0.000000
v 0.655795 6.023273 0.016898
v 0.646223 6.023273 0.031223
v 0.631898 6.023273 0.040795
v 0.615000 6.023273 0.044156
v 0.598102 6.023273 0.040795
v 0.583777 6.023273 0.031223
v 0.574205 6.023273 0.016898
v 0.570844 6.023273 0.000000
v 0.574205 6.023273 -0.016898
v 0.583777 6.023273 -0.031223
v 0.598102 6.023273 -0.040795
v 0.615000 6.023273 -0.044156
v 0.631898 6.023273 -0.040795
v 0.646223 6.023273 -0.031223
v 0.655795 6.023273 -0.016898
v 0.652184 6.036480 0.000000
v 0.649354 6.036480 0.014230
v 0.641293 6.036480 0.026293
v 0.629230 6.036480 0.034354
v 0.615000 6.036480 0.037184
v 0.600770 6.036480 0.034354
v 0.588707 6.036480 0.026293
v 0.580646 6.036480 0.014230
v 0.577816 6.036480 0.000000
v 0.580646 6.036480 -0.014230
v 0.588707 6.036480 -0.026293
v 0.600770 6.036480 -0.034354
v 0.615000 6.036480 -0.037184
v 0.629230 6.036480 -0.034354
v 0.641293 6.036480 -0.026293
v 0.649354 6.036480 -0.014230
v 0.615000 6.036480 0.000000
v 0.629110 5.894052 0.000000
v 0.624977 5.894052 0.009977
v 0.624977 5.862977 0.009977
v 0.629110 5.862977 0.000000
v 0.615000 5.894052 0.014110
v 0.615000 5.862977 0.014110
v 0.605023 5.894052 0.009977
v 0.605023 5.862977 0.009977
v 0.600890 5.894052 0.000000
v 0.600890 5.862977 0.000000
v 0.605023 5.894052 -0.009977
v 0.605023 5.862977 -0.009977
v 0.615000 5.894052 -0.014110
v 0.615000 5.862977 -0.014110
v 0.624977 5.894052 -0.009977
v 0.624977 5.862977 -0.009977
v 0.634588 5.896642 0.000000
v 0.628851 5.896642 0.013851
v 0.615000 5.896642 0.019588
v 0.601149 5.896642 0.013851
v 0.595412 5.896642 0.000000
v 0.601149 5.896642 -0.013851
v 0.615000 5.896642 -0.019588
v 0.628851 5.896642 -0.013851
v 0.634588 5.906353 0.000000
v 0.628851 5.906353 0.013851
v 0.615000 5.906353 0.019588
v 0.601149 5.906353 0.013851
v 0.595412 5.906353 0.000000
v 0.601149 5.906353 -0.013851
v 0.615000 5.906353 -0.019588
v 0.628851 5.906353 -0.013851
v 0.615000 5.906353 0.000000
v 1.239800 5.944549 0.000000
v 1.236009 5.944549 0.019058
v 1.266682 5.907000 0.031763
v 1.273000 5.907000 0.000000
v 1.225214 5.944549 0.035214
v 1.248690 5.907000 0.058690
v 1.209058 5.944549 0.046009
v 1.221763 5.907000 0.076682
v 1.190000 5.944549 0.049800
v 1.190000 5.907000 0.083000
v 1.170942 5.944549 0.046009
v 1.158237 5.907000 0.076682
v 1.154786 5.944549 0.035214
v 1.131310 5.907000 0.058690
v 1.143991 5.944549 0.019058
v 1.113318 5.907000 0.031763
v 1.140200 5.944549 0.000000
v 1.107000 5.907000 0.000000
v 1.143991 5.944549 -0.019058
v 1.113318 5.907000 -0.031763
v 1.154786 5.944549 -0.035214
v 1.131310 5.907000 -0.058690
v 1.170942 5.944549 -0.046009
v 1.158237 5.907000 -0.076682
v 1.190000 5.944549 -0.049800
v 1.190000 5.907000 -0.083000
v 1.209058 5.944549 -0.046009
v 1.221763 5.907000 -0.076682
v 1.225214 5.944549 -0.035214
v 1.248690 5.907000 -0.058690
v 1.236009 5.944549 -0.019058
v 1.266682 5.907000 -0.031763
v 1.232330 5.944549 0.000000
v 1.229108 5.944549 0.016199
v 1.219932 5.944549 0.029932
v 1.206199 5.944549 0.039108
v 1.190000 5.944549 0.042330
v 1.173801 5.944549 0.039108
v 1.160068 5.944549 0.029932
v 1.150892 5.944549 0.016199
v 1.147670 5.944549 0.000000
v 1.150892 5.944549 -0.016199
v 1.160068 5.944549 -0.029932
v 1.173801 5.944549 -0.039108
v 1.190000 5.944549 -0.042330
v 1.206199 5.944549 -0.039108
v 1.219932 5.944549 -0.029932
v 1.229108 5.944549 -0.016199
v 1.232330 5.951023 0.000000
v 1.229108 5.951023 0.016199
v 1.219932 5.951023 0.029932
v 1.206199 5.951023 0.039108
v 1.190000 5.951023 0.042330
v 1.173801 5.951023 0.039108
v 1.160068 5.951023 0.029932
v 1.150892 5.951023 0.016199
v 1.147670 5.951023 0.000000
v 1.150892 5.951023 -0.016199
v 1.160068 5.951023 -0.029932
v 1.173801 5.951023 -0.039108
v 1.190000 5.951023 -0.042330
v 1.206199 5.951023 -0.039108
v 1.219932 5.951023 -0.029932
v 1.229108 5.951023 -0.016199
v 1.256400 5.951023 0.000000
v 1.251346 5.951023 0.025410
v 1.236952 5.951023 0.046952
v 1.215410 5.951023 0.061346
v 1.190000 5.951023 0.066400
v 1.164590 5.951023 0.061346
v 1.143048 5.951023 0.046952
v 1.128654 5.951023 0.025410
v 1.123600 5.951023 0.000000
v 1.128654 5.951023 -0.025410
v 1.143048 5.951023 -0.046952
v 1.164590 5.951023 -0.061346
v 1.190000 5.951023 -0.066400
v 1.215410 5.951023 -0.061346
v 1.236952 5.951023 -0.046952
v 1.251346 5.951023 -0.025410
v 1.230670 5.980156 0.000000
v 1.227574 5.980156 0.015564
v 1.218758 5.980156 0.028758
v 1.205564 5.980156 0.037574
v 1.190000 5.980156 0.040670
v 1.174436 5.980156 0.037574
v 1.161242 5.980156 0.028758
v 1.152426 5.980156 0.015564
v 1.149330 5.980156 0.000000
v 1.152426 5.980156 -0.015564
v 1.161242 5.980156 -0.028758
v 1.174436 5.980156 -0.037574
v 1.190000 5.980156 -0.040670
v 1.205564 5.980156 -0.037574
v 1.218758 5.980156 -0.028758
v 1.227574 5.980156 -0.015564
v 1.229010 5.980156 0.000000
v 1.226041 5.980156 0.014928
v 1.217584 5.980156 0.027584
v 1.204928 5.980156 0.036041
v 1.190000 5.980156 0.039010
v 1.175072 5.980156 0.036041
v 1.162416 5.980156 0.027584
v 1.153959 5.980156 0.014928
v 1.150990 5.980156 0.000000
v 1.153959 5.980156 -0.014928
v 1.162416 5.980156 -0.027584
v 1.175072 5.980156 -0.036041
v 1.190000 5.980156 -0.039010
v 1.204928 5.980156 -0.036041
v 1.217584 5.980156 -0.027584
v 1.226041 5.980156 -0.014928
v 1.229010 5.992457 0.000000
v 1.226041 5.992457 0.014928
v 1.217584 5.992457 0.027584
v 1.204928 5.992457 0.036041
v 1.190000 5.992457 0.039010
v 1.175072 5.992457 0.036041
v 1.162416 5.992457 0.027584
v 1.153959 5.992457 0.014928
v 1.150990 5.992457 0.000000
v 1.153959 5.992457 -0.014928
v 1.162416 5.992457 -0.027584
v 1.175072 5.992457 -0.036041
v 1.190000 5.992457 -0.039010
v 1.204928 5.992457 -0.036041
v 1.217584 5.992457 -0.027584
v 1.226041 5.992457 -0.014928
v 1.238140 5.992457 0.000000
v 1.234476 5.992457 0.018422
v 1.224040 5.992457 0.034040
v 1.208422 5.992457 0.044476
v 1.190000 5.992457 0.048140
v 1.171578 5.992457 0.044476
v 1.155960 5.992457 0.034040
v 1.145524 5.992457 0.018422
v 1.141860 5.992457 0.000000
v 1.145524 5.992457 -0.018422
v 1.155960 5.992457 -0.034040
v 1.171578 5.992457 -0.044476
v 1.190000 5.992457 -0.048140
v 1.208422 5.992457 -0.044476
v 1.224040 5.992457 -0.034040
v 1.234476 5.992457 -0.018422
v 1.238140 5.999190 0.000000
v 1.234476 5.999190 0.018422
v 1.224040 5.999190 0.034040
v 1.208422 5.999190 0.044476
v 1.190000 5.999190 0.048140
v 1.171578 5.999190 0.044476
v 1.155960 5.999190 0.034040
v 1.145524 5.999190 0.018422
v 1.141860 5.999190 0.000000
v 1.145524 5.999190 -0.018422
v 1.155960 5.999190 -0.034040
v 1.171578 5.999190 -0.044476
v 1.190000 5.999190 -0.048140
v 1.208422 5.999190 -0.044476
v 1.224040 5.999190 -0.034040
v 1.234476 5.999190 -0.018422
v 1.229508 5.999190 0.000000
v 1.226501 5.999190 0.015119
v 1.217936 5.999190 0.027936
v 1.205119 5.999190 0.036501
v 1.190000 5.999190 0.039508
v 1.174881 5.999190 0.036501
v 1.162064 5.999190 0.027936
v 1.153499 5.999190 0.015119
v 1.150492 5.999190 0.000000
v 1.153499 5.999190 -0.015119
v 1.162064 5.999190 -0.027936
v 1.174881 5.999190 -0.036501
v 1.190000 5.999190 -0.039508
v 1.205119 5.999190 -0.036501
v 1.217936 5.999190 -0.027936
v 1.226501 5.999190 -0.015119
v 1.229508 6.006441 0.000000
v 1.226501 6.006441 0.015119
v 1.217936 6.006441 0.027936
v 1.205119 6.006441 0.036501
v 1.190000 6.006441 0.039508
v 1.174881 6.006441 0.036501
v 1.162064 6.006441 0.027936
v 1.153499 6.006441 0.015119
v 1.150492 6.006441 0.000000
v 1.153499 6.006441 -0.015119
v 1.162064 6.006441 -0.027936
v 1.174881 6.006441 -0.036501
v 1.190000 6.006441 -0.039508
v 1.205119 6.006441 -0.036501
v 1.217936 6.006441 -0.027936
v 1.226501 6.006441 -0.015119
v 1.238140 6.006441 0.000000
v 1.234476 6.006441 0.018422
v 1.224040 6.006441 0.034040
v 1.208422 6.006441 0.044476
v 1.190000 6.006441 0.048140
v 1.171578 6.006441 0.044476
v 1.155960 6.006441 0.034040
v 1.145524 6.006441 0.018422
v 1.141860 6.006441 0.000000
v 1.145524 6.006441 -0.018422
v 1.155960 6.006441 -0.034040
v 1.171578 6.006441 -0.044476
v 1.190000 6.006441 -0.048140
v 1.208422 6.006441 -0.044476
v 1.224040 6.006441 -0.034040
v 1.234476 6.006441 -0.018422
v 1.238140 6.012138 0.000000
v 1.234476 6.012138 0.018422
v 1.224040 6.012138 0.034040
v 1.208422 6.012138 0.044476
v 1.190000 6.012138 0.048140
v 1.171578 6.012138 0.044476
v 1.155960 6.012138 0.034040
v 1.145524 6.012138 0.018422
v 1.141860 6.012138 0.000000
v 1.145524 6.012138 -0.018422
v 1.155960 6.012138 -0.034040
v 1.171578 6.012138 -0.044476
v 1.190000 6.012138 -0.048140
v 1.208422 6.012138 -0.044476
v 1.224040 6.012138 -0.034040
v 1.234476 6.012138 -0.018422
v 1.221208 6.012138 0.000000
v 1.218832 6.012138 0.011943
v 1.212067 6.012138 0.022067
v 1.201943 6.012138 0.028832
v 1.190000 6.012138 0.031208
v 1.178057 6.012138 0.028832
v 1.167933 6.012138 0.022067
v 1.161168 6.012138 0.011943
v 1.158792 6.012138 0.000000
v 1.161168 6.012138 -0.011943
v 1.167933 6.012138 -0.022067
v 1.178057 6.012138 -0.028832
v 1.190000 6.012138 -0.031208
v 1.201943 6.012138 -0.028832
v 1.212067 6.012138 -0.022067
v 1.218832 6.012138 -0.011943
v 1.221208 6.023273 0.000000
v 1.218832 6.023273 0.011943
v 1.212067 6.023273 0.022067
v 1.201943 6.023273 0.028832
v 1.190000 6.023273 0.031208
v 1.178057 6.023273 0.028832
v 1.167933 6.023273 0.022067
v 1.161168 6.023273 0.011943
v 1.158792 6.023273 0.000000
v 1.161168 6.023273 -0.011943
v 1.167933 6.023273 -0.022067
v 1.178057 6.023273 -0.028832
v 1.190000 6.023273 -0.031208
v 1.201943 6.023273 -0.028832
v 1.212067 6.023273 -0.022067
v 1.218832 6.023273 -0.011943
v 1.234156 6.023273 0.000000
v 1.230795 6.023273 0.016898
v 1.221223 6.023273 0.031223
v 1.206898 6.023273 0.040795
v 1.190000 6.023273 0.044156
v 1.173102 6.023273 0.040795
v 1.158777 6.023273 0.031223
v 1.149205 6.023273 0.016898
v 1.145844 6.023273 0.000000
v 1.149205 6.023273 -0.016898
v 1.158777 6.023273 -0.031223
v 1.173102 6.023273 -0.040795
v 1.190000 6.023273 -0.044156
v 1.206898 6.023273 -0.040795
v 1.221223 6.023273 -0.031223
v 1.230795 6.023273 -0.016898
v 1.227184 6.036480 0.000000
v 1.224354 6.036480 0.014230
v 1.216293 6.036480 0.026293
v 1.204230 6.036480 0.034354
v 1.190000 6.036480 0.037184
v 1.175770 6.036480 0.034354
v 1.163707 6.036480 0.026293
v 1.155646 6.036480 0.014230
v 1.152816 6.036480 0.000000
v 1.155646 6.036480 -0.014230
v 1.163707 6.036480 -0.026293
v 1.175770 6.036480 -0.034354
v 1.190000 6.036480 -0.037184
v 1.204230 6.036480 -0.034354
v 1.216293 6.036480 -0.026293
v 1.224354 6.036480 -0.014230
v 1.190000 6.036480 0.000000
v 1.204110 5.894052 0.000000
v 1.199977 5.894052 0.009977
v 1.199977 5.862977 0.009977
v 1.204110 5.862977 0.000000
v 1.190000 5.894052 0.014110
v 1.190000 5.862977 0.014110
v 1.180023 5.894052 0.009977
v 1.180023 5.862977 0.009977
v 1.175890 5.894052 0.000000
v 1.175890 5.862977 0.000000
v 1.180023 5.894052 -0.009977
v 1.180023 5.862977 -0.009977
v 1.190000 5.894052 -0.014110
v 1.190000 5.862977 -0.014110
v 1.199977 5.894052 -0.009977
v 1.199977 5.862977 -0.009977
v 1.209588 5.896642 0.000000
v 1.203851 5.896642 0.013851
v 1.190000 5.896642 0.019588
v 1.176149 5.896642 0.013851
v 1.170412 5.896642 0.000000
v 1.176149 5.896642 -0.013851
v 1.190000 5.896642 -0.019588
v 1.203851 5.896642 -0.013851
v 1.209588 5.906353 0.000000
v 1.203851 5.906353 0.013851
v 1.190000 5.906353 0.019588
v 1.176149 5.906353 0.013851
v 1.170412 5.906353 0.000000
v 1.176149 5.906353 -0.013851
v 1.190000 5.906353 -0.019588
v 1.203851 5.906353 -0.013851
v 1.190000 5.906353 0.000000
v 0.218981 1.114000 0.000000
v 0.218981 1.107000 0.012124
v 0.328981 1.107000 0.012124
v 0.328981 1.114000 0.000000
v 0.218981 1.093000 0.012124
v 0.328981 1.093000 0.012124
v 0.218981 1.086000 0.000000
v 0.328981 1.086000 0.000000
v 0.218981 1.093000 -0.012124
v 0.328981 1.093000 -0.012124
v 0.218981 1.107000 -0.012124
v 0.328981 1.107000 -0.012124
v 0.218981 1.120611 0.011900
v 0.218981 1.100000 0.023800
v 0.240981 1.100000 0.023800
v 0.240981 1.120611 0.011900
v 0.218981 1.079389 0.011900
v 0.240981 1.079389 0.011900
v 0.218981 1.079389 -0.011900
v 0.240981 1.079389 -0.011900
v 0.218981 1.100000 -0.023800
v 0.240981 1.100000 -0.023800
v 0.218981 1.120611 -0.011900
v 0.240981 1.120611 -0.011900
v -0.319951 1.734000 0.000000
v -0.319951 1.727000 0.012124
v -0.209951 1.727000 0.012124
v -0.209951 1.734000 0.000000
v -0.319951 1.713000 0.012124
v -0.209951 1.713000 0.012124
v -0.319951 1.706000 0.000000
v -0.209951 1.706000 0.000000
v -0.319951 1.713000 -0.012124
v -0.209951 1.713000 -0.012124
v -0.319951 1.727000 -0.012124
v -0.209951 1.727000 -0.012124
v -0.231951 1.740611 0.011900
v -0.231951 1.720000 0.023800
v -0.209951 1.720000 0.023800
v -0.209951 1.740611 0.011900
v -0.231951 1.699389 0.011900
v -0.209951 1.699389 0.011900
v -0.231951 1.699389 -0.011900
v -0.209951 1.699389 -0.011900
v -0.231951 1.720000 -0.023800
v -0.209951 1.720000 -0.023800
v -0.231951 1.740611 -0.011900
v -0.209951 1.740611 -0.011900
v 0.200922 2.354000 0.000000
v 0.200922 2.347000 0.012124
v 0.310922 2.347000 0.012124
v 0.310922 2.354000 0.000000
v 0.200922 2.333000 0.012124
v 0.310922 2.333000 0.012124
v 0.200922 2.326000 0.000000
v 0.310922 2.326000 0.000000
v 0.200922 2.333000 -0.012124
v 0.310922 2.333000 -0.012124
v 0.200922 2.347000 -0.012124
v 0.310922 2.347000 -0.012124
v 0.200922 2.360611 0.011900
v 0.200922 2.340000 0.023800
v 0.222922 2.340000 0.023800
v 0.222922 2.360611 0.011900
v 0.200922 2.319389 0.011900
v 0.222922 2.319389 0.011900
v 0.200922 2.319389 -0.011900
v 0.222922 2.319389 -0.011900
v 0.200922 2.340000 -0.023800
v 0.222922 2.340000 -0.023800
v 0.200922 2.360611 -0.011900
v 0.222922 2.360611 -0.011900
v -0.301893 2.974000 0.000000
v -0.301893 2.967000 0.012124
v -0.191893 2.967000 0.012124
v -0.191893 2.974000 0.000000
v -0.301893 2.953000 0.012124
v -0.191893 2.953000 0.012124
v -0.301893 2.946000 0.000000
v -0.191893 2.946000 0.000000
v -0.301893 2.953000 -0.012124
v -0.191893 2.953000 -0.012124
v -0.301893 2.967000 -0.012124
v -0.191893 2.967000 -0.012124
v -0.213893 2.980611 0.011900
v -0.213893 2.960000 0.023800
v -0.191893 2.960000 0.023800
v -0.191893 2.980611 0.011900
v -0.213893 2.939389 0.011900
v -0.191893 2.939389 0.011900
v -0.213893 2.939389 -0.011900
v -0.191893 2.939389 -0.011900
v -0.213893 2.960000 -0.023800
v -0.191893 2.960000 -0.023800
v -0.213893 2.980611 -0.011900
v -0.191893 2.980611 -0.011900
v 0.182864 3.594000 0.000000
v 0.182864 3.587000 0.012124
v 0.292864 3.587000 0.012124
v 0.292864 3.594000 0.000000
v 0.182864 3.573000 0.012124
v 0.292864 3.573000 0.012124
v 0.182864 3.566000 0.000000
v 0.292864 3.566000 0.000000
v 0.182864 3.573000 -0.012124
v 0.292864 3.573000 -0.012124
v 0.182864 3.587000 -0.012124
v 0.292864 3.587000 -0.012124
v 0.182864 3.600611 0.011900
v 0.182864 3.580000 0.023800
v 0.204864 3.580000 0.023800
v 0.204864 3.600611 0.011900
v 0.182864 3.559389 0.011900
v 0.204864 3.559389 0.011900
v 0.182864 3.559389 -0.011900
v 0.204864 3.559389 -0.011900
v 0.182864 3.580000 -0.023800
v 0.204864 3.580000 -0.023800
v 0.182864 3.600611 -0.011900
v 0.204864 3.600611 -0.011900
v -0.283835 4.214000 0.000000
v -0.283835 4.207000 0.012124
v -0.173835 4.207000 0.012124
v -0.173835 4.214000 0.000000
v -0.283835 4.193000 0.012124
v -0.173835 4.193000 0.012124
v -0.283835 4.186000 0.000000
v -0.173835 4.186000 0.000000
v -0.283835 4.193000 -0.012124
v -0.173835 4.193000 -0.012124
v -0.283835 4.207000 -0.012124
v -0.173835 4.207000 -0.012124
v -0.195835 4.220611 0.011900
v -0.195835 4.200000 0.023800
v -0.173835 4.200000 0.023800
v -0.173835 4.220611 0.011900
v -0.195835 4.179389 0.011900
v -0.173835 4.179389 0.011900
v -0.195835 4.179389 -0.011900
v -0.173835 4.179389 -0.011900
v -0.195835 4.200000 -0.023800
v -0.173835 4.200000 -0.023800
v -0.195835 4.220611 -0.011900
v -0.173835 4.220611 -0.011900
v 0.164806 4.834000 0.000000
v 0.164806 4.827000 0.012124
v 0.274806 4.827000 0.012124
v 0.274806 4.834000 0.000000
v 0.164806 4.813000 0.012124
v 0.274806 4.813000 0.012124
v 0.164806 4.806000 0.000000
v 0.274806 4.806000 0.000000
v 0.164806 4.813000 -0.012124
v 0.274806 4.813000 -0.012124
v 0.164806 4.827000 -0.012124
v 0.274806 4.827000 -0.012124
v 0.164806 4.840611 0.011900
v 0.164806 4.820000 0.023800
v 0.186806 4.820000 0.023800
v 0.186806 4.840611 0.011900
v 0.164806 4.799389 0.011900
v 0.186806 4.799389 0.011900
v 0.164806 4.799389 -0.011900
v 0.186806 4.799389 -0.011900
v 0.164806 4.820000 -0.023800
v 0.186806 4.820000 -0.023800
v 0.164806 4.840611 -0.011900
v 0.186806 4.840611 -0.011900
v -0.014000 0.100000 0.232262
v 0.014000 0.100000 0.232262
v 0.014000 0.100000 0.244262
v -0.014000 0.100000 0.244262
v -0.014000 1.050000 0.244262
v 0.014000 1.050000 0.244262
v 0.014000 1.050000 0.232262
v -0.014000 1.050000 0.232262
v -0.026000 1.000000 0.226262
v 0.026000 1.000000 0.226262
v 0.026000 1.000000 0.252262
v -0.026000 1.000000 0.252262
v -0.026000 1.040000 0.252262
v 0.026000 1.040000 0.252262
v 0.026000 1.040000 0.226262
v -0.026000 1.040000 0.226262
v -0.014000 1.100000 0.217699
v 0.014000 1.100000 0.217699
v 0.014000 1.100000 0.229699
v -0.014000 1.100000 0.229699
v -0.014000 2.050000 0.229699
v 0.014000 2.050000 0.229699
v 0.014000 2.050000 0.217699
v -0.014000 2.050000 0.217699
v -0.026000 2.000000 0.211699
v 0.026000 2.000000 0.211699
v 0.026000 2.000000 0.237699
v -0.026000 2.000000 0.237699
v -0.026000 2.040000 0.237699
v 0.026000 2.040000 0.237699
v 0.026000 2.040000 0.211699
v -0.026000 2.040000 0.211699
v -0.014000 2.100000 0.203136
v 0.014000 2.100000 0.203136
v 0.014000 2.100000 0.215136
v -0.014000 2.100000 0.215136
v -0.014000 3.050000 0.215136
v 0.014000 3.050000 0.215136
v 0.014000 3.050000 0.203136
v -0.014000 3.050000 0.203136
v -0.026000 3.000000 0.197136
v 0.026000 3.000000 0.197136
v 0.026000 3.000000 0.223136
v -0.026000 3.000000 0.223136
v -0.026000 3.040000 0.223136
v 0.026000 3.040000 0.223136
v 0.026000 3.040000 0.197136
v -0.026000 3.040000 0.197136
v -0.014000 3.100000 0.188573
v 0.014000 3.100000 0.188573
v 0.014000 3.100000 0.200573
v -0.014000 3.100000 0.200573
v -0.014000 4.050000 0.200573
v 0.014000 4.050000 0.200573
v 0.014000 4.050000 0.188573
v -0.014000 4.050000 0.188573
v -0.026000 4.000000 0.182573
v 0.026000 4.000000 0.182573
v 0.026000 4.000000 0.208573
v -0.026000 4.000000 0.208573
v -0.026000 4.040000 0.208573
v 0.026000 4.040000 0.208573
v 0.026000 4.040000 0.182573
v -0.026000 4.040000 0.182573
v -0.014000 4.100000 0.174010
v 0.014000 4.100000 0.174010
v 0.014000 4.100000 0.186010
v -0.014000 4.100000 0.186010
v -0.014000 5.050000 0.186010
v 0.014000 5.050000 0.186010
v 0.014000 5.050000 0.174010
v -0.014000 5.050000 0.174010
v -0.026000 5.000000 0.168010
v 0.026000 5.000000 0.168010
v 0.026000 5.000000 0.194010
v -0.026000 5.000000 0.194010
v -0.026000 5.040000 0.194010
v 0.026000 5.040000 0.194010
v 0.026000 5.040000 0.168010
v -0.026000 5.040000 0.168010
v -0.014000 5.100000 0.159447
v 0.014000 5.100000 0.159447
v 0.014000 5.100000 0.171447
v -0.014000 5.100000 0.171447
v -0.014000 6.050000 0.171447
v 0.014000 6.050000 0.171447
v 0.014000 6.050000 0.159447
v -0.014000 6.050000 0.159447
v -0.026000 6.000000 0.153447
v 0.026000 6.000000 0.153447
v 0.026000 6.000000 0.179447
v -0.026000 6.000000 0.179447
v -0.026000 6.040000 0.179447
v 0.026000 6.040000 0.179447
v 0.026000 6.040000 0.153447
v -0.026000 6.040000 0.153447
v -0.105000 1.420000 -0.234427
v 0.105000 1.420000 -0.234427
v 0.105000 1.420000 -0.218427
v -0.105000 1.420000 -0.218427
v -0.105000 1.680000 -0.218427
v 0.105000 1.680000 -0.218427
v 0.105000 1.680000 -0.234427
v -0.105000 1.680000 -0.234427
vn 0.9995 0.0000 0.0304
vn 0.9941 0.0000 0.1088
vn 0.9825 0.0000 0.1864
vn 0.9648 0.0000 0.2629
vn 0.9412 0.0000 0.3378
vn 0.9118 0.0000 0.4106
vn 0.8768 0.0000 0.4809
vn 0.8363 0.0000 0.5482
vn 0.7908 0.0000 0.6121
vn 0.7403 0.0000 0.6723
vn 0.6853 0.0000 0.7283
vn 0.6260 0.0000 0.7798
vn 0.5629 0.0000 0.8265
vn 0.4963 0.0000 0.8681
vn 0.4267 0.0000 0.9044
vn 0.3544 0.0000 0.9351
vn 0.2799 0.0000 0.9600
vn 0.2038 0.0000 0.9790
vn 0.1263 0.0000 0.9920
vn 0.0481 0.0000 0.9988
vn -0.0304 0.0000 0.9995
vn -0.1088 0.0000 0.9941
vn -0.1864 0.0000 0.9825
vn -0.2629 0.0000 0.9648
vn -0.3378 0.0000 0.9412
vn -0.4106 0.0000 0.9118
vn -0.4809 0.0000 0.8768
vn -0.5482 0.0000 0.8363
vn -0.6121 0.0000 0.7908
vn -0.6723 0.0000 0.7403
vn -0.7283 0.0000 0.6853
vn -0.7798 0.0000 0.6260
vn -0.8265 0.0000 0.5629
vn -0.8681 0.0000 0.4963
vn -0.9044 0.0000 0.4267
vn -0.9351 0.0000 0.3544
vn -0.9600 0.0000 0.2799
vn -0.9790 0.0000 0.2038
vn -0.9920 0.0000 0.1263
vn -0.9988 0.0000 0.0481
vn -0.9995 0.0000 -0.0304
vn -0.9941 0.0000 -0.1088
vn -0.9825 0.0000 -0.1864
vn -0.9648 0.0000 -0.2629
vn -0.9412 0.0000 -0.3378
vn -0.9118 0.0000 -0.4106
vn -0.8768 0.0000 -0.4809
vn -0.8363 0.0000 -0.5482
vn -0.7908 0.0000 -0.6121
vn -0.7403 0.0000 -0.6723
vn -0.6853 0.0000 -0.7283
vn -0.6260 0.0000 -0.7798
vn -0.5629 0.0000 -0.8265
vn -0.4963 0.0000 -0.8681
vn -0.4267 0.0000 -0.9044
vn -0.3544 0.0000 -0.9351
vn -0.2799 0.0000 -0.9600
vn -0.2038 0.0000 -0.9790
vn -0.1263 0.0000 -0.9920
vn -0.0481 0.0000 -0.9988
vn 0.0304 0.0000 -0.9995
vn 0.1088 0.0000 -0.9941
vn 0.1864 0.0000 -0.9825
vn 0.2629 0.0000 -0.9648
vn 0.3378 0.0000 -0.9412
vn 0.4106 0.0000 -0.9118
vn 0.4809 0.0000 -0.8768
vn 0.5482 0.0000 -0.8363
vn 0.6121 0.0000 -0.7908
vn 0.6723 0.0000 -0.7403
vn 0.7283 0.0000 -0.6853
vn 0.7798 0.0000 -0.6260
vn 0.8265 0.0000 -0.5629
vn 0.8681 0.0000 -0.4963
vn 0.9044 0.0000 -0.4267
vn 0.9351 0.0000 -0.3544
vn 0.9600 0.0000 -0.2799
vn 0.9790 0.0000 -0.2038
vn 0.9920 0.0000 -0.1263
vn 0.9988 0.0000 -0.0481
vn 0.9992 0.0000 0.0393
vn 0.9931 0.0000 0.1175
vn 0.9808 0.0000 0.1951
vn 0.9625 0.0000 0.2714
vn 0.9382 0.0000 0.3461
vn 0.9081 0.0000 0.4187
vn 0.8725 0.0000 0.4886
vn 0.8315 0.0000 0.5556
vn 0.7853 0.0000 0.6191
vn 0.7343 0.0000 0.6788
vn 0.6788 0.0000 0.7343
vn 0.6191 0.0000 0.7853
vn 0.5556 0.0000 0.8315
vn 0.4886 0.0000 0.8725
vn 0.4187 0.0000 0.9081
vn 0.3461 0.0000 0.9382
vn 0.2714 0.0000 0.9625
vn 0.1951 0.0000 0.9808
vn 0.1175 0.0000 0.9931
vn 0.0393 0.0000 0.9992
vn -0.0393 0.0000 0.9992
vn -0.1175 0.0000 0.9931
vn -0.1951 0.0000 0.9808
vn -0.2714 0.0000 0.9625
vn -0.3461 0.0000 0.9382
vn -0.4187 0.0000 0.9081
vn -0.4886 0.0000 0.8725
vn -0.5556 0.0000 0.8315
vn -0.6191 0.0000 0.7853
vn -0.6788 0.0000 0.7343
vn -0.7343 0.0000 0.6788
vn -0.7853 0.0000 0.6191
vn -0.8315 0.0000 0.5556
vn -0.8725 0.0000 0.4886
vn -0.9081 0.0000 0.4187
vn -0.9382 0.0000 0.3461
vn -0.9625 0.0000 0.2714
vn -0.9808 0.0000 0.1951
vn -0.9931 0.0000 0.1175
vn -0.9992 0.0000 0.0393
vn -0.9992 0.0000 -0.0393
vn -0.9931 0.0000 -0.1175
vn -0.9808 0.0000 -0.1951
vn -0.9625 0.0000 -0.2714
vn -0.9382 0.0000 -0.3461
vn -0.9081 0.0000 -0.4187
vn -0.8725 0.0000 -0.4886
vn -0.8315 0.0000 -0.5556
vn -0.7853 0.0000 -0.6191
vn -0.7343 0.0000 -0.6788
vn -0.6788 0.0000 -0.7343
vn -0.6191 0.0000 -0.7853
vn -0.5556 0.0000 -0.8315
vn -0.4886 0.0000 -0.8725
vn -0.4187 0.0000 -0.9081
vn -0.3461 0.0000 -0.9382
vn -0.2714 0.0000 -0.9625
vn -0.1951 0.0000 -0.9808
vn -0.1175 0.0000 -0.9931
vn -0.0393 0.0000 -0.9992
vn 0.0393 0.0000 -0.9992
vn 0.1175 0.0000 -0.9931
vn 0.1951 0.0000 -0.9808
vn 0.2714 0.0000 -0.9625
vn 0.3461 0.0000 -0.9382
vn 0.4187 0.0000 -0.9081
vn 0.4886 0.0000 -0.8725
vn 0.5556 0.0000 -0.8315
vn 0.6191 0.0000 -0.7853
vn 0.6788 0.0000 -0.7343
vn 0.7343 0.0000 -0.6788
vn 0.7853 0.0000 -0.6191
vn 0.8315 0.0000 -0.5556
vn 0.8725 0.0000 -0.4886
vn 0.9081 0.0000 -0.4187
vn 0.9382 0.0000 -0.3461
vn 0.9625 0.0000 -0.2714
vn 0.9808 0.0000 -0.1951
vn 0.9931 0.0000 -0.1175
vn 0.9992 0.0000 -0.0393
vn -0.0000 -1.0000 -0.0000
vn 0.0000 1.0000 0.0000
vn 0.9353 0.3520 0.0353
vn 0.9297 0.3520 0.1086
vn 0.9183 0.3520 0.1812
vn 0.9012 0.3520 0.2527
vn 0.8786 0.3520 0.3226
vn 0.8506 0.3520 0.3905
vn 0.8174 0.3520 0.4561
vn 0.7790 0.3520 0.5188
vn 0.7359 0.3520 0.5783
vn 0.6883 0.3520 0.6343
vn 0.6364 0.3520 0.6863
vn 0.5806 0.3520 0.7341
vn 0.5212 0.3520 0.7774
vn 0.4586 0.3520 0.8159
vn 0.3932 0.3520 0.8494
vn 0.3253 0.3520 0.8776
vn 0.2555 0.3520 0.9004
vn 0.1840 0.3520 0.9177
vn 0.1115 0.3520 0.9293
vn 0.0382 0.3520 0.9352
vn -0.0353 0.3520 0.9353
vn -0.1086 0.3520 0.9297
vn -0.1812 0.3520 0.9183
vn -0.2527 0.3520 0.9012
vn -0.3226 0.3520 0.8786
vn -0.3905 0.3520 0.8506
vn -0.4561 0.3520 0.8174
vn -0.5188 0.3520 0.7790
vn -0.5783 0.3520 0.7359
vn -0.6343 0.3520 0.6883
vn -0.6863 0.3520 0.6364
vn -0.7341 0.3520 0.5806
vn -0.7774 0.3520 0.5212
vn -0.8159 0.3520 0.4586
vn -0.8494 0.3520 0.3932
vn -0.8776 0.3520 0.3253
vn -0.9004 0.3520 0.2555
vn -0.9177 0.3520 0.1840
vn -0.9293 0.3520 0.1115
vn -0.9352 0.3520 0.0382
vn -0.9353 0.3520 -0.0353
vn -0.9297 0.3520 -0.1086
vn -0.9183 0.3520 -0.1812
vn -0.9012 0.3520 -0.2527
vn -0.8786 0.3520 -0.3226
vn -0.8506 0.3520 -0.3905
vn -0.8174 0.3520 -0.4561
vn -0.7790 0.3520 -0.5188
vn -0.7359 0.3520 -0.5783
vn -0.6883 0.3520 -0.6343
vn -0.6364 0.3520 -0.6863
vn -0.5806 0.3520 -0.7341
vn -0.5212 0.3520 -0.7774
vn -0.4586 0.3520 -0.8159
vn -0.3932 0.3520 -0.8494
vn -0.3253 0.3520 -0.8776
vn -0.2555 0.3520 -0.9004
vn -0.1840 0.3520 -0.9177
vn -0.1115 0.3520 -0.9293
vn -0.0382 0.3520 -0.9352
vn 0.0353 0.3520 -0.9353
vn 0.1086 0.3520 -0.9297
vn 0.1812 0.3520 -0.9183
vn 0.2527 0.3520 -0.9012
vn 0.3226 0.3520 -0.8786
vn 0.3905 0.3520 -0.8506
vn 0.4561 0.3520 -0.8174
vn 0.5188 0.3520 -0.7790
vn 0.5783 0.3520 -0.7359
vn 0.6343 0.3520 -0.6883
vn 0.6863 0.3520 -0.6364
vn 0.7341 0.3520 -0.5806
vn 0.7774 0.3520 -0.5212
vn 0.8159 0.3520 -0.4586
vn 0.8494 0.3520 -0.3932
vn 0.8776 0.3520 -0.3253
vn 0.9004 0.3520 -0.2555
vn 0.9177 0.3520 -0.1840
vn 0.9293 0.3520 -0.1115
vn 0.9352 0.3520 -0.0382
vn 0.8744 0.4843 0.0298
vn 0.8693 0.4843 0.0983
vn 0.8589 0.4843 0.1662
vn 0.8433 0.4843 0.2331
vn 0.8224 0.4843 0.2985
vn 0.7964 0.4843 0.3621
vn 0.7656 0.4843 0.4235
vn 0.7300 0.4843 0.4823
vn 0.6899 0.4843 0.5380
vn 0.6455 0.4843 0.5905
vn 0.5972 0.4843 0.6393
vn 0.5452 0.4843 0.6842
vn 0.4899 0.4843 0.7249
vn 0.4315 0.4843 0.7611
vn 0.3704 0.4843 0.7926
vn 0.3071 0.4843 0.8192
vn 0.2419 0.4843 0.8408
vn 0.1752 0.4843 0.8572
vn 0.1074 0.4843 0.8683
vn 0.0389 0.4843 0.8740
vn -0.0298 0.4843 0.8744
vn -0.0983 0.4843 0.8693
vn -0.1662 0.4843 0.8589
vn -0.2331 0.4843 0.8433
vn -0.2985 0.4843 0.8224
vn -0.3621 0.4843 0.7964
vn -0.4235 0.4843 0.7656
vn -0.4823 0.4843 0.7300
vn -0.5380 0.4843 0.6899
vn -0.5905 0.4843 0.6455
vn -0.6393 0.4843 0.5972
vn -0.6842 0.4843 0.5452
vn -0.7249 0.4843 0.4899
vn -0.7611 0.4843 0.4315
vn -0.7926 0.4843 0.3704
vn -0.8192 0.4843 0.3071
vn -0.8408 0.4843 0.2419
vn -0.8572 0.4843 0.1752
vn -0.8683 0.4843 0.1074
vn -0.8740 0.4843 0.0389
vn -0.8744 0.4843 -0.0298
vn -0.8693 0.4843 -0.0983
vn -0.8589 0.4843 -0.1662
vn -0.8433 0.4843 -0.2331
vn -0.8224 0.4843 -0.2985
vn -0.7964 0.4843 -0.3621
vn -0.7656 0.4843 -0.4235
vn -0.7300 0.4843 -0.4823
vn -0.6899 0.4843 -0.5380
vn -0.6455 0.4843 -0.5905
vn -0.5972 0.4843 -0.6393
vn -0.5452 0.4843 -0.6842
vn -0.4899 0.4843 -0.7249
vn -0.4315 0.4843 -0.7611
vn -0.3704 0.4843 -0.7926
vn -0.3071 0.4843 -0.8192
vn -0.2419 0.4843 -0.8408
vn -0.1752 0.4843 -0.8572
vn -0.1074 0.4843 -0.8683
vn -0.0389 0.4843 -0.8740
vn 0.0298 0.4843 -0.8744
vn 0.0983 0.4843 -0.8693
vn 0.1662 0.4843 -0.8589
vn 0.2331 0.4843 -0.8433
vn 0.2985 0.4843 -0.8224
vn 0.3621 0.4843 -0.7964
vn 0.4235 0.4843 -0.7656
vn 0.4823 0.4843 -0.7300
vn 0.5380 0.4843 -0.6899
vn 0.5905 0.4843 -0.6455
vn 0.6393 0.4843 -0.5972
vn 0.6842 0.4843 -0.5452
vn 0.7249 0.4843 -0.4899
vn 0.7611 0.4843 -0.4315
vn 0.7926 0.4843 -0.3704
vn 0.8192 0.4843 -0.3071
vn 0.8408 0.4843 -0.2419
vn 0.8572 0.4843 -0.1752
vn 0.8683 0.4843 -0.1074
vn 0.8740 0.4843 -0.0389
vn 0.6616 0.7496 0.0182
vn 0.6582 0.7496 0.0701
vn 0.6506 0.7496 0.1215
vn 0.6391 0.7496 0.1722
vn 0.6236 0.7496 0.2218
vn 0.6043 0.7496 0.2701
vn 0.5812 0.7496 0.3166
vn 0.5546 0.7496 0.3613
vn 0.5246 0.7496 0.4037
vn 0.4913 0.7496 0.4436
vn 0.4550 0.7496 0.4808
vn 0.4158 0.7496 0.5150
vn 0.3741 0.7496 0.5460
vn 0.3301 0.7496 0.5737
vn 0.2841 0.7496 0.5978
vn 0.2363 0.7496 0.6183
vn 0.1871 0.7496 0.6349
vn 0.1367 0.7496 0.6476
vn 0.0855 0.7496 0.6564
vn 0.0337 0.7496 0.6610
vn -0.0182 0.7496 0.6616
vn -0.0701 0.7496 0.6582
vn -0.1215 0.7496 0.6506
vn -0.1722 0.7496 0.6391
vn -0.2218 0.7496 0.6236
vn -0.2701 0.7496 0.6043
vn -0.3166 0.7496 0.5812
vn -0.3613 0.7496 0.5546
vn -0.4037 0.7496 0.5246
vn -0.4436 0.7496 0.4913
vn -0.4808 0.7496 0.4550
vn -0.5150 0.7496 0.4158
vn -0.5460 0.7496 0.3741
vn -0.5737 0.7496 0.3301
vn -0.5978 0.7496 0.2841
vn -0.6183 0.7496 0.2363
vn -0.6349 0.7496 0.1871
vn -0.6476 0.7496 0.1367
vn -0.6564 0.7496 0.0855
vn -0.6610 0.7496 0.0337
vn -0.6616 0.7496 -0.0182
vn -0.6582 0.7496 -0.0701
vn -0.6506 0.7496 -0.1215
vn -0.6391 0.7496 -0.1722
vn -0.6236 0.7496 -0.2218
vn -0.6043 0.7496 -0.2701
vn -0.5812 0.7496 -0.3166
vn -0.5546 0.7496 -0.3613
vn -0.5246 0.7496 -0.4037
vn -0.4913 0.7496 -0.4436
vn -0.4550 0.7496 -0.4808
vn -0.4158 0.7496 -0.5150
vn -0.3741 0.7496 -0.5460
vn -0.3301 0.7496 -0.5737
vn -0.2841 0.7496 -0.5978
vn -0.2363 0.7496 -0.6183
vn -0.1871 0.7496 -0.6349
vn -0.1367 0.7496 -0.6476
vn -0.0855 0.7496 -0.6564
vn -0.0337 0.7496 -0.6610
vn 0.0182 0.7496 -0.6616
vn 0.0701 0.7496 -0.6582
vn 0.1215 0.7496 -0.6506
vn 0.1722 0.7496 -0.6391
vn 0.2218 0.7496 -0.6236
vn 0.2701 0.7496 -0.6043
vn 0.3166 0.7496 -0.5812
vn 0.3613 0.7496 -0.5546
vn 0.4037 0.7496 -0.5246
vn 0.4436 0.7496 -0.4913
vn 0.4808 0.7496 -0.4550
vn 0.5150 0.7496 -0.4158
vn 0.5460 0.7496 -0.3741
vn 0.5737 0.7496 -0.3301
vn 0.5978 0.7496 -0.2841
vn 0.6183 0.7496 -0.2363
vn 0.6349 0.7496 -0.1871
vn 0.6476 0.7496 -0.1367
vn 0.6564 0.7496 -0.0855
vn 0.6610 0.7496 -0.0337
vn 0.2239 0.9746 0.0000
vn 0.2232 0.9746 0.0176
vn 0.2211 0.9746 0.0350
vn 0.2177 0.9746 0.0523
vn 0.2129 0.9746 0.0692
vn 0.2068 0.9746 0.0857
vn 0.1995 0.9746 0.1016
vn 0.1909 0.9746 0.1170
vn 0.1811 0.9746 0.1316
vn 0.1702 0.9746 0.1454
vn 0.1583 0.9746 0.1583
vn 0.1454 0.9746 0.1702
vn 0.1316 0.9746 0.1811
vn 0.1170 0.9746 0.1909
vn 0.1016 0.9746 0.1995
vn 0.0857 0.9746 0.2068
vn 0.0692 0.9746 0.2129
vn 0.0523 0.9746 0.2177
vn 0.0350 0.9746 0.2211
vn 0.0176 0.9746 0.2232
vn 0.0000 0.9746 0.2239
vn -0.0176 0.9746 0.2232
vn -0.0350 0.9746 0.2211
vn -0.0523 0.9746 0.2177
vn -0.0692 0.9746 0.2129
vn -0.0857 0.9746 0.2068
vn -0.1016 0.9746 0.1995
vn -0.1170 0.9746 0.1909
vn -0.1316 0.9746 0.1811
vn -0.1454 0.9746 0.1702
vn -0.1583 0.9746 0.1583
vn -0.1702 0.9746 0.1454
vn -0.1811 0.9746 0.1316
vn -0.1909 0.9746 0.1170
vn -0.1995 0.9746 0.1016
vn -0.2068 0.9746 0.0857
vn -0.2129 0.9746 0.0692
vn -0.2177 0.9746 0.0523
vn -0.2211 0.9746 0.0350
vn -0.2232 0.9746 0.0176
vn -0.2239 0.9746 0.0000
vn -0.2232 0.9746 -0.0176
vn -0.2211 0.9746 -0.0350
vn -0.2177 0.9746 -0.0523
vn -0.2129 0.9746 -0.0692
vn -0.2068 0.9746 -0.0857
vn -0.1995 0.9746 -0.1016
vn -0.1909 0.9746 -0.1170
vn -0.1811 0.9746 -0.1316
vn -0.1702 0.9746 -0.1454
vn -0.1583 0.9746 -0.1583
vn -0.1454 0.9746 -0.1702
vn -0.1316 0.9746 -0.1811
vn -0.1170 0.9746 -0.1909
vn -0.1016 0.9746 -0.1995
vn -0.0857 0.9746 -0.2068
vn -0.0692 0.9746 -0.2129
vn -0.0523 0.9746 -0.2177
vn -0.0350 0.9746 -0.2211
vn -0.0176 0.9746 -0.2232
vn -0.0000 0.9746 -0.2239
vn 0.0176 0.9746 -0.2232
vn 0.0350 0.9746 -0.2211
vn 0.0523 0.9746 -0.2177
vn 0.0692 0.9746 -0.2129
vn 0.0857 0.9746 -0.2068
vn 0.1016 0.9746 -0.1995
vn 0.1170 0.9746 -0.1909
vn 0.1316 0.9746 -0.1811
vn 0.1454 0.9746 -0.1702
vn 0.1583 0.9746 -0.1583
vn 0.1702 0.9746 -0.1454
vn 0.1811 0.9746 -0.1316
vn 0.1909 0.9746 -0.1170
vn 0.1995 0.9746 -0.1016
vn 0.2068 0.9746 -0.0857
vn 0.2129 0.9746 -0.0692
vn 0.2177 0.9746 -0.0523
vn 0.2211 0.9746 -0.0350
vn 0.2232 0.9746 -0.0176
vn 0.0000 0.0000 -1.0000
vn 0.0000 0.0000 1.0000
vn -1.0000 0.0000 0.0000
vn 1.0000 0.0000 0.0000
vn 0.0000 0.8660 0.5000
vn 0.0000 -0.8660 0.5000
vn 0.0000 -0.8660 -0.5000
vn 0.0000 0.8660 -0.5000
vn 0.0000 0.9808 0.1951
vn 0.0000 0.8315 0.5556
vn 0.0000 0.5556 0.8315
vn 0.0000 0.1951 0.9808
vn 0.0000 -0.1951 0.9808
vn 0.0000 -0.5556 0.8315
vn 0.0000 -0.8315 0.5556
vn 0.0000 -0.9808 0.1951
vn 0.0000 -0.9808 -0.1951
vn 0.0000 -0.8315 -0.5556
vn 0.0000 -0.5556 -0.8315
vn 0.0000 -0.1951 -0.9808
vn 0.0000 0.1951 -0.9808
vn 0.0000 0.5556 -0.8315
vn 0.0000 0.8315 -0.5556
vn 0.0000 0.9808 -0.1951
vn 0.0000 0.5000 0.8660
vn 0.0000 -0.5000 0.8660
vn 0.0000 -0.5000 -0.8660
vn 0.0000 0.5000 -0.8660
vn -0.4346 -0.9006 -0.0000
vn 0.4346 0.9006 0.0000
vn 0.9006 -0.4346 -0.0000
vn -0.9006 0.4346 0.0000
vn 0.4346 -0.9006 -0.0000
vn -0.4346 0.9006 0.0000
vn -0.9006 -0.4346 -0.0000
vn 0.9006 0.4346 0.0000
vn -0.5233 -0.8522 -0.0000
vn 0.5233 0.8522 0.0000
vn 0.8522 -0.5233 -0.0000
vn -0.8522 0.5233 0.0000
vn 0.5233 -0.8522 -0.0000
vn -0.5233 0.8522 0.0000
vn -0.8522 -0.5233 -0.0000
vn 0.8522 0.5233 0.0000
vn 0.7348 0.6624 0.1462
vn 0.6229 0.6624 0.4162
vn 0.4162 0.6624 0.6229
vn 0.1462 0.6624 0.7348
vn -0.1462 0.6624 0.7348
vn -0.4162 0.6624 0.6229
vn -0.6229 0.6624 0.4162
vn -0.7348 0.6624 0.1462
vn -0.7348 0.6624 -0.1462
vn -0.6229 0.6624 -0.4162
vn -0.4162 0.6624 -0.6229
vn -0.1462 0.6624 -0.7348
vn 0.1462 0.6624 -0.7348
vn 0.4162 0.6624 -0.6229
vn 0.6229 0.6624 -0.4162
vn 0.7348 0.6624 -0.1462
vn 0.7351 0.6620 0.1462
vn 0.6232 0.6620 0.4164
vn 0.4164 0.6620 0.6232
vn 0.1462 0.6620 0.7351
vn -0.1462 0.6620 0.7351
vn -0.4164 0.6620 0.6232
vn -0.6232 0.6620 0.4164
vn -0.7351 0.6620 0.1462
vn -0.7351 0.6620 -0.1462
vn -0.6232 0.6620 -0.4164
vn -0.4164 0.6620 -0.6232
vn -0.1462 0.6620 -0.7351
vn 0.1462 0.6620 -0.7351
vn 0.4164 0.6620 -0.6232
vn 0.6232 0.6620 -0.4164
vn 0.7351 0.6620 -0.1462
vn 0.8673 0.4668 0.1725
vn 0.7353 0.4668 0.4913
vn 0.4913 0.4668 0.7353
vn 0.1725 0.4668 0.8673
vn -0.1725 0.4668 0.8673
vn -0.4913 0.4668 0.7353
vn -0.7353 0.4668 0.4913
vn -0.8673 0.4668 0.1725
vn -0.8673 0.4668 -0.1725
vn -0.7353 0.4668 -0.4913
vn -0.4913 0.4668 -0.7353
vn -0.1725 0.4668 -0.8673
vn 0.1725 0.4668 -0.8673
vn 0.4913 0.4668 -0.7353
vn 0.7353 0.4668 -0.4913
vn 0.8673 0.4668 -0.1725
vn 0.9239 -0.0000 0.3827
vn 0.3827 -0.0000 0.9239
vn -0.3827 -0.0000 0.9239
vn -0.9239 -0.0000 0.3827
vn -0.9239 -0.0000 -0.3827
vn -0.3827 -0.0000 -0.9239
vn 0.3827 -0.0000 -0.9239
vn 0.9239 -0.0000 -0.3827
vn 0.3948 -0.9041 0.1636
vn 0.1636 -0.9041 0.3948
vn -0.1636 -0.9041 0.3948
vn -0.3948 -0.9041 0.1636
vn -0.3948 -0.9041 -0.1636
vn -0.1636 -0.9041 -0.3948
vn 0.1636 -0.9041 -0.3948
vn 0.3948 -0.9041 -0.1636
vt 0.000000 6.000000
vt 0.012500 6.000000
vt 0.012500 0.000000
vt 0.000000 0.000000
vt 0.025000 6.000000
vt 0.025000 0.000000
vt 0.037500 6.000000
vt 0.037500 0.000000
vt 0.050000 6.000000
vt 0.050000 0.000000
vt 0.062500 6.000000
vt 0.062500 0.000000
vt 0.075000 6.000000
vt 0.075000 0.000000
vt 0.087500 6.000000
vt 0.087500 0.000000
vt 0.100000 6.000000
vt 0.100000 0.000000
vt 0.112500 6.000000
vt 0.112500 0.000000
vt 0.125000 6.000000
vt 0.125000 0.000000
vt 0.137500 6.000000
vt 0.137500 0.000000
vt 0.150000 6.000000
vt 0.150000 0.000000
vt 0.162500 6.000000
vt 0.162500 0.000000
vt 0.175000 6.000000
vt 0.175000 0.000000
vt 0.187500 6.000000
vt 0.187500 0.000000
vt 0.200000 6.000000
vt 0.200000 0.000000
vt 0.212500 6.000000
vt 0.212500 0.000000
vt 0.225000 6.000000
vt 0.225000 0.000000
vt 0.237500 6.000000
vt 0.237500 0.000000
vt 0.250000 6.000000
vt 0.250000 0.000000
vt 0.262500 6.000000
vt 0.262500 0.000000
vt 0.275000 6.000000
vt 0.275000 0.000000
vt 0.287500 6.000000
vt 0.287500 0.000000
vt 0.300000 6.000000
vt 0.300000 0.000000
vt 0.312500 6.000000
vt 0.312500 0.000000
vt 0.325000 6.000000
vt 0.325000 0.000000
vt 0.337500 6.000000
vt 0.337500 0.000000
vt 0.350000 6.000000
vt 0.350000 0.000000
vt 0.362500 6.000000
vt 0.362500 0.000000
vt 0.375000 6.000000
vt 0.375000 0.000000
vt 0.387500 6.000000
vt 0.387500 0.000000
vt 0.400000 6.000000
vt 0.400000 0.000000
vt 0.412500 6.000000
vt 0.412500 0.000000
vt 0.425000 6.000000
vt 0.425000 0.000000
vt 0.437500 6.000000
vt 0.437500 0.000000
vt 0.450000 6.000000
vt 0.450000 0.000000
vt 0.462500 6.000000
vt 0.462500 0.000000
vt 0.475000 6.000000
vt 0.475000 0.000000
vt 0.487500 6.000000
vt 0.487500 0.000000
vt 0.500000 6.000000
vt 0.500000 0.000000
vt 0.512500 6.000000
vt 0.512500 0.000000
vt 0.525000 6.000000
vt 0.525000 0.000000
vt 0.537500 6.000000
vt 0.537500 0.000000
vt 0.550000 6.000000
vt 0.550000 0.000000
vt 0.562500 6.000000
vt 0.562500 0.000000
vt 0.575000 6.000000
vt 0.575000 0.000000
vt 0.587500 6.000000
vt 0.587500 0.000000
vt 0.600000 6.000000
vt 0.600000 0.000000
vt 0.612500 6.000000
vt 0.612500 0.000000
vt 0.625000 6.000000
vt 0.625000 0.000000
vt 0.637500 6.000000
vt 0.637500 0.000000
vt 0.650000 6.000000
vt 0.650000 0.000000
vt 0.662500 6.000000
vt 0.662500 0.000000
vt 0.675000 6.000000
vt 0.675000 0.000000
vt 0.687500 6.000000
vt 0.687500 0.000000
vt 0.700000 6.000000
vt 0.700000 0.000000
vt 0.712500 6.000000
vt 0.712500 0.000000
vt 0.725000 6.000000
vt 0.725000 0.000000
vt 0.737500 6.000000
vt 0.737500 0.000000
vt 0.750000 6.000000
vt 0.750000 0.000000
vt 0.762500 6.000000
vt 0.762500 0.000000
vt 0.775000 6.000000
vt 0.775000 0.000000
vt 0.787500 6.000000
vt 0.787500 0.000000
vt 0.800000 6.000000
vt 0.800000 0.000000
vt 0.812500 6.000000
vt 0.812500 0.000000
vt 0.825000 6.000000
vt 0.825000 0.000000
vt 0.837500 6.000000
vt 0.837500 0.000000
vt 0.850000 6.000000
vt 0.850000 0.000000
vt 0.862500 6.000000
vt 0.862500 0.000000
vt 0.875000 6.000000
vt 0.875000 0.000000
vt 0.887500 6.000000
vt 0.887500 0.000000
vt 0.900000 6.000000
vt 0.900000 0.000000
vt 0.912500 6.000000
vt 0.912500 0.000000
vt 0.925000 6.000000
vt 0.925000 0.000000
vt 0.937500 6.000000
vt 0.937500 0.000000
vt 0.950000 6.000000
vt 0.950000 0.000000
vt 0.962500 6.000000
vt 0.962500 0.000000
vt 0.975000 6.000000
vt 0.975000 0.000000
vt 0.987500 6.000000
vt 0.987500 0.000000
vt 1.000000 6.000000
vt 1.000000 0.000000
vt 0.000000 0.500000
vt 0.006250 0.500000
vt 0.006250 0.000000
vt 0.012500 0.500000
vt 0.018750 0.500000
vt 0.018750 0.000000
vt 0.025000 0.500000
vt 0.031250 0.500000
vt 0.031250 0.000000
vt 0.037500 0.500000
vt 0.043750 0.500000
vt 0.043750 0.000000
vt 0.050000 0.500000
vt 0.056250 0.500000
vt 0.056250 0.000000
vt 0.062500 0.500000
vt 0.068750 0.500000
vt 0.068750 0.000000
vt 0.075000 0.500000
vt 0.081250 0.500000
vt 0.081250 0.000000
vt 0.087500 0.500000
vt 0.093750 0.500000
vt 0.093750 0.000000
vt 0.100000 0.500000
vt 0.106250 0.500000
vt 0.106250 0.000000
vt 0.112500 0.500000
vt 0.118750 0.500000
vt 0.118750 0.000000
vt 0.125000 0.500000
vt 0.131250 0.500000
vt 0.131250 0.000000
vt 0.137500 0.500000
vt 0.143750 0.500000
vt 0.143750 0.000000
vt 0.150000 0.500000
vt 0.156250 0.500000
vt 0.156250 0.000000
vt 0.162500 0.500000
vt 0.168750 0.500000
vt 0.168750 0.000000
vt 0.175000 0.500000
vt 0.181250 0.500000
vt 0.181250 0.000000
vt 0.187500 0.500000
vt 0.193750 0.500000
vt 0.193750 0.000000
vt 0.200000 0.500000
vt 0.206250 0.500000
vt 0.206250 0.000000
vt 0.212500 0.500000
vt 0.218750 0.500000
vt 0.218750 0.000000
vt 0.225000 0.500000
vt 0.231250 0.500000
vt 0.231250 0.000000
vt 0.237500 0.500000
vt 0.243750 0.500000
vt 0.243750 0.000000
vt 0.250000 0.500000
vt 0.256250 0.500000
vt 0.256250 0.000000
vt 0.262500 0.500000
vt 0.268750 0.500000
vt 0.268750 0.000000
vt 0.275000 0.500000
vt 0.281250 0.500000
vt 0.281250 0.000000
vt 0.287500 0.500000
vt 0.293750 0.500000
vt 0.293750 0.000000
vt 0.300000 0.500000
vt 0.306250 0.500000
vt 0.306250 0.000000
vt 0.312500 0.500000
vt 0.318750 0.500000
vt 0.318750 0.000000
vt 0.325000 0.500000
vt 0.331250 0.500000
vt 0.331250 0.000000
vt 0.337500 0.500000
vt 0.343750 0.500000
vt 0.343750 0.000000
vt 0.350000 0.500000
vt 0.356250 0.500000
vt 0.356250 0.000000
vt 0.362500 0.500000
vt 0.368750 0.500000
vt 0.368750 0.000000
vt 0.375000 0.500000
vt 0.381250 0.500000
vt 0.381250 0.000000
vt 0.387500 0.500000
vt 0.393750 0.500000
vt 0.393750 0.000000
vt 0.400000 0.500000
vt 0.406250 0.500000
vt 0.406250 0.000000
vt 0.412500 0.500000
vt 0.418750 0.500000
vt 0.418750 0.000000
vt 0.425000 0.500000
vt 0.431250 0.500000
vt 0.431250 0.000000
vt 0.437500 0.500000
vt 0.443750 0.500000
vt 0.443750 0.000000
vt 0.450000 0.500000
vt 0.456250 0.500000
vt 0.456250 0.000000
vt 0.462500 0.500000
vt 0.468750 0.500000
vt 0.468750 0.000000
vt 0.475000 0.500000
vt 0.481250 0.500000
vt 0.481250 0.000000
vt 0.487500 0.500000
vt 0.493750 0.500000
vt 0.493750 0.000000
vt 0.500000 0.500000
vt 0.975528 0.345492
vt 0.986185 0.383277
vt 0.993844 0.421783
vt 0.998459 0.460770
vt 0.945503 0.273005
vt 0.961940 0.308658
vt 0.904508 0.206107
vt 0.926320 0.238751
vt 0.853553 0.146447
vt 0.880203 0.175276
vt 0.793893 0.095492
vt 0.824724 0.119797
vt 0.726995 0.054497
vt 0.761249 0.073680
vt 0.654508 0.024472
vt 0.691342 0.038060
vt 0.578217 0.006156
vt 0.616723 0.013815
vt 0.539230 0.001541
vt 0.421783 0.006156
vt 0.460770 0.001541
vt 0.345492 0.024472
vt 0.383277 0.013815
vt 0.273005 0.054497
vt 0.308658 0.038060
vt 0.206107 0.095492
vt 0.238751 0.073680
vt 0.146447 0.146447
vt 0.175276 0.119797
vt 0.095492 0.206107
vt 0.119797 0.175276
vt 0.054497 0.273005
vt 0.073680 0.238751
vt 0.024472 0.345492
vt 0.038060 0.308658
vt 0.006156 0.421783
vt 0.013815 0.383277
vt 0.001541 0.460770
vt 0.006156 0.578217
vt 0.001541 0.539230
vt 0.024472 0.654508
vt 0.013815 0.616723
vt 0.054497 0.726995
vt 0.038060 0.691342
vt 0.095492 0.793893
vt 0.073680 0.761249
vt 0.146447 0.853553
vt 0.119797 0.824724
vt 0.206107 0.904508
vt 0.175276 0.880203
vt 0.273005 0.945503
vt 0.238751 0.926320
vt 0.345492 0.975528
vt 0.308658 0.961940
vt 0.421783 0.993844
vt 0.383277 0.986185
vt 0.500000 1.000000
vt 0.460770 0.998459
vt 0.578217 0.993844
vt 0.539230 0.998459
vt 0.654508 0.975528
vt 0.616723 0.986185
vt 0.726995 0.945503
vt 0.691342 0.961940
vt 0.793893 0.904508
vt 0.761249 0.926320
vt 0.853553 0.853553
vt 0.824724 0.880203
vt 0.904508 0.793893
vt 0.880203 0.824724
vt 0.945503 0.726995
vt 0.926320 0.761249
vt 0.975528 0.654508
vt 0.961940 0.691342
vt 0.993844 0.578217
vt 0.986185 0.616723
vt 1.000000 0.500000
vt 0.998459 0.539230
vt 0.000000 0.250000
vt 0.012500 0.250000
vt 0.025000 0.250000
vt 0.037500 0.250000
vt 0.050000 0.250000
vt 0.062500 0.250000
vt 0.075000 0.250000
vt 0.087500 0.250000
vt 0.100000 0.250000
vt 0.112500 0.250000
vt 0.125000 0.250000
vt 0.137500 0.250000
vt 0.150000 0.250000
vt 0.162500 0.250000
vt 0.175000 0.250000
vt 0.187500 0.250000
vt 0.200000 0.250000
vt 0.212500 0.250000
vt 0.225000 0.250000
vt 0.237500 0.250000
vt 0.250000 0.250000
vt 0.262500 0.250000
vt 0.275000 0.250000
vt 0.287500 0.250000
vt 0.300000 0.250000
vt 0.312500 0.250000
vt 0.325000 0.250000
vt 0.337500 0.250000
vt 0.350000 0.250000
vt 0.362500 0.250000
vt 0.375000 0.250000
vt 0.387500 0.250000
vt 0.400000 0.250000
vt 0.412500 0.250000
vt 0.425000 0.250000
vt 0.437500 0.250000
vt 0.450000 0.250000
vt 0.462500 0.250000
vt 0.475000 0.250000
vt 0.487500 0.250000
vt 0.500000 0.250000
vt 0.512500 0.250000
vt 0.525000 0.250000
vt 0.537500 0.250000
vt 0.550000 0.250000
vt 0.562500 0.250000
vt 0.575000 0.250000
vt 0.587500 0.250000
vt 0.600000 0.250000
vt 0.612500 0.250000
vt 0.625000 0.250000
vt 0.637500 0.250000
vt 0.650000 0.250000
vt 0.662500 0.250000
vt 0.675000 0.250000
vt 0.687500 0.250000
vt 0.700000 0.250000
vt 0.712500 0.250000
vt 0.725000 0.250000
vt 0.737500 0.250000
vt 0.750000 0.250000
vt 0.762500 0.250000
vt 0.775000 0.250000
vt 0.787500 0.250000
vt 0.800000 0.250000
vt 0.812500 0.250000
vt 0.825000 0.250000
vt 0.837500 0.250000
vt 0.850000 0.250000
vt 0.862500 0.250000
vt 0.875000 0.250000
vt 0.887500 0.250000
vt 0.900000 0.250000
vt 0.912500 0.250000
vt 0.925000 0.250000
vt 0.937500 0.250000
vt 0.950000 0.250000
vt 0.962500 0.250000
vt 0.975000 0.250000
vt 0.987500 0.250000
vt 1.000000 0.250000
vt 0.512500 0.500000
vt 0.525000 0.500000
vt 0.537500 0.500000
vt 0.550000 0.500000
vt 0.562500 0.500000
vt 0.575000 0.500000
vt 0.587500 0.500000
vt 0.600000 0.500000
vt 0.612500 0.500000
vt 0.625000 0.500000
vt 0.637500 0.500000
vt 0.650000 0.500000
vt 0.662500 0.500000
vt 0.675000 0.500000
vt 0.687500 0.500000
vt 0.700000 0.500000
vt 0.712500 0.500000
vt 0.725000 0.500000
vt 0.737500 0.500000
vt 0.750000 0.500000
vt 0.762500 0.500000
vt 0.775000 0.500000
vt 0.787500 0.500000
vt 0.800000 0.500000
vt 0.812500 0.500000
vt 0.825000 0.500000
vt 0.837500 0.500000
vt 0.850000 0.500000
vt 0.862500 0.500000
vt 0.875000 0.500000
vt 0.887500 0.500000
vt 0.900000 0.500000
vt 0.912500 0.500000
vt 0.925000 0.500000
vt 0.937500 0.500000
vt 0.950000 0.500000
vt 0.962500 0.500000
vt 0.975000 0.500000
vt 0.987500 0.500000
vt 0.000000 0.750000
vt 0.012500 0.750000
vt 0.025000 0.750000
vt 0.037500 0.750000
vt 0.050000 0.750000
vt 0.062500 0.750000
vt 0.075000 0.750000
vt 0.087500 0.750000
vt 0.100000 0.750000
vt 0.112500 0.750000
vt 0.125000 0.750000
vt 0.137500 0.750000
vt 0.150000 0.750000
vt 0.162500 0.750000
vt 0.175000 0.750000
vt 0.187500 0.750000
vt 0.200000 0.750000
vt 0.212500 0.750000
vt 0.225000 0.750000
vt 0.237500 0.750000
vt 0.250000 0.750000
vt 0.262500 0.750000
vt 0.275000 0.750000
vt 0.287500 0.750000
vt 0.300000 0.750000
vt 0.312500 0.750000
vt 0.325000 0.750000
vt 0.337500 0.750000
vt 0.350000 0.750000
vt 0.362500 0.750000
vt 0.375000 0.750000
vt 0.387500 0.750000
vt 0.400000 0.750000
vt 0.412500 0.750000
vt 0.425000 0.750000
vt 0.437500 0.750000
vt 0.450000 0.750000
vt 0.462500 0.750000
vt 0.475000 0.750000
vt 0.487500 0.750000
vt 0.500000 0.750000
vt 0.512500 0.750000
vt 0.525000 0.750000
vt 0.537500 0.750000
vt 0.550000 0.750000
vt 0.562500 0.750000
vt 0.575000 0.750000
vt 0.587500 0.750000
vt 0.600000 0.750000
vt 0.612500 0.750000
vt 0.625000 0.750000
vt 0.637500 0.750000
vt 0.650000 0.750000
vt 0.662500 0.750000
vt 0.675000 0.750000
vt 0.687500 0.750000
vt 0.700000 0.750000
vt 0.712500 0.750000
vt 0.725000 0.750000
vt 0.737500 0.750000
vt 0.750000 0.750000
vt 0.762500 0.750000
vt 0.775000 0.750000
vt 0.787500 0.750000
vt 0.800000 0.750000
vt 0.812500 0.750000
vt 0.825000 0.750000
vt 0.837500 0.750000
vt 0.850000 0.750000
vt 0.862500 0.750000
vt 0.875000 0.750000
vt 0.887500 0.750000
vt 0.900000 0.750000
vt 0.912500 0.750000
vt 0.925000 0.750000
vt 0.937500 0.750000
vt 0.950000 0.750000
vt 0.962500 0.750000
vt 0.975000 0.750000
vt 0.987500 0.750000
vt 1.000000 0.750000
vt 0.000000 1.000000
vt 0.012500 1.000000
vt 0.025000 1.000000
vt 0.037500 1.000000
vt 0.050000 1.000000
vt 0.062500 1.000000
vt 0.075000 1.000000
vt 0.087500 1.000000
vt 0.100000 1.000000
vt 0.112500 1.000000
vt 0.125000 1.000000
vt 0.137500 1.000000
vt 0.150000 1.000000
vt 0.162500 1.000000
vt 0.175000 1.000000
vt 0.187500 1.000000
vt 0.200000 1.000000
vt 0.212500 1.000000
vt 0.225000 1.000000
vt 0.237500 1.000000
vt 0.250000 1.000000
vt 0.262500 1.000000
vt 0.275000 1.000000
vt 0.287500 1.000000
vt 0.300000 1.000000
vt 0.312500 1.000000
vt 0.325000 1.000000
vt 0.337500 1.000000
vt 0.350000 1.000000
vt 0.362500 1.000000
vt 0.375000 1.000000
vt 0.387500 1.000000
vt 0.400000 1.000000
vt 0.412500 1.000000
vt 0.425000 1.000000
vt 0.437500 1.000000
vt 0.450000 1.000000
vt 0.462500 1.000000
vt 0.475000 1.000000
vt 0.487500 1.000000
vt 0.512500 1.000000
vt 0.525000 1.000000
vt 0.537500 1.000000
vt 0.550000 1.000000
vt 0.562500 1.000000
vt 0.575000 1.000000
vt 0.587500 1.000000
vt 0.600000 1.000000
vt 0.612500 1.000000
vt 0.625000 1.000000
vt 0.637500 1.000000
vt 0.650000 1.000000
vt 0.662500 1.000000
vt 0.675000 1.000000
vt 0.687500 1.000000
vt 0.700000 1.000000
vt 0.712500 1.000000
vt 0.725000 1.000000
vt 0.737500 1.000000
vt 0.750000 1.000000
vt 0.762500 1.000000
vt 0.775000 1.000000
vt 0.787500 1.000000
vt 0.800000 1.000000
vt 0.812500 1.000000
vt 0.825000 1.000000
vt 0.837500 1.000000
vt 0.850000 1.000000
vt 0.862500 1.000000
vt 0.875000 1.000000
vt 0.887500 1.000000
vt 0.900000 1.000000
vt 0.912500 1.000000
vt 0.925000 1.000000
vt 0.937500 1.000000
vt 0.950000 1.000000
vt 0.962500 1.000000
vt 0.975000 1.000000
vt 0.987500 1.000000
vt 1.000000 1.000000
vt 0.000000 2.500000
vt 2.500000 2.500000
vt 2.500000 0.000000
vt 0.000000 0.400000
vt 0.400000 0.400000
vt 0.020000 0.000000
vt 0.020000 0.120000
vt 0.000000 0.120000
vt 0.040000 0.000000
vt 0.040000 0.120000
vt 0.060000 0.000000
vt 0.060000 0.120000
vt 0.080000 0.000000
vt 0.080000 0.120000
vt 0.100000 0.120000
vt 0.120000 0.000000
vt 0.120000 0.120000
vt 0.007500 0.000000
vt 0.007500 0.120000
vt 0.015000 0.000000
vt 0.015000 0.120000
vt 0.022500 0.000000
vt 0.022500 0.120000
vt 0.030000 0.000000
vt 0.030000 0.120000
vt 0.037500 0.120000
vt 0.045000 0.000000
vt 0.045000 0.120000
vt 0.052500 0.000000
vt 0.052500 0.120000
vt 0.067500 0.000000
vt 0.067500 0.120000
vt 0.075000 0.120000
vt 0.082500 0.000000
vt 0.082500 0.120000
vt 0.090000 0.000000
vt 0.090000 0.120000
vt 0.097500 0.000000
vt 0.097500 0.120000
vt 0.105000 0.000000
vt 0.105000 0.120000
vt 0.112500 0.120000
vt 0.933013 0.250000
vt 0.066987 0.250000
vt 0.066987 0.750000
vt 0.933013 0.750000
vt 0.300000 0.300000
vt 0.000000 0.300000
vt 0.000000 0.366551
vt 0.062500 0.366551
vt 0.062500 0.228541
vt 0.000000 0.228541
vt 0.125000 0.366551
vt 0.125000 0.228541
vt 0.187500 0.366551
vt 0.187500 0.228541
vt 0.250000 0.366551
vt 0.250000 0.228541
vt 0.312500 0.366551
vt 0.312500 0.228541
vt 0.375000 0.366551
vt 0.375000 0.228541
vt 0.437500 0.366551
vt 0.437500 0.228541
vt 0.500000 0.366551
vt 0.500000 0.228541
vt 0.562500 0.366551
vt 0.562500 0.228541
vt 0.625000 0.366551
vt 0.625000 0.228541
vt 0.687500 0.366551
vt 0.687500 0.228541
vt 0.750000 0.366551
vt 0.750000 0.228541
vt 0.812500 0.366551
vt 0.812500 0.228541
vt 0.875000 0.366551
vt 0.875000 0.228541
vt 0.937500 0.366551
vt 0.937500 0.228541
vt 1.000000 0.366551
vt 1.000000 0.228541
vt 0.000000 0.387120
vt 0.062500 0.387120
vt 0.125000 0.387120
vt 0.187500 0.387120
vt 0.250000 0.387120
vt 0.312500 0.387120
vt 0.375000 0.387120
vt 0.437500 0.387120
vt 0.500000 0.387120
vt 0.562500 0.387120
vt 0.625000 0.387120
vt 0.687500 0.387120
vt 0.750000 0.387120
vt 0.812500 0.387120
vt 0.875000 0.387120
vt 0.937500 0.387120
vt 1.000000 0.387120
vt 0.000000 0.404946
vt 0.062500 0.404946
vt 0.125000 0.404946
vt 0.187500 0.404946
vt 0.250000 0.404946
vt 0.312500 0.404946
vt 0.375000 0.404946
vt 0.437500 0.404946
vt 0.500000 0.404946
vt 0.562500 0.404946
vt 0.625000 0.404946
vt 0.687500 0.404946
vt 0.750000 0.404946
vt 0.812500 0.404946
vt 0.875000 0.404946
vt 0.937500 0.404946
vt 1.000000 0.404946
vt 0.000000 0.471223
vt 0.062500 0.471223
vt 0.125000 0.471223
vt 0.187500 0.471223
vt 0.250000 0.471223
vt 0.312500 0.471223
vt 0.375000 0.471223
vt 0.437500 0.471223
vt 0.500000 0.471223
vt 0.562500 0.471223
vt 0.625000 0.471223
vt 0.687500 0.471223
vt 0.750000 0.471223
vt 0.812500 0.471223
vt 0.875000 0.471223
vt 0.937500 0.471223
vt 1.000000 0.471223
vt 0.000000 0.578248
vt 0.062500 0.578248
vt 0.125000 0.578248
vt 0.187500 0.578248
vt 0.250000 0.578248
vt 0.312500 0.578248
vt 0.375000 0.578248
vt 0.437500 0.578248
vt 0.500000 0.578248
vt 0.562500 0.578248
vt 0.625000 0.578248
vt 0.687500 0.578248
vt 0.750000 0.578248
vt 0.812500 0.578248
vt 0.875000 0.578248
vt 0.937500 0.578248
vt 1.000000 0.578248
vt 0.000000 0.582819
vt 0.062500 0.582819
vt 0.125000 0.582819
vt 0.187500 0.582819
vt 0.250000 0.582819
vt 0.312500 0.582819
vt 0.375000 0.582819
vt 0.437500 0.582819
vt 0.500000 0.582819
vt 0.562500 0.582819
vt 0.625000 0.582819
vt 0.687500 0.582819
vt 0.750000 0.582819
vt 0.812500 0.582819
vt 0.875000 0.582819
vt 0.937500 0.582819
vt 1.000000 0.582819
vt 0.000000 0.616689
vt 0.062500 0.616689
vt 0.125000 0.616689
vt 0.187500 0.616689
vt 0.250000 0.616689
vt 0.312500 0.616689
vt 0.375000 0.616689
vt 0.437500 0.616689
vt 0.500000 0.616689
vt 0.562500 0.616689
vt 0.625000 0.616689
vt 0.687500 0.616689
vt 0.750000 0.616689
vt 0.812500 0.616689
vt 0.875000 0.616689
vt 0.937500 0.616689
vt 1.000000 0.616689
vt 0.000000 0.641828
vt 0.062500 0.641828
vt 0.125000 0.641828
vt 0.187500 0.641828
vt 0.250000 0.641828
vt 0.312500 0.641828
vt 0.375000 0.641828
vt 0.437500 0.641828
vt 0.500000 0.641828
vt 0.562500 0.641828
vt 0.625000 0.641828
vt 0.687500 0.641828
vt 0.750000 0.641828
vt 0.812500 0.641828
vt 0.875000 0.641828
vt 0.937500 0.641828
vt 1.000000 0.641828
vt 0.000000 0.660367
vt 0.062500 0.660367
vt 0.125000 0.660367
vt 0.187500 0.660367
vt 0.250000 0.660367
vt 0.312500 0.660367
vt 0.375000 0.660367
vt 0.437500 0.660367
vt 0.500000 0.660367
vt 0.562500 0.660367
vt 0.625000 0.660367
vt 0.687500 0.660367
vt 0.750000 0.660367
vt 0.812500 0.660367
vt 0.875000 0.660367
vt 0.937500 0.660367
vt 1.000000 0.660367
vt 0.000000 0.684136
vt 0.062500 0.684136
vt 0.125000 0.684136
vt 0.187500 0.684136
vt 0.250000 0.684136
vt 0.312500 0.684136
vt 0.375000 0.684136
vt 0.437500 0.684136
vt 0.500000 0.684136
vt 0.562500 0.684136
vt 0.625000 0.684136
vt 0.687500 0.684136
vt 0.750000 0.684136
vt 0.812500 0.684136
vt 0.875000 0.684136
vt 0.937500 0.684136
vt 1.000000 0.684136
vt 0.000000 0.704101
vt 0.062500 0.704101
vt 0.125000 0.704101
vt 0.187500 0.704101
vt 0.250000 0.704101
vt 0.312500 0.704101
vt 0.375000 0.704101
vt 0.437500 0.704101
vt 0.500000 0.704101
vt 0.562500 0.704101
vt 0.625000 0.704101
vt 0.687500 0.704101
vt 0.750000 0.704101
vt 0.812500 0.704101
vt 0.875000 0.704101
vt 0.937500 0.704101
vt 1.000000 0.704101
vt 0.000000 0.727869
vt 0.062500 0.727869
vt 0.125000 0.727869
vt 0.187500 0.727869
vt 0.250000 0.727869
vt 0.312500 0.727869
vt 0.375000 0.727869
vt 0.437500 0.727869
vt 0.500000 0.727869
vt 0.562500 0.727869
vt 0.625000 0.727869
vt 0.687500 0.727869
vt 0.750000 0.727869
vt 0.812500 0.727869
vt 0.875000 0.727869
vt 0.937500 0.727869
vt 1.000000 0.727869
vt 0.000000 0.743556
vt 0.062500 0.743556
vt 0.125000 0.743556
vt 0.187500 0.743556
vt 0.250000 0.743556
vt 0.312500 0.743556
vt 0.375000 0.743556
vt 0.437500 0.743556
vt 0.500000 0.743556
vt 0.562500 0.743556
vt 0.625000 0.743556
vt 0.687500 0.743556
vt 0.750000 0.743556
vt 0.812500 0.743556
vt 0.875000 0.743556
vt 0.937500 0.743556
vt 1.000000 0.743556
vt 0.000000 0.790179
vt 0.062500 0.790179
vt 0.125000 0.790179
vt 0.187500 0.790179
vt 0.250000 0.790179
vt 0.312500 0.790179
vt 0.375000 0.790179
vt 0.437500 0.790179
vt 0.500000 0.790179
vt 0.562500 0.790179
vt 0.625000 0.790179
vt 0.687500 0.790179
vt 0.750000 0.790179
vt 0.812500 0.790179
vt 0.875000 0.790179
vt 0.937500 0.790179
vt 1.000000 0.790179
vt 0.000000 0.820840
vt 0.062500 0.820840
vt 0.125000 0.820840
vt 0.187500 0.820840
vt 0.250000 0.820840
vt 0.312500 0.820840
vt 0.375000 0.820840
vt 0.437500 0.820840
vt 0.500000 0.820840
vt 0.562500 0.820840
vt 0.625000 0.820840
vt 0.687500 0.820840
vt 0.750000 0.820840
vt 0.812500 0.820840
vt 0.875000 0.820840
vt 0.937500 0.820840
vt 1.000000 0.820840
vt 0.000000 0.856492
vt 0.062500 0.856492
vt 0.125000 0.856492
vt 0.187500 0.856492
vt 0.250000 0.856492
vt 0.312500 0.856492
vt 0.375000 0.856492
vt 0.437500 0.856492
vt 0.500000 0.856492
vt 0.562500 0.856492
vt 0.625000 0.856492
vt 0.687500 0.856492
vt 0.750000 0.856492
vt 0.812500 0.856492
vt 0.875000 0.856492
vt 0.937500 0.856492
vt 1.000000 0.856492
vt 0.000000 0.897614
vt 0.062500 0.897614
vt 0.125000 0.897614
vt 0.187500 0.897614
vt 0.250000 0.897614
vt 0.312500 0.897614
vt 0.375000 0.897614
vt 0.437500 0.897614
vt 0.500000 0.897614
vt 0.562500 0.897614
vt 0.625000 0.897614
vt 0.687500 0.897614
vt 0.750000 0.897614
vt 0.812500 0.897614
vt 0.875000 0.897614
vt 0.937500 0.897614
vt 1.000000 0.897614
vt 0.000000 0.561004
vt 0.125000 0.561004
vt 0.125000 0.175185
vt 0.000000 0.175185
vt 0.250000 0.561004
vt 0.250000 0.175185
vt 0.375000 0.561004
vt 0.375000 0.175185
vt 0.500000 0.561004
vt 0.500000 0.175185
vt 0.625000 0.561004
vt 0.625000 0.175185
vt 0.750000 0.561004
vt 0.750000 0.175185
vt 0.875000 0.561004
vt 0.875000 0.175185
vt 1.000000 0.561004
vt 1.000000 0.175185
vt 0.000000 0.636234
vt 0.125000 0.636234
vt 0.250000 0.636234
vt 0.375000 0.636234
vt 0.500000 0.636234
vt 0.625000 0.636234
vt 0.750000 0.636234
vt 0.875000 0.636234
vt 1.000000 0.636234
vt 0.000000 0.756802
vt 0.125000 0.756802
vt 0.250000 0.756802
vt 0.375000 0.756802
vt 0.500000 0.756802
vt 0.625000 0.756802
vt 0.750000 0.756802
vt 0.875000 0.756802
vt 1.000000 0.756802
vt 0.000000 0.150000
vt 0.150000 0.150000
vt 0.000000 0.100000
vt 0.100000 0.100000
o shaft
usemtl concrete
f 1/1/1 2/2/1 3/3/1 4/4/1
f 2/2/2 5/5/2 6/6/2 3/3/2
f 5/5/3 7/7/3 8/8/3 6/6/3
f 7/7/4 9/9/4 10/10/4 8/8/4
f 9/9/5 11/11/5 12/12/5 10/10/5
f 11/11/6 13/13/6 14/14/6 12/12/6
f 13/13/7 15/15/7 16/16/7 14/14/7
f 15/15/8 17/17/8 18/18/8 16/16/8
f 17/17/9 19/19/9 20/20/9 18/18/9
f 19/19/10 21/21/10 22/22/10 20/20/10
f 21/21/11 23/23/11 24/24/11 22/22/11
f 23/23/12 25/25/12 26/26/12 24/24/12
f 25/25/13 27/27/13 28/28/13 26/26/13
f 27/27/14 29/29/14 30/30/14 28/28/14
f 29/29/15 31/31/15 32/32/15 30/30/15
f 31/31/16 33/33/16 34/34/16 32/32/16
f 33/33/17 35/35/17 36/36/17 34/34/17
f 35/35/18 37/37/18 38/38/18 36/36/18
f 37/37/19 39/39/19 40/40/19 38/38/19
f 39/39/20 41/41/20 42/42/20 40/40/20
f 41/41/21 43/43/21 44/44/21 42/42/21
f 43/43/22 45/45/22 46/46/22 44/44/22
f 45/45/23 47/47/23 48/48/23 46/46/23
f 47/47/24 49/49/24 50/50/24 48/48/24
f 49/49/25 51/51/25 52/52/25 50/50/25
f 51/51/26 53/53/26 54/54/26 52/52/26
f 53/53/27 55/55/27 56/56/27 54/54/27
f 55/55/28 57/57/28 58/58/28 56/56/28
f 57/57/29 59/59/29 60/60/29 58/58/29
f 59/59/30 61/61/30 62/62/30 60/60/30
f 61/61/31 63/63/31 64/64/31 62/62/31
f 63/63/32 65/65/32 66/66/32 64/64/32
f 65/65/33 67/67/33 68/68/33 66/66/33
f 67/67/34 69/69/34 70/70/34 68/68/34
f 69/69/35 71/71/35 72/72/35 70/70/35
f 71/71/36 73/73/36 74/74/36 72/72/36
f 73/73/37 75/75/37 76/76/37 74/74/37
f 75/75/38 77/77/38 78/78/38 76/76/38
f 77/77/39 79/79/39 80/80/39 78/78/39
f 79/79/40 81/81/40 82/82/40 80/80/40
f 81/81/41 83/83/41 84/84/41 82/82/41
f 83/83/42 85/85/42 86/86/42 84/84/42
f 85/85/43 87/87/43 88/88/43 86/86/43
f 87/87/44 89/89/44 90/90/44 88/88/44
f 89/89/45 91/91/45 92/92/45 90/90/45
f 91/91/46 93/93/46 94/94/46 92/92/46
f 93/93/47 95/95/47 96/96/47 94/94/47
f 95/95/48 97/97/48 98/98/48 96/96/48
f 97/97/49 99/99/49 100/100/49 98/98/49
f 99/99/50 101/101/50 102/102/50 100/100/50
f 101/101/51 103/103/51 104/104/51 102/102/51
f 103/103/52 105/105/52 106/106/52 104/104/52
f 105/105/53 107/107/53 108/108/53 106/106/53
f 107/107/54 109/109/54 110/110/54 108/108/54
f 109/109/55 111/111/55 112/112/55 110/110/55
f 111/111/56 113/113/56 114/114/56 112/112/56
f 113/113/57 115/115/57 116/116/57 114/114/57
f 115/115/58 117/117/58 118/118/58 116/116/58
f 117/117/59 119/119/59 120/120/59 118/118/59
f 119/119/60 121/121/60 122/122/60 120/120/60
f 121/121/61 123/123/61 124/124/61 122/122/61
f 123/123/62 125/125/62 126/126/62 124/124/62
f 125/125/63 127/127/63 128/128/63 126/126/63
f 127/127/64 129/129/64 130/130/64 128/128/64
f 129/129/65 131/131/65 132/132/65 130/130/65
f 131/131/66 133/133/66 134/134/66 132/132/66
f 133/133/67 135/135/67 136/136/67 134/134/67
f 135/135/68 137/137/68 138/138/68 136/136/68
f 137/137/69 139/139/69 140/140/69 138/138/69
f 139/139/70 141/141/70 142/142/70 140/140/70
f 141/141/71 143/143/71 144/144/71 142/142/71
f 143/143/72 145/145/72 146/146/72 144/144/72
f 145/145/73 147/147/73 148/148/73 146/146/73
f 147/147/74 149/149/74 150/150/74 148/148/74
f 149/149/75 151/151/75 152/152/75 150/150/75
f 151/151/76 153/153/76 154/154/76 152/152/76
f 153/153/77 155/155/77 156/156/77 154/154/77
f 155/155/78 157/157/78 158/158/78 156/156/78
f 157/157/79 159/159/79 160/160/79 158/158/79
f 159/159/80 1/161/80 4/162/80 160/160/80
f 161/163/81 162/164/81 163/165/81 164/4/81
f 162/164/82 165/166/82 166/3/82 163/165/82
f 165/166/83 167/167/83 168/168/83 166/3/83
f 167/167/84 169/169/84 170/6/84 168/168/84
f 169/169/85 171/170/85 172/171/85 170/6/85
f 171/170/86 173/172/86 174/8/86 172/171/86
f 173/172/87 175/173/87 176/174/87 174/8/87
f 175/173/88 177/175/88 178/10/88 176/174/88
f 177/175/89 179/176/89 180/177/89 178/10/89
f 179/176/90 181/178/90 182/12/90 180/177/90
f 181/178/91 183/179/91 184/180/91 182/12/91
f 183/179/92 185/181/92 186/14/92 184/180/92
f 185/181/93 187/182/93 188/183/93 186/14/93
f 187/182/94 189/184/94 190/16/94 188/183/94
f 189/184/95 191/185/95 192/186/95 190/16/95
f 191/185/96 193/187/96 194/18/96 192/186/96
f 193/187/97 195/188/97 196/189/97 194/18/97
f 195/188/98 197/190/98 198/20/98 196/189/98
f 197/190/99 199/191/99 200/192/99 198/20/99
f 199/191/100 201/193/100 202/22/100 200/192/100
f 201/193/101 203/194/101 204/195/101 202/22/101
f 203/194/102 205/196/102 206/24/102 204/195/102
f 205/196/103 207/197/103 208/198/103 206/24/103
f 207/197/104 209/199/104 210/26/104 208/198/104
f 209/199/105 211/200/105 212/201/105 210/26/105
f 211/200/106 213/202/106 214/28/106 212/201/106
f 213/202/107 215/203/107 216/204/107 214/28/107
f 215/203/108 217/205/108 218/30/108 216/204/108
f 217/205/109 219/206/109 220/207/109 218/30/109
f 219/206/110 221/208/110 222/32/110 220/207/110
f 221/208/111 223/209/111 224/210/111 222/32/111
f 223/209/112 225/211/112 226/34/112 224/210/112
f 225/211/113 227/212/113 228/213/113 226/34/113
f 227/212/114 229/214/114 230/36/114 228/213/114
f 229/214/115 231/215/115 232/216/115 230/36/115
f 231/215/116 233/217/116 234/38/116 232/216/116
f 233/217/117 235/218/117 236/219/117 234/38/117
f 235/218/118 237/220/118 238/40/118 236/219/118
f 237/220/119 239/221/119 240/222/119 238/40/119
f 239/221/120 241/223/120 242/42/120 240/222/120
f 241/223/121 243/224/121 244/225/121 242/42/121
f 243/224/122 245/226/122 246/44/122 244/225/122
f 245/226/123 247/227/123 248/228/123 246/44/123
f 247/227/124 249/229/124 250/46/124 248/228/124
f 249/229/125 251/230/125 252/231/125 250/46/125
f 251/230/126 253/232/126 254/48/126 252/231/126
f 253/232/127 255/233/127 256/234/127 254/48/127
f 255/233/128 257/235/128 258/50/128 256/234/128
f 257/235/129 259/236/129 260/237/129 258/50/129
f 259/236/130 261/238/130 262/52/130 260/237/130
f 261/238/131 263/239/131 264/240/131 262/52/131
f 263/239/132 265/241/132 266/54/132 264/240/132
f 265/241/133 267/242/133 268/243/133 266/54/133
f 267/242/134 269/244/134 270/56/134 268/243/134
f 269/244/135 271/245/135 272/246/135 270/56/135
f 271/245/136 273/247/136 274/58/136 272/246/136
f 273/247/137 275/248/137 276/249/137 274/58/137
f 275/248/138 277/250/138 278/60/138 276/249/138
f 277/250/139 279/251/139 280/252/139 278/60/139
f 279/251/140 281/253/140 282/62/140 280/252/140
f 281/253/141 283/254/141 284/255/141 282/62/141
f 283/254/142 285/256/142 286/64/142 284/255/142
f 285/256/143 287/257/143 288/258/143 286/64/143
f 287/257/144 289/259/144 290/66/144 288/258/144
f 289/259/145 291/260/145 292/261/145 290/66/145
f 291/260/146 293/262/146 294/68/146 292/261/146
f 293/262/147 295/263/147 296/264/147 294/68/147
f 295/263/148 297/265/148 298/70/148 296/264/148
f 297/265/149 299/266/149 300/267/149 298/70/149
f 299/266/150 301/268/150 302/72/150 300/267/150
f 301/268/151 303/269/151 304/270/151 302/72/151
f 303/269/152 305/271/152 306/74/152 304/270/152
f 305/271/153 307/272/153 308/273/153 306/74/153
f 307/272/154 309/274/154 310/76/154 308/273/154
f 309/274/155 311/275/155 312/276/155 310/76/155
f 311/275/156 313/277/156 314/78/156 312/276/156
f 313/277/157 315/278/157 316/279/157 314/78/157
f 315/278/158 317/280/158 318/80/158 316/279/158
f 317/280/159 319/281/159 320/282/159 318/80/159
f 319/281/160 161/283/160 164/82/160 320/282/160
f 314/284/161 316/285/161 318/286/161 320/287/161
f 310/288/161 312/289/161 314/284/161 320/287/161
f 306/290/161 308/291/161 310/288/161 320/287/161
f 302/292/161 304/293/161 306/290/161 320/287/161
f 298/294/161 300/295/161 302/292/161 320/287/161
f 294/296/161 296/297/161 298/294/161 320/287/161
f 290/298/161 292/299/161 294/296/161 320/287/161
f 286/300/161 288/301/161 290/298/161 320/287/161
f 282/82/161 284/302/161 286/300/161 320/287/161
f 278/303/161 280/304/161 282/82/161 320/287/161
f 274/305/161 276/306/161 278/303/161 320/287/161
f 270/307/161 272/308/161 274/305/161 320/287/161
f 266/309/161 268/310/161 270/307/161 320/287/161
f 262/311/161 264/312/161 266/309/161 320/287/161
f 258/313/161 260/314/161 262/311/161 320/287/161
f 254/315/161 256/316/161 258/313/161 320/287/161
f 250/317/161 252/318/161 254/315/161 320/287/161
f 246/319/161 248/320/161 250/317/161 320/287/161
f 242/163/161 244/321/161 246/319/161 320/287/161
f 238/322/161 240/323/161 242/163/161 320/287/161
f 234/324/161 236/325/161 238/322/161 320/287/161
f 230/326/161 232/327/161 234/324/161 320/287/161
f 226/328/161 228/329/161 230/326/161 320/287/161
f 222/330/161 224/331/161 226/328/161 320/287/161
f 218/332/161 220/333/161 222/330/161 320/287/161
f 214/334/161 216/335/161 218/332/161 320/287/161
f 210/336/161 212/337/161 214/334/161 320/287/161
f 206/338/161 208/339/161 210/336/161 320/287/161
f 202/340/161 204/341/161 206/338/161 320/287/161
f 198/342/161 200/343/161 202/340/161 320/287/161
f 194/344/161 196/345/161 198/342/161 320/287/161
f 190/346/161 192/347/161 194/344/161 320/287/161
f 186/348/161 188/349/161 190/346/161 320/287/161
f 182/350/161 184/351/161 186/348/161 320/287/161
f 178/352/161 180/353/161 182/350/161 320/287/161
f 174/354/161 176/355/161 178/352/161 320/287/161
f 170/356/161 172/357/161 174/354/161 320/287/161
f 166/358/161 168/359/161 170/356/161 320/287/161
f 164/360/161 163/361/161 166/358/161 320/287/161
f 167/359/162 165/358/162 162/361/162 161/360/162
f 171/357/162 169/356/162 167/359/162 161/360/162
f 175/355/162 173/354/162 171/357/162 161/360/162
f 179/353/162 177/352/162 175/355/162 161/360/162
f 183/351/162 181/350/162 179/353/162 161/360/162
f 187/349/162 185/348/162 183/351/162 161/360/162
f 191/347/162 189/346/162 187/349/162 161/360/162
f 195/345/162 193/344/162 191/347/162 161/360/162
f 199/343/162 197/342/162 195/345/162 161/360/162
f 203/341/162 201/340/162 199/343/162 161/360/162
f 207/339/162 205/338/162 203/341/162 161/360/162
f 211/337/162 209/336/162 207/339/162 161/360/162
f 215/335/162 213/334/162 211/337/162 161/360/162
f 219/333/162 217/332/162 215/335/162 161/360/162
f 223/331/162 221/330/162 219/333/162 161/360/162
f 227/329/162 225/328/162 223/331/162 161/360/162
f 231/327/162 229/326/162 227/329/162 161/360/162
f 235/325/162 233/324/162 231/327/162 161/360/162
f 239/323/162 237/322/162 235/325/162 161/360/162
f 243/321/162 241/163/162 239/323/162 161/360/162
f 247/320/162 245/319/162 243/321/162 161/360/162
f 251/318/162 249/317/162 247/320/162 161/360/162
f 255/316/162 253/315/162 251/318/162 161/360/162
f 259/314/162 257/313/162 255/316/162 161/360/162
f 263/312/162 261/311/162 259/314/162 161/360/162
f 267/310/162 265/309/162 263/312/162 161/360/162
f 271/308/162 269/307/162 267/310/162 161/360/162
f 275/306/162 273/305/162 271/308/162 161/360/162
f 279/304/162 277/303/162 275/306/162 161/360/162
f 283/302/162 281/82/162 279/304/162 161/360/162
f 287/301/162 285/300/162 283/302/162 161/360/162
f 291/299/162 289/298/162 287/301/162 161/360/162
f 295/297/162 293/296/162 291/299/162 161/360/162
f 299/295/162 297/294/162 295/297/162 161/360/162
f 303/293/162 301/292/162 299/295/162 161/360/162
f 307/291/162 305/290/162 303/293/162 161/360/162
f 311/289/162 309/288/162 307/291/162 161/360/162
f 315/285/162 313/284/162 311/289/162 161/360/162
f 319/287/162 317/286/162 315/285/162 161/360/162
f 321/362/163 322/363/163 2/3/163 1/4/163
f 322/363/164 323/364/164 5/6/164 2/3/164
f 323/364/165 324/365/165 7/8/165 5/6/165
f 324/365/166 325/366/166 9/10/166 7/8/166
f 325/366/167 326/367/167 11/12/167 9/10/167
f 326/367/168 327/368/168 13/14/168 11/12/168
f 327/368/169 328/369/169 15/16/169 13/14/169
f 328/369/170 329/370/170 17/18/170 15/16/170
f 329/370/171 330/371/171 19/20/171 17/18/171
f 330/371/172 331/372/172 21/22/172 19/20/172
f 331/372/173 332/373/173 23/24/173 21/22/173
f 332/373/174 333/374/174 25/26/174 23/24/174
f 333/374/175 334/375/175 27/28/175 25/26/175
f 334/375/176 335/376/176 29/30/176 27/28/176
f 335/376/177 336/377/177 31/32/177 29/30/177
f 336/377/178 337/378/178 33/34/178 31/32/178
f 337/378/179 338/379/179 35/36/179 33/34/179
f 338/379/180 339/380/180 37/38/180 35/36/180
f 339/380/181 340/381/181 39/40/181 37/38/181
f 340/381/182 341/382/182 41/42/182 39/40/182
f 341/382/183 342/383/183 43/44/183 41/42/183
f 342/383/184 343/384/184 45/46/184 43/44/184
f 343/384/185 344/385/185 47/48/185 45/46/185
f 344/385/186 345/386/186 49/50/186 47/48/186
f 345/386/187 346/387/187 51/52/187 49/50/187
f 346/387/188 347/388/188 53/54/188 51/52/188
f 347/388/189 348/389/189 55/56/189 53/54/189
f 348/389/190 349/390/190 57/58/190 55/56/190
f 349/390/191 350/391/191 59/60/191 57/58/191
f 350/391/192 351/392/192 61/62/192 59/60/192
f 351/392/193 352/393/193 63/64/193 61/62/193
f 352/393/194 353/394/194 65/66/194 63/64/194
f 353/394/195 354/395/195 67/68/195 65/66/195
f 354/395/196 355/396/196 69/70/196 67/68/196
f 355/396/197 356/397/197 71/72/197 69/70/197
f 356/397/198 357/398/198 73/74/198 71/72/198
f 357/398/199 358/399/199 75/76/199 73/74/199
f 358/399/200 359/400/200 77/78/200 75/76/200
f 359/400/201 360/401/201 79/80/201 77/78/201
f 360/401/202 361/402/202 81/82/202 79/80/202
f 361/402/203 362/403/203 83/84/203 81/82/203
f 362/403/204 363/404/204 85/86/204 83/84/204
f 363/404/205 364/405/205 87/88/205 85/86/205
f 364/405/206 365/406/206 89/90/206 87/88/206
f 365/406/207 366/407/207 91/92/207 89/90/207
f 366/407/208 367/408/208 93/94/208 91/92/208
f 367/408/209 368/409/209 95/96/209 93/94/209
f 368/409/210 369/410/210 97/98/210 95/96/210
f 369/410/211 370/411/211 99/100/211 97/98/211
f 370/411/212 371/412/212 101/102/212 99/100/212
f 371/412/213 372/413/213 103/104/213 101/102/213
f 372/413/214 373/414/214 105/106/214 103/104/214
f 373/414/215 374/415/215 107/108/215 105/106/215
f 374/415/216 375/416/216 109/110/216 107/108/216
f 375/416/217 376/417/217 111/112/217 109/110/217
f 376/417/218 377/418/218 113/114/218 111/112/218
f 377/418/219 378/419/219 115/116/219 113/114/219
f 378/419/220 379/420/220 117/118/220 115/116/220
f 379/420/221 380/421/221 119/120/221 117/118/221
f 380/421/222 381/422/222 121/122/222 119/120/222
f 381/422/223 382/423/223 123/124/223 121/122/223
f 382/423/224 383/424/224 125/126/224 123/124/224
f 383/424/225 384/425/225 127/128/225 125/126/225
f 384/425/226 385/426/226 129/130/226 127/128/226
f 385/426/227 386/427/227 131/132/227 129/130/227
f 386/427/228 387/428/228 133/134/228 131/132/228
f 387/428/229 388/429/229 135/136/229 133/134/229
f 388/429/230 389/430/230 137/138/230 135/136/230
f 389/430/231 390/431/231 139/140/231 137/138/231
f 390/431/232 391/432/232 141/142/232 139/140/232
f 391/432/233 392/433/233 143/144/233 141/142/233
f 392/433/234 393/434/234 145/146/234 143/144/234
f 393/434/235 394/435/235 147/148/235 145/146/235
f 394/435/236 395/436/236 149/150/236 147/148/236
f 395/436/237 396/437/237 151/152/237 149/150/237
f 396/437/238 397/438/238 153/154/238 151/152/238
f 397/438/239 398/439/239 155/156/239 153/154/239
f 398/439/240 399/440/240 157/158/240 155/156/240
f 399/440/241 400/441/241 159/160/241 157/158/241
f 400/441/242 321/442/242 1/162/242 159/160/242
f 401/163/243 402/166/243 322/363/243 321/362/243
f 402/166/244 403/169/244 323/364/244 322/363/244
f 403/169/245 404/172/245 324/365/245 323/364/245
f 404/172/246 405/175/246 325/366/246 324/365/246
f 405/175/247 406/178/247 326/367/247 325/366/247
f 406/178/248 407/181/248 327/368/248 326/367/248
f 407/181/249 408/184/249 328/369/249 327/368/249
f 408/184/250 409/187/250 329/370/250 328/369/250
f 409/187/251 410/190/251 330/371/251 329/370/251
f 410/190/252 411/193/252 331/372/252 330/371/252
f 411/193/253 412/196/253 332/373/253 331/372/253
f 412/196/254 413/199/254 333/374/254 332/373/254
f 413/199/255 414/202/255 334/375/255 333/374/255
f 414/202/256 415/205/256 335/376/256 334/375/256
f 415/205/257 416/208/257 336/377/257 335/376/257
f 416/208/258 417/211/258 337/378/258 336/377/258
f 417/211/259 418/214/259 338/379/259 337/378/259
f 418/214/260 419/217/260 339/380/260 338/379/260
f 419/217/261 420/220/261 340/381/261 339/380/261
f 420/220/262 421/223/262 341/382/262 340/381/262
f 421/223/263 422/226/263 342/383/263 341/382/263
f 422/226/264 423/229/264 343/384/264 342/383/264
f 423/229/265 424/232/265 344/385/265 343/384/265
f 424/232/266 425/235/266 345/386/266 344/385/266
f 425/235/267 426/238/267 346/387/267 345/386/267
f 426/238/268 427/241/268 347/388/268 346/387/268
f 427/241/269 428/244/269 348/389/269 347/388/269
f 428/244/270 429/247/270 349/390/270 348/389/270
f 429/247/271 430/250/271 350/391/271 349/390/271
f 430/250/272 431/253/272 351/392/272 350/391/272
f 431/253/273 432/256/273 352/393/273 351/392/273
f 432/256/274 433/259/274 353/394/274 352/393/274
f 433/259/275 434/262/275 354/395/275 353/394/275
f 434/262/276 435/265/276 355/396/276 354/395/276
f 435/265/277 436/268/277 356/397/277 355/396/277
f 436/268/278 437/271/278 357/398/278 356/397/278
f 437/271/279 438/274/279 358/399/279 357/398/279
f 438/274/280 439/277/280 359/400/280 358/399/280
f 439/277/281 440/280/281 360/401/281 359/400/281
f 440/280/282 441/283/282 361/402/282 360/401/282
f 441/283/283 442/443/283 362/403/283 361/402/283
f 442/443/284 443/444/284 363/404/284 362/403/284
f 443/444/285 444/445/285 364/405/285 363/404/285
f 444/445/286 445/446/286 365/406/286 364/405/286
f 445/446/287 446/447/287 366/407/287 365/406/287
f 446/447/288 447/448/288 367/408/288 366/407/288
f 447/448/289 448/449/289 368/409/289 367/408/289
f 448/449/290 449/450/290 369/410/290 368/409/290
f 449/450/291 450/451/291 370/411/291 369/410/291
f 450/451/292 451/452/292 371/412/292 370/411/292
f 451/452/293 452/453/293 372/413/293 371/412/293
f 452/453/294 453/454/294 373/414/294 372/413/294
f 453/454/295 454/455/295 374/415/295 373/414/295
f 454/455/296 455/456/296 375/416/296 374/415/296
f 455/456/297 456/457/297 376/417/297 375/416/297
f 456/457/298 457/458/298 377/418/298 376/417/298
f 457/458/299 458/459/299 378/419/299 377/418/299
f 458/459/300 459/460/300 379/420/300 378/419/300
f 459/460/301 460/461/301 380/421/301 379/420/301
f 460/461/302 461/462/302 381/422/302 380/421/302
f 461/462/303 462/463/303 382/423/303 381/422/303
f 462/463/304 463/464/304 383/424/304 382/423/304
f 463/464/305 464/465/305 384/425/305 383/424/305
f 464/465/306 465/466/306 385/426/306 384/425/306
f 465/466/307 466/467/307 386/427/307 385/426/307
f 466/467/308 467/468/308 387/428/308 386/427/308
f 467/468/309 468/469/309 388/429/309 387/428/309
f 468/469/310 469/470/310 389/430/310 388/429/310
f 469/470/311 470/471/311 390/431/311 389/430/311
f 470/471/312 471/472/312 391/432/312 390/431/312
f 471/472/313 472/473/313 392/433/313 391/432/313
f 472/473/314 473/474/314 393/434/314 392/433/314
f 473/474/315 474/475/315 394/435/315 393/434/315
f 474/475/316 475/476/316 395/436/316 394/435/316
f 475/476/317 476/477/317 396/437/317 395/436/317
f 476/477/318 477/478/318 397/438/318 396/437/318
f 477/478/319 478/479/319 398/439/319 397/438/319
f 478/479/320 479/480/320 399/440/320 398/439/320
f 479/480/321 480/481/321 400/441/321 399/440/321
f 480/481/322 401/360/322 321/442/322 400/441/322
f 481/482/323 482/483/323 402/166/323 401/163/323
f 482/483/324 483/484/324 403/169/324 402/166/324
f 483/484/325 484/485/325 404/172/325 403/169/325
f 484/485/326 485/486/326 405/175/326 404/172/326
f 485/486/327 486/487/327 406/178/327 405/175/327
f 486/487/328 487/488/328 407/181/328 406/178/328
f 487/488/329 488/489/329 408/184/329 407/181/329
f 488/489/330 489/490/330 409/187/330 408/184/330
f 489/490/331 490/491/331 410/190/331 409/187/331
f 490/491/332 491/492/332 411/193/332 410/190/332
f 491/492/333 492/493/333 412/196/333 411/193/333
f 492/493/334 493/494/334 413/199/334 412/196/334
f 493/494/335 494/495/335 414/202/335 413/199/335
f 494/495/336 495/496/336 415/205/336 414/202/336
f 495/496/337 496/497/337 416/208/337 415/205/337
f 496/497/338 497/498/338 417/211/338 416/208/338
f 497/498/339 498/499/339 418/214/339 417/211/339
f 498/499/340 499/500/340 419/217/340 418/214/340
f 499/500/341 500/501/341 420/220/341 419/217/341
f 500/501/342 501/502/342 421/223/342 420/220/342
f 501/502/343 502/503/343 422/226/343 421/223/343
f 502/503/344 503/504/344 423/229/344 422/226/344
f 503/504/345 504/505/345 424/232/345 423/229/345
f 504/505/346 505/506/346 425/235/346 424/232/346
f 505/506/347 506/507/347 426/238/347 425/235/347
f 506/507/348 507/508/348 427/241/348 426/238/348
f 507/508/349 508/509/349 428/244/349 427/241/349
f 508/509/350 509/510/350 429/247/350 428/244/350
f 509/510/351 510/511/351 430/250/351 429/247/351
f 510/511/352 511/512/352 431/253/352 430/250/352
f 511/512/353 512/513/353 432/256/353 431/253/353
f 512/513/354 513/514/354 433/259/354 432/256/354
f 513/514/355 514/515/355 434/262/355 433/259/355
f 514/515/356 515/516/356 435/265/356 434/262/356
f 515/516/357 516/517/357 436/268/357 435/265/357
f 516/517/358 517/518/358 437/271/358 436/268/358
f 517/518/359 518/519/359 438/274/359 437/271/359
f 518/519/360 519/520/360 439/277/360 438/274/360
f 519/520/361 520/521/361 440/280/361 439/277/361
f 520/521/362 521/522/362 441/283/362 440/280/362
f 521/522/363 522/523/363 442/443/363 441/283/363
f 522/523/364 523/524/364 443/444/364 442/443/364
f 523/524/365 524/525/365 444/445/365 443/444/365
f 524/525/366 525/526/366 445/446/366 444/445/366
f 525/526/367 526/527/367 446/447/367 445/446/367
f 526/527/368 527/528/368 447/448/368 446/447/368
f 527/528/369 528/529/369 448/449/369 447/448/369
f 528/529/370 529/530/370 449/450/370 448/449/370
f 529/530/371 530/531/371 450/451/371 449/450/371
f 530/531/372 531/532/372 451/452/372 450/451/372
f 531/532/373 532/533/373 452/453/373 451/452/373
f 532/533/374 533/534/374 453/454/374 452/453/374
f 533/534/375 534/535/375 454/455/375 453/454/375
f 534/535/376 535/536/376 455/456/376 454/455/376
f 535/536/377 536/537/377 456/457/377 455/456/377
f 536/537/378 537/538/378 457/458/378 456/457/378
f 537/538/379 538/539/379 458/459/379 457/458/379
f 538/539/380 539/540/380 459/460/380 458/459/380
f 539/540/381 540/541/381 460/461/381 459/460/381
f 540/541/382 541/542/382 461/462/382 460/461/382
f 541/542/383 542/543/383 462/463/383 461/462/383
f 542/543/384 543/544/384 463/464/384 462/463/384
f 543/544/385 544/545/385 464/465/385 463/464/385
f 544/545/386 545/546/386 465/466/386 464/465/386
f 545/546/387 546/547/387 466/467/387 465/466/387
f 546/547/388 547/548/388 467/468/388 466/467/388
f 547/548/389 548/549/389 468/469/389 467/468/389
f 548/549/390 549/550/390 469/470/390 468/469/390
f 549/550/391 550/551/391 470/471/391 469/470/391
f 550/551/392 551/552/392 471/472/392 470/471/392
f 551/552/393 552/553/393 472/473/393 471/472/393
f 552/553/394 553/554/394 473/474/394 472/473/394
f 553/554/395 554/555/395 474/475/395 473/474/395
f 554/555/396 555/556/396 475/476/396 474/475/396
f 555/556/397 556/557/397 476/477/397 475/476/397
f 556/557/398 557/558/398 477/478/398 476/477/398
f 557/558/399 558/559/399 478/479/399 477/478/399
f 558/559/400 559/560/400 479/480/400 478/479/400
f 559/560/401 560/561/401 480/481/401 479/480/401
f 560/561/402 481/562/402 401/360/402 480/481/402
f 561/563/403 561/564/403 482/483/403 481/482/403
f 561/564/404 561/565/404 483/484/404 482/483/404
f 561/565/405 561/566/405 484/485/405 483/484/405
f 561/566/406 561/567/406 485/486/406 484/485/406
f 561/567/407 561/568/407 486/487/407 485/486/407
f 561/568/408 561/569/408 487/488/408 486/487/408
f 561/569/409 561/570/409 488/489/409 487/488/409
f 561/570/410 561/571/410 489/490/410 488/489/410
f 561/571/411 561/572/411 490/491/411 489/490/411
f 561/572/412 561/573/412 491/492/412 490/491/412
f 561/573/413 561/574/413 492/493/413 491/492/413
f 561/574/414 561/575/414 493/494/414 492/493/414
f 561/575/415 561/576/415 494/495/415 493/494/415
f 561/576/416 561/577/416 495/496/416 494/495/416
f 561/577/417 561/578/417 496/497/417 495/496/417
f 561/578/418 561/579/418 497/498/418 496/497/418
f 561/579/419 561/580/419 498/499/419 497/498/419
f 561/580/420 561/581/420 499/500/420 498/499/420
f 561/581/421 561/582/421 500/501/421 499/500/421
f 561/582/422 561/583/422 501/502/422 500/501/422
f 561/583/423 561/584/423 502/503/423 501/502/423
f 561/584/424 561/585/424 503/504/424 502/503/424
f 561/585/425 561/586/425 504/505/425 503/504/425
f 561/586/426 561/587/426 505/506/426 504/505/426
f 561/587/427 561/588/427 506/507/427 505/506/427
f 561/588/428 561/589/428 507/508/428 506/507/428
f 561/589/429 561/590/429 508/509/429 507/508/429
f 561/590/430 561/591/430 509/510/430 508/509/430
f 561/591/431 561/592/431 510/511/431 509/510/431
f 561/592/432 561/593/432 511/512/432 510/511/432
f 561/593/433 561/594/433 512/513/433 511/512/433
f 561/594/434 561/595/434 513/514/434 512/513/434
f 561/595/435 561/596/435 514/515/435 513/514/435
f 561/596/436 561/597/436 515/516/436 514/515/436
f 561/597/437 561/598/437 516/517/437 515/516/437
f 561/598/438 561/599/438 517/518/438 516/517/438
f 561/599/439 561/600/439 518/519/439 517/518/439
f 561/600/440 561/601/440 519/520/440 518/519/440
f 561/601/441 561/602/441 520/521/441 519/520/441
f 561/602/442 561/340/442 521/522/442 520/521/442
f 561/340/443 561/603/443 522/523/443 521/522/443
f 561/603/444 561/604/444 523/524/444 522/523/444
f 561/604/445 561/605/445 524/525/445 523/524/445
f 561/605/446 561/606/446 525/526/446 524/525/446
f 561/606/447 561/607/447 526/527/447 525/526/447
f 561/607/448 561/608/448 527/528/448 526/527/448
f 561/608/449 561/609/449 528/529/449 527/528/449
f 561/609/450 561/610/450 529/530/450 528/529/450
f 561/610/451 561/611/451 530/531/451 529/530/451
f 561/611/452 561/612/452 531/532/452 530/531/452
f 561/612/453 561/613/453 532/533/453 531/532/453
f 561/613/454 561/614/454 533/534/454 532/533/454
f 561/614/455 561/615/455 534/535/455 533/534/455
f 561/615/456 561/616/456 535/536/456 534/535/456
f 561/616/457 561/617/457 536/537/457 535/536/457
f 561/617/458 561/618/458 537/538/458 536/537/458
f 561/618/459 561/619/459 538/539/459 537/538/459
f 561/619/460 561/620/460 539/540/460 538/539/460
f 561/620/461 561/621/461 540/541/461 539/540/461
f 561/621/462 561/622/462 541/542/462 540/541/462
f 561/622/463 561/623/463 542/543/463 541/542/463
f 561/623/464 561/624/464 543/544/464 542/543/464
f 561/624/465 561/625/465 544/545/465 543/544/465
f 561/625/466 561/626/466 545/546/466 544/545/466
f 561/626/467 561/627/467 546/547/467 545/546/467
f 561/627/468 561/628/468 547/548/468 546/547/468
f 561/628/469 561/629/469 548/549/469 547/548/469
f 561/629/470 561/630/470 549/550/470 548/549/470
f 561/630/471 561/631/471 550/551/471 549/550/471
f 561/631/472 561/632/472 551/552/472 550/551/472
f 561/632/473 561/633/473 552/553/473 551/552/473
f 561/633/474 561/634/474 553/554/474 552/553/474
f 561/634/475 561/635/475 554/555/475 553/554/475
f 561/635/476 561/636/476 555/556/476 554/555/476
f 561/636/477 561/637/477 556/557/477 555/556/477
f 561/637/478 561/638/478 557/558/478 556/557/478
f 561/638/479 561/639/479 558/559/479 557/558/479
f 561/639/480 561/640/480 559/560/480 558/559/480
f 561/640/481 561/641/481 560/561/481 559/560/481
f 561/641/482 561/642/482 481/562/482 560/561/482
o arm_lower
usemtl steel
f 562/643/161 563/644/161 564/645/161 565/4/161
f 566/4/162 567/645/162 568/644/162 569/643/162
f 569/644/483 568/643/483 563/4/483 562/645/483
f 567/644/484 566/643/484 565/4/484 564/645/484
f 566/644/485 569/643/485 562/4/485 565/645/485
f 568/644/486 567/643/486 564/4/486 563/645/486
f 570/643/161 571/644/161 572/645/161 573/4/161
f 574/4/162 575/645/162 568/644/162 569/643/162
f 569/644/483 568/643/483 571/4/483 570/645/483
f 575/644/484 574/643/484 573/4/484 572/645/484
f 574/644/485 569/643/485 570/4/485 573/645/485
f 568/644/486 575/643/486 572/4/486 571/645/486
f 576/643/161 577/644/161 578/645/161 579/4/161
f 566/4/162 567/645/162 580/644/162 581/643/162
f 581/644/483 580/643/483 577/4/483 576/645/483
f 567/644/484 566/643/484 579/4/484 578/645/484
f 566/644/485 581/643/485 576/4/485 579/645/485
f 580/644/486 567/643/486 578/4/486 577/645/486
f 814/4/511 815/50/511 816/689/511 817/690/511
f 818/4/512 819/50/512 820/689/512 821/690/512
f 814/4/483 817/50/483 819/689/483 818/690/483
f 815/4/484 821/50/484 820/689/484 816/690/484
f 814/4/513 818/50/513 821/689/513 815/690/513
f 817/4/514 816/50/514 820/689/514 819/690/514
f 822/4/515 823/50/515 824/689/515 825/690/515
f 826/4/516 827/50/516 828/689/516 829/690/516
f 822/4/484 825/50/484 827/689/484 826/690/484
f 823/4/483 829/50/483 828/689/483 824/690/483
f 822/4/517 826/50/517 829/689/517 823/690/517
f 825/4/518 824/50/518 828/689/518 827/690/518
usemtl plate
f 582/646/161 583/647/161 584/66/161 585/4/161
f 586/4/162 587/66/162 588/647/162 589/646/162
f 589/647/483 588/646/483 583/4/483 582/66/483
f 587/647/484 586/646/484 585/4/484 584/66/484
f 586/647/485 589/646/485 582/4/485 585/66/485
f 588/647/486 587/646/486 584/4/486 583/66/486
f 590/4/487 591/648/487 592/649/487 593/650/487
f 591/648/484 594/651/484 595/652/484 592/649/484
f 594/651/488 596/653/488 597/654/488 595/652/488
f 596/653/489 598/655/489 599/656/489 597/654/489
f 598/655/483 600/18/483 601/657/483 599/656/483
f 600/18/490 590/658/490 593/659/490 601/657/490
f 602/4/491 603/660/491 604/661/491 605/650/491
f 603/660/492 606/662/492 607/663/492 604/661/492
f 606/662/493 608/664/493 609/665/493 607/663/493
f 608/664/494 610/666/494 611/667/494 609/665/494
f 610/666/495 612/8/495 613/668/495 611/667/495
f 612/8/496 614/669/496 615/670/496 613/668/496
f 614/669/497 616/671/497 617/672/497 615/670/497
f 616/671/498 618/653/498 619/654/498 617/672/498
f 618/653/499 620/673/499 621/674/499 619/654/499
f 620/673/500 622/14/500 623/675/500 621/674/500
f 622/14/501 624/676/501 625/677/501 623/675/501
f 624/676/502 626/678/502 627/679/502 625/677/502
f 626/678/503 628/680/503 629/681/503 627/679/503
f 628/680/504 630/682/504 631/683/504 629/681/504
f 630/682/505 632/20/505 633/684/505 631/683/505
f 632/20/506 602/658/506 605/659/506 633/684/506
f 632/289/485 630/292/485 628/299/485 626/82/485
f 632/289/485 626/82/485 624/308/485 622/311/485
f 632/289/485 622/311/485 620/318/485 618/163/485
f 632/289/485 618/163/485 616/327/485 614/330/485
f 632/289/485 614/330/485 612/337/485 610/340/485
f 632/289/485 610/340/485 608/347/485 606/350/485
f 632/289/485 606/350/485 603/357/485 602/360/485
f 605/360/486 604/357/486 607/350/486 609/347/486
f 605/360/486 609/347/486 611/340/486 613/337/486
f 605/360/486 613/337/486 615/330/486 617/327/486
f 605/360/486 617/327/486 619/163/486 621/318/486
f 605/360/486 621/318/486 623/311/486 625/308/486
f 605/360/486 625/308/486 627/82/486 629/299/486
f 605/360/486 629/299/486 631/292/486 633/289/486
f 634/4/507 635/648/507 636/649/507 637/650/507
f 635/648/508 638/651/508 639/652/508 636/649/508
f 638/651/161 640/653/161 641/654/161 639/652/161
f 640/653/509 642/655/509 643/656/509 641/654/509
f 642/655/510 644/18/510 645/657/510 643/656/510
f 644/18/162 634/658/162 637/659/162 645/657/162
f 644/685/485 642/82/485 640/686/485 638/687/485
f 644/685/485 638/687/485 635/340/485 634/688/485
f 637/688/486 636/340/486 639/687/486 641/686/486
f 637/688/486 641/686/486 643/82/486 645/685/486
f 646/4/487 647/648/487 648/649/487 649/650/487
f 647/648/484 650/651/484 651/652/484 648/649/484
f 650/651/488 652/653/488 653/654/488 651/652/488
f 652/653/489 654/655/489 655/656/489 653/654/489
f 654/655/483 656/18/483 657/657/483 655/656/483
f 656/18/490 646/658/490 649/659/490 657/657/490
f 658/4/491 659/660/491 660/661/491 661/650/491
f 659/660/492 662/662/492 663/663/492 660/661/492
f 662/662/493 664/664/493 665/665/493 663/663/493
f 664/664/494 666/666/494 667/667/494 665/665/494
f 666/666/495 668/8/495 669/668/495 667/667/495
f 668/8/496 670/669/496 671/670/496 669/668/496
f 670/669/497 672/671/497 673/672/497 671/670/497
f 672/671/498 674/653/498 675/654/498 673/672/498
f 674/653/499 676/673/499 677/674/499 675/654/499
f 676/673/500 678/14/500 679/675/500 677/674/500
f 678/14/501 680/676/501 681/677/501 679/675/501
f 680/676/502 682/678/502 683/679/502 681/677/502
f 682/678/503 684/680/503 685/681/503 683/679/503
f 684/680/504 686/682/504 687/683/504 685/681/504
f 686/682/505 688/20/505 689/684/505 687/683/505
f 688/20/506 658/658/506 661/659/506 689/684/506
f 688/289/485 686/292/485 684/299/485 682/82/485
f 688/289/485 682/82/485 680/308/485 678/311/485
f 688/289/485 678/311/485 676/318/485 674/163/485
f 688/289/485 674/163/485 672/327/485 670/330/485
f 688/289/485 670/330/485 668/337/485 666/340/485
f 688/289/485 666/340/485 664/347/485 662/350/485
f 688/289/485 662/350/485 659/357/485 658/360/485
f 661/360/486 660/357/486 663/350/486 665/347/486
f 661/360/486 665/347/486 667/340/486 669/337/486
f 661/360/486 669/337/486 671/330/486 673/327/486
f 661/360/486 673/327/486 675/163/486 677/318/486
f 661/360/486 677/318/486 679/311/486 681/308/486
f 661/360/486 681/308/486 683/82/486 685/299/486
f 661/360/486 685/299/486 687/292/486 689/289/486
f 690/4/507 691/648/507 692/649/507 693/650/507
f 691/648/508 694/651/508 695/652/508 692/649/508
f 694/651/161 696/653/161 697/654/161 695/652/161
f 696/653/509 698/655/509 699/656/509 697/654/509
f 698/655/510 700/18/510 701/657/510 699/656/510
f 700/18/162 690/658/162 693/659/162 701/657/162
f 700/685/485 698/82/485 696/686/485 694/687/485
f 700/685/485 694/687/485 691/340/485 690/688/485
f 693/688/486 692/340/486 695/687/486 697/686/486
f 693/688/486 697/686/486 699/82/486 701/685/486
f 702/4/487 703/648/487 704/649/487 705/650/487
f 703/648/484 706/651/484 707/652/484 704/649/484
f 706/651/488 708/653/488 709/654/488 707/652/488
f 708/653/489 710/655/489 711/656/489 709/654/489
f 710/655/483 712/18/483 713/657/483 711/656/483
f 712/18/490 702/658/490 705/659/490 713/657/490
f 714/4/491 715/660/491 716/661/491 717/650/491
f 715/660/492 718/662/492 719/663/492 716/661/492
f 718/662/493 720/664/493 721/665/493 719/663/493
f 720/664/494 722/666/494 723/667/494 721/665/494
f 722/666/495 724/8/495 725/668/495 723/667/495
f 724/8/496 726/669/496 727/670/496 725/668/496
f 726/669/497 728/671/497 729/672/497 727/670/497
f 728/671/498 730/653/498 731/654/498 729/672/498
f 730/653/499 732/673/499 733/674/499 731/654/499
f 732/673/500 734/14/500 735/675/500 733/674/500
f 734/14/501 736/676/501 737/677/501 735/675/501
f 736/676/502 738/678/502 739/679/502 737/677/502
f 738/678/503 740/680/503 741/681/503 739/679/503
f 740/680/504 742/682/504 743/683/504 741/681/504
f 742/682/505 744/20/505 745/684/505 743/683/505
f 744/20/506 714/658/506 717/659/506 745/684/506
f 744/289/485 742/292/485 740/299/485 738/82/485
f 744/289/485 738/82/485 736/308/485 734/311/485
f 744/289/485 734/311/485 732/318/485 730/163/485
f 744/289/485 730/163/485 728/327/485 726/330/485
f 744/289/485 726/330/485 724/337/485 722/340/485
f 744/289/485 722/340/485 720/347/485 718/350/485
f 744/289/485 718/350/485 715/357/485 714/360/485
f 717/360/486 716/357/486 719/350/486 721/347/486
f 717/360/486 721/347/486 723/340/486 725/337/486
f 717/360/486 725/337/486 727/330/486 729/327/486
f 717/360/486 729/327/486 731/163/486 733/318/486
f 717/360/486 733/318/486 735/311/486 737/308/486
f 717/360/486 737/308/486 739/82/486 741/299/486
f 717/360/486 741/299/486 743/292/486 745/289/486
f 746/4/507 747/648/507 748/649/507 749/650/507
f 747/648/508 750/651/508 751/652/508 748/649/508
f 750/651/161 752/653/161 753/654/161 751/652/161
f 752/653/509 754/655/509 755/656/509 753/654/509
f 754/655/510 756/18/510 757/657/510 755/656/510
f 756/18/162 746/658/162 749/659/162 757/657/162
f 756/685/485 754/82/485 752/686/485 750/687/485
f 756/685/485 750/687/485 747/340/485 746/688/485
f 749/688/486 748/340/486 751/687/486 753/686/486
f 749/688/486 753/686/486 755/82/486 757/685/486
f 758/4/487 759/648/487 760/649/487 761/650/487
f 759/648/484 762/651/484 763/652/484 760/649/484
f 762/651/488 764/653/488 765/654/488 763/652/488
f 764/653/489 766/655/489 767/656/489 765/654/489
f 766/655/483 768/18/483 769/657/483 767/656/483
f 768/18/490 758/658/490 761/659/490 769/657/490
f 770/4/491 771/660/491 772/661/491 773/650/491
f 771/660/492 774/662/492 775/663/492 772/661/492
f 774/662/493 776/664/493 777/665/493 775/663/493
f 776/664/494 778/666/494 779/667/494 777/665/494
f 778/666/495 780/8/495 781/668/495 779/667/495
f 780/8/496 782/669/496 783/670/496 781/668/496
f 782/669/497 784/671/497 785/672/497 783/670/497
f 784/671/498 786/653/498 787/654/498 785/672/498
f 786/653/499 788/673/499 789/674/499 787/654/499
f 788/673/500 790/14/500 791/675/500 789/674/500
f 790/14/501 792/676/501 793/677/501 791/675/501
f 792/676/502 794/678/502 795/679/502 793/677/502
f 794/678/503 796/680/503 797/681/503 795/679/503
f 796/680/504 798/682/504 799/683/504 797/681/504
f 798/682/505 800/20/505 801/684/505 799/683/505
f 800/20/506 770/658/506 773/659/506 801/684/506
f 800/289/485 798/292/485 796/299/485 794/82/485
f 800/289/485 794/82/485 792/308/485 790/311/485
f 800/289/485 790/311/485 788/318/485 786/163/485
f 800/289/485 786/163/485 784/327/485 782/330/485
f 800/289/485 782/330/485 780/337/485 778/340/485
f 800/289/485 778/340/485 776/347/485 774/350/485
f 800/289/485 774/350/485 771/357/485 770/360/485
f 773/360/486 772/357/486 775/350/486 777/347/486
f 773/360/486 777/347/486 779/340/486 781/337/486
f 773/360/486 781/337/486 783/330/486 785/327/486
f 773/360/486 785/327/486 787/163/486 789/318/486
f 773/360/486 789/318/486 791/311/486 793/308/486
f 773/360/486 793/308/486 795/82/486 797/299/486
f 773/360/486 797/299/486 799/292/486 801/289/486
f 802/4/507 803/648/507 804/649/507 805/650/507
f 803/648/508 806/651/508 807/652/508 804/649/508
f 806/651/161 808/653/161 809/654/161 807/652/161
f 808/653/509 810/655/509 811/656/509 809/654/509
f 810/655/510 812/18/510 813/657/510 811/656/510
f 812/18/162 802/658/162 805/659/162 813/657/162
f 812/685/485 810/82/485 808/686/485 806/687/485
f 812/685/485 806/687/485 803/340/485 802/688/485
f 805/688/486 804/340/486 807/687/486 809/686/486
f 805/688/486 809/686/486 811/82/486 813/685/486
o arm_upper
usemtl steel
f 830/643/161 831/644/161 832/645/161 833/4/161
f 834/4/162 835/645/162 836/644/162 837/643/162
f 837/644/483 836/643/483 831/4/483 830/645/483
f 835/644/484 834/643/484 833/4/484 832/645/484
f 834/644/485 837/643/485 830/4/485 833/645/485
f 836/644/486 835/643/486 832/4/486 831/645/486
f 838/643/161 839/644/161 840/645/161 841/4/161
f 842/4/162 843/645/162 836/644/162 837/643/162
f 837/644/483 836/643/483 839/4/483 838/645/483
f 843/644/484 842/643/484 841/4/484 840/645/484
f 842/644/485 837/643/485 838/4/485 841/645/485
f 836/644/486 843/643/486 840/4/486 839/645/486
f 844/643/161 845/644/161 846/645/161 847/4/161
f 834/4/162 835/645/162 848/644/162 849/643/162
f 849/644/483 848/643/483 845/4/483 844/645/483
f 835/644/484 834/643/484 847/4/484 846/645/484
f 834/644/485 849/643/485 844/4/485 847/645/485
f 848/644/486 835/643/486 846/4/486 845/645/486
f 1082/4/519 1083/50/519 1084/689/519 1085/690/519
f 1086/4/520 1087/50/520 1088/689/520 1089/690/520
f 1082/4/483 1085/50/483 1087/689/483 1086/690/483
f 1083/4/484 1089/50/484 1088/689/484 1084/690/484
f 1082/4/521 1086/50/521 1089/689/521 1083/690/521
f 1085/4/522 1084/50/522 1088/689/522 1087/690/522
f 1090/4/523 1091/50/523 1092/689/523 1093/690/523
f 1094/4/524 1095/50/524 1096/689/524 1097/690/524
f 1090/4/484 1093/50/484 1095/689/484 1094/690/484
f 1091/4/483 1097/50/483 1096/689/483 1092/690/483
f 1090/4/525 1094/50/525 1097/689/525 1091/690/525
f 1093/4/526 1092/50/526 1096/689/526 1095/690/526
usemtl plate
f 850/646/161 851/647/161 852/66/161 853/4/161
f 854/4/162 855/66/162 856/647/162 857/646/162
f 857/647/483 856/646/483 851/4/483 850/66/483
f 855/647/484 854/646/484 853/4/484 852/66/484
f 854/647/485 857/646/485 850/4/485 853/66/485
f 856/647/486 855/646/486 852/4/486 851/66/486
f 858/4/487 859/648/487 860/649/487 861/650/487
f 859/648/484 862/651/484 863/652/484 860/649/484
f 862/651/488 864/653/488 865/654/488 863/652/488
f 864/653/489 866/655/489 867/656/489 865/654/489
f 866/655/483 868/18/483 869/657/483 867/656/483
f 868/18/490 858/658/490 861/659/490 869/657/490
f 870/4/491 871/660/491 872/661/491 873/650/491
f 871/660/492 874/662/492 875/663/492 872/661/492
f 874/662/493 876/664/493 877/665/493 875/663/493
f 876/664/494 878/666/494 879/667/494 877/665/494
f 878/666/495 880/8/495 881/668/495 879/667/495
f 880/8/496 882/669/496 883/670/496 881/668/496
f 882/669/497 884/671/497 885/672/497 883/670/497
f 884/671/498 886/653/498 887/654/498 885/672/498
f 886/653/499 888/673/499 889/674/499 887/654/499
f 888/673/500 890/14/500 891/675/500 889/674/500
f 890/14/501 892/676/501 893/677/501 891/675/501
f 892/676/502 894/678/502 895/679/502 893/677/502
f 894/678/503 896/680/503 897/681/503 895/679/503
f 896/680/504 898/682/504 899/683/504 897/681/504
f 898/682/505 900/20/505 901/684/505 899/683/505
f 900/20/506 870/658/506 873/659/506 901/684/506
f 900/289/485 898/292/485 896/299/485 894/82/485
f 900/289/485 894/82/485 892/308/485 890/311/485
f 900/289/485 890/311/485 888/318/485 886/163/485
f 900/289/485 886/163/485 884/327/485 882/330/485
f 900/289/485 882/330/485 880/337/485 878/340/485
f 900/289/485 878/340/485 876/347/485 874/350/485
f 900/289/485 874/350/485 871/357/485 870/360/485
f 873/360/486 872/357/486 875/350/486 877/347/486
f 873/360/486 877/347/486 879/340/486 881/337/486
f 873/360/486 881/337/486 883/330/486 885/327/486
f 873/360/486 885/327/486 887/163/486 889/318/486
f 873/360/486 889/318/486 891/311/486 893/308/486
f 873/360/486 893/308/486 895/82/486 897/299/486
f 873/360/486 897/299/486 899/292/486 901/289/486
f 902/4/507 903/648/507 904/649/507 905/650/507
f 903/648/508 906/651/508 907/652/508 904/649/508
f 906/651/161 908/653/161 909/654/161 907/652/161
f 908/653/509 910/655/509 911/656/509 909/654/509
f 910/655/510 912/18/510 913/657/510 911/656/510
f 912/18/162 902/658/162 905/659/162 913/657/162
f 912/685/485 910/82/485 908/686/485 906/687/485
f 912/685/485 906/687/485 903/340/485 902/688/485
f 905/688/486 904/340/486 907/687/486 909/686/486
f 905/688/486 909/686/486 911/82/486 913/685/486
f 914/4/487 915/648/487 916/649/487 917/650/487
f 915/648/484 918/651/484 919/652/484 916/649/484
f 918/651/488 920/653/488 921/654/488 919/652/488
f 920/653/489 922/655/489 923/656/489 921/654/489
f 922/655/483 924/18/483 925/657/483 923/656/483
f 924/18/490 914/658/490 917/659/490 925/657/490
f 926/4/491 927/660/491 928/661/491 929/650/491
f 927/660/492 930/662/492 931/663/492 928/661/492
f 930/662/493 932/664/493 933/665/493 931/663/493
f 932/664/494 934/666/494 935/667/494 933/665/494
f 934/666/495 936/8/495 937/668/495 935/667/495
f 936/8/496 938/669/496 939/670/496 937/668/496
f 938/669/497 940/671/497 941/672/497 939/670/497
f 940/671/498 942/653/498 943/654/498 941/672/498
f 942/653/499 944/673/499 945/674/499 943/654/499
f 944/673/500 946/14/500 947/675/500 945/674/500
f 946/14/501 948/676/501 949/677/501 947/675/501
f 948/676/502 950/678/502 951/679/502 949/677/502
f 950/678/503 952/680/503 953/681/503 951/679/503
f 952/680/504 954/682/504 955/683/504 953/681/504
f 954/682/505 956/20/505 957/684/505 955/683/505
f 956/20/506 926/658/506 929/659/506 957/684/506
f 956/289/485 954/292/485 952/299/485 950/82/485
f 956/289/485 950/82/485 948/308/485 946/311/485
f 956/289/485 946/311/485 944/318/485 942/163/485
f 956/289/485 942/163/485 940/327/485 938/330/485
f 956/289/485 938/330/485 936/337/485 934/340/485
f 956/289/485 934/340/485 932/347/485 930/350/485
f 956/289/485 930/350/485 927/357/485 926/360/485
f 929/360/486 928/357/486 931/350/486 933/347/486
f 929/360/486 933/347/486 935/340/486 937/337/486
f 929/360/486 937/337/486 939/330/486 941/327/486
f 929/360/486 941/327/486 943/163/486 945/318/486
f 929/360/486 945/318/486 947/311/486 949/308/486
f 929/360/486 949/308/486 951/82/486 953/299/486
f 929/360/486 953/299/486 955/292/486 957/289/486
f 958/4/507 959/648/507 960/649/507 961/650/507
f 959/648/508 962/651/508 963/652/508 960/649/508
f 962/651/161 964/653/161 965/654/161 963/652/161
f 964/653/509 966/655/509 967/656/509 965/654/509
f 966/655/510 968/18/510 969/657/510 967/656/510
f 968/18/162 958/658/162 961/659/162 969/657/162
f 968/685/485 966/82/485 964/686/485 962/687/485
f 968/685/485 962/687/485 959/340/485 958/688/485
f 961/688/486 960/340/486 963/687/486 965/686/486
f 961/688/486 965/686/486 967/82/486 969/685/486
f 970/4/487 971/648/487 972/649/487 973/650/487
f 971/648/484 974/651/484 975/652/484 972/649/484
f 974/651/488 976/653/488 977/654/488 975/652/488
f 976/653/489 978/655/489 979/656/489 977/654/489
f 978/655/483 980/18/483 981/657/483 979/656/483
f 980/18/490 970/658/490 973/659/490 981/657/490
f 982/4/491 983/660/491 984/661/491 985/650/491
f 983/660/492 986/662/492 987/663/492 984/661/492
f 986/662/493 988/664/493 989/665/493 987/663/493
f 988/664/494 990/666/494 991/667/494 989/665/494
f 990/666/495 992/8/495 993/668/495 991/667/495
f 992/8/496 994/669/496 995/670/496 993/668/496
f 994/669/497 996/671/497 997/672/497 995/670/497
f 996/671/498 998/653/498 999/654/498 997/672/498
f 998/653/499 1000/673/499 1001/674/499 999/654/499
f 1000/673/500 1002/14/500 1003/675/500 1001/674/500
f 1002/14/501 1004/676/501 1005/677/501 1003/675/501
f 1004/676/502 1006/678/502 1007/679/502 1005/677/502
f 1006/678/503 1008/680/503 1009/681/503 1007/679/503
f 1008/680/504 1010/682/504 1011/683/504 1009/681/504
f 1010/682/505 1012/20/505 1013/684/505 1011/683/505
f 1012/20/506 982/658/506 985/659/506 1013/684/506
f 1012/289/485 1010/292/485 1008/299/485 1006/82/485
f 1012/289/485 1006/82/485 1004/308/485 1002/311/485
f 1012/289/485 1002/311/485 1000/318/485 998/163/485
f 1012/289/485 998/163/485 996/327/485 994/330/485
f 1012/289/485 994/330/485 992/337/485 990/340/485
f 1012/289/485 990/340/485 988/347/485 986/350/485
f 1012/289/485 986/350/485 983/357/485 982/360/485
f 985/360/486 984/357/486 987/350/486 989/347/486
f 985/360/486 989/347/486 991/340/486 993/337/486
f 985/360/486 993/337/486 995/330/486 997/327/486
f 985/360/486 997/327/486 999/163/486 1001/318/486
f 985/360/486 1001/318/486 1003/311/486 1005/308/486
f 985/360/486 1005/308/486 1007/82/486 1009/299/486
f 985/360/486 1009/299/486 1011/292/486 1013/289/486
f 1014/4/507 1015/648/507 1016/649/507 1017/650/507
f 1015/648/508 1018/651/508 1019/652/508 1016/649/508
f 1018/651/161 1020/653/161 1021/654/161 1019/652/161
f 1020/653/509 1022/655/509 1023/656/509 1021/654/509
f 1022/655/510 1024/18/510 1025/657/510 1023/656/510
f 1024/18/162 1014/658/162 1017/659/162 1025/657/162
f 1024/685/485 1022/82/485 1020/686/485 1018/687/485
f 1024/685/485 1018/687/485 1015/340/485 1014/688/485
f 1017/688/486 1016/340/486 1019/687/486 1021/686/486
f 1017/688/486 1021/686/486 1023/82/486 1025/685/486
f 1026/4/487 1027/648/487 1028/649/487 1029/650/487
f 1027/648/484 1030/651/484 1031/652/484 1028/649/484
f 1030/651/488 1032/653/488 1033/654/488 1031/652/488
f 1032/653/489 1034/655/489 1035/656/489 1033/654/489
f 1034/655/483 1036/18/483 1037/657/483 1035/656/483
f 1036/18/490 1026/658/490 1029/659/490 1037/657/490
f 1038/4/491 1039/660/491 1040/661/491 1041/650/491
f 1039/660/492 1042/662/492 1043/663/492 1040/661/492
f 1042/662/493 1044/664/493 1045/665/493 1043/663/493
f 1044/664/494 1046/666/494 1047/667/494 1045/665/494
f 1046/666/495 1048/8/495 1049/668/495 1047/667/495
f 1048/8/496 1050/669/496 1051/670/496 1049/668/496
f 1050/669/497 1052/671/497 1053/672/497 1051/670/497
f 1052/671/498 1054/653/498 1055/654/498 1053/672/498
f 1054/653/499 1056/673/499 1057/674/499 1055/654/499
f 1056/673/500 1058/14/500 1059/675/500 1057/674/500
f 1058/14/501 1060/676/501 1061/677/501 1059/675/501
f 1060/676/502 1062/678/502 1063/679/502 1061/677/502
f 1062/678/503 1064/680/503 1065/681/503 1063/679/503
f 1064/680/504 1066/682/504 1067/683/504 1065/681/504
f 1066/682/505 1068/20/505 1069/684/505 1067/683/505
f 1068/20/506 1038/658/506 1041/659/506 1069/684/506
f 1068/289/485 1066/292/485 1064/299/485 1062/82/485
f 1068/289/485 1062/82/485 1060/308/485 1058/311/485
f 1068/289/485 1058/311/485 1056/318/485 1054/163/485
f 1068/289/485 1054/163/485 1052/327/485 1050/330/485
f 1068/289/485 1050/330/485 1048/337/485 1046/340/485
f 1068/289/485 1046/340/485 1044/347/485 1042/350/485
f 1068/289/485 1042/350/485 1039/357/485 1038/360/485
f 1041/360/486 1040/357/486 1043/350/486 1045/347/486
f 1041/360/486 1045/347/486 1047/340/486 1049/337/486
f 1041/360/486 1049/337/486 1051/330/486 1053/327/486
f 1041/360/486 1053/327/486 1055/163/486 1057/318/486
f 1041/360/486 1057/318/486 1059/311/486 1061/308/486
f 1041/360/486 1061/308/486 1063/82/486 1065/299/486
f 1041/360/486 1065/299/486 1067/292/486 1069/289/486
f 1070/4/507 1071/648/507 1072/649/507 1073/650/507
f 1071/648/508 1074/651/508 1075/652/508 1072/649/508
f 1074/651/161 1076/653/161 1077/654/161 1075/652/161
f 1076/653/509 1078/655/509 1079/656/509 1077/654/509
f 1078/655/510 1080/18/510 1081/657/510 1079/656/510
f 1080/18/162 1070/658/162 1073/659/162 1081/657/162
f 1080/685/485 1078/82/485 1076/686/485 1074/687/485
f 1080/685/485 1074/687/485 1071/340/485 1070/688/485
f 1073/688/486 1072/340/486 1075/687/486 1077/686/486
f 1073/688/486 1077/686/486 1079/82/486 1081/685/486
o insulator_1
usemtl porcelain
f 1098/691/527 1099/692/527 1100/693/527 1101/694/527
f 1099/692/528 1102/695/528 1103/696/528 1100/693/528
f 1102/695/529 1104/697/529 1105/698/529 1103/696/529
f 1104/697/530 1106/699/530 1107/700/530 1105/698/530
f 1106/699/531 1108/701/531 1109/702/531 1107/700/531
f 1108/701/532 1110/703/532 1111/704/532 1109/702/532
f 1110/703/533 1112/705/533 1113/706/533 1111/704/533
f 1112/705/534 1114/707/534 1115/708/534 1113/706/534
f 1114/707/535 1116/709/535 1117/710/535 1115/708/535
f 1116/709/536 1118/711/536 1119/712/536 1117/710/536
f 1118/711/537 1120/713/537 1121/714/537 1119/712/537
f 1120/713/538 1122/715/538 1123/716/538 1121/714/538
f 1122/715/539 1124/717/539 1125/718/539 1123/716/539
f 1124/717/540 1126/719/540 1127/720/540 1125/718/540
f 1126/719/541 1128/721/541 1129/722/541 1127/720/541
f 1128/721/542 1098/723/542 1101/724/542 1129/722/542
f 1130/725/162 1131/726/162 1099/692/162 1098/691/162
f 1131/726/162 1132/727/162 1102/695/162 1099/692/162
f 1132/727/162 1133/728/162 1104/697/162 1102/695/162
f 1133/728/162 1134/729/162 1106/699/162 1104/697/162
f 1134/729/162 1135/730/162 1108/701/162 1106/699/162
f 1135/730/162 1136/731/162 1110/703/162 1108/701/162
f 1136/731/162 1137/732/162 1112/705/162 1110/703/162
f 1137/732/162 1138/733/162 1114/707/162 1112/705/162
f 1138/733/162 1139/734/162 1116/709/162 1114/707/162
f 1139/734/162 1140/735/162 1118/711/162 1116/709/162
f 1140/735/162 1141/736/162 1120/713/162 1118/711/162
f 1141/736/162 1142/737/162 1122/715/162 1120/713/162
f 1142/737/162 1143/738/162 1124/717/162 1122/715/162
f 1143/738/162 1144/739/162 1126/719/162 1124/717/162
f 1144/739/162 1145/740/162 1128/721/162 1126/719/162
f 1145/740/162 1130/741/162 1098/723/162 1128/721/162
f 1146/742/83 1147/743/83 1131/726/83 1130/725/83
f 1147/743/88 1148/744/88 1132/727/88 1131/726/88
f 1148/744/93 1149/745/93 1133/728/93 1132/727/93
f 1149/745/98 1150/746/98 1134/729/98 1133/728/98
f 1150/746/103 1151/747/103 1135/730/103 1134/729/103
f 1151/747/108 1152/748/108 1136/731/108 1135/730/108
f 1152/748/113 1153/749/113 1137/732/113 1136/731/113
f 1153/749/118 1154/750/118 1138/733/118 1137/732/118
f 1154/750/123 1155/751/123 1139/734/123 1138/733/123
f 1155/751/128 1156/752/128 1140/735/128 1139/734/128
f 1156/752/133 1157/753/133 1141/736/133 1140/735/133
f 1157/753/138 1158/754/138 1142/737/138 1141/736/138
f 1158/754/143 1159/755/143 1143/738/143 1142/737/143
f 1159/755/148 1160/756/148 1144/739/148 1143/738/148
f 1160/756/153 1161/757/153 1145/740/153 1144/739/153
f 1161/757/158 1146/758/158 1130/741/158 1145/740/158
f 1162/759/161 1163/760/161 1147/743/161 1146/742/161
f 1163/760/161 1164/761/161 1148/744/161 1147/743/161
f 1164/761/161 1165/762/161 1149/745/161 1148/744/161
f 1165/762/161 1166/763/161 1150/746/161 1149/745/161
f 1166/763/161 1167/764/161 1151/747/161 1150/746/161
f 1167/764/161 1168/765/161 1152/748/161 1151/747/161
f 1168/765/161 1169/766/161 1153/749/161 1152/748/161
f 1169/766/161 1170/767/161 1154/750/161 1153/749/161
f 1170/767/161 1171/768/161 1155/751/161 1154/750/161
f 1171/768/161 1172/769/161 1156/752/161 1155/751/161
f 1172/769/161 1173/770/161 1157/753/161 1156/752/161
f 1173/770/161 1174/771/161 1158/754/161 1157/753/161
f 1174/771/161 1175/772/161 1159/755/161 1158/754/161
f 1175/772/161 1176/773/161 1160/756/161 1159/755/161
f 1176/773/161 1177/774/161 1161/757/161 1160/756/161
f 1177/774/161 1162/775/161 1146/758/161 1161/757/161
f 1178/776/543 1179/777/543 1163/760/543 1162/759/543
f 1179/777/544 1180/778/544 1164/761/544 1163/760/544
f 1180/778/545 1181/779/545 1165/762/545 1164/761/545
f 1181/779/546 1182/780/546 1166/763/546 1165/762/546
f 1182/780/547 1183/781/547 1167/764/547 1166/763/547
f 1183/781/548 1184/782/548 1168/765/548 1167/764/548
f 1184/782/549 1185/783/549 1169/766/549 1168/765/549
f 1185/783/550 1186/784/550 1170/767/550 1169/766/550
f 1186/784/551 1187/785/551 1171/768/551 1170/767/551
f 1187/785/552 1188/786/552 1172/769/552 1171/768/552
f 1188/786/553 1189/787/553 1173/770/553 1172/769/553
f 1189/787/554 1190/788/554 1174/771/554 1173/770/554
f 1190/788/555 1191/789/555 1175/772/555 1174/771/555
f 1191/789/556 1192/790/556 1176/773/556 1175/772/556
f 1192/790/557 1193/791/557 1177/774/557 1176/773/557
f 1193/791/558 1178/792/558 1162/775/558 1177/774/558
f 1194/793/162 1195/794/162 1179/777/162 1178/776/162
f 1195/794/162 1196/795/162 1180/778/162 1179/777/162
f 1196/795/162 1197/796/162 1181/779/162 1180/778/162
f 1197/796/162 1198/797/162 1182/780/162 1181/779/162
f 1198/797/162 1199/798/162 1183/781/162 1182/780/162
f 1199/798/162 1200/799/162 1184/782/162 1183/781/162
f 1200/799/162 1201/800/162 1185/783/162 1184/782/162
f 1201/800/162 1202/801/162 1186/784/162 1185/783/162
f 1202/801/162 1203/802/162 1187/785/162 1186/784/162
f 1203/802/162 1204/803/162 1188/786/162 1187/785/162
f 1204/803/162 1205/804/162 1189/787/162 1188/786/162
f 1205/804/162 1206/805/162 1190/788/162 1189/787/162
f 1206/805/162 1207/806/162 1191/789/162 1190/788/162
f 1207/806/162 1208/807/162 1192/790/162 1191/789/162
f 1208/807/162 1209/808/162 1193/791/162 1192/790/162
f 1209/808/162 1194/809/162 1178/792/162 1193/791/162
f 1210/810/83 1211/811/83 1195/794/83 1194/793/83
f 1211/811/88 1212/812/88 1196/795/88 1195/794/88
f 1212/812/93 1213/813/93 1197/796/93 1196/795/93
f 1213/813/98 1214/814/98 1198/797/98 1197/796/98
f 1214/814/103 1215/815/103 1199/798/103 1198/797/103
f 1215/815/108 1216/816/108 1200/799/108 1199/798/108
f 1216/816/113 1217/817/113 1201/800/113 1200/799/113
f 1217/817/118 1218/818/118 1202/801/118 1201/800/118
f 1218/818/123 1219/819/123 1203/802/123 1202/801/123
f 1219/819/128 1220/820/128 1204/803/128 1203/802/128
f 1220/820/133 1221/821/133 1205/804/133 1204/803/133
f 1221/821/138 1222/822/138 1206/805/138 1205/804/138
f 1222/822/143 1223/823/143 1207/806/143 1206/805/143
f 1223/823/148 1224/824/148 1208/807/148 1207/806/148
f 1224/824/153 1225/825/153 1209/808/153 1208/807/153
f 1225/825/158 1210/826/158 1194/809/158 1209/808/158
f 1226/827/161 1227/828/161 1211/811/161 1210/810/161
f 1227/828/161 1228/829/161 1212/812/161 1211/811/161
f 1228/829/161 1229/830/161 1213/813/161 1212/812/161
f 1229/830/161 1230/831/161 1214/814/161 1213/813/161
f 1230/831/161 1231/832/161 1215/815/161 1214/814/161
f 1231/832/161 1232/833/161 1216/816/161 1215/815/161
f 1232/833/161 1233/834/161 1217/817/161 1216/816/161
f 1233/834/161 1234/835/161 1218/818/161 1217/817/161
f 1234/835/161 1235/836/161 1219/819/161 1218/818/161
f 1235/836/161 1236/837/161 1220/820/161 1219/819/161
f 1236/837/161 1237/838/161 1221/821/161 1220/820/161
f 1237/838/161 1238/839/161 1222/822/161 1221/821/161
f 1238/839/161 1239/840/161 1223/823/161 1222/822/161
f 1239/840/161 1240/841/161 1224/824/161 1223/823/161
f 1240/841/161 1241/842/161 1225/825/161 1224/824/161
f 1241/842/161 1226/843/161 1210/826/161 1225/825/161
f 1242/844/83 1243/845/83 1227/828/83 1226/827/83
f 1243/845/88 1244/846/88 1228/829/88 1227/828/88
f 1244/846/93 1245/847/93 1229/830/93 1228/829/93
f 1245/847/98 1246/848/98 1230/831/98 1229/830/98
f 1246/848/103 1247/849/103 1231/832/103 1230/831/103
f 1247/849/108 1248/850/108 1232/833/108 1231/832/108
f 1248/850/113 1249/851/113 1233/834/113 1232/833/113
f 1249/851/118 1250/852/118 1234/835/118 1233/834/118
f 1250/852/123 1251/853/123 1235/836/123 1234/835/123
f 1251/853/128 1252/854/128 1236/837/128 1235/836/128
f 1252/854/133 1253/855/133 1237/838/133 1236/837/133
f 1253/855/138 1254/856/138 1238/839/138 1237/838/138
f 1254/856/143 1255/857/143 1239/840/143 1238/839/143
f 1255/857/148 1256/858/148 1240/841/148 1239/840/148
f 1256/858/153 1257/859/153 1241/842/153 1240/841/153
f 1257/859/158 1242/860/158 1226/843/158 1241/842/158
f 1258/861/162 1259/862/162 1243/845/162 1242/844/162
f 1259/862/162 1260/863/162 1244/846/162 1243/845/162
f 1260/863/162 1261/864/162 1245/847/162 1244/846/162
f 1261/864/162 1262/865/162 1246/848/162 1245/847/162
f 1262/865/162 1263/866/162 1247/849/162 1246/848/162
f 1263/866/162 1264/867/162 1248/850/162 1247/849/162
f 1264/867/162 1265/868/162 1249/851/162 1248/850/162
f 1265/868/162 1266/869/162 1250/852/162 1249/851/162
f 1266/869/162 1267/870/162 1251/853/162 1250/852/162
f 1267/870/162 1268/871/162 1252/854/162 1251/853/162
f 1268/871/162 1269/872/162 1253/855/162 1252/854/162
f 1269/872/162 1270/873/162 1254/856/162 1253/855/162
f 1270/873/162 1271/874/162 1255/857/162 1254/856/162
f 1271/874/162 1272/875/162 1256/858/162 1255/857/162
f 1272/875/162 1273/876/162 1257/859/162 1256/858/162
f 1273/876/162 1258/877/162 1242/860/162 1257/859/162
f 1274/878/83 1275/879/83 1259/862/83 1258/861/83
f 1275/879/88 1276/880/88 1260/863/88 1259/862/88
f 1276/880/93 1277/881/93 1261/864/93 1260/863/93
f 1277/881/98 1278/882/98 1262/865/98 1261/864/98
f 1278/882/103 1279/883/103 1263/866/103 1262/865/103
f 1279/883/108 1280/884/108 1264/867/108 1263/866/108
f 1280/884/113 1281/885/113 1265/868/113 1264/867/113
f 1281/885/118 1282/886/118 1266/869/118 1265/868/118
f 1282/886/123 1283/887/123 1267/870/123 1266/869/123
f 1283/887/128 1284/888/128 1268/871/128 1267/870/128
f 1284/888/133 1285/889/133 1269/872/133 1268/871/133
f 1285/889/138 1286/890/138 1270/873/138 1269/872/138
f 1286/890/143 1287/891/143 1271/874/143 1270/873/143
f 1287/891/148 1288/892/148 1272/875/148 1271/874/148
f 1288/892/153 1289/893/153 1273/876/153 1272/875/153
f 1289/893/158 1274/894/158 1258/877/158 1273/876/158
f 1290/895/161 1291/896/161 1275/879/161 1274/878/161
f 1291/896/161 1292/897/161 1276/880/161 1275/879/161
f 1292/897/161 1293/898/161 1277/881/161 1276/880/161
f 1293/898/161 1294/899/161 1278/882/161 1277/881/161
f 1294/899/161 1295/900/161 1279/883/161 1278/882/161
f 1295/900/161 1296/901/161 1280/884/161 1279/883/161
f 1296/901/161 1297/902/161 1281/885/161 1280/884/161
f 1297/902/161 1298/903/161 1282/886/161 1281/885/161
f 1298/903/161 1299/904/161 1283/887/161 1282/886/161
f 1299/904/161 1300/905/161 1284/888/161 1283/887/161
f 1300/905/161 1301/906/161 1285/889/161 1284/888/161
f 1301/906/161 1302/907/161 1286/890/161 1285/889/161
f 1302/907/161 1303/908/161 1287/891/161 1286/890/161
f 1303/908/161 1304/909/161 1288/892/161 1287/891/161
f 1304/909/161 1305/910/161 1289/893/161 1288/892/161
f 1305/910/161 1290/911/161 1274/894/161 1289/893/161
f 1306/912/83 1307/913/83 1291/896/83 1290/895/83
f 1307/913/88 1308/914/88 1292/897/88 1291/896/88
f 1308/914/93 1309/915/93 1293/898/93 1292/897/93
f 1309/915/98 1310/916/98 1294/899/98 1293/898/98
f 1310/916/103 1311/917/103 1295/900/103 1294/899/103
f 1311/917/108 1312/918/108 1296/901/108 1295/900/108
f 1312/918/113 1313/919/113 1297/902/113 1296/901/113
f 1313/919/118 1314/920/118 1298/903/118 1297/902/118
f 1314/920/123 1315/921/123 1299/904/123 1298/903/123
f 1315/921/128 1316/922/128 1300/905/128 1299/904/128
f 1316/922/133 1317/923/133 1301/906/133 1300/905/133
f 1317/923/138 1318/924/138 1302/907/138 1301/906/138
f 1318/924/143 1319/925/143 1303/908/143 1302/907/143
f 1319/925/148 1320/926/148 1304/909/148 1303/908/148
f 1320/926/153 1321/927/153 1305/910/153 1304/909/153
f 1321/927/158 1306/928/158 1290/911/158 1305/910/158
f 1322/929/162 1323/930/162 1307/913/162 1306/912/162
f 1323/930/162 1324/931/162 1308/914/162 1307/913/162
f 1324/931/162 1325/932/162 1309/915/162 1308/914/162
f 1325/932/162 1326/933/162 1310/916/162 1309/915/162
f 1326/933/162 1327/934/162 1311/917/162 1310/916/162
f 1327/934/162 1328/935/162 1312/918/162 1311/917/162
f 1328/935/162 1329/936/162 1313/919/162 1312/918/162
f 1329/936/162 1330/937/162 1314/920/162 1313/919/162
f 1330/937/162 1331/938/162 1315/921/162 1314/920/162
f 1331/938/162 1332/939/162 1316/922/162 1315/921/162
f 1332/939/162 1333/940/162 1317/923/162 1316/922/162
f 1333/940/162 1334/941/162 1318/924/162 1317/923/162
f 1334/941/162 1335/942/162 1319/925/162 1318/924/162
f 1335/942/162 1336/943/162 1320/926/162 1319/925/162
f 1336/943/162 1337/944/162 1321/927/162 1320/926/162
f 1337/944/162 1322/945/162 1306/928/162 1321/927/162
f 1338/946/83 1339/947/83 1323/930/83 1322/929/83
f 1339/947/88 1340/948/88 1324/931/88 1323/930/88
f 1340/948/93 1341/949/93 1325/932/93 1324/931/93
f 1341/949/98 1342/950/98 1326/933/98 1325/932/98
f 1342/950/103 1343/951/103 1327/934/103 1326/933/103
f 1343/951/108 1344/952/108 1328/935/108 1327/934/108
f 1344/952/113 1345/953/113 1329/936/113 1328/935/113
f 1345/953/118 1346/954/118 1330/937/118 1329/936/118
f 1346/954/123 1347/955/123 1331/938/123 1330/937/123
f 1347/955/128 1348/956/128 1332/939/128 1331/938/128
f 1348/956/133 1349/957/133 1333/940/133 1332/939/133
f 1349/957/138 1350/958/138 1334/941/138 1333/940/138
f 1350/958/143 1351/959/143 1335/942/143 1334/941/143
f 1351/959/148 1352/960/148 1336/943/148 1335/942/148
f 1352/960/153 1353/961/153 1337/944/153 1336/943/153
f 1353/961/158 1338/962/158 1322/945/158 1337/944/158
f 1354/963/161 1355/964/161 1339/947/161 1338/946/161
f 1355/964/161 1356/965/161 1340/948/161 1339/947/161
f 1356/965/161 1357/966/161 1341/949/161 1340/948/161
f 1357/966/161 1358/967/161 1342/950/161 1341/949/161
f 1358/967/161 1359/968/161 1343/951/161 1342/950/161
f 1359/968/161 1360/969/161 1344/952/161 1343/951/161
f 1360/969/161 1361/970/161 1345/953/161 1344/952/161
f 1361/970/161 1362/971/161 1346/954/161 1345/953/161
f 1362/971/161 1363/972/161 1347/955/161 1346/954/161
f 1363/972/161 1364/973/161 1348/956/161 1347/955/161
f 1364/973/161 1365/974/161 1349/957/161 1348/956/161
f 1365/974/161 1366/975/161 1350/958/161 1349/957/161
f 1366/975/161 1367/976/161 1351/959/161 1350/958/161
f 1367/976/161 1368/977/161 1352/960/161 1351/959/161
f 1368/977/161 1369/978/161 1353/961/161 1352/960/161
f 1369/978/161 1354/979/161 1338/962/161 1353/961/161
f 1370/980/559 1371/981/559 1355/964/559 1354/963/559
f 1371/981/560 1372/982/560 1356/965/560 1355/964/560
f 1372/982/561 1373/983/561 1357/966/561 1356/965/561
f 1373/983/562 1374/984/562 1358/967/562 1357/966/562
f 1374/984/563 1375/985/563 1359/968/563 1358/967/563
f 1375/985/564 1376/986/564 1360/969/564 1359/968/564
f 1376/986/565 1377/987/565 1361/970/565 1360/969/565
f 1377/987/566 1378/988/566 1362/971/566 1361/970/566
f 1378/988/567 1379/989/567 1363/972/567 1362/971/567
f 1379/989/568 1380/990/568 1364/973/568 1363/972/568
f 1380/990/569 1381/991/569 1365/974/569 1364/973/569
f 1381/991/570 1382/992/570 1366/975/570 1365/974/570
f 1382/992/571 1383/993/571 1367/976/571 1366/975/571
f 1383/993/572 1384/994/572 1368/977/572 1367/976/572
f 1384/994/573 1385/995/573 1369/978/573 1368/977/573
f 1385/995/574 1370/996/574 1354/979/574 1369/978/574
f 1386/563/162 1386/568/162 1371/981/162 1370/980/162
f 1386/568/162 1386/573/162 1372/982/162 1371/981/162
f 1386/573/162 1386/578/162 1373/983/162 1372/982/162
f 1386/578/162 1386/583/162 1374/984/162 1373/983/162
f 1386/583/162 1386/588/162 1375/985/162 1374/984/162
f 1386/588/162 1386/593/162 1376/986/162 1375/985/162
f 1386/593/162 1386/598/162 1377/987/162 1376/986/162
f 1386/598/162 1386/340/162 1378/988/162 1377/987/162
f 1386/340/162 1386/607/162 1379/989/162 1378/988/162
f 1386/607/162 1386/612/162 1380/990/162 1379/989/162
f 1386/612/162 1386/617/162 1381/991/162 1380/990/162
f 1386/617/162 1386/622/162 1382/992/162 1381/991/162
f 1386/622/162 1386/627/162 1383/993/162 1382/992/162
f 1386/627/162 1386/632/162 1384/994/162 1383/993/162
f 1386/632/162 1386/637/162 1385/995/162 1384/994/162
f 1386/637/162 1386/642/162 1370/996/162 1385/995/162
o pin_1
usemtl steel
f 1387/997/575 1388/998/575 1389/999/575 1390/1000/575
f 1388/998/576 1391/1001/576 1392/1002/576 1389/999/576
f 1391/1001/577 1393/1003/577 1394/1004/577 1392/1002/577
f 1393/1003/578 1395/1005/578 1396/1006/578 1394/1004/578
f 1395/1005/579 1397/1007/579 1398/1008/579 1396/1006/579
f 1397/1007/580 1399/1009/580 1400/1010/580 1398/1008/580
f 1399/1009/581 1401/1011/581 1402/1012/581 1400/1010/581
f 1401/1011/582 1387/1013/582 1390/1014/582 1402/1012/582
f 1403/1015/583 1404/1016/583 1388/998/583 1387/997/583
f 1404/1016/584 1405/1017/584 1391/1001/584 1388/998/584
f 1405/1017/585 1406/1018/585 1393/1003/585 1391/1001/585
f 1406/1018/586 1407/1019/586 1395/1005/586 1393/1003/586
f 1407/1019/587 1408/1020/587 1397/1007/587 1395/1005/587
f 1408/1020/588 1409/1021/588 1399/1009/588 1397/1007/588
f 1409/1021/589 1410/1022/589 1401/1011/589 1399/1009/589
f 1410/1022/590 1403/1023/590 1387/1013/590 1401/1011/590
f 1411/1024/575 1412/1025/575 1404/1016/575 1403/1015/575
f 1412/1025/576 1413/1026/576 1405/1017/576 1404/1016/576
f 1413/1026/577 1414/1027/577 1406/1018/577 1405/1017/577
f 1414/1027/578 1415/1028/578 1407/1019/578 1406/1018/578
f 1415/1028/579 1416/1029/579 1408/1020/579 1407/1019/579
f 1416/1029/580 1417/1030/580 1409/1021/580 1408/1020/580
f 1417/1030/581 1418/1031/581 1410/1022/581 1409/1021/581
f 1418/1031/582 1411/1032/582 1403/1023/582 1410/1022/582
f 1419/563/162 1419/573/162 1412/1025/162 1411/1024/162
f 1419/573/162 1419/583/162 1413/1026/162 1412/1025/162
f 1419/583/162 1419/593/162 1414/1027/162 1413/1026/162
f 1419/593/162 1419/340/162 1415/1028/162 1414/1027/162
f 1419/340/162 1419/612/162 1416/1029/162 1415/1028/162
f 1419/612/162 1419/622/162 1417/1030/162 1416/1029/162
f 1419/622/162 1419/632/162 1418/1031/162 1417/1030/162
f 1419/632/162 1419/642/162 1411/1032/162 1418/1031/162
o insulator_2
usemtl porcelain
f 1420/691/527 1421/692/527 1422/693/527 1423/694/527
f 1421/692/528 1424/695/528 1425/696/528 1422/693/528
f 1424/695/529 1426/697/529 1427/698/529 1425/696/529
f 1426/697/530 1428/699/530 1429/700/530 1427/698/530
f 1428/699/531 1430/701/531 1431/702/531 1429/700/531
f 1430/701/532 1432/703/532 1433/704/532 1431/702/532
f 1432/703/533 1434/705/533 1435/706/533 1433/704/533
f 1434/705/534 1436/707/534 1437/708/534 1435/706/534
f 1436/707/535 1438/709/535 1439/710/535 1437/708/535
f 1438/709/536 1440/711/536 1441/712/536 1439/710/536
f 1440/711/537 1442/713/537 1443/714/537 1441/712/537
f 1442/713/538 1444/715/538 1445/716/538 1443/714/538
f 1444/715/539 1446/717/539 1447/718/539 1445/716/539
f 1446/717/540 1448/719/540 1449/720/540 1447/718/540
f 1448/719/541 1450/721/541 1451/722/541 1449/720/541
f 1450/721/542 1420/723/542 1423/724/542 1451/722/542
f 1452/725/162 1453/726/162 1421/692/162 1420/691/162
f 1453/726/162 1454/727/162 1424/695/162 1421/692/162
f 1454/727/162 1455/728/162 1426/697/162 1424/695/162
f 1455/728/162 1456/729/162 1428/699/162 1426/697/162
f 1456/729/162 1457/730/162 1430/701/162 1428/699/162
f 1457/730/162 1458/731/162 1432/703/162 1430/701/162
f 1458/731/162 1459/732/162 1434/705/162 1432/703/162
f 1459/732/162 1460/733/162 1436/707/162 1434/705/162
f 1460/733/162 1461/734/162 1438/709/162 1436/707/162
f 1461/734/162 1462/735/162 1440/711/162 1438/709/162
f 1462/735/162 1463/736/162 1442/713/162 1440/711/162
f 1463/736/162 1464/737/162 1444/715/162 1442/713/162
f 1464/737/162 1465/738/162 1446/717/162 1444/715/162
f 1465/738/162 1466/739/162 1448/719/162 1446/717/162
f 1466/739/162 1467/740/162 1450/721/162 1448/719/162
f 1467/740/162 1452/741/162 1420/723/162 1450/721/162
f 1468/742/83 1469/743/83 1453/726/83 1452/725/83
f 1469/743/88 1470/744/88 1454/727/88 1453/726/88
f 1470/744/93 1471/745/93 1455/728/93 1454/727/93
f 1471/745/98 1472/746/98 1456/729/98 1455/728/98
f 1472/746/103 1473/747/103 1457/730/103 1456/729/103
f 1473/747/108 1474/748/108 1458/731/108 1457/730/108
f 1474/748/113 1475/749/113 1459/732/113 1458/731/113
f 1475/749/118 1476/750/118 1460/733/118 1459/732/118
f 1476/750/123 1477/751/123 1461/734/123 1460/733/123
f 1477/751/128 1478/752/128 1462/735/128 1461/734/128
f 1478/752/133 1479/753/133 1463/736/133 1462/735/133
f 1479/753/138 1480/754/138 1464/737/138 1463/736/138
f 1480/754/143 1481/755/143 1465/738/143 1464/737/143
f 1481/755/148 1482/756/148 1466/739/148 1465/738/148
f 1482/756/153 1483/757/153 1467/740/153 1466/739/153
f 1483/757/158 1468/758/158 1452/741/158 1467/740/158
f 1484/759/161 1485/760/161 1469/743/161 1468/742/161
f 1485/760/161 1486/761/161 1470/744/161 1469/743/161
f 1486/761/161 1487/762/161 1471/745/161 1470/744/161
f 1487/762/161 1488/763/161 1472/746/161 1471/745/161
f 1488/763/161 1489/764/161 1473/747/161 1472/746/161
f 1489/764/161 1490/765/161 1474/748/161 1473/747/161
f 1490/765/161 1491/766/161 1475/749/161 1474/748/161
f 1491/766/161 1492/767/161 1476/750/161 1475/749/161
f 1492/767/161 1493/768/161 1477/751/161 1476/750/161
f 1493/768/161 1494/769/161 1478/752/161 1477/751/161
f 1494/769/161 1495/770/161 1479/753/161 1478/752/161
f 1495/770/161 1496/771/161 1480/754/161 1479/753/161
f 1496/771/161 1497/772/161 1481/755/161 1480/754/161
f 1497/772/161 1498/773/161 1482/756/161 1481/755/161
f 1498/773/161 1499/774/161 1483/757/161 1482/756/161
f 1499/774/161 1484/775/161 1468/758/161 1483/757/161
f 1500/776/543 1501/777/543 1485/760/543 1484/759/543
f 1501/777/544 1502/778/544 1486/761/544 1485/760/544
f 1502/778/545 1503/779/545 1487/762/545 1486/761/545
f 1503/779/546 1504/780/546 1488/763/546 1487/762/546
f 1504/780/547 1505/781/547 1489/764/547 1488/763/547
f 1505/781/548 1506/782/548 1490/765/548 1489/764/548
f 1506/782/549 1507/783/549 1491/766/549 1490/765/549
f 1507/783/550 1508/784/550 1492/767/550 1491/766/550
f 1508/784/551 1509/785/551 1493/768/551 1492/767/551
f 1509/785/552 1510/786/552 1494/769/552 1493/768/552
f 1510/786/553 1511/787/553 1495/770/553 1494/769/553
f 1511/787/554 1512/788/554 1496/771/554 1495/770/554
f 1512/788/555 1513/789/555 1497/772/555 1496/771/555
f 1513/789/556 1514/790/556 1498/773/556 1497/772/556
f 1514/790/557 1515/791/557 1499/774/557 1498/773/557
f 1515/791/558 1500/792/558 1484/775/558 1499/774/558
f 1516/793/162 1517/794/162 1501/777/162 1500/776/162
f 1517/794/162 1518/795/162 1502/778/162 1501/777/162
f 1518/795/162 1519/796/162 1503/779/162 1502/778/162
f 1519/796/162 1520/797/162 1504/780/162 1503/779/162
f 1520/797/162 1521/798/162 1505/781/162 1504/780/162
f 1521/798/162 1522/799/162 1506/782/162 1505/781/162
f 1522/799/162 1523/800/162 1507/783/162 1506/782/162
f 1523/800/162 1524/801/162 1508/784/162 1507/783/162
f 1524/801/162 1525/802/162 1509/785/162 1508/784/162
f 1525/802/162 1526/803/162 1510/786/162 1509/785/162
f 1526/803/162 1527/804/162 1511/787/162 1510/786/162
f 1527/804/162 1528/805/162 1512/788/162 1511/787/162
f 1528/805/162 1529/806/162 1513/789/162 1512/788/162
f 1529/806/162 1530/807/162 1514/790/162 1513/789/162
f 1530/807/162 1531/808/162 1515/791/162 1514/790/162
f 1531/808/162 1516/809/162 1500/792/162 1515/791/162
f 1532/810/83 1533/811/83 1517/794/83 1516/793/83
f 1533/811/88 1534/812/88 1518/795/88 1517/794/88
f 1534/812/93 1535/813/93 1519/796/93 1518/795/93
f 1535/813/98 1536/814/98 1520/797/98 1519/796/98
f 1536/814/103 1537/815/103 1521/798/103 1520/797/103
f 1537/815/108 1538/816/108 1522/799/108 1521/798/108
f 1538/816/113 1539/817/113 1523/800/113 1522/799/113
f 1539/817/118 1540/818/118 1524/801/118 1523/800/118
f 1540/818/123 1541/819/123 1525/802/123 1524/801/123
f 1541/819/128 1542/820/128 1526/803/128 1525/802/128
f 1542/820/133 1543/821/133 1527/804/133 1526/803/133
f 1543/821/138 1544/822/138 1528/805/138 1527/804/138
f 1544/822/143 1545/823/143 1529/806/143 1528/805/143
f 1545/823/148 1546/824/148 1530/807/148 1529/806/148
f 1546/824/153 1547/825/153 1531/808/153 1530/807/153
f 1547/825/158 1532/826/158 1516/809/158 1531/808/158
f 1548/827/161 1549/828/161 1533/811/161 1532/810/161
f 1549/828/161 1550/829/161 1534/812/161 1533/811/161
f 1550/829/161 1551/830/161 1535/813/161 1534/812/161
f 1551/830/161 1552/831/161 1536/814/161 1535/813/161
f 1552/831/161 1553/832/161 1537/815/161 1536/814/161
f 1553/832/161 1554/833/161 1538/816/161 1537/815/161
f 1554/833/161 1555/834/161 1539/817/161 1538/816/161
f 1555/834/161 1556/835/161 1540/818/161 1539/817/161
f 1556/835/161 1557/836/161 1541/819/161 1540/818/161
f 1557/836/161 1558/837/161 1542/820/161 1541/819/161
f 1558/837/161 1559/838/161 1543/821/161 1542/820/161
f 1559/838/161 1560/839/161 1544/822/161 1543/821/161
f 1560/839/161 1561/840/161 1545/823/161 1544/822/161
f 1561/840/161 1562/841/161 1546/824/161 1545/823/161
f 1562/841/161 1563/842/161 1547/825/161 1546/824/161
f 1563/842/161 1548/843/161 1532/826/161 1547/825/161
f 1564/844/83 1565/845/83 1549/828/83 1548/827/83
f 1565/845/88 1566/846/88 1550/829/88 1549/828/88
f 1566/846/93 1567/847/93 1551/830/93 1550/829/93
f 1567/847/98 1568/848/98 1552/831/98 1551/830/98
f 1568/848/103 1569/849/103 1553/832/103 1552/831/103
f 1569/849/108 1570/850/108 1554/833/108 1553/832/108
f 1570/850/113 1571/851/113 1555/834/113 1554/833/113
f 1571/851/118 1572/852/118 1556/835/118 1555/834/118
f 1572/852/123 1573/853/123 1557/836/123 1556/835/123
f 1573/853/128 1574/854/128 1558/837/128 1557/836/128
f 1574/854/133 1575/855/133 1559/838/133 1558/837/133
f 1575/855/138 1576/856/138 1560/839/138 1559/838/138
f 1576/856/143 1577/857/143 1561/840/143 1560/839/143
f 1577/857/148 1578/858/148 1562/841/148 1561/840/148
f 1578/858/153 1579/859/153 1563/842/153 1562/841/153
f 1579/859/158 1564/860/158 1548/843/158 1563/842/158
f 1580/861/162 1581/862/162 1565/845/162 1564/844/162
f 1581/862/162 1582/863/162 1566/846/162 1565/845/162
f 1582/863/162 1583/864/162 1567/847/162 1566/846/162
f 1583/864/162 1584/865/162 1568/848/162 1567/847/162
f 1584/865/162 1585/866/162 1569/849/162 1568/848/162
f 1585/866/162 1586/867/162 1570/850/162 1569/849/162
f 1586/867/162 1587/868/162 1571/851/162 1570/850/162
f 1587/868/162 1588/869/162 1572/852/162 1571/851/162
f 1588/869/162 1589/870/162 1573/853/162 1572/852/162
f 1589/870/162 1590/871/162 1574/854/162 1573/853/162
f 1590/871/162 1591/872/162 1575/855/162 1574/854/162
f 1591/872/162 1592/873/162 1576/856/162 1575/855/162
f 1592/873/162 1593/874/162 1577/857/162 1576/856/162
f 1593/874/162 1594/875/162 1578/858/162 1577/857/162
f 1594/875/162 1595/876/162 1579/859/162 1578/858/162
f 1595/876/162 1580/877/162 1564/860/162 1579/859/162
f 1596/878/83 1597/879/83 1581/862/83 1580/861/83
f 1597/879/88 1598/880/88 1582/863/88 1581/862/88
f 1598/880/93 1599/881/93 1583/864/93 1582/863/93
f 1599/881/98 1600/882/98 1584/865/98 1583/864/98
f 1600/882/103 1601/883/103 1585/866/103 1584/865/103
f 1601/883/108 1602/884/108 1586/867/108 1585/866/108
f 1602/884/113 1603/885/113 1587/868/113 1586/867/113
f 1603/885/118 1604/886/118 1588/869/118 1587/868/118
f 1604/886/123 1605/887/123 1589/870/123 1588/869/123
f 1605/887/128 1606/888/128 1590/871/128 1589/870/128
f 1606/888/133 1607/889/133 1591/872/133 1590/871/133
f 1607/889/138 1608/890/138 1592/873/138 1591/872/138
f 1608/890/143 1609/891/143 1593/874/143 1592/873/143
f 1609/891/148 1610/892/148 1594/875/148 1593/874/148
f 1610/892/153 1611/893/153 1595/876/153 1594/875/153
f 1611/893/158 1596/894/158 1580/877/158 1595/876/158
f 1612/895/161 1613/896/161 1597/879/161 1596/878/161
f 1613/896/161 1614/897/161 1598/880/161 1597/879/161
f 1614/897/161 1615/898/161 1599/881/161 1598/880/161
f 1615/898/161 1616/899/161 1600/882/161 1599/881/161
f 1616/899/161 1617/900/161 1601/883/161 1600/882/161
f 1617/900/161 1618/901/161 1602/884/161 1601/883/161
f 1618/901/161 1619/902/161 1603/885/161 1602/884/161
f 1619/902/161 1620/903/161 1604/886/161 1603/885/161
f 1620/903/161 1621/904/161 1605/887/161 1604/886/161
f 1621/904/161 1622/905/161 1606/888/161 1605/887/161
f 1622/905/161 1623/906/161 1607/889/161 1606/888/161
f 1623/906/161 1624/907/161 1608/890/161 1607/889/161
f 1624/907/161 1625/908/161 1609/891/161 1608/890/161
f 1625/908/161 1626/909/161 1610/892/161 1609/891/161
f 1626/909/161 1627/910/161 1611/893/161 1610/892/161
f 1627/910/161 1612/911/161 1596/894/161 1611/893/161
f 1628/912/83 1629/913/83 1613/896/83 1612/895/83
f 1629/913/88 1630/914/88 1614/897/88 1613/896/88
f 1630/914/93 1631/915/93 1615/898/93 1614/897/93
f 1631/915/98 1632/916/98 1616/899/98 1615/898/98
f 1632/916/103 1633/917/103 1617/900/103 1616/899/103
f 1633/917/108 1634/918/108 1618/901/108 1617/900/108
f 1634/918/113 1635/919/113 1619/902/113 1618/901/113
f 1635/919/118 1636/920/118 1620/903/118 1619/902/118
f 1636/920/123 1637/921/123 1621/904/123 1620/903/123
f 1637/921/128 1638/922/128 1622/905/128 1621/904/128
f 1638/922/133 1639/923/133 1623/906/133 1622/905/133
f 1639/923/138 1640/924/138 1624/907/138 1623/906/138
f 1640/924/143 1641/925/143 1625/908/143 1624/907/143
f 1641/925/148 1642/926/148 1626/909/148 1625/908/148
f 1642/926/153 1643/927/153 1627/910/153 1626/909/153
f 1643/927/158 1628/928/158 1612/911/158 1627/910/158
f 1644/929/162 1645/930/162 1629/913/162 1628/912/162
f 1645/930/162 1646/931/162 1630/914/162 1629/913/162
f 1646/931/162 1647/932/162 1631/915/162 1630/914/162
f 1647/932/162 1648/933/162 1632/916/162 1631/915/162
f 1648/933/162 1649/934/162 1633/917/162 1632/916/162
f 1649/934/162 1650/935/162 1634/918/162 1633/917/162
f 1650/935/162 1651/936/162 1635/919/162 1634/918/162
f 1651/936/162 1652/937/162 1636/920/162 1635/919/162
f 1652/937/162 1653/938/162 1637/921/162 1636/920/162
f 1653/938/162 1654/939/162 1638/922/162 1637/921/162
f 1654/939/162 1655/940/162 1639/923/162 1638/922/162
f 1655/940/162 1656/941/162 1640/924/162 1639/923/162
f 1656/941/162 1657/942/162 1641/925/162 1640/924/162
f 1657/942/162 1658/943/162 1642/926/162 1641/925/162
f 1658/943/162 1659/944/162 1643/927/162 1642/926/162
f 1659/944/162 1644/945/162 1628/928/162 1643/927/162
f 1660/946/83 1661/947/83 1645/930/83 1644/929/83
f 1661/947/88 1662/948/88 1646/931/88 1645/930/88
f 1662/948/93 1663/949/93 1647/932/93 1646/931/93
f 1663/949/98 1664/950/98 1648/933/98 1647/932/98
f 1664/950/103 1665/951/103 1649/934/103 1648/933/103
f 1665/951/108 1666/952/108 1650/935/108 1649/934/108
f 1666/952/113 1667/953/113 1651/936/113 1650/935/113
f 1667/953/118 1668/954/118 1652/937/118 1651/936/118
f 1668/954/123 1669/955/123 1653/938/123 1652/937/123
f 1669/955/128 1670/956/128 1654/939/128 1653/938/128
f 1670/956/133 1671/957/133 1655/940/133 1654/939/133
f 1671/957/138 1672/958/138 1656/941/138 1655/940/138
f 1672/958/143 1673/959/143 1657/942/143 1656/941/143
f 1673/959/148 1674/960/148 1658/943/148 1657/942/148
f 1674/960/153 1675/961/153 1659/944/153 1658/943/153
f 1675/961/158 1660/962/158 1644/945/158 1659/944/158
f 1676/963/161 1677/964/161 1661/947/161 1660/946/161
f 1677/964/161 1678/965/161 1662/948/161 1661/947/161
f 1678/965/161 1679/966/161 1663/949/161 1662/948/161
f 1679/966/161 1680/967/161 1664/950/161 1663/949/161
f 1680/967/161 1681/968/161 1665/951/161 1664/950/161
f 1681/968/161 1682/969/161 1666/952/161 1665/951/161
f 1682/969/161 1683/970/161 1667/953/161 1666/952/161
f 1683/970/161 1684/971/161 1668/954/161 1667/953/161
f 1684/971/161 1685/972/161 1669/955/161 1668/954/161
f 1685/972/161 1686/973/161 1670/956/161 1669/955/161
f 1686/973/161 1687/974/161 1671/957/161 1670/956/161
f 1687/974/161 1688/975/161 1672/958/161 1671/957/161
f 1688/975/161 1689/976/161 1673/959/161 1672/958/161
f 1689/976/161 1690/977/161 1674/960/161 1673/959/161
f 1690/977/161 1691/978/161 1675/961/161 1674/960/161
f 1691/978/161 1676/979/161 1660/962/161 1675/961/161
f 1692/980/559 1693/981/559 1677/964/559 1676/963/559
f 1693/981/560 1694/982/560 1678/965/560 1677/964/560
f 1694/982/561 1695/983/561 1679/966/561 1678/965/561
f 1695/983/562 1696/984/562 1680/967/562 1679/966/562
f 1696/984/563 1697/985/563 1681/968/563 1680/967/563
f 1697/985/564 1698/986/564 1682/969/564 1681/968/564
f 1698/986/565 1699/987/565 1683/970/565 1682/969/565
f 1699/987/566 1700/988/566 1684/971/566 1683/970/566
f 1700/988/567 1701/989/567 1685/972/567 1684/971/567
f 1701/989/568 1702/990/568 1686/973/568 1685/972/568
f 1702/990/569 1703/991/569 1687/974/569 1686/973/569
f 1703/991/570 1704/992/570 1688/975/570 1687/974/570
f 1704/992/571 1705/993/571 1689/976/571 1688/975/571
f 1705/993/572 1706/994/572 1690/977/572 1689/976/572
f 1706/994/573 1707/995/573 1691/978/573 1690/977/573
f 1707/995/574 1692/996/574 1676/979/574 1691/978/574
f 1708/563/162 1708/568/162 1693/981/162 1692/980/162
f 1708/568/162 1708/573/162 1694/982/162 1693/981/162
f 1708/573/162 1708/578/162 1695/983/162 1694/982/162
f 1708/578/162 1708/583/162 1696/984/162 1695/983/162
f 1708/583/162 1708/588/162 1697/985/162 1696/984/162
f 1708/588/162 1708/593/162 1698/986/162 1697/985/162
f 1708/593/162 1708/598/162 1699/987/162 1698/986/162
f 1708/598/162 1708/340/162 1700/988/162 1699/987/162
f 1708/340/162 1708/607/162 1701/989/162 1700/988/162
f 1708/607/162 1708/612/162 1702/990/162 1701/989/162
f 1708/612/162 1708/617/162 1703/991/162 1702/990/162
f 1708/617/162 1708/622/162 1704/992/162 1703/991/162
f 1708/622/162 1708/627/162 1705/993/162 1704/992/162
f 1708/627/162 1708/632/162 1706/994/162 1705/993/162
f 1708/632/162 1708/637/162 1707/995/162 1706/994/162
f 1708/637/162 1708/642/162 1692/996/162 1707/995/162
o pin_2
usemtl steel
f 1709/997/575 1710/998/575 1711/999/575 1712/1000/575
f 1710/998/576 1713/1001/576 1714/1002/576 1711/999/576
f 1713/1001/577 1715/1003/577 1716/1004/577 1714/1002/577
f 1715/1003/578 1717/1005/578 1718/1006/578 1716/1004/578
f 1717/1005/579 1719/1007/579 1720/1008/579 1718/1006/579
f 1719/1007/580 1721/1009/580 1722/1010/580 1720/1008/580
f 1721/1009/581 1723/1011/581 1724/1012/581 1722/1010/581
f 1723/1011/582 1709/1013/582 1712/1014/582 1724/1012/582
f 1725/1015/583 1726/1016/583 1710/998/583 1709/997/583
f 1726/1016/584 1727/1017/584 1713/1001/584 1710/998/584
f 1727/1017/585 1728/1018/585 1715/1003/585 1713/1001/585
f 1728/1018/586 1729/1019/586 1717/1005/586 1715/1003/586
f 1729/1019/587 1730/1020/587 1719/1007/587 1717/1005/587
f 1730/1020/588 1731/1021/588 1721/1009/588 1719/1007/588
f 1731/1021/589 1732/1022/589 1723/1011/589 1721/1009/589
f 1732/1022/590 1725/1023/590 1709/1013/590 1723/1011/590
f 1733/1024/575 1734/1025/575 1726/1016/575 1725/1015/575
f 1734/1025/576 1735/1026/576 1727/1017/576 1726/1016/576
f 1735/1026/577 1736/1027/577 1728/1018/577 1727/1017/577
f 1736/1027/578 1737/1028/578 1729/1019/578 1728/1018/578
f 1737/1028/579 1738/1029/579 1730/1020/579 1729/1019/579
f 1738/1029/580 1739/1030/580 1731/1021/580 1730/1020/580
f 1739/1030/581 1740/1031/581 1732/1022/581 1731/1021/581
f 1740/1031/582 1733/1032/582 1725/1023/582 1732/1022/582
f 1741/563/162 1741/573/162 1734/1025/162 1733/1024/162
f 1741/573/162 1741/583/162 1735/1026/162 1734/1025/162
f 1741/583/162 1741/593/162 1736/1027/162 1735/1026/162
f 1741/593/162 1741/340/162 1737/1028/162 1736/1027/162
f 1741/340/162 1741/612/162 1738/1029/162 1737/1028/162
f 1741/612/162 1741/622/162 1739/1030/162 1738/1029/162
f 1741/622/162 1741/632/162 1740/1031/162 1739/1030/162
f 1741/632/162 1741/642/162 1733/1032/162 1740/1031/162
o insulator_3
usemtl porcelain
f 1742/691/527 1743/692/527 1744/693/527 1745/694/527
f 1743/692/528 1746/695/528 1747/696/528 1744/693/528
f 1746/695/529 1748/697/529 1749/698/529 1747/696/529
f 1748/697/530 1750/699/530 1751/700/530 1749/698/530
f 1750/699/531 1752/701/531 1753/702/531 1751/700/531
f 1752/701/532 1754/703/532 1755/704/532 1753/702/532
f 1754/703/533 1756/705/533 1757/706/533 1755/704/533
f 1756/705/534 1758/707/534 1759/708/534 1757/706/534
f 1758/707/535 1760/709/535 1761/710/535 1759/708/535
f 1760/709/536 1762/711/536 1763/712/536 1761/710/536
f 1762/711/537 1764/713/537 1765/714/537 1763/712/537
f 1764/713/538 1766/715/538 1767/716/538 1765/714/538
f 1766/715/539 1768/717/539 1769/718/539 1767/716/539
f 1768/717/540 1770/719/540 1771/720/540 1769/718/540
f 1770/719/541 1772/721/541 1773/722/541 1771/720/541
f 1772/721/542 1742/723/542 1745/724/542 1773/722/542
f 1774/725/162 1775/726/162 1743/692/162 1742/691/162
f 1775/726/162 1776/727/162 1746/695/162 1743/692/162
f 1776/727/162 1777/728/162 1748/697/162 1746/695/162
f 1777/728/162 1778/729/162 1750/699/162 1748/697/162
f 1778/729/162 1779/730/162 1752/701/162 1750/699/162
f 1779/730/162 1780/731/162 1754/703/162 1752/701/162
f 1780/731/162 1781/732/162 1756/705/162 1754/703/162
f 1781/732/162 1782/733/162 1758/707/162 1756/705/162
f 1782/733/162 1783/734/162 1760/709/162 1758/707/162
f 1783/734/162 1784/735/162 1762/711/162 1760/709/162
f 1784/735/162 1785/736/162 1764/713/162 1762/711/162
f 1785/736/162 1786/737/162 1766/715/162 1764/713/162
f 1786/737/162 1787/738/162 1768/717/162 1766/715/162
f 1787/738/162 1788/739/162 1770/719/162 1768/717/162
f 1788/739/162 1789/740/162 1772/721/162 1770/719/162
f 1789/740/162 1774/741/162 1742/723/162 1772/721/162
f 1790/742/83 1791/743/83 1775/726/83 1774/725/83
f 1791/743/88 1792/744/88 1776/727/88 1775/726/88
f 1792/744/93 1793/745/93 1777/728/93 1776/727/93
f 1793/745/98 1794/746/98 1778/729/98 1777/728/98
f 1794/746/103 1795/747/103 1779/730/103 1778/729/103
f 1795/747/108 1796/748/108 1780/731/108 1779/730/108
f 1796/748/113 1797/749/113 1781/732/113 1780/731/113
f 1797/749/118 1798/750/118 1782/733/118 1781/732/118
f 1798/750/123 1799/751/123 1783/734/123 1782/733/123
f 1799/751/128 1800/752/128 1784/735/128 1783/734/128
f 1800/752/133 1801/753/133 1785/736/133 1784/735/133
f 1801/753/138 1802/754/138 1786/737/138 1785/736/138
f 1802/754/143 1803/755/143 1787/738/143 1786/737/143
f 1803/755/148 1804/756/148 1788/739/148 1787/738/148
f 1804/756/153 1805/757/153 1789/740/153 1788/739/153
f 1805/757/158 1790/758/158 1774/741/158 1789/740/158
f 1806/759/161 1807/760/161 1791/743/161 1790/742/161
f 1807/760/161 1808/761/161 1792/744/161 1791/743/161
f 1808/761/161 1809/762/161 1793/745/161 1792/744/161
f 1809/762/161 1810/763/161 1794/746/161 1793/745/161
f 1810/763/161 1811/764/161 1795/747/161 1794/746/161
f 1811/764/161 1812/765/161 1796/748/161 1795/747/161
f 1812/765/161 1813/766/161 1797/749/161 1796/748/161
f 1813/766/161 1814/767/161 1798/750/161 1797/749/161
f 1814/767/161 1815/768/161 1799/751/161 1798/750/161
f 1815/768/161 1816/769/161 1800/752/161 1799/751/161
f 1816/769/161 1817/770/161 1801/753/161 1800/752/161
f 1817/770/161 1818/771/161 1802/754/161 1801/753/161
f 1818/771/161 1819/772/161 1803/755/161 1802/754/161
f 1819/772/161 1820/773/161 1804/756/161 1803/755/161
f 1820/773/161 1821/774/161 1805/757/161 1804/756/161
f 1821/774/161 1806/775/161 1790/758/161 1805/757/161
f 1822/776/543 1823/777/543 1807/760/543 1806/759/543
f 1823/777/544 1824/778/544 1808/761/544 1807/760/544
f 1824/778/545 1825/779/545 1809/762/545 1808/761/545
f 1825/779/546 1826/780/546 1810/763/546 1809/762/546
f 1826/780/547 1827/781/547 1811/764/547 1810/763/547
f 1827/781/548 1828/782/548 1812/765/548 1811/764/548
f 1828/782/549 1829/783/549 1813/766/549 1812/765/549
f 1829/783/550 1830/784/550 1814/767/550 1813/766/550
f 1830/784/551 1831/785/551 1815/768/551 1814/767/551
f 1831/785/552 1832/786/552 1816/769/552 1815/768/552
f 1832/786/553 1833/787/553 1817/770/553 1816/769/553
f 1833/787/554 1834/788/554 1818/771/554 1817/770/554
f 1834/788/555 1835/789/555 1819/772/555 1818/771/555
f 1835/789/556 1836/790/556 1820/773/556 1819/772/556
f 1836/790/557 1837/791/557 1821/774/557 1820/773/557
f 1837/791/558 1822/792/558 1806/775/558 1821/774/558
f 1838/793/162 1839/794/162 1823/777/162 1822/776/162
f 1839/794/162 1840/795/162 1824/778/162 1823/777/162
f 1840/795/162 1841/796/162 1825/779/162 1824/778/162
f 1841/796/162 1842/797/162 1826/780/162 1825/779/162
f 1842/797/162 1843/798/162 1827/781/162 1826/780/162
f 1843/798/162 1844/799/162 1828/782/162 1827/781/162
f 1844/799/162 1845/800/162 1829/783/162 1828/782/162
f 1845/800/162 1846/801/162 1830/784/162 1829/783/162
f 1846/801/162 1847/802/162 1831/785/162 1830/784/162
f 1847/802/162 1848/803/162 1832/786/162 1831/785/162
f 1848/803/162 1849/804/162 1833/787/162 1832/786/162
f 1849/804/162 1850/805/162 1834/788/162 1833/787/162
f 1850/805/162 1851/806/162 1835/789/162 1834/788/162
f 1851/806/162 1852/807/162 1836/790/162 1835/789/162
f 1852/807/162 1853/808/162 1837/791/162 1836/790/162
f 1853/808/162 1838/809/162 1822/792/162 1837/791/162
f 1854/810/83 1855/811/83 1839/794/83 1838/793/83
f 1855/811/88 1856/812/88 1840/795/88 1839/794/88
f 1856/812/93 1857/813/93 1841/796/93 1840/795/93
f 1857/813/98 1858/814/98 1842/797/98 1841/796/98
f 1858/814/103 1859/815/103 1843/798/103 1842/797/103
f 1859/815/108 1860/816/108 1844/799/108 1843/798/108
f 1860/816/113 1861/817/113 1845/800/113 1844/799/113
f 1861/817/118 1862/818/118 1846/801/118 1845/800/118
f 1862/818/123 1863/819/123 1847/802/123 1846/801/123
f 1863/819/128 1864/820/128 1848/803/128 1847/802/128
f 1864/820/133 1865/821/133 1849/804/133 1848/803/133
f 1865/821/138 1866/822/138 1850/805/138 1849/804/138
f 1866/822/143 1867/823/143 1851/806/143 1850/805/143
f 1867/823/148 1868/824/148 1852/807/148 1851/806/148
f 1868/824/153 1869/825/153 1853/808/153 1852/807/153
f 1869/825/158 1854/826/158 1838/809/158 1853/808/158
f 1870/827/161 1871/828/161 1855/811/161 1854/810/161
f 1871/828/161 1872/829/161 1856/812/161 1855/811/161
f 1872/829/161 1873/830/161 1857/813/161 1856/812/161
f 1873/830/161 1874/831/161 1858/814/161 1857/813/161
f 1874/831/161 1875/832/161 1859/815/161 1858/814/161
f 1875/832/161 1876/833/161 1860/816/161 1859/815/161
f 1876/833/161 1877/834/161 1861/817/161 1860/816/161
f 1877/834/161 1878/835/161 1862/818/161 1861/817/161
f 1878/835/161 1879/836/161 1863/819/161 1862/818/161
f 1879/836/161 1880/837/161 1864/820/161 1863/819/161
f 1880/837/161 1881/838/161 1865/821/161 1864/820/161
f 1881/838/161 1882/839/161 1866/822/161 1865/821/161
f 1882/839/161 1883/840/161 1867/823/161 1866/822/161
f 1883/840/161 1884/841/161 1868/824/161 1867/823/161
f 1884/841/161 1885/842/161 1869/825/161 1868/824/161
f 1885/842/161 1870/843/161 1854/826/161 1869/825/161
f 1886/844/83 1887/845/83 1871/828/83 1870/827/83
f 1887/845/88 1888/846/88 1872/829/88 1871/828/88
f 1888/846/93 1889/847/93 1873/830/93 1872/829/93
f 1889/847/98 1890/848/98 1874/831/98 1873/830/98
f 1890/848/103 1891/849/103 1875/832/103 1874/831/103
f 1891/849/108 1892/850/108 1876/833/108 1875/832/108
f 1892/850/113 1893/851/113 1877/834/113 1876/833/113
f 1893/851/118 1894/852/118 1878/835/118 1877/834/118
f 1894/852/123 1895/853/123 1879/836/123 1878/835/123
f 1895/853/128 1896/854/128 1880/837/128 1879/836/128
f 1896/854/133 1897/855/133 1881/838/133 1880/837/133
f 1897/855/138 1898/856/138 1882/839/138 1881/838/138
f 1898/856/143 1899/857/143 1883/840/143 1882/839/143
f 1899/857/148 1900/858/148 1884/841/148 1883/840/148
f 1900/858/153 1901/859/153 1885/842/153 1884/841/153
f 1901/859/158 1886/860/158 1870/843/158 1885/842/158
f 1902/861/162 1903/862/162 1887/845/162 1886/844/162
f 1903/862/162 1904/863/162 1888/846/162 1887/845/162
f 1904/863/162 1905/864/162 1889/847/162 1888/846/162
f 1905/864/162 1906/865/162 1890/848/162 1889/847/162
f 1906/865/162 1907/866/162 1891/849/162 1890/848/162
f 1907/866/162 1908/867/162 1892/850/162 1891/849/162
f 1908/867/162 1909/868/162 1893/851/162 1892/850/162
f 1909/868/162 1910/869/162 1894/852/162 1893/851/162
f 1910/869/162 1911/870/162 1895/853/162 1894/852/162
f 1911/870/162 1912/871/162 1896/854/162 1895/853/162
f 1912/871/162 1913/872/162 1897/855/162 1896/854/162
f 1913/872/162 1914/873/162 1898/856/162 1897/855/162
f 1914/873/162 1915/874/162 1899/857/162 1898/856/162
f 1915/874/162 1916/875/162 1900/858/162 1899/857/162
f 1916/875/162 1917/876/162 1901/859/162 1900/858/162
f 1917/876/162 1902/877/162 1886/860/162 1901/859/162
f 1918/878/83 1919/879/83 1903/862/83 1902/861/83
f 1919/879/88 1920/880/88 1904/863/88 1903/862/88
f 1920/880/93 1921/881/93 1905/864/93 1904/863/93
f 1921/881/98 1922/882/98 1906/865/98 1905/864/98
f 1922/882/103 1923/883/103 1907/866/103 1906/865/103
f 1923/883/108 1924/884/108 1908/867/108 1907/866/108
f 1924/884/113 1925/885/113 1909/868/113 1908/867/113
f 1925/885/118 1926/886/118 1910/869/118 1909/868/118
f 1926/886/123 1927/887/123 1911/870/123 1910/869/123
f 1927/887/128 1928/888/128 1912/871/128 1911/870/128
f 1928/888/133 1929/889/133 1913/872/133 1912/871/133
f 1929/889/138 1930/890/138 1914/873/138 1913/872/138
f 1930/890/143 1931/891/143 1915/874/143 1914/873/143
f 1931/891/148 1932/892/148 1916/875/148 1915/874/148
f 1932/892/153 1933/893/153 1917/876/153 1916/875/153
f 1933/893/158 1918/894/158 1902/877/158 1917/876/158
f 1934/895/161 1935/896/161 1919/879/161 1918/878/161
f 1935/896/161 1936/897/161 1920/880/161 1919/879/161
f 1936/897/161 1937/898/161 1921/881/161 1920/880/161
f 1937/898/161 1938/899/161 1922/882/161 1921/881/161
f 1938/899/161 1939/900/161 1923/883/161 1922/882/161
f 1939/900/161 1940/901/161 1924/884/161 1923/883/161
f 1940/901/161 1941/902/161 1925/885/161 1924/884/161
f 1941/902/161 1942/903/161 1926/886/161 1925/885/161
f 1942/903/161 1943/904/161 1927/887/161 1926/886/161
f 1943/904/161 1944/905/161 1928/888/161 1927/887/161
f 1944/905/161 1945/906/161 1929/889/161 1928/888/161
f 1945/906/161 1946/907/161 1930/890/161 1929/889/161
f 1946/907/161 1947/908/161 1931/891/161 1930/890/161
f 1947/908/161 1948/909/161 1932/892/161 1931/891/161
f 1948/909/161 1949/910/161 1933/893/161 1932/892/161
f 1949/910/161 1934/911/161 1918/894/161 1933/893/161
f 1950/912/83 1951/913/83 1935/896/83 1934/895/83
f 1951/913/88 1952/914/88 1936/897/88 1935/896/88
f 1952/914/93 1953/915/93 1937/898/93 1936/897/93
f 1953/915/98 1954/916/98 1938/899/98 1937/898/98
f 1954/916/103 1955/917/103 1939/900/103 1938/899/103
f 1955/917/108 1956/918/108 1940/901/108 1939/900/108
f 1956/918/113 1957/919/113 1941/902/113 1940/901/113
f 1957/919/118 1958/920/118 1942/903/118 1941/902/118
f 1958/920/123 1959/921/123 1943/904/123 1942/903/123
f 1959/921/128 1960/922/128 1944/905/128 1943/904/128
f 1960/922/133 1961/923/133 1945/906/133 1944/905/133
f 1961/923/138 1962/924/138 1946/907/138 1945/906/138
f 1962/924/143 1963/925/143 1947/908/143 1946/907/143
f 1963/925/148 1964/926/148 1948/909/148 1947/908/148
f 1964/926/153 1965/927/153 1949/910/153 1948/909/153
f 1965/927/158 1950/928/158 1934/911/158 1949/910/158
f 1966/929/162 1967/930/162 1951/913/162 1950/912/162
f 1967/930/162 1968/931/162 1952/914/162 1951/913/162
f 1968/931/162 1969/932/162 1953/915/162 1952/914/162
f 1969/932/162 1970/933/162 1954/916/162 1953/915/162
f 1970/933/162 1971/934/162 1955/917/162 1954/916/162
f 1971/934/162 1972/935/162 1956/918/162 1955/917/162
f 1972/935/162 1973/936/162 1957/919/162 1956/918/162
f 1973/936/162 1974/937/162 1958/920/162 1957/919/162
f 1974/937/162 1975/938/162 1959/921/162 1958/920/162
f 1975/938/162 1976/939/162 1960/922/162 1959/921/162
f 1976/939/162 1977/940/162 1961/923/162 1960/922/162
f 1977/940/162 1978/941/162 1962/924/162 1961/923/162
f 1978/941/162 1979/942/162 1963/925/162 1962/924/162
f 1979/942/162 1980/943/162 1964/926/162 1963/925/162
f 1980/943/162 1981/944/162 1965/927/162 1964/926/162
f 1981/944/162 1966/945/162 1950/928/162 1965/927/162
f 1982/946/83 1983/947/83 1967/930/83 1966/929/83
f 1983/947/88 1984/948/88 1968/931/88 1967/930/88
f 1984/948/93 1985/949/93 1969/932/93 1968/931/93
f 1985/949/98 1986/950/98 1970/933/98 1969/932/98
f 1986/950/103 1987/951/103 1971/934/103 1970/933/103
f 1987/951/108 1988/952/108 1972/935/108 1971/934/108
f 1988/952/113 1989/953/113 1973/936/113 1972/935/113
f 1989/953/118 1990/954/118 1974/937/118 1973/936/118
f 1990/954/123 1991/955/123 1975/938/123 1974/937/123
f 1991/955/128 1992/956/128 1976/939/128 1975/938/128
f 1992/956/133 1993/957/133 1977/940/133 1976/939/133
f 1993/957/138 1994/958/138 1978/941/138 1977/940/138
f 1994/958/143 1995/959/143 1979/942/143 1978/941/143
f 1995/959/148 1996/960/148 1980/943/148 1979/942/148
f 1996/960/153 1997/961/153 1981/944/153 1980/943/153
f 1997/961/158 1982/962/158 1966/945/158 1981/944/158
f 1998/963/161 1999/964/161 1983/947/161 1982/946/161
f 1999/964/161 2000/965/161 1984/948/161 1983/947/161
f 2000/965/161 2001/966/161 1985/949/161 1984/948/161
f 2001/966/161 2002/967/161 1986/950/161 1985/949/161
f 2002/967/161 2003/968/161 1987/951/161 1986/950/161
f 2003/968/161 2004/969/161 1988/952/161 1987/951/161
f 2004/969/161 2005/970/161 1989/953/161 1988/952/161
f 2005/970/161 2006/971/161 1990/954/161 1989/953/161
f 2006/971/161 2007/972/161 1991/955/161 1990/954/161
f 2007/972/161 2008/973/161 1992/956/161 1991/955/161
f 2008/973/161 2009/974/161 1993/957/161 1992/956/161
f 2009/974/161 2010/975/161 1994/958/161 1993/957/161
f 2010/975/161 2011/976/161 1995/959/161 1994/958/161
f 2011/976/161 2012/977/161 1996/960/161 1995/959/161
f 2012/977/161 2013/978/161 1997/961/161 1996/960/161
f 2013/978/161 1998/979/161 1982/962/161 1997/961/161
f 2014/980/559 2015/981/559 1999/964/559 1998/963/559
f 2015/981/560 2016/982/560 2000/965/560 1999/964/560
f 2016/982/561 2017/983/561 2001/966/561 2000/965/561
f 2017/983/562 2018/984/562 2002/967/562 2001/966/562
f 2018/984/563 2019/985/563 2003/968/563 2002/967/563
f 2019/985/564 2020/986/564 2004/969/564 2003/968/564
f 2020/986/565 2021/987/565 2005/970/565 2004/969/565
f 2021/987/566 2022/988/566 2006/971/566 2005/970/566
f 2022/988/567 2023/989/567 2007/972/567 2006/971/567
f 2023/989/568 2024/990/568 2008/973/568 2007/972/568
f 2024/990/569 2025/991/569 2009/974/569 2008/973/569
f 2025/991/570 2026/992/570 2010/975/570 2009/974/570
f 2026/992/571 2027/993/571 2011/976/571 2010/975/571
f 2027/993/572 2028/994/572 2012/977/572 2011/976/572
f 2028/994/573 2029/995/573 2013/978/573 2012/977/573
f 2029/995/574 2014/996/574 1998/979/574 2013/978/574
f 2030/563/162 2030/568/162 2015/981/162 2014/980/162
f 2030/568/162 2030/573/162 2016/982/162 2015/981/162
f 2030/573/162 2030/578/162 2017/983/162 2016/982/162
f 2030/578/162 2030/583/162 2018/984/162 2017/983/162
f 2030/583/162 2030/588/162 2019/985/162 2018/984/162
f 2030/588/162 2030/593/162 2020/986/162 2019/985/162
f 2030/593/162 2030/598/162 2021/987/162 2020/986/162
f 2030/598/162 2030/340/162 2022/988/162 2021/987/162
f 2030/340/162 2030/607/162 2023/989/162 2022/988/162
f 2030/607/162 2030/612/162 2024/990/162 2023/989/162
f 2030/612/162 2030/617/162 2025/991/162 2024/990/162
f 2030/617/162 2030/622/162 2026/992/162 2025/991/162
f 2030/622/162 2030/627/162 2027/993/162 2026/992/162
f 2030/627/162 2030/632/162 2028/994/162 2027/993/162
f 2030/632/162 2030/637/162 2029/995/162 2028/994/162
f 2030/637/162 2030/642/162 2014/996/162 2029/995/162
o pin_3
usemtl steel
f 2031/997/575 2032/998/575 2033/999/575 2034/1000/575
f 2032/998/576 2035/1001/576 2036/1002/576 2033/999/576
f 2035/1001/577 2037/1003/577 2038/1004/577 2036/1002/577
f 2037/1003/578 2039/1005/578 2040/1006/578 2038/1004/578
f 2039/1005/579 2041/1007/579 2042/1008/579 2040/1006/579
f 2041/1007/580 2043/1009/580 2044/1010/580 2042/1008/580
f 2043/1009/581 2045/1011/581 2046/1012/581 2044/1010/581
f 2045/1011/582 2031/1013/582 2034/1014/582 2046/1012/582
f 2047/1015/583 2048/1016/583 2032/998/583 2031/997/583
f 2048/1016/584 2049/1017/584 2035/1001/584 2032/998/584
f 2049/1017/585 2050/1018/585 2037/1003/585 2035/1001/585
f 2050/1018/586 2051/1019/586 2039/1005/586 2037/1003/586
f 2051/1019/587 2052/1020/587 2041/1007/587 2039/1005/587
f 2052/1020/588 2053/1021/588 2043/1009/588 2041/1007/588
f 2053/1021/589 2054/1022/589 2045/1011/589 2043/1009/589
f 2054/1022/590 2047/1023/590 2031/1013/590 2045/1011/590
f 2055/1024/575 2056/1025/575 2048/1016/575 2047/1015/575
f 2056/1025/576 2057/1026/576 2049/1017/576 2048/1016/576
f 2057/1026/577 2058/1027/577 2050/1018/577 2049/1017/577
f 2058/1027/578 2059/1028/578 2051/1019/578 2050/1018/578
f 2059/1028/579 2060/1029/579 2052/1020/579 2051/1019/579
f 2060/1029/580 2061/1030/580 2053/1021/580 2052/1020/580
f 2061/1030/581 2062/1031/581 2054/1022/581 2053/1021/581
f 2062/1031/582 2055/1032/582 2047/1023/582 2054/1022/582
f 2063/563/162 2063/573/162 2056/1025/162 2055/1024/162
f 2063/573/162 2063/583/162 2057/1026/162 2056/1025/162
f 2063/583/162 2063/593/162 2058/1027/162 2057/1026/162
f 2063/593/162 2063/340/162 2059/1028/162 2058/1027/162
f 2063/340/162 2063/612/162 2060/1029/162 2059/1028/162
f 2063/612/162 2063/622/162 2061/1030/162 2060/1029/162
f 2063/622/162 2063/632/162 2062/1031/162 2061/1030/162
f 2063/632/162 2063/642/162 2055/1032/162 2062/1031/162
o insulator_4
usemtl porcelain
f 2064/691/527 2065/692/527 2066/693/527 2067/694/527
f 2065/692/528 2068/695/528 2069/696/528 2066/693/528
f 2068/695/529 2070/697/529 2071/698/529 2069/696/529
f 2070/697/530 2072/699/530 2073/700/530 2071/698/530
f 2072/699/531 2074/701/531 2075/702/531 2073/700/531
f 2074/701/532 2076/703/532 2077/704/532 2075/702/532
f 2076/703/533 2078/705/533 2079/706/533 2077/704/533
f 2078/705/534 2080/707/534 2081/708/534 2079/706/534
f 2080/707/535 2082/709/535 2083/710/535 2081/708/535
f 2082/709/536 2084/711/536 2085/712/536 2083/710/536
f 2084/711/537 2086/713/537 2087/714/537 2085/712/537
f 2086/713/538 2088/715/538 2089/716/538 2087/714/538
f 2088/715/539 2090/717/539 2091/718/539 2089/716/539
f 2090/717/540 2092/719/540 2093/720/540 2091/718/540
f 2092/719/541 2094/721/541 2095/722/541 2093/720/541
f 2094/721/542 2064/723/542 2067/724/542 2095/722/542
f 2096/725/162 2097/726/162 2065/692/162 2064/691/162
f 2097/726/162 2098/727/162 2068/695/162 2065/692/162
f 2098/727/162 2099/728/162 2070/697/162 2068/695/162
f 2099/728/162 2100/729/162 2072/699/162 2070/697/162
f 2100/729/162 2101/730/162 2074/701/162 2072/699/162
f 2101/730/162 2102/731/162 2076/703/162 2074/701/162
f 2102/731/162 2103/732/162 2078/705/162 2076/703/162
f 2103/732/162 2104/733/162 2080/707/162 2078/705/162
f 2104/733/162 2105/734/162 2082/709/162 2080/707/162
f 2105/734/162 2106/735/162 2084/711/162 2082/709/162
f 2106/735/162 2107/736/162 2086/713/162 2084/711/162
f 2107/736/162 2108/737/162 2088/715/162 2086/713/162
f 2108/737/162 2109/738/162 2090/717/162 2088/715/162
f 2109/738/162 2110/739/162 2092/719/162 2090/717/162
f 2110/739/162 2111/740/162 2094/721/162 2092/719/162
f 2111/740/162 2096/741/162 2064/723/162 2094/721/162
f 2112/742/83 2113/743/83 2097/726/83 2096/725/83
f 2113/743/88 2114/744/88 2098/727/88 2097/726/88
f 2114/744/93 2115/745/93 2099/728/93 2098/727/93
f 2115/745/98 2116/746/98 2100/729/98 2099/728/98
f 2116/746/103 2117/747/103 2101/730/103 2100/729/103
f 2117/747/108 2118/748/108 2102/731/108 2101/730/108
f 2118/748/113 2119/749/113 2103/732/113 2102/731/113
f 2119/749/118 2120/750/118 2104/733/118 2103/732/118
f 2120/750/123 2121/751/123 2105/734/123 2104/733/123
f 2121/751/128 2122/752/128 2106/735/128 2105/734/128
f 2122/752/133 2123/753/133 2107/736/133 2106/735/133
f 2123/753/138 2124/754/138 2108/737/138 2107/736/138
f 2124/754/143 2125/755/143 2109/738/143 2108/737/143
f 2125/755/148 2126/756/148 2110/739/148 2109/738/148
f 2126/756/153 2127/757/153 2111/740/153 2110/739/153
f 2127/757/158 2112/758/158 2096/741/158 2111/740/158
f 2128/759/161 2129/760/161 2113/743/161 2112/742/161
f 2129/760/161 2130/761/161 2114/744/161 2113/743/161
f 2130/761/161 2131/762/161 2115/745/161 2114/744/161
f 2131/762/161 2132/763/161 2116/746/161 2115/745/161
f 2132/763/161 2133/764/161 2117/747/161 2116/746/161
f 2133/764/161 2134/765/161 2118/748/161 2117/747/161
f 2134/765/161 2135/766/161 2119/749/161 2118/748/161
f 2135/766/161 2136/767/161 2120/750/161 2119/749/161
f 2136/767/161 2137/768/161 2121/751/161 2120/750/161
f 2137/768/161 2138/769/161 2122/752/161 2121/751/161
f 2138/769/161 2139/770/161 2123/753/161 2122/752/161
f 2139/770/161 2140/771/161 2124/754/161 2123/753/161
f 2140/771/161 2141/772/161 2125/755/161 2124/754/161
f 2141/772/161 2142/773/161 2126/756/161 2125/755/161
f 2142/773/161 2143/774/161 2127/757/161 2126/756/161
f 2143/774/161 2128/775/161 2112/758/161 2127/757/161
f 2144/776/543 2145/777/543 2129/760/543 2128/759/543
f 2145/777/544 2146/778/544 2130/761/544 2129/760/544
f 2146/778/545 2147/779/545 2131/762/545 2130/761/545
f 2147/779/546 2148/780/546 2132/763/546 2131/762/546
f 2148/780/547 2149/781/547 2133/764/547 2132/763/547
f 2149/781/548 2150/782/548 2134/765/548 2133/764/548
f 2150/782/549 2151/783/549 2135/766/549 2134/765/549
f 2151/783/550 2152/784/550 2136/767/550 2135/766/550
f 2152/784/551 2153/785/551 2137/768/551 2136/767/551
f 2153/785/552 2154/786/552 2138/769/552 2137/768/552
f 2154/786/553 2155/787/553 2139/770/553 2138/769/553
f 2155/787/554 2156/788/554 2140/771/554 2139/770/554
f 2156/788/555 2157/789/555 2141/772/555 2140/771/555
f 2157/789/556 2158/790/556 2142/773/556 2141/772/556
f 2158/790/557 2159/791/557 2143/774/557 2142/773/557
f 2159/791/558 2144/792/558 2128/775/558 2143/774/558
f 2160/793/162 2161/794/162 2145/777/162 2144/776/162
f 2161/794/162 2162/795/162 2146/778/162 2145/777/162
f 2162/795/162 2163/796/162 2147/779/162 2146/778/162
f 2163/796/162 2164/797/162 2148/780/162 2147/779/162
f 2164/797/162 2165/798/162 2149/781/162 2148/780/162
f 2165/798/162 2166/799/162 2150/782/162 2149/781/162
f 2166/799/162 2167/800/162 2151/783/162 2150/782/162
f 2167/800/162 2168/801/162 2152/784/162 2151/783/162
f 2168/801/162 2169/802/162 2153/785/162 2152/784/162
f 2169/802/162 2170/803/162 2154/786/162 2153/785/162
f 2170/803/162 2171/804/162 2155/787/162 2154/786/162
f 2171/804/162 2172/805/162 2156/788/162 2155/787/162
f 2172/805/162 2173/806/162 2157/789/162 2156/788/162
f 2173/806/162 2174/807/162 2158/790/162 2157/789/162
f 2174/807/162 2175/808/162 2159/791/162 2158/790/162
f 2175/808/162 2160/809/162 2144/792/162 2159/791/162
f 2176/810/83 2177/811/83 2161/794/83 2160/793/83
f 2177/811/88 2178/812/88 2162/795/88 2161/794/88
f 2178/812/93 2179/813/93 2163/796/93 2162/795/93
f 2179/813/98 2180/814/98 2164/797/98 2163/796/98
f 2180/814/103 2181/815/103 2165/798/103 2164/797/103
f 2181/815/108 2182/816/108 2166/799/108 2165/798/108
f 2182/816/113 2183/817/113 2167/800/113 2166/799/113
f 2183/817/118 2184/818/118 2168/801/118 2167/800/118
f 2184/818/123 2185/819/123 2169/802/123 2168/801/123
f 2185/819/128 2186/820/128 2170/803/128 2169/802/128
f 2186/820/133 2187/821/133 2171/804/133 2170/803/133
f 2187/821/138 2188/822/138 2172/805/138 2171/804/138
f 2188/822/143 2189/823/143 2173/806/143 2172/805/143
f 2189/823/148 2190/824/148 2174/807/148 2173/806/148
f 2190/824/153 2191/825/153 2175/808/153 2174/807/153
f 2191/825/158 2176/826/158 2160/809/158 2175/808/158
f 2192/827/161 2193/828/161 2177/811/161 2176/810/161
f 2193/828/161 2194/829/161 2178/812/161 2177/811/161
f 2194/829/161 2195/830/161 2179/813/161 2178/812/161
f 2195/830/161 2196/831/161 2180/814/161 2179/813/161
f 2196/831/161 2197/832/161 2181/815/161 2180/814/161
f 2197/832/161 2198/833/161 2182/816/161 2181/815/161
f 2198/833/161 2199/834/161 2183/817/161 2182/816/161
f 2199/834/161 2200/835/161 2184/818/161 2183/817/161
f 2200/835/161 2201/836/161 2185/819/161 2184/818/161
f 2201/836/161 2202/837/161 2186/820/161 2185/819/161
f 2202/837/161 2203/838/161 2187/821/161 2186/820/161
f 2203/838/161 2204/839/161 2188/822/161 2187/821/161
f 2204/839/161 2205/840/161 2189/823/161 2188/822/161
f 2205/840/161 2206/841/161 2190/824/161 2189/823/161
f 2206/841/161 2207/842/161 2191/825/161 2190/824/161
f 2207/842/161 2192/843/161 2176/826/161 2191/825/161
f 2208/844/83 2209/845/83 2193/828/83 2192/827/83
f 2209/845/88 2210/846/88 2194/829/88 2193/828/88
f 2210/846/93 2211/847/93 2195/830/93 2194/829/93
f 2211/847/98 2212/848/98 2196/831/98 2195/830/98
f 2212/848/103 2213/849/103 2197/832/103 2196/831/103
f 2213/849/108 2214/850/108 2198/833/108 2197/832/108
f 2214/850/113 2215/851/113 2199/834/113 2198/833/113
f 2215/851/118 2216/852/118 2200/835/118 2199/834/118
f 2216/852/123 2217/853/123 2201/836/123 2200/835/123
f 2217/853/128 2218/854/128 2202/837/128 2201/836/128
f 2218/854/133 2219/855/133 2203/838/133 2202/837/133
f 2219/855/138 2220/856/138 2204/839/138 2203/838/138
f 2220/856/143 2221/857/143 2205/840/143 2204/839/143
f 2221/857/148 2222/858/148 2206/841/148 2205/840/148
f 2222/858/153 2223/859/153 2207/842/153 2206/841/153
f 2223/859/158 2208/860/158 2192/843/158 2207/842/158
f 2224/861/162 2225/862/162 2209/845/162 2208/844/162
f 2225/862/162 2226/863/162 2210/846/162 2209/845/162
f 2226/863/162 2227/864/162 2211/847/162 2210/846/162
f 2227/864/162 2228/865/162 2212/848/162 2211/847/162
f 2228/865/162 2229/866/162 2213/849/162 2212/848/162
f 2229/866/162 2230/867/162 2214/850/162 2213/849/162
f 2230/867/162 2231/868/162 2215/851/162 2214/850/162
f 2231/868/162 2232/869/162 2216/852/162 2215/851/162
f 2232/869/162 2233/870/162 2217/853/162 2216/852/162
f 2233/870/162 2234/871/162 2218/854/162 2217/853/162
f 2234/871/162 2235/872/162 2219/855/162 2218/854/162
f 2235/872/162 2236/873/162 2220/856/162 2219/855/162
f 2236/873/162 2237/874/162 2221/857/162 2220/856/162
f 2237/874/162 2238/875/162 2222/858/162 2221/857/162
f 2238/875/162 2239/876/162 2223/859/162 2222/858/162
f 2239/876/162 2224/877/162 2208/860/162 2223/859/162
f 2240/878/83 2241/879/83 2225/862/83 2224/861/83
f 2241/879/88 2242/880/88 2226/863/88 2225/862/88
f 2242/880/93 2243/881/93 2227/864/93 2226/863/93
f 2243/881/98 2244/882/98 2228/865/98 2227/864/98
f 2244/882/103 2245/883/103 2229/866/103 2228/865/103
f 2245/883/108 2246/884/108 2230/867/108 2229/866/108
f 2246/884/113 2247/885/113 2231/868/113 2230/867/113
f 2247/885/118 2248/886/118 2232/869/118 2231/868/118
f 2248/886/123 2249/887/123 2233/870/123 2232/869/123
f 2249/887/128 2250/888/128 2234/871/128 2233/870/128
f 2250/888/133 2251/889/133 2235/872/133 2234/871/133
f 2251/889/138 2252/890/138 2236/873/138 2235/872/138
f 2252/890/143 2253/891/143 2237/874/143 2236/873/143
f 2253/891/148 2254/892/148 2238/875/148 2237/874/148
f 2254/892/153 2255/893/153 2239/876/153 2238/875/153
f 2255/893/158 2240/894/158 2224/877/158 2239/876/158
f 2256/895/161 2257/896/161 2241/879/161 2240/878/161
f 2257/896/161 2258/897/161 2242/880/161 2241/879/161
f 2258/897/161 2259/898/161 2243/881/161 2242/880/161
f 2259/898/161 2260/899/161 2244/882/161 2243/881/161
f 2260/899/161 2261/900/161 2245/883/161 2244/882/161
f 2261/900/161 2262/901/161 2246/884/161 2245/883/161
f 2262/901/161 2263/902/161 2247/885/161 2246/884/161
f 2263/902/161 2264/903/161 2248/886/161 2247/885/161
f 2264/903/161 2265/904/161 2249/887/161 2248/886/161
f 2265/904/161 2266/905/161 2250/888/161 2249/887/161
f 2266/905/161 2267/906/161 2251/889/161 2250/888/161
f 2267/906/161 2268/907/161 2252/890/161 2251/889/161
f 2268/907/161 2269/908/161 2253/891/161 2252/890/161
f 2269/908/161 2270/909/161 2254/892/161 2253/891/161
f 2270/909/161 2271/910/161 2255/893/161 2254/892/161
f 2271/910/161 2256/911/161 2240/894/161 2255/893/161
f 2272/912/83 2273/913/83 2257/896/83 2256/895/83
f 2273/913/88 2274/914/88 2258/897/88 2257/896/88
f 2274/914/93 2275/915/93 2259/898/93 2258/897/93
f 2275/915/98 2276/916/98 2260/899/98 2259/898/98
f 2276/916/103 2277/917/103 2261/900/103 2260/899/103
f 2277/917/108 2278/918/108 2262/901/108 2261/900/108
f 2278/918/113 2279/919/113 2263/902/113 2262/901/113
f 2279/919/118 2280/920/118 2264/903/118 2263/902/118
f 2280/920/123 2281/921/123 2265/904/123 2264/903/123
f 2281/921/128 2282/922/128 2266/905/128 2265/904/128
f 2282/922/133 2283/923/133 2267/906/133 2266/905/133
f 2283/923/138 2284/924/138 2268/907/138 2267/906/138
f 2284/924/143 2285/925/143 2269/908/143 2268/907/143
f 2285/925/148 2286/926/148 2270/909/148 2269/908/148
f 2286/926/153 2287/927/153 2271/910/153 2270/909/153
f 2287/927/158 2272/928/158 2256/911/158 2271/910/158
f 2288/929/162 2289/930/162 2273/913/162 2272/912/162
f 2289/930/162 2290/931/162 2274/914/162 2273/913/162
f 2290/931/162 2291/932/162 2275/915/162 2274/914/162
f 2291/932/162 2292/933/162 2276/916/162 2275/915/162
f 2292/933/162 2293/934/162 2277/917/162 2276/916/162
f 2293/934/162 2294/935/162 2278/918/162 2277/917/162
f 2294/935/162 2295/936/162 2279/919/162 2278/918/162
f 2295/936/162 2296/937/162 2280/920/162 2279/919/162
f 2296/937/162 2297/938/162 2281/921/162 2280/920/162
f 2297/938/162 2298/939/162 2282/922/162 2281/921/162
f 2298/939/162 2299/940/162 2283/923/162 2282/922/162
f 2299/940/162 2300/941/162 2284/924/162 2283/923/162
f 2300/941/162 2301/942/162 2285/925/162 2284/924/162
f 2301/942/162 2302/943/162 2286/926/162 2285/925/162
f 2302/943/162 2303/944/162 2287/927/162 2286/926/162
f 2303/944/162 2288/945/162 2272/928/162 2287/927/162
f 2304/946/83 2305/947/83 2289/930/83 2288/929/83
f 2305/947/88 2306/948/88 2290/931/88 2289/930/88
f 2306/948/93 2307/949/93 2291/932/93 2290/931/93
f 2307/949/98 2308/950/98 2292/933/98 2291/932/98
f 2308/950/103 2309/951/103 2293/934/103 2292/933/103
f 2309/951/108 2310/952/108 2294/935/108 2293/934/108
f 2310/952/113 2311/953/113 2295/936/113 2294/935/113
f 2311/953/118 2312/954/118 2296/937/118 2295/936/118
f 2312/954/123 2313/955/123 2297/938/123 2296/937/123
f 2313/955/128 2314/956/128 2298/939/128 2297/938/128
f 2314/956/133 2315/957/133 2299/940/133 2298/939/133
f 2315/957/138 2316/958/138 2300/941/138 2299/940/138
f 2316/958/143 2317/959/143 2301/942/143 2300/941/143
f 2317/959/148 2318/960/148 2302/943/148 2301/942/148
f 2318/960/153 2319/961/153 2303/944/153 2302/943/153
f 2319/961/158 2304/962/158 2288/945/158 2303/944/158
f 2320/963/161 2321/964/161 2305/947/161 2304/946/161
f 2321/964/161 2322/965/161 2306/948/161 2305/947/161
f 2322/965/161 2323/966/161 2307/949/161 2306/948/161
f 2323/966/161 2324/967/161 2308/950/161 2307/949/161
f 2324/967/161 2325/968/161 2309/951/161 2308/950/161
f 2325/968/161 2326/969/161 2310/952/161 2309/951/161
f 2326/969/161 2327/970/161 2311/953/161 2310/952/161
f 2327/970/161 2328/971/161 2312/954/161 2311/953/161
f 2328/971/161 2329/972/161 2313/955/161 2312/954/161
f 2329/972/161 2330/973/161 2314/956/161 2313/955/161
f 2330/973/161 2331/974/161 2315/957/161 2314/956/161
f 2331/974/161 2332/975/161 2316/958/161 2315/957/161
f 2332/975/161 2333/976/161 2317/959/161 2316/958/161
f 2333/976/161 2334/977/161 2318/960/161 2317/959/161
f 2334/977/161 2335/978/161 2319/961/161 2318/960/161
f 2335/978/161 2320/979/161 2304/962/161 2319/961/161
f 2336/980/559 2337/981/559 2321/964/559 2320/963/559
f 2337/981/560 2338/982/560 2322/965/560 2321/964/560
f 2338/982/561 2339/983/561 2323/966/561 2322/965/561
f 2339/983/562 2340/984/562 2324/967/562 2323/966/562
f 2340/984/563 2341/985/563 2325/968/563 2324/967/563
f 2341/985/564 2342/986/564 2326/969/564 2325/968/564
f 2342/986/565 2343/987/565 2327/970/565 2326/969/565
f 2343/987/566 2344/988/566 2328/971/566 2327/970/566
f 2344/988/567 2345/989/567 2329/972/567 2328/971/567
f 2345/989/568 2346/990/568 2330/973/568 2329/972/568
f 2346/990/569 2347/991/569 2331/974/569 2330/973/569
f 2347/991/570 2348/992/570 2332/975/570 2331/974/570
f 2348/992/571 2349/993/571 2333/976/571 2332/975/571
f 2349/993/572 2350/994/572 2334/977/572 2333/976/572
f 2350/994/573 2351/995/573 2335/978/573 2334/977/573
f 2351/995/574 2336/996/574 2320/979/574 2335/978/574
f 2352/563/162 2352/568/162 2337/981/162 2336/980/162
f 2352/568/162 2352/573/162 2338/982/162 2337/981/162
f 2352/573/162 2352/578/162 2339/983/162 2338/982/162
f 2352/578/162 2352/583/162 2340/984/162 2339/983/162
f 2352/583/162 2352/588/162 2341/985/162 2340/984/162
f 2352/588/162 2352/593/162 2342/986/162 2341/985/162
f 2352/593/162 2352/598/162 2343/987/162 2342/986/162
f 2352/598/162 2352/340/162 2344/988/162 2343/987/162
f 2352/340/162 2352/607/162 2345/989/162 2344/988/162
f 2352/607/162 2352/612/162 2346/990/162 2345/989/162
f 2352/612/162 2352/617/162 2347/991/162 2346/990/162
f 2352/617/162 2352/622/162 2348/992/162 2347/991/162
f 2352/622/162 2352/627/162 2349/993/162 2348/992/162
f 2352/627/162 2352/632/162 2350/994/162 2349/993/162
f 2352/632/162 2352/637/162 2351/995/162 2350/994/162
f 2352/637/162 2352/642/162 2336/996/162 2351/995/162
o pin_4
usemtl steel
f 2353/997/575 2354/998/575 2355/999/575 2356/1000/575
f 2354/998/576 2357/1001/576 2358/1002/576 2355/999/576
f 2357/1001/577 2359/1003/577 2360/1004/577 2358/1002/577
f 2359/1003/578 2361/1005/578 2362/1006/578 2360/1004/578
f 2361/1005/579 2363/1007/579 2364/1008/579 2362/1006/579
f 2363/1007/580 2365/1009/580 2366/1010/580 2364/1008/580
f 2365/1009/581 2367/1011/581 2368/1012/581 2366/1010/581
f 2367/1011/582 2353/1013/582 2356/1014/582 2368/1012/582
f 2369/1015/583 2370/1016/583 2354/998/583 2353/997/583
f 2370/1016/584 2371/1017/584 2357/1001/584 2354/998/584
f 2371/1017/585 2372/1018/585 2359/1003/585 2357/1001/585
f 2372/1018/586 2373/1019/586 2361/1005/586 2359/1003/586
f 2373/1019/587 2374/1020/587 2363/1007/587 2361/1005/587
f 2374/1020/588 2375/1021/588 2365/1009/588 2363/1007/588
f 2375/1021/589 2376/1022/589 2367/1011/589 2365/1009/589
f 2376/1022/590 2369/1023/590 2353/1013/590 2367/1011/590
f 2377/1024/575 2378/1025/575 2370/1016/575 2369/1015/575
f 2378/1025/576 2379/1026/576 2371/1017/576 2370/1016/576
f 2379/1026/577 2380/1027/577 2372/1018/577 2371/1017/577
f 2380/1027/578 2381/1028/578 2373/1019/578 2372/1018/578
f 2381/1028/579 2382/1029/579 2374/1020/579 2373/1019/579
f 2382/1029/580 2383/1030/580 2375/1021/580 2374/1020/580
f 2383/1030/581 2384/1031/581 2376/1022/581 2375/1021/581
f 2384/1031/582 2377/1032/582 2369/1023/582 2376/1022/582
f 2385/563/162 2385/573/162 2378/1025/162 2377/1024/162
f 2385/573/162 2385/583/162 2379/1026/162 2378/1025/162
f 2385/583/162 2385/593/162 2380/1027/162 2379/1026/162
f 2385/593/162 2385/340/162 2381/1028/162 2380/1027/162
f 2385/340/162 2385/612/162 2382/1029/162 2381/1028/162
f 2385/612/162 2385/622/162 2383/1030/162 2382/1029/162
f 2385/622/162 2385/632/162 2384/1031/162 2383/1030/162
f 2385/632/162 2385/642/162 2377/1032/162 2384/1031/162
o insulator_5
usemtl porcelain
f 2386/691/527 2387/692/527 2388/693/527 2389/694/527
f 2387/692/528 2390/695/528 2391/696/528 2388/693/528
f 2390/695/529 2392/697/529 2393/698/529 2391/696/529
f 2392/697/530 2394/699/530 2395/700/530 2393/698/530
f 2394/699/531 2396/701/531 2397/702/531 2395/700/531
f 2396/701/532 2398/703/532 2399/704/532 2397/702/532
f 2398/703/533 2400/705/533 2401/706/533 2399/704/533
f 2400/705/534 2402/707/534 2403/708/534 2401/706/534
f 2402/707/535 2404/709/535 2405/710/535 2403/708/535
f 2404/709/536 2406/711/536 2407/712/536 2405/710/536
f 2406/711/537 2408/713/537 2409/714/537 2407/712/537
f 2408/713/538 2410/715/538 2411/716/538 2409/714/538
f 2410/715/539 2412/717/539 2413/718/539 2411/716/539
f 2412/717/540 2414/719/540 2415/720/540 2413/718/540
f 2414/719/541 2416/721/541 2417/722/541 2415/720/541
f 2416/721/542 2386/723/542 2389/724/542 2417/722/542
f 2418/725/162 2419/726/162 2387/692/162 2386/691/162
f 2419/726/162 2420/727/162 2390/695/162 2387/692/162
f 2420/727/162 2421/728/162 2392/697/162 2390/695/162
f 2421/728/162 2422/729/162 2394/699/162 2392/697/162
f 2422/729/162 2423/730/162 2396/701/162 2394/699/162
f 2423/730/162 2424/731/162 2398/703/162 2396/701/162
f 2424/731/162 2425/732/162 2400/705/162 2398/703/162
f 2425/732/162 2426/733/162 2402/707/162 2400/705/162
f 2426/733/162 2427/734/162 2404/709/162 2402/707/162
f 2427/734/162 2428/735/162 2406/711/162 2404/709/162
f 2428/735/162 2429/736/162 2408/713/162 2406/711/162
f 2429/736/162 2430/737/162 2410/715/162 2408/713/162
f 2430/737/162 2431/738/162 2412/717/162 2410/715/162
f 2431/738/162 2432/739/162 2414/719/162 2412/717/162
f 2432/739/162 2433/740/162 2416/721/162 2414/719/162
f 2433/740/162 2418/741/162 2386/723/162 2416/721/162
f 2434/742/83 2435/743/83 2419/726/83 2418/725/83
f 2435/743/88 2436/744/88 2420/727/88 2419/726/88
f 2436/744/93 2437/745/93 2421/728/93 2420/727/93
f 2437/745/98 2438/746/98 2422/729/98 2421/728/98
f 2438/746/103 2439/747/103 2423/730/103 2422/729/103
f 2439/747/108 2440/748/108 2424/731/108 2423/730/108
f 2440/748/113 2441/749/113 2425/732/113 2424/731/113
f 2441/749/118 2442/750/118 2426/733/118 2425/732/118
f 2442/750/123 2443/751/123 2427/734/123 2426/733/123
f 2443/751/128 2444/752/128 2428/735/128 2427/734/128
f 2444/752/133 2445/753/133 2429/736/133 2428/735/133
f 2445/753/138 2446/754/138 2430/737/138 2429/736/138
f 2446/754/143 2447/755/143 2431/738/143 2430/737/143
f 2447/755/148 2448/756/148 2432/739/148 2431/738/148
f 2448/756/153 2449/757/153 2433/740/153 2432/739/153
f 2449/757/158 2434/758/158 2418/741/158 2433/740/158
f 2450/759/161 2451/760/161 2435/743/161 2434/742/161
f 2451/760/161 2452/761/161 2436/744/161 2435/743/161
f 2452/761/161 2453/762/161 2437/745/161 2436/744/161
f 2453/762/161 2454/763/161 2438/746/161 2437/745/161
f 2454/763/161 2455/764/161 2439/747/161 2438/746/161
f 2455/764/161 2456/765/161 2440/748/161 2439/747/161
f 2456/765/161 2457/766/161 2441/749/161 2440/748/161
f 2457/766/161 2458/767/161 2442/750/161 2441/749/161
f 2458/767/161 2459/768/161 2443/751/161 2442/750/161
f 2459/768/161 2460/769/161 2444/752/161 2443/751/161
f 2460/769/161 2461/770/161 2445/753/161 2444/752/161
f 2461/770/161 2462/771/161 2446/754/161 2445/753/161
f 2462/771/161 2463/772/161 2447/755/161 2446/754/161
f 2463/772/161 2464/773/161 2448/756/161 2447/755/161
f 2464/773/161 2465/774/161 2449/757/161 2448/756/161
f 2465/774/161 2450/775/161 2434/758/161 2449/757/161
f 2466/776/543 2467/777/543 2451/760/543 2450/759/543
f 2467/777/544 2468/778/544 2452/761/544 2451/760/544
f 2468/778/545 2469/779/545 2453/762/545 2452/761/545
f 2469/779/546 2470/780/546 2454/763/546 2453/762/546
f 2470/780/547 2471/781/547 2455/764/547 2454/763/547
f 2471/781/548 2472/782/548 2456/765/548 2455/764/548
f 2472/782/549 2473/783/549 2457/766/549 2456/765/549
f 2473/783/550 2474/784/550 2458/767/550 2457/766/550
f 2474/784/551 2475/785/551 2459/768/551 2458/767/551
f 2475/785/552 2476/786/552 2460/769/552 2459/768/552
f 2476/786/553 2477/787/553 2461/770/553 2460/769/553
f 2477/787/554 2478/788/554 2462/771/554 2461/770/554
f 2478/788/555 2479/789/555 2463/772/555 2462/771/555
f 2479/789/556 2480/790/556 2464/773/556 2463/772/556
f 2480/790/557 2481/791/557 2465/774/557 2464/773/557
f 2481/791/558 2466/792/558 2450/775/558 2465/774/558
f 2482/793/162 2483/794/162 2467/777/162 2466/776/162
f 2483/794/162 2484/795/162 2468/778/162 2467/777/162
f 2484/795/162 2485/796/162 2469/779/162 2468/778/162
f 2485/796/162 2486/797/162 2470/780/162 2469/779/162
f 2486/797/162 2487/798/162 2471/781/162 2470/780/162
f 2487/798/162 2488/799/162 2472/782/162 2471/781/162
f 2488/799/162 2489/800/162 2473/783/162 2472/782/162
f 2489/800/162 2490/801/162 2474/784/162 2473/783/162
f 2490/801/162 2491/802/162 2475/785/162 2474/784/162
f 2491/802/162 2492/803/162 2476/786/162 2475/785/162
f 2492/803/162 2493/804/162 2477/787/162 2476/786/162
f 2493/804/162 2494/805/162 2478/788/162 2477/787/162
f 2494/805/162 2495/806/162 2479/789/162 2478/788/162
f 2495/806/162 2496/807/162 2480/790/162 2479/789/162
f 2496/807/162 2497/808/162 2481/791/162 2480/790/162
f 2497/808/162 2482/809/162 2466/792/162 2481/791/162
f 2498/810/83 2499/811/83 2483/794/83 2482/793/83
f 2499/811/88 2500/812/88 2484/795/88 2483/794/88
f 2500/812/93 2501/813/93 2485/796/93 2484/795/93
f 2501/813/98 2502/814/98 2486/797/98 2485/796/98
f 2502/814/103 2503/815/103 2487/798/103 2486/797/103
f 2503/815/108 2504/816/108 2488/799/108 2487/798/108
f 2504/816/113 2505/817/113 2489/800/113 2488/799/113
f 2505/817/118 2506/818/118 2490/801/118 2489/800/118
f 2506/818/123 2507/819/123 2491/802/123 2490/801/123
f 2507/819/128 2508/820/128 2492/803/128 2491/802/128
f 2508/820/133 2509/821/133 2493/804/133 2492/803/133
f 2509/821/138 2510/822/138 2494/805/138 2493/804/138
f 2510/822/143 2511/823/143 2495/806/143 2494/805/143
f 2511/823/148 2512/824/148 2496/807/148 2495/806/148
f 2512/824/153 2513/825/153 2497/808/153 2496/807/153
f 2513/825/158 2498/826/158 2482/809/158 2497/808/158
f 2514/827/161 2515/828/161 2499/811/161 2498/810/161
f 2515/828/161 2516/829/161 2500/812/161 2499/811/161
f 2516/829/161 2517/830/161 2501/813/161 2500/812/161
f 2517/830/161 2518/831/161 2502/814/161 2501/813/161
f 2518/831/161 2519/832/161 2503/815/161 2502/814/161
f 2519/832/161 2520/833/161 2504/816/161 2503/815/161
f 2520/833/161 2521/834/161 2505/817/161 2504/816/161
f 2521/834/161 2522/835/161 2506/818/161 2505/817/161
f 2522/835/161 2523/836/161 2507/819/161 2506/818/161
f 2523/836/161 2524/837/161 2508/820/161 2507/819/161
f 2524/837/161 2525/838/161 2509/821/161 2508/820/161
f 2525/838/161 2526/839/161 2510/822/161 2509/821/161
f 2526/839/161 2527/840/161 2511/823/161 2510/822/161
f 2527/840/161 2528/841/161 2512/824/161 2511/823/161
f 2528/841/161 2529/842/161 2513/825/161 2512/824/161
f 2529/842/161 2514/843/161 2498/826/161 2513/825/161
f 2530/844/83 2531/845/83 2515/828/83 2514/827/83
f 2531/845/88 2532/846/88 2516/829/88 2515/828/88
f 2532/846/93 2533/847/93 2517/830/93 2516/829/93
f 2533/847/98 2534/848/98 2518/831/98 2517/830/98
f 2534/848/103 2535/849/103 2519/832/103 2518/831/103
f 2535/849/108 2536/850/108 2520/833/108 2519/832/108
f 2536/850/113 2537/851/113 2521/834/113 2520/833/113
f 2537/851/118 2538/852/118 2522/835/118 2521/834/118
f 2538/852/123 2539/853/123 2523/836/123 2522/835/123
f 2539/853/128 2540/854/128 2524/837/128 2523/836/128
f 2540/854/133 2541/855/133 2525/838/133 2524/837/133
f 2541/855/138 2542/856/138 2526/839/138 2525/838/138
f 2542/856/143 2543/857/143 2527/840/143 2526/839/143
f 2543/857/148 2544/858/148 2528/841/148 2527/840/148
f 2544/858/153 2545/859/153 2529/842/153 2528/841/153
f 2545/859/158 2530/860/158 2514/843/158 2529/842/158
f 2546/861/162 2547/862/162 2531/845/162 2530/844/162
f 2547/862/162 2548/863/162 2532/846/162 2531/845/162
f 2548/863/162 2549/864/162 2533/847/162 2532/846/162
f 2549/864/162 2550/865/162 2534/848/162 2533/847/162
f 2550/865/162 2551/866/162 2535/849/162 2534/848/162
f 2551/866/162 2552/867/162 2536/850/162 2535/849/162
f 2552/867/162 2553/868/162 2537/851/162 2536/850/162
f 2553/868/162 2554/869/162 2538/852/162 2537/851/162
f 2554/869/162 2555/870/162 2539/853/162 2538/852/162
f 2555/870/162 2556/871/162 2540/854/162 2539/853/162
f 2556/871/162 2557/872/162 2541/855/162 2540/854/162
f 2557/872/162 2558/873/162 2542/856/162 2541/855/162
f 2558/873/162 2559/874/162 2543/857/162 2542/856/162
f 2559/874/162 2560/875/162 2544/858/162 2543/857/162
f 2560/875/162 2561/876/162 2545/859/162 2544/858/162
f 2561/876/162 2546/877/162 2530/860/162 2545/859/162
f 2562/878/83 2563/879/83 2547/862/83 2546/861/83
f 2563/879/88 2564/880/88 2548/863/88 2547/862/88
f 2564/880/93 2565/881/93 2549/864/93 2548/863/93
f 2565/881/98 2566/882/98 2550/865/98 2549/864/98
f 2566/882/103 2567/883/103 2551/866/103 2550/865/103
f 2567/883/108 2568/884/108 2552/867/108 2551/866/108
f 2568/884/113 2569/885/113 2553/868/113 2552/867/113
f 2569/885/118 2570/886/118 2554/869/118 2553/868/118
f 2570/886/123 2571/887/123 2555/870/123 2554/869/123
f 2571/887/128 2572/888/128 2556/871/128 2555/870/128
f 2572/888/133 2573/889/133 2557/872/133 2556/871/133
f 2573/889/138 2574/890/138 2558/873/138 2557/872/138
f 2574/890/143 2575/891/143 2559/874/143 2558/873/143
f 2575/891/148 2576/892/148 2560/875/148 2559/874/148
f 2576/892/153 2577/893/153 2561/876/153 2560/875/153
f 2577/893/158 2562/894/158 2546/877/158 2561/876/158
f 2578/895/161 2579/896/161 2563/879/161 2562/878/161
f 2579/896/161 2580/897/161 2564/880/161 2563/879/161
f 2580/897/161 2581/898/161 2565/881/161 2564/880/161
f 2581/898/161 2582/899/161 2566/882/161 2565/881/161
f 2582/899/161 2583/900/161 2567/883/161 2566/882/161
f 2583/900/161 2584/901/161 2568/884/161 2567/883/161
f 2584/901/161 2585/902/161 2569/885/161 2568/884/161
f 2585/902/161 2586/903/161 2570/886/161 2569/885/161
f 2586/903/161 2587/904/161 2571/887/161 2570/886/161
f 2587/904/161 2588/905/161 2572/888/161 2571/887/161
f 2588/905/161 2589/906/161 2573/889/161 2572/888/161
f 2589/906/161 2590/907/161 2574/890/161 2573/889/161
f 2590/907/161 2591/908/161 2575/891/161 2574/890/161
f 2591/908/161 2592/909/161 2576/892/161 2575/891/161
f 2592/909/161 2593/910/161 2577/893/161 2576/892/161
f 2593/910/161 2578/911/161 2562/894/161 2577/893/161
f 2594/912/83 2595/913/83 2579/896/83 2578/895/83
f 2595/913/88 2596/914/88 2580/897/88 2579/896/88
f 2596/914/93 2597/915/93 2581/898/93 2580/897/93
f 2597/915/98 2598/916/98 2582/899/98 2581/898/98
f 2598/916/103 2599/917/103 2583/900/103 2582/899/103
f 2599/917/108 2600/918/108 2584/901/108 2583/900/108
f 2600/918/113 2601/919/113 2585/902/113 2584/901/113
f 2601/919/118 2602/920/118 2586/903/118 2585/902/118
f 2602/920/123 2603/921/123 2587/904/123 2586/903/123
f 2603/921/128 2604/922/128 2588/905/128 2587/904/128
f 2604/922/133 2605/923/133 2589/906/133 2588/905/133
f 2605/923/138 2606/924/138 2590/907/138 2589/906/138
f 2606/924/143 2607/925/143 2591/908/143 2590/907/143
f 2607/925/148 2608/926/148 2592/909/148 2591/908/148
f 2608/926/153 2609/927/153 2593/910/153 2592/909/153
f 2609/927/158 2594/928/158 2578/911/158 2593/910/158
f 2610/929/162 2611/930/162 2595/913/162 2594/912/162
f 2611/930/162 2612/931/162 2596/914/162 2595/913/162
f 2612/931/162 2613/932/162 2597/915/162 2596/914/162
f 2613/932/162 2614/933/162 2598/916/162 2597/915/162
f 2614/933/162 2615/934/162 2599/917/162 2598/916/162
f 2615/934/162 2616/935/162 2600/918/162 2599/917/162
f 2616/935/162 2617/936/162 2601/919/162 2600/918/162
f 2617/936/162 2618/937/162 2602/920/162 2601/919/162
f 2618/937/162 2619/938/162 2603/921/162 2602/920/162
f 2619/938/162 2620/939/162 2604/922/162 2603/921/162
f 2620/939/162 2621/940/162 2605/923/162 2604/922/162
f 2621/940/162 2622/941/162 2606/924/162 2605/923/162
f 2622/941/162 2623/942/162 2607/925/162 2606/924/162
f 2623/942/162 2624/943/162 2608/926/162 2607/925/162
f 2624/943/162 2625/944/162 2609/927/162 2608/926/162
f 2625/944/162 2610/945/162 2594/928/162 2609/927/162
f 2626/946/83 2627/947/83 2611/930/83 2610/929/83
f 2627/947/88 2628/948/88 2612/931/88 2611/930/88
f 2628/948/93 2629/949/93 2613/932/93 2612/931/93
f 2629/949/98 2630/950/98 2614/933/98 2613/932/98
f 2630/950/103 2631/951/103 2615/934/103 2614/933/103
f 2631/951/108 2632/952/108 2616/935/108 2615/934/108
f 2632/952/113 2633/953/113 2617/936/113 2616/935/113
f 2633/953/118 2634/954/118 2618/937/118 2617/936/118
f 2634/954/123 2635/955/123 2619/938/123 2618/937/123
f 2635/955/128 2636/956/128 2620/939/128 2619/938/128
f 2636/956/133 2637/957/133 2621/940/133 2620/939/133
f 2637/957/138 2638/958/138 2622/941/138 2621/940/138
f 2638/958/143 2639/959/143 2623/942/143 2622/941/143
f 2639/959/148 2640/960/148 2624/943/148 2623/942/148
f 2640/960/153 2641/961/153 2625/944/153 2624/943/153
f 2641/961/158 2626/962/158 2610/945/158 2625/944/158
f 2642/963/161 2643/964/161 2627/947/161 2626/946/161
f 2643/964/161 2644/965/161 2628/948/161 2627/947/161
f 2644/965/161 2645/966/161 2629/949/161 2628/948/161
f 2645/966/161 2646/967/161 2630/950/161 2629/949/161
f 2646/967/161 2647/968/161 2631/951/161 2630/950/161
f 2647/968/161 2648/969/161 2632/952/161 2631/951/161
f 2648/969/161 2649/970/161 2633/953/161 2632/952/161
f 2649/970/161 2650/971/161 2634/954/161 2633/953/161
f 2650/971/161 2651/972/161 2635/955/161 2634/954/161
f 2651/972/161 2652/973/161 2636/956/161 2635/955/161
f 2652/973/161 2653/974/161 2637/957/161 2636/956/161
f 2653/974/161 2654/975/161 2638/958/161 2637/957/161
f 2654/975/161 2655/976/161 2639/959/161 2638/958/161
f 2655/976/161 2656/977/161 2640/960/161 2639/959/161
f 2656/977/161 2657/978/161 2641/961/161 2640/960/161
f 2657/978/161 2642/979/161 2626/962/161 2641/961/161
f 2658/980/559 2659/981/559 2643/964/559 2642/963/559
f 2659/981/560 2660/982/560 2644/965/560 2643/964/560
f 2660/982/561 2661/983/561 2645/966/561 2644/965/561
f 2661/983/562 2662/984/562 2646/967/562 2645/966/562
f 2662/984/563 2663/985/563 2647/968/563 2646/967/563
f 2663/985/564 2664/986/564 2648/969/564 2647/968/564
f 2664/986/565 2665/987/565 2649/970/565 2648/969/565
f 2665/987/566 2666/988/566 2650/971/566 2649/970/566
f 2666/988/567 2667/989/567 2651/972/567 2650/971/567
f 2667/989/568 2668/990/568 2652/973/568 2651/972/568
f 2668/990/569 2669/991/569 2653/974/569 2652/973/569
f 2669/991/570 2670/992/570 2654/975/570 2653/974/570
f 2670/992/571 2671/993/571 2655/976/571 2654/975/571
f 2671/993/572 2672/994/572 2656/977/572 2655/976/572
f 2672/994/573 2673/995/573 2657/978/573 2656/977/573
f 2673/995/574 2658/996/574 2642/979/574 2657/978/574
f 2674/563/162 2674/568/162 2659/981/162 2658/980/162
f 2674/568/162 2674/573/162 2660/982/162 2659/981/162
f 2674/573/162 2674/578/162 2661/983/162 2660/982/162
f 2674/578/162 2674/583/162 2662/984/162 2661/983/162
f 2674/583/162 2674/588/162 2663/985/162 2662/984/162
f 2674/588/162 2674/593/162 2664/986/162 2663/985/162
f 2674/593/162 2674/598/162 2665/987/162 2664/986/162
f 2674/598/162 2674/340/162 2666/988/162 2665/987/162
f 2674/340/162 2674/607/162 2667/989/162 2666/988/162
f 2674/607/162 2674/612/162 2668/990/162 2667/989/162
f 2674/612/162 2674/617/162 2669/991/162 2668/990/162
f 2674/617/162 2674/622/162 2670/992/162 2669/991/162
f 2674/622/162 2674/627/162 2671/993/162 2670/992/162
f 2674/627/162 2674/632/162 2672/994/162 2671/993/162
f 2674/632/162 2674/637/162 2673/995/162 2672/994/162
f 2674/637/162 2674/642/162 2658/996/162 2673/995/162
o pin_5
usemtl steel
f 2675/997/575 2676/998/575 2677/999/575 2678/1000/575
f 2676/998/576 2679/1001/576 2680/1002/576 2677/999/576
f 2679/1001/577 2681/1003/577 2682/1004/577 2680/1002/577
f 2681/1003/578 2683/1005/578 2684/1006/578 2682/1004/578
f 2683/1005/579 2685/1007/579 2686/1008/579 2684/1006/579
f 2685/1007/580 2687/1009/580 2688/1010/580 2686/1008/580
f 2687/1009/581 2689/1011/581 2690/1012/581 2688/1010/581
f 2689/1011/582 2675/1013/582 2678/1014/582 2690/1012/582
f 2691/1015/583 2692/1016/583 2676/998/583 2675/997/583
f 2692/1016/584 2693/1017/584 2679/1001/584 2676/998/584
f 2693/1017/585 2694/1018/585 2681/1003/585 2679/1001/585
f 2694/1018/586 2695/1019/586 2683/1005/586 2681/1003/586
f 2695/1019/587 2696/1020/587 2685/1007/587 2683/1005/587
f 2696/1020/588 2697/1021/588 2687/1009/588 2685/1007/588
f 2697/1021/589 2698/1022/589 2689/1011/589 2687/1009/589
f 2698/1022/590 2691/1023/590 2675/1013/590 2689/1011/590
f 2699/1024/575 2700/1025/575 2692/1016/575 2691/1015/575
f 2700/1025/576 2701/1026/576 2693/1017/576 2692/1016/576
f 2701/1026/577 2702/1027/577 2694/1018/577 2693/1017/577
f 2702/1027/578 2703/1028/578 2695/1019/578 2694/1018/578
f 2703/1028/579 2704/1029/579 2696/1020/579 2695/1019/579
f 2704/1029/580 2705/1030/580 2697/1021/580 2696/1020/580
f 2705/1030/581 2706/1031/581 2698/1022/581 2697/1021/581
f 2706/1031/582 2699/1032/582 2691/1023/582 2698/1022/582
f 2707/563/162 2707/573/162 2700/1025/162 2699/1024/162
f 2707/573/162 2707/583/162 2701/1026/162 2700/1025/162
f 2707/583/162 2707/593/162 2702/1027/162 2701/1026/162
f 2707/593/162 2707/340/162 2703/1028/162 2702/1027/162
f 2707/340/162 2707/612/162 2704/1029/162 2703/1028/162
f 2707/612/162 2707/622/162 2705/1030/162 2704/1029/162
f 2707/622/162 2707/632/162 2706/1031/162 2705/1030/162
f 2707/632/162 2707/642/162 2699/1032/162 2706/1031/162
o insulator_6
usemtl porcelain
f 2708/691/527 2709/692/527 2710/693/527 2711/694/527
f 2709/692/528 2712/695/528 2713/696/528 2710/693/528
f 2712/695/529 2714/697/529 2715/698/529 2713/696/529
f 2714/697/530 2716/699/530 2717/700/530 2715/698/530
f 2716/699/531 2718/701/531 2719/702/531 2717/700/531
f 2718/701/532 2720/703/532 2721/704/532 2719/702/532
f 2720/703/533 2722/705/533 2723/706/533 2721/704/533
f 2722/705/534 2724/707/534 2725/708/534 2723/706/534
f 2724/707/535 2726/709/535 2727/710/535 2725/708/535
f 2726/709/536 2728/711/536 2729/712/536 2727/710/536
f 2728/711/537 2730/713/537 2731/714/537 2729/712/537
f 2730/713/538 2732/715/538 2733/716/538 2731/714/538
f 2732/715/539 2734/717/539 2735/718/539 2733/716/539
f 2734/717/540 2736/719/540 2737/720/540 2735/718/540
f 2736/719/541 2738/721/541 2739/722/541 2737/720/541
f 2738/721/542 2708/723/542 2711/724/542 2739/722/542
f 2740/725/162 2741/726/162 2709/692/162 2708/691/162
f 2741/726/162 2742/727/162 2712/695/162 2709/692/162
f 2742/727/162 2743/728/162 2714/697/162 2712/695/162
f 2743/728/162 2744/729/162 2716/699/162 2714/697/162
f 2744/729/162 2745/730/162 2718/701/162 2716/699/162
f 2745/730/162 2746/731/162 2720/703/162 2718/701/162
f 2746/731/162 2747/732/162 2722/705/162 2720/703/162
f 2747/732/162 2748/733/162 2724/707/162 2722/705/162
f 2748/733/162 2749/734/162 2726/709/162 2724/707/162
f 2749/734/162 2750/735/162 2728/711/162 2726/709/162
f 2750/735/162 2751/736/162 2730/713/162 2728/711/162
f 2751/736/162 2752/737/162 2732/715/162 2730/713/162
f 2752/737/162 2753/738/162 2734/717/162 2732/715/162
f 2753/738/162 2754/739/162 2736/719/162 2734/717/162
f 2754/739/162 2755/740/162 2738/721/162 2736/719/162
f 2755/740/162 2740/741/162 2708/723/162 2738/721/162
f 2756/742/83 2757/743/83 2741/726/83 2740/725/83
f 2757/743/88 2758/744/88 2742/727/88 2741/726/88
f 2758/744/93 2759/745/93 2743/728/93 2742/727/93
f 2759/745/98 2760/746/98 2744/729/98 2743/728/98
f 2760/746/103 2761/747/103 2745/730/103 2744/729/103
f 2761/747/108 2762/748/108 2746/731/108 2745/730/108
f 2762/748/113 2763/749/113 2747/732/113 2746/731/113
f 2763/749/118 2764/750/118 2748/733/118 2747/732/118
f 2764/750/123 2765/751/123 2749/734/123 2748/733/123
f 2765/751/128 2766/752/128 2750/735/128 2749/734/128
f 2766/752/133 2767/753/133 2751/736/133 2750/735/133
f 2767/753/138 2768/754/138 2752/737/138 2751/736/138
f 2768/754/143 2769/755/143 2753/738/143 2752/737/143
f 2769/755/148 2770/756/148 2754/739/148 2753/738/148
f 2770/756/153 2771/757/153 2755/740/153 2754/739/153
f 2771/757/158 2756/758/158 2740/741/158 2755/740/158
f 2772/759/161 2773/760/161 2757/743/161 2756/742/161
f 2773/760/161 2774/761/161 2758/744/161 2757/743/161
f 2774/761/161 2775/762/161 2759/745/161 2758/744/161
f 2775/762/161 2776/763/161 2760/746/161 2759/745/161
f 2776/763/161 2777/764/161 2761/747/161 2760/746/161
f 2777/764/161 2778/765/161 2762/748/161 2761/747/161
f 2778/765/161 2779/766/161 2763/749/161 2762/748/161
f 2779/766/161 2780/767/161 2764/750/161 2763/749/161
f 2780/767/161 2781/768/161 2765/751/161 2764/750/161
f 2781/768/161 2782/769/161 2766/752/161 2765/751/161
f 2782/769/161 2783/770/161 2767/753/161 2766/752/161
f 2783/770/161 2784/771/161 2768/754/161 2767/753/161
f 2784/771/161 2785/772/161 2769/755/161 2768/754/161
f 2785/772/161 2786/773/161 2770/756/161 2769/755/161
f 2786/773/161 2787/774/161 2771/757/161 2770/756/161
f 2787/774/161 2772/775/161 2756/758/161 2771/757/161
f 2788/776/543 2789/777/543 2773/760/543 2772/759/543
f 2789/777/544 2790/778/544 2774/761/544 2773/760/544
f 2790/778/545 2791/779/545 2775/762/545 2774/761/545
f 2791/779/546 2792/780/546 2776/763/546 2775/762/546
f 2792/780/547 2793/781/547 2777/764/547 2776/763/547
f 2793/781/548 2794/782/548 2778/765/548 2777/764/548
f 2794/782/549 2795/783/549 2779/766/549 2778/765/549
f 2795/783/550 2796/784/550 2780/767/550 2779/766/550
f 2796/784/551 2797/785/551 2781/768/551 2780/767/551
f 2797/785/552 2798/786/552 2782/769/552 2781/768/552
f 2798/786/553 2799/787/553 2783/770/553 2782/769/553
f 2799/787/554 2800/788/554 2784/771/554 2783/770/554
f 2800/788/555 2801/789/555 2785/772/555 2784/771/555
f 2801/789/556 2802/790/556 2786/773/556 2785/772/556
f 2802/790/557 2803/791/557 2787/774/557 2786/773/557
f 2803/791/558 2788/792/558 2772/775/558 2787/774/558
f 2804/793/162 2805/794/162 2789/777/162 2788/776/162
f 2805/794/162 2806/795/162 2790/778/162 2789/777/162
f 2806/795/162 2807/796/162 2791/779/162 2790/778/162
f 2807/796/162 2808/797/162 2792/780/162 2791/779/162
f 2808/797/162 2809/798/162 2793/781/162 2792/780/162
f 2809/798/162 2810/799/162 2794/782/162 2793/781/162
f 2810/799/162 2811/800/162 2795/783/162 2794/782/162
f 2811/800/162 2812/801/162 2796/784/162 2795/783/162
f 2812/801/162 2813/802/162 2797/785/162 2796/784/162
f 2813/802/162 2814/803/162 2798/786/162 2797/785/162
f 2814/803/162 2815/804/162 2799/787/162 2798/786/162
f 2815/804/162 2816/805/162 2800/788/162 2799/787/162
f 2816/805/162 2817/806/162 2801/789/162 2800/788/162
f 2817/806/162 2818/807/162 2802/790/162 2801/789/162
f 2818/807/162 2819/808/162 2803/791/162 2802/790/162
f 2819/808/162 2804/809/162 2788/792/162 2803/791/162
f 2820/810/83 2821/811/83 2805/794/83 2804/793/83
f 2821/811/88 2822/812/88 2806/795/88 2805/794/88
f 2822/812/93 2823/813/93 2807/796/93 2806/795/93
f 2823/813/98 2824/814/98 2808/797/98 2807/796/98
f 2824/814/103 2825/815/103 2809/798/103 2808/797/103
f 2825/815/108 2826/816/108 2810/799/108 2809/798/108
f 2826/816/113 2827/817/113 2811/800/113 2810/799/113
f 2827/817/118 2828/818/118 2812/801/118 2811/800/118
f 2828/818/123 2829/819/123 2813/802/123 2812/801/123
f 2829/819/128 2830/820/128 2814/803/128 2813/802/128
f 2830/820/133 2831/821/133 2815/804/133 2814/803/133
f 2831/821/138 2832/822/138 2816/805/138 2815/804/138
f 2832/822/143 2833/823/143 2817/806/143 2816/805/143
f 2833/823/148 2834/824/148 2818/807/148 2817/806/148
f 2834/824/153 2835/825/153 2819/808/153 2818/807/153
f 2835/825/158 2820/826/158 2804/809/158 2819/808/158
f 2836/827/161 2837/828/161 2821/811/161 2820/810/161
f 2837/828/161 2838/829/161 2822/812/161 2821/811/161
f 2838/829/161 2839/830/161 2823/813/161 2822/812/161
f 2839/830/161 2840/831/161 2824/814/161 2823/813/161
f 2840/831/161 2841/832/161 2825/815/161 2824/814/161
f 2841/832/161 2842/833/161 2826/816/161 2825/815/161
f 2842/833/161 2843/834/161 2827/817/161 2826/816/161
f 2843/834/161 2844/835/161 2828/818/161 2827/817/161
f 2844/835/161 2845/836/161 2829/819/161 2828/818/161
f 2845/836/161 2846/837/161 2830/820/161 2829/819/161
f 2846/837/161 2847/838/161 2831/821/161 2830/820/161
f 2847/838/161 2848/839/161 2832/822/161 2831/821/161
f 2848/839/161 2849/840/161 2833/823/161 2832/822/161
f 2849/840/161 2850/841/161 2834/824/161 2833/823/161
f 2850/841/161 2851/842/161 2835/825/161 2834/824/161
f 2851/842/161 2836/843/161 2820/826/161 2835/825/161
f 2852/844/83 2853/845/83 2837/828/83 2836/827/83
f 2853/845/88 2854/846/88 2838/829/88 2837/828/88
f 2854/846/93 2855/847/93 2839/830/93 2838/829/93
f 2855/847/98 2856/848/98 2840/831/98 2839/830/98
f 2856/848/103 2857/849/103 2841/832/103 2840/831/103
f 2857/849/108 2858/850/108 2842/833/108 2841/832/108
f 2858/850/113 2859/851/113 2843/834/113 2842/833/113
f 2859/851/118 2860/852/118 2844/835/118 2843/834/118
f 2860/852/123 2861/853/123 2845/836/123 2844/835/123
f 2861/853/128 2862/854/128 2846/837/128 2845/836/128
f 2862/854/133 2863/855/133 2847/838/133 2846/837/133
f 2863/855/138 2864/856/138 2848/839/138 2847/838/138
f 2864/856/143 2865/857/143 2849/840/143 2848/839/143
f 2865/857/148 2866/858/148 2850/841/148 2849/840/148
f 2866/858/153 2867/859/153 2851/842/153 2850/841/153
f 2867/859/158 2852/860/158 2836/843/158 2851/842/158
f 2868/861/162 2869/862/162 2853/845/162 2852/844/162
f 2869/862/162 2870/863/162 2854/846/162 2853/845/162
f 2870/863/162 2871/864/162 2855/847/162 2854/846/162
f 2871/864/162 2872/865/162 2856/848/162 2855/847/162
f 2872/865/162 2873/866/162 2857/849/162 2856/848/162
f 2873/866/162 2874/867/162 2858/850/162 2857/849/162
f 2874/867/162 2875/868/162 2859/851/162 2858/850/162
f 2875/868/162 2876/869/162 2860/852/162 2859/851/162
f 2876/869/162 2877/870/162 2861/853/162 2860/852/162
f 2877/870/162 2878/871/162 2862/854/162 2861/853/162
f 2878/871/162 2879/872/162 2863/855/162 2862/854/162
f 2879/872/162 2880/873/162 2864/856/162 2863/855/162
f 2880/873/162 2881/874/162 2865/857/162 2864/856/162
f 2881/874/162 2882/875/162 2866/858/162 2865/857/162
f 2882/875/162 2883/876/162 2867/859/162 2866/858/162
f 2883/876/162 2868/877/162 2852/860/162 2867/859/162
f 2884/878/83 2885/879/83 2869/862/83 2868/861/83
f 2885/879/88 2886/880/88 2870/863/88 2869/862/88
f 2886/880/93 2887/881/93 2871/864/93 2870/863/93
f 2887/881/98 2888/882/98 2872/865/98 2871/864/98
f 2888/882/103 2889/883/103 2873/866/103 2872/865/103
f 2889/883/108 2890/884/108 2874/867/108 2873/866/108
f 2890/884/113 2891/885/113 2875/868/113 2874/867/113
f 2891/885/118 2892/886/118 2876/869/118 2875/868/118
f 2892/886/123 2893/887/123 2877/870/123 2876/869/123
f 2893/887/128 2894/888/128 2878/871/128 2877/870/128
f 2894/888/133 2895/889/133 2879/872/133 2878/871/133
f 2895/889/138 2896/890/138 2880/873/138 2879/872/138
f 2896/890/143 2897/891/143 2881/874/143 2880/873/143
f 2897/891/148 2898/892/148 2882/875/148 2881/874/148
f 2898/892/153 2899/893/153 2883/876/153 2882/875/153
f 2899/893/158 2884/894/158 2868/877/158 2883/876/158
f 2900/895/161 2901/896/161 2885/879/161 2884/878/161
f 2901/896/161 2902/897/161 2886/880/161 2885/879/161
f 2902/897/161 2903/898/161 2887/881/161 2886/880/161
f 2903/898/161 2904/899/161 2888/882/161 2887/881/161
f 2904/899/161 2905/900/161 2889/883/161 2888/882/161
f 2905/900/161 2906/901/161 2890/884/161 2889/883/161
f 2906/901/161 2907/902/161 2891/885/161 2890/884/161
f 2907/902/161 2908/903/161 2892/886/161 2891/885/161
f 2908/903/161 2909/904/161 2893/887/161 2892/886/161
f 2909/904/161 2910/905/161 2894/888/161 2893/887/161
f 2910/905/161 2911/906/161 2895/889/161 2894/888/161
f 2911/906/161 2912/907/161 2896/890/161 2895/889/161
f 2912/907/161 2913/908/161 2897/891/161 2896/890/161
f 2913/908/161 2914/909/161 2898/892/161 2897/891/161
f 2914/909/161 2915/910/161 2899/893/161 2898/892/161
f 2915/910/161 2900/911/161 2884/894/161 2899/893/161
f 2916/912/83 2917/913/83 2901/896/83 2900/895/83
f 2917/913/88 2918/914/88 2902/897/88 2901/896/88
f 2918/914/93 2919/915/93 2903/898/93 2902/897/93
f 2919/915/98 2920/916/98 2904/899/98 2903/898/98
f 2920/916/103 2921/917/103 2905/900/103 2904/899/103
f 2921/917/108 2922/918/108 2906/901/108 2905/900/108
f 2922/918/113 2923/919/113 2907/902/113 2906/901/113
f 2923/919/118 2924/920/118 2908/903/118 2907/902/118
f 2924/920/123 2925/921/123 2909/904/123 2908/903/123
f 2925/921/128 2926/922/128 2910/905/128 2909/904/128
f 2926/922/133 2927/923/133 2911/906/133 2910/905/133
f 2927/923/138 2928/924/138 2912/907/138 2911/906/138
f 2928/924/143 2929/925/143 2913/908/143 2912/907/143
f 2929/925/148 2930/926/148 2914/909/148 2913/908/148
f 2930/926/153 2931/927/153 2915/910/153 2914/909/153
f 2931/927/158 2916/928/158 2900/911/158 2915/910/158
f 2932/929/162 2933/930/162 2917/913/162 2916/912/162
f 2933/930/162 2934/931/162 2918/914/162 2917/913/162
f 2934/931/162 2935/932/162 2919/915/162 2918/914/162
f 2935/932/162 2936/933/162 2920/916/162 2919/915/162
f 2936/933/162 2937/934/162 2921/917/162 2920/916/162
f 2937/934/162 2938/935/162 2922/918/162 2921/917/162
f 2938/935/162 2939/936/162 2923/919/162 2922/918/162
f 2939/936/162 2940/937/162 2924/920/162 2923/919/162
f 2940/937/162 2941/938/162 2925/921/162 2924/920/162
f 2941/938/162 2942/939/162 2926/922/162 2925/921/162
f 2942/939/162 2943/940/162 2927/923/162 2926/922/162
f 2943/940/162 2944/941/162 2928/924/162 2927/923/162
f 2944/941/162 2945/942/162 2929/925/162 2928/924/162
f 2945/942/162 2946/943/162 2930/926/162 2929/925/162
f 2946/943/162 2947/944/162 2931/927/162 2930/926/162
f 2947/944/162 2932/945/162 2916/928/162 2931/927/162
f 2948/946/83 2949/947/83 2933/930/83 2932/929/83
f 2949/947/88 2950/948/88 2934/931/88 2933/930/88
f 2950/948/93 2951/949/93 2935/932/93 2934/931/93
f 2951/949/98 2952/950/98 2936/933/98 2935/932/98
f 2952/950/103 2953/951/103 2937/934/103 2936/933/103
f 2953/951/108 2954/952/108 2938/935/108 2937/934/108
f 2954/952/113 2955/953/113 2939/936/113 2938/935/113
f 2955/953/118 2956/954/118 2940/937/118 2939/936/118
f 2956/954/123 2957/955/123 2941/938/123 2940/937/123
f 2957/955/128 2958/956/128 2942/939/128 2941/938/128
f 2958/956/133 2959/957/133 2943/940/133 2942/939/133
f 2959/957/138 2960/958/138 2944/941/138 2943/940/138
f 2960/958/143 2961/959/143 2945/942/143 2944/941/143
f 2961/959/148 2962/960/148 2946/943/148 2945/942/148
f 2962/960/153 2963/961/153 2947/944/153 2946/943/153
f 2963/961/158 2948/962/158 2932/945/158 2947/944/158
f 2964/963/161 2965/964/161 2949/947/161 2948/946/161
f 2965/964/161 2966/965/161 2950/948/161 2949/947/161
f 2966/965/161 2967/966/161 2951/949/161 2950/948/161
f 2967/966/161 2968/967/161 2952/950/161 2951/949/161
f 2968/967/161 2969/968/161 2953/951/161 2952/950/161
f 2969/968/161 2970/969/161 2954/952/161 2953/951/161
f 2970/969/161 2971/970/161 2955/953/161 2954/952/161
f 2971/970/161 2972/971/161 2956/954/161 2955/953/161
f 2972/971/161 2973/972/161 2957/955/161 2956/954/161
f 2973/972/161 2974/973/161 2958/956/161 2957/955/161
f 2974/973/161 2975/974/161 2959/957/161 2958/956/161
f 2975/974/161 2976/975/161 2960/958/161 2959/957/161
f 2976/975/161 2977/976/161 2961/959/161 2960/958/161
f 2977/976/161 2978/977/161 2962/960/161 2961/959/161
f 2978/977/161 2979/978/161 2963/961/161 2962/960/161
f 2979/978/161 2964/979/161 2948/962/161 2963/961/161
f 2980/980/559 2981/981/559 2965/964/559 2964/963/559
f 2981/981/560 2982/982/560 2966/965/560 2965/964/560
f 2982/982/561 2983/983/561 2967/966/561 2966/965/561
f 2983/983/562 2984/984/562 2968/967/562 2967/966/562
f 2984/984/563 2985/985/563 2969/968/563 2968/967/563
f 2985/985/564 2986/986/564 2970/969/564 2969/968/564
f 2986/986/565 2987/987/565 2971/970/565 2970/969/565
f 2987/987/566 2988/988/566 2972/971/566 2971/970/566
f 2988/988/567 2989/989/567 2973/972/567 2972/971/567
f 2989/989/568 2990/990/568 2974/973/568 2973/972/568
f 2990/990/569 2991/991/569 2975/974/569 2974/973/569
f 2991/991/570 2992/992/570 2976/975/570 2975/974/570
f 2992/992/571 2993/993/571 2977/976/571 2976/975/571
f 2993/993/572 2994/994/572 2978/977/572 2977/976/572
f 2994/994/573 2995/995/573 2979/978/573 2978/977/573
f 2995/995/574 2980/996/574 2964/979/574 2979/978/574
f 2996/563/162 2996/568/162 2981/981/162 2980/980/162
f 2996/568/162 2996/573/162 2982/982/162 2981/981/162
f 2996/573/162 2996/578/162 2983/983/162 2982/982/162
f 2996/578/162 2996/583/162 2984/984/162 2983/983/162
f 2996/583/162 2996/588/162 2985/985/162 2984/984/162
f 2996/588/162 2996/593/162 2986/986/162 2985/985/162
f 2996/593/162 2996/598/162 2987/987/162 2986/986/162
f 2996/598/162 2996/340/162 2988/988/162 2987/987/162
f 2996/340/162 2996/607/162 2989/989/162 2988/988/162
f 2996/607/162 2996/612/162 2990/990/162 2989/989/162
f 2996/612/162 2996/617/162 2991/991/162 2990/990/162
f 2996/617/162 2996/622/162 2992/992/162 2991/991/162
f 2996/622/162 2996/627/162 2993/993/162 2992/992/162
f 2996/627/162 2996/632/162 2994/994/162 2993/993/162
f 2996/632/162 2996/637/162 2995/995/162 2994/994/162
f 2996/637/162 2996/642/162 2980/996/162 2995/995/162
o pin_6
usemtl steel
f 2997/997/575 2998/998/575 2999/999/575 3000/1000/575
f 2998/998/576 3001/1001/576 3002/1002/576 2999/999/576
f 3001/1001/577 3003/1003/577 3004/1004/577 3002/1002/577
f 3003/1003/578 3005/1005/578 3006/1006/578 3004/1004/578
f 3005/1005/579 3007/1007/579 3008/1008/579 3006/1006/579
f 3007/1007/580 3009/1009/580 3010/1010/580 3008/1008/580
f 3009/1009/581 3011/1011/581 3012/1012/581 3010/1010/581
f 3011/1011/582 2997/1013/582 3000/1014/582 3012/1012/582
f 3013/1015/583 3014/1016/583 2998/998/583 2997/997/583
f 3014/1016/584 3015/1017/584 3001/1001/584 2998/998/584
f 3015/1017/585 3016/1018/585 3003/1003/585 3001/1001/585
f 3016/1018/586 3017/1019/586 3005/1005/586 3003/1003/586
f 3017/1019/587 3018/1020/587 3007/1007/587 3005/1005/587
f 3018/1020/588 3019/1021/588 3009/1009/588 3007/1007/588
f 3019/1021/589 3020/1022/589 3011/1011/589 3009/1009/589
f 3020/1022/590 3013/1023/590 2997/1013/590 3011/1011/590
f 3021/1024/575 3022/1025/575 3014/1016/575 3013/1015/575
f 3022/1025/576 3023/1026/576 3015/1017/576 3014/1016/576
f 3023/1026/577 3024/1027/577 3016/1018/577 3015/1017/577
f 3024/1027/578 3025/1028/578 3017/1019/578 3016/1018/578
f 3025/1028/579 3026/1029/579 3018/1020/579 3017/1019/579
f 3026/1029/580 3027/1030/580 3019/1021/580 3018/1020/580
f 3027/1030/581 3028/1031/581 3020/1022/581 3019/1021/581
f 3028/1031/582 3021/1032/582 3013/1023/582 3020/1022/582
f 3029/563/162 3029/573/162 3022/1025/162 3021/1024/162
f 3029/573/162 3029/583/162 3023/1026/162 3022/1025/162
f 3029/583/162 3029/593/162 3024/1027/162 3023/1026/162
f 3029/593/162 3029/340/162 3025/1028/162 3024/1027/162
f 3029/340/162 3029/612/162 3026/1029/162 3025/1028/162
f 3029/612/162 3029/622/162 3027/1030/162 3026/1029/162
f 3029/622/162 3029/632/162 3028/1031/162 3027/1030/162
f 3029/632/162 3029/642/162 3021/1032/162 3028/1031/162
o insulator_7
usemtl porcelain
f 3030/691/527 3031/692/527 3032/693/527 3033/694/527
f 3031/692/528 3034/695/528 3035/696/528 3032/693/528
f 3034/695/529 3036/697/529 3037/698/529 3035/696/529
f 3036/697/530 3038/699/530 3039/700/530 3037/698/530
f 3038/699/531 3040/701/531 3041/702/531 3039/700/531
f 3040/701/532 3042/703/532 3043/704/532 3041/702/532
f 3042/703/533 3044/705/533 3045/706/533 3043/704/533
f 3044/705/534 3046/707/534 3047/708/534 3045/706/534
f 3046/707/535 3048/709/535 3049/710/535 3047/708/535
f 3048/709/536 3050/711/536 3051/712/536 3049/710/536
f 3050/711/537 3052/713/537 3053/714/537 3051/712/537
f 3052/713/538 3054/715/538 3055/716/538 3053/714/538
f 3054/715/539 3056/717/539 3057/718/539 3055/716/539
f 3056/717/540 3058/719/540 3059/720/540 3057/718/540
f 3058/719/541 3060/721/541 3061/722/541 3059/720/541
f 3060/721/542 3030/723/542 3033/724/542 3061/722/542
f 3062/725/162 3063/726/162 3031/692/162 3030/691/162
f 3063/726/162 3064/727/162 3034/695/162 3031/692/162
f 3064/727/162 3065/728/162 3036/697/162 3034/695/162
f 3065/728/162 3066/729/162 3038/699/162 3036/697/162
f 3066/729/162 3067/730/162 3040/701/162 3038/699/162
f 3067/730/162 3068/731/162 3042/703/162 3040/701/162
f 3068/731/162 3069/732/162 3044/705/162 3042/703/162
f 3069/732/162 3070/733/162 3046/707/162 3044/705/162
f 3070/733/162 3071/734/162 3048/709/162 3046/707/162
f 3071/734/162 3072/735/162 3050/711/162 3048/709/162
f 3072/735/162 3073/736/162 3052/713/162 3050/711/162
f 3073/736/162 3074/737/162 3054/715/162 3052/713/162
f 3074/737/162 3075/738/162 3056/717/162 3054/715/162
f 3075/738/162 3076/739/162 3058/719/162 3056/717/162
f 3076/739/162 3077/740/162 3060/721/162 3058/719/162
f 3077/740/162 3062/741/162 3030/723/162 3060/721/162
f 3078/742/83 3079/743/83 3063/726/83 3062/725/83
f 3079/743/88 3080/744/88 3064/727/88 3063/726/88
f 3080/744/93 3081/745/93 3065/728/93 3064/727/93
f 3081/745/98 3082/746/98 3066/729/98 3065/728/98
f 3082/746/103 3083/747/103 3067/730/103 3066/729/103
f 3083/747/108 3084/748/108 3068/731/108 3067/730/108
f 3084/748/113 3085/749/113 3069/732/113 3068/731/113
f 3085/749/118 3086/750/118 3070/733/118 3069/732/118
f 3086/750/123 3087/751/123 3071/734/123 3070/733/123
f 3087/751/128 3088/752/128 3072/735/128 3071/734/128
f 3088/752/133 3089/753/133 3073/736/133 3072/735/133
f 3089/753/138 3090/754/138 3074/737/138 3073/736/138
f 3090/754/143 3091/755/143 3075/738/143 3074/737/143
f 3091/755/148 3092/756/148 3076/739/148 3075/738/148
f 3092/756/153 3093/757/153 3077/740/153 3076/739/153
f 3093/757/158 3078/758/158 3062/741/158 3077/740/158
f 3094/759/161 3095/760/161 3079/743/161 3078/742/161
f 3095/760/161 3096/761/161 3080/744/161 3079/743/161
f 3096/761/161 3097/762/161 3081/745/161 3080/744/161
f 3097/762/161 3098/763/161 3082/746/161 3081/745/161
f 3098/763/161 3099/764/161 3083/747/161 3082/746/161
f 3099/764/161 3100/765/161 3084/748/161 3083/747/161
f 3100/765/161 3101/766/161 3085/749/161 3084/748/161
f 3101/766/161 3102/767/161 3086/750/161 3085/749/161
f 3102/767/161 3103/768/161 3087/751/161 3086/750/161
f 3103/768/161 3104/769/161 3088/752/161 3087/751/161
f 3104/769/161 3105/770/161 3089/753/161 3088/752/161
f 3105/770/161 3106/771/161 3090/754/161 3089/753/161
f 3106/771/161 3107/772/161 3091/755/161 3090/754/161
f 3107/772/161 3108/773/161 3092/756/161 3091/755/161
f 3108/773/161 3109/774/161 3093/757/161 3092/756/161
f 3109/774/161 3094/775/161 3078/758/161 3093/757/161
f 3110/776/543 3111/777/543 3095/760/543 3094/759/543
f 3111/777/544 3112/778/544 3096/761/544 3095/760/544
f 3112/778/545 3113/779/545 3097/762/545 3096/761/545
f 3113/779/546 3114/780/546 3098/763/546 3097/762/546
f 3114/780/547 3115/781/547 3099/764/547 3098/763/547
f 3115/781/548 3116/782/548 3100/765/548 3099/764/548
f 3116/782/549 3117/783/549 3101/766/549 3100/765/549
f 3117/783/550 3118/784/550 3102/767/550 3101/766/550
f 3118/784/551 3119/785/551 3103/768/551 3102/767/551
f 3119/785/552 3120/786/552 3104/769/552 3103/768/552
f 3120/786/553 3121/787/553 3105/770/553 3104/769/553
f 3121/787/554 3122/788/554 3106/771/554 3105/770/554
f 3122/788/555 3123/789/555 3107/772/555 3106/771/555
f 3123/789/556 3124/790/556 3108/773/556 3107/772/556
f 3124/790/557 3125/791/557 3109/774/557 3108/773/557
f 3125/791/558 3110/792/558 3094/775/558 3109/774/558
f 3126/793/162 3127/794/162 3111/777/162 3110/776/162
f 3127/794/162 3128/795/162 3112/778/162 3111/777/162
f 3128/795/162 3129/796/162 3113/779/162 3112/778/162
f 3129/796/162 3130/797/162 3114/780/162 3113/779/162
f 3130/797/162 3131/798/162 3115/781/162 3114/780/162
f 3131/798/162 3132/799/162 3116/782/162 3115/781/162
f 3132/799/162 3133/800/162 3117/783/162 3116/782/162
f 3133/800/162 3134/801/162 3118/784/162 3117/783/162
f 3134/801/162 3135/802/162 3119/785/162 3118/784/162
f 3135/802/162 3136/803/162 3120/786/162 3119/785/162
f 3136/803/162 3137/804/162 3121/787/162 3120/786/162
f 3137/804/162 3138/805/162 3122/788/162 3121/787/162
f 3138/805/162 3139/806/162 3123/789/162 3122/788/162
f 3139/806/162 3140/807/162 3124/790/162 3123/789/162
f 3140/807/162 3141/808/162 3125/791/162 3124/790/162
f 3141/808/162 3126/809/162 3110/792/162 3125/791/162
f 3142/810/83 3143/811/83 3127/794/83 3126/793/83
f 3143/811/88 3144/812/88 3128/795/88 3127/794/88
f 3144/812/93 3145/813/93 3129/796/93 3128/795/93
f 3145/813/98 3146/814/98 3130/797/98 3129/796/98
f 3146/814/103 3147/815/103 3131/798/103 3130/797/103
f 3147/815/108 3148/816/108 3132/799/108 3131/798/108
f 3148/816/113 3149/817/113 3133/800/113 3132/799/113
f 3149/817/118 3150/818/118 3134/801/118 3133/800/118
f 3150/818/123 3151/819/123 3135/802/123 3134/801/123
f 3151/819/128 3152/820/128 3136/803/128 3135/802/128
f 3152/820/133 3153/821/133 3137/804/133 3136/803/133
f 3153/821/138 3154/822/138 3138/805/138 3137/804/138
f 3154/822/143 3155/823/143 3139/806/143 3138/805/143
f 3155/823/148 3156/824/148 3140/807/148 3139/806/148
f 3156/824/153 3157/825/153 3141/808/153 3140/807/153
f 3157/825/158 3142/826/158 3126/809/158 3141/808/158
f 3158/827/161 3159/828/161 3143/811/161 3142/810/161
f 3159/828/161 3160/829/161 3144/812/161 3143/811/161
f 3160/829/161 3161/830/161 3145/813/161 3144/812/161
f 3161/830/161 3162/831/161 3146/814/161 3145/813/161
f 3162/831/161 3163/832/161 3147/815/161 3146/814/161
f 3163/832/161 3164/833/161 3148/816/161 3147/815/161
f 3164/833/161 3165/834/161 3149/817/161 3148/816/161
f 3165/834/161 3166/835/161 3150/818/161 3149/817/161
f 3166/835/161 3167/836/161 3151/819/161 3150/818/161
f 3167/836/161 3168/837/161 3152/820/161 3151/819/161
f 3168/837/161 3169/838/161 3153/821/161 3152/820/161
f 3169/838/161 3170/839/161 3154/822/161 3153/821/161
f 3170/839/161 3171/840/161 3155/823/161 3154/822/161
f 3171/840/161 3172/841/161 3156/824/161 3155/823/161
f 3172/841/161 3173/842/161 3157/825/161 3156/824/161
f 3173/842/161 3158/843/161 3142/826/161 3157/825/161
f 3174/844/83 3175/845/83 3159/828/83 3158/827/83
f 3175/845/88 3176/846/88 3160/829/88 3159/828/88
f 3176/846/93 3177/847/93 3161/830/93 3160/829/93
f 3177/847/98 3178/848/98 3162/831/98 3161/830/98
f 3178/848/103 3179/849/103 3163/832/103 3162/831/103
f 3179/849/108 3180/850/108 3164/833/108 3163/832/108
f 3180/850/113 3181/851/113 3165/834/113 3164/833/113
f 3181/851/118 3182/852/118 3166/835/118 3165/834/118
f 3182/852/123 3183/853/123 3167/836/123 3166/835/123
f 3183/853/128 3184/854/128 3168/837/128 3167/836/128
f 3184/854/133 3185/855/133 3169/838/133 3168/837/133
f 3185/855/138 3186/856/138 3170/839/138 3169/838/138
f 3186/856/143 3187/857/143 3171/840/143 3170/839/143
f 3187/857/148 3188/858/148 3172/841/148 3171/840/148
f 3188/858/153 3189/859/153 3173/842/153 3172/841/153
f 3189/859/158 3174/860/158 3158/843/158 3173/842/158
f 3190/861/162 3191/862/162 3175/845/162 3174/844/162
f 3191/862/162 3192/863/162 3176/846/162 3175/845/162
f 3192/863/162 3193/864/162 3177/847/162 3176/846/162
f 3193/864/162 3194/865/162 3178/848/162 3177/847/162
f 3194/865/162 3195/866/162 3179/849/162 3178/848/162
f 3195/866/162 3196/867/162 3180/850/162 3179/849/162
f 3196/867/162 3197/868/162 3181/851/162 3180/850/162
f 3197/868/162 3198/869/162 3182/852/162 3181/851/162
f 3198/869/162 3199/870/162 3183/853/162 3182/852/162
f 3199/870/162 3200/871/162 3184/854/162 3183/853/162
f 3200/871/162 3201/872/162 3185/855/162 3184/854/162
f 3201/872/162 3202/873/162 3186/856/162 3185/855/162
f 3202/873/162 3203/874/162 3187/857/162 3186/856/162
f 3203/874/162 3204/875/162 3188/858/162 3187/857/162
f 3204/875/162 3205/876/162 3189/859/162 3188/858/162
f 3205/876/162 3190/877/162 3174/860/162 3189/859/162
f 3206/878/83 3207/879/83 3191/862/83 3190/861/83
f 3207/879/88 3208/880/88 3192/863/88 3191/862/88
f 3208/880/93 3209/881/93 3193/864/93 3192/863/93
f 3209/881/98 3210/882/98 3194/865/98 3193/864/98
f 3210/882/103 3211/883/103 3195/866/103 3194/865/103
f 3211/883/108 3212/884/108 3196/867/108 3195/866/108
f 3212/884/113 3213/885/113 3197/868/113 3196/867/113
f 3213/885/118 3214/886/118 3198/869/118 3197/868/118
f 3214/886/123 3215/887/123 3199/870/123 3198/869/123
f 3215/887/128 3216/888/128 3200/871/128 3199/870/128
f 3216/888/133 3217/889/133 3201/872/133 3200/871/133
f 3217/889/138 3218/890/138 3202/873/138 3201/872/138
f 3218/890/143 3219/891/143 3203/874/143 3202/873/143
f 3219/891/148 3220/892/148 3204/875/148 3203/874/148
f 3220/892/153 3221/893/153 3205/876/153 3204/875/153
f 3221/893/158 3206/894/158 3190/877/158 3205/876/158
f 3222/895/161 3223/896/161 3207/879/161 3206/878/161
f 3223/896/161 3224/897/161 3208/880/161 3207/879/161
f 3224/897/161 3225/898/161 3209/881/161 3208/880/161
f 3225/898/161 3226/899/161 3210/882/161 3209/881/161
f 3226/899/161 3227/900/161 3211/883/161 3210/882/161
f 3227/900/161 3228/901/161 3212/884/161 3211/883/161
f 3228/901/161 3229/902/161 3213/885/161 3212/884/161
f 3229/902/161 3230/903/161 3214/886/161 3213/885/161
f 3230/903/161 3231/904/161 3215/887/161 3214/886/161
f 3231/904/161 3232/905/161 3216/888/161 3215/887/161
f 3232/905/161 3233/906/161 3217/889/161 3216/888/161
f 3233/906/161 3234/907/161 3218/890/161 3217/889/161
f 3234/907/161 3235/908/161 3219/891/161 3218/890/161
f 3235/908/161 3236/909/161 3220/892/161 3219/891/161
f 3236/909/161 3237/910/161 3221/893/161 3220/892/161
f 3237/910/161 3222/911/161 3206/894/161 3221/893/161
f 3238/912/83 3239/913/83 3223/896/83 3222/895/83
f 3239/913/88 3240/914/88 3224/897/88 3223/896/88
f 3240/914/93 3241/915/93 3225/898/93 3224/897/93
f 3241/915/98 3242/916/98 3226/899/98 3225/898/98
f 3242/916/103 3243/917/103 3227/900/103 3226/899/103
f 3243/917/108 3244/918/108 3228/901/108 3227/900/108
f 3244/918/113 3245/919/113 3229/902/113 3228/901/113
f 3245/919/118 3246/920/118 3230/903/118 3229/902/118
f 3246/920/123 3247/921/123 3231/904/123 3230/903/123
f 3247/921/128 3248/922/128 3232/905/128 3231/904/128
f 3248/922/133 3249/923/133 3233/906/133 3232/905/133
f 3249/923/138 3250/924/138 3234/907/138 3233/906/138
f 3250/924/143 3251/925/143 3235/908/143 3234/907/143
f 3251/925/148 3252/926/148 3236/909/148 3235/908/148
f 3252/926/153 3253/927/153 3237/910/153 3236/909/153
f 3253/927/158 3238/928/158 3222/911/158 3237/910/158
f 3254/929/162 3255/930/162 3239/913/162 3238/912/162
f 3255/930/162 3256/931/162 3240/914/162 3239/913/162
f 3256/931/162 3257/932/162 3241/915/162 3240/914/162
f 3257/932/162 3258/933/162 3242/916/162 3241/915/162
f 3258/933/162 3259/934/162 3243/917/162 3242/916/162
f 3259/934/162 3260/935/162 3244/918/162 3243/917/162
f 3260/935/162 3261/936/162 3245/919/162 3244/918/162
f 3261/936/162 3262/937/162 3246/920/162 3245/919/162
f 3262/937/162 3263/938/162 3247/921/162 3246/920/162
f 3263/938/162 3264/939/162 3248/922/162 3247/921/162
f 3264/939/162 3265/940/162 3249/923/162 3248/922/162
f 3265/940/162 3266/941/162 3250/924/162 3249/923/162
f 3266/941/162 3267/942/162 3251/925/162 3250/924/162
f 3267/942/162 3268/943/162 3252/926/162 3251/925/162
f 3268/943/162 3269/944/162 3253/927/162 3252/926/162
f 3269/944/162 3254/945/162 3238/928/162 3253/927/162
f 3270/946/83 3271/947/83 3255/930/83 3254/929/83
f 3271/947/88 3272/948/88 3256/931/88 3255/930/88
f 3272/948/93 3273/949/93 3257/932/93 3256/931/93
f 3273/949/98 3274/950/98 3258/933/98 3257/932/98
f 3274/950/103 3275/951/103 3259/934/103 3258/933/103
f 3275/951/108 3276/952/108 3260/935/108 3259/934/108
f 3276/952/113 3277/953/113 3261/936/113 3260/935/113
f 3277/953/118 3278/954/118 3262/937/118 3261/936/118
f 3278/954/123 3279/955/123 3263/938/123 3262/937/123
f 3279/955/128 3280/956/128 3264/939/128 3263/938/128
f 3280/956/133 3281/957/133 3265/940/133 3264/939/133
f 3281/957/138 3282/958/138 3266/941/138 3265/940/138
f 3282/958/143 3283/959/143 3267/942/143 3266/941/143
f 3283/959/148 3284/960/148 3268/943/148 3267/942/148
f 3284/960/153 3285/961/153 3269/944/153 3268/943/153
f 3285/961/158 3270/962/158 3254/945/158 3269/944/158
f 3286/963/161 3287/964/161 3271/947/161 3270/946/161
f 3287/964/161 3288/965/161 3272/948/161 3271/947/161
f 3288/965/161 3289/966/161 3273/949/161 3272/948/161
f 3289/966/161 3290/967/161 3274/950/161 3273/949/161
f 3290/967/161 3291/968/161 3275/951/161 3274/950/161
f 3291/968/161 3292/969/161 3276/952/161 3275/951/161
f 3292/969/161 3293/970/161 3277/953/161 3276/952/161
f 3293/970/161 3294/971/161 3278/954/161 3277/953/161
f 3294/971/161 3295/972/161 3279/955/161 3278/954/161
f 3295/972/161 3296/973/161 3280/956/161 3279/955/161
f 3296/973/161 3297/974/161 3281/957/161 3280/956/161
f 3297/974/161 3298/975/161 3282/958/161 3281/957/161
f 3298/975/161 3299/976/161 3283/959/161 3282/958/161
f 3299/976/161 3300/977/161 3284/960/161 3283/959/161
f 3300/977/161 3301/978/161 3285/961/161 3284/960/161
f 3301/978/161 3286/979/161 3270/962/161 3285/961/161
f 3302/980/559 3303/981/559 3287/964/559 3286/963/559
f 3303/981/560 3304/982/560 3288/965/560 3287/964/560
f 3304/982/561 3305/983/561 3289/966/561 3288/965/561
f 3305/983/562 3306/984/562 3290/967/562 3289/966/562
f 3306/984/563 3307/985/563 3291/968/563 3290/967/563
f 3307/985/564 3308/986/564 3292/969/564 3291/968/564
f 3308/986/565 3309/987/565 3293/970/565 3292/969/565
f 3309/987/566 3310/988/566 3294/971/566 3293/970/566
f 3310/988/567 3311/989/567 3295/972/567 3294/971/567
f 3311/989/568 3312/990/568 3296/973/568 3295/972/568
f 3312/990/569 3313/991/569 3297/974/569 3296/973/569
f 3313/991/570 3314/992/570 3298/975/570 3297/974/570
f 3314/992/571 3315/993/571 3299/976/571 3298/975/571
f 3315/993/572 3316/994/572 3300/977/572 3299/976/572
f 3316/994/573 3317/995/573 3301/978/573 3300/977/573
f 3317/995/574 3302/996/574 3286/979/574 3301/978/574
f 3318/563/162 3318/568/162 3303/981/162 3302/980/162
f 3318/568/162 3318/573/162 3304/982/162 3303/981/162
f 3318/573/162 3318/578/162 3305/983/162 3304/982/162
f 3318/578/162 3318/583/162 3306/984/162 3305/983/162
f 3318/583/162 3318/588/162 3307/985/162 3306/984/162
f 3318/588/162 3318/593/162 3308/986/162 3307/985/162
f 3318/593/162 3318/598/162 3309/987/162 3308/986/162
f 3318/598/162 3318/340/162 3310/988/162 3309/987/162
f 3318/340/162 3318/607/162 3311/989/162 3310/988/162
f 3318/607/162 3318/612/162 3312/990/162 3311/989/162
f 3318/612/162 3318/617/162 3313/991/162 3312/990/162
f 3318/617/162 3318/622/162 3314/992/162 3313/991/162
f 3318/622/162 3318/627/162 3315/993/162 3314/992/162
f 3318/627/162 3318/632/162 3316/994/162 3315/993/162
f 3318/632/162 3318/637/162 3317/995/162 3316/994/162
f 3318/637/162 3318/642/162 3302/996/162 3317/995/162
o pin_7
usemtl steel
f 3319/997/575 3320/998/575 3321/999/575 3322/1000/575
f 3320/998/576 3323/1001/576 3324/1002/576 3321/999/576
f 3323/1001/577 3325/1003/577 3326/1004/577 3324/1002/577
f 3325/1003/578 3327/1005/578 3328/1006/578 3326/1004/578
f 3327/1005/579 3329/1007/579 3330/1008/579 3328/1006/579
f 3329/1007/580 3331/1009/580 3332/1010/580 3330/1008/580
f 3331/1009/581 3333/1011/581 3334/1012/581 3332/1010/581
f 3333/1011/582 3319/1013/582 3322/1014/582 3334/1012/582
f 3335/1015/583 3336/1016/583 3320/998/583 3319/997/583
f 3336/1016/584 3337/1017/584 3323/1001/584 3320/998/584
f 3337/1017/585 3338/1018/585 3325/1003/585 3323/1001/585
f 3338/1018/586 3339/1019/586 3327/1005/586 3325/1003/586
f 3339/1019/587 3340/1020/587 3329/1007/587 3327/1005/587
f 3340/1020/588 3341/1021/588 3331/1009/588 3329/1007/588
f 3341/1021/589 3342/1022/589 3333/1011/589 3331/1009/589
f 3342/1022/590 3335/1023/590 3319/1013/590 3333/1011/590
f 3343/1024/575 3344/1025/575 3336/1016/575 3335/1015/575
f 3344/1025/576 3345/1026/576 3337/1017/576 3336/1016/576
f 3345/1026/577 3346/1027/577 3338/1018/577 3337/1017/577
f 3346/1027/578 3347/1028/578 3339/1019/578 3338/1018/578
f 3347/1028/579 3348/1029/579 3340/1020/579 3339/1019/579
f 3348/1029/580 3349/1030/580 3341/1021/580 3340/1020/580
f 3349/1030/581 3350/1031/581 3342/1022/581 3341/1021/581
f 3350/1031/582 3343/1032/582 3335/1023/582 3342/1022/582
f 3351/563/162 3351/573/162 3344/1025/162 3343/1024/162
f 3351/573/162 3351/583/162 3345/1026/162 3344/1025/162
f 3351/583/162 3351/593/162 3346/1027/162 3345/1026/162
f 3351/593/162 3351/340/162 3347/1028/162 3346/1027/162
f 3351/340/162 3351/612/162 3348/1029/162 3347/1028/162
f 3351/612/162 3351/622/162 3349/1030/162 3348/1029/162
f 3351/622/162 3351/632/162 3350/1031/162 3349/1030/162
f 3351/632/162 3351/642/162 3343/1032/162 3350/1031/162
o insulator_8
usemtl porcelain
f 3352/691/527 3353/692/527 3354/693/527 3355/694/527
f 3353/692/528 3356/695/528 3357/696/528 3354/693/528
f 3356/695/529 3358/697/529 3359/698/529 3357/696/529
f 3358/697/530 3360/699/530 3361/700/530 3359/698/530
f 3360/699/531 3362/701/531 3363/702/531 3361/700/531
f 3362/701/532 3364/703/532 3365/704/532 3363/702/532
f 3364/703/533 3366/705/533 3367/706/533 3365/704/533
f 3366/705/534 3368/707/534 3369/708/534 3367/706/534
f 3368/707/535 3370/709/535 3371/710/535 3369/708/535
f 3370/709/536 3372/711/536 3373/712/536 3371/710/536
f 3372/711/537 3374/713/537 3375/714/537 3373/712/537
f 3374/713/538 3376/715/538 3377/716/538 3375/714/538
f 3376/715/539 3378/717/539 3379/718/539 3377/716/539
f 3378/717/540 3380/719/540 3381/720/540 3379/718/540
f 3380/719/541 3382/721/541 3383/722/541 3381/720/541
f 3382/721/542 3352/723/542 3355/724/542 3383/722/542
f 3384/725/162 3385/726/162 3353/692/162 3352/691/162
f 3385/726/162 3386/727/162 3356/695/162 3353/692/162
f 3386/727/162 3387/728/162 3358/697/162 3356/695/162
f 3387/728/162 3388/729/162 3360/699/162 3358/697/162
f 3388/729/162 3389/730/162 3362/701/162 3360/699/162
f 3389/730/162 3390/731/162 3364/703/162 3362/701/162
f 3390/731/162 3391/732/162 3366/705/162 3364/703/162
f 3391/732/162 3392/733/162 3368/707/162 3366/705/162
f 3392/733/162 3393/734/162 3370/709/162 3368/707/162
f 3393/734/162 3394/735/162 3372/711/162 3370/709/162
f 3394/735/162 3395/736/162 3374/713/162 3372/711/162
f 3395/736/162 3396/737/162 3376/715/162 3374/713/162
f 3396/737/162 3397/738/162 3378/717/162 3376/715/162
f 3397/738/162 3398/739/162 3380/719/162 3378/717/162
f 3398/739/162 3399/740/162 3382/721/162 3380/719/162
f 3399/740/162 3384/741/162 3352/723/162 3382/721/162
f 3400/742/83 3401/743/83 3385/726/83 3384/725/83
f 3401/743/88 3402/744/88 3386/727/88 3385/726/88
f 3402/744/93 3403/745/93 3387/728/93 3386/727/93
f 3403/745/98 3404/746/98 3388/729/98 3387/728/98
f 3404/746/103 3405/747/103 3389/730/103 3388/729/103
f 3405/747/108 3406/748/108 3390/731/108 3389/730/108
f 3406/748/113 3407/749/113 3391/732/113 3390/731/113
f 3407/749/118 3408/750/118 3392/733/118 3391/732/118
f 3408/750/123 3409/751/123 3393/734/123 3392/733/123
f 3409/751/128 3410/752/128 3394/735/128 3393/734/128
f 3410/752/133 3411/753/133 3395/736/133 3394/735/133
f 3411/753/138 3412/754/138 3396/737/138 3395/736/138
f 3412/754/143 3413/755/143 3397/738/143 3396/737/143
f 3413/755/148 3414/756/148 3398/739/148 3397/738/148
f 3414/756/153 3415/757/153 3399/740/153 3398/739/153
f 3415/757/158 3400/758/158 3384/741/158 3399/740/158
f 3416/759/161 3417/760/161 3401/743/161 3400/742/161
f 3417/760/161 3418/761/161 3402/744/161 3401/743/161
f 3418/761/161 3419/762/161 3403/745/161 3402/744/161
f 3419/762/161 3420/763/161 3404/746/161 3403/745/161
f 3420/763/161 3421/764/161 3405/747/161 3404/746/161
f 3421/764/161 3422/765/161 3406/748/161 3405/747/161
f 3422/765/161 3423/766/161 3407/749/161 3406/748/161
f 3423/766/161 3424/767/161 3408/750/161 3407/749/161
f 3424/767/161 3425/768/161 3409/751/161 3408/750/161
f 3425/768/161 3426/769/161 3410/752/161 3409/751/161
f 3426/769/161 3427/770/161 3411/753/161 3410/752/161
f 3427/770/161 3428/771/161 3412/754/161 3411/753/161
f 3428/771/161 3429/772/161 3413/755/161 3412/754/161
f 3429/772/161 3430/773/161 3414/756/161 3413/755/161
f 3430/773/161 3431/774/161 3415/757/161 3414/756/161
f 3431/774/161 3416/775/161 3400/758/161 3415/757/161
f 3432/776/543 3433/777/543 3417/760/543 3416/759/543
f 3433/777/544 3434/778/544 3418/761/544 3417/760/544
f 3434/778/545 3435/779/545 3419/762/545 3418/761/545
f 3435/779/546 3436/780/546 3420/763/546 3419/762/546
f 3436/780/547 3437/781/547 3421/764/547 3420/763/547
f 3437/781/548 3438/782/548 3422/765/548 3421/764/548
f 3438/782/549 3439/783/549 3423/766/549 3422/765/549
f 3439/783/550 3440/784/550 3424/767/550 3423/766/550
f 3440/784/551 3441/785/551 3425/768/551 3424/767/551
f 3441/785/552 3442/786/552 3426/769/552 3425/768/552
f 3442/786/553 3443/787/553 3427/770/553 3426/769/553
f 3443/787/554 3444/788/554 3428/771/554 3427/770/554
f 3444/788/555 3445/789/555 3429/772/555 3428/771/555
f 3445/789/556 3446/790/556 3430/773/556 3429/772/556
f 3446/790/557 3447/791/557 3431/774/557 3430/773/557
f 3447/791/558 3432/792/558 3416/775/558 3431/774/558
f 3448/793/162 3449/794/162 3433/777/162 3432/776/162
f 3449/794/162 3450/795/162 3434/778/162 3433/777/162
f 3450/795/162 3451/796/162 3435/779/162 3434/778/162
f 3451/796/162 3452/797/162 3436/780/162 3435/779/162
f 3452/797/162 3453/798/162 3437/781/162 3436/780/162
f 3453/798/162 3454/799/162 3438/782/162 3437/781/162
f 3454/799/162 3455/800/162 3439/783/162 3438/782/162
f 3455/800/162 3456/801/162 3440/784/162 3439/783/162
f 3456/801/162 3457/802/162 3441/785/162 3440/784/162
f 3457/802/162 3458/803/162 3442/786/162 3441/785/162
f 3458/803/162 3459/804/162 3443/787/162 3442/786/162
f 3459/804/162 3460/805/162 3444/788/162 3443/787/162
f 3460/805/162 3461/806/162 3445/789/162 3444/788/162
f 3461/806/162 3462/807/162 3446/790/162 3445/789/162
f 3462/807/162 3463/808/162 3447/791/162 3446/790/162
f 3463/808/162 3448/809/162 3432/792/162 3447/791/162
f 3464/810/83 3465/811/83 3449/794/83 3448/793/83
f 3465/811/88 3466/812/88 3450/795/88 3449/794/88
f 3466/812/93 3467/813/93 3451/796/93 3450/795/93
f 3467/813/98 3468/814/98 3452/797/98 3451/796/98
f 3468/814/103 3469/815/103 3453/798/103 3452/797/103
f 3469/815/108 3470/816/108 3454/799/108 3453/798/108
f 3470/816/113 3471/817/113 3455/800/113 3454/799/113
f 3471/817/118 3472/818/118 3456/801/118 3455/800/118
f 3472/818/123 3473/819/123 3457/802/123 3456/801/123
f 3473/819/128 3474/820/128 3458/803/128 3457/802/128
f 3474/820/133 3475/821/133 3459/804/133 3458/803/133
f 3475/821/138 3476/822/138 3460/805/138 3459/804/138
f 3476/822/143 3477/823/143 3461/806/143 3460/805/143
f 3477/823/148 3478/824/148 3462/807/148 3461/806/148
f 3478/824/153 3479/825/153 3463/808/153 3462/807/153
f 3479/825/158 3464/826/158 3448/809/158 3463/808/158
f 3480/827/161 3481/828/161 3465/811/161 3464/810/161
f 3481/828/161 3482/829/161 3466/812/161 3465/811/161
f 3482/829/161 3483/830/161 3467/813/161 3466/812/161
f 3483/830/161 3484/831/161 3468/814/161 3467/813/161
f 3484/831/161 3485/832/161 3469/815/161 3468/814/161
f 3485/832/161 3486/833/161 3470/816/161 3469/815/161
f 3486/833/161 3487/834/161 3471/817/161 3470/816/161
f 3487/834/161 3488/835/161 3472/818/161 3471/817/161
f 3488/835/161 3489/836/161 3473/819/161 3472/818/161
f 3489/836/161 3490/837/161 3474/820/161 3473/819/161
f 3490/837/161 3491/838/161 3475/821/161 3474/820/161
f 3491/838/161 3492/839/161 3476/822/161 3475/821/161
f 3492/839/161 3493/840/161 3477/823/161 3476/822/161
f 3493/840/161 3494/841/161 3478/824/161 3477/823/161
f 3494/841/161 3495/842/161 3479/825/161 3478/824/161
f 3495/842/161 3480/843/161 3464/826/161 3479/825/161
f 3496/844/83 3497/845/83 3481/828/83 3480/827/83
f 3497/845/88 3498/846/88 3482/829/88 3481/828/88
f 3498/846/93 3499/847/93 3483/830/93 3482/829/93
f 3499/847/98 3500/848/98 3484/831/98 3483/830/98
f 3500/848/103 3501/849/103 3485/832/103 3484/831/103
f 3501/849/108 3502/850/108 3486/833/108 3485/832/108
f 3502/850/113 3503/851/113 3487/834/113 3486/833/113
f 3503/851/118 3504/852/118 3488/835/118 3487/834/118
f 3504/852/123 3505/853/123 3489/836/123 3488/835/123
f 3505/853/128 3506/854/128 3490/837/128 3489/836/128
f 3506/854/133 3507/855/133 3491/838/133 3490/837/133
f 3507/855/138 3508/856/138 3492/839/138 3491/838/138
f 3508/856/143 3509/857/143 3493/840/143 3492/839/143
f 3509/857/148 3510/858/148 3494/841/148 3493/840/148
f 3510/858/153 3511/859/153 3495/842/153 3494/841/153
f 3511/859/158 3496/860/158 3480/843/158 3495/842/158
f 3512/861/162 3513/862/162 3497/845/162 3496/844/162
f 3513/862/162 3514/863/162 3498/846/162 3497/845/162
f 3514/863/162 3515/864/162 3499/847/162 3498/846/162
f 3515/864/162 3516/865/162 3500/848/162 3499/847/162
f 3516/865/162 3517/866/162 3501/849/162 3500/848/162
f 3517/866/162 3518/867/162 3502/850/162 3501/849/162
f 3518/867/162 3519/868/162 3503/851/162 3502/850/162
f 3519/868/162 3520/869/162 3504/852/162 3503/851/162
f 3520/869/162 3521/870/162 3505/853/162 3504/852/162
f 3521/870/162 3522/871/162 3506/854/162 3505/853/162
f 3522/871/162 3523/872/162 3507/855/162 3506/854/162
f 3523/872/162 3524/873/162 3508/856/162 3507/855/162
f 3524/873/162 3525/874/162 3509/857/162 3508/856/162
f 3525/874/162 3526/875/162 3510/858/162 3509/857/162
f 3526/875/162 3527/876/162 3511/859/162 3510/858/162
f 3527/876/162 3512/877/162 3496/860/162 3511/859/162
f 3528/878/83 3529/879/83 3513/862/83 3512/861/83
f 3529/879/88 3530/880/88 3514/863/88 3513/862/88
f 3530/880/93 3531/881/93 3515/864/93 3514/863/93
f 3531/881/98 3532/882/98 3516/865/98 3515/864/98
f 3532/882/103 3533/883/103 3517/866/103 3516/865/103
f 3533/883/108 3534/884/108 3518/867/108 3517/866/108
f 3534/884/113 3535/885/113 3519/868/113 3518/867/113
f 3535/885/118 3536/886/118 3520/869/118 3519/868/118
f 3536/886/123 3537/887/123 3521/870/123 3520/869/123
f 3537/887/128 3538/888/128 3522/871/128 3521/870/128
f 3538/888/133 3539/889/133 3523/872/133 3522/871/133
f 3539/889/138 3540/890/138 3524/873/138 3523/872/138
f 3540/890/143 3541/891/143 3525/874/143 3524/873/143
f 3541/891/148 3542/892/148 3526/875/148 3525/874/148
f 3542/892/153 3543/893/153 3527/876/153 3526/875/153
f 3543/893/158 3528/894/158 3512/877/158 3527/876/158
f 3544/895/161 3545/896/161 3529/879/161 3528/878/161
f 3545/896/161 3546/897/161 3530/880/161 3529/879/161
f 3546/897/161 3547/898/161 3531/881/161 3530/880/161
f 3547/898/161 3548/899/161 3532/882/161 3531/881/161
f 3548/899/161 3549/900/161 3533/883/161 3532/882/161
f 3549/900/161 3550/901/161 3534/884/161 3533/883/161
f 3550/901/161 3551/902/161 3535/885/161 3534/884/161
f 3551/902/161 3552/903/161 3536/886/161 3535/885/161
f 3552/903/161 3553/904/161 3537/887/161 3536/886/161
f 3553/904/161 3554/905/161 3538/888/161 3537/887/161
f 3554/905/161 3555/906/161 3539/889/161 3538/888/161
f 3555/906/161 3556/907/161 3540/890/161 3539/889/161
f 3556/907/161 3557/908/161 3541/891/161 3540/890/161
f 3557/908/161 3558/909/161 3542/892/161 3541/891/161
f 3558/909/161 3559/910/161 3543/893/161 3542/892/161
f 3559/910/161 3544/911/161 3528/894/161 3543/893/161
f 3560/912/83 3561/913/83 3545/896/83 3544/895/83
f 3561/913/88 3562/914/88 3546/897/88 3545/896/88
f 3562/914/93 3563/915/93 3547/898/93 3546/897/93
f 3563/915/98 3564/916/98 3548/899/98 3547/898/98
f 3564/916/103 3565/917/103 3549/900/103 3548/899/103
f 3565/917/108 3566/918/108 3550/901/108 3549/900/108
f 3566/918/113 3567/919/113 3551/902/113 3550/901/113
f 3567/919/118 3568/920/118 3552/903/118 3551/902/118
f 3568/920/123 3569/921/123 3553/904/123 3552/903/123
f 3569/921/128 3570/922/128 3554/905/128 3553/904/128
f 3570/922/133 3571/923/133 3555/906/133 3554/905/133
f 3571/923/138 3572/924/138 3556/907/138 3555/906/138
f 3572/924/143 3573/925/143 3557/908/143 3556/907/143
f 3573/925/148 3574/926/148 3558/909/148 3557/908/148
f 3574/926/153 3575/927/153 3559/910/153 3558/909/153
f 3575/927/158 3560/928/158 3544/911/158 3559/910/158
f 3576/929/162 3577/930/162 3561/913/162 3560/912/162
f 3577/930/162 3578/931/162 3562/914/162 3561/913/162
f 3578/931/162 3579/932/162 3563/915/162 3562/914/162
f 3579/932/162 3580/933/162 3564/916/162 3563/915/162
f 3580/933/162 3581/934/162 3565/917/162 3564/916/162
f 3581/934/162 3582/935/162 3566/918/162 3565/917/162
f 3582/935/162 3583/936/162 3567/919/162 3566/918/162
f 3583/936/162 3584/937/162 3568/920/162 3567/919/162
f 3584/937/162 3585/938/162 3569/921/162 3568/920/162
f 3585/938/162 3586/939/162 3570/922/162 3569/921/162
f 3586/939/162 3587/940/162 3571/923/162 3570/922/162
f 3587/940/162 3588/941/162 3572/924/162 3571/923/162
f 3588/941/162 3589/942/162 3573/925/162 3572/924/162
f 3589/942/162 3590/943/162 3574/926/162 3573/925/162
f 3590/943/162 3591/944/162 3575/927/162 3574/926/162
f 3591/944/162 3576/945/162 3560/928/162 3575/927/162
f 3592/946/83 3593/947/83 3577/930/83 3576/929/83
f 3593/947/88 3594/948/88 3578/931/88 3577/930/88
f 3594/948/93 3595/949/93 3579/932/93 3578/931/93
f 3595/949/98 3596/950/98 3580/933/98 3579/932/98
f 3596/950/103 3597/951/103 3581/934/103 3580/933/103
f 3597/951/108 3598/952/108 3582/935/108 3581/934/108
f 3598/952/113 3599/953/113 3583/936/113 3582/935/113
f 3599/953/118 3600/954/118 3584/937/118 3583/936/118
f 3600/954/123 3601/955/123 3585/938/123 3584/937/123
f 3601/955/128 3602/956/128 3586/939/128 3585/938/128
f 3602/956/133 3603/957/133 3587/940/133 3586/939/133
f 3603/957/138 3604/958/138 3588/941/138 3587/940/138
f 3604/958/143 3605/959/143 3589/942/143 3588/941/143
f 3605/959/148 3606/960/148 3590/943/148 3589/942/148
f 3606/960/153 3607/961/153 3591/944/153 3590/943/153
f 3607/961/158 3592/962/158 3576/945/158 3591/944/158
f 3608/963/161 3609/964/161 3593/947/161 3592/946/161
f 3609/964/161 3610/965/161 3594/948/161 3593/947/161
f 3610/965/161 3611/966/161 3595/949/161 3594/948/161
f 3611/966/161 3612/967/161 3596/950/161 3595/949/161
f 3612/967/161 3613/968/161 3597/951/161 3596/950/161
f 3613/968/161 3614/969/161 3598/952/161 3597/951/161
f 3614/969/161 3615/970/161 3599/953/161 3598/952/161
f 3615/970/161 3616/971/161 3600/954/161 3599/953/161
f 3616/971/161 3617/972/161 3601/955/161 3600/954/161
f 3617/972/161 3618/973/161 3602/956/161 3601/955/161
f 3618/973/161 3619/974/161 3603/957/161 3602/956/161
f 3619/974/161 3620/975/161 3604/958/161 3603/957/161
f 3620/975/161 3621/976/161 3605/959/161 3604/958/161
f 3621/976/161 3622/977/161 3606/960/161 3605/959/161
f 3622/977/161 3623/978/161 3607/961/161 3606/960/161
f 3623/978/161 3608/979/161 3592/962/161 3607/961/161
f 3624/980/559 3625/981/559 3609/964/559 3608/963/559
f 3625/981/560 3626/982/560 3610/965/560 3609/964/560
f 3626/982/561 3627/983/561 3611/966/561 3610/965/561
f 3627/983/562 3628/984/562 3612/967/562 3611/966/562
f 3628/984/563 3629/985/563 3613/968/563 3612/967/563
f 3629/985/564 3630/986/564 3614/969/564 3613/968/564
f 3630/986/565 3631/987/565 3615/970/565 3614/969/565
f 3631/987/566 3632/988/566 3616/971/566 3615/970/566
f 3632/988/567 3633/989/567 3617/972/567 3616/971/567
f 3633/989/568 3634/990/568 3618/973/568 3617/972/568
f 3634/990/569 3635/991/569 3619/974/569 3618/973/569
f 3635/991/570 3636/992/570 3620/975/570 3619/974/570
f 3636/992/571 3637/993/571 3621/976/571 3620/975/571
f 3637/993/572 3638/994/572 3622/977/572 3621/976/572
f 3638/994/573 3639/995/573 3623/978/573 3622/977/573
f 3639/995/574 3624/996/574 3608/979/574 3623/978/574
f 3640/563/162 3640/568/162 3625/981/162 3624/980/162
f 3640/568/162 3640/573/162 3626/982/162 3625/981/162
f 3640/573/162 3640/578/162 3627/983/162 3626/982/162
f 3640/578/162 3640/583/162 3628/984/162 3627/983/162
f 3640/583/162 3640/588/162 3629/985/162 3628/984/162
f 3640/588/162 3640/593/162 3630/986/162 3629/985/162
f 3640/593/162 3640/598/162 3631/987/162 3630/986/162
f 3640/598/162 3640/340/162 3632/988/162 3631/987/162
f 3640/340/162 3640/607/162 3633/989/162 3632/988/162
f 3640/607/162 3640/612/162 3634/990/162 3633/989/162
f 3640/612/162 3640/617/162 3635/991/162 3634/990/162
f 3640/617/162 3640/622/162 3636/992/162 3635/991/162
f 3640/622/162 3640/627/162 3637/993/162 3636/992/162
f 3640/627/162 3640/632/162 3638/994/162 3637/993/162
f 3640/632/162 3640/637/162 3639/995/162 3638/994/162
f 3640/637/162 3640/642/162 3624/996/162 3639/995/162
o pin_8
usemtl steel
f 3641/997/575 3642/998/575 3643/999/575 3644/1000/575
f 3642/998/576 3645/1001/576 3646/1002/576 3643/999/576
f 3645/1001/577 3647/1003/577 3648/1004/577 3646/1002/577
f 3647/1003/578 3649/1005/578 3650/1006/578 3648/1004/578
f 3649/1005/579 3651/1007/579 3652/1008/579 3650/1006/579
f 3651/1007/580 3653/1009/580 3654/1010/580 3652/1008/580
f 3653/1009/581 3655/1011/581 3656/1012/581 3654/1010/581
f 3655/1011/582 3641/1013/582 3644/1014/582 3656/1012/582
f 3657/1015/583 3658/1016/583 3642/998/583 3641/997/583
f 3658/1016/584 3659/1017/584 3645/1001/584 3642/998/584
f 3659/1017/585 3660/1018/585 3647/1003/585 3645/1001/585
f 3660/1018/586 3661/1019/586 3649/1005/586 3647/1003/586
f 3661/1019/587 3662/1020/587 3651/1007/587 3649/1005/587
f 3662/1020/588 3663/1021/588 3653/1009/588 3651/1007/588
f 3663/1021/589 3664/1022/589 3655/1011/589 3653/1009/589
f 3664/1022/590 3657/1023/590 3641/1013/590 3655/1011/590
f 3665/1024/575 3666/1025/575 3658/1016/575 3657/1015/575
f 3666/1025/576 3667/1026/576 3659/1017/576 3658/1016/576
f 3667/1026/577 3668/1027/577 3660/1018/577 3659/1017/577
f 3668/1027/578 3669/1028/578 3661/1019/578 3660/1018/578
f 3669/1028/579 3670/1029/579 3662/1020/579 3661/1019/579
f 3670/1029/580 3671/1030/580 3663/1021/580 3662/1020/580
f 3671/1030/581 3672/1031/581 3664/1022/581 3663/1021/581
f 3672/1031/582 3665/1032/582 3657/1023/582 3664/1022/582
f 3673/563/162 3673/573/162 3666/1025/162 3665/1024/162
f 3673/573/162 3673/583/162 3667/1026/162 3666/1025/162
f 3673/583/162 3673/593/162 3668/1027/162 3667/1026/162
f 3673/593/162 3673/340/162 3669/1028/162 3668/1027/162
f 3673/340/162 3673/612/162 3670/1029/162 3669/1028/162
f 3673/612/162 3673/622/162 3671/1030/162 3670/1029/162
f 3673/622/162 3673/632/162 3672/1031/162 3671/1030/162
f 3673/632/162 3673/642/162 3665/1032/162 3672/1031/162
o step_0
usemtl steel
f 3674/4/487 3675/648/487 3676/649/487 3677/650/487
f 3675/648/484 3678/651/484 3679/652/484 3676/649/484
f 3678/651/488 3680/653/488 3681/654/488 3679/652/488
f 3680/653/489 3682/655/489 3683/656/489 3681/654/489
f 3682/655/483 3684/18/483 3685/657/483 3683/656/483
f 3684/18/490 3674/658/490 3677/659/490 3685/657/490
f 3686/4/507 3687/648/507 3688/649/507 3689/650/507
f 3687/648/508 3690/651/508 3691/652/508 3688/649/508
f 3690/651/161 3692/653/161 3693/654/161 3691/652/161
f 3692/653/509 3694/655/509 3695/656/509 3693/654/509
f 3694/655/510 3696/18/510 3697/657/510 3695/656/510
f 3696/18/162 3686/658/162 3689/659/162 3697/657/162
f 3696/685/485 3694/82/485 3692/686/485 3690/687/485
f 3696/685/485 3690/687/485 3687/340/485 3686/688/485
f 3689/688/486 3688/340/486 3691/687/486 3693/686/486
f 3689/688/486 3693/686/486 3695/82/486 3697/685/486
o step_1
usemtl steel
f 3698/650/487 3699/649/487 3700/648/487 3701/4/487
f 3699/649/484 3702/652/484 3703/651/484 3700/648/484
f 3702/652/488 3704/654/488 3705/653/488 3703/651/488
f 3704/654/489 3706/656/489 3707/655/489 3705/653/489
f 3706/656/483 3708/657/483 3709/18/483 3707/655/483
f 3708/657/490 3698/659/490 3701/658/490 3709/18/490
f 3710/650/507 3711/649/507 3712/648/507 3713/4/507
f 3711/649/508 3714/652/508 3715/651/508 3712/648/508
f 3714/652/161 3716/654/161 3717/653/161 3715/651/161
f 3716/654/509 3718/656/509 3719/655/509 3717/653/509
f 3718/656/510 3720/657/510 3721/18/510 3719/655/510
f 3720/657/162 3710/659/162 3713/658/162 3721/18/162
f 3721/685/485 3719/82/485 3717/686/485 3715/687/485
f 3721/685/485 3715/687/485 3712/340/485 3713/688/485
f 3710/688/486 3711/340/486 3714/687/486 3716/686/486
f 3710/688/486 3716/686/486 3718/82/486 3720/685/486
o step_2
usemtl steel
f 3722/4/487 3723/648/487 3724/649/487 3725/650/487
f 3723/648/484 3726/651/484 3727/652/484 3724/649/484
f 3726/651/488 3728/653/488 3729/654/488 3727/652/488
f 3728/653/489 3730/655/489 3731/656/489 3729/654/489
f 3730/655/483 3732/18/483 3733/657/483 3731/656/483
f 3732/18/490 3722/658/490 3725/659/490 3733/657/490
f 3734/4/507 3735/648/507 3736/649/507 3737/650/507
f 3735/648/508 3738/651/508 3739/652/508 3736/649/508
f 3738/651/161 3740/653/161 3741/654/161 3739/652/161
f 3740/653/509 3742/655/509 3743/656/509 3741/654/509
f 3742/655/510 3744/18/510 3745/657/510 3743/656/510
f 3744/18/162 3734/658/162 3737/659/162 3745/657/162
f 3744/685/485 3742/82/485 3740/686/485 3738/687/485
f 3744/685/485 3738/687/485 3735/340/485 3734/688/485
f 3737/688/486 3736/340/486 3739/687/486 3741/686/486
f 3737/688/486 3741/686/486 3743/82/486 3745/685/486
o step_3
usemtl steel
f 3746/650/487 3747/649/487 3748/648/487 3749/4/487
f 3747/649/484 3750/652/484 3751/651/484 3748/648/484
f 3750/652/488 3752/654/488 3753/653/488 3751/651/488
f 3752/654/489 3754/656/489 3755/655/489 3753/653/489
f 3754/656/483 3756/657/483 3757/18/483 3755/655/483
f 3756/657/490 3746/659/490 3749/658/490 3757/18/490
f 3758/650/507 3759/649/507 3760/648/507 3761/4/507
f 3759/649/508 3762/652/508 3763/651/508 3760/648/508
f 3762/652/161 3764/654/161 3765/653/161 3763/651/161
f 3764/654/509 3766/656/509 3767/655/509 3765/653/509
f 3766/656/510 3768/657/510 3769/18/510 3767/655/510
f 3768/657/162 3758/659/162 3761/658/162 3769/18/162
f 3769/685/485 3767/82/485 3765/686/485 3763/687/485
f 3769/685/485 3763/687/485 3760/340/485 3761/688/485
f 3758/688/486 3759/340/486 3762/687/486 3764/686/486
f 3758/688/486 3764/686/486 3766/82/486 3768/685/486
o step_4
usemtl steel
f 3770/4/487 3771/648/487 3772/649/487 3773/650/487
f 3771/648/484 3774/651/484 3775/652/484 3772/649/484
f 3774/651/488 3776/653/488 3777/654/488 3775/652/488
f 3776/653/489 3778/655/489 3779/656/489 3777/654/489
f 3778/655/483 3780/18/483 3781/657/483 3779/656/483
f 3780/18/490 3770/658/490 3773/659/490 3781/657/490
f 3782/4/507 3783/648/507 3784/649/507 3785/650/507
f 3783/648/508 3786/651/508 3787/652/508 3784/649/508
f 3786/651/161 3788/653/161 3789/654/161 3787/652/161
f 3788/653/509 3790/655/509 3791/656/509 3789/654/509
f 3790/655/510 3792/18/510 3793/657/510 3791/656/510
f 3792/18/162 3782/658/162 3785/659/162 3793/657/162
f 3792/685/485 3790/82/485 3788/686/485 3786/687/485
f 3792/685/485 3786/687/485 3783/340/485 3782/688/485
f 3785/688/486 3784/340/486 3787/687/486 3789/686/486
f 3785/688/486 3789/686/486 3791/82/486 3793/685/486
o step_5
usemtl steel
f 3794/650/487 3795/649/487 3796/648/487 3797/4/487
f 3795/649/484 3798/652/484 3799/651/484 3796/648/484
f 3798/652/488 3800/654/488 3801/653/488 3799/651/488
f 3800/654/489 3802/656/489 3803/655/489 3801/653/489
f 3802/656/483 3804/657/483 3805/18/483 3803/655/483
f 3804/657/490 3794/659/490 3797/658/490 3805/18/490
f 3806/650/507 3807/649/507 3808/648/507 3809/4/507
f 3807/649/508 3810/652/508 3811/651/508 3808/648/508
f 3810/652/161 3812/654/161 3813/653/161 3811/651/161
f 3812/654/509 3814/656/509 3815/655/509 3813/653/509
f 3814/656/510 3816/657/510 3817/18/510 3815/655/510
f 3816/657/162 3806/659/162 3809/658/162 3817/18/162
f 3817/685/485 3815/82/485 3813/686/485 3811/687/485
f 3817/685/485 3811/687/485 3808/340/485 3809/688/485
f 3806/688/486 3807/340/486 3810/687/486 3812/686/486
f 3806/688/486 3812/686/486 3814/82/486 3816/685/486
o step_6
usemtl steel
f 3818/4/487 3819/648/487 3820/649/487 3821/650/487
f 3819/648/484 3822/651/484 3823/652/484 3820/649/484
f 3822/651/488 3824/653/488 3825/654/488 3823/652/488
f 3824/653/489 3826/655/489 3827/656/489 3825/654/489
f 3826/655/483 3828/18/483 3829/657/483 3827/656/483
f 3828/18/490 3818/658/490 3821/659/490 3829/657/490
f 3830/4/507 3831/648/507 3832/649/507 3833/650/507
f 3831/648/508 3834/651/508 3835/652/508 3832/649/508
f 3834/651/161 3836/653/161 3837/654/161 3835/652/161
f 3836/653/509 3838/655/509 3839/656/509 3837/654/509
f 3838/655/510 3840/18/510 3841/657/510 3839/656/510
f 3840/18/162 3830/658/162 3833/659/162 3841/657/162
f 3840/685/485 3838/82/485 3836/686/485 3834/687/485
f 3840/685/485 3834/687/485 3831/340/485 3830/688/485
f 3833/688/486 3832/340/486 3835/687/486 3837/686/486
f 3833/688/486 3837/686/486 3839/82/486 3841/685/486
o earth
usemtl steel
f 3842/1033/161 3843/1034/161 3844/26/161 3845/4/161
f 3846/4/162 3847/26/162 3848/1034/162 3849/1033/162
f 3849/1034/483 3848/1033/483 3843/4/483 3842/26/483
f 3847/1034/484 3846/1033/484 3845/4/484 3844/26/484
f 3846/1034/485 3849/1033/485 3842/4/485 3845/26/485
f 3848/1034/486 3847/1033/486 3844/4/486 3843/26/486
f 3850/1035/161 3851/1036/161 3852/18/161 3853/4/161
f 3854/4/162 3855/18/162 3856/1036/162 3857/1035/162
f 3857/1036/483 3856/1035/483 3851/4/483 3850/18/483
f 3855/1036/484 3854/1035/484 3853/4/484 3852/18/484
f 3854/1036/485 3857/1035/485 3850/4/485 3853/18/485
f 3856/1036/486 3855/1035/486 3852/4/486 3851/18/486
f 3858/1033/161 3859/1034/161 3860/26/161 3861/4/161
f 3862/4/162 3863/26/162 3864/1034/162 3865/1033/162
f 3865/1034/483 3864/1033/483 3859/4/483 3858/26/483
f 3863/1034/484 3862/1033/484 3861/4/484 3860/26/484
f 3862/1034/485 3865/1033/485 3858/4/485 3861/26/485
f 3864/1034/486 3863/1033/486 3860/4/486 3859/26/486
f 3866/1035/161 3867/1036/161 3868/18/161 3869/4/161
f 3870/4/162 3871/18/162 3872/1036/162 3873/1035/162
f 3873/1036/483 3872/1035/483 3867/4/483 3866/18/483
f 3871/1036/484 3870/1035/484 3869/4/484 3868/18/484
f 3870/1036/485 3873/1035/485 3866/4/485 3869/18/485
f 3872/1036/486 3871/1035/486 3868/4/486 3867/18/486
f 3874/1033/161 3875/1034/161 3876/26/161 3877/4/161
f 3878/4/162 3879/26/162 3880/1034/162 3881/1033/162
f 3881/1034/483 3880/1033/483 3875/4/483 3874/26/483
f 3879/1034/484 3878/1033/484 3877/4/484 3876/26/484
f 3878/1034/485 3881/1033/485 3874/4/485 3877/26/485
f 3880/1034/486 3879/1033/486 3876/4/486 3875/26/486
f 3882/1035/161 3883/1036/161 3884/18/161 3885/4/161
f 3886/4/162 3887/18/162 3888/1036/162 3889/1035/162
f 3889/1036/483 3888/1035/483 3883/4/483 3882/18/483
f 3887/1036/484 3886/1035/484 3885/4/484 3884/18/484
f 3886/1036/485 3889/1035/485 3882/4/485 3885/18/485
f 3888/1036/486 3887/1035/486 3884/4/486 3883/18/486
f 3890/1033/161 3891/1034/161 3892/26/161 3893/4/161
f 3894/4/162 3895/26/162 3896/1034/162 3897/1033/162
f 3897/1034/483 3896/1033/483 3891/4/483 3890/26/483
f 3895/1034/484 3894/1033/484 3893/4/484 3892/26/484
f 3894/1034/485 3897/1033/485 3890/4/485 3893/26/485
f 3896/1034/486 3895/1033/486 3892/4/486 3891/26/486
f 3898/1035/161 3899/1036/161 3900/18/161 3901/4/161
f 3902/4/162 3903/18/162 3904/1036/162 3905/1035/162
f 3905/1036/483 3904/1035/483 3899/4/483 3898/18/483
f 3903/1036/484 3902/1035/484 3901/4/484 3900/18/484
f 3902/1036/485 3905/1035/485 3898/4/485 3901/18/485
f 3904/1036/486 3903/1035/486 3900/4/486 3899/18/486
f 3906/1033/161 3907/1034/161 3908/26/161 3909/4/161
f 3910/4/162 3911/26/162 3912/1034/162 3913/1033/162
f 3913/1034/483 3912/1033/483 3907/4/483 3906/26/483
f 3911/1034/484 3910/1033/484 3909/4/484 3908/26/484
f 3910/1034/485 3913/1033/485 3906/4/485 3909/26/485
f 3912/1034/486 3911/1033/486 3908/4/486 3907/26/486
f 3914/1035/161 3915/1036/161 3916/18/161 3917/4/161
f 3918/4/162 3919/18/162 3920/1036/162 3921/1035/162
f 3921/1036/483 3920/1035/483 3915/4/483 3914/18/483
f 3919/1036/484 3918/1035/484 3917/4/484 3916/18/484
f 3918/1036/485 3921/1035/485 3914/4/485 3917/18/485
f 3920/1036/486 3919/1035/486 3916/4/486 3915/18/486
f 3922/1033/161 3923/1034/161 3924/26/161 3925/4/161
f 3926/4/162 3927/26/162 3928/1034/162 3929/1033/162
f 3929/1034/483 3928/1033/483 3923/4/483 3922/26/483
f 3927/1034/484 3926/1033/484 3925/4/484 3924/26/484
f 3926/1034/485 3929/1033/485 3922/4/485 3925/26/485
f 3928/1034/486 3927/1033/486 3924/4/486 3923/26/486
f 3930/1035/161 3931/1036/161 3932/18/161 3933/4/161
f 3934/4/162 3935/18/162 3936/1036/162 3937/1035/162
f 3937/1036/483 3936/1035/483 3931/4/483 3930/18/483
f 3935/1036/484 3934/1035/484 3933/4/484 3932/18/484
f 3934/1036/485 3937/1035/485 3930/4/485 3933/18/485
f 3936/1036/486 3935/1035/486 3932/4/486 3931/18/486
o plate
usemtl sign
f 3938/563/161 3939/642/161 3940/162/161 3941/4/161
f 3942/4/162 3943/162/162 3944/642/162 3945/563/162
f 3945/642/483 3944/563/483 3939/4/483 3938/162/483
f 3943/642/484 3942/563/484 3941/4/484 3940/162/484
f 3942/642/485 3945/563/485 3938/4/485 3941/162/485
f 3944/642/486 3943/563/486 3940/4/486 3939/162/486
