# generated by tools/gen_pv_models.py - do not edit by hand
mtllib pv_dual.mtl
v -0.190000 0.000000 0.190000
v 0.190000 0.000000 0.190000
v 0.190000 0.000000 -0.190000
v -0.190000 0.000000 -0.190000
v -0.190000 0.050000 -0.190000
v 0.190000 0.050000 -0.190000
v 0.190000 0.050000 0.190000
v -0.190000 0.050000 0.190000
v -0.125000 0.050000 -0.135000
v -0.130000 0.050000 -0.126340
v -0.130000 0.072000 -0.126340
v -0.125000 0.072000 -0.135000
v -0.140000 0.050000 -0.126340
v -0.140000 0.072000 -0.126340
v -0.145000 0.050000 -0.135000
v -0.145000 0.072000 -0.135000
v -0.140000 0.050000 -0.143660
v -0.140000 0.072000 -0.143660
v -0.130000 0.050000 -0.143660
v -0.130000 0.072000 -0.143660
v -0.115450 0.048680 -0.135000
v -0.115826 0.048680 -0.131186
v -0.115826 0.051320 -0.131186
v -0.115450 0.051320 -0.135000
v -0.116938 0.048680 -0.127519
v -0.116938 0.051320 -0.127519
v -0.118745 0.048680 -0.124139
v -0.118745 0.051320 -0.124139
v -0.121176 0.048680 -0.121176
v -0.121176 0.051320 -0.121176
v -0.124139 0.048680 -0.118745
v -0.124139 0.051320 -0.118745
v -0.127519 0.048680 -0.116938
v -0.127519 0.051320 -0.116938
v -0.131186 0.048680 -0.115826
v -0.131186 0.051320 -0.115826
v -0.135000 0.048680 -0.115450
v -0.135000 0.051320 -0.115450
v -0.138814 0.048680 -0.115826
v -0.138814 0.051320 -0.115826
v -0.142481 0.048680 -0.116938
v -0.142481 0.051320 -0.116938
v -0.145861 0.048680 -0.118745
v -0.145861 0.051320 -0.118745
v -0.148824 0.048680 -0.121176
v -0.148824 0.051320 -0.121176
v -0.151255 0.048680 -0.124139
v -0.151255 0.051320 -0.124139
v -0.153062 0.048680 -0.127519
v -0.153062 0.051320 -0.127519
v -0.154174 0.048680 -0.131186
v -0.154174 0.051320 -0.131186
v -0.154550 0.048680 -0.135000
v -0.154550 0.051320 -0.135000
v -0.154174 0.048680 -0.138814
v -0.154174 0.051320 -0.138814
v -0.153062 0.048680 -0.142481
v -0.153062 0.051320 -0.142481
v -0.151255 0.048680 -0.145861
v -0.151255 0.051320 -0.145861
v -0.148824 0.048680 -0.148824
v -0.148824 0.051320 -0.148824
v -0.145861 0.048680 -0.151255
v -0.145861 0.051320 -0.151255
v -0.142481 0.048680 -0.153062
v -0.142481 0.051320 -0.153062
v -0.138814 0.048680 -0.154174
v -0.138814 0.051320 -0.154174
v -0.135000 0.048680 -0.154550
v -0.135000 0.051320 -0.154550
v -0.131186 0.048680 -0.154174
v -0.131186 0.051320 -0.154174
v -0.127519 0.048680 -0.153062
v -0.127519 0.051320 -0.153062
v -0.124139 0.048680 -0.151255
v -0.124139 0.051320 -0.151255
v -0.121176 0.048680 -0.148824
v -0.121176 0.051320 -0.148824
v -0.118745 0.048680 -0.145861
v -0.118745 0.051320 -0.145861
v -0.116938 0.048680 -0.142481
v -0.116938 0.051320 -0.142481
v -0.115826 0.048680 -0.138814
v -0.115826 0.051320 -0.138814
v -0.120278 0.050000 -0.126500
v -0.135000 0.050000 -0.118000
v -0.135000 0.054400 -0.118000
v -0.120278 0.054400 -0.126500
v -0.149722 0.050000 -0.126500
v -0.149722 0.054400 -0.126500
v -0.149722 0.050000 -0.143500
v -0.149722 0.054400 -0.143500
v -0.135000 0.050000 -0.152000
v -0.135000 0.054400 -0.152000
v -0.120278 0.050000 -0.143500
v -0.120278 0.054400 -0.143500
v -0.125000 0.050000 0.135000
v -0.130000 0.050000 0.143660
v -0.130000 0.072000 0.143660
v -0.125000 0.072000 0.135000
v -0.140000 0.050000 0.143660
v -0.140000 0.072000 0.143660
v -0.145000 0.050000 0.135000
v -0.145000 0.072000 0.135000
v -0.140000 0.050000 0.126340
v -0.140000 0.072000 0.126340
v -0.130000 0.050000 0.126340
v -0.130000 0.072000 0.126340
v -0.115450 0.048680 0.135000
v -0.115826 0.048680 0.138814
v -0.115826 0.051320 0.138814
v -0.115450 0.051320 0.135000
v -0.116938 0.048680 0.142481
v -0.116938 0.051320 0.142481
v -0.118745 0.048680 0.145861
v -0.118745 0.051320 0.145861
v -0.121176 0.048680 0.148824
v -0.121176 0.051320 0.148824
v -0.124139 0.048680 0.151255
v -0.124139 0.051320 0.151255
v -0.127519 0.048680 0.153062
v -0.127519 0.051320 0.153062
v -0.131186 0.048680 0.154174
v -0.131186 0.051320 0.154174
v -0.135000 0.048680 0.154550
v -0.135000 0.051320 0.154550
v -0.138814 0.048680 0.154174
v -0.138814 0.051320 0.154174
v -0.142481 0.048680 0.153062
v -0.142481 0.051320 0.153062
v -0.145861 0.048680 0.151255
v -0.145861 0.051320 0.151255
v -0.148824 0.048680 0.148824
v -0.148824 0.051320 0.148824
v -0.151255 0.048680 0.145861
v -0.151255 0.051320 0.145861
v -0.153062 0.048680 0.142481
v -0.153062 0.051320 0.142481
v -0.154174 0.048680 0.138814
v -0.154174 0.051320 0.138814
v -0.154550 0.048680 0.135000
v -0.154550 0.051320 0.135000
v -0.154174 0.048680 0.131186
v -0.154174 0.051320 0.131186
v -0.153062 0.048680 0.127519
v -0.153062 0.051320 0.127519
v -0.151255 0.048680 0.124139
v -0.151255 0.051320 0.124139
v -0.148824 0.048680 0.121176
v -0.148824 0.051320 0.121176
v -0.145861 0.048680 0.118745
v -0.145861 0.051320 0.118745
v -0.142481 0.048680 0.116938
v -0.142481 0.051320 0.116938
v -0.138814 0.048680 0.115826
v -0.138814 0.051320 0.115826
v -0.135000 0.048680 0.115450
v -0.135000 0.051320 0.115450
v -0.131186 0.048680 0.115826
v -0.131186 0.051320 0.115826
v -0.127519 0.048680 0.116938
v -0.127519 0.051320 0.116938
v -0.124139 0.048680 0.118745
v -0.124139 0.051320 0.118745
v -0.121176 0.048680 0.121176
v -0.121176 0.051320 0.121176
v -0.118745 0.048680 0.124139
v -0.118745 0.051320 0.124139
v -0.116938 0.048680 0.127519
v -0.116938 0.051320 0.127519
v -0.115826 0.048680 0.131186
v -0.115826 0.051320 0.131186
v -0.120278 0.050000 0.143500
v -0.135000 0.050000 0.152000
v -0.135000 0.054400 0.152000
v -0.120278 0.054400 0.143500
v -0.149722 0.050000 0.143500
v -0.149722 0.054400 0.143500
v -0.149722 0.050000 0.126500
v -0.149722 0.054400 0.126500
v -0.135000 0.050000 0.118000
v -0.135000 0.054400 0.118000
v -0.120278 0.050000 0.126500
v -0.120278 0.054400 0.126500
v 0.145000 0.050000 -0.135000
v 0.140000 0.050000 -0.126340
v 0.140000 0.072000 -0.126340
v 0.145000 0.072000 -0.135000
v 0.130000 0.050000 -0.126340
v 0.130000 0.072000 -0.126340
v 0.125000 0.050000 -0.135000
v 0.125000 0.072000 -0.135000
v 0.130000 0.050000 -0.143660
v 0.130000 0.072000 -0.143660
v 0.140000 0.050000 -0.143660
v 0.140000 0.072000 -0.143660
v 0.154550 0.048680 -0.135000
v 0.154174 0.048680 -0.131186
v 0.154174 0.051320 -0.131186
v 0.154550 0.051320 -0.135000
v 0.153062 0.048680 -0.127519
v 0.153062 0.051320 -0.127519
v 0.151255 0.048680 -0.124139
v 0.151255 0.051320 -0.124139
v 0.148824 0.048680 -0.121176
v 0.148824 0.051320 -0.121176
v 0.145861 0.048680 -0.118745
v 0.145861 0.051320 -0.118745
v 0.142481 0.048680 -0.116938
v 0.142481 0.051320 -0.116938
v 0.138814 0.048680 -0.115826
v 0.138814 0.051320 -0.115826
v 0.135000 0.048680 -0.115450
v 0.135000 0.051320 -0.115450
v 0.131186 0.048680 -0.115826
v 0.131186 0.051320 -0.115826
v 0.127519 0.048680 -0.116938
v 0.127519 0.051320 -0.116938
v 0.124139 0.048680 -0.118745
v 0.124139 0.051320 -0.118745
v 0.121176 0.048680 -0.121176
v 0.121176 0.051320 -0.121176
v 0.118745 0.048680 -0.124139
v 0.118745 0.051320 -0.124139
v 0.116938 0.048680 -0.127519
v 0.116938 0.051320 -0.127519
v 0.115826 0.048680 -0.131186
v 0.115826 0.051320 -0.131186
v 0.115450 0.048680 -0.135000
v 0.115450 0.051320 -0.135000
v 0.115826 0.048680 -0.138814
v 0.115826 0.051320 -0.138814
v 0.116938 0.048680 -0.142481
v 0.116938 0.051320 -0.142481
v 0.118745 0.048680 -0.145861
v 0.118745 0.051320 -0.145861
v 0.121176 0.048680 -0.148824
v 0.121176 0.051320 -0.148824
v 0.124139 0.048680 -0.151255
v 0.124139 0.051320 -0.151255
v 0.127519 0.048680 -0.153062
v 0.127519 0.051320 -0.153062
v 0.131186 0.048680 -0.154174
v 0.131186 0.051320 -0.154174
v 0.135000 0.048680 -0.154550
v 0.135000 0.051320 -0.154550
v 0.138814 0.048680 -0.154174
v 0.138814 0.051320 -0.154174
v 0.142481 0.048680 -0.153062
v 0.142481 0.051320 -0.153062
v 0.145861 0.048680 -0.151255
v 0.145861 0.051320 -0.151255
v 0.148824 0.048680 -0.148824
v 0.148824 0.051320 -0.148824
v 0.151255 0.048680 -0.145861
v 0.151255 0.051320 -0.145861
v 0.153062 0.048680 -0.142481
v 0.153062 0.051320 -0.142481
v 0.154174 0.048680 -0.138814
v 0.154174 0.051320 -0.138814
v 0.149722 0.050000 -0.126500
v 0.135000 0.050000 -0.118000
v 0.135000 0.054400 -0.118000
v 0.149722 0.054400 -0.126500
v 0.120278 0.050000 -0.126500
v 0.120278 0.054400 -0.126500
v 0.120278 0.050000 -0.143500
v 0.120278 0.054400 -0.143500
v 0.135000 0.050000 -0.152000
v 0.135000 0.054400 -0.152000
v 0.149722 0.050000 -0.143500
v 0.149722 0.054400 -0.143500
v 0.145000 0.050000 0.135000
v 0.140000 0.050000 0.143660
v 0.140000 0.072000 0.143660
v 0.145000 0.072000 0.135000
v 0.130000 0.050000 0.143660
v 0.130000 0.072000 0.143660
v 0.125000 0.050000 0.135000
v 0.125000 0.072000 0.135000
v 0.130000 0.050000 0.126340
v 0.130000 0.072000 0.126340
v 0.140000 0.050000 0.126340
v 0.140000 0.072000 0.126340
v 0.154550 0.048680 0.135000
v 0.154174 0.048680 0.138814
v 0.154174 0.051320 0.138814
v 0.154550 0.051320 0.135000
v 0.153062 0.048680 0.142481
v 0.153062 0.051320 0.142481
v 0.151255 0.048680 0.145861
v 0.151255 0.051320 0.145861
v 0.148824 0.048680 0.148824
v 0.148824 0.051320 0.148824
v 0.145861 0.048680 0.151255
v 0.145861 0.051320 0.151255
v 0.142481 0.048680 0.153062
v 0.142481 0.051320 0.153062
v 0.138814 0.048680 0.154174
v 0.138814 0.051320 0.154174
v 0.135000 0.048680 0.154550
v 0.135000 0.051320 0.154550
v 0.131186 0.048680 0.154174
v 0.131186 0.051320 0.154174
v 0.127519 0.048680 0.153062
v 0.127519 0.051320 0.153062
v 0.124139 0.048680 0.151255
v 0.124139 0.051320 0.151255
v 0.121176 0.048680 0.148824
v 0.121176 0.051320 0.148824
v 0.118745 0.048680 0.145861
v 0.118745 0.051320 0.145861
v 0.116938 0.048680 0.142481
v 0.116938 0.051320 0.142481
v 0.115826 0.048680 0.138814
v 0.115826 0.051320 0.138814
v 0.115450 0.048680 0.135000
v 0.115450 0.051320 0.135000
v 0.115826 0.048680 0.131186
v 0.115826 0.051320 0.131186
v 0.116938 0.048680 0.127519
v 0.116938 0.051320 0.127519
v 0.118745 0.048680 0.124139
v 0.118745 0.051320 0.124139
v 0.121176 0.048680 0.121176
v 0.121176 0.051320 0.121176
v 0.124139 0.048680 0.118745
v 0.124139 0.051320 0.118745
v 0.127519 0.048680 0.116938
v 0.127519 0.051320 0.116938
v 0.131186 0.048680 0.115826
v 0.131186 0.051320 0.115826
v 0.135000 0.048680 0.115450
v 0.135000 0.051320 0.115450
v 0.138814 0.048680 0.115826
v 0.138814 0.051320 0.115826
v 0.142481 0.048680 0.116938
v 0.142481 0.051320 0.116938
v 0.145861 0.048680 0.118745
v 0.145861 0.051320 0.118745
v 0.148824 0.048680 0.121176
v 0.148824 0.051320 0.121176
v 0.151255 0.048680 0.124139
v 0.151255 0.051320 0.124139
v 0.153062 0.048680 0.127519
v 0.153062 0.051320 0.127519
v 0.154174 0.048680 0.131186
v 0.154174 0.051320 0.131186
v 0.149722 0.050000 0.143500
v 0.135000 0.050000 0.152000
v 0.135000 0.054400 0.152000
v 0.149722 0.054400 0.143500
v 0.120278 0.050000 0.143500
v 0.120278 0.054400 0.143500
v 0.120278 0.050000 0.126500
v 0.120278 0.054400 0.126500
v 0.135000 0.050000 0.118000
v 0.135000 0.054400 0.118000
v 0.149722 0.050000 0.126500
v 0.149722 0.054400 0.126500
v 0.050000 0.050000 0.000000
v 0.049846 0.050000 0.003923
v 0.039877 0.550000 0.003138
v 0.040000 0.550000 0.000000
v 0.049384 0.050000 0.007822
v 0.039508 0.550000 0.006257
v 0.048618 0.050000 0.011672
v 0.038895 0.550000 0.009338
v 0.047553 0.050000 0.015451
v 0.038042 0.550000 0.012361
v 0.046194 0.050000 0.019134
v 0.036955 0.550000 0.015307
v 0.044550 0.050000 0.022700
v 0.035640 0.550000 0.018160
v 0.042632 0.050000 0.026125
v 0.034106 0.550000 0.020900
v 0.040451 0.050000 0.029389
v 0.032361 0.550000 0.023511
v 0.038020 0.050000 0.032472
v 0.030416 0.550000 0.025978
v 0.035355 0.050000 0.035355
v 0.028284 0.550000 0.028284
v 0.032472 0.050000 0.038020
v 0.025978 0.550000 0.030416
v 0.029389 0.050000 0.040451
v 0.023511 0.550000 0.032361
v 0.026125 0.050000 0.042632
v 0.020900 0.550000 0.034106
v 0.022700 0.050000 0.044550
v 0.018160 0.550000 0.035640
v 0.019134 0.050000 0.046194
v 0.015307 0.550000 0.036955
v 0.015451 0.050000 0.047553
v 0.012361 0.550000 0.038042
v 0.011672 0.050000 0.048618
v 0.009338 0.550000 0.038895
v 0.007822 0.050000 0.049384
v 0.006257 0.550000 0.039508
v 0.003923 0.050000 0.049846
v 0.003138 0.550000 0.039877
v 0.000000 0.050000 0.050000
v 0.000000 0.550000 0.040000
v -0.003923 0.050000 0.049846
v -0.003138 0.550000 0.039877
v -0.007822 0.050000 0.049384
v -0.006257 0.550000 0.039508
v -0.011672 0.050000 0.048618
v -0.009338 0.550000 0.038895
v -0.015451 0.050000 0.047553
v -0.012361 0.550000 0.038042
v -0.019134 0.050000 0.046194
v -0.015307 0.550000 0.036955
v -0.022700 0.050000 0.044550
v -0.018160 0.550000 0.035640
v -0.026125 0.050000 0.042632
v -0.020900 0.550000 0.034106
v -0.029389 0.050000 0.040451
v -0.023511 0.550000 0.032361
v -0.032472 0.050000 0.038020
v -0.025978 0.550000 0.030416
v -0.035355 0.050000 0.035355
v -0.028284 0.550000 0.028284
v -0.038020 0.050000 0.032472
v -0.030416 0.550000 0.025978
v -0.040451 0.050000 0.029389
v -0.032361 0.550000 0.023511
v -0.042632 0.050000 0.026125
v -0.034106 0.550000 0.020900
v -0.044550 0.050000 0.022700
v -0.035640 0.550000 0.018160
v -0.046194 0.050000 0.019134
v -0.036955 0.550000 0.015307
v -0.047553 0.050000 0.015451
v -0.038042 0.550000 0.012361
v -0.048618 0.050000 0.011672
v -0.038895 0.550000 0.009338
v -0.049384 0.050000 0.007822
v -0.039508 0.550000 0.006257
v -0.049846 0.050000 0.003923
v -0.039877 0.550000 0.003138
v -0.050000 0.050000 0.000000
v -0.040000 0.550000 0.000000
v -0.049846 0.050000 -0.003923
v -0.039877 0.550000 -0.003138
v -0.049384 0.050000 -0.007822
v -0.039508 0.550000 -0.006257
v -0.048618 0.050000 -0.011672
v -0.038895 0.550000 -0.009338
v -0.047553 0.050000 -0.015451
v -0.038042 0.550000 -0.012361
v -0.046194 0.050000 -0.019134
v -0.036955 0.550000 -0.015307
v -0.044550 0.050000 -0.022700
v -0.035640 0.550000 -0.018160
v -0.042632 0.050000 -0.026125
v -0.034106 0.550000 -0.020900
v -0.040451 0.050000 -0.029389
v -0.032361 0.550000 -0.023511
v -0.038020 0.050000 -0.032472
v -0.030416 0.550000 -0.025978
v -0.035355 0.050000 -0.035355
v -0.028284 0.550000 -0.028284
v -0.032472 0.050000 -0.038020
v -0.025978 0.550000 -0.030416
v -0.029389 0.050000 -0.040451
v -0.023511 0.550000 -0.032361
v -0.026125 0.050000 -0.042632
v -0.020900 0.550000 -0.034106
v -0.022700 0.050000 -0.044550
v -0.018160 0.550000 -0.035640
v -0.019134 0.050000 -0.046194
v -0.015307 0.550000 -0.036955
v -0.015451 0.050000 -0.047553
v -0.012361 0.550000 -0.038042
v -0.011672 0.050000 -0.048618
v -0.009338 0.550000 -0.038895
v -0.007822 0.050000 -0.049384
v -0.006257 0.550000 -0.039508
v -0.003923 0.050000 -0.049846
v -0.003138 0.550000 -0.039877
v -0.000000 0.050000 -0.050000
v -0.000000 0.550000 -0.040000
v 0.003923 0.050000 -0.049846
v 0.003138 0.550000 -0.039877
v 0.007822 0.050000 -0.049384
v 0.006257 0.550000 -0.039508
v 0.011672 0.050000 -0.048618
v 0.009338 0.550000 -0.038895
v 0.015451 0.050000 -0.047553
v 0.012361 0.550000 -0.038042
v 0.019134 0.050000 -0.046194
v 0.015307 0.550000 -0.036955
v 0.022700 0.050000 -0.044550
v 0.018160 0.550000 -0.035640
v 0.026125 0.050000 -0.042632
v 0.020900 0.550000 -0.034106
v 0.029389 0.050000 -0.040451
v 0.023511 0.550000 -0.032361
v 0.032472 0.050000 -0.038020
v 0.025978 0.550000 -0.030416
v 0.035355 0.050000 -0.035355
v 0.028284 0.550000 -0.028284
v 0.038020 0.050000 -0.032472
v 0.030416 0.550000 -0.025978
v 0.040451 0.050000 -0.029389
v 0.032361 0.550000 -0.023511
v 0.042632 0.050000 -0.026125
v 0.034106 0.550000 -0.020900
v 0.044550 0.050000 -0.022700
v 0.035640 0.550000 -0.018160
v 0.046194 0.050000 -0.019134
v 0.036955 0.550000 -0.015307
v 0.047553 0.050000 -0.015451
v 0.038042 0.550000 -0.012361
v 0.048618 0.050000 -0.011672
v 0.038895 0.550000 -0.009338
v 0.049384 0.050000 -0.007822
v 0.039508 0.550000 -0.006257
v 0.049846 0.050000 -0.003923
v 0.039877 0.550000 -0.003138
v 0.044000 0.046000 0.012000
v 0.115000 0.046000 0.012000
v 0.115000 0.046000 -0.012000
v 0.044000 0.046000 -0.012000
v 0.044000 0.200000 -0.012000
v 0.115000 0.200000 -0.012000
v 0.115000 0.200000 0.012000
v 0.044000 0.200000 0.012000
v 0.012000 0.046000 -0.044000
v 0.012000 0.046000 -0.115000
v -0.012000 0.046000 -0.115000
v -0.012000 0.046000 -0.044000
v -0.012000 0.200000 -0.044000
v -0.012000 0.200000 -0.115000
v 0.012000 0.200000 -0.115000
v 0.012000 0.200000 -0.044000
v -0.044000 0.046000 -0.012000
v -0.115000 0.046000 -0.012000
v -0.115000 0.046000 0.012000
v -0.044000 0.046000 0.012000
v -0.044000 0.200000 0.012000
v -0.115000 0.200000 0.012000
v -0.115000 0.200000 -0.012000
v -0.044000 0.200000 -0.012000
v -0.012000 0.046000 0.044000
v -0.012000 0.046000 0.115000
v 0.012000 0.046000 0.115000
v 0.012000 0.046000 0.044000
v 0.012000 0.200000 0.044000
v 0.012000 0.200000 0.115000
v -0.012000 0.200000 0.115000
v -0.012000 0.200000 0.044000
v 0.000000 0.600000 0.000000
v 0.000000 0.747500 0.000000
v 0.058000 0.550000 0.000000
v 0.057821 0.550000 0.004551
v 0.057821 0.650000 0.004551
v 0.058000 0.650000 0.000000
v 0.057286 0.550000 0.009073
v 0.057286 0.650000 0.009073
v 0.056397 0.550000 0.013540
v 0.056397 0.650000 0.013540
v 0.055161 0.550000 0.017923
v 0.055161 0.650000 0.017923
v 0.053585 0.550000 0.022196
v 0.053585 0.650000 0.022196
v 0.051678 0.550000 0.026331
v 0.051678 0.650000 0.026331
v 0.049453 0.550000 0.030305
v 0.049453 0.650000 0.030305
v 0.046923 0.550000 0.034092
v 0.046923 0.650000 0.034092
v 0.044104 0.550000 0.037668
v 0.044104 0.650000 0.037668
v 0.041012 0.550000 0.041012
v 0.041012 0.650000 0.041012
v 0.037668 0.550000 0.044104
v 0.037668 0.650000 0.044104
v 0.034092 0.550000 0.046923
v 0.034092 0.650000 0.046923
v 0.030305 0.550000 0.049453
v 0.030305 0.650000 0.049453
v 0.026331 0.550000 0.051678
v 0.026331 0.650000 0.051678
v 0.022196 0.550000 0.053585
v 0.022196 0.650000 0.053585
v 0.017923 0.550000 0.055161
v 0.017923 0.650000 0.055161
v 0.013540 0.550000 0.056397
v 0.013540 0.650000 0.056397
v 0.009073 0.550000 0.057286
v 0.009073 0.650000 0.057286
v 0.004551 0.550000 0.057821
v 0.004551 0.650000 0.057821
v 0.000000 0.550000 0.058000
v 0.000000 0.650000 0.058000
v -0.004551 0.550000 0.057821
v -0.004551 0.650000 0.057821
v -0.009073 0.550000 0.057286
v -0.009073 0.650000 0.057286
v -0.013540 0.550000 0.056397
v -0.013540 0.650000 0.056397
v -0.017923 0.550000 0.055161
v -0.017923 0.650000 0.055161
v -0.022196 0.550000 0.053585
v -0.022196 0.650000 0.053585
v -0.026331 0.550000 0.051678
v -0.026331 0.650000 0.051678
v -0.030305 0.550000 0.049453
v -0.030305 0.650000 0.049453
v -0.034092 0.550000 0.046923
v -0.034092 0.650000 0.046923
v -0.037668 0.550000 0.044104
v -0.037668 0.650000 0.044104
v -0.041012 0.550000 0.041012
v -0.041012 0.650000 0.041012
v -0.044104 0.550000 0.037668
v -0.044104 0.650000 0.037668
v -0.046923 0.550000 0.034092
v -0.046923 0.650000 0.034092
v -0.049453 0.550000 0.030305
v -0.049453 0.650000 0.030305
v -0.051678 0.550000 0.026331
v -0.051678 0.650000 0.026331
v -0.053585 0.550000 0.022196
v -0.053585 0.650000 0.022196
v -0.055161 0.550000 0.017923
v -0.055161 0.650000 0.017923
v -0.056397 0.550000 0.013540
v -0.056397 0.650000 0.013540
v -0.057286 0.550000 0.009073
v -0.057286 0.650000 0.009073
v -0.057821 0.550000 0.004551
v -0.057821 0.650000 0.004551
v -0.058000 0.550000 0.000000
v -0.058000 0.650000 0.000000
v -0.057821 0.550000 -0.004551
v -0.057821 0.650000 -0.004551
v -0.057286 0.550000 -0.009073
v -0.057286 0.650000 -0.009073
v -0.056397 0.550000 -0.013540
v -0.056397 0.650000 -0.013540
v -0.055161 0.550000 -0.017923
v -0.055161 0.650000 -0.017923
v -0.053585 0.550000 -0.022196
v -0.053585 0.650000 -0.022196
v -0.051678 0.550000 -0.026331
v -0.051678 0.650000 -0.026331
v -0.049453 0.550000 -0.030305
v -0.049453 0.650000 -0.030305
v -0.046923 0.550000 -0.034092
v -0.046923 0.650000 -0.034092
v -0.044104 0.550000 -0.037668
v -0.044104 0.650000 -0.037668
v -0.041012 0.550000 -0.041012
v -0.041012 0.650000 -0.041012
v -0.037668 0.550000 -0.044104
v -0.037668 0.650000 -0.044104
v -0.034092 0.550000 -0.046923
v -0.034092 0.650000 -0.046923
v -0.030305 0.550000 -0.049453
v -0.030305 0.650000 -0.049453
v -0.026331 0.550000 -0.051678
v -0.026331 0.650000 -0.051678
v -0.022196 0.550000 -0.053585
v -0.022196 0.650000 -0.053585
v -0.017923 0.550000 -0.055161
v -0.017923 0.650000 -0.055161
v -0.013540 0.550000 -0.056397
v -0.013540 0.650000 -0.056397
v -0.009073 0.550000 -0.057286
v -0.009073 0.650000 -0.057286
v -0.004551 0.550000 -0.057821
v -0.004551 0.650000 -0.057821
v -0.000000 0.550000 -0.058000
v -0.000000 0.650000 -0.058000
v 0.004551 0.550000 -0.057821
v 0.004551 0.650000 -0.057821
v 0.009073 0.550000 -0.057286
v 0.009073 0.650000 -0.057286
v 0.013540 0.550000 -0.056397
v 0.013540 0.650000 -0.056397
v 0.017923 0.550000 -0.055161
v 0.017923 0.650000 -0.055161
v 0.022196 0.550000 -0.053585
v 0.022196 0.650000 -0.053585
v 0.026331 0.550000 -0.051678
v 0.026331 0.650000 -0.051678
v 0.030305 0.550000 -0.049453
v 0.030305 0.650000 -0.049453
v 0.034092 0.550000 -0.046923
v 0.034092 0.650000 -0.046923
v 0.037668 0.550000 -0.044104
v 0.037668 0.650000 -0.044104
v 0.041012 0.550000 -0.041012
v 0.041012 0.650000 -0.041012
v 0.044104 0.550000 -0.037668
v 0.044104 0.650000 -0.037668
v 0.046923 0.550000 -0.034092
v 0.046923 0.650000 -0.034092
v 0.049453 0.550000 -0.030305
v 0.049453 0.650000 -0.030305
v 0.051678 0.550000 -0.026331
v 0.051678 0.650000 -0.026331
v 0.053585 0.550000 -0.022196
v 0.053585 0.650000 -0.022196
v 0.055161 0.550000 -0.017923
v 0.055161 0.650000 -0.017923
v 0.056397 0.550000 -0.013540
v 0.056397 0.650000 -0.013540
v 0.057286 0.550000 -0.009073
v 0.057286 0.650000 -0.009073
v 0.057821 0.550000 -0.004551
v 0.057821 0.650000 -0.004551
v 0.062000 0.552000 0.000000
v 0.061809 0.552000 0.004864
v 0.061809 0.588000 0.004864
v 0.062000 0.588000 0.000000
v 0.061237 0.552000 0.009699
v 0.061237 0.588000 0.009699
v 0.060287 0.552000 0.014474
v 0.060287 0.588000 0.014474
v 0.058966 0.552000 0.019159
v 0.058966 0.588000 0.019159
v 0.057281 0.552000 0.023726
v 0.057281 0.588000 0.023726
v 0.055242 0.552000 0.028147
v 0.055242 0.588000 0.028147
v 0.052864 0.552000 0.032395
v 0.052864 0.588000 0.032395
v 0.050159 0.552000 0.036443
v 0.050159 0.588000 0.036443
v 0.047145 0.552000 0.040266
v 0.047145 0.588000 0.040266
v 0.043841 0.552000 0.043841
v 0.043841 0.588000 0.043841
v 0.040266 0.552000 0.047145
v 0.040266 0.588000 0.047145
v 0.036443 0.552000 0.050159
v 0.036443 0.588000 0.050159
v 0.032395 0.552000 0.052864
v 0.032395 0.588000 0.052864
v 0.028147 0.552000 0.055242
v 0.028147 0.588000 0.055242
v 0.023726 0.552000 0.057281
v 0.023726 0.588000 0.057281
v 0.019159 0.552000 0.058966
v 0.019159 0.588000 0.058966
v 0.014474 0.552000 0.060287
v 0.014474 0.588000 0.060287
v 0.009699 0.552000 0.061237
v 0.009699 0.588000 0.061237
v 0.004864 0.552000 0.061809
v 0.004864 0.588000 0.061809
v 0.000000 0.552000 0.062000
v 0.000000 0.588000 0.062000
v -0.004864 0.552000 0.061809
v -0.004864 0.588000 0.061809
v -0.009699 0.552000 0.061237
v -0.009699 0.588000 0.061237
v -0.014474 0.552000 0.060287
v -0.014474 0.588000 0.060287
v -0.019159 0.552000 0.058966
v -0.019159 0.588000 0.058966
v -0.023726 0.552000 0.057281
v -0.023726 0.588000 0.057281
v -0.028147 0.552000 0.055242
v -0.028147 0.588000 0.055242
v -0.032395 0.552000 0.052864
v -0.032395 0.588000 0.052864
v -0.036443 0.552000 0.050159
v -0.036443 0.588000 0.050159
v -0.040266 0.552000 0.047145
v -0.040266 0.588000 0.047145
v -0.043841 0.552000 0.043841
v -0.043841 0.588000 0.043841
v -0.047145 0.552000 0.040266
v -0.047145 0.588000 0.040266
v -0.050159 0.552000 0.036443
v -0.050159 0.588000 0.036443
v -0.052864 0.552000 0.032395
v -0.052864 0.588000 0.032395
v -0.055242 0.552000 0.028147
v -0.055242 0.588000 0.028147
v -0.057281 0.552000 0.023726
v -0.057281 0.588000 0.023726
v -0.058966 0.552000 0.019159
v -0.058966 0.588000 0.019159
v -0.060287 0.552000 0.014474
v -0.060287 0.588000 0.014474
v -0.061237 0.552000 0.009699
v -0.061237 0.588000 0.009699
v -0.061809 0.552000 0.004864
v -0.061809 0.588000 0.004864
v -0.062000 0.552000 0.000000
v -0.062000 0.588000 0.000000
v -0.061809 0.552000 -0.004864
v -0.061809 0.588000 -0.004864
v -0.061237 0.552000 -0.009699
v -0.061237 0.588000 -0.009699
v -0.060287 0.552000 -0.014474
v -0.060287 0.588000 -0.014474
v -0.058966 0.552000 -0.019159
v -0.058966 0.588000 -0.019159
v -0.057281 0.552000 -0.023726
v -0.057281 0.588000 -0.023726
v -0.055242 0.552000 -0.028147
v -0.055242 0.588000 -0.028147
v -0.052864 0.552000 -0.032395
v -0.052864 0.588000 -0.032395
v -0.050159 0.552000 -0.036443
v -0.050159 0.588000 -0.036443
v -0.047145 0.552000 -0.040266
v -0.047145 0.588000 -0.040266
v -0.043841 0.552000 -0.043841
v -0.043841 0.588000 -0.043841
v -0.040266 0.552000 -0.047145
v -0.040266 0.588000 -0.047145
v -0.036443 0.552000 -0.050159
v -0.036443 0.588000 -0.050159
v -0.032395 0.552000 -0.052864
v -0.032395 0.588000 -0.052864
v -0.028147 0.552000 -0.055242
v -0.028147 0.588000 -0.055242
v -0.023726 0.552000 -0.057281
v -0.023726 0.588000 -0.057281
v -0.019159 0.552000 -0.058966
v -0.019159 0.588000 -0.058966
v -0.014474 0.552000 -0.060287
v -0.014474 0.588000 -0.060287
v -0.009699 0.552000 -0.061237
v -0.009699 0.588000 -0.061237
v -0.004864 0.552000 -0.061809
v -0.004864 0.588000 -0.061809
v -0.000000 0.552000 -0.062000
v -0.000000 0.588000 -0.062000
v 0.004864 0.552000 -0.061809
v 0.004864 0.588000 -0.061809
v 0.009699 0.552000 -0.061237
v 0.009699 0.588000 -0.061237
v 0.014474 0.552000 -0.060287
v 0.014474 0.588000 -0.060287
v 0.019159 0.552000 -0.058966
v 0.019159 0.588000 -0.058966
v 0.023726 0.552000 -0.057281
v 0.023726 0.588000 -0.057281
v 0.028147 0.552000 -0.055242
v 0.028147 0.588000 -0.055242
v 0.032395 0.552000 -0.052864
v 0.032395 0.588000 -0.052864
v 0.036443 0.552000 -0.050159
v 0.036443 0.588000 -0.050159
v 0.040266 0.552000 -0.047145
v 0.040266 0.588000 -0.047145
v 0.043841 0.552000 -0.043841
v 0.043841 0.588000 -0.043841
v 0.047145 0.552000 -0.040266
v 0.047145 0.588000 -0.040266
v 0.050159 0.552000 -0.036443
v 0.050159 0.588000 -0.036443
v 0.052864 0.552000 -0.032395
v 0.052864 0.588000 -0.032395
v 0.055242 0.552000 -0.028147
v 0.055242 0.588000 -0.028147
v 0.057281 0.552000 -0.023726
v 0.057281 0.588000 -0.023726
v 0.058966 0.552000 -0.019159
v 0.058966 0.588000 -0.019159
v 0.060287 0.552000 -0.014474
v 0.060287 0.588000 -0.014474
v 0.061237 0.552000 -0.009699
v 0.061237 0.588000 -0.009699
v 0.061809 0.552000 -0.004864
v 0.061809 0.588000 -0.004864
v -0.030000 0.602000 -0.030000
v 0.030000 0.602000 -0.030000
v 0.030000 0.602000 -0.062000
v -0.030000 0.602000 -0.062000
v -0.030000 0.644000 -0.062000
v 0.030000 0.644000 -0.062000
v 0.030000 0.644000 -0.030000
v -0.030000 0.644000 -0.030000
v -0.058000 0.632000 0.060000
v 0.058000 0.632000 0.060000
v 0.058000 0.632000 -0.060000
v -0.058000 0.632000 -0.060000
v -0.058000 0.763500 -0.060000
v 0.058000 0.763500 -0.060000
v 0.058000 0.763500 0.060000
v -0.058000 0.763500 0.060000
v 0.058000 0.713500 0.052000
v 0.125000 0.713500 0.052000
v 0.125000 0.713500 -0.052000
v 0.058000 0.713500 -0.052000
v 0.058000 0.777500 -0.052000
v 0.125000 0.777500 -0.052000
v 0.125000 0.777500 0.052000
v 0.058000 0.777500 0.052000
v 0.030000 0.747500 -0.440000
v 0.029908 0.749854 -0.440000
v 0.029908 0.749854 0.440000
v 0.030000 0.747500 0.440000
v 0.029631 0.752193 -0.440000
v 0.029631 0.752193 0.440000
v 0.029171 0.754503 -0.440000
v 0.029171 0.754503 0.440000
v 0.028532 0.756771 -0.440000
v 0.028532 0.756771 0.440000
v 0.027716 0.758981 -0.440000
v 0.027716 0.758981 0.440000
v 0.026730 0.761120 -0.440000
v 0.026730 0.761120 0.440000
v 0.025579 0.763175 -0.440000
v 0.025579 0.763175 0.440000
v 0.024271 0.765134 -0.440000
v 0.024271 0.765134 0.440000
v 0.022812 0.766983 -0.440000
v 0.022812 0.766983 0.440000
v 0.021213 0.768713 -0.440000
v 0.021213 0.768713 0.440000
v 0.019483 0.770312 -0.440000
v 0.019483 0.770312 0.440000
v 0.017634 0.771771 -0.440000
v 0.017634 0.771771 0.440000
v 0.015675 0.773079 -0.440000
v 0.015675 0.773079 0.440000
v 0.013620 0.774230 -0.440000
v 0.013620 0.774230 0.440000
v 0.011481 0.775216 -0.440000
v 0.011481 0.775216 0.440000
v 0.009271 0.776032 -0.440000
v 0.009271 0.776032 0.440000
v 0.007003 0.776671 -0.440000
v 0.007003 0.776671 0.440000
v 0.004693 0.777131 -0.440000
v 0.004693 0.777131 0.440000
v 0.002354 0.777408 -0.440000
v 0.002354 0.777408 0.440000
v 0.000000 0.777500 -0.440000
v 0.000000 0.777500 0.440000
v -0.002354 0.777408 -0.440000
v -0.002354 0.777408 0.440000
v -0.004693 0.777131 -0.440000
v -0.004693 0.777131 0.440000
v -0.007003 0.776671 -0.440000
v -0.007003 0.776671 0.440000
v -0.009271 0.776032 -0.440000
v -0.009271 0.776032 0.440000
v -0.011481 0.775216 -0.440000
v -0.011481 0.775216 0.440000
v -0.013620 0.774230 -0.440000
v -0.013620 0.774230 0.440000
v -0.015675 0.773079 -0.440000
v -0.015675 0.773079 0.440000
v -0.017634 0.771771 -0.440000
v -0.017634 0.771771 0.440000
v -0.019483 0.770312 -0.440000
v -0.019483 0.770312 0.440000
v -0.021213 0.768713 -0.440000
v -0.021213 0.768713 0.440000
v -0.022812 0.766983 -0.440000
v -0.022812 0.766983 0.440000
v -0.024271 0.765134 -0.440000
v -0.024271 0.765134 0.440000
v -0.025579 0.763175 -0.440000
v -0.025579 0.763175 0.440000
v -0.026730 0.761120 -0.440000
v -0.026730 0.761120 0.440000
v -0.027716 0.758981 -0.440000
v -0.027716 0.758981 0.440000
v -0.028532 0.756771 -0.440000
v -0.028532 0.756771 0.440000
v -0.029171 0.754503 -0.440000
v -0.029171 0.754503 0.440000
v -0.029631 0.752193 -0.440000
v -0.029631 0.752193 0.440000
v -0.029908 0.749854 -0.440000
v -0.029908 0.749854 0.440000
v -0.030000 0.747500 -0.440000
v -0.030000 0.747500 0.440000
v -0.029908 0.745146 -0.440000
v -0.029908 0.745146 0.440000
v -0.029631 0.742807 -0.440000
v -0.029631 0.742807 0.440000
v -0.029171 0.740497 -0.440000
v -0.029171 0.740497 0.440000
v -0.028532 0.738229 -0.440000
v -0.028532 0.738229 0.440000
v -0.027716 0.736019 -0.440000
v -0.027716 0.736019 0.440000
v -0.026730 0.733880 -0.440000
v -0.026730 0.733880 0.440000
v -0.025579 0.731825 -0.440000
v -0.025579 0.731825 0.440000
v -0.024271 0.729866 -0.440000
v -0.024271 0.729866 0.440000
v -0.022812 0.728017 -0.440000
v -0.022812 0.728017 0.440000
v -0.021213 0.726287 -0.440000
v -0.021213 0.726287 0.440000
v -0.019483 0.724688 -0.440000
v -0.019483 0.724688 0.440000
v -0.017634 0.723229 -0.440000
v -0.017634 0.723229 0.440000
v -0.015675 0.721921 -0.440000
v -0.015675 0.721921 0.440000
v -0.013620 0.720770 -0.440000
v -0.013620 0.720770 0.440000
v -0.011481 0.719784 -0.440000
v -0.011481 0.719784 0.440000
v -0.009271 0.718968 -0.440000
v -0.009271 0.718968 0.440000
v -0.007003 0.718329 -0.440000
v -0.007003 0.718329 0.440000
v -0.004693 0.717869 -0.440000
v -0.004693 0.717869 0.440000
v -0.002354 0.717592 -0.440000
v -0.002354 0.717592 0.440000
v -0.000000 0.717500 -0.440000
v -0.000000 0.717500 0.440000
v 0.002354 0.717592 -0.440000
v 0.002354 0.717592 0.440000
v 0.004693 0.717869 -0.440000
v 0.004693 0.717869 0.440000
v 0.007003 0.718329 -0.440000
v 0.007003 0.718329 0.440000
v 0.009271 0.718968 -0.440000
v 0.009271 0.718968 0.440000
v 0.011481 0.719784 -0.440000
v 0.011481 0.719784 0.440000
v 0.013620 0.720770 -0.440000
v 0.013620 0.720770 0.440000
v 0.015675 0.721921 -0.440000
v 0.015675 0.721921 0.440000
v 0.017634 0.723229 -0.440000
v 0.017634 0.723229 0.440000
v 0.019483 0.724688 -0.440000
v 0.019483 0.724688 0.440000
v 0.021213 0.726287 -0.440000
v 0.021213 0.726287 0.440000
v 0.022812 0.728017 -0.440000
v 0.022812 0.728017 0.440000
v 0.024271 0.729866 -0.440000
v 0.024271 0.729866 0.440000
v 0.025579 0.731825 -0.440000
v 0.025579 0.731825 0.440000
v 0.026730 0.733880 -0.440000
v 0.026730 0.733880 0.440000
v 0.027716 0.736019 -0.440000
v 0.027716 0.736019 0.440000
v 0.028532 0.738229 -0.440000
v 0.028532 0.738229 0.440000
v 0.029171 0.740497 -0.440000
v 0.029171 0.740497 0.440000
v 0.029631 0.742807 -0.440000
v 0.029631 0.742807 0.440000
v 0.029908 0.745146 -0.440000
v 0.029908 0.745146 0.440000
v -0.460000 0.755500 -0.430000
v 0.460000 0.755500 -0.430000
v 0.460000 0.755500 -0.470000
v -0.460000 0.755500 -0.470000
v -0.460000 0.779500 -0.470000
v 0.460000 0.779500 -0.470000
v 0.460000 0.779500 -0.430000
v -0.460000 0.779500 -0.430000
v -0.460000 0.755500 -0.080000
v 0.460000 0.755500 -0.080000
v 0.460000 0.755500 -0.120000
v -0.460000 0.755500 -0.120000
v -0.460000 0.779500 -0.120000
v 0.460000 0.779500 -0.120000
v 0.460000 0.779500 -0.080000
v -0.460000 0.779500 -0.080000
v -0.055000 0.743500 -0.251000
v 0.055000 0.743500 -0.251000
v 0.055000 0.743500 -0.299000
v -0.055000 0.743500 -0.299000
v -0.055000 0.771500 -0.299000
v 0.055000 0.771500 -0.299000
v 0.055000 0.771500 -0.251000
v -0.055000 0.771500 -0.251000
v -0.470000 0.779500 -0.066000
v 0.470000 0.779500 -0.066000
v 0.470000 0.779500 -0.486000
v -0.470000 0.779500 -0.486000
v -0.470000 0.809500 -0.486000
v 0.470000 0.809500 -0.486000
v 0.470000 0.809500 -0.066000
v -0.470000 0.809500 -0.066000
v -0.440000 0.775500 -0.458000
v -0.410000 0.775500 -0.458000
v -0.410000 0.775500 -0.482000
v -0.440000 0.775500 -0.482000
v -0.440000 0.813500 -0.482000
v -0.410000 0.813500 -0.482000
v -0.410000 0.813500 -0.458000
v -0.440000 0.813500 -0.458000
v 0.410000 0.775500 -0.458000
v 0.440000 0.775500 -0.458000
v 0.440000 0.775500 -0.482000
v 0.410000 0.775500 -0.482000
v 0.410000 0.813500 -0.482000
v 0.440000 0.813500 -0.482000
v 0.440000 0.813500 -0.458000
v 0.410000 0.813500 -0.458000
v -0.440000 0.775500 -0.070000
v -0.410000 0.775500 -0.070000
v -0.410000 0.775500 -0.094000
v -0.440000 0.775500 -0.094000
v -0.440000 0.813500 -0.094000
v -0.410000 0.813500 -0.094000
v -0.410000 0.813500 -0.070000
v -0.440000 0.813500 -0.070000
v 0.410000 0.775500 -0.070000
v 0.440000 0.775500 -0.070000
v 0.440000 0.775500 -0.094000
v 0.410000 0.775500 -0.094000
v 0.410000 0.813500 -0.094000
v 0.440000 0.813500 -0.094000
v 0.440000 0.813500 -0.070000
v 0.410000 0.813500 -0.070000
v -0.460000 0.755500 0.120000
v 0.460000 0.755500 0.120000
v 0.460000 0.755500 0.080000
v -0.460000 0.755500 0.080000
v -0.460000 0.779500 0.080000
v 0.460000 0.779500 0.080000
v 0.460000 0.779500 0.120000
v -0.460000 0.779500 0.120000
v -0.460000 0.755500 0.470000
v 0.460000 0.755500 0.470000
v 0.460000 0.755500 0.430000
v -0.460000 0.755500 0.430000
v -0.460000 0.779500 0.430000
v 0.460000 0.779500 0.430000
v 0.460000 0.779500 0.470000
v -0.460000 0.779500 0.470000
v -0.055000 0.743500 0.299000
v 0.055000 0.743500 0.299000
v 0.055000 0.743500 0.251000
v -0.055000 0.743500 0.251000
v -0.055000 0.771500 0.251000
v 0.055000 0.771500 0.251000
v 0.055000 0.771500 0.299000
v -0.055000 0.771500 0.299000
v -0.470000 0.779500 0.486000
v 0.470000 0.779500 0.486000
v 0.470000 0.779500 0.066000
v -0.470000 0.779500 0.066000
v -0.470000 0.809500 0.066000
v 0.470000 0.809500 0.066000
v 0.470000 0.809500 0.486000
v -0.470000 0.809500 0.486000
v -0.440000 0.775500 0.094000
v -0.410000 0.775500 0.094000
v -0.410000 0.775500 0.070000
v -0.440000 0.775500 0.070000
v -0.440000 0.813500 0.070000
v -0.410000 0.813500 0.070000
v -0.410000 0.813500 0.094000
v -0.440000 0.813500 0.094000
v 0.410000 0.775500 0.094000
v 0.440000 0.775500 0.094000
v 0.440000 0.775500 0.070000
v 0.410000 0.775500 0.070000
v 0.410000 0.813500 0.070000
v 0.440000 0.813500 0.070000
v 0.440000 0.813500 0.094000
v 0.410000 0.813500 0.094000
v -0.440000 0.775500 0.482000
v -0.410000 0.775500 0.482000
v -0.410000 0.775500 0.458000
v -0.440000 0.775500 0.458000
v -0.440000 0.813500 0.458000
v -0.410000 0.813500 0.458000
v -0.410000 0.813500 0.482000
v -0.440000 0.813500 0.482000
v 0.410000 0.775500 0.482000
v 0.440000 0.775500 0.482000
v 0.440000 0.775500 0.458000
v 0.410000 0.775500 0.458000
v 0.410000 0.813500 0.458000
v 0.440000 0.813500 0.458000
v 0.440000 0.813500 0.482000
v 0.410000 0.813500 0.482000
v -0.062500 0.000000 0.500000
v 0.062500 0.000000 0.500000
v 0.062500 0.000000 -0.500000
v -0.062500 0.000000 -0.500000
v -0.062500 0.062500 -0.500000
v 0.062500 0.062500 -0.500000
v 0.062500 0.062500 0.500000
v -0.062500 0.062500 0.500000
v -0.062500 0.000000 -0.440000
v 0.062500 0.000000 -0.440000
v 0.062500 0.062500 -0.440000
v -0.062500 0.062500 -0.440000
v 0.022000 0.031250 -0.533000
v 0.021577 0.035542 -0.533000
v 0.021577 0.035542 -0.497000
v 0.022000 0.031250 -0.497000
v 0.020325 0.039669 -0.533000
v 0.020325 0.039669 -0.497000
v 0.018292 0.043473 -0.533000
v 0.018292 0.043473 -0.497000
v 0.015556 0.046806 -0.533000
v 0.015556 0.046806 -0.497000
v 0.012223 0.049542 -0.533000
v 0.012223 0.049542 -0.497000
v 0.008419 0.051575 -0.533000
v 0.008419 0.051575 -0.497000
v 0.004292 0.052827 -0.533000
v 0.004292 0.052827 -0.497000
v 0.000000 0.053250 -0.533000
v 0.000000 0.053250 -0.497000
v -0.004292 0.052827 -0.533000
v -0.004292 0.052827 -0.497000
v -0.008419 0.051575 -0.533000
v -0.008419 0.051575 -0.497000
v -0.012223 0.049542 -0.533000
v -0.012223 0.049542 -0.497000
v -0.015556 0.046806 -0.533000
v -0.015556 0.046806 -0.497000
v -0.018292 0.043473 -0.533000
v -0.018292 0.043473 -0.497000
v -0.020325 0.039669 -0.533000
v -0.020325 0.039669 -0.497000
v -0.021577 0.035542 -0.533000
v -0.021577 0.035542 -0.497000
v -0.022000 0.031250 -0.533000
v -0.022000 0.031250 -0.497000
v -0.021577 0.026958 -0.533000
v -0.021577 0.026958 -0.497000
v -0.020325 0.022831 -0.533000
v -0.020325 0.022831 -0.497000
v -0.018292 0.019027 -0.533000
v -0.018292 0.019027 -0.497000
v -0.015556 0.015694 -0.533000
v -0.015556 0.015694 -0.497000
v -0.012223 0.012958 -0.533000
v -0.012223 0.012958 -0.497000
v -0.008419 0.010925 -0.533000
v -0.008419 0.010925 -0.497000
v -0.004292 0.009673 -0.533000
v -0.004292 0.009673 -0.497000
v -0.000000 0.009250 -0.533000
v -0.000000 0.009250 -0.497000
v 0.004292 0.009673 -0.533000
v 0.004292 0.009673 -0.497000
v 0.008419 0.010925 -0.533000
v 0.008419 0.010925 -0.497000
v 0.012223 0.012958 -0.533000
v 0.012223 0.012958 -0.497000
v 0.015556 0.015694 -0.533000
v 0.015556 0.015694 -0.497000
v 0.018292 0.019027 -0.533000
v 0.018292 0.019027 -0.497000
v 0.020325 0.022831 -0.533000
v 0.020325 0.022831 -0.497000
v 0.021577 0.026958 -0.533000
v 0.021577 0.026958 -0.497000
v -0.062500 0.000000 0.000000
v 0.062500 0.000000 0.000000
v 0.062500 0.062500 0.000000
v -0.062500 0.062500 0.000000
v 0.062500 0.000000 0.440000
v -0.062500 0.000000 0.440000
v -0.062500 0.062500 0.440000
v 0.062500 0.062500 0.440000
v 0.022000 0.031250 0.497000
v 0.021577 0.035542 0.497000
v 0.021577 0.035542 0.533000
v 0.022000 0.031250 0.533000
v 0.020325 0.039669 0.497000
v 0.020325 0.039669 0.533000
v 0.018292 0.043473 0.497000
v 0.018292 0.043473 0.533000
v 0.015556 0.046806 0.497000
v 0.015556 0.046806 0.533000
v 0.012223 0.049542 0.497000
v 0.012223 0.049542 0.533000
v 0.008419 0.051575 0.497000
v 0.008419 0.051575 0.533000
v 0.004292 0.052827 0.497000
v 0.004292 0.052827 0.533000
v 0.000000 0.053250 0.497000
v 0.000000 0.053250 0.533000
v -0.004292 0.052827 0.497000
v -0.004292 0.052827 0.533000
v -0.008419 0.051575 0.497000
v -0.008419 0.051575 0.533000
v -0.012223 0.049542 0.497000
v -0.012223 0.049542 0.533000
v -0.015556 0.046806 0.497000
v -0.015556 0.046806 0.533000
v -0.018292 0.043473 0.497000
v -0.018292 0.043473 0.533000
v -0.020325 0.039669 0.497000
v -0.020325 0.039669 0.533000
v -0.021577 0.035542 0.497000
v -0.021577 0.035542 0.533000
v -0.022000 0.031250 0.497000
v -0.022000 0.031250 0.533000
v -0.021577 0.026958 0.497000
v -0.021577 0.026958 0.533000
v -0.020325 0.022831 0.497000
v -0.020325 0.022831 0.533000
v -0.018292 0.019027 0.497000
v -0.018292 0.019027 0.533000
v -0.015556 0.015694 0.497000
v -0.015556 0.015694 0.533000
v -0.012223 0.012958 0.497000
v -0.012223 0.012958 0.533000
v -0.008419 0.010925 0.497000
v -0.008419 0.010925 0.533000
v -0.004292 0.009673 0.497000
v -0.004292 0.009673 0.533000
v -0.000000 0.009250 0.497000
v -0.000000 0.009250 0.533000
v 0.004292 0.009673 0.497000
v 0.004292 0.009673 0.533000
v 0.008419 0.010925 0.497000
v 0.008419 0.010925 0.533000
v 0.012223 0.012958 0.497000
v 0.012223 0.012958 0.533000
v 0.015556 0.015694 0.497000
v 0.015556 0.015694 0.533000
v 0.018292 0.019027 0.497000
v 0.018292 0.019027 0.533000
v 0.020325 0.022831 0.497000
v 0.020325 0.022831 0.533000
v 0.021577 0.026958 0.497000
v 0.021577 0.026958 0.533000
vn 0.0000 -1.0000 0.0000
vn 0.0000 1.0000 0.0000
vn 0.0000 0.0000 -1.0000
vn 0.0000 0.0000 1.0000
vn -1.0000 0.0000 0.0000
vn 1.0000 0.0000 0.0000
vn 0.8660 0.0000 0.5000
vn -0.8660 0.0000 0.5000
vn -0.8660 0.0000 -0.5000
vn 0.8660 0.0000 -0.5000
vn 0.9952 0.0000 0.0980
vn 0.9569 0.0000 0.2903
vn 0.8819 0.0000 0.4714
vn 0.7730 0.0000 0.6344
vn 0.6344 0.0000 0.7730
vn 0.4714 0.0000 0.8819
vn 0.2903 0.0000 0.9569
vn 0.0980 0.0000 0.9952
vn -0.0980 0.0000 0.9952
vn -0.2903 0.0000 0.9569
vn -0.4714 0.0000 0.8819
vn -0.6344 0.0000 0.7730
vn -0.7730 0.0000 0.6344
vn -0.8819 0.0000 0.4714
vn -0.9569 0.0000 0.2903
vn -0.9952 0.0000 0.0980
vn -0.9952 0.0000 -0.0980
vn -0.9569 0.0000 -0.2903
vn -0.8819 0.0000 -0.4714
vn -0.7730 0.0000 -0.6344
vn -0.6344 0.0000 -0.7730
vn -0.4714 0.0000 -0.8819
vn -0.2903 0.0000 -0.9569
vn -0.0980 0.0000 -0.9952
vn 0.0980 0.0000 -0.9952
vn 0.2903 0.0000 -0.9569
vn 0.4714 0.0000 -0.8819
vn 0.6344 0.0000 -0.7730
vn 0.7730 0.0000 -0.6344
vn 0.8819 0.0000 -0.4714
vn 0.9569 0.0000 -0.2903
vn 0.9952 0.0000 -0.0980
vn 0.5000 0.0000 0.8660
vn -0.5000 0.0000 0.8660
vn -0.5000 0.0000 -0.8660
vn 0.5000 0.0000 -0.8660
vn 0.9994 0.0000 0.0349
vn 0.9936 0.0000 0.1132
vn 0.9816 0.0000 0.1908
vn 0.9636 0.0000 0.2672
vn 0.9397 0.0000 0.3420
vn 0.9100 0.0000 0.4147
vn 0.8746 0.0000 0.4848
vn 0.8339 0.0000 0.5519
vn 0.7880 0.0000 0.6157
vn 0.7373 0.0000 0.6756
vn 0.6820 0.0000 0.7314
vn 0.6225 0.0000 0.7826
vn 0.5592 0.0000 0.8290
vn 0.4924 0.0000 0.8704
vn 0.4226 0.0000 0.9063
vn 0.3502 0.0000 0.9367
vn 0.2756 0.0000 0.9613
vn 0.1994 0.0000 0.9799
vn 0.1219 0.0000 0.9925
vn 0.0436 0.0000 0.9990
vn -0.0349 0.0000 0.9994
vn -0.1132 0.0000 0.9936
vn -0.1908 0.0000 0.9816
vn -0.2672 0.0000 0.9636
vn -0.3420 0.0000 0.9397
vn -0.4147 0.0000 0.9100
vn -0.4848 0.0000 0.8746
vn -0.5519 0.0000 0.8339
vn -0.6157 0.0000 0.7880
vn -0.6756 0.0000 0.7373
vn -0.7314 0.0000 0.6820
vn -0.7826 0.0000 0.6225
vn -0.8290 0.0000 0.5592
vn -0.8704 0.0000 0.4924
vn -0.9063 0.0000 0.4226
vn -0.9367 0.0000 0.3502
vn -0.9613 0.0000 0.2756
vn -0.9799 0.0000 0.1994
vn -0.9925 0.0000 0.1219
vn -0.9990 0.0000 0.0436
vn -0.9994 0.0000 -0.0349
vn -0.9936 0.0000 -0.1132
vn -0.9816 0.0000 -0.1908
vn -0.9636 0.0000 -0.2672
vn -0.9397 0.0000 -0.3420
vn -0.9100 0.0000 -0.4147
vn -0.8746 0.0000 -0.4848
vn -0.8339 0.0000 -0.5519
vn -0.7880 0.0000 -0.6157
vn -0.7373 0.0000 -0.6756
vn -0.6820 0.0000 -0.7314
vn -0.6225 0.0000 -0.7826
vn -0.5592 0.0000 -0.8290
vn -0.4924 0.0000 -0.8704
vn -0.4226 0.0000 -0.9063
vn -0.3502 0.0000 -0.9367
vn -0.2756 0.0000 -0.9613
vn -0.1994 0.0000 -0.9799
vn -0.1219 0.0000 -0.9925
vn -0.0436 0.0000 -0.9990
vn 0.0349 0.0000 -0.9994
vn 0.1132 0.0000 -0.9936
vn 0.1908 0.0000 -0.9816
vn 0.2672 0.0000 -0.9636
vn 0.3420 0.0000 -0.9397
vn 0.4147 0.0000 -0.9100
vn 0.4848 0.0000 -0.8746
vn 0.5519 0.0000 -0.8339
vn 0.6157 0.0000 -0.7880
vn 0.6756 0.0000 -0.7373
vn 0.7314 0.0000 -0.6820
vn 0.7826 0.0000 -0.6225
vn 0.8290 0.0000 -0.5592
vn 0.8704 0.0000 -0.4924
vn 0.9063 0.0000 -0.4226
vn 0.9367 0.0000 -0.3502
vn 0.9613 0.0000 -0.2756
vn 0.9799 0.0000 -0.1994
vn 0.9925 0.0000 -0.1219
vn 0.9990 0.0000 -0.0436
vn 0.9992 0.0000 0.0393
vn 0.9931 0.0000 0.1175
vn 0.9808 0.0000 0.1951
vn 0.9625 0.0000 0.2714
vn 0.9382 0.0000 0.3461
vn 0.9081 0.0000 0.4187
vn 0.8725 0.0000 0.4886
vn 0.8315 0.0000 0.5556
vn 0.7853 0.0000 0.6191
vn 0.7343 0.0000 0.6788
vn 0.6788 0.0000 0.7343
vn 0.6191 0.0000 0.7853
vn 0.5556 0.0000 0.8315
vn 0.4886 0.0000 0.8725
vn 0.4187 0.0000 0.9081
vn 0.3461 0.0000 0.9382
vn 0.2714 0.0000 0.9625
vn 0.1951 0.0000 0.9808
vn 0.1175 0.0000 0.9931
vn 0.0393 0.0000 0.9992
vn -0.0393 0.0000 0.9992
vn -0.1175 0.0000 0.9931
vn -0.1951 0.0000 0.9808
vn -0.2714 0.0000 0.9625
vn -0.3461 0.0000 0.9382
vn -0.4187 0.0000 0.9081
vn -0.4886 0.0000 0.8725
vn -0.5556 0.0000 0.8315
vn -0.6191 0.0000 0.7853
vn -0.6788 0.0000 0.7343
vn -0.7343 0.0000 0.6788
vn -0.7853 0.0000 0.6191
vn -0.8315 0.0000 0.5556
vn -0.8725 0.0000 0.4886
vn -0.9081 0.0000 0.4187
vn -0.9382 0.0000 0.3461
vn -0.9625 0.0000 0.2714
vn -0.9808 0.0000 0.1951
vn -0.9931 0.0000 0.1175
vn -0.9992 0.0000 0.0393
vn -0.9992 0.0000 -0.0393
vn -0.9931 0.0000 -0.1175
vn -0.9808 0.0000 -0.1951
vn -0.9625 0.0000 -0.2714
vn -0.9382 0.0000 -0.3461
vn -0.9081 0.0000 -0.4187
vn -0.8725 0.0000 -0.4886
vn -0.8315 0.0000 -0.5556
vn -0.7853 0.0000 -0.6191
vn -0.7343 0.0000 -0.6788
vn -0.6788 0.0000 -0.7343
vn -0.6191 0.0000 -0.7853
vn -0.5556 0.0000 -0.8315
vn -0.4886 0.0000 -0.8725
vn -0.4187 0.0000 -0.9081
vn -0.3461 0.0000 -0.9382
vn -0.2714 0.0000 -0.9625
vn -0.1951 0.0000 -0.9808
vn -0.1175 0.0000 -0.9931
vn -0.0393 0.0000 -0.9992
vn 0.0393 0.0000 -0.9992
vn 0.1175 0.0000 -0.9931
vn 0.1951 0.0000 -0.9808
vn 0.2714 0.0000 -0.9625
vn 0.3461 0.0000 -0.9382
vn 0.4187 0.0000 -0.9081
vn 0.4886 0.0000 -0.8725
vn 0.5556 0.0000 -0.8315
vn 0.6191 0.0000 -0.7853
vn 0.6788 0.0000 -0.7343
vn 0.7343 0.0000 -0.6788
vn 0.7853 0.0000 -0.6191
vn 0.8315 0.0000 -0.5556
vn 0.8725 0.0000 -0.4886
vn 0.9081 0.0000 -0.4187
vn 0.9382 0.0000 -0.3461
vn 0.9625 0.0000 -0.2714
vn 0.9808 0.0000 -0.1951
vn 0.9931 0.0000 -0.1175
vn 0.9992 0.0000 -0.0393
vn 0.9992 0.0393 0.0000
vn 0.9931 0.1175 0.0000
vn 0.9808 0.1951 0.0000
vn 0.9625 0.2714 0.0000
vn 0.9382 0.3461 0.0000
vn 0.9081 0.4187 0.0000
vn 0.8725 0.4886 0.0000
vn 0.8315 0.5556 0.0000
vn 0.7853 0.6191 0.0000
vn 0.7343 0.6788 0.0000
vn 0.6788 0.7343 0.0000
vn 0.6191 0.7853 0.0000
vn 0.5556 0.8315 0.0000
vn 0.4886 0.8725 0.0000
vn 0.4187 0.9081 0.0000
vn 0.3461 0.9382 0.0000
vn 0.2714 0.9625 0.0000
vn 0.1951 0.9808 0.0000
vn 0.1175 0.9931 0.0000
vn 0.0393 0.9992 0.0000
vn -0.0393 0.9992 0.0000
vn -0.1175 0.9931 0.0000
vn -0.1951 0.9808 0.0000
vn -0.2714 0.9625 0.0000
vn -0.3461 0.9382 0.0000
vn -0.4187 0.9081 0.0000
vn -0.4886 0.8725 0.0000
vn -0.5556 0.8315 0.0000
vn -0.6191 0.7853 0.0000
vn -0.6788 0.7343 0.0000
vn -0.7343 0.6788 0.0000
vn -0.7853 0.6191 0.0000
vn -0.8315 0.5556 0.0000
vn -0.8725 0.4886 0.0000
vn -0.9081 0.4187 0.0000
vn -0.9382 0.3461 0.0000
vn -0.9625 0.2714 0.0000
vn -0.9808 0.1951 0.0000
vn -0.9931 0.1175 0.0000
vn -0.9992 0.0393 0.0000
vn -0.9992 -0.0393 0.0000
vn -0.9931 -0.1175 0.0000
vn -0.9808 -0.1951 0.0000
vn -0.9625 -0.2714 0.0000
vn -0.9382 -0.3461 0.0000
vn -0.9081 -0.4187 0.0000
vn -0.8725 -0.4886 0.0000
vn -0.8315 -0.5556 0.0000
vn -0.7853 -0.6191 0.0000
vn -0.7343 -0.6788 0.0000
vn -0.6788 -0.7343 0.0000
vn -0.6191 -0.7853 0.0000
vn -0.5556 -0.8315 0.0000
vn -0.4886 -0.8725 0.0000
vn -0.4187 -0.9081 0.0000
vn -0.3461 -0.9382 0.0000
vn -0.2714 -0.9625 0.0000
vn -0.1951 -0.9808 0.0000
vn -0.1175 -0.9931 0.0000
vn -0.0393 -0.9992 0.0000
vn 0.0393 -0.9992 0.0000
vn 0.1175 -0.9931 0.0000
vn 0.1951 -0.9808 0.0000
vn 0.2714 -0.9625 0.0000
vn 0.3461 -0.9382 0.0000
vn 0.4187 -0.9081 0.0000
vn 0.4886 -0.8725 0.0000
vn 0.5556 -0.8315 0.0000
vn 0.6191 -0.7853 0.0000
vn 0.6788 -0.7343 0.0000
vn 0.7343 -0.6788 0.0000
vn 0.7853 -0.6191 0.0000
vn 0.8315 -0.5556 0.0000
vn 0.8725 -0.4886 0.0000
vn 0.9081 -0.4187 0.0000
vn 0.9382 -0.3461 0.0000
vn 0.9625 -0.2714 0.0000
vn 0.9808 -0.1951 0.0000
vn 0.9931 -0.1175 0.0000
vn 0.9992 -0.0393 0.0000
vn 0.9952 0.0980 0.0000
vn 0.9569 0.2903 0.0000
vn 0.8819 0.4714 0.0000
vn 0.7730 0.6344 0.0000
vn 0.6344 0.7730 0.0000
vn 0.4714 0.8819 0.0000
vn 0.2903 0.9569 0.0000
vn 0.0980 0.9952 0.0000
vn -0.0980 0.9952 0.0000
vn -0.2903 0.9569 0.0000
vn -0.4714 0.8819 0.0000
vn -0.6344 0.7730 0.0000
vn -0.7730 0.6344 0.0000
vn -0.8819 0.4714 0.0000
vn -0.9569 0.2903 0.0000
vn -0.9952 0.0980 0.0000
vn -0.9952 -0.0980 0.0000
vn -0.9569 -0.2903 0.0000
vn -0.8819 -0.4714 0.0000
vn -0.7730 -0.6344 0.0000
vn -0.6344 -0.7730 0.0000
vn -0.4714 -0.8819 0.0000
vn -0.2903 -0.9569 0.0000
vn -0.0980 -0.9952 0.0000
vn 0.0980 -0.9952 0.0000
vn 0.2903 -0.9569 0.0000
vn 0.4714 -0.8819 0.0000
vn 0.6344 -0.7730 0.0000
vn 0.7730 -0.6344 0.0000
vn 0.8819 -0.4714 0.0000
vn 0.9569 -0.2903 0.0000
vn 0.9952 -0.0980 0.0000
vt 0.000000 0.000000
vt 0.700000 0.000000
vt 0.700000 0.700000
vt 0.000000 0.700000
vt 0.025000 0.000000
vt 0.025000 0.150000
vt 0.000000 0.150000
vt 0.050000 0.000000
vt 0.050000 0.150000
vt 0.075000 0.000000
vt 0.075000 0.150000
vt 0.100000 0.000000
vt 0.100000 0.150000
vt 0.125000 0.000000
vt 0.125000 0.150000
vt 0.150000 0.000000
vt 0.150000 0.150000
vt 0.004687 0.000000
vt 0.004687 0.150000
vt 0.009375 0.000000
vt 0.009375 0.150000
vt 0.014062 0.000000
vt 0.014062 0.150000
vt 0.018750 0.000000
vt 0.018750 0.150000
vt 0.023438 0.000000
vt 0.023438 0.150000
vt 0.028125 0.000000
vt 0.028125 0.150000
vt 0.032813 0.000000
vt 0.032813 0.150000
vt 0.037500 0.000000
vt 0.037500 0.150000
vt 0.042187 0.000000
vt 0.042187 0.150000
vt 0.046875 0.000000
vt 0.046875 0.150000
vt 0.051562 0.000000
vt 0.051562 0.150000
vt 0.056250 0.000000
vt 0.056250 0.150000
vt 0.060937 0.000000
vt 0.060937 0.150000
vt 0.065625 0.000000
vt 0.065625 0.150000
vt 0.070312 0.000000
vt 0.070312 0.150000
vt 0.079687 0.000000
vt 0.079687 0.150000
vt 0.084375 0.000000
vt 0.084375 0.150000
vt 0.089063 0.000000
vt 0.089063 0.150000
vt 0.093750 0.000000
vt 0.093750 0.150000
vt 0.098437 0.000000
vt 0.098437 0.150000
vt 0.103125 0.000000
vt 0.103125 0.150000
vt 0.107812 0.000000
vt 0.107812 0.150000
vt 0.112500 0.000000
vt 0.112500 0.150000
vt 0.117188 0.000000
vt 0.117188 0.150000
vt 0.121875 0.000000
vt 0.121875 0.150000
vt 0.126562 0.000000
vt 0.126562 0.150000
vt 0.131250 0.000000
vt 0.131250 0.150000
vt 0.135937 0.000000
vt 0.135937 0.150000
vt 0.140625 0.000000
vt 0.140625 0.150000
vt 0.145312 0.000000
vt 0.145312 0.150000
vt 0.990393 0.402455
vt 0.961940 0.308658
vt 0.915735 0.222215
vt 0.853553 0.146447
vt 0.777785 0.084265
vt 0.691342 0.038060
vt 0.597545 0.009607
vt 0.500000 0.000000
vt 0.402455 0.009607
vt 0.308658 0.038060
vt 0.222215 0.084265
vt 0.146447 0.146447
vt 0.084265 0.222215
vt 0.038060 0.308658
vt 0.009607 0.402455
vt 0.000000 0.500000
vt 0.009607 0.597545
vt 0.038060 0.691342
vt 0.084265 0.777785
vt 0.146447 0.853553
vt 0.222215 0.915735
vt 0.308658 0.961940
vt 0.402455 0.990393
vt 0.500000 1.000000
vt 0.597545 0.990393
vt 0.691342 0.961940
vt 0.777785 0.915735
vt 0.853553 0.853553
vt 0.915735 0.777785
vt 0.961940 0.691342
vt 0.990393 0.597545
vt 1.000000 0.500000
vt 0.933013 0.250000
vt 0.066987 0.250000
vt 0.066987 0.750000
vt 0.933013 0.750000
vt 0.012500 0.000000
vt 0.012500 3.000000
vt 0.000000 3.000000
vt 0.025000 3.000000
vt 0.037500 3.000000
vt 0.050000 3.000000
vt 0.062500 0.000000
vt 0.062500 3.000000
vt 0.075000 3.000000
vt 0.087500 0.000000
vt 0.087500 3.000000
vt 0.100000 3.000000
vt 0.112500 3.000000
vt 0.125000 3.000000
vt 0.137500 0.000000
vt 0.137500 3.000000
vt 0.150000 3.000000
vt 0.162500 0.000000
vt 0.162500 3.000000
vt 0.175000 0.000000
vt 0.175000 3.000000
vt 0.187500 0.000000
vt 0.187500 3.000000
vt 0.200000 0.000000
vt 0.200000 3.000000
vt 0.212500 0.000000
vt 0.212500 3.000000
vt 0.225000 0.000000
vt 0.225000 3.000000
vt 0.237500 0.000000
vt 0.237500 3.000000
vt 0.250000 0.000000
vt 0.250000 3.000000
vt 0.262500 0.000000
vt 0.262500 3.000000
vt 0.275000 0.000000
vt 0.275000 3.000000
vt 0.287500 0.000000
vt 0.287500 3.000000
vt 0.300000 0.000000
vt 0.300000 3.000000
vt 0.312500 0.000000
vt 0.312500 3.000000
vt 0.325000 0.000000
vt 0.325000 3.000000
vt 0.337500 0.000000
vt 0.337500 3.000000
vt 0.350000 0.000000
vt 0.350000 3.000000
vt 0.362500 0.000000
vt 0.362500 3.000000
vt 0.375000 0.000000
vt 0.375000 3.000000
vt 0.387500 0.000000
vt 0.387500 3.000000
vt 0.400000 0.000000
vt 0.400000 3.000000
vt 0.412500 0.000000
vt 0.412500 3.000000
vt 0.425000 0.000000
vt 0.425000 3.000000
vt 0.437500 0.000000
vt 0.437500 3.000000
vt 0.450000 0.000000
vt 0.450000 3.000000
vt 0.462500 0.000000
vt 0.462500 3.000000
vt 0.475000 0.000000
vt 0.475000 3.000000
vt 0.487500 0.000000
vt 0.487500 3.000000
vt 0.500000 3.000000
vt 0.512500 0.000000
vt 0.512500 3.000000
vt 0.525000 0.000000
vt 0.525000 3.000000
vt 0.537500 0.000000
vt 0.537500 3.000000
vt 0.550000 0.000000
vt 0.550000 3.000000
vt 0.562500 0.000000
vt 0.562500 3.000000
vt 0.575000 0.000000
vt 0.575000 3.000000
vt 0.587500 0.000000
vt 0.587500 3.000000
vt 0.600000 0.000000
vt 0.600000 3.000000
vt 0.612500 0.000000
vt 0.612500 3.000000
vt 0.625000 0.000000
vt 0.625000 3.000000
vt 0.637500 0.000000
vt 0.637500 3.000000
vt 0.650000 0.000000
vt 0.650000 3.000000
vt 0.662500 0.000000
vt 0.662500 3.000000
vt 0.675000 0.000000
vt 0.675000 3.000000
vt 0.687500 0.000000
vt 0.687500 3.000000
vt 0.700000 3.000000
vt 0.712500 0.000000
vt 0.712500 3.000000
vt 0.725000 0.000000
vt 0.725000 3.000000
vt 0.737500 0.000000
vt 0.737500 3.000000
vt 0.750000 0.000000
vt 0.750000 3.000000
vt 0.762500 0.000000
vt 0.762500 3.000000
vt 0.775000 0.000000
vt 0.775000 3.000000
vt 0.787500 0.000000
vt 0.787500 3.000000
vt 0.800000 0.000000
vt 0.800000 3.000000
vt 0.812500 0.000000
vt 0.812500 3.000000
vt 0.825000 0.000000
vt 0.825000 3.000000
vt 0.837500 0.000000
vt 0.837500 3.000000
vt 0.850000 0.000000
vt 0.850000 3.000000
vt 0.862500 0.000000
vt 0.862500 3.000000
vt 0.875000 0.000000
vt 0.875000 3.000000
vt 0.887500 0.000000
vt 0.887500 3.000000
vt 0.900000 0.000000
vt 0.900000 3.000000
vt 0.912500 0.000000
vt 0.912500 3.000000
vt 0.925000 0.000000
vt 0.925000 3.000000
vt 0.937500 0.000000
vt 0.937500 3.000000
vt 0.950000 0.000000
vt 0.950000 3.000000
vt 0.962500 0.000000
vt 0.962500 3.000000
vt 0.975000 0.000000
vt 0.975000 3.000000
vt 0.987500 0.000000
vt 0.987500 3.000000
vt 1.000000 0.000000
vt 1.000000 3.000000
vt 0.998459 0.539230
vt 0.993844 0.578217
vt 0.986185 0.616723
vt 0.975528 0.654508
vt 0.945503 0.726995
vt 0.926320 0.761249
vt 0.904508 0.793893
vt 0.880203 0.824724
vt 0.824724 0.880203
vt 0.793893 0.904508
vt 0.761249 0.926320
vt 0.726995 0.945503
vt 0.654508 0.975528
vt 0.616723 0.986185
vt 0.578217 0.993844
vt 0.539230 0.998459
vt 0.460770 0.998459
vt 0.421783 0.993844
vt 0.383277 0.986185
vt 0.345492 0.975528
vt 0.273005 0.945503
vt 0.238751 0.926320
vt 0.206107 0.904508
vt 0.175276 0.880203
vt 0.119797 0.824724
vt 0.095492 0.793893
vt 0.073680 0.761249
vt 0.054497 0.726995
vt 0.024472 0.654508
vt 0.013815 0.616723
vt 0.006156 0.578217
vt 0.001541 0.539230
vt 0.001541 0.460770
vt 0.006156 0.421783
vt 0.013815 0.383277
vt 0.024472 0.345492
vt 0.054497 0.273005
vt 0.073680 0.238751
vt 0.095492 0.206107
vt 0.119797 0.175276
vt 0.175276 0.119797
vt 0.206107 0.095492
vt 0.238751 0.073680
vt 0.273005 0.054497
vt 0.345492 0.024472
vt 0.383277 0.013815
vt 0.421783 0.006156
vt 0.460770 0.001541
vt 0.539230 0.001541
vt 0.578217 0.006156
vt 0.616723 0.013815
vt 0.654508 0.024472
vt 0.726995 0.054497
vt 0.761249 0.073680
vt 0.793893 0.095492
vt 0.824724 0.119797
vt 0.880203 0.175276
vt 0.904508 0.206107
vt 0.926320 0.238751
vt 0.945503 0.273005
vt 0.975528 0.345492
vt 0.986185 0.383277
vt 0.993844 0.421783
vt 0.998459 0.460770
vt 0.200000 0.200000
vt 0.000000 0.200000
vt 1.000000 1.000000
vt 0.000000 1.000000
vt 0.012500 1.000000
vt 0.025000 1.000000
vt 0.037500 1.000000
vt 0.050000 1.000000
vt 0.062500 1.000000
vt 0.075000 1.000000
vt 0.087500 1.000000
vt 0.100000 1.000000
vt 0.112500 1.000000
vt 0.125000 1.000000
vt 0.137500 1.000000
vt 0.150000 1.000000
vt 0.162500 1.000000
vt 0.175000 1.000000
vt 0.187500 1.000000
vt 0.200000 1.000000
vt 0.212500 1.000000
vt 0.225000 1.000000
vt 0.237500 1.000000
vt 0.250000 1.000000
vt 0.262500 1.000000
vt 0.275000 1.000000
vt 0.287500 1.000000
vt 0.300000 1.000000
vt 0.312500 1.000000
vt 0.325000 1.000000
vt 0.337500 1.000000
vt 0.350000 1.000000
vt 0.362500 1.000000
vt 0.375000 1.000000
vt 0.387500 1.000000
vt 0.400000 1.000000
vt 0.412500 1.000000
vt 0.425000 1.000000
vt 0.437500 1.000000
vt 0.450000 1.000000
vt 0.462500 1.000000
vt 0.475000 1.000000
vt 0.487500 1.000000
vt 0.512500 1.000000
vt 0.525000 1.000000
vt 0.537500 1.000000
vt 0.550000 1.000000
vt 0.562500 1.000000
vt 0.575000 1.000000
vt 0.587500 1.000000
vt 0.600000 1.000000
vt 0.612500 1.000000
vt 0.625000 1.000000
vt 0.637500 1.000000
vt 0.650000 1.000000
vt 0.662500 1.000000
vt 0.675000 1.000000
vt 0.687500 1.000000
vt 0.700000 1.000000
vt 0.712500 1.000000
vt 0.725000 1.000000
vt 0.737500 1.000000
vt 0.750000 1.000000
vt 0.762500 1.000000
vt 0.775000 1.000000
vt 0.787500 1.000000
vt 0.800000 1.000000
vt 0.812500 1.000000
vt 0.825000 1.000000
vt 0.837500 1.000000
vt 0.850000 1.000000
vt 0.862500 1.000000
vt 0.875000 1.000000
vt 0.887500 1.000000
vt 0.900000 1.000000
vt 0.912500 1.000000
vt 0.925000 1.000000
vt 0.937500 1.000000
vt 0.950000 1.000000
vt 0.962500 1.000000
vt 0.975000 1.000000
vt 0.987500 1.000000
vt 0.003750 0.000000
vt 0.003750 0.300000
vt 0.000000 0.300000
vt 0.007500 0.000000
vt 0.007500 0.300000
vt 0.011250 0.000000
vt 0.011250 0.300000
vt 0.015000 0.000000
vt 0.015000 0.300000
vt 0.018750 0.300000
vt 0.022500 0.000000
vt 0.022500 0.300000
vt 0.026250 0.000000
vt 0.026250 0.300000
vt 0.030000 0.000000
vt 0.030000 0.300000
vt 0.033750 0.000000
vt 0.033750 0.300000
vt 0.037500 0.300000
vt 0.041250 0.000000
vt 0.041250 0.300000
vt 0.045000 0.000000
vt 0.045000 0.300000
vt 0.048750 0.000000
vt 0.048750 0.300000
vt 0.052500 0.000000
vt 0.052500 0.300000
vt 0.056250 0.300000
vt 0.060000 0.000000
vt 0.060000 0.300000
vt 0.063750 0.000000
vt 0.063750 0.300000
vt 0.067500 0.000000
vt 0.067500 0.300000
vt 0.071250 0.000000
vt 0.071250 0.300000
vt 0.075000 0.300000
vt 0.078750 0.000000
vt 0.078750 0.300000
vt 0.082500 0.000000
vt 0.082500 0.300000
vt 0.086250 0.000000
vt 0.086250 0.300000
vt 0.090000 0.000000
vt 0.090000 0.300000
vt 0.093750 0.300000
vt 0.097500 0.000000
vt 0.097500 0.300000
vt 0.101250 0.000000
vt 0.101250 0.300000
vt 0.105000 0.000000
vt 0.105000 0.300000
vt 0.108750 0.000000
vt 0.108750 0.300000
vt 0.112500 0.300000
vt 0.116250 0.000000
vt 0.116250 0.300000
vt 0.120000 0.000000
vt 0.120000 0.300000
vt 0.123750 0.000000
vt 0.123750 0.300000
vt 0.127500 0.000000
vt 0.127500 0.300000
vt 0.131250 0.300000
vt 0.135000 0.000000
vt 0.135000 0.300000
vt 0.138750 0.000000
vt 0.138750 0.300000
vt 0.142500 0.000000
vt 0.142500 0.300000
vt 0.146250 0.000000
vt 0.146250 0.300000
vt 0.150000 0.300000
vt 0.153750 0.000000
vt 0.153750 0.300000
vt 0.157500 0.000000
vt 0.157500 0.300000
vt 0.161250 0.000000
vt 0.161250 0.300000
vt 0.165000 0.000000
vt 0.165000 0.300000
vt 0.168750 0.000000
vt 0.168750 0.300000
vt 0.172500 0.000000
vt 0.172500 0.300000
vt 0.176250 0.000000
vt 0.176250 0.300000
vt 0.180000 0.000000
vt 0.180000 0.300000
vt 0.183750 0.000000
vt 0.183750 0.300000
vt 0.187500 0.300000
vt 0.191250 0.000000
vt 0.191250 0.300000
vt 0.195000 0.000000
vt 0.195000 0.300000
vt 0.198750 0.000000
vt 0.198750 0.300000
vt 0.202500 0.000000
vt 0.202500 0.300000
vt 0.206250 0.000000
vt 0.206250 0.300000
vt 0.210000 0.000000
vt 0.210000 0.300000
vt 0.213750 0.000000
vt 0.213750 0.300000
vt 0.217500 0.000000
vt 0.217500 0.300000
vt 0.221250 0.000000
vt 0.221250 0.300000
vt 0.225000 0.300000
vt 0.228750 0.000000
vt 0.228750 0.300000
vt 0.232500 0.000000
vt 0.232500 0.300000
vt 0.236250 0.000000
vt 0.236250 0.300000
vt 0.240000 0.000000
vt 0.240000 0.300000
vt 0.243750 0.000000
vt 0.243750 0.300000
vt 0.247500 0.000000
vt 0.247500 0.300000
vt 0.251250 0.000000
vt 0.251250 0.300000
vt 0.255000 0.000000
vt 0.255000 0.300000
vt 0.258750 0.000000
vt 0.258750 0.300000
vt 0.262500 0.300000
vt 0.266250 0.000000
vt 0.266250 0.300000
vt 0.270000 0.000000
vt 0.270000 0.300000
vt 0.273750 0.000000
vt 0.273750 0.300000
vt 0.277500 0.000000
vt 0.277500 0.300000
vt 0.281250 0.000000
vt 0.281250 0.300000
vt 0.285000 0.000000
vt 0.285000 0.300000
vt 0.288750 0.000000
vt 0.288750 0.300000
vt 0.292500 0.000000
vt 0.292500 0.300000
vt 0.296250 0.000000
vt 0.296250 0.300000
vt 0.300000 0.300000
vt 0.500000 0.500000
vt 0.400000 0.400000
vt 0.000000 0.400000
vt 0.005000 0.000000
vt 0.005000 2.000000
vt 0.000000 2.000000
vt 0.010000 0.000000
vt 0.010000 2.000000
vt 0.015000 2.000000
vt 0.020000 0.000000
vt 0.020000 2.000000
vt 0.025000 2.000000
vt 0.030000 2.000000
vt 0.035000 0.000000
vt 0.035000 2.000000
vt 0.040000 0.000000
vt 0.040000 2.000000
vt 0.045000 2.000000
vt 0.050000 2.000000
vt 0.055000 0.000000
vt 0.055000 2.000000
vt 0.060000 2.000000
vt 0.065000 0.000000
vt 0.065000 2.000000
vt 0.070000 0.000000
vt 0.070000 2.000000
vt 0.075000 2.000000
vt 0.080000 0.000000
vt 0.080000 2.000000
vt 0.085000 0.000000
vt 0.085000 2.000000
vt 0.090000 2.000000
vt 0.095000 0.000000
vt 0.095000 2.000000
vt 0.100000 2.000000
vt 0.105000 2.000000
vt 0.110000 0.000000
vt 0.110000 2.000000
vt 0.115000 0.000000
vt 0.115000 2.000000
vt 0.120000 2.000000
vt 0.125000 2.000000
vt 0.130000 0.000000
vt 0.130000 2.000000
vt 0.135000 2.000000
vt 0.140000 0.000000
vt 0.140000 2.000000
vt 0.145000 0.000000
vt 0.145000 2.000000
vt 0.150000 2.000000
vt 0.155000 0.000000
vt 0.155000 2.000000
vt 0.160000 0.000000
vt 0.160000 2.000000
vt 0.165000 2.000000
vt 0.170000 0.000000
vt 0.170000 2.000000
vt 0.175000 2.000000
vt 0.180000 2.000000
vt 0.185000 0.000000
vt 0.185000 2.000000
vt 0.190000 0.000000
vt 0.190000 2.000000
vt 0.195000 2.000000
vt 0.200000 2.000000
vt 0.205000 0.000000
vt 0.205000 2.000000
vt 0.210000 2.000000
vt 0.215000 0.000000
vt 0.215000 2.000000
vt 0.220000 0.000000
vt 0.220000 2.000000
vt 0.225000 2.000000
vt 0.230000 0.000000
vt 0.230000 2.000000
vt 0.235000 0.000000
vt 0.235000 2.000000
vt 0.240000 2.000000
vt 0.245000 0.000000
vt 0.245000 2.000000
vt 0.250000 2.000000
vt 0.255000 2.000000
vt 0.260000 0.000000
vt 0.260000 2.000000
vt 0.265000 0.000000
vt 0.265000 2.000000
vt 0.270000 2.000000
vt 0.275000 2.000000
vt 0.280000 0.000000
vt 0.280000 2.000000
vt 0.285000 2.000000
vt 0.290000 0.000000
vt 0.290000 2.000000
vt 0.295000 0.000000
vt 0.295000 2.000000
vt 0.300000 2.000000
vt 0.305000 0.000000
vt 0.305000 2.000000
vt 0.310000 0.000000
vt 0.310000 2.000000
vt 0.315000 0.000000
vt 0.315000 2.000000
vt 0.320000 0.000000
vt 0.320000 2.000000
vt 0.325000 2.000000
vt 0.330000 0.000000
vt 0.330000 2.000000
vt 0.335000 0.000000
vt 0.335000 2.000000
vt 0.340000 0.000000
vt 0.340000 2.000000
vt 0.345000 0.000000
vt 0.345000 2.000000
vt 0.350000 2.000000
vt 0.355000 0.000000
vt 0.355000 2.000000
vt 0.360000 0.000000
vt 0.360000 2.000000
vt 0.365000 0.000000
vt 0.365000 2.000000
vt 0.370000 0.000000
vt 0.370000 2.000000
vt 0.375000 2.000000
vt 0.380000 0.000000
vt 0.380000 2.000000
vt 0.385000 0.000000
vt 0.385000 2.000000
vt 0.390000 0.000000
vt 0.390000 2.000000
vt 0.395000 0.000000
vt 0.395000 2.000000
vt 0.400000 2.000000
vt 0.250000 0.250000
vt 0.000000 0.250000
vt 0.100000 0.100000
vt 0.000000 0.100000
vt 0.009375 0.300000
vt 0.028125 0.300000
vt 0.046875 0.300000
vt 0.065625 0.300000
vt 0.084375 0.300000
vt 0.103125 0.300000
vt 0.121875 0.300000
vt 0.140625 0.300000
vt 0.159375 0.000000
vt 0.159375 0.300000
vt 0.178125 0.000000
vt 0.178125 0.300000
vt 0.196875 0.000000
vt 0.196875 0.300000
vt 0.215625 0.000000
vt 0.215625 0.300000
vt 0.234375 0.000000
vt 0.234375 0.300000
vt 0.253125 0.000000
vt 0.253125 0.300000
vt 0.271875 0.000000
vt 0.271875 0.300000
vt 0.290625 0.000000
vt 0.290625 0.300000
o pedestal
usemtl steel
f 361/1/47 362/114/47 363/115/47 364/116/47
f 362/114/48 365/5/48 366/117/48 363/115/48
f 365/5/49 367/32/49 368/118/49 366/117/49
f 367/32/50 369/8/50 370/119/50 368/118/50
f 369/8/51 371/120/51 372/121/51 370/119/51
f 371/120/52 373/10/52 374/122/52 372/121/52
f 373/10/53 375/123/53 376/124/53 374/122/53
f 375/123/54 377/12/54 378/125/54 376/124/54
f 377/12/55 379/62/55 380/126/55 378/125/55
f 379/62/56 381/14/56 382/127/56 380/126/56
f 381/14/57 383/128/57 384/129/57 382/127/57
f 383/128/58 385/16/58 386/130/58 384/129/58
f 385/16/59 387/131/59 388/132/59 386/130/59
f 387/131/60 389/133/60 390/134/60 388/132/60
f 389/133/61 391/135/61 392/136/61 390/134/61
f 391/135/62 393/137/62 394/138/62 392/136/62
f 393/137/63 395/139/63 396/140/63 394/138/63
f 395/139/64 397/141/64 398/142/64 396/140/64
f 397/141/65 399/143/65 400/144/65 398/142/65
f 399/143/66 401/145/66 402/146/66 400/144/66
f 401/145/67 403/147/67 404/148/67 402/146/67
f 403/147/68 405/149/68 406/150/68 404/148/68
f 405/149/69 407/151/69 408/152/69 406/150/69
f 407/151/70 409/153/70 410/154/70 408/152/70
f 409/153/71 411/155/71 412/156/71 410/154/71
f 411/155/72 413/157/72 414/158/72 412/156/72
f 413/157/73 415/159/73 416/160/73 414/158/73
f 415/159/74 417/161/74 418/162/74 416/160/74
f 417/161/75 419/163/75 420/164/75 418/162/75
f 419/163/76 421/165/76 422/166/76 420/164/76
f 421/165/77 423/167/77 424/168/77 422/166/77
f 423/167/78 425/169/78 426/170/78 424/168/78
f 425/169/79 427/171/79 428/172/79 426/170/79
f 427/171/80 429/173/80 430/174/80 428/172/80
f 429/173/81 431/175/81 432/176/81 430/174/81
f 431/175/82 433/177/82 434/178/82 432/176/82
f 433/177/83 435/179/83 436/180/83 434/178/83
f 435/179/84 437/181/84 438/182/84 436/180/84
f 437/181/85 439/183/85 440/184/85 438/182/85
f 439/183/86 441/85/86 442/185/86 440/184/86
f 441/85/87 443/186/87 444/187/87 442/185/87
f 443/186/88 445/188/88 446/189/88 444/187/88
f 445/188/89 447/190/89 448/191/89 446/189/89
f 447/190/90 449/192/90 450/193/90 448/191/90
f 449/192/91 451/194/91 452/195/91 450/193/91
f 451/194/92 453/196/92 454/197/92 452/195/92
f 453/196/93 455/198/93 456/199/93 454/197/93
f 455/198/94 457/200/94 458/201/94 456/199/94
f 457/200/95 459/202/95 460/203/95 458/201/95
f 459/202/96 461/204/96 462/205/96 460/203/96
f 461/204/97 463/206/97 464/207/97 462/205/97
f 463/206/98 465/208/98 466/209/98 464/207/98
f 465/208/99 467/210/99 468/211/99 466/209/99
f 467/210/100 469/212/100 470/213/100 468/211/100
f 469/212/101 471/214/101 472/215/101 470/213/101
f 471/214/102 473/2/102 474/216/102 472/215/102
f 473/2/103 475/217/103 476/218/103 474/216/103
f 475/217/104 477/219/104 478/220/104 476/218/104
f 477/219/105 479/221/105 480/222/105 478/220/105
f 479/221/106 481/223/106 482/224/106 480/222/106
f 481/223/107 483/225/107 484/226/107 482/224/107
f 483/225/108 485/227/108 486/228/108 484/226/108
f 485/227/109 487/229/109 488/230/109 486/228/109
f 487/229/110 489/231/110 490/232/110 488/230/110
f 489/231/111 491/233/111 492/234/111 490/232/111
f 491/233/112 493/235/112 494/236/112 492/234/112
f 493/235/113 495/237/113 496/238/113 494/236/113
f 495/237/114 497/239/114 498/240/114 496/238/114
f 497/239/115 499/241/115 500/242/115 498/240/115
f 499/241/116 501/243/116 502/244/116 500/242/116
f 501/243/117 503/245/117 504/246/117 502/244/117
f 503/245/118 505/247/118 506/248/118 504/246/118
f 505/247/119 507/249/119 508/250/119 506/248/119
f 507/249/120 509/251/120 510/252/120 508/250/120
f 509/251/121 511/253/121 512/254/121 510/252/121
f 511/253/122 513/255/122 514/256/122 512/254/122
f 513/255/123 515/257/123 516/258/123 514/256/123
f 515/257/124 517/259/124 518/260/124 516/258/124
f 517/259/125 519/261/125 520/262/125 518/260/125
f 519/261/126 361/263/126 364/264/126 520/262/126
f 521/1/1 522/137/1 523/329/1 524/330/1
f 525/330/2 526/329/2 527/137/2 528/1/2
f 524/137/3 523/1/3 526/330/3 525/329/3
f 522/137/4 521/1/4 528/330/4 527/329/4
f 521/137/5 524/1/5 525/330/5 528/329/5
f 523/137/6 522/1/6 527/330/6 526/329/6
f 529/1/1 530/137/1 531/329/1 532/330/1
f 533/330/2 534/329/2 535/137/2 536/1/2
f 532/137/5 531/1/5 534/330/5 533/329/5
f 530/137/6 529/1/6 536/330/6 535/329/6
f 529/137/4 532/1/4 533/330/4 536/329/4
f 531/137/3 530/1/3 535/330/3 534/329/3
f 537/1/1 538/137/1 539/329/1 540/330/1
f 541/330/2 542/329/2 543/137/2 544/1/2
f 540/137/4 539/1/4 542/330/4 541/329/4
f 538/137/3 537/1/3 544/330/3 543/329/3
f 537/137/6 540/1/6 541/330/6 544/329/6
f 539/137/5 538/1/5 543/330/5 542/329/5
f 545/1/1 546/137/1 547/329/1 548/330/1
f 549/330/2 550/329/2 551/137/2 552/1/2
f 548/137/6 547/1/6 550/330/6 549/329/6
f 546/137/5 545/1/5 552/330/5 551/329/5
f 545/137/3 548/1/3 549/330/3 552/329/3
f 547/137/4 546/1/4 551/330/4 550/329/4
o pedestal
usemtl plate
f 1/1/1 2/2/1 3/3/1 4/4/1
f 5/4/2 6/3/2 7/2/2 8/1/2
f 4/2/3 3/1/3 6/4/3 5/3/3
f 2/2/4 1/1/4 8/4/4 7/3/4
f 1/2/5 4/1/5 5/4/5 8/3/5
f 3/2/6 2/1/6 7/4/6 6/3/6
f 9/1/7 10/5/7 11/6/7 12/7/7
f 10/5/4 13/8/4 14/9/4 11/6/4
f 13/8/8 15/10/8 16/11/8 14/9/8
f 15/10/9 17/12/9 18/13/9 16/11/9
f 17/12/3 19/14/3 20/15/3 18/13/3
f 19/14/10 9/16/10 12/17/10 20/15/10
f 21/1/11 22/18/11 23/19/11 24/7/11
f 22/18/12 25/20/12 26/21/12 23/19/12
f 25/20/13 27/22/13 28/23/13 26/21/13
f 27/22/14 29/24/14 30/25/14 28/23/14
f 29/24/15 31/26/15 32/27/15 30/25/15
f 31/26/16 33/28/16 34/29/16 32/27/16
f 33/28/17 35/30/17 36/31/17 34/29/17
f 35/30/18 37/32/18 38/33/18 36/31/18
f 37/32/19 39/34/19 40/35/19 38/33/19
f 39/34/20 41/36/20 42/37/20 40/35/20
f 41/36/21 43/38/21 44/39/21 42/37/21
f 43/38/22 45/40/22 46/41/22 44/39/22
f 45/40/23 47/42/23 48/43/23 46/41/23
f 47/42/24 49/44/24 50/45/24 48/43/24
f 49/44/25 51/46/25 52/47/25 50/45/25
f 51/46/26 53/10/26 54/11/26 52/47/26
f 53/10/27 55/48/27 56/49/27 54/11/27
f 55/48/28 57/50/28 58/51/28 56/49/28
f 57/50/29 59/52/29 60/53/29 58/51/29
f 59/52/30 61/54/30 62/55/30 60/53/30
f 61/54/31 63/56/31 64/57/31 62/55/31
f 63/56/32 65/58/32 66/59/32 64/57/32
f 65/58/33 67/60/33 68/61/33 66/59/33
f 67/60/34 69/62/34 70/63/34 68/61/34
f 69/62/35 71/64/35 72/65/35 70/63/35
f 71/64/36 73/66/36 74/67/36 72/65/36
f 73/66/37 75/68/37 76/69/37 74/67/37
f 75/68/38 77/70/38 78/71/38 76/69/38
f 77/70/39 79/72/39 80/73/39 78/71/39
f 79/72/40 81/74/40 82/75/40 80/73/40
f 81/74/41 83/76/41 84/77/41 82/75/41
f 83/76/42 21/16/42 24/17/42 84/77/42
f 83/78/1 81/79/1 79/80/1 77/81/1
f 83/78/1 77/81/1 75/82/1 73/83/1
f 83/78/1 73/83/1 71/84/1 69/85/1
f 83/78/1 69/85/1 67/86/1 65/87/1
f 83/78/1 65/87/1 63/88/1 61/89/1
f 83/78/1 61/89/1 59/90/1 57/91/1
f 83/78/1 57/91/1 55/92/1 53/93/1
f 83/78/1 53/93/1 51/94/1 49/95/1
f 83/78/1 49/95/1 47/96/1 45/97/1
f 83/78/1 45/97/1 43/98/1 41/99/1
f 83/78/1 41/99/1 39/100/1 37/101/1
f 83/78/1 37/101/1 35/102/1 33/103/1
f 83/78/1 33/103/1 31/104/1 29/105/1
f 83/78/1 29/105/1 27/106/1 25/107/1
f 83/78/1 25/107/1 22/108/1 21/109/1
f 24/109/2 23/108/2 26/107/2 28/106/2
f 24/109/2 28/106/2 30/105/2 32/104/2
f 24/109/2 32/104/2 34/103/2 36/102/2
f 24/109/2 36/102/2 38/101/2 40/100/2
f 24/109/2 40/100/2 42/99/2 44/98/2
f 24/109/2 44/98/2 46/97/2 48/96/2
f 24/109/2 48/96/2 50/95/2 52/94/2
f 24/109/2 52/94/2 54/93/2 56/92/2
f 24/109/2 56/92/2 58/91/2 60/90/2
f 24/109/2 60/90/2 62/89/2 64/88/2
f 24/109/2 64/88/2 66/87/2 68/86/2
f 24/109/2 68/86/2 70/85/2 72/84/2
f 24/109/2 72/84/2 74/83/2 76/82/2
f 24/109/2 76/82/2 78/81/2 80/80/2
f 24/109/2 80/80/2 82/79/2 84/78/2
f 85/1/43 86/5/43 87/6/43 88/7/43
f 86/5/44 89/8/44 90/9/44 87/6/44
f 89/8/5 91/10/5 92/11/5 90/9/5
f 91/10/45 93/12/45 94/13/45 92/11/45
f 93/12/46 95/14/46 96/15/46 94/13/46
f 95/14/6 85/16/6 88/17/6 96/15/6
f 95/110/1 93/85/1 91/111/1 89/112/1
f 95/110/1 89/112/1 86/101/1 85/113/1
f 88/113/2 87/101/2 90/112/2 92/111/2
f 88/113/2 92/111/2 94/85/2 96/110/2
f 97/1/7 98/5/7 99/6/7 100/7/7
f 98/5/4 101/8/4 102/9/4 99/6/4
f 101/8/8 103/10/8 104/11/8 102/9/8
f 103/10/9 105/12/9 106/13/9 104/11/9
f 105/12/3 107/14/3 108/15/3 106/13/3
f 107/14/10 97/16/10 100/17/10 108/15/10
f 109/1/11 110/18/11 111/19/11 112/7/11
f 110/18/12 113/20/12 114/21/12 111/19/12
f 113/20/13 115/22/13 116/23/13 114/21/13
f 115/22/14 117/24/14 118/25/14 116/23/14
f 117/24/15 119/26/15 120/27/15 118/25/15
f 119/26/16 121/28/16 122/29/16 120/27/16
f 121/28/17 123/30/17 124/31/17 122/29/17
f 123/30/18 125/32/18 126/33/18 124/31/18
f 125/32/19 127/34/19 128/35/19 126/33/19
f 127/34/20 129/36/20 130/37/20 128/35/20
f 129/36/21 131/38/21 132/39/21 130/37/21
f 131/38/22 133/40/22 134/41/22 132/39/22
f 133/40/23 135/42/23 136/43/23 134/41/23
f 135/42/24 137/44/24 138/45/24 136/43/24
f 137/44/25 139/46/25 140/47/25 138/45/25
f 139/46/26 141/10/26 142/11/26 140/47/26
f 141/10/27 143/48/27 144/49/27 142/11/27
f 143/48/28 145/50/28 146/51/28 144/49/28
f 145/50/29 147/52/29 148/53/29 146/51/29
f 147/52/30 149/54/30 150/55/30 148/53/30
f 149/54/31 151/56/31 152/57/31 150/55/31
f 151/56/32 153/58/32 154/59/32 152/57/32
f 153/58/33 155/60/33 156/61/33 154/59/33
f 155/60/34 157/62/34 158/63/34 156/61/34
f 157/62/35 159/64/35 160/65/35 158/63/35
f 159/64/36 161/66/36 162/67/36 160/65/36
f 161/66/37 163/68/37 164/69/37 162/67/37
f 163/68/38 165/70/38 166/71/38 164/69/38
f 165/70/39 167/72/39 168/73/39 166/71/39
f 167/72/40 169/74/40 170/75/40 168/73/40
f 169/74/41 171/76/41 172/77/41 170/75/41
f 171/76/42 109/16/42 112/17/42 172/77/42
f 171/78/1 169/79/1 167/80/1 165/81/1
f 171/78/1 165/81/1 163/82/1 161/83/1
f 171/78/1 161/83/1 159/84/1 157/85/1
f 171/78/1 157/85/1 155/86/1 153/87/1
f 171/78/1 153/87/1 151/88/1 149/89/1
f 171/78/1 149/89/1 147/90/1 145/91/1
f 171/78/1 145/91/1 143/92/1 141/93/1
f 171/78/1 141/93/1 139/94/1 137/95/1
f 171/78/1 137/95/1 135/96/1 133/97/1
f 171/78/1 133/97/1 131/98/1 129/99/1
f 171/78/1 129/99/1 127/100/1 125/101/1
f 171/78/1 125/101/1 123/102/1 121/103/1
f 171/78/1 121/103/1 119/104/1 117/105/1
f 171/78/1 117/105/1 115/106/1 113/107/1
f 171/78/1 113/107/1 110/108/1 109/109/1
f 112/109/2 111/108/2 114/107/2 116/106/2
f 112/109/2 116/106/2 118/105/2 120/104/2
f 112/109/2 120/104/2 122/103/2 124/102/2
f 112/109/2 124/102/2 126/101/2 128/100/2
f 112/109/2 128/100/2 130/99/2 132/98/2
f 112/109/2 132/98/2 134/97/2 136/96/2
f 112/109/2 136/96/2 138/95/2 140/94/2
f 112/109/2 140/94/2 142/93/2 144/92/2
f 112/109/2 144/92/2 146/91/2 148/90/2
f 112/109/2 148/90/2 150/89/2 152/88/2
f 112/109/2 152/88/2 154/87/2 156/86/2
f 112/109/2 156/86/2 158/85/2 160/84/2
f 112/109/2 160/84/2 162/83/2 164/82/2
f 112/109/2 164/82/2 166/81/2 168/80/2
f 112/109/2 168/80/2 170/79/2 172/78/2
f 173/1/43 174/5/43 175/6/43 176/7/43
f 174/5/44 177/8/44 178/9/44 175/6/44
f 177/8/5 179/10/5 180/11/5 178/9/5
f 179/10/45 181/12/45 182/13/45 180/11/45
f 181/12/46 183/14/46 184/15/46 182/13/46
f 183/14/6 173/16/6 176/17/6 184/15/6
f 183/110/1 181/85/1 179/111/1 177/112/1
f 183/110/1 177/112/1 174/101/1 173/113/1
f 176/113/2 175/101/2 178/112/2 180/111/2
f 176/113/2 180/111/2 182/85/2 184/110/2
f 185/1/7 186/5/7 187/6/7 188/7/7
f 186/5/4 189/8/4 190/9/4 187/6/4
f 189/8/8 191/10/8 192/11/8 190/9/8
f 191/10/9 193/12/9 194/13/9 192/11/9
f 193/12/3 195/14/3 196/15/3 194/13/3
f 195/14/10 185/16/10 188/17/10 196/15/10
f 197/1/11 198/18/11 199/19/11 200/7/11
f 198/18/12 201/20/12 202/21/12 199/19/12
f 201/20/13 203/22/13 204/23/13 202/21/13
f 203/22/14 205/24/14 206/25/14 204/23/14
f 205/24/15 207/26/15 208/27/15 206/25/15
f 207/26/16 209/28/16 210/29/16 208/27/16
f 209/28/17 211/30/17 212/31/17 210/29/17
f 211/30/18 213/32/18 214/33/18 212/31/18
f 213/32/19 215/34/19 216/35/19 214/33/19
f 215/34/20 217/36/20 218/37/20 216/35/20
f 217/36/21 219/38/21 220/39/21 218/37/21
f 219/38/22 221/40/22 222/41/22 220/39/22
f 221/40/23 223/42/23 224/43/23 222/41/23
f 223/42/24 225/44/24 226/45/24 224/43/24
f 225/44/25 227/46/25 228/47/25 226/45/25
f 227/46/26 229/10/26 230/11/26 228/47/26
f 229/10/27 231/48/27 232/49/27 230/11/27
f 231/48/28 233/50/28 234/51/28 232/49/28
f 233/50/29 235/52/29 236/53/29 234/51/29
f 235/52/30 237/54/30 238/55/30 236/53/30
f 237/54/31 239/56/31 240/57/31 238/55/31
f 239/56/32 241/58/32 242/59/32 240/57/32
f 241/58/33 243/60/33 244/61/33 242/59/33
f 243/60/34 245/62/34 246/63/34 244/61/34
f 245/62/35 247/64/35 248/65/35 246/63/35
f 247/64/36 249/66/36 250/67/36 248/65/36
f 249/66/37 251/68/37 252/69/37 250/67/37
f 251/68/38 253/70/38 254/71/38 252/69/38
f 253/70/39 255/72/39 256/73/39 254/71/39
f 255/72/40 257/74/40 258/75/40 256/73/40
f 257/74/41 259/76/41 260/77/41 258/75/41
f 259/76/42 197/16/42 200/17/42 260/77/42
f 259/78/1 257/79/1 255/80/1 253/81/1
f 259/78/1 253/81/1 251/82/1 249/83/1
f 259/78/1 249/83/1 247/84/1 245/85/1
f 259/78/1 245/85/1 243/86/1 241/87/1
f 259/78/1 241/87/1 239/88/1 237/89/1
f 259/78/1 237/89/1 235/90/1 233/91/1
f 259/78/1 233/91/1 231/92/1 229/93/1
f 259/78/1 229/93/1 227/94/1 225/95/1
f 259/78/1 225/95/1 223/96/1 221/97/1
f 259/78/1 221/97/1 219/98/1 217/99/1
f 259/78/1 217/99/1 215/100/1 213/101/1
f 259/78/1 213/101/1 211/102/1 209/103/1
f 259/78/1 209/103/1 207/104/1 205/105/1
f 259/78/1 205/105/1 203/106/1 201/107/1
f 259/78/1 201/107/1 198/108/1 197/109/1
f 200/109/2 199/108/2 202/107/2 204/106/2
f 200/109/2 204/106/2 206/105/2 208/104/2
f 200/109/2 208/104/2 210/103/2 212/102/2
f 200/109/2 212/102/2 214/101/2 216/100/2
f 200/109/2 216/100/2 218/99/2 220/98/2
f 200/109/2 220/98/2 222/97/2 224/96/2
f 200/109/2 224/96/2 226/95/2 228/94/2
f 200/109/2 228/94/2 230/93/2 232/92/2
f 200/109/2 232/92/2 234/91/2 236/90/2
f 200/109/2 236/90/2 238/89/2 240/88/2
f 200/109/2 240/88/2 242/87/2 244/86/2
f 200/109/2 244/86/2 246/85/2 248/84/2
f 200/109/2 248/84/2 250/83/2 252/82/2
f 200/109/2 252/82/2 254/81/2 256/80/2
f 200/109/2 256/80/2 258/79/2 260/78/2
f 261/1/43 262/5/43 263/6/43 264/7/43
f 262/5/44 265/8/44 266/9/44 263/6/44
f 265/8/5 267/10/5 268/11/5 266/9/5
f 267/10/45 269/12/45 270/13/45 268/11/45
f 269/12/46 271/14/46 272/15/46 270/13/46
f 271/14/6 261/16/6 264/17/6 272/15/6
f 271/110/1 269/85/1 267/111/1 265/112/1
f 271/110/1 265/112/1 262/101/1 261/113/1
f 264/113/2 263/101/2 266/112/2 268/111/2
f 264/113/2 268/111/2 270/85/2 272/110/2
f 273/1/7 274/5/7 275/6/7 276/7/7
f 274/5/4 277/8/4 278/9/4 275/6/4
f 277/8/8 279/10/8 280/11/8 278/9/8
f 279/10/9 281/12/9 282/13/9 280/11/9
f 281/12/3 283/14/3 284/15/3 282/13/3
f 283/14/10 273/16/10 276/17/10 284/15/10
f 285/1/11 286/18/11 287/19/11 288/7/11
f 286/18/12 289/20/12 290/21/12 287/19/12
f 289/20/13 291/22/13 292/23/13 290/21/13
f 291/22/14 293/24/14 294/25/14 292/23/14
f 293/24/15 295/26/15 296/27/15 294/25/15
f 295/26/16 297/28/16 298/29/16 296/27/16
f 297/28/17 299/30/17 300/31/17 298/29/17
f 299/30/18 301/32/18 302/33/18 300/31/18
f 301/32/19 303/34/19 304/35/19 302/33/19
f 303/34/20 305/36/20 306/37/20 304/35/20
f 305/36/21 307/38/21 308/39/21 306/37/21
f 307/38/22 309/40/22 310/41/22 308/39/22
f 309/40/23 311/42/23 312/43/23 310/41/23
f 311/42/24 313/44/24 314/45/24 312/43/24
f 313/44/25 315/46/25 316/47/25 314/45/25
f 315/46/26 317/10/26 318/11/26 316/47/26
f 317/10/27 319/48/27 320/49/27 318/11/27
f 319/48/28 321/50/28 322/51/28 320/49/28
f 321/50/29 323/52/29 324/53/29 322/51/29
f 323/52/30 325/54/30 326/55/30 324/53/30
f 325/54/31 327/56/31 328/57/31 326/55/31
f 327/56/32 329/58/32 330/59/32 328/57/32
f 329/58/33 331/60/33 332/61/33 330/59/33
f 331/60/34 333/62/34 334/63/34 332/61/34
f 333/62/35 335/64/35 336/65/35 334/63/35
f 335/64/36 337/66/36 338/67/36 336/65/36
f 337/66/37 339/68/37 340/69/37 338/67/37
f 339/68/38 341/70/38 342/71/38 340/69/38
f 341/70/39 343/72/39 344/73/39 342/71/39
f 343/72/40 345/74/40 346/75/40 344/73/40
f 345/74/41 347/76/41 348/77/41 346/75/41
f 347/76/42 285/16/42 288/17/42 348/77/42
f 347/78/1 345/79/1 343/80/1 341/81/1
f 347/78/1 341/81/1 339/82/1 337/83/1
f 347/78/1 337/83/1 335/84/1 333/85/1
f 347/78/1 333/85/1 331/86/1 329/87/1
f 347/78/1 329/87/1 327/88/1 325/89/1
f 347/78/1 325/89/1 323/90/1 321/91/1
f 347/78/1 321/91/1 319/92/1 317/93/1
f 347/78/1 317/93/1 315/94/1 313/95/1
f 347/78/1 313/95/1 311/96/1 309/97/1
f 347/78/1 309/97/1 307/98/1 305/99/1
f 347/78/1 305/99/1 303/100/1 301/101/1
f 347/78/1 301/101/1 299/102/1 297/103/1
f 347/78/1 297/103/1 295/104/1 293/105/1
f 347/78/1 293/105/1 291/106/1 289/107/1
f 347/78/1 289/107/1 286/108/1 285/109/1
f 288/109/2 287/108/2 290/107/2 292/106/2
f 288/109/2 292/106/2 294/105/2 296/104/2
f 288/109/2 296/104/2 298/103/2 300/102/2
f 288/109/2 300/102/2 302/101/2 304/100/2
f 288/109/2 304/100/2 306/99/2 308/98/2
f 288/109/2 308/98/2 310/97/2 312/96/2
f 288/109/2 312/96/2 314/95/2 316/94/2
f 288/109/2 316/94/2 318/93/2 320/92/2
f 288/109/2 320/92/2 322/91/2 324/90/2
f 288/109/2 324/90/2 326/89/2 328/88/2
f 288/109/2 328/88/2 330/87/2 332/86/2
f 288/109/2 332/86/2 334/85/2 336/84/2
f 288/109/2 336/84/2 338/83/2 340/82/2
f 288/109/2 340/82/2 342/81/2 344/80/2
f 288/109/2 344/80/2 346/79/2 348/78/2
f 349/1/43 350/5/43 351/6/43 352/7/43
f 350/5/44 353/8/44 354/9/44 351/6/44
f 353/8/5 355/10/5 356/11/5 354/9/5
f 355/10/45 357/12/45 358/13/45 356/11/45
f 357/12/46 359/14/46 360/15/46 358/13/46
f 359/14/6 349/16/6 352/17/6 360/15/6
f 359/110/1 357/85/1 355/111/1 353/112/1
f 359/110/1 353/112/1 350/101/1 349/113/1
f 352/113/2 351/101/2 354/112/2 356/111/2
f 352/113/2 356/111/2 358/85/2 360/110/2
o pedestal
usemtl steel_end
f 364/109/2 363/265/2 366/266/2 368/267/2
f 364/109/2 368/267/2 370/268/2 372/107/2
f 364/109/2 372/107/2 374/269/2 376/270/2
f 364/109/2 376/270/2 378/271/2 380/272/2
f 364/109/2 380/272/2 382/105/2 384/273/2
f 364/109/2 384/273/2 386/274/2 388/275/2
f 364/109/2 388/275/2 390/276/2 392/103/2
f 364/109/2 392/103/2 394/277/2 396/278/2
f 364/109/2 396/278/2 398/279/2 400/280/2
f 364/109/2 400/280/2 402/101/2 404/281/2
f 364/109/2 404/281/2 406/282/2 408/283/2
f 364/109/2 408/283/2 410/284/2 412/99/2
f 364/109/2 412/99/2 414/285/2 416/286/2
f 364/109/2 416/286/2 418/287/2 420/288/2
f 364/109/2 420/288/2 422/97/2 424/289/2
f 364/109/2 424/289/2 426/290/2 428/291/2
f 364/109/2 428/291/2 430/292/2 432/95/2
f 364/109/2 432/95/2 434/293/2 436/294/2
f 364/109/2 436/294/2 438/295/2 440/296/2
f 364/109/2 440/296/2 442/93/2 444/297/2
f 364/109/2 444/297/2 446/298/2 448/299/2
f 364/109/2 448/299/2 450/300/2 452/91/2
f 364/109/2 452/91/2 454/301/2 456/302/2
f 364/109/2 456/302/2 458/303/2 460/304/2
f 364/109/2 460/304/2 462/89/2 464/305/2
f 364/109/2 464/305/2 466/306/2 468/307/2
f 364/109/2 468/307/2 470/308/2 472/87/2
f 364/109/2 472/87/2 474/309/2 476/310/2
f 364/109/2 476/310/2 478/311/2 480/312/2
f 364/109/2 480/312/2 482/85/2 484/313/2
f 364/109/2 484/313/2 486/314/2 488/315/2
f 364/109/2 488/315/2 490/316/2 492/83/2
f 364/109/2 492/83/2 494/317/2 496/318/2
f 364/109/2 496/318/2 498/319/2 500/320/2
f 364/109/2 500/320/2 502/81/2 504/321/2
f 364/109/2 504/321/2 506/322/2 508/323/2
f 364/109/2 508/323/2 510/324/2 512/79/2
f 364/109/2 512/79/2 514/325/2 516/326/2
f 364/109/2 516/326/2 518/327/2 520/328/2
o pivot_azimuth
usemtl steel
f 553/1/1 553/263/1 553/331/1 553/332/1
f 553/332/2 553/331/2 553/263/2 553/1/2
f 553/263/3 553/1/3 553/332/3 553/331/3
f 553/263/4 553/1/4 553/332/4 553/331/4
f 553/263/5 553/1/5 553/332/5 553/331/5
f 553/263/6 553/1/6 553/332/6 553/331/6
o pivot_elevation
usemtl steel
f 554/1/1 554/263/1 554/331/1 554/332/1
f 554/332/2 554/331/2 554/263/2 554/1/2
f 554/263/3 554/1/3 554/332/3 554/331/3
f 554/263/4 554/1/4 554/332/4 554/331/4
f 554/263/5 554/1/5 554/332/5 554/331/5
f 554/263/6 554/1/6 554/332/6 554/331/6
o rotate_azimuth
usemtl cabinet
f 555/1/127 556/114/127 557/333/127 558/332/127
f 556/114/128 559/5/128 560/334/128 557/333/128
f 559/5/129 561/32/129 562/335/129 560/334/129
f 561/32/130 563/8/130 564/336/130 562/335/130
f 563/8/131 565/120/131 566/337/131 564/336/131
f 565/120/132 567/10/132 568/338/132 566/337/132
f 567/10/133 569/123/133 570/339/133 568/338/133
f 569/123/134 571/12/134 572/340/134 570/339/134
f 571/12/135 573/62/135 574/341/135 572/340/135
f 573/62/136 575/14/136 576/342/136 574/341/136
f 575/14/137 577/128/137 578/343/137 576/342/137
f 577/128/138 579/16/138 580/344/138 578/343/138
f 579/16/139 581/131/139 582/345/139 580/344/139
f 581/131/140 583/133/140 584/346/140 582/345/140
f 583/133/141 585/135/141 586/347/141 584/346/141
f 585/135/142 587/137/142 588/348/142 586/347/142
f 587/137/143 589/139/143 590/349/143 588/348/143
f 589/139/144 591/141/144 592/350/144 590/349/144
f 591/141/145 593/143/145 594/351/145 592/350/145
f 593/143/146 595/145/146 596/352/146 594/351/146
f 595/145/147 597/147/147 598/353/147 596/352/147
f 597/147/148 599/149/148 600/354/148 598/353/148
f 599/149/149 601/151/149 602/355/149 600/354/149
f 601/151/150 603/153/150 604/356/150 602/355/150
f 603/153/151 605/155/151 606/357/151 604/356/151
f 605/155/152 607/157/152 608/358/152 606/357/152
f 607/157/153 609/159/153 610/359/153 608/358/153
f 609/159/154 611/161/154 612/360/154 610/359/154
f 611/161/155 613/163/155 614/361/155 612/360/155
f 613/163/156 615/165/156 616/362/156 614/361/156
f 615/165/157 617/167/157 618/363/157 616/362/157
f 617/167/158 619/169/158 620/364/158 618/363/158
f 619/169/159 621/171/159 622/365/159 620/364/159
f 621/171/160 623/173/160 624/366/160 622/365/160
f 623/173/161 625/175/161 626/367/161 624/366/161
f 625/175/162 627/177/162 628/368/162 626/367/162
f 627/177/163 629/179/163 630/369/163 628/368/163
f 629/179/164 631/181/164 632/370/164 630/369/164
f 631/181/165 633/183/165 634/371/165 632/370/165
f 633/183/166 635/85/166 636/101/166 634/371/166
f 635/85/167 637/186/167 638/372/167 636/101/167
f 637/186/168 639/188/168 640/373/168 638/372/168
f 639/188/169 641/190/169 642/374/169 640/373/169
f 641/190/170 643/192/170 644/375/170 642/374/170
f 643/192/171 645/194/171 646/376/171 644/375/171
f 645/194/172 647/196/172 648/377/172 646/376/172
f 647/196/173 649/198/173 650/378/173 648/377/173
f 649/198/174 651/200/174 652/379/174 650/378/174
f 651/200/175 653/202/175 654/380/175 652/379/175
f 653/202/176 655/204/176 656/381/176 654/380/176
f 655/204/177 657/206/177 658/382/177 656/381/177
f 657/206/178 659/208/178 660/383/178 658/382/178
f 659/208/179 661/210/179 662/384/179 660/383/179
f 661/210/180 663/212/180 664/385/180 662/384/180
f 663/212/181 665/214/181 666/386/181 664/385/181
f 665/214/182 667/2/182 668/387/182 666/386/182
f 667/2/183 669/217/183 670/388/183 668/387/183
f 669/217/184 671/219/184 672/389/184 670/388/184
f 671/219/185 673/221/185 674/390/185 672/389/185
f 673/221/186 675/223/186 676/391/186 674/390/186
f 675/223/187 677/225/187 678/392/187 676/391/187
f 677/225/188 679/227/188 680/393/188 678/392/188
f 679/227/189 681/229/189 682/394/189 680/393/189
f 681/229/190 683/231/190 684/395/190 682/394/190
f 683/231/191 685/233/191 686/396/191 684/395/191
f 685/233/192 687/235/192 688/397/192 686/396/192
f 687/235/193 689/237/193 690/398/193 688/397/193
f 689/237/194 691/239/194 692/399/194 690/398/194
f 691/239/195 693/241/195 694/400/195 692/399/195
f 693/241/196 695/243/196 696/401/196 694/400/196
f 695/243/197 697/245/197 698/402/197 696/401/197
f 697/245/198 699/247/198 700/403/198 698/402/198
f 699/247/199 701/249/199 702/404/199 700/403/199
f 701/249/200 703/251/200 704/405/200 702/404/200
f 703/251/201 705/253/201 706/406/201 704/405/201
f 705/253/202 707/255/202 708/407/202 706/406/202
f 707/255/203 709/257/203 710/408/203 708/407/203
f 709/257/204 711/259/204 712/409/204 710/408/204
f 711/259/205 713/261/205 714/410/205 712/409/205
f 713/261/206 555/263/206 558/331/206 714/410/206
f 875/1/1 876/137/1 877/329/1 878/330/1
f 879/330/2 880/329/2 881/137/2 882/1/2
f 878/137/3 877/1/3 880/330/3 879/329/3
f 876/137/4 875/1/4 882/330/4 881/329/4
f 875/137/5 878/1/5 879/330/5 882/329/5
f 877/137/6 876/1/6 881/330/6 880/329/6
f 883/1/1 884/85/1 885/560/1 886/93/1
f 886/85/3 885/1/3 888/93/3 887/560/3
f 884/85/4 883/1/4 890/93/4 889/560/4
f 883/85/5 886/1/5 887/93/5 890/560/5
f 885/85/6 884/1/6 889/93/6 888/560/6
f 891/1/1 892/169/1 893/561/1 894/562/1
f 894/169/3 893/1/3 896/562/3 895/561/3
f 892/169/4 891/1/4 898/562/4 897/561/4
f 891/169/5 894/1/5 895/562/5 898/561/5
f 893/169/6 892/1/6 897/562/6 896/561/6
o rotate_azimuth
usemtl cabinet_top
f 558/109/2 557/265/2 560/266/2 562/267/2
f 558/109/2 562/267/2 564/268/2 566/107/2
f 558/109/2 566/107/2 568/269/2 570/270/2
f 558/109/2 570/270/2 572/271/2 574/272/2
f 558/109/2 574/272/2 576/105/2 578/273/2
f 558/109/2 578/273/2 580/274/2 582/275/2
f 558/109/2 582/275/2 584/276/2 586/103/2
f 558/109/2 586/103/2 588/277/2 590/278/2
f 558/109/2 590/278/2 592/279/2 594/280/2
f 558/109/2 594/280/2 596/101/2 598/281/2
f 558/109/2 598/281/2 600/282/2 602/283/2
f 558/109/2 602/283/2 604/284/2 606/99/2
f 558/109/2 606/99/2 608/285/2 610/286/2
f 558/109/2 610/286/2 612/287/2 614/288/2
f 558/109/2 614/288/2 616/97/2 618/289/2
f 558/109/2 618/289/2 620/290/2 622/291/2
f 558/109/2 622/291/2 624/292/2 626/95/2
f 558/109/2 626/95/2 628/293/2 630/294/2
f 558/109/2 630/294/2 632/295/2 634/296/2
f 558/109/2 634/296/2 636/93/2 638/297/2
f 558/109/2 638/297/2 640/298/2 642/299/2
f 558/109/2 642/299/2 644/300/2 646/91/2
f 558/109/2 646/91/2 648/301/2 650/302/2
f 558/109/2 650/302/2 652/303/2 654/304/2
f 558/109/2 654/304/2 656/89/2 658/305/2
f 558/109/2 658/305/2 660/306/2 662/307/2
f 558/109/2 662/307/2 664/308/2 666/87/2
f 558/109/2 666/87/2 668/309/2 670/310/2
f 558/109/2 670/310/2 672/311/2 674/312/2
f 558/109/2 674/312/2 676/85/2 678/313/2
f 558/109/2 678/313/2 680/314/2 682/315/2
f 558/109/2 682/315/2 684/316/2 686/83/2
f 558/109/2 686/83/2 688/317/2 690/318/2
f 558/109/2 690/318/2 692/319/2 694/320/2
f 558/109/2 694/320/2 696/81/2 698/321/2
f 558/109/2 698/321/2 700/322/2 702/323/2
f 558/109/2 702/323/2 704/324/2 706/79/2
f 558/109/2 706/79/2 708/325/2 710/326/2
f 558/109/2 710/326/2 712/327/2 714/328/2
f 887/93/2 888/560/2 889/85/2 890/1/2
f 895/562/2 896/561/2 897/169/2 898/1/2
o rotate_azimuth
usemtl steel
f 715/1/127 716/411/127 717/412/127 718/413/127
f 716/411/128 719/414/128 720/415/128 717/412/128
f 719/414/129 721/416/129 722/417/129 720/415/129
f 721/416/130 723/418/130 724/419/130 722/417/130
f 723/418/131 725/24/131 726/420/131 724/419/131
f 725/24/132 727/421/132 728/422/132 726/420/132
f 727/421/133 729/423/133 730/424/133 728/422/133
f 729/423/134 731/425/134 732/426/134 730/424/134
f 731/425/135 733/427/135 734/428/135 732/426/135
f 733/427/136 735/32/136 736/429/136 734/428/136
f 735/32/137 737/430/137 738/431/137 736/429/137
f 737/430/138 739/432/138 740/433/138 738/431/138
f 739/432/139 741/434/139 742/435/139 740/433/139
f 741/434/140 743/436/140 744/437/140 742/435/140
f 743/436/141 745/40/141 746/438/141 744/437/141
f 745/40/142 747/439/142 748/440/142 746/438/142
f 747/439/143 749/441/143 750/442/143 748/440/143
f 749/441/144 751/443/144 752/444/144 750/442/144
f 751/443/145 753/445/145 754/446/145 752/444/145
f 753/445/146 755/10/146 756/447/146 754/446/146
f 755/10/147 757/448/147 758/449/147 756/447/147
f 757/448/148 759/450/148 760/451/148 758/449/148
f 759/450/149 761/452/149 762/453/149 760/451/149
f 761/452/150 763/454/150 764/455/150 762/453/150
f 763/454/151 765/54/151 766/456/151 764/455/151
f 765/54/152 767/457/152 768/458/152 766/456/152
f 767/457/153 769/459/153 770/460/153 768/458/153
f 769/459/154 771/461/154 772/462/154 770/460/154
f 771/461/155 773/463/155 774/464/155 772/462/155
f 773/463/156 775/62/156 776/465/156 774/464/156
f 775/62/157 777/466/157 778/467/157 776/465/157
f 777/466/158 779/468/158 780/469/158 778/467/158
f 779/468/159 781/470/159 782/471/159 780/469/159
f 781/470/160 783/472/160 784/473/160 782/471/160
f 783/472/161 785/70/161 786/474/161 784/473/161
f 785/70/162 787/475/162 788/476/162 786/474/162
f 787/475/163 789/477/163 790/478/163 788/476/163
f 789/477/164 791/479/164 792/480/164 790/478/164
f 791/479/165 793/481/165 794/482/165 792/480/165
f 793/481/166 795/16/166 796/483/166 794/482/166
f 795/16/167 797/484/167 798/485/167 796/483/167
f 797/484/168 799/486/168 800/487/168 798/485/168
f 799/486/169 801/488/169 802/489/169 800/487/169
f 801/488/170 803/490/170 804/491/170 802/489/170
f 803/490/171 805/492/171 806/493/171 804/491/171
f 805/492/172 807/494/172 808/495/172 806/493/172
f 807/494/173 809/496/173 810/497/173 808/495/173
f 809/496/174 811/498/174 812/499/174 810/497/174
f 811/498/175 813/500/175 814/501/175 812/499/175
f 813/500/176 815/135/176 816/502/176 814/501/176
f 815/135/177 817/503/177 818/504/177 816/502/177
f 817/503/178 819/505/178 820/506/178 818/504/178
f 819/505/179 821/507/179 822/508/179 820/506/179
f 821/507/180 823/509/180 824/510/180 822/508/180
f 823/509/181 825/511/181 826/512/181 824/510/181
f 825/511/182 827/513/182 828/514/182 826/512/182
f 827/513/183 829/515/183 830/516/183 828/514/183
f 829/515/184 831/517/184 832/518/184 830/516/184
f 831/517/185 833/519/185 834/520/185 832/518/185
f 833/519/186 835/141/186 836/521/186 834/520/186
f 835/141/187 837/522/187 838/523/187 836/521/187
f 837/522/188 839/524/188 840/525/188 838/523/188
f 839/524/189 841/526/189 842/527/189 840/525/189
f 841/526/190 843/528/190 844/529/190 842/527/190
f 843/528/191 845/530/191 846/531/191 844/529/191
f 845/530/192 847/532/192 848/533/192 846/531/192
f 847/532/193 849/534/193 850/535/193 848/533/193
f 849/534/194 851/536/194 852/537/194 850/535/194
f 851/536/195 853/538/195 854/539/195 852/537/195
f 853/538/196 855/147/196 856/540/196 854/539/196
f 855/147/197 857/541/197 858/542/197 856/540/197
f 857/541/198 859/543/198 860/544/198 858/542/198
f 859/543/199 861/545/199 862/546/199 860/544/199
f 861/545/200 863/547/200 864/548/200 862/546/200
f 863/547/201 865/549/201 866/550/201 864/548/201
f 865/549/202 867/551/202 868/552/202 866/550/202
f 867/551/203 869/553/203 870/554/203 868/552/203
f 869/553/204 871/555/204 872/556/204 870/554/204
f 871/555/205 873/557/205 874/558/205 872/556/205
f 873/557/206 715/153/206 718/559/206 874/558/206
o rotate_elevation
usemtl steel
f 899/1/207 900/563/207 901/564/207 902/565/207
f 900/563/208 903/566/208 904/567/208 901/564/208
f 903/566/209 905/418/209 906/568/209 904/567/209
f 905/418/210 907/569/210 908/570/210 906/568/210
f 907/569/211 909/5/211 910/571/211 908/570/211
f 909/5/212 911/425/212 912/572/212 910/571/212
f 911/425/213 913/573/213 914/574/213 912/572/213
f 913/573/214 915/575/214 916/576/214 914/574/214
f 915/575/215 917/432/215 918/577/215 916/576/215
f 917/432/216 919/8/216 920/578/216 918/577/216
f 919/8/217 921/579/217 922/580/217 920/578/217
f 921/579/218 923/439/218 924/581/218 922/580/218
f 923/439/219 925/582/219 926/583/219 924/581/219
f 925/582/220 927/584/220 928/585/220 926/583/220
f 927/584/221 929/10/221 930/586/221 928/585/221
f 929/10/222 931/587/222 932/588/222 930/586/222
f 931/587/223 933/589/223 934/590/223 932/588/223
f 933/589/224 935/454/224 936/591/224 934/590/224
f 935/454/225 937/592/225 938/593/225 936/591/225
f 937/592/226 939/12/226 940/594/226 938/593/226
f 939/12/227 941/461/227 942/595/227 940/594/227
f 941/461/228 943/596/228 944/597/228 942/595/228
f 943/596/229 945/598/229 946/599/229 944/597/229
f 945/598/230 947/468/230 948/600/230 946/599/230
f 947/468/231 949/14/231 950/601/231 948/600/231
f 949/14/232 951/602/232 952/603/232 950/601/232
f 951/602/233 953/475/233 954/604/233 952/603/233
f 953/475/234 955/605/234 956/606/234 954/604/234
f 955/605/235 957/607/235 958/608/235 956/606/235
f 957/607/236 959/16/236 960/609/236 958/608/236
f 959/16/237 961/610/237 962/611/237 960/609/237
f 961/610/238 963/612/238 964/613/238 962/611/238
f 963/612/239 965/490/239 966/614/239 964/613/239
f 965/490/240 967/615/240 968/616/240 966/614/240
f 967/615/241 969/133/241 970/617/241 968/616/241
f 969/133/242 971/498/242 972/618/242 970/617/242
f 971/498/243 973/619/243 974/620/243 972/618/243
f 973/619/244 975/621/244 976/622/244 974/620/244
f 975/621/245 977/505/245 978/623/245 976/622/245
f 977/505/246 979/137/246 980/624/246 978/623/246
f 979/137/247 981/625/247 982/626/247 980/624/247
f 981/625/248 983/513/248 984/627/248 982/626/248
f 983/513/249 985/628/249 986/629/249 984/627/249
f 985/628/250 987/630/250 988/631/250 986/629/250
f 987/630/251 989/141/251 990/632/251 988/631/251
f 989/141/252 991/633/252 992/634/252 990/632/252
f 991/633/253 993/635/253 994/636/253 992/634/253
f 993/635/254 995/528/254 996/637/254 994/636/254
f 995/528/255 997/638/255 998/639/255 996/637/255
f 997/638/256 999/145/256 1000/640/256 998/639/256
f 999/145/257 1001/536/257 1002/641/257 1000/640/257
f 1001/536/258 1003/642/258 1004/643/258 1002/641/258
f 1003/642/259 1005/644/259 1006/645/259 1004/643/259
f 1005/644/260 1007/543/260 1008/646/260 1006/645/260
f 1007/543/261 1009/149/261 1010/647/261 1008/646/261
f 1009/149/262 1011/648/262 1012/649/262 1010/647/262
f 1011/648/263 1013/551/263 1014/650/263 1012/649/263
f 1013/551/264 1015/651/264 1016/652/264 1014/650/264
f 1015/651/265 1017/653/265 1018/654/265 1016/652/265
f 1017/653/266 1019/153/266 1020/655/266 1018/654/266
f 1019/153/267 1021/656/267 1022/657/267 1020/655/267
f 1021/656/268 1023/658/268 1024/659/268 1022/657/268
f 1023/658/269 1025/660/269 1026/661/269 1024/659/269
f 1025/660/270 1027/662/270 1028/663/270 1026/661/270
f 1027/662/271 1029/157/271 1030/664/271 1028/663/271
f 1029/157/272 1031/665/272 1032/666/272 1030/664/272
f 1031/665/273 1033/667/273 1034/668/273 1032/666/273
f 1033/667/274 1035/669/274 1036/670/274 1034/668/274
f 1035/669/275 1037/671/275 1038/672/275 1036/670/275
f 1037/671/276 1039/161/276 1040/673/276 1038/672/276
f 1039/161/277 1041/674/277 1042/675/277 1040/673/277
f 1041/674/278 1043/676/278 1044/677/278 1042/675/278
f 1043/676/279 1045/678/279 1046/679/279 1044/677/279
f 1045/678/280 1047/680/280 1048/681/280 1046/679/280
f 1047/680/281 1049/165/281 1050/682/281 1048/681/281
f 1049/165/282 1051/683/282 1052/684/282 1050/682/282
f 1051/683/283 1053/685/283 1054/686/283 1052/684/283
f 1053/685/284 1055/687/284 1056/688/284 1054/686/284
f 1055/687/285 1057/689/285 1058/690/285 1056/688/285
f 1057/689/286 899/169/286 902/691/286 1058/690/286
o rotate_elevation
usemtl steel_end
f 1057/328/3 1055/327/3 1053/326/3 1051/325/3
f 1057/328/3 1051/325/3 1049/79/3 1047/324/3
f 1057/328/3 1047/324/3 1045/323/3 1043/322/3
f 1057/328/3 1043/322/3 1041/321/3 1039/81/3
f 1057/328/3 1039/81/3 1037/320/3 1035/319/3
f 1057/328/3 1035/319/3 1033/318/3 1031/317/3
f 1057/328/3 1031/317/3 1029/83/3 1027/316/3
f 1057/328/3 1027/316/3 1025/315/3 1023/314/3
f 1057/328/3 1023/314/3 1021/313/3 1019/85/3
f 1057/328/3 1019/85/3 1017/312/3 1015/311/3
f 1057/328/3 1015/311/3 1013/310/3 1011/309/3
f 1057/328/3 1011/309/3 1009/87/3 1007/308/3
f 1057/328/3 1007/308/3 1005/307/3 1003/306/3
f 1057/328/3 1003/306/3 1001/305/3 999/89/3
f 1057/328/3 999/89/3 997/304/3 995/303/3
f 1057/328/3 995/303/3 993/302/3 991/301/3
f 1057/328/3 991/301/3 989/91/3 987/300/3
f 1057/328/3 987/300/3 985/299/3 983/298/3
f 1057/328/3 983/298/3 981/297/3 979/93/3
f 1057/328/3 979/93/3 977/296/3 975/295/3
f 1057/328/3 975/295/3 973/294/3 971/293/3
f 1057/328/3 971/293/3 969/95/3 967/292/3
f 1057/328/3 967/292/3 965/291/3 963/290/3
f 1057/328/3 963/290/3 961/289/3 959/97/3
f 1057/328/3 959/97/3 957/288/3 955/287/3
f 1057/328/3 955/287/3 953/286/3 951/285/3
f 1057/328/3 951/285/3 949/99/3 947/284/3
f 1057/328/3 947/284/3 945/283/3 943/282/3
f 1057/328/3 943/282/3 941/281/3 939/101/3
f 1057/328/3 939/101/3 937/280/3 935/279/3
f 1057/328/3 935/279/3 933/278/3 931/277/3
f 1057/328/3 931/277/3 929/103/3 927/276/3
f 1057/328/3 927/276/3 925/275/3 923/274/3
f 1057/328/3 923/274/3 921/273/3 919/105/3
f 1057/328/3 919/105/3 917/272/3 915/271/3
f 1057/328/3 915/271/3 913/270/3 911/269/3
f 1057/328/3 911/269/3 909/107/3 907/268/3
f 1057/328/3 907/268/3 905/267/3 903/266/3
f 1057/328/3 903/266/3 900/265/3 899/109/3
f 902/109/4 901/265/4 904/266/4 906/267/4
f 902/109/4 906/267/4 908/268/4 910/107/4
f 902/109/4 910/107/4 912/269/4 914/270/4
f 902/109/4 914/270/4 916/271/4 918/272/4
f 902/109/4 918/272/4 920/105/4 922/273/4
f 902/109/4 922/273/4 924/274/4 926/275/4
f 902/109/4 926/275/4 928/276/4 930/103/4
f 902/109/4 930/103/4 932/277/4 934/278/4
f 902/109/4 934/278/4 936/279/4 938/280/4
f 902/109/4 938/280/4 940/101/4 942/281/4
f 902/109/4 942/281/4 944/282/4 946/283/4
f 902/109/4 946/283/4 948/284/4 950/99/4
f 902/109/4 950/99/4 952/285/4 954/286/4
f 902/109/4 954/286/4 956/287/4 958/288/4
f 902/109/4 958/288/4 960/97/4 962/289/4
f 902/109/4 962/289/4 964/290/4 966/291/4
f 902/109/4 966/291/4 968/292/4 970/95/4
f 902/109/4 970/95/4 972/293/4 974/294/4
f 902/109/4 974/294/4 976/295/4 978/296/4
f 902/109/4 978/296/4 980/93/4 982/297/4
f 902/109/4 982/297/4 984/298/4 986/299/4
f 902/109/4 986/299/4 988/300/4 990/91/4
f 902/109/4 990/91/4 992/301/4 994/302/4
f 902/109/4 994/302/4 996/303/4 998/304/4
f 902/109/4 998/304/4 1000/89/4 1002/305/4
f 902/109/4 1002/305/4 1004/306/4 1006/307/4
f 902/109/4 1006/307/4 1008/308/4 1010/87/4
f 902/109/4 1010/87/4 1012/309/4 1014/310/4
f 902/109/4 1014/310/4 1016/311/4 1018/312/4
f 902/109/4 1018/312/4 1020/85/4 1022/313/4
f 902/109/4 1022/313/4 1024/314/4 1026/315/4
f 902/109/4 1026/315/4 1028/316/4 1030/83/4
f 902/109/4 1030/83/4 1032/317/4 1034/318/4
f 902/109/4 1034/318/4 1036/319/4 1038/320/4
f 902/109/4 1038/320/4 1040/81/4 1042/321/4
f 902/109/4 1042/321/4 1044/322/4 1046/323/4
f 902/109/4 1046/323/4 1048/324/4 1050/79/4
f 902/109/4 1050/79/4 1052/325/4 1054/326/4
f 902/109/4 1054/326/4 1056/327/4 1058/328/4
o rotate_elevation_0
usemtl frame
f 1059/1/1 1060/145/1 1061/692/1 1062/693/1
f 1063/693/2 1064/692/2 1065/145/2 1066/1/2
f 1062/145/3 1061/1/3 1064/693/3 1063/692/3
f 1060/145/4 1059/1/4 1066/693/4 1065/692/4
f 1059/145/5 1062/1/5 1063/693/5 1066/692/5
f 1061/145/6 1060/1/6 1065/693/6 1064/692/6
f 1067/1/1 1068/145/1 1069/692/1 1070/693/1
f 1071/693/2 1072/692/2 1073/145/2 1074/1/2
f 1070/145/3 1069/1/3 1072/693/3 1071/692/3
f 1068/145/4 1067/1/4 1074/693/4 1073/692/4
f 1067/145/5 1070/1/5 1071/693/5 1074/692/5
f 1069/145/6 1068/1/6 1073/693/6 1072/692/6
o rotate_elevation_0
usemtl steel
f 1075/1/1 1076/137/1 1077/329/1 1078/330/1
f 1079/330/2 1080/329/2 1081/137/2 1082/1/2
f 1078/137/3 1077/1/3 1080/330/3 1079/329/3
f 1076/137/4 1075/1/4 1082/330/4 1081/329/4
f 1075/137/5 1078/1/5 1079/330/5 1082/329/5
f 1077/137/6 1076/1/6 1081/330/6 1080/329/6
o rotate_elevation_modules_0
usemtl module_back
f 1083/263/1 1084/331/1 1085/332/1 1086/1/1
o rotate_elevation_modules_0
usemtl module
f 1087/331/2 1088/263/2 1089/1/2 1090/332/2
o rotate_elevation_modules_0
usemtl module_edge
f 1086/1/3 1085/332/3 1088/331/3 1087/263/3
f 1084/1/4 1083/332/4 1090/331/4 1089/263/4
f 1083/1/5 1086/332/5 1087/331/5 1090/263/5
f 1085/1/6 1084/332/6 1089/331/6 1088/263/6
o rotate_elevation_modules_0
usemtl frame
f 1091/1/1 1092/12/1 1093/694/1 1094/695/1
f 1095/695/2 1096/694/2 1097/12/2 1098/1/2
f 1094/12/3 1093/1/3 1096/695/3 1095/694/3
f 1092/12/4 1091/1/4 1098/695/4 1097/694/4
f 1091/12/5 1094/1/5 1095/695/5 1098/694/5
f 1093/12/6 1092/1/6 1097/695/6 1096/694/6
f 1099/1/1 1100/12/1 1101/694/1 1102/695/1
f 1103/695/2 1104/694/2 1105/12/2 1106/1/2
f 1102/12/3 1101/1/3 1104/695/3 1103/694/3
f 1100/12/4 1099/1/4 1106/695/4 1105/694/4
f 1099/12/5 1102/1/5 1103/695/5 1106/694/5
f 1101/12/6 1100/1/6 1105/695/6 1104/694/6
f 1107/1/1 1108/12/1 1109/694/1 1110/695/1
f 1111/695/2 1112/694/2 1113/12/2 1114/1/2
f 1110/12/3 1109/1/3 1112/695/3 1111/694/3
f 1108/12/4 1107/1/4 1114/695/4 1113/694/4
f 1107/12/5 1110/1/5 1111/695/5 1114/694/5
f 1109/12/6 1108/1/6 1113/695/6 1112/694/6
f 1115/1/1 1116/12/1 1117/694/1 1118/695/1
f 1119/695/2 1120/694/2 1121/12/2 1122/1/2
f 1118/12/3 1117/1/3 1120/695/3 1119/694/3
f 1116/12/4 1115/1/4 1122/695/4 1121/694/4
f 1115/12/5 1118/1/5 1119/695/5 1122/694/5
f 1117/12/6 1116/1/6 1121/695/6 1120/694/6
o rotate_elevation_1
usemtl frame
f 1123/1/1 1124/145/1 1125/692/1 1126/693/1
f 1127/693/2 1128/692/2 1129/145/2 1130/1/2
f 1126/145/3 1125/1/3 1128/693/3 1127/692/3
f 1124/145/4 1123/1/4 1130/693/4 1129/692/4
f 1123/145/5 1126/1/5 1127/693/5 1130/692/5
f 1125/145/6 1124/1/6 1129/693/6 1128/692/6
f 1131/1/1 1132/145/1 1133/692/1 1134/693/1
f 1135/693/2 1136/692/2 1137/145/2 1138/1/2
f 1134/145/3 1133/1/3 1136/693/3 1135/692/3
f 1132/145/4 1131/1/4 1138/693/4 1137/692/4
f 1131/145/5 1134/1/5 1135/693/5 1138/692/5
f 1133/145/6 1132/1/6 1137/693/6 1136/692/6
o rotate_elevation_1
usemtl steel
f 1139/1/1 1140/137/1 1141/329/1 1142/330/1
f 1143/330/2 1144/329/2 1145/137/2 1146/1/2
f 1142/137/3 1141/1/3 1144/330/3 1143/329/3
f 1140/137/4 1139/1/4 1146/330/4 1145/329/4
f 1139/137/5 1142/1/5 1143/330/5 1146/329/5
f 1141/137/6 1140/1/6 1145/330/6 1144/329/6
o rotate_elevation_modules_1
usemtl module_back
f 1147/263/1 1148/331/1 1149/332/1 1150/1/1
o rotate_elevation_modules_1
usemtl module
f 1151/331/2 1152/263/2 1153/1/2 1154/332/2
o rotate_elevation_modules_1
usemtl module_edge
f 1150/1/3 1149/332/3 1152/331/3 1151/263/3
f 1148/1/4 1147/332/4 1154/331/4 1153/263/4
f 1147/1/5 1150/332/5 1151/331/5 1154/263/5
f 1149/1/6 1148/332/6 1153/331/6 1152/263/6
o rotate_elevation_modules_1
usemtl frame
f 1155/1/1 1156/12/1 1157/694/1 1158/695/1
f 1159/695/2 1160/694/2 1161/12/2 1162/1/2
f 1158/12/3 1157/1/3 1160/695/3 1159/694/3
f 1156/12/4 1155/1/4 1162/695/4 1161/694/4
f 1155/12/5 1158/1/5 1159/695/5 1162/694/5
f 1157/12/6 1156/1/6 1161/695/6 1160/694/6
f 1163/1/1 1164/12/1 1165/694/1 1166/695/1
f 1167/695/2 1168/694/2 1169/12/2 1170/1/2
f 1166/12/3 1165/1/3 1168/695/3 1167/694/3
f 1164/12/4 1163/1/4 1170/695/4 1169/694/4
f 1163/12/5 1166/1/5 1167/695/5 1170/694/5
f 1165/12/6 1164/1/6 1169/695/6 1168/694/6
f 1171/1/1 1172/12/1 1173/694/1 1174/695/1
f 1175/695/2 1176/694/2 1177/12/2 1178/1/2
f 1174/12/3 1173/1/3 1176/695/3 1175/694/3
f 1172/12/4 1171/1/4 1178/695/4 1177/694/4
f 1171/12/5 1174/1/5 1175/695/5 1178/694/5
f 1173/12/6 1172/1/6 1177/695/6 1176/694/6
f 1179/1/1 1180/12/1 1181/694/1 1182/695/1
f 1183/695/2 1184/694/2 1185/12/2 1186/1/2
f 1182/12/3 1181/1/3 1184/695/3 1183/694/3
f 1180/12/4 1179/1/4 1186/695/4 1185/694/4
f 1179/12/5 1182/1/5 1183/695/5 1186/694/5
f 1181/12/6 1180/1/6 1185/695/6 1184/694/6
o harness
usemtl dc_jacket
f 1187/1/1 1188/263/1 1189/331/1 1190/332/1
f 1190/263/3 1189/1/3 1192/332/3 1191/331/3
f 1188/263/4 1187/1/4 1194/332/4 1193/331/4
f 1187/263/5 1190/1/5 1191/332/5 1194/331/5
f 1189/263/6 1188/1/6 1193/332/6 1192/331/6
o harness
usemtl dc_cable
f 1191/332/2 1192/331/2 1193/263/2 1194/1/2
o harness_plug_north
usemtl steel
f 1195/1/1 1196/145/1 1189/692/1 1190/693/1
f 1191/693/2 1192/692/2 1197/145/2 1198/1/2
f 1190/145/3 1189/1/3 1192/693/3 1191/692/3
f 1196/145/4 1195/1/4 1198/693/4 1197/692/4
f 1195/145/5 1190/1/5 1191/693/5 1198/692/5
f 1189/145/6 1196/1/6 1197/693/6 1192/692/6
f 1199/1/287 1200/20/287 1201/696/287 1202/413/287
f 1200/20/288 1203/24/288 1204/420/288 1201/696/288
f 1203/24/289 1205/28/289 1206/697/289 1204/420/289
f 1205/28/290 1207/32/290 1208/429/290 1206/697/290
f 1207/32/291 1209/36/291 1210/698/291 1208/429/291
f 1209/36/292 1211/40/292 1212/438/292 1210/698/292
f 1211/40/293 1213/44/293 1214/699/293 1212/438/293
f 1213/44/294 1215/10/294 1216/447/294 1214/699/294
f 1215/10/295 1217/50/295 1218/700/295 1216/447/295
f 1217/50/296 1219/54/296 1220/456/296 1218/700/296
f 1219/54/297 1221/58/297 1222/701/297 1220/456/297
f 1221/58/298 1223/62/298 1224/465/298 1222/701/298
f 1223/62/299 1225/66/299 1226/702/299 1224/465/299
f 1225/66/300 1227/70/300 1228/474/300 1226/702/300
f 1227/70/301 1229/74/301 1230/703/301 1228/474/301
f 1229/74/302 1231/16/302 1232/483/302 1230/703/302
f 1231/16/303 1233/704/303 1234/705/303 1232/483/303
f 1233/704/304 1235/492/304 1236/493/304 1234/705/304
f 1235/492/305 1237/706/305 1238/707/305 1236/493/305
f 1237/706/306 1239/135/306 1240/502/306 1238/707/306
f 1239/135/307 1241/708/307 1242/709/307 1240/502/307
f 1241/708/308 1243/511/308 1244/512/308 1242/709/308
f 1243/511/309 1245/710/309 1246/711/309 1244/512/309
f 1245/710/310 1247/141/310 1248/521/310 1246/711/310
f 1247/141/311 1249/712/311 1250/713/311 1248/521/311
f 1249/712/312 1251/530/312 1252/531/312 1250/713/312
f 1251/530/313 1253/714/313 1254/715/313 1252/531/313
f 1253/714/314 1255/147/314 1256/540/314 1254/715/314
f 1255/147/315 1257/716/315 1258/717/315 1256/540/315
f 1257/716/316 1259/549/316 1260/550/316 1258/717/316
f 1259/549/317 1261/718/317 1262/719/317 1260/550/317
f 1261/718/318 1199/153/318 1202/559/318 1262/719/318
f 1261/78/3 1259/79/3 1257/80/3 1255/81/3
f 1261/78/3 1255/81/3 1253/82/3 1251/83/3
f 1261/78/3 1251/83/3 1249/84/3 1247/85/3
f 1261/78/3 1247/85/3 1245/86/3 1243/87/3
f 1261/78/3 1243/87/3 1241/88/3 1239/89/3
f 1261/78/3 1239/89/3 1237/90/3 1235/91/3
f 1261/78/3 1235/91/3 1233/92/3 1231/93/3
f 1261/78/3 1231/93/3 1229/94/3 1227/95/3
f 1261/78/3 1227/95/3 1225/96/3 1223/97/3
f 1261/78/3 1223/97/3 1221/98/3 1219/99/3
f 1261/78/3 1219/99/3 1217/100/3 1215/101/3
f 1261/78/3 1215/101/3 1213/102/3 1211/103/3
f 1261/78/3 1211/103/3 1209/104/3 1207/105/3
f 1261/78/3 1207/105/3 1205/106/3 1203/107/3
f 1261/78/3 1203/107/3 1200/108/3 1199/109/3
f 1202/109/4 1201/108/4 1204/107/4 1206/106/4
f 1202/109/4 1206/106/4 1208/105/4 1210/104/4
f 1202/109/4 1210/104/4 1212/103/4 1214/102/4
f 1202/109/4 1214/102/4 1216/101/4 1218/100/4
f 1202/109/4 1218/100/4 1220/99/4 1222/98/4
f 1202/109/4 1222/98/4 1224/97/4 1226/96/4
f 1202/109/4 1226/96/4 1228/95/4 1230/94/4
f 1202/109/4 1230/94/4 1232/93/4 1234/92/4
f 1202/109/4 1234/92/4 1236/91/4 1238/90/4
f 1202/109/4 1238/90/4 1240/89/4 1242/88/4
f 1202/109/4 1242/88/4 1244/87/4 1246/86/4
f 1202/109/4 1246/86/4 1248/85/4 1250/84/4
f 1202/109/4 1250/84/4 1252/83/4 1254/82/4
f 1202/109/4 1254/82/4 1256/81/4 1258/80/4
f 1202/109/4 1258/80/4 1260/79/4 1262/78/4
o harness_plug_north
usemtl dc_jacket
f 1263/1/1 1264/263/1 1196/331/1 1195/332/1
f 1195/263/3 1196/1/3 1197/332/3 1198/331/3
f 1264/263/4 1263/1/4 1266/332/4 1265/331/4
f 1263/263/5 1195/1/5 1198/332/5 1266/331/5
f 1196/263/6 1264/1/6 1265/332/6 1197/331/6
o harness_plug_north
usemtl dc_cable
f 1198/332/2 1197/331/2 1265/263/2 1266/1/2
o harness_plug_south
usemtl steel
f 1187/1/1 1188/145/1 1267/692/1 1268/693/1
f 1269/693/2 1270/692/2 1193/145/2 1194/1/2
f 1268/145/3 1267/1/3 1270/693/3 1269/692/3
f 1188/145/4 1187/1/4 1194/693/4 1193/692/4
f 1187/145/5 1268/1/5 1269/693/5 1194/692/5
f 1267/145/6 1188/1/6 1193/693/6 1270/692/6
f 1271/1/287 1272/20/287 1273/696/287 1274/413/287
f 1272/20/288 1275/24/288 1276/420/288 1273/696/288
f 1275/24/289 1277/28/289 1278/697/289 1276/420/289
f 1277/28/290 1279/32/290 1280/429/290 1278/697/290
f 1279/32/291 1281/36/291 1282/698/291 1280/429/291
f 1281/36/292 1283/40/292 1284/438/292 1282/698/292
f 1283/40/293 1285/44/293 1286/699/293 1284/438/293
f 1285/44/294 1287/10/294 1288/447/294 1286/699/294
f 1287/10/295 1289/50/295 1290/700/295 1288/447/295
f 1289/50/296 1291/54/296 1292/456/296 1290/700/296
f 1291/54/297 1293/58/297 1294/701/297 1292/456/297
f 1293/58/298 1295/62/298 1296/465/298 1294/701/298
f 1295/62/299 1297/66/299 1298/702/299 1296/465/299
f 1297/66/300 1299/70/300 1300/474/300 1298/702/300
f 1299/70/301 1301/74/301 1302/703/301 1300/474/301
f 1301/74/302 1303/16/302 1304/483/302 1302/703/302
f 1303/16/303 1305/704/303 1306/705/303 1304/483/303
f 1305/704/304 1307/492/304 1308/493/304 1306/705/304
f 1307/492/305 1309/706/305 1310/707/305 1308/493/305
f 1309/706/306 1311/135/306 1312/502/306 1310/707/306
f 1311/135/307 1313/708/307 1314/709/307 1312/502/307
f 1313/708/308 1315/511/308 1316/512/308 1314/709/308
f 1315/511/309 1317/710/309 1318/711/309 1316/512/309
f 1317/710/310 1319/141/310 1320/521/310 1318/711/310
f 1319/141/311 1321/712/311 1322/713/311 1320/521/311
f 1321/712/312 1323/530/312 1324/531/312 1322/713/312
f 1323/530/313 1325/714/313 1326/715/313 1324/531/313
f 1325/714/314 1327/147/314 1328/540/314 1326/715/314
f 1327/147/315 1329/716/315 1330/717/315 1328/540/315
f 1329/716/316 1331/549/316 1332/550/316 1330/717/316
f 1331/549/317 1333/718/317 1334/719/317 1332/550/317
f 1333/718/318 1271/153/318 1274/559/318 1334/719/318
f 1333/78/3 1331/79/3 1329/80/3 1327/81/3
f 1333/78/3 1327/81/3 1325/82/3 1323/83/3
f 1333/78/3 1323/83/3 1321/84/3 1319/85/3
f 1333/78/3 1319/85/3 1317/86/3 1315/87/3
f 1333/78/3 1315/87/3 1313/88/3 1311/89/3
f 1333/78/3 1311/89/3 1309/90/3 1307/91/3
f 1333/78/3 1307/91/3 1305/92/3 1303/93/3
f 1333/78/3 1303/93/3 1301/94/3 1299/95/3
f 1333/78/3 1299/95/3 1297/96/3 1295/97/3
f 1333/78/3 1295/97/3 1293/98/3 1291/99/3
f 1333/78/3 1291/99/3 1289/100/3 1287/101/3
f 1333/78/3 1287/101/3 1285/102/3 1283/103/3
f 1333/78/3 1283/103/3 1281/104/3 1279/105/3
f 1333/78/3 1279/105/3 1277/106/3 1275/107/3
f 1333/78/3 1275/107/3 1272/108/3 1271/109/3
f 1274/109/4 1273/108/4 1276/107/4 1278/106/4
f 1274/109/4 1278/106/4 1280/105/4 1282/104/4
f 1274/109/4 1282/104/4 1284/103/4 1286/102/4
f 1274/109/4 1286/102/4 1288/101/4 1290/100/4
f 1274/109/4 1290/100/4 1292/99/4 1294/98/4
f 1274/109/4 1294/98/4 1296/97/4 1298/96/4
f 1274/109/4 1298/96/4 1300/95/4 1302/94/4
f 1274/109/4 1302/94/4 1304/93/4 1306/92/4
f 1274/109/4 1306/92/4 1308/91/4 1310/90/4
f 1274/109/4 1310/90/4 1312/89/4 1314/88/4
f 1274/109/4 1314/88/4 1316/87/4 1318/86/4
f 1274/109/4 1318/86/4 1320/85/4 1322/84/4
f 1274/109/4 1322/84/4 1324/83/4 1326/82/4
f 1274/109/4 1326/82/4 1328/81/4 1330/80/4
f 1274/109/4 1330/80/4 1332/79/4 1334/78/4
o harness_plug_south
usemtl dc_jacket
f 1268/1/1 1267/263/1 1264/331/1 1263/332/1
f 1263/263/3 1264/1/3 1265/332/3 1266/331/3
f 1267/263/4 1268/1/4 1269/332/4 1270/331/4
f 1268/263/5 1263/1/5 1266/332/5 1269/331/5
f 1264/263/6 1267/1/6 1270/332/6 1265/331/6
o harness_plug_south
usemtl dc_cable
f 1266/332/2 1265/331/2 1270/263/2 1269/1/2
