# generated by tools/gen_tower_models.py - do not edit by hand
mtllib lattice_terminal.mtl
v -2.090000 0.000000 -1.710000
v -1.710000 0.000000 -1.710000
v -1.710000 0.000000 -2.090000
v -2.090000 0.000000 -2.090000
v -2.090000 0.100000 -2.090000
v -1.710000 0.100000 -2.090000
v -1.710000 0.100000 -1.710000
v -2.090000 0.100000 -1.710000
v -1.966000 0.100000 -1.980000
v -1.973000 0.100000 -1.967876
v -1.973000 0.122000 -1.967876
v -1.966000 0.122000 -1.980000
v -1.987000 0.100000 -1.967876
v -1.987000 0.122000 -1.967876
v -1.994000 0.100000 -1.980000
v -1.994000 0.122000 -1.980000
v -1.987000 0.100000 -1.992124
v -1.987000 0.122000 -1.992124
v -1.973000 0.100000 -1.992124
v -1.973000 0.122000 -1.992124
v -1.952630 0.098680 -1.980000
v -1.953156 0.098680 -1.974660
v -1.953156 0.101320 -1.974660
v -1.952630 0.101320 -1.980000
v -1.954713 0.098680 -1.969526
v -1.954713 0.101320 -1.969526
v -1.957243 0.098680 -1.964794
v -1.957243 0.101320 -1.964794
v -1.960646 0.098680 -1.960646
v -1.960646 0.101320 -1.960646
v -1.964794 0.098680 -1.957243
v -1.964794 0.101320 -1.957243
v -1.969526 0.098680 -1.954713
v -1.969526 0.101320 -1.954713
v -1.974660 0.098680 -1.953156
v -1.974660 0.101320 -1.953156
v -1.980000 0.098680 -1.952630
v -1.980000 0.101320 -1.952630
v -1.985340 0.098680 -1.953156
v -1.985340 0.101320 -1.953156
v -1.990474 0.098680 -1.954713
v -1.990474 0.101320 -1.954713
v -1.995206 0.098680 -1.957243
v -1.995206 0.101320 -1.957243
v -1.999354 0.098680 -1.960646
v -1.999354 0.101320 -1.960646
v -2.002757 0.098680 -1.964794
v -2.002757 0.101320 -1.964794
v -2.005287 0.098680 -1.969526
v -2.005287 0.101320 -1.969526
v -2.006844 0.098680 -1.974660
v -2.006844 0.101320 -1.974660
v -2.007370 0.098680 -1.980000
v -2.007370 0.101320 -1.980000
v -2.006844 0.098680 -1.985340
v -2.006844 0.101320 -1.985340
v -2.005287 0.098680 -1.990474
v -2.005287 0.101320 -1.990474
v -2.002757 0.098680 -1.995206
v -2.002757 0.101320 -1.995206
v -1.999354 0.098680 -1.999354
v -1.999354 0.101320 -1.999354
v -1.995206 0.098680 -2.002757
v -1.995206 0.101320 -2.002757
v -1.990474 0.098680 -2.005287
v -1.990474 0.101320 -2.005287
v -1.985340 0.098680 -2.006844
v -1.985340 0.101320 -2.006844
v -1.980000 0.098680 -2.007370
v -1.980000 0.101320 -2.007370
v -1.974660 0.098680 -2.006844
v -1.974660 0.101320 -2.006844
v -1.969526 0.098680 -2.005287
v -1.969526 0.101320 -2.005287
v -1.964794 0.098680 -2.002757
v -1.964794 0.101320 -2.002757
v -1.960646 0.098680 -1.999354
v -1.960646 0.101320 -1.999354
v -1.957243 0.098680 -1.995206
v -1.957243 0.101320 -1.995206
v -1.954713 0.098680 -1.990474
v -1.954713 0.101320 -1.990474
v -1.953156 0.098680 -1.985340
v -1.953156 0.101320 -1.985340
v -1.959389 0.100000 -1.968100
v -1.980000 0.100000 -1.956200
v -1.980000 0.104400 -1.956200
v -1.959389 0.104400 -1.968100
v -2.000611 0.100000 -1.968100
v -2.000611 0.104400 -1.968100
v -2.000611 0.100000 -1.991900
v -2.000611 0.104400 -1.991900
v -1.980000 0.100000 -2.003800
v -1.980000 0.104400 -2.003800
v -1.959389 0.100000 -1.991900
v -1.959389 0.104400 -1.991900
v -1.966000 0.100000 -1.820000
v -1.973000 0.100000 -1.807876
v -1.973000 0.122000 -1.807876
v -1.966000 0.122000 -1.820000
v -1.987000 0.100000 -1.807876
v -1.987000 0.122000 -1.807876
v -1.994000 0.100000 -1.820000
v -1.994000 0.122000 -1.820000
v -1.987000 0.100000 -1.832124
v -1.987000 0.122000 -1.832124
v -1.973000 0.100000 -1.832124
v -1.973000 0.122000 -1.832124
v -1.952630 0.098680 -1.820000
v -1.953156 0.098680 -1.814660
v -1.953156 0.101320 -1.814660
v -1.952630 0.101320 -1.820000
v -1.954713 0.098680 -1.809526
v -1.954713 0.101320 -1.809526
v -1.957243 0.098680 -1.804794
v -1.957243 0.101320 -1.804794
v -1.960646 0.098680 -1.800646
v -1.960646 0.101320 -1.800646
v -1.964794 0.098680 -1.797243
v -1.964794 0.101320 -1.797243
v -1.969526 0.098680 -1.794713
v -1.969526 0.101320 -1.794713
v -1.974660 0.098680 -1.793156
v -1.974660 0.101320 -1.793156
v -1.980000 0.098680 -1.792630
v -1.980000 0.101320 -1.792630
v -1.985340 0.098680 -1.793156
v -1.985340 0.101320 -1.793156
v -1.990474 0.098680 -1.794713
v -1.990474 0.101320 -1.794713
v -1.995206 0.098680 -1.797243
v -1.995206 0.101320 -1.797243
v -1.999354 0.098680 -1.800646
v -1.999354 0.101320 -1.800646
v -2.002757 0.098680 -1.804794
v -2.002757 0.101320 -1.804794
v -2.005287 0.098680 -1.809526
v -2.005287 0.101320 -1.809526
v -2.006844 0.098680 -1.814660
v -2.006844 0.101320 -1.814660
v -2.007370 0.098680 -1.820000
v -2.007370 0.101320 -1.820000
v -2.006844 0.098680 -1.825340
v -2.006844 0.101320 -1.825340
v -2.005287 0.098680 -1.830474
v -2.005287 0.101320 -1.830474
v -2.002757 0.098680 -1.835206
v -2.002757 0.101320 -1.835206
v -1.999354 0.098680 -1.839354
v -1.999354 0.101320 -1.839354
v -1.995206 0.098680 -1.842757
v -1.995206 0.101320 -1.842757
v -1.990474 0.098680 -1.845287
v -1.990474 0.101320 -1.845287
v -1.985340 0.098680 -1.846844
v -1.985340 0.101320 -1.846844
v -1.980000 0.098680 -1.847370
v -1.980000 0.101320 -1.847370
v -1.974660 0.098680 -1.846844
v -1.974660 0.101320 -1.846844
v -1.969526 0.098680 -1.845287
v -1.969526 0.101320 -1.845287
v -1.964794 0.098680 -1.842757
v -1.964794 0.101320 -1.842757
v -1.960646 0.098680 -1.839354
v -1.960646 0.101320 -1.839354
v -1.957243 0.098680 -1.835206
v -1.957243 0.101320 -1.835206
v -1.954713 0.098680 -1.830474
v -1.954713 0.101320 -1.830474
v -1.953156 0.098680 -1.825340
v -1.953156 0.101320 -1.825340
v -1.959389 0.100000 -1.808100
v -1.980000 0.100000 -1.796200
v -1.980000 0.104400 -1.796200
v -1.959389 0.104400 -1.808100
v -2.000611 0.100000 -1.808100
v -2.000611 0.104400 -1.808100
v -2.000611 0.100000 -1.831900
v -2.000611 0.104400 -1.831900
v -1.980000 0.100000 -1.843800
v -1.980000 0.104400 -1.843800
v -1.959389 0.100000 -1.831900
v -1.959389 0.104400 -1.831900
v -1.806000 0.100000 -1.980000
v -1.813000 0.100000 -1.967876
v -1.813000 0.122000 -1.967876
v -1.806000 0.122000 -1.980000
v -1.827000 0.100000 -1.967876
v -1.827000 0.122000 -1.967876
v -1.834000 0.100000 -1.980000
v -1.834000 0.122000 -1.980000
v -1.827000 0.100000 -1.992124
v -1.827000 0.122000 -1.992124
v -1.813000 0.100000 -1.992124
v -1.813000 0.122000 -1.992124
v -1.792630 0.098680 -1.980000
v -1.793156 0.098680 -1.974660
v -1.793156 0.101320 -1.974660
v -1.792630 0.101320 -1.980000
v -1.794713 0.098680 -1.969526
v -1.794713 0.101320 -1.969526
v -1.797243 0.098680 -1.964794
v -1.797243 0.101320 -1.964794
v -1.800646 0.098680 -1.960646
v -1.800646 0.101320 -1.960646
v -1.804794 0.098680 -1.957243
v -1.804794 0.101320 -1.957243
v -1.809526 0.098680 -1.954713
v -1.809526 0.101320 -1.954713
v -1.814660 0.098680 -1.953156
v -1.814660 0.101320 -1.953156
v -1.820000 0.098680 -1.952630
v -1.820000 0.101320 -1.952630
v -1.825340 0.098680 -1.953156
v -1.825340 0.101320 -1.953156
v -1.830474 0.098680 -1.954713
v -1.830474 0.101320 -1.954713
v -1.835206 0.098680 -1.957243
v -1.835206 0.101320 -1.957243
v -1.839354 0.098680 -1.960646
v -1.839354 0.101320 -1.960646
v -1.842757 0.098680 -1.964794
v -1.842757 0.101320 -1.964794
v -1.845287 0.098680 -1.969526
v -1.845287 0.101320 -1.969526
v -1.846844 0.098680 -1.974660
v -1.846844 0.101320 -1.974660
v -1.847370 0.098680 -1.980000
v -1.847370 0.101320 -1.980000
v -1.846844 0.098680 -1.985340
v -1.846844 0.101320 -1.985340
v -1.845287 0.098680 -1.990474
v -1.845287 0.101320 -1.990474
v -1.842757 0.098680 -1.995206
v -1.842757 0.101320 -1.995206
v -1.839354 0.098680 -1.999354
v -1.839354 0.101320 -1.999354
v -1.835206 0.098680 -2.002757
v -1.835206 0.101320 -2.002757
v -1.830474 0.098680 -2.005287
v -1.830474 0.101320 -2.005287
v -1.825340 0.098680 -2.006844
v -1.825340 0.101320 -2.006844
v -1.820000 0.098680 -2.007370
v -1.820000 0.101320 -2.007370
v -1.814660 0.098680 -2.006844
v -1.814660 0.101320 -2.006844
v -1.809526 0.098680 -2.005287
v -1.809526 0.101320 -2.005287
v -1.804794 0.098680 -2.002757
v -1.804794 0.101320 -2.002757
v -1.800646 0.098680 -1.999354
v -1.800646 0.101320 -1.999354
v -1.797243 0.098680 -1.995206
v -1.797243 0.101320 -1.995206
v -1.794713 0.098680 -1.990474
v -1.794713 0.101320 -1.990474
v -1.793156 0.098680 -1.985340
v -1.793156 0.101320 -1.985340
v -1.799389 0.100000 -1.968100
v -1.820000 0.100000 -1.956200
v -1.820000 0.104400 -1.956200
v -1.799389 0.104400 -1.968100
v -1.840611 0.100000 -1.968100
v -1.840611 0.104400 -1.968100
v -1.840611 0.100000 -1.991900
v -1.840611 0.104400 -1.991900
v -1.820000 0.100000 -2.003800
v -1.820000 0.104400 -2.003800
v -1.799389 0.100000 -1.991900
v -1.799389 0.104400 -1.991900
v -1.806000 0.100000 -1.820000
v -1.813000 0.100000 -1.807876
v -1.813000 0.122000 -1.807876
v -1.806000 0.122000 -1.820000
v -1.827000 0.100000 -1.807876
v -1.827000 0.122000 -1.807876
v -1.834000 0.100000 -1.820000
v -1.834000 0.122000 -1.820000
v -1.827000 0.100000 -1.832124
v -1.827000 0.122000 -1.832124
v -1.813000 0.100000 -1.832124
v -1.813000 0.122000 -1.832124
v -1.792630 0.098680 -1.820000
v -1.793156 0.098680 -1.814660
v -1.793156 0.101320 -1.814660
v -1.792630 0.101320 -1.820000
v -1.794713 0.098680 -1.809526
v -1.794713 0.101320 -1.809526
v -1.797243 0.098680 -1.804794
v -1.797243 0.101320 -1.804794
v -1.800646 0.098680 -1.800646
v -1.800646 0.101320 -1.800646
v -1.804794 0.098680 -1.797243
v -1.804794 0.101320 -1.797243
v -1.809526 0.098680 -1.794713
v -1.809526 0.101320 -1.794713
v -1.814660 0.098680 -1.793156
v -1.814660 0.101320 -1.793156
v -1.820000 0.098680 -1.792630
v -1.820000 0.101320 -1.792630
v -1.825340 0.098680 -1.793156
v -1.825340 0.101320 -1.793156
v -1.830474 0.098680 -1.794713
v -1.830474 0.101320 -1.794713
v -1.835206 0.098680 -1.797243
v -1.835206 0.101320 -1.797243
v -1.839354 0.098680 -1.800646
v -1.839354 0.101320 -1.800646
v -1.842757 0.098680 -1.804794
v -1.842757 0.101320 -1.804794
v -1.845287 0.098680 -1.809526
v -1.845287 0.101320 -1.809526
v -1.846844 0.098680 -1.814660
v -1.846844 0.101320 -1.814660
v -1.847370 0.098680 -1.820000
v -1.847370 0.101320 -1.820000
v -1.846844 0.098680 -1.825340
v -1.846844 0.101320 -1.825340
v -1.845287 0.098680 -1.830474
v -1.845287 0.101320 -1.830474
v -1.842757 0.098680 -1.835206
v -1.842757 0.101320 -1.835206
v -1.839354 0.098680 -1.839354
v -1.839354 0.101320 -1.839354
v -1.835206 0.098680 -1.842757
v -1.835206 0.101320 -1.842757
v -1.830474 0.098680 -1.845287
v -1.830474 0.101320 -1.845287
v -1.825340 0.098680 -1.846844
v -1.825340 0.101320 -1.846844
v -1.820000 0.098680 -1.847370
v -1.820000 0.101320 -1.847370
v -1.814660 0.098680 -1.846844
v -1.814660 0.101320 -1.846844
v -1.809526 0.098680 -1.845287
v -1.809526 0.101320 -1.845287
v -1.804794 0.098680 -1.842757
v -1.804794 0.101320 -1.842757
v -1.800646 0.098680 -1.839354
v -1.800646 0.101320 -1.839354
v -1.797243 0.098680 -1.835206
v -1.797243 0.101320 -1.835206
v -1.794713 0.098680 -1.830474
v -1.794713 0.101320 -1.830474
v -1.793156 0.098680 -1.825340
v -1.793156 0.101320 -1.825340
v -1.799389 0.100000 -1.808100
v -1.820000 0.100000 -1.796200
v -1.820000 0.104400 -1.796200
v -1.799389 0.104400 -1.808100
v -1.840611 0.100000 -1.808100
v -1.840611 0.104400 -1.808100
v -1.840611 0.100000 -1.831900
v -1.840611 0.104400 -1.831900
v -1.820000 0.100000 -1.843800
v -1.820000 0.104400 -1.843800
v -1.799389 0.100000 -1.831900
v -1.799389 0.104400 -1.831900
v -2.090000 0.000000 2.090000
v -1.710000 0.000000 2.090000
v -1.710000 0.000000 1.710000
v -2.090000 0.000000 1.710000
v -2.090000 0.100000 1.710000
v -1.710000 0.100000 1.710000
v -1.710000 0.100000 2.090000
v -2.090000 0.100000 2.090000
v -1.966000 0.100000 1.820000
v -1.973000 0.100000 1.832124
v -1.973000 0.122000 1.832124
v -1.966000 0.122000 1.820000
v -1.987000 0.100000 1.832124
v -1.987000 0.122000 1.832124
v -1.994000 0.100000 1.820000
v -1.994000 0.122000 1.820000
v -1.987000 0.100000 1.807876
v -1.987000 0.122000 1.807876
v -1.973000 0.100000 1.807876
v -1.973000 0.122000 1.807876
v -1.952630 0.098680 1.820000
v -1.953156 0.098680 1.825340
v -1.953156 0.101320 1.825340
v -1.952630 0.101320 1.820000
v -1.954713 0.098680 1.830474
v -1.954713 0.101320 1.830474
v -1.957243 0.098680 1.835206
v -1.957243 0.101320 1.835206
v -1.960646 0.098680 1.839354
v -1.960646 0.101320 1.839354
v -1.964794 0.098680 1.842757
v -1.964794 0.101320 1.842757
v -1.969526 0.098680 1.845287
v -1.969526 0.101320 1.845287
v -1.974660 0.098680 1.846844
v -1.974660 0.101320 1.846844
v -1.980000 0.098680 1.847370
v -1.980000 0.101320 1.847370
v -1.985340 0.098680 1.846844
v -1.985340 0.101320 1.846844
v -1.990474 0.098680 1.845287
v -1.990474 0.101320 1.845287
v -1.995206 0.098680 1.842757
v -1.995206 0.101320 1.842757
v -1.999354 0.098680 1.839354
v -1.999354 0.101320 1.839354
v -2.002757 0.098680 1.835206
v -2.002757 0.101320 1.835206
v -2.005287 0.098680 1.830474
v -2.005287 0.101320 1.830474
v -2.006844 0.098680 1.825340
v -2.006844 0.101320 1.825340
v -2.007370 0.098680 1.820000
v -2.007370 0.101320 1.820000
v -2.006844 0.098680 1.814660
v -2.006844 0.101320 1.814660
v -2.005287 0.098680 1.809526
v -2.005287 0.101320 1.809526
v -2.002757 0.098680 1.804794
v -2.002757 0.101320 1.804794
v -1.999354 0.098680 1.800646
v -1.999354 0.101320 1.800646
v -1.995206 0.098680 1.797243
v -1.995206 0.101320 1.797243
v -1.990474 0.098680 1.794713
v -1.990474 0.101320 1.794713
v -1.985340 0.098680 1.793156
v -1.985340 0.101320 1.793156
v -1.980000 0.098680 1.792630
v -1.980000 0.101320 1.792630
v -1.974660 0.098680 1.793156
v -1.974660 0.101320 1.793156
v -1.969526 0.098680 1.794713
v -1.969526 0.101320 1.794713
v -1.964794 0.098680 1.797243
v -1.964794 0.101320 1.797243
v -1.960646 0.098680 1.800646
v -1.960646 0.101320 1.800646
v -1.957243 0.098680 1.804794
v -1.957243 0.101320 1.804794
v -1.954713 0.098680 1.809526
v -1.954713 0.101320 1.809526
v -1.953156 0.098680 1.814660
v -1.953156 0.101320 1.814660
v -1.959389 0.100000 1.831900
v -1.980000 0.100000 1.843800
v -1.980000 0.104400 1.843800
v -1.959389 0.104400 1.831900
v -2.000611 0.100000 1.831900
v -2.000611 0.104400 1.831900
v -2.000611 0.100000 1.808100
v -2.000611 0.104400 1.808100
v -1.980000 0.100000 1.796200
v -1.980000 0.104400 1.796200
v -1.959389 0.100000 1.808100
v -1.959389 0.104400 1.808100
v -1.966000 0.100000 1.980000
v -1.973000 0.100000 1.992124
v -1.973000 0.122000 1.992124
v -1.966000 0.122000 1.980000
v -1.987000 0.100000 1.992124
v -1.987000 0.122000 1.992124
v -1.994000 0.100000 1.980000
v -1.994000 0.122000 1.980000
v -1.987000 0.100000 1.967876
v -1.987000 0.122000 1.967876
v -1.973000 0.100000 1.967876
v -1.973000 0.122000 1.967876
v -1.952630 0.098680 1.980000
v -1.953156 0.098680 1.985340
v -1.953156 0.101320 1.985340
v -1.952630 0.101320 1.980000
v -1.954713 0.098680 1.990474
v -1.954713 0.101320 1.990474
v -1.957243 0.098680 1.995206
v -1.957243 0.101320 1.995206
v -1.960646 0.098680 1.999354
v -1.960646 0.101320 1.999354
v -1.964794 0.098680 2.002757
v -1.964794 0.101320 2.002757
v -1.969526 0.098680 2.005287
v -1.969526 0.101320 2.005287
v -1.974660 0.098680 2.006844
v -1.974660 0.101320 2.006844
v -1.980000 0.098680 2.007370
v -1.980000 0.101320 2.007370
v -1.985340 0.098680 2.006844
v -1.985340 0.101320 2.006844
v -1.990474 0.098680 2.005287
v -1.990474 0.101320 2.005287
v -1.995206 0.098680 2.002757
v -1.995206 0.101320 2.002757
v -1.999354 0.098680 1.999354
v -1.999354 0.101320 1.999354
v -2.002757 0.098680 1.995206
v -2.002757 0.101320 1.995206
v -2.005287 0.098680 1.990474
v -2.005287 0.101320 1.990474
v -2.006844 0.098680 1.985340
v -2.006844 0.101320 1.985340
v -2.007370 0.098680 1.980000
v -2.007370 0.101320 1.980000
v -2.006844 0.098680 1.974660
v -2.006844 0.101320 1.974660
v -2.005287 0.098680 1.969526
v -2.005287 0.101320 1.969526
v -2.002757 0.098680 1.964794
v -2.002757 0.101320 1.964794
v -1.999354 0.098680 1.960646
v -1.999354 0.101320 1.960646
v -1.995206 0.098680 1.957243
v -1.995206 0.101320 1.957243
v -1.990474 0.098680 1.954713
v -1.990474 0.101320 1.954713
v -1.985340 0.098680 1.953156
v -1.985340 0.101320 1.953156
v -1.980000 0.098680 1.952630
v -1.980000 0.101320 1.952630
v -1.974660 0.098680 1.953156
v -1.974660 0.101320 1.953156
v -1.969526 0.098680 1.954713
v -1.969526 0.101320 1.954713
v -1.964794 0.098680 1.957243
v -1.964794 0.101320 1.957243
v -1.960646 0.098680 1.960646
v -1.960646 0.101320 1.960646
v -1.957243 0.098680 1.964794
v -1.957243 0.101320 1.964794
v -1.954713 0.098680 1.969526
v -1.954713 0.101320 1.969526
v -1.953156 0.098680 1.974660
v -1.953156 0.101320 1.974660
v -1.959389 0.100000 1.991900
v -1.980000 0.100000 2.003800
v -1.980000 0.104400 2.003800
v -1.959389 0.104400 1.991900
v -2.000611 0.100000 1.991900
v -2.000611 0.104400 1.991900
v -2.000611 0.100000 1.968100
v -2.000611 0.104400 1.968100
v -1.980000 0.100000 1.956200
v -1.980000 0.104400 1.956200
v -1.959389 0.100000 1.968100
v -1.959389 0.104400 1.968100
v -1.806000 0.100000 1.820000
v -1.813000 0.100000 1.832124
v -1.813000 0.122000 1.832124
v -1.806000 0.122000 1.820000
v -1.827000 0.100000 1.832124
v -1.827000 0.122000 1.832124
v -1.834000 0.100000 1.820000
v -1.834000 0.122000 1.820000
v -1.827000 0.100000 1.807876
v -1.827000 0.122000 1.807876
v -1.813000 0.100000 1.807876
v -1.813000 0.122000 1.807876
v -1.792630 0.098680 1.820000
v -1.793156 0.098680 1.825340
v -1.793156 0.101320 1.825340
v -1.792630 0.101320 1.820000
v -1.794713 0.098680 1.830474
v -1.794713 0.101320 1.830474
v -1.797243 0.098680 1.835206
v -1.797243 0.101320 1.835206
v -1.800646 0.098680 1.839354
v -1.800646 0.101320 1.839354
v -1.804794 0.098680 1.842757
v -1.804794 0.101320 1.842757
v -1.809526 0.098680 1.845287
v -1.809526 0.101320 1.845287
v -1.814660 0.098680 1.846844
v -1.814660 0.101320 1.846844
v -1.820000 0.098680 1.847370
v -1.820000 0.101320 1.847370
v -1.825340 0.098680 1.846844
v -1.825340 0.101320 1.846844
v -1.830474 0.098680 1.845287
v -1.830474 0.101320 1.845287
v -1.835206 0.098680 1.842757
v -1.835206 0.101320 1.842757
v -1.839354 0.098680 1.839354
v -1.839354 0.101320 1.839354
v -1.842757 0.098680 1.835206
v -1.842757 0.101320 1.835206
v -1.845287 0.098680 1.830474
v -1.845287 0.101320 1.830474
v -1.846844 0.098680 1.825340
v -1.846844 0.101320 1.825340
v -1.847370 0.098680 1.820000
v -1.847370 0.101320 1.820000
v -1.846844 0.098680 1.814660
v -1.846844 0.101320 1.814660
v -1.845287 0.098680 1.809526
v -1.845287 0.101320 1.809526
v -1.842757 0.098680 1.804794
v -1.842757 0.101320 1.804794
v -1.839354 0.098680 1.800646
v -1.839354 0.101320 1.800646
v -1.835206 0.098680 1.797243
v -1.835206 0.101320 1.797243
v -1.830474 0.098680 1.794713
v -1.830474 0.101320 1.794713
v -1.825340 0.098680 1.793156
v -1.825340 0.101320 1.793156
v -1.820000 0.098680 1.792630
v -1.820000 0.101320 1.792630
v -1.814660 0.098680 1.793156
v -1.814660 0.101320 1.793156
v -1.809526 0.098680 1.794713
v -1.809526 0.101320 1.794713
v -1.804794 0.098680 1.797243
v -1.804794 0.101320 1.797243
v -1.800646 0.098680 1.800646
v -1.800646 0.101320 1.800646
v -1.797243 0.098680 1.804794
v -1.797243 0.101320 1.804794
v -1.794713 0.098680 1.809526
v -1.794713 0.101320 1.809526
v -1.793156 0.098680 1.814660
v -1.793156 0.101320 1.814660
v -1.799389 0.100000 1.831900
v -1.820000 0.100000 1.843800
v -1.820000 0.104400 1.843800
v -1.799389 0.104400 1.831900
v -1.840611 0.100000 1.831900
v -1.840611 0.104400 1.831900
v -1.840611 0.100000 1.808100
v -1.840611 0.104400 1.808100
v -1.820000 0.100000 1.796200
v -1.820000 0.104400 1.796200
v -1.799389 0.100000 1.808100
v -1.799389 0.104400 1.808100
v -1.806000 0.100000 1.980000
v -1.813000 0.100000 1.992124
v -1.813000 0.122000 1.992124
v -1.806000 0.122000 1.980000
v -1.827000 0.100000 1.992124
v -1.827000 0.122000 1.992124
v -1.834000 0.100000 1.980000
v -1.834000 0.122000 1.980000
v -1.827000 0.100000 1.967876
v -1.827000 0.122000 1.967876
v -1.813000 0.100000 1.967876
v -1.813000 0.122000 1.967876
v -1.792630 0.098680 1.980000
v -1.793156 0.098680 1.985340
v -1.793156 0.101320 1.985340
v -1.792630 0.101320 1.980000
v -1.794713 0.098680 1.990474
v -1.794713 0.101320 1.990474
v -1.797243 0.098680 1.995206
v -1.797243 0.101320 1.995206
v -1.800646 0.098680 1.999354
v -1.800646 0.101320 1.999354
v -1.804794 0.098680 2.002757
v -1.804794 0.101320 2.002757
v -1.809526 0.098680 2.005287
v -1.809526 0.101320 2.005287
v -1.814660 0.098680 2.006844
v -1.814660 0.101320 2.006844
v -1.820000 0.098680 2.007370
v -1.820000 0.101320 2.007370
v -1.825340 0.098680 2.006844
v -1.825340 0.101320 2.006844
v -1.830474 0.098680 2.005287
v -1.830474 0.101320 2.005287
v -1.835206 0.098680 2.002757
v -1.835206 0.101320 2.002757
v -1.839354 0.098680 1.999354
v -1.839354 0.101320 1.999354
v -1.842757 0.098680 1.995206
v -1.842757 0.101320 1.995206
v -1.845287 0.098680 1.990474
v -1.845287 0.101320 1.990474
v -1.846844 0.098680 1.985340
v -1.846844 0.101320 1.985340
v -1.847370 0.098680 1.980000
v -1.847370 0.101320 1.980000
v -1.846844 0.098680 1.974660
v -1.846844 0.101320 1.974660
v -1.845287 0.098680 1.969526
v -1.845287 0.101320 1.969526
v -1.842757 0.098680 1.964794
v -1.842757 0.101320 1.964794
v -1.839354 0.098680 1.960646
v -1.839354 0.101320 1.960646
v -1.835206 0.098680 1.957243
v -1.835206 0.101320 1.957243
v -1.830474 0.098680 1.954713
v -1.830474 0.101320 1.954713
v -1.825340 0.098680 1.953156
v -1.825340 0.101320 1.953156
v -1.820000 0.098680 1.952630
v -1.820000 0.101320 1.952630
v -1.814660 0.098680 1.953156
v -1.814660 0.101320 1.953156
v -1.809526 0.098680 1.954713
v -1.809526 0.101320 1.954713
v -1.804794 0.098680 1.957243
v -1.804794 0.101320 1.957243
v -1.800646 0.098680 1.960646
v -1.800646 0.101320 1.960646
v -1.797243 0.098680 1.964794
v -1.797243 0.101320 1.964794
v -1.794713 0.098680 1.969526
v -1.794713 0.101320 1.969526
v -1.793156 0.098680 1.974660
v -1.793156 0.101320 1.974660
v -1.799389 0.100000 1.991900
v -1.820000 0.100000 2.003800
v -1.820000 0.104400 2.003800
v -1.799389 0.104400 1.991900
v -1.840611 0.100000 1.991900
v -1.840611 0.104400 1.991900
v -1.840611 0.100000 1.968100
v -1.840611 0.104400 1.968100
v -1.820000 0.100000 1.956200
v -1.820000 0.104400 1.956200
v -1.799389 0.100000 1.968100
v -1.799389 0.104400 1.968100
v 1.710000 0.000000 -1.710000
v 2.090000 0.000000 -1.710000
v 2.090000 0.000000 -2.090000
v 1.710000 0.000000 -2.090000
v 1.710000 0.100000 -2.090000
v 2.090000 0.100000 -2.090000
v 2.090000 0.100000 -1.710000
v 1.710000 0.100000 -1.710000
v 1.834000 0.100000 -1.980000
v 1.827000 0.100000 -1.967876
v 1.827000 0.122000 -1.967876
v 1.834000 0.122000 -1.980000
v 1.813000 0.100000 -1.967876
v 1.813000 0.122000 -1.967876
v 1.806000 0.100000 -1.980000
v 1.806000 0.122000 -1.980000
v 1.813000 0.100000 -1.992124
v 1.813000 0.122000 -1.992124
v 1.827000 0.100000 -1.992124
v 1.827000 0.122000 -1.992124
v 1.847370 0.098680 -1.980000
v 1.846844 0.098680 -1.974660
v 1.846844 0.101320 -1.974660
v 1.847370 0.101320 -1.980000
v 1.845287 0.098680 -1.969526
v 1.845287 0.101320 -1.969526
v 1.842757 0.098680 -1.964794
v 1.842757 0.101320 -1.964794
v 1.839354 0.098680 -1.960646
v 1.839354 0.101320 -1.960646
v 1.835206 0.098680 -1.957243
v 1.835206 0.101320 -1.957243
v 1.830474 0.098680 -1.954713
v 1.830474 0.101320 -1.954713
v 1.825340 0.098680 -1.953156
v 1.825340 0.101320 -1.953156
v 1.820000 0.098680 -1.952630
v 1.820000 0.101320 -1.952630
v 1.814660 0.098680 -1.953156
v 1.814660 0.101320 -1.953156
v 1.809526 0.098680 -1.954713
v 1.809526 0.101320 -1.954713
v 1.804794 0.098680 -1.957243
v 1.804794 0.101320 -1.957243
v 1.800646 0.098680 -1.960646
v 1.800646 0.101320 -1.960646
v 1.797243 0.098680 -1.964794
v 1.797243 0.101320 -1.964794
v 1.794713 0.098680 -1.969526
v 1.794713 0.101320 -1.969526
v 1.793156 0.098680 -1.974660
v 1.793156 0.101320 -1.974660
v 1.792630 0.098680 -1.980000
v 1.792630 0.101320 -1.980000
v 1.793156 0.098680 -1.985340
v 1.793156 0.101320 -1.985340
v 1.794713 0.098680 -1.990474
v 1.794713 0.101320 -1.990474
v 1.797243 0.098680 -1.995206
v 1.797243 0.101320 -1.995206
v 1.800646 0.098680 -1.999354
v 1.800646 0.101320 -1.999354
v 1.804794 0.098680 -2.002757
v 1.804794 0.101320 -2.002757
v 1.809526 0.098680 -2.005287
v 1.809526 0.101320 -2.005287
v 1.814660 0.098680 -2.006844
v 1.814660 0.101320 -2.006844
v 1.820000 0.098680 -2.007370
v 1.820000 0.101320 -2.007370
v 1.825340 0.098680 -2.006844
v 1.825340 0.101320 -2.006844
v 1.830474 0.098680 -2.005287
v 1.830474 0.101320 -2.005287
v 1.835206 0.098680 -2.002757
v 1.835206 0.101320 -2.002757
v 1.839354 0.098680 -1.999354
v 1.839354 0.101320 -1.999354
v 1.842757 0.098680 -1.995206
v 1.842757 0.101320 -1.995206
v 1.845287 0.098680 -1.990474
v 1.845287 0.101320 -1.990474
v 1.846844 0.098680 -1.985340
v 1.846844 0.101320 -1.985340
v 1.840611 0.100000 -1.968100
v 1.820000 0.100000 -1.956200
v 1.820000 0.104400 -1.956200
v 1.840611 0.104400 -1.968100
v 1.799389 0.100000 -1.968100
v 1.799389 0.104400 -1.968100
v 1.799389 0.100000 -1.991900
v 1.799389 0.104400 -1.991900
v 1.820000 0.100000 -2.003800
v 1.820000 0.104400 -2.003800
v 1.840611 0.100000 -1.991900
v 1.840611 0.104400 -1.991900
v 1.834000 0.100000 -1.820000
v 1.827000 0.100000 -1.807876
v 1.827000 0.122000 -1.807876
v 1.834000 0.122000 -1.820000
v 1.813000 0.100000 -1.807876
v 1.813000 0.122000 -1.807876
v 1.806000 0.100000 -1.820000
v 1.806000 0.122000 -1.820000
v 1.813000 0.100000 -1.832124
v 1.813000 0.122000 -1.832124
v 1.827000 0.100000 -1.832124
v 1.827000 0.122000 -1.832124
v 1.847370 0.098680 -1.820000
v 1.846844 0.098680 -1.814660
v 1.846844 0.101320 -1.814660
v 1.847370 0.101320 -1.820000
v 1.845287 0.098680 -1.809526
v 1.845287 0.101320 -1.809526
v 1.842757 0.098680 -1.804794
v 1.842757 0.101320 -1.804794
v 1.839354 0.098680 -1.800646
v 1.839354 0.101320 -1.800646
v 1.835206 0.098680 -1.797243
v 1.835206 0.101320 -1.797243
v 1.830474 0.098680 -1.794713
v 1.830474 0.101320 -1.794713
v 1.825340 0.098680 -1.793156
v 1.825340 0.101320 -1.793156
v 1.820000 0.098680 -1.792630
v 1.820000 0.101320 -1.792630
v 1.814660 0.098680 -1.793156
v 1.814660 0.101320 -1.793156
v 1.809526 0.098680 -1.794713
v 1.809526 0.101320 -1.794713
v 1.804794 0.098680 -1.797243
v 1.804794 0.101320 -1.797243
v 1.800646 0.098680 -1.800646
v 1.800646 0.101320 -1.800646
v 1.797243 0.098680 -1.804794
v 1.797243 0.101320 -1.804794
v 1.794713 0.098680 -1.809526
v 1.794713 0.101320 -1.809526
v 1.793156 0.098680 -1.814660
v 1.793156 0.101320 -1.814660
v 1.792630 0.098680 -1.820000
v 1.792630 0.101320 -1.820000
v 1.793156 0.098680 -1.825340
v 1.793156 0.101320 -1.825340
v 1.794713 0.098680 -1.830474
v 1.794713 0.101320 -1.830474
v 1.797243 0.098680 -1.835206
v 1.797243 0.101320 -1.835206
v 1.800646 0.098680 -1.839354
v 1.800646 0.101320 -1.839354
v 1.804794 0.098680 -1.842757
v 1.804794 0.101320 -1.842757
v 1.809526 0.098680 -1.845287
v 1.809526 0.101320 -1.845287
v 1.814660 0.098680 -1.846844
v 1.814660 0.101320 -1.846844
v 1.820000 0.098680 -1.847370
v 1.820000 0.101320 -1.847370
v 1.825340 0.098680 -1.846844
v 1.825340 0.101320 -1.846844
v 1.830474 0.098680 -1.845287
v 1.830474 0.101320 -1.845287
v 1.835206 0.098680 -1.842757
v 1.835206 0.101320 -1.842757
v 1.839354 0.098680 -1.839354
v 1.839354 0.101320 -1.839354
v 1.842757 0.098680 -1.835206
v 1.842757 0.101320 -1.835206
v 1.845287 0.098680 -1.830474
v 1.845287 0.101320 -1.830474
v 1.846844 0.098680 -1.825340
v 1.846844 0.101320 -1.825340
v 1.840611 0.100000 -1.808100
v 1.820000 0.100000 -1.796200
v 1.820000 0.104400 -1.796200
v 1.840611 0.104400 -1.808100
v 1.799389 0.100000 -1.808100
v 1.799389 0.104400 -1.808100
v 1.799389 0.100000 -1.831900
v 1.799389 0.104400 -1.831900
v 1.820000 0.100000 -1.843800
v 1.820000 0.104400 -1.843800
v 1.840611 0.100000 -1.831900
v 1.840611 0.104400 -1.831900
v 1.994000 0.100000 -1.980000
v 1.987000 0.100000 -1.967876
v 1.987000 0.122000 -1.967876
v 1.994000 0.122000 -1.980000
v 1.973000 0.100000 -1.967876
v 1.973000 0.122000 -1.967876
v 1.966000 0.100000 -1.980000
v 1.966000 0.122000 -1.980000
v 1.973000 0.100000 -1.992124
v 1.973000 0.122000 -1.992124
v 1.987000 0.100000 -1.992124
v 1.987000 0.122000 -1.992124
v 2.007370 0.098680 -1.980000
v 2.006844 0.098680 -1.974660
v 2.006844 0.101320 -1.974660
v 2.007370 0.101320 -1.980000
v 2.005287 0.098680 -1.969526
v 2.005287 0.101320 -1.969526
v 2.002757 0.098680 -1.964794
v 2.002757 0.101320 -1.964794
v 1.999354 0.098680 -1.960646
v 1.999354 0.101320 -1.960646
v 1.995206 0.098680 -1.957243
v 1.995206 0.101320 -1.957243
v 1.990474 0.098680 -1.954713
v 1.990474 0.101320 -1.954713
v 1.985340 0.098680 -1.953156
v 1.985340 0.101320 -1.953156
v 1.980000 0.098680 -1.952630
v 1.980000 0.101320 -1.952630
v 1.974660 0.098680 -1.953156
v 1.974660 0.101320 -1.953156
v 1.969526 0.098680 -1.954713
v 1.969526 0.101320 -1.954713
v 1.964794 0.098680 -1.957243
v 1.964794 0.101320 -1.957243
v 1.960646 0.098680 -1.960646
v 1.960646 0.101320 -1.960646
v 1.957243 0.098680 -1.964794
v 1.957243 0.101320 -1.964794
v 1.954713 0.098680 -1.969526
v 1.954713 0.101320 -1.969526
v 1.953156 0.098680 -1.974660
v 1.953156 0.101320 -1.974660
v 1.952630 0.098680 -1.980000
v 1.952630 0.101320 -1.980000
v 1.953156 0.098680 -1.985340
v 1.953156 0.101320 -1.985340
v 1.954713 0.098680 -1.990474
v 1.954713 0.101320 -1.990474
v 1.957243 0.098680 -1.995206
v 1.957243 0.101320 -1.995206
v 1.960646 0.098680 -1.999354
v 1.960646 0.101320 -1.999354
v 1.964794 0.098680 -2.002757
v 1.964794 0.101320 -2.002757
v 1.969526 0.098680 -2.005287
v 1.969526 0.101320 -2.005287
v 1.974660 0.098680 -2.006844
v 1.974660 0.101320 -2.006844
v 1.980000 0.098680 -2.007370
v 1.980000 0.101320 -2.007370
v 1.985340 0.098680 -2.006844
v 1.985340 0.101320 -2.006844
v 1.990474 0.098680 -2.005287
v 1.990474 0.101320 -2.005287
v 1.995206 0.098680 -2.002757
v 1.995206 0.101320 -2.002757
v 1.999354 0.098680 -1.999354
v 1.999354 0.101320 -1.999354
v 2.002757 0.098680 -1.995206
v 2.002757 0.101320 -1.995206
v 2.005287 0.098680 -1.990474
v 2.005287 0.101320 -1.990474
v 2.006844 0.098680 -1.985340
v 2.006844 0.101320 -1.985340
v 2.000611 0.100000 -1.968100
v 1.980000 0.100000 -1.956200
v 1.980000 0.104400 -1.956200
v 2.000611 0.104400 -1.968100
v 1.959389 0.100000 -1.968100
v 1.959389 0.104400 -1.968100
v 1.959389 0.100000 -1.991900
v 1.959389 0.104400 -1.991900
v 1.980000 0.100000 -2.003800
v 1.980000 0.104400 -2.003800
v 2.000611 0.100000 -1.991900
v 2.000611 0.104400 -1.991900
v 1.994000 0.100000 -1.820000
v 1.987000 0.100000 -1.807876
v 1.987000 0.122000 -1.807876
v 1.994000 0.122000 -1.820000
v 1.973000 0.100000 -1.807876
v 1.973000 0.122000 -1.807876
v 1.966000 0.100000 -1.820000
v 1.966000 0.122000 -1.820000
v 1.973000 0.100000 -1.832124
v 1.973000 0.122000 -1.832124
v 1.987000 0.100000 -1.832124
v 1.987000 0.122000 -1.832124
v 2.007370 0.098680 -1.820000
v 2.006844 0.098680 -1.814660
v 2.006844 0.101320 -1.814660
v 2.007370 0.101320 -1.820000
v 2.005287 0.098680 -1.809526
v 2.005287 0.101320 -1.809526
v 2.002757 0.098680 -1.804794
v 2.002757 0.101320 -1.804794
v 1.999354 0.098680 -1.800646
v 1.999354 0.101320 -1.800646
v 1.995206 0.098680 -1.797243
v 1.995206 0.101320 -1.797243
v 1.990474 0.098680 -1.794713
v 1.990474 0.101320 -1.794713
v 1.985340 0.098680 -1.793156
v 1.985340 0.101320 -1.793156
v 1.980000 0.098680 -1.792630
v 1.980000 0.101320 -1.792630
v 1.974660 0.098680 -1.793156
v 1.974660 0.101320 -1.793156
v 1.969526 0.098680 -1.794713
v 1.969526 0.101320 -1.794713
v 1.964794 0.098680 -1.797243
v 1.964794 0.101320 -1.797243
v 1.960646 0.098680 -1.800646
v 1.960646 0.101320 -1.800646
v 1.957243 0.098680 -1.804794
v 1.957243 0.101320 -1.804794
v 1.954713 0.098680 -1.809526
v 1.954713 0.101320 -1.809526
v 1.953156 0.098680 -1.814660
v 1.953156 0.101320 -1.814660
v 1.952630 0.098680 -1.820000
v 1.952630 0.101320 -1.820000
v 1.953156 0.098680 -1.825340
v 1.953156 0.101320 -1.825340
v 1.954713 0.098680 -1.830474
v 1.954713 0.101320 -1.830474
v 1.957243 0.098680 -1.835206
v 1.957243 0.101320 -1.835206
v 1.960646 0.098680 -1.839354
v 1.960646 0.101320 -1.839354
v 1.964794 0.098680 -1.842757
v 1.964794 0.101320 -1.842757
v 1.969526 0.098680 -1.845287
v 1.969526 0.101320 -1.845287
v 1.974660 0.098680 -1.846844
v 1.974660 0.101320 -1.846844
v 1.980000 0.098680 -1.847370
v 1.980000 0.101320 -1.847370
v 1.985340 0.098680 -1.846844
v 1.985340 0.101320 -1.846844
v 1.990474 0.098680 -1.845287
v 1.990474 0.101320 -1.845287
v 1.995206 0.098680 -1.842757
v 1.995206 0.101320 -1.842757
v 1.999354 0.098680 -1.839354
v 1.999354 0.101320 -1.839354
v 2.002757 0.098680 -1.835206
v 2.002757 0.101320 -1.835206
v 2.005287 0.098680 -1.830474
v 2.005287 0.101320 -1.830474
v 2.006844 0.098680 -1.825340
v 2.006844 0.101320 -1.825340
v 2.000611 0.100000 -1.808100
v 1.980000 0.100000 -1.796200
v 1.980000 0.104400 -1.796200
v 2.000611 0.104400 -1.808100
v 1.959389 0.100000 -1.808100
v 1.959389 0.104400 -1.808100
v 1.959389 0.100000 -1.831900
v 1.959389 0.104400 -1.831900
v 1.980000 0.100000 -1.843800
v 1.980000 0.104400 -1.843800
v 2.000611 0.100000 -1.831900
v 2.000611 0.104400 -1.831900
v 1.710000 0.000000 2.090000
v 2.090000 0.000000 2.090000
v 2.090000 0.000000 1.710000
v 1.710000 0.000000 1.710000
v 1.710000 0.100000 1.710000
v 2.090000 0.100000 1.710000
v 2.090000 0.100000 2.090000
v 1.710000 0.100000 2.090000
v 1.834000 0.100000 1.820000
v 1.827000 0.100000 1.832124
v 1.827000 0.122000 1.832124
v 1.834000 0.122000 1.820000
v 1.813000 0.100000 1.832124
v 1.813000 0.122000 1.832124
v 1.806000 0.100000 1.820000
v 1.806000 0.122000 1.820000
v 1.813000 0.100000 1.807876
v 1.813000 0.122000 1.807876
v 1.827000 0.100000 1.807876
v 1.827000 0.122000 1.807876
v 1.847370 0.098680 1.820000
v 1.846844 0.098680 1.825340
v 1.846844 0.101320 1.825340
v 1.847370 0.101320 1.820000
v 1.845287 0.098680 1.830474
v 1.845287 0.101320 1.830474
v 1.842757 0.098680 1.835206
v 1.842757 0.101320 1.835206
v 1.839354 0.098680 1.839354
v 1.839354 0.101320 1.839354
v 1.835206 0.098680 1.842757
v 1.835206 0.101320 1.842757
v 1.830474 0.098680 1.845287
v 1.830474 0.101320 1.845287
v 1.825340 0.098680 1.846844
v 1.825340 0.101320 1.846844
v 1.820000 0.098680 1.847370
v 1.820000 0.101320 1.847370
v 1.814660 0.098680 1.846844
v 1.814660 0.101320 1.846844
v 1.809526 0.098680 1.845287
v 1.809526 0.101320 1.845287
v 1.804794 0.098680 1.842757
v 1.804794 0.101320 1.842757
v 1.800646 0.098680 1.839354
v 1.800646 0.101320 1.839354
v 1.797243 0.098680 1.835206
v 1.797243 0.101320 1.835206
v 1.794713 0.098680 1.830474
v 1.794713 0.101320 1.830474
v 1.793156 0.098680 1.825340
v 1.793156 0.101320 1.825340
v 1.792630 0.098680 1.820000
v 1.792630 0.101320 1.820000
v 1.793156 0.098680 1.814660
v 1.793156 0.101320 1.814660
v 1.794713 0.098680 1.809526
v 1.794713 0.101320 1.809526
v 1.797243 0.098680 1.804794
v 1.797243 0.101320 1.804794
v 1.800646 0.098680 1.800646
v 1.800646 0.101320 1.800646
v 1.804794 0.098680 1.797243
v 1.804794 0.101320 1.797243
v 1.809526 0.098680 1.794713
v 1.809526 0.101320 1.794713
v 1.814660 0.098680 1.793156
v 1.814660 0.101320 1.793156
v 1.820000 0.098680 1.792630
v 1.820000 0.101320 1.792630
v 1.825340 0.098680 1.793156
v 1.825340 0.101320 1.793156
v 1.830474 0.098680 1.794713
v 1.830474 0.101320 1.794713
v 1.835206 0.098680 1.797243
v 1.835206 0.101320 1.797243
v 1.839354 0.098680 1.800646
v 1.839354 0.101320 1.800646
v 1.842757 0.098680 1.804794
v 1.842757 0.101320 1.804794
v 1.845287 0.098680 1.809526
v 1.845287 0.101320 1.809526
v 1.846844 0.098680 1.814660
v 1.846844 0.101320 1.814660
v 1.840611 0.100000 1.831900
v 1.820000 0.100000 1.843800
v 1.820000 0.104400 1.843800
v 1.840611 0.104400 1.831900
v 1.799389 0.100000 1.831900
v 1.799389 0.104400 1.831900
v 1.799389 0.100000 1.808100
v 1.799389 0.104400 1.808100
v 1.820000 0.100000 1.796200
v 1.820000 0.104400 1.796200
v 1.840611 0.100000 1.808100
v 1.840611 0.104400 1.808100
v 1.834000 0.100000 1.980000
v 1.827000 0.100000 1.992124
v 1.827000 0.122000 1.992124
v 1.834000 0.122000 1.980000
v 1.813000 0.100000 1.992124
v 1.813000 0.122000 1.992124
v 1.806000 0.100000 1.980000
v 1.806000 0.122000 1.980000
v 1.813000 0.100000 1.967876
v 1.813000 0.122000 1.967876
v 1.827000 0.100000 1.967876
v 1.827000 0.122000 1.967876
v 1.847370 0.098680 1.980000
v 1.846844 0.098680 1.985340
v 1.846844 0.101320 1.985340
v 1.847370 0.101320 1.980000
v 1.845287 0.098680 1.990474
v 1.845287 0.101320 1.990474
v 1.842757 0.098680 1.995206
v 1.842757 0.101320 1.995206
v 1.839354 0.098680 1.999354
v 1.839354 0.101320 1.999354
v 1.835206 0.098680 2.002757
v 1.835206 0.101320 2.002757
v 1.830474 0.098680 2.005287
v 1.830474 0.101320 2.005287
v 1.825340 0.098680 2.006844
v 1.825340 0.101320 2.006844
v 1.820000 0.098680 2.007370
v 1.820000 0.101320 2.007370
v 1.814660 0.098680 2.006844
v 1.814660 0.101320 2.006844
v 1.809526 0.098680 2.005287
v 1.809526 0.101320 2.005287
v 1.804794 0.098680 2.002757
v 1.804794 0.101320 2.002757
v 1.800646 0.098680 1.999354
v 1.800646 0.101320 1.999354
v 1.797243 0.098680 1.995206
v 1.797243 0.101320 1.995206
v 1.794713 0.098680 1.990474
v 1.794713 0.101320 1.990474
v 1.793156 0.098680 1.985340
v 1.793156 0.101320 1.985340
v 1.792630 0.098680 1.980000
v 1.792630 0.101320 1.980000
v 1.793156 0.098680 1.974660
v 1.793156 0.101320 1.974660
v 1.794713 0.098680 1.969526
v 1.794713 0.101320 1.969526
v 1.797243 0.098680 1.964794
v 1.797243 0.101320 1.964794
v 1.800646 0.098680 1.960646
v 1.800646 0.101320 1.960646
v 1.804794 0.098680 1.957243
v 1.804794 0.101320 1.957243
v 1.809526 0.098680 1.954713
v 1.809526 0.101320 1.954713
v 1.814660 0.098680 1.953156
v 1.814660 0.101320 1.953156
v 1.820000 0.098680 1.952630
v 1.820000 0.101320 1.952630
v 1.825340 0.098680 1.953156
v 1.825340 0.101320 1.953156
v 1.830474 0.098680 1.954713
v 1.830474 0.101320 1.954713
v 1.835206 0.098680 1.957243
v 1.835206 0.101320 1.957243
v 1.839354 0.098680 1.960646
v 1.839354 0.101320 1.960646
v 1.842757 0.098680 1.964794
v 1.842757 0.101320 1.964794
v 1.845287 0.098680 1.969526
v 1.845287 0.101320 1.969526
v 1.846844 0.098680 1.974660
v 1.846844 0.101320 1.974660
v 1.840611 0.100000 1.991900
v 1.820000 0.100000 2.003800
v 1.820000 0.104400 2.003800
v 1.840611 0.104400 1.991900
v 1.799389 0.100000 1.991900
v 1.799389 0.104400 1.991900
v 1.799389 0.100000 1.968100
v 1.799389 0.104400 1.968100
v 1.820000 0.100000 1.956200
v 1.820000 0.104400 1.956200
v 1.840611 0.100000 1.968100
v 1.840611 0.104400 1.968100
v 1.994000 0.100000 1.820000
v 1.987000 0.100000 1.832124
v 1.987000 0.122000 1.832124
v 1.994000 0.122000 1.820000
v 1.973000 0.100000 1.832124
v 1.973000 0.122000 1.832124
v 1.966000 0.100000 1.820000
v 1.966000 0.122000 1.820000
v 1.973000 0.100000 1.807876
v 1.973000 0.122000 1.807876
v 1.987000 0.100000 1.807876
v 1.987000 0.122000 1.807876
v 2.007370 0.098680 1.820000
v 2.006844 0.098680 1.825340
v 2.006844 0.101320 1.825340
v 2.007370 0.101320 1.820000
v 2.005287 0.098680 1.830474
v 2.005287 0.101320 1.830474
v 2.002757 0.098680 1.835206
v 2.002757 0.101320 1.835206
v 1.999354 0.098680 1.839354
v 1.999354 0.101320 1.839354
v 1.995206 0.098680 1.842757
v 1.995206 0.101320 1.842757
v 1.990474 0.098680 1.845287
v 1.990474 0.101320 1.845287
v 1.985340 0.098680 1.846844
v 1.985340 0.101320 1.846844
v 1.980000 0.098680 1.847370
v 1.980000 0.101320 1.847370
v 1.974660 0.098680 1.846844
v 1.974660 0.101320 1.846844
v 1.969526 0.098680 1.845287
v 1.969526 0.101320 1.845287
v 1.964794 0.098680 1.842757
v 1.964794 0.101320 1.842757
v 1.960646 0.098680 1.839354
v 1.960646 0.101320 1.839354
v 1.957243 0.098680 1.835206
v 1.957243 0.101320 1.835206
v 1.954713 0.098680 1.830474
v 1.954713 0.101320 1.830474
v 1.953156 0.098680 1.825340
v 1.953156 0.101320 1.825340
v 1.952630 0.098680 1.820000
v 1.952630 0.101320 1.820000
v 1.953156 0.098680 1.814660
v 1.953156 0.101320 1.814660
v 1.954713 0.098680 1.809526
v 1.954713 0.101320 1.809526
v 1.957243 0.098680 1.804794
v 1.957243 0.101320 1.804794
v 1.960646 0.098680 1.800646
v 1.960646 0.101320 1.800646
v 1.964794 0.098680 1.797243
v 1.964794 0.101320 1.797243
v 1.969526 0.098680 1.794713
v 1.969526 0.101320 1.794713
v 1.974660 0.098680 1.793156
v 1.974660 0.101320 1.793156
v 1.980000 0.098680 1.792630
v 1.980000 0.101320 1.792630
v 1.985340 0.098680 1.793156
v 1.985340 0.101320 1.793156
v 1.990474 0.098680 1.794713
v 1.990474 0.101320 1.794713
v 1.995206 0.098680 1.797243
v 1.995206 0.101320 1.797243
v 1.999354 0.098680 1.800646
v 1.999354 0.101320 1.800646
v 2.002757 0.098680 1.804794
v 2.002757 0.101320 1.804794
v 2.005287 0.098680 1.809526
v 2.005287 0.101320 1.809526
v 2.006844 0.098680 1.814660
v 2.006844 0.101320 1.814660
v 2.000611 0.100000 1.831900
v 1.980000 0.100000 1.843800
v 1.980000 0.104400 1.843800
v 2.000611 0.104400 1.831900
v 1.959389 0.100000 1.831900
v 1.959389 0.104400 1.831900
v 1.959389 0.100000 1.808100
v 1.959389 0.104400 1.808100
v 1.980000 0.100000 1.796200
v 1.980000 0.104400 1.796200
v 2.000611 0.100000 1.808100
v 2.000611 0.104400 1.808100
v 1.994000 0.100000 1.980000
v 1.987000 0.100000 1.992124
v 1.987000 0.122000 1.992124
v 1.994000 0.122000 1.980000
v 1.973000 0.100000 1.992124
v 1.973000 0.122000 1.992124
v 1.966000 0.100000 1.980000
v 1.966000 0.122000 1.980000
v 1.973000 0.100000 1.967876
v 1.973000 0.122000 1.967876
v 1.987000 0.100000 1.967876
v 1.987000 0.122000 1.967876
v 2.007370 0.098680 1.980000
v 2.006844 0.098680 1.985340
v 2.006844 0.101320 1.985340
v 2.007370 0.101320 1.980000
v 2.005287 0.098680 1.990474
v 2.005287 0.101320 1.990474
v 2.002757 0.098680 1.995206
v 2.002757 0.101320 1.995206
v 1.999354 0.098680 1.999354
v 1.999354 0.101320 1.999354
v 1.995206 0.098680 2.002757
v 1.995206 0.101320 2.002757
v 1.990474 0.098680 2.005287
v 1.990474 0.101320 2.005287
v 1.985340 0.098680 2.006844
v 1.985340 0.101320 2.006844
v 1.980000 0.098680 2.007370
v 1.980000 0.101320 2.007370
v 1.974660 0.098680 2.006844
v 1.974660 0.101320 2.006844
v 1.969526 0.098680 2.005287
v 1.969526 0.101320 2.005287
v 1.964794 0.098680 2.002757
v 1.964794 0.101320 2.002757
v 1.960646 0.098680 1.999354
v 1.960646 0.101320 1.999354
v 1.957243 0.098680 1.995206
v 1.957243 0.101320 1.995206
v 1.954713 0.098680 1.990474
v 1.954713 0.101320 1.990474
v 1.953156 0.098680 1.985340
v 1.953156 0.101320 1.985340
v 1.952630 0.098680 1.980000
v 1.952630 0.101320 1.980000
v 1.953156 0.098680 1.974660
v 1.953156 0.101320 1.974660
v 1.954713 0.098680 1.969526
v 1.954713 0.101320 1.969526
v 1.957243 0.098680 1.964794
v 1.957243 0.101320 1.964794
v 1.960646 0.098680 1.960646
v 1.960646 0.101320 1.960646
v 1.964794 0.098680 1.957243
v 1.964794 0.101320 1.957243
v 1.969526 0.098680 1.954713
v 1.969526 0.101320 1.954713
v 1.974660 0.098680 1.953156
v 1.974660 0.101320 1.953156
v 1.980000 0.098680 1.952630
v 1.980000 0.101320 1.952630
v 1.985340 0.098680 1.953156
v 1.985340 0.101320 1.953156
v 1.990474 0.098680 1.954713
v 1.990474 0.101320 1.954713
v 1.995206 0.098680 1.957243
v 1.995206 0.101320 1.957243
v 1.999354 0.098680 1.960646
v 1.999354 0.101320 1.960646
v 2.002757 0.098680 1.964794
v 2.002757 0.101320 1.964794
v 2.005287 0.098680 1.969526
v 2.005287 0.101320 1.969526
v 2.006844 0.098680 1.974660
v 2.006844 0.101320 1.974660
v 2.000611 0.100000 1.991900
v 1.980000 0.100000 2.003800
v 1.980000 0.104400 2.003800
v 2.000611 0.104400 1.991900
v 1.959389 0.100000 1.991900
v 1.959389 0.104400 1.991900
v 1.959389 0.100000 1.968100
v 1.959389 0.104400 1.968100
v 1.980000 0.100000 1.956200
v 1.980000 0.104400 1.956200
v 2.000611 0.100000 1.968100
v 2.000611 0.104400 1.968100
v -1.941926 0.013925 -1.940753
v -1.941926 -0.000192 -1.856934
v -1.781926 0.949808 -1.696934
v -1.781926 0.963925 -1.780753
v -1.858074 0.000192 -1.943066
v -1.698074 0.950192 -1.783066
v -1.698074 0.936075 -1.699247
v -1.858074 -0.013925 -1.859247
v -1.621926 1.899808 -1.536934
v -1.621926 1.913925 -1.620753
v -1.538074 1.900192 -1.623066
v -1.538074 1.886075 -1.539247
v -1.461926 2.849808 -1.376934
v -1.461926 2.863925 -1.460753
v -1.378074 2.850192 -1.463066
v -1.378074 2.836075 -1.379247
v -1.301926 3.799808 -1.216934
v -1.301926 3.813925 -1.300753
v -1.218074 3.800192 -1.303066
v -1.218074 3.786075 -1.219247
v -1.141926 4.749808 -1.056934
v -1.141926 4.763925 -1.140753
v -1.058074 4.750192 -1.143066
v -1.058074 4.736075 -1.059247
v -0.981926 5.699808 -0.896934
v -0.981926 5.713925 -0.980753
v -0.898074 5.700192 -0.983066
v -0.898074 5.686075 -0.899247
v -0.821926 6.649808 -0.736934
v -0.821926 6.663925 -0.820753
v -0.738074 6.650192 -0.823066
v -0.738074 6.636075 -0.739247
v -0.661926 7.599808 -0.576934
v -0.661926 7.613925 -0.660753
v -0.578074 7.600192 -0.663066
v -0.578074 7.586075 -0.579247
v -0.658250 7.600000 -0.658250
v -0.658250 7.600000 -0.581750
v -0.658250 9.900000 -0.581750
v -0.658250 9.900000 -0.658250
v -0.581750 7.600000 -0.658250
v -0.581750 9.900000 -0.658250
v -0.581750 9.900000 -0.581750
v -0.581750 7.600000 -0.581750
v -1.941926 -0.000192 1.856934
v -1.941926 0.013925 1.940753
v -1.781926 0.963925 1.780753
v -1.781926 0.949808 1.696934
v -1.858074 -0.013925 1.859247
v -1.698074 0.936075 1.699247
v -1.698074 0.950192 1.783066
v -1.858074 0.000192 1.943066
v -1.621926 1.913925 1.620753
v -1.621926 1.899808 1.536934
v -1.538074 1.886075 1.539247
v -1.538074 1.900192 1.623066
v -1.461926 2.863925 1.460753
v -1.461926 2.849808 1.376934
v -1.378074 2.836075 1.379247
v -1.378074 2.850192 1.463066
v -1.301926 3.813925 1.300753
v -1.301926 3.799808 1.216934
v -1.218074 3.786075 1.219247
v -1.218074 3.800192 1.303066
v -1.141926 4.763925 1.140753
v -1.141926 4.749808 1.056934
v -1.058074 4.736075 1.059247
v -1.058074 4.750192 1.143066
v -0.981926 5.713925 0.980753
v -0.981926 5.699808 0.896934
v -0.898074 5.686075 0.899247
v -0.898074 5.700192 0.983066
v -0.821926 6.663925 0.820753
v -0.821926 6.649808 0.736934
v -0.738074 6.636075 0.739247
v -0.738074 6.650192 0.823066
v -0.661926 7.613925 0.660753
v -0.661926 7.599808 0.576934
v -0.578074 7.586075 0.579247
v -0.578074 7.600192 0.663066
v -0.658250 7.600000 0.581750
v -0.658250 7.600000 0.658250
v -0.658250 9.900000 0.658250
v -0.658250 9.900000 0.581750
v -0.581750 7.600000 0.581750
v -0.581750 9.900000 0.581750
v -0.581750 9.900000 0.658250
v -0.581750 7.600000 0.658250
v 1.858074 0.000192 -1.943066
v 1.858074 -0.013925 -1.859247
v 1.698074 0.936075 -1.699247
v 1.698074 0.950192 -1.783066
v 1.941926 0.013925 -1.940753
v 1.781926 0.963925 -1.780753
v 1.781926 0.949808 -1.696934
v 1.941926 -0.000192 -1.856934
v 1.538074 1.886075 -1.539247
v 1.538074 1.900192 -1.623066
v 1.621926 1.913925 -1.620753
v 1.621926 1.899808 -1.536934
v 1.378074 2.836075 -1.379247
v 1.378074 2.850192 -1.463066
v 1.461926 2.863925 -1.460753
v 1.461926 2.849808 -1.376934
v 1.218074 3.786075 -1.219247
v 1.218074 3.800192 -1.303066
v 1.301926 3.813925 -1.300753
v 1.301926 3.799808 -1.216934
v 1.058074 4.736075 -1.059247
v 1.058074 4.750192 -1.143066
v 1.141926 4.763925 -1.140753
v 1.141926 4.749808 -1.056934
v 0.898074 5.686075 -0.899247
v 0.898074 5.700192 -0.983066
v 0.981926 5.713925 -0.980753
v 0.981926 5.699808 -0.896934
v 0.738074 6.636075 -0.739247
v 0.738074 6.650192 -0.823066
v 0.821926 6.663925 -0.820753
v 0.821926 6.649808 -0.736934
v 0.578074 7.586075 -0.579247
v 0.578074 7.600192 -0.663066
v 0.661926 7.613925 -0.660753
v 0.661926 7.599808 -0.576934
v 0.581750 7.600000 -0.658250
v 0.581750 7.600000 -0.581750
v 0.581750 9.900000 -0.581750
v 0.581750 9.900000 -0.658250
v 0.658250 7.600000 -0.658250
v 0.658250 9.900000 -0.658250
v 0.658250 9.900000 -0.581750
v 0.658250 7.600000 -0.581750
v 1.858074 -0.013925 1.859247
v 1.858074 0.000192 1.943066
v 1.698074 0.950192 1.783066
v 1.698074 0.936075 1.699247
v 1.941926 -0.000192 1.856934
v 1.781926 0.949808 1.696934
v 1.781926 0.963925 1.780753
v 1.941926 0.013925 1.940753
v 1.538074 1.900192 1.623066
v 1.538074 1.886075 1.539247
v 1.621926 1.899808 1.536934
v 1.621926 1.913925 1.620753
v 1.378074 2.850192 1.463066
v 1.378074 2.836075 1.379247
v 1.461926 2.849808 1.376934
v 1.461926 2.863925 1.460753
v 1.218074 3.800192 1.303066
v 1.218074 3.786075 1.219247
v 1.301926 3.799808 1.216934
v 1.301926 3.813925 1.300753
v 1.058074 4.750192 1.143066
v 1.058074 4.736075 1.059247
v 1.141926 4.749808 1.056934
v 1.141926 4.763925 1.140753
v 0.898074 5.700192 0.983066
v 0.898074 5.686075 0.899247
v 0.981926 5.699808 0.896934
v 0.981926 5.713925 0.980753
v 0.738074 6.650192 0.823066
v 0.738074 6.636075 0.739247
v 0.821926 6.649808 0.736934
v 0.821926 6.663925 0.820753
v 0.578074 7.600192 0.663066
v 0.578074 7.586075 0.579247
v 0.661926 7.599808 0.576934
v 0.661926 7.613925 0.660753
v 0.581750 7.600000 0.581750
v 0.581750 7.600000 0.658250
v 0.581750 9.900000 0.658250
v 0.581750 9.900000 0.581750
v 0.658250 7.600000 0.581750
v 0.658250 9.900000 0.581750
v 0.658250 9.900000 0.658250
v 0.658250 7.600000 0.658250
v -1.740000 0.924000 -1.714000
v -1.740000 0.924000 -1.766000
v 1.740000 0.924000 -1.766000
v 1.740000 0.924000 -1.714000
v -1.740000 0.976000 -1.714000
v 1.740000 0.976000 -1.714000
v 1.740000 0.976000 -1.766000
v -1.740000 0.976000 -1.766000
v 1.714000 0.924000 -1.740000
v 1.766000 0.924000 -1.740000
v 1.766000 0.924000 1.740000
v 1.714000 0.924000 1.740000
v 1.714000 0.976000 -1.740000
v 1.714000 0.976000 1.740000
v 1.766000 0.976000 1.740000
v 1.766000 0.976000 -1.740000
v 1.740000 0.924000 1.714000
v 1.740000 0.924000 1.766000
v -1.740000 0.924000 1.766000
v -1.740000 0.924000 1.714000
v 1.740000 0.976000 1.714000
v -1.740000 0.976000 1.714000
v -1.740000 0.976000 1.766000
v 1.740000 0.976000 1.766000
v -1.714000 0.924000 1.740000
v -1.766000 0.924000 1.740000
v -1.766000 0.924000 -1.740000
v -1.714000 0.924000 -1.740000
v -1.714000 0.976000 1.740000
v -1.714000 0.976000 -1.740000
v -1.766000 0.976000 -1.740000
v -1.766000 0.976000 1.740000
v -1.580000 1.874000 -1.554000
v -1.580000 1.874000 -1.606000
v 1.580000 1.874000 -1.606000
v 1.580000 1.874000 -1.554000
v -1.580000 1.926000 -1.554000
v 1.580000 1.926000 -1.554000
v 1.580000 1.926000 -1.606000
v -1.580000 1.926000 -1.606000
v 1.554000 1.874000 -1.580000
v 1.606000 1.874000 -1.580000
v 1.606000 1.874000 1.580000
v 1.554000 1.874000 1.580000
v 1.554000 1.926000 -1.580000
v 1.554000 1.926000 1.580000
v 1.606000 1.926000 1.580000
v 1.606000 1.926000 -1.580000
v 1.580000 1.874000 1.554000
v 1.580000 1.874000 1.606000
v -1.580000 1.874000 1.606000
v -1.580000 1.874000 1.554000
v 1.580000 1.926000 1.554000
v -1.580000 1.926000 1.554000
v -1.580000 1.926000 1.606000
v 1.580000 1.926000 1.606000
v -1.554000 1.874000 1.580000
v -1.606000 1.874000 1.580000
v -1.606000 1.874000 -1.580000
v -1.554000 1.874000 -1.580000
v -1.554000 1.926000 1.580000
v -1.554000 1.926000 -1.580000
v -1.606000 1.926000 -1.580000
v -1.606000 1.926000 1.580000
v -1.420000 2.824000 -1.394000
v -1.420000 2.824000 -1.446000
v 1.420000 2.824000 -1.446000
v 1.420000 2.824000 -1.394000
v -1.420000 2.876000 -1.394000
v 1.420000 2.876000 -1.394000
v 1.420000 2.876000 -1.446000
v -1.420000 2.876000 -1.446000
v 1.394000 2.824000 -1.420000
v 1.446000 2.824000 -1.420000
v 1.446000 2.824000 1.420000
v 1.394000 2.824000 1.420000
v 1.394000 2.876000 -1.420000
v 1.394000 2.876000 1.420000
v 1.446000 2.876000 1.420000
v 1.446000 2.876000 -1.420000
v 1.420000 2.824000 1.394000
v 1.420000 2.824000 1.446000
v -1.420000 2.824000 1.446000
v -1.420000 2.824000 1.394000
v 1.420000 2.876000 1.394000
v -1.420000 2.876000 1.394000
v -1.420000 2.876000 1.446000
v 1.420000 2.876000 1.446000
v -1.394000 2.824000 1.420000
v -1.446000 2.824000 1.420000
v -1.446000 2.824000 -1.420000
v -1.394000 2.824000 -1.420000
v -1.394000 2.876000 1.420000
v -1.394000 2.876000 -1.420000
v -1.446000 2.876000 -1.420000
v -1.446000 2.876000 1.420000
v -1.260000 3.774000 -1.234000
v -1.260000 3.774000 -1.286000
v 1.260000 3.774000 -1.286000
v 1.260000 3.774000 -1.234000
v -1.260000 3.826000 -1.234000
v 1.260000 3.826000 -1.234000
v 1.260000 3.826000 -1.286000
v -1.260000 3.826000 -1.286000
v 1.234000 3.774000 -1.260000
v 1.286000 3.774000 -1.260000
v 1.286000 3.774000 1.260000
v 1.234000 3.774000 1.260000
v 1.234000 3.826000 -1.260000
v 1.234000 3.826000 1.260000
v 1.286000 3.826000 1.260000
v 1.286000 3.826000 -1.260000
v 1.260000 3.774000 1.234000
v 1.260000 3.774000 1.286000
v -1.260000 3.774000 1.286000
v -1.260000 3.774000 1.234000
v 1.260000 3.826000 1.234000
v -1.260000 3.826000 1.234000
v -1.260000 3.826000 1.286000
v 1.260000 3.826000 1.286000
v -1.234000 3.774000 1.260000
v -1.286000 3.774000 1.260000
v -1.286000 3.774000 -1.260000
v -1.234000 3.774000 -1.260000
v -1.234000 3.826000 1.260000
v -1.234000 3.826000 -1.260000
v -1.286000 3.826000 -1.260000
v -1.286000 3.826000 1.260000
v -1.100000 4.724000 -1.074000
v -1.100000 4.724000 -1.126000
v 1.100000 4.724000 -1.126000
v 1.100000 4.724000 -1.074000
v -1.100000 4.776000 -1.074000
v 1.100000 4.776000 -1.074000
v 1.100000 4.776000 -1.126000
v -1.100000 4.776000 -1.126000
v 1.074000 4.724000 -1.100000
v 1.126000 4.724000 -1.100000
v 1.126000 4.724000 1.100000
v 1.074000 4.724000 1.100000
v 1.074000 4.776000 -1.100000
v 1.074000 4.776000 1.100000
v 1.126000 4.776000 1.100000
v 1.126000 4.776000 -1.100000
v 1.100000 4.724000 1.074000
v 1.100000 4.724000 1.126000
v -1.100000 4.724000 1.126000
v -1.100000 4.724000 1.074000
v 1.100000 4.776000 1.074000
v -1.100000 4.776000 1.074000
v -1.100000 4.776000 1.126000
v 1.100000 4.776000 1.126000
v -1.074000 4.724000 1.100000
v -1.126000 4.724000 1.100000
v -1.126000 4.724000 -1.100000
v -1.074000 4.724000 -1.100000
v -1.074000 4.776000 1.100000
v -1.074000 4.776000 -1.100000
v -1.126000 4.776000 -1.100000
v -1.126000 4.776000 1.100000
v -0.940000 5.674000 -0.914000
v -0.940000 5.674000 -0.966000
v 0.940000 5.674000 -0.966000
v 0.940000 5.674000 -0.914000
v -0.940000 5.726000 -0.914000
v 0.940000 5.726000 -0.914000
v 0.940000 5.726000 -0.966000
v -0.940000 5.726000 -0.966000
v 0.914000 5.674000 -0.940000
v 0.966000 5.674000 -0.940000
v 0.966000 5.674000 0.940000
v 0.914000 5.674000 0.940000
v 0.914000 5.726000 -0.940000
v 0.914000 5.726000 0.940000
v 0.966000 5.726000 0.940000
v 0.966000 5.726000 -0.940000
v 0.940000 5.674000 0.914000
v 0.940000 5.674000 0.966000
v -0.940000 5.674000 0.966000
v -0.940000 5.674000 0.914000
v 0.940000 5.726000 0.914000
v -0.940000 5.726000 0.914000
v -0.940000 5.726000 0.966000
v 0.940000 5.726000 0.966000
v -0.914000 5.674000 0.940000
v -0.966000 5.674000 0.940000
v -0.966000 5.674000 -0.940000
v -0.914000 5.674000 -0.940000
v -0.914000 5.726000 0.940000
v -0.914000 5.726000 -0.940000
v -0.966000 5.726000 -0.940000
v -0.966000 5.726000 0.940000
v -0.780000 6.624000 -0.754000
v -0.780000 6.624000 -0.806000
v 0.780000 6.624000 -0.806000
v 0.780000 6.624000 -0.754000
v -0.780000 6.676000 -0.754000
v 0.780000 6.676000 -0.754000
v 0.780000 6.676000 -0.806000
v -0.780000 6.676000 -0.806000
v 0.754000 6.624000 -0.780000
v 0.806000 6.624000 -0.780000
v 0.806000 6.624000 0.780000
v 0.754000 6.624000 0.780000
v 0.754000 6.676000 -0.780000
v 0.754000 6.676000 0.780000
v 0.806000 6.676000 0.780000
v 0.806000 6.676000 -0.780000
v 0.780000 6.624000 0.754000
v 0.780000 6.624000 0.806000
v -0.780000 6.624000 0.806000
v -0.780000 6.624000 0.754000
v 0.780000 6.676000 0.754000
v -0.780000 6.676000 0.754000
v -0.780000 6.676000 0.806000
v 0.780000 6.676000 0.806000
v -0.754000 6.624000 0.780000
v -0.806000 6.624000 0.780000
v -0.806000 6.624000 -0.780000
v -0.754000 6.624000 -0.780000
v -0.754000 6.676000 0.780000
v -0.754000 6.676000 -0.780000
v -0.806000 6.676000 -0.780000
v -0.806000 6.676000 0.780000
v -0.620000 7.574000 -0.594000
v -0.620000 7.574000 -0.646000
v 0.620000 7.574000 -0.646000
v 0.620000 7.574000 -0.594000
v -0.620000 7.626000 -0.594000
v 0.620000 7.626000 -0.594000
v 0.620000 7.626000 -0.646000
v -0.620000 7.626000 -0.646000
v 0.594000 7.574000 -0.620000
v 0.646000 7.574000 -0.620000
v 0.646000 7.574000 0.620000
v 0.594000 7.574000 0.620000
v 0.594000 7.626000 -0.620000
v 0.594000 7.626000 0.620000
v 0.646000 7.626000 0.620000
v 0.646000 7.626000 -0.620000
v 0.620000 7.574000 0.594000
v 0.620000 7.574000 0.646000
v -0.620000 7.574000 0.646000
v -0.620000 7.574000 0.594000
v 0.620000 7.626000 0.594000
v -0.620000 7.626000 0.594000
v -0.620000 7.626000 0.646000
v 0.620000 7.626000 0.646000
v -0.594000 7.574000 0.620000
v -0.646000 7.574000 0.620000
v -0.646000 7.574000 -0.620000
v -0.594000 7.574000 -0.620000
v -0.594000 7.626000 0.620000
v -0.594000 7.626000 -0.620000
v -0.646000 7.626000 -0.620000
v -0.646000 7.626000 0.620000
v -0.620000 8.149000 -0.594000
v -0.620000 8.149000 -0.646000
v 0.620000 8.149000 -0.646000
v 0.620000 8.149000 -0.594000
v -0.620000 8.201000 -0.594000
v 0.620000 8.201000 -0.594000
v 0.620000 8.201000 -0.646000
v -0.620000 8.201000 -0.646000
v 0.594000 8.149000 -0.620000
v 0.646000 8.149000 -0.620000
v 0.646000 8.149000 0.620000
v 0.594000 8.149000 0.620000
v 0.594000 8.201000 -0.620000
v 0.594000 8.201000 0.620000
v 0.646000 8.201000 0.620000
v 0.646000 8.201000 -0.620000
v 0.620000 8.149000 0.594000
v 0.620000 8.149000 0.646000
v -0.620000 8.149000 0.646000
v -0.620000 8.149000 0.594000
v 0.620000 8.201000 0.594000
v -0.620000 8.201000 0.594000
v -0.620000 8.201000 0.646000
v 0.620000 8.201000 0.646000
v -0.594000 8.149000 0.620000
v -0.646000 8.149000 0.620000
v -0.646000 8.149000 -0.620000
v -0.594000 8.149000 -0.620000
v -0.594000 8.201000 0.620000
v -0.594000 8.201000 -0.620000
v -0.646000 8.201000 -0.620000
v -0.646000 8.201000 0.620000
v -0.620000 8.724000 -0.594000
v -0.620000 8.724000 -0.646000
v 0.620000 8.724000 -0.646000
v 0.620000 8.724000 -0.594000
v -0.620000 8.776000 -0.594000
v 0.620000 8.776000 -0.594000
v 0.620000 8.776000 -0.646000
v -0.620000 8.776000 -0.646000
v 0.594000 8.724000 -0.620000
v 0.646000 8.724000 -0.620000
v 0.646000 8.724000 0.620000
v 0.594000 8.724000 0.620000
v 0.594000 8.776000 -0.620000
v 0.594000 8.776000 0.620000
v 0.646000 8.776000 0.620000
v 0.646000 8.776000 -0.620000
v 0.620000 8.724000 0.594000
v 0.620000 8.724000 0.646000
v -0.620000 8.724000 0.646000
v -0.620000 8.724000 0.594000
v 0.620000 8.776000 0.594000
v -0.620000 8.776000 0.594000
v -0.620000 8.776000 0.646000
v 0.620000 8.776000 0.646000
v -0.594000 8.724000 0.620000
v -0.646000 8.724000 0.620000
v -0.646000 8.724000 -0.620000
v -0.594000 8.724000 -0.620000
v -0.594000 8.776000 0.620000
v -0.594000 8.776000 -0.620000
v -0.646000 8.776000 -0.620000
v -0.646000 8.776000 0.620000
v -0.620000 9.299000 -0.594000
v -0.620000 9.299000 -0.646000
v 0.620000 9.299000 -0.646000
v 0.620000 9.299000 -0.594000
v -0.620000 9.351000 -0.594000
v 0.620000 9.351000 -0.594000
v 0.620000 9.351000 -0.646000
v -0.620000 9.351000 -0.646000
v 0.594000 9.299000 -0.620000
v 0.646000 9.299000 -0.620000
v 0.646000 9.299000 0.620000
v 0.594000 9.299000 0.620000
v 0.594000 9.351000 -0.620000
v 0.594000 9.351000 0.620000
v 0.646000 9.351000 0.620000
v 0.646000 9.351000 -0.620000
v 0.620000 9.299000 0.594000
v 0.620000 9.299000 0.646000
v -0.620000 9.299000 0.646000
v -0.620000 9.299000 0.594000
v 0.620000 9.351000 0.594000
v -0.620000 9.351000 0.594000
v -0.620000 9.351000 0.646000
v 0.620000 9.351000 0.646000
v -0.594000 9.299000 0.620000
v -0.646000 9.299000 0.620000
v -0.646000 9.299000 -0.620000
v -0.594000 9.299000 -0.620000
v -0.594000 9.351000 0.620000
v -0.594000 9.351000 -0.620000
v -0.646000 9.351000 -0.620000
v -0.646000 9.351000 0.620000
v -0.620000 9.874000 -0.594000
v -0.620000 9.874000 -0.646000
v 0.620000 9.874000 -0.646000
v 0.620000 9.874000 -0.594000
v -0.620000 9.926000 -0.594000
v 0.620000 9.926000 -0.594000
v 0.620000 9.926000 -0.646000
v -0.620000 9.926000 -0.646000
v 0.594000 9.874000 -0.620000
v 0.646000 9.874000 -0.620000
v 0.646000 9.874000 0.620000
v 0.594000 9.874000 0.620000
v 0.594000 9.926000 -0.620000
v 0.594000 9.926000 0.620000
v 0.646000 9.926000 0.620000
v 0.646000 9.926000 -0.620000
v 0.620000 9.874000 0.594000
v 0.620000 9.874000 0.646000
v -0.620000 9.874000 0.646000
v -0.620000 9.874000 0.594000
v 0.620000 9.926000 0.594000
v -0.620000 9.926000 0.594000
v -0.620000 9.926000 0.646000
v 0.620000 9.926000 0.646000
v -0.594000 9.874000 0.620000
v -0.646000 9.874000 0.620000
v -0.646000 9.874000 -0.620000
v -0.594000 9.874000 -0.620000
v -0.594000 9.926000 0.620000
v -0.594000 9.926000 -0.620000
v -0.646000 9.926000 -0.620000
v -0.646000 9.926000 0.620000
v 1.893536 -0.021133 -1.921577
v 1.895454 -0.021133 -1.877939
v -1.744546 0.928867 -1.717939
v -1.746464 0.928867 -1.761577
v 1.904546 0.021133 -1.922061
v -1.735454 0.971133 -1.762061
v -1.733536 0.971133 -1.718423
v 1.906464 0.021133 -1.878423
v 1.921577 -0.021133 1.893536
v 1.877939 -0.021133 1.895454
v 1.717939 0.928867 -1.744546
v 1.761577 0.928867 -1.746464
v 1.922061 0.021133 1.904546
v 1.762061 0.971133 -1.735454
v 1.718423 0.971133 -1.733536
v 1.878423 0.021133 1.906464
v -1.893536 -0.021133 1.921577
v -1.895454 -0.021133 1.877939
v 1.744546 0.928867 1.717939
v 1.746464 0.928867 1.761577
v -1.904546 0.021133 1.922061
v 1.735454 0.971133 1.762061
v 1.733536 0.971133 1.718423
v -1.906464 0.021133 1.878423
v -1.921577 -0.021133 -1.893536
v -1.877939 -0.021133 -1.895454
v -1.717939 0.928867 1.744546
v -1.761577 0.928867 1.746464
v -1.922061 0.021133 -1.904546
v -1.762061 0.971133 1.735454
v -1.718423 0.971133 1.733536
v -1.878423 0.021133 -1.906464
v -1.735056 0.929001 -1.717896
v -1.732954 0.929001 -1.761526
v 1.587046 1.879001 -1.601526
v 1.584944 1.879001 -1.557896
v -1.747046 0.970999 -1.718474
v 1.572954 1.920999 -1.558474
v 1.575056 1.920999 -1.602104
v -1.744944 0.970999 -1.762104
v 1.717896 0.929001 -1.735056
v 1.761526 0.929001 -1.732954
v 1.601526 1.879001 1.587046
v 1.557896 1.879001 1.584944
v 1.718474 0.970999 -1.747046
v 1.558474 1.920999 1.572954
v 1.602104 1.920999 1.575056
v 1.762104 0.970999 -1.744944
v 1.735056 0.929001 1.717896
v 1.732954 0.929001 1.761526
v -1.587046 1.879001 1.601526
v -1.584944 1.879001 1.557896
v 1.747046 0.970999 1.718474
v -1.572954 1.920999 1.558474
v -1.575056 1.920999 1.602104
v 1.744944 0.970999 1.762104
v -1.717896 0.929001 1.735056
v -1.761526 0.929001 1.732954
v -1.601526 1.879001 -1.587046
v -1.557896 1.879001 -1.584944
v -1.718474 0.970999 1.747046
v -1.558474 1.920999 -1.572954
v -1.602104 1.920999 -1.575056
v -1.762104 0.970999 1.744944
v 1.572261 1.879176 -1.601458
v 1.574588 1.879176 -1.557840
v -1.425412 2.829176 -1.397840
v -1.427739 2.829176 -1.441458
v 1.585412 1.920824 -1.602160
v -1.414588 2.870824 -1.442160
v -1.412261 2.870824 -1.398542
v 1.587739 1.920824 -1.558542
v 1.601458 1.879176 1.572261
v 1.557840 1.879176 1.574588
v 1.397840 2.829176 -1.425412
v 1.441458 2.829176 -1.427739
v 1.602160 1.920824 1.585412
v 1.442160 2.870824 -1.414588
v 1.398542 2.870824 -1.412261
v 1.558542 1.920824 1.587739
v -1.572261 1.879176 1.601458
v -1.574588 1.879176 1.557840
v 1.425412 2.829176 1.397840
v 1.427739 2.829176 1.441458
v -1.585412 1.920824 1.602160
v 1.414588 2.870824 1.442160
v 1.412261 2.870824 1.398542
v -1.587739 1.920824 1.558542
v -1.601458 1.879176 -1.572261
v -1.557840 1.879176 -1.574588
v -1.397840 2.829176 1.425412
v -1.441458 2.829176 1.427739
v -1.602160 1.920824 -1.585412
v -1.442160 2.870824 1.414588
v -1.398542 2.870824 1.412261
v -1.558542 1.920824 -1.587739
v -1.414029 2.829411 -1.397765
v -1.411426 2.829411 -1.441367
v 1.268574 3.779411 -1.281367
v 1.265971 3.779411 -1.237765
v -1.428574 2.870589 -1.398633
v 1.251426 3.820589 -1.238633
v 1.254029 3.820589 -1.282235
v -1.425971 2.870589 -1.442235
v 1.397765 2.829411 -1.414029
v 1.441367 2.829411 -1.411426
v 1.281367 3.779411 1.268574
v 1.237765 3.779411 1.265971
v 1.398633 2.870589 -1.428574
v 1.238633 3.820589 1.251426
v 1.282235 3.820589 1.254029
v 1.442235 2.870589 -1.425971
v 1.414029 2.829411 1.397765
v 1.411426 2.829411 1.441367
v -1.268574 3.779411 1.281367
v -1.265971 3.779411 1.237765
v 1.428574 2.870589 1.398633
v -1.251426 3.820589 1.238633
v -1.254029 3.820589 1.282235
v 1.425971 2.870589 1.442235
v -1.397765 2.829411 1.414029
v -1.441367 2.829411 1.411426
v -1.281367 3.779411 -1.268574
v -1.237765 3.779411 -1.265971
v -1.398633 2.870589 1.428574
v -1.238633 3.820589 -1.251426
v -1.282235 3.820589 -1.254029
v -1.442235 2.870589 1.425971
v 1.250402 3.779733 -1.281239
v 1.253356 3.779733 -1.237659
v -1.106644 4.729733 -1.077659
v -1.109598 4.729733 -1.121239
v 1.266644 3.820267 -1.282341
v -1.093356 4.770267 -1.122341
v -1.090402 4.770267 -1.078761
v 1.269598 3.820267 -1.238761
v 1.281239 3.779733 1.250402
v 1.237659 3.779733 1.253356
v 1.077659 4.729733 -1.106644
v 1.121239 4.729733 -1.109598
v 1.282341 3.820267 1.266644
v 1.122341 4.770267 -1.093356
v 1.078761 4.770267 -1.090402
v 1.238761 3.820267 1.269598
v -1.250402 3.779733 1.281239
v -1.253356 3.779733 1.237659
v 1.106644 4.729733 1.077659
v 1.109598 4.729733 1.121239
v -1.266644 3.820267 1.282341
v 1.093356 4.770267 1.122341
v 1.090402 4.770267 1.078761
v -1.269598 3.820267 1.238761
v -1.281239 3.779733 -1.250402
v -1.237659 3.779733 -1.253356
v -1.077659 4.729733 1.106644
v -1.121239 4.729733 1.109598
v -1.282341 3.820267 -1.266644
v -1.122341 4.770267 1.093356
v -1.078761 4.770267 1.090402
v -1.238761 3.820267 -1.269598
v -1.092539 4.730191 -1.077508
v -1.089124 4.730191 -1.121054
v 0.950876 5.680191 -0.961054
v 0.947461 5.680191 -0.917508
v -1.110876 4.769809 -1.078946
v 0.929124 5.719809 -0.918946
v 0.932539 5.719809 -0.962492
v -1.107461 4.769809 -1.122492
v 1.077508 4.730191 -1.092539
v 1.121054 4.730191 -1.089124
v 0.961054 5.680191 0.950876
v 0.917508 5.680191 0.947461
v 1.078946 4.769809 -1.110876
v 0.918946 5.719809 0.929124
v 0.962492 5.719809 0.932539
v 1.122492 4.769809 -1.107461
v 1.092539 4.730191 1.077508
v 1.089124 4.730191 1.121054
v -0.950876 5.680191 0.961054
v -0.947461 5.680191 0.917508
v 1.110876 4.769809 1.078946
v -0.929124 5.719809 0.918946
v -0.932539 5.719809 0.962492
v 1.107461 4.769809 1.122492
v -1.077508 4.730191 1.092539
v -1.121054 4.730191 1.089124
v -0.961054 5.680191 -0.950876
v -0.917508 5.680191 -0.947461
v -1.078946 4.769809 1.110876
v -0.918946 5.719809 -0.929124
v -0.962492 5.719809 -0.932539
v -1.122492 4.769809 1.107461
v 0.927498 5.680863 -0.960771
v 0.931544 5.680863 -0.917279
v -0.788456 6.630863 -0.757279
v -0.792502 6.630863 -0.800771
v 0.948456 5.719137 -0.962721
v -0.771544 6.669137 -0.802721
v -0.767498 6.669137 -0.759229
v 0.952502 5.719137 -0.919229
v 0.960771 5.680863 0.927498
v 0.917279 5.680863 0.931544
v 0.757279 6.630863 -0.788456
v 0.800771 6.630863 -0.792502
v 0.962721 5.719137 0.948456
v 0.802721 6.669137 -0.771544
v 0.759229 6.669137 -0.767498
v 0.919229 5.719137 0.952502
v -0.927498 5.680863 0.960771
v -0.931544 5.680863 0.917279
v 0.788456 6.630863 0.757279
v 0.792502 6.630863 0.800771
v -0.948456 5.719137 0.962721
v 0.771544 6.669137 0.802721
v 0.767498 6.669137 0.759229
v -0.952502 5.719137 0.919229
v -0.960771 5.680863 -0.927498
v -0.917279 5.680863 -0.931544
v -0.757279 6.630863 0.788456
v -0.800771 6.630863 0.792502
v -0.962721 5.719137 -0.948456
v -0.802721 6.669137 0.771544
v -0.759229 6.669137 0.767498
v -0.919229 5.719137 -0.952502
v -0.770350 6.631891 -0.756915
v -0.765390 6.631891 -0.800312
v 0.634610 7.581891 -0.640312
v 0.629650 7.581891 -0.596915
v -0.794610 6.668109 -0.759688
v 0.605390 7.618109 -0.599688
v 0.610350 7.618109 -0.643085
v -0.789650 6.668109 -0.803085
v 0.756915 6.631891 -0.770350
v 0.800312 6.631891 -0.765390
v 0.640312 7.581891 0.634610
v 0.596915 7.581891 0.629650
v 0.759688 6.668109 -0.794610
v 0.599688 7.618109 0.605390
v 0.643085 7.618109 0.610350
v 0.803085 6.668109 -0.789650
v 0.770350 6.631891 0.756915
v 0.765390 6.631891 0.800312
v -0.634610 7.581891 0.640312
v -0.629650 7.581891 0.596915
v 0.794610 6.668109 0.759688
v -0.605390 7.618109 0.599688
v -0.610350 7.618109 0.643085
v 0.789650 6.668109 0.803085
v -0.756915 6.631891 0.770350
v -0.800312 6.631891 0.765390
v -0.640312 7.581891 -0.634610
v -0.596915 7.581891 -0.629650
v -0.759688 6.668109 0.794610
v -0.599688 7.618109 -0.605390
v -0.643085 7.618109 -0.610350
v -0.803085 6.668109 0.789650
v 0.610812 7.580187 -0.641840
v 0.610812 7.580187 -0.598160
v -0.629188 8.155187 -0.598160
v -0.629188 8.155187 -0.641840
v 0.629188 7.619813 -0.641840
v -0.610812 8.194813 -0.641840
v -0.610812 8.194813 -0.598160
v 0.629188 7.619813 -0.598160
v 0.641840 7.580187 0.610812
v 0.598160 7.580187 0.610812
v 0.598160 8.155187 -0.629188
v 0.641840 8.155187 -0.629188
v 0.641840 7.619813 0.629188
v 0.641840 8.194813 -0.610812
v 0.598160 8.194813 -0.610812
v 0.598160 7.619813 0.629188
v -0.610812 7.580187 0.641840
v -0.610812 7.580187 0.598160
v 0.629188 8.155187 0.598160
v 0.629188 8.155187 0.641840
v -0.629188 7.619813 0.641840
v 0.610812 8.194813 0.641840
v 0.610812 8.194813 0.598160
v -0.629188 7.619813 0.598160
v -0.641840 7.580187 -0.610812
v -0.598160 7.580187 -0.610812
v -0.598160 8.155187 0.629188
v -0.641840 8.155187 0.629188
v -0.641840 7.619813 -0.629188
v -0.641840 8.194813 0.610812
v -0.598160 8.194813 0.610812
v -0.598160 7.619813 -0.629188
v -0.610812 8.155187 -0.598160
v -0.610812 8.155187 -0.641840
v 0.629188 8.730187 -0.641840
v 0.629188 8.730187 -0.598160
v -0.629188 8.194813 -0.598160
v 0.610812 8.769813 -0.598160
v 0.610812 8.769813 -0.641840
v -0.629188 8.194813 -0.641840
v 0.598160 8.155187 -0.610812
v 0.641840 8.155187 -0.610812
v 0.641840 8.730187 0.629188
v 0.598160 8.730187 0.629188
v 0.598160 8.194813 -0.629188
v 0.598160 8.769813 0.610812
v 0.641840 8.769813 0.610812
v 0.641840 8.194813 -0.629188
v 0.610812 8.155187 0.598160
v 0.610812 8.155187 0.641840
v -0.629188 8.730187 0.641840
v -0.629188 8.730187 0.598160
v 0.629188 8.194813 0.598160
v -0.610812 8.769813 0.598160
v -0.610812 8.769813 0.641840
v 0.629188 8.194813 0.641840
v -0.598160 8.155187 0.610812
v -0.641840 8.155187 0.610812
v -0.641840 8.730187 -0.629188
v -0.598160 8.730187 -0.629188
v -0.598160 8.194813 0.629188
v -0.598160 8.769813 -0.610812
v -0.641840 8.769813 -0.610812
v -0.641840 8.194813 0.629188
v 0.610812 8.730187 -0.641840
v 0.610812 8.730187 -0.598160
v -0.629188 9.305187 -0.598160
v -0.629188 9.305187 -0.641840
v 0.629188 8.769813 -0.641840
v -0.610812 9.344813 -0.641840
v -0.610812 9.344813 -0.598160
v 0.629188 8.769813 -0.598160
v 0.641840 8.730187 0.610812
v 0.598160 8.730187 0.610812
v 0.598160 9.305187 -0.629188
v 0.641840 9.305187 -0.629188
v 0.641840 8.769813 0.629188
v 0.641840 9.344813 -0.610812
v 0.598160 9.344813 -0.610812
v 0.598160 8.769813 0.629188
v -0.610812 8.730187 0.641840
v -0.610812 8.730187 0.598160
v 0.629188 9.305187 0.598160
v 0.629188 9.305187 0.641840
v -0.629188 8.769813 0.641840
v 0.610812 9.344813 0.641840
v 0.610812 9.344813 0.598160
v -0.629188 8.769813 0.598160
v -0.641840 8.730187 -0.610812
v -0.598160 8.730187 -0.610812
v -0.598160 9.305187 0.629188
v -0.641840 9.305187 0.629188
v -0.641840 8.769813 -0.629188
v -0.641840 9.344813 0.610812
v -0.598160 9.344813 0.610812
v -0.598160 8.769813 -0.629188
v -0.610812 9.305187 -0.598160
v -0.610812 9.305187 -0.641840
v 0.629188 9.880187 -0.641840
v 0.629188 9.880187 -0.598160
v -0.629188 9.344813 -0.598160
v 0.610812 9.919813 -0.598160
v 0.610812 9.919813 -0.641840
v -0.629188 9.344813 -0.641840
v 0.598160 9.305187 -0.610812
v 0.641840 9.305187 -0.610812
v 0.641840 9.880187 0.629188
v 0.598160 9.880187 0.629188
v 0.598160 9.344813 -0.629188
v 0.598160 9.919813 0.610812
v 0.641840 9.919813 0.610812
v 0.641840 9.344813 -0.629188
v 0.610812 9.305187 0.598160
v 0.610812 9.305187 0.641840
v -0.629188 9.880187 0.641840
v -0.629188 9.880187 0.598160
v 0.629188 9.344813 0.598160
v -0.610812 9.919813 0.598160
v -0.610812 9.919813 0.641840
v 0.629188 9.344813 0.641840
v -0.598160 9.305187 0.610812
v -0.641840 9.305187 0.610812
v -0.641840 9.880187 -0.629188
v -0.598160 9.880187 -0.629188
v -0.598160 9.344813 0.629188
v -0.598160 9.919813 -0.610812
v -0.641840 9.919813 -0.610812
v -0.641840 9.344813 0.629188
v -1.896320 -0.017108 -1.882141
v -1.894767 -0.017108 -1.917467
v 1.745233 0.932892 -1.757467
v 1.743680 0.932892 -1.722141
v -1.905233 0.017108 -1.882533
v 1.734767 0.967108 -1.722533
v 1.736320 0.967108 -1.757859
v -1.903680 0.017108 -1.917859
v 1.882141 -0.017108 -1.896320
v 1.917467 -0.017108 -1.894767
v 1.757467 0.932892 1.745233
v 1.722141 0.932892 1.743680
v 1.882533 0.017108 -1.905233
v 1.722533 0.967108 1.734767
v 1.757859 0.967108 1.736320
v 1.917859 0.017108 -1.903680
v 1.896320 -0.017108 1.882141
v 1.894767 -0.017108 1.917467
v -1.745233 0.932892 1.757467
v -1.743680 0.932892 1.722141
v 1.905233 0.017108 1.882533
v -1.734767 0.967108 1.722533
v -1.736320 0.967108 1.757859
v 1.903680 0.017108 1.917859
v -1.882141 -0.017108 1.896320
v -1.917467 -0.017108 1.894767
v -1.757467 0.932892 -1.745233
v -1.722141 0.932892 -1.743680
v -1.882533 0.017108 1.905233
v -1.722533 0.967108 -1.734767
v -1.757859 0.967108 -1.736320
v -1.917859 0.017108 1.903680
v 1.734296 0.933001 -1.757426
v 1.735998 0.933001 -1.722107
v -1.584002 1.883001 -1.562107
v -1.585704 1.883001 -1.597426
v 1.744002 0.966999 -1.757893
v -1.575998 1.916999 -1.597893
v -1.574296 1.916999 -1.562574
v 1.745704 0.966999 -1.722574
v 1.757426 0.933001 1.734296
v 1.722107 0.933001 1.735998
v 1.562107 1.883001 -1.584002
v 1.597426 1.883001 -1.585704
v 1.757893 0.966999 1.744002
v 1.597893 1.916999 -1.575998
v 1.562574 1.916999 -1.574296
v 1.722574 0.966999 1.745704
v -1.734296 0.933001 1.757426
v -1.735998 0.933001 1.722107
v 1.584002 1.883001 1.562107
v 1.585704 1.883001 1.597426
v -1.744002 0.966999 1.757893
v 1.575998 1.916999 1.597893
v 1.574296 1.916999 1.562574
v -1.745704 0.966999 1.722574
v -1.757426 0.933001 -1.734296
v -1.722107 0.933001 -1.735998
v -1.562107 1.883001 1.584002
v -1.597426 1.883001 1.585704
v -1.757893 0.966999 -1.744002
v -1.597893 1.916999 1.575998
v -1.562574 1.916999 1.574296
v -1.722574 0.966999 -1.745704
v -1.575619 1.883143 -1.562061
v -1.573735 1.883143 -1.597371
v 1.426265 2.833143 -1.437371
v 1.424381 2.833143 -1.402061
v -1.586265 1.916857 -1.562629
v 1.413735 2.866857 -1.402629
v 1.415619 2.866857 -1.437939
v -1.584381 1.916857 -1.597939
v 1.562061 1.883143 -1.575619
v 1.597371 1.883143 -1.573735
v 1.437371 2.833143 1.426265
v 1.402061 2.833143 1.424381
v 1.562629 1.916857 -1.586265
v 1.402629 2.866857 1.413735
v 1.437939 2.866857 1.415619
v 1.597939 1.916857 -1.584381
v 1.575619 1.883143 1.562061
v 1.573735 1.883143 1.597371
v -1.426265 2.833143 1.437371
v -1.424381 2.833143 1.402061
v 1.586265 1.916857 1.562629
v -1.413735 2.866857 1.402629
v -1.415619 2.866857 1.437939
v 1.584381 1.916857 1.597939
v -1.562061 1.883143 1.575619
v -1.597371 1.883143 1.573735
v -1.437371 2.833143 -1.426265
v -1.402061 2.833143 -1.424381
v -1.562629 1.916857 1.586265
v -1.402629 2.866857 -1.413735
v -1.437939 2.866857 -1.415619
v -1.597939 1.916857 1.584381
v 1.413059 2.833333 -1.437297
v 1.415166 2.833333 -1.402000
v -1.264834 3.783333 -1.242000
v -1.266941 3.783333 -1.277297
v 1.424834 2.866667 -1.438000
v -1.255166 3.816667 -1.278000
v -1.253059 3.816667 -1.242703
v 1.426941 2.866667 -1.402703
v 1.437297 2.833333 1.413059
v 1.402000 2.833333 1.415166
v 1.242000 3.783333 -1.264834
v 1.277297 3.783333 -1.266941
v 1.438000 2.866667 1.424834
v 1.278000 3.816667 -1.255166
v 1.242703 3.816667 -1.253059
v 1.402703 2.866667 1.426941
v -1.413059 2.833333 1.437297
v -1.415166 2.833333 1.402000
v 1.264834 3.783333 1.242000
v 1.266941 3.783333 1.277297
v -1.424834 2.866667 1.438000
v 1.255166 3.816667 1.278000
v 1.253059 3.816667 1.242703
v -1.426941 2.866667 1.402703
v -1.437297 2.833333 -1.413059
v -1.402000 2.833333 -1.415166
v -1.242000 3.783333 1.264834
v -1.277297 3.783333 1.266941
v -1.438000 2.866667 -1.424834
v -1.278000 3.816667 1.255166
v -1.242703 3.816667 1.253059
v -1.402703 2.866667 -1.426941
v -1.254622 3.783594 -1.241915
v -1.252230 3.783594 -1.277194
v 1.107770 4.733594 -1.117194
v 1.105378 4.733594 -1.081915
v -1.267770 3.816406 -1.242806
v 1.092230 4.766406 -1.082806
v 1.094622 4.766406 -1.118085
v -1.265378 3.816406 -1.278085
v 1.241915 3.783594 -1.254622
v 1.277194 3.783594 -1.252230
v 1.117194 4.733594 1.107770
v 1.081915 4.733594 1.105378
v 1.242806 3.816406 -1.267770
v 1.082806 4.766406 1.092230
v 1.118085 4.766406 1.094622
v 1.278085 3.816406 -1.265378
v 1.254622 3.783594 1.241915
v 1.252230 3.783594 1.277194
v -1.107770 4.733594 1.117194
v -1.105378 4.733594 1.081915
v 1.267770 3.816406 1.242806
v -1.092230 4.766406 1.082806
v -1.094622 4.766406 1.118085
v 1.265378 3.816406 1.278085
v -1.241915 3.783594 1.254622
v -1.277194 3.783594 1.252230
v -1.117194 4.733594 -1.107770
v -1.081915 4.733594 -1.105378
v -1.242806 3.816406 1.267770
v -1.082806 4.766406 -1.092230
v -1.118085 4.766406 -1.094622
v -1.278085 3.816406 1.265378
v 1.091195 4.733964 -1.117044
v 1.093960 4.733964 -1.081792
v -0.946040 5.683964 -0.921792
v -0.948805 5.683964 -0.957044
v 1.106040 4.766036 -1.118208
v -0.933960 5.716036 -0.958208
v -0.931195 5.716036 -0.922956
v 1.108805 4.766036 -1.082956
v 1.117044 4.733964 1.091195
v 1.081792 4.733964 1.093960
v 0.921792 5.683964 -0.946040
v 0.957044 5.683964 -0.948805
v 1.118208 4.766036 1.106040
v 0.958208 5.716036 -0.933960
v 0.922956 5.716036 -0.931195
v 1.082956 4.766036 1.108805
v -1.091195 4.733964 1.117044
v -1.093960 4.733964 1.081792
v 0.946040 5.683964 0.921792
v 0.948805 5.683964 0.957044
v -1.106040 4.766036 1.118208
v 0.933960 5.716036 0.958208
v 0.931195 5.716036 0.922956
v -1.108805 4.766036 1.082956
v -1.117044 4.733964 -1.091195
v -1.081792 4.733964 -1.093960
v -0.921792 5.683964 0.946040
v -0.957044 5.683964 0.948805
v -1.118208 4.766036 -1.106040
v -0.958208 5.716036 0.933960
v -0.922956 5.716036 0.931195
v -1.082956 4.766036 -1.108805
v -0.933154 5.684508 -0.921607
v -0.929879 5.684508 -0.956815
v 0.790121 6.634508 -0.796815
v 0.786846 6.634508 -0.761607
v -0.950121 5.715492 -0.923185
v 0.769879 6.665492 -0.763185
v 0.773154 6.665492 -0.798393
v -0.946846 5.715492 -0.958393
v 0.921607 5.684508 -0.933154
v 0.956815 5.684508 -0.929879
v 0.796815 6.634508 0.790121
v 0.761607 6.634508 0.786846
v 0.923185 5.715492 -0.950121
v 0.763185 6.665492 0.769879
v 0.798393 6.665492 0.773154
v 0.958393 5.715492 -0.946846
v 0.933154 5.684508 0.921607
v 0.929879 5.684508 0.956815
v -0.790121 6.634508 0.796815
v -0.786846 6.634508 0.761607
v 0.950121 5.715492 0.923185
v -0.769879 6.665492 0.763185
v -0.773154 6.665492 0.798393
v 0.946846 5.715492 0.958393
v -0.921607 5.684508 0.933154
v -0.956815 5.684508 0.929879
v -0.796815 6.634508 -0.790121
v -0.761607 6.634508 -0.786846
v -0.923185 5.715492 0.950121
v -0.763185 6.665492 -0.769879
v -0.798393 6.665492 -0.773154
v -0.958393 5.715492 0.946846
v 0.768173 6.635340 -0.796443
v 0.772188 6.635340 -0.761312
v -0.627812 7.585340 -0.601312
v -0.631827 7.585340 -0.636443
v 0.787812 6.664660 -0.798688
v -0.612188 7.614660 -0.638688
v -0.608173 7.614660 -0.603557
v 0.791827 6.664660 -0.763557
v 0.796443 6.635340 0.768173
v 0.761312 6.635340 0.772188
v 0.601312 7.585340 -0.627812
v 0.636443 7.585340 -0.631827
v 0.798688 6.664660 0.787812
v 0.638688 7.614660 -0.612188
v 0.603557 7.614660 -0.608173
v 0.763557 6.664660 0.791827
v -0.768173 6.635340 0.796443
v -0.772188 6.635340 0.761312
v 0.627812 7.585340 0.601312
v 0.631827 7.585340 0.636443
v -0.787812 6.664660 0.798688
v 0.612188 7.614660 0.638688
v 0.608173 7.614660 0.603557
v -0.791827 6.664660 0.763557
v -0.796443 6.635340 -0.768173
v -0.761312 6.635340 -0.772188
v -0.601312 7.585340 0.627812
v -0.636443 7.585340 0.631827
v -0.798688 6.664660 -0.787812
v -0.638688 7.614660 0.612188
v -0.603557 7.614660 0.608173
v -0.763557 6.664660 -0.791827
v -0.612562 7.583961 -0.602320
v -0.612562 7.583961 -0.637680
v 0.627438 8.158961 -0.637680
v 0.627438 8.158961 -0.602320
v -0.627438 7.616039 -0.602320
v 0.612562 8.191039 -0.602320
v 0.612562 8.191039 -0.637680
v -0.627438 7.616039 -0.637680
v 0.602320 7.583961 -0.612562
v 0.637680 7.583961 -0.612562
v 0.637680 8.158961 0.627438
v 0.602320 8.158961 0.627438
v 0.602320 7.616039 -0.627438
v 0.602320 8.191039 0.612562
v 0.637680 8.191039 0.612562
v 0.637680 7.616039 -0.627438
v 0.612562 7.583961 0.602320
v 0.612562 7.583961 0.637680
v -0.627438 8.158961 0.637680
v -0.627438 8.158961 0.602320
v 0.627438 7.616039 0.602320
v -0.612562 8.191039 0.602320
v -0.612562 8.191039 0.637680
v 0.627438 7.616039 0.637680
v -0.602320 7.583961 0.612562
v -0.637680 7.583961 0.612562
v -0.637680 8.158961 -0.627438
v -0.602320 8.158961 -0.627438
v -0.602320 7.616039 0.627438
v -0.602320 8.191039 -0.612562
v -0.637680 8.191039 -0.612562
v -0.637680 7.616039 0.627438
v 0.612562 8.158961 -0.637680
v 0.612562 8.158961 -0.602320
v -0.627438 8.733961 -0.602320
v -0.627438 8.733961 -0.637680
v 0.627438 8.191039 -0.637680
v -0.612562 8.766039 -0.637680
v -0.612562 8.766039 -0.602320
v 0.627438 8.191039 -0.602320
v 0.637680 8.158961 0.612562
v 0.602320 8.158961 0.612562
v 0.602320 8.733961 -0.627438
v 0.637680 8.733961 -0.627438
v 0.637680 8.191039 0.627438
v 0.637680 8.766039 -0.612562
v 0.602320 8.766039 -0.612562
v 0.602320 8.191039 0.627438
v -0.612562 8.158961 0.637680
v -0.612562 8.158961 0.602320
v 0.627438 8.733961 0.602320
v 0.627438 8.733961 0.637680
v -0.627438 8.191039 0.637680
v 0.612562 8.766039 0.637680
v 0.612562 8.766039 0.602320
v -0.627438 8.191039 0.602320
v -0.637680 8.158961 -0.612562
v -0.602320 8.158961 -0.612562
v -0.602320 8.733961 0.627438
v -0.637680 8.733961 0.627438
v -0.637680 8.191039 -0.627438
v -0.637680 8.766039 0.612562
v -0.602320 8.766039 0.612562
v -0.602320 8.191039 -0.627438
v -0.612562 8.733961 -0.602320
v -0.612562 8.733961 -0.637680
v 0.627438 9.308961 -0.637680
v 0.627438 9.308961 -0.602320
v -0.627438 8.766039 -0.602320
v 0.612562 9.341039 -0.602320
v 0.612562 9.341039 -0.637680
v -0.627438 8.766039 -0.637680
v 0.602320 8.733961 -0.612562
v 0.637680 8.733961 -0.612562
v 0.637680 9.308961 0.627438
v 0.602320 9.308961 0.627438
v 0.602320 8.766039 -0.627438
v 0.602320 9.341039 0.612562
v 0.637680 9.341039 0.612562
v 0.637680 8.766039 -0.627438
v 0.612562 8.733961 0.602320
v 0.612562 8.733961 0.637680
v -0.627438 9.308961 0.637680
v -0.627438 9.308961 0.602320
v 0.627438 8.766039 0.602320
v -0.612562 9.341039 0.602320
v -0.612562 9.341039 0.637680
v 0.627438 8.766039 0.637680
v -0.602320 8.733961 0.612562
v -0.637680 8.733961 0.612562
v -0.637680 9.308961 -0.627438
v -0.602320 9.308961 -0.627438
v -0.602320 8.766039 0.627438
v -0.602320 9.341039 -0.612562
v -0.637680 9.341039 -0.612562
v -0.637680 8.766039 0.627438
v 0.612562 9.308961 -0.637680
v 0.612562 9.308961 -0.602320
v -0.627438 9.883961 -0.602320
v -0.627438 9.883961 -0.637680
v 0.627438 9.341039 -0.637680
v -0.612562 9.916039 -0.637680
v -0.612562 9.916039 -0.602320
v 0.627438 9.341039 -0.602320
v 0.637680 9.308961 0.612562
v 0.602320 9.308961 0.612562
v 0.602320 9.883961 -0.627438
v 0.637680 9.883961 -0.627438
v 0.637680 9.341039 0.627438
v 0.637680 9.916039 -0.612562
v 0.602320 9.916039 -0.612562
v 0.602320 9.341039 0.627438
v -0.612562 9.308961 0.637680
v -0.612562 9.308961 0.602320
v 0.627438 9.883961 0.602320
v 0.627438 9.883961 0.637680
v -0.627438 9.341039 0.637680
v 0.612562 9.916039 0.637680
v 0.612562 9.916039 0.602320
v -0.627438 9.341039 0.602320
v -0.637680 9.308961 -0.612562
v -0.602320 9.308961 -0.612562
v -0.602320 9.883961 0.627438
v -0.637680 9.883961 0.627438
v -0.637680 9.341039 -0.627438
v -0.637680 9.916039 0.612562
v -0.602320 9.916039 0.612562
v -0.602320 9.341039 -0.627438
v -0.623641 8.274000 -0.445744
v -0.616359 8.274000 -0.394256
v -2.546359 8.274000 -0.121256
v -2.553641 8.274000 -0.172744
v -0.623641 8.326000 -0.445744
v -2.553641 8.326000 -0.172744
v -2.546359 8.326000 -0.121256
v -0.616359 8.326000 -0.394256
v -0.616359 8.274000 0.394256
v -0.623641 8.274000 0.445744
v -2.553641 8.274000 0.172744
v -2.546359 8.274000 0.121256
v -0.616359 8.326000 0.394256
v -2.546359 8.326000 0.121256
v -2.553641 8.326000 0.172744
v -0.623641 8.326000 0.445744
v -2.538646 8.279539 0.023400
v -2.538646 8.279539 -0.023400
v -0.608646 9.350539 -0.023400
v -0.608646 9.350539 0.023400
v -2.561354 8.320461 0.023400
v -0.631354 9.391461 0.023400
v -0.631354 9.391461 -0.023400
v -2.561354 8.320461 -0.023400
v -2.558622 8.278247 0.023400
v -2.558622 8.278247 -0.023400
v -0.628622 7.513247 -0.023400
v -0.628622 7.513247 0.023400
v -2.541378 8.321753 0.023400
v -0.611378 7.556753 0.023400
v -0.611378 7.556753 -0.023400
v -2.541378 8.321753 -0.023400
v -0.635867 8.282320 -0.427798
v -0.604133 8.282320 -0.412202
v -0.990133 8.282320 0.373198
v -1.021867 8.282320 0.357602
v -0.635867 8.317680 -0.427798
v -1.021867 8.317680 0.357602
v -0.990133 8.317680 0.373198
v -0.604133 8.317680 -0.412202
v -0.990646 8.282320 0.356635
v -1.021354 8.282320 0.374165
v -1.407354 8.282320 -0.302035
v -1.376646 8.282320 -0.319565
v -0.990646 8.317680 0.356635
v -1.376646 8.317680 -0.319565
v -1.407354 8.317680 -0.302035
v -1.021354 8.317680 0.374165
v -1.406615 8.282320 -0.320749
v -1.377385 8.282320 -0.300851
v -1.763385 8.282320 0.266149
v -1.792615 8.282320 0.246251
v -1.406615 8.317680 -0.320749
v -1.792615 8.317680 0.246251
v -1.763385 8.317680 0.266149
v -1.377385 8.317680 -0.300851
v -1.764483 8.282320 0.244803
v -1.791517 8.282320 0.267597
v -2.177517 8.282320 -0.190203
v -2.150483 8.282320 -0.212997
v -1.764483 8.317680 0.244803
v -2.150483 8.317680 -0.212997
v -2.177517 8.317680 -0.190203
v -1.791517 8.317680 0.267597
v -2.175850 8.282320 -0.214721
v -2.152150 8.282320 -0.188479
v -2.538150 8.282320 0.160121
v -2.561850 8.282320 0.133879
v -2.175850 8.317680 -0.214721
v -2.561850 8.317680 0.133879
v -2.538150 8.317680 0.160121
v -2.152150 8.317680 -0.188479
v -2.625000 8.270000 0.075000
v -2.475000 8.270000 0.075000
v -2.475000 8.270000 -0.075000
v -2.625000 8.270000 -0.075000
v -2.625000 8.310000 -0.075000
v -2.475000 8.310000 -0.075000
v -2.475000 8.310000 0.075000
v -2.625000 8.310000 0.075000
v 0.616359 8.274000 -0.394256
v 0.623641 8.274000 -0.445744
v 2.553641 8.274000 -0.172744
v 2.546359 8.274000 -0.121256
v 0.616359 8.326000 -0.394256
v 2.546359 8.326000 -0.121256
v 2.553641 8.326000 -0.172744
v 0.623641 8.326000 -0.445744
v 0.623641 8.274000 0.445744
v 0.616359 8.274000 0.394256
v 2.546359 8.274000 0.121256
v 2.553641 8.274000 0.172744
v 0.623641 8.326000 0.445744
v 2.553641 8.326000 0.172744
v 2.546359 8.326000 0.121256
v 0.616359 8.326000 0.394256
v 2.538646 8.279539 -0.023400
v 2.538646 8.279539 0.023400
v 0.608646 9.350539 0.023400
v 0.608646 9.350539 -0.023400
v 2.561354 8.320461 -0.023400
v 0.631354 9.391461 -0.023400
v 0.631354 9.391461 0.023400
v 2.561354 8.320461 0.023400
v 2.558622 8.278247 -0.023400
v 2.558622 8.278247 0.023400
v 0.628622 7.513247 0.023400
v 0.628622 7.513247 -0.023400
v 2.541378 8.321753 -0.023400
v 0.611378 7.556753 -0.023400
v 0.611378 7.556753 0.023400
v 2.541378 8.321753 0.023400
v 0.604133 8.282320 -0.412202
v 0.635867 8.282320 -0.427798
v 1.021867 8.282320 0.357602
v 0.990133 8.282320 0.373198
v 0.604133 8.317680 -0.412202
v 0.990133 8.317680 0.373198
v 1.021867 8.317680 0.357602
v 0.635867 8.317680 -0.427798
v 1.021354 8.282320 0.374165
v 0.990646 8.282320 0.356635
v 1.376646 8.282320 -0.319565
v 1.407354 8.282320 -0.302035
v 1.021354 8.317680 0.374165
v 1.407354 8.317680 -0.302035
v 1.376646 8.317680 -0.319565
v 0.990646 8.317680 0.356635
v 1.377385 8.282320 -0.300851
v 1.406615 8.282320 -0.320749
v 1.792615 8.282320 0.246251
v 1.763385 8.282320 0.266149
v 1.377385 8.317680 -0.300851
v 1.763385 8.317680 0.266149
v 1.792615 8.317680 0.246251
v 1.406615 8.317680 -0.320749
v 1.791517 8.282320 0.267597
v 1.764483 8.282320 0.244803
v 2.150483 8.282320 -0.212997
v 2.177517 8.282320 -0.190203
v 1.791517 8.317680 0.267597
v 2.177517 8.317680 -0.190203
v 2.150483 8.317680 -0.212997
v 1.764483 8.317680 0.244803
v 2.152150 8.282320 -0.188479
v 2.175850 8.282320 -0.214721
v 2.561850 8.282320 0.133879
v 2.538150 8.282320 0.160121
v 2.152150 8.317680 -0.188479
v 2.538150 8.317680 0.160121
v 2.561850 8.317680 0.133879
v 2.175850 8.317680 -0.214721
v 2.475000 8.270000 0.075000
v 2.625000 8.270000 0.075000
v 2.625000 8.270000 -0.075000
v 2.475000 8.270000 -0.075000
v 2.475000 8.310000 -0.075000
v 2.625000 8.310000 -0.075000
v 2.625000 8.310000 0.075000
v 2.475000 8.310000 0.075000
v -0.626011 9.874000 -0.365296
v -0.613989 9.874000 -0.314704
v -1.543989 9.874000 -0.093704
v -1.556011 9.874000 -0.144296
v -0.626011 9.926000 -0.365296
v -1.556011 9.926000 -0.144296
v -1.543989 9.926000 -0.093704
v -0.613989 9.926000 -0.314704
v -0.613989 9.874000 0.314704
v -0.626011 9.874000 0.365296
v -1.556011 9.874000 0.144296
v -1.543989 9.874000 0.093704
v -0.613989 9.926000 0.314704
v -1.543989 9.926000 0.093704
v -1.556011 9.926000 0.144296
v -0.626011 9.926000 0.365296
v -1.536581 9.880830 0.023400
v -1.536581 9.880830 -0.023400
v -0.606581 10.531830 -0.023400
v -0.606581 10.531830 0.023400
v -1.563419 9.919170 0.023400
v -0.633419 10.570170 0.023400
v -0.633419 10.570170 -0.023400
v -1.563419 9.919170 -0.023400
v -1.560465 9.879070 0.023400
v -1.560465 9.879070 -0.023400
v -0.630465 9.414070 -0.023400
v -0.630465 9.414070 0.023400
v -1.539535 9.920930 0.023400
v -0.609535 9.455930 0.023400
v -0.609535 9.455930 -0.023400
v -1.539535 9.920930 -0.023400
v -0.636969 9.882320 -0.344964
v -0.603031 9.882320 -0.335036
v -0.789031 9.882320 0.300764
v -0.822969 9.882320 0.290836
v -0.636969 9.917680 -0.344964
v -0.822969 9.917680 0.290836
v -0.789031 9.917680 0.300764
v -0.603031 9.917680 -0.335036
v -0.789260 9.882320 0.290112
v -0.822740 9.882320 0.301488
v -1.008740 9.882320 -0.245912
v -0.975260 9.882320 -0.257288
v -0.789260 9.917680 0.290112
v -0.975260 9.917680 -0.257288
v -1.008740 9.917680 -0.245912
v -0.822740 9.917680 0.301488
v -1.008386 9.882320 -0.258240
v -0.975614 9.882320 -0.244960
v -1.161614 9.882320 0.214040
v -1.194386 9.882320 0.200760
v -1.008386 9.917680 -0.258240
v -1.194386 9.917680 0.200760
v -1.161614 9.917680 0.214040
v -0.975614 9.917680 -0.244960
v -1.162198 9.882320 0.199469
v -1.193802 9.882320 0.215331
v -1.379802 9.882320 -0.155269
v -1.348198 9.882320 -0.171131
v -1.162198 9.917680 0.199469
v -1.348198 9.917680 -0.171131
v -1.379802 9.917680 -0.155269
v -1.193802 9.917680 0.215331
v -1.378762 9.882320 -0.172930
v -1.349238 9.882320 -0.153470
v -1.535238 9.882320 0.128730
v -1.564762 9.882320 0.109270
v -1.378762 9.917680 -0.172930
v -1.564762 9.917680 0.109270
v -1.535238 9.917680 0.128730
v -1.349238 9.917680 -0.153470
v -1.625000 9.870000 0.075000
v -1.475000 9.870000 0.075000
v -1.475000 9.870000 -0.075000
v -1.625000 9.870000 -0.075000
v -1.625000 9.910000 -0.075000
v -1.475000 9.910000 -0.075000
v -1.475000 9.910000 0.075000
v -1.625000 9.910000 0.075000
v 0.613989 9.874000 -0.314704
v 0.626011 9.874000 -0.365296
v 1.556011 9.874000 -0.144296
v 1.543989 9.874000 -0.093704
v 0.613989 9.926000 -0.314704
v 1.543989 9.926000 -0.093704
v 1.556011 9.926000 -0.144296
v 0.626011 9.926000 -0.365296
v 0.626011 9.874000 0.365296
v 0.613989 9.874000 0.314704
v 1.543989 9.874000 0.093704
v 1.556011 9.874000 0.144296
v 0.626011 9.926000 0.365296
v 1.556011 9.926000 0.144296
v 1.543989 9.926000 0.093704
v 0.613989 9.926000 0.314704
v 1.536581 9.880830 -0.023400
v 1.536581 9.880830 0.023400
v 0.606581 10.531830 0.023400
v 0.606581 10.531830 -0.023400
v 1.563419 9.919170 -0.023400
v 0.633419 10.570170 -0.023400
v 0.633419 10.570170 0.023400
v 1.563419 9.919170 0.023400
v 1.560465 9.879070 -0.023400
v 1.560465 9.879070 0.023400
v 0.630465 9.414070 0.023400
v 0.630465 9.414070 -0.023400
v 1.539535 9.920930 -0.023400
v 0.609535 9.455930 -0.023400
v 0.609535 9.455930 0.023400
v 1.539535 9.920930 0.023400
v 0.603031 9.882320 -0.335036
v 0.636969 9.882320 -0.344964
v 0.822969 9.882320 0.290836
v 0.789031 9.882320 0.300764
v 0.603031 9.917680 -0.335036
v 0.789031 9.917680 0.300764
v 0.822969 9.917680 0.290836
v 0.636969 9.917680 -0.344964
v 0.822740 9.882320 0.301488
v 0.789260 9.882320 0.290112
v 0.975260 9.882320 -0.257288
v 1.008740 9.882320 -0.245912
v 0.822740 9.917680 0.301488
v 1.008740 9.917680 -0.245912
v 0.975260 9.917680 -0.257288
v 0.789260 9.917680 0.290112
v 0.975614 9.882320 -0.244960
v 1.008386 9.882320 -0.258240
v 1.194386 9.882320 0.200760
v 1.161614 9.882320 0.214040
v 0.975614 9.917680 -0.244960
v 1.161614 9.917680 0.214040
v 1.194386 9.917680 0.200760
v 1.008386 9.917680 -0.258240
v 1.193802 9.882320 0.215331
v 1.162198 9.882320 0.199469
v 1.348198 9.882320 -0.171131
v 1.379802 9.882320 -0.155269
v 1.193802 9.917680 0.215331
v 1.379802 9.917680 -0.155269
v 1.348198 9.917680 -0.171131
v 1.162198 9.917680 0.199469
v 1.349238 9.882320 -0.153470
v 1.378762 9.882320 -0.172930
v 1.564762 9.882320 0.109270
v 1.535238 9.882320 0.128730
v 1.349238 9.917680 -0.153470
v 1.535238 9.917680 0.128730
v 1.564762 9.917680 0.109270
v 1.378762 9.917680 -0.172930
v 1.475000 9.870000 0.075000
v 1.625000 9.870000 0.075000
v 1.625000 9.870000 -0.075000
v 1.475000 9.870000 -0.075000
v 1.475000 9.910000 -0.075000
v 1.625000 9.910000 -0.075000
v 1.625000 9.910000 0.075000
v 1.475000 9.910000 0.075000
v -0.622036 9.888755 -0.588943
v -0.588943 9.888755 -0.622036
v 0.031057 11.488755 -0.002036
v -0.002036 11.488755 0.031057
v -0.651057 9.911245 -0.617964
v -0.031057 11.511245 0.002036
v 0.002036 11.511245 -0.031057
v -0.617964 9.911245 -0.651057
v -0.588943 9.888755 0.622036
v -0.622036 9.888755 0.588943
v -0.002036 11.488755 -0.031057
v 0.031057 11.488755 0.002036
v -0.617964 9.911245 0.651057
v 0.002036 11.511245 0.031057
v -0.031057 11.511245 -0.002036
v -0.651057 9.911245 0.617964
v 0.588943 9.888755 -0.622036
v 0.622036 9.888755 -0.588943
v 0.002036 11.488755 0.031057
v -0.031057 11.488755 -0.002036
v 0.617964 9.911245 -0.651057
v -0.002036 11.511245 -0.031057
v 0.031057 11.511245 0.002036
v 0.651057 9.911245 -0.617964
v 0.622036 9.888755 0.588943
v 0.588943 9.888755 0.622036
v -0.031057 11.488755 0.002036
v 0.002036 11.488755 -0.031057
v 0.651057 9.911245 0.617964
v 0.031057 11.511245 -0.002036
v -0.002036 11.511245 0.031057
v 0.617964 9.911245 0.651057
v -0.413333 10.415653 -0.395653
v -0.413333 10.415653 -0.431013
v 0.413333 10.415653 -0.431013
v 0.413333 10.415653 -0.395653
v -0.413333 10.451013 -0.395653
v 0.413333 10.451013 -0.395653
v 0.413333 10.451013 -0.431013
v -0.413333 10.451013 -0.431013
v 0.395653 10.415653 -0.413333
v 0.431013 10.415653 -0.413333
v 0.431013 10.415653 0.413333
v 0.395653 10.415653 0.413333
v 0.395653 10.451013 -0.413333
v 0.395653 10.451013 0.413333
v 0.431013 10.451013 0.413333
v 0.431013 10.451013 -0.413333
v 0.413333 10.415653 0.395653
v 0.413333 10.415653 0.431013
v -0.413333 10.415653 0.431013
v -0.413333 10.415653 0.395653
v 0.413333 10.451013 0.395653
v -0.413333 10.451013 0.395653
v -0.413333 10.451013 0.431013
v 0.413333 10.451013 0.431013
v -0.395653 10.415653 0.413333
v -0.431013 10.415653 0.413333
v -0.431013 10.415653 -0.413333
v -0.395653 10.415653 -0.413333
v -0.395653 10.451013 0.413333
v -0.395653 10.451013 -0.413333
v -0.431013 10.451013 -0.413333
v -0.431013 10.451013 0.413333
v -0.206667 10.948987 -0.188987
v -0.206667 10.948987 -0.224347
v 0.206667 10.948987 -0.224347
v 0.206667 10.948987 -0.188987
v -0.206667 10.984347 -0.188987
v 0.206667 10.984347 -0.188987
v 0.206667 10.984347 -0.224347
v -0.206667 10.984347 -0.224347
v 0.188987 10.948987 -0.206667
v 0.224347 10.948987 -0.206667
v 0.224347 10.948987 0.206667
v 0.188987 10.948987 0.206667
v 0.188987 10.984347 -0.206667
v 0.188987 10.984347 0.206667
v 0.224347 10.984347 0.206667
v 0.224347 10.984347 -0.206667
v 0.206667 10.948987 0.188987
v 0.206667 10.948987 0.224347
v -0.206667 10.948987 0.224347
v -0.206667 10.948987 0.188987
v 0.206667 10.984347 0.188987
v -0.206667 10.984347 0.188987
v -0.206667 10.984347 0.224347
v 0.206667 10.984347 0.224347
v -0.188987 10.948987 0.206667
v -0.224347 10.948987 0.206667
v -0.224347 10.948987 -0.206667
v -0.188987 10.948987 -0.206667
v -0.188987 10.984347 0.206667
v -0.188987 10.984347 -0.206667
v -0.224347 10.984347 -0.206667
v -0.224347 10.984347 0.206667
v 0.045000 11.470000 0.000000
v 0.044135 11.470000 0.008779
v 0.044135 11.530000 0.008779
v 0.045000 11.530000 0.000000
v 0.041575 11.470000 0.017221
v 0.041575 11.530000 0.017221
v 0.037416 11.470000 0.025001
v 0.037416 11.530000 0.025001
v 0.031820 11.470000 0.031820
v 0.031820 11.530000 0.031820
v 0.025001 11.470000 0.037416
v 0.025001 11.530000 0.037416
v 0.017221 11.470000 0.041575
v 0.017221 11.530000 0.041575
v 0.008779 11.470000 0.044135
v 0.008779 11.530000 0.044135
v 0.000000 11.470000 0.045000
v 0.000000 11.530000 0.045000
v -0.008779 11.470000 0.044135
v -0.008779 11.530000 0.044135
v -0.017221 11.470000 0.041575
v -0.017221 11.530000 0.041575
v -0.025001 11.470000 0.037416
v -0.025001 11.530000 0.037416
v -0.031820 11.470000 0.031820
v -0.031820 11.530000 0.031820
v -0.037416 11.470000 0.025001
v -0.037416 11.530000 0.025001
v -0.041575 11.470000 0.017221
v -0.041575 11.530000 0.017221
v -0.044135 11.470000 0.008779
v -0.044135 11.530000 0.008779
v -0.045000 11.470000 0.000000
v -0.045000 11.530000 0.000000
v -0.044135 11.470000 -0.008779
v -0.044135 11.530000 -0.008779
v -0.041575 11.470000 -0.017221
v -0.041575 11.530000 -0.017221
v -0.037416 11.470000 -0.025001
v -0.037416 11.530000 -0.025001
v -0.031820 11.470000 -0.031820
v -0.031820 11.530000 -0.031820
v -0.025001 11.470000 -0.037416
v -0.025001 11.530000 -0.037416
v -0.017221 11.470000 -0.041575
v -0.017221 11.530000 -0.041575
v -0.008779 11.470000 -0.044135
v -0.008779 11.530000 -0.044135
v -0.000000 11.470000 -0.045000
v -0.000000 11.530000 -0.045000
v 0.008779 11.470000 -0.044135
v 0.008779 11.530000 -0.044135
v 0.017221 11.470000 -0.041575
v 0.017221 11.530000 -0.041575
v 0.025001 11.470000 -0.037416
v 0.025001 11.530000 -0.037416
v 0.031820 11.470000 -0.031820
v 0.031820 11.530000 -0.031820
v 0.037416 11.470000 -0.025001
v 0.037416 11.530000 -0.025001
v 0.041575 11.470000 -0.017221
v 0.041575 11.530000 -0.017221
v 0.044135 11.470000 -0.008779
v 0.044135 11.530000 -0.008779
v -2.581920 8.352000 0.000000
v -2.581920 8.351001 0.010145
v -2.556080 8.331621 0.006290
v -2.556080 8.332240 0.000000
v -2.581920 8.348042 0.019900
v -2.556080 8.329786 0.012338
v -2.581920 8.343236 0.028890
v -2.556080 8.326807 0.017912
v -2.581920 8.336770 0.036770
v -2.556080 8.322797 0.022797
v -2.581920 8.328890 0.043236
v -2.556080 8.317912 0.026807
v -2.581920 8.319900 0.048042
v -2.556080 8.312338 0.029786
v -2.581920 8.310145 0.051001
v -2.556080 8.306290 0.031621
v -2.581920 8.300000 0.052000
v -2.556080 8.300000 0.032240
v -2.581920 8.289855 0.051001
v -2.556080 8.293710 0.031621
v -2.581920 8.280100 0.048042
v -2.556080 8.287662 0.029786
v -2.581920 8.271110 0.043236
v -2.556080 8.282088 0.026807
v -2.581920 8.263230 0.036770
v -2.556080 8.277203 0.022797
v -2.581920 8.256764 0.028890
v -2.556080 8.273193 0.017912
v -2.581920 8.251958 0.019900
v -2.556080 8.270214 0.012338
v -2.581920 8.248999 0.010145
v -2.556080 8.268379 0.006290
v -2.581920 8.248000 0.000000
v -2.556080 8.267760 0.000000
v -2.581920 8.248999 -0.010145
v -2.556080 8.268379 -0.006290
v -2.581920 8.251958 -0.019900
v -2.556080 8.270214 -0.012338
v -2.581920 8.256764 -0.028890
v -2.556080 8.273193 -0.017912
v -2.581920 8.263230 -0.036770
v -2.556080 8.277203 -0.022797
v -2.581920 8.271110 -0.043236
v -2.556080 8.282088 -0.026807
v -2.581920 8.280100 -0.048042
v -2.556080 8.287662 -0.029786
v -2.581920 8.289855 -0.051001
v -2.556080 8.293710 -0.031621
v -2.581920 8.300000 -0.052000
v -2.556080 8.300000 -0.032240
v -2.581920 8.310145 -0.051001
v -2.556080 8.306290 -0.031621
v -2.581920 8.319900 -0.048042
v -2.556080 8.312338 -0.029786
v -2.581920 8.328890 -0.043236
v -2.556080 8.317912 -0.026807
v -2.581920 8.336770 -0.036770
v -2.556080 8.322797 -0.022797
v -2.581920 8.343236 -0.028890
v -2.556080 8.326807 -0.017912
v -2.581920 8.348042 -0.019900
v -2.556080 8.329786 -0.012338
v -2.581920 8.351001 -0.010145
v -2.556080 8.331621 -0.006290
v -2.588000 8.315600 0.000000
v -2.588000 8.315300 0.003043
v -2.550000 8.315300 0.003043
v -2.550000 8.315600 0.000000
v -2.588000 8.314413 0.005970
v -2.550000 8.314413 0.005970
v -2.588000 8.312971 0.008667
v -2.550000 8.312971 0.008667
v -2.588000 8.311031 0.011031
v -2.550000 8.311031 0.011031
v -2.588000 8.308667 0.012971
v -2.550000 8.308667 0.012971
v -2.588000 8.305970 0.014413
v -2.550000 8.305970 0.014413
v -2.588000 8.303043 0.015300
v -2.550000 8.303043 0.015300
v -2.588000 8.300000 0.015600
v -2.550000 8.300000 0.015600
v -2.588000 8.296957 0.015300
v -2.550000 8.296957 0.015300
v -2.588000 8.294030 0.014413
v -2.550000 8.294030 0.014413
v -2.588000 8.291333 0.012971
v -2.550000 8.291333 0.012971
v -2.588000 8.288969 0.011031
v -2.550000 8.288969 0.011031
v -2.588000 8.287029 0.008667
v -2.550000 8.287029 0.008667
v -2.588000 8.285587 0.005970
v -2.550000 8.285587 0.005970
v -2.588000 8.284700 0.003043
v -2.550000 8.284700 0.003043
v -2.588000 8.284400 0.000000
v -2.550000 8.284400 0.000000
v -2.588000 8.284700 -0.003043
v -2.550000 8.284700 -0.003043
v -2.588000 8.285587 -0.005970
v -2.550000 8.285587 -0.005970
v -2.588000 8.287029 -0.008667
v -2.550000 8.287029 -0.008667
v -2.588000 8.288969 -0.011031
v -2.550000 8.288969 -0.011031
v -2.588000 8.291333 -0.012971
v -2.550000 8.291333 -0.012971
v -2.588000 8.294030 -0.014413
v -2.550000 8.294030 -0.014413
v -2.588000 8.296957 -0.015300
v -2.550000 8.296957 -0.015300
v -2.588000 8.300000 -0.015600
v -2.550000 8.300000 -0.015600
v -2.588000 8.303043 -0.015300
v -2.550000 8.303043 -0.015300
v -2.588000 8.305970 -0.014413
v -2.550000 8.305970 -0.014413
v -2.588000 8.308667 -0.012971
v -2.550000 8.308667 -0.012971
v -2.588000 8.311031 -0.011031
v -2.550000 8.311031 -0.011031
v -2.588000 8.312971 -0.008667
v -2.550000 8.312971 -0.008667
v -2.588000 8.314413 -0.005970
v -2.550000 8.314413 -0.005970
v -2.588000 8.315300 -0.003043
v -2.550000 8.315300 -0.003043
v -2.619920 8.352000 0.000000
v -2.619920 8.351001 0.010145
v -2.594080 8.331621 0.006290
v -2.594080 8.332240 0.000000
v -2.619920 8.348042 0.019900
v -2.594080 8.329786 0.012338
v -2.619920 8.343236 0.028890
v -2.594080 8.326807 0.017912
v -2.619920 8.336770 0.036770
v -2.594080 8.322797 0.022797
v -2.619920 8.328890 0.043236
v -2.594080 8.317912 0.026807
v -2.619920 8.319900 0.048042
v -2.594080 8.312338 0.029786
v -2.619920 8.310145 0.051001
v -2.594080 8.306290 0.031621
v -2.619920 8.300000 0.052000
v -2.594080 8.300000 0.032240
v -2.619920 8.289855 0.051001
v -2.594080 8.293710 0.031621
v -2.619920 8.280100 0.048042
v -2.594080 8.287662 0.029786
v -2.619920 8.271110 0.043236
v -2.594080 8.282088 0.026807
v -2.619920 8.263230 0.036770
v -2.594080 8.277203 0.022797
v -2.619920 8.256764 0.028890
v -2.594080 8.273193 0.017912
v -2.619920 8.251958 0.019900
v -2.594080 8.270214 0.012338
v -2.619920 8.248999 0.010145
v -2.594080 8.268379 0.006290
v -2.619920 8.248000 0.000000
v -2.594080 8.267760 0.000000
v -2.619920 8.248999 -0.010145
v -2.594080 8.268379 -0.006290
v -2.619920 8.251958 -0.019900
v -2.594080 8.270214 -0.012338
v -2.619920 8.256764 -0.028890
v -2.594080 8.273193 -0.017912
v -2.619920 8.263230 -0.036770
v -2.594080 8.277203 -0.022797
v -2.619920 8.271110 -0.043236
v -2.594080 8.282088 -0.026807
v -2.619920 8.280100 -0.048042
v -2.594080 8.287662 -0.029786
v -2.619920 8.289855 -0.051001
v -2.594080 8.293710 -0.031621
v -2.619920 8.300000 -0.052000
v -2.594080 8.300000 -0.032240
v -2.619920 8.310145 -0.051001
v -2.594080 8.306290 -0.031621
v -2.619920 8.319900 -0.048042
v -2.594080 8.312338 -0.029786
v -2.619920 8.328890 -0.043236
v -2.594080 8.317912 -0.026807
v -2.619920 8.336770 -0.036770
v -2.594080 8.322797 -0.022797
v -2.619920 8.343236 -0.028890
v -2.594080 8.326807 -0.017912
v -2.619920 8.348042 -0.019900
v -2.594080 8.329786 -0.012338
v -2.619920 8.351001 -0.010145
v -2.594080 8.331621 -0.006290
v -2.626000 8.315600 0.000000
v -2.626000 8.315300 0.003043
v -2.626000 8.314413 0.005970
v -2.626000 8.312971 0.008667
v -2.626000 8.311031 0.011031
v -2.626000 8.308667 0.012971
v -2.626000 8.305970 0.014413
v -2.626000 8.303043 0.015300
v -2.626000 8.300000 0.015600
v -2.626000 8.296957 0.015300
v -2.626000 8.294030 0.014413
v -2.626000 8.291333 0.012971
v -2.626000 8.288969 0.011031
v -2.626000 8.287029 0.008667
v -2.626000 8.285587 0.005970
v -2.626000 8.284700 0.003043
v -2.626000 8.284400 0.000000
v -2.626000 8.284700 -0.003043
v -2.626000 8.285587 -0.005970
v -2.626000 8.287029 -0.008667
v -2.626000 8.288969 -0.011031
v -2.626000 8.291333 -0.012971
v -2.626000 8.294030 -0.014413
v -2.626000 8.296957 -0.015300
v -2.626000 8.300000 -0.015600
v -2.626000 8.303043 -0.015300
v -2.626000 8.305970 -0.014413
v -2.626000 8.308667 -0.012971
v -2.626000 8.311031 -0.011031
v -2.626000 8.312971 -0.008667
v -2.626000 8.314413 -0.005970
v -2.626000 8.315300 -0.003043
v -2.657920 8.352000 0.000000
v -2.657920 8.351001 0.010145
v -2.632080 8.331621 0.006290
v -2.632080 8.332240 0.000000
v -2.657920 8.348042 0.019900
v -2.632080 8.329786 0.012338
v -2.657920 8.343236 0.028890
v -2.632080 8.326807 0.017912
v -2.657920 8.336770 0.036770
v -2.632080 8.322797 0.022797
v -2.657920 8.328890 0.043236
v -2.632080 8.317912 0.026807
v -2.657920 8.319900 0.048042
v -2.632080 8.312338 0.029786
v -2.657920 8.310145 0.051001
v -2.632080 8.306290 0.031621
v -2.657920 8.300000 0.052000
v -2.632080 8.300000 0.032240
v -2.657920 8.289855 0.051001
v -2.632080 8.293710 0.031621
v -2.657920 8.280100 0.048042
v -2.632080 8.287662 0.029786
v -2.657920 8.271110 0.043236
v -2.632080 8.282088 0.026807
v -2.657920 8.263230 0.036770
v -2.632080 8.277203 0.022797
v -2.657920 8.256764 0.028890
v -2.632080 8.273193 0.017912
v -2.657920 8.251958 0.019900
v -2.632080 8.270214 0.012338
v -2.657920 8.248999 0.010145
v -2.632080 8.268379 0.006290
v -2.657920 8.248000 0.000000
v -2.632080 8.267760 0.000000
v -2.657920 8.248999 -0.010145
v -2.632080 8.268379 -0.006290
v -2.657920 8.251958 -0.019900
v -2.632080 8.270214 -0.012338
v -2.657920 8.256764 -0.028890
v -2.632080 8.273193 -0.017912
v -2.657920 8.263230 -0.036770
v -2.632080 8.277203 -0.022797
v -2.657920 8.271110 -0.043236
v -2.632080 8.282088 -0.026807
v -2.657920 8.280100 -0.048042
v -2.632080 8.287662 -0.029786
v -2.657920 8.289855 -0.051001
v -2.632080 8.293710 -0.031621
v -2.657920 8.300000 -0.052000
v -2.632080 8.300000 -0.032240
v -2.657920 8.310145 -0.051001
v -2.632080 8.306290 -0.031621
v -2.657920 8.319900 -0.048042
v -2.632080 8.312338 -0.029786
v -2.657920 8.328890 -0.043236
v -2.632080 8.317912 -0.026807
v -2.657920 8.336770 -0.036770
v -2.632080 8.322797 -0.022797
v -2.657920 8.343236 -0.028890
v -2.632080 8.326807 -0.017912
v -2.657920 8.348042 -0.019900
v -2.632080 8.329786 -0.012338
v -2.657920 8.351001 -0.010145
v -2.632080 8.331621 -0.006290
v -2.664000 8.315600 0.000000
v -2.664000 8.315300 0.003043
v -2.664000 8.314413 0.005970
v -2.664000 8.312971 0.008667
v -2.664000 8.311031 0.011031
v -2.664000 8.308667 0.012971
v -2.664000 8.305970 0.014413
v -2.664000 8.303043 0.015300
v -2.664000 8.300000 0.015600
v -2.664000 8.296957 0.015300
v -2.664000 8.294030 0.014413
v -2.664000 8.291333 0.012971
v -2.664000 8.288969 0.011031
v -2.664000 8.287029 0.008667
v -2.664000 8.285587 0.005970
v -2.664000 8.284700 0.003043
v -2.664000 8.284400 0.000000
v -2.664000 8.284700 -0.003043
v -2.664000 8.285587 -0.005970
v -2.664000 8.287029 -0.008667
v -2.664000 8.288969 -0.011031
v -2.664000 8.291333 -0.012971
v -2.664000 8.294030 -0.014413
v -2.664000 8.296957 -0.015300
v -2.664000 8.300000 -0.015600
v -2.664000 8.303043 -0.015300
v -2.664000 8.305970 -0.014413
v -2.664000 8.308667 -0.012971
v -2.664000 8.311031 -0.011031
v -2.664000 8.312971 -0.008667
v -2.664000 8.314413 -0.005970
v -2.664000 8.315300 -0.003043
v -2.695920 8.352000 0.000000
v -2.695920 8.351001 0.010145
v -2.670080 8.331621 0.006290
v -2.670080 8.332240 0.000000
v -2.695920 8.348042 0.019900
v -2.670080 8.329786 0.012338
v -2.695920 8.343236 0.028890
v -2.670080 8.326807 0.017912
v -2.695920 8.336770 0.036770
v -2.670080 8.322797 0.022797
v -2.695920 8.328890 0.043236
v -2.670080 8.317912 0.026807
v -2.695920 8.319900 0.048042
v -2.670080 8.312338 0.029786
v -2.695920 8.310145 0.051001
v -2.670080 8.306290 0.031621
v -2.695920 8.300000 0.052000
v -2.670080 8.300000 0.032240
v -2.695920 8.289855 0.051001
v -2.670080 8.293710 0.031621
v -2.695920 8.280100 0.048042
v -2.670080 8.287662 0.029786
v -2.695920 8.271110 0.043236
v -2.670080 8.282088 0.026807
v -2.695920 8.263230 0.036770
v -2.670080 8.277203 0.022797
v -2.695920 8.256764 0.028890
v -2.670080 8.273193 0.017912
v -2.695920 8.251958 0.019900
v -2.670080 8.270214 0.012338
v -2.695920 8.248999 0.010145
v -2.670080 8.268379 0.006290
v -2.695920 8.248000 0.000000
v -2.670080 8.267760 0.000000
v -2.695920 8.248999 -0.010145
v -2.670080 8.268379 -0.006290
v -2.695920 8.251958 -0.019900
v -2.670080 8.270214 -0.012338
v -2.695920 8.256764 -0.028890
v -2.670080 8.273193 -0.017912
v -2.695920 8.263230 -0.036770
v -2.670080 8.277203 -0.022797
v -2.695920 8.271110 -0.043236
v -2.670080 8.282088 -0.026807
v -2.695920 8.280100 -0.048042
v -2.670080 8.287662 -0.029786
v -2.695920 8.289855 -0.051001
v -2.670080 8.293710 -0.031621
v -2.695920 8.300000 -0.052000
v -2.670080 8.300000 -0.032240
v -2.695920 8.310145 -0.051001
v -2.670080 8.306290 -0.031621
v -2.695920 8.319900 -0.048042
v -2.670080 8.312338 -0.029786
v -2.695920 8.328890 -0.043236
v -2.670080 8.317912 -0.026807
v -2.695920 8.336770 -0.036770
v -2.670080 8.322797 -0.022797
v -2.695920 8.343236 -0.028890
v -2.670080 8.326807 -0.017912
v -2.695920 8.348042 -0.019900
v -2.670080 8.329786 -0.012338
v -2.695920 8.351001 -0.010145
v -2.670080 8.331621 -0.006290
v -2.702000 8.315600 0.000000
v -2.702000 8.315300 0.003043
v -2.702000 8.314413 0.005970
v -2.702000 8.312971 0.008667
v -2.702000 8.311031 0.011031
v -2.702000 8.308667 0.012971
v -2.702000 8.305970 0.014413
v -2.702000 8.303043 0.015300
v -2.702000 8.300000 0.015600
v -2.702000 8.296957 0.015300
v -2.702000 8.294030 0.014413
v -2.702000 8.291333 0.012971
v -2.702000 8.288969 0.011031
v -2.702000 8.287029 0.008667
v -2.702000 8.285587 0.005970
v -2.702000 8.284700 0.003043
v -2.702000 8.284400 0.000000
v -2.702000 8.284700 -0.003043
v -2.702000 8.285587 -0.005970
v -2.702000 8.287029 -0.008667
v -2.702000 8.288969 -0.011031
v -2.702000 8.291333 -0.012971
v -2.702000 8.294030 -0.014413
v -2.702000 8.296957 -0.015300
v -2.702000 8.300000 -0.015600
v -2.702000 8.303043 -0.015300
v -2.702000 8.305970 -0.014413
v -2.702000 8.308667 -0.012971
v -2.702000 8.311031 -0.011031
v -2.702000 8.312971 -0.008667
v -2.702000 8.314413 -0.005970
v -2.702000 8.315300 -0.003043
v -2.733920 8.352000 0.000000
v -2.733920 8.351001 0.010145
v -2.708080 8.331621 0.006290
v -2.708080 8.332240 0.000000
v -2.733920 8.348042 0.019900
v -2.708080 8.329786 0.012338
v -2.733920 8.343236 0.028890
v -2.708080 8.326807 0.017912
v -2.733920 8.336770 0.036770
v -2.708080 8.322797 0.022797
v -2.733920 8.328890 0.043236
v -2.708080 8.317912 0.026807
v -2.733920 8.319900 0.048042
v -2.708080 8.312338 0.029786
v -2.733920 8.310145 0.051001
v -2.708080 8.306290 0.031621
v -2.733920 8.300000 0.052000
v -2.708080 8.300000 0.032240
v -2.733920 8.289855 0.051001
v -2.708080 8.293710 0.031621
v -2.733920 8.280100 0.048042
v -2.708080 8.287662 0.029786
v -2.733920 8.271110 0.043236
v -2.708080 8.282088 0.026807
v -2.733920 8.263230 0.036770
v -2.708080 8.277203 0.022797
v -2.733920 8.256764 0.028890
v -2.708080 8.273193 0.017912
v -2.733920 8.251958 0.019900
v -2.708080 8.270214 0.012338
v -2.733920 8.248999 0.010145
v -2.708080 8.268379 0.006290
v -2.733920 8.248000 0.000000
v -2.708080 8.267760 0.000000
v -2.733920 8.248999 -0.010145
v -2.708080 8.268379 -0.006290
v -2.733920 8.251958 -0.019900
v -2.708080 8.270214 -0.012338
v -2.733920 8.256764 -0.028890
v -2.708080 8.273193 -0.017912
v -2.733920 8.263230 -0.036770
v -2.708080 8.277203 -0.022797
v -2.733920 8.271110 -0.043236
v -2.708080 8.282088 -0.026807
v -2.733920 8.280100 -0.048042
v -2.708080 8.287662 -0.029786
v -2.733920 8.289855 -0.051001
v -2.708080 8.293710 -0.031621
v -2.733920 8.300000 -0.052000
v -2.708080 8.300000 -0.032240
v -2.733920 8.310145 -0.051001
v -2.708080 8.306290 -0.031621
v -2.733920 8.319900 -0.048042
v -2.708080 8.312338 -0.029786
v -2.733920 8.328890 -0.043236
v -2.708080 8.317912 -0.026807
v -2.733920 8.336770 -0.036770
v -2.708080 8.322797 -0.022797
v -2.733920 8.343236 -0.028890
v -2.708080 8.326807 -0.017912
v -2.733920 8.348042 -0.019900
v -2.708080 8.329786 -0.012338
v -2.733920 8.351001 -0.010145
v -2.708080 8.331621 -0.006290
v -2.740000 8.315600 0.000000
v -2.740000 8.315300 0.003043
v -2.740000 8.314413 0.005970
v -2.740000 8.312971 0.008667
v -2.740000 8.311031 0.011031
v -2.740000 8.308667 0.012971
v -2.740000 8.305970 0.014413
v -2.740000 8.303043 0.015300
v -2.740000 8.300000 0.015600
v -2.740000 8.296957 0.015300
v -2.740000 8.294030 0.014413
v -2.740000 8.291333 0.012971
v -2.740000 8.288969 0.011031
v -2.740000 8.287029 0.008667
v -2.740000 8.285587 0.005970
v -2.740000 8.284700 0.003043
v -2.740000 8.284400 0.000000
v -2.740000 8.284700 -0.003043
v -2.740000 8.285587 -0.005970
v -2.740000 8.287029 -0.008667
v -2.740000 8.288969 -0.011031
v -2.740000 8.291333 -0.012971
v -2.740000 8.294030 -0.014413
v -2.740000 8.296957 -0.015300
v -2.740000 8.300000 -0.015600
v -2.740000 8.303043 -0.015300
v -2.740000 8.305970 -0.014413
v -2.740000 8.308667 -0.012971
v -2.740000 8.311031 -0.011031
v -2.740000 8.312971 -0.008667
v -2.740000 8.314413 -0.005970
v -2.740000 8.315300 -0.003043
v -2.771920 8.352000 0.000000
v -2.771920 8.351001 0.010145
v -2.746080 8.331621 0.006290
v -2.746080 8.332240 0.000000
v -2.771920 8.348042 0.019900
v -2.746080 8.329786 0.012338
v -2.771920 8.343236 0.028890
v -2.746080 8.326807 0.017912
v -2.771920 8.336770 0.036770
v -2.746080 8.322797 0.022797
v -2.771920 8.328890 0.043236
v -2.746080 8.317912 0.026807
v -2.771920 8.319900 0.048042
v -2.746080 8.312338 0.029786
v -2.771920 8.310145 0.051001
v -2.746080 8.306290 0.031621
v -2.771920 8.300000 0.052000
v -2.746080 8.300000 0.032240
v -2.771920 8.289855 0.051001
v -2.746080 8.293710 0.031621
v -2.771920 8.280100 0.048042
v -2.746080 8.287662 0.029786
v -2.771920 8.271110 0.043236
v -2.746080 8.282088 0.026807
v -2.771920 8.263230 0.036770
v -2.746080 8.277203 0.022797
v -2.771920 8.256764 0.028890
v -2.746080 8.273193 0.017912
v -2.771920 8.251958 0.019900
v -2.746080 8.270214 0.012338
v -2.771920 8.248999 0.010145
v -2.746080 8.268379 0.006290
v -2.771920 8.248000 0.000000
v -2.746080 8.267760 0.000000
v -2.771920 8.248999 -0.010145
v -2.746080 8.268379 -0.006290
v -2.771920 8.251958 -0.019900
v -2.746080 8.270214 -0.012338
v -2.771920 8.256764 -0.028890
v -2.746080 8.273193 -0.017912
v -2.771920 8.263230 -0.036770
v -2.746080 8.277203 -0.022797
v -2.771920 8.271110 -0.043236
v -2.746080 8.282088 -0.026807
v -2.771920 8.280100 -0.048042
v -2.746080 8.287662 -0.029786
v -2.771920 8.289855 -0.051001
v -2.746080 8.293710 -0.031621
v -2.771920 8.300000 -0.052000
v -2.746080 8.300000 -0.032240
v -2.771920 8.310145 -0.051001
v -2.746080 8.306290 -0.031621
v -2.771920 8.319900 -0.048042
v -2.746080 8.312338 -0.029786
v -2.771920 8.328890 -0.043236
v -2.746080 8.317912 -0.026807
v -2.771920 8.336770 -0.036770
v -2.746080 8.322797 -0.022797
v -2.771920 8.343236 -0.028890
v -2.746080 8.326807 -0.017912
v -2.771920 8.348042 -0.019900
v -2.746080 8.329786 -0.012338
v -2.771920 8.351001 -0.010145
v -2.746080 8.331621 -0.006290
v -2.778000 8.315600 0.000000
v -2.778000 8.315300 0.003043
v -2.778000 8.314413 0.005970
v -2.778000 8.312971 0.008667
v -2.778000 8.311031 0.011031
v -2.778000 8.308667 0.012971
v -2.778000 8.305970 0.014413
v -2.778000 8.303043 0.015300
v -2.778000 8.300000 0.015600
v -2.778000 8.296957 0.015300
v -2.778000 8.294030 0.014413
v -2.778000 8.291333 0.012971
v -2.778000 8.288969 0.011031
v -2.778000 8.287029 0.008667
v -2.778000 8.285587 0.005970
v -2.778000 8.284700 0.003043
v -2.778000 8.284400 0.000000
v -2.778000 8.284700 -0.003043
v -2.778000 8.285587 -0.005970
v -2.778000 8.287029 -0.008667
v -2.778000 8.288969 -0.011031
v -2.778000 8.291333 -0.012971
v -2.778000 8.294030 -0.014413
v -2.778000 8.296957 -0.015300
v -2.778000 8.300000 -0.015600
v -2.778000 8.303043 -0.015300
v -2.778000 8.305970 -0.014413
v -2.778000 8.308667 -0.012971
v -2.778000 8.311031 -0.011031
v -2.778000 8.312971 -0.008667
v -2.778000 8.314413 -0.005970
v -2.778000 8.315300 -0.003043
v -2.809920 8.352000 0.000000
v -2.809920 8.351001 0.010145
v -2.784080 8.331621 0.006290
v -2.784080 8.332240 0.000000
v -2.809920 8.348042 0.019900
v -2.784080 8.329786 0.012338
v -2.809920 8.343236 0.028890
v -2.784080 8.326807 0.017912
v -2.809920 8.336770 0.036770
v -2.784080 8.322797 0.022797
v -2.809920 8.328890 0.043236
v -2.784080 8.317912 0.026807
v -2.809920 8.319900 0.048042
v -2.784080 8.312338 0.029786
v -2.809920 8.310145 0.051001
v -2.784080 8.306290 0.031621
v -2.809920 8.300000 0.052000
v -2.784080 8.300000 0.032240
v -2.809920 8.289855 0.051001
v -2.784080 8.293710 0.031621
v -2.809920 8.280100 0.048042
v -2.784080 8.287662 0.029786
v -2.809920 8.271110 0.043236
v -2.784080 8.282088 0.026807
v -2.809920 8.263230 0.036770
v -2.784080 8.277203 0.022797
v -2.809920 8.256764 0.028890
v -2.784080 8.273193 0.017912
v -2.809920 8.251958 0.019900
v -2.784080 8.270214 0.012338
v -2.809920 8.248999 0.010145
v -2.784080 8.268379 0.006290
v -2.809920 8.248000 0.000000
v -2.784080 8.267760 0.000000
v -2.809920 8.248999 -0.010145
v -2.784080 8.268379 -0.006290
v -2.809920 8.251958 -0.019900
v -2.784080 8.270214 -0.012338
v -2.809920 8.256764 -0.028890
v -2.784080 8.273193 -0.017912
v -2.809920 8.263230 -0.036770
v -2.784080 8.277203 -0.022797
v -2.809920 8.271110 -0.043236
v -2.784080 8.282088 -0.026807
v -2.809920 8.280100 -0.048042
v -2.784080 8.287662 -0.029786
v -2.809920 8.289855 -0.051001
v -2.784080 8.293710 -0.031621
v -2.809920 8.300000 -0.052000
v -2.784080 8.300000 -0.032240
v -2.809920 8.310145 -0.051001
v -2.784080 8.306290 -0.031621
v -2.809920 8.319900 -0.048042
v -2.784080 8.312338 -0.029786
v -2.809920 8.328890 -0.043236
v -2.784080 8.317912 -0.026807
v -2.809920 8.336770 -0.036770
v -2.784080 8.322797 -0.022797
v -2.809920 8.343236 -0.028890
v -2.784080 8.326807 -0.017912
v -2.809920 8.348042 -0.019900
v -2.784080 8.329786 -0.012338
v -2.809920 8.351001 -0.010145
v -2.784080 8.331621 -0.006290
v -2.816000 8.315600 0.000000
v -2.816000 8.315300 0.003043
v -2.816000 8.314413 0.005970
v -2.816000 8.312971 0.008667
v -2.816000 8.311031 0.011031
v -2.816000 8.308667 0.012971
v -2.816000 8.305970 0.014413
v -2.816000 8.303043 0.015300
v -2.816000 8.300000 0.015600
v -2.816000 8.296957 0.015300
v -2.816000 8.294030 0.014413
v -2.816000 8.291333 0.012971
v -2.816000 8.288969 0.011031
v -2.816000 8.287029 0.008667
v -2.816000 8.285587 0.005970
v -2.816000 8.284700 0.003043
v -2.816000 8.284400 0.000000
v -2.816000 8.284700 -0.003043
v -2.816000 8.285587 -0.005970
v -2.816000 8.287029 -0.008667
v -2.816000 8.288969 -0.011031
v -2.816000 8.291333 -0.012971
v -2.816000 8.294030 -0.014413
v -2.816000 8.296957 -0.015300
v -2.816000 8.300000 -0.015600
v -2.816000 8.303043 -0.015300
v -2.816000 8.305970 -0.014413
v -2.816000 8.308667 -0.012971
v -2.816000 8.311031 -0.011031
v -2.816000 8.312971 -0.008667
v -2.816000 8.314413 -0.005970
v -2.816000 8.315300 -0.003043
v -2.847920 8.352000 0.000000
v -2.847920 8.351001 0.010145
v -2.822080 8.331621 0.006290
v -2.822080 8.332240 0.000000
v -2.847920 8.348042 0.019900
v -2.822080 8.329786 0.012338
v -2.847920 8.343236 0.028890
v -2.822080 8.326807 0.017912
v -2.847920 8.336770 0.036770
v -2.822080 8.322797 0.022797
v -2.847920 8.328890 0.043236
v -2.822080 8.317912 0.026807
v -2.847920 8.319900 0.048042
v -2.822080 8.312338 0.029786
v -2.847920 8.310145 0.051001
v -2.822080 8.306290 0.031621
v -2.847920 8.300000 0.052000
v -2.822080 8.300000 0.032240
v -2.847920 8.289855 0.051001
v -2.822080 8.293710 0.031621
v -2.847920 8.280100 0.048042
v -2.822080 8.287662 0.029786
v -2.847920 8.271110 0.043236
v -2.822080 8.282088 0.026807
v -2.847920 8.263230 0.036770
v -2.822080 8.277203 0.022797
v -2.847920 8.256764 0.028890
v -2.822080 8.273193 0.017912
v -2.847920 8.251958 0.019900
v -2.822080 8.270214 0.012338
v -2.847920 8.248999 0.010145
v -2.822080 8.268379 0.006290
v -2.847920 8.248000 0.000000
v -2.822080 8.267760 0.000000
v -2.847920 8.248999 -0.010145
v -2.822080 8.268379 -0.006290
v -2.847920 8.251958 -0.019900
v -2.822080 8.270214 -0.012338
v -2.847920 8.256764 -0.028890
v -2.822080 8.273193 -0.017912
v -2.847920 8.263230 -0.036770
v -2.822080 8.277203 -0.022797
v -2.847920 8.271110 -0.043236
v -2.822080 8.282088 -0.026807
v -2.847920 8.280100 -0.048042
v -2.822080 8.287662 -0.029786
v -2.847920 8.289855 -0.051001
v -2.822080 8.293710 -0.031621
v -2.847920 8.300000 -0.052000
v -2.822080 8.300000 -0.032240
v -2.847920 8.310145 -0.051001
v -2.822080 8.306290 -0.031621
v -2.847920 8.319900 -0.048042
v -2.822080 8.312338 -0.029786
v -2.847920 8.328890 -0.043236
v -2.822080 8.317912 -0.026807
v -2.847920 8.336770 -0.036770
v -2.822080 8.322797 -0.022797
v -2.847920 8.343236 -0.028890
v -2.822080 8.326807 -0.017912
v -2.847920 8.348042 -0.019900
v -2.822080 8.329786 -0.012338
v -2.847920 8.351001 -0.010145
v -2.822080 8.331621 -0.006290
v -2.854000 8.315600 0.000000
v -2.854000 8.315300 0.003043
v -2.854000 8.314413 0.005970
v -2.854000 8.312971 0.008667
v -2.854000 8.311031 0.011031
v -2.854000 8.308667 0.012971
v -2.854000 8.305970 0.014413
v -2.854000 8.303043 0.015300
v -2.854000 8.300000 0.015600
v -2.854000 8.296957 0.015300
v -2.854000 8.294030 0.014413
v -2.854000 8.291333 0.012971
v -2.854000 8.288969 0.011031
v -2.854000 8.287029 0.008667
v -2.854000 8.285587 0.005970
v -2.854000 8.284700 0.003043
v -2.854000 8.284400 0.000000
v -2.854000 8.284700 -0.003043
v -2.854000 8.285587 -0.005970
v -2.854000 8.287029 -0.008667
v -2.854000 8.288969 -0.011031
v -2.854000 8.291333 -0.012971
v -2.854000 8.294030 -0.014413
v -2.854000 8.296957 -0.015300
v -2.854000 8.300000 -0.015600
v -2.854000 8.303043 -0.015300
v -2.854000 8.305970 -0.014413
v -2.854000 8.308667 -0.012971
v -2.854000 8.311031 -0.011031
v -2.854000 8.312971 -0.008667
v -2.854000 8.314413 -0.005970
v -2.854000 8.315300 -0.003043
v -2.885920 8.352000 0.000000
v -2.885920 8.351001 0.010145
v -2.860080 8.331621 0.006290
v -2.860080 8.332240 0.000000
v -2.885920 8.348042 0.019900
v -2.860080 8.329786 0.012338
v -2.885920 8.343236 0.028890
v -2.860080 8.326807 0.017912
v -2.885920 8.336770 0.036770
v -2.860080 8.322797 0.022797
v -2.885920 8.328890 0.043236
v -2.860080 8.317912 0.026807
v -2.885920 8.319900 0.048042
v -2.860080 8.312338 0.029786
v -2.885920 8.310145 0.051001
v -2.860080 8.306290 0.031621
v -2.885920 8.300000 0.052000
v -2.860080 8.300000 0.032240
v -2.885920 8.289855 0.051001
v -2.860080 8.293710 0.031621
v -2.885920 8.280100 0.048042
v -2.860080 8.287662 0.029786
v -2.885920 8.271110 0.043236
v -2.860080 8.282088 0.026807
v -2.885920 8.263230 0.036770
v -2.860080 8.277203 0.022797
v -2.885920 8.256764 0.028890
v -2.860080 8.273193 0.017912
v -2.885920 8.251958 0.019900
v -2.860080 8.270214 0.012338
v -2.885920 8.248999 0.010145
v -2.860080 8.268379 0.006290
v -2.885920 8.248000 0.000000
v -2.860080 8.267760 0.000000
v -2.885920 8.248999 -0.010145
v -2.860080 8.268379 -0.006290
v -2.885920 8.251958 -0.019900
v -2.860080 8.270214 -0.012338
v -2.885920 8.256764 -0.028890
v -2.860080 8.273193 -0.017912
v -2.885920 8.263230 -0.036770
v -2.860080 8.277203 -0.022797
v -2.885920 8.271110 -0.043236
v -2.860080 8.282088 -0.026807
v -2.885920 8.280100 -0.048042
v -2.860080 8.287662 -0.029786
v -2.885920 8.289855 -0.051001
v -2.860080 8.293710 -0.031621
v -2.885920 8.300000 -0.052000
v -2.860080 8.300000 -0.032240
v -2.885920 8.310145 -0.051001
v -2.860080 8.306290 -0.031621
v -2.885920 8.319900 -0.048042
v -2.860080 8.312338 -0.029786
v -2.885920 8.328890 -0.043236
v -2.860080 8.317912 -0.026807
v -2.885920 8.336770 -0.036770
v -2.860080 8.322797 -0.022797
v -2.885920 8.343236 -0.028890
v -2.860080 8.326807 -0.017912
v -2.885920 8.348042 -0.019900
v -2.860080 8.329786 -0.012338
v -2.885920 8.351001 -0.010145
v -2.860080 8.331621 -0.006290
v -2.892000 8.315600 0.000000
v -2.892000 8.315300 0.003043
v -2.892000 8.314413 0.005970
v -2.892000 8.312971 0.008667
v -2.892000 8.311031 0.011031
v -2.892000 8.308667 0.012971
v -2.892000 8.305970 0.014413
v -2.892000 8.303043 0.015300
v -2.892000 8.300000 0.015600
v -2.892000 8.296957 0.015300
v -2.892000 8.294030 0.014413
v -2.892000 8.291333 0.012971
v -2.892000 8.288969 0.011031
v -2.892000 8.287029 0.008667
v -2.892000 8.285587 0.005970
v -2.892000 8.284700 0.003043
v -2.892000 8.284400 0.000000
v -2.892000 8.284700 -0.003043
v -2.892000 8.285587 -0.005970
v -2.892000 8.287029 -0.008667
v -2.892000 8.288969 -0.011031
v -2.892000 8.291333 -0.012971
v -2.892000 8.294030 -0.014413
v -2.892000 8.296957 -0.015300
v -2.892000 8.300000 -0.015600
v -2.892000 8.303043 -0.015300
v -2.892000 8.305970 -0.014413
v -2.892000 8.308667 -0.012971
v -2.892000 8.311031 -0.011031
v -2.892000 8.312971 -0.008667
v -2.892000 8.314413 -0.005970
v -2.892000 8.315300 -0.003043
v -2.923920 8.352000 0.000000
v -2.923920 8.351001 0.010145
v -2.898080 8.331621 0.006290
v -2.898080 8.332240 0.000000
v -2.923920 8.348042 0.019900
v -2.898080 8.329786 0.012338
v -2.923920 8.343236 0.028890
v -2.898080 8.326807 0.017912
v -2.923920 8.336770 0.036770
v -2.898080 8.322797 0.022797
v -2.923920 8.328890 0.043236
v -2.898080 8.317912 0.026807
v -2.923920 8.319900 0.048042
v -2.898080 8.312338 0.029786
v -2.923920 8.310145 0.051001
v -2.898080 8.306290 0.031621
v -2.923920 8.300000 0.052000
v -2.898080 8.300000 0.032240
v -2.923920 8.289855 0.051001
v -2.898080 8.293710 0.031621
v -2.923920 8.280100 0.048042
v -2.898080 8.287662 0.029786
v -2.923920 8.271110 0.043236
v -2.898080 8.282088 0.026807
v -2.923920 8.263230 0.036770
v -2.898080 8.277203 0.022797
v -2.923920 8.256764 0.028890
v -2.898080 8.273193 0.017912
v -2.923920 8.251958 0.019900
v -2.898080 8.270214 0.012338
v -2.923920 8.248999 0.010145
v -2.898080 8.268379 0.006290
v -2.923920 8.248000 0.000000
v -2.898080 8.267760 0.000000
v -2.923920 8.248999 -0.010145
v -2.898080 8.268379 -0.006290
v -2.923920 8.251958 -0.019900
v -2.898080 8.270214 -0.012338
v -2.923920 8.256764 -0.028890
v -2.898080 8.273193 -0.017912
v -2.923920 8.263230 -0.036770
v -2.898080 8.277203 -0.022797
v -2.923920 8.271110 -0.043236
v -2.898080 8.282088 -0.026807
v -2.923920 8.280100 -0.048042
v -2.898080 8.287662 -0.029786
v -2.923920 8.289855 -0.051001
v -2.898080 8.293710 -0.031621
v -2.923920 8.300000 -0.052000
v -2.898080 8.300000 -0.032240
v -2.923920 8.310145 -0.051001
v -2.898080 8.306290 -0.031621
v -2.923920 8.319900 -0.048042
v -2.898080 8.312338 -0.029786
v -2.923920 8.328890 -0.043236
v -2.898080 8.317912 -0.026807
v -2.923920 8.336770 -0.036770
v -2.898080 8.322797 -0.022797
v -2.923920 8.343236 -0.028890
v -2.898080 8.326807 -0.017912
v -2.923920 8.348042 -0.019900
v -2.898080 8.329786 -0.012338
v -2.923920 8.351001 -0.010145
v -2.898080 8.331621 -0.006290
v -2.930000 8.315600 0.000000
v -2.930000 8.315300 0.003043
v -2.930000 8.314413 0.005970
v -2.930000 8.312971 0.008667
v -2.930000 8.311031 0.011031
v -2.930000 8.308667 0.012971
v -2.930000 8.305970 0.014413
v -2.930000 8.303043 0.015300
v -2.930000 8.300000 0.015600
v -2.930000 8.296957 0.015300
v -2.930000 8.294030 0.014413
v -2.930000 8.291333 0.012971
v -2.930000 8.288969 0.011031
v -2.930000 8.287029 0.008667
v -2.930000 8.285587 0.005970
v -2.930000 8.284700 0.003043
v -2.930000 8.284400 0.000000
v -2.930000 8.284700 -0.003043
v -2.930000 8.285587 -0.005970
v -2.930000 8.287029 -0.008667
v -2.930000 8.288969 -0.011031
v -2.930000 8.291333 -0.012971
v -2.930000 8.294030 -0.014413
v -2.930000 8.296957 -0.015300
v -2.930000 8.300000 -0.015600
v -2.930000 8.303043 -0.015300
v -2.930000 8.305970 -0.014413
v -2.930000 8.308667 -0.012971
v -2.930000 8.311031 -0.011031
v -2.930000 8.312971 -0.008667
v -2.930000 8.314413 -0.005970
v -2.930000 8.315300 -0.003043
v -2.961920 8.352000 0.000000
v -2.961920 8.351001 0.010145
v -2.936080 8.331621 0.006290
v -2.936080 8.332240 0.000000
v -2.961920 8.348042 0.019900
v -2.936080 8.329786 0.012338
v -2.961920 8.343236 0.028890
v -2.936080 8.326807 0.017912
v -2.961920 8.336770 0.036770
v -2.936080 8.322797 0.022797
v -2.961920 8.328890 0.043236
v -2.936080 8.317912 0.026807
v -2.961920 8.319900 0.048042
v -2.936080 8.312338 0.029786
v -2.961920 8.310145 0.051001
v -2.936080 8.306290 0.031621
v -2.961920 8.300000 0.052000
v -2.936080 8.300000 0.032240
v -2.961920 8.289855 0.051001
v -2.936080 8.293710 0.031621
v -2.961920 8.280100 0.048042
v -2.936080 8.287662 0.029786
v -2.961920 8.271110 0.043236
v -2.936080 8.282088 0.026807
v -2.961920 8.263230 0.036770
v -2.936080 8.277203 0.022797
v -2.961920 8.256764 0.028890
v -2.936080 8.273193 0.017912
v -2.961920 8.251958 0.019900
v -2.936080 8.270214 0.012338
v -2.961920 8.248999 0.010145
v -2.936080 8.268379 0.006290
v -2.961920 8.248000 0.000000
v -2.936080 8.267760 0.000000
v -2.961920 8.248999 -0.010145
v -2.936080 8.268379 -0.006290
v -2.961920 8.251958 -0.019900
v -2.936080 8.270214 -0.012338
v -2.961920 8.256764 -0.028890
v -2.936080 8.273193 -0.017912
v -2.961920 8.263230 -0.036770
v -2.936080 8.277203 -0.022797
v -2.961920 8.271110 -0.043236
v -2.936080 8.282088 -0.026807
v -2.961920 8.280100 -0.048042
v -2.936080 8.287662 -0.029786
v -2.961920 8.289855 -0.051001
v -2.936080 8.293710 -0.031621
v -2.961920 8.300000 -0.052000
v -2.936080 8.300000 -0.032240
v -2.961920 8.310145 -0.051001
v -2.936080 8.306290 -0.031621
v -2.961920 8.319900 -0.048042
v -2.936080 8.312338 -0.029786
v -2.961920 8.328890 -0.043236
v -2.936080 8.317912 -0.026807
v -2.961920 8.336770 -0.036770
v -2.936080 8.322797 -0.022797
v -2.961920 8.343236 -0.028890
v -2.936080 8.326807 -0.017912
v -2.961920 8.348042 -0.019900
v -2.936080 8.329786 -0.012338
v -2.961920 8.351001 -0.010145
v -2.936080 8.331621 -0.006290
v -2.968000 8.315600 0.000000
v -2.968000 8.315300 0.003043
v -2.968000 8.314413 0.005970
v -2.968000 8.312971 0.008667
v -2.968000 8.311031 0.011031
v -2.968000 8.308667 0.012971
v -2.968000 8.305970 0.014413
v -2.968000 8.303043 0.015300
v -2.968000 8.300000 0.015600
v -2.968000 8.296957 0.015300
v -2.968000 8.294030 0.014413
v -2.968000 8.291333 0.012971
v -2.968000 8.288969 0.011031
v -2.968000 8.287029 0.008667
v -2.968000 8.285587 0.005970
v -2.968000 8.284700 0.003043
v -2.968000 8.284400 0.000000
v -2.968000 8.284700 -0.003043
v -2.968000 8.285587 -0.005970
v -2.968000 8.287029 -0.008667
v -2.968000 8.288969 -0.011031
v -2.968000 8.291333 -0.012971
v -2.968000 8.294030 -0.014413
v -2.968000 8.296957 -0.015300
v -2.968000 8.300000 -0.015600
v -2.968000 8.303043 -0.015300
v -2.968000 8.305970 -0.014413
v -2.968000 8.308667 -0.012971
v -2.968000 8.311031 -0.011031
v -2.968000 8.312971 -0.008667
v -2.968000 8.314413 -0.005970
v -2.968000 8.315300 -0.003043
v -2.999920 8.352000 0.000000
v -2.999920 8.351001 0.010145
v -2.974080 8.331621 0.006290
v -2.974080 8.332240 0.000000
v -2.999920 8.348042 0.019900
v -2.974080 8.329786 0.012338
v -2.999920 8.343236 0.028890
v -2.974080 8.326807 0.017912
v -2.999920 8.336770 0.036770
v -2.974080 8.322797 0.022797
v -2.999920 8.328890 0.043236
v -2.974080 8.317912 0.026807
v -2.999920 8.319900 0.048042
v -2.974080 8.312338 0.029786
v -2.999920 8.310145 0.051001
v -2.974080 8.306290 0.031621
v -2.999920 8.300000 0.052000
v -2.974080 8.300000 0.032240
v -2.999920 8.289855 0.051001
v -2.974080 8.293710 0.031621
v -2.999920 8.280100 0.048042
v -2.974080 8.287662 0.029786
v -2.999920 8.271110 0.043236
v -2.974080 8.282088 0.026807
v -2.999920 8.263230 0.036770
v -2.974080 8.277203 0.022797
v -2.999920 8.256764 0.028890
v -2.974080 8.273193 0.017912
v -2.999920 8.251958 0.019900
v -2.974080 8.270214 0.012338
v -2.999920 8.248999 0.010145
v -2.974080 8.268379 0.006290
v -2.999920 8.248000 0.000000
v -2.974080 8.267760 0.000000
v -2.999920 8.248999 -0.010145
v -2.974080 8.268379 -0.006290
v -2.999920 8.251958 -0.019900
v -2.974080 8.270214 -0.012338
v -2.999920 8.256764 -0.028890
v -2.974080 8.273193 -0.017912
v -2.999920 8.263230 -0.036770
v -2.974080 8.277203 -0.022797
v -2.999920 8.271110 -0.043236
v -2.974080 8.282088 -0.026807
v -2.999920 8.280100 -0.048042
v -2.974080 8.287662 -0.029786
v -2.999920 8.289855 -0.051001
v -2.974080 8.293710 -0.031621
v -2.999920 8.300000 -0.052000
v -2.974080 8.300000 -0.032240
v -2.999920 8.310145 -0.051001
v -2.974080 8.306290 -0.031621
v -2.999920 8.319900 -0.048042
v -2.974080 8.312338 -0.029786
v -2.999920 8.328890 -0.043236
v -2.974080 8.317912 -0.026807
v -2.999920 8.336770 -0.036770
v -2.974080 8.322797 -0.022797
v -2.999920 8.343236 -0.028890
v -2.974080 8.326807 -0.017912
v -2.999920 8.348042 -0.019900
v -2.974080 8.329786 -0.012338
v -2.999920 8.351001 -0.010145
v -2.974080 8.331621 -0.006290
v -3.006000 8.315600 0.000000
v -3.006000 8.315300 0.003043
v -3.006000 8.314413 0.005970
v -3.006000 8.312971 0.008667
v -3.006000 8.311031 0.011031
v -3.006000 8.308667 0.012971
v -3.006000 8.305970 0.014413
v -3.006000 8.303043 0.015300
v -3.006000 8.300000 0.015600
v -3.006000 8.296957 0.015300
v -3.006000 8.294030 0.014413
v -3.006000 8.291333 0.012971
v -3.006000 8.288969 0.011031
v -3.006000 8.287029 0.008667
v -3.006000 8.285587 0.005970
v -3.006000 8.284700 0.003043
v -3.006000 8.284400 0.000000
v -3.006000 8.284700 -0.003043
v -3.006000 8.285587 -0.005970
v -3.006000 8.287029 -0.008667
v -3.006000 8.288969 -0.011031
v -3.006000 8.291333 -0.012971
v -3.006000 8.294030 -0.014413
v -3.006000 8.296957 -0.015300
v -3.006000 8.300000 -0.015600
v -3.006000 8.303043 -0.015300
v -3.006000 8.305970 -0.014413
v -3.006000 8.308667 -0.012971
v -3.006000 8.311031 -0.011031
v -3.006000 8.312971 -0.008667
v -3.006000 8.314413 -0.005970
v -3.006000 8.315300 -0.003043
v -3.037920 8.352000 0.000000
v -3.037920 8.351001 0.010145
v -3.012080 8.331621 0.006290
v -3.012080 8.332240 0.000000
v -3.037920 8.348042 0.019900
v -3.012080 8.329786 0.012338
v -3.037920 8.343236 0.028890
v -3.012080 8.326807 0.017912
v -3.037920 8.336770 0.036770
v -3.012080 8.322797 0.022797
v -3.037920 8.328890 0.043236
v -3.012080 8.317912 0.026807
v -3.037920 8.319900 0.048042
v -3.012080 8.312338 0.029786
v -3.037920 8.310145 0.051001
v -3.012080 8.306290 0.031621
v -3.037920 8.300000 0.052000
v -3.012080 8.300000 0.032240
v -3.037920 8.289855 0.051001
v -3.012080 8.293710 0.031621
v -3.037920 8.280100 0.048042
v -3.012080 8.287662 0.029786
v -3.037920 8.271110 0.043236
v -3.012080 8.282088 0.026807
v -3.037920 8.263230 0.036770
v -3.012080 8.277203 0.022797
v -3.037920 8.256764 0.028890
v -3.012080 8.273193 0.017912
v -3.037920 8.251958 0.019900
v -3.012080 8.270214 0.012338
v -3.037920 8.248999 0.010145
v -3.012080 8.268379 0.006290
v -3.037920 8.248000 0.000000
v -3.012080 8.267760 0.000000
v -3.037920 8.248999 -0.010145
v -3.012080 8.268379 -0.006290
v -3.037920 8.251958 -0.019900
v -3.012080 8.270214 -0.012338
v -3.037920 8.256764 -0.028890
v -3.012080 8.273193 -0.017912
v -3.037920 8.263230 -0.036770
v -3.012080 8.277203 -0.022797
v -3.037920 8.271110 -0.043236
v -3.012080 8.282088 -0.026807
v -3.037920 8.280100 -0.048042
v -3.012080 8.287662 -0.029786
v -3.037920 8.289855 -0.051001
v -3.012080 8.293710 -0.031621
v -3.037920 8.300000 -0.052000
v -3.012080 8.300000 -0.032240
v -3.037920 8.310145 -0.051001
v -3.012080 8.306290 -0.031621
v -3.037920 8.319900 -0.048042
v -3.012080 8.312338 -0.029786
v -3.037920 8.328890 -0.043236
v -3.012080 8.317912 -0.026807
v -3.037920 8.336770 -0.036770
v -3.012080 8.322797 -0.022797
v -3.037920 8.343236 -0.028890
v -3.012080 8.326807 -0.017912
v -3.037920 8.348042 -0.019900
v -3.012080 8.329786 -0.012338
v -3.037920 8.351001 -0.010145
v -3.012080 8.331621 -0.006290
v -3.044000 8.315600 0.000000
v -3.044000 8.315300 0.003043
v -3.044000 8.314413 0.005970
v -3.044000 8.312971 0.008667
v -3.044000 8.311031 0.011031
v -3.044000 8.308667 0.012971
v -3.044000 8.305970 0.014413
v -3.044000 8.303043 0.015300
v -3.044000 8.300000 0.015600
v -3.044000 8.296957 0.015300
v -3.044000 8.294030 0.014413
v -3.044000 8.291333 0.012971
v -3.044000 8.288969 0.011031
v -3.044000 8.287029 0.008667
v -3.044000 8.285587 0.005970
v -3.044000 8.284700 0.003043
v -3.044000 8.284400 0.000000
v -3.044000 8.284700 -0.003043
v -3.044000 8.285587 -0.005970
v -3.044000 8.287029 -0.008667
v -3.044000 8.288969 -0.011031
v -3.044000 8.291333 -0.012971
v -3.044000 8.294030 -0.014413
v -3.044000 8.296957 -0.015300
v -3.044000 8.300000 -0.015600
v -3.044000 8.303043 -0.015300
v -3.044000 8.305970 -0.014413
v -3.044000 8.308667 -0.012971
v -3.044000 8.311031 -0.011031
v -3.044000 8.312971 -0.008667
v -3.044000 8.314413 -0.005970
v -3.044000 8.315300 -0.003043
v -3.075920 8.352000 0.000000
v -3.075920 8.351001 0.010145
v -3.050080 8.331621 0.006290
v -3.050080 8.332240 0.000000
v -3.075920 8.348042 0.019900
v -3.050080 8.329786 0.012338
v -3.075920 8.343236 0.028890
v -3.050080 8.326807 0.017912
v -3.075920 8.336770 0.036770
v -3.050080 8.322797 0.022797
v -3.075920 8.328890 0.043236
v -3.050080 8.317912 0.026807
v -3.075920 8.319900 0.048042
v -3.050080 8.312338 0.029786
v -3.075920 8.310145 0.051001
v -3.050080 8.306290 0.031621
v -3.075920 8.300000 0.052000
v -3.050080 8.300000 0.032240
v -3.075920 8.289855 0.051001
v -3.050080 8.293710 0.031621
v -3.075920 8.280100 0.048042
v -3.050080 8.287662 0.029786
v -3.075920 8.271110 0.043236
v -3.050080 8.282088 0.026807
v -3.075920 8.263230 0.036770
v -3.050080 8.277203 0.022797
v -3.075920 8.256764 0.028890
v -3.050080 8.273193 0.017912
v -3.075920 8.251958 0.019900
v -3.050080 8.270214 0.012338
v -3.075920 8.248999 0.010145
v -3.050080 8.268379 0.006290
v -3.075920 8.248000 0.000000
v -3.050080 8.267760 0.000000
v -3.075920 8.248999 -0.010145
v -3.050080 8.268379 -0.006290
v -3.075920 8.251958 -0.019900
v -3.050080 8.270214 -0.012338
v -3.075920 8.256764 -0.028890
v -3.050080 8.273193 -0.017912
v -3.075920 8.263230 -0.036770
v -3.050080 8.277203 -0.022797
v -3.075920 8.271110 -0.043236
v -3.050080 8.282088 -0.026807
v -3.075920 8.280100 -0.048042
v -3.050080 8.287662 -0.029786
v -3.075920 8.289855 -0.051001
v -3.050080 8.293710 -0.031621
v -3.075920 8.300000 -0.052000
v -3.050080 8.300000 -0.032240
v -3.075920 8.310145 -0.051001
v -3.050080 8.306290 -0.031621
v -3.075920 8.319900 -0.048042
v -3.050080 8.312338 -0.029786
v -3.075920 8.328890 -0.043236
v -3.050080 8.317912 -0.026807
v -3.075920 8.336770 -0.036770
v -3.050080 8.322797 -0.022797
v -3.075920 8.343236 -0.028890
v -3.050080 8.326807 -0.017912
v -3.075920 8.348042 -0.019900
v -3.050080 8.329786 -0.012338
v -3.075920 8.351001 -0.010145
v -3.050080 8.331621 -0.006290
v -3.082000 8.315600 0.000000
v -3.082000 8.315300 0.003043
v -3.082000 8.314413 0.005970
v -3.082000 8.312971 0.008667
v -3.082000 8.311031 0.011031
v -3.082000 8.308667 0.012971
v -3.082000 8.305970 0.014413
v -3.082000 8.303043 0.015300
v -3.082000 8.300000 0.015600
v -3.082000 8.296957 0.015300
v -3.082000 8.294030 0.014413
v -3.082000 8.291333 0.012971
v -3.082000 8.288969 0.011031
v -3.082000 8.287029 0.008667
v -3.082000 8.285587 0.005970
v -3.082000 8.284700 0.003043
v -3.082000 8.284400 0.000000
v -3.082000 8.284700 -0.003043
v -3.082000 8.285587 -0.005970
v -3.082000 8.287029 -0.008667
v -3.082000 8.288969 -0.011031
v -3.082000 8.291333 -0.012971
v -3.082000 8.294030 -0.014413
v -3.082000 8.296957 -0.015300
v -3.082000 8.300000 -0.015600
v -3.082000 8.303043 -0.015300
v -3.082000 8.305970 -0.014413
v -3.082000 8.308667 -0.012971
v -3.082000 8.311031 -0.011031
v -3.082000 8.312971 -0.008667
v -3.082000 8.314413 -0.005970
v -3.082000 8.315300 -0.003043
v -3.113920 8.352000 0.000000
v -3.113920 8.351001 0.010145
v -3.088080 8.331621 0.006290
v -3.088080 8.332240 0.000000
v -3.113920 8.348042 0.019900
v -3.088080 8.329786 0.012338
v -3.113920 8.343236 0.028890
v -3.088080 8.326807 0.017912
v -3.113920 8.336770 0.036770
v -3.088080 8.322797 0.022797
v -3.113920 8.328890 0.043236
v -3.088080 8.317912 0.026807
v -3.113920 8.319900 0.048042
v -3.088080 8.312338 0.029786
v -3.113920 8.310145 0.051001
v -3.088080 8.306290 0.031621
v -3.113920 8.300000 0.052000
v -3.088080 8.300000 0.032240
v -3.113920 8.289855 0.051001
v -3.088080 8.293710 0.031621
v -3.113920 8.280100 0.048042
v -3.088080 8.287662 0.029786
v -3.113920 8.271110 0.043236
v -3.088080 8.282088 0.026807
v -3.113920 8.263230 0.036770
v -3.088080 8.277203 0.022797
v -3.113920 8.256764 0.028890
v -3.088080 8.273193 0.017912
v -3.113920 8.251958 0.019900
v -3.088080 8.270214 0.012338
v -3.113920 8.248999 0.010145
v -3.088080 8.268379 0.006290
v -3.113920 8.248000 0.000000
v -3.088080 8.267760 0.000000
v -3.113920 8.248999 -0.010145
v -3.088080 8.268379 -0.006290
v -3.113920 8.251958 -0.019900
v -3.088080 8.270214 -0.012338
v -3.113920 8.256764 -0.028890
v -3.088080 8.273193 -0.017912
v -3.113920 8.263230 -0.036770
v -3.088080 8.277203 -0.022797
v -3.113920 8.271110 -0.043236
v -3.088080 8.282088 -0.026807
v -3.113920 8.280100 -0.048042
v -3.088080 8.287662 -0.029786
v -3.113920 8.289855 -0.051001
v -3.088080 8.293710 -0.031621
v -3.113920 8.300000 -0.052000
v -3.088080 8.300000 -0.032240
v -3.113920 8.310145 -0.051001
v -3.088080 8.306290 -0.031621
v -3.113920 8.319900 -0.048042
v -3.088080 8.312338 -0.029786
v -3.113920 8.328890 -0.043236
v -3.088080 8.317912 -0.026807
v -3.113920 8.336770 -0.036770
v -3.088080 8.322797 -0.022797
v -3.113920 8.343236 -0.028890
v -3.088080 8.326807 -0.017912
v -3.113920 8.348042 -0.019900
v -3.088080 8.329786 -0.012338
v -3.113920 8.351001 -0.010145
v -3.088080 8.331621 -0.006290
v -3.120000 8.315600 0.000000
v -3.120000 8.315300 0.003043
v -3.120000 8.314413 0.005970
v -3.120000 8.312971 0.008667
v -3.120000 8.311031 0.011031
v -3.120000 8.308667 0.012971
v -3.120000 8.305970 0.014413
v -3.120000 8.303043 0.015300
v -3.120000 8.300000 0.015600
v -3.120000 8.296957 0.015300
v -3.120000 8.294030 0.014413
v -3.120000 8.291333 0.012971
v -3.120000 8.288969 0.011031
v -3.120000 8.287029 0.008667
v -3.120000 8.285587 0.005970
v -3.120000 8.284700 0.003043
v -3.120000 8.284400 0.000000
v -3.120000 8.284700 -0.003043
v -3.120000 8.285587 -0.005970
v -3.120000 8.287029 -0.008667
v -3.120000 8.288969 -0.011031
v -3.120000 8.291333 -0.012971
v -3.120000 8.294030 -0.014413
v -3.120000 8.296957 -0.015300
v -3.120000 8.300000 -0.015600
v -3.120000 8.303043 -0.015300
v -3.120000 8.305970 -0.014413
v -3.120000 8.308667 -0.012971
v -3.120000 8.311031 -0.011031
v -3.120000 8.312971 -0.008667
v -3.120000 8.314413 -0.005970
v -3.120000 8.315300 -0.003043
v -3.151920 8.352000 0.000000
v -3.151920 8.351001 0.010145
v -3.126080 8.331621 0.006290
v -3.126080 8.332240 0.000000
v -3.151920 8.348042 0.019900
v -3.126080 8.329786 0.012338
v -3.151920 8.343236 0.028890
v -3.126080 8.326807 0.017912
v -3.151920 8.336770 0.036770
v -3.126080 8.322797 0.022797
v -3.151920 8.328890 0.043236
v -3.126080 8.317912 0.026807
v -3.151920 8.319900 0.048042
v -3.126080 8.312338 0.029786
v -3.151920 8.310145 0.051001
v -3.126080 8.306290 0.031621
v -3.151920 8.300000 0.052000
v -3.126080 8.300000 0.032240
v -3.151920 8.289855 0.051001
v -3.126080 8.293710 0.031621
v -3.151920 8.280100 0.048042
v -3.126080 8.287662 0.029786
v -3.151920 8.271110 0.043236
v -3.126080 8.282088 0.026807
v -3.151920 8.263230 0.036770
v -3.126080 8.277203 0.022797
v -3.151920 8.256764 0.028890
v -3.126080 8.273193 0.017912
v -3.151920 8.251958 0.019900
v -3.126080 8.270214 0.012338
v -3.151920 8.248999 0.010145
v -3.126080 8.268379 0.006290
v -3.151920 8.248000 0.000000
v -3.126080 8.267760 0.000000
v -3.151920 8.248999 -0.010145
v -3.126080 8.268379 -0.006290
v -3.151920 8.251958 -0.019900
v -3.126080 8.270214 -0.012338
v -3.151920 8.256764 -0.028890
v -3.126080 8.273193 -0.017912
v -3.151920 8.263230 -0.036770
v -3.126080 8.277203 -0.022797
v -3.151920 8.271110 -0.043236
v -3.126080 8.282088 -0.026807
v -3.151920 8.280100 -0.048042
v -3.126080 8.287662 -0.029786
v -3.151920 8.289855 -0.051001
v -3.126080 8.293710 -0.031621
v -3.151920 8.300000 -0.052000
v -3.126080 8.300000 -0.032240
v -3.151920 8.310145 -0.051001
v -3.126080 8.306290 -0.031621
v -3.151920 8.319900 -0.048042
v -3.126080 8.312338 -0.029786
v -3.151920 8.328890 -0.043236
v -3.126080 8.317912 -0.026807
v -3.151920 8.336770 -0.036770
v -3.126080 8.322797 -0.022797
v -3.151920 8.343236 -0.028890
v -3.126080 8.326807 -0.017912
v -3.151920 8.348042 -0.019900
v -3.126080 8.329786 -0.012338
v -3.151920 8.351001 -0.010145
v -3.126080 8.331621 -0.006290
v -3.158000 8.315600 0.000000
v -3.158000 8.315300 0.003043
v -3.158000 8.314413 0.005970
v -3.158000 8.312971 0.008667
v -3.158000 8.311031 0.011031
v -3.158000 8.308667 0.012971
v -3.158000 8.305970 0.014413
v -3.158000 8.303043 0.015300
v -3.158000 8.300000 0.015600
v -3.158000 8.296957 0.015300
v -3.158000 8.294030 0.014413
v -3.158000 8.291333 0.012971
v -3.158000 8.288969 0.011031
v -3.158000 8.287029 0.008667
v -3.158000 8.285587 0.005970
v -3.158000 8.284700 0.003043
v -3.158000 8.284400 0.000000
v -3.158000 8.284700 -0.003043
v -3.158000 8.285587 -0.005970
v -3.158000 8.287029 -0.008667
v -3.158000 8.288969 -0.011031
v -3.158000 8.291333 -0.012971
v -3.158000 8.294030 -0.014413
v -3.158000 8.296957 -0.015300
v -3.158000 8.300000 -0.015600
v -3.158000 8.303043 -0.015300
v -3.158000 8.305970 -0.014413
v -3.158000 8.308667 -0.012971
v -3.158000 8.311031 -0.011031
v -3.158000 8.312971 -0.008667
v -3.158000 8.314413 -0.005970
v -3.158000 8.315300 -0.003043
v -3.189920 8.352000 0.000000
v -3.189920 8.351001 0.010145
v -3.164080 8.331621 0.006290
v -3.164080 8.332240 0.000000
v -3.189920 8.348042 0.019900
v -3.164080 8.329786 0.012338
v -3.189920 8.343236 0.028890
v -3.164080 8.326807 0.017912
v -3.189920 8.336770 0.036770
v -3.164080 8.322797 0.022797
v -3.189920 8.328890 0.043236
v -3.164080 8.317912 0.026807
v -3.189920 8.319900 0.048042
v -3.164080 8.312338 0.029786
v -3.189920 8.310145 0.051001
v -3.164080 8.306290 0.031621
v -3.189920 8.300000 0.052000
v -3.164080 8.300000 0.032240
v -3.189920 8.289855 0.051001
v -3.164080 8.293710 0.031621
v -3.189920 8.280100 0.048042
v -3.164080 8.287662 0.029786
v -3.189920 8.271110 0.043236
v -3.164080 8.282088 0.026807
v -3.189920 8.263230 0.036770
v -3.164080 8.277203 0.022797
v -3.189920 8.256764 0.028890
v -3.164080 8.273193 0.017912
v -3.189920 8.251958 0.019900
v -3.164080 8.270214 0.012338
v -3.189920 8.248999 0.010145
v -3.164080 8.268379 0.006290
v -3.189920 8.248000 0.000000
v -3.164080 8.267760 0.000000
v -3.189920 8.248999 -0.010145
v -3.164080 8.268379 -0.006290
v -3.189920 8.251958 -0.019900
v -3.164080 8.270214 -0.012338
v -3.189920 8.256764 -0.028890
v -3.164080 8.273193 -0.017912
v -3.189920 8.263230 -0.036770
v -3.164080 8.277203 -0.022797
v -3.189920 8.271110 -0.043236
v -3.164080 8.282088 -0.026807
v -3.189920 8.280100 -0.048042
v -3.164080 8.287662 -0.029786
v -3.189920 8.289855 -0.051001
v -3.164080 8.293710 -0.031621
v -3.189920 8.300000 -0.052000
v -3.164080 8.300000 -0.032240
v -3.189920 8.310145 -0.051001
v -3.164080 8.306290 -0.031621
v -3.189920 8.319900 -0.048042
v -3.164080 8.312338 -0.029786
v -3.189920 8.328890 -0.043236
v -3.164080 8.317912 -0.026807
v -3.189920 8.336770 -0.036770
v -3.164080 8.322797 -0.022797
v -3.189920 8.343236 -0.028890
v -3.164080 8.326807 -0.017912
v -3.189920 8.348042 -0.019900
v -3.164080 8.329786 -0.012338
v -3.189920 8.351001 -0.010145
v -3.164080 8.331621 -0.006290
v -3.196000 8.315600 0.000000
v -3.196000 8.315300 0.003043
v -3.196000 8.314413 0.005970
v -3.196000 8.312971 0.008667
v -3.196000 8.311031 0.011031
v -3.196000 8.308667 0.012971
v -3.196000 8.305970 0.014413
v -3.196000 8.303043 0.015300
v -3.196000 8.300000 0.015600
v -3.196000 8.296957 0.015300
v -3.196000 8.294030 0.014413
v -3.196000 8.291333 0.012971
v -3.196000 8.288969 0.011031
v -3.196000 8.287029 0.008667
v -3.196000 8.285587 0.005970
v -3.196000 8.284700 0.003043
v -3.196000 8.284400 0.000000
v -3.196000 8.284700 -0.003043
v -3.196000 8.285587 -0.005970
v -3.196000 8.287029 -0.008667
v -3.196000 8.288969 -0.011031
v -3.196000 8.291333 -0.012971
v -3.196000 8.294030 -0.014413
v -3.196000 8.296957 -0.015300
v -3.196000 8.300000 -0.015600
v -3.196000 8.303043 -0.015300
v -3.196000 8.305970 -0.014413
v -3.196000 8.308667 -0.012971
v -3.196000 8.311031 -0.011031
v -3.196000 8.312971 -0.008667
v -3.196000 8.314413 -0.005970
v -3.196000 8.315300 -0.003043
v -3.227920 8.352000 0.000000
v -3.227920 8.351001 0.010145
v -3.202080 8.331621 0.006290
v -3.202080 8.332240 0.000000
v -3.227920 8.348042 0.019900
v -3.202080 8.329786 0.012338
v -3.227920 8.343236 0.028890
v -3.202080 8.326807 0.017912
v -3.227920 8.336770 0.036770
v -3.202080 8.322797 0.022797
v -3.227920 8.328890 0.043236
v -3.202080 8.317912 0.026807
v -3.227920 8.319900 0.048042
v -3.202080 8.312338 0.029786
v -3.227920 8.310145 0.051001
v -3.202080 8.306290 0.031621
v -3.227920 8.300000 0.052000
v -3.202080 8.300000 0.032240
v -3.227920 8.289855 0.051001
v -3.202080 8.293710 0.031621
v -3.227920 8.280100 0.048042
v -3.202080 8.287662 0.029786
v -3.227920 8.271110 0.043236
v -3.202080 8.282088 0.026807
v -3.227920 8.263230 0.036770
v -3.202080 8.277203 0.022797
v -3.227920 8.256764 0.028890
v -3.202080 8.273193 0.017912
v -3.227920 8.251958 0.019900
v -3.202080 8.270214 0.012338
v -3.227920 8.248999 0.010145
v -3.202080 8.268379 0.006290
v -3.227920 8.248000 0.000000
v -3.202080 8.267760 0.000000
v -3.227920 8.248999 -0.010145
v -3.202080 8.268379 -0.006290
v -3.227920 8.251958 -0.019900
v -3.202080 8.270214 -0.012338
v -3.227920 8.256764 -0.028890
v -3.202080 8.273193 -0.017912
v -3.227920 8.263230 -0.036770
v -3.202080 8.277203 -0.022797
v -3.227920 8.271110 -0.043236
v -3.202080 8.282088 -0.026807
v -3.227920 8.280100 -0.048042
v -3.202080 8.287662 -0.029786
v -3.227920 8.289855 -0.051001
v -3.202080 8.293710 -0.031621
v -3.227920 8.300000 -0.052000
v -3.202080 8.300000 -0.032240
v -3.227920 8.310145 -0.051001
v -3.202080 8.306290 -0.031621
v -3.227920 8.319900 -0.048042
v -3.202080 8.312338 -0.029786
v -3.227920 8.328890 -0.043236
v -3.202080 8.317912 -0.026807
v -3.227920 8.336770 -0.036770
v -3.202080 8.322797 -0.022797
v -3.227920 8.343236 -0.028890
v -3.202080 8.326807 -0.017912
v -3.227920 8.348042 -0.019900
v -3.202080 8.329786 -0.012338
v -3.227920 8.351001 -0.010145
v -3.202080 8.331621 -0.006290
v -3.234000 8.315600 0.000000
v -3.234000 8.315300 0.003043
v -3.234000 8.314413 0.005970
v -3.234000 8.312971 0.008667
v -3.234000 8.311031 0.011031
v -3.234000 8.308667 0.012971
v -3.234000 8.305970 0.014413
v -3.234000 8.303043 0.015300
v -3.234000 8.300000 0.015600
v -3.234000 8.296957 0.015300
v -3.234000 8.294030 0.014413
v -3.234000 8.291333 0.012971
v -3.234000 8.288969 0.011031
v -3.234000 8.287029 0.008667
v -3.234000 8.285587 0.005970
v -3.234000 8.284700 0.003043
v -3.234000 8.284400 0.000000
v -3.234000 8.284700 -0.003043
v -3.234000 8.285587 -0.005970
v -3.234000 8.287029 -0.008667
v -3.234000 8.288969 -0.011031
v -3.234000 8.291333 -0.012971
v -3.234000 8.294030 -0.014413
v -3.234000 8.296957 -0.015300
v -3.234000 8.300000 -0.015600
v -3.234000 8.303043 -0.015300
v -3.234000 8.305970 -0.014413
v -3.234000 8.308667 -0.012971
v -3.234000 8.311031 -0.011031
v -3.234000 8.312971 -0.008667
v -3.234000 8.314413 -0.005970
v -3.234000 8.315300 -0.003043
v -3.339000 8.265000 0.035000
v -3.229000 8.265000 0.035000
v -3.229000 8.265000 -0.035000
v -3.339000 8.265000 -0.035000
v -3.339000 8.335000 -0.035000
v -3.229000 8.335000 -0.035000
v -3.229000 8.335000 0.035000
v -3.339000 8.335000 0.035000
v -1.434420 8.352000 0.000000
v -1.434420 8.351001 0.010145
v -1.408580 8.331621 0.006290
v -1.408580 8.332240 0.000000
v -1.434420 8.348042 0.019900
v -1.408580 8.329786 0.012338
v -1.434420 8.343236 0.028890
v -1.408580 8.326807 0.017912
v -1.434420 8.336770 0.036770
v -1.408580 8.322797 0.022797
v -1.434420 8.328890 0.043236
v -1.408580 8.317912 0.026807
v -1.434420 8.319900 0.048042
v -1.408580 8.312338 0.029786
v -1.434420 8.310145 0.051001
v -1.408580 8.306290 0.031621
v -1.434420 8.300000 0.052000
v -1.408580 8.300000 0.032240
v -1.434420 8.289855 0.051001
v -1.408580 8.293710 0.031621
v -1.434420 8.280100 0.048042
v -1.408580 8.287662 0.029786
v -1.434420 8.271110 0.043236
v -1.408580 8.282088 0.026807
v -1.434420 8.263230 0.036770
v -1.408580 8.277203 0.022797
v -1.434420 8.256764 0.028890
v -1.408580 8.273193 0.017912
v -1.434420 8.251958 0.019900
v -1.408580 8.270214 0.012338
v -1.434420 8.248999 0.010145
v -1.408580 8.268379 0.006290
v -1.434420 8.248000 0.000000
v -1.408580 8.267760 0.000000
v -1.434420 8.248999 -0.010145
v -1.408580 8.268379 -0.006290
v -1.434420 8.251958 -0.019900
v -1.408580 8.270214 -0.012338
v -1.434420 8.256764 -0.028890
v -1.408580 8.273193 -0.017912
v -1.434420 8.263230 -0.036770
v -1.408580 8.277203 -0.022797
v -1.434420 8.271110 -0.043236
v -1.408580 8.282088 -0.026807
v -1.434420 8.280100 -0.048042
v -1.408580 8.287662 -0.029786
v -1.434420 8.289855 -0.051001
v -1.408580 8.293710 -0.031621
v -1.434420 8.300000 -0.052000
v -1.408580 8.300000 -0.032240
v -1.434420 8.310145 -0.051001
v -1.408580 8.306290 -0.031621
v -1.434420 8.319900 -0.048042
v -1.408580 8.312338 -0.029786
v -1.434420 8.328890 -0.043236
v -1.408580 8.317912 -0.026807
v -1.434420 8.336770 -0.036770
v -1.408580 8.322797 -0.022797
v -1.434420 8.343236 -0.028890
v -1.408580 8.326807 -0.017912
v -1.434420 8.348042 -0.019900
v -1.408580 8.329786 -0.012338
v -1.434420 8.351001 -0.010145
v -1.408580 8.331621 -0.006290
v -1.440500 8.315600 0.000000
v -1.440500 8.315300 0.003043
v -1.402500 8.315300 0.003043
v -1.402500 8.315600 0.000000
v -1.440500 8.314413 0.005970
v -1.402500 8.314413 0.005970
v -1.440500 8.312971 0.008667
v -1.402500 8.312971 0.008667
v -1.440500 8.311031 0.011031
v -1.402500 8.311031 0.011031
v -1.440500 8.308667 0.012971
v -1.402500 8.308667 0.012971
v -1.440500 8.305970 0.014413
v -1.402500 8.305970 0.014413
v -1.440500 8.303043 0.015300
v -1.402500 8.303043 0.015300
v -1.440500 8.300000 0.015600
v -1.402500 8.300000 0.015600
v -1.440500 8.296957 0.015300
v -1.402500 8.296957 0.015300
v -1.440500 8.294030 0.014413
v -1.402500 8.294030 0.014413
v -1.440500 8.291333 0.012971
v -1.402500 8.291333 0.012971
v -1.440500 8.288969 0.011031
v -1.402500 8.288969 0.011031
v -1.440500 8.287029 0.008667
v -1.402500 8.287029 0.008667
v -1.440500 8.285587 0.005970
v -1.402500 8.285587 0.005970
v -1.440500 8.284700 0.003043
v -1.402500 8.284700 0.003043
v -1.440500 8.284400 0.000000
v -1.402500 8.284400 0.000000
v -1.440500 8.284700 -0.003043
v -1.402500 8.284700 -0.003043
v -1.440500 8.285587 -0.005970
v -1.402500 8.285587 -0.005970
v -1.440500 8.287029 -0.008667
v -1.402500 8.287029 -0.008667
v -1.440500 8.288969 -0.011031
v -1.402500 8.288969 -0.011031
v -1.440500 8.291333 -0.012971
v -1.402500 8.291333 -0.012971
v -1.440500 8.294030 -0.014413
v -1.402500 8.294030 -0.014413
v -1.440500 8.296957 -0.015300
v -1.402500 8.296957 -0.015300
v -1.440500 8.300000 -0.015600
v -1.402500 8.300000 -0.015600
v -1.440500 8.303043 -0.015300
v -1.402500 8.303043 -0.015300
v -1.440500 8.305970 -0.014413
v -1.402500 8.305970 -0.014413
v -1.440500 8.308667 -0.012971
v -1.402500 8.308667 -0.012971
v -1.440500 8.311031 -0.011031
v -1.402500 8.311031 -0.011031
v -1.440500 8.312971 -0.008667
v -1.402500 8.312971 -0.008667
v -1.440500 8.314413 -0.005970
v -1.402500 8.314413 -0.005970
v -1.440500 8.315300 -0.003043
v -1.402500 8.315300 -0.003043
v -1.472420 8.352000 0.000000
v -1.472420 8.351001 0.010145
v -1.446580 8.331621 0.006290
v -1.446580 8.332240 0.000000
v -1.472420 8.348042 0.019900
v -1.446580 8.329786 0.012338
v -1.472420 8.343236 0.028890
v -1.446580 8.326807 0.017912
v -1.472420 8.336770 0.036770
v -1.446580 8.322797 0.022797
v -1.472420 8.328890 0.043236
v -1.446580 8.317912 0.026807
v -1.472420 8.319900 0.048042
v -1.446580 8.312338 0.029786
v -1.472420 8.310145 0.051001
v -1.446580 8.306290 0.031621
v -1.472420 8.300000 0.052000
v -1.446580 8.300000 0.032240
v -1.472420 8.289855 0.051001
v -1.446580 8.293710 0.031621
v -1.472420 8.280100 0.048042
v -1.446580 8.287662 0.029786
v -1.472420 8.271110 0.043236
v -1.446580 8.282088 0.026807
v -1.472420 8.263230 0.036770
v -1.446580 8.277203 0.022797
v -1.472420 8.256764 0.028890
v -1.446580 8.273193 0.017912
v -1.472420 8.251958 0.019900
v -1.446580 8.270214 0.012338
v -1.472420 8.248999 0.010145
v -1.446580 8.268379 0.006290
v -1.472420 8.248000 0.000000
v -1.446580 8.267760 0.000000
v -1.472420 8.248999 -0.010145
v -1.446580 8.268379 -0.006290
v -1.472420 8.251958 -0.019900
v -1.446580 8.270214 -0.012338
v -1.472420 8.256764 -0.028890
v -1.446580 8.273193 -0.017912
v -1.472420 8.263230 -0.036770
v -1.446580 8.277203 -0.022797
v -1.472420 8.271110 -0.043236
v -1.446580 8.282088 -0.026807
v -1.472420 8.280100 -0.048042
v -1.446580 8.287662 -0.029786
v -1.472420 8.289855 -0.051001
v -1.446580 8.293710 -0.031621
v -1.472420 8.300000 -0.052000
v -1.446580 8.300000 -0.032240
v -1.472420 8.310145 -0.051001
v -1.446580 8.306290 -0.031621
v -1.472420 8.319900 -0.048042
v -1.446580 8.312338 -0.029786
v -1.472420 8.328890 -0.043236
v -1.446580 8.317912 -0.026807
v -1.472420 8.336770 -0.036770
v -1.446580 8.322797 -0.022797
v -1.472420 8.343236 -0.028890
v -1.446580 8.326807 -0.017912
v -1.472420 8.348042 -0.019900
v -1.446580 8.329786 -0.012338
v -1.472420 8.351001 -0.010145
v -1.446580 8.331621 -0.006290
v -1.478500 8.315600 0.000000
v -1.478500 8.315300 0.003043
v -1.478500 8.314413 0.005970
v -1.478500 8.312971 0.008667
v -1.478500 8.311031 0.011031
v -1.478500 8.308667 0.012971
v -1.478500 8.305970 0.014413
v -1.478500 8.303043 0.015300
v -1.478500 8.300000 0.015600
v -1.478500 8.296957 0.015300
v -1.478500 8.294030 0.014413
v -1.478500 8.291333 0.012971
v -1.478500 8.288969 0.011031
v -1.478500 8.287029 0.008667
v -1.478500 8.285587 0.005970
v -1.478500 8.284700 0.003043
v -1.478500 8.284400 0.000000
v -1.478500 8.284700 -0.003043
v -1.478500 8.285587 -0.005970
v -1.478500 8.287029 -0.008667
v -1.478500 8.288969 -0.011031
v -1.478500 8.291333 -0.012971
v -1.478500 8.294030 -0.014413
v -1.478500 8.296957 -0.015300
v -1.478500 8.300000 -0.015600
v -1.478500 8.303043 -0.015300
v -1.478500 8.305970 -0.014413
v -1.478500 8.308667 -0.012971
v -1.478500 8.311031 -0.011031
v -1.478500 8.312971 -0.008667
v -1.478500 8.314413 -0.005970
v -1.478500 8.315300 -0.003043
v -1.510420 8.352000 0.000000
v -1.510420 8.351001 0.010145
v -1.484580 8.331621 0.006290
v -1.484580 8.332240 0.000000
v -1.510420 8.348042 0.019900
v -1.484580 8.329786 0.012338
v -1.510420 8.343236 0.028890
v -1.484580 8.326807 0.017912
v -1.510420 8.336770 0.036770
v -1.484580 8.322797 0.022797
v -1.510420 8.328890 0.043236
v -1.484580 8.317912 0.026807
v -1.510420 8.319900 0.048042
v -1.484580 8.312338 0.029786
v -1.510420 8.310145 0.051001
v -1.484580 8.306290 0.031621
v -1.510420 8.300000 0.052000
v -1.484580 8.300000 0.032240
v -1.510420 8.289855 0.051001
v -1.484580 8.293710 0.031621
v -1.510420 8.280100 0.048042
v -1.484580 8.287662 0.029786
v -1.510420 8.271110 0.043236
v -1.484580 8.282088 0.026807
v -1.510420 8.263230 0.036770
v -1.484580 8.277203 0.022797
v -1.510420 8.256764 0.028890
v -1.484580 8.273193 0.017912
v -1.510420 8.251958 0.019900
v -1.484580 8.270214 0.012338
v -1.510420 8.248999 0.010145
v -1.484580 8.268379 0.006290
v -1.510420 8.248000 0.000000
v -1.484580 8.267760 0.000000
v -1.510420 8.248999 -0.010145
v -1.484580 8.268379 -0.006290
v -1.510420 8.251958 -0.019900
v -1.484580 8.270214 -0.012338
v -1.510420 8.256764 -0.028890
v -1.484580 8.273193 -0.017912
v -1.510420 8.263230 -0.036770
v -1.484580 8.277203 -0.022797
v -1.510420 8.271110 -0.043236
v -1.484580 8.282088 -0.026807
v -1.510420 8.280100 -0.048042
v -1.484580 8.287662 -0.029786
v -1.510420 8.289855 -0.051001
v -1.484580 8.293710 -0.031621
v -1.510420 8.300000 -0.052000
v -1.484580 8.300000 -0.032240
v -1.510420 8.310145 -0.051001
v -1.484580 8.306290 -0.031621
v -1.510420 8.319900 -0.048042
v -1.484580 8.312338 -0.029786
v -1.510420 8.328890 -0.043236
v -1.484580 8.317912 -0.026807
v -1.510420 8.336770 -0.036770
v -1.484580 8.322797 -0.022797
v -1.510420 8.343236 -0.028890
v -1.484580 8.326807 -0.017912
v -1.510420 8.348042 -0.019900
v -1.484580 8.329786 -0.012338
v -1.510420 8.351001 -0.010145
v -1.484580 8.331621 -0.006290
v -1.516500 8.315600 0.000000
v -1.516500 8.315300 0.003043
v -1.516500 8.314413 0.005970
v -1.516500 8.312971 0.008667
v -1.516500 8.311031 0.011031
v -1.516500 8.308667 0.012971
v -1.516500 8.305970 0.014413
v -1.516500 8.303043 0.015300
v -1.516500 8.300000 0.015600
v -1.516500 8.296957 0.015300
v -1.516500 8.294030 0.014413
v -1.516500 8.291333 0.012971
v -1.516500 8.288969 0.011031
v -1.516500 8.287029 0.008667
v -1.516500 8.285587 0.005970
v -1.516500 8.284700 0.003043
v -1.516500 8.284400 0.000000
v -1.516500 8.284700 -0.003043
v -1.516500 8.285587 -0.005970
v -1.516500 8.287029 -0.008667
v -1.516500 8.288969 -0.011031
v -1.516500 8.291333 -0.012971
v -1.516500 8.294030 -0.014413
v -1.516500 8.296957 -0.015300
v -1.516500 8.300000 -0.015600
v -1.516500 8.303043 -0.015300
v -1.516500 8.305970 -0.014413
v -1.516500 8.308667 -0.012971
v -1.516500 8.311031 -0.011031
v -1.516500 8.312971 -0.008667
v -1.516500 8.314413 -0.005970
v -1.516500 8.315300 -0.003043
v -1.548420 8.352000 0.000000
v -1.548420 8.351001 0.010145
v -1.522580 8.331621 0.006290
v -1.522580 8.332240 0.000000
v -1.548420 8.348042 0.019900
v -1.522580 8.329786 0.012338
v -1.548420 8.343236 0.028890
v -1.522580 8.326807 0.017912
v -1.548420 8.336770 0.036770
v -1.522580 8.322797 0.022797
v -1.548420 8.328890 0.043236
v -1.522580 8.317912 0.026807
v -1.548420 8.319900 0.048042
v -1.522580 8.312338 0.029786
v -1.548420 8.310145 0.051001
v -1.522580 8.306290 0.031621
v -1.548420 8.300000 0.052000
v -1.522580 8.300000 0.032240
v -1.548420 8.289855 0.051001
v -1.522580 8.293710 0.031621
v -1.548420 8.280100 0.048042
v -1.522580 8.287662 0.029786
v -1.548420 8.271110 0.043236
v -1.522580 8.282088 0.026807
v -1.548420 8.263230 0.036770
v -1.522580 8.277203 0.022797
v -1.548420 8.256764 0.028890
v -1.522580 8.273193 0.017912
v -1.548420 8.251958 0.019900
v -1.522580 8.270214 0.012338
v -1.548420 8.248999 0.010145
v -1.522580 8.268379 0.006290
v -1.548420 8.248000 0.000000
v -1.522580 8.267760 0.000000
v -1.548420 8.248999 -0.010145
v -1.522580 8.268379 -0.006290
v -1.548420 8.251958 -0.019900
v -1.522580 8.270214 -0.012338
v -1.548420 8.256764 -0.028890
v -1.522580 8.273193 -0.017912
v -1.548420 8.263230 -0.036770
v -1.522580 8.277203 -0.022797
v -1.548420 8.271110 -0.043236
v -1.522580 8.282088 -0.026807
v -1.548420 8.280100 -0.048042
v -1.522580 8.287662 -0.029786
v -1.548420 8.289855 -0.051001
v -1.522580 8.293710 -0.031621
v -1.548420 8.300000 -0.052000
v -1.522580 8.300000 -0.032240
v -1.548420 8.310145 -0.051001
v -1.522580 8.306290 -0.031621
v -1.548420 8.319900 -0.048042
v -1.522580 8.312338 -0.029786
v -1.548420 8.328890 -0.043236
v -1.522580 8.317912 -0.026807
v -1.548420 8.336770 -0.036770
v -1.522580 8.322797 -0.022797
v -1.548420 8.343236 -0.028890
v -1.522580 8.326807 -0.017912
v -1.548420 8.348042 -0.019900
v -1.522580 8.329786 -0.012338
v -1.548420 8.351001 -0.010145
v -1.522580 8.331621 -0.006290
v -1.554500 8.315600 0.000000
v -1.554500 8.315300 0.003043
v -1.554500 8.314413 0.005970
v -1.554500 8.312971 0.008667
v -1.554500 8.311031 0.011031
v -1.554500 8.308667 0.012971
v -1.554500 8.305970 0.014413
v -1.554500 8.303043 0.015300
v -1.554500 8.300000 0.015600
v -1.554500 8.296957 0.015300
v -1.554500 8.294030 0.014413
v -1.554500 8.291333 0.012971
v -1.554500 8.288969 0.011031
v -1.554500 8.287029 0.008667
v -1.554500 8.285587 0.005970
v -1.554500 8.284700 0.003043
v -1.554500 8.284400 0.000000
v -1.554500 8.284700 -0.003043
v -1.554500 8.285587 -0.005970
v -1.554500 8.287029 -0.008667
v -1.554500 8.288969 -0.011031
v -1.554500 8.291333 -0.012971
v -1.554500 8.294030 -0.014413
v -1.554500 8.296957 -0.015300
v -1.554500 8.300000 -0.015600
v -1.554500 8.303043 -0.015300
v -1.554500 8.305970 -0.014413
v -1.554500 8.308667 -0.012971
v -1.554500 8.311031 -0.011031
v -1.554500 8.312971 -0.008667
v -1.554500 8.314413 -0.005970
v -1.554500 8.315300 -0.003043
v -1.586420 8.352000 0.000000
v -1.586420 8.351001 0.010145
v -1.560580 8.331621 0.006290
v -1.560580 8.332240 0.000000
v -1.586420 8.348042 0.019900
v -1.560580 8.329786 0.012338
v -1.586420 8.343236 0.028890
v -1.560580 8.326807 0.017912
v -1.586420 8.336770 0.036770
v -1.560580 8.322797 0.022797
v -1.586420 8.328890 0.043236
v -1.560580 8.317912 0.026807
v -1.586420 8.319900 0.048042
v -1.560580 8.312338 0.029786
v -1.586420 8.310145 0.051001
v -1.560580 8.306290 0.031621
v -1.586420 8.300000 0.052000
v -1.560580 8.300000 0.032240
v -1.586420 8.289855 0.051001
v -1.560580 8.293710 0.031621
v -1.586420 8.280100 0.048042
v -1.560580 8.287662 0.029786
v -1.586420 8.271110 0.043236
v -1.560580 8.282088 0.026807
v -1.586420 8.263230 0.036770
v -1.560580 8.277203 0.022797
v -1.586420 8.256764 0.028890
v -1.560580 8.273193 0.017912
v -1.586420 8.251958 0.019900
v -1.560580 8.270214 0.012338
v -1.586420 8.248999 0.010145
v -1.560580 8.268379 0.006290
v -1.586420 8.248000 0.000000
v -1.560580 8.267760 0.000000
v -1.586420 8.248999 -0.010145
v -1.560580 8.268379 -0.006290
v -1.586420 8.251958 -0.019900
v -1.560580 8.270214 -0.012338
v -1.586420 8.256764 -0.028890
v -1.560580 8.273193 -0.017912
v -1.586420 8.263230 -0.036770
v -1.560580 8.277203 -0.022797
v -1.586420 8.271110 -0.043236
v -1.560580 8.282088 -0.026807
v -1.586420 8.280100 -0.048042
v -1.560580 8.287662 -0.029786
v -1.586420 8.289855 -0.051001
v -1.560580 8.293710 -0.031621
v -1.586420 8.300000 -0.052000
v -1.560580 8.300000 -0.032240
v -1.586420 8.310145 -0.051001
v -1.560580 8.306290 -0.031621
v -1.586420 8.319900 -0.048042
v -1.560580 8.312338 -0.029786
v -1.586420 8.328890 -0.043236
v -1.560580 8.317912 -0.026807
v -1.586420 8.336770 -0.036770
v -1.560580 8.322797 -0.022797
v -1.586420 8.343236 -0.028890
v -1.560580 8.326807 -0.017912
v -1.586420 8.348042 -0.019900
v -1.560580 8.329786 -0.012338
v -1.586420 8.351001 -0.010145
v -1.560580 8.331621 -0.006290
v -1.592500 8.315600 0.000000
v -1.592500 8.315300 0.003043
v -1.592500 8.314413 0.005970
v -1.592500 8.312971 0.008667
v -1.592500 8.311031 0.011031
v -1.592500 8.308667 0.012971
v -1.592500 8.305970 0.014413
v -1.592500 8.303043 0.015300
v -1.592500 8.300000 0.015600
v -1.592500 8.296957 0.015300
v -1.592500 8.294030 0.014413
v -1.592500 8.291333 0.012971
v -1.592500 8.288969 0.011031
v -1.592500 8.287029 0.008667
v -1.592500 8.285587 0.005970
v -1.592500 8.284700 0.003043
v -1.592500 8.284400 0.000000
v -1.592500 8.284700 -0.003043
v -1.592500 8.285587 -0.005970
v -1.592500 8.287029 -0.008667
v -1.592500 8.288969 -0.011031
v -1.592500 8.291333 -0.012971
v -1.592500 8.294030 -0.014413
v -1.592500 8.296957 -0.015300
v -1.592500 8.300000 -0.015600
v -1.592500 8.303043 -0.015300
v -1.592500 8.305970 -0.014413
v -1.592500 8.308667 -0.012971
v -1.592500 8.311031 -0.011031
v -1.592500 8.312971 -0.008667
v -1.592500 8.314413 -0.005970
v -1.592500 8.315300 -0.003043
v -1.624420 8.352000 0.000000
v -1.624420 8.351001 0.010145
v -1.598580 8.331621 0.006290
v -1.598580 8.332240 0.000000
v -1.624420 8.348042 0.019900
v -1.598580 8.329786 0.012338
v -1.624420 8.343236 0.028890
v -1.598580 8.326807 0.017912
v -1.624420 8.336770 0.036770
v -1.598580 8.322797 0.022797
v -1.624420 8.328890 0.043236
v -1.598580 8.317912 0.026807
v -1.624420 8.319900 0.048042
v -1.598580 8.312338 0.029786
v -1.624420 8.310145 0.051001
v -1.598580 8.306290 0.031621
v -1.624420 8.300000 0.052000
v -1.598580 8.300000 0.032240
v -1.624420 8.289855 0.051001
v -1.598580 8.293710 0.031621
v -1.624420 8.280100 0.048042
v -1.598580 8.287662 0.029786
v -1.624420 8.271110 0.043236
v -1.598580 8.282088 0.026807
v -1.624420 8.263230 0.036770
v -1.598580 8.277203 0.022797
v -1.624420 8.256764 0.028890
v -1.598580 8.273193 0.017912
v -1.624420 8.251958 0.019900
v -1.598580 8.270214 0.012338
v -1.624420 8.248999 0.010145
v -1.598580 8.268379 0.006290
v -1.624420 8.248000 0.000000
v -1.598580 8.267760 0.000000
v -1.624420 8.248999 -0.010145
v -1.598580 8.268379 -0.006290
v -1.624420 8.251958 -0.019900
v -1.598580 8.270214 -0.012338
v -1.624420 8.256764 -0.028890
v -1.598580 8.273193 -0.017912
v -1.624420 8.263230 -0.036770
v -1.598580 8.277203 -0.022797
v -1.624420 8.271110 -0.043236
v -1.598580 8.282088 -0.026807
v -1.624420 8.280100 -0.048042
v -1.598580 8.287662 -0.029786
v -1.624420 8.289855 -0.051001
v -1.598580 8.293710 -0.031621
v -1.624420 8.300000 -0.052000
v -1.598580 8.300000 -0.032240
v -1.624420 8.310145 -0.051001
v -1.598580 8.306290 -0.031621
v -1.624420 8.319900 -0.048042
v -1.598580 8.312338 -0.029786
v -1.624420 8.328890 -0.043236
v -1.598580 8.317912 -0.026807
v -1.624420 8.336770 -0.036770
v -1.598580 8.322797 -0.022797
v -1.624420 8.343236 -0.028890
v -1.598580 8.326807 -0.017912
v -1.624420 8.348042 -0.019900
v -1.598580 8.329786 -0.012338
v -1.624420 8.351001 -0.010145
v -1.598580 8.331621 -0.006290
v -1.630500 8.315600 0.000000
v -1.630500 8.315300 0.003043
v -1.630500 8.314413 0.005970
v -1.630500 8.312971 0.008667
v -1.630500 8.311031 0.011031
v -1.630500 8.308667 0.012971
v -1.630500 8.305970 0.014413
v -1.630500 8.303043 0.015300
v -1.630500 8.300000 0.015600
v -1.630500 8.296957 0.015300
v -1.630500 8.294030 0.014413
v -1.630500 8.291333 0.012971
v -1.630500 8.288969 0.011031
v -1.630500 8.287029 0.008667
v -1.630500 8.285587 0.005970
v -1.630500 8.284700 0.003043
v -1.630500 8.284400 0.000000
v -1.630500 8.284700 -0.003043
v -1.630500 8.285587 -0.005970
v -1.630500 8.287029 -0.008667
v -1.630500 8.288969 -0.011031
v -1.630500 8.291333 -0.012971
v -1.630500 8.294030 -0.014413
v -1.630500 8.296957 -0.015300
v -1.630500 8.300000 -0.015600
v -1.630500 8.303043 -0.015300
v -1.630500 8.305970 -0.014413
v -1.630500 8.308667 -0.012971
v -1.630500 8.311031 -0.011031
v -1.630500 8.312971 -0.008667
v -1.630500 8.314413 -0.005970
v -1.630500 8.315300 -0.003043
v -1.662420 8.352000 0.000000
v -1.662420 8.351001 0.010145
v -1.636580 8.331621 0.006290
v -1.636580 8.332240 0.000000
v -1.662420 8.348042 0.019900
v -1.636580 8.329786 0.012338
v -1.662420 8.343236 0.028890
v -1.636580 8.326807 0.017912
v -1.662420 8.336770 0.036770
v -1.636580 8.322797 0.022797
v -1.662420 8.328890 0.043236
v -1.636580 8.317912 0.026807
v -1.662420 8.319900 0.048042
v -1.636580 8.312338 0.029786
v -1.662420 8.310145 0.051001
v -1.636580 8.306290 0.031621
v -1.662420 8.300000 0.052000
v -1.636580 8.300000 0.032240
v -1.662420 8.289855 0.051001
v -1.636580 8.293710 0.031621
v -1.662420 8.280100 0.048042
v -1.636580 8.287662 0.029786
v -1.662420 8.271110 0.043236
v -1.636580 8.282088 0.026807
v -1.662420 8.263230 0.036770
v -1.636580 8.277203 0.022797
v -1.662420 8.256764 0.028890
v -1.636580 8.273193 0.017912
v -1.662420 8.251958 0.019900
v -1.636580 8.270214 0.012338
v -1.662420 8.248999 0.010145
v -1.636580 8.268379 0.006290
v -1.662420 8.248000 0.000000
v -1.636580 8.267760 0.000000
v -1.662420 8.248999 -0.010145
v -1.636580 8.268379 -0.006290
v -1.662420 8.251958 -0.019900
v -1.636580 8.270214 -0.012338
v -1.662420 8.256764 -0.028890
v -1.636580 8.273193 -0.017912
v -1.662420 8.263230 -0.036770
v -1.636580 8.277203 -0.022797
v -1.662420 8.271110 -0.043236
v -1.636580 8.282088 -0.026807
v -1.662420 8.280100 -0.048042
v -1.636580 8.287662 -0.029786
v -1.662420 8.289855 -0.051001
v -1.636580 8.293710 -0.031621
v -1.662420 8.300000 -0.052000
v -1.636580 8.300000 -0.032240
v -1.662420 8.310145 -0.051001
v -1.636580 8.306290 -0.031621
v -1.662420 8.319900 -0.048042
v -1.636580 8.312338 -0.029786
v -1.662420 8.328890 -0.043236
v -1.636580 8.317912 -0.026807
v -1.662420 8.336770 -0.036770
v -1.636580 8.322797 -0.022797
v -1.662420 8.343236 -0.028890
v -1.636580 8.326807 -0.017912
v -1.662420 8.348042 -0.019900
v -1.636580 8.329786 -0.012338
v -1.662420 8.351001 -0.010145
v -1.636580 8.331621 -0.006290
v -1.668500 8.315600 0.000000
v -1.668500 8.315300 0.003043
v -1.668500 8.314413 0.005970
v -1.668500 8.312971 0.008667
v -1.668500 8.311031 0.011031
v -1.668500 8.308667 0.012971
v -1.668500 8.305970 0.014413
v -1.668500 8.303043 0.015300
v -1.668500 8.300000 0.015600
v -1.668500 8.296957 0.015300
v -1.668500 8.294030 0.014413
v -1.668500 8.291333 0.012971
v -1.668500 8.288969 0.011031
v -1.668500 8.287029 0.008667
v -1.668500 8.285587 0.005970
v -1.668500 8.284700 0.003043
v -1.668500 8.284400 0.000000
v -1.668500 8.284700 -0.003043
v -1.668500 8.285587 -0.005970
v -1.668500 8.287029 -0.008667
v -1.668500 8.288969 -0.011031
v -1.668500 8.291333 -0.012971
v -1.668500 8.294030 -0.014413
v -1.668500 8.296957 -0.015300
v -1.668500 8.300000 -0.015600
v -1.668500 8.303043 -0.015300
v -1.668500 8.305970 -0.014413
v -1.668500 8.308667 -0.012971
v -1.668500 8.311031 -0.011031
v -1.668500 8.312971 -0.008667
v -1.668500 8.314413 -0.005970
v -1.668500 8.315300 -0.003043
v -1.700420 8.352000 0.000000
v -1.700420 8.351001 0.010145
v -1.674580 8.331621 0.006290
v -1.674580 8.332240 0.000000
v -1.700420 8.348042 0.019900
v -1.674580 8.329786 0.012338
v -1.700420 8.343236 0.028890
v -1.674580 8.326807 0.017912
v -1.700420 8.336770 0.036770
v -1.674580 8.322797 0.022797
v -1.700420 8.328890 0.043236
v -1.674580 8.317912 0.026807
v -1.700420 8.319900 0.048042
v -1.674580 8.312338 0.029786
v -1.700420 8.310145 0.051001
v -1.674580 8.306290 0.031621
v -1.700420 8.300000 0.052000
v -1.674580 8.300000 0.032240
v -1.700420 8.289855 0.051001
v -1.674580 8.293710 0.031621
v -1.700420 8.280100 0.048042
v -1.674580 8.287662 0.029786
v -1.700420 8.271110 0.043236
v -1.674580 8.282088 0.026807
v -1.700420 8.263230 0.036770
v -1.674580 8.277203 0.022797
v -1.700420 8.256764 0.028890
v -1.674580 8.273193 0.017912
v -1.700420 8.251958 0.019900
v -1.674580 8.270214 0.012338
v -1.700420 8.248999 0.010145
v -1.674580 8.268379 0.006290
v -1.700420 8.248000 0.000000
v -1.674580 8.267760 0.000000
v -1.700420 8.248999 -0.010145
v -1.674580 8.268379 -0.006290
v -1.700420 8.251958 -0.019900
v -1.674580 8.270214 -0.012338
v -1.700420 8.256764 -0.028890
v -1.674580 8.273193 -0.017912
v -1.700420 8.263230 -0.036770
v -1.674580 8.277203 -0.022797
v -1.700420 8.271110 -0.043236
v -1.674580 8.282088 -0.026807
v -1.700420 8.280100 -0.048042
v -1.674580 8.287662 -0.029786
v -1.700420 8.289855 -0.051001
v -1.674580 8.293710 -0.031621
v -1.700420 8.300000 -0.052000
v -1.674580 8.300000 -0.032240
v -1.700420 8.310145 -0.051001
v -1.674580 8.306290 -0.031621
v -1.700420 8.319900 -0.048042
v -1.674580 8.312338 -0.029786
v -1.700420 8.328890 -0.043236
v -1.674580 8.317912 -0.026807
v -1.700420 8.336770 -0.036770
v -1.674580 8.322797 -0.022797
v -1.700420 8.343236 -0.028890
v -1.674580 8.326807 -0.017912
v -1.700420 8.348042 -0.019900
v -1.674580 8.329786 -0.012338
v -1.700420 8.351001 -0.010145
v -1.674580 8.331621 -0.006290
v -1.706500 8.315600 0.000000
v -1.706500 8.315300 0.003043
v -1.706500 8.314413 0.005970
v -1.706500 8.312971 0.008667
v -1.706500 8.311031 0.011031
v -1.706500 8.308667 0.012971
v -1.706500 8.305970 0.014413
v -1.706500 8.303043 0.015300
v -1.706500 8.300000 0.015600
v -1.706500 8.296957 0.015300
v -1.706500 8.294030 0.014413
v -1.706500 8.291333 0.012971
v -1.706500 8.288969 0.011031
v -1.706500 8.287029 0.008667
v -1.706500 8.285587 0.005970
v -1.706500 8.284700 0.003043
v -1.706500 8.284400 0.000000
v -1.706500 8.284700 -0.003043
v -1.706500 8.285587 -0.005970
v -1.706500 8.287029 -0.008667
v -1.706500 8.288969 -0.011031
v -1.706500 8.291333 -0.012971
v -1.706500 8.294030 -0.014413
v -1.706500 8.296957 -0.015300
v -1.706500 8.300000 -0.015600
v -1.706500 8.303043 -0.015300
v -1.706500 8.305970 -0.014413
v -1.706500 8.308667 -0.012971
v -1.706500 8.311031 -0.011031
v -1.706500 8.312971 -0.008667
v -1.706500 8.314413 -0.005970
v -1.706500 8.315300 -0.003043
v -1.738420 8.352000 0.000000
v -1.738420 8.351001 0.010145
v -1.712580 8.331621 0.006290
v -1.712580 8.332240 0.000000
v -1.738420 8.348042 0.019900
v -1.712580 8.329786 0.012338
v -1.738420 8.343236 0.028890
v -1.712580 8.326807 0.017912
v -1.738420 8.336770 0.036770
v -1.712580 8.322797 0.022797
v -1.738420 8.328890 0.043236
v -1.712580 8.317912 0.026807
v -1.738420 8.319900 0.048042
v -1.712580 8.312338 0.029786
v -1.738420 8.310145 0.051001
v -1.712580 8.306290 0.031621
v -1.738420 8.300000 0.052000
v -1.712580 8.300000 0.032240
v -1.738420 8.289855 0.051001
v -1.712580 8.293710 0.031621
v -1.738420 8.280100 0.048042
v -1.712580 8.287662 0.029786
v -1.738420 8.271110 0.043236
v -1.712580 8.282088 0.026807
v -1.738420 8.263230 0.036770
v -1.712580 8.277203 0.022797
v -1.738420 8.256764 0.028890
v -1.712580 8.273193 0.017912
v -1.738420 8.251958 0.019900
v -1.712580 8.270214 0.012338
v -1.738420 8.248999 0.010145
v -1.712580 8.268379 0.006290
v -1.738420 8.248000 0.000000
v -1.712580 8.267760 0.000000
v -1.738420 8.248999 -0.010145
v -1.712580 8.268379 -0.006290
v -1.738420 8.251958 -0.019900
v -1.712580 8.270214 -0.012338
v -1.738420 8.256764 -0.028890
v -1.712580 8.273193 -0.017912
v -1.738420 8.263230 -0.036770
v -1.712580 8.277203 -0.022797
v -1.738420 8.271110 -0.043236
v -1.712580 8.282088 -0.026807
v -1.738420 8.280100 -0.048042
v -1.712580 8.287662 -0.029786
v -1.738420 8.289855 -0.051001
v -1.712580 8.293710 -0.031621
v -1.738420 8.300000 -0.052000
v -1.712580 8.300000 -0.032240
v -1.738420 8.310145 -0.051001
v -1.712580 8.306290 -0.031621
v -1.738420 8.319900 -0.048042
v -1.712580 8.312338 -0.029786
v -1.738420 8.328890 -0.043236
v -1.712580 8.317912 -0.026807
v -1.738420 8.336770 -0.036770
v -1.712580 8.322797 -0.022797
v -1.738420 8.343236 -0.028890
v -1.712580 8.326807 -0.017912
v -1.738420 8.348042 -0.019900
v -1.712580 8.329786 -0.012338
v -1.738420 8.351001 -0.010145
v -1.712580 8.331621 -0.006290
v -1.744500 8.315600 0.000000
v -1.744500 8.315300 0.003043
v -1.744500 8.314413 0.005970
v -1.744500 8.312971 0.008667
v -1.744500 8.311031 0.011031
v -1.744500 8.308667 0.012971
v -1.744500 8.305970 0.014413
v -1.744500 8.303043 0.015300
v -1.744500 8.300000 0.015600
v -1.744500 8.296957 0.015300
v -1.744500 8.294030 0.014413
v -1.744500 8.291333 0.012971
v -1.744500 8.288969 0.011031
v -1.744500 8.287029 0.008667
v -1.744500 8.285587 0.005970
v -1.744500 8.284700 0.003043
v -1.744500 8.284400 0.000000
v -1.744500 8.284700 -0.003043
v -1.744500 8.285587 -0.005970
v -1.744500 8.287029 -0.008667
v -1.744500 8.288969 -0.011031
v -1.744500 8.291333 -0.012971
v -1.744500 8.294030 -0.014413
v -1.744500 8.296957 -0.015300
v -1.744500 8.300000 -0.015600
v -1.744500 8.303043 -0.015300
v -1.744500 8.305970 -0.014413
v -1.744500 8.308667 -0.012971
v -1.744500 8.311031 -0.011031
v -1.744500 8.312971 -0.008667
v -1.744500 8.314413 -0.005970
v -1.744500 8.315300 -0.003043
v -1.776420 8.352000 0.000000
v -1.776420 8.351001 0.010145
v -1.750580 8.331621 0.006290
v -1.750580 8.332240 0.000000
v -1.776420 8.348042 0.019900
v -1.750580 8.329786 0.012338
v -1.776420 8.343236 0.028890
v -1.750580 8.326807 0.017912
v -1.776420 8.336770 0.036770
v -1.750580 8.322797 0.022797
v -1.776420 8.328890 0.043236
v -1.750580 8.317912 0.026807
v -1.776420 8.319900 0.048042
v -1.750580 8.312338 0.029786
v -1.776420 8.310145 0.051001
v -1.750580 8.306290 0.031621
v -1.776420 8.300000 0.052000
v -1.750580 8.300000 0.032240
v -1.776420 8.289855 0.051001
v -1.750580 8.293710 0.031621
v -1.776420 8.280100 0.048042
v -1.750580 8.287662 0.029786
v -1.776420 8.271110 0.043236
v -1.750580 8.282088 0.026807
v -1.776420 8.263230 0.036770
v -1.750580 8.277203 0.022797
v -1.776420 8.256764 0.028890
v -1.750580 8.273193 0.017912
v -1.776420 8.251958 0.019900
v -1.750580 8.270214 0.012338
v -1.776420 8.248999 0.010145
v -1.750580 8.268379 0.006290
v -1.776420 8.248000 0.000000
v -1.750580 8.267760 0.000000
v -1.776420 8.248999 -0.010145
v -1.750580 8.268379 -0.006290
v -1.776420 8.251958 -0.019900
v -1.750580 8.270214 -0.012338
v -1.776420 8.256764 -0.028890
v -1.750580 8.273193 -0.017912
v -1.776420 8.263230 -0.036770
v -1.750580 8.277203 -0.022797
v -1.776420 8.271110 -0.043236
v -1.750580 8.282088 -0.026807
v -1.776420 8.280100 -0.048042
v -1.750580 8.287662 -0.029786
v -1.776420 8.289855 -0.051001
v -1.750580 8.293710 -0.031621
v -1.776420 8.300000 -0.052000
v -1.750580 8.300000 -0.032240
v -1.776420 8.310145 -0.051001
v -1.750580 8.306290 -0.031621
v -1.776420 8.319900 -0.048042
v -1.750580 8.312338 -0.029786
v -1.776420 8.328890 -0.043236
v -1.750580 8.317912 -0.026807
v -1.776420 8.336770 -0.036770
v -1.750580 8.322797 -0.022797
v -1.776420 8.343236 -0.028890
v -1.750580 8.326807 -0.017912
v -1.776420 8.348042 -0.019900
v -1.750580 8.329786 -0.012338
v -1.776420 8.351001 -0.010145
v -1.750580 8.331621 -0.006290
v -1.782500 8.315600 0.000000
v -1.782500 8.315300 0.003043
v -1.782500 8.314413 0.005970
v -1.782500 8.312971 0.008667
v -1.782500 8.311031 0.011031
v -1.782500 8.308667 0.012971
v -1.782500 8.305970 0.014413
v -1.782500 8.303043 0.015300
v -1.782500 8.300000 0.015600
v -1.782500 8.296957 0.015300
v -1.782500 8.294030 0.014413
v -1.782500 8.291333 0.012971
v -1.782500 8.288969 0.011031
v -1.782500 8.287029 0.008667
v -1.782500 8.285587 0.005970
v -1.782500 8.284700 0.003043
v -1.782500 8.284400 0.000000
v -1.782500 8.284700 -0.003043
v -1.782500 8.285587 -0.005970
v -1.782500 8.287029 -0.008667
v -1.782500 8.288969 -0.011031
v -1.782500 8.291333 -0.012971
v -1.782500 8.294030 -0.014413
v -1.782500 8.296957 -0.015300
v -1.782500 8.300000 -0.015600
v -1.782500 8.303043 -0.015300
v -1.782500 8.305970 -0.014413
v -1.782500 8.308667 -0.012971
v -1.782500 8.311031 -0.011031
v -1.782500 8.312971 -0.008667
v -1.782500 8.314413 -0.005970
v -1.782500 8.315300 -0.003043
v -1.814420 8.352000 0.000000
v -1.814420 8.351001 0.010145
v -1.788580 8.331621 0.006290
v -1.788580 8.332240 0.000000
v -1.814420 8.348042 0.019900
v -1.788580 8.329786 0.012338
v -1.814420 8.343236 0.028890
v -1.788580 8.326807 0.017912
v -1.814420 8.336770 0.036770
v -1.788580 8.322797 0.022797
v -1.814420 8.328890 0.043236
v -1.788580 8.317912 0.026807
v -1.814420 8.319900 0.048042
v -1.788580 8.312338 0.029786
v -1.814420 8.310145 0.051001
v -1.788580 8.306290 0.031621
v -1.814420 8.300000 0.052000
v -1.788580 8.300000 0.032240
v -1.814420 8.289855 0.051001
v -1.788580 8.293710 0.031621
v -1.814420 8.280100 0.048042
v -1.788580 8.287662 0.029786
v -1.814420 8.271110 0.043236
v -1.788580 8.282088 0.026807
v -1.814420 8.263230 0.036770
v -1.788580 8.277203 0.022797
v -1.814420 8.256764 0.028890
v -1.788580 8.273193 0.017912
v -1.814420 8.251958 0.019900
v -1.788580 8.270214 0.012338
v -1.814420 8.248999 0.010145
v -1.788580 8.268379 0.006290
v -1.814420 8.248000 0.000000
v -1.788580 8.267760 0.000000
v -1.814420 8.248999 -0.010145
v -1.788580 8.268379 -0.006290
v -1.814420 8.251958 -0.019900
v -1.788580 8.270214 -0.012338
v -1.814420 8.256764 -0.028890
v -1.788580 8.273193 -0.017912
v -1.814420 8.263230 -0.036770
v -1.788580 8.277203 -0.022797
v -1.814420 8.271110 -0.043236
v -1.788580 8.282088 -0.026807
v -1.814420 8.280100 -0.048042
v -1.788580 8.287662 -0.029786
v -1.814420 8.289855 -0.051001
v -1.788580 8.293710 -0.031621
v -1.814420 8.300000 -0.052000
v -1.788580 8.300000 -0.032240
v -1.814420 8.310145 -0.051001
v -1.788580 8.306290 -0.031621
v -1.814420 8.319900 -0.048042
v -1.788580 8.312338 -0.029786
v -1.814420 8.328890 -0.043236
v -1.788580 8.317912 -0.026807
v -1.814420 8.336770 -0.036770
v -1.788580 8.322797 -0.022797
v -1.814420 8.343236 -0.028890
v -1.788580 8.326807 -0.017912
v -1.814420 8.348042 -0.019900
v -1.788580 8.329786 -0.012338
v -1.814420 8.351001 -0.010145
v -1.788580 8.331621 -0.006290
v -1.820500 8.315600 0.000000
v -1.820500 8.315300 0.003043
v -1.820500 8.314413 0.005970
v -1.820500 8.312971 0.008667
v -1.820500 8.311031 0.011031
v -1.820500 8.308667 0.012971
v -1.820500 8.305970 0.014413
v -1.820500 8.303043 0.015300
v -1.820500 8.300000 0.015600
v -1.820500 8.296957 0.015300
v -1.820500 8.294030 0.014413
v -1.820500 8.291333 0.012971
v -1.820500 8.288969 0.011031
v -1.820500 8.287029 0.008667
v -1.820500 8.285587 0.005970
v -1.820500 8.284700 0.003043
v -1.820500 8.284400 0.000000
v -1.820500 8.284700 -0.003043
v -1.820500 8.285587 -0.005970
v -1.820500 8.287029 -0.008667
v -1.820500 8.288969 -0.011031
v -1.820500 8.291333 -0.012971
v -1.820500 8.294030 -0.014413
v -1.820500 8.296957 -0.015300
v -1.820500 8.300000 -0.015600
v -1.820500 8.303043 -0.015300
v -1.820500 8.305970 -0.014413
v -1.820500 8.308667 -0.012971
v -1.820500 8.311031 -0.011031
v -1.820500 8.312971 -0.008667
v -1.820500 8.314413 -0.005970
v -1.820500 8.315300 -0.003043
v -1.852420 8.352000 0.000000
v -1.852420 8.351001 0.010145
v -1.826580 8.331621 0.006290
v -1.826580 8.332240 0.000000
v -1.852420 8.348042 0.019900
v -1.826580 8.329786 0.012338
v -1.852420 8.343236 0.028890
v -1.826580 8.326807 0.017912
v -1.852420 8.336770 0.036770
v -1.826580 8.322797 0.022797
v -1.852420 8.328890 0.043236
v -1.826580 8.317912 0.026807
v -1.852420 8.319900 0.048042
v -1.826580 8.312338 0.029786
v -1.852420 8.310145 0.051001
v -1.826580 8.306290 0.031621
v -1.852420 8.300000 0.052000
v -1.826580 8.300000 0.032240
v -1.852420 8.289855 0.051001
v -1.826580 8.293710 0.031621
v -1.852420 8.280100 0.048042
v -1.826580 8.287662 0.029786
v -1.852420 8.271110 0.043236
v -1.826580 8.282088 0.026807
v -1.852420 8.263230 0.036770
v -1.826580 8.277203 0.022797
v -1.852420 8.256764 0.028890
v -1.826580 8.273193 0.017912
v -1.852420 8.251958 0.019900
v -1.826580 8.270214 0.012338
v -1.852420 8.248999 0.010145
v -1.826580 8.268379 0.006290
v -1.852420 8.248000 0.000000
v -1.826580 8.267760 0.000000
v -1.852420 8.248999 -0.010145
v -1.826580 8.268379 -0.006290
v -1.852420 8.251958 -0.019900
v -1.826580 8.270214 -0.012338
v -1.852420 8.256764 -0.028890
v -1.826580 8.273193 -0.017912
v -1.852420 8.263230 -0.036770
v -1.826580 8.277203 -0.022797
v -1.852420 8.271110 -0.043236
v -1.826580 8.282088 -0.026807
v -1.852420 8.280100 -0.048042
v -1.826580 8.287662 -0.029786
v -1.852420 8.289855 -0.051001
v -1.826580 8.293710 -0.031621
v -1.852420 8.300000 -0.052000
v -1.826580 8.300000 -0.032240
v -1.852420 8.310145 -0.051001
v -1.826580 8.306290 -0.031621
v -1.852420 8.319900 -0.048042
v -1.826580 8.312338 -0.029786
v -1.852420 8.328890 -0.043236
v -1.826580 8.317912 -0.026807
v -1.852420 8.336770 -0.036770
v -1.826580 8.322797 -0.022797
v -1.852420 8.343236 -0.028890
v -1.826580 8.326807 -0.017912
v -1.852420 8.348042 -0.019900
v -1.826580 8.329786 -0.012338
v -1.852420 8.351001 -0.010145
v -1.826580 8.331621 -0.006290
v -1.858500 8.315600 0.000000
v -1.858500 8.315300 0.003043
v -1.858500 8.314413 0.005970
v -1.858500 8.312971 0.008667
v -1.858500 8.311031 0.011031
v -1.858500 8.308667 0.012971
v -1.858500 8.305970 0.014413
v -1.858500 8.303043 0.015300
v -1.858500 8.300000 0.015600
v -1.858500 8.296957 0.015300
v -1.858500 8.294030 0.014413
v -1.858500 8.291333 0.012971
v -1.858500 8.288969 0.011031
v -1.858500 8.287029 0.008667
v -1.858500 8.285587 0.005970
v -1.858500 8.284700 0.003043
v -1.858500 8.284400 0.000000
v -1.858500 8.284700 -0.003043
v -1.858500 8.285587 -0.005970
v -1.858500 8.287029 -0.008667
v -1.858500 8.288969 -0.011031
v -1.858500 8.291333 -0.012971
v -1.858500 8.294030 -0.014413
v -1.858500 8.296957 -0.015300
v -1.858500 8.300000 -0.015600
v -1.858500 8.303043 -0.015300
v -1.858500 8.305970 -0.014413
v -1.858500 8.308667 -0.012971
v -1.858500 8.311031 -0.011031
v -1.858500 8.312971 -0.008667
v -1.858500 8.314413 -0.005970
v -1.858500 8.315300 -0.003043
v -1.890420 8.352000 0.000000
v -1.890420 8.351001 0.010145
v -1.864580 8.331621 0.006290
v -1.864580 8.332240 0.000000
v -1.890420 8.348042 0.019900
v -1.864580 8.329786 0.012338
v -1.890420 8.343236 0.028890
v -1.864580 8.326807 0.017912
v -1.890420 8.336770 0.036770
v -1.864580 8.322797 0.022797
v -1.890420 8.328890 0.043236
v -1.864580 8.317912 0.026807
v -1.890420 8.319900 0.048042
v -1.864580 8.312338 0.029786
v -1.890420 8.310145 0.051001
v -1.864580 8.306290 0.031621
v -1.890420 8.300000 0.052000
v -1.864580 8.300000 0.032240
v -1.890420 8.289855 0.051001
v -1.864580 8.293710 0.031621
v -1.890420 8.280100 0.048042
v -1.864580 8.287662 0.029786
v -1.890420 8.271110 0.043236
v -1.864580 8.282088 0.026807
v -1.890420 8.263230 0.036770
v -1.864580 8.277203 0.022797
v -1.890420 8.256764 0.028890
v -1.864580 8.273193 0.017912
v -1.890420 8.251958 0.019900
v -1.864580 8.270214 0.012338
v -1.890420 8.248999 0.010145
v -1.864580 8.268379 0.006290
v -1.890420 8.248000 0.000000
v -1.864580 8.267760 0.000000
v -1.890420 8.248999 -0.010145
v -1.864580 8.268379 -0.006290
v -1.890420 8.251958 -0.019900
v -1.864580 8.270214 -0.012338
v -1.890420 8.256764 -0.028890
v -1.864580 8.273193 -0.017912
v -1.890420 8.263230 -0.036770
v -1.864580 8.277203 -0.022797
v -1.890420 8.271110 -0.043236
v -1.864580 8.282088 -0.026807
v -1.890420 8.280100 -0.048042
v -1.864580 8.287662 -0.029786
v -1.890420 8.289855 -0.051001
v -1.864580 8.293710 -0.031621
v -1.890420 8.300000 -0.052000
v -1.864580 8.300000 -0.032240
v -1.890420 8.310145 -0.051001
v -1.864580 8.306290 -0.031621
v -1.890420 8.319900 -0.048042
v -1.864580 8.312338 -0.029786
v -1.890420 8.328890 -0.043236
v -1.864580 8.317912 -0.026807
v -1.890420 8.336770 -0.036770
v -1.864580 8.322797 -0.022797
v -1.890420 8.343236 -0.028890
v -1.864580 8.326807 -0.017912
v -1.890420 8.348042 -0.019900
v -1.864580 8.329786 -0.012338
v -1.890420 8.351001 -0.010145
v -1.864580 8.331621 -0.006290
v -1.896500 8.315600 0.000000
v -1.896500 8.315300 0.003043
v -1.896500 8.314413 0.005970
v -1.896500 8.312971 0.008667
v -1.896500 8.311031 0.011031
v -1.896500 8.308667 0.012971
v -1.896500 8.305970 0.014413
v -1.896500 8.303043 0.015300
v -1.896500 8.300000 0.015600
v -1.896500 8.296957 0.015300
v -1.896500 8.294030 0.014413
v -1.896500 8.291333 0.012971
v -1.896500 8.288969 0.011031
v -1.896500 8.287029 0.008667
v -1.896500 8.285587 0.005970
v -1.896500 8.284700 0.003043
v -1.896500 8.284400 0.000000
v -1.896500 8.284700 -0.003043
v -1.896500 8.285587 -0.005970
v -1.896500 8.287029 -0.008667
v -1.896500 8.288969 -0.011031
v -1.896500 8.291333 -0.012971
v -1.896500 8.294030 -0.014413
v -1.896500 8.296957 -0.015300
v -1.896500 8.300000 -0.015600
v -1.896500 8.303043 -0.015300
v -1.896500 8.305970 -0.014413
v -1.896500 8.308667 -0.012971
v -1.896500 8.311031 -0.011031
v -1.896500 8.312971 -0.008667
v -1.896500 8.314413 -0.005970
v -1.896500 8.315300 -0.003043
v -1.928420 8.352000 0.000000
v -1.928420 8.351001 0.010145
v -1.902580 8.331621 0.006290
v -1.902580 8.332240 0.000000
v -1.928420 8.348042 0.019900
v -1.902580 8.329786 0.012338
v -1.928420 8.343236 0.028890
v -1.902580 8.326807 0.017912
v -1.928420 8.336770 0.036770
v -1.902580 8.322797 0.022797
v -1.928420 8.328890 0.043236
v -1.902580 8.317912 0.026807
v -1.928420 8.319900 0.048042
v -1.902580 8.312338 0.029786
v -1.928420 8.310145 0.051001
v -1.902580 8.306290 0.031621
v -1.928420 8.300000 0.052000
v -1.902580 8.300000 0.032240
v -1.928420 8.289855 0.051001
v -1.902580 8.293710 0.031621
v -1.928420 8.280100 0.048042
v -1.902580 8.287662 0.029786
v -1.928420 8.271110 0.043236
v -1.902580 8.282088 0.026807
v -1.928420 8.263230 0.036770
v -1.902580 8.277203 0.022797
v -1.928420 8.256764 0.028890
v -1.902580 8.273193 0.017912
v -1.928420 8.251958 0.019900
v -1.902580 8.270214 0.012338
v -1.928420 8.248999 0.010145
v -1.902580 8.268379 0.006290
v -1.928420 8.248000 0.000000
v -1.902580 8.267760 0.000000
v -1.928420 8.248999 -0.010145
v -1.902580 8.268379 -0.006290
v -1.928420 8.251958 -0.019900
v -1.902580 8.270214 -0.012338
v -1.928420 8.256764 -0.028890
v -1.902580 8.273193 -0.017912
v -1.928420 8.263230 -0.036770
v -1.902580 8.277203 -0.022797
v -1.928420 8.271110 -0.043236
v -1.902580 8.282088 -0.026807
v -1.928420 8.280100 -0.048042
v -1.902580 8.287662 -0.029786
v -1.928420 8.289855 -0.051001
v -1.902580 8.293710 -0.031621
v -1.928420 8.300000 -0.052000
v -1.902580 8.300000 -0.032240
v -1.928420 8.310145 -0.051001
v -1.902580 8.306290 -0.031621
v -1.928420 8.319900 -0.048042
v -1.902580 8.312338 -0.029786
v -1.928420 8.328890 -0.043236
v -1.902580 8.317912 -0.026807
v -1.928420 8.336770 -0.036770
v -1.902580 8.322797 -0.022797
v -1.928420 8.343236 -0.028890
v -1.902580 8.326807 -0.017912
v -1.928420 8.348042 -0.019900
v -1.902580 8.329786 -0.012338
v -1.928420 8.351001 -0.010145
v -1.902580 8.331621 -0.006290
v -1.934500 8.315600 0.000000
v -1.934500 8.315300 0.003043
v -1.934500 8.314413 0.005970
v -1.934500 8.312971 0.008667
v -1.934500 8.311031 0.011031
v -1.934500 8.308667 0.012971
v -1.934500 8.305970 0.014413
v -1.934500 8.303043 0.015300
v -1.934500 8.300000 0.015600
v -1.934500 8.296957 0.015300
v -1.934500 8.294030 0.014413
v -1.934500 8.291333 0.012971
v -1.934500 8.288969 0.011031
v -1.934500 8.287029 0.008667
v -1.934500 8.285587 0.005970
v -1.934500 8.284700 0.003043
v -1.934500 8.284400 0.000000
v -1.934500 8.284700 -0.003043
v -1.934500 8.285587 -0.005970
v -1.934500 8.287029 -0.008667
v -1.934500 8.288969 -0.011031
v -1.934500 8.291333 -0.012971
v -1.934500 8.294030 -0.014413
v -1.934500 8.296957 -0.015300
v -1.934500 8.300000 -0.015600
v -1.934500 8.303043 -0.015300
v -1.934500 8.305970 -0.014413
v -1.934500 8.308667 -0.012971
v -1.934500 8.311031 -0.011031
v -1.934500 8.312971 -0.008667
v -1.934500 8.314413 -0.005970
v -1.934500 8.315300 -0.003043
v -1.966420 8.352000 0.000000
v -1.966420 8.351001 0.010145
v -1.940580 8.331621 0.006290
v -1.940580 8.332240 0.000000
v -1.966420 8.348042 0.019900
v -1.940580 8.329786 0.012338
v -1.966420 8.343236 0.028890
v -1.940580 8.326807 0.017912
v -1.966420 8.336770 0.036770
v -1.940580 8.322797 0.022797
v -1.966420 8.328890 0.043236
v -1.940580 8.317912 0.026807
v -1.966420 8.319900 0.048042
v -1.940580 8.312338 0.029786
v -1.966420 8.310145 0.051001
v -1.940580 8.306290 0.031621
v -1.966420 8.300000 0.052000
v -1.940580 8.300000 0.032240
v -1.966420 8.289855 0.051001
v -1.940580 8.293710 0.031621
v -1.966420 8.280100 0.048042
v -1.940580 8.287662 0.029786
v -1.966420 8.271110 0.043236
v -1.940580 8.282088 0.026807
v -1.966420 8.263230 0.036770
v -1.940580 8.277203 0.022797
v -1.966420 8.256764 0.028890
v -1.940580 8.273193 0.017912
v -1.966420 8.251958 0.019900
v -1.940580 8.270214 0.012338
v -1.966420 8.248999 0.010145
v -1.940580 8.268379 0.006290
v -1.966420 8.248000 0.000000
v -1.940580 8.267760 0.000000
v -1.966420 8.248999 -0.010145
v -1.940580 8.268379 -0.006290
v -1.966420 8.251958 -0.019900
v -1.940580 8.270214 -0.012338
v -1.966420 8.256764 -0.028890
v -1.940580 8.273193 -0.017912
v -1.966420 8.263230 -0.036770
v -1.940580 8.277203 -0.022797
v -1.966420 8.271110 -0.043236
v -1.940580 8.282088 -0.026807
v -1.966420 8.280100 -0.048042
v -1.940580 8.287662 -0.029786
v -1.966420 8.289855 -0.051001
v -1.940580 8.293710 -0.031621
v -1.966420 8.300000 -0.052000
v -1.940580 8.300000 -0.032240
v -1.966420 8.310145 -0.051001
v -1.940580 8.306290 -0.031621
v -1.966420 8.319900 -0.048042
v -1.940580 8.312338 -0.029786
v -1.966420 8.328890 -0.043236
v -1.940580 8.317912 -0.026807
v -1.966420 8.336770 -0.036770
v -1.940580 8.322797 -0.022797
v -1.966420 8.343236 -0.028890
v -1.940580 8.326807 -0.017912
v -1.966420 8.348042 -0.019900
v -1.940580 8.329786 -0.012338
v -1.966420 8.351001 -0.010145
v -1.940580 8.331621 -0.006290
v -1.972500 8.315600 0.000000
v -1.972500 8.315300 0.003043
v -1.972500 8.314413 0.005970
v -1.972500 8.312971 0.008667
v -1.972500 8.311031 0.011031
v -1.972500 8.308667 0.012971
v -1.972500 8.305970 0.014413
v -1.972500 8.303043 0.015300
v -1.972500 8.300000 0.015600
v -1.972500 8.296957 0.015300
v -1.972500 8.294030 0.014413
v -1.972500 8.291333 0.012971
v -1.972500 8.288969 0.011031
v -1.972500 8.287029 0.008667
v -1.972500 8.285587 0.005970
v -1.972500 8.284700 0.003043
v -1.972500 8.284400 0.000000
v -1.972500 8.284700 -0.003043
v -1.972500 8.285587 -0.005970
v -1.972500 8.287029 -0.008667
v -1.972500 8.288969 -0.011031
v -1.972500 8.291333 -0.012971
v -1.972500 8.294030 -0.014413
v -1.972500 8.296957 -0.015300
v -1.972500 8.300000 -0.015600
v -1.972500 8.303043 -0.015300
v -1.972500 8.305970 -0.014413
v -1.972500 8.308667 -0.012971
v -1.972500 8.311031 -0.011031
v -1.972500 8.312971 -0.008667
v -1.972500 8.314413 -0.005970
v -1.972500 8.315300 -0.003043
v -2.004420 8.352000 0.000000
v -2.004420 8.351001 0.010145
v -1.978580 8.331621 0.006290
v -1.978580 8.332240 0.000000
v -2.004420 8.348042 0.019900
v -1.978580 8.329786 0.012338
v -2.004420 8.343236 0.028890
v -1.978580 8.326807 0.017912
v -2.004420 8.336770 0.036770
v -1.978580 8.322797 0.022797
v -2.004420 8.328890 0.043236
v -1.978580 8.317912 0.026807
v -2.004420 8.319900 0.048042
v -1.978580 8.312338 0.029786
v -2.004420 8.310145 0.051001
v -1.978580 8.306290 0.031621
v -2.004420 8.300000 0.052000
v -1.978580 8.300000 0.032240
v -2.004420 8.289855 0.051001
v -1.978580 8.293710 0.031621
v -2.004420 8.280100 0.048042
v -1.978580 8.287662 0.029786
v -2.004420 8.271110 0.043236
v -1.978580 8.282088 0.026807
v -2.004420 8.263230 0.036770
v -1.978580 8.277203 0.022797
v -2.004420 8.256764 0.028890
v -1.978580 8.273193 0.017912
v -2.004420 8.251958 0.019900
v -1.978580 8.270214 0.012338
v -2.004420 8.248999 0.010145
v -1.978580 8.268379 0.006290
v -2.004420 8.248000 0.000000
v -1.978580 8.267760 0.000000
v -2.004420 8.248999 -0.010145
v -1.978580 8.268379 -0.006290
v -2.004420 8.251958 -0.019900
v -1.978580 8.270214 -0.012338
v -2.004420 8.256764 -0.028890
v -1.978580 8.273193 -0.017912
v -2.004420 8.263230 -0.036770
v -1.978580 8.277203 -0.022797
v -2.004420 8.271110 -0.043236
v -1.978580 8.282088 -0.026807
v -2.004420 8.280100 -0.048042
v -1.978580 8.287662 -0.029786
v -2.004420 8.289855 -0.051001
v -1.978580 8.293710 -0.031621
v -2.004420 8.300000 -0.052000
v -1.978580 8.300000 -0.032240
v -2.004420 8.310145 -0.051001
v -1.978580 8.306290 -0.031621
v -2.004420 8.319900 -0.048042
v -1.978580 8.312338 -0.029786
v -2.004420 8.328890 -0.043236
v -1.978580 8.317912 -0.026807
v -2.004420 8.336770 -0.036770
v -1.978580 8.322797 -0.022797
v -2.004420 8.343236 -0.028890
v -1.978580 8.326807 -0.017912
v -2.004420 8.348042 -0.019900
v -1.978580 8.329786 -0.012338
v -2.004420 8.351001 -0.010145
v -1.978580 8.331621 -0.006290
v -2.010500 8.315600 0.000000
v -2.010500 8.315300 0.003043
v -2.010500 8.314413 0.005970
v -2.010500 8.312971 0.008667
v -2.010500 8.311031 0.011031
v -2.010500 8.308667 0.012971
v -2.010500 8.305970 0.014413
v -2.010500 8.303043 0.015300
v -2.010500 8.300000 0.015600
v -2.010500 8.296957 0.015300
v -2.010500 8.294030 0.014413
v -2.010500 8.291333 0.012971
v -2.010500 8.288969 0.011031
v -2.010500 8.287029 0.008667
v -2.010500 8.285587 0.005970
v -2.010500 8.284700 0.003043
v -2.010500 8.284400 0.000000
v -2.010500 8.284700 -0.003043
v -2.010500 8.285587 -0.005970
v -2.010500 8.287029 -0.008667
v -2.010500 8.288969 -0.011031
v -2.010500 8.291333 -0.012971
v -2.010500 8.294030 -0.014413
v -2.010500 8.296957 -0.015300
v -2.010500 8.300000 -0.015600
v -2.010500 8.303043 -0.015300
v -2.010500 8.305970 -0.014413
v -2.010500 8.308667 -0.012971
v -2.010500 8.311031 -0.011031
v -2.010500 8.312971 -0.008667
v -2.010500 8.314413 -0.005970
v -2.010500 8.315300 -0.003043
v -2.042420 8.352000 0.000000
v -2.042420 8.351001 0.010145
v -2.016580 8.331621 0.006290
v -2.016580 8.332240 0.000000
v -2.042420 8.348042 0.019900
v -2.016580 8.329786 0.012338
v -2.042420 8.343236 0.028890
v -2.016580 8.326807 0.017912
v -2.042420 8.336770 0.036770
v -2.016580 8.322797 0.022797
v -2.042420 8.328890 0.043236
v -2.016580 8.317912 0.026807
v -2.042420 8.319900 0.048042
v -2.016580 8.312338 0.029786
v -2.042420 8.310145 0.051001
v -2.016580 8.306290 0.031621
v -2.042420 8.300000 0.052000
v -2.016580 8.300000 0.032240
v -2.042420 8.289855 0.051001
v -2.016580 8.293710 0.031621
v -2.042420 8.280100 0.048042
v -2.016580 8.287662 0.029786
v -2.042420 8.271110 0.043236
v -2.016580 8.282088 0.026807
v -2.042420 8.263230 0.036770
v -2.016580 8.277203 0.022797
v -2.042420 8.256764 0.028890
v -2.016580 8.273193 0.017912
v -2.042420 8.251958 0.019900
v -2.016580 8.270214 0.012338
v -2.042420 8.248999 0.010145
v -2.016580 8.268379 0.006290
v -2.042420 8.248000 0.000000
v -2.016580 8.267760 0.000000
v -2.042420 8.248999 -0.010145
v -2.016580 8.268379 -0.006290
v -2.042420 8.251958 -0.019900
v -2.016580 8.270214 -0.012338
v -2.042420 8.256764 -0.028890
v -2.016580 8.273193 -0.017912
v -2.042420 8.263230 -0.036770
v -2.016580 8.277203 -0.022797
v -2.042420 8.271110 -0.043236
v -2.016580 8.282088 -0.026807
v -2.042420 8.280100 -0.048042
v -2.016580 8.287662 -0.029786
v -2.042420 8.289855 -0.051001
v -2.016580 8.293710 -0.031621
v -2.042420 8.300000 -0.052000
v -2.016580 8.300000 -0.032240
v -2.042420 8.310145 -0.051001
v -2.016580 8.306290 -0.031621
v -2.042420 8.319900 -0.048042
v -2.016580 8.312338 -0.029786
v -2.042420 8.328890 -0.043236
v -2.016580 8.317912 -0.026807
v -2.042420 8.336770 -0.036770
v -2.016580 8.322797 -0.022797
v -2.042420 8.343236 -0.028890
v -2.016580 8.326807 -0.017912
v -2.042420 8.348042 -0.019900
v -2.016580 8.329786 -0.012338
v -2.042420 8.351001 -0.010145
v -2.016580 8.331621 -0.006290
v -2.048500 8.315600 0.000000
v -2.048500 8.315300 0.003043
v -2.048500 8.314413 0.005970
v -2.048500 8.312971 0.008667
v -2.048500 8.311031 0.011031
v -2.048500 8.308667 0.012971
v -2.048500 8.305970 0.014413
v -2.048500 8.303043 0.015300
v -2.048500 8.300000 0.015600
v -2.048500 8.296957 0.015300
v -2.048500 8.294030 0.014413
v -2.048500 8.291333 0.012971
v -2.048500 8.288969 0.011031
v -2.048500 8.287029 0.008667
v -2.048500 8.285587 0.005970
v -2.048500 8.284700 0.003043
v -2.048500 8.284400 0.000000
v -2.048500 8.284700 -0.003043
v -2.048500 8.285587 -0.005970
v -2.048500 8.287029 -0.008667
v -2.048500 8.288969 -0.011031
v -2.048500 8.291333 -0.012971
v -2.048500 8.294030 -0.014413
v -2.048500 8.296957 -0.015300
v -2.048500 8.300000 -0.015600
v -2.048500 8.303043 -0.015300
v -2.048500 8.305970 -0.014413
v -2.048500 8.308667 -0.012971
v -2.048500 8.311031 -0.011031
v -2.048500 8.312971 -0.008667
v -2.048500 8.314413 -0.005970
v -2.048500 8.315300 -0.003043
v -2.080420 8.352000 0.000000
v -2.080420 8.351001 0.010145
v -2.054580 8.331621 0.006290
v -2.054580 8.332240 0.000000
v -2.080420 8.348042 0.019900
v -2.054580 8.329786 0.012338
v -2.080420 8.343236 0.028890
v -2.054580 8.326807 0.017912
v -2.080420 8.336770 0.036770
v -2.054580 8.322797 0.022797
v -2.080420 8.328890 0.043236
v -2.054580 8.317912 0.026807
v -2.080420 8.319900 0.048042
v -2.054580 8.312338 0.029786
v -2.080420 8.310145 0.051001
v -2.054580 8.306290 0.031621
v -2.080420 8.300000 0.052000
v -2.054580 8.300000 0.032240
v -2.080420 8.289855 0.051001
v -2.054580 8.293710 0.031621
v -2.080420 8.280100 0.048042
v -2.054580 8.287662 0.029786
v -2.080420 8.271110 0.043236
v -2.054580 8.282088 0.026807
v -2.080420 8.263230 0.036770
v -2.054580 8.277203 0.022797
v -2.080420 8.256764 0.028890
v -2.054580 8.273193 0.017912
v -2.080420 8.251958 0.019900
v -2.054580 8.270214 0.012338
v -2.080420 8.248999 0.010145
v -2.054580 8.268379 0.006290
v -2.080420 8.248000 0.000000
v -2.054580 8.267760 0.000000
v -2.080420 8.248999 -0.010145
v -2.054580 8.268379 -0.006290
v -2.080420 8.251958 -0.019900
v -2.054580 8.270214 -0.012338
v -2.080420 8.256764 -0.028890
v -2.054580 8.273193 -0.017912
v -2.080420 8.263230 -0.036770
v -2.054580 8.277203 -0.022797
v -2.080420 8.271110 -0.043236
v -2.054580 8.282088 -0.026807
v -2.080420 8.280100 -0.048042
v -2.054580 8.287662 -0.029786
v -2.080420 8.289855 -0.051001
v -2.054580 8.293710 -0.031621
v -2.080420 8.300000 -0.052000
v -2.054580 8.300000 -0.032240
v -2.080420 8.310145 -0.051001
v -2.054580 8.306290 -0.031621
v -2.080420 8.319900 -0.048042
v -2.054580 8.312338 -0.029786
v -2.080420 8.328890 -0.043236
v -2.054580 8.317912 -0.026807
v -2.080420 8.336770 -0.036770
v -2.054580 8.322797 -0.022797
v -2.080420 8.343236 -0.028890
v -2.054580 8.326807 -0.017912
v -2.080420 8.348042 -0.019900
v -2.054580 8.329786 -0.012338
v -2.080420 8.351001 -0.010145
v -2.054580 8.331621 -0.006290
v -2.086500 8.315600 0.000000
v -2.086500 8.315300 0.003043
v -2.086500 8.314413 0.005970
v -2.086500 8.312971 0.008667
v -2.086500 8.311031 0.011031
v -2.086500 8.308667 0.012971
v -2.086500 8.305970 0.014413
v -2.086500 8.303043 0.015300
v -2.086500 8.300000 0.015600
v -2.086500 8.296957 0.015300
v -2.086500 8.294030 0.014413
v -2.086500 8.291333 0.012971
v -2.086500 8.288969 0.011031
v -2.086500 8.287029 0.008667
v -2.086500 8.285587 0.005970
v -2.086500 8.284700 0.003043
v -2.086500 8.284400 0.000000
v -2.086500 8.284700 -0.003043
v -2.086500 8.285587 -0.005970
v -2.086500 8.287029 -0.008667
v -2.086500 8.288969 -0.011031
v -2.086500 8.291333 -0.012971
v -2.086500 8.294030 -0.014413
v -2.086500 8.296957 -0.015300
v -2.086500 8.300000 -0.015600
v -2.086500 8.303043 -0.015300
v -2.086500 8.305970 -0.014413
v -2.086500 8.308667 -0.012971
v -2.086500 8.311031 -0.011031
v -2.086500 8.312971 -0.008667
v -2.086500 8.314413 -0.005970
v -2.086500 8.315300 -0.003043
v -2.191500 8.265000 0.035000
v -2.081500 8.265000 0.035000
v -2.081500 8.265000 -0.035000
v -2.191500 8.265000 -0.035000
v -2.191500 8.335000 -0.035000
v -2.081500 8.335000 -0.035000
v -2.081500 8.335000 0.035000
v -2.191500 8.335000 0.035000
v 1.408580 8.352000 0.000000
v 1.408580 8.351001 0.010145
v 1.434420 8.331621 0.006290
v 1.434420 8.332240 0.000000
v 1.408580 8.348042 0.019900
v 1.434420 8.329786 0.012338
v 1.408580 8.343236 0.028890
v 1.434420 8.326807 0.017912
v 1.408580 8.336770 0.036770
v 1.434420 8.322797 0.022797
v 1.408580 8.328890 0.043236
v 1.434420 8.317912 0.026807
v 1.408580 8.319900 0.048042
v 1.434420 8.312338 0.029786
v 1.408580 8.310145 0.051001
v 1.434420 8.306290 0.031621
v 1.408580 8.300000 0.052000
v 1.434420 8.300000 0.032240
v 1.408580 8.289855 0.051001
v 1.434420 8.293710 0.031621
v 1.408580 8.280100 0.048042
v 1.434420 8.287662 0.029786
v 1.408580 8.271110 0.043236
v 1.434420 8.282088 0.026807
v 1.408580 8.263230 0.036770
v 1.434420 8.277203 0.022797
v 1.408580 8.256764 0.028890
v 1.434420 8.273193 0.017912
v 1.408580 8.251958 0.019900
v 1.434420 8.270214 0.012338
v 1.408580 8.248999 0.010145
v 1.434420 8.268379 0.006290
v 1.408580 8.248000 0.000000
v 1.434420 8.267760 0.000000
v 1.408580 8.248999 -0.010145
v 1.434420 8.268379 -0.006290
v 1.408580 8.251958 -0.019900
v 1.434420 8.270214 -0.012338
v 1.408580 8.256764 -0.028890
v 1.434420 8.273193 -0.017912
v 1.408580 8.263230 -0.036770
v 1.434420 8.277203 -0.022797
v 1.408580 8.271110 -0.043236
v 1.434420 8.282088 -0.026807
v 1.408580 8.280100 -0.048042
v 1.434420 8.287662 -0.029786
v 1.408580 8.289855 -0.051001
v 1.434420 8.293710 -0.031621
v 1.408580 8.300000 -0.052000
v 1.434420 8.300000 -0.032240
v 1.408580 8.310145 -0.051001
v 1.434420 8.306290 -0.031621
v 1.408580 8.319900 -0.048042
v 1.434420 8.312338 -0.029786
v 1.408580 8.328890 -0.043236
v 1.434420 8.317912 -0.026807
v 1.408580 8.336770 -0.036770
v 1.434420 8.322797 -0.022797
v 1.408580 8.343236 -0.028890
v 1.434420 8.326807 -0.017912
v 1.408580 8.348042 -0.019900
v 1.434420 8.329786 -0.012338
v 1.408580 8.351001 -0.010145
v 1.434420 8.331621 -0.006290
v 1.402500 8.315600 0.000000
v 1.402500 8.315300 0.003043
v 1.440500 8.315300 0.003043
v 1.440500 8.315600 0.000000
v 1.402500 8.314413 0.005970
v 1.440500 8.314413 0.005970
v 1.402500 8.312971 0.008667
v 1.440500 8.312971 0.008667
v 1.402500 8.311031 0.011031
v 1.440500 8.311031 0.011031
v 1.402500 8.308667 0.012971
v 1.440500 8.308667 0.012971
v 1.402500 8.305970 0.014413
v 1.440500 8.305970 0.014413
v 1.402500 8.303043 0.015300
v 1.440500 8.303043 0.015300
v 1.402500 8.300000 0.015600
v 1.440500 8.300000 0.015600
v 1.402500 8.296957 0.015300
v 1.440500 8.296957 0.015300
v 1.402500 8.294030 0.014413
v 1.440500 8.294030 0.014413
v 1.402500 8.291333 0.012971
v 1.440500 8.291333 0.012971
v 1.402500 8.288969 0.011031
v 1.440500 8.288969 0.011031
v 1.402500 8.287029 0.008667
v 1.440500 8.287029 0.008667
v 1.402500 8.285587 0.005970
v 1.440500 8.285587 0.005970
v 1.402500 8.284700 0.003043
v 1.440500 8.284700 0.003043
v 1.402500 8.284400 0.000000
v 1.440500 8.284400 0.000000
v 1.402500 8.284700 -0.003043
v 1.440500 8.284700 -0.003043
v 1.402500 8.285587 -0.005970
v 1.440500 8.285587 -0.005970
v 1.402500 8.287029 -0.008667
v 1.440500 8.287029 -0.008667
v 1.402500 8.288969 -0.011031
v 1.440500 8.288969 -0.011031
v 1.402500 8.291333 -0.012971
v 1.440500 8.291333 -0.012971
v 1.402500 8.294030 -0.014413
v 1.440500 8.294030 -0.014413
v 1.402500 8.296957 -0.015300
v 1.440500 8.296957 -0.015300
v 1.402500 8.300000 -0.015600
v 1.440500 8.300000 -0.015600
v 1.402500 8.303043 -0.015300
v 1.440500 8.303043 -0.015300
v 1.402500 8.305970 -0.014413
v 1.440500 8.305970 -0.014413
v 1.402500 8.308667 -0.012971
v 1.440500 8.308667 -0.012971
v 1.402500 8.311031 -0.011031
v 1.440500 8.311031 -0.011031
v 1.402500 8.312971 -0.008667
v 1.440500 8.312971 -0.008667
v 1.402500 8.314413 -0.005970
v 1.440500 8.314413 -0.005970
v 1.402500 8.315300 -0.003043
v 1.440500 8.315300 -0.003043
v 1.446580 8.352000 0.000000
v 1.446580 8.351001 0.010145
v 1.472420 8.331621 0.006290
v 1.472420 8.332240 0.000000
v 1.446580 8.348042 0.019900
v 1.472420 8.329786 0.012338
v 1.446580 8.343236 0.028890
v 1.472420 8.326807 0.017912
v 1.446580 8.336770 0.036770
v 1.472420 8.322797 0.022797
v 1.446580 8.328890 0.043236
v 1.472420 8.317912 0.026807
v 1.446580 8.319900 0.048042
v 1.472420 8.312338 0.029786
v 1.446580 8.310145 0.051001
v 1.472420 8.306290 0.031621
v 1.446580 8.300000 0.052000
v 1.472420 8.300000 0.032240
v 1.446580 8.289855 0.051001
v 1.472420 8.293710 0.031621
v 1.446580 8.280100 0.048042
v 1.472420 8.287662 0.029786
v 1.446580 8.271110 0.043236
v 1.472420 8.282088 0.026807
v 1.446580 8.263230 0.036770
v 1.472420 8.277203 0.022797
v 1.446580 8.256764 0.028890
v 1.472420 8.273193 0.017912
v 1.446580 8.251958 0.019900
v 1.472420 8.270214 0.012338
v 1.446580 8.248999 0.010145
v 1.472420 8.268379 0.006290
v 1.446580 8.248000 0.000000
v 1.472420 8.267760 0.000000
v 1.446580 8.248999 -0.010145
v 1.472420 8.268379 -0.006290
v 1.446580 8.251958 -0.019900
v 1.472420 8.270214 -0.012338
v 1.446580 8.256764 -0.028890
v 1.472420 8.273193 -0.017912
v 1.446580 8.263230 -0.036770
v 1.472420 8.277203 -0.022797
v 1.446580 8.271110 -0.043236
v 1.472420 8.282088 -0.026807
v 1.446580 8.280100 -0.048042
v 1.472420 8.287662 -0.029786
v 1.446580 8.289855 -0.051001
v 1.472420 8.293710 -0.031621
v 1.446580 8.300000 -0.052000
v 1.472420 8.300000 -0.032240
v 1.446580 8.310145 -0.051001
v 1.472420 8.306290 -0.031621
v 1.446580 8.319900 -0.048042
v 1.472420 8.312338 -0.029786
v 1.446580 8.328890 -0.043236
v 1.472420 8.317912 -0.026807
v 1.446580 8.336770 -0.036770
v 1.472420 8.322797 -0.022797
v 1.446580 8.343236 -0.028890
v 1.472420 8.326807 -0.017912
v 1.446580 8.348042 -0.019900
v 1.472420 8.329786 -0.012338
v 1.446580 8.351001 -0.010145
v 1.472420 8.331621 -0.006290
v 1.478500 8.315300 0.003043
v 1.478500 8.315600 0.000000
v 1.478500 8.314413 0.005970
v 1.478500 8.312971 0.008667
v 1.478500 8.311031 0.011031
v 1.478500 8.308667 0.012971
v 1.478500 8.305970 0.014413
v 1.478500 8.303043 0.015300
v 1.478500 8.300000 0.015600
v 1.478500 8.296957 0.015300
v 1.478500 8.294030 0.014413
v 1.478500 8.291333 0.012971
v 1.478500 8.288969 0.011031
v 1.478500 8.287029 0.008667
v 1.478500 8.285587 0.005970
v 1.478500 8.284700 0.003043
v 1.478500 8.284400 0.000000
v 1.478500 8.284700 -0.003043
v 1.478500 8.285587 -0.005970
v 1.478500 8.287029 -0.008667
v 1.478500 8.288969 -0.011031
v 1.478500 8.291333 -0.012971
v 1.478500 8.294030 -0.014413
v 1.478500 8.296957 -0.015300
v 1.478500 8.300000 -0.015600
v 1.478500 8.303043 -0.015300
v 1.478500 8.305970 -0.014413
v 1.478500 8.308667 -0.012971
v 1.478500 8.311031 -0.011031
v 1.478500 8.312971 -0.008667
v 1.478500 8.314413 -0.005970
v 1.478500 8.315300 -0.003043
v 1.484580 8.352000 0.000000
v 1.484580 8.351001 0.010145
v 1.510420 8.331621 0.006290
v 1.510420 8.332240 0.000000
v 1.484580 8.348042 0.019900
v 1.510420 8.329786 0.012338
v 1.484580 8.343236 0.028890
v 1.510420 8.326807 0.017912
v 1.484580 8.336770 0.036770
v 1.510420 8.322797 0.022797
v 1.484580 8.328890 0.043236
v 1.510420 8.317912 0.026807
v 1.484580 8.319900 0.048042
v 1.510420 8.312338 0.029786
v 1.484580 8.310145 0.051001
v 1.510420 8.306290 0.031621
v 1.484580 8.300000 0.052000
v 1.510420 8.300000 0.032240
v 1.484580 8.289855 0.051001
v 1.510420 8.293710 0.031621
v 1.484580 8.280100 0.048042
v 1.510420 8.287662 0.029786
v 1.484580 8.271110 0.043236
v 1.510420 8.282088 0.026807
v 1.484580 8.263230 0.036770
v 1.510420 8.277203 0.022797
v 1.484580 8.256764 0.028890
v 1.510420 8.273193 0.017912
v 1.484580 8.251958 0.019900
v 1.510420 8.270214 0.012338
v 1.484580 8.248999 0.010145
v 1.510420 8.268379 0.006290
v 1.484580 8.248000 0.000000
v 1.510420 8.267760 0.000000
v 1.484580 8.248999 -0.010145
v 1.510420 8.268379 -0.006290
v 1.484580 8.251958 -0.019900
v 1.510420 8.270214 -0.012338
v 1.484580 8.256764 -0.028890
v 1.510420 8.273193 -0.017912
v 1.484580 8.263230 -0.036770
v 1.510420 8.277203 -0.022797
v 1.484580 8.271110 -0.043236
v 1.510420 8.282088 -0.026807
v 1.484580 8.280100 -0.048042
v 1.510420 8.287662 -0.029786
v 1.484580 8.289855 -0.051001
v 1.510420 8.293710 -0.031621
v 1.484580 8.300000 -0.052000
v 1.510420 8.300000 -0.032240
v 1.484580 8.310145 -0.051001
v 1.510420 8.306290 -0.031621
v 1.484580 8.319900 -0.048042
v 1.510420 8.312338 -0.029786
v 1.484580 8.328890 -0.043236
v 1.510420 8.317912 -0.026807
v 1.484580 8.336770 -0.036770
v 1.510420 8.322797 -0.022797
v 1.484580 8.343236 -0.028890
v 1.510420 8.326807 -0.017912
v 1.484580 8.348042 -0.019900
v 1.510420 8.329786 -0.012338
v 1.484580 8.351001 -0.010145
v 1.510420 8.331621 -0.006290
v 1.516500 8.315300 0.003043
v 1.516500 8.315600 0.000000
v 1.516500 8.314413 0.005970
v 1.516500 8.312971 0.008667
v 1.516500 8.311031 0.011031
v 1.516500 8.308667 0.012971
v 1.516500 8.305970 0.014413
v 1.516500 8.303043 0.015300
v 1.516500 8.300000 0.015600
v 1.516500 8.296957 0.015300
v 1.516500 8.294030 0.014413
v 1.516500 8.291333 0.012971
v 1.516500 8.288969 0.011031
v 1.516500 8.287029 0.008667
v 1.516500 8.285587 0.005970
v 1.516500 8.284700 0.003043
v 1.516500 8.284400 0.000000
v 1.516500 8.284700 -0.003043
v 1.516500 8.285587 -0.005970
v 1.516500 8.287029 -0.008667
v 1.516500 8.288969 -0.011031
v 1.516500 8.291333 -0.012971
v 1.516500 8.294030 -0.014413
v 1.516500 8.296957 -0.015300
v 1.516500 8.300000 -0.015600
v 1.516500 8.303043 -0.015300
v 1.516500 8.305970 -0.014413
v 1.516500 8.308667 -0.012971
v 1.516500 8.311031 -0.011031
v 1.516500 8.312971 -0.008667
v 1.516500 8.314413 -0.005970
v 1.516500 8.315300 -0.003043
v 1.522580 8.352000 0.000000
v 1.522580 8.351001 0.010145
v 1.548420 8.331621 0.006290
v 1.548420 8.332240 0.000000
v 1.522580 8.348042 0.019900
v 1.548420 8.329786 0.012338
v 1.522580 8.343236 0.028890
v 1.548420 8.326807 0.017912
v 1.522580 8.336770 0.036770
v 1.548420 8.322797 0.022797
v 1.522580 8.328890 0.043236
v 1.548420 8.317912 0.026807
v 1.522580 8.319900 0.048042
v 1.548420 8.312338 0.029786
v 1.522580 8.310145 0.051001
v 1.548420 8.306290 0.031621
v 1.522580 8.300000 0.052000
v 1.548420 8.300000 0.032240
v 1.522580 8.289855 0.051001
v 1.548420 8.293710 0.031621
v 1.522580 8.280100 0.048042
v 1.548420 8.287662 0.029786
v 1.522580 8.271110 0.043236
v 1.548420 8.282088 0.026807
v 1.522580 8.263230 0.036770
v 1.548420 8.277203 0.022797
v 1.522580 8.256764 0.028890
v 1.548420 8.273193 0.017912
v 1.522580 8.251958 0.019900
v 1.548420 8.270214 0.012338
v 1.522580 8.248999 0.010145
v 1.548420 8.268379 0.006290
v 1.522580 8.248000 0.000000
v 1.548420 8.267760 0.000000
v 1.522580 8.248999 -0.010145
v 1.548420 8.268379 -0.006290
v 1.522580 8.251958 -0.019900
v 1.548420 8.270214 -0.012338
v 1.522580 8.256764 -0.028890
v 1.548420 8.273193 -0.017912
v 1.522580 8.263230 -0.036770
v 1.548420 8.277203 -0.022797
v 1.522580 8.271110 -0.043236
v 1.548420 8.282088 -0.026807
v 1.522580 8.280100 -0.048042
v 1.548420 8.287662 -0.029786
v 1.522580 8.289855 -0.051001
v 1.548420 8.293710 -0.031621
v 1.522580 8.300000 -0.052000
v 1.548420 8.300000 -0.032240
v 1.522580 8.310145 -0.051001
v 1.548420 8.306290 -0.031621
v 1.522580 8.319900 -0.048042
v 1.548420 8.312338 -0.029786
v 1.522580 8.328890 -0.043236
v 1.548420 8.317912 -0.026807
v 1.522580 8.336770 -0.036770
v 1.548420 8.322797 -0.022797
v 1.522580 8.343236 -0.028890
v 1.548420 8.326807 -0.017912
v 1.522580 8.348042 -0.019900
v 1.548420 8.329786 -0.012338
v 1.522580 8.351001 -0.010145
v 1.548420 8.331621 -0.006290
v 1.554500 8.315300 0.003043
v 1.554500 8.315600 0.000000
v 1.554500 8.314413 0.005970
v 1.554500 8.312971 0.008667
v 1.554500 8.311031 0.011031
v 1.554500 8.308667 0.012971
v 1.554500 8.305970 0.014413
v 1.554500 8.303043 0.015300
v 1.554500 8.300000 0.015600
v 1.554500 8.296957 0.015300
v 1.554500 8.294030 0.014413
v 1.554500 8.291333 0.012971
v 1.554500 8.288969 0.011031
v 1.554500 8.287029 0.008667
v 1.554500 8.285587 0.005970
v 1.554500 8.284700 0.003043
v 1.554500 8.284400 0.000000
v 1.554500 8.284700 -0.003043
v 1.554500 8.285587 -0.005970
v 1.554500 8.287029 -0.008667
v 1.554500 8.288969 -0.011031
v 1.554500 8.291333 -0.012971
v 1.554500 8.294030 -0.014413
v 1.554500 8.296957 -0.015300
v 1.554500 8.300000 -0.015600
v 1.554500 8.303043 -0.015300
v 1.554500 8.305970 -0.014413
v 1.554500 8.308667 -0.012971
v 1.554500 8.311031 -0.011031
v 1.554500 8.312971 -0.008667
v 1.554500 8.314413 -0.005970
v 1.554500 8.315300 -0.003043
v 1.560580 8.352000 0.000000
v 1.560580 8.351001 0.010145
v 1.586420 8.331621 0.006290
v 1.586420 8.332240 0.000000
v 1.560580 8.348042 0.019900
v 1.586420 8.329786 0.012338
v 1.560580 8.343236 0.028890
v 1.586420 8.326807 0.017912
v 1.560580 8.336770 0.036770
v 1.586420 8.322797 0.022797
v 1.560580 8.328890 0.043236
v 1.586420 8.317912 0.026807
v 1.560580 8.319900 0.048042
v 1.586420 8.312338 0.029786
v 1.560580 8.310145 0.051001
v 1.586420 8.306290 0.031621
v 1.560580 8.300000 0.052000
v 1.586420 8.300000 0.032240
v 1.560580 8.289855 0.051001
v 1.586420 8.293710 0.031621
v 1.560580 8.280100 0.048042
v 1.586420 8.287662 0.029786
v 1.560580 8.271110 0.043236
v 1.586420 8.282088 0.026807
v 1.560580 8.263230 0.036770
v 1.586420 8.277203 0.022797
v 1.560580 8.256764 0.028890
v 1.586420 8.273193 0.017912
v 1.560580 8.251958 0.019900
v 1.586420 8.270214 0.012338
v 1.560580 8.248999 0.010145
v 1.586420 8.268379 0.006290
v 1.560580 8.248000 0.000000
v 1.586420 8.267760 0.000000
v 1.560580 8.248999 -0.010145
v 1.586420 8.268379 -0.006290
v 1.560580 8.251958 -0.019900
v 1.586420 8.270214 -0.012338
v 1.560580 8.256764 -0.028890
v 1.586420 8.273193 -0.017912
v 1.560580 8.263230 -0.036770
v 1.586420 8.277203 -0.022797
v 1.560580 8.271110 -0.043236
v 1.586420 8.282088 -0.026807
v 1.560580 8.280100 -0.048042
v 1.586420 8.287662 -0.029786
v 1.560580 8.289855 -0.051001
v 1.586420 8.293710 -0.031621
v 1.560580 8.300000 -0.052000
v 1.586420 8.300000 -0.032240
v 1.560580 8.310145 -0.051001
v 1.586420 8.306290 -0.031621
v 1.560580 8.319900 -0.048042
v 1.586420 8.312338 -0.029786
v 1.560580 8.328890 -0.043236
v 1.586420 8.317912 -0.026807
v 1.560580 8.336770 -0.036770
v 1.586420 8.322797 -0.022797
v 1.560580 8.343236 -0.028890
v 1.586420 8.326807 -0.017912
v 1.560580 8.348042 -0.019900
v 1.586420 8.329786 -0.012338
v 1.560580 8.351001 -0.010145
v 1.586420 8.331621 -0.006290
v 1.592500 8.315300 0.003043
v 1.592500 8.315600 0.000000
v 1.592500 8.314413 0.005970
v 1.592500 8.312971 0.008667
v 1.592500 8.311031 0.011031
v 1.592500 8.308667 0.012971
v 1.592500 8.305970 0.014413
v 1.592500 8.303043 0.015300
v 1.592500 8.300000 0.015600
v 1.592500 8.296957 0.015300
v 1.592500 8.294030 0.014413
v 1.592500 8.291333 0.012971
v 1.592500 8.288969 0.011031
v 1.592500 8.287029 0.008667
v 1.592500 8.285587 0.005970
v 1.592500 8.284700 0.003043
v 1.592500 8.284400 0.000000
v 1.592500 8.284700 -0.003043
v 1.592500 8.285587 -0.005970
v 1.592500 8.287029 -0.008667
v 1.592500 8.288969 -0.011031
v 1.592500 8.291333 -0.012971
v 1.592500 8.294030 -0.014413
v 1.592500 8.296957 -0.015300
v 1.592500 8.300000 -0.015600
v 1.592500 8.303043 -0.015300
v 1.592500 8.305970 -0.014413
v 1.592500 8.308667 -0.012971
v 1.592500 8.311031 -0.011031
v 1.592500 8.312971 -0.008667
v 1.592500 8.314413 -0.005970
v 1.592500 8.315300 -0.003043
v 1.598580 8.352000 0.000000
v 1.598580 8.351001 0.010145
v 1.624420 8.331621 0.006290
v 1.624420 8.332240 0.000000
v 1.598580 8.348042 0.019900
v 1.624420 8.329786 0.012338
v 1.598580 8.343236 0.028890
v 1.624420 8.326807 0.017912
v 1.598580 8.336770 0.036770
v 1.624420 8.322797 0.022797
v 1.598580 8.328890 0.043236
v 1.624420 8.317912 0.026807
v 1.598580 8.319900 0.048042
v 1.624420 8.312338 0.029786
v 1.598580 8.310145 0.051001
v 1.624420 8.306290 0.031621
v 1.598580 8.300000 0.052000
v 1.624420 8.300000 0.032240
v 1.598580 8.289855 0.051001
v 1.624420 8.293710 0.031621
v 1.598580 8.280100 0.048042
v 1.624420 8.287662 0.029786
v 1.598580 8.271110 0.043236
v 1.624420 8.282088 0.026807
v 1.598580 8.263230 0.036770
v 1.624420 8.277203 0.022797
v 1.598580 8.256764 0.028890
v 1.624420 8.273193 0.017912
v 1.598580 8.251958 0.019900
v 1.624420 8.270214 0.012338
v 1.598580 8.248999 0.010145
v 1.624420 8.268379 0.006290
v 1.598580 8.248000 0.000000
v 1.624420 8.267760 0.000000
v 1.598580 8.248999 -0.010145
v 1.624420 8.268379 -0.006290
v 1.598580 8.251958 -0.019900
v 1.624420 8.270214 -0.012338
v 1.598580 8.256764 -0.028890
v 1.624420 8.273193 -0.017912
v 1.598580 8.263230 -0.036770
v 1.624420 8.277203 -0.022797
v 1.598580 8.271110 -0.043236
v 1.624420 8.282088 -0.026807
v 1.598580 8.280100 -0.048042
v 1.624420 8.287662 -0.029786
v 1.598580 8.289855 -0.051001
v 1.624420 8.293710 -0.031621
v 1.598580 8.300000 -0.052000
v 1.624420 8.300000 -0.032240
v 1.598580 8.310145 -0.051001
v 1.624420 8.306290 -0.031621
v 1.598580 8.319900 -0.048042
v 1.624420 8.312338 -0.029786
v 1.598580 8.328890 -0.043236
v 1.624420 8.317912 -0.026807
v 1.598580 8.336770 -0.036770
v 1.624420 8.322797 -0.022797
v 1.598580 8.343236 -0.028890
v 1.624420 8.326807 -0.017912
v 1.598580 8.348042 -0.019900
v 1.624420 8.329786 -0.012338
v 1.598580 8.351001 -0.010145
v 1.624420 8.331621 -0.006290
v 1.630500 8.315300 0.003043
v 1.630500 8.315600 0.000000
v 1.630500 8.314413 0.005970
v 1.630500 8.312971 0.008667
v 1.630500 8.311031 0.011031
v 1.630500 8.308667 0.012971
v 1.630500 8.305970 0.014413
v 1.630500 8.303043 0.015300
v 1.630500 8.300000 0.015600
v 1.630500 8.296957 0.015300
v 1.630500 8.294030 0.014413
v 1.630500 8.291333 0.012971
v 1.630500 8.288969 0.011031
v 1.630500 8.287029 0.008667
v 1.630500 8.285587 0.005970
v 1.630500 8.284700 0.003043
v 1.630500 8.284400 0.000000
v 1.630500 8.284700 -0.003043
v 1.630500 8.285587 -0.005970
v 1.630500 8.287029 -0.008667
v 1.630500 8.288969 -0.011031
v 1.630500 8.291333 -0.012971
v 1.630500 8.294030 -0.014413
v 1.630500 8.296957 -0.015300
v 1.630500 8.300000 -0.015600
v 1.630500 8.303043 -0.015300
v 1.630500 8.305970 -0.014413
v 1.630500 8.308667 -0.012971
v 1.630500 8.311031 -0.011031
v 1.630500 8.312971 -0.008667
v 1.630500 8.314413 -0.005970
v 1.630500 8.315300 -0.003043
v 1.636580 8.352000 0.000000
v 1.636580 8.351001 0.010145
v 1.662420 8.331621 0.006290
v 1.662420 8.332240 0.000000
v 1.636580 8.348042 0.019900
v 1.662420 8.329786 0.012338
v 1.636580 8.343236 0.028890
v 1.662420 8.326807 0.017912
v 1.636580 8.336770 0.036770
v 1.662420 8.322797 0.022797
v 1.636580 8.328890 0.043236
v 1.662420 8.317912 0.026807
v 1.636580 8.319900 0.048042
v 1.662420 8.312338 0.029786
v 1.636580 8.310145 0.051001
v 1.662420 8.306290 0.031621
v 1.636580 8.300000 0.052000
v 1.662420 8.300000 0.032240
v 1.636580 8.289855 0.051001
v 1.662420 8.293710 0.031621
v 1.636580 8.280100 0.048042
v 1.662420 8.287662 0.029786
v 1.636580 8.271110 0.043236
v 1.662420 8.282088 0.026807
v 1.636580 8.263230 0.036770
v 1.662420 8.277203 0.022797
v 1.636580 8.256764 0.028890
v 1.662420 8.273193 0.017912
v 1.636580 8.251958 0.019900
v 1.662420 8.270214 0.012338
v 1.636580 8.248999 0.010145
v 1.662420 8.268379 0.006290
v 1.636580 8.248000 0.000000
v 1.662420 8.267760 0.000000
v 1.636580 8.248999 -0.010145
v 1.662420 8.268379 -0.006290
v 1.636580 8.251958 -0.019900
v 1.662420 8.270214 -0.012338
v 1.636580 8.256764 -0.028890
v 1.662420 8.273193 -0.017912
v 1.636580 8.263230 -0.036770
v 1.662420 8.277203 -0.022797
v 1.636580 8.271110 -0.043236
v 1.662420 8.282088 -0.026807
v 1.636580 8.280100 -0.048042
v 1.662420 8.287662 -0.029786
v 1.636580 8.289855 -0.051001
v 1.662420 8.293710 -0.031621
v 1.636580 8.300000 -0.052000
v 1.662420 8.300000 -0.032240
v 1.636580 8.310145 -0.051001
v 1.662420 8.306290 -0.031621
v 1.636580 8.319900 -0.048042
v 1.662420 8.312338 -0.029786
v 1.636580 8.328890 -0.043236
v 1.662420 8.317912 -0.026807
v 1.636580 8.336770 -0.036770
v 1.662420 8.322797 -0.022797
v 1.636580 8.343236 -0.028890
v 1.662420 8.326807 -0.017912
v 1.636580 8.348042 -0.019900
v 1.662420 8.329786 -0.012338
v 1.636580 8.351001 -0.010145
v 1.662420 8.331621 -0.006290
v 1.668500 8.315300 0.003043
v 1.668500 8.315600 0.000000
v 1.668500 8.314413 0.005970
v 1.668500 8.312971 0.008667
v 1.668500 8.311031 0.011031
v 1.668500 8.308667 0.012971
v 1.668500 8.305970 0.014413
v 1.668500 8.303043 0.015300
v 1.668500 8.300000 0.015600
v 1.668500 8.296957 0.015300
v 1.668500 8.294030 0.014413
v 1.668500 8.291333 0.012971
v 1.668500 8.288969 0.011031
v 1.668500 8.287029 0.008667
v 1.668500 8.285587 0.005970
v 1.668500 8.284700 0.003043
v 1.668500 8.284400 0.000000
v 1.668500 8.284700 -0.003043
v 1.668500 8.285587 -0.005970
v 1.668500 8.287029 -0.008667
v 1.668500 8.288969 -0.011031
v 1.668500 8.291333 -0.012971
v 1.668500 8.294030 -0.014413
v 1.668500 8.296957 -0.015300
v 1.668500 8.300000 -0.015600
v 1.668500 8.303043 -0.015300
v 1.668500 8.305970 -0.014413
v 1.668500 8.308667 -0.012971
v 1.668500 8.311031 -0.011031
v 1.668500 8.312971 -0.008667
v 1.668500 8.314413 -0.005970
v 1.668500 8.315300 -0.003043
v 1.674580 8.352000 0.000000
v 1.674580 8.351001 0.010145
v 1.700420 8.331621 0.006290
v 1.700420 8.332240 0.000000
v 1.674580 8.348042 0.019900
v 1.700420 8.329786 0.012338
v 1.674580 8.343236 0.028890
v 1.700420 8.326807 0.017912
v 1.674580 8.336770 0.036770
v 1.700420 8.322797 0.022797
v 1.674580 8.328890 0.043236
v 1.700420 8.317912 0.026807
v 1.674580 8.319900 0.048042
v 1.700420 8.312338 0.029786
v 1.674580 8.310145 0.051001
v 1.700420 8.306290 0.031621
v 1.674580 8.300000 0.052000
v 1.700420 8.300000 0.032240
v 1.674580 8.289855 0.051001
v 1.700420 8.293710 0.031621
v 1.674580 8.280100 0.048042
v 1.700420 8.287662 0.029786
v 1.674580 8.271110 0.043236
v 1.700420 8.282088 0.026807
v 1.674580 8.263230 0.036770
v 1.700420 8.277203 0.022797
v 1.674580 8.256764 0.028890
v 1.700420 8.273193 0.017912
v 1.674580 8.251958 0.019900
v 1.700420 8.270214 0.012338
v 1.674580 8.248999 0.010145
v 1.700420 8.268379 0.006290
v 1.674580 8.248000 0.000000
v 1.700420 8.267760 0.000000
v 1.674580 8.248999 -0.010145
v 1.700420 8.268379 -0.006290
v 1.674580 8.251958 -0.019900
v 1.700420 8.270214 -0.012338
v 1.674580 8.256764 -0.028890
v 1.700420 8.273193 -0.017912
v 1.674580 8.263230 -0.036770
v 1.700420 8.277203 -0.022797
v 1.674580 8.271110 -0.043236
v 1.700420 8.282088 -0.026807
v 1.674580 8.280100 -0.048042
v 1.700420 8.287662 -0.029786
v 1.674580 8.289855 -0.051001
v 1.700420 8.293710 -0.031621
v 1.674580 8.300000 -0.052000
v 1.700420 8.300000 -0.032240
v 1.674580 8.310145 -0.051001
v 1.700420 8.306290 -0.031621
v 1.674580 8.319900 -0.048042
v 1.700420 8.312338 -0.029786
v 1.674580 8.328890 -0.043236
v 1.700420 8.317912 -0.026807
v 1.674580 8.336770 -0.036770
v 1.700420 8.322797 -0.022797
v 1.674580 8.343236 -0.028890
v 1.700420 8.326807 -0.017912
v 1.674580 8.348042 -0.019900
v 1.700420 8.329786 -0.012338
v 1.674580 8.351001 -0.010145
v 1.700420 8.331621 -0.006290
v 1.706500 8.315300 0.003043
v 1.706500 8.315600 0.000000
v 1.706500 8.314413 0.005970
v 1.706500 8.312971 0.008667
v 1.706500 8.311031 0.011031
v 1.706500 8.308667 0.012971
v 1.706500 8.305970 0.014413
v 1.706500 8.303043 0.015300
v 1.706500 8.300000 0.015600
v 1.706500 8.296957 0.015300
v 1.706500 8.294030 0.014413
v 1.706500 8.291333 0.012971
v 1.706500 8.288969 0.011031
v 1.706500 8.287029 0.008667
v 1.706500 8.285587 0.005970
v 1.706500 8.284700 0.003043
v 1.706500 8.284400 0.000000
v 1.706500 8.284700 -0.003043
v 1.706500 8.285587 -0.005970
v 1.706500 8.287029 -0.008667
v 1.706500 8.288969 -0.011031
v 1.706500 8.291333 -0.012971
v 1.706500 8.294030 -0.014413
v 1.706500 8.296957 -0.015300
v 1.706500 8.300000 -0.015600
v 1.706500 8.303043 -0.015300
v 1.706500 8.305970 -0.014413
v 1.706500 8.308667 -0.012971
v 1.706500 8.311031 -0.011031
v 1.706500 8.312971 -0.008667
v 1.706500 8.314413 -0.005970
v 1.706500 8.315300 -0.003043
v 1.712580 8.352000 0.000000
v 1.712580 8.351001 0.010145
v 1.738420 8.331621 0.006290
v 1.738420 8.332240 0.000000
v 1.712580 8.348042 0.019900
v 1.738420 8.329786 0.012338
v 1.712580 8.343236 0.028890
v 1.738420 8.326807 0.017912
v 1.712580 8.336770 0.036770
v 1.738420 8.322797 0.022797
v 1.712580 8.328890 0.043236
v 1.738420 8.317912 0.026807
v 1.712580 8.319900 0.048042
v 1.738420 8.312338 0.029786
v 1.712580 8.310145 0.051001
v 1.738420 8.306290 0.031621
v 1.712580 8.300000 0.052000
v 1.738420 8.300000 0.032240
v 1.712580 8.289855 0.051001
v 1.738420 8.293710 0.031621
v 1.712580 8.280100 0.048042
v 1.738420 8.287662 0.029786
v 1.712580 8.271110 0.043236
v 1.738420 8.282088 0.026807
v 1.712580 8.263230 0.036770
v 1.738420 8.277203 0.022797
v 1.712580 8.256764 0.028890
v 1.738420 8.273193 0.017912
v 1.712580 8.251958 0.019900
v 1.738420 8.270214 0.012338
v 1.712580 8.248999 0.010145
v 1.738420 8.268379 0.006290
v 1.712580 8.248000 0.000000
v 1.738420 8.267760 0.000000
v 1.712580 8.248999 -0.010145
v 1.738420 8.268379 -0.006290
v 1.712580 8.251958 -0.019900
v 1.738420 8.270214 -0.012338
v 1.712580 8.256764 -0.028890
v 1.738420 8.273193 -0.017912
v 1.712580 8.263230 -0.036770
v 1.738420 8.277203 -0.022797
v 1.712580 8.271110 -0.043236
v 1.738420 8.282088 -0.026807
v 1.712580 8.280100 -0.048042
v 1.738420 8.287662 -0.029786
v 1.712580 8.289855 -0.051001
v 1.738420 8.293710 -0.031621
v 1.712580 8.300000 -0.052000
v 1.738420 8.300000 -0.032240
v 1.712580 8.310145 -0.051001
v 1.738420 8.306290 -0.031621
v 1.712580 8.319900 -0.048042
v 1.738420 8.312338 -0.029786
v 1.712580 8.328890 -0.043236
v 1.738420 8.317912 -0.026807
v 1.712580 8.336770 -0.036770
v 1.738420 8.322797 -0.022797
v 1.712580 8.343236 -0.028890
v 1.738420 8.326807 -0.017912
v 1.712580 8.348042 -0.019900
v 1.738420 8.329786 -0.012338
v 1.712580 8.351001 -0.010145
v 1.738420 8.331621 -0.006290
v 1.744500 8.315300 0.003043
v 1.744500 8.315600 0.000000
v 1.744500 8.314413 0.005970
v 1.744500 8.312971 0.008667
v 1.744500 8.311031 0.011031
v 1.744500 8.308667 0.012971
v 1.744500 8.305970 0.014413
v 1.744500 8.303043 0.015300
v 1.744500 8.300000 0.015600
v 1.744500 8.296957 0.015300
v 1.744500 8.294030 0.014413
v 1.744500 8.291333 0.012971
v 1.744500 8.288969 0.011031
v 1.744500 8.287029 0.008667
v 1.744500 8.285587 0.005970
v 1.744500 8.284700 0.003043
v 1.744500 8.284400 0.000000
v 1.744500 8.284700 -0.003043
v 1.744500 8.285587 -0.005970
v 1.744500 8.287029 -0.008667
v 1.744500 8.288969 -0.011031
v 1.744500 8.291333 -0.012971
v 1.744500 8.294030 -0.014413
v 1.744500 8.296957 -0.015300
v 1.744500 8.300000 -0.015600
v 1.744500 8.303043 -0.015300
v 1.744500 8.305970 -0.014413
v 1.744500 8.308667 -0.012971
v 1.744500 8.311031 -0.011031
v 1.744500 8.312971 -0.008667
v 1.744500 8.314413 -0.005970
v 1.744500 8.315300 -0.003043
v 1.750580 8.352000 0.000000
v 1.750580 8.351001 0.010145
v 1.776420 8.331621 0.006290
v 1.776420 8.332240 0.000000
v 1.750580 8.348042 0.019900
v 1.776420 8.329786 0.012338
v 1.750580 8.343236 0.028890
v 1.776420 8.326807 0.017912
v 1.750580 8.336770 0.036770
v 1.776420 8.322797 0.022797
v 1.750580 8.328890 0.043236
v 1.776420 8.317912 0.026807
v 1.750580 8.319900 0.048042
v 1.776420 8.312338 0.029786
v 1.750580 8.310145 0.051001
v 1.776420 8.306290 0.031621
v 1.750580 8.300000 0.052000
v 1.776420 8.300000 0.032240
v 1.750580 8.289855 0.051001
v 1.776420 8.293710 0.031621
v 1.750580 8.280100 0.048042
v 1.776420 8.287662 0.029786
v 1.750580 8.271110 0.043236
v 1.776420 8.282088 0.026807
v 1.750580 8.263230 0.036770
v 1.776420 8.277203 0.022797
v 1.750580 8.256764 0.028890
v 1.776420 8.273193 0.017912
v 1.750580 8.251958 0.019900
v 1.776420 8.270214 0.012338
v 1.750580 8.248999 0.010145
v 1.776420 8.268379 0.006290
v 1.750580 8.248000 0.000000
v 1.776420 8.267760 0.000000
v 1.750580 8.248999 -0.010145
v 1.776420 8.268379 -0.006290
v 1.750580 8.251958 -0.019900
v 1.776420 8.270214 -0.012338
v 1.750580 8.256764 -0.028890
v 1.776420 8.273193 -0.017912
v 1.750580 8.263230 -0.036770
v 1.776420 8.277203 -0.022797
v 1.750580 8.271110 -0.043236
v 1.776420 8.282088 -0.026807
v 1.750580 8.280100 -0.048042
v 1.776420 8.287662 -0.029786
v 1.750580 8.289855 -0.051001
v 1.776420 8.293710 -0.031621
v 1.750580 8.300000 -0.052000
v 1.776420 8.300000 -0.032240
v 1.750580 8.310145 -0.051001
v 1.776420 8.306290 -0.031621
v 1.750580 8.319900 -0.048042
v 1.776420 8.312338 -0.029786
v 1.750580 8.328890 -0.043236
v 1.776420 8.317912 -0.026807
v 1.750580 8.336770 -0.036770
v 1.776420 8.322797 -0.022797
v 1.750580 8.343236 -0.028890
v 1.776420 8.326807 -0.017912
v 1.750580 8.348042 -0.019900
v 1.776420 8.329786 -0.012338
v 1.750580 8.351001 -0.010145
v 1.776420 8.331621 -0.006290
v 1.782500 8.315300 0.003043
v 1.782500 8.315600 0.000000
v 1.782500 8.314413 0.005970
v 1.782500 8.312971 0.008667
v 1.782500 8.311031 0.011031
v 1.782500 8.308667 0.012971
v 1.782500 8.305970 0.014413
v 1.782500 8.303043 0.015300
v 1.782500 8.300000 0.015600
v 1.782500 8.296957 0.015300
v 1.782500 8.294030 0.014413
v 1.782500 8.291333 0.012971
v 1.782500 8.288969 0.011031
v 1.782500 8.287029 0.008667
v 1.782500 8.285587 0.005970
v 1.782500 8.284700 0.003043
v 1.782500 8.284400 0.000000
v 1.782500 8.284700 -0.003043
v 1.782500 8.285587 -0.005970
v 1.782500 8.287029 -0.008667
v 1.782500 8.288969 -0.011031
v 1.782500 8.291333 -0.012971
v 1.782500 8.294030 -0.014413
v 1.782500 8.296957 -0.015300
v 1.782500 8.300000 -0.015600
v 1.782500 8.303043 -0.015300
v 1.782500 8.305970 -0.014413
v 1.782500 8.308667 -0.012971
v 1.782500 8.311031 -0.011031
v 1.782500 8.312971 -0.008667
v 1.782500 8.314413 -0.005970
v 1.782500 8.315300 -0.003043
v 1.788580 8.352000 0.000000
v 1.788580 8.351001 0.010145
v 1.814420 8.331621 0.006290
v 1.814420 8.332240 0.000000
v 1.788580 8.348042 0.019900
v 1.814420 8.329786 0.012338
v 1.788580 8.343236 0.028890
v 1.814420 8.326807 0.017912
v 1.788580 8.336770 0.036770
v 1.814420 8.322797 0.022797
v 1.788580 8.328890 0.043236
v 1.814420 8.317912 0.026807
v 1.788580 8.319900 0.048042
v 1.814420 8.312338 0.029786
v 1.788580 8.310145 0.051001
v 1.814420 8.306290 0.031621
v 1.788580 8.300000 0.052000
v 1.814420 8.300000 0.032240
v 1.788580 8.289855 0.051001
v 1.814420 8.293710 0.031621
v 1.788580 8.280100 0.048042
v 1.814420 8.287662 0.029786
v 1.788580 8.271110 0.043236
v 1.814420 8.282088 0.026807
v 1.788580 8.263230 0.036770
v 1.814420 8.277203 0.022797
v 1.788580 8.256764 0.028890
v 1.814420 8.273193 0.017912
v 1.788580 8.251958 0.019900
v 1.814420 8.270214 0.012338
v 1.788580 8.248999 0.010145
v 1.814420 8.268379 0.006290
v 1.788580 8.248000 0.000000
v 1.814420 8.267760 0.000000
v 1.788580 8.248999 -0.010145
v 1.814420 8.268379 -0.006290
v 1.788580 8.251958 -0.019900
v 1.814420 8.270214 -0.012338
v 1.788580 8.256764 -0.028890
v 1.814420 8.273193 -0.017912
v 1.788580 8.263230 -0.036770
v 1.814420 8.277203 -0.022797
v 1.788580 8.271110 -0.043236
v 1.814420 8.282088 -0.026807
v 1.788580 8.280100 -0.048042
v 1.814420 8.287662 -0.029786
v 1.788580 8.289855 -0.051001
v 1.814420 8.293710 -0.031621
v 1.788580 8.300000 -0.052000
v 1.814420 8.300000 -0.032240
v 1.788580 8.310145 -0.051001
v 1.814420 8.306290 -0.031621
v 1.788580 8.319900 -0.048042
v 1.814420 8.312338 -0.029786
v 1.788580 8.328890 -0.043236
v 1.814420 8.317912 -0.026807
v 1.788580 8.336770 -0.036770
v 1.814420 8.322797 -0.022797
v 1.788580 8.343236 -0.028890
v 1.814420 8.326807 -0.017912
v 1.788580 8.348042 -0.019900
v 1.814420 8.329786 -0.012338
v 1.788580 8.351001 -0.010145
v 1.814420 8.331621 -0.006290
v 1.820500 8.315300 0.003043
v 1.820500 8.315600 0.000000
v 1.820500 8.314413 0.005970
v 1.820500 8.312971 0.008667
v 1.820500 8.311031 0.011031
v 1.820500 8.308667 0.012971
v 1.820500 8.305970 0.014413
v 1.820500 8.303043 0.015300
v 1.820500 8.300000 0.015600
v 1.820500 8.296957 0.015300
v 1.820500 8.294030 0.014413
v 1.820500 8.291333 0.012971
v 1.820500 8.288969 0.011031
v 1.820500 8.287029 0.008667
v 1.820500 8.285587 0.005970
v 1.820500 8.284700 0.003043
v 1.820500 8.284400 0.000000
v 1.820500 8.284700 -0.003043
v 1.820500 8.285587 -0.005970
v 1.820500 8.287029 -0.008667
v 1.820500 8.288969 -0.011031
v 1.820500 8.291333 -0.012971
v 1.820500 8.294030 -0.014413
v 1.820500 8.296957 -0.015300
v 1.820500 8.300000 -0.015600
v 1.820500 8.303043 -0.015300
v 1.820500 8.305970 -0.014413
v 1.820500 8.308667 -0.012971
v 1.820500 8.311031 -0.011031
v 1.820500 8.312971 -0.008667
v 1.820500 8.314413 -0.005970
v 1.820500 8.315300 -0.003043
v 1.826580 8.352000 0.000000
v 1.826580 8.351001 0.010145
v 1.852420 8.331621 0.006290
v 1.852420 8.332240 0.000000
v 1.826580 8.348042 0.019900
v 1.852420 8.329786 0.012338
v 1.826580 8.343236 0.028890
v 1.852420 8.326807 0.017912
v 1.826580 8.336770 0.036770
v 1.852420 8.322797 0.022797
v 1.826580 8.328890 0.043236
v 1.852420 8.317912 0.026807
v 1.826580 8.319900 0.048042
v 1.852420 8.312338 0.029786
v 1.826580 8.310145 0.051001
v 1.852420 8.306290 0.031621
v 1.826580 8.300000 0.052000
v 1.852420 8.300000 0.032240
v 1.826580 8.289855 0.051001
v 1.852420 8.293710 0.031621
v 1.826580 8.280100 0.048042
v 1.852420 8.287662 0.029786
v 1.826580 8.271110 0.043236
v 1.852420 8.282088 0.026807
v 1.826580 8.263230 0.036770
v 1.852420 8.277203 0.022797
v 1.826580 8.256764 0.028890
v 1.852420 8.273193 0.017912
v 1.826580 8.251958 0.019900
v 1.852420 8.270214 0.012338
v 1.826580 8.248999 0.010145
v 1.852420 8.268379 0.006290
v 1.826580 8.248000 0.000000
v 1.852420 8.267760 0.000000
v 1.826580 8.248999 -0.010145
v 1.852420 8.268379 -0.006290
v 1.826580 8.251958 -0.019900
v 1.852420 8.270214 -0.012338
v 1.826580 8.256764 -0.028890
v 1.852420 8.273193 -0.017912
v 1.826580 8.263230 -0.036770
v 1.852420 8.277203 -0.022797
v 1.826580 8.271110 -0.043236
v 1.852420 8.282088 -0.026807
v 1.826580 8.280100 -0.048042
v 1.852420 8.287662 -0.029786
v 1.826580 8.289855 -0.051001
v 1.852420 8.293710 -0.031621
v 1.826580 8.300000 -0.052000
v 1.852420 8.300000 -0.032240
v 1.826580 8.310145 -0.051001
v 1.852420 8.306290 -0.031621
v 1.826580 8.319900 -0.048042
v 1.852420 8.312338 -0.029786
v 1.826580 8.328890 -0.043236
v 1.852420 8.317912 -0.026807
v 1.826580 8.336770 -0.036770
v 1.852420 8.322797 -0.022797
v 1.826580 8.343236 -0.028890
v 1.852420 8.326807 -0.017912
v 1.826580 8.348042 -0.019900
v 1.852420 8.329786 -0.012338
v 1.826580 8.351001 -0.010145
v 1.852420 8.331621 -0.006290
v 1.858500 8.315300 0.003043
v 1.858500 8.315600 0.000000
v 1.858500 8.314413 0.005970
v 1.858500 8.312971 0.008667
v 1.858500 8.311031 0.011031
v 1.858500 8.308667 0.012971
v 1.858500 8.305970 0.014413
v 1.858500 8.303043 0.015300
v 1.858500 8.300000 0.015600
v 1.858500 8.296957 0.015300
v 1.858500 8.294030 0.014413
v 1.858500 8.291333 0.012971
v 1.858500 8.288969 0.011031
v 1.858500 8.287029 0.008667
v 1.858500 8.285587 0.005970
v 1.858500 8.284700 0.003043
v 1.858500 8.284400 0.000000
v 1.858500 8.284700 -0.003043
v 1.858500 8.285587 -0.005970
v 1.858500 8.287029 -0.008667
v 1.858500 8.288969 -0.011031
v 1.858500 8.291333 -0.012971
v 1.858500 8.294030 -0.014413
v 1.858500 8.296957 -0.015300
v 1.858500 8.300000 -0.015600
v 1.858500 8.303043 -0.015300
v 1.858500 8.305970 -0.014413
v 1.858500 8.308667 -0.012971
v 1.858500 8.311031 -0.011031
v 1.858500 8.312971 -0.008667
v 1.858500 8.314413 -0.005970
v 1.858500 8.315300 -0.003043
v 1.864580 8.352000 0.000000
v 1.864580 8.351001 0.010145
v 1.890420 8.331621 0.006290
v 1.890420 8.332240 0.000000
v 1.864580 8.348042 0.019900
v 1.890420 8.329786 0.012338
v 1.864580 8.343236 0.028890
v 1.890420 8.326807 0.017912
v 1.864580 8.336770 0.036770
v 1.890420 8.322797 0.022797
v 1.864580 8.328890 0.043236
v 1.890420 8.317912 0.026807
v 1.864580 8.319900 0.048042
v 1.890420 8.312338 0.029786
v 1.864580 8.310145 0.051001
v 1.890420 8.306290 0.031621
v 1.864580 8.300000 0.052000
v 1.890420 8.300000 0.032240
v 1.864580 8.289855 0.051001
v 1.890420 8.293710 0.031621
v 1.864580 8.280100 0.048042
v 1.890420 8.287662 0.029786
v 1.864580 8.271110 0.043236
v 1.890420 8.282088 0.026807
v 1.864580 8.263230 0.036770
v 1.890420 8.277203 0.022797
v 1.864580 8.256764 0.028890
v 1.890420 8.273193 0.017912
v 1.864580 8.251958 0.019900
v 1.890420 8.270214 0.012338
v 1.864580 8.248999 0.010145
v 1.890420 8.268379 0.006290
v 1.864580 8.248000 0.000000
v 1.890420 8.267760 0.000000
v 1.864580 8.248999 -0.010145
v 1.890420 8.268379 -0.006290
v 1.864580 8.251958 -0.019900
v 1.890420 8.270214 -0.012338
v 1.864580 8.256764 -0.028890
v 1.890420 8.273193 -0.017912
v 1.864580 8.263230 -0.036770
v 1.890420 8.277203 -0.022797
v 1.864580 8.271110 -0.043236
v 1.890420 8.282088 -0.026807
v 1.864580 8.280100 -0.048042
v 1.890420 8.287662 -0.029786
v 1.864580 8.289855 -0.051001
v 1.890420 8.293710 -0.031621
v 1.864580 8.300000 -0.052000
v 1.890420 8.300000 -0.032240
v 1.864580 8.310145 -0.051001
v 1.890420 8.306290 -0.031621
v 1.864580 8.319900 -0.048042
v 1.890420 8.312338 -0.029786
v 1.864580 8.328890 -0.043236
v 1.890420 8.317912 -0.026807
v 1.864580 8.336770 -0.036770
v 1.890420 8.322797 -0.022797
v 1.864580 8.343236 -0.028890
v 1.890420 8.326807 -0.017912
v 1.864580 8.348042 -0.019900
v 1.890420 8.329786 -0.012338
v 1.864580 8.351001 -0.010145
v 1.890420 8.331621 -0.006290
v 1.896500 8.315300 0.003043
v 1.896500 8.315600 0.000000
v 1.896500 8.314413 0.005970
v 1.896500 8.312971 0.008667
v 1.896500 8.311031 0.011031
v 1.896500 8.308667 0.012971
v 1.896500 8.305970 0.014413
v 1.896500 8.303043 0.015300
v 1.896500 8.300000 0.015600
v 1.896500 8.296957 0.015300
v 1.896500 8.294030 0.014413
v 1.896500 8.291333 0.012971
v 1.896500 8.288969 0.011031
v 1.896500 8.287029 0.008667
v 1.896500 8.285587 0.005970
v 1.896500 8.284700 0.003043
v 1.896500 8.284400 0.000000
v 1.896500 8.284700 -0.003043
v 1.896500 8.285587 -0.005970
v 1.896500 8.287029 -0.008667
v 1.896500 8.288969 -0.011031
v 1.896500 8.291333 -0.012971
v 1.896500 8.294030 -0.014413
v 1.896500 8.296957 -0.015300
v 1.896500 8.300000 -0.015600
v 1.896500 8.303043 -0.015300
v 1.896500 8.305970 -0.014413
v 1.896500 8.308667 -0.012971
v 1.896500 8.311031 -0.011031
v 1.896500 8.312971 -0.008667
v 1.896500 8.314413 -0.005970
v 1.896500 8.315300 -0.003043
v 1.902580 8.352000 0.000000
v 1.902580 8.351001 0.010145
v 1.928420 8.331621 0.006290
v 1.928420 8.332240 0.000000
v 1.902580 8.348042 0.019900
v 1.928420 8.329786 0.012338
v 1.902580 8.343236 0.028890
v 1.928420 8.326807 0.017912
v 1.902580 8.336770 0.036770
v 1.928420 8.322797 0.022797
v 1.902580 8.328890 0.043236
v 1.928420 8.317912 0.026807
v 1.902580 8.319900 0.048042
v 1.928420 8.312338 0.029786
v 1.902580 8.310145 0.051001
v 1.928420 8.306290 0.031621
v 1.902580 8.300000 0.052000
v 1.928420 8.300000 0.032240
v 1.902580 8.289855 0.051001
v 1.928420 8.293710 0.031621
v 1.902580 8.280100 0.048042
v 1.928420 8.287662 0.029786
v 1.902580 8.271110 0.043236
v 1.928420 8.282088 0.026807
v 1.902580 8.263230 0.036770
v 1.928420 8.277203 0.022797
v 1.902580 8.256764 0.028890
v 1.928420 8.273193 0.017912
v 1.902580 8.251958 0.019900
v 1.928420 8.270214 0.012338
v 1.902580 8.248999 0.010145
v 1.928420 8.268379 0.006290
v 1.902580 8.248000 0.000000
v 1.928420 8.267760 0.000000
v 1.902580 8.248999 -0.010145
v 1.928420 8.268379 -0.006290
v 1.902580 8.251958 -0.019900
v 1.928420 8.270214 -0.012338
v 1.902580 8.256764 -0.028890
v 1.928420 8.273193 -0.017912
v 1.902580 8.263230 -0.036770
v 1.928420 8.277203 -0.022797
v 1.902580 8.271110 -0.043236
v 1.928420 8.282088 -0.026807
v 1.902580 8.280100 -0.048042
v 1.928420 8.287662 -0.029786
v 1.902580 8.289855 -0.051001
v 1.928420 8.293710 -0.031621
v 1.902580 8.300000 -0.052000
v 1.928420 8.300000 -0.032240
v 1.902580 8.310145 -0.051001
v 1.928420 8.306290 -0.031621
v 1.902580 8.319900 -0.048042
v 1.928420 8.312338 -0.029786
v 1.902580 8.328890 -0.043236
v 1.928420 8.317912 -0.026807
v 1.902580 8.336770 -0.036770
v 1.928420 8.322797 -0.022797
v 1.902580 8.343236 -0.028890
v 1.928420 8.326807 -0.017912
v 1.902580 8.348042 -0.019900
v 1.928420 8.329786 -0.012338
v 1.902580 8.351001 -0.010145
v 1.928420 8.331621 -0.006290
v 1.934500 8.315300 0.003043
v 1.934500 8.315600 0.000000
v 1.934500 8.314413 0.005970
v 1.934500 8.312971 0.008667
v 1.934500 8.311031 0.011031
v 1.934500 8.308667 0.012971
v 1.934500 8.305970 0.014413
v 1.934500 8.303043 0.015300
v 1.934500 8.300000 0.015600
v 1.934500 8.296957 0.015300
v 1.934500 8.294030 0.014413
v 1.934500 8.291333 0.012971
v 1.934500 8.288969 0.011031
v 1.934500 8.287029 0.008667
v 1.934500 8.285587 0.005970
v 1.934500 8.284700 0.003043
v 1.934500 8.284400 0.000000
v 1.934500 8.284700 -0.003043
v 1.934500 8.285587 -0.005970
v 1.934500 8.287029 -0.008667
v 1.934500 8.288969 -0.011031
v 1.934500 8.291333 -0.012971
v 1.934500 8.294030 -0.014413
v 1.934500 8.296957 -0.015300
v 1.934500 8.300000 -0.015600
v 1.934500 8.303043 -0.015300
v 1.934500 8.305970 -0.014413
v 1.934500 8.308667 -0.012971
v 1.934500 8.311031 -0.011031
v 1.934500 8.312971 -0.008667
v 1.934500 8.314413 -0.005970
v 1.934500 8.315300 -0.003043
v 1.940580 8.352000 0.000000
v 1.940580 8.351001 0.010145
v 1.966420 8.331621 0.006290
v 1.966420 8.332240 0.000000
v 1.940580 8.348042 0.019900
v 1.966420 8.329786 0.012338
v 1.940580 8.343236 0.028890
v 1.966420 8.326807 0.017912
v 1.940580 8.336770 0.036770
v 1.966420 8.322797 0.022797
v 1.940580 8.328890 0.043236
v 1.966420 8.317912 0.026807
v 1.940580 8.319900 0.048042
v 1.966420 8.312338 0.029786
v 1.940580 8.310145 0.051001
v 1.966420 8.306290 0.031621
v 1.940580 8.300000 0.052000
v 1.966420 8.300000 0.032240
v 1.940580 8.289855 0.051001
v 1.966420 8.293710 0.031621
v 1.940580 8.280100 0.048042
v 1.966420 8.287662 0.029786
v 1.940580 8.271110 0.043236
v 1.966420 8.282088 0.026807
v 1.940580 8.263230 0.036770
v 1.966420 8.277203 0.022797
v 1.940580 8.256764 0.028890
v 1.966420 8.273193 0.017912
v 1.940580 8.251958 0.019900
v 1.966420 8.270214 0.012338
v 1.940580 8.248999 0.010145
v 1.966420 8.268379 0.006290
v 1.940580 8.248000 0.000000
v 1.966420 8.267760 0.000000
v 1.940580 8.248999 -0.010145
v 1.966420 8.268379 -0.006290
v 1.940580 8.251958 -0.019900
v 1.966420 8.270214 -0.012338
v 1.940580 8.256764 -0.028890
v 1.966420 8.273193 -0.017912
v 1.940580 8.263230 -0.036770
v 1.966420 8.277203 -0.022797
v 1.940580 8.271110 -0.043236
v 1.966420 8.282088 -0.026807
v 1.940580 8.280100 -0.048042
v 1.966420 8.287662 -0.029786
v 1.940580 8.289855 -0.051001
v 1.966420 8.293710 -0.031621
v 1.940580 8.300000 -0.052000
v 1.966420 8.300000 -0.032240
v 1.940580 8.310145 -0.051001
v 1.966420 8.306290 -0.031621
v 1.940580 8.319900 -0.048042
v 1.966420 8.312338 -0.029786
v 1.940580 8.328890 -0.043236
v 1.966420 8.317912 -0.026807
v 1.940580 8.336770 -0.036770
v 1.966420 8.322797 -0.022797
v 1.940580 8.343236 -0.028890
v 1.966420 8.326807 -0.017912
v 1.940580 8.348042 -0.019900
v 1.966420 8.329786 -0.012338
v 1.940580 8.351001 -0.010145
v 1.966420 8.331621 -0.006290
v 1.972500 8.315300 0.003043
v 1.972500 8.315600 0.000000
v 1.972500 8.314413 0.005970
v 1.972500 8.312971 0.008667
v 1.972500 8.311031 0.011031
v 1.972500 8.308667 0.012971
v 1.972500 8.305970 0.014413
v 1.972500 8.303043 0.015300
v 1.972500 8.300000 0.015600
v 1.972500 8.296957 0.015300
v 1.972500 8.294030 0.014413
v 1.972500 8.291333 0.012971
v 1.972500 8.288969 0.011031
v 1.972500 8.287029 0.008667
v 1.972500 8.285587 0.005970
v 1.972500 8.284700 0.003043
v 1.972500 8.284400 0.000000
v 1.972500 8.284700 -0.003043
v 1.972500 8.285587 -0.005970
v 1.972500 8.287029 -0.008667
v 1.972500 8.288969 -0.011031
v 1.972500 8.291333 -0.012971
v 1.972500 8.294030 -0.014413
v 1.972500 8.296957 -0.015300
v 1.972500 8.300000 -0.015600
v 1.972500 8.303043 -0.015300
v 1.972500 8.305970 -0.014413
v 1.972500 8.308667 -0.012971
v 1.972500 8.311031 -0.011031
v 1.972500 8.312971 -0.008667
v 1.972500 8.314413 -0.005970
v 1.972500 8.315300 -0.003043
v 1.978580 8.352000 0.000000
v 1.978580 8.351001 0.010145
v 2.004420 8.331621 0.006290
v 2.004420 8.332240 0.000000
v 1.978580 8.348042 0.019900
v 2.004420 8.329786 0.012338
v 1.978580 8.343236 0.028890
v 2.004420 8.326807 0.017912
v 1.978580 8.336770 0.036770
v 2.004420 8.322797 0.022797
v 1.978580 8.328890 0.043236
v 2.004420 8.317912 0.026807
v 1.978580 8.319900 0.048042
v 2.004420 8.312338 0.029786
v 1.978580 8.310145 0.051001
v 2.004420 8.306290 0.031621
v 1.978580 8.300000 0.052000
v 2.004420 8.300000 0.032240
v 1.978580 8.289855 0.051001
v 2.004420 8.293710 0.031621
v 1.978580 8.280100 0.048042
v 2.004420 8.287662 0.029786
v 1.978580 8.271110 0.043236
v 2.004420 8.282088 0.026807
v 1.978580 8.263230 0.036770
v 2.004420 8.277203 0.022797
v 1.978580 8.256764 0.028890
v 2.004420 8.273193 0.017912
v 1.978580 8.251958 0.019900
v 2.004420 8.270214 0.012338
v 1.978580 8.248999 0.010145
v 2.004420 8.268379 0.006290
v 1.978580 8.248000 0.000000
v 2.004420 8.267760 0.000000
v 1.978580 8.248999 -0.010145
v 2.004420 8.268379 -0.006290
v 1.978580 8.251958 -0.019900
v 2.004420 8.270214 -0.012338
v 1.978580 8.256764 -0.028890
v 2.004420 8.273193 -0.017912
v 1.978580 8.263230 -0.036770
v 2.004420 8.277203 -0.022797
v 1.978580 8.271110 -0.043236
v 2.004420 8.282088 -0.026807
v 1.978580 8.280100 -0.048042
v 2.004420 8.287662 -0.029786
v 1.978580 8.289855 -0.051001
v 2.004420 8.293710 -0.031621
v 1.978580 8.300000 -0.052000
v 2.004420 8.300000 -0.032240
v 1.978580 8.310145 -0.051001
v 2.004420 8.306290 -0.031621
v 1.978580 8.319900 -0.048042
v 2.004420 8.312338 -0.029786
v 1.978580 8.328890 -0.043236
v 2.004420 8.317912 -0.026807
v 1.978580 8.336770 -0.036770
v 2.004420 8.322797 -0.022797
v 1.978580 8.343236 -0.028890
v 2.004420 8.326807 -0.017912
v 1.978580 8.348042 -0.019900
v 2.004420 8.329786 -0.012338
v 1.978580 8.351001 -0.010145
v 2.004420 8.331621 -0.006290
v 2.010500 8.315300 0.003043
v 2.010500 8.315600 0.000000
v 2.010500 8.314413 0.005970
v 2.010500 8.312971 0.008667
v 2.010500 8.311031 0.011031
v 2.010500 8.308667 0.012971
v 2.010500 8.305970 0.014413
v 2.010500 8.303043 0.015300
v 2.010500 8.300000 0.015600
v 2.010500 8.296957 0.015300
v 2.010500 8.294030 0.014413
v 2.010500 8.291333 0.012971
v 2.010500 8.288969 0.011031
v 2.010500 8.287029 0.008667
v 2.010500 8.285587 0.005970
v 2.010500 8.284700 0.003043
v 2.010500 8.284400 0.000000
v 2.010500 8.284700 -0.003043
v 2.010500 8.285587 -0.005970
v 2.010500 8.287029 -0.008667
v 2.010500 8.288969 -0.011031
v 2.010500 8.291333 -0.012971
v 2.010500 8.294030 -0.014413
v 2.010500 8.296957 -0.015300
v 2.010500 8.300000 -0.015600
v 2.010500 8.303043 -0.015300
v 2.010500 8.305970 -0.014413
v 2.010500 8.308667 -0.012971
v 2.010500 8.311031 -0.011031
v 2.010500 8.312971 -0.008667
v 2.010500 8.314413 -0.005970
v 2.010500 8.315300 -0.003043
v 2.016580 8.352000 0.000000
v 2.016580 8.351001 0.010145
v 2.042420 8.331621 0.006290
v 2.042420 8.332240 0.000000
v 2.016580 8.348042 0.019900
v 2.042420 8.329786 0.012338
v 2.016580 8.343236 0.028890
v 2.042420 8.326807 0.017912
v 2.016580 8.336770 0.036770
v 2.042420 8.322797 0.022797
v 2.016580 8.328890 0.043236
v 2.042420 8.317912 0.026807
v 2.016580 8.319900 0.048042
v 2.042420 8.312338 0.029786
v 2.016580 8.310145 0.051001
v 2.042420 8.306290 0.031621
v 2.016580 8.300000 0.052000
v 2.042420 8.300000 0.032240
v 2.016580 8.289855 0.051001
v 2.042420 8.293710 0.031621
v 2.016580 8.280100 0.048042
v 2.042420 8.287662 0.029786
v 2.016580 8.271110 0.043236
v 2.042420 8.282088 0.026807
v 2.016580 8.263230 0.036770
v 2.042420 8.277203 0.022797
v 2.016580 8.256764 0.028890
v 2.042420 8.273193 0.017912
v 2.016580 8.251958 0.019900
v 2.042420 8.270214 0.012338
v 2.016580 8.248999 0.010145
v 2.042420 8.268379 0.006290
v 2.016580 8.248000 0.000000
v 2.042420 8.267760 0.000000
v 2.016580 8.248999 -0.010145
v 2.042420 8.268379 -0.006290
v 2.016580 8.251958 -0.019900
v 2.042420 8.270214 -0.012338
v 2.016580 8.256764 -0.028890
v 2.042420 8.273193 -0.017912
v 2.016580 8.263230 -0.036770
v 2.042420 8.277203 -0.022797
v 2.016580 8.271110 -0.043236
v 2.042420 8.282088 -0.026807
v 2.016580 8.280100 -0.048042
v 2.042420 8.287662 -0.029786
v 2.016580 8.289855 -0.051001
v 2.042420 8.293710 -0.031621
v 2.016580 8.300000 -0.052000
v 2.042420 8.300000 -0.032240
v 2.016580 8.310145 -0.051001
v 2.042420 8.306290 -0.031621
v 2.016580 8.319900 -0.048042
v 2.042420 8.312338 -0.029786
v 2.016580 8.328890 -0.043236
v 2.042420 8.317912 -0.026807
v 2.016580 8.336770 -0.036770
v 2.042420 8.322797 -0.022797
v 2.016580 8.343236 -0.028890
v 2.042420 8.326807 -0.017912
v 2.016580 8.348042 -0.019900
v 2.042420 8.329786 -0.012338
v 2.016580 8.351001 -0.010145
v 2.042420 8.331621 -0.006290
v 2.048500 8.315300 0.003043
v 2.048500 8.315600 0.000000
v 2.048500 8.314413 0.005970
v 2.048500 8.312971 0.008667
v 2.048500 8.311031 0.011031
v 2.048500 8.308667 0.012971
v 2.048500 8.305970 0.014413
v 2.048500 8.303043 0.015300
v 2.048500 8.300000 0.015600
v 2.048500 8.296957 0.015300
v 2.048500 8.294030 0.014413
v 2.048500 8.291333 0.012971
v 2.048500 8.288969 0.011031
v 2.048500 8.287029 0.008667
v 2.048500 8.285587 0.005970
v 2.048500 8.284700 0.003043
v 2.048500 8.284400 0.000000
v 2.048500 8.284700 -0.003043
v 2.048500 8.285587 -0.005970
v 2.048500 8.287029 -0.008667
v 2.048500 8.288969 -0.011031
v 2.048500 8.291333 -0.012971
v 2.048500 8.294030 -0.014413
v 2.048500 8.296957 -0.015300
v 2.048500 8.300000 -0.015600
v 2.048500 8.303043 -0.015300
v 2.048500 8.305970 -0.014413
v 2.048500 8.308667 -0.012971
v 2.048500 8.311031 -0.011031
v 2.048500 8.312971 -0.008667
v 2.048500 8.314413 -0.005970
v 2.048500 8.315300 -0.003043
v 2.054580 8.352000 0.000000
v 2.054580 8.351001 0.010145
v 2.080420 8.331621 0.006290
v 2.080420 8.332240 0.000000
v 2.054580 8.348042 0.019900
v 2.080420 8.329786 0.012338
v 2.054580 8.343236 0.028890
v 2.080420 8.326807 0.017912
v 2.054580 8.336770 0.036770
v 2.080420 8.322797 0.022797
v 2.054580 8.328890 0.043236
v 2.080420 8.317912 0.026807
v 2.054580 8.319900 0.048042
v 2.080420 8.312338 0.029786
v 2.054580 8.310145 0.051001
v 2.080420 8.306290 0.031621
v 2.054580 8.300000 0.052000
v 2.080420 8.300000 0.032240
v 2.054580 8.289855 0.051001
v 2.080420 8.293710 0.031621
v 2.054580 8.280100 0.048042
v 2.080420 8.287662 0.029786
v 2.054580 8.271110 0.043236
v 2.080420 8.282088 0.026807
v 2.054580 8.263230 0.036770
v 2.080420 8.277203 0.022797
v 2.054580 8.256764 0.028890
v 2.080420 8.273193 0.017912
v 2.054580 8.251958 0.019900
v 2.080420 8.270214 0.012338
v 2.054580 8.248999 0.010145
v 2.080420 8.268379 0.006290
v 2.054580 8.248000 0.000000
v 2.080420 8.267760 0.000000
v 2.054580 8.248999 -0.010145
v 2.080420 8.268379 -0.006290
v 2.054580 8.251958 -0.019900
v 2.080420 8.270214 -0.012338
v 2.054580 8.256764 -0.028890
v 2.080420 8.273193 -0.017912
v 2.054580 8.263230 -0.036770
v 2.080420 8.277203 -0.022797
v 2.054580 8.271110 -0.043236
v 2.080420 8.282088 -0.026807
v 2.054580 8.280100 -0.048042
v 2.080420 8.287662 -0.029786
v 2.054580 8.289855 -0.051001
v 2.080420 8.293710 -0.031621
v 2.054580 8.300000 -0.052000
v 2.080420 8.300000 -0.032240
v 2.054580 8.310145 -0.051001
v 2.080420 8.306290 -0.031621
v 2.054580 8.319900 -0.048042
v 2.080420 8.312338 -0.029786
v 2.054580 8.328890 -0.043236
v 2.080420 8.317912 -0.026807
v 2.054580 8.336770 -0.036770
v 2.080420 8.322797 -0.022797
v 2.054580 8.343236 -0.028890
v 2.080420 8.326807 -0.017912
v 2.054580 8.348042 -0.019900
v 2.080420 8.329786 -0.012338
v 2.054580 8.351001 -0.010145
v 2.080420 8.331621 -0.006290
v 2.086500 8.315300 0.003043
v 2.086500 8.315600 0.000000
v 2.086500 8.314413 0.005970
v 2.086500 8.312971 0.008667
v 2.086500 8.311031 0.011031
v 2.086500 8.308667 0.012971
v 2.086500 8.305970 0.014413
v 2.086500 8.303043 0.015300
v 2.086500 8.300000 0.015600
v 2.086500 8.296957 0.015300
v 2.086500 8.294030 0.014413
v 2.086500 8.291333 0.012971
v 2.086500 8.288969 0.011031
v 2.086500 8.287029 0.008667
v 2.086500 8.285587 0.005970
v 2.086500 8.284700 0.003043
v 2.086500 8.284400 0.000000
v 2.086500 8.284700 -0.003043
v 2.086500 8.285587 -0.005970
v 2.086500 8.287029 -0.008667
v 2.086500 8.288969 -0.011031
v 2.086500 8.291333 -0.012971
v 2.086500 8.294030 -0.014413
v 2.086500 8.296957 -0.015300
v 2.086500 8.300000 -0.015600
v 2.086500 8.303043 -0.015300
v 2.086500 8.305970 -0.014413
v 2.086500 8.308667 -0.012971
v 2.086500 8.311031 -0.011031
v 2.086500 8.312971 -0.008667
v 2.086500 8.314413 -0.005970
v 2.086500 8.315300 -0.003043
v 2.081500 8.265000 0.035000
v 2.191500 8.265000 0.035000
v 2.191500 8.265000 -0.035000
v 2.081500 8.265000 -0.035000
v 2.081500 8.335000 -0.035000
v 2.191500 8.335000 -0.035000
v 2.191500 8.335000 0.035000
v 2.081500 8.335000 0.035000
v 2.556080 8.352000 0.000000
v 2.556080 8.351001 0.010145
v 2.581920 8.331621 0.006290
v 2.581920 8.332240 0.000000
v 2.556080 8.348042 0.019900
v 2.581920 8.329786 0.012338
v 2.556080 8.343236 0.028890
v 2.581920 8.326807 0.017912
v 2.556080 8.336770 0.036770
v 2.581920 8.322797 0.022797
v 2.556080 8.328890 0.043236
v 2.581920 8.317912 0.026807
v 2.556080 8.319900 0.048042
v 2.581920 8.312338 0.029786
v 2.556080 8.310145 0.051001
v 2.581920 8.306290 0.031621
v 2.556080 8.300000 0.052000
v 2.581920 8.300000 0.032240
v 2.556080 8.289855 0.051001
v 2.581920 8.293710 0.031621
v 2.556080 8.280100 0.048042
v 2.581920 8.287662 0.029786
v 2.556080 8.271110 0.043236
v 2.581920 8.282088 0.026807
v 2.556080 8.263230 0.036770
v 2.581920 8.277203 0.022797
v 2.556080 8.256764 0.028890
v 2.581920 8.273193 0.017912
v 2.556080 8.251958 0.019900
v 2.581920 8.270214 0.012338
v 2.556080 8.248999 0.010145
v 2.581920 8.268379 0.006290
v 2.556080 8.248000 0.000000
v 2.581920 8.267760 0.000000
v 2.556080 8.248999 -0.010145
v 2.581920 8.268379 -0.006290
v 2.556080 8.251958 -0.019900
v 2.581920 8.270214 -0.012338
v 2.556080 8.256764 -0.028890
v 2.581920 8.273193 -0.017912
v 2.556080 8.263230 -0.036770
v 2.581920 8.277203 -0.022797
v 2.556080 8.271110 -0.043236
v 2.581920 8.282088 -0.026807
v 2.556080 8.280100 -0.048042
v 2.581920 8.287662 -0.029786
v 2.556080 8.289855 -0.051001
v 2.581920 8.293710 -0.031621
v 2.556080 8.300000 -0.052000
v 2.581920 8.300000 -0.032240
v 2.556080 8.310145 -0.051001
v 2.581920 8.306290 -0.031621
v 2.556080 8.319900 -0.048042
v 2.581920 8.312338 -0.029786
v 2.556080 8.328890 -0.043236
v 2.581920 8.317912 -0.026807
v 2.556080 8.336770 -0.036770
v 2.581920 8.322797 -0.022797
v 2.556080 8.343236 -0.028890
v 2.581920 8.326807 -0.017912
v 2.556080 8.348042 -0.019900
v 2.581920 8.329786 -0.012338
v 2.556080 8.351001 -0.010145
v 2.581920 8.331621 -0.006290
v 2.550000 8.315600 0.000000
v 2.550000 8.315300 0.003043
v 2.588000 8.315300 0.003043
v 2.588000 8.315600 0.000000
v 2.550000 8.314413 0.005970
v 2.588000 8.314413 0.005970
v 2.550000 8.312971 0.008667
v 2.588000 8.312971 0.008667
v 2.550000 8.311031 0.011031
v 2.588000 8.311031 0.011031
v 2.550000 8.308667 0.012971
v 2.588000 8.308667 0.012971
v 2.550000 8.305970 0.014413
v 2.588000 8.305970 0.014413
v 2.550000 8.303043 0.015300
v 2.588000 8.303043 0.015300
v 2.550000 8.300000 0.015600
v 2.588000 8.300000 0.015600
v 2.550000 8.296957 0.015300
v 2.588000 8.296957 0.015300
v 2.550000 8.294030 0.014413
v 2.588000 8.294030 0.014413
v 2.550000 8.291333 0.012971
v 2.588000 8.291333 0.012971
v 2.550000 8.288969 0.011031
v 2.588000 8.288969 0.011031
v 2.550000 8.287029 0.008667
v 2.588000 8.287029 0.008667
v 2.550000 8.285587 0.005970
v 2.588000 8.285587 0.005970
v 2.550000 8.284700 0.003043
v 2.588000 8.284700 0.003043
v 2.550000 8.284400 0.000000
v 2.588000 8.284400 0.000000
v 2.550000 8.284700 -0.003043
v 2.588000 8.284700 -0.003043
v 2.550000 8.285587 -0.005970
v 2.588000 8.285587 -0.005970
v 2.550000 8.287029 -0.008667
v 2.588000 8.287029 -0.008667
v 2.550000 8.288969 -0.011031
v 2.588000 8.288969 -0.011031
v 2.550000 8.291333 -0.012971
v 2.588000 8.291333 -0.012971
v 2.550000 8.294030 -0.014413
v 2.588000 8.294030 -0.014413
v 2.550000 8.296957 -0.015300
v 2.588000 8.296957 -0.015300
v 2.550000 8.300000 -0.015600
v 2.588000 8.300000 -0.015600
v 2.550000 8.303043 -0.015300
v 2.588000 8.303043 -0.015300
v 2.550000 8.305970 -0.014413
v 2.588000 8.305970 -0.014413
v 2.550000 8.308667 -0.012971
v 2.588000 8.308667 -0.012971
v 2.550000 8.311031 -0.011031
v 2.588000 8.311031 -0.011031
v 2.550000 8.312971 -0.008667
v 2.588000 8.312971 -0.008667
v 2.550000 8.314413 -0.005970
v 2.588000 8.314413 -0.005970
v 2.550000 8.315300 -0.003043
v 2.588000 8.315300 -0.003043
v 2.594080 8.352000 0.000000
v 2.594080 8.351001 0.010145
v 2.619920 8.331621 0.006290
v 2.619920 8.332240 0.000000
v 2.594080 8.348042 0.019900
v 2.619920 8.329786 0.012338
v 2.594080 8.343236 0.028890
v 2.619920 8.326807 0.017912
v 2.594080 8.336770 0.036770
v 2.619920 8.322797 0.022797
v 2.594080 8.328890 0.043236
v 2.619920 8.317912 0.026807
v 2.594080 8.319900 0.048042
v 2.619920 8.312338 0.029786
v 2.594080 8.310145 0.051001
v 2.619920 8.306290 0.031621
v 2.594080 8.300000 0.052000
v 2.619920 8.300000 0.032240
v 2.594080 8.289855 0.051001
v 2.619920 8.293710 0.031621
v 2.594080 8.280100 0.048042
v 2.619920 8.287662 0.029786
v 2.594080 8.271110 0.043236
v 2.619920 8.282088 0.026807
v 2.594080 8.263230 0.036770
v 2.619920 8.277203 0.022797
v 2.594080 8.256764 0.028890
v 2.619920 8.273193 0.017912
v 2.594080 8.251958 0.019900
v 2.619920 8.270214 0.012338
v 2.594080 8.248999 0.010145
v 2.619920 8.268379 0.006290
v 2.594080 8.248000 0.000000
v 2.619920 8.267760 0.000000
v 2.594080 8.248999 -0.010145
v 2.619920 8.268379 -0.006290
v 2.594080 8.251958 -0.019900
v 2.619920 8.270214 -0.012338
v 2.594080 8.256764 -0.028890
v 2.619920 8.273193 -0.017912
v 2.594080 8.263230 -0.036770
v 2.619920 8.277203 -0.022797
v 2.594080 8.271110 -0.043236
v 2.619920 8.282088 -0.026807
v 2.594080 8.280100 -0.048042
v 2.619920 8.287662 -0.029786
v 2.594080 8.289855 -0.051001
v 2.619920 8.293710 -0.031621
v 2.594080 8.300000 -0.052000
v 2.619920 8.300000 -0.032240
v 2.594080 8.310145 -0.051001
v 2.619920 8.306290 -0.031621
v 2.594080 8.319900 -0.048042
v 2.619920 8.312338 -0.029786
v 2.594080 8.328890 -0.043236
v 2.619920 8.317912 -0.026807
v 2.594080 8.336770 -0.036770
v 2.619920 8.322797 -0.022797
v 2.594080 8.343236 -0.028890
v 2.619920 8.326807 -0.017912
v 2.594080 8.348042 -0.019900
v 2.619920 8.329786 -0.012338
v 2.594080 8.351001 -0.010145
v 2.619920 8.331621 -0.006290
v 2.626000 8.315300 0.003043
v 2.626000 8.315600 0.000000
v 2.626000 8.314413 0.005970
v 2.626000 8.312971 0.008667
v 2.626000 8.311031 0.011031
v 2.626000 8.308667 0.012971
v 2.626000 8.305970 0.014413
v 2.626000 8.303043 0.015300
v 2.626000 8.300000 0.015600
v 2.626000 8.296957 0.015300
v 2.626000 8.294030 0.014413
v 2.626000 8.291333 0.012971
v 2.626000 8.288969 0.011031
v 2.626000 8.287029 0.008667
v 2.626000 8.285587 0.005970
v 2.626000 8.284700 0.003043
v 2.626000 8.284400 0.000000
v 2.626000 8.284700 -0.003043
v 2.626000 8.285587 -0.005970
v 2.626000 8.287029 -0.008667
v 2.626000 8.288969 -0.011031
v 2.626000 8.291333 -0.012971
v 2.626000 8.294030 -0.014413
v 2.626000 8.296957 -0.015300
v 2.626000 8.300000 -0.015600
v 2.626000 8.303043 -0.015300
v 2.626000 8.305970 -0.014413
v 2.626000 8.308667 -0.012971
v 2.626000 8.311031 -0.011031
v 2.626000 8.312971 -0.008667
v 2.626000 8.314413 -0.005970
v 2.626000 8.315300 -0.003043
v 2.632080 8.352000 0.000000
v 2.632080 8.351001 0.010145
v 2.657920 8.331621 0.006290
v 2.657920 8.332240 0.000000
v 2.632080 8.348042 0.019900
v 2.657920 8.329786 0.012338
v 2.632080 8.343236 0.028890
v 2.657920 8.326807 0.017912
v 2.632080 8.336770 0.036770
v 2.657920 8.322797 0.022797
v 2.632080 8.328890 0.043236
v 2.657920 8.317912 0.026807
v 2.632080 8.319900 0.048042
v 2.657920 8.312338 0.029786
v 2.632080 8.310145 0.051001
v 2.657920 8.306290 0.031621
v 2.632080 8.300000 0.052000
v 2.657920 8.300000 0.032240
v 2.632080 8.289855 0.051001
v 2.657920 8.293710 0.031621
v 2.632080 8.280100 0.048042
v 2.657920 8.287662 0.029786
v 2.632080 8.271110 0.043236
v 2.657920 8.282088 0.026807
v 2.632080 8.263230 0.036770
v 2.657920 8.277203 0.022797
v 2.632080 8.256764 0.028890
v 2.657920 8.273193 0.017912
v 2.632080 8.251958 0.019900
v 2.657920 8.270214 0.012338
v 2.632080 8.248999 0.010145
v 2.657920 8.268379 0.006290
v 2.632080 8.248000 0.000000
v 2.657920 8.267760 0.000000
v 2.632080 8.248999 -0.010145
v 2.657920 8.268379 -0.006290
v 2.632080 8.251958 -0.019900
v 2.657920 8.270214 -0.012338
v 2.632080 8.256764 -0.028890
v 2.657920 8.273193 -0.017912
v 2.632080 8.263230 -0.036770
v 2.657920 8.277203 -0.022797
v 2.632080 8.271110 -0.043236
v 2.657920 8.282088 -0.026807
v 2.632080 8.280100 -0.048042
v 2.657920 8.287662 -0.029786
v 2.632080 8.289855 -0.051001
v 2.657920 8.293710 -0.031621
v 2.632080 8.300000 -0.052000
v 2.657920 8.300000 -0.032240
v 2.632080 8.310145 -0.051001
v 2.657920 8.306290 -0.031621
v 2.632080 8.319900 -0.048042
v 2.657920 8.312338 -0.029786
v 2.632080 8.328890 -0.043236
v 2.657920 8.317912 -0.026807
v 2.632080 8.336770 -0.036770
v 2.657920 8.322797 -0.022797
v 2.632080 8.343236 -0.028890
v 2.657920 8.326807 -0.017912
v 2.632080 8.348042 -0.019900
v 2.657920 8.329786 -0.012338
v 2.632080 8.351001 -0.010145
v 2.657920 8.331621 -0.006290
v 2.664000 8.315300 0.003043
v 2.664000 8.315600 0.000000
v 2.664000 8.314413 0.005970
v 2.664000 8.312971 0.008667
v 2.664000 8.311031 0.011031
v 2.664000 8.308667 0.012971
v 2.664000 8.305970 0.014413
v 2.664000 8.303043 0.015300
v 2.664000 8.300000 0.015600
v 2.664000 8.296957 0.015300
v 2.664000 8.294030 0.014413
v 2.664000 8.291333 0.012971
v 2.664000 8.288969 0.011031
v 2.664000 8.287029 0.008667
v 2.664000 8.285587 0.005970
v 2.664000 8.284700 0.003043
v 2.664000 8.284400 0.000000
v 2.664000 8.284700 -0.003043
v 2.664000 8.285587 -0.005970
v 2.664000 8.287029 -0.008667
v 2.664000 8.288969 -0.011031
v 2.664000 8.291333 -0.012971
v 2.664000 8.294030 -0.014413
v 2.664000 8.296957 -0.015300
v 2.664000 8.300000 -0.015600
v 2.664000 8.303043 -0.015300
v 2.664000 8.305970 -0.014413
v 2.664000 8.308667 -0.012971
v 2.664000 8.311031 -0.011031
v 2.664000 8.312971 -0.008667
v 2.664000 8.314413 -0.005970
v 2.664000 8.315300 -0.003043
v 2.670080 8.352000 0.000000
v 2.670080 8.351001 0.010145
v 2.695920 8.331621 0.006290
v 2.695920 8.332240 0.000000
v 2.670080 8.348042 0.019900
v 2.695920 8.329786 0.012338
v 2.670080 8.343236 0.028890
v 2.695920 8.326807 0.017912
v 2.670080 8.336770 0.036770
v 2.695920 8.322797 0.022797
v 2.670080 8.328890 0.043236
v 2.695920 8.317912 0.026807
v 2.670080 8.319900 0.048042
v 2.695920 8.312338 0.029786
v 2.670080 8.310145 0.051001
v 2.695920 8.306290 0.031621
v 2.670080 8.300000 0.052000
v 2.695920 8.300000 0.032240
v 2.670080 8.289855 0.051001
v 2.695920 8.293710 0.031621
v 2.670080 8.280100 0.048042
v 2.695920 8.287662 0.029786
v 2.670080 8.271110 0.043236
v 2.695920 8.282088 0.026807
v 2.670080 8.263230 0.036770
v 2.695920 8.277203 0.022797
v 2.670080 8.256764 0.028890
v 2.695920 8.273193 0.017912
v 2.670080 8.251958 0.019900
v 2.695920 8.270214 0.012338
v 2.670080 8.248999 0.010145
v 2.695920 8.268379 0.006290
v 2.670080 8.248000 0.000000
v 2.695920 8.267760 0.000000
v 2.670080 8.248999 -0.010145
v 2.695920 8.268379 -0.006290
v 2.670080 8.251958 -0.019900
v 2.695920 8.270214 -0.012338
v 2.670080 8.256764 -0.028890
v 2.695920 8.273193 -0.017912
v 2.670080 8.263230 -0.036770
v 2.695920 8.277203 -0.022797
v 2.670080 8.271110 -0.043236
v 2.695920 8.282088 -0.026807
v 2.670080 8.280100 -0.048042
v 2.695920 8.287662 -0.029786
v 2.670080 8.289855 -0.051001
v 2.695920 8.293710 -0.031621
v 2.670080 8.300000 -0.052000
v 2.695920 8.300000 -0.032240
v 2.670080 8.310145 -0.051001
v 2.695920 8.306290 -0.031621
v 2.670080 8.319900 -0.048042
v 2.695920 8.312338 -0.029786
v 2.670080 8.328890 -0.043236
v 2.695920 8.317912 -0.026807
v 2.670080 8.336770 -0.036770
v 2.695920 8.322797 -0.022797
v 2.670080 8.343236 -0.028890
v 2.695920 8.326807 -0.017912
v 2.670080 8.348042 -0.019900
v 2.695920 8.329786 -0.012338
v 2.670080 8.351001 -0.010145
v 2.695920 8.331621 -0.006290
v 2.702000 8.315300 0.003043
v 2.702000 8.315600 0.000000
v 2.702000 8.314413 0.005970
v 2.702000 8.312971 0.008667
v 2.702000 8.311031 0.011031
v 2.702000 8.308667 0.012971
v 2.702000 8.305970 0.014413
v 2.702000 8.303043 0.015300
v 2.702000 8.300000 0.015600
v 2.702000 8.296957 0.015300
v 2.702000 8.294030 0.014413
v 2.702000 8.291333 0.012971
v 2.702000 8.288969 0.011031
v 2.702000 8.287029 0.008667
v 2.702000 8.285587 0.005970
v 2.702000 8.284700 0.003043
v 2.702000 8.284400 0.000000
v 2.702000 8.284700 -0.003043
v 2.702000 8.285587 -0.005970
v 2.702000 8.287029 -0.008667
v 2.702000 8.288969 -0.011031
v 2.702000 8.291333 -0.012971
v 2.702000 8.294030 -0.014413
v 2.702000 8.296957 -0.015300
v 2.702000 8.300000 -0.015600
v 2.702000 8.303043 -0.015300
v 2.702000 8.305970 -0.014413
v 2.702000 8.308667 -0.012971
v 2.702000 8.311031 -0.011031
v 2.702000 8.312971 -0.008667
v 2.702000 8.314413 -0.005970
v 2.702000 8.315300 -0.003043
v 2.708080 8.352000 0.000000
v 2.708080 8.351001 0.010145
v 2.733920 8.331621 0.006290
v 2.733920 8.332240 0.000000
v 2.708080 8.348042 0.019900
v 2.733920 8.329786 0.012338
v 2.708080 8.343236 0.028890
v 2.733920 8.326807 0.017912
v 2.708080 8.336770 0.036770
v 2.733920 8.322797 0.022797
v 2.708080 8.328890 0.043236
v 2.733920 8.317912 0.026807
v 2.708080 8.319900 0.048042
v 2.733920 8.312338 0.029786
v 2.708080 8.310145 0.051001
v 2.733920 8.306290 0.031621
v 2.708080 8.300000 0.052000
v 2.733920 8.300000 0.032240
v 2.708080 8.289855 0.051001
v 2.733920 8.293710 0.031621
v 2.708080 8.280100 0.048042
v 2.733920 8.287662 0.029786
v 2.708080 8.271110 0.043236
v 2.733920 8.282088 0.026807
v 2.708080 8.263230 0.036770
v 2.733920 8.277203 0.022797
v 2.708080 8.256764 0.028890
v 2.733920 8.273193 0.017912
v 2.708080 8.251958 0.019900
v 2.733920 8.270214 0.012338
v 2.708080 8.248999 0.010145
v 2.733920 8.268379 0.006290
v 2.708080 8.248000 0.000000
v 2.733920 8.267760 0.000000
v 2.708080 8.248999 -0.010145
v 2.733920 8.268379 -0.006290
v 2.708080 8.251958 -0.019900
v 2.733920 8.270214 -0.012338
v 2.708080 8.256764 -0.028890
v 2.733920 8.273193 -0.017912
v 2.708080 8.263230 -0.036770
v 2.733920 8.277203 -0.022797
v 2.708080 8.271110 -0.043236
v 2.733920 8.282088 -0.026807
v 2.708080 8.280100 -0.048042
v 2.733920 8.287662 -0.029786
v 2.708080 8.289855 -0.051001
v 2.733920 8.293710 -0.031621
v 2.708080 8.300000 -0.052000
v 2.733920 8.300000 -0.032240
v 2.708080 8.310145 -0.051001
v 2.733920 8.306290 -0.031621
v 2.708080 8.319900 -0.048042
v 2.733920 8.312338 -0.029786
v 2.708080 8.328890 -0.043236
v 2.733920 8.317912 -0.026807
v 2.708080 8.336770 -0.036770
v 2.733920 8.322797 -0.022797
v 2.708080 8.343236 -0.028890
v 2.733920 8.326807 -0.017912
v 2.708080 8.348042 -0.019900
v 2.733920 8.329786 -0.012338
v 2.708080 8.351001 -0.010145
v 2.733920 8.331621 -0.006290
v 2.740000 8.315300 0.003043
v 2.740000 8.315600 0.000000
v 2.740000 8.314413 0.005970
v 2.740000 8.312971 0.008667
v 2.740000 8.311031 0.011031
v 2.740000 8.308667 0.012971
v 2.740000 8.305970 0.014413
v 2.740000 8.303043 0.015300
v 2.740000 8.300000 0.015600
v 2.740000 8.296957 0.015300
v 2.740000 8.294030 0.014413
v 2.740000 8.291333 0.012971
v 2.740000 8.288969 0.011031
v 2.740000 8.287029 0.008667
v 2.740000 8.285587 0.005970
v 2.740000 8.284700 0.003043
v 2.740000 8.284400 0.000000
v 2.740000 8.284700 -0.003043
v 2.740000 8.285587 -0.005970
v 2.740000 8.287029 -0.008667
v 2.740000 8.288969 -0.011031
v 2.740000 8.291333 -0.012971
v 2.740000 8.294030 -0.014413
v 2.740000 8.296957 -0.015300
v 2.740000 8.300000 -0.015600
v 2.740000 8.303043 -0.015300
v 2.740000 8.305970 -0.014413
v 2.740000 8.308667 -0.012971
v 2.740000 8.311031 -0.011031
v 2.740000 8.312971 -0.008667
v 2.740000 8.314413 -0.005970
v 2.740000 8.315300 -0.003043
v 2.746080 8.352000 0.000000
v 2.746080 8.351001 0.010145
v 2.771920 8.331621 0.006290
v 2.771920 8.332240 0.000000
v 2.746080 8.348042 0.019900
v 2.771920 8.329786 0.012338
v 2.746080 8.343236 0.028890
v 2.771920 8.326807 0.017912
v 2.746080 8.336770 0.036770
v 2.771920 8.322797 0.022797
v 2.746080 8.328890 0.043236
v 2.771920 8.317912 0.026807
v 2.746080 8.319900 0.048042
v 2.771920 8.312338 0.029786
v 2.746080 8.310145 0.051001
v 2.771920 8.306290 0.031621
v 2.746080 8.300000 0.052000
v 2.771920 8.300000 0.032240
v 2.746080 8.289855 0.051001
v 2.771920 8.293710 0.031621
v 2.746080 8.280100 0.048042
v 2.771920 8.287662 0.029786
v 2.746080 8.271110 0.043236
v 2.771920 8.282088 0.026807
v 2.746080 8.263230 0.036770
v 2.771920 8.277203 0.022797
v 2.746080 8.256764 0.028890
v 2.771920 8.273193 0.017912
v 2.746080 8.251958 0.019900
v 2.771920 8.270214 0.012338
v 2.746080 8.248999 0.010145
v 2.771920 8.268379 0.006290
v 2.746080 8.248000 0.000000
v 2.771920 8.267760 0.000000
v 2.746080 8.248999 -0.010145
v 2.771920 8.268379 -0.006290
v 2.746080 8.251958 -0.019900
v 2.771920 8.270214 -0.012338
v 2.746080 8.256764 -0.028890
v 2.771920 8.273193 -0.017912
v 2.746080 8.263230 -0.036770
v 2.771920 8.277203 -0.022797
v 2.746080 8.271110 -0.043236
v 2.771920 8.282088 -0.026807
v 2.746080 8.280100 -0.048042
v 2.771920 8.287662 -0.029786
v 2.746080 8.289855 -0.051001
v 2.771920 8.293710 -0.031621
v 2.746080 8.300000 -0.052000
v 2.771920 8.300000 -0.032240
v 2.746080 8.310145 -0.051001
v 2.771920 8.306290 -0.031621
v 2.746080 8.319900 -0.048042
v 2.771920 8.312338 -0.029786
v 2.746080 8.328890 -0.043236
v 2.771920 8.317912 -0.026807
v 2.746080 8.336770 -0.036770
v 2.771920 8.322797 -0.022797
v 2.746080 8.343236 -0.028890
v 2.771920 8.326807 -0.017912
v 2.746080 8.348042 -0.019900
v 2.771920 8.329786 -0.012338
v 2.746080 8.351001 -0.010145
v 2.771920 8.331621 -0.006290
v 2.778000 8.315300 0.003043
v 2.778000 8.315600 0.000000
v 2.778000 8.314413 0.005970
v 2.778000 8.312971 0.008667
v 2.778000 8.311031 0.011031
v 2.778000 8.308667 0.012971
v 2.778000 8.305970 0.014413
v 2.778000 8.303043 0.015300
v 2.778000 8.300000 0.015600
v 2.778000 8.296957 0.015300
v 2.778000 8.294030 0.014413
v 2.778000 8.291333 0.012971
v 2.778000 8.288969 0.011031
v 2.778000 8.287029 0.008667
v 2.778000 8.285587 0.005970
v 2.778000 8.284700 0.003043
v 2.778000 8.284400 0.000000
v 2.778000 8.284700 -0.003043
v 2.778000 8.285587 -0.005970
v 2.778000 8.287029 -0.008667
v 2.778000 8.288969 -0.011031
v 2.778000 8.291333 -0.012971
v 2.778000 8.294030 -0.014413
v 2.778000 8.296957 -0.015300
v 2.778000 8.300000 -0.015600
v 2.778000 8.303043 -0.015300
v 2.778000 8.305970 -0.014413
v 2.778000 8.308667 -0.012971
v 2.778000 8.311031 -0.011031
v 2.778000 8.312971 -0.008667
v 2.778000 8.314413 -0.005970
v 2.778000 8.315300 -0.003043
v 2.784080 8.352000 0.000000
v 2.784080 8.351001 0.010145
v 2.809920 8.331621 0.006290
v 2.809920 8.332240 0.000000
v 2.784080 8.348042 0.019900
v 2.809920 8.329786 0.012338
v 2.784080 8.343236 0.028890
v 2.809920 8.326807 0.017912
v 2.784080 8.336770 0.036770
v 2.809920 8.322797 0.022797
v 2.784080 8.328890 0.043236
v 2.809920 8.317912 0.026807
v 2.784080 8.319900 0.048042
v 2.809920 8.312338 0.029786
v 2.784080 8.310145 0.051001
v 2.809920 8.306290 0.031621
v 2.784080 8.300000 0.052000
v 2.809920 8.300000 0.032240
v 2.784080 8.289855 0.051001
v 2.809920 8.293710 0.031621
v 2.784080 8.280100 0.048042
v 2.809920 8.287662 0.029786
v 2.784080 8.271110 0.043236
v 2.809920 8.282088 0.026807
v 2.784080 8.263230 0.036770
v 2.809920 8.277203 0.022797
v 2.784080 8.256764 0.028890
v 2.809920 8.273193 0.017912
v 2.784080 8.251958 0.019900
v 2.809920 8.270214 0.012338
v 2.784080 8.248999 0.010145
v 2.809920 8.268379 0.006290
v 2.784080 8.248000 0.000000
v 2.809920 8.267760 0.000000
v 2.784080 8.248999 -0.010145
v 2.809920 8.268379 -0.006290
v 2.784080 8.251958 -0.019900
v 2.809920 8.270214 -0.012338
v 2.784080 8.256764 -0.028890
v 2.809920 8.273193 -0.017912
v 2.784080 8.263230 -0.036770
v 2.809920 8.277203 -0.022797
v 2.784080 8.271110 -0.043236
v 2.809920 8.282088 -0.026807
v 2.784080 8.280100 -0.048042
v 2.809920 8.287662 -0.029786
v 2.784080 8.289855 -0.051001
v 2.809920 8.293710 -0.031621
v 2.784080 8.300000 -0.052000
v 2.809920 8.300000 -0.032240
v 2.784080 8.310145 -0.051001
v 2.809920 8.306290 -0.031621
v 2.784080 8.319900 -0.048042
v 2.809920 8.312338 -0.029786
v 2.784080 8.328890 -0.043236
v 2.809920 8.317912 -0.026807
v 2.784080 8.336770 -0.036770
v 2.809920 8.322797 -0.022797
v 2.784080 8.343236 -0.028890
v 2.809920 8.326807 -0.017912
v 2.784080 8.348042 -0.019900
v 2.809920 8.329786 -0.012338
v 2.784080 8.351001 -0.010145
v 2.809920 8.331621 -0.006290
v 2.816000 8.315300 0.003043
v 2.816000 8.315600 0.000000
v 2.816000 8.314413 0.005970
v 2.816000 8.312971 0.008667
v 2.816000 8.311031 0.011031
v 2.816000 8.308667 0.012971
v 2.816000 8.305970 0.014413
v 2.816000 8.303043 0.015300
v 2.816000 8.300000 0.015600
v 2.816000 8.296957 0.015300
v 2.816000 8.294030 0.014413
v 2.816000 8.291333 0.012971
v 2.816000 8.288969 0.011031
v 2.816000 8.287029 0.008667
v 2.816000 8.285587 0.005970
v 2.816000 8.284700 0.003043
v 2.816000 8.284400 0.000000
v 2.816000 8.284700 -0.003043
v 2.816000 8.285587 -0.005970
v 2.816000 8.287029 -0.008667
v 2.816000 8.288969 -0.011031
v 2.816000 8.291333 -0.012971
v 2.816000 8.294030 -0.014413
v 2.816000 8.296957 -0.015300
v 2.816000 8.300000 -0.015600
v 2.816000 8.303043 -0.015300
v 2.816000 8.305970 -0.014413
v 2.816000 8.308667 -0.012971
v 2.816000 8.311031 -0.011031
v 2.816000 8.312971 -0.008667
v 2.816000 8.314413 -0.005970
v 2.816000 8.315300 -0.003043
v 2.822080 8.352000 0.000000
v 2.822080 8.351001 0.010145
v 2.847920 8.331621 0.006290
v 2.847920 8.332240 0.000000
v 2.822080 8.348042 0.019900
v 2.847920 8.329786 0.012338
v 2.822080 8.343236 0.028890
v 2.847920 8.326807 0.017912
v 2.822080 8.336770 0.036770
v 2.847920 8.322797 0.022797
v 2.822080 8.328890 0.043236
v 2.847920 8.317912 0.026807
v 2.822080 8.319900 0.048042
v 2.847920 8.312338 0.029786
v 2.822080 8.310145 0.051001
v 2.847920 8.306290 0.031621
v 2.822080 8.300000 0.052000
v 2.847920 8.300000 0.032240
v 2.822080 8.289855 0.051001
v 2.847920 8.293710 0.031621
v 2.822080 8.280100 0.048042
v 2.847920 8.287662 0.029786
v 2.822080 8.271110 0.043236
v 2.847920 8.282088 0.026807
v 2.822080 8.263230 0.036770
v 2.847920 8.277203 0.022797
v 2.822080 8.256764 0.028890
v 2.847920 8.273193 0.017912
v 2.822080 8.251958 0.019900
v 2.847920 8.270214 0.012338
v 2.822080 8.248999 0.010145
v 2.847920 8.268379 0.006290
v 2.822080 8.248000 0.000000
v 2.847920 8.267760 0.000000
v 2.822080 8.248999 -0.010145
v 2.847920 8.268379 -0.006290
v 2.822080 8.251958 -0.019900
v 2.847920 8.270214 -0.012338
v 2.822080 8.256764 -0.028890
v 2.847920 8.273193 -0.017912
v 2.822080 8.263230 -0.036770
v 2.847920 8.277203 -0.022797
v 2.822080 8.271110 -0.043236
v 2.847920 8.282088 -0.026807
v 2.822080 8.280100 -0.048042
v 2.847920 8.287662 -0.029786
v 2.822080 8.289855 -0.051001
v 2.847920 8.293710 -0.031621
v 2.822080 8.300000 -0.052000
v 2.847920 8.300000 -0.032240
v 2.822080 8.310145 -0.051001
v 2.847920 8.306290 -0.031621
v 2.822080 8.319900 -0.048042
v 2.847920 8.312338 -0.029786
v 2.822080 8.328890 -0.043236
v 2.847920 8.317912 -0.026807
v 2.822080 8.336770 -0.036770
v 2.847920 8.322797 -0.022797
v 2.822080 8.343236 -0.028890
v 2.847920 8.326807 -0.017912
v 2.822080 8.348042 -0.019900
v 2.847920 8.329786 -0.012338
v 2.822080 8.351001 -0.010145
v 2.847920 8.331621 -0.006290
v 2.854000 8.315300 0.003043
v 2.854000 8.315600 0.000000
v 2.854000 8.314413 0.005970
v 2.854000 8.312971 0.008667
v 2.854000 8.311031 0.011031
v 2.854000 8.308667 0.012971
v 2.854000 8.305970 0.014413
v 2.854000 8.303043 0.015300
v 2.854000 8.300000 0.015600
v 2.854000 8.296957 0.015300
v 2.854000 8.294030 0.014413
v 2.854000 8.291333 0.012971
v 2.854000 8.288969 0.011031
v 2.854000 8.287029 0.008667
v 2.854000 8.285587 0.005970
v 2.854000 8.284700 0.003043
v 2.854000 8.284400 0.000000
v 2.854000 8.284700 -0.003043
v 2.854000 8.285587 -0.005970
v 2.854000 8.287029 -0.008667
v 2.854000 8.288969 -0.011031
v 2.854000 8.291333 -0.012971
v 2.854000 8.294030 -0.014413
v 2.854000 8.296957 -0.015300
v 2.854000 8.300000 -0.015600
v 2.854000 8.303043 -0.015300
v 2.854000 8.305970 -0.014413
v 2.854000 8.308667 -0.012971
v 2.854000 8.311031 -0.011031
v 2.854000 8.312971 -0.008667
v 2.854000 8.314413 -0.005970
v 2.854000 8.315300 -0.003043
v 2.860080 8.352000 0.000000
v 2.860080 8.351001 0.010145
v 2.885920 8.331621 0.006290
v 2.885920 8.332240 0.000000
v 2.860080 8.348042 0.019900
v 2.885920 8.329786 0.012338
v 2.860080 8.343236 0.028890
v 2.885920 8.326807 0.017912
v 2.860080 8.336770 0.036770
v 2.885920 8.322797 0.022797
v 2.860080 8.328890 0.043236
v 2.885920 8.317912 0.026807
v 2.860080 8.319900 0.048042
v 2.885920 8.312338 0.029786
v 2.860080 8.310145 0.051001
v 2.885920 8.306290 0.031621
v 2.860080 8.300000 0.052000
v 2.885920 8.300000 0.032240
v 2.860080 8.289855 0.051001
v 2.885920 8.293710 0.031621
v 2.860080 8.280100 0.048042
v 2.885920 8.287662 0.029786
v 2.860080 8.271110 0.043236
v 2.885920 8.282088 0.026807
v 2.860080 8.263230 0.036770
v 2.885920 8.277203 0.022797
v 2.860080 8.256764 0.028890
v 2.885920 8.273193 0.017912
v 2.860080 8.251958 0.019900
v 2.885920 8.270214 0.012338
v 2.860080 8.248999 0.010145
v 2.885920 8.268379 0.006290
v 2.860080 8.248000 0.000000
v 2.885920 8.267760 0.000000
v 2.860080 8.248999 -0.010145
v 2.885920 8.268379 -0.006290
v 2.860080 8.251958 -0.019900
v 2.885920 8.270214 -0.012338
v 2.860080 8.256764 -0.028890
v 2.885920 8.273193 -0.017912
v 2.860080 8.263230 -0.036770
v 2.885920 8.277203 -0.022797
v 2.860080 8.271110 -0.043236
v 2.885920 8.282088 -0.026807
v 2.860080 8.280100 -0.048042
v 2.885920 8.287662 -0.029786
v 2.860080 8.289855 -0.051001
v 2.885920 8.293710 -0.031621
v 2.860080 8.300000 -0.052000
v 2.885920 8.300000 -0.032240
v 2.860080 8.310145 -0.051001
v 2.885920 8.306290 -0.031621
v 2.860080 8.319900 -0.048042
v 2.885920 8.312338 -0.029786
v 2.860080 8.328890 -0.043236
v 2.885920 8.317912 -0.026807
v 2.860080 8.336770 -0.036770
v 2.885920 8.322797 -0.022797
v 2.860080 8.343236 -0.028890
v 2.885920 8.326807 -0.017912
v 2.860080 8.348042 -0.019900
v 2.885920 8.329786 -0.012338
v 2.860080 8.351001 -0.010145
v 2.885920 8.331621 -0.006290
v 2.892000 8.315300 0.003043
v 2.892000 8.315600 0.000000
v 2.892000 8.314413 0.005970
v 2.892000 8.312971 0.008667
v 2.892000 8.311031 0.011031
v 2.892000 8.308667 0.012971
v 2.892000 8.305970 0.014413
v 2.892000 8.303043 0.015300
v 2.892000 8.300000 0.015600
v 2.892000 8.296957 0.015300
v 2.892000 8.294030 0.014413
v 2.892000 8.291333 0.012971
v 2.892000 8.288969 0.011031
v 2.892000 8.287029 0.008667
v 2.892000 8.285587 0.005970
v 2.892000 8.284700 0.003043
v 2.892000 8.284400 0.000000
v 2.892000 8.284700 -0.003043
v 2.892000 8.285587 -0.005970
v 2.892000 8.287029 -0.008667
v 2.892000 8.288969 -0.011031
v 2.892000 8.291333 -0.012971
v 2.892000 8.294030 -0.014413
v 2.892000 8.296957 -0.015300
v 2.892000 8.300000 -0.015600
v 2.892000 8.303043 -0.015300
v 2.892000 8.305970 -0.014413
v 2.892000 8.308667 -0.012971
v 2.892000 8.311031 -0.011031
v 2.892000 8.312971 -0.008667
v 2.892000 8.314413 -0.005970
v 2.892000 8.315300 -0.003043
v 2.898080 8.352000 0.000000
v 2.898080 8.351001 0.010145
v 2.923920 8.331621 0.006290
v 2.923920 8.332240 0.000000
v 2.898080 8.348042 0.019900
v 2.923920 8.329786 0.012338
v 2.898080 8.343236 0.028890
v 2.923920 8.326807 0.017912
v 2.898080 8.336770 0.036770
v 2.923920 8.322797 0.022797
v 2.898080 8.328890 0.043236
v 2.923920 8.317912 0.026807
v 2.898080 8.319900 0.048042
v 2.923920 8.312338 0.029786
v 2.898080 8.310145 0.051001
v 2.923920 8.306290 0.031621
v 2.898080 8.300000 0.052000
v 2.923920 8.300000 0.032240
v 2.898080 8.289855 0.051001
v 2.923920 8.293710 0.031621
v 2.898080 8.280100 0.048042
v 2.923920 8.287662 0.029786
v 2.898080 8.271110 0.043236
v 2.923920 8.282088 0.026807
v 2.898080 8.263230 0.036770
v 2.923920 8.277203 0.022797
v 2.898080 8.256764 0.028890
v 2.923920 8.273193 0.017912
v 2.898080 8.251958 0.019900
v 2.923920 8.270214 0.012338
v 2.898080 8.248999 0.010145
v 2.923920 8.268379 0.006290
v 2.898080 8.248000 0.000000
v 2.923920 8.267760 0.000000
v 2.898080 8.248999 -0.010145
v 2.923920 8.268379 -0.006290
v 2.898080 8.251958 -0.019900
v 2.923920 8.270214 -0.012338
v 2.898080 8.256764 -0.028890
v 2.923920 8.273193 -0.017912
v 2.898080 8.263230 -0.036770
v 2.923920 8.277203 -0.022797
v 2.898080 8.271110 -0.043236
v 2.923920 8.282088 -0.026807
v 2.898080 8.280100 -0.048042
v 2.923920 8.287662 -0.029786
v 2.898080 8.289855 -0.051001
v 2.923920 8.293710 -0.031621
v 2.898080 8.300000 -0.052000
v 2.923920 8.300000 -0.032240
v 2.898080 8.310145 -0.051001
v 2.923920 8.306290 -0.031621
v 2.898080 8.319900 -0.048042
v 2.923920 8.312338 -0.029786
v 2.898080 8.328890 -0.043236
v 2.923920 8.317912 -0.026807
v 2.898080 8.336770 -0.036770
v 2.923920 8.322797 -0.022797
v 2.898080 8.343236 -0.028890
v 2.923920 8.326807 -0.017912
v 2.898080 8.348042 -0.019900
v 2.923920 8.329786 -0.012338
v 2.898080 8.351001 -0.010145
v 2.923920 8.331621 -0.006290
v 2.930000 8.315300 0.003043
v 2.930000 8.315600 0.000000
v 2.930000 8.314413 0.005970
v 2.930000 8.312971 0.008667
v 2.930000 8.311031 0.011031
v 2.930000 8.308667 0.012971
v 2.930000 8.305970 0.014413
v 2.930000 8.303043 0.015300
v 2.930000 8.300000 0.015600
v 2.930000 8.296957 0.015300
v 2.930000 8.294030 0.014413
v 2.930000 8.291333 0.012971
v 2.930000 8.288969 0.011031
v 2.930000 8.287029 0.008667
v 2.930000 8.285587 0.005970
v 2.930000 8.284700 0.003043
v 2.930000 8.284400 0.000000
v 2.930000 8.284700 -0.003043
v 2.930000 8.285587 -0.005970
v 2.930000 8.287029 -0.008667
v 2.930000 8.288969 -0.011031
v 2.930000 8.291333 -0.012971
v 2.930000 8.294030 -0.014413
v 2.930000 8.296957 -0.015300
v 2.930000 8.300000 -0.015600
v 2.930000 8.303043 -0.015300
v 2.930000 8.305970 -0.014413
v 2.930000 8.308667 -0.012971
v 2.930000 8.311031 -0.011031
v 2.930000 8.312971 -0.008667
v 2.930000 8.314413 -0.005970
v 2.930000 8.315300 -0.003043
v 2.936080 8.352000 0.000000
v 2.936080 8.351001 0.010145
v 2.961920 8.331621 0.006290
v 2.961920 8.332240 0.000000
v 2.936080 8.348042 0.019900
v 2.961920 8.329786 0.012338
v 2.936080 8.343236 0.028890
v 2.961920 8.326807 0.017912
v 2.936080 8.336770 0.036770
v 2.961920 8.322797 0.022797
v 2.936080 8.328890 0.043236
v 2.961920 8.317912 0.026807
v 2.936080 8.319900 0.048042
v 2.961920 8.312338 0.029786
v 2.936080 8.310145 0.051001
v 2.961920 8.306290 0.031621
v 2.936080 8.300000 0.052000
v 2.961920 8.300000 0.032240
v 2.936080 8.289855 0.051001
v 2.961920 8.293710 0.031621
v 2.936080 8.280100 0.048042
v 2.961920 8.287662 0.029786
v 2.936080 8.271110 0.043236
v 2.961920 8.282088 0.026807
v 2.936080 8.263230 0.036770
v 2.961920 8.277203 0.022797
v 2.936080 8.256764 0.028890
v 2.961920 8.273193 0.017912
v 2.936080 8.251958 0.019900
v 2.961920 8.270214 0.012338
v 2.936080 8.248999 0.010145
v 2.961920 8.268379 0.006290
v 2.936080 8.248000 0.000000
v 2.961920 8.267760 0.000000
v 2.936080 8.248999 -0.010145
v 2.961920 8.268379 -0.006290
v 2.936080 8.251958 -0.019900
v 2.961920 8.270214 -0.012338
v 2.936080 8.256764 -0.028890
v 2.961920 8.273193 -0.017912
v 2.936080 8.263230 -0.036770
v 2.961920 8.277203 -0.022797
v 2.936080 8.271110 -0.043236
v 2.961920 8.282088 -0.026807
v 2.936080 8.280100 -0.048042
v 2.961920 8.287662 -0.029786
v 2.936080 8.289855 -0.051001
v 2.961920 8.293710 -0.031621
v 2.936080 8.300000 -0.052000
v 2.961920 8.300000 -0.032240
v 2.936080 8.310145 -0.051001
v 2.961920 8.306290 -0.031621
v 2.936080 8.319900 -0.048042
v 2.961920 8.312338 -0.029786
v 2.936080 8.328890 -0.043236
v 2.961920 8.317912 -0.026807
v 2.936080 8.336770 -0.036770
v 2.961920 8.322797 -0.022797
v 2.936080 8.343236 -0.028890
v 2.961920 8.326807 -0.017912
v 2.936080 8.348042 -0.019900
v 2.961920 8.329786 -0.012338
v 2.936080 8.351001 -0.010145
v 2.961920 8.331621 -0.006290
v 2.968000 8.315300 0.003043
v 2.968000 8.315600 0.000000
v 2.968000 8.314413 0.005970
v 2.968000 8.312971 0.008667
v 2.968000 8.311031 0.011031
v 2.968000 8.308667 0.012971
v 2.968000 8.305970 0.014413
v 2.968000 8.303043 0.015300
v 2.968000 8.300000 0.015600
v 2.968000 8.296957 0.015300
v 2.968000 8.294030 0.014413
v 2.968000 8.291333 0.012971
v 2.968000 8.288969 0.011031
v 2.968000 8.287029 0.008667
v 2.968000 8.285587 0.005970
v 2.968000 8.284700 0.003043
v 2.968000 8.284400 0.000000
v 2.968000 8.284700 -0.003043
v 2.968000 8.285587 -0.005970
v 2.968000 8.287029 -0.008667
v 2.968000 8.288969 -0.011031
v 2.968000 8.291333 -0.012971
v 2.968000 8.294030 -0.014413
v 2.968000 8.296957 -0.015300
v 2.968000 8.300000 -0.015600
v 2.968000 8.303043 -0.015300
v 2.968000 8.305970 -0.014413
v 2.968000 8.308667 -0.012971
v 2.968000 8.311031 -0.011031
v 2.968000 8.312971 -0.008667
v 2.968000 8.314413 -0.005970
v 2.968000 8.315300 -0.003043
v 2.974080 8.352000 0.000000
v 2.974080 8.351001 0.010145
v 2.999920 8.331621 0.006290
v 2.999920 8.332240 0.000000
v 2.974080 8.348042 0.019900
v 2.999920 8.329786 0.012338
v 2.974080 8.343236 0.028890
v 2.999920 8.326807 0.017912
v 2.974080 8.336770 0.036770
v 2.999920 8.322797 0.022797
v 2.974080 8.328890 0.043236
v 2.999920 8.317912 0.026807
v 2.974080 8.319900 0.048042
v 2.999920 8.312338 0.029786
v 2.974080 8.310145 0.051001
v 2.999920 8.306290 0.031621
v 2.974080 8.300000 0.052000
v 2.999920 8.300000 0.032240
v 2.974080 8.289855 0.051001
v 2.999920 8.293710 0.031621
v 2.974080 8.280100 0.048042
v 2.999920 8.287662 0.029786
v 2.974080 8.271110 0.043236
v 2.999920 8.282088 0.026807
v 2.974080 8.263230 0.036770
v 2.999920 8.277203 0.022797
v 2.974080 8.256764 0.028890
v 2.999920 8.273193 0.017912
v 2.974080 8.251958 0.019900
v 2.999920 8.270214 0.012338
v 2.974080 8.248999 0.010145
v 2.999920 8.268379 0.006290
v 2.974080 8.248000 0.000000
v 2.999920 8.267760 0.000000
v 2.974080 8.248999 -0.010145
v 2.999920 8.268379 -0.006290
v 2.974080 8.251958 -0.019900
v 2.999920 8.270214 -0.012338
v 2.974080 8.256764 -0.028890
v 2.999920 8.273193 -0.017912
v 2.974080 8.263230 -0.036770
v 2.999920 8.277203 -0.022797
v 2.974080 8.271110 -0.043236
v 2.999920 8.282088 -0.026807
v 2.974080 8.280100 -0.048042
v 2.999920 8.287662 -0.029786
v 2.974080 8.289855 -0.051001
v 2.999920 8.293710 -0.031621
v 2.974080 8.300000 -0.052000
v 2.999920 8.300000 -0.032240
v 2.974080 8.310145 -0.051001
v 2.999920 8.306290 -0.031621
v 2.974080 8.319900 -0.048042
v 2.999920 8.312338 -0.029786
v 2.974080 8.328890 -0.043236
v 2.999920 8.317912 -0.026807
v 2.974080 8.336770 -0.036770
v 2.999920 8.322797 -0.022797
v 2.974080 8.343236 -0.028890
v 2.999920 8.326807 -0.017912
v 2.974080 8.348042 -0.019900
v 2.999920 8.329786 -0.012338
v 2.974080 8.351001 -0.010145
v 2.999920 8.331621 -0.006290
v 3.006000 8.315300 0.003043
v 3.006000 8.315600 0.000000
v 3.006000 8.314413 0.005970
v 3.006000 8.312971 0.008667
v 3.006000 8.311031 0.011031
v 3.006000 8.308667 0.012971
v 3.006000 8.305970 0.014413
v 3.006000 8.303043 0.015300
v 3.006000 8.300000 0.015600
v 3.006000 8.296957 0.015300
v 3.006000 8.294030 0.014413
v 3.006000 8.291333 0.012971
v 3.006000 8.288969 0.011031
v 3.006000 8.287029 0.008667
v 3.006000 8.285587 0.005970
v 3.006000 8.284700 0.003043
v 3.006000 8.284400 0.000000
v 3.006000 8.284700 -0.003043
v 3.006000 8.285587 -0.005970
v 3.006000 8.287029 -0.008667
v 3.006000 8.288969 -0.011031
v 3.006000 8.291333 -0.012971
v 3.006000 8.294030 -0.014413
v 3.006000 8.296957 -0.015300
v 3.006000 8.300000 -0.015600
v 3.006000 8.303043 -0.015300
v 3.006000 8.305970 -0.014413
v 3.006000 8.308667 -0.012971
v 3.006000 8.311031 -0.011031
v 3.006000 8.312971 -0.008667
v 3.006000 8.314413 -0.005970
v 3.006000 8.315300 -0.003043
v 3.012080 8.352000 0.000000
v 3.012080 8.351001 0.010145
v 3.037920 8.331621 0.006290
v 3.037920 8.332240 0.000000
v 3.012080 8.348042 0.019900
v 3.037920 8.329786 0.012338
v 3.012080 8.343236 0.028890
v 3.037920 8.326807 0.017912
v 3.012080 8.336770 0.036770
v 3.037920 8.322797 0.022797
v 3.012080 8.328890 0.043236
v 3.037920 8.317912 0.026807
v 3.012080 8.319900 0.048042
v 3.037920 8.312338 0.029786
v 3.012080 8.310145 0.051001
v 3.037920 8.306290 0.031621
v 3.012080 8.300000 0.052000
v 3.037920 8.300000 0.032240
v 3.012080 8.289855 0.051001
v 3.037920 8.293710 0.031621
v 3.012080 8.280100 0.048042
v 3.037920 8.287662 0.029786
v 3.012080 8.271110 0.043236
v 3.037920 8.282088 0.026807
v 3.012080 8.263230 0.036770
v 3.037920 8.277203 0.022797
v 3.012080 8.256764 0.028890
v 3.037920 8.273193 0.017912
v 3.012080 8.251958 0.019900
v 3.037920 8.270214 0.012338
v 3.012080 8.248999 0.010145
v 3.037920 8.268379 0.006290
v 3.012080 8.248000 0.000000
v 3.037920 8.267760 0.000000
v 3.012080 8.248999 -0.010145
v 3.037920 8.268379 -0.006290
v 3.012080 8.251958 -0.019900
v 3.037920 8.270214 -0.012338
v 3.012080 8.256764 -0.028890
v 3.037920 8.273193 -0.017912
v 3.012080 8.263230 -0.036770
v 3.037920 8.277203 -0.022797
v 3.012080 8.271110 -0.043236
v 3.037920 8.282088 -0.026807
v 3.012080 8.280100 -0.048042
v 3.037920 8.287662 -0.029786
v 3.012080 8.289855 -0.051001
v 3.037920 8.293710 -0.031621
v 3.012080 8.300000 -0.052000
v 3.037920 8.300000 -0.032240
v 3.012080 8.310145 -0.051001
v 3.037920 8.306290 -0.031621
v 3.012080 8.319900 -0.048042
v 3.037920 8.312338 -0.029786
v 3.012080 8.328890 -0.043236
v 3.037920 8.317912 -0.026807
v 3.012080 8.336770 -0.036770
v 3.037920 8.322797 -0.022797
v 3.012080 8.343236 -0.028890
v 3.037920 8.326807 -0.017912
v 3.012080 8.348042 -0.019900
v 3.037920 8.329786 -0.012338
v 3.012080 8.351001 -0.010145
v 3.037920 8.331621 -0.006290
v 3.044000 8.315300 0.003043
v 3.044000 8.315600 0.000000
v 3.044000 8.314413 0.005970
v 3.044000 8.312971 0.008667
v 3.044000 8.311031 0.011031
v 3.044000 8.308667 0.012971
v 3.044000 8.305970 0.014413
v 3.044000 8.303043 0.015300
v 3.044000 8.300000 0.015600
v 3.044000 8.296957 0.015300
v 3.044000 8.294030 0.014413
v 3.044000 8.291333 0.012971
v 3.044000 8.288969 0.011031
v 3.044000 8.287029 0.008667
v 3.044000 8.285587 0.005970
v 3.044000 8.284700 0.003043
v 3.044000 8.284400 0.000000
v 3.044000 8.284700 -0.003043
v 3.044000 8.285587 -0.005970
v 3.044000 8.287029 -0.008667
v 3.044000 8.288969 -0.011031
v 3.044000 8.291333 -0.012971
v 3.044000 8.294030 -0.014413
v 3.044000 8.296957 -0.015300
v 3.044000 8.300000 -0.015600
v 3.044000 8.303043 -0.015300
v 3.044000 8.305970 -0.014413
v 3.044000 8.308667 -0.012971
v 3.044000 8.311031 -0.011031
v 3.044000 8.312971 -0.008667
v 3.044000 8.314413 -0.005970
v 3.044000 8.315300 -0.003043
v 3.050080 8.352000 0.000000
v 3.050080 8.351001 0.010145
v 3.075920 8.331621 0.006290
v 3.075920 8.332240 0.000000
v 3.050080 8.348042 0.019900
v 3.075920 8.329786 0.012338
v 3.050080 8.343236 0.028890
v 3.075920 8.326807 0.017912
v 3.050080 8.336770 0.036770
v 3.075920 8.322797 0.022797
v 3.050080 8.328890 0.043236
v 3.075920 8.317912 0.026807
v 3.050080 8.319900 0.048042
v 3.075920 8.312338 0.029786
v 3.050080 8.310145 0.051001
v 3.075920 8.306290 0.031621
v 3.050080 8.300000 0.052000
v 3.075920 8.300000 0.032240
v 3.050080 8.289855 0.051001
v 3.075920 8.293710 0.031621
v 3.050080 8.280100 0.048042
v 3.075920 8.287662 0.029786
v 3.050080 8.271110 0.043236
v 3.075920 8.282088 0.026807
v 3.050080 8.263230 0.036770
v 3.075920 8.277203 0.022797
v 3.050080 8.256764 0.028890
v 3.075920 8.273193 0.017912
v 3.050080 8.251958 0.019900
v 3.075920 8.270214 0.012338
v 3.050080 8.248999 0.010145
v 3.075920 8.268379 0.006290
v 3.050080 8.248000 0.000000
v 3.075920 8.267760 0.000000
v 3.050080 8.248999 -0.010145
v 3.075920 8.268379 -0.006290
v 3.050080 8.251958 -0.019900
v 3.075920 8.270214 -0.012338
v 3.050080 8.256764 -0.028890
v 3.075920 8.273193 -0.017912
v 3.050080 8.263230 -0.036770
v 3.075920 8.277203 -0.022797
v 3.050080 8.271110 -0.043236
v 3.075920 8.282088 -0.026807
v 3.050080 8.280100 -0.048042
v 3.075920 8.287662 -0.029786
v 3.050080 8.289855 -0.051001
v 3.075920 8.293710 -0.031621
v 3.050080 8.300000 -0.052000
v 3.075920 8.300000 -0.032240
v 3.050080 8.310145 -0.051001
v 3.075920 8.306290 -0.031621
v 3.050080 8.319900 -0.048042
v 3.075920 8.312338 -0.029786
v 3.050080 8.328890 -0.043236
v 3.075920 8.317912 -0.026807
v 3.050080 8.336770 -0.036770
v 3.075920 8.322797 -0.022797
v 3.050080 8.343236 -0.028890
v 3.075920 8.326807 -0.017912
v 3.050080 8.348042 -0.019900
v 3.075920 8.329786 -0.012338
v 3.050080 8.351001 -0.010145
v 3.075920 8.331621 -0.006290
v 3.082000 8.315300 0.003043
v 3.082000 8.315600 0.000000
v 3.082000 8.314413 0.005970
v 3.082000 8.312971 0.008667
v 3.082000 8.311031 0.011031
v 3.082000 8.308667 0.012971
v 3.082000 8.305970 0.014413
v 3.082000 8.303043 0.015300
v 3.082000 8.300000 0.015600
v 3.082000 8.296957 0.015300
v 3.082000 8.294030 0.014413
v 3.082000 8.291333 0.012971
v 3.082000 8.288969 0.011031
v 3.082000 8.287029 0.008667
v 3.082000 8.285587 0.005970
v 3.082000 8.284700 0.003043
v 3.082000 8.284400 0.000000
v 3.082000 8.284700 -0.003043
v 3.082000 8.285587 -0.005970
v 3.082000 8.287029 -0.008667
v 3.082000 8.288969 -0.011031
v 3.082000 8.291333 -0.012971
v 3.082000 8.294030 -0.014413
v 3.082000 8.296957 -0.015300
v 3.082000 8.300000 -0.015600
v 3.082000 8.303043 -0.015300
v 3.082000 8.305970 -0.014413
v 3.082000 8.308667 -0.012971
v 3.082000 8.311031 -0.011031
v 3.082000 8.312971 -0.008667
v 3.082000 8.314413 -0.005970
v 3.082000 8.315300 -0.003043
v 3.088080 8.352000 0.000000
v 3.088080 8.351001 0.010145
v 3.113920 8.331621 0.006290
v 3.113920 8.332240 0.000000
v 3.088080 8.348042 0.019900
v 3.113920 8.329786 0.012338
v 3.088080 8.343236 0.028890
v 3.113920 8.326807 0.017912
v 3.088080 8.336770 0.036770
v 3.113920 8.322797 0.022797
v 3.088080 8.328890 0.043236
v 3.113920 8.317912 0.026807
v 3.088080 8.319900 0.048042
v 3.113920 8.312338 0.029786
v 3.088080 8.310145 0.051001
v 3.113920 8.306290 0.031621
v 3.088080 8.300000 0.052000
v 3.113920 8.300000 0.032240
v 3.088080 8.289855 0.051001
v 3.113920 8.293710 0.031621
v 3.088080 8.280100 0.048042
v 3.113920 8.287662 0.029786
v 3.088080 8.271110 0.043236
v 3.113920 8.282088 0.026807
v 3.088080 8.263230 0.036770
v 3.113920 8.277203 0.022797
v 3.088080 8.256764 0.028890
v 3.113920 8.273193 0.017912
v 3.088080 8.251958 0.019900
v 3.113920 8.270214 0.012338
v 3.088080 8.248999 0.010145
v 3.113920 8.268379 0.006290
v 3.088080 8.248000 0.000000
v 3.113920 8.267760 0.000000
v 3.088080 8.248999 -0.010145
v 3.113920 8.268379 -0.006290
v 3.088080 8.251958 -0.019900
v 3.113920 8.270214 -0.012338
v 3.088080 8.256764 -0.028890
v 3.113920 8.273193 -0.017912
v 3.088080 8.263230 -0.036770
v 3.113920 8.277203 -0.022797
v 3.088080 8.271110 -0.043236
v 3.113920 8.282088 -0.026807
v 3.088080 8.280100 -0.048042
v 3.113920 8.287662 -0.029786
v 3.088080 8.289855 -0.051001
v 3.113920 8.293710 -0.031621
v 3.088080 8.300000 -0.052000
v 3.113920 8.300000 -0.032240
v 3.088080 8.310145 -0.051001
v 3.113920 8.306290 -0.031621
v 3.088080 8.319900 -0.048042
v 3.113920 8.312338 -0.029786
v 3.088080 8.328890 -0.043236
v 3.113920 8.317912 -0.026807
v 3.088080 8.336770 -0.036770
v 3.113920 8.322797 -0.022797
v 3.088080 8.343236 -0.028890
v 3.113920 8.326807 -0.017912
v 3.088080 8.348042 -0.019900
v 3.113920 8.329786 -0.012338
v 3.088080 8.351001 -0.010145
v 3.113920 8.331621 -0.006290
v 3.120000 8.315300 0.003043
v 3.120000 8.315600 0.000000
v 3.120000 8.314413 0.005970
v 3.120000 8.312971 0.008667
v 3.120000 8.311031 0.011031
v 3.120000 8.308667 0.012971
v 3.120000 8.305970 0.014413
v 3.120000 8.303043 0.015300
v 3.120000 8.300000 0.015600
v 3.120000 8.296957 0.015300
v 3.120000 8.294030 0.014413
v 3.120000 8.291333 0.012971
v 3.120000 8.288969 0.011031
v 3.120000 8.287029 0.008667
v 3.120000 8.285587 0.005970
v 3.120000 8.284700 0.003043
v 3.120000 8.284400 0.000000
v 3.120000 8.284700 -0.003043
v 3.120000 8.285587 -0.005970
v 3.120000 8.287029 -0.008667
v 3.120000 8.288969 -0.011031
v 3.120000 8.291333 -0.012971
v 3.120000 8.294030 -0.014413
v 3.120000 8.296957 -0.015300
v 3.120000 8.300000 -0.015600
v 3.120000 8.303043 -0.015300
v 3.120000 8.305970 -0.014413
v 3.120000 8.308667 -0.012971
v 3.120000 8.311031 -0.011031
v 3.120000 8.312971 -0.008667
v 3.120000 8.314413 -0.005970
v 3.120000 8.315300 -0.003043
v 3.126080 8.352000 0.000000
v 3.126080 8.351001 0.010145
v 3.151920 8.331621 0.006290
v 3.151920 8.332240 0.000000
v 3.126080 8.348042 0.019900
v 3.151920 8.329786 0.012338
v 3.126080 8.343236 0.028890
v 3.151920 8.326807 0.017912
v 3.126080 8.336770 0.036770
v 3.151920 8.322797 0.022797
v 3.126080 8.328890 0.043236
v 3.151920 8.317912 0.026807
v 3.126080 8.319900 0.048042
v 3.151920 8.312338 0.029786
v 3.126080 8.310145 0.051001
v 3.151920 8.306290 0.031621
v 3.126080 8.300000 0.052000
v 3.151920 8.300000 0.032240
v 3.126080 8.289855 0.051001
v 3.151920 8.293710 0.031621
v 3.126080 8.280100 0.048042
v 3.151920 8.287662 0.029786
v 3.126080 8.271110 0.043236
v 3.151920 8.282088 0.026807
v 3.126080 8.263230 0.036770
v 3.151920 8.277203 0.022797
v 3.126080 8.256764 0.028890
v 3.151920 8.273193 0.017912
v 3.126080 8.251958 0.019900
v 3.151920 8.270214 0.012338
v 3.126080 8.248999 0.010145
v 3.151920 8.268379 0.006290
v 3.126080 8.248000 0.000000
v 3.151920 8.267760 0.000000
v 3.126080 8.248999 -0.010145
v 3.151920 8.268379 -0.006290
v 3.126080 8.251958 -0.019900
v 3.151920 8.270214 -0.012338
v 3.126080 8.256764 -0.028890
v 3.151920 8.273193 -0.017912
v 3.126080 8.263230 -0.036770
v 3.151920 8.277203 -0.022797
v 3.126080 8.271110 -0.043236
v 3.151920 8.282088 -0.026807
v 3.126080 8.280100 -0.048042
v 3.151920 8.287662 -0.029786
v 3.126080 8.289855 -0.051001
v 3.151920 8.293710 -0.031621
v 3.126080 8.300000 -0.052000
v 3.151920 8.300000 -0.032240
v 3.126080 8.310145 -0.051001
v 3.151920 8.306290 -0.031621
v 3.126080 8.319900 -0.048042
v 3.151920 8.312338 -0.029786
v 3.126080 8.328890 -0.043236
v 3.151920 8.317912 -0.026807
v 3.126080 8.336770 -0.036770
v 3.151920 8.322797 -0.022797
v 3.126080 8.343236 -0.028890
v 3.151920 8.326807 -0.017912
v 3.126080 8.348042 -0.019900
v 3.151920 8.329786 -0.012338
v 3.126080 8.351001 -0.010145
v 3.151920 8.331621 -0.006290
v 3.158000 8.315300 0.003043
v 3.158000 8.315600 0.000000
v 3.158000 8.314413 0.005970
v 3.158000 8.312971 0.008667
v 3.158000 8.311031 0.011031
v 3.158000 8.308667 0.012971
v 3.158000 8.305970 0.014413
v 3.158000 8.303043 0.015300
v 3.158000 8.300000 0.015600
v 3.158000 8.296957 0.015300
v 3.158000 8.294030 0.014413
v 3.158000 8.291333 0.012971
v 3.158000 8.288969 0.011031
v 3.158000 8.287029 0.008667
v 3.158000 8.285587 0.005970
v 3.158000 8.284700 0.003043
v 3.158000 8.284400 0.000000
v 3.158000 8.284700 -0.003043
v 3.158000 8.285587 -0.005970
v 3.158000 8.287029 -0.008667
v 3.158000 8.288969 -0.011031
v 3.158000 8.291333 -0.012971
v 3.158000 8.294030 -0.014413
v 3.158000 8.296957 -0.015300
v 3.158000 8.300000 -0.015600
v 3.158000 8.303043 -0.015300
v 3.158000 8.305970 -0.014413
v 3.158000 8.308667 -0.012971
v 3.158000 8.311031 -0.011031
v 3.158000 8.312971 -0.008667
v 3.158000 8.314413 -0.005970
v 3.158000 8.315300 -0.003043
v 3.164080 8.352000 0.000000
v 3.164080 8.351001 0.010145
v 3.189920 8.331621 0.006290
v 3.189920 8.332240 0.000000
v 3.164080 8.348042 0.019900
v 3.189920 8.329786 0.012338
v 3.164080 8.343236 0.028890
v 3.189920 8.326807 0.017912
v 3.164080 8.336770 0.036770
v 3.189920 8.322797 0.022797
v 3.164080 8.328890 0.043236
v 3.189920 8.317912 0.026807
v 3.164080 8.319900 0.048042
v 3.189920 8.312338 0.029786
v 3.164080 8.310145 0.051001
v 3.189920 8.306290 0.031621
v 3.164080 8.300000 0.052000
v 3.189920 8.300000 0.032240
v 3.164080 8.289855 0.051001
v 3.189920 8.293710 0.031621
v 3.164080 8.280100 0.048042
v 3.189920 8.287662 0.029786
v 3.164080 8.271110 0.043236
v 3.189920 8.282088 0.026807
v 3.164080 8.263230 0.036770
v 3.189920 8.277203 0.022797
v 3.164080 8.256764 0.028890
v 3.189920 8.273193 0.017912
v 3.164080 8.251958 0.019900
v 3.189920 8.270214 0.012338
v 3.164080 8.248999 0.010145
v 3.189920 8.268379 0.006290
v 3.164080 8.248000 0.000000
v 3.189920 8.267760 0.000000
v 3.164080 8.248999 -0.010145
v 3.189920 8.268379 -0.006290
v 3.164080 8.251958 -0.019900
v 3.189920 8.270214 -0.012338
v 3.164080 8.256764 -0.028890
v 3.189920 8.273193 -0.017912
v 3.164080 8.263230 -0.036770
v 3.189920 8.277203 -0.022797
v 3.164080 8.271110 -0.043236
v 3.189920 8.282088 -0.026807
v 3.164080 8.280100 -0.048042
v 3.189920 8.287662 -0.029786
v 3.164080 8.289855 -0.051001
v 3.189920 8.293710 -0.031621
v 3.164080 8.300000 -0.052000
v 3.189920 8.300000 -0.032240
v 3.164080 8.310145 -0.051001
v 3.189920 8.306290 -0.031621
v 3.164080 8.319900 -0.048042
v 3.189920 8.312338 -0.029786
v 3.164080 8.328890 -0.043236
v 3.189920 8.317912 -0.026807
v 3.164080 8.336770 -0.036770
v 3.189920 8.322797 -0.022797
v 3.164080 8.343236 -0.028890
v 3.189920 8.326807 -0.017912
v 3.164080 8.348042 -0.019900
v 3.189920 8.329786 -0.012338
v 3.164080 8.351001 -0.010145
v 3.189920 8.331621 -0.006290
v 3.196000 8.315300 0.003043
v 3.196000 8.315600 0.000000
v 3.196000 8.314413 0.005970
v 3.196000 8.312971 0.008667
v 3.196000 8.311031 0.011031
v 3.196000 8.308667 0.012971
v 3.196000 8.305970 0.014413
v 3.196000 8.303043 0.015300
v 3.196000 8.300000 0.015600
v 3.196000 8.296957 0.015300
v 3.196000 8.294030 0.014413
v 3.196000 8.291333 0.012971
v 3.196000 8.288969 0.011031
v 3.196000 8.287029 0.008667
v 3.196000 8.285587 0.005970
v 3.196000 8.284700 0.003043
v 3.196000 8.284400 0.000000
v 3.196000 8.284700 -0.003043
v 3.196000 8.285587 -0.005970
v 3.196000 8.287029 -0.008667
v 3.196000 8.288969 -0.011031
v 3.196000 8.291333 -0.012971
v 3.196000 8.294030 -0.014413
v 3.196000 8.296957 -0.015300
v 3.196000 8.300000 -0.015600
v 3.196000 8.303043 -0.015300
v 3.196000 8.305970 -0.014413
v 3.196000 8.308667 -0.012971
v 3.196000 8.311031 -0.011031
v 3.196000 8.312971 -0.008667
v 3.196000 8.314413 -0.005970
v 3.196000 8.315300 -0.003043
v 3.202080 8.352000 0.000000
v 3.202080 8.351001 0.010145
v 3.227920 8.331621 0.006290
v 3.227920 8.332240 0.000000
v 3.202080 8.348042 0.019900
v 3.227920 8.329786 0.012338
v 3.202080 8.343236 0.028890
v 3.227920 8.326807 0.017912
v 3.202080 8.336770 0.036770
v 3.227920 8.322797 0.022797
v 3.202080 8.328890 0.043236
v 3.227920 8.317912 0.026807
v 3.202080 8.319900 0.048042
v 3.227920 8.312338 0.029786
v 3.202080 8.310145 0.051001
v 3.227920 8.306290 0.031621
v 3.202080 8.300000 0.052000
v 3.227920 8.300000 0.032240
v 3.202080 8.289855 0.051001
v 3.227920 8.293710 0.031621
v 3.202080 8.280100 0.048042
v 3.227920 8.287662 0.029786
v 3.202080 8.271110 0.043236
v 3.227920 8.282088 0.026807
v 3.202080 8.263230 0.036770
v 3.227920 8.277203 0.022797
v 3.202080 8.256764 0.028890
v 3.227920 8.273193 0.017912
v 3.202080 8.251958 0.019900
v 3.227920 8.270214 0.012338
v 3.202080 8.248999 0.010145
v 3.227920 8.268379 0.006290
v 3.202080 8.248000 0.000000
v 3.227920 8.267760 0.000000
v 3.202080 8.248999 -0.010145
v 3.227920 8.268379 -0.006290
v 3.202080 8.251958 -0.019900
v 3.227920 8.270214 -0.012338
v 3.202080 8.256764 -0.028890
v 3.227920 8.273193 -0.017912
v 3.202080 8.263230 -0.036770
v 3.227920 8.277203 -0.022797
v 3.202080 8.271110 -0.043236
v 3.227920 8.282088 -0.026807
v 3.202080 8.280100 -0.048042
v 3.227920 8.287662 -0.029786
v 3.202080 8.289855 -0.051001
v 3.227920 8.293710 -0.031621
v 3.202080 8.300000 -0.052000
v 3.227920 8.300000 -0.032240
v 3.202080 8.310145 -0.051001
v 3.227920 8.306290 -0.031621
v 3.202080 8.319900 -0.048042
v 3.227920 8.312338 -0.029786
v 3.202080 8.328890 -0.043236
v 3.227920 8.317912 -0.026807
v 3.202080 8.336770 -0.036770
v 3.227920 8.322797 -0.022797
v 3.202080 8.343236 -0.028890
v 3.227920 8.326807 -0.017912
v 3.202080 8.348042 -0.019900
v 3.227920 8.329786 -0.012338
v 3.202080 8.351001 -0.010145
v 3.227920 8.331621 -0.006290
v 3.234000 8.315300 0.003043
v 3.234000 8.315600 0.000000
v 3.234000 8.314413 0.005970
v 3.234000 8.312971 0.008667
v 3.234000 8.311031 0.011031
v 3.234000 8.308667 0.012971
v 3.234000 8.305970 0.014413
v 3.234000 8.303043 0.015300
v 3.234000 8.300000 0.015600
v 3.234000 8.296957 0.015300
v 3.234000 8.294030 0.014413
v 3.234000 8.291333 0.012971
v 3.234000 8.288969 0.011031
v 3.234000 8.287029 0.008667
v 3.234000 8.285587 0.005970
v 3.234000 8.284700 0.003043
v 3.234000 8.284400 0.000000
v 3.234000 8.284700 -0.003043
v 3.234000 8.285587 -0.005970
v 3.234000 8.287029 -0.008667
v 3.234000 8.288969 -0.011031
v 3.234000 8.291333 -0.012971
v 3.234000 8.294030 -0.014413
v 3.234000 8.296957 -0.015300
v 3.234000 8.300000 -0.015600
v 3.234000 8.303043 -0.015300
v 3.234000 8.305970 -0.014413
v 3.234000 8.308667 -0.012971
v 3.234000 8.311031 -0.011031
v 3.234000 8.312971 -0.008667
v 3.234000 8.314413 -0.005970
v 3.234000 8.315300 -0.003043
v 3.229000 8.265000 0.035000
v 3.339000 8.265000 0.035000
v 3.339000 8.265000 -0.035000
v 3.229000 8.265000 -0.035000
v 3.229000 8.335000 -0.035000
v 3.339000 8.335000 -0.035000
v 3.339000 8.335000 0.035000
v 3.229000 8.335000 0.035000
v -1.581920 9.952000 0.000000
v -1.581920 9.951001 0.010145
v -1.556080 9.931621 0.006290
v -1.556080 9.932240 0.000000
v -1.581920 9.948042 0.019900
v -1.556080 9.929786 0.012338
v -1.581920 9.943236 0.028890
v -1.556080 9.926807 0.017912
v -1.581920 9.936770 0.036770
v -1.556080 9.922797 0.022797
v -1.581920 9.928890 0.043236
v -1.556080 9.917912 0.026807
v -1.581920 9.919900 0.048042
v -1.556080 9.912338 0.029786
v -1.581920 9.910145 0.051001
v -1.556080 9.906290 0.031621
v -1.581920 9.900000 0.052000
v -1.556080 9.900000 0.032240
v -1.581920 9.889855 0.051001
v -1.556080 9.893710 0.031621
v -1.581920 9.880100 0.048042
v -1.556080 9.887662 0.029786
v -1.581920 9.871110 0.043236
v -1.556080 9.882088 0.026807
v -1.581920 9.863230 0.036770
v -1.556080 9.877203 0.022797
v -1.581920 9.856764 0.028890
v -1.556080 9.873193 0.017912
v -1.581920 9.851958 0.019900
v -1.556080 9.870214 0.012338
v -1.581920 9.848999 0.010145
v -1.556080 9.868379 0.006290
v -1.581920 9.848000 0.000000
v -1.556080 9.867760 0.000000
v -1.581920 9.848999 -0.010145
v -1.556080 9.868379 -0.006290
v -1.581920 9.851958 -0.019900
v -1.556080 9.870214 -0.012338
v -1.581920 9.856764 -0.028890
v -1.556080 9.873193 -0.017912
v -1.581920 9.863230 -0.036770
v -1.556080 9.877203 -0.022797
v -1.581920 9.871110 -0.043236
v -1.556080 9.882088 -0.026807
v -1.581920 9.880100 -0.048042
v -1.556080 9.887662 -0.029786
v -1.581920 9.889855 -0.051001
v -1.556080 9.893710 -0.031621
v -1.581920 9.900000 -0.052000
v -1.556080 9.900000 -0.032240
v -1.581920 9.910145 -0.051001
v -1.556080 9.906290 -0.031621
v -1.581920 9.919900 -0.048042
v -1.556080 9.912338 -0.029786
v -1.581920 9.928890 -0.043236
v -1.556080 9.917912 -0.026807
v -1.581920 9.936770 -0.036770
v -1.556080 9.922797 -0.022797
v -1.581920 9.943236 -0.028890
v -1.556080 9.926807 -0.017912
v -1.581920 9.948042 -0.019900
v -1.556080 9.929786 -0.012338
v -1.581920 9.951001 -0.010145
v -1.556080 9.931621 -0.006290
v -1.588000 9.915600 0.000000
v -1.588000 9.915300 0.003043
v -1.550000 9.915300 0.003043
v -1.550000 9.915600 0.000000
v -1.588000 9.914413 0.005970
v -1.550000 9.914413 0.005970
v -1.588000 9.912971 0.008667
v -1.550000 9.912971 0.008667
v -1.588000 9.911031 0.011031
v -1.550000 9.911031 0.011031
v -1.588000 9.908667 0.012971
v -1.550000 9.908667 0.012971
v -1.588000 9.905970 0.014413
v -1.550000 9.905970 0.014413
v -1.588000 9.903043 0.015300
v -1.550000 9.903043 0.015300
v -1.588000 9.900000 0.015600
v -1.550000 9.900000 0.015600
v -1.588000 9.896957 0.015300
v -1.550000 9.896957 0.015300
v -1.588000 9.894030 0.014413
v -1.550000 9.894030 0.014413
v -1.588000 9.891333 0.012971
v -1.550000 9.891333 0.012971
v -1.588000 9.888969 0.011031
v -1.550000 9.888969 0.011031
v -1.588000 9.887029 0.008667
v -1.550000 9.887029 0.008667
v -1.588000 9.885587 0.005970
v -1.550000 9.885587 0.005970
v -1.588000 9.884700 0.003043
v -1.550000 9.884700 0.003043
v -1.588000 9.884400 0.000000
v -1.550000 9.884400 0.000000
v -1.588000 9.884700 -0.003043
v -1.550000 9.884700 -0.003043
v -1.588000 9.885587 -0.005970
v -1.550000 9.885587 -0.005970
v -1.588000 9.887029 -0.008667
v -1.550000 9.887029 -0.008667
v -1.588000 9.888969 -0.011031
v -1.550000 9.888969 -0.011031
v -1.588000 9.891333 -0.012971
v -1.550000 9.891333 -0.012971
v -1.588000 9.894030 -0.014413
v -1.550000 9.894030 -0.014413
v -1.588000 9.896957 -0.015300
v -1.550000 9.896957 -0.015300
v -1.588000 9.900000 -0.015600
v -1.550000 9.900000 -0.015600
v -1.588000 9.903043 -0.015300
v -1.550000 9.903043 -0.015300
v -1.588000 9.905970 -0.014413
v -1.550000 9.905970 -0.014413
v -1.588000 9.908667 -0.012971
v -1.550000 9.908667 -0.012971
v -1.588000 9.911031 -0.011031
v -1.550000 9.911031 -0.011031
v -1.588000 9.912971 -0.008667
v -1.550000 9.912971 -0.008667
v -1.588000 9.914413 -0.005970
v -1.550000 9.914413 -0.005970
v -1.588000 9.915300 -0.003043
v -1.550000 9.915300 -0.003043
v -1.619920 9.952000 0.000000
v -1.619920 9.951001 0.010145
v -1.594080 9.931621 0.006290
v -1.594080 9.932240 0.000000
v -1.619920 9.948042 0.019900
v -1.594080 9.929786 0.012338
v -1.619920 9.943236 0.028890
v -1.594080 9.926807 0.017912
v -1.619920 9.936770 0.036770
v -1.594080 9.922797 0.022797
v -1.619920 9.928890 0.043236
v -1.594080 9.917912 0.026807
v -1.619920 9.919900 0.048042
v -1.594080 9.912338 0.029786
v -1.619920 9.910145 0.051001
v -1.594080 9.906290 0.031621
v -1.619920 9.900000 0.052000
v -1.594080 9.900000 0.032240
v -1.619920 9.889855 0.051001
v -1.594080 9.893710 0.031621
v -1.619920 9.880100 0.048042
v -1.594080 9.887662 0.029786
v -1.619920 9.871110 0.043236
v -1.594080 9.882088 0.026807
v -1.619920 9.863230 0.036770
v -1.594080 9.877203 0.022797
v -1.619920 9.856764 0.028890
v -1.594080 9.873193 0.017912
v -1.619920 9.851958 0.019900
v -1.594080 9.870214 0.012338
v -1.619920 9.848999 0.010145
v -1.594080 9.868379 0.006290
v -1.619920 9.848000 0.000000
v -1.594080 9.867760 0.000000
v -1.619920 9.848999 -0.010145
v -1.594080 9.868379 -0.006290
v -1.619920 9.851958 -0.019900
v -1.594080 9.870214 -0.012338
v -1.619920 9.856764 -0.028890
v -1.594080 9.873193 -0.017912
v -1.619920 9.863230 -0.036770
v -1.594080 9.877203 -0.022797
v -1.619920 9.871110 -0.043236
v -1.594080 9.882088 -0.026807
v -1.619920 9.880100 -0.048042
v -1.594080 9.887662 -0.029786
v -1.619920 9.889855 -0.051001
v -1.594080 9.893710 -0.031621
v -1.619920 9.900000 -0.052000
v -1.594080 9.900000 -0.032240
v -1.619920 9.910145 -0.051001
v -1.594080 9.906290 -0.031621
v -1.619920 9.919900 -0.048042
v -1.594080 9.912338 -0.029786
v -1.619920 9.928890 -0.043236
v -1.594080 9.917912 -0.026807
v -1.619920 9.936770 -0.036770
v -1.594080 9.922797 -0.022797
v -1.619920 9.943236 -0.028890
v -1.594080 9.926807 -0.017912
v -1.619920 9.948042 -0.019900
v -1.594080 9.929786 -0.012338
v -1.619920 9.951001 -0.010145
v -1.594080 9.931621 -0.006290
v -1.626000 9.915600 0.000000
v -1.626000 9.915300 0.003043
v -1.626000 9.914413 0.005970
v -1.626000 9.912971 0.008667
v -1.626000 9.911031 0.011031
v -1.626000 9.908667 0.012971
v -1.626000 9.905970 0.014413
v -1.626000 9.903043 0.015300
v -1.626000 9.900000 0.015600
v -1.626000 9.896957 0.015300
v -1.626000 9.894030 0.014413
v -1.626000 9.891333 0.012971
v -1.626000 9.888969 0.011031
v -1.626000 9.887029 0.008667
v -1.626000 9.885587 0.005970
v -1.626000 9.884700 0.003043
v -1.626000 9.884400 0.000000
v -1.626000 9.884700 -0.003043
v -1.626000 9.885587 -0.005970
v -1.626000 9.887029 -0.008667
v -1.626000 9.888969 -0.011031
v -1.626000 9.891333 -0.012971
v -1.626000 9.894030 -0.014413
v -1.626000 9.896957 -0.015300
v -1.626000 9.900000 -0.015600
v -1.626000 9.903043 -0.015300
v -1.626000 9.905970 -0.014413
v -1.626000 9.908667 -0.012971
v -1.626000 9.911031 -0.011031
v -1.626000 9.912971 -0.008667
v -1.626000 9.914413 -0.005970
v -1.626000 9.915300 -0.003043
v -1.657920 9.952000 0.000000
v -1.657920 9.951001 0.010145
v -1.632080 9.931621 0.006290
v -1.632080 9.932240 0.000000
v -1.657920 9.948042 0.019900
v -1.632080 9.929786 0.012338
v -1.657920 9.943236 0.028890
v -1.632080 9.926807 0.017912
v -1.657920 9.936770 0.036770
v -1.632080 9.922797 0.022797
v -1.657920 9.928890 0.043236
v -1.632080 9.917912 0.026807
v -1.657920 9.919900 0.048042
v -1.632080 9.912338 0.029786
v -1.657920 9.910145 0.051001
v -1.632080 9.906290 0.031621
v -1.657920 9.900000 0.052000
v -1.632080 9.900000 0.032240
v -1.657920 9.889855 0.051001
v -1.632080 9.893710 0.031621
v -1.657920 9.880100 0.048042
v -1.632080 9.887662 0.029786
v -1.657920 9.871110 0.043236
v -1.632080 9.882088 0.026807
v -1.657920 9.863230 0.036770
v -1.632080 9.877203 0.022797
v -1.657920 9.856764 0.028890
v -1.632080 9.873193 0.017912
v -1.657920 9.851958 0.019900
v -1.632080 9.870214 0.012338
v -1.657920 9.848999 0.010145
v -1.632080 9.868379 0.006290
v -1.657920 9.848000 0.000000
v -1.632080 9.867760 0.000000
v -1.657920 9.848999 -0.010145
v -1.632080 9.868379 -0.006290
v -1.657920 9.851958 -0.019900
v -1.632080 9.870214 -0.012338
v -1.657920 9.856764 -0.028890
v -1.632080 9.873193 -0.017912
v -1.657920 9.863230 -0.036770
v -1.632080 9.877203 -0.022797
v -1.657920 9.871110 -0.043236
v -1.632080 9.882088 -0.026807
v -1.657920 9.880100 -0.048042
v -1.632080 9.887662 -0.029786
v -1.657920 9.889855 -0.051001
v -1.632080 9.893710 -0.031621
v -1.657920 9.900000 -0.052000
v -1.632080 9.900000 -0.032240
v -1.657920 9.910145 -0.051001
v -1.632080 9.906290 -0.031621
v -1.657920 9.919900 -0.048042
v -1.632080 9.912338 -0.029786
v -1.657920 9.928890 -0.043236
v -1.632080 9.917912 -0.026807
v -1.657920 9.936770 -0.036770
v -1.632080 9.922797 -0.022797
v -1.657920 9.943236 -0.028890
v -1.632080 9.926807 -0.017912
v -1.657920 9.948042 -0.019900
v -1.632080 9.929786 -0.012338
v -1.657920 9.951001 -0.010145
v -1.632080 9.931621 -0.006290
v -1.664000 9.915600 0.000000
v -1.664000 9.915300 0.003043
v -1.664000 9.914413 0.005970
v -1.664000 9.912971 0.008667
v -1.664000 9.911031 0.011031
v -1.664000 9.908667 0.012971
v -1.664000 9.905970 0.014413
v -1.664000 9.903043 0.015300
v -1.664000 9.900000 0.015600
v -1.664000 9.896957 0.015300
v -1.664000 9.894030 0.014413
v -1.664000 9.891333 0.012971
v -1.664000 9.888969 0.011031
v -1.664000 9.887029 0.008667
v -1.664000 9.885587 0.005970
v -1.664000 9.884700 0.003043
v -1.664000 9.884400 0.000000
v -1.664000 9.884700 -0.003043
v -1.664000 9.885587 -0.005970
v -1.664000 9.887029 -0.008667
v -1.664000 9.888969 -0.011031
v -1.664000 9.891333 -0.012971
v -1.664000 9.894030 -0.014413
v -1.664000 9.896957 -0.015300
v -1.664000 9.900000 -0.015600
v -1.664000 9.903043 -0.015300
v -1.664000 9.905970 -0.014413
v -1.664000 9.908667 -0.012971
v -1.664000 9.911031 -0.011031
v -1.664000 9.912971 -0.008667
v -1.664000 9.914413 -0.005970
v -1.664000 9.915300 -0.003043
v -1.695920 9.952000 0.000000
v -1.695920 9.951001 0.010145
v -1.670080 9.931621 0.006290
v -1.670080 9.932240 0.000000
v -1.695920 9.948042 0.019900
v -1.670080 9.929786 0.012338
v -1.695920 9.943236 0.028890
v -1.670080 9.926807 0.017912
v -1.695920 9.936770 0.036770
v -1.670080 9.922797 0.022797
v -1.695920 9.928890 0.043236
v -1.670080 9.917912 0.026807
v -1.695920 9.919900 0.048042
v -1.670080 9.912338 0.029786
v -1.695920 9.910145 0.051001
v -1.670080 9.906290 0.031621
v -1.695920 9.900000 0.052000
v -1.670080 9.900000 0.032240
v -1.695920 9.889855 0.051001
v -1.670080 9.893710 0.031621
v -1.695920 9.880100 0.048042
v -1.670080 9.887662 0.029786
v -1.695920 9.871110 0.043236
v -1.670080 9.882088 0.026807
v -1.695920 9.863230 0.036770
v -1.670080 9.877203 0.022797
v -1.695920 9.856764 0.028890
v -1.670080 9.873193 0.017912
v -1.695920 9.851958 0.019900
v -1.670080 9.870214 0.012338
v -1.695920 9.848999 0.010145
v -1.670080 9.868379 0.006290
v -1.695920 9.848000 0.000000
v -1.670080 9.867760 0.000000
v -1.695920 9.848999 -0.010145
v -1.670080 9.868379 -0.006290
v -1.695920 9.851958 -0.019900
v -1.670080 9.870214 -0.012338
v -1.695920 9.856764 -0.028890
v -1.670080 9.873193 -0.017912
v -1.695920 9.863230 -0.036770
v -1.670080 9.877203 -0.022797
v -1.695920 9.871110 -0.043236
v -1.670080 9.882088 -0.026807
v -1.695920 9.880100 -0.048042
v -1.670080 9.887662 -0.029786
v -1.695920 9.889855 -0.051001
v -1.670080 9.893710 -0.031621
v -1.695920 9.900000 -0.052000
v -1.670080 9.900000 -0.032240
v -1.695920 9.910145 -0.051001
v -1.670080 9.906290 -0.031621
v -1.695920 9.919900 -0.048042
v -1.670080 9.912338 -0.029786
v -1.695920 9.928890 -0.043236
v -1.670080 9.917912 -0.026807
v -1.695920 9.936770 -0.036770
v -1.670080 9.922797 -0.022797
v -1.695920 9.943236 -0.028890
v -1.670080 9.926807 -0.017912
v -1.695920 9.948042 -0.019900
v -1.670080 9.929786 -0.012338
v -1.695920 9.951001 -0.010145
v -1.670080 9.931621 -0.006290
v -1.702000 9.915600 0.000000
v -1.702000 9.915300 0.003043
v -1.702000 9.914413 0.005970
v -1.702000 9.912971 0.008667
v -1.702000 9.911031 0.011031
v -1.702000 9.908667 0.012971
v -1.702000 9.905970 0.014413
v -1.702000 9.903043 0.015300
v -1.702000 9.900000 0.015600
v -1.702000 9.896957 0.015300
v -1.702000 9.894030 0.014413
v -1.702000 9.891333 0.012971
v -1.702000 9.888969 0.011031
v -1.702000 9.887029 0.008667
v -1.702000 9.885587 0.005970
v -1.702000 9.884700 0.003043
v -1.702000 9.884400 0.000000
v -1.702000 9.884700 -0.003043
v -1.702000 9.885587 -0.005970
v -1.702000 9.887029 -0.008667
v -1.702000 9.888969 -0.011031
v -1.702000 9.891333 -0.012971
v -1.702000 9.894030 -0.014413
v -1.702000 9.896957 -0.015300
v -1.702000 9.900000 -0.015600
v -1.702000 9.903043 -0.015300
v -1.702000 9.905970 -0.014413
v -1.702000 9.908667 -0.012971
v -1.702000 9.911031 -0.011031
v -1.702000 9.912971 -0.008667
v -1.702000 9.914413 -0.005970
v -1.702000 9.915300 -0.003043
v -1.733920 9.952000 0.000000
v -1.733920 9.951001 0.010145
v -1.708080 9.931621 0.006290
v -1.708080 9.932240 0.000000
v -1.733920 9.948042 0.019900
v -1.708080 9.929786 0.012338
v -1.733920 9.943236 0.028890
v -1.708080 9.926807 0.017912
v -1.733920 9.936770 0.036770
v -1.708080 9.922797 0.022797
v -1.733920 9.928890 0.043236
v -1.708080 9.917912 0.026807
v -1.733920 9.919900 0.048042
v -1.708080 9.912338 0.029786
v -1.733920 9.910145 0.051001
v -1.708080 9.906290 0.031621
v -1.733920 9.900000 0.052000
v -1.708080 9.900000 0.032240
v -1.733920 9.889855 0.051001
v -1.708080 9.893710 0.031621
v -1.733920 9.880100 0.048042
v -1.708080 9.887662 0.029786
v -1.733920 9.871110 0.043236
v -1.708080 9.882088 0.026807
v -1.733920 9.863230 0.036770
v -1.708080 9.877203 0.022797
v -1.733920 9.856764 0.028890
v -1.708080 9.873193 0.017912
v -1.733920 9.851958 0.019900
v -1.708080 9.870214 0.012338
v -1.733920 9.848999 0.010145
v -1.708080 9.868379 0.006290
v -1.733920 9.848000 0.000000
v -1.708080 9.867760 0.000000
v -1.733920 9.848999 -0.010145
v -1.708080 9.868379 -0.006290
v -1.733920 9.851958 -0.019900
v -1.708080 9.870214 -0.012338
v -1.733920 9.856764 -0.028890
v -1.708080 9.873193 -0.017912
v -1.733920 9.863230 -0.036770
v -1.708080 9.877203 -0.022797
v -1.733920 9.871110 -0.043236
v -1.708080 9.882088 -0.026807
v -1.733920 9.880100 -0.048042
v -1.708080 9.887662 -0.029786
v -1.733920 9.889855 -0.051001
v -1.708080 9.893710 -0.031621
v -1.733920 9.900000 -0.052000
v -1.708080 9.900000 -0.032240
v -1.733920 9.910145 -0.051001
v -1.708080 9.906290 -0.031621
v -1.733920 9.919900 -0.048042
v -1.708080 9.912338 -0.029786
v -1.733920 9.928890 -0.043236
v -1.708080 9.917912 -0.026807
v -1.733920 9.936770 -0.036770
v -1.708080 9.922797 -0.022797
v -1.733920 9.943236 -0.028890
v -1.708080 9.926807 -0.017912
v -1.733920 9.948042 -0.019900
v -1.708080 9.929786 -0.012338
v -1.733920 9.951001 -0.010145
v -1.708080 9.931621 -0.006290
v -1.740000 9.915600 0.000000
v -1.740000 9.915300 0.003043
v -1.740000 9.914413 0.005970
v -1.740000 9.912971 0.008667
v -1.740000 9.911031 0.011031
v -1.740000 9.908667 0.012971
v -1.740000 9.905970 0.014413
v -1.740000 9.903043 0.015300
v -1.740000 9.900000 0.015600
v -1.740000 9.896957 0.015300
v -1.740000 9.894030 0.014413
v -1.740000 9.891333 0.012971
v -1.740000 9.888969 0.011031
v -1.740000 9.887029 0.008667
v -1.740000 9.885587 0.005970
v -1.740000 9.884700 0.003043
v -1.740000 9.884400 0.000000
v -1.740000 9.884700 -0.003043
v -1.740000 9.885587 -0.005970
v -1.740000 9.887029 -0.008667
v -1.740000 9.888969 -0.011031
v -1.740000 9.891333 -0.012971
v -1.740000 9.894030 -0.014413
v -1.740000 9.896957 -0.015300
v -1.740000 9.900000 -0.015600
v -1.740000 9.903043 -0.015300
v -1.740000 9.905970 -0.014413
v -1.740000 9.908667 -0.012971
v -1.740000 9.911031 -0.011031
v -1.740000 9.912971 -0.008667
v -1.740000 9.914413 -0.005970
v -1.740000 9.915300 -0.003043
v -1.771920 9.952000 0.000000
v -1.771920 9.951001 0.010145
v -1.746080 9.931621 0.006290
v -1.746080 9.932240 0.000000
v -1.771920 9.948042 0.019900
v -1.746080 9.929786 0.012338
v -1.771920 9.943236 0.028890
v -1.746080 9.926807 0.017912
v -1.771920 9.936770 0.036770
v -1.746080 9.922797 0.022797
v -1.771920 9.928890 0.043236
v -1.746080 9.917912 0.026807
v -1.771920 9.919900 0.048042
v -1.746080 9.912338 0.029786
v -1.771920 9.910145 0.051001
v -1.746080 9.906290 0.031621
v -1.771920 9.900000 0.052000
v -1.746080 9.900000 0.032240
v -1.771920 9.889855 0.051001
v -1.746080 9.893710 0.031621
v -1.771920 9.880100 0.048042
v -1.746080 9.887662 0.029786
v -1.771920 9.871110 0.043236
v -1.746080 9.882088 0.026807
v -1.771920 9.863230 0.036770
v -1.746080 9.877203 0.022797
v -1.771920 9.856764 0.028890
v -1.746080 9.873193 0.017912
v -1.771920 9.851958 0.019900
v -1.746080 9.870214 0.012338
v -1.771920 9.848999 0.010145
v -1.746080 9.868379 0.006290
v -1.771920 9.848000 0.000000
v -1.746080 9.867760 0.000000
v -1.771920 9.848999 -0.010145
v -1.746080 9.868379 -0.006290
v -1.771920 9.851958 -0.019900
v -1.746080 9.870214 -0.012338
v -1.771920 9.856764 -0.028890
v -1.746080 9.873193 -0.017912
v -1.771920 9.863230 -0.036770
v -1.746080 9.877203 -0.022797
v -1.771920 9.871110 -0.043236
v -1.746080 9.882088 -0.026807
v -1.771920 9.880100 -0.048042
v -1.746080 9.887662 -0.029786
v -1.771920 9.889855 -0.051001
v -1.746080 9.893710 -0.031621
v -1.771920 9.900000 -0.052000
v -1.746080 9.900000 -0.032240
v -1.771920 9.910145 -0.051001
v -1.746080 9.906290 -0.031621
v -1.771920 9.919900 -0.048042
v -1.746080 9.912338 -0.029786
v -1.771920 9.928890 -0.043236
v -1.746080 9.917912 -0.026807
v -1.771920 9.936770 -0.036770
v -1.746080 9.922797 -0.022797
v -1.771920 9.943236 -0.028890
v -1.746080 9.926807 -0.017912
v -1.771920 9.948042 -0.019900
v -1.746080 9.929786 -0.012338
v -1.771920 9.951001 -0.010145
v -1.746080 9.931621 -0.006290
v -1.778000 9.915600 0.000000
v -1.778000 9.915300 0.003043
v -1.778000 9.914413 0.005970
v -1.778000 9.912971 0.008667
v -1.778000 9.911031 0.011031
v -1.778000 9.908667 0.012971
v -1.778000 9.905970 0.014413
v -1.778000 9.903043 0.015300
v -1.778000 9.900000 0.015600
v -1.778000 9.896957 0.015300
v -1.778000 9.894030 0.014413
v -1.778000 9.891333 0.012971
v -1.778000 9.888969 0.011031
v -1.778000 9.887029 0.008667
v -1.778000 9.885587 0.005970
v -1.778000 9.884700 0.003043
v -1.778000 9.884400 0.000000
v -1.778000 9.884700 -0.003043
v -1.778000 9.885587 -0.005970
v -1.778000 9.887029 -0.008667
v -1.778000 9.888969 -0.011031
v -1.778000 9.891333 -0.012971
v -1.778000 9.894030 -0.014413
v -1.778000 9.896957 -0.015300
v -1.778000 9.900000 -0.015600
v -1.778000 9.903043 -0.015300
v -1.778000 9.905970 -0.014413
v -1.778000 9.908667 -0.012971
v -1.778000 9.911031 -0.011031
v -1.778000 9.912971 -0.008667
v -1.778000 9.914413 -0.005970
v -1.778000 9.915300 -0.003043
v -1.809920 9.952000 0.000000
v -1.809920 9.951001 0.010145
v -1.784080 9.931621 0.006290
v -1.784080 9.932240 0.000000
v -1.809920 9.948042 0.019900
v -1.784080 9.929786 0.012338
v -1.809920 9.943236 0.028890
v -1.784080 9.926807 0.017912
v -1.809920 9.936770 0.036770
v -1.784080 9.922797 0.022797
v -1.809920 9.928890 0.043236
v -1.784080 9.917912 0.026807
v -1.809920 9.919900 0.048042
v -1.784080 9.912338 0.029786
v -1.809920 9.910145 0.051001
v -1.784080 9.906290 0.031621
v -1.809920 9.900000 0.052000
v -1.784080 9.900000 0.032240
v -1.809920 9.889855 0.051001
v -1.784080 9.893710 0.031621
v -1.809920 9.880100 0.048042
v -1.784080 9.887662 0.029786
v -1.809920 9.871110 0.043236
v -1.784080 9.882088 0.026807
v -1.809920 9.863230 0.036770
v -1.784080 9.877203 0.022797
v -1.809920 9.856764 0.028890
v -1.784080 9.873193 0.017912
v -1.809920 9.851958 0.019900
v -1.784080 9.870214 0.012338
v -1.809920 9.848999 0.010145
v -1.784080 9.868379 0.006290
v -1.809920 9.848000 0.000000
v -1.784080 9.867760 0.000000
v -1.809920 9.848999 -0.010145
v -1.784080 9.868379 -0.006290
v -1.809920 9.851958 -0.019900
v -1.784080 9.870214 -0.012338
v -1.809920 9.856764 -0.028890
v -1.784080 9.873193 -0.017912
v -1.809920 9.863230 -0.036770
v -1.784080 9.877203 -0.022797
v -1.809920 9.871110 -0.043236
v -1.784080 9.882088 -0.026807
v -1.809920 9.880100 -0.048042
v -1.784080 9.887662 -0.029786
v -1.809920 9.889855 -0.051001
v -1.784080 9.893710 -0.031621
v -1.809920 9.900000 -0.052000
v -1.784080 9.900000 -0.032240
v -1.809920 9.910145 -0.051001
v -1.784080 9.906290 -0.031621
v -1.809920 9.919900 -0.048042
v -1.784080 9.912338 -0.029786
v -1.809920 9.928890 -0.043236
v -1.784080 9.917912 -0.026807
v -1.809920 9.936770 -0.036770
v -1.784080 9.922797 -0.022797
v -1.809920 9.943236 -0.028890
v -1.784080 9.926807 -0.017912
v -1.809920 9.948042 -0.019900
v -1.784080 9.929786 -0.012338
v -1.809920 9.951001 -0.010145
v -1.784080 9.931621 -0.006290
v -1.816000 9.915600 0.000000
v -1.816000 9.915300 0.003043
v -1.816000 9.914413 0.005970
v -1.816000 9.912971 0.008667
v -1.816000 9.911031 0.011031
v -1.816000 9.908667 0.012971
v -1.816000 9.905970 0.014413
v -1.816000 9.903043 0.015300
v -1.816000 9.900000 0.015600
v -1.816000 9.896957 0.015300
v -1.816000 9.894030 0.014413
v -1.816000 9.891333 0.012971
v -1.816000 9.888969 0.011031
v -1.816000 9.887029 0.008667
v -1.816000 9.885587 0.005970
v -1.816000 9.884700 0.003043
v -1.816000 9.884400 0.000000
v -1.816000 9.884700 -0.003043
v -1.816000 9.885587 -0.005970
v -1.816000 9.887029 -0.008667
v -1.816000 9.888969 -0.011031
v -1.816000 9.891333 -0.012971
v -1.816000 9.894030 -0.014413
v -1.816000 9.896957 -0.015300
v -1.816000 9.900000 -0.015600
v -1.816000 9.903043 -0.015300
v -1.816000 9.905970 -0.014413
v -1.816000 9.908667 -0.012971
v -1.816000 9.911031 -0.011031
v -1.816000 9.912971 -0.008667
v -1.816000 9.914413 -0.005970
v -1.816000 9.915300 -0.003043
v -1.847920 9.952000 0.000000
v -1.847920 9.951001 0.010145
v -1.822080 9.931621 0.006290
v -1.822080 9.932240 0.000000
v -1.847920 9.948042 0.019900
v -1.822080 9.929786 0.012338
v -1.847920 9.943236 0.028890
v -1.822080 9.926807 0.017912
v -1.847920 9.936770 0.036770
v -1.822080 9.922797 0.022797
v -1.847920 9.928890 0.043236
v -1.822080 9.917912 0.026807
v -1.847920 9.919900 0.048042
v -1.822080 9.912338 0.029786
v -1.847920 9.910145 0.051001
v -1.822080 9.906290 0.031621
v -1.847920 9.900000 0.052000
v -1.822080 9.900000 0.032240
v -1.847920 9.889855 0.051001
v -1.822080 9.893710 0.031621
v -1.847920 9.880100 0.048042
v -1.822080 9.887662 0.029786
v -1.847920 9.871110 0.043236
v -1.822080 9.882088 0.026807
v -1.847920 9.863230 0.036770
v -1.822080 9.877203 0.022797
v -1.847920 9.856764 0.028890
v -1.822080 9.873193 0.017912
v -1.847920 9.851958 0.019900
v -1.822080 9.870214 0.012338
v -1.847920 9.848999 0.010145
v -1.822080 9.868379 0.006290
v -1.847920 9.848000 0.000000
v -1.822080 9.867760 0.000000
v -1.847920 9.848999 -0.010145
v -1.822080 9.868379 -0.006290
v -1.847920 9.851958 -0.019900
v -1.822080 9.870214 -0.012338
v -1.847920 9.856764 -0.028890
v -1.822080 9.873193 -0.017912
v -1.847920 9.863230 -0.036770
v -1.822080 9.877203 -0.022797
v -1.847920 9.871110 -0.043236
v -1.822080 9.882088 -0.026807
v -1.847920 9.880100 -0.048042
v -1.822080 9.887662 -0.029786
v -1.847920 9.889855 -0.051001
v -1.822080 9.893710 -0.031621
v -1.847920 9.900000 -0.052000
v -1.822080 9.900000 -0.032240
v -1.847920 9.910145 -0.051001
v -1.822080 9.906290 -0.031621
v -1.847920 9.919900 -0.048042
v -1.822080 9.912338 -0.029786
v -1.847920 9.928890 -0.043236
v -1.822080 9.917912 -0.026807
v -1.847920 9.936770 -0.036770
v -1.822080 9.922797 -0.022797
v -1.847920 9.943236 -0.028890
v -1.822080 9.926807 -0.017912
v -1.847920 9.948042 -0.019900
v -1.822080 9.929786 -0.012338
v -1.847920 9.951001 -0.010145
v -1.822080 9.931621 -0.006290
v -1.854000 9.915600 0.000000
v -1.854000 9.915300 0.003043
v -1.854000 9.914413 0.005970
v -1.854000 9.912971 0.008667
v -1.854000 9.911031 0.011031
v -1.854000 9.908667 0.012971
v -1.854000 9.905970 0.014413
v -1.854000 9.903043 0.015300
v -1.854000 9.900000 0.015600
v -1.854000 9.896957 0.015300
v -1.854000 9.894030 0.014413
v -1.854000 9.891333 0.012971
v -1.854000 9.888969 0.011031
v -1.854000 9.887029 0.008667
v -1.854000 9.885587 0.005970
v -1.854000 9.884700 0.003043
v -1.854000 9.884400 0.000000
v -1.854000 9.884700 -0.003043
v -1.854000 9.885587 -0.005970
v -1.854000 9.887029 -0.008667
v -1.854000 9.888969 -0.011031
v -1.854000 9.891333 -0.012971
v -1.854000 9.894030 -0.014413
v -1.854000 9.896957 -0.015300
v -1.854000 9.900000 -0.015600
v -1.854000 9.903043 -0.015300
v -1.854000 9.905970 -0.014413
v -1.854000 9.908667 -0.012971
v -1.854000 9.911031 -0.011031
v -1.854000 9.912971 -0.008667
v -1.854000 9.914413 -0.005970
v -1.854000 9.915300 -0.003043
v -1.885920 9.952000 0.000000
v -1.885920 9.951001 0.010145
v -1.860080 9.931621 0.006290
v -1.860080 9.932240 0.000000
v -1.885920 9.948042 0.019900
v -1.860080 9.929786 0.012338
v -1.885920 9.943236 0.028890
v -1.860080 9.926807 0.017912
v -1.885920 9.936770 0.036770
v -1.860080 9.922797 0.022797
v -1.885920 9.928890 0.043236
v -1.860080 9.917912 0.026807
v -1.885920 9.919900 0.048042
v -1.860080 9.912338 0.029786
v -1.885920 9.910145 0.051001
v -1.860080 9.906290 0.031621
v -1.885920 9.900000 0.052000
v -1.860080 9.900000 0.032240
v -1.885920 9.889855 0.051001
v -1.860080 9.893710 0.031621
v -1.885920 9.880100 0.048042
v -1.860080 9.887662 0.029786
v -1.885920 9.871110 0.043236
v -1.860080 9.882088 0.026807
v -1.885920 9.863230 0.036770
v -1.860080 9.877203 0.022797
v -1.885920 9.856764 0.028890
v -1.860080 9.873193 0.017912
v -1.885920 9.851958 0.019900
v -1.860080 9.870214 0.012338
v -1.885920 9.848999 0.010145
v -1.860080 9.868379 0.006290
v -1.885920 9.848000 0.000000
v -1.860080 9.867760 0.000000
v -1.885920 9.848999 -0.010145
v -1.860080 9.868379 -0.006290
v -1.885920 9.851958 -0.019900
v -1.860080 9.870214 -0.012338
v -1.885920 9.856764 -0.028890
v -1.860080 9.873193 -0.017912
v -1.885920 9.863230 -0.036770
v -1.860080 9.877203 -0.022797
v -1.885920 9.871110 -0.043236
v -1.860080 9.882088 -0.026807
v -1.885920 9.880100 -0.048042
v -1.860080 9.887662 -0.029786
v -1.885920 9.889855 -0.051001
v -1.860080 9.893710 -0.031621
v -1.885920 9.900000 -0.052000
v -1.860080 9.900000 -0.032240
v -1.885920 9.910145 -0.051001
v -1.860080 9.906290 -0.031621
v -1.885920 9.919900 -0.048042
v -1.860080 9.912338 -0.029786
v -1.885920 9.928890 -0.043236
v -1.860080 9.917912 -0.026807
v -1.885920 9.936770 -0.036770
v -1.860080 9.922797 -0.022797
v -1.885920 9.943236 -0.028890
v -1.860080 9.926807 -0.017912
v -1.885920 9.948042 -0.019900
v -1.860080 9.929786 -0.012338
v -1.885920 9.951001 -0.010145
v -1.860080 9.931621 -0.006290
v -1.892000 9.915600 0.000000
v -1.892000 9.915300 0.003043
v -1.892000 9.914413 0.005970
v -1.892000 9.912971 0.008667
v -1.892000 9.911031 0.011031
v -1.892000 9.908667 0.012971
v -1.892000 9.905970 0.014413
v -1.892000 9.903043 0.015300
v -1.892000 9.900000 0.015600
v -1.892000 9.896957 0.015300
v -1.892000 9.894030 0.014413
v -1.892000 9.891333 0.012971
v -1.892000 9.888969 0.011031
v -1.892000 9.887029 0.008667
v -1.892000 9.885587 0.005970
v -1.892000 9.884700 0.003043
v -1.892000 9.884400 0.000000
v -1.892000 9.884700 -0.003043
v -1.892000 9.885587 -0.005970
v -1.892000 9.887029 -0.008667
v -1.892000 9.888969 -0.011031
v -1.892000 9.891333 -0.012971
v -1.892000 9.894030 -0.014413
v -1.892000 9.896957 -0.015300
v -1.892000 9.900000 -0.015600
v -1.892000 9.903043 -0.015300
v -1.892000 9.905970 -0.014413
v -1.892000 9.908667 -0.012971
v -1.892000 9.911031 -0.011031
v -1.892000 9.912971 -0.008667
v -1.892000 9.914413 -0.005970
v -1.892000 9.915300 -0.003043
v -1.923920 9.952000 0.000000
v -1.923920 9.951001 0.010145
v -1.898080 9.931621 0.006290
v -1.898080 9.932240 0.000000
v -1.923920 9.948042 0.019900
v -1.898080 9.929786 0.012338
v -1.923920 9.943236 0.028890
v -1.898080 9.926807 0.017912
v -1.923920 9.936770 0.036770
v -1.898080 9.922797 0.022797
v -1.923920 9.928890 0.043236
v -1.898080 9.917912 0.026807
v -1.923920 9.919900 0.048042
v -1.898080 9.912338 0.029786
v -1.923920 9.910145 0.051001
v -1.898080 9.906290 0.031621
v -1.923920 9.900000 0.052000
v -1.898080 9.900000 0.032240
v -1.923920 9.889855 0.051001
v -1.898080 9.893710 0.031621
v -1.923920 9.880100 0.048042
v -1.898080 9.887662 0.029786
v -1.923920 9.871110 0.043236
v -1.898080 9.882088 0.026807
v -1.923920 9.863230 0.036770
v -1.898080 9.877203 0.022797
v -1.923920 9.856764 0.028890
v -1.898080 9.873193 0.017912
v -1.923920 9.851958 0.019900
v -1.898080 9.870214 0.012338
v -1.923920 9.848999 0.010145
v -1.898080 9.868379 0.006290
v -1.923920 9.848000 0.000000
v -1.898080 9.867760 0.000000
v -1.923920 9.848999 -0.010145
v -1.898080 9.868379 -0.006290
v -1.923920 9.851958 -0.019900
v -1.898080 9.870214 -0.012338
v -1.923920 9.856764 -0.028890
v -1.898080 9.873193 -0.017912
v -1.923920 9.863230 -0.036770
v -1.898080 9.877203 -0.022797
v -1.923920 9.871110 -0.043236
v -1.898080 9.882088 -0.026807
v -1.923920 9.880100 -0.048042
v -1.898080 9.887662 -0.029786
v -1.923920 9.889855 -0.051001
v -1.898080 9.893710 -0.031621
v -1.923920 9.900000 -0.052000
v -1.898080 9.900000 -0.032240
v -1.923920 9.910145 -0.051001
v -1.898080 9.906290 -0.031621
v -1.923920 9.919900 -0.048042
v -1.898080 9.912338 -0.029786
v -1.923920 9.928890 -0.043236
v -1.898080 9.917912 -0.026807
v -1.923920 9.936770 -0.036770
v -1.898080 9.922797 -0.022797
v -1.923920 9.943236 -0.028890
v -1.898080 9.926807 -0.017912
v -1.923920 9.948042 -0.019900
v -1.898080 9.929786 -0.012338
v -1.923920 9.951001 -0.010145
v -1.898080 9.931621 -0.006290
v -1.930000 9.915600 0.000000
v -1.930000 9.915300 0.003043
v -1.930000 9.914413 0.005970
v -1.930000 9.912971 0.008667
v -1.930000 9.911031 0.011031
v -1.930000 9.908667 0.012971
v -1.930000 9.905970 0.014413
v -1.930000 9.903043 0.015300
v -1.930000 9.900000 0.015600
v -1.930000 9.896957 0.015300
v -1.930000 9.894030 0.014413
v -1.930000 9.891333 0.012971
v -1.930000 9.888969 0.011031
v -1.930000 9.887029 0.008667
v -1.930000 9.885587 0.005970
v -1.930000 9.884700 0.003043
v -1.930000 9.884400 0.000000
v -1.930000 9.884700 -0.003043
v -1.930000 9.885587 -0.005970
v -1.930000 9.887029 -0.008667
v -1.930000 9.888969 -0.011031
v -1.930000 9.891333 -0.012971
v -1.930000 9.894030 -0.014413
v -1.930000 9.896957 -0.015300
v -1.930000 9.900000 -0.015600
v -1.930000 9.903043 -0.015300
v -1.930000 9.905970 -0.014413
v -1.930000 9.908667 -0.012971
v -1.930000 9.911031 -0.011031
v -1.930000 9.912971 -0.008667
v -1.930000 9.914413 -0.005970
v -1.930000 9.915300 -0.003043
v -1.961920 9.952000 0.000000
v -1.961920 9.951001 0.010145
v -1.936080 9.931621 0.006290
v -1.936080 9.932240 0.000000
v -1.961920 9.948042 0.019900
v -1.936080 9.929786 0.012338
v -1.961920 9.943236 0.028890
v -1.936080 9.926807 0.017912
v -1.961920 9.936770 0.036770
v -1.936080 9.922797 0.022797
v -1.961920 9.928890 0.043236
v -1.936080 9.917912 0.026807
v -1.961920 9.919900 0.048042
v -1.936080 9.912338 0.029786
v -1.961920 9.910145 0.051001
v -1.936080 9.906290 0.031621
v -1.961920 9.900000 0.052000
v -1.936080 9.900000 0.032240
v -1.961920 9.889855 0.051001
v -1.936080 9.893710 0.031621
v -1.961920 9.880100 0.048042
v -1.936080 9.887662 0.029786
v -1.961920 9.871110 0.043236
v -1.936080 9.882088 0.026807
v -1.961920 9.863230 0.036770
v -1.936080 9.877203 0.022797
v -1.961920 9.856764 0.028890
v -1.936080 9.873193 0.017912
v -1.961920 9.851958 0.019900
v -1.936080 9.870214 0.012338
v -1.961920 9.848999 0.010145
v -1.936080 9.868379 0.006290
v -1.961920 9.848000 0.000000
v -1.936080 9.867760 0.000000
v -1.961920 9.848999 -0.010145
v -1.936080 9.868379 -0.006290
v -1.961920 9.851958 -0.019900
v -1.936080 9.870214 -0.012338
v -1.961920 9.856764 -0.028890
v -1.936080 9.873193 -0.017912
v -1.961920 9.863230 -0.036770
v -1.936080 9.877203 -0.022797
v -1.961920 9.871110 -0.043236
v -1.936080 9.882088 -0.026807
v -1.961920 9.880100 -0.048042
v -1.936080 9.887662 -0.029786
v -1.961920 9.889855 -0.051001
v -1.936080 9.893710 -0.031621
v -1.961920 9.900000 -0.052000
v -1.936080 9.900000 -0.032240
v -1.961920 9.910145 -0.051001
v -1.936080 9.906290 -0.031621
v -1.961920 9.919900 -0.048042
v -1.936080 9.912338 -0.029786
v -1.961920 9.928890 -0.043236
v -1.936080 9.917912 -0.026807
v -1.961920 9.936770 -0.036770
v -1.936080 9.922797 -0.022797
v -1.961920 9.943236 -0.028890
v -1.936080 9.926807 -0.017912
v -1.961920 9.948042 -0.019900
v -1.936080 9.929786 -0.012338
v -1.961920 9.951001 -0.010145
v -1.936080 9.931621 -0.006290
v -1.968000 9.915600 0.000000
v -1.968000 9.915300 0.003043
v -1.968000 9.914413 0.005970
v -1.968000 9.912971 0.008667
v -1.968000 9.911031 0.011031
v -1.968000 9.908667 0.012971
v -1.968000 9.905970 0.014413
v -1.968000 9.903043 0.015300
v -1.968000 9.900000 0.015600
v -1.968000 9.896957 0.015300
v -1.968000 9.894030 0.014413
v -1.968000 9.891333 0.012971
v -1.968000 9.888969 0.011031
v -1.968000 9.887029 0.008667
v -1.968000 9.885587 0.005970
v -1.968000 9.884700 0.003043
v -1.968000 9.884400 0.000000
v -1.968000 9.884700 -0.003043
v -1.968000 9.885587 -0.005970
v -1.968000 9.887029 -0.008667
v -1.968000 9.888969 -0.011031
v -1.968000 9.891333 -0.012971
v -1.968000 9.894030 -0.014413
v -1.968000 9.896957 -0.015300
v -1.968000 9.900000 -0.015600
v -1.968000 9.903043 -0.015300
v -1.968000 9.905970 -0.014413
v -1.968000 9.908667 -0.012971
v -1.968000 9.911031 -0.011031
v -1.968000 9.912971 -0.008667
v -1.968000 9.914413 -0.005970
v -1.968000 9.915300 -0.003043
v -1.999920 9.952000 0.000000
v -1.999920 9.951001 0.010145
v -1.974080 9.931621 0.006290
v -1.974080 9.932240 0.000000
v -1.999920 9.948042 0.019900
v -1.974080 9.929786 0.012338
v -1.999920 9.943236 0.028890
v -1.974080 9.926807 0.017912
v -1.999920 9.936770 0.036770
v -1.974080 9.922797 0.022797
v -1.999920 9.928890 0.043236
v -1.974080 9.917912 0.026807
v -1.999920 9.919900 0.048042
v -1.974080 9.912338 0.029786
v -1.999920 9.910145 0.051001
v -1.974080 9.906290 0.031621
v -1.999920 9.900000 0.052000
v -1.974080 9.900000 0.032240
v -1.999920 9.889855 0.051001
v -1.974080 9.893710 0.031621
v -1.999920 9.880100 0.048042
v -1.974080 9.887662 0.029786
v -1.999920 9.871110 0.043236
v -1.974080 9.882088 0.026807
v -1.999920 9.863230 0.036770
v -1.974080 9.877203 0.022797
v -1.999920 9.856764 0.028890
v -1.974080 9.873193 0.017912
v -1.999920 9.851958 0.019900
v -1.974080 9.870214 0.012338
v -1.999920 9.848999 0.010145
v -1.974080 9.868379 0.006290
v -1.999920 9.848000 0.000000
v -1.974080 9.867760 0.000000
v -1.999920 9.848999 -0.010145
v -1.974080 9.868379 -0.006290
v -1.999920 9.851958 -0.019900
v -1.974080 9.870214 -0.012338
v -1.999920 9.856764 -0.028890
v -1.974080 9.873193 -0.017912
v -1.999920 9.863230 -0.036770
v -1.974080 9.877203 -0.022797
v -1.999920 9.871110 -0.043236
v -1.974080 9.882088 -0.026807
v -1.999920 9.880100 -0.048042
v -1.974080 9.887662 -0.029786
v -1.999920 9.889855 -0.051001
v -1.974080 9.893710 -0.031621
v -1.999920 9.900000 -0.052000
v -1.974080 9.900000 -0.032240
v -1.999920 9.910145 -0.051001
v -1.974080 9.906290 -0.031621
v -1.999920 9.919900 -0.048042
v -1.974080 9.912338 -0.029786
v -1.999920 9.928890 -0.043236
v -1.974080 9.917912 -0.026807
v -1.999920 9.936770 -0.036770
v -1.974080 9.922797 -0.022797
v -1.999920 9.943236 -0.028890
v -1.974080 9.926807 -0.017912
v -1.999920 9.948042 -0.019900
v -1.974080 9.929786 -0.012338
v -1.999920 9.951001 -0.010145
v -1.974080 9.931621 -0.006290
v -2.006000 9.915600 0.000000
v -2.006000 9.915300 0.003043
v -2.006000 9.914413 0.005970
v -2.006000 9.912971 0.008667
v -2.006000 9.911031 0.011031
v -2.006000 9.908667 0.012971
v -2.006000 9.905970 0.014413
v -2.006000 9.903043 0.015300
v -2.006000 9.900000 0.015600
v -2.006000 9.896957 0.015300
v -2.006000 9.894030 0.014413
v -2.006000 9.891333 0.012971
v -2.006000 9.888969 0.011031
v -2.006000 9.887029 0.008667
v -2.006000 9.885587 0.005970
v -2.006000 9.884700 0.003043
v -2.006000 9.884400 0.000000
v -2.006000 9.884700 -0.003043
v -2.006000 9.885587 -0.005970
v -2.006000 9.887029 -0.008667
v -2.006000 9.888969 -0.011031
v -2.006000 9.891333 -0.012971
v -2.006000 9.894030 -0.014413
v -2.006000 9.896957 -0.015300
v -2.006000 9.900000 -0.015600
v -2.006000 9.903043 -0.015300
v -2.006000 9.905970 -0.014413
v -2.006000 9.908667 -0.012971
v -2.006000 9.911031 -0.011031
v -2.006000 9.912971 -0.008667
v -2.006000 9.914413 -0.005970
v -2.006000 9.915300 -0.003043
v -2.037920 9.952000 0.000000
v -2.037920 9.951001 0.010145
v -2.012080 9.931621 0.006290
v -2.012080 9.932240 0.000000
v -2.037920 9.948042 0.019900
v -2.012080 9.929786 0.012338
v -2.037920 9.943236 0.028890
v -2.012080 9.926807 0.017912
v -2.037920 9.936770 0.036770
v -2.012080 9.922797 0.022797
v -2.037920 9.928890 0.043236
v -2.012080 9.917912 0.026807
v -2.037920 9.919900 0.048042
v -2.012080 9.912338 0.029786
v -2.037920 9.910145 0.051001
v -2.012080 9.906290 0.031621
v -2.037920 9.900000 0.052000
v -2.012080 9.900000 0.032240
v -2.037920 9.889855 0.051001
v -2.012080 9.893710 0.031621
v -2.037920 9.880100 0.048042
v -2.012080 9.887662 0.029786
v -2.037920 9.871110 0.043236
v -2.012080 9.882088 0.026807
v -2.037920 9.863230 0.036770
v -2.012080 9.877203 0.022797
v -2.037920 9.856764 0.028890
v -2.012080 9.873193 0.017912
v -2.037920 9.851958 0.019900
v -2.012080 9.870214 0.012338
v -2.037920 9.848999 0.010145
v -2.012080 9.868379 0.006290
v -2.037920 9.848000 0.000000
v -2.012080 9.867760 0.000000
v -2.037920 9.848999 -0.010145
v -2.012080 9.868379 -0.006290
v -2.037920 9.851958 -0.019900
v -2.012080 9.870214 -0.012338
v -2.037920 9.856764 -0.028890
v -2.012080 9.873193 -0.017912
v -2.037920 9.863230 -0.036770
v -2.012080 9.877203 -0.022797
v -2.037920 9.871110 -0.043236
v -2.012080 9.882088 -0.026807
v -2.037920 9.880100 -0.048042
v -2.012080 9.887662 -0.029786
v -2.037920 9.889855 -0.051001
v -2.012080 9.893710 -0.031621
v -2.037920 9.900000 -0.052000
v -2.012080 9.900000 -0.032240
v -2.037920 9.910145 -0.051001
v -2.012080 9.906290 -0.031621
v -2.037920 9.919900 -0.048042
v -2.012080 9.912338 -0.029786
v -2.037920 9.928890 -0.043236
v -2.012080 9.917912 -0.026807
v -2.037920 9.936770 -0.036770
v -2.012080 9.922797 -0.022797
v -2.037920 9.943236 -0.028890
v -2.012080 9.926807 -0.017912
v -2.037920 9.948042 -0.019900
v -2.012080 9.929786 -0.012338
v -2.037920 9.951001 -0.010145
v -2.012080 9.931621 -0.006290
v -2.044000 9.915600 0.000000
v -2.044000 9.915300 0.003043
v -2.044000 9.914413 0.005970
v -2.044000 9.912971 0.008667
v -2.044000 9.911031 0.011031
v -2.044000 9.908667 0.012971
v -2.044000 9.905970 0.014413
v -2.044000 9.903043 0.015300
v -2.044000 9.900000 0.015600
v -2.044000 9.896957 0.015300
v -2.044000 9.894030 0.014413
v -2.044000 9.891333 0.012971
v -2.044000 9.888969 0.011031
v -2.044000 9.887029 0.008667
v -2.044000 9.885587 0.005970
v -2.044000 9.884700 0.003043
v -2.044000 9.884400 0.000000
v -2.044000 9.884700 -0.003043
v -2.044000 9.885587 -0.005970
v -2.044000 9.887029 -0.008667
v -2.044000 9.888969 -0.011031
v -2.044000 9.891333 -0.012971
v -2.044000 9.894030 -0.014413
v -2.044000 9.896957 -0.015300
v -2.044000 9.900000 -0.015600
v -2.044000 9.903043 -0.015300
v -2.044000 9.905970 -0.014413
v -2.044000 9.908667 -0.012971
v -2.044000 9.911031 -0.011031
v -2.044000 9.912971 -0.008667
v -2.044000 9.914413 -0.005970
v -2.044000 9.915300 -0.003043
v -2.075920 9.952000 0.000000
v -2.075920 9.951001 0.010145
v -2.050080 9.931621 0.006290
v -2.050080 9.932240 0.000000
v -2.075920 9.948042 0.019900
v -2.050080 9.929786 0.012338
v -2.075920 9.943236 0.028890
v -2.050080 9.926807 0.017912
v -2.075920 9.936770 0.036770
v -2.050080 9.922797 0.022797
v -2.075920 9.928890 0.043236
v -2.050080 9.917912 0.026807
v -2.075920 9.919900 0.048042
v -2.050080 9.912338 0.029786
v -2.075920 9.910145 0.051001
v -2.050080 9.906290 0.031621
v -2.075920 9.900000 0.052000
v -2.050080 9.900000 0.032240
v -2.075920 9.889855 0.051001
v -2.050080 9.893710 0.031621
v -2.075920 9.880100 0.048042
v -2.050080 9.887662 0.029786
v -2.075920 9.871110 0.043236
v -2.050080 9.882088 0.026807
v -2.075920 9.863230 0.036770
v -2.050080 9.877203 0.022797
v -2.075920 9.856764 0.028890
v -2.050080 9.873193 0.017912
v -2.075920 9.851958 0.019900
v -2.050080 9.870214 0.012338
v -2.075920 9.848999 0.010145
v -2.050080 9.868379 0.006290
v -2.075920 9.848000 0.000000
v -2.050080 9.867760 0.000000
v -2.075920 9.848999 -0.010145
v -2.050080 9.868379 -0.006290
v -2.075920 9.851958 -0.019900
v -2.050080 9.870214 -0.012338
v -2.075920 9.856764 -0.028890
v -2.050080 9.873193 -0.017912
v -2.075920 9.863230 -0.036770
v -2.050080 9.877203 -0.022797
v -2.075920 9.871110 -0.043236
v -2.050080 9.882088 -0.026807
v -2.075920 9.880100 -0.048042
v -2.050080 9.887662 -0.029786
v -2.075920 9.889855 -0.051001
v -2.050080 9.893710 -0.031621
v -2.075920 9.900000 -0.052000
v -2.050080 9.900000 -0.032240
v -2.075920 9.910145 -0.051001
v -2.050080 9.906290 -0.031621
v -2.075920 9.919900 -0.048042
v -2.050080 9.912338 -0.029786
v -2.075920 9.928890 -0.043236
v -2.050080 9.917912 -0.026807
v -2.075920 9.936770 -0.036770
v -2.050080 9.922797 -0.022797
v -2.075920 9.943236 -0.028890
v -2.050080 9.926807 -0.017912
v -2.075920 9.948042 -0.019900
v -2.050080 9.929786 -0.012338
v -2.075920 9.951001 -0.010145
v -2.050080 9.931621 -0.006290
v -2.082000 9.915600 0.000000
v -2.082000 9.915300 0.003043
v -2.082000 9.914413 0.005970
v -2.082000 9.912971 0.008667
v -2.082000 9.911031 0.011031
v -2.082000 9.908667 0.012971
v -2.082000 9.905970 0.014413
v -2.082000 9.903043 0.015300
v -2.082000 9.900000 0.015600
v -2.082000 9.896957 0.015300
v -2.082000 9.894030 0.014413
v -2.082000 9.891333 0.012971
v -2.082000 9.888969 0.011031
v -2.082000 9.887029 0.008667
v -2.082000 9.885587 0.005970
v -2.082000 9.884700 0.003043
v -2.082000 9.884400 0.000000
v -2.082000 9.884700 -0.003043
v -2.082000 9.885587 -0.005970
v -2.082000 9.887029 -0.008667
v -2.082000 9.888969 -0.011031
v -2.082000 9.891333 -0.012971
v -2.082000 9.894030 -0.014413
v -2.082000 9.896957 -0.015300
v -2.082000 9.900000 -0.015600
v -2.082000 9.903043 -0.015300
v -2.082000 9.905970 -0.014413
v -2.082000 9.908667 -0.012971
v -2.082000 9.911031 -0.011031
v -2.082000 9.912971 -0.008667
v -2.082000 9.914413 -0.005970
v -2.082000 9.915300 -0.003043
v -2.113920 9.952000 0.000000
v -2.113920 9.951001 0.010145
v -2.088080 9.931621 0.006290
v -2.088080 9.932240 0.000000
v -2.113920 9.948042 0.019900
v -2.088080 9.929786 0.012338
v -2.113920 9.943236 0.028890
v -2.088080 9.926807 0.017912
v -2.113920 9.936770 0.036770
v -2.088080 9.922797 0.022797
v -2.113920 9.928890 0.043236
v -2.088080 9.917912 0.026807
v -2.113920 9.919900 0.048042
v -2.088080 9.912338 0.029786
v -2.113920 9.910145 0.051001
v -2.088080 9.906290 0.031621
v -2.113920 9.900000 0.052000
v -2.088080 9.900000 0.032240
v -2.113920 9.889855 0.051001
v -2.088080 9.893710 0.031621
v -2.113920 9.880100 0.048042
v -2.088080 9.887662 0.029786
v -2.113920 9.871110 0.043236
v -2.088080 9.882088 0.026807
v -2.113920 9.863230 0.036770
v -2.088080 9.877203 0.022797
v -2.113920 9.856764 0.028890
v -2.088080 9.873193 0.017912
v -2.113920 9.851958 0.019900
v -2.088080 9.870214 0.012338
v -2.113920 9.848999 0.010145
v -2.088080 9.868379 0.006290
v -2.113920 9.848000 0.000000
v -2.088080 9.867760 0.000000
v -2.113920 9.848999 -0.010145
v -2.088080 9.868379 -0.006290
v -2.113920 9.851958 -0.019900
v -2.088080 9.870214 -0.012338
v -2.113920 9.856764 -0.028890
v -2.088080 9.873193 -0.017912
v -2.113920 9.863230 -0.036770
v -2.088080 9.877203 -0.022797
v -2.113920 9.871110 -0.043236
v -2.088080 9.882088 -0.026807
v -2.113920 9.880100 -0.048042
v -2.088080 9.887662 -0.029786
v -2.113920 9.889855 -0.051001
v -2.088080 9.893710 -0.031621
v -2.113920 9.900000 -0.052000
v -2.088080 9.900000 -0.032240
v -2.113920 9.910145 -0.051001
v -2.088080 9.906290 -0.031621
v -2.113920 9.919900 -0.048042
v -2.088080 9.912338 -0.029786
v -2.113920 9.928890 -0.043236
v -2.088080 9.917912 -0.026807
v -2.113920 9.936770 -0.036770
v -2.088080 9.922797 -0.022797
v -2.113920 9.943236 -0.028890
v -2.088080 9.926807 -0.017912
v -2.113920 9.948042 -0.019900
v -2.088080 9.929786 -0.012338
v -2.113920 9.951001 -0.010145
v -2.088080 9.931621 -0.006290
v -2.120000 9.915600 0.000000
v -2.120000 9.915300 0.003043
v -2.120000 9.914413 0.005970
v -2.120000 9.912971 0.008667
v -2.120000 9.911031 0.011031
v -2.120000 9.908667 0.012971
v -2.120000 9.905970 0.014413
v -2.120000 9.903043 0.015300
v -2.120000 9.900000 0.015600
v -2.120000 9.896957 0.015300
v -2.120000 9.894030 0.014413
v -2.120000 9.891333 0.012971
v -2.120000 9.888969 0.011031
v -2.120000 9.887029 0.008667
v -2.120000 9.885587 0.005970
v -2.120000 9.884700 0.003043
v -2.120000 9.884400 0.000000
v -2.120000 9.884700 -0.003043
v -2.120000 9.885587 -0.005970
v -2.120000 9.887029 -0.008667
v -2.120000 9.888969 -0.011031
v -2.120000 9.891333 -0.012971
v -2.120000 9.894030 -0.014413
v -2.120000 9.896957 -0.015300
v -2.120000 9.900000 -0.015600
v -2.120000 9.903043 -0.015300
v -2.120000 9.905970 -0.014413
v -2.120000 9.908667 -0.012971
v -2.120000 9.911031 -0.011031
v -2.120000 9.912971 -0.008667
v -2.120000 9.914413 -0.005970
v -2.120000 9.915300 -0.003043
v -2.151920 9.952000 0.000000
v -2.151920 9.951001 0.010145
v -2.126080 9.931621 0.006290
v -2.126080 9.932240 0.000000
v -2.151920 9.948042 0.019900
v -2.126080 9.929786 0.012338
v -2.151920 9.943236 0.028890
v -2.126080 9.926807 0.017912
v -2.151920 9.936770 0.036770
v -2.126080 9.922797 0.022797
v -2.151920 9.928890 0.043236
v -2.126080 9.917912 0.026807
v -2.151920 9.919900 0.048042
v -2.126080 9.912338 0.029786
v -2.151920 9.910145 0.051001
v -2.126080 9.906290 0.031621
v -2.151920 9.900000 0.052000
v -2.126080 9.900000 0.032240
v -2.151920 9.889855 0.051001
v -2.126080 9.893710 0.031621
v -2.151920 9.880100 0.048042
v -2.126080 9.887662 0.029786
v -2.151920 9.871110 0.043236
v -2.126080 9.882088 0.026807
v -2.151920 9.863230 0.036770
v -2.126080 9.877203 0.022797
v -2.151920 9.856764 0.028890
v -2.126080 9.873193 0.017912
v -2.151920 9.851958 0.019900
v -2.126080 9.870214 0.012338
v -2.151920 9.848999 0.010145
v -2.126080 9.868379 0.006290
v -2.151920 9.848000 0.000000
v -2.126080 9.867760 0.000000
v -2.151920 9.848999 -0.010145
v -2.126080 9.868379 -0.006290
v -2.151920 9.851958 -0.019900
v -2.126080 9.870214 -0.012338
v -2.151920 9.856764 -0.028890
v -2.126080 9.873193 -0.017912
v -2.151920 9.863230 -0.036770
v -2.126080 9.877203 -0.022797
v -2.151920 9.871110 -0.043236
v -2.126080 9.882088 -0.026807
v -2.151920 9.880100 -0.048042
v -2.126080 9.887662 -0.029786
v -2.151920 9.889855 -0.051001
v -2.126080 9.893710 -0.031621
v -2.151920 9.900000 -0.052000
v -2.126080 9.900000 -0.032240
v -2.151920 9.910145 -0.051001
v -2.126080 9.906290 -0.031621
v -2.151920 9.919900 -0.048042
v -2.126080 9.912338 -0.029786
v -2.151920 9.928890 -0.043236
v -2.126080 9.917912 -0.026807
v -2.151920 9.936770 -0.036770
v -2.126080 9.922797 -0.022797
v -2.151920 9.943236 -0.028890
v -2.126080 9.926807 -0.017912
v -2.151920 9.948042 -0.019900
v -2.126080 9.929786 -0.012338
v -2.151920 9.951001 -0.010145
v -2.126080 9.931621 -0.006290
v -2.158000 9.915600 0.000000
v -2.158000 9.915300 0.003043
v -2.158000 9.914413 0.005970
v -2.158000 9.912971 0.008667
v -2.158000 9.911031 0.011031
v -2.158000 9.908667 0.012971
v -2.158000 9.905970 0.014413
v -2.158000 9.903043 0.015300
v -2.158000 9.900000 0.015600
v -2.158000 9.896957 0.015300
v -2.158000 9.894030 0.014413
v -2.158000 9.891333 0.012971
v -2.158000 9.888969 0.011031
v -2.158000 9.887029 0.008667
v -2.158000 9.885587 0.005970
v -2.158000 9.884700 0.003043
v -2.158000 9.884400 0.000000
v -2.158000 9.884700 -0.003043
v -2.158000 9.885587 -0.005970
v -2.158000 9.887029 -0.008667
v -2.158000 9.888969 -0.011031
v -2.158000 9.891333 -0.012971
v -2.158000 9.894030 -0.014413
v -2.158000 9.896957 -0.015300
v -2.158000 9.900000 -0.015600
v -2.158000 9.903043 -0.015300
v -2.158000 9.905970 -0.014413
v -2.158000 9.908667 -0.012971
v -2.158000 9.911031 -0.011031
v -2.158000 9.912971 -0.008667
v -2.158000 9.914413 -0.005970
v -2.158000 9.915300 -0.003043
v -2.189920 9.952000 0.000000
v -2.189920 9.951001 0.010145
v -2.164080 9.931621 0.006290
v -2.164080 9.932240 0.000000
v -2.189920 9.948042 0.019900
v -2.164080 9.929786 0.012338
v -2.189920 9.943236 0.028890
v -2.164080 9.926807 0.017912
v -2.189920 9.936770 0.036770
v -2.164080 9.922797 0.022797
v -2.189920 9.928890 0.043236
v -2.164080 9.917912 0.026807
v -2.189920 9.919900 0.048042
v -2.164080 9.912338 0.029786
v -2.189920 9.910145 0.051001
v -2.164080 9.906290 0.031621
v -2.189920 9.900000 0.052000
v -2.164080 9.900000 0.032240
v -2.189920 9.889855 0.051001
v -2.164080 9.893710 0.031621
v -2.189920 9.880100 0.048042
v -2.164080 9.887662 0.029786
v -2.189920 9.871110 0.043236
v -2.164080 9.882088 0.026807
v -2.189920 9.863230 0.036770
v -2.164080 9.877203 0.022797
v -2.189920 9.856764 0.028890
v -2.164080 9.873193 0.017912
v -2.189920 9.851958 0.019900
v -2.164080 9.870214 0.012338
v -2.189920 9.848999 0.010145
v -2.164080 9.868379 0.006290
v -2.189920 9.848000 0.000000
v -2.164080 9.867760 0.000000
v -2.189920 9.848999 -0.010145
v -2.164080 9.868379 -0.006290
v -2.189920 9.851958 -0.019900
v -2.164080 9.870214 -0.012338
v -2.189920 9.856764 -0.028890
v -2.164080 9.873193 -0.017912
v -2.189920 9.863230 -0.036770
v -2.164080 9.877203 -0.022797
v -2.189920 9.871110 -0.043236
v -2.164080 9.882088 -0.026807
v -2.189920 9.880100 -0.048042
v -2.164080 9.887662 -0.029786
v -2.189920 9.889855 -0.051001
v -2.164080 9.893710 -0.031621
v -2.189920 9.900000 -0.052000
v -2.164080 9.900000 -0.032240
v -2.189920 9.910145 -0.051001
v -2.164080 9.906290 -0.031621
v -2.189920 9.919900 -0.048042
v -2.164080 9.912338 -0.029786
v -2.189920 9.928890 -0.043236
v -2.164080 9.917912 -0.026807
v -2.189920 9.936770 -0.036770
v -2.164080 9.922797 -0.022797
v -2.189920 9.943236 -0.028890
v -2.164080 9.926807 -0.017912
v -2.189920 9.948042 -0.019900
v -2.164080 9.929786 -0.012338
v -2.189920 9.951001 -0.010145
v -2.164080 9.931621 -0.006290
v -2.196000 9.915600 0.000000
v -2.196000 9.915300 0.003043
v -2.196000 9.914413 0.005970
v -2.196000 9.912971 0.008667
v -2.196000 9.911031 0.011031
v -2.196000 9.908667 0.012971
v -2.196000 9.905970 0.014413
v -2.196000 9.903043 0.015300
v -2.196000 9.900000 0.015600
v -2.196000 9.896957 0.015300
v -2.196000 9.894030 0.014413
v -2.196000 9.891333 0.012971
v -2.196000 9.888969 0.011031
v -2.196000 9.887029 0.008667
v -2.196000 9.885587 0.005970
v -2.196000 9.884700 0.003043
v -2.196000 9.884400 0.000000
v -2.196000 9.884700 -0.003043
v -2.196000 9.885587 -0.005970
v -2.196000 9.887029 -0.008667
v -2.196000 9.888969 -0.011031
v -2.196000 9.891333 -0.012971
v -2.196000 9.894030 -0.014413
v -2.196000 9.896957 -0.015300
v -2.196000 9.900000 -0.015600
v -2.196000 9.903043 -0.015300
v -2.196000 9.905970 -0.014413
v -2.196000 9.908667 -0.012971
v -2.196000 9.911031 -0.011031
v -2.196000 9.912971 -0.008667
v -2.196000 9.914413 -0.005970
v -2.196000 9.915300 -0.003043
v -2.227920 9.952000 0.000000
v -2.227920 9.951001 0.010145
v -2.202080 9.931621 0.006290
v -2.202080 9.932240 0.000000
v -2.227920 9.948042 0.019900
v -2.202080 9.929786 0.012338
v -2.227920 9.943236 0.028890
v -2.202080 9.926807 0.017912
v -2.227920 9.936770 0.036770
v -2.202080 9.922797 0.022797
v -2.227920 9.928890 0.043236
v -2.202080 9.917912 0.026807
v -2.227920 9.919900 0.048042
v -2.202080 9.912338 0.029786
v -2.227920 9.910145 0.051001
v -2.202080 9.906290 0.031621
v -2.227920 9.900000 0.052000
v -2.202080 9.900000 0.032240
v -2.227920 9.889855 0.051001
v -2.202080 9.893710 0.031621
v -2.227920 9.880100 0.048042
v -2.202080 9.887662 0.029786
v -2.227920 9.871110 0.043236
v -2.202080 9.882088 0.026807
v -2.227920 9.863230 0.036770
v -2.202080 9.877203 0.022797
v -2.227920 9.856764 0.028890
v -2.202080 9.873193 0.017912
v -2.227920 9.851958 0.019900
v -2.202080 9.870214 0.012338
v -2.227920 9.848999 0.010145
v -2.202080 9.868379 0.006290
v -2.227920 9.848000 0.000000
v -2.202080 9.867760 0.000000
v -2.227920 9.848999 -0.010145
v -2.202080 9.868379 -0.006290
v -2.227920 9.851958 -0.019900
v -2.202080 9.870214 -0.012338
v -2.227920 9.856764 -0.028890
v -2.202080 9.873193 -0.017912
v -2.227920 9.863230 -0.036770
v -2.202080 9.877203 -0.022797
v -2.227920 9.871110 -0.043236
v -2.202080 9.882088 -0.026807
v -2.227920 9.880100 -0.048042
v -2.202080 9.887662 -0.029786
v -2.227920 9.889855 -0.051001
v -2.202080 9.893710 -0.031621
v -2.227920 9.900000 -0.052000
v -2.202080 9.900000 -0.032240
v -2.227920 9.910145 -0.051001
v -2.202080 9.906290 -0.031621
v -2.227920 9.919900 -0.048042
v -2.202080 9.912338 -0.029786
v -2.227920 9.928890 -0.043236
v -2.202080 9.917912 -0.026807
v -2.227920 9.936770 -0.036770
v -2.202080 9.922797 -0.022797
v -2.227920 9.943236 -0.028890
v -2.202080 9.926807 -0.017912
v -2.227920 9.948042 -0.019900
v -2.202080 9.929786 -0.012338
v -2.227920 9.951001 -0.010145
v -2.202080 9.931621 -0.006290
v -2.234000 9.915600 0.000000
v -2.234000 9.915300 0.003043
v -2.234000 9.914413 0.005970
v -2.234000 9.912971 0.008667
v -2.234000 9.911031 0.011031
v -2.234000 9.908667 0.012971
v -2.234000 9.905970 0.014413
v -2.234000 9.903043 0.015300
v -2.234000 9.900000 0.015600
v -2.234000 9.896957 0.015300
v -2.234000 9.894030 0.014413
v -2.234000 9.891333 0.012971
v -2.234000 9.888969 0.011031
v -2.234000 9.887029 0.008667
v -2.234000 9.885587 0.005970
v -2.234000 9.884700 0.003043
v -2.234000 9.884400 0.000000
v -2.234000 9.884700 -0.003043
v -2.234000 9.885587 -0.005970
v -2.234000 9.887029 -0.008667
v -2.234000 9.888969 -0.011031
v -2.234000 9.891333 -0.012971
v -2.234000 9.894030 -0.014413
v -2.234000 9.896957 -0.015300
v -2.234000 9.900000 -0.015600
v -2.234000 9.903043 -0.015300
v -2.234000 9.905970 -0.014413
v -2.234000 9.908667 -0.012971
v -2.234000 9.911031 -0.011031
v -2.234000 9.912971 -0.008667
v -2.234000 9.914413 -0.005970
v -2.234000 9.915300 -0.003043
v -2.339000 9.865000 0.035000
v -2.229000 9.865000 0.035000
v -2.229000 9.865000 -0.035000
v -2.339000 9.865000 -0.035000
v -2.339000 9.935000 -0.035000
v -2.229000 9.935000 -0.035000
v -2.229000 9.935000 0.035000
v -2.339000 9.935000 0.035000
v 1.556080 9.952000 0.000000
v 1.556080 9.951001 0.010145
v 1.581920 9.931621 0.006290
v 1.581920 9.932240 0.000000
v 1.556080 9.948042 0.019900
v 1.581920 9.929786 0.012338
v 1.556080 9.943236 0.028890
v 1.581920 9.926807 0.017912
v 1.556080 9.936770 0.036770
v 1.581920 9.922797 0.022797
v 1.556080 9.928890 0.043236
v 1.581920 9.917912 0.026807
v 1.556080 9.919900 0.048042
v 1.581920 9.912338 0.029786
v 1.556080 9.910145 0.051001
v 1.581920 9.906290 0.031621
v 1.556080 9.900000 0.052000
v 1.581920 9.900000 0.032240
v 1.556080 9.889855 0.051001
v 1.581920 9.893710 0.031621
v 1.556080 9.880100 0.048042
v 1.581920 9.887662 0.029786
v 1.556080 9.871110 0.043236
v 1.581920 9.882088 0.026807
v 1.556080 9.863230 0.036770
v 1.581920 9.877203 0.022797
v 1.556080 9.856764 0.028890
v 1.581920 9.873193 0.017912
v 1.556080 9.851958 0.019900
v 1.581920 9.870214 0.012338
v 1.556080 9.848999 0.010145
v 1.581920 9.868379 0.006290
v 1.556080 9.848000 0.000000
v 1.581920 9.867760 0.000000
v 1.556080 9.848999 -0.010145
v 1.581920 9.868379 -0.006290
v 1.556080 9.851958 -0.019900
v 1.581920 9.870214 -0.012338
v 1.556080 9.856764 -0.028890
v 1.581920 9.873193 -0.017912
v 1.556080 9.863230 -0.036770
v 1.581920 9.877203 -0.022797
v 1.556080 9.871110 -0.043236
v 1.581920 9.882088 -0.026807
v 1.556080 9.880100 -0.048042
v 1.581920 9.887662 -0.029786
v 1.556080 9.889855 -0.051001
v 1.581920 9.893710 -0.031621
v 1.556080 9.900000 -0.052000
v 1.581920 9.900000 -0.032240
v 1.556080 9.910145 -0.051001
v 1.581920 9.906290 -0.031621
v 1.556080 9.919900 -0.048042
v 1.581920 9.912338 -0.029786
v 1.556080 9.928890 -0.043236
v 1.581920 9.917912 -0.026807
v 1.556080 9.936770 -0.036770
v 1.581920 9.922797 -0.022797
v 1.556080 9.943236 -0.028890
v 1.581920 9.926807 -0.017912
v 1.556080 9.948042 -0.019900
v 1.581920 9.929786 -0.012338
v 1.556080 9.951001 -0.010145
v 1.581920 9.931621 -0.006290
v 1.550000 9.915600 0.000000
v 1.550000 9.915300 0.003043
v 1.588000 9.915300 0.003043
v 1.588000 9.915600 0.000000
v 1.550000 9.914413 0.005970
v 1.588000 9.914413 0.005970
v 1.550000 9.912971 0.008667
v 1.588000 9.912971 0.008667
v 1.550000 9.911031 0.011031
v 1.588000 9.911031 0.011031
v 1.550000 9.908667 0.012971
v 1.588000 9.908667 0.012971
v 1.550000 9.905970 0.014413
v 1.588000 9.905970 0.014413
v 1.550000 9.903043 0.015300
v 1.588000 9.903043 0.015300
v 1.550000 9.900000 0.015600
v 1.588000 9.900000 0.015600
v 1.550000 9.896957 0.015300
v 1.588000 9.896957 0.015300
v 1.550000 9.894030 0.014413
v 1.588000 9.894030 0.014413
v 1.550000 9.891333 0.012971
v 1.588000 9.891333 0.012971
v 1.550000 9.888969 0.011031
v 1.588000 9.888969 0.011031
v 1.550000 9.887029 0.008667
v 1.588000 9.887029 0.008667
v 1.550000 9.885587 0.005970
v 1.588000 9.885587 0.005970
v 1.550000 9.884700 0.003043
v 1.588000 9.884700 0.003043
v 1.550000 9.884400 0.000000
v 1.588000 9.884400 0.000000
v 1.550000 9.884700 -0.003043
v 1.588000 9.884700 -0.003043
v 1.550000 9.885587 -0.005970
v 1.588000 9.885587 -0.005970
v 1.550000 9.887029 -0.008667
v 1.588000 9.887029 -0.008667
v 1.550000 9.888969 -0.011031
v 1.588000 9.888969 -0.011031
v 1.550000 9.891333 -0.012971
v 1.588000 9.891333 -0.012971
v 1.550000 9.894030 -0.014413
v 1.588000 9.894030 -0.014413
v 1.550000 9.896957 -0.015300
v 1.588000 9.896957 -0.015300
v 1.550000 9.900000 -0.015600
v 1.588000 9.900000 -0.015600
v 1.550000 9.903043 -0.015300
v 1.588000 9.903043 -0.015300
v 1.550000 9.905970 -0.014413
v 1.588000 9.905970 -0.014413
v 1.550000 9.908667 -0.012971
v 1.588000 9.908667 -0.012971
v 1.550000 9.911031 -0.011031
v 1.588000 9.911031 -0.011031
v 1.550000 9.912971 -0.008667
v 1.588000 9.912971 -0.008667
v 1.550000 9.914413 -0.005970
v 1.588000 9.914413 -0.005970
v 1.550000 9.915300 -0.003043
v 1.588000 9.915300 -0.003043
v 1.594080 9.952000 0.000000
v 1.594080 9.951001 0.010145
v 1.619920 9.931621 0.006290
v 1.619920 9.932240 0.000000
v 1.594080 9.948042 0.019900
v 1.619920 9.929786 0.012338
v 1.594080 9.943236 0.028890
v 1.619920 9.926807 0.017912
v 1.594080 9.936770 0.036770
v 1.619920 9.922797 0.022797
v 1.594080 9.928890 0.043236
v 1.619920 9.917912 0.026807
v 1.594080 9.919900 0.048042
v 1.619920 9.912338 0.029786
v 1.594080 9.910145 0.051001
v 1.619920 9.906290 0.031621
v 1.594080 9.900000 0.052000
v 1.619920 9.900000 0.032240
v 1.594080 9.889855 0.051001
v 1.619920 9.893710 0.031621
v 1.594080 9.880100 0.048042
v 1.619920 9.887662 0.029786
v 1.594080 9.871110 0.043236
v 1.619920 9.882088 0.026807
v 1.594080 9.863230 0.036770
v 1.619920 9.877203 0.022797
v 1.594080 9.856764 0.028890
v 1.619920 9.873193 0.017912
v 1.594080 9.851958 0.019900
v 1.619920 9.870214 0.012338
v 1.594080 9.848999 0.010145
v 1.619920 9.868379 0.006290
v 1.594080 9.848000 0.000000
v 1.619920 9.867760 0.000000
v 1.594080 9.848999 -0.010145
v 1.619920 9.868379 -0.006290
v 1.594080 9.851958 -0.019900
v 1.619920 9.870214 -0.012338
v 1.594080 9.856764 -0.028890
v 1.619920 9.873193 -0.017912
v 1.594080 9.863230 -0.036770
v 1.619920 9.877203 -0.022797
v 1.594080 9.871110 -0.043236
v 1.619920 9.882088 -0.026807
v 1.594080 9.880100 -0.048042
v 1.619920 9.887662 -0.029786
v 1.594080 9.889855 -0.051001
v 1.619920 9.893710 -0.031621
v 1.594080 9.900000 -0.052000
v 1.619920 9.900000 -0.032240
v 1.594080 9.910145 -0.051001
v 1.619920 9.906290 -0.031621
v 1.594080 9.919900 -0.048042
v 1.619920 9.912338 -0.029786
v 1.594080 9.928890 -0.043236
v 1.619920 9.917912 -0.026807
v 1.594080 9.936770 -0.036770
v 1.619920 9.922797 -0.022797
v 1.594080 9.943236 -0.028890
v 1.619920 9.926807 -0.017912
v 1.594080 9.948042 -0.019900
v 1.619920 9.929786 -0.012338
v 1.594080 9.951001 -0.010145
v 1.619920 9.931621 -0.006290
v 1.626000 9.915300 0.003043
v 1.626000 9.915600 0.000000
v 1.626000 9.914413 0.005970
v 1.626000 9.912971 0.008667
v 1.626000 9.911031 0.011031
v 1.626000 9.908667 0.012971
v 1.626000 9.905970 0.014413
v 1.626000 9.903043 0.015300
v 1.626000 9.900000 0.015600
v 1.626000 9.896957 0.015300
v 1.626000 9.894030 0.014413
v 1.626000 9.891333 0.012971
v 1.626000 9.888969 0.011031
v 1.626000 9.887029 0.008667
v 1.626000 9.885587 0.005970
v 1.626000 9.884700 0.003043
v 1.626000 9.884400 0.000000
v 1.626000 9.884700 -0.003043
v 1.626000 9.885587 -0.005970
v 1.626000 9.887029 -0.008667
v 1.626000 9.888969 -0.011031
v 1.626000 9.891333 -0.012971
v 1.626000 9.894030 -0.014413
v 1.626000 9.896957 -0.015300
v 1.626000 9.900000 -0.015600
v 1.626000 9.903043 -0.015300
v 1.626000 9.905970 -0.014413
v 1.626000 9.908667 -0.012971
v 1.626000 9.911031 -0.011031
v 1.626000 9.912971 -0.008667
v 1.626000 9.914413 -0.005970
v 1.626000 9.915300 -0.003043
v 1.632080 9.952000 0.000000
v 1.632080 9.951001 0.010145
v 1.657920 9.931621 0.006290
v 1.657920 9.932240 0.000000
v 1.632080 9.948042 0.019900
v 1.657920 9.929786 0.012338
v 1.632080 9.943236 0.028890
v 1.657920 9.926807 0.017912
v 1.632080 9.936770 0.036770
v 1.657920 9.922797 0.022797
v 1.632080 9.928890 0.043236
v 1.657920 9.917912 0.026807
v 1.632080 9.919900 0.048042
v 1.657920 9.912338 0.029786
v 1.632080 9.910145 0.051001
v 1.657920 9.906290 0.031621
v 1.632080 9.900000 0.052000
v 1.657920 9.900000 0.032240
v 1.632080 9.889855 0.051001
v 1.657920 9.893710 0.031621
v 1.632080 9.880100 0.048042
v 1.657920 9.887662 0.029786
v 1.632080 9.871110 0.043236
v 1.657920 9.882088 0.026807
v 1.632080 9.863230 0.036770
v 1.657920 9.877203 0.022797
v 1.632080 9.856764 0.028890
v 1.657920 9.873193 0.017912
v 1.632080 9.851958 0.019900
v 1.657920 9.870214 0.012338
v 1.632080 9.848999 0.010145
v 1.657920 9.868379 0.006290
v 1.632080 9.848000 0.000000
v 1.657920 9.867760 0.000000
v 1.632080 9.848999 -0.010145
v 1.657920 9.868379 -0.006290
v 1.632080 9.851958 -0.019900
v 1.657920 9.870214 -0.012338
v 1.632080 9.856764 -0.028890
v 1.657920 9.873193 -0.017912
v 1.632080 9.863230 -0.036770
v 1.657920 9.877203 -0.022797
v 1.632080 9.871110 -0.043236
v 1.657920 9.882088 -0.026807
v 1.632080 9.880100 -0.048042
v 1.657920 9.887662 -0.029786
v 1.632080 9.889855 -0.051001
v 1.657920 9.893710 -0.031621
v 1.632080 9.900000 -0.052000
v 1.657920 9.900000 -0.032240
v 1.632080 9.910145 -0.051001
v 1.657920 9.906290 -0.031621
v 1.632080 9.919900 -0.048042
v 1.657920 9.912338 -0.029786
v 1.632080 9.928890 -0.043236
v 1.657920 9.917912 -0.026807
v 1.632080 9.936770 -0.036770
v 1.657920 9.922797 -0.022797
v 1.632080 9.943236 -0.028890
v 1.657920 9.926807 -0.017912
v 1.632080 9.948042 -0.019900
v 1.657920 9.929786 -0.012338
v 1.632080 9.951001 -0.010145
v 1.657920 9.931621 -0.006290
v 1.664000 9.915300 0.003043
v 1.664000 9.915600 0.000000
v 1.664000 9.914413 0.005970
v 1.664000 9.912971 0.008667
v 1.664000 9.911031 0.011031
v 1.664000 9.908667 0.012971
v 1.664000 9.905970 0.014413
v 1.664000 9.903043 0.015300
v 1.664000 9.900000 0.015600
v 1.664000 9.896957 0.015300
v 1.664000 9.894030 0.014413
v 1.664000 9.891333 0.012971
v 1.664000 9.888969 0.011031
v 1.664000 9.887029 0.008667
v 1.664000 9.885587 0.005970
v 1.664000 9.884700 0.003043
v 1.664000 9.884400 0.000000
v 1.664000 9.884700 -0.003043
v 1.664000 9.885587 -0.005970
v 1.664000 9.887029 -0.008667
v 1.664000 9.888969 -0.011031
v 1.664000 9.891333 -0.012971
v 1.664000 9.894030 -0.014413
v 1.664000 9.896957 -0.015300
v 1.664000 9.900000 -0.015600
v 1.664000 9.903043 -0.015300
v 1.664000 9.905970 -0.014413
v 1.664000 9.908667 -0.012971
v 1.664000 9.911031 -0.011031
v 1.664000 9.912971 -0.008667
v 1.664000 9.914413 -0.005970
v 1.664000 9.915300 -0.003043
v 1.670080 9.952000 0.000000
v 1.670080 9.951001 0.010145
v 1.695920 9.931621 0.006290
v 1.695920 9.932240 0.000000
v 1.670080 9.948042 0.019900
v 1.695920 9.929786 0.012338
v 1.670080 9.943236 0.028890
v 1.695920 9.926807 0.017912
v 1.670080 9.936770 0.036770
v 1.695920 9.922797 0.022797
v 1.670080 9.928890 0.043236
v 1.695920 9.917912 0.026807
v 1.670080 9.919900 0.048042
v 1.695920 9.912338 0.029786
v 1.670080 9.910145 0.051001
v 1.695920 9.906290 0.031621
v 1.670080 9.900000 0.052000
v 1.695920 9.900000 0.032240
v 1.670080 9.889855 0.051001
v 1.695920 9.893710 0.031621
v 1.670080 9.880100 0.048042
v 1.695920 9.887662 0.029786
v 1.670080 9.871110 0.043236
v 1.695920 9.882088 0.026807
v 1.670080 9.863230 0.036770
v 1.695920 9.877203 0.022797
v 1.670080 9.856764 0.028890
v 1.695920 9.873193 0.017912
v 1.670080 9.851958 0.019900
v 1.695920 9.870214 0.012338
v 1.670080 9.848999 0.010145
v 1.695920 9.868379 0.006290
v 1.670080 9.848000 0.000000
v 1.695920 9.867760 0.000000
v 1.670080 9.848999 -0.010145
v 1.695920 9.868379 -0.006290
v 1.670080 9.851958 -0.019900
v 1.695920 9.870214 -0.012338
v 1.670080 9.856764 -0.028890
v 1.695920 9.873193 -0.017912
v 1.670080 9.863230 -0.036770
v 1.695920 9.877203 -0.022797
v 1.670080 9.871110 -0.043236
v 1.695920 9.882088 -0.026807
v 1.670080 9.880100 -0.048042
v 1.695920 9.887662 -0.029786
v 1.670080 9.889855 -0.051001
v 1.695920 9.893710 -0.031621
v 1.670080 9.900000 -0.052000
v 1.695920 9.900000 -0.032240
v 1.670080 9.910145 -0.051001
v 1.695920 9.906290 -0.031621
v 1.670080 9.919900 -0.048042
v 1.695920 9.912338 -0.029786
v 1.670080 9.928890 -0.043236
v 1.695920 9.917912 -0.026807
v 1.670080 9.936770 -0.036770
v 1.695920 9.922797 -0.022797
v 1.670080 9.943236 -0.028890
v 1.695920 9.926807 -0.017912
v 1.670080 9.948042 -0.019900
v 1.695920 9.929786 -0.012338
v 1.670080 9.951001 -0.010145
v 1.695920 9.931621 -0.006290
v 1.702000 9.915300 0.003043
v 1.702000 9.915600 0.000000
v 1.702000 9.914413 0.005970
v 1.702000 9.912971 0.008667
v 1.702000 9.911031 0.011031
v 1.702000 9.908667 0.012971
v 1.702000 9.905970 0.014413
v 1.702000 9.903043 0.015300
v 1.702000 9.900000 0.015600
v 1.702000 9.896957 0.015300
v 1.702000 9.894030 0.014413
v 1.702000 9.891333 0.012971
v 1.702000 9.888969 0.011031
v 1.702000 9.887029 0.008667
v 1.702000 9.885587 0.005970
v 1.702000 9.884700 0.003043
v 1.702000 9.884400 0.000000
v 1.702000 9.884700 -0.003043
v 1.702000 9.885587 -0.005970
v 1.702000 9.887029 -0.008667
v 1.702000 9.888969 -0.011031
v 1.702000 9.891333 -0.012971
v 1.702000 9.894030 -0.014413
v 1.702000 9.896957 -0.015300
v 1.702000 9.900000 -0.015600
v 1.702000 9.903043 -0.015300
v 1.702000 9.905970 -0.014413
v 1.702000 9.908667 -0.012971
v 1.702000 9.911031 -0.011031
v 1.702000 9.912971 -0.008667
v 1.702000 9.914413 -0.005970
v 1.702000 9.915300 -0.003043
v 1.708080 9.952000 0.000000
v 1.708080 9.951001 0.010145
v 1.733920 9.931621 0.006290
v 1.733920 9.932240 0.000000
v 1.708080 9.948042 0.019900
v 1.733920 9.929786 0.012338
v 1.708080 9.943236 0.028890
v 1.733920 9.926807 0.017912
v 1.708080 9.936770 0.036770
v 1.733920 9.922797 0.022797
v 1.708080 9.928890 0.043236
v 1.733920 9.917912 0.026807
v 1.708080 9.919900 0.048042
v 1.733920 9.912338 0.029786
v 1.708080 9.910145 0.051001
v 1.733920 9.906290 0.031621
v 1.708080 9.900000 0.052000
v 1.733920 9.900000 0.032240
v 1.708080 9.889855 0.051001
v 1.733920 9.893710 0.031621
v 1.708080 9.880100 0.048042
v 1.733920 9.887662 0.029786
v 1.708080 9.871110 0.043236
v 1.733920 9.882088 0.026807
v 1.708080 9.863230 0.036770
v 1.733920 9.877203 0.022797
v 1.708080 9.856764 0.028890
v 1.733920 9.873193 0.017912
v 1.708080 9.851958 0.019900
v 1.733920 9.870214 0.012338
v 1.708080 9.848999 0.010145
v 1.733920 9.868379 0.006290
v 1.708080 9.848000 0.000000
v 1.733920 9.867760 0.000000
v 1.708080 9.848999 -0.010145
v 1.733920 9.868379 -0.006290
v 1.708080 9.851958 -0.019900
v 1.733920 9.870214 -0.012338
v 1.708080 9.856764 -0.028890
v 1.733920 9.873193 -0.017912
v 1.708080 9.863230 -0.036770
v 1.733920 9.877203 -0.022797
v 1.708080 9.871110 -0.043236
v 1.733920 9.882088 -0.026807
v 1.708080 9.880100 -0.048042
v 1.733920 9.887662 -0.029786
v 1.708080 9.889855 -0.051001
v 1.733920 9.893710 -0.031621
v 1.708080 9.900000 -0.052000
v 1.733920 9.900000 -0.032240
v 1.708080 9.910145 -0.051001
v 1.733920 9.906290 -0.031621
v 1.708080 9.919900 -0.048042
v 1.733920 9.912338 -0.029786
v 1.708080 9.928890 -0.043236
v 1.733920 9.917912 -0.026807
v 1.708080 9.936770 -0.036770
v 1.733920 9.922797 -0.022797
v 1.708080 9.943236 -0.028890
v 1.733920 9.926807 -0.017912
v 1.708080 9.948042 -0.019900
v 1.733920 9.929786 -0.012338
v 1.708080 9.951001 -0.010145
v 1.733920 9.931621 -0.006290
v 1.740000 9.915300 0.003043
v 1.740000 9.915600 0.000000
v 1.740000 9.914413 0.005970
v 1.740000 9.912971 0.008667
v 1.740000 9.911031 0.011031
v 1.740000 9.908667 0.012971
v 1.740000 9.905970 0.014413
v 1.740000 9.903043 0.015300
v 1.740000 9.900000 0.015600
v 1.740000 9.896957 0.015300
v 1.740000 9.894030 0.014413
v 1.740000 9.891333 0.012971
v 1.740000 9.888969 0.011031
v 1.740000 9.887029 0.008667
v 1.740000 9.885587 0.005970
v 1.740000 9.884700 0.003043
v 1.740000 9.884400 0.000000
v 1.740000 9.884700 -0.003043
v 1.740000 9.885587 -0.005970
v 1.740000 9.887029 -0.008667
v 1.740000 9.888969 -0.011031
v 1.740000 9.891333 -0.012971
v 1.740000 9.894030 -0.014413
v 1.740000 9.896957 -0.015300
v 1.740000 9.900000 -0.015600
v 1.740000 9.903043 -0.015300
v 1.740000 9.905970 -0.014413
v 1.740000 9.908667 -0.012971
v 1.740000 9.911031 -0.011031
v 1.740000 9.912971 -0.008667
v 1.740000 9.914413 -0.005970
v 1.740000 9.915300 -0.003043
v 1.746080 9.952000 0.000000
v 1.746080 9.951001 0.010145
v 1.771920 9.931621 0.006290
v 1.771920 9.932240 0.000000
v 1.746080 9.948042 0.019900
v 1.771920 9.929786 0.012338
v 1.746080 9.943236 0.028890
v 1.771920 9.926807 0.017912
v 1.746080 9.936770 0.036770
v 1.771920 9.922797 0.022797
v 1.746080 9.928890 0.043236
v 1.771920 9.917912 0.026807
v 1.746080 9.919900 0.048042
v 1.771920 9.912338 0.029786
v 1.746080 9.910145 0.051001
v 1.771920 9.906290 0.031621
v 1.746080 9.900000 0.052000
v 1.771920 9.900000 0.032240
v 1.746080 9.889855 0.051001
v 1.771920 9.893710 0.031621
v 1.746080 9.880100 0.048042
v 1.771920 9.887662 0.029786
v 1.746080 9.871110 0.043236
v 1.771920 9.882088 0.026807
v 1.746080 9.863230 0.036770
v 1.771920 9.877203 0.022797
v 1.746080 9.856764 0.028890
v 1.771920 9.873193 0.017912
v 1.746080 9.851958 0.019900
v 1.771920 9.870214 0.012338
v 1.746080 9.848999 0.010145
v 1.771920 9.868379 0.006290
v 1.746080 9.848000 0.000000
v 1.771920 9.867760 0.000000
v 1.746080 9.848999 -0.010145
v 1.771920 9.868379 -0.006290
v 1.746080 9.851958 -0.019900
v 1.771920 9.870214 -0.012338
v 1.746080 9.856764 -0.028890
v 1.771920 9.873193 -0.017912
v 1.746080 9.863230 -0.036770
v 1.771920 9.877203 -0.022797
v 1.746080 9.871110 -0.043236
v 1.771920 9.882088 -0.026807
v 1.746080 9.880100 -0.048042
v 1.771920 9.887662 -0.029786
v 1.746080 9.889855 -0.051001
v 1.771920 9.893710 -0.031621
v 1.746080 9.900000 -0.052000
v 1.771920 9.900000 -0.032240
v 1.746080 9.910145 -0.051001
v 1.771920 9.906290 -0.031621
v 1.746080 9.919900 -0.048042
v 1.771920 9.912338 -0.029786
v 1.746080 9.928890 -0.043236
v 1.771920 9.917912 -0.026807
v 1.746080 9.936770 -0.036770
v 1.771920 9.922797 -0.022797
v 1.746080 9.943236 -0.028890
v 1.771920 9.926807 -0.017912
v 1.746080 9.948042 -0.019900
v 1.771920 9.929786 -0.012338
v 1.746080 9.951001 -0.010145
v 1.771920 9.931621 -0.006290
v 1.778000 9.915300 0.003043
v 1.778000 9.915600 0.000000
v 1.778000 9.914413 0.005970
v 1.778000 9.912971 0.008667
v 1.778000 9.911031 0.011031
v 1.778000 9.908667 0.012971
v 1.778000 9.905970 0.014413
v 1.778000 9.903043 0.015300
v 1.778000 9.900000 0.015600
v 1.778000 9.896957 0.015300
v 1.778000 9.894030 0.014413
v 1.778000 9.891333 0.012971
v 1.778000 9.888969 0.011031
v 1.778000 9.887029 0.008667
v 1.778000 9.885587 0.005970
v 1.778000 9.884700 0.003043
v 1.778000 9.884400 0.000000
v 1.778000 9.884700 -0.003043
v 1.778000 9.885587 -0.005970
v 1.778000 9.887029 -0.008667
v 1.778000 9.888969 -0.011031
v 1.778000 9.891333 -0.012971
v 1.778000 9.894030 -0.014413
v 1.778000 9.896957 -0.015300
v 1.778000 9.900000 -0.015600
v 1.778000 9.903043 -0.015300
v 1.778000 9.905970 -0.014413
v 1.778000 9.908667 -0.012971
v 1.778000 9.911031 -0.011031
v 1.778000 9.912971 -0.008667
v 1.778000 9.914413 -0.005970
v 1.778000 9.915300 -0.003043
v 1.784080 9.952000 0.000000
v 1.784080 9.951001 0.010145
v 1.809920 9.931621 0.006290
v 1.809920 9.932240 0.000000
v 1.784080 9.948042 0.019900
v 1.809920 9.929786 0.012338
v 1.784080 9.943236 0.028890
v 1.809920 9.926807 0.017912
v 1.784080 9.936770 0.036770
v 1.809920 9.922797 0.022797
v 1.784080 9.928890 0.043236
v 1.809920 9.917912 0.026807
v 1.784080 9.919900 0.048042
v 1.809920 9.912338 0.029786
v 1.784080 9.910145 0.051001
v 1.809920 9.906290 0.031621
v 1.784080 9.900000 0.052000
v 1.809920 9.900000 0.032240
v 1.784080 9.889855 0.051001
v 1.809920 9.893710 0.031621
v 1.784080 9.880100 0.048042
v 1.809920 9.887662 0.029786
v 1.784080 9.871110 0.043236
v 1.809920 9.882088 0.026807
v 1.784080 9.863230 0.036770
v 1.809920 9.877203 0.022797
v 1.784080 9.856764 0.028890
v 1.809920 9.873193 0.017912
v 1.784080 9.851958 0.019900
v 1.809920 9.870214 0.012338
v 1.784080 9.848999 0.010145
v 1.809920 9.868379 0.006290
v 1.784080 9.848000 0.000000
v 1.809920 9.867760 0.000000
v 1.784080 9.848999 -0.010145
v 1.809920 9.868379 -0.006290
v 1.784080 9.851958 -0.019900
v 1.809920 9.870214 -0.012338
v 1.784080 9.856764 -0.028890
v 1.809920 9.873193 -0.017912
v 1.784080 9.863230 -0.036770
v 1.809920 9.877203 -0.022797
v 1.784080 9.871110 -0.043236
v 1.809920 9.882088 -0.026807
v 1.784080 9.880100 -0.048042
v 1.809920 9.887662 -0.029786
v 1.784080 9.889855 -0.051001
v 1.809920 9.893710 -0.031621
v 1.784080 9.900000 -0.052000
v 1.809920 9.900000 -0.032240
v 1.784080 9.910145 -0.051001
v 1.809920 9.906290 -0.031621
v 1.784080 9.919900 -0.048042
v 1.809920 9.912338 -0.029786
v 1.784080 9.928890 -0.043236
v 1.809920 9.917912 -0.026807
v 1.784080 9.936770 -0.036770
v 1.809920 9.922797 -0.022797
v 1.784080 9.943236 -0.028890
v 1.809920 9.926807 -0.017912
v 1.784080 9.948042 -0.019900
v 1.809920 9.929786 -0.012338
v 1.784080 9.951001 -0.010145
v 1.809920 9.931621 -0.006290
v 1.816000 9.915300 0.003043
v 1.816000 9.915600 0.000000
v 1.816000 9.914413 0.005970
v 1.816000 9.912971 0.008667
v 1.816000 9.911031 0.011031
v 1.816000 9.908667 0.012971
v 1.816000 9.905970 0.014413
v 1.816000 9.903043 0.015300
v 1.816000 9.900000 0.015600
v 1.816000 9.896957 0.015300
v 1.816000 9.894030 0.014413
v 1.816000 9.891333 0.012971
v 1.816000 9.888969 0.011031
v 1.816000 9.887029 0.008667
v 1.816000 9.885587 0.005970
v 1.816000 9.884700 0.003043
v 1.816000 9.884400 0.000000
v 1.816000 9.884700 -0.003043
v 1.816000 9.885587 -0.005970
v 1.816000 9.887029 -0.008667
v 1.816000 9.888969 -0.011031
v 1.816000 9.891333 -0.012971
v 1.816000 9.894030 -0.014413
v 1.816000 9.896957 -0.015300
v 1.816000 9.900000 -0.015600
v 1.816000 9.903043 -0.015300
v 1.816000 9.905970 -0.014413
v 1.816000 9.908667 -0.012971
v 1.816000 9.911031 -0.011031
v 1.816000 9.912971 -0.008667
v 1.816000 9.914413 -0.005970
v 1.816000 9.915300 -0.003043
v 1.822080 9.952000 0.000000
v 1.822080 9.951001 0.010145
v 1.847920 9.931621 0.006290
v 1.847920 9.932240 0.000000
v 1.822080 9.948042 0.019900
v 1.847920 9.929786 0.012338
v 1.822080 9.943236 0.028890
v 1.847920 9.926807 0.017912
v 1.822080 9.936770 0.036770
v 1.847920 9.922797 0.022797
v 1.822080 9.928890 0.043236
v 1.847920 9.917912 0.026807
v 1.822080 9.919900 0.048042
v 1.847920 9.912338 0.029786
v 1.822080 9.910145 0.051001
v 1.847920 9.906290 0.031621
v 1.822080 9.900000 0.052000
v 1.847920 9.900000 0.032240
v 1.822080 9.889855 0.051001
v 1.847920 9.893710 0.031621
v 1.822080 9.880100 0.048042
v 1.847920 9.887662 0.029786
v 1.822080 9.871110 0.043236
v 1.847920 9.882088 0.026807
v 1.822080 9.863230 0.036770
v 1.847920 9.877203 0.022797
v 1.822080 9.856764 0.028890
v 1.847920 9.873193 0.017912
v 1.822080 9.851958 0.019900
v 1.847920 9.870214 0.012338
v 1.822080 9.848999 0.010145
v 1.847920 9.868379 0.006290
v 1.822080 9.848000 0.000000
v 1.847920 9.867760 0.000000
v 1.822080 9.848999 -0.010145
v 1.847920 9.868379 -0.006290
v 1.822080 9.851958 -0.019900
v 1.847920 9.870214 -0.012338
v 1.822080 9.856764 -0.028890
v 1.847920 9.873193 -0.017912
v 1.822080 9.863230 -0.036770
v 1.847920 9.877203 -0.022797
v 1.822080 9.871110 -0.043236
v 1.847920 9.882088 -0.026807
v 1.822080 9.880100 -0.048042
v 1.847920 9.887662 -0.029786
v 1.822080 9.889855 -0.051001
v 1.847920 9.893710 -0.031621
v 1.822080 9.900000 -0.052000
v 1.847920 9.900000 -0.032240
v 1.822080 9.910145 -0.051001
v 1.847920 9.906290 -0.031621
v 1.822080 9.919900 -0.048042
v 1.847920 9.912338 -0.029786
v 1.822080 9.928890 -0.043236
v 1.847920 9.917912 -0.026807
v 1.822080 9.936770 -0.036770
v 1.847920 9.922797 -0.022797
v 1.822080 9.943236 -0.028890
v 1.847920 9.926807 -0.017912
v 1.822080 9.948042 -0.019900
v 1.847920 9.929786 -0.012338
v 1.822080 9.951001 -0.010145
v 1.847920 9.931621 -0.006290
v 1.854000 9.915300 0.003043
v 1.854000 9.915600 0.000000
v 1.854000 9.914413 0.005970
v 1.854000 9.912971 0.008667
v 1.854000 9.911031 0.011031
v 1.854000 9.908667 0.012971
v 1.854000 9.905970 0.014413
v 1.854000 9.903043 0.015300
v 1.854000 9.900000 0.015600
v 1.854000 9.896957 0.015300
v 1.854000 9.894030 0.014413
v 1.854000 9.891333 0.012971
v 1.854000 9.888969 0.011031
v 1.854000 9.887029 0.008667
v 1.854000 9.885587 0.005970
v 1.854000 9.884700 0.003043
v 1.854000 9.884400 0.000000
v 1.854000 9.884700 -0.003043
v 1.854000 9.885587 -0.005970
v 1.854000 9.887029 -0.008667
v 1.854000 9.888969 -0.011031
v 1.854000 9.891333 -0.012971
v 1.854000 9.894030 -0.014413
v 1.854000 9.896957 -0.015300
v 1.854000 9.900000 -0.015600
v 1.854000 9.903043 -0.015300
v 1.854000 9.905970 -0.014413
v 1.854000 9.908667 -0.012971
v 1.854000 9.911031 -0.011031
v 1.854000 9.912971 -0.008667
v 1.854000 9.914413 -0.005970
v 1.854000 9.915300 -0.003043
v 1.860080 9.952000 0.000000
v 1.860080 9.951001 0.010145
v 1.885920 9.931621 0.006290
v 1.885920 9.932240 0.000000
v 1.860080 9.948042 0.019900
v 1.885920 9.929786 0.012338
v 1.860080 9.943236 0.028890
v 1.885920 9.926807 0.017912
v 1.860080 9.936770 0.036770
v 1.885920 9.922797 0.022797
v 1.860080 9.928890 0.043236
v 1.885920 9.917912 0.026807
v 1.860080 9.919900 0.048042
v 1.885920 9.912338 0.029786
v 1.860080 9.910145 0.051001
v 1.885920 9.906290 0.031621
v 1.860080 9.900000 0.052000
v 1.885920 9.900000 0.032240
v 1.860080 9.889855 0.051001
v 1.885920 9.893710 0.031621
v 1.860080 9.880100 0.048042
v 1.885920 9.887662 0.029786
v 1.860080 9.871110 0.043236
v 1.885920 9.882088 0.026807
v 1.860080 9.863230 0.036770
v 1.885920 9.877203 0.022797
v 1.860080 9.856764 0.028890
v 1.885920 9.873193 0.017912
v 1.860080 9.851958 0.019900
v 1.885920 9.870214 0.012338
v 1.860080 9.848999 0.010145
v 1.885920 9.868379 0.006290
v 1.860080 9.848000 0.000000
v 1.885920 9.867760 0.000000
v 1.860080 9.848999 -0.010145
v 1.885920 9.868379 -0.006290
v 1.860080 9.851958 -0.019900
v 1.885920 9.870214 -0.012338
v 1.860080 9.856764 -0.028890
v 1.885920 9.873193 -0.017912
v 1.860080 9.863230 -0.036770
v 1.885920 9.877203 -0.022797
v 1.860080 9.871110 -0.043236
v 1.885920 9.882088 -0.026807
v 1.860080 9.880100 -0.048042
v 1.885920 9.887662 -0.029786
v 1.860080 9.889855 -0.051001
v 1.885920 9.893710 -0.031621
v 1.860080 9.900000 -0.052000
v 1.885920 9.900000 -0.032240
v 1.860080 9.910145 -0.051001
v 1.885920 9.906290 -0.031621
v 1.860080 9.919900 -0.048042
v 1.885920 9.912338 -0.029786
v 1.860080 9.928890 -0.043236
v 1.885920 9.917912 -0.026807
v 1.860080 9.936770 -0.036770
v 1.885920 9.922797 -0.022797
v 1.860080 9.943236 -0.028890
v 1.885920 9.926807 -0.017912
v 1.860080 9.948042 -0.019900
v 1.885920 9.929786 -0.012338
v 1.860080 9.951001 -0.010145
v 1.885920 9.931621 -0.006290
v 1.892000 9.915300 0.003043
v 1.892000 9.915600 0.000000
v 1.892000 9.914413 0.005970
v 1.892000 9.912971 0.008667
v 1.892000 9.911031 0.011031
v 1.892000 9.908667 0.012971
v 1.892000 9.905970 0.014413
v 1.892000 9.903043 0.015300
v 1.892000 9.900000 0.015600
v 1.892000 9.896957 0.015300
v 1.892000 9.894030 0.014413
v 1.892000 9.891333 0.012971
v 1.892000 9.888969 0.011031
v 1.892000 9.887029 0.008667
v 1.892000 9.885587 0.005970
v 1.892000 9.884700 0.003043
v 1.892000 9.884400 0.000000
v 1.892000 9.884700 -0.003043
v 1.892000 9.885587 -0.005970
v 1.892000 9.887029 -0.008667
v 1.892000 9.888969 -0.011031
v 1.892000 9.891333 -0.012971
v 1.892000 9.894030 -0.014413
v 1.892000 9.896957 -0.015300
v 1.892000 9.900000 -0.015600
v 1.892000 9.903043 -0.015300
v 1.892000 9.905970 -0.014413
v 1.892000 9.908667 -0.012971
v 1.892000 9.911031 -0.011031
v 1.892000 9.912971 -0.008667
v 1.892000 9.914413 -0.005970
v 1.892000 9.915300 -0.003043
v 1.898080 9.952000 0.000000
v 1.898080 9.951001 0.010145
v 1.923920 9.931621 0.006290
v 1.923920 9.932240 0.000000
v 1.898080 9.948042 0.019900
v 1.923920 9.929786 0.012338
v 1.898080 9.943236 0.028890
v 1.923920 9.926807 0.017912
v 1.898080 9.936770 0.036770
v 1.923920 9.922797 0.022797
v 1.898080 9.928890 0.043236
v 1.923920 9.917912 0.026807
v 1.898080 9.919900 0.048042
v 1.923920 9.912338 0.029786
v 1.898080 9.910145 0.051001
v 1.923920 9.906290 0.031621
v 1.898080 9.900000 0.052000
v 1.923920 9.900000 0.032240
v 1.898080 9.889855 0.051001
v 1.923920 9.893710 0.031621
v 1.898080 9.880100 0.048042
v 1.923920 9.887662 0.029786
v 1.898080 9.871110 0.043236
v 1.923920 9.882088 0.026807
v 1.898080 9.863230 0.036770
v 1.923920 9.877203 0.022797
v 1.898080 9.856764 0.028890
v 1.923920 9.873193 0.017912
v 1.898080 9.851958 0.019900
v 1.923920 9.870214 0.012338
v 1.898080 9.848999 0.010145
v 1.923920 9.868379 0.006290
v 1.898080 9.848000 0.000000
v 1.923920 9.867760 0.000000
v 1.898080 9.848999 -0.010145
v 1.923920 9.868379 -0.006290
v 1.898080 9.851958 -0.019900
v 1.923920 9.870214 -0.012338
v 1.898080 9.856764 -0.028890
v 1.923920 9.873193 -0.017912
v 1.898080 9.863230 -0.036770
v 1.923920 9.877203 -0.022797
v 1.898080 9.871110 -0.043236
v 1.923920 9.882088 -0.026807
v 1.898080 9.880100 -0.048042
v 1.923920 9.887662 -0.029786
v 1.898080 9.889855 -0.051001
v 1.923920 9.893710 -0.031621
v 1.898080 9.900000 -0.052000
v 1.923920 9.900000 -0.032240
v 1.898080 9.910145 -0.051001
v 1.923920 9.906290 -0.031621
v 1.898080 9.919900 -0.048042
v 1.923920 9.912338 -0.029786
v 1.898080 9.928890 -0.043236
v 1.923920 9.917912 -0.026807
v 1.898080 9.936770 -0.036770
v 1.923920 9.922797 -0.022797
v 1.898080 9.943236 -0.028890
v 1.923920 9.926807 -0.017912
v 1.898080 9.948042 -0.019900
v 1.923920 9.929786 -0.012338
v 1.898080 9.951001 -0.010145
v 1.923920 9.931621 -0.006290
v 1.930000 9.915300 0.003043
v 1.930000 9.915600 0.000000
v 1.930000 9.914413 0.005970
v 1.930000 9.912971 0.008667
v 1.930000 9.911031 0.011031
v 1.930000 9.908667 0.012971
v 1.930000 9.905970 0.014413
v 1.930000 9.903043 0.015300
v 1.930000 9.900000 0.015600
v 1.930000 9.896957 0.015300
v 1.930000 9.894030 0.014413
v 1.930000 9.891333 0.012971
v 1.930000 9.888969 0.011031
v 1.930000 9.887029 0.008667
v 1.930000 9.885587 0.005970
v 1.930000 9.884700 0.003043
v 1.930000 9.884400 0.000000
v 1.930000 9.884700 -0.003043
v 1.930000 9.885587 -0.005970
v 1.930000 9.887029 -0.008667
v 1.930000 9.888969 -0.011031
v 1.930000 9.891333 -0.012971
v 1.930000 9.894030 -0.014413
v 1.930000 9.896957 -0.015300
v 1.930000 9.900000 -0.015600
v 1.930000 9.903043 -0.015300
v 1.930000 9.905970 -0.014413
v 1.930000 9.908667 -0.012971
v 1.930000 9.911031 -0.011031
v 1.930000 9.912971 -0.008667
v 1.930000 9.914413 -0.005970
v 1.930000 9.915300 -0.003043
v 1.936080 9.952000 0.000000
v 1.936080 9.951001 0.010145
v 1.961920 9.931621 0.006290
v 1.961920 9.932240 0.000000
v 1.936080 9.948042 0.019900
v 1.961920 9.929786 0.012338
v 1.936080 9.943236 0.028890
v 1.961920 9.926807 0.017912
v 1.936080 9.936770 0.036770
v 1.961920 9.922797 0.022797
v 1.936080 9.928890 0.043236
v 1.961920 9.917912 0.026807
v 1.936080 9.919900 0.048042
v 1.961920 9.912338 0.029786
v 1.936080 9.910145 0.051001
v 1.961920 9.906290 0.031621
v 1.936080 9.900000 0.052000
v 1.961920 9.900000 0.032240
v 1.936080 9.889855 0.051001
v 1.961920 9.893710 0.031621
v 1.936080 9.880100 0.048042
v 1.961920 9.887662 0.029786
v 1.936080 9.871110 0.043236
v 1.961920 9.882088 0.026807
v 1.936080 9.863230 0.036770
v 1.961920 9.877203 0.022797
v 1.936080 9.856764 0.028890
v 1.961920 9.873193 0.017912
v 1.936080 9.851958 0.019900
v 1.961920 9.870214 0.012338
v 1.936080 9.848999 0.010145
v 1.961920 9.868379 0.006290
v 1.936080 9.848000 0.000000
v 1.961920 9.867760 0.000000
v 1.936080 9.848999 -0.010145
v 1.961920 9.868379 -0.006290
v 1.936080 9.851958 -0.019900
v 1.961920 9.870214 -0.012338
v 1.936080 9.856764 -0.028890
v 1.961920 9.873193 -0.017912
v 1.936080 9.863230 -0.036770
v 1.961920 9.877203 -0.022797
v 1.936080 9.871110 -0.043236
v 1.961920 9.882088 -0.026807
v 1.936080 9.880100 -0.048042
v 1.961920 9.887662 -0.029786
v 1.936080 9.889855 -0.051001
v 1.961920 9.893710 -0.031621
v 1.936080 9.900000 -0.052000
v 1.961920 9.900000 -0.032240
v 1.936080 9.910145 -0.051001
v 1.961920 9.906290 -0.031621
v 1.936080 9.919900 -0.048042
v 1.961920 9.912338 -0.029786
v 1.936080 9.928890 -0.043236
v 1.961920 9.917912 -0.026807
v 1.936080 9.936770 -0.036770
v 1.961920 9.922797 -0.022797
v 1.936080 9.943236 -0.028890
v 1.961920 9.926807 -0.017912
v 1.936080 9.948042 -0.019900
v 1.961920 9.929786 -0.012338
v 1.936080 9.951001 -0.010145
v 1.961920 9.931621 -0.006290
v 1.968000 9.915300 0.003043
v 1.968000 9.915600 0.000000
v 1.968000 9.914413 0.005970
v 1.968000 9.912971 0.008667
v 1.968000 9.911031 0.011031
v 1.968000 9.908667 0.012971
v 1.968000 9.905970 0.014413
v 1.968000 9.903043 0.015300
v 1.968000 9.900000 0.015600
v 1.968000 9.896957 0.015300
v 1.968000 9.894030 0.014413
v 1.968000 9.891333 0.012971
v 1.968000 9.888969 0.011031
v 1.968000 9.887029 0.008667
v 1.968000 9.885587 0.005970
v 1.968000 9.884700 0.003043
v 1.968000 9.884400 0.000000
v 1.968000 9.884700 -0.003043
v 1.968000 9.885587 -0.005970
v 1.968000 9.887029 -0.008667
v 1.968000 9.888969 -0.011031
v 1.968000 9.891333 -0.012971
v 1.968000 9.894030 -0.014413
v 1.968000 9.896957 -0.015300
v 1.968000 9.900000 -0.015600
v 1.968000 9.903043 -0.015300
v 1.968000 9.905970 -0.014413
v 1.968000 9.908667 -0.012971
v 1.968000 9.911031 -0.011031
v 1.968000 9.912971 -0.008667
v 1.968000 9.914413 -0.005970
v 1.968000 9.915300 -0.003043
v 1.974080 9.952000 0.000000
v 1.974080 9.951001 0.010145
v 1.999920 9.931621 0.006290
v 1.999920 9.932240 0.000000
v 1.974080 9.948042 0.019900
v 1.999920 9.929786 0.012338
v 1.974080 9.943236 0.028890
v 1.999920 9.926807 0.017912
v 1.974080 9.936770 0.036770
v 1.999920 9.922797 0.022797
v 1.974080 9.928890 0.043236
v 1.999920 9.917912 0.026807
v 1.974080 9.919900 0.048042
v 1.999920 9.912338 0.029786
v 1.974080 9.910145 0.051001
v 1.999920 9.906290 0.031621
v 1.974080 9.900000 0.052000
v 1.999920 9.900000 0.032240
v 1.974080 9.889855 0.051001
v 1.999920 9.893710 0.031621
v 1.974080 9.880100 0.048042
v 1.999920 9.887662 0.029786
v 1.974080 9.871110 0.043236
v 1.999920 9.882088 0.026807
v 1.974080 9.863230 0.036770
v 1.999920 9.877203 0.022797
v 1.974080 9.856764 0.028890
v 1.999920 9.873193 0.017912
v 1.974080 9.851958 0.019900
v 1.999920 9.870214 0.012338
v 1.974080 9.848999 0.010145
v 1.999920 9.868379 0.006290
v 1.974080 9.848000 0.000000
v 1.999920 9.867760 0.000000
v 1.974080 9.848999 -0.010145
v 1.999920 9.868379 -0.006290
v 1.974080 9.851958 -0.019900
v 1.999920 9.870214 -0.012338
v 1.974080 9.856764 -0.028890
v 1.999920 9.873193 -0.017912
v 1.974080 9.863230 -0.036770
v 1.999920 9.877203 -0.022797
v 1.974080 9.871110 -0.043236
v 1.999920 9.882088 -0.026807
v 1.974080 9.880100 -0.048042
v 1.999920 9.887662 -0.029786
v 1.974080 9.889855 -0.051001
v 1.999920 9.893710 -0.031621
v 1.974080 9.900000 -0.052000
v 1.999920 9.900000 -0.032240
v 1.974080 9.910145 -0.051001
v 1.999920 9.906290 -0.031621
v 1.974080 9.919900 -0.048042
v 1.999920 9.912338 -0.029786
v 1.974080 9.928890 -0.043236
v 1.999920 9.917912 -0.026807
v 1.974080 9.936770 -0.036770
v 1.999920 9.922797 -0.022797
v 1.974080 9.943236 -0.028890
v 1.999920 9.926807 -0.017912
v 1.974080 9.948042 -0.019900
v 1.999920 9.929786 -0.012338
v 1.974080 9.951001 -0.010145
v 1.999920 9.931621 -0.006290
v 2.006000 9.915300 0.003043
v 2.006000 9.915600 0.000000
v 2.006000 9.914413 0.005970
v 2.006000 9.912971 0.008667
v 2.006000 9.911031 0.011031
v 2.006000 9.908667 0.012971
v 2.006000 9.905970 0.014413
v 2.006000 9.903043 0.015300
v 2.006000 9.900000 0.015600
v 2.006000 9.896957 0.015300
v 2.006000 9.894030 0.014413
v 2.006000 9.891333 0.012971
v 2.006000 9.888969 0.011031
v 2.006000 9.887029 0.008667
v 2.006000 9.885587 0.005970
v 2.006000 9.884700 0.003043
v 2.006000 9.884400 0.000000
v 2.006000 9.884700 -0.003043
v 2.006000 9.885587 -0.005970
v 2.006000 9.887029 -0.008667
v 2.006000 9.888969 -0.011031
v 2.006000 9.891333 -0.012971
v 2.006000 9.894030 -0.014413
v 2.006000 9.896957 -0.015300
v 2.006000 9.900000 -0.015600
v 2.006000 9.903043 -0.015300
v 2.006000 9.905970 -0.014413
v 2.006000 9.908667 -0.012971
v 2.006000 9.911031 -0.011031
v 2.006000 9.912971 -0.008667
v 2.006000 9.914413 -0.005970
v 2.006000 9.915300 -0.003043
v 2.012080 9.952000 0.000000
v 2.012080 9.951001 0.010145
v 2.037920 9.931621 0.006290
v 2.037920 9.932240 0.000000
v 2.012080 9.948042 0.019900
v 2.037920 9.929786 0.012338
v 2.012080 9.943236 0.028890
v 2.037920 9.926807 0.017912
v 2.012080 9.936770 0.036770
v 2.037920 9.922797 0.022797
v 2.012080 9.928890 0.043236
v 2.037920 9.917912 0.026807
v 2.012080 9.919900 0.048042
v 2.037920 9.912338 0.029786
v 2.012080 9.910145 0.051001
v 2.037920 9.906290 0.031621
v 2.012080 9.900000 0.052000
v 2.037920 9.900000 0.032240
v 2.012080 9.889855 0.051001
v 2.037920 9.893710 0.031621
v 2.012080 9.880100 0.048042
v 2.037920 9.887662 0.029786
v 2.012080 9.871110 0.043236
v 2.037920 9.882088 0.026807
v 2.012080 9.863230 0.036770
v 2.037920 9.877203 0.022797
v 2.012080 9.856764 0.028890
v 2.037920 9.873193 0.017912
v 2.012080 9.851958 0.019900
v 2.037920 9.870214 0.012338
v 2.012080 9.848999 0.010145
v 2.037920 9.868379 0.006290
v 2.012080 9.848000 0.000000
v 2.037920 9.867760 0.000000
v 2.012080 9.848999 -0.010145
v 2.037920 9.868379 -0.006290
v 2.012080 9.851958 -0.019900
v 2.037920 9.870214 -0.012338
v 2.012080 9.856764 -0.028890
v 2.037920 9.873193 -0.017912
v 2.012080 9.863230 -0.036770
v 2.037920 9.877203 -0.022797
v 2.012080 9.871110 -0.043236
v 2.037920 9.882088 -0.026807
v 2.012080 9.880100 -0.048042
v 2.037920 9.887662 -0.029786
v 2.012080 9.889855 -0.051001
v 2.037920 9.893710 -0.031621
v 2.012080 9.900000 -0.052000
v 2.037920 9.900000 -0.032240
v 2.012080 9.910145 -0.051001
v 2.037920 9.906290 -0.031621
v 2.012080 9.919900 -0.048042
v 2.037920 9.912338 -0.029786
v 2.012080 9.928890 -0.043236
v 2.037920 9.917912 -0.026807
v 2.012080 9.936770 -0.036770
v 2.037920 9.922797 -0.022797
v 2.012080 9.943236 -0.028890
v 2.037920 9.926807 -0.017912
v 2.012080 9.948042 -0.019900
v 2.037920 9.929786 -0.012338
v 2.012080 9.951001 -0.010145
v 2.037920 9.931621 -0.006290
v 2.044000 9.915300 0.003043
v 2.044000 9.915600 0.000000
v 2.044000 9.914413 0.005970
v 2.044000 9.912971 0.008667
v 2.044000 9.911031 0.011031
v 2.044000 9.908667 0.012971
v 2.044000 9.905970 0.014413
v 2.044000 9.903043 0.015300
v 2.044000 9.900000 0.015600
v 2.044000 9.896957 0.015300
v 2.044000 9.894030 0.014413
v 2.044000 9.891333 0.012971
v 2.044000 9.888969 0.011031
v 2.044000 9.887029 0.008667
v 2.044000 9.885587 0.005970
v 2.044000 9.884700 0.003043
v 2.044000 9.884400 0.000000
v 2.044000 9.884700 -0.003043
v 2.044000 9.885587 -0.005970
v 2.044000 9.887029 -0.008667
v 2.044000 9.888969 -0.011031
v 2.044000 9.891333 -0.012971
v 2.044000 9.894030 -0.014413
v 2.044000 9.896957 -0.015300
v 2.044000 9.900000 -0.015600
v 2.044000 9.903043 -0.015300
v 2.044000 9.905970 -0.014413
v 2.044000 9.908667 -0.012971
v 2.044000 9.911031 -0.011031
v 2.044000 9.912971 -0.008667
v 2.044000 9.914413 -0.005970
v 2.044000 9.915300 -0.003043
v 2.050080 9.952000 0.000000
v 2.050080 9.951001 0.010145
v 2.075920 9.931621 0.006290
v 2.075920 9.932240 0.000000
v 2.050080 9.948042 0.019900
v 2.075920 9.929786 0.012338
v 2.050080 9.943236 0.028890
v 2.075920 9.926807 0.017912
v 2.050080 9.936770 0.036770
v 2.075920 9.922797 0.022797
v 2.050080 9.928890 0.043236
v 2.075920 9.917912 0.026807
v 2.050080 9.919900 0.048042
v 2.075920 9.912338 0.029786
v 2.050080 9.910145 0.051001
v 2.075920 9.906290 0.031621
v 2.050080 9.900000 0.052000
v 2.075920 9.900000 0.032240
v 2.050080 9.889855 0.051001
v 2.075920 9.893710 0.031621
v 2.050080 9.880100 0.048042
v 2.075920 9.887662 0.029786
v 2.050080 9.871110 0.043236
v 2.075920 9.882088 0.026807
v 2.050080 9.863230 0.036770
v 2.075920 9.877203 0.022797
v 2.050080 9.856764 0.028890
v 2.075920 9.873193 0.017912
v 2.050080 9.851958 0.019900
v 2.075920 9.870214 0.012338
v 2.050080 9.848999 0.010145
v 2.075920 9.868379 0.006290
v 2.050080 9.848000 0.000000
v 2.075920 9.867760 0.000000
v 2.050080 9.848999 -0.010145
v 2.075920 9.868379 -0.006290
v 2.050080 9.851958 -0.019900
v 2.075920 9.870214 -0.012338
v 2.050080 9.856764 -0.028890
v 2.075920 9.873193 -0.017912
v 2.050080 9.863230 -0.036770
v 2.075920 9.877203 -0.022797
v 2.050080 9.871110 -0.043236
v 2.075920 9.882088 -0.026807
v 2.050080 9.880100 -0.048042
v 2.075920 9.887662 -0.029786
v 2.050080 9.889855 -0.051001
v 2.075920 9.893710 -0.031621
v 2.050080 9.900000 -0.052000
v 2.075920 9.900000 -0.032240
v 2.050080 9.910145 -0.051001
v 2.075920 9.906290 -0.031621
v 2.050080 9.919900 -0.048042
v 2.075920 9.912338 -0.029786
v 2.050080 9.928890 -0.043236
v 2.075920 9.917912 -0.026807
v 2.050080 9.936770 -0.036770
v 2.075920 9.922797 -0.022797
v 2.050080 9.943236 -0.028890
v 2.075920 9.926807 -0.017912
v 2.050080 9.948042 -0.019900
v 2.075920 9.929786 -0.012338
v 2.050080 9.951001 -0.010145
v 2.075920 9.931621 -0.006290
v 2.082000 9.915300 0.003043
v 2.082000 9.915600 0.000000
v 2.082000 9.914413 0.005970
v 2.082000 9.912971 0.008667
v 2.082000 9.911031 0.011031
v 2.082000 9.908667 0.012971
v 2.082000 9.905970 0.014413
v 2.082000 9.903043 0.015300
v 2.082000 9.900000 0.015600
v 2.082000 9.896957 0.015300
v 2.082000 9.894030 0.014413
v 2.082000 9.891333 0.012971
v 2.082000 9.888969 0.011031
v 2.082000 9.887029 0.008667
v 2.082000 9.885587 0.005970
v 2.082000 9.884700 0.003043
v 2.082000 9.884400 0.000000
v 2.082000 9.884700 -0.003043
v 2.082000 9.885587 -0.005970
v 2.082000 9.887029 -0.008667
v 2.082000 9.888969 -0.011031
v 2.082000 9.891333 -0.012971
v 2.082000 9.894030 -0.014413
v 2.082000 9.896957 -0.015300
v 2.082000 9.900000 -0.015600
v 2.082000 9.903043 -0.015300
v 2.082000 9.905970 -0.014413
v 2.082000 9.908667 -0.012971
v 2.082000 9.911031 -0.011031
v 2.082000 9.912971 -0.008667
v 2.082000 9.914413 -0.005970
v 2.082000 9.915300 -0.003043
v 2.088080 9.952000 0.000000
v 2.088080 9.951001 0.010145
v 2.113920 9.931621 0.006290
v 2.113920 9.932240 0.000000
v 2.088080 9.948042 0.019900
v 2.113920 9.929786 0.012338
v 2.088080 9.943236 0.028890
v 2.113920 9.926807 0.017912
v 2.088080 9.936770 0.036770
v 2.113920 9.922797 0.022797
v 2.088080 9.928890 0.043236
v 2.113920 9.917912 0.026807
v 2.088080 9.919900 0.048042
v 2.113920 9.912338 0.029786
v 2.088080 9.910145 0.051001
v 2.113920 9.906290 0.031621
v 2.088080 9.900000 0.052000
v 2.113920 9.900000 0.032240
v 2.088080 9.889855 0.051001
v 2.113920 9.893710 0.031621
v 2.088080 9.880100 0.048042
v 2.113920 9.887662 0.029786
v 2.088080 9.871110 0.043236
v 2.113920 9.882088 0.026807
v 2.088080 9.863230 0.036770
v 2.113920 9.877203 0.022797
v 2.088080 9.856764 0.028890
v 2.113920 9.873193 0.017912
v 2.088080 9.851958 0.019900
v 2.113920 9.870214 0.012338
v 2.088080 9.848999 0.010145
v 2.113920 9.868379 0.006290
v 2.088080 9.848000 0.000000
v 2.113920 9.867760 0.000000
v 2.088080 9.848999 -0.010145
v 2.113920 9.868379 -0.006290
v 2.088080 9.851958 -0.019900
v 2.113920 9.870214 -0.012338
v 2.088080 9.856764 -0.028890
v 2.113920 9.873193 -0.017912
v 2.088080 9.863230 -0.036770
v 2.113920 9.877203 -0.022797
v 2.088080 9.871110 -0.043236
v 2.113920 9.882088 -0.026807
v 2.088080 9.880100 -0.048042
v 2.113920 9.887662 -0.029786
v 2.088080 9.889855 -0.051001
v 2.113920 9.893710 -0.031621
v 2.088080 9.900000 -0.052000
v 2.113920 9.900000 -0.032240
v 2.088080 9.910145 -0.051001
v 2.113920 9.906290 -0.031621
v 2.088080 9.919900 -0.048042
v 2.113920 9.912338 -0.029786
v 2.088080 9.928890 -0.043236
v 2.113920 9.917912 -0.026807
v 2.088080 9.936770 -0.036770
v 2.113920 9.922797 -0.022797
v 2.088080 9.943236 -0.028890
v 2.113920 9.926807 -0.017912
v 2.088080 9.948042 -0.019900
v 2.113920 9.929786 -0.012338
v 2.088080 9.951001 -0.010145
v 2.113920 9.931621 -0.006290
v 2.120000 9.915300 0.003043
v 2.120000 9.915600 0.000000
v 2.120000 9.914413 0.005970
v 2.120000 9.912971 0.008667
v 2.120000 9.911031 0.011031
v 2.120000 9.908667 0.012971
v 2.120000 9.905970 0.014413
v 2.120000 9.903043 0.015300
v 2.120000 9.900000 0.015600
v 2.120000 9.896957 0.015300
v 2.120000 9.894030 0.014413
v 2.120000 9.891333 0.012971
v 2.120000 9.888969 0.011031
v 2.120000 9.887029 0.008667
v 2.120000 9.885587 0.005970
v 2.120000 9.884700 0.003043
v 2.120000 9.884400 0.000000
v 2.120000 9.884700 -0.003043
v 2.120000 9.885587 -0.005970
v 2.120000 9.887029 -0.008667
v 2.120000 9.888969 -0.011031
v 2.120000 9.891333 -0.012971
v 2.120000 9.894030 -0.014413
v 2.120000 9.896957 -0.015300
v 2.120000 9.900000 -0.015600
v 2.120000 9.903043 -0.015300
v 2.120000 9.905970 -0.014413
v 2.120000 9.908667 -0.012971
v 2.120000 9.911031 -0.011031
v 2.120000 9.912971 -0.008667
v 2.120000 9.914413 -0.005970
v 2.120000 9.915300 -0.003043
v 2.126080 9.952000 0.000000
v 2.126080 9.951001 0.010145
v 2.151920 9.931621 0.006290
v 2.151920 9.932240 0.000000
v 2.126080 9.948042 0.019900
v 2.151920 9.929786 0.012338
v 2.126080 9.943236 0.028890
v 2.151920 9.926807 0.017912
v 2.126080 9.936770 0.036770
v 2.151920 9.922797 0.022797
v 2.126080 9.928890 0.043236
v 2.151920 9.917912 0.026807
v 2.126080 9.919900 0.048042
v 2.151920 9.912338 0.029786
v 2.126080 9.910145 0.051001
v 2.151920 9.906290 0.031621
v 2.126080 9.900000 0.052000
v 2.151920 9.900000 0.032240
v 2.126080 9.889855 0.051001
v 2.151920 9.893710 0.031621
v 2.126080 9.880100 0.048042
v 2.151920 9.887662 0.029786
v 2.126080 9.871110 0.043236
v 2.151920 9.882088 0.026807
v 2.126080 9.863230 0.036770
v 2.151920 9.877203 0.022797
v 2.126080 9.856764 0.028890
v 2.151920 9.873193 0.017912
v 2.126080 9.851958 0.019900
v 2.151920 9.870214 0.012338
v 2.126080 9.848999 0.010145
v 2.151920 9.868379 0.006290
v 2.126080 9.848000 0.000000
v 2.151920 9.867760 0.000000
v 2.126080 9.848999 -0.010145
v 2.151920 9.868379 -0.006290
v 2.126080 9.851958 -0.019900
v 2.151920 9.870214 -0.012338
v 2.126080 9.856764 -0.028890
v 2.151920 9.873193 -0.017912
v 2.126080 9.863230 -0.036770
v 2.151920 9.877203 -0.022797
v 2.126080 9.871110 -0.043236
v 2.151920 9.882088 -0.026807
v 2.126080 9.880100 -0.048042
v 2.151920 9.887662 -0.029786
v 2.126080 9.889855 -0.051001
v 2.151920 9.893710 -0.031621
v 2.126080 9.900000 -0.052000
v 2.151920 9.900000 -0.032240
v 2.126080 9.910145 -0.051001
v 2.151920 9.906290 -0.031621
v 2.126080 9.919900 -0.048042
v 2.151920 9.912338 -0.029786
v 2.126080 9.928890 -0.043236
v 2.151920 9.917912 -0.026807
v 2.126080 9.936770 -0.036770
v 2.151920 9.922797 -0.022797
v 2.126080 9.943236 -0.028890
v 2.151920 9.926807 -0.017912
v 2.126080 9.948042 -0.019900
v 2.151920 9.929786 -0.012338
v 2.126080 9.951001 -0.010145
v 2.151920 9.931621 -0.006290
v 2.158000 9.915300 0.003043
v 2.158000 9.915600 0.000000
v 2.158000 9.914413 0.005970
v 2.158000 9.912971 0.008667
v 2.158000 9.911031 0.011031
v 2.158000 9.908667 0.012971
v 2.158000 9.905970 0.014413
v 2.158000 9.903043 0.015300
v 2.158000 9.900000 0.015600
v 2.158000 9.896957 0.015300
v 2.158000 9.894030 0.014413
v 2.158000 9.891333 0.012971
v 2.158000 9.888969 0.011031
v 2.158000 9.887029 0.008667
v 2.158000 9.885587 0.005970
v 2.158000 9.884700 0.003043
v 2.158000 9.884400 0.000000
v 2.158000 9.884700 -0.003043
v 2.158000 9.885587 -0.005970
v 2.158000 9.887029 -0.008667
v 2.158000 9.888969 -0.011031
v 2.158000 9.891333 -0.012971
v 2.158000 9.894030 -0.014413
v 2.158000 9.896957 -0.015300
v 2.158000 9.900000 -0.015600
v 2.158000 9.903043 -0.015300
v 2.158000 9.905970 -0.014413
v 2.158000 9.908667 -0.012971
v 2.158000 9.911031 -0.011031
v 2.158000 9.912971 -0.008667
v 2.158000 9.914413 -0.005970
v 2.158000 9.915300 -0.003043
v 2.164080 9.952000 0.000000
v 2.164080 9.951001 0.010145
v 2.189920 9.931621 0.006290
v 2.189920 9.932240 0.000000
v 2.164080 9.948042 0.019900
v 2.189920 9.929786 0.012338
v 2.164080 9.943236 0.028890
v 2.189920 9.926807 0.017912
v 2.164080 9.936770 0.036770
v 2.189920 9.922797 0.022797
v 2.164080 9.928890 0.043236
v 2.189920 9.917912 0.026807
v 2.164080 9.919900 0.048042
v 2.189920 9.912338 0.029786
v 2.164080 9.910145 0.051001
v 2.189920 9.906290 0.031621
v 2.164080 9.900000 0.052000
v 2.189920 9.900000 0.032240
v 2.164080 9.889855 0.051001
v 2.189920 9.893710 0.031621
v 2.164080 9.880100 0.048042
v 2.189920 9.887662 0.029786
v 2.164080 9.871110 0.043236
v 2.189920 9.882088 0.026807
v 2.164080 9.863230 0.036770
v 2.189920 9.877203 0.022797
v 2.164080 9.856764 0.028890
v 2.189920 9.873193 0.017912
v 2.164080 9.851958 0.019900
v 2.189920 9.870214 0.012338
v 2.164080 9.848999 0.010145
v 2.189920 9.868379 0.006290
v 2.164080 9.848000 0.000000
v 2.189920 9.867760 0.000000
v 2.164080 9.848999 -0.010145
v 2.189920 9.868379 -0.006290
v 2.164080 9.851958 -0.019900
v 2.189920 9.870214 -0.012338
v 2.164080 9.856764 -0.028890
v 2.189920 9.873193 -0.017912
v 2.164080 9.863230 -0.036770
v 2.189920 9.877203 -0.022797
v 2.164080 9.871110 -0.043236
v 2.189920 9.882088 -0.026807
v 2.164080 9.880100 -0.048042
v 2.189920 9.887662 -0.029786
v 2.164080 9.889855 -0.051001
v 2.189920 9.893710 -0.031621
v 2.164080 9.900000 -0.052000
v 2.189920 9.900000 -0.032240
v 2.164080 9.910145 -0.051001
v 2.189920 9.906290 -0.031621
v 2.164080 9.919900 -0.048042
v 2.189920 9.912338 -0.029786
v 2.164080 9.928890 -0.043236
v 2.189920 9.917912 -0.026807
v 2.164080 9.936770 -0.036770
v 2.189920 9.922797 -0.022797
v 2.164080 9.943236 -0.028890
v 2.189920 9.926807 -0.017912
v 2.164080 9.948042 -0.019900
v 2.189920 9.929786 -0.012338
v 2.164080 9.951001 -0.010145
v 2.189920 9.931621 -0.006290
v 2.196000 9.915300 0.003043
v 2.196000 9.915600 0.000000
v 2.196000 9.914413 0.005970
v 2.196000 9.912971 0.008667
v 2.196000 9.911031 0.011031
v 2.196000 9.908667 0.012971
v 2.196000 9.905970 0.014413
v 2.196000 9.903043 0.015300
v 2.196000 9.900000 0.015600
v 2.196000 9.896957 0.015300
v 2.196000 9.894030 0.014413
v 2.196000 9.891333 0.012971
v 2.196000 9.888969 0.011031
v 2.196000 9.887029 0.008667
v 2.196000 9.885587 0.005970
v 2.196000 9.884700 0.003043
v 2.196000 9.884400 0.000000
v 2.196000 9.884700 -0.003043
v 2.196000 9.885587 -0.005970
v 2.196000 9.887029 -0.008667
v 2.196000 9.888969 -0.011031
v 2.196000 9.891333 -0.012971
v 2.196000 9.894030 -0.014413
v 2.196000 9.896957 -0.015300
v 2.196000 9.900000 -0.015600
v 2.196000 9.903043 -0.015300
v 2.196000 9.905970 -0.014413
v 2.196000 9.908667 -0.012971
v 2.196000 9.911031 -0.011031
v 2.196000 9.912971 -0.008667
v 2.196000 9.914413 -0.005970
v 2.196000 9.915300 -0.003043
v 2.202080 9.952000 0.000000
v 2.202080 9.951001 0.010145
v 2.227920 9.931621 0.006290
v 2.227920 9.932240 0.000000
v 2.202080 9.948042 0.019900
v 2.227920 9.929786 0.012338
v 2.202080 9.943236 0.028890
v 2.227920 9.926807 0.017912
v 2.202080 9.936770 0.036770
v 2.227920 9.922797 0.022797
v 2.202080 9.928890 0.043236
v 2.227920 9.917912 0.026807
v 2.202080 9.919900 0.048042
v 2.227920 9.912338 0.029786
v 2.202080 9.910145 0.051001
v 2.227920 9.906290 0.031621
v 2.202080 9.900000 0.052000
v 2.227920 9.900000 0.032240
v 2.202080 9.889855 0.051001
v 2.227920 9.893710 0.031621
v 2.202080 9.880100 0.048042
v 2.227920 9.887662 0.029786
v 2.202080 9.871110 0.043236
v 2.227920 9.882088 0.026807
v 2.202080 9.863230 0.036770
v 2.227920 9.877203 0.022797
v 2.202080 9.856764 0.028890
v 2.227920 9.873193 0.017912
v 2.202080 9.851958 0.019900
v 2.227920 9.870214 0.012338
v 2.202080 9.848999 0.010145
v 2.227920 9.868379 0.006290
v 2.202080 9.848000 0.000000
v 2.227920 9.867760 0.000000
v 2.202080 9.848999 -0.010145
v 2.227920 9.868379 -0.006290
v 2.202080 9.851958 -0.019900
v 2.227920 9.870214 -0.012338
v 2.202080 9.856764 -0.028890
v 2.227920 9.873193 -0.017912
v 2.202080 9.863230 -0.036770
v 2.227920 9.877203 -0.022797
v 2.202080 9.871110 -0.043236
v 2.227920 9.882088 -0.026807
v 2.202080 9.880100 -0.048042
v 2.227920 9.887662 -0.029786
v 2.202080 9.889855 -0.051001
v 2.227920 9.893710 -0.031621
v 2.202080 9.900000 -0.052000
v 2.227920 9.900000 -0.032240
v 2.202080 9.910145 -0.051001
v 2.227920 9.906290 -0.031621
v 2.202080 9.919900 -0.048042
v 2.227920 9.912338 -0.029786
v 2.202080 9.928890 -0.043236
v 2.227920 9.917912 -0.026807
v 2.202080 9.936770 -0.036770
v 2.227920 9.922797 -0.022797
v 2.202080 9.943236 -0.028890
v 2.227920 9.926807 -0.017912
v 2.202080 9.948042 -0.019900
v 2.227920 9.929786 -0.012338
v 2.202080 9.951001 -0.010145
v 2.227920 9.931621 -0.006290
v 2.234000 9.915300 0.003043
v 2.234000 9.915600 0.000000
v 2.234000 9.914413 0.005970
v 2.234000 9.912971 0.008667
v 2.234000 9.911031 0.011031
v 2.234000 9.908667 0.012971
v 2.234000 9.905970 0.014413
v 2.234000 9.903043 0.015300
v 2.234000 9.900000 0.015600
v 2.234000 9.896957 0.015300
v 2.234000 9.894030 0.014413
v 2.234000 9.891333 0.012971
v 2.234000 9.888969 0.011031
v 2.234000 9.887029 0.008667
v 2.234000 9.885587 0.005970
v 2.234000 9.884700 0.003043
v 2.234000 9.884400 0.000000
v 2.234000 9.884700 -0.003043
v 2.234000 9.885587 -0.005970
v 2.234000 9.887029 -0.008667
v 2.234000 9.888969 -0.011031
v 2.234000 9.891333 -0.012971
v 2.234000 9.894030 -0.014413
v 2.234000 9.896957 -0.015300
v 2.234000 9.900000 -0.015600
v 2.234000 9.903043 -0.015300
v 2.234000 9.905970 -0.014413
v 2.234000 9.908667 -0.012971
v 2.234000 9.911031 -0.011031
v 2.234000 9.912971 -0.008667
v 2.234000 9.914413 -0.005970
v 2.234000 9.915300 -0.003043
v 2.229000 9.865000 0.035000
v 2.339000 9.865000 0.035000
v 2.339000 9.865000 -0.035000
v 2.229000 9.865000 -0.035000
v 2.229000 9.935000 -0.035000
v 2.339000 9.935000 -0.035000
v 2.339000 9.935000 0.035000
v 2.229000 9.935000 0.035000
v -0.650456 7.615667 0.647819
v -0.650456 7.597280 0.588189
v -2.405456 0.057280 2.913189
v -2.405456 0.075667 2.972819
v -0.589544 7.602720 0.651811
v -2.344544 0.062720 2.976811
v -2.344544 0.044333 2.917181
v -0.589544 7.584333 0.592181
v -2.535000 0.000000 3.105000
v -2.215000 0.000000 3.105000
v -2.215000 0.000000 2.785000
v -2.535000 0.000000 2.785000
v -2.535000 0.100000 2.785000
v -2.215000 0.100000 2.785000
v -2.215000 0.100000 3.105000
v -2.535000 0.100000 3.105000
v 0.589544 7.602720 0.651811
v 0.589544 7.584333 0.592181
v 2.344544 0.044333 2.917181
v 2.344544 0.062720 2.976811
v 0.650456 7.615667 0.647819
v 2.405456 0.075667 2.972819
v 2.405456 0.057280 2.913189
v 0.650456 7.597280 0.588189
v 2.215000 0.000000 3.105000
v 2.535000 0.000000 3.105000
v 2.535000 0.000000 2.785000
v 2.215000 0.000000 2.785000
v 2.215000 0.100000 2.785000
v 2.535000 0.100000 2.785000
v 2.535000 0.100000 3.105000
v 2.215000 0.100000 3.105000
v -0.140000 1.100000 -1.722737
v 0.140000 1.100000 -1.722737
v 0.140000 1.100000 -1.734737
v -0.140000 1.100000 -1.734737
v -0.140000 1.460000 -1.734737
v 0.140000 1.460000 -1.734737
v 0.140000 1.460000 -1.722737
v -0.140000 1.460000 -1.722737
vn 0.0000 -1.0000 0.0000
vn 0.0000 1.0000 0.0000
vn 0.0000 0.0000 -1.0000
vn 0.0000 0.0000 1.0000
vn -1.0000 0.0000 0.0000
vn 1.0000 0.0000 0.0000
vn 0.8660 0.0000 0.5000
vn -0.8660 0.0000 0.5000
vn -0.8660 0.0000 -0.5000
vn 0.8660 0.0000 -0.5000
vn 0.9952 0.0000 0.0980
vn 0.9569 0.0000 0.2903
vn 0.8819 0.0000 0.4714
vn 0.7730 0.0000 0.6344
vn 0.6344 0.0000 0.7730
vn 0.4714 0.0000 0.8819
vn 0.2903 0.0000 0.9569
vn 0.0980 0.0000 0.9952
vn -0.0980 0.0000 0.9952
vn -0.2903 0.0000 0.9569
vn -0.4714 0.0000 0.8819
vn -0.6344 0.0000 0.7730
vn -0.7730 0.0000 0.6344
vn -0.8819 0.0000 0.4714
vn -0.9569 0.0000 0.2903
vn -0.9952 0.0000 0.0980
vn -0.9952 0.0000 -0.0980
vn -0.9569 0.0000 -0.2903
vn -0.8819 0.0000 -0.4714
vn -0.7730 0.0000 -0.6344
vn -0.6344 0.0000 -0.7730
vn -0.4714 0.0000 -0.8819
vn -0.2903 0.0000 -0.9569
vn -0.0980 0.0000 -0.9952
vn 0.0980 0.0000 -0.9952
vn 0.2903 0.0000 -0.9569
vn 0.4714 0.0000 -0.8819
vn 0.6344 0.0000 -0.7730
vn 0.7730 0.0000 -0.6344
vn 0.8819 0.0000 -0.4714
vn 0.9569 0.0000 -0.2903
vn 0.9952 0.0000 -0.0980
vn 0.5000 0.0000 0.8660
vn -0.5000 0.0000 0.8660
vn -0.5000 0.0000 -0.8660
vn 0.5000 0.0000 -0.8660
vn -0.9865 0.1616 0.0272
vn 0.9865 -0.1616 -0.0272
vn -0.0000 0.1661 -0.9861
vn 0.0000 -0.1661 0.9861
vn -0.1638 -0.9728 -0.1638
vn 0.1638 0.9728 0.1638
vn -0.9865 0.1616 -0.0272
vn 0.9865 -0.1616 0.0272
vn 0.0000 -0.1661 -0.9861
vn -0.0000 0.1661 0.9861
vn -0.1638 -0.9728 0.1638
vn 0.1638 0.9728 -0.1638
vn -0.9865 -0.1616 -0.0272
vn 0.9865 0.1616 0.0272
vn 0.1638 -0.9728 -0.1638
vn -0.1638 0.9728 0.1638
vn -0.9865 -0.1616 0.0272
vn 0.9865 0.1616 -0.0272
vn 0.1638 -0.9728 0.1638
vn -0.1638 0.9728 -0.1638
vn -0.2521 -0.9676 0.0111
vn 0.2521 0.9676 -0.0111
vn -0.0439 0.0000 -0.9990
vn 0.0439 -0.0000 0.9990
vn 0.9667 -0.2523 -0.0425
vn -0.9667 0.2523 0.0425
vn -0.0111 -0.9676 -0.2521
vn 0.0111 0.9676 0.2521
vn 0.9990 -0.0000 -0.0439
vn -0.9990 0.0000 0.0439
vn 0.0425 -0.2523 0.9667
vn -0.0425 0.2523 -0.9667
vn 0.2521 -0.9676 -0.0111
vn -0.2521 0.9676 0.0111
vn -0.9667 -0.2523 0.0425
vn 0.9667 0.2523 -0.0425
vn 0.0111 -0.9676 0.2521
vn -0.0111 0.9676 -0.2521
vn -0.0425 -0.2523 -0.9667
vn 0.0425 0.2523 0.9667
vn 0.2745 -0.9615 0.0132
vn -0.2745 0.9615 -0.0132
vn -0.0481 -0.0000 0.9988
vn 0.0481 0.0000 -0.9988
vn -0.9604 -0.2748 -0.0463
vn 0.9604 0.2748 0.0463
vn -0.0132 -0.9615 0.2745
vn 0.0132 0.9615 -0.2745
vn -0.9988 0.0000 -0.0481
vn 0.9988 -0.0000 0.0481
vn 0.0463 -0.2748 -0.9604
vn -0.0463 0.2748 0.9604
vn -0.2745 -0.9615 -0.0132
vn 0.2745 0.9615 0.0132
vn 0.9604 -0.2748 0.0463
vn -0.9604 0.2748 -0.0463
vn 0.0132 -0.9615 -0.2745
vn -0.0132 0.9615 0.2745
vn -0.0463 -0.2748 0.9604
vn 0.0463 0.2748 -0.9604
vn -0.3011 -0.9535 0.0161
vn 0.3011 0.9535 -0.0161
vn -0.0533 0.0000 -0.9986
vn 0.0533 -0.0000 0.9986
vn 0.9521 -0.3015 -0.0508
vn -0.9521 0.3015 0.0508
vn -0.0161 -0.9535 -0.3011
vn 0.0161 0.9535 0.3011
vn 0.9986 -0.0000 -0.0533
vn -0.9986 0.0000 0.0533
vn 0.0508 -0.3015 0.9521
vn -0.0508 0.3015 -0.9521
vn 0.3011 -0.9535 -0.0161
vn -0.3011 0.9535 0.0161
vn -0.9521 -0.3015 0.0508
vn 0.9521 0.3015 -0.0508
vn 0.0161 -0.9535 0.3011
vn -0.0161 0.9535 -0.3011
vn -0.0508 -0.3015 -0.9521
vn 0.0508 0.3015 0.9521
vn 0.3330 -0.9427 0.0199
vn -0.3330 0.9427 -0.0199
vn -0.0596 -0.0000 0.9982
vn 0.0596 0.0000 -0.9982
vn -0.9410 -0.3336 -0.0562
vn 0.9410 0.3336 0.0562
vn -0.0199 -0.9427 0.3330
vn 0.0199 0.9427 -0.3330
vn -0.9982 0.0000 -0.0596
vn 0.9982 -0.0000 0.0596
vn 0.0562 -0.3336 -0.9410
vn -0.0562 0.3336 0.9410
vn -0.3330 -0.9427 -0.0199
vn 0.3330 0.9427 0.0199
vn 0.9410 -0.3336 0.0562
vn -0.9410 0.3336 -0.0562
vn 0.0199 -0.9427 -0.3330
vn -0.0199 0.9427 0.3330
vn -0.0562 -0.3336 0.9410
vn 0.0562 0.3336 -0.9410
vn -0.3718 -0.9280 0.0252
vn 0.3718 0.9280 -0.0252
vn -0.0676 0.0000 -0.9977
vn 0.0676 -0.0000 0.9977
vn 0.9258 -0.3727 -0.0628
vn -0.9258 0.3727 0.0628
vn -0.0252 -0.9280 -0.3718
vn 0.0252 0.9280 0.3718
vn 0.9977 -0.0000 -0.0676
vn -0.9977 0.0000 0.0676
vn 0.0628 -0.3727 0.9258
vn -0.0628 0.3727 -0.9258
vn 0.3718 -0.9280 -0.0252
vn -0.3718 0.9280 0.0252
vn -0.9258 -0.3727 0.0628
vn 0.9258 0.3727 -0.0628
vn 0.0252 -0.9280 0.3718
vn -0.0252 0.9280 -0.3718
vn -0.0628 -0.3727 -0.9258
vn 0.0628 0.3727 0.9258
vn 0.4198 -0.9070 0.0329
vn -0.4198 0.9070 -0.0329
vn -0.0782 -0.0000 0.9969
vn 0.0782 0.0000 -0.9969
vn -0.9042 -0.4211 -0.0709
vn 0.9042 0.4211 0.0709
vn -0.0329 -0.9070 0.4198
vn 0.0329 0.9070 -0.4198
vn -0.9969 0.0000 -0.0782
vn 0.9969 -0.0000 0.0782
vn 0.0709 -0.4211 -0.9042
vn -0.0709 0.4211 0.9042
vn -0.4198 -0.9070 -0.0329
vn 0.4198 0.9070 0.0329
vn 0.9042 -0.4211 0.0709
vn -0.9042 0.4211 -0.0709
vn 0.0329 -0.9070 -0.4198
vn -0.0329 0.9070 0.4198
vn -0.0709 -0.4211 0.9042
vn 0.0709 0.4211 -0.9042
vn -0.4798 -0.8762 0.0446
vn 0.4798 0.8762 -0.0446
vn -0.0926 0.0000 -0.9957
vn 0.0926 -0.0000 0.9957
vn 0.8725 -0.4819 -0.0812
vn -0.8725 0.4819 0.0812
vn -0.0446 -0.8762 -0.4798
vn 0.0446 0.8762 0.4798
vn 0.9957 -0.0000 -0.0926
vn -0.9957 0.0000 0.0926
vn 0.0812 -0.4819 0.8725
vn -0.0812 0.4819 -0.8725
vn 0.4798 -0.8762 -0.0446
vn -0.4798 0.8762 0.0446
vn -0.8725 -0.4819 0.0812
vn 0.8725 0.4819 -0.0812
vn 0.0446 -0.8762 0.4798
vn -0.0446 0.8762 -0.4798
vn -0.0812 -0.4819 -0.8725
vn 0.0812 0.4819 0.8725
vn 0.5554 -0.8292 0.0635
vn -0.5554 0.8292 -0.0635
vn -0.1135 -0.0000 0.9935
vn 0.1135 0.0000 -0.9935
vn -0.8238 -0.5590 -0.0941
vn 0.8238 0.5590 0.0941
vn -0.0635 -0.8292 0.5554
vn 0.0635 0.8292 -0.5554
vn -0.9935 0.0000 -0.1135
vn 0.9935 -0.0000 0.1135
vn 0.0941 -0.5590 -0.8238
vn -0.0941 0.5590 0.8238
vn -0.5554 -0.8292 -0.0635
vn 0.5554 0.8292 0.0635
vn 0.8238 -0.5590 0.0941
vn -0.8238 0.5590 -0.0941
vn 0.0635 -0.8292 -0.5554
vn -0.0635 0.8292 0.5554
vn -0.0941 -0.5590 0.8238
vn 0.0941 0.5590 -0.8238
vn -0.4207 -0.9072 -0.0000
vn 0.4207 0.9072 0.0000
vn 0.9072 -0.4207 -0.0000
vn -0.9072 0.4207 0.0000
vn -0.0000 -0.9072 -0.4207
vn 0.0000 0.9072 0.4207
vn -0.0000 -0.4207 0.9072
vn 0.0000 0.4207 -0.9072
vn 0.4207 -0.9072 -0.0000
vn -0.4207 0.9072 0.0000
vn -0.9072 -0.4207 -0.0000
vn 0.9072 0.4207 0.0000
vn -0.0000 -0.9072 0.4207
vn 0.0000 0.9072 -0.4207
vn -0.0000 -0.4207 -0.9072
vn 0.0000 0.4207 0.9072
vn 0.2521 -0.9676 0.0111
vn -0.2521 0.9676 -0.0111
vn -0.0439 -0.0000 0.9990
vn 0.0439 0.0000 -0.9990
vn -0.9667 -0.2523 -0.0425
vn 0.9667 0.2523 0.0425
vn -0.0111 -0.9676 0.2521
vn 0.0111 0.9676 -0.2521
vn -0.9990 0.0000 -0.0439
vn 0.9990 -0.0000 0.0439
vn 0.0425 -0.2523 -0.9667
vn -0.0425 0.2523 0.9667
vn -0.2521 -0.9676 -0.0111
vn 0.2521 0.9676 0.0111
vn 0.9667 -0.2523 0.0425
vn -0.9667 0.2523 -0.0425
vn 0.0111 -0.9676 -0.2521
vn -0.0111 0.9676 0.2521
vn -0.0425 -0.2523 0.9667
vn 0.0425 0.2523 -0.9667
vn -0.2745 -0.9615 0.0132
vn 0.2745 0.9615 -0.0132
vn -0.0481 0.0000 -0.9988
vn 0.0481 -0.0000 0.9988
vn 0.9604 -0.2748 -0.0463
vn -0.9604 0.2748 0.0463
vn -0.0132 -0.9615 -0.2745
vn 0.0132 0.9615 0.2745
vn 0.9988 -0.0000 -0.0481
vn -0.9988 0.0000 0.0481
vn 0.0463 -0.2748 0.9604
vn -0.0463 0.2748 -0.9604
vn 0.2745 -0.9615 -0.0132
vn -0.2745 0.9615 0.0132
vn -0.9604 -0.2748 0.0463
vn 0.9604 0.2748 -0.0463
vn 0.0132 -0.9615 0.2745
vn -0.0132 0.9615 -0.2745
vn -0.0463 -0.2748 -0.9604
vn 0.0463 0.2748 0.9604
vn 0.3011 -0.9535 0.0161
vn -0.3011 0.9535 -0.0161
vn -0.0533 -0.0000 0.9986
vn 0.0533 0.0000 -0.9986
vn -0.9521 -0.3015 -0.0508
vn 0.9521 0.3015 0.0508
vn -0.0161 -0.9535 0.3011
vn 0.0161 0.9535 -0.3011
vn -0.9986 0.0000 -0.0533
vn 0.9986 -0.0000 0.0533
vn 0.0508 -0.3015 -0.9521
vn -0.0508 0.3015 0.9521
vn -0.3011 -0.9535 -0.0161
vn 0.3011 0.9535 0.0161
vn 0.9521 -0.3015 0.0508
vn -0.9521 0.3015 -0.0508
vn 0.0161 -0.9535 -0.3011
vn -0.0161 0.9535 0.3011
vn -0.0508 -0.3015 0.9521
vn 0.0508 0.3015 -0.9521
vn -0.3330 -0.9427 0.0199
vn 0.3330 0.9427 -0.0199
vn -0.0596 0.0000 -0.9982
vn 0.0596 -0.0000 0.9982
vn 0.9410 -0.3336 -0.0562
vn -0.9410 0.3336 0.0562
vn -0.0199 -0.9427 -0.3330
vn 0.0199 0.9427 0.3330
vn 0.9982 -0.0000 -0.0596
vn -0.9982 0.0000 0.0596
vn 0.0562 -0.3336 0.9410
vn -0.0562 0.3336 -0.9410
vn 0.3330 -0.9427 -0.0199
vn -0.3330 0.9427 0.0199
vn -0.9410 -0.3336 0.0562
vn 0.9410 0.3336 -0.0562
vn 0.0199 -0.9427 0.3330
vn -0.0199 0.9427 -0.3330
vn -0.0562 -0.3336 -0.9410
vn 0.0562 0.3336 0.9410
vn 0.3718 -0.9280 0.0252
vn -0.3718 0.9280 -0.0252
vn -0.0676 -0.0000 0.9977
vn 0.0676 0.0000 -0.9977
vn -0.9258 -0.3727 -0.0628
vn 0.9258 0.3727 0.0628
vn -0.0252 -0.9280 0.3718
vn 0.0252 0.9280 -0.3718
vn -0.9977 0.0000 -0.0676
vn 0.9977 -0.0000 0.0676
vn 0.0628 -0.3727 -0.9258
vn -0.0628 0.3727 0.9258
vn -0.3718 -0.9280 -0.0252
vn 0.3718 0.9280 0.0252
vn 0.9258 -0.3727 0.0628
vn -0.9258 0.3727 -0.0628
vn 0.0252 -0.9280 -0.3718
vn -0.0252 0.9280 0.3718
vn -0.0628 -0.3727 0.9258
vn 0.0628 0.3727 -0.9258
vn -0.4198 -0.9070 0.0329
vn 0.4198 0.9070 -0.0329
vn -0.0782 0.0000 -0.9969
vn 0.0782 -0.0000 0.9969
vn 0.9042 -0.4211 -0.0709
vn -0.9042 0.4211 0.0709
vn -0.0329 -0.9070 -0.4198
vn 0.0329 0.9070 0.4198
vn 0.9969 -0.0000 -0.0782
vn -0.9969 0.0000 0.0782
vn 0.0709 -0.4211 0.9042
vn -0.0709 0.4211 -0.9042
vn 0.4198 -0.9070 -0.0329
vn -0.4198 0.9070 0.0329
vn -0.9042 -0.4211 0.0709
vn 0.9042 0.4211 -0.0709
vn 0.0329 -0.9070 0.4198
vn -0.0329 0.9070 -0.4198
vn -0.0709 -0.4211 -0.9042
vn 0.0709 0.4211 0.9042
vn 0.4798 -0.8762 0.0446
vn -0.4798 0.8762 -0.0446
vn -0.0926 -0.0000 0.9957
vn 0.0926 0.0000 -0.9957
vn -0.8725 -0.4819 -0.0812
vn 0.8725 0.4819 0.0812
vn -0.0446 -0.8762 0.4798
vn 0.0446 0.8762 -0.4798
vn -0.9957 0.0000 -0.0926
vn 0.9957 -0.0000 0.0926
vn 0.0812 -0.4819 -0.8725
vn -0.0812 0.4819 0.8725
vn -0.4798 -0.8762 -0.0446
vn 0.4798 0.8762 0.0446
vn 0.8725 -0.4819 0.0812
vn -0.8725 0.4819 -0.0812
vn 0.0446 -0.8762 -0.4798
vn -0.0446 0.8762 0.4798
vn -0.0812 -0.4819 0.8725
vn 0.0812 0.4819 -0.8725
vn -0.5554 -0.8292 0.0635
vn 0.5554 0.8292 -0.0635
vn -0.1135 0.0000 -0.9935
vn 0.1135 -0.0000 0.9935
vn 0.8238 -0.5590 -0.0941
vn -0.8238 0.5590 0.0941
vn -0.0635 -0.8292 -0.5554
vn 0.0635 0.8292 0.5554
vn 0.9935 -0.0000 -0.1135
vn -0.9935 0.0000 0.1135
vn 0.0941 -0.5590 0.8238
vn -0.0941 0.5590 -0.8238
vn 0.5554 -0.8292 -0.0635
vn -0.5554 0.8292 0.0635
vn -0.8238 -0.5590 0.0941
vn 0.8238 0.5590 -0.0941
vn 0.0635 -0.8292 0.5554
vn -0.0635 0.8292 -0.5554
vn -0.0941 -0.5590 -0.8238
vn 0.0941 0.5590 0.8238
vn -0.1401 0.0000 -0.9901
vn 0.1401 -0.0000 0.9901
vn 0.9901 -0.0000 -0.1401
vn -0.9901 0.0000 0.1401
vn 0.1401 -0.0000 -0.9901
vn -0.1401 0.0000 0.9901
vn 0.9901 -0.0000 0.1401
vn -0.9901 0.0000 -0.1401
vn 0.4852 -0.8744 -0.0000
vn -0.4852 0.8744 0.0000
vn -0.8744 -0.4852 -0.0000
vn 0.8744 0.4852 0.0000
vn -0.3685 -0.9296 -0.0000
vn 0.3685 0.9296 0.0000
vn -0.9296 0.3685 -0.0000
vn 0.9296 -0.3685 0.0000
vn -0.8975 0.0000 -0.4411
vn 0.8975 -0.0000 0.4411
vn 0.4411 -0.0000 -0.8975
vn -0.4411 0.0000 0.8975
vn 0.8685 -0.0000 -0.4958
vn -0.8685 0.0000 0.4958
vn 0.4958 -0.0000 0.8685
vn -0.4958 0.0000 -0.8685
vn -0.8266 0.0000 -0.5627
vn 0.8266 -0.0000 0.5627
vn 0.5627 -0.0000 -0.8266
vn -0.5627 0.0000 0.8266
vn 0.7645 -0.0000 -0.6446
vn -0.7645 0.0000 0.6446
vn 0.6446 -0.0000 0.7645
vn -0.6446 0.0000 -0.7645
vn -0.6702 0.0000 -0.7421
vn 0.6702 -0.0000 0.7421
vn 0.7421 -0.0000 -0.6702
vn -0.7421 0.0000 0.6702
vn -0.4852 -0.8744 -0.0000
vn 0.4852 0.8744 0.0000
vn 0.8744 -0.4852 -0.0000
vn -0.8744 0.4852 0.0000
vn 0.3685 -0.9296 -0.0000
vn -0.3685 0.9296 0.0000
vn 0.9296 0.3685 -0.0000
vn -0.9296 -0.3685 0.0000
vn -0.8975 -0.0000 0.4411
vn 0.8975 0.0000 -0.4411
vn -0.4411 -0.0000 -0.8975
vn 0.4411 0.0000 0.8975
vn 0.8685 -0.0000 0.4958
vn -0.8685 0.0000 -0.4958
vn -0.4958 -0.0000 0.8685
vn 0.4958 0.0000 -0.8685
vn -0.8266 -0.0000 0.5627
vn 0.8266 0.0000 -0.5627
vn -0.5627 -0.0000 -0.8266
vn 0.5627 0.0000 0.8266
vn 0.7645 -0.0000 0.6446
vn -0.7645 0.0000 -0.6446
vn -0.6446 -0.0000 0.7645
vn 0.6446 0.0000 -0.7645
vn -0.6702 -0.0000 0.7421
vn 0.6702 0.0000 -0.7421
vn -0.7421 -0.0000 -0.6702
vn 0.7421 0.0000 0.6702
vn -0.2312 0.0000 -0.9729
vn 0.2312 -0.0000 0.9729
vn 0.9729 -0.0000 -0.2312
vn -0.9729 0.0000 0.2312
vn 0.2312 -0.0000 -0.9729
vn -0.2312 0.0000 0.9729
vn 0.9729 -0.0000 0.2312
vn -0.9729 0.0000 -0.2312
vn 0.5735 -0.8192 -0.0000
vn -0.5735 0.8192 0.0000
vn -0.8192 -0.5735 -0.0000
vn 0.8192 0.5735 0.0000
vn -0.4472 -0.8944 -0.0000
vn 0.4472 0.8944 0.0000
vn -0.8944 0.4472 -0.0000
vn 0.8944 -0.4472 0.0000
vn -0.9598 0.0000 -0.2808
vn 0.9598 -0.0000 0.2808
vn 0.2808 -0.0000 -0.9598
vn -0.2808 0.0000 0.9598
vn 0.9468 -0.0000 -0.3217
vn -0.9468 0.0000 0.3217
vn 0.3217 -0.0000 0.9468
vn -0.3217 0.0000 -0.9468
vn -0.9268 0.0000 -0.3756
vn 0.9268 -0.0000 0.3756
vn 0.3756 -0.0000 -0.9268
vn -0.3756 0.0000 0.9268
vn 0.8938 -0.0000 -0.4486
vn -0.8938 0.0000 0.4486
vn 0.4486 -0.0000 0.8938
vn -0.4486 0.0000 -0.8938
vn -0.8350 0.0000 -0.5503
vn 0.8350 -0.0000 0.5503
vn 0.5503 -0.0000 -0.8350
vn -0.5503 0.0000 0.8350
vn -0.5735 -0.8192 -0.0000
vn 0.5735 0.8192 0.0000
vn 0.8192 -0.5735 -0.0000
vn -0.8192 0.5735 0.0000
vn 0.4472 -0.8944 -0.0000
vn -0.4472 0.8944 0.0000
vn 0.8944 0.4472 -0.0000
vn -0.8944 -0.4472 0.0000
vn -0.9598 -0.0000 0.2808
vn 0.9598 0.0000 -0.2808
vn -0.2808 -0.0000 -0.9598
vn 0.2808 0.0000 0.9598
vn 0.9468 -0.0000 0.3217
vn -0.9468 0.0000 -0.3217
vn -0.3217 -0.0000 0.9468
vn 0.3217 0.0000 -0.9468
vn -0.9268 -0.0000 0.3756
vn 0.9268 0.0000 -0.3756
vn -0.3756 -0.0000 -0.9268
vn 0.3756 0.0000 0.9268
vn 0.8938 -0.0000 0.4486
vn -0.8938 0.0000 -0.4486
vn -0.4486 -0.0000 0.8938
vn 0.4486 0.0000 -0.8938
vn -0.8350 -0.0000 0.5503
vn 0.8350 0.0000 -0.5503
vn -0.5503 -0.0000 -0.8350
vn 0.5503 0.0000 0.8350
vn 0.6201 -0.4806 0.6201
vn -0.6201 0.4806 -0.6201
vn -0.7071 -0.0000 0.7071
vn 0.7071 0.0000 -0.7071
vn -0.3398 -0.8770 -0.3398
vn 0.3398 0.8770 0.3398
vn 0.6201 -0.4806 -0.6201
vn -0.6201 0.4806 0.6201
vn 0.7071 -0.0000 0.7071
vn -0.7071 0.0000 -0.7071
vn -0.3398 -0.8770 0.3398
vn 0.3398 0.8770 -0.3398
vn -0.6201 -0.4806 0.6201
vn 0.6201 0.4806 -0.6201
vn 0.3398 -0.8770 -0.3398
vn -0.3398 0.8770 0.3398
vn -0.6201 -0.4806 -0.6201
vn 0.6201 0.4806 0.6201
vn 0.3398 -0.8770 0.3398
vn -0.3398 0.8770 -0.3398
vn 0.0000 0.9972 0.0750
vn 0.0000 0.9634 0.2681
vn 0.0000 0.8926 0.4509
vn 0.0000 0.7875 0.6164
vn 0.0000 0.6521 0.7582
vn 0.0000 0.4916 0.8708
vn 0.0000 0.3123 0.9500
vn 0.0000 0.1210 0.9927
vn 0.0000 -0.0750 0.9972
vn 0.0000 -0.2681 0.9634
vn 0.0000 -0.4509 0.8926
vn 0.0000 -0.6164 0.7875
vn 0.0000 -0.7582 0.6521
vn 0.0000 -0.8708 0.4916
vn 0.0000 -0.9500 0.3123
vn 0.0000 -0.9927 0.1210
vn 0.0000 -0.9972 -0.0750
vn 0.0000 -0.9634 -0.2681
vn 0.0000 -0.8926 -0.4509
vn 0.0000 -0.7875 -0.6164
vn 0.0000 -0.6521 -0.7582
vn 0.0000 -0.4916 -0.8708
vn 0.0000 -0.3123 -0.9500
vn 0.0000 -0.1210 -0.9927
vn 0.0000 0.0750 -0.9972
vn 0.0000 0.2681 -0.9634
vn 0.0000 0.4509 -0.8926
vn 0.0000 0.6164 -0.7875
vn 0.0000 0.7582 -0.6521
vn 0.0000 0.8708 -0.4916
vn 0.0000 0.9500 -0.3123
vn 0.0000 0.9927 -0.1210
vn 0.0000 0.9952 0.0980
vn 0.0000 0.9569 0.2903
vn 0.0000 0.8819 0.4714
vn 0.0000 0.7730 0.6344
vn 0.0000 0.6344 0.7730
vn 0.0000 0.4714 0.8819
vn 0.0000 0.2903 0.9569
vn 0.0000 0.0980 0.9952
vn 0.0000 -0.0980 0.9952
vn 0.0000 -0.2903 0.9569
vn 0.0000 -0.4714 0.8819
vn 0.0000 -0.6344 0.7730
vn 0.0000 -0.7730 0.6344
vn 0.0000 -0.8819 0.4714
vn 0.0000 -0.9569 0.2903
vn 0.0000 -0.9952 0.0980
vn 0.0000 -0.9952 -0.0980
vn 0.0000 -0.9569 -0.2903
vn 0.0000 -0.8819 -0.4714
vn 0.0000 -0.7730 -0.6344
vn 0.0000 -0.6344 -0.7730
vn 0.0000 -0.4714 -0.8819
vn 0.0000 -0.2903 -0.9569
vn 0.0000 -0.0980 -0.9952
vn 0.0000 0.0980 -0.9952
vn 0.0000 0.2903 -0.9569
vn 0.0000 0.4714 -0.8819
vn 0.0000 0.6344 -0.7730
vn 0.0000 0.7730 -0.6344
vn 0.0000 0.8819 -0.4714
vn 0.0000 0.9569 -0.2903
vn 0.0000 0.9952 -0.0980
vn -0.9761 0.2075 -0.0640
vn 0.9761 -0.2075 0.0640
vn -0.0000 0.2947 0.9556
vn 0.0000 -0.2947 -0.9556
vn 0.2171 0.9328 -0.2876
vn -0.2171 -0.9328 0.2876
vn -0.9761 -0.2075 0.0640
vn 0.9761 0.2075 -0.0640
vn -0.2171 0.9328 -0.2876
vn 0.2171 -0.9328 0.2876
vt 0.000000 0.000000
vt 0.500000 0.000000
vt 0.500000 0.500000
vt 0.000000 0.500000
vt 0.016667 0.000000
vt 0.016667 0.100000
vt 0.000000 0.100000
vt 0.033333 0.000000
vt 0.033333 0.100000
vt 0.050000 0.000000
vt 0.050000 0.100000
vt 0.066667 0.000000
vt 0.066667 0.100000
vt 0.083333 0.000000
vt 0.083333 0.100000
vt 0.100000 0.000000
vt 0.100000 0.100000
vt 0.003125 0.000000
vt 0.003125 0.100000
vt 0.006250 0.000000
vt 0.006250 0.100000
vt 0.009375 0.000000
vt 0.009375 0.100000
vt 0.012500 0.000000
vt 0.012500 0.100000
vt 0.015625 0.000000
vt 0.015625 0.100000
vt 0.018750 0.000000
vt 0.018750 0.100000
vt 0.021875 0.000000
vt 0.021875 0.100000
vt 0.025000 0.000000
vt 0.025000 0.100000
vt 0.028125 0.000000
vt 0.028125 0.100000
vt 0.031250 0.000000
vt 0.031250 0.100000
vt 0.034375 0.000000
vt 0.034375 0.100000
vt 0.037500 0.000000
vt 0.037500 0.100000
vt 0.040625 0.000000
vt 0.040625 0.100000
vt 0.043750 0.000000
vt 0.043750 0.100000
vt 0.046875 0.000000
vt 0.046875 0.100000
vt 0.053125 0.000000
vt 0.053125 0.100000
vt 0.056250 0.000000
vt 0.056250 0.100000
vt 0.059375 0.000000
vt 0.059375 0.100000
vt 0.062500 0.000000
vt 0.062500 0.100000
vt 0.065625 0.000000
vt 0.065625 0.100000
vt 0.068750 0.000000
vt 0.068750 0.100000
vt 0.071875 0.000000
vt 0.071875 0.100000
vt 0.075000 0.000000
vt 0.075000 0.100000
vt 0.078125 0.000000
vt 0.078125 0.100000
vt 0.081250 0.000000
vt 0.081250 0.100000
vt 0.084375 0.000000
vt 0.084375 0.100000
vt 0.087500 0.000000
vt 0.087500 0.100000
vt 0.090625 0.000000
vt 0.090625 0.100000
vt 0.093750 0.000000
vt 0.093750 0.100000
vt 0.096875 0.000000
vt 0.096875 0.100000
vt 0.990393 0.402455
vt 0.961940 0.308658
vt 0.915735 0.222215
vt 0.853553 0.146447
vt 0.777785 0.084265
vt 0.691342 0.038060
vt 0.597545 0.009607
vt 0.402455 0.009607
vt 0.308658 0.038060
vt 0.222215 0.084265
vt 0.146447 0.146447
vt 0.084265 0.222215
vt 0.038060 0.308658
vt 0.009607 0.402455
vt 0.009607 0.597545
vt 0.038060 0.691342
vt 0.084265 0.777785
vt 0.146447 0.853553
vt 0.222215 0.915735
vt 0.308658 0.961940
vt 0.402455 0.990393
vt 0.500000 1.000000
vt 0.597545 0.990393
vt 0.691342 0.961940
vt 0.777785 0.915735
vt 0.853553 0.853553
vt 0.915735 0.777785
vt 0.961940 0.691342
vt 0.990393 0.597545
vt 1.000000 0.500000
vt 0.933013 0.250000
vt 0.066987 0.250000
vt 0.066987 0.750000
vt 0.933013 0.750000
vt 0.300000 0.000000
vt 0.300000 0.300000
vt 0.000000 0.300000
vt 0.400000 0.000000
vt 0.400000 0.400000
vt 0.000000 0.400000
vt 0.006250 0.200000
vt 0.000000 0.200000
vt 0.012500 0.200000
vt 0.018750 0.200000
vt 0.025000 0.200000
vt 0.031250 0.200000
vt 0.037500 0.200000
vt 0.043750 0.200000
vt 0.050000 0.200000
vt 0.056250 0.200000
vt 0.062500 0.200000
vt 0.068750 0.200000
vt 0.075000 0.200000
vt 0.081250 0.200000
vt 0.087500 0.200000
vt 0.093750 0.200000
vt 0.100000 0.200000
vt 0.106250 0.000000
vt 0.106250 0.200000
vt 0.112500 0.000000
vt 0.112500 0.200000
vt 0.118750 0.000000
vt 0.118750 0.200000
vt 0.125000 0.000000
vt 0.125000 0.200000
vt 0.131250 0.000000
vt 0.131250 0.200000
vt 0.137500 0.000000
vt 0.137500 0.200000
vt 0.143750 0.000000
vt 0.143750 0.200000
vt 0.150000 0.000000
vt 0.150000 0.200000
vt 0.156250 0.000000
vt 0.156250 0.200000
vt 0.162500 0.000000
vt 0.162500 0.200000
vt 0.168750 0.000000
vt 0.168750 0.200000
vt 0.175000 0.000000
vt 0.175000 0.200000
vt 0.181250 0.000000
vt 0.181250 0.200000
vt 0.187500 0.000000
vt 0.187500 0.200000
vt 0.193750 0.000000
vt 0.193750 0.200000
vt 0.200000 0.000000
vt 0.200000 0.200000
vt 0.031250 1.000000
vt 0.000000 1.000000
vt 0.062500 1.000000
vt 0.093750 1.000000
vt 0.125000 1.000000
vt 0.156250 1.000000
vt 0.187500 1.000000
vt 0.218750 0.000000
vt 0.218750 1.000000
vt 0.250000 0.000000
vt 0.250000 1.000000
vt 0.281250 0.000000
vt 0.281250 1.000000
vt 0.312500 0.000000
vt 0.312500 1.000000
vt 0.343750 0.000000
vt 0.343750 1.000000
vt 0.375000 0.000000
vt 0.375000 1.000000
vt 0.406250 0.000000
vt 0.406250 1.000000
vt 0.437500 0.000000
vt 0.437500 1.000000
vt 0.468750 0.000000
vt 0.468750 1.000000
vt 0.531250 0.000000
vt 0.531250 1.000000
vt 0.562500 0.000000
vt 0.562500 1.000000
vt 0.593750 0.000000
vt 0.593750 1.000000
vt 0.625000 0.000000
vt 0.625000 1.000000
vt 0.656250 0.000000
vt 0.656250 1.000000
vt 0.687500 0.000000
vt 0.687500 1.000000
vt 0.718750 0.000000
vt 0.718750 1.000000
vt 0.750000 0.000000
vt 0.750000 1.000000
vt 0.781250 0.000000
vt 0.781250 1.000000
vt 0.812500 0.000000
vt 0.812500 1.000000
vt 0.843750 0.000000
vt 0.843750 1.000000
vt 0.875000 0.000000
vt 0.875000 1.000000
vt 0.906250 0.000000
vt 0.906250 1.000000
vt 0.937500 0.000000
vt 0.937500 1.000000
vt 0.968750 0.000000
vt 0.968750 1.000000
vt 1.000000 0.000000
vt 1.000000 1.000000
vt 0.012500 0.400000
vt 0.025000 0.400000
vt 0.037500 0.400000
vt 0.050000 0.400000
vt 0.062500 0.400000
vt 0.075000 0.400000
vt 0.087500 0.400000
vt 0.100000 0.400000
vt 0.112500 0.400000
vt 0.125000 0.400000
vt 0.137500 0.400000
vt 0.150000 0.400000
vt 0.162500 0.400000
vt 0.175000 0.400000
vt 0.187500 0.400000
vt 0.200000 0.400000
vt 0.212500 0.000000
vt 0.212500 0.400000
vt 0.225000 0.000000
vt 0.225000 0.400000
vt 0.237500 0.000000
vt 0.237500 0.400000
vt 0.250000 0.400000
vt 0.262500 0.000000
vt 0.262500 0.400000
vt 0.275000 0.000000
vt 0.275000 0.400000
vt 0.287500 0.000000
vt 0.287500 0.400000
vt 0.300000 0.400000
vt 0.312500 0.400000
vt 0.325000 0.000000
vt 0.325000 0.400000
vt 0.337500 0.000000
vt 0.337500 0.400000
vt 0.350000 0.000000
vt 0.350000 0.400000
vt 0.362500 0.000000
vt 0.362500 0.400000
vt 0.375000 0.400000
vt 0.387500 0.000000
vt 0.387500 0.400000
o body
usemtl steel
f 1441/1/47 1442/2/47 1443/3/47 1444/4/47
f 1445/1/48 1446/2/48 1447/3/48 1448/4/48
f 1441/1/49 1444/2/49 1446/3/49 1445/4/49
f 1442/1/50 1448/2/50 1447/3/50 1443/4/50
f 1441/1/51 1445/2/51 1448/3/51 1442/4/51
f 1444/1/52 1443/2/52 1447/3/52 1446/4/52
f 1444/1/47 1443/2/47 1449/3/47 1450/4/47
f 1446/1/48 1451/2/48 1452/3/48 1447/4/48
f 1444/1/49 1450/2/49 1451/3/49 1446/4/49
f 1443/1/50 1447/2/50 1452/3/50 1449/4/50
f 1444/1/51 1446/2/51 1447/3/51 1443/4/51
f 1450/1/52 1449/2/52 1452/3/52 1451/4/52
f 1450/1/47 1449/2/47 1453/3/47 1454/4/47
f 1451/1/48 1455/2/48 1456/3/48 1452/4/48
f 1450/1/49 1454/2/49 1455/3/49 1451/4/49
f 1449/1/50 1452/2/50 1456/3/50 1453/4/50
f 1450/1/51 1451/2/51 1452/3/51 1449/4/51
f 1454/1/52 1453/2/52 1456/3/52 1455/4/52
f 1454/1/47 1453/2/47 1457/3/47 1458/4/47
f 1455/1/48 1459/2/48 1460/3/48 1456/4/48
f 1454/1/49 1458/2/49 1459/3/49 1455/4/49
f 1453/1/50 1456/2/50 1460/3/50 1457/4/50
f 1454/1/51 1455/2/51 1456/3/51 1453/4/51
f 1458/1/52 1457/2/52 1460/3/52 1459/4/52
f 1458/1/47 1457/2/47 1461/3/47 1462/4/47
f 1459/1/48 1463/2/48 1464/3/48 1460/4/48
f 1458/1/49 1462/2/49 1463/3/49 1459/4/49
f 1457/1/50 1460/2/50 1464/3/50 1461/4/50
f 1458/1/51 1459/2/51 1460/3/51 1457/4/51
f 1462/1/52 1461/2/52 1464/3/52 1463/4/52
f 1462/1/47 1461/2/47 1465/3/47 1466/4/47
f 1463/1/48 1467/2/48 1468/3/48 1464/4/48
f 1462/1/49 1466/2/49 1467/3/49 1463/4/49
f 1461/1/50 1464/2/50 1468/3/50 1465/4/50
f 1462/1/51 1463/2/51 1464/3/51 1461/4/51
f 1466/1/52 1465/2/52 1468/3/52 1467/4/52
f 1466/1/47 1465/2/47 1469/3/47 1470/4/47
f 1467/1/48 1471/2/48 1472/3/48 1468/4/48
f 1466/1/49 1470/2/49 1471/3/49 1467/4/49
f 1465/1/50 1468/2/50 1472/3/50 1469/4/50
f 1466/1/51 1467/2/51 1468/3/51 1465/4/51
f 1470/1/52 1469/2/52 1472/3/52 1471/4/52
f 1470/1/47 1469/2/47 1473/3/47 1474/4/47
f 1471/1/48 1475/2/48 1476/3/48 1472/4/48
f 1470/1/49 1474/2/49 1475/3/49 1471/4/49
f 1469/1/50 1472/2/50 1476/3/50 1473/4/50
f 1470/1/51 1471/2/51 1472/3/51 1469/4/51
f 1474/1/52 1473/2/52 1476/3/52 1475/4/52
f 1477/1/5 1478/2/5 1479/3/5 1480/4/5
f 1481/1/6 1482/2/6 1483/3/6 1484/4/6
f 1477/1/3 1480/2/3 1482/3/3 1481/4/3
f 1478/1/4 1484/2/4 1483/3/4 1479/4/4
f 1477/1/1 1481/2/1 1484/3/1 1478/4/1
f 1480/1/2 1479/2/2 1483/3/2 1482/4/2
f 1485/1/53 1486/2/53 1487/3/53 1488/4/53
f 1489/1/54 1490/2/54 1491/3/54 1492/4/54
f 1485/1/55 1488/2/55 1490/3/55 1489/4/55
f 1486/1/56 1492/2/56 1491/3/56 1487/4/56
f 1485/1/57 1489/2/57 1492/3/57 1486/4/57
f 1488/1/58 1487/2/58 1491/3/58 1490/4/58
f 1488/1/53 1487/2/53 1493/3/53 1494/4/53
f 1490/1/54 1495/2/54 1496/3/54 1491/4/54
f 1488/1/55 1494/2/55 1495/3/55 1490/4/55
f 1487/1/56 1491/2/56 1496/3/56 1493/4/56
f 1488/1/57 1490/2/57 1491/3/57 1487/4/57
f 1494/1/58 1493/2/58 1496/3/58 1495/4/58
f 1494/1/53 1493/2/53 1497/3/53 1498/4/53
f 1495/1/54 1499/2/54 1500/3/54 1496/4/54
f 1494/1/55 1498/2/55 1499/3/55 1495/4/55
f 1493/1/56 1496/2/56 1500/3/56 1497/4/56
f 1494/1/57 1495/2/57 1496/3/57 1493/4/57
f 1498/1/58 1497/2/58 1500/3/58 1499/4/58
f 1498/1/53 1497/2/53 1501/3/53 1502/4/53
f 1499/1/54 1503/2/54 1504/3/54 1500/4/54
f 1498/1/55 1502/2/55 1503/3/55 1499/4/55
f 1497/1/56 1500/2/56 1504/3/56 1501/4/56
f 1498/1/57 1499/2/57 1500/3/57 1497/4/57
f 1502/1/58 1501/2/58 1504/3/58 1503/4/58
f 1502/1/53 1501/2/53 1505/3/53 1506/4/53
f 1503/1/54 1507/2/54 1508/3/54 1504/4/54
f 1502/1/55 1506/2/55 1507/3/55 1503/4/55
f 1501/1/56 1504/2/56 1508/3/56 1505/4/56
f 1502/1/57 1503/2/57 1504/3/57 1501/4/57
f 1506/1/58 1505/2/58 1508/3/58 1507/4/58
f 1506/1/53 1505/2/53 1509/3/53 1510/4/53
f 1507/1/54 1511/2/54 1512/3/54 1508/4/54
f 1506/1/55 1510/2/55 1511/3/55 1507/4/55
f 1505/1/56 1508/2/56 1512/3/56 1509/4/56
f 1506/1/57 1507/2/57 1508/3/57 1505/4/57
f 1510/1/58 1509/2/58 1512/3/58 1511/4/58
f 1510/1/53 1509/2/53 1513/3/53 1514/4/53
f 1511/1/54 1515/2/54 1516/3/54 1512/4/54
f 1510/1/55 1514/2/55 1515/3/55 1511/4/55
f 1509/1/56 1512/2/56 1516/3/56 1513/4/56
f 1510/1/57 1511/2/57 1512/3/57 1509/4/57
f 1514/1/58 1513/2/58 1516/3/58 1515/4/58
f 1514/1/53 1513/2/53 1517/3/53 1518/4/53
f 1515/1/54 1519/2/54 1520/3/54 1516/4/54
f 1514/1/55 1518/2/55 1519/3/55 1515/4/55
f 1513/1/56 1516/2/56 1520/3/56 1517/4/56
f 1514/1/57 1515/2/57 1516/3/57 1513/4/57
f 1518/1/58 1517/2/58 1520/3/58 1519/4/58
f 1521/1/5 1522/2/5 1523/3/5 1524/4/5
f 1525/1/6 1526/2/6 1527/3/6 1528/4/6
f 1521/1/3 1524/2/3 1526/3/3 1525/4/3
f 1522/1/4 1528/2/4 1527/3/4 1523/4/4
f 1521/1/1 1525/2/1 1528/3/1 1522/4/1
f 1524/1/2 1523/2/2 1527/3/2 1526/4/2
f 1529/1/59 1530/2/59 1531/3/59 1532/4/59
f 1533/1/60 1534/2/60 1535/3/60 1536/4/60
f 1529/1/49 1532/2/49 1534/3/49 1533/4/49
f 1530/1/50 1536/2/50 1535/3/50 1531/4/50
f 1529/1/61 1533/2/61 1536/3/61 1530/4/61
f 1532/1/62 1531/2/62 1535/3/62 1534/4/62
f 1532/1/59 1531/2/59 1537/3/59 1538/4/59
f 1534/1/60 1539/2/60 1540/3/60 1535/4/60
f 1532/1/49 1538/2/49 1539/3/49 1534/4/49
f 1531/1/50 1535/2/50 1540/3/50 1537/4/50
f 1532/1/61 1534/2/61 1535/3/61 1531/4/61
f 1538/1/62 1537/2/62 1540/3/62 1539/4/62
f 1538/1/59 1537/2/59 1541/3/59 1542/4/59
f 1539/1/60 1543/2/60 1544/3/60 1540/4/60
f 1538/1/49 1542/2/49 1543/3/49 1539/4/49
f 1537/1/50 1540/2/50 1544/3/50 1541/4/50
f 1538/1/61 1539/2/61 1540/3/61 1537/4/61
f 1542/1/62 1541/2/62 1544/3/62 1543/4/62
f 1542/1/59 1541/2/59 1545/3/59 1546/4/59
f 1543/1/60 1547/2/60 1548/3/60 1544/4/60
f 1542/1/49 1546/2/49 1547/3/49 1543/4/49
f 1541/1/50 1544/2/50 1548/3/50 1545/4/50
f 1542/1/61 1543/2/61 1544/3/61 1541/4/61
f 1546/1/62 1545/2/62 1548/3/62 1547/4/62
f 1546/1/59 1545/2/59 1549/3/59 1550/4/59
f 1547/1/60 1551/2/60 1552/3/60 1548/4/60
f 1546/1/49 1550/2/49 1551/3/49 1547/4/49
f 1545/1/50 1548/2/50 1552/3/50 1549/4/50
f 1546/1/61 1547/2/61 1548/3/61 1545/4/61
f 1550/1/62 1549/2/62 1552/3/62 1551/4/62
f 1550/1/59 1549/2/59 1553/3/59 1554/4/59
f 1551/1/60 1555/2/60 1556/3/60 1552/4/60
f 1550/1/49 1554/2/49 1555/3/49 1551/4/49
f 1549/1/50 1552/2/50 1556/3/50 1553/4/50
f 1550/1/61 1551/2/61 1552/3/61 1549/4/61
f 1554/1/62 1553/2/62 1556/3/62 1555/4/62
f 1554/1/59 1553/2/59 1557/3/59 1558/4/59
f 1555/1/60 1559/2/60 1560/3/60 1556/4/60
f 1554/1/49 1558/2/49 1559/3/49 1555/4/49
f 1553/1/50 1556/2/50 1560/3/50 1557/4/50
f 1554/1/61 1555/2/61 1556/3/61 1553/4/61
f 1558/1/62 1557/2/62 1560/3/62 1559/4/62
f 1558/1/59 1557/2/59 1561/3/59 1562/4/59
f 1559/1/60 1563/2/60 1564/3/60 1560/4/60
f 1558/1/49 1562/2/49 1563/3/49 1559/4/49
f 1557/1/50 1560/2/50 1564/3/50 1561/4/50
f 1558/1/61 1559/2/61 1560/3/61 1557/4/61
f 1562/1/62 1561/2/62 1564/3/62 1563/4/62
f 1565/1/5 1566/2/5 1567/3/5 1568/4/5
f 1569/1/6 1570/2/6 1571/3/6 1572/4/6
f 1565/1/3 1568/2/3 1570/3/3 1569/4/3
f 1566/1/4 1572/2/4 1571/3/4 1567/4/4
f 1565/1/1 1569/2/1 1572/3/1 1566/4/1
f 1568/1/2 1567/2/2 1571/3/2 1570/4/2
f 1573/1/63 1574/2/63 1575/3/63 1576/4/63
f 1577/1/64 1578/2/64 1579/3/64 1580/4/64
f 1573/1/55 1576/2/55 1578/3/55 1577/4/55
f 1574/1/56 1580/2/56 1579/3/56 1575/4/56
f 1573/1/65 1577/2/65 1580/3/65 1574/4/65
f 1576/1/66 1575/2/66 1579/3/66 1578/4/66
f 1576/1/63 1575/2/63 1581/3/63 1582/4/63
f 1578/1/64 1583/2/64 1584/3/64 1579/4/64
f 1576/1/55 1582/2/55 1583/3/55 1578/4/55
f 1575/1/56 1579/2/56 1584/3/56 1581/4/56
f 1576/1/65 1578/2/65 1579/3/65 1575/4/65
f 1582/1/66 1581/2/66 1584/3/66 1583/4/66
f 1582/1/63 1581/2/63 1585/3/63 1586/4/63
f 1583/1/64 1587/2/64 1588/3/64 1584/4/64
f 1582/1/55 1586/2/55 1587/3/55 1583/4/55
f 1581/1/56 1584/2/56 1588/3/56 1585/4/56
f 1582/1/65 1583/2/65 1584/3/65 1581/4/65
f 1586/1/66 1585/2/66 1588/3/66 1587/4/66
f 1586/1/63 1585/2/63 1589/3/63 1590/4/63
f 1587/1/64 1591/2/64 1592/3/64 1588/4/64
f 1586/1/55 1590/2/55 1591/3/55 1587/4/55
f 1585/1/56 1588/2/56 1592/3/56 1589/4/56
f 1586/1/65 1587/2/65 1588/3/65 1585/4/65
f 1590/1/66 1589/2/66 1592/3/66 1591/4/66
f 1590/1/63 1589/2/63 1593/3/63 1594/4/63
f 1591/1/64 1595/2/64 1596/3/64 1592/4/64
f 1590/1/55 1594/2/55 1595/3/55 1591/4/55
f 1589/1/56 1592/2/56 1596/3/56 1593/4/56
f 1590/1/65 1591/2/65 1592/3/65 1589/4/65
f 1594/1/66 1593/2/66 1596/3/66 1595/4/66
f 1594/1/63 1593/2/63 1597/3/63 1598/4/63
f 1595/1/64 1599/2/64 1600/3/64 1596/4/64
f 1594/1/55 1598/2/55 1599/3/55 1595/4/55
f 1593/1/56 1596/2/56 1600/3/56 1597/4/56
f 1594/1/65 1595/2/65 1596/3/65 1593/4/65
f 1598/1/66 1597/2/66 1600/3/66 1599/4/66
f 1598/1/63 1597/2/63 1601/3/63 1602/4/63
f 1599/1/64 1603/2/64 1604/3/64 1600/4/64
f 1598/1/55 1602/2/55 1603/3/55 1599/4/55
f 1597/1/56 1600/2/56 1604/3/56 1601/4/56
f 1598/1/65 1599/2/65 1600/3/65 1597/4/65
f 1602/1/66 1601/2/66 1604/3/66 1603/4/66
f 1602/1/63 1601/2/63 1605/3/63 1606/4/63
f 1603/1/64 1607/2/64 1608/3/64 1604/4/64
f 1602/1/55 1606/2/55 1607/3/55 1603/4/55
f 1601/1/56 1604/2/56 1608/3/56 1605/4/56
f 1602/1/65 1603/2/65 1604/3/65 1601/4/65
f 1606/1/66 1605/2/66 1608/3/66 1607/4/66
f 1609/1/5 1610/2/5 1611/3/5 1612/4/5
f 1613/1/6 1614/2/6 1615/3/6 1616/4/6
f 1609/1/3 1612/2/3 1614/3/3 1613/4/3
f 1610/1/4 1616/2/4 1615/3/4 1611/4/4
f 1609/1/1 1613/2/1 1616/3/1 1610/4/1
f 1612/1/2 1611/2/2 1615/3/2 1614/4/2
f 1617/1/1 1618/112/1 1619/113/1 1620/114/1
f 1621/1/2 1622/112/2 1623/113/2 1624/114/2
f 1617/1/4 1620/112/4 1622/113/4 1621/114/4
f 1618/1/3 1624/112/3 1623/113/3 1619/114/3
f 1617/1/5 1621/112/5 1624/113/5 1618/114/5
f 1620/1/6 1619/112/6 1623/113/6 1622/114/6
f 1625/1/1 1626/112/1 1627/113/1 1628/114/1
f 1629/1/2 1630/112/2 1631/113/2 1632/114/2
f 1625/1/5 1628/112/5 1630/113/5 1629/114/5
f 1626/1/6 1632/112/6 1631/113/6 1627/114/6
f 1625/1/3 1629/112/3 1632/113/3 1626/114/3
f 1628/1/4 1627/112/4 1631/113/4 1630/114/4
f 1633/1/1 1634/112/1 1635/113/1 1636/114/1
f 1637/1/2 1638/112/2 1639/113/2 1640/114/2
f 1633/1/3 1636/112/3 1638/113/3 1637/114/3
f 1634/1/4 1640/112/4 1639/113/4 1635/114/4
f 1633/1/6 1637/112/6 1640/113/6 1634/114/6
f 1636/1/5 1635/112/5 1639/113/5 1638/114/5
f 1641/1/1 1642/112/1 1643/113/1 1644/114/1
f 1645/1/2 1646/112/2 1647/113/2 1648/114/2
f 1641/1/6 1644/112/6 1646/113/6 1645/114/6
f 1642/1/5 1648/112/5 1647/113/5 1643/114/5
f 1641/1/4 1645/112/4 1648/113/4 1642/114/4
f 1644/1/3 1643/112/3 1647/113/3 1646/114/3
f 1649/1/1 1650/112/1 1651/113/1 1652/114/1
f 1653/1/2 1654/112/2 1655/113/2 1656/114/2
f 1649/1/4 1652/112/4 1654/113/4 1653/114/4
f 1650/1/3 1656/112/3 1655/113/3 1651/114/3
f 1649/1/5 1653/112/5 1656/113/5 1650/114/5
f 1652/1/6 1651/112/6 1655/113/6 1654/114/6
f 1657/1/1 1658/112/1 1659/113/1 1660/114/1
f 1661/1/2 1662/112/2 1663/113/2 1664/114/2
f 1657/1/5 1660/112/5 1662/113/5 1661/114/5
f 1658/1/6 1664/112/6 1663/113/6 1659/114/6
f 1657/1/3 1661/112/3 1664/113/3 1658/114/3
f 1660/1/4 1659/112/4 1663/113/4 1662/114/4
f 1665/1/1 1666/112/1 1667/113/1 1668/114/1
f 1669/1/2 1670/112/2 1671/113/2 1672/114/2
f 1665/1/3 1668/112/3 1670/113/3 1669/114/3
f 1666/1/4 1672/112/4 1671/113/4 1667/114/4
f 1665/1/6 1669/112/6 1672/113/6 1666/114/6
f 1668/1/5 1667/112/5 1671/113/5 1670/114/5
f 1673/1/1 1674/112/1 1675/113/1 1676/114/1
f 1677/1/2 1678/112/2 1679/113/2 1680/114/2
f 1673/1/6 1676/112/6 1678/113/6 1677/114/6
f 1674/1/5 1680/112/5 1679/113/5 1675/114/5
f 1673/1/4 1677/112/4 1680/113/4 1674/114/4
f 1676/1/3 1675/112/3 1679/113/3 1678/114/3
f 1681/1/1 1682/112/1 1683/113/1 1684/114/1
f 1685/1/2 1686/112/2 1687/113/2 1688/114/2
f 1681/1/4 1684/112/4 1686/113/4 1685/114/4
f 1682/1/3 1688/112/3 1687/113/3 1683/114/3
f 1681/1/5 1685/112/5 1688/113/5 1682/114/5
f 1684/1/6 1683/112/6 1687/113/6 1686/114/6
f 1689/1/1 1690/112/1 1691/113/1 1692/114/1
f 1693/1/2 1694/112/2 1695/113/2 1696/114/2
f 1689/1/5 1692/112/5 1694/113/5 1693/114/5
f 1690/1/6 1696/112/6 1695/113/6 1691/114/6
f 1689/1/3 1693/112/3 1696/113/3 1690/114/3
f 1692/1/4 1691/112/4 1695/113/4 1694/114/4
f 1697/1/1 1698/112/1 1699/113/1 1700/114/1
f 1701/1/2 1702/112/2 1703/113/2 1704/114/2
f 1697/1/3 1700/112/3 1702/113/3 1701/114/3
f 1698/1/4 1704/112/4 1703/113/4 1699/114/4
f 1697/1/6 1701/112/6 1704/113/6 1698/114/6
f 1700/1/5 1699/112/5 1703/113/5 1702/114/5
f 1705/1/1 1706/112/1 1707/113/1 1708/114/1
f 1709/1/2 1710/112/2 1711/113/2 1712/114/2
f 1705/1/6 1708/112/6 1710/113/6 1709/114/6
f 1706/1/5 1712/112/5 1711/113/5 1707/114/5
f 1705/1/4 1709/112/4 1712/113/4 1706/114/4
f 1708/1/3 1707/112/3 1711/113/3 1710/114/3
f 1713/1/1 1714/112/1 1715/113/1 1716/114/1
f 1717/1/2 1718/112/2 1719/113/2 1720/114/2
f 1713/1/4 1716/112/4 1718/113/4 1717/114/4
f 1714/1/3 1720/112/3 1719/113/3 1715/114/3
f 1713/1/5 1717/112/5 1720/113/5 1714/114/5
f 1716/1/6 1715/112/6 1719/113/6 1718/114/6
f 1721/1/1 1722/112/1 1723/113/1 1724/114/1
f 1725/1/2 1726/112/2 1727/113/2 1728/114/2
f 1721/1/5 1724/112/5 1726/113/5 1725/114/5
f 1722/1/6 1728/112/6 1727/113/6 1723/114/6
f 1721/1/3 1725/112/3 1728/113/3 1722/114/3
f 1724/1/4 1723/112/4 1727/113/4 1726/114/4
f 1729/1/1 1730/112/1 1731/113/1 1732/114/1
f 1733/1/2 1734/112/2 1735/113/2 1736/114/2
f 1729/1/3 1732/112/3 1734/113/3 1733/114/3
f 1730/1/4 1736/112/4 1735/113/4 1731/114/4
f 1729/1/6 1733/112/6 1736/113/6 1730/114/6
f 1732/1/5 1731/112/5 1735/113/5 1734/114/5
f 1737/1/1 1738/112/1 1739/113/1 1740/114/1
f 1741/1/2 1742/112/2 1743/113/2 1744/114/2
f 1737/1/6 1740/112/6 1742/113/6 1741/114/6
f 1738/1/5 1744/112/5 1743/113/5 1739/114/5
f 1737/1/4 1741/112/4 1744/113/4 1738/114/4
f 1740/1/3 1739/112/3 1743/113/3 1742/114/3
f 1745/1/1 1746/112/1 1747/113/1 1748/114/1
f 1749/1/2 1750/112/2 1751/113/2 1752/114/2
f 1745/1/4 1748/112/4 1750/113/4 1749/114/4
f 1746/1/3 1752/112/3 1751/113/3 1747/114/3
f 1745/1/5 1749/112/5 1752/113/5 1746/114/5
f 1748/1/6 1747/112/6 1751/113/6 1750/114/6
f 1753/1/1 1754/112/1 1755/113/1 1756/114/1
f 1757/1/2 1758/112/2 1759/113/2 1760/114/2
f 1753/1/5 1756/112/5 1758/113/5 1757/114/5
f 1754/1/6 1760/112/6 1759/113/6 1755/114/6
f 1753/1/3 1757/112/3 1760/113/3 1754/114/3
f 1756/1/4 1755/112/4 1759/113/4 1758/114/4
f 1761/1/1 1762/112/1 1763/113/1 1764/114/1
f 1765/1/2 1766/112/2 1767/113/2 1768/114/2
f 1761/1/3 1764/112/3 1766/113/3 1765/114/3
f 1762/1/4 1768/112/4 1767/113/4 1763/114/4
f 1761/1/6 1765/112/6 1768/113/6 1762/114/6
f 1764/1/5 1763/112/5 1767/113/5 1766/114/5
f 1769/1/1 1770/112/1 1771/113/1 1772/114/1
f 1773/1/2 1774/112/2 1775/113/2 1776/114/2
f 1769/1/6 1772/112/6 1774/113/6 1773/114/6
f 1770/1/5 1776/112/5 1775/113/5 1771/114/5
f 1769/1/4 1773/112/4 1776/113/4 1770/114/4
f 1772/1/3 1771/112/3 1775/113/3 1774/114/3
f 1777/1/1 1778/112/1 1779/113/1 1780/114/1
f 1781/1/2 1782/112/2 1783/113/2 1784/114/2
f 1777/1/4 1780/112/4 1782/113/4 1781/114/4
f 1778/1/3 1784/112/3 1783/113/3 1779/114/3
f 1777/1/5 1781/112/5 1784/113/5 1778/114/5
f 1780/1/6 1779/112/6 1783/113/6 1782/114/6
f 1785/1/1 1786/112/1 1787/113/1 1788/114/1
f 1789/1/2 1790/112/2 1791/113/2 1792/114/2
f 1785/1/5 1788/112/5 1790/113/5 1789/114/5
f 1786/1/6 1792/112/6 1791/113/6 1787/114/6
f 1785/1/3 1789/112/3 1792/113/3 1786/114/3
f 1788/1/4 1787/112/4 1791/113/4 1790/114/4
f 1793/1/1 1794/112/1 1795/113/1 1796/114/1
f 1797/1/2 1798/112/2 1799/113/2 1800/114/2
f 1793/1/3 1796/112/3 1798/113/3 1797/114/3
f 1794/1/4 1800/112/4 1799/113/4 1795/114/4
f 1793/1/6 1797/112/6 1800/113/6 1794/114/6
f 1796/1/5 1795/112/5 1799/113/5 1798/114/5
f 1801/1/1 1802/112/1 1803/113/1 1804/114/1
f 1805/1/2 1806/112/2 1807/113/2 1808/114/2
f 1801/1/6 1804/112/6 1806/113/6 1805/114/6
f 1802/1/5 1808/112/5 1807/113/5 1803/114/5
f 1801/1/4 1805/112/4 1808/113/4 1802/114/4
f 1804/1/3 1803/112/3 1807/113/3 1806/114/3
f 1809/1/1 1810/112/1 1811/113/1 1812/114/1
f 1813/1/2 1814/112/2 1815/113/2 1816/114/2
f 1809/1/4 1812/112/4 1814/113/4 1813/114/4
f 1810/1/3 1816/112/3 1815/113/3 1811/114/3
f 1809/1/5 1813/112/5 1816/113/5 1810/114/5
f 1812/1/6 1811/112/6 1815/113/6 1814/114/6
f 1817/1/1 1818/112/1 1819/113/1 1820/114/1
f 1821/1/2 1822/112/2 1823/113/2 1824/114/2
f 1817/1/5 1820/112/5 1822/113/5 1821/114/5
f 1818/1/6 1824/112/6 1823/113/6 1819/114/6
f 1817/1/3 1821/112/3 1824/113/3 1818/114/3
f 1820/1/4 1819/112/4 1823/113/4 1822/114/4
f 1825/1/1 1826/112/1 1827/113/1 1828/114/1
f 1829/1/2 1830/112/2 1831/113/2 1832/114/2
f 1825/1/3 1828/112/3 1830/113/3 1829/114/3
f 1826/1/4 1832/112/4 1831/113/4 1827/114/4
f 1825/1/6 1829/112/6 1832/113/6 1826/114/6
f 1828/1/5 1827/112/5 1831/113/5 1830/114/5
f 1833/1/1 1834/112/1 1835/113/1 1836/114/1
f 1837/1/2 1838/112/2 1839/113/2 1840/114/2
f 1833/1/6 1836/112/6 1838/113/6 1837/114/6
f 1834/1/5 1840/112/5 1839/113/5 1835/114/5
f 1833/1/4 1837/112/4 1840/113/4 1834/114/4
f 1836/1/3 1835/112/3 1839/113/3 1838/114/3
f 1841/1/1 1842/112/1 1843/113/1 1844/114/1
f 1845/1/2 1846/112/2 1847/113/2 1848/114/2
f 1841/1/4 1844/112/4 1846/113/4 1845/114/4
f 1842/1/3 1848/112/3 1847/113/3 1843/114/3
f 1841/1/5 1845/112/5 1848/113/5 1842/114/5
f 1844/1/6 1843/112/6 1847/113/6 1846/114/6
f 1849/1/1 1850/112/1 1851/113/1 1852/114/1
f 1853/1/2 1854/112/2 1855/113/2 1856/114/2
f 1849/1/5 1852/112/5 1854/113/5 1853/114/5
f 1850/1/6 1856/112/6 1855/113/6 1851/114/6
f 1849/1/3 1853/112/3 1856/113/3 1850/114/3
f 1852/1/4 1851/112/4 1855/113/4 1854/114/4
f 1857/1/1 1858/112/1 1859/113/1 1860/114/1
f 1861/1/2 1862/112/2 1863/113/2 1864/114/2
f 1857/1/3 1860/112/3 1862/113/3 1861/114/3
f 1858/1/4 1864/112/4 1863/113/4 1859/114/4
f 1857/1/6 1861/112/6 1864/113/6 1858/114/6
f 1860/1/5 1859/112/5 1863/113/5 1862/114/5
f 1865/1/1 1866/112/1 1867/113/1 1868/114/1
f 1869/1/2 1870/112/2 1871/113/2 1872/114/2
f 1865/1/6 1868/112/6 1870/113/6 1869/114/6
f 1866/1/5 1872/112/5 1871/113/5 1867/114/5
f 1865/1/4 1869/112/4 1872/113/4 1866/114/4
f 1868/1/3 1867/112/3 1871/113/3 1870/114/3
f 1873/1/1 1874/112/1 1875/113/1 1876/114/1
f 1877/1/2 1878/112/2 1879/113/2 1880/114/2
f 1873/1/4 1876/112/4 1878/113/4 1877/114/4
f 1874/1/3 1880/112/3 1879/113/3 1875/114/3
f 1873/1/5 1877/112/5 1880/113/5 1874/114/5
f 1876/1/6 1875/112/6 1879/113/6 1878/114/6
f 1881/1/1 1882/112/1 1883/113/1 1884/114/1
f 1885/1/2 1886/112/2 1887/113/2 1888/114/2
f 1881/1/5 1884/112/5 1886/113/5 1885/114/5
f 1882/1/6 1888/112/6 1887/113/6 1883/114/6
f 1881/1/3 1885/112/3 1888/113/3 1882/114/3
f 1884/1/4 1883/112/4 1887/113/4 1886/114/4
f 1889/1/1 1890/112/1 1891/113/1 1892/114/1
f 1893/1/2 1894/112/2 1895/113/2 1896/114/2
f 1889/1/3 1892/112/3 1894/113/3 1893/114/3
f 1890/1/4 1896/112/4 1895/113/4 1891/114/4
f 1889/1/6 1893/112/6 1896/113/6 1890/114/6
f 1892/1/5 1891/112/5 1895/113/5 1894/114/5
f 1897/1/1 1898/112/1 1899/113/1 1900/114/1
f 1901/1/2 1902/112/2 1903/113/2 1904/114/2
f 1897/1/6 1900/112/6 1902/113/6 1901/114/6
f 1898/1/5 1904/112/5 1903/113/5 1899/114/5
f 1897/1/4 1901/112/4 1904/113/4 1898/114/4
f 1900/1/3 1899/112/3 1903/113/3 1902/114/3
f 1905/1/1 1906/112/1 1907/113/1 1908/114/1
f 1909/1/2 1910/112/2 1911/113/2 1912/114/2
f 1905/1/4 1908/112/4 1910/113/4 1909/114/4
f 1906/1/3 1912/112/3 1911/113/3 1907/114/3
f 1905/1/5 1909/112/5 1912/113/5 1906/114/5
f 1908/1/6 1907/112/6 1911/113/6 1910/114/6
f 1913/1/1 1914/112/1 1915/113/1 1916/114/1
f 1917/1/2 1918/112/2 1919/113/2 1920/114/2
f 1913/1/5 1916/112/5 1918/113/5 1917/114/5
f 1914/1/6 1920/112/6 1919/113/6 1915/114/6
f 1913/1/3 1917/112/3 1920/113/3 1914/114/3
f 1916/1/4 1915/112/4 1919/113/4 1918/114/4
f 1921/1/1 1922/112/1 1923/113/1 1924/114/1
f 1925/1/2 1926/112/2 1927/113/2 1928/114/2
f 1921/1/3 1924/112/3 1926/113/3 1925/114/3
f 1922/1/4 1928/112/4 1927/113/4 1923/114/4
f 1921/1/6 1925/112/6 1928/113/6 1922/114/6
f 1924/1/5 1923/112/5 1927/113/5 1926/114/5
f 1929/1/1 1930/112/1 1931/113/1 1932/114/1
f 1933/1/2 1934/112/2 1935/113/2 1936/114/2
f 1929/1/6 1932/112/6 1934/113/6 1933/114/6
f 1930/1/5 1936/112/5 1935/113/5 1931/114/5
f 1929/1/4 1933/112/4 1936/113/4 1930/114/4
f 1932/1/3 1931/112/3 1935/113/3 1934/114/3
f 1937/1/1 1938/112/1 1939/113/1 1940/114/1
f 1941/1/2 1942/112/2 1943/113/2 1944/114/2
f 1937/1/4 1940/112/4 1942/113/4 1941/114/4
f 1938/1/3 1944/112/3 1943/113/3 1939/114/3
f 1937/1/5 1941/112/5 1944/113/5 1938/114/5
f 1940/1/6 1939/112/6 1943/113/6 1942/114/6
f 1945/1/1 1946/112/1 1947/113/1 1948/114/1
f 1949/1/2 1950/112/2 1951/113/2 1952/114/2
f 1945/1/5 1948/112/5 1950/113/5 1949/114/5
f 1946/1/6 1952/112/6 1951/113/6 1947/114/6
f 1945/1/3 1949/112/3 1952/113/3 1946/114/3
f 1948/1/4 1947/112/4 1951/113/4 1950/114/4
f 1953/1/1 1954/112/1 1955/113/1 1956/114/1
f 1957/1/2 1958/112/2 1959/113/2 1960/114/2
f 1953/1/3 1956/112/3 1958/113/3 1957/114/3
f 1954/1/4 1960/112/4 1959/113/4 1955/114/4
f 1953/1/6 1957/112/6 1960/113/6 1954/114/6
f 1956/1/5 1955/112/5 1959/113/5 1958/114/5
f 1961/1/1 1962/112/1 1963/113/1 1964/114/1
f 1965/1/2 1966/112/2 1967/113/2 1968/114/2
f 1961/1/6 1964/112/6 1966/113/6 1965/114/6
f 1962/1/5 1968/112/5 1967/113/5 1963/114/5
f 1961/1/4 1965/112/4 1968/113/4 1962/114/4
f 1964/1/3 1963/112/3 1967/113/3 1966/114/3
f 1969/1/1 1970/112/1 1971/113/1 1972/114/1
f 1973/1/2 1974/112/2 1975/113/2 1976/114/2
f 1969/1/4 1972/112/4 1974/113/4 1973/114/4
f 1970/1/3 1976/112/3 1975/113/3 1971/114/3
f 1969/1/5 1973/112/5 1976/113/5 1970/114/5
f 1972/1/6 1971/112/6 1975/113/6 1974/114/6
f 1977/1/1 1978/112/1 1979/113/1 1980/114/1
f 1981/1/2 1982/112/2 1983/113/2 1984/114/2
f 1977/1/5 1980/112/5 1982/113/5 1981/114/5
f 1978/1/6 1984/112/6 1983/113/6 1979/114/6
f 1977/1/3 1981/112/3 1984/113/3 1978/114/3
f 1980/1/4 1979/112/4 1983/113/4 1982/114/4
f 1985/1/1 1986/112/1 1987/113/1 1988/114/1
f 1989/1/2 1990/112/2 1991/113/2 1992/114/2
f 1985/1/3 1988/112/3 1990/113/3 1989/114/3
f 1986/1/4 1992/112/4 1991/113/4 1987/114/4
f 1985/1/6 1989/112/6 1992/113/6 1986/114/6
f 1988/1/5 1987/112/5 1991/113/5 1990/114/5
f 1993/1/1 1994/112/1 1995/113/1 1996/114/1
f 1997/1/2 1998/112/2 1999/113/2 2000/114/2
f 1993/1/6 1996/112/6 1998/113/6 1997/114/6
f 1994/1/5 2000/112/5 1999/113/5 1995/114/5
f 1993/1/4 1997/112/4 2000/113/4 1994/114/4
f 1996/1/3 1995/112/3 1999/113/3 1998/114/3
f 2001/1/67 2002/112/67 2003/113/67 2004/114/67
f 2005/1/68 2006/112/68 2007/113/68 2008/114/68
f 2001/1/69 2004/112/69 2006/113/69 2005/114/69
f 2002/1/70 2008/112/70 2007/113/70 2003/114/70
f 2001/1/71 2005/112/71 2008/113/71 2002/114/71
f 2004/1/72 2003/112/72 2007/113/72 2006/114/72
f 2009/1/73 2010/112/73 2011/113/73 2012/114/73
f 2013/1/74 2014/112/74 2015/113/74 2016/114/74
f 2009/1/75 2012/112/75 2014/113/75 2013/114/75
f 2010/1/76 2016/112/76 2015/113/76 2011/114/76
f 2009/1/77 2013/112/77 2016/113/77 2010/114/77
f 2012/1/78 2011/112/78 2015/113/78 2014/114/78
f 2017/1/79 2018/112/79 2019/113/79 2020/114/79
f 2021/1/80 2022/112/80 2023/113/80 2024/114/80
f 2017/1/70 2020/112/70 2022/113/70 2021/114/70
f 2018/1/69 2024/112/69 2023/113/69 2019/114/69
f 2017/1/81 2021/112/81 2024/113/81 2018/114/81
f 2020/1/82 2019/112/82 2023/113/82 2022/114/82
f 2025/1/83 2026/112/83 2027/113/83 2028/114/83
f 2029/1/84 2030/112/84 2031/113/84 2032/114/84
f 2025/1/76 2028/112/76 2030/113/76 2029/114/76
f 2026/1/75 2032/112/75 2031/113/75 2027/114/75
f 2025/1/85 2029/112/85 2032/113/85 2026/114/85
f 2028/1/86 2027/112/86 2031/113/86 2030/114/86
f 2033/1/87 2034/112/87 2035/113/87 2036/114/87
f 2037/1/88 2038/112/88 2039/113/88 2040/114/88
f 2033/1/89 2036/112/89 2038/113/89 2037/114/89
f 2034/1/90 2040/112/90 2039/113/90 2035/114/90
f 2033/1/91 2037/112/91 2040/113/91 2034/114/91
f 2036/1/92 2035/112/92 2039/113/92 2038/114/92
f 2041/1/93 2042/112/93 2043/113/93 2044/114/93
f 2045/1/94 2046/112/94 2047/113/94 2048/114/94
f 2041/1/95 2044/112/95 2046/113/95 2045/114/95
f 2042/1/96 2048/112/96 2047/113/96 2043/114/96
f 2041/1/97 2045/112/97 2048/113/97 2042/114/97
f 2044/1/98 2043/112/98 2047/113/98 2046/114/98
f 2049/1/99 2050/112/99 2051/113/99 2052/114/99
f 2053/1/100 2054/112/100 2055/113/100 2056/114/100
f 2049/1/90 2052/112/90 2054/113/90 2053/114/90
f 2050/1/89 2056/112/89 2055/113/89 2051/114/89
f 2049/1/101 2053/112/101 2056/113/101 2050/114/101
f 2052/1/102 2051/112/102 2055/113/102 2054/114/102
f 2057/1/103 2058/112/103 2059/113/103 2060/114/103
f 2061/1/104 2062/112/104 2063/113/104 2064/114/104
f 2057/1/96 2060/112/96 2062/113/96 2061/114/96
f 2058/1/95 2064/112/95 2063/113/95 2059/114/95
f 2057/1/105 2061/112/105 2064/113/105 2058/114/105
f 2060/1/106 2059/112/106 2063/113/106 2062/114/106
f 2065/1/107 2066/112/107 2067/113/107 2068/114/107
f 2069/1/108 2070/112/108 2071/113/108 2072/114/108
f 2065/1/109 2068/112/109 2070/113/109 2069/114/109
f 2066/1/110 2072/112/110 2071/113/110 2067/114/110
f 2065/1/111 2069/112/111 2072/113/111 2066/114/111
f 2068/1/112 2067/112/112 2071/113/112 2070/114/112
f 2073/1/113 2074/112/113 2075/113/113 2076/114/113
f 2077/1/114 2078/112/114 2079/113/114 2080/114/114
f 2073/1/115 2076/112/115 2078/113/115 2077/114/115
f 2074/1/116 2080/112/116 2079/113/116 2075/114/116
f 2073/1/117 2077/112/117 2080/113/117 2074/114/117
f 2076/1/118 2075/112/118 2079/113/118 2078/114/118
f 2081/1/119 2082/112/119 2083/113/119 2084/114/119
f 2085/1/120 2086/112/120 2087/113/120 2088/114/120
f 2081/1/110 2084/112/110 2086/113/110 2085/114/110
f 2082/1/109 2088/112/109 2087/113/109 2083/114/109
f 2081/1/121 2085/112/121 2088/113/121 2082/114/121
f 2084/1/122 2083/112/122 2087/113/122 2086/114/122
f 2089/1/123 2090/112/123 2091/113/123 2092/114/123
f 2093/1/124 2094/112/124 2095/113/124 2096/114/124
f 2089/1/116 2092/112/116 2094/113/116 2093/114/116
f 2090/1/115 2096/112/115 2095/113/115 2091/114/115
f 2089/1/125 2093/112/125 2096/113/125 2090/114/125
f 2092/1/126 2091/112/126 2095/113/126 2094/114/126
f 2097/1/127 2098/112/127 2099/113/127 2100/114/127
f 2101/1/128 2102/112/128 2103/113/128 2104/114/128
f 2097/1/129 2100/112/129 2102/113/129 2101/114/129
f 2098/1/130 2104/112/130 2103/113/130 2099/114/130
f 2097/1/131 2101/112/131 2104/113/131 2098/114/131
f 2100/1/132 2099/112/132 2103/113/132 2102/114/132
f 2105/1/133 2106/112/133 2107/113/133 2108/114/133
f 2109/1/134 2110/112/134 2111/113/134 2112/114/134
f 2105/1/135 2108/112/135 2110/113/135 2109/114/135
f 2106/1/136 2112/112/136 2111/113/136 2107/114/136
f 2105/1/137 2109/112/137 2112/113/137 2106/114/137
f 2108/1/138 2107/112/138 2111/113/138 2110/114/138
f 2113/1/139 2114/112/139 2115/113/139 2116/114/139
f 2117/1/140 2118/112/140 2119/113/140 2120/114/140
f 2113/1/130 2116/112/130 2118/113/130 2117/114/130
f 2114/1/129 2120/112/129 2119/113/129 2115/114/129
f 2113/1/141 2117/112/141 2120/113/141 2114/114/141
f 2116/1/142 2115/112/142 2119/113/142 2118/114/142
f 2121/1/143 2122/112/143 2123/113/143 2124/114/143
f 2125/1/144 2126/112/144 2127/113/144 2128/114/144
f 2121/1/136 2124/112/136 2126/113/136 2125/114/136
f 2122/1/135 2128/112/135 2127/113/135 2123/114/135
f 2121/1/145 2125/112/145 2128/113/145 2122/114/145
f 2124/1/146 2123/112/146 2127/113/146 2126/114/146
f 2129/1/147 2130/112/147 2131/113/147 2132/114/147
f 2133/1/148 2134/112/148 2135/113/148 2136/114/148
f 2129/1/149 2132/112/149 2134/113/149 2133/114/149
f 2130/1/150 2136/112/150 2135/113/150 2131/114/150
f 2129/1/151 2133/112/151 2136/113/151 2130/114/151
f 2132/1/152 2131/112/152 2135/113/152 2134/114/152
f 2137/1/153 2138/112/153 2139/113/153 2140/114/153
f 2141/1/154 2142/112/154 2143/113/154 2144/114/154
f 2137/1/155 2140/112/155 2142/113/155 2141/114/155
f 2138/1/156 2144/112/156 2143/113/156 2139/114/156
f 2137/1/157 2141/112/157 2144/113/157 2138/114/157
f 2140/1/158 2139/112/158 2143/113/158 2142/114/158
f 2145/1/159 2146/112/159 2147/113/159 2148/114/159
f 2149/1/160 2150/112/160 2151/113/160 2152/114/160
f 2145/1/150 2148/112/150 2150/113/150 2149/114/150
f 2146/1/149 2152/112/149 2151/113/149 2147/114/149
f 2145/1/161 2149/112/161 2152/113/161 2146/114/161
f 2148/1/162 2147/112/162 2151/113/162 2150/114/162
f 2153/1/163 2154/112/163 2155/113/163 2156/114/163
f 2157/1/164 2158/112/164 2159/113/164 2160/114/164
f 2153/1/156 2156/112/156 2158/113/156 2157/114/156
f 2154/1/155 2160/112/155 2159/113/155 2155/114/155
f 2153/1/165 2157/112/165 2160/113/165 2154/114/165
f 2156/1/166 2155/112/166 2159/113/166 2158/114/166
f 2161/1/167 2162/112/167 2163/113/167 2164/114/167
f 2165/1/168 2166/112/168 2167/113/168 2168/114/168
f 2161/1/169 2164/112/169 2166/113/169 2165/114/169
f 2162/1/170 2168/112/170 2167/113/170 2163/114/170
f 2161/1/171 2165/112/171 2168/113/171 2162/114/171
f 2164/1/172 2163/112/172 2167/113/172 2166/114/172
f 2169/1/173 2170/112/173 2171/113/173 2172/114/173
f 2173/1/174 2174/112/174 2175/113/174 2176/114/174
f 2169/1/175 2172/112/175 2174/113/175 2173/114/175
f 2170/1/176 2176/112/176 2175/113/176 2171/114/176
f 2169/1/177 2173/112/177 2176/113/177 2170/114/177
f 2172/1/178 2171/112/178 2175/113/178 2174/114/178
f 2177/1/179 2178/112/179 2179/113/179 2180/114/179
f 2181/1/180 2182/112/180 2183/113/180 2184/114/180
f 2177/1/170 2180/112/170 2182/113/170 2181/114/170
f 2178/1/169 2184/112/169 2183/113/169 2179/114/169
f 2177/1/181 2181/112/181 2184/113/181 2178/114/181
f 2180/1/182 2179/112/182 2183/113/182 2182/114/182
f 2185/1/183 2186/112/183 2187/113/183 2188/114/183
f 2189/1/184 2190/112/184 2191/113/184 2192/114/184
f 2185/1/176 2188/112/176 2190/113/176 2189/114/176
f 2186/1/175 2192/112/175 2191/113/175 2187/114/175
f 2185/1/185 2189/112/185 2192/113/185 2186/114/185
f 2188/1/186 2187/112/186 2191/113/186 2190/114/186
f 2193/1/187 2194/112/187 2195/113/187 2196/114/187
f 2197/1/188 2198/112/188 2199/113/188 2200/114/188
f 2193/1/189 2196/112/189 2198/113/189 2197/114/189
f 2194/1/190 2200/112/190 2199/113/190 2195/114/190
f 2193/1/191 2197/112/191 2200/113/191 2194/114/191
f 2196/1/192 2195/112/192 2199/113/192 2198/114/192
f 2201/1/193 2202/112/193 2203/113/193 2204/114/193
f 2205/1/194 2206/112/194 2207/113/194 2208/114/194
f 2201/1/195 2204/112/195 2206/113/195 2205/114/195
f 2202/1/196 2208/112/196 2207/113/196 2203/114/196
f 2201/1/197 2205/112/197 2208/113/197 2202/114/197
f 2204/1/198 2203/112/198 2207/113/198 2206/114/198
f 2209/1/199 2210/112/199 2211/113/199 2212/114/199
f 2213/1/200 2214/112/200 2215/113/200 2216/114/200
f 2209/1/190 2212/112/190 2214/113/190 2213/114/190
f 2210/1/189 2216/112/189 2215/113/189 2211/114/189
f 2209/1/201 2213/112/201 2216/113/201 2210/114/201
f 2212/1/202 2211/112/202 2215/113/202 2214/114/202
f 2217/1/203 2218/112/203 2219/113/203 2220/114/203
f 2221/1/204 2222/112/204 2223/113/204 2224/114/204
f 2217/1/196 2220/112/196 2222/113/196 2221/114/196
f 2218/1/195 2224/112/195 2223/113/195 2219/114/195
f 2217/1/205 2221/112/205 2224/113/205 2218/114/205
f 2220/1/206 2219/112/206 2223/113/206 2222/114/206
f 2225/1/207 2226/112/207 2227/113/207 2228/114/207
f 2229/1/208 2230/112/208 2231/113/208 2232/114/208
f 2225/1/209 2228/112/209 2230/113/209 2229/114/209
f 2226/1/210 2232/112/210 2231/113/210 2227/114/210
f 2225/1/211 2229/112/211 2232/113/211 2226/114/211
f 2228/1/212 2227/112/212 2231/113/212 2230/114/212
f 2233/1/213 2234/112/213 2235/113/213 2236/114/213
f 2237/1/214 2238/112/214 2239/113/214 2240/114/214
f 2233/1/215 2236/112/215 2238/113/215 2237/114/215
f 2234/1/216 2240/112/216 2239/113/216 2235/114/216
f 2233/1/217 2237/112/217 2240/113/217 2234/114/217
f 2236/1/218 2235/112/218 2239/113/218 2238/114/218
f 2241/1/219 2242/112/219 2243/113/219 2244/114/219
f 2245/1/220 2246/112/220 2247/113/220 2248/114/220
f 2241/1/210 2244/112/210 2246/113/210 2245/114/210
f 2242/1/209 2248/112/209 2247/113/209 2243/114/209
f 2241/1/221 2245/112/221 2248/113/221 2242/114/221
f 2244/1/222 2243/112/222 2247/113/222 2246/114/222
f 2249/1/223 2250/112/223 2251/113/223 2252/114/223
f 2253/1/224 2254/112/224 2255/113/224 2256/114/224
f 2249/1/216 2252/112/216 2254/113/216 2253/114/216
f 2250/1/215 2256/112/215 2255/113/215 2251/114/215
f 2249/1/225 2253/112/225 2256/113/225 2250/114/225
f 2252/1/226 2251/112/226 2255/113/226 2254/114/226
f 2257/1/227 2258/112/227 2259/113/227 2260/114/227
f 2261/1/228 2262/112/228 2263/113/228 2264/114/228
f 2257/1/3 2260/112/3 2262/113/3 2261/114/3
f 2258/1/4 2264/112/4 2263/113/4 2259/114/4
f 2257/1/229 2261/112/229 2264/113/229 2258/114/229
f 2260/1/230 2259/112/230 2263/113/230 2262/114/230
f 2265/1/231 2266/112/231 2267/113/231 2268/114/231
f 2269/1/232 2270/112/232 2271/113/232 2272/114/232
f 2265/1/6 2268/112/6 2270/113/6 2269/114/6
f 2266/1/5 2272/112/5 2271/113/5 2267/114/5
f 2265/1/233 2269/112/233 2272/113/233 2266/114/233
f 2268/1/234 2267/112/234 2271/113/234 2270/114/234
f 2273/1/235 2274/112/235 2275/113/235 2276/114/235
f 2277/1/236 2278/112/236 2279/113/236 2280/114/236
f 2273/1/4 2276/112/4 2278/113/4 2277/114/4
f 2274/1/3 2280/112/3 2279/113/3 2275/114/3
f 2273/1/237 2277/112/237 2280/113/237 2274/114/237
f 2276/1/238 2275/112/238 2279/113/238 2278/114/238
f 2281/1/239 2282/112/239 2283/113/239 2284/114/239
f 2285/1/240 2286/112/240 2287/113/240 2288/114/240
f 2281/1/5 2284/112/5 2286/113/5 2285/114/5
f 2282/1/6 2288/112/6 2287/113/6 2283/114/6
f 2281/1/241 2285/112/241 2288/113/241 2282/114/241
f 2284/1/242 2283/112/242 2287/113/242 2286/114/242
f 2289/1/235 2290/112/235 2291/113/235 2292/114/235
f 2293/1/236 2294/112/236 2295/113/236 2296/114/236
f 2289/1/4 2292/112/4 2294/113/4 2293/114/4
f 2290/1/3 2296/112/3 2295/113/3 2291/114/3
f 2289/1/237 2293/112/237 2296/113/237 2290/114/237
f 2292/1/238 2291/112/238 2295/113/238 2294/114/238
f 2297/1/239 2298/112/239 2299/113/239 2300/114/239
f 2301/1/240 2302/112/240 2303/113/240 2304/114/240
f 2297/1/5 2300/112/5 2302/113/5 2301/114/5
f 2298/1/6 2304/112/6 2303/113/6 2299/114/6
f 2297/1/241 2301/112/241 2304/113/241 2298/114/241
f 2300/1/242 2299/112/242 2303/113/242 2302/114/242
f 2305/1/227 2306/112/227 2307/113/227 2308/114/227
f 2309/1/228 2310/112/228 2311/113/228 2312/114/228
f 2305/1/3 2308/112/3 2310/113/3 2309/114/3
f 2306/1/4 2312/112/4 2311/113/4 2307/114/4
f 2305/1/229 2309/112/229 2312/113/229 2306/114/229
f 2308/1/230 2307/112/230 2311/113/230 2310/114/230
f 2313/1/231 2314/112/231 2315/113/231 2316/114/231
f 2317/1/232 2318/112/232 2319/113/232 2320/114/232
f 2313/1/6 2316/112/6 2318/113/6 2317/114/6
f 2314/1/5 2320/112/5 2319/113/5 2315/114/5
f 2313/1/233 2317/112/233 2320/113/233 2314/114/233
f 2316/1/234 2315/112/234 2319/113/234 2318/114/234
f 2321/1/227 2322/112/227 2323/113/227 2324/114/227
f 2325/1/228 2326/112/228 2327/113/228 2328/114/228
f 2321/1/3 2324/112/3 2326/113/3 2325/114/3
f 2322/1/4 2328/112/4 2327/113/4 2323/114/4
f 2321/1/229 2325/112/229 2328/113/229 2322/114/229
f 2324/1/230 2323/112/230 2327/113/230 2326/114/230
f 2329/1/231 2330/112/231 2331/113/231 2332/114/231
f 2333/1/232 2334/112/232 2335/113/232 2336/114/232
f 2329/1/6 2332/112/6 2334/113/6 2333/114/6
f 2330/1/5 2336/112/5 2335/113/5 2331/114/5
f 2329/1/233 2333/112/233 2336/113/233 2330/114/233
f 2332/1/234 2331/112/234 2335/113/234 2334/114/234
f 2337/1/235 2338/112/235 2339/113/235 2340/114/235
f 2341/1/236 2342/112/236 2343/113/236 2344/114/236
f 2337/1/4 2340/112/4 2342/113/4 2341/114/4
f 2338/1/3 2344/112/3 2343/113/3 2339/114/3
f 2337/1/237 2341/112/237 2344/113/237 2338/114/237
f 2340/1/238 2339/112/238 2343/113/238 2342/114/238
f 2345/1/239 2346/112/239 2347/113/239 2348/114/239
f 2349/1/240 2350/112/240 2351/113/240 2352/114/240
f 2345/1/5 2348/112/5 2350/113/5 2349/114/5
f 2346/1/6 2352/112/6 2351/113/6 2347/114/6
f 2345/1/241 2349/112/241 2352/113/241 2346/114/241
f 2348/1/242 2347/112/242 2351/113/242 2350/114/242
f 2353/1/235 2354/112/235 2355/113/235 2356/114/235
f 2357/1/236 2358/112/236 2359/113/236 2360/114/236
f 2353/1/4 2356/112/4 2358/113/4 2357/114/4
f 2354/1/3 2360/112/3 2359/113/3 2355/114/3
f 2353/1/237 2357/112/237 2360/113/237 2354/114/237
f 2356/1/238 2355/112/238 2359/113/238 2358/114/238
f 2361/1/239 2362/112/239 2363/113/239 2364/114/239
f 2365/1/240 2366/112/240 2367/113/240 2368/114/240
f 2361/1/5 2364/112/5 2366/113/5 2365/114/5
f 2362/1/6 2368/112/6 2367/113/6 2363/114/6
f 2361/1/241 2365/112/241 2368/113/241 2362/114/241
f 2364/1/242 2363/112/242 2367/113/242 2366/114/242
f 2369/1/227 2370/112/227 2371/113/227 2372/114/227
f 2373/1/228 2374/112/228 2375/113/228 2376/114/228
f 2369/1/3 2372/112/3 2374/113/3 2373/114/3
f 2370/1/4 2376/112/4 2375/113/4 2371/114/4
f 2369/1/229 2373/112/229 2376/113/229 2370/114/229
f 2372/1/230 2371/112/230 2375/113/230 2374/114/230
f 2377/1/231 2378/112/231 2379/113/231 2380/114/231
f 2381/1/232 2382/112/232 2383/113/232 2384/114/232
f 2377/1/6 2380/112/6 2382/113/6 2381/114/6
f 2378/1/5 2384/112/5 2383/113/5 2379/114/5
f 2377/1/233 2381/112/233 2384/113/233 2378/114/233
f 2380/1/234 2379/112/234 2383/113/234 2382/114/234
f 2385/1/243 2386/112/243 2387/113/243 2388/114/243
f 2389/1/244 2390/112/244 2391/113/244 2392/114/244
f 2385/1/245 2388/112/245 2390/113/245 2389/114/245
f 2386/1/246 2392/112/246 2391/113/246 2387/114/246
f 2385/1/247 2389/112/247 2392/113/247 2386/114/247
f 2388/1/248 2387/112/248 2391/113/248 2390/114/248
f 2393/1/249 2394/112/249 2395/113/249 2396/114/249
f 2397/1/250 2398/112/250 2399/113/250 2400/114/250
f 2393/1/251 2396/112/251 2398/113/251 2397/114/251
f 2394/1/252 2400/112/252 2399/113/252 2395/114/252
f 2393/1/253 2397/112/253 2400/113/253 2394/114/253
f 2396/1/254 2395/112/254 2399/113/254 2398/114/254
f 2401/1/255 2402/112/255 2403/113/255 2404/114/255
f 2405/1/256 2406/112/256 2407/113/256 2408/114/256
f 2401/1/246 2404/112/246 2406/113/246 2405/114/246
f 2402/1/245 2408/112/245 2407/113/245 2403/114/245
f 2401/1/257 2405/112/257 2408/113/257 2402/114/257
f 2404/1/258 2403/112/258 2407/113/258 2406/114/258
f 2409/1/259 2410/112/259 2411/113/259 2412/114/259
f 2413/1/260 2414/112/260 2415/113/260 2416/114/260
f 2409/1/252 2412/112/252 2414/113/252 2413/114/252
f 2410/1/251 2416/112/251 2415/113/251 2411/114/251
f 2409/1/261 2413/112/261 2416/113/261 2410/114/261
f 2412/1/262 2411/112/262 2415/113/262 2414/114/262
f 2417/1/263 2418/112/263 2419/113/263 2420/114/263
f 2421/1/264 2422/112/264 2423/113/264 2424/114/264
f 2417/1/265 2420/112/265 2422/113/265 2421/114/265
f 2418/1/266 2424/112/266 2423/113/266 2419/114/266
f 2417/1/267 2421/112/267 2424/113/267 2418/114/267
f 2420/1/268 2419/112/268 2423/113/268 2422/114/268
f 2425/1/269 2426/112/269 2427/113/269 2428/114/269
f 2429/1/270 2430/112/270 2431/113/270 2432/114/270
f 2425/1/271 2428/112/271 2430/113/271 2429/114/271
f 2426/1/272 2432/112/272 2431/113/272 2427/114/272
f 2425/1/273 2429/112/273 2432/113/273 2426/114/273
f 2428/1/274 2427/112/274 2431/113/274 2430/114/274
f 2433/1/275 2434/112/275 2435/113/275 2436/114/275
f 2437/1/276 2438/112/276 2439/113/276 2440/114/276
f 2433/1/266 2436/112/266 2438/113/266 2437/114/266
f 2434/1/265 2440/112/265 2439/113/265 2435/114/265
f 2433/1/277 2437/112/277 2440/113/277 2434/114/277
f 2436/1/278 2435/112/278 2439/113/278 2438/114/278
f 2441/1/279 2442/112/279 2443/113/279 2444/114/279
f 2445/1/280 2446/112/280 2447/113/280 2448/114/280
f 2441/1/272 2444/112/272 2446/113/272 2445/114/272
f 2442/1/271 2448/112/271 2447/113/271 2443/114/271
f 2441/1/281 2445/112/281 2448/113/281 2442/114/281
f 2444/1/282 2443/112/282 2447/113/282 2446/114/282
f 2449/1/283 2450/112/283 2451/113/283 2452/114/283
f 2453/1/284 2454/112/284 2455/113/284 2456/114/284
f 2449/1/285 2452/112/285 2454/113/285 2453/114/285
f 2450/1/286 2456/112/286 2455/113/286 2451/114/286
f 2449/1/287 2453/112/287 2456/113/287 2450/114/287
f 2452/1/288 2451/112/288 2455/113/288 2454/114/288
f 2457/1/289 2458/112/289 2459/113/289 2460/114/289
f 2461/1/290 2462/112/290 2463/113/290 2464/114/290
f 2457/1/291 2460/112/291 2462/113/291 2461/114/291
f 2458/1/292 2464/112/292 2463/113/292 2459/114/292
f 2457/1/293 2461/112/293 2464/113/293 2458/114/293
f 2460/1/294 2459/112/294 2463/113/294 2462/114/294
f 2465/1/295 2466/112/295 2467/113/295 2468/114/295
f 2469/1/296 2470/112/296 2471/113/296 2472/114/296
f 2465/1/286 2468/112/286 2470/113/286 2469/114/286
f 2466/1/285 2472/112/285 2471/113/285 2467/114/285
f 2465/1/297 2469/112/297 2472/113/297 2466/114/297
f 2468/1/298 2467/112/298 2471/113/298 2470/114/298
f 2473/1/299 2474/112/299 2475/113/299 2476/114/299
f 2477/1/300 2478/112/300 2479/113/300 2480/114/300
f 2473/1/292 2476/112/292 2478/113/292 2477/114/292
f 2474/1/291 2480/112/291 2479/113/291 2475/114/291
f 2473/1/301 2477/112/301 2480/113/301 2474/114/301
f 2476/1/302 2475/112/302 2479/113/302 2478/114/302
f 2481/1/303 2482/112/303 2483/113/303 2484/114/303
f 2485/1/304 2486/112/304 2487/113/304 2488/114/304
f 2481/1/305 2484/112/305 2486/113/305 2485/114/305
f 2482/1/306 2488/112/306 2487/113/306 2483/114/306
f 2481/1/307 2485/112/307 2488/113/307 2482/114/307
f 2484/1/308 2483/112/308 2487/113/308 2486/114/308
f 2489/1/309 2490/112/309 2491/113/309 2492/114/309
f 2493/1/310 2494/112/310 2495/113/310 2496/114/310
f 2489/1/311 2492/112/311 2494/113/311 2493/114/311
f 2490/1/312 2496/112/312 2495/113/312 2491/114/312
f 2489/1/313 2493/112/313 2496/113/313 2490/114/313
f 2492/1/314 2491/112/314 2495/113/314 2494/114/314
f 2497/1/315 2498/112/315 2499/113/315 2500/114/315
f 2501/1/316 2502/112/316 2503/113/316 2504/114/316
f 2497/1/306 2500/112/306 2502/113/306 2501/114/306
f 2498/1/305 2504/112/305 2503/113/305 2499/114/305
f 2497/1/317 2501/112/317 2504/113/317 2498/114/317
f 2500/1/318 2499/112/318 2503/113/318 2502/114/318
f 2505/1/319 2506/112/319 2507/113/319 2508/114/319
f 2509/1/320 2510/112/320 2511/113/320 2512/114/320
f 2505/1/312 2508/112/312 2510/113/312 2509/114/312
f 2506/1/311 2512/112/311 2511/113/311 2507/114/311
f 2505/1/321 2509/112/321 2512/113/321 2506/114/321
f 2508/1/322 2507/112/322 2511/113/322 2510/114/322
f 2513/1/323 2514/112/323 2515/113/323 2516/114/323
f 2517/1/324 2518/112/324 2519/113/324 2520/114/324
f 2513/1/325 2516/112/325 2518/113/325 2517/114/325
f 2514/1/326 2520/112/326 2519/113/326 2515/114/326
f 2513/1/327 2517/112/327 2520/113/327 2514/114/327
f 2516/1/328 2515/112/328 2519/113/328 2518/114/328
f 2521/1/329 2522/112/329 2523/113/329 2524/114/329
f 2525/1/330 2526/112/330 2527/113/330 2528/114/330
f 2521/1/331 2524/112/331 2526/113/331 2525/114/331
f 2522/1/332 2528/112/332 2527/113/332 2523/114/332
f 2521/1/333 2525/112/333 2528/113/333 2522/114/333
f 2524/1/334 2523/112/334 2527/113/334 2526/114/334
f 2529/1/335 2530/112/335 2531/113/335 2532/114/335
f 2533/1/336 2534/112/336 2535/113/336 2536/114/336
f 2529/1/326 2532/112/326 2534/113/326 2533/114/326
f 2530/1/325 2536/112/325 2535/113/325 2531/114/325
f 2529/1/337 2533/112/337 2536/113/337 2530/114/337
f 2532/1/338 2531/112/338 2535/113/338 2534/114/338
f 2537/1/339 2538/112/339 2539/113/339 2540/114/339
f 2541/1/340 2542/112/340 2543/113/340 2544/114/340
f 2537/1/332 2540/112/332 2542/113/332 2541/114/332
f 2538/1/331 2544/112/331 2543/113/331 2539/114/331
f 2537/1/341 2541/112/341 2544/113/341 2538/114/341
f 2540/1/342 2539/112/342 2543/113/342 2542/114/342
f 2545/1/343 2546/112/343 2547/113/343 2548/114/343
f 2549/1/344 2550/112/344 2551/113/344 2552/114/344
f 2545/1/345 2548/112/345 2550/113/345 2549/114/345
f 2546/1/346 2552/112/346 2551/113/346 2547/114/346
f 2545/1/347 2549/112/347 2552/113/347 2546/114/347
f 2548/1/348 2547/112/348 2551/113/348 2550/114/348
f 2553/1/349 2554/112/349 2555/113/349 2556/114/349
f 2557/1/350 2558/112/350 2559/113/350 2560/114/350
f 2553/1/351 2556/112/351 2558/113/351 2557/114/351
f 2554/1/352 2560/112/352 2559/113/352 2555/114/352
f 2553/1/353 2557/112/353 2560/113/353 2554/114/353
f 2556/1/354 2555/112/354 2559/113/354 2558/114/354
f 2561/1/355 2562/112/355 2563/113/355 2564/114/355
f 2565/1/356 2566/112/356 2567/113/356 2568/114/356
f 2561/1/346 2564/112/346 2566/113/346 2565/114/346
f 2562/1/345 2568/112/345 2567/113/345 2563/114/345
f 2561/1/357 2565/112/357 2568/113/357 2562/114/357
f 2564/1/358 2563/112/358 2567/113/358 2566/114/358
f 2569/1/359 2570/112/359 2571/113/359 2572/114/359
f 2573/1/360 2574/112/360 2575/113/360 2576/114/360
f 2569/1/352 2572/112/352 2574/113/352 2573/114/352
f 2570/1/351 2576/112/351 2575/113/351 2571/114/351
f 2569/1/361 2573/112/361 2576/113/361 2570/114/361
f 2572/1/362 2571/112/362 2575/113/362 2574/114/362
f 2577/1/363 2578/112/363 2579/113/363 2580/114/363
f 2581/1/364 2582/112/364 2583/113/364 2584/114/364
f 2577/1/365 2580/112/365 2582/113/365 2581/114/365
f 2578/1/366 2584/112/366 2583/113/366 2579/114/366
f 2577/1/367 2581/112/367 2584/113/367 2578/114/367
f 2580/1/368 2579/112/368 2583/113/368 2582/114/368
f 2585/1/369 2586/112/369 2587/113/369 2588/114/369
f 2589/1/370 2590/112/370 2591/113/370 2592/114/370
f 2585/1/371 2588/112/371 2590/113/371 2589/114/371
f 2586/1/372 2592/112/372 2591/113/372 2587/114/372
f 2585/1/373 2589/112/373 2592/113/373 2586/114/373
f 2588/1/374 2587/112/374 2591/113/374 2590/114/374
f 2593/1/375 2594/112/375 2595/113/375 2596/114/375
f 2597/1/376 2598/112/376 2599/113/376 2600/114/376
f 2593/1/366 2596/112/366 2598/113/366 2597/114/366
f 2594/1/365 2600/112/365 2599/113/365 2595/114/365
f 2593/1/377 2597/112/377 2600/113/377 2594/114/377
f 2596/1/378 2595/112/378 2599/113/378 2598/114/378
f 2601/1/379 2602/112/379 2603/113/379 2604/114/379
f 2605/1/380 2606/112/380 2607/113/380 2608/114/380
f 2601/1/372 2604/112/372 2606/113/372 2605/114/372
f 2602/1/371 2608/112/371 2607/113/371 2603/114/371
f 2601/1/381 2605/112/381 2608/113/381 2602/114/381
f 2604/1/382 2603/112/382 2607/113/382 2606/114/382
f 2609/1/383 2610/112/383 2611/113/383 2612/114/383
f 2613/1/384 2614/112/384 2615/113/384 2616/114/384
f 2609/1/385 2612/112/385 2614/113/385 2613/114/385
f 2610/1/386 2616/112/386 2615/113/386 2611/114/386
f 2609/1/387 2613/112/387 2616/113/387 2610/114/387
f 2612/1/388 2611/112/388 2615/113/388 2614/114/388
f 2617/1/389 2618/112/389 2619/113/389 2620/114/389
f 2621/1/390 2622/112/390 2623/113/390 2624/114/390
f 2617/1/391 2620/112/391 2622/113/391 2621/114/391
f 2618/1/392 2624/112/392 2623/113/392 2619/114/392
f 2617/1/393 2621/112/393 2624/113/393 2618/114/393
f 2620/1/394 2619/112/394 2623/113/394 2622/114/394
f 2625/1/395 2626/112/395 2627/113/395 2628/114/395
f 2629/1/396 2630/112/396 2631/113/396 2632/114/396
f 2625/1/386 2628/112/386 2630/113/386 2629/114/386
f 2626/1/385 2632/112/385 2631/113/385 2627/114/385
f 2625/1/397 2629/112/397 2632/113/397 2626/114/397
f 2628/1/398 2627/112/398 2631/113/398 2630/114/398
f 2633/1/399 2634/112/399 2635/113/399 2636/114/399
f 2637/1/400 2638/112/400 2639/113/400 2640/114/400
f 2633/1/392 2636/112/392 2638/113/392 2637/114/392
f 2634/1/391 2640/112/391 2639/113/391 2635/114/391
f 2633/1/401 2637/112/401 2640/113/401 2634/114/401
f 2636/1/402 2635/112/402 2639/113/402 2638/114/402
f 2641/1/235 2642/112/235 2643/113/235 2644/114/235
f 2645/1/236 2646/112/236 2647/113/236 2648/114/236
f 2641/1/4 2644/112/4 2646/113/4 2645/114/4
f 2642/1/3 2648/112/3 2647/113/3 2643/114/3
f 2641/1/237 2645/112/237 2648/113/237 2642/114/237
f 2644/1/238 2643/112/238 2647/113/238 2646/114/238
f 2649/1/239 2650/112/239 2651/113/239 2652/114/239
f 2653/1/240 2654/112/240 2655/113/240 2656/114/240
f 2649/1/5 2652/112/5 2654/113/5 2653/114/5
f 2650/1/6 2656/112/6 2655/113/6 2651/114/6
f 2649/1/241 2653/112/241 2656/113/241 2650/114/241
f 2652/1/242 2651/112/242 2655/113/242 2654/114/242
f 2657/1/227 2658/112/227 2659/113/227 2660/114/227
f 2661/1/228 2662/112/228 2663/113/228 2664/114/228
f 2657/1/3 2660/112/3 2662/113/3 2661/114/3
f 2658/1/4 2664/112/4 2663/113/4 2659/114/4
f 2657/1/229 2661/112/229 2664/113/229 2658/114/229
f 2660/1/230 2659/112/230 2663/113/230 2662/114/230
f 2665/1/231 2666/112/231 2667/113/231 2668/114/231
f 2669/1/232 2670/112/232 2671/113/232 2672/114/232
f 2665/1/6 2668/112/6 2670/113/6 2669/114/6
f 2666/1/5 2672/112/5 2671/113/5 2667/114/5
f 2665/1/233 2669/112/233 2672/113/233 2666/114/233
f 2668/1/234 2667/112/234 2671/113/234 2670/114/234
f 2673/1/227 2674/112/227 2675/113/227 2676/114/227
f 2677/1/228 2678/112/228 2679/113/228 2680/114/228
f 2673/1/3 2676/112/3 2678/113/3 2677/114/3
f 2674/1/4 2680/112/4 2679/113/4 2675/114/4
f 2673/1/229 2677/112/229 2680/113/229 2674/114/229
f 2676/1/230 2675/112/230 2679/113/230 2678/114/230
f 2681/1/231 2682/112/231 2683/113/231 2684/114/231
f 2685/1/232 2686/112/232 2687/113/232 2688/114/232
f 2681/1/6 2684/112/6 2686/113/6 2685/114/6
f 2682/1/5 2688/112/5 2687/113/5 2683/114/5
f 2681/1/233 2685/112/233 2688/113/233 2682/114/233
f 2684/1/234 2683/112/234 2687/113/234 2686/114/234
f 2689/1/235 2690/112/235 2691/113/235 2692/114/235
f 2693/1/236 2694/112/236 2695/113/236 2696/114/236
f 2689/1/4 2692/112/4 2694/113/4 2693/114/4
f 2690/1/3 2696/112/3 2695/113/3 2691/114/3
f 2689/1/237 2693/112/237 2696/113/237 2690/114/237
f 2692/1/238 2691/112/238 2695/113/238 2694/114/238
f 2697/1/239 2698/112/239 2699/113/239 2700/114/239
f 2701/1/240 2702/112/240 2703/113/240 2704/114/240
f 2697/1/5 2700/112/5 2702/113/5 2701/114/5
f 2698/1/6 2704/112/6 2703/113/6 2699/114/6
f 2697/1/241 2701/112/241 2704/113/241 2698/114/241
f 2700/1/242 2699/112/242 2703/113/242 2702/114/242
f 2705/1/235 2706/112/235 2707/113/235 2708/114/235
f 2709/1/236 2710/112/236 2711/113/236 2712/114/236
f 2705/1/4 2708/112/4 2710/113/4 2709/114/4
f 2706/1/3 2712/112/3 2711/113/3 2707/114/3
f 2705/1/237 2709/112/237 2712/113/237 2706/114/237
f 2708/1/238 2707/112/238 2711/113/238 2710/114/238
f 2713/1/239 2714/112/239 2715/113/239 2716/114/239
f 2717/1/240 2718/112/240 2719/113/240 2720/114/240
f 2713/1/5 2716/112/5 2718/113/5 2717/114/5
f 2714/1/6 2720/112/6 2719/113/6 2715/114/6
f 2713/1/241 2717/112/241 2720/113/241 2714/114/241
f 2716/1/242 2715/112/242 2719/113/242 2718/114/242
f 2721/1/227 2722/112/227 2723/113/227 2724/114/227
f 2725/1/228 2726/112/228 2727/113/228 2728/114/228
f 2721/1/3 2724/112/3 2726/113/3 2725/114/3
f 2722/1/4 2728/112/4 2727/113/4 2723/114/4
f 2721/1/229 2725/112/229 2728/113/229 2722/114/229
f 2724/1/230 2723/112/230 2727/113/230 2726/114/230
f 2729/1/231 2730/112/231 2731/113/231 2732/114/231
f 2733/1/232 2734/112/232 2735/113/232 2736/114/232
f 2729/1/6 2732/112/6 2734/113/6 2733/114/6
f 2730/1/5 2736/112/5 2735/113/5 2731/114/5
f 2729/1/233 2733/112/233 2736/113/233 2730/114/233
f 2732/1/234 2731/112/234 2735/113/234 2734/114/234
f 2737/1/227 2738/112/227 2739/113/227 2740/114/227
f 2741/1/228 2742/112/228 2743/113/228 2744/114/228
f 2737/1/3 2740/112/3 2742/113/3 2741/114/3
f 2738/1/4 2744/112/4 2743/113/4 2739/114/4
f 2737/1/229 2741/112/229 2744/113/229 2738/114/229
f 2740/1/230 2739/112/230 2743/113/230 2742/114/230
f 2745/1/231 2746/112/231 2747/113/231 2748/114/231
f 2749/1/232 2750/112/232 2751/113/232 2752/114/232
f 2745/1/6 2748/112/6 2750/113/6 2749/114/6
f 2746/1/5 2752/112/5 2751/113/5 2747/114/5
f 2745/1/233 2749/112/233 2752/113/233 2746/114/233
f 2748/1/234 2747/112/234 2751/113/234 2750/114/234
f 2753/1/235 2754/112/235 2755/113/235 2756/114/235
f 2757/1/236 2758/112/236 2759/113/236 2760/114/236
f 2753/1/4 2756/112/4 2758/113/4 2757/114/4
f 2754/1/3 2760/112/3 2759/113/3 2755/114/3
f 2753/1/237 2757/112/237 2760/113/237 2754/114/237
f 2756/1/238 2755/112/238 2759/113/238 2758/114/238
f 2761/1/239 2762/112/239 2763/113/239 2764/114/239
f 2765/1/240 2766/112/240 2767/113/240 2768/114/240
f 2761/1/5 2764/112/5 2766/113/5 2765/114/5
f 2762/1/6 2768/112/6 2767/113/6 2763/114/6
f 2761/1/241 2765/112/241 2768/113/241 2762/114/241
f 2764/1/242 2763/112/242 2767/113/242 2766/114/242
f 3089/1/531 3090/112/531 3091/113/531 3092/114/531
f 3093/1/532 3094/112/532 3095/113/532 3096/114/532
f 3089/1/533 3092/112/533 3094/113/533 3093/114/533
f 3090/1/534 3096/112/534 3095/113/534 3091/114/534
f 3089/1/535 3093/112/535 3096/113/535 3090/114/535
f 3092/1/536 3091/112/536 3095/113/536 3094/114/536
f 3097/1/537 3098/112/537 3099/113/537 3100/114/537
f 3101/1/538 3102/112/538 3103/113/538 3104/114/538
f 3097/1/539 3100/112/539 3102/113/539 3101/114/539
f 3098/1/540 3104/112/540 3103/113/540 3099/114/540
f 3097/1/541 3101/112/541 3104/113/541 3098/114/541
f 3100/1/542 3099/112/542 3103/113/542 3102/114/542
f 3105/1/543 3106/112/543 3107/113/543 3108/114/543
f 3109/1/544 3110/112/544 3111/113/544 3112/114/544
f 3105/1/540 3108/112/540 3110/113/540 3109/114/540
f 3106/1/539 3112/112/539 3111/113/539 3107/114/539
f 3105/1/545 3109/112/545 3112/113/545 3106/114/545
f 3108/1/546 3107/112/546 3111/113/546 3110/114/546
f 3113/1/547 3114/112/547 3115/113/547 3116/114/547
f 3117/1/548 3118/112/548 3119/113/548 3120/114/548
f 3113/1/534 3116/112/534 3118/113/534 3117/114/534
f 3114/1/533 3120/112/533 3119/113/533 3115/114/533
f 3113/1/549 3117/112/549 3120/113/549 3114/114/549
f 3116/1/550 3115/112/550 3119/113/550 3118/114/550
f 3121/1/1 3122/112/1 3123/113/1 3124/114/1
f 3125/1/2 3126/112/2 3127/113/2 3128/114/2
f 3121/1/4 3124/112/4 3126/113/4 3125/114/4
f 3122/1/3 3128/112/3 3127/113/3 3123/114/3
f 3121/1/5 3125/112/5 3128/113/5 3122/114/5
f 3124/1/6 3123/112/6 3127/113/6 3126/114/6
f 3129/1/1 3130/112/1 3131/113/1 3132/114/1
f 3133/1/2 3134/112/2 3135/113/2 3136/114/2
f 3129/1/5 3132/112/5 3134/113/5 3133/114/5
f 3130/1/6 3136/112/6 3135/113/6 3131/114/6
f 3129/1/3 3133/112/3 3136/113/3 3130/114/3
f 3132/1/4 3131/112/4 3135/113/4 3134/114/4
f 3137/1/1 3138/112/1 3139/113/1 3140/114/1
f 3141/1/2 3142/112/2 3143/113/2 3144/114/2
f 3137/1/3 3140/112/3 3142/113/3 3141/114/3
f 3138/1/4 3144/112/4 3143/113/4 3139/114/4
f 3137/1/6 3141/112/6 3144/113/6 3138/114/6
f 3140/1/5 3139/112/5 3143/113/5 3142/114/5
f 3145/1/1 3146/112/1 3147/113/1 3148/114/1
f 3149/1/2 3150/112/2 3151/113/2 3152/114/2
f 3145/1/6 3148/112/6 3150/113/6 3149/114/6
f 3146/1/5 3152/112/5 3151/113/5 3147/114/5
f 3145/1/4 3149/112/4 3152/113/4 3146/114/4
f 3148/1/3 3147/112/3 3151/113/3 3150/114/3
f 3153/1/1 3154/112/1 3155/113/1 3156/114/1
f 3157/1/2 3158/112/2 3159/113/2 3160/114/2
f 3153/1/4 3156/112/4 3158/113/4 3157/114/4
f 3154/1/3 3160/112/3 3159/113/3 3155/114/3
f 3153/1/5 3157/112/5 3160/113/5 3154/114/5
f 3156/1/6 3155/112/6 3159/113/6 3158/114/6
f 3161/1/1 3162/112/1 3163/113/1 3164/114/1
f 3165/1/2 3166/112/2 3167/113/2 3168/114/2
f 3161/1/5 3164/112/5 3166/113/5 3165/114/5
f 3162/1/6 3168/112/6 3167/113/6 3163/114/6
f 3161/1/3 3165/112/3 3168/113/3 3162/114/3
f 3164/1/4 3163/112/4 3167/113/4 3166/114/4
f 3169/1/1 3170/112/1 3171/113/1 3172/114/1
f 3173/1/2 3174/112/2 3175/113/2 3176/114/2
f 3169/1/3 3172/112/3 3174/113/3 3173/114/3
f 3170/1/4 3176/112/4 3175/113/4 3171/114/4
f 3169/1/6 3173/112/6 3176/113/6 3170/114/6
f 3172/1/5 3171/112/5 3175/113/5 3174/114/5
f 3177/1/1 3178/112/1 3179/113/1 3180/114/1
f 3181/1/2 3182/112/2 3183/113/2 3184/114/2
f 3177/1/6 3180/112/6 3182/113/6 3181/114/6
f 3178/1/5 3184/112/5 3183/113/5 3179/114/5
f 3177/1/4 3181/112/4 3184/113/4 3178/114/4
f 3180/1/3 3179/112/3 3183/113/3 3182/114/3
o footing
usemtl concrete
f 1/1/1 2/2/1 3/3/1 4/4/1
f 5/4/2 6/3/2 7/2/2 8/1/2
f 4/2/3 3/1/3 6/4/3 5/3/3
f 2/2/4 1/1/4 8/4/4 7/3/4
f 1/2/5 4/1/5 5/4/5 8/3/5
f 3/2/6 2/1/6 7/4/6 6/3/6
f 361/1/1 362/2/1 363/3/1 364/4/1
f 365/4/2 366/3/2 367/2/2 368/1/2
f 364/2/3 363/1/3 366/4/3 365/3/3
f 362/2/4 361/1/4 368/4/4 367/3/4
f 361/2/5 364/1/5 365/4/5 368/3/5
f 363/2/6 362/1/6 367/4/6 366/3/6
f 721/1/1 722/2/1 723/3/1 724/4/1
f 725/4/2 726/3/2 727/2/2 728/1/2
f 724/2/3 723/1/3 726/4/3 725/3/3
f 722/2/4 721/1/4 728/4/4 727/3/4
f 721/2/5 724/1/5 725/4/5 728/3/5
f 723/2/6 722/1/6 727/4/6 726/3/6
f 1081/1/1 1082/2/1 1083/3/1 1084/4/1
f 1085/4/2 1086/3/2 1087/2/2 1088/1/2
f 1084/2/3 1083/1/3 1086/4/3 1085/3/3
f 1082/2/4 1081/1/4 1088/4/4 1087/3/4
f 1081/2/5 1084/1/5 1085/4/5 1088/3/5
f 1083/2/6 1082/1/6 1087/4/6 1086/3/6
o footing
usemtl plate
f 9/1/7 10/5/7 11/6/7 12/7/7
f 10/5/4 13/8/4 14/9/4 11/6/4
f 13/8/8 15/10/8 16/11/8 14/9/8
f 15/10/9 17/12/9 18/13/9 16/11/9
f 17/12/3 19/14/3 20/15/3 18/13/3
f 19/14/10 9/16/10 12/17/10 20/15/10
f 21/1/11 22/18/11 23/19/11 24/7/11
f 22/18/12 25/20/12 26/21/12 23/19/12
f 25/20/13 27/22/13 28/23/13 26/21/13
f 27/22/14 29/24/14 30/25/14 28/23/14
f 29/24/15 31/26/15 32/27/15 30/25/15
f 31/26/16 33/28/16 34/29/16 32/27/16
f 33/28/17 35/30/17 36/31/17 34/29/17
f 35/30/18 37/32/18 38/33/18 36/31/18
f 37/32/19 39/34/19 40/35/19 38/33/19
f 39/34/20 41/36/20 42/37/20 40/35/20
f 41/36/21 43/38/21 44/39/21 42/37/21
f 43/38/22 45/40/22 46/41/22 44/39/22
f 45/40/23 47/42/23 48/43/23 46/41/23
f 47/42/24 49/44/24 50/45/24 48/43/24
f 49/44/25 51/46/25 52/47/25 50/45/25
f 51/46/26 53/10/26 54/11/26 52/47/26
f 53/10/27 55/48/27 56/49/27 54/11/27
f 55/48/28 57/50/28 58/51/28 56/49/28
f 57/50/29 59/52/29 60/53/29 58/51/29
f 59/52/30 61/54/30 62/55/30 60/53/30
f 61/54/31 63/56/31 64/57/31 62/55/31
f 63/56/32 65/58/32 66/59/32 64/57/32
f 65/58/33 67/60/33 68/61/33 66/59/33
f 67/60/34 69/62/34 70/63/34 68/61/34
f 69/62/35 71/64/35 72/65/35 70/63/35
f 71/64/36 73/66/36 74/67/36 72/65/36
f 73/66/37 75/68/37 76/69/37 74/67/37
f 75/68/38 77/70/38 78/71/38 76/69/38
f 77/70/39 79/72/39 80/73/39 78/71/39
f 79/72/40 81/74/40 82/75/40 80/73/40
f 81/74/41 83/76/41 84/77/41 82/75/41
f 83/76/42 21/16/42 24/17/42 84/77/42
f 83/78/1 81/79/1 79/80/1 77/81/1
f 83/78/1 77/81/1 75/82/1 73/83/1
f 83/78/1 73/83/1 71/84/1 69/2/1
f 83/78/1 69/2/1 67/85/1 65/86/1
f 83/78/1 65/86/1 63/87/1 61/88/1
f 83/78/1 61/88/1 59/89/1 57/90/1
f 83/78/1 57/90/1 55/91/1 53/4/1
f 83/78/1 53/4/1 51/92/1 49/93/1
f 83/78/1 49/93/1 47/94/1 45/95/1
f 83/78/1 45/95/1 43/96/1 41/97/1
f 83/78/1 41/97/1 39/98/1 37/99/1
f 83/78/1 37/99/1 35/100/1 33/101/1
f 83/78/1 33/101/1 31/102/1 29/103/1
f 83/78/1 29/103/1 27/104/1 25/105/1
f 83/78/1 25/105/1 22/106/1 21/107/1
f 24/107/2 23/106/2 26/105/2 28/104/2
f 24/107/2 28/104/2 30/103/2 32/102/2
f 24/107/2 32/102/2 34/101/2 36/100/2
f 24/107/2 36/100/2 38/99/2 40/98/2
f 24/107/2 40/98/2 42/97/2 44/96/2
f 24/107/2 44/96/2 46/95/2 48/94/2
f 24/107/2 48/94/2 50/93/2 52/92/2
f 24/107/2 52/92/2 54/4/2 56/91/2
f 24/107/2 56/91/2 58/90/2 60/89/2
f 24/107/2 60/89/2 62/88/2 64/87/2
f 24/107/2 64/87/2 66/86/2 68/85/2
f 24/107/2 68/85/2 70/2/2 72/84/2
f 24/107/2 72/84/2 74/83/2 76/82/2
f 24/107/2 76/82/2 78/81/2 80/80/2
f 24/107/2 80/80/2 82/79/2 84/78/2
f 85/1/43 86/5/43 87/6/43 88/7/43
f 86/5/44 89/8/44 90/9/44 87/6/44
f 89/8/5 91/10/5 92/11/5 90/9/5
f 91/10/45 93/12/45 94/13/45 92/11/45
f 93/12/46 95/14/46 96/15/46 94/13/46
f 95/14/6 85/16/6 88/17/6 96/15/6
f 95/108/1 93/2/1 91/109/1 89/110/1
f 95/108/1 89/110/1 86/99/1 85/111/1
f 88/111/2 87/99/2 90/110/2 92/109/2
f 88/111/2 92/109/2 94/2/2 96/108/2
f 97/1/7 98/5/7 99/6/7 100/7/7
f 98/5/4 101/8/4 102/9/4 99/6/4
f 101/8/8 103/10/8 104/11/8 102/9/8
f 103/10/9 105/12/9 106/13/9 104/11/9
f 105/12/3 107/14/3 108/15/3 106/13/3
f 107/14/10 97/16/10 100/17/10 108/15/10
f 109/1/11 110/18/11 111/19/11 112/7/11
f 110/18/12 113/20/12 114/21/12 111/19/12
f 113/20/13 115/22/13 116/23/13 114/21/13
f 115/22/14 117/24/14 118/25/14 116/23/14
f 117/24/15 119/26/15 120/27/15 118/25/15
f 119/26/16 121/28/16 122/29/16 120/27/16
f 121/28/17 123/30/17 124/31/17 122/29/17
f 123/30/18 125/32/18 126/33/18 124/31/18
f 125/32/19 127/34/19 128/35/19 126/33/19
f 127/34/20 129/36/20 130/37/20 128/35/20
f 129/36/21 131/38/21 132/39/21 130/37/21
f 131/38/22 133/40/22 134/41/22 132/39/22
f 133/40/23 135/42/23 136/43/23 134/41/23
f 135/42/24 137/44/24 138/45/24 136/43/24
f 137/44/25 139/46/25 140/47/25 138/45/25
f 139/46/26 141/10/26 142/11/26 140/47/26
f 141/10/27 143/48/27 144/49/27 142/11/27
f 143/48/28 145/50/28 146/51/28 144/49/28
f 145/50/29 147/52/29 148/53/29 146/51/29
f 147/52/30 149/54/30 150/55/30 148/53/30
f 149/54/31 151/56/31 152/57/31 150/55/31
f 151/56/32 153/58/32 154/59/32 152/57/32
f 153/58/33 155/60/33 156/61/33 154/59/33
f 155/60/34 157/62/34 158/63/34 156/61/34
f 157/62/35 159/64/35 160/65/35 158/63/35
f 159/64/36 161/66/36 162/67/36 160/65/36
f 161/66/37 163/68/37 164/69/37 162/67/37
f 163/68/38 165/70/38 166/71/38 164/69/38
f 165/70/39 167/72/39 168/73/39 166/71/39
f 167/72/40 169/74/40 170/75/40 168/73/40
f 169/74/41 171/76/41 172/77/41 170/75/41
f 171/76/42 109/16/42 112/17/42 172/77/42
f 171/78/1 169/79/1 167/80/1 165/81/1
f 171/78/1 165/81/1 163/82/1 161/83/1
f 171/78/1 161/83/1 159/84/1 157/2/1
f 171/78/1 157/2/1 155/85/1 153/86/1
f 171/78/1 153/86/1 151/87/1 149/88/1
f 171/78/1 149/88/1 147/89/1 145/90/1
f 171/78/1 145/90/1 143/91/1 141/4/1
f 171/78/1 141/4/1 139/92/1 137/93/1
f 171/78/1 137/93/1 135/94/1 133/95/1
f 171/78/1 133/95/1 131/96/1 129/97/1
f 171/78/1 129/97/1 127/98/1 125/99/1
f 171/78/1 125/99/1 123/100/1 121/101/1
f 171/78/1 121/101/1 119/102/1 117/103/1
f 171/78/1 117/103/1 115/104/1 113/105/1
f 171/78/1 113/105/1 110/106/1 109/107/1
f 112/107/2 111/106/2 114/105/2 116/104/2
f 112/107/2 116/104/2 118/103/2 120/102/2
f 112/107/2 120/102/2 122/101/2 124/100/2
f 112/107/2 124/100/2 126/99/2 128/98/2
f 112/107/2 128/98/2 130/97/2 132/96/2
f 112/107/2 132/96/2 134/95/2 136/94/2
f 112/107/2 136/94/2 138/93/2 140/92/2
f 112/107/2 140/92/2 142/4/2 144/91/2
f 112/107/2 144/91/2 146/90/2 148/89/2
f 112/107/2 148/89/2 150/88/2 152/87/2
f 112/107/2 152/87/2 154/86/2 156/85/2
f 112/107/2 156/85/2 158/2/2 160/84/2
f 112/107/2 160/84/2 162/83/2 164/82/2
f 112/107/2 164/82/2 166/81/2 168/80/2
f 112/107/2 168/80/2 170/79/2 172/78/2
f 173/1/43 174/5/43 175/6/43 176/7/43
f 174/5/44 177/8/44 178/9/44 175/6/44
f 177/8/5 179/10/5 180/11/5 178/9/5
f 179/10/45 181/12/45 182/13/45 180/11/45
f 181/12/46 183/14/46 184/15/46 182/13/46
f 183/14/6 173/16/6 176/17/6 184/15/6
f 183/108/1 181/2/1 179/109/1 177/110/1
f 183/108/1 177/110/1 174/99/1 173/111/1
f 176/111/2 175/99/2 178/110/2 180/109/2
f 176/111/2 180/109/2 182/2/2 184/108/2
f 185/1/7 186/5/7 187/6/7 188/7/7
f 186/5/4 189/8/4 190/9/4 187/6/4
f 189/8/8 191/10/8 192/11/8 190/9/8
f 191/10/9 193/12/9 194/13/9 192/11/9
f 193/12/3 195/14/3 196/15/3 194/13/3
f 195/14/10 185/16/10 188/17/10 196/15/10
f 197/1/11 198/18/11 199/19/11 200/7/11
f 198/18/12 201/20/12 202/21/12 199/19/12
f 201/20/13 203/22/13 204/23/13 202/21/13
f 203/22/14 205/24/14 206/25/14 204/23/14
f 205/24/15 207/26/15 208/27/15 206/25/15
f 207/26/16 209/28/16 210/29/16 208/27/16
f 209/28/17 211/30/17 212/31/17 210/29/17
f 211/30/18 213/32/18 214/33/18 212/31/18
f 213/32/19 215/34/19 216/35/19 214/33/19
f 215/34/20 217/36/20 218/37/20 216/35/20
f 217/36/21 219/38/21 220/39/21 218/37/21
f 219/38/22 221/40/22 222/41/22 220/39/22
f 221/40/23 223/42/23 224/43/23 222/41/23
f 223/42/24 225/44/24 226/45/24 224/43/24
f 225/44/25 227/46/25 228/47/25 226/45/25
f 227/46/26 229/10/26 230/11/26 228/47/26
f 229/10/27 231/48/27 232/49/27 230/11/27
f 231/48/28 233/50/28 234/51/28 232/49/28
f 233/50/29 235/52/29 236/53/29 234/51/29
f 235/52/30 237/54/30 238/55/30 236/53/30
f 237/54/31 239/56/31 240/57/31 238/55/31
f 239/56/32 241/58/32 242/59/32 240/57/32
f 241/58/33 243/60/33 244/61/33 242/59/33
f 243/60/34 245/62/34 246/63/34 244/61/34
f 245/62/35 247/64/35 248/65/35 246/63/35
f 247/64/36 249/66/36 250/67/36 248/65/36
f 249/66/37 251/68/37 252/69/37 250/67/37
f 251/68/38 253/70/38 254/71/38 252/69/38
f 253/70/39 255/72/39 256/73/39 254/71/39
f 255/72/40 257/74/40 258/75/40 256/73/40
f 257/74/41 259/76/41 260/77/41 258/75/41
f 259/76/42 197/16/42 200/17/42 260/77/42
f 259/78/1 257/79/1 255/80/1 253/81/1
f 259/78/1 253/81/1 251/82/1 249/83/1
f 259/78/1 249/83/1 247/84/1 245/2/1
f 259/78/1 245/2/1 243/85/1 241/86/1
f 259/78/1 241/86/1 239/87/1 237/88/1
f 259/78/1 237/88/1 235/89/1 233/90/1
f 259/78/1 233/90/1 231/91/1 229/4/1
f 259/78/1 229/4/1 227/92/1 225/93/1
f 259/78/1 225/93/1 223/94/1 221/95/1
f 259/78/1 221/95/1 219/96/1 217/97/1
f 259/78/1 217/97/1 215/98/1 213/99/1
f 259/78/1 213/99/1 211/100/1 209/101/1
f 259/78/1 209/101/1 207/102/1 205/103/1
f 259/78/1 205/103/1 203/104/1 201/105/1
f 259/78/1 201/105/1 198/106/1 197/107/1
f 200/107/2 199/106/2 202/105/2 204/104/2
f 200/107/2 204/104/2 206/103/2 208/102/2
f 200/107/2 208/102/2 210/101/2 212/100/2
f 200/107/2 212/100/2 214/99/2 216/98/2
f 200/107/2 216/98/2 218/97/2 220/96/2
f 200/107/2 220/96/2 222/95/2 224/94/2
f 200/107/2 224/94/2 226/93/2 228/92/2
f 200/107/2 228/92/2 230/4/2 232/91/2
f 200/107/2 232/91/2 234/90/2 236/89/2
f 200/107/2 236/89/2 238/88/2 240/87/2
f 200/107/2 240/87/2 242/86/2 244/85/2
f 200/107/2 244/85/2 246/2/2 248/84/2
f 200/107/2 248/84/2 250/83/2 252/82/2
f 200/107/2 252/82/2 254/81/2 256/80/2
f 200/107/2 256/80/2 258/79/2 260/78/2
f 261/1/43 262/5/43 263/6/43 264/7/43
f 262/5/44 265/8/44 266/9/44 263/6/44
f 265/8/5 267/10/5 268/11/5 266/9/5
f 267/10/45 269/12/45 270/13/45 268/11/45
f 269/12/46 271/14/46 272/15/46 270/13/46
f 271/14/6 261/16/6 264/17/6 272/15/6
f 271/108/1 269/2/1 267/109/1 265/110/1
f 271/108/1 265/110/1 262/99/1 261/111/1
f 264/111/2 263/99/2 266/110/2 268/109/2
f 264/111/2 268/109/2 270/2/2 272/108/2
f 273/1/7 274/5/7 275/6/7 276/7/7
f 274/5/4 277/8/4 278/9/4 275/6/4
f 277/8/8 279/10/8 280/11/8 278/9/8
f 279/10/9 281/12/9 282/13/9 280/11/9
f 281/12/3 283/14/3 284/15/3 282/13/3
f 283/14/10 273/16/10 276/17/10 284/15/10
f 285/1/11 286/18/11 287/19/11 288/7/11
f 286/18/12 289/20/12 290/21/12 287/19/12
f 289/20/13 291/22/13 292/23/13 290/21/13
f 291/22/14 293/24/14 294/25/14 292/23/14
f 293/24/15 295/26/15 296/27/15 294/25/15
f 295/26/16 297/28/16 298/29/16 296/27/16
f 297/28/17 299/30/17 300/31/17 298/29/17
f 299/30/18 301/32/18 302/33/18 300/31/18
f 301/32/19 303/34/19 304/35/19 302/33/19
f 303/34/20 305/36/20 306/37/20 304/35/20
f 305/36/21 307/38/21 308/39/21 306/37/21
f 307/38/22 309/40/22 310/41/22 308/39/22
f 309/40/23 311/42/23 312/43/23 310/41/23
f 311/42/24 313/44/24 314/45/24 312/43/24
f 313/44/25 315/46/25 316/47/25 314/45/25
f 315/46/26 317/10/26 318/11/26 316/47/26
f 317/10/27 319/48/27 320/49/27 318/11/27
f 319/48/28 321/50/28 322/51/28 320/49/28
f 321/50/29 323/52/29 324/53/29 322/51/29
f 323/52/30 325/54/30 326/55/30 324/53/30
f 325/54/31 327/56/31 328/57/31 326/55/31
f 327/56/32 329/58/32 330/59/32 328/57/32
f 329/58/33 331/60/33 332/61/33 330/59/33
f 331/60/34 333/62/34 334/63/34 332/61/34
f 333/62/35 335/64/35 336/65/35 334/63/35
f 335/64/36 337/66/36 338/67/36 336/65/36
f 337/66/37 339/68/37 340/69/37 338/67/37
f 339/68/38 341/70/38 342/71/38 340/69/38
f 341/70/39 343/72/39 344/73/39 342/71/39
f 343/72/40 345/74/40 346/75/40 344/73/40
f 345/74/41 347/76/41 348/77/41 346/75/41
f 347/76/42 285/16/42 288/17/42 348/77/42
f 347/78/1 345/79/1 343/80/1 341/81/1
f 347/78/1 341/81/1 339/82/1 337/83/1
f 347/78/1 337/83/1 335/84/1 333/2/1
f 347/78/1 333/2/1 331/85/1 329/86/1
f 347/78/1 329/86/1 327/87/1 325/88/1
f 347/78/1 325/88/1 323/89/1 321/90/1
f 347/78/1 321/90/1 319/91/1 317/4/1
f 347/78/1 317/4/1 315/92/1 313/93/1
f 347/78/1 313/93/1 311/94/1 309/95/1
f 347/78/1 309/95/1 307/96/1 305/97/1
f 347/78/1 305/97/1 303/98/1 301/99/1
f 347/78/1 301/99/1 299/100/1 297/101/1
f 347/78/1 297/101/1 295/102/1 293/103/1
f 347/78/1 293/103/1 291/104/1 289/105/1
f 347/78/1 289/105/1 286/106/1 285/107/1
f 288/107/2 287/106/2 290/105/2 292/104/2
f 288/107/2 292/104/2 294/103/2 296/102/2
f 288/107/2 296/102/2 298/101/2 300/100/2
f 288/107/2 300/100/2 302/99/2 304/98/2
f 288/107/2 304/98/2 306/97/2 308/96/2
f 288/107/2 308/96/2 310/95/2 312/94/2
f 288/107/2 312/94/2 314/93/2 316/92/2
f 288/107/2 316/92/2 318/4/2 320/91/2
f 288/107/2 320/91/2 322/90/2 324/89/2
f 288/107/2 324/89/2 326/88/2 328/87/2
f 288/107/2 328/87/2 330/86/2 332/85/2
f 288/107/2 332/85/2 334/2/2 336/84/2
f 288/107/2 336/84/2 338/83/2 340/82/2
f 288/107/2 340/82/2 342/81/2 344/80/2
f 288/107/2 344/80/2 346/79/2 348/78/2
f 349/1/43 350/5/43 351/6/43 352/7/43
f 350/5/44 353/8/44 354/9/44 351/6/44
f 353/8/5 355/10/5 356/11/5 354/9/5
f 355/10/45 357/12/45 358/13/45 356/11/45
f 357/12/46 359/14/46 360/15/46 358/13/46
f 359/14/6 349/16/6 352/17/6 360/15/6
f 359/108/1 357/2/1 355/109/1 353/110/1
f 359/108/1 353/110/1 350/99/1 349/111/1
f 352/111/2 351/99/2 354/110/2 356/109/2
f 352/111/2 356/109/2 358/2/2 360/108/2
f 369/1/7 370/5/7 371/6/7 372/7/7
f 370/5/4 373/8/4 374/9/4 371/6/4
f 373/8/8 375/10/8 376/11/8 374/9/8
f 375/10/9 377/12/9 378/13/9 376/11/9
f 377/12/3 379/14/3 380/15/3 378/13/3
f 379/14/10 369/16/10 372/17/10 380/15/10
f 381/1/11 382/18/11 383/19/11 384/7/11
f 382/18/12 385/20/12 386/21/12 383/19/12
f 385/20/13 387/22/13 388/23/13 386/21/13
f 387/22/14 389/24/14 390/25/14 388/23/14
f 389/24/15 391/26/15 392/27/15 390/25/15
f 391/26/16 393/28/16 394/29/16 392/27/16
f 393/28/17 395/30/17 396/31/17 394/29/17
f 395/30/18 397/32/18 398/33/18 396/31/18
f 397/32/19 399/34/19 400/35/19 398/33/19
f 399/34/20 401/36/20 402/37/20 400/35/20
f 401/36/21 403/38/21 404/39/21 402/37/21
f 403/38/22 405/40/22 406/41/22 404/39/22
f 405/40/23 407/42/23 408/43/23 406/41/23
f 407/42/24 409/44/24 410/45/24 408/43/24
f 409/44/25 411/46/25 412/47/25 410/45/25
f 411/46/26 413/10/26 414/11/26 412/47/26
f 413/10/27 415/48/27 416/49/27 414/11/27
f 415/48/28 417/50/28 418/51/28 416/49/28
f 417/50/29 419/52/29 420/53/29 418/51/29
f 419/52/30 421/54/30 422/55/30 420/53/30
f 421/54/31 423/56/31 424/57/31 422/55/31
f 423/56/32 425/58/32 426/59/32 424/57/32
f 425/58/33 427/60/33 428/61/33 426/59/33
f 427/60/34 429/62/34 430/63/34 428/61/34
f 429/62/35 431/64/35 432/65/35 430/63/35
f 431/64/36 433/66/36 434/67/36 432/65/36
f 433/66/37 435/68/37 436/69/37 434/67/37
f 435/68/38 437/70/38 438/71/38 436/69/38
f 437/70/39 439/72/39 440/73/39 438/71/39
f 439/72/40 441/74/40 442/75/40 440/73/40
f 441/74/41 443/76/41 444/77/41 442/75/41
f 443/76/42 381/16/42 384/17/42 444/77/42
f 443/78/1 441/79/1 439/80/1 437/81/1
f 443/78/1 437/81/1 435/82/1 433/83/1
f 443/78/1 433/83/1 431/84/1 429/2/1
f 443/78/1 429/2/1 427/85/1 425/86/1
f 443/78/1 425/86/1 423/87/1 421/88/1
f 443/78/1 421/88/1 419/89/1 417/90/1
f 443/78/1 417/90/1 415/91/1 413/4/1
f 443/78/1 413/4/1 411/92/1 409/93/1
f 443/78/1 409/93/1 407/94/1 405/95/1
f 443/78/1 405/95/1 403/96/1 401/97/1
f 443/78/1 401/97/1 399/98/1 397/99/1
f 443/78/1 397/99/1 395/100/1 393/101/1
f 443/78/1 393/101/1 391/102/1 389/103/1
f 443/78/1 389/103/1 387/104/1 385/105/1
f 443/78/1 385/105/1 382/106/1 381/107/1
f 384/107/2 383/106/2 386/105/2 388/104/2
f 384/107/2 388/104/2 390/103/2 392/102/2
f 384/107/2 392/102/2 394/101/2 396/100/2
f 384/107/2 396/100/2 398/99/2 400/98/2
f 384/107/2 400/98/2 402/97/2 404/96/2
f 384/107/2 404/96/2 406/95/2 408/94/2
f 384/107/2 408/94/2 410/93/2 412/92/2
f 384/107/2 412/92/2 414/4/2 416/91/2
f 384/107/2 416/91/2 418/90/2 420/89/2
f 384/107/2 420/89/2 422/88/2 424/87/2
f 384/107/2 424/87/2 426/86/2 428/85/2
f 384/107/2 428/85/2 430/2/2 432/84/2
f 384/107/2 432/84/2 434/83/2 436/82/2
f 384/107/2 436/82/2 438/81/2 440/80/2
f 384/107/2 440/80/2 442/79/2 444/78/2
f 445/1/43 446/5/43 447/6/43 448/7/43
f 446/5/44 449/8/44 450/9/44 447/6/44
f 449/8/5 451/10/5 452/11/5 450/9/5
f 451/10/45 453/12/45 454/13/45 452/11/45
f 453/12/46 455/14/46 456/15/46 454/13/46
f 455/14/6 445/16/6 448/17/6 456/15/6
f 455/108/1 453/2/1 451/109/1 449/110/1
f 455/108/1 449/110/1 446/99/1 445/111/1
f 448/111/2 447/99/2 450/110/2 452/109/2
f 448/111/2 452/109/2 454/2/2 456/108/2
f 457/1/7 458/5/7 459/6/7 460/7/7
f 458/5/4 461/8/4 462/9/4 459/6/4
f 461/8/8 463/10/8 464/11/8 462/9/8
f 463/10/9 465/12/9 466/13/9 464/11/9
f 465/12/3 467/14/3 468/15/3 466/13/3
f 467/14/10 457/16/10 460/17/10 468/15/10
f 469/1/11 470/18/11 471/19/11 472/7/11
f 470/18/12 473/20/12 474/21/12 471/19/12
f 473/20/13 475/22/13 476/23/13 474/21/13
f 475/22/14 477/24/14 478/25/14 476/23/14
f 477/24/15 479/26/15 480/27/15 478/25/15
f 479/26/16 481/28/16 482/29/16 480/27/16
f 481/28/17 483/30/17 484/31/17 482/29/17
f 483/30/18 485/32/18 486/33/18 484/31/18
f 485/32/19 487/34/19 488/35/19 486/33/19
f 487/34/20 489/36/20 490/37/20 488/35/20
f 489/36/21 491/38/21 492/39/21 490/37/21
f 491/38/22 493/40/22 494/41/22 492/39/22
f 493/40/23 495/42/23 496/43/23 494/41/23
f 495/42/24 497/44/24 498/45/24 496/43/24
f 497/44/25 499/46/25 500/47/25 498/45/25
f 499/46/26 501/10/26 502/11/26 500/47/26
f 501/10/27 503/48/27 504/49/27 502/11/27
f 503/48/28 505/50/28 506/51/28 504/49/28
f 505/50/29 507/52/29 508/53/29 506/51/29
f 507/52/30 509/54/30 510/55/30 508/53/30
f 509/54/31 511/56/31 512/57/31 510/55/31
f 511/56/32 513/58/32 514/59/32 512/57/32
f 513/58/33 515/60/33 516/61/33 514/59/33
f 515/60/34 517/62/34 518/63/34 516/61/34
f 517/62/35 519/64/35 520/65/35 518/63/35
f 519/64/36 521/66/36 522/67/36 520/65/36
f 521/66/37 523/68/37 524/69/37 522/67/37
f 523/68/38 525/70/38 526/71/38 524/69/38
f 525/70/39 527/72/39 528/73/39 526/71/39
f 527/72/40 529/74/40 530/75/40 528/73/40
f 529/74/41 531/76/41 532/77/41 530/75/41
f 531/76/42 469/16/42 472/17/42 532/77/42
f 531/78/1 529/79/1 527/80/1 525/81/1
f 531/78/1 525/81/1 523/82/1 521/83/1
f 531/78/1 521/83/1 519/84/1 517/2/1
f 531/78/1 517/2/1 515/85/1 513/86/1
f 531/78/1 513/86/1 511/87/1 509/88/1
f 531/78/1 509/88/1 507/89/1 505/90/1
f 531/78/1 505/90/1 503/91/1 501/4/1
f 531/78/1 501/4/1 499/92/1 497/93/1
f 531/78/1 497/93/1 495/94/1 493/95/1
f 531/78/1 493/95/1 491/96/1 489/97/1
f 531/78/1 489/97/1 487/98/1 485/99/1
f 531/78/1 485/99/1 483/100/1 481/101/1
f 531/78/1 481/101/1 479/102/1 477/103/1
f 531/78/1 477/103/1 475/104/1 473/105/1
f 531/78/1 473/105/1 470/106/1 469/107/1
f 472/107/2 471/106/2 474/105/2 476/104/2
f 472/107/2 476/104/2 478/103/2 480/102/2
f 472/107/2 480/102/2 482/101/2 484/100/2
f 472/107/2 484/100/2 486/99/2 488/98/2
f 472/107/2 488/98/2 490/97/2 492/96/2
f 472/107/2 492/96/2 494/95/2 496/94/2
f 472/107/2 496/94/2 498/93/2 500/92/2
f 472/107/2 500/92/2 502/4/2 504/91/2
f 472/107/2 504/91/2 506/90/2 508/89/2
f 472/107/2 508/89/2 510/88/2 512/87/2
f 472/107/2 512/87/2 514/86/2 516/85/2
f 472/107/2 516/85/2 518/2/2 520/84/2
f 472/107/2 520/84/2 522/83/2 524/82/2
f 472/107/2 524/82/2 526/81/2 528/80/2
f 472/107/2 528/80/2 530/79/2 532/78/2
f 533/1/43 534/5/43 535/6/43 536/7/43
f 534/5/44 537/8/44 538/9/44 535/6/44
f 537/8/5 539/10/5 540/11/5 538/9/5
f 539/10/45 541/12/45 542/13/45 540/11/45
f 541/12/46 543/14/46 544/15/46 542/13/46
f 543/14/6 533/16/6 536/17/6 544/15/6
f 543/108/1 541/2/1 539/109/1 537/110/1
f 543/108/1 537/110/1 534/99/1 533/111/1
f 536/111/2 535/99/2 538/110/2 540/109/2
f 536/111/2 540/109/2 542/2/2 544/108/2
f 545/1/7 546/5/7 547/6/7 548/7/7
f 546/5/4 549/8/4 550/9/4 547/6/4
f 549/8/8 551/10/8 552/11/8 550/9/8
f 551/10/9 553/12/9 554/13/9 552/11/9
f 553/12/3 555/14/3 556/15/3 554/13/3
f 555/14/10 545/16/10 548/17/10 556/15/10
f 557/1/11 558/18/11 559/19/11 560/7/11
f 558/18/12 561/20/12 562/21/12 559/19/12
f 561/20/13 563/22/13 564/23/13 562/21/13
f 563/22/14 565/24/14 566/25/14 564/23/14
f 565/24/15 567/26/15 568/27/15 566/25/15
f 567/26/16 569/28/16 570/29/16 568/27/16
f 569/28/17 571/30/17 572/31/17 570/29/17
f 571/30/18 573/32/18 574/33/18 572/31/18
f 573/32/19 575/34/19 576/35/19 574/33/19
f 575/34/20 577/36/20 578/37/20 576/35/20
f 577/36/21 579/38/21 580/39/21 578/37/21
f 579/38/22 581/40/22 582/41/22 580/39/22
f 581/40/23 583/42/23 584/43/23 582/41/23
f 583/42/24 585/44/24 586/45/24 584/43/24
f 585/44/25 587/46/25 588/47/25 586/45/25
f 587/46/26 589/10/26 590/11/26 588/47/26
f 589/10/27 591/48/27 592/49/27 590/11/27
f 591/48/28 593/50/28 594/51/28 592/49/28
f 593/50/29 595/52/29 596/53/29 594/51/29
f 595/52/30 597/54/30 598/55/30 596/53/30
f 597/54/31 599/56/31 600/57/31 598/55/31
f 599/56/32 601/58/32 602/59/32 600/57/32
f 601/58/33 603/60/33 604/61/33 602/59/33
f 603/60/34 605/62/34 606/63/34 604/61/34
f 605/62/35 607/64/35 608/65/35 606/63/35
f 607/64/36 609/66/36 610/67/36 608/65/36
f 609/66/37 611/68/37 612/69/37 610/67/37
f 611/68/38 613/70/38 614/71/38 612/69/38
f 613/70/39 615/72/39 616/73/39 614/71/39
f 615/72/40 617/74/40 618/75/40 616/73/40
f 617/74/41 619/76/41 620/77/41 618/75/41
f 619/76/42 557/16/42 560/17/42 620/77/42
f 619/78/1 617/79/1 615/80/1 613/81/1
f 619/78/1 613/81/1 611/82/1 609/83/1
f 619/78/1 609/83/1 607/84/1 605/2/1
f 619/78/1 605/2/1 603/85/1 601/86/1
f 619/78/1 601/86/1 599/87/1 597/88/1
f 619/78/1 597/88/1 595/89/1 593/90/1
f 619/78/1 593/90/1 591/91/1 589/4/1
f 619/78/1 589/4/1 587/92/1 585/93/1
f 619/78/1 585/93/1 583/94/1 581/95/1
f 619/78/1 581/95/1 579/96/1 577/97/1
f 619/78/1 577/97/1 575/98/1 573/99/1
f 619/78/1 573/99/1 571/100/1 569/101/1
f 619/78/1 569/101/1 567/102/1 565/103/1
f 619/78/1 565/103/1 563/104/1 561/105/1
f 619/78/1 561/105/1 558/106/1 557/107/1
f 560/107/2 559/106/2 562/105/2 564/104/2
f 560/107/2 564/104/2 566/103/2 568/102/2
f 560/107/2 568/102/2 570/101/2 572/100/2
f 560/107/2 572/100/2 574/99/2 576/98/2
f 560/107/2 576/98/2 578/97/2 580/96/2
f 560/107/2 580/96/2 582/95/2 584/94/2
f 560/107/2 584/94/2 586/93/2 588/92/2
f 560/107/2 588/92/2 590/4/2 592/91/2
f 560/107/2 592/91/2 594/90/2 596/89/2
f 560/107/2 596/89/2 598/88/2 600/87/2
f 560/107/2 600/87/2 602/86/2 604/85/2
f 560/107/2 604/85/2 606/2/2 608/84/2
f 560/107/2 608/84/2 610/83/2 612/82/2
f 560/107/2 612/82/2 614/81/2 616/80/2
f 560/107/2 616/80/2 618/79/2 620/78/2
f 621/1/43 622/5/43 623/6/43 624/7/43
f 622/5/44 625/8/44 626/9/44 623/6/44
f 625/8/5 627/10/5 628/11/5 626/9/5
f 627/10/45 629/12/45 630/13/45 628/11/45
f 629/12/46 631/14/46 632/15/46 630/13/46
f 631/14/6 621/16/6 624/17/6 632/15/6
f 631/108/1 629/2/1 627/109/1 625/110/1
f 631/108/1 625/110/1 622/99/1 621/111/1
f 624/111/2 623/99/2 626/110/2 628/109/2
f 624/111/2 628/109/2 630/2/2 632/108/2
f 633/1/7 634/5/7 635/6/7 636/7/7
f 634/5/4 637/8/4 638/9/4 635/6/4
f 637/8/8 639/10/8 640/11/8 638/9/8
f 639/10/9 641/12/9 642/13/9 640/11/9
f 641/12/3 643/14/3 644/15/3 642/13/3
f 643/14/10 633/16/10 636/17/10 644/15/10
f 645/1/11 646/18/11 647/19/11 648/7/11
f 646/18/12 649/20/12 650/21/12 647/19/12
f 649/20/13 651/22/13 652/23/13 650/21/13
f 651/22/14 653/24/14 654/25/14 652/23/14
f 653/24/15 655/26/15 656/27/15 654/25/15
f 655/26/16 657/28/16 658/29/16 656/27/16
f 657/28/17 659/30/17 660/31/17 658/29/17
f 659/30/18 661/32/18 662/33/18 660/31/18
f 661/32/19 663/34/19 664/35/19 662/33/19
f 663/34/20 665/36/20 666/37/20 664/35/20
f 665/36/21 667/38/21 668/39/21 666/37/21
f 667/38/22 669/40/22 670/41/22 668/39/22
f 669/40/23 671/42/23 672/43/23 670/41/23
f 671/42/24 673/44/24 674/45/24 672/43/24
f 673/44/25 675/46/25 676/47/25 674/45/25
f 675/46/26 677/10/26 678/11/26 676/47/26
f 677/10/27 679/48/27 680/49/27 678/11/27
f 679/48/28 681/50/28 682/51/28 680/49/28
f 681/50/29 683/52/29 684/53/29 682/51/29
f 683/52/30 685/54/30 686/55/30 684/53/30
f 685/54/31 687/56/31 688/57/31 686/55/31
f 687/56/32 689/58/32 690/59/32 688/57/32
f 689/58/33 691/60/33 692/61/33 690/59/33
f 691/60/34 693/62/34 694/63/34 692/61/34
f 693/62/35 695/64/35 696/65/35 694/63/35
f 695/64/36 697/66/36 698/67/36 696/65/36
f 697/66/37 699/68/37 700/69/37 698/67/37
f 699/68/38 701/70/38 702/71/38 700/69/38
f 701/70/39 703/72/39 704/73/39 702/71/39
f 703/72/40 705/74/40 706/75/40 704/73/40
f 705/74/41 707/76/41 708/77/41 706/75/41
f 707/76/42 645/16/42 648/17/42 708/77/42
f 707/78/1 705/79/1 703/80/1 701/81/1
f 707/78/1 701/81/1 699/82/1 697/83/1
f 707/78/1 697/83/1 695/84/1 693/2/1
f 707/78/1 693/2/1 691/85/1 689/86/1
f 707/78/1 689/86/1 687/87/1 685/88/1
f 707/78/1 685/88/1 683/89/1 681/90/1
f 707/78/1 681/90/1 679/91/1 677/4/1
f 707/78/1 677/4/1 675/92/1 673/93/1
f 707/78/1 673/93/1 671/94/1 669/95/1
f 707/78/1 669/95/1 667/96/1 665/97/1
f 707/78/1 665/97/1 663/98/1 661/99/1
f 707/78/1 661/99/1 659/100/1 657/101/1
f 707/78/1 657/101/1 655/102/1 653/103/1
f 707/78/1 653/103/1 651/104/1 649/105/1
f 707/78/1 649/105/1 646/106/1 645/107/1
f 648/107/2 647/106/2 650/105/2 652/104/2
f 648/107/2 652/104/2 654/103/2 656/102/2
f 648/107/2 656/102/2 658/101/2 660/100/2
f 648/107/2 660/100/2 662/99/2 664/98/2
f 648/107/2 664/98/2 666/97/2 668/96/2
f 648/107/2 668/96/2 670/95/2 672/94/2
f 648/107/2 672/94/2 674/93/2 676/92/2
f 648/107/2 676/92/2 678/4/2 680/91/2
f 648/107/2 680/91/2 682/90/2 684/89/2
f 648/107/2 684/89/2 686/88/2 688/87/2
f 648/107/2 688/87/2 690/86/2 692/85/2
f 648/107/2 692/85/2 694/2/2 696/84/2
f 648/107/2 696/84/2 698/83/2 700/82/2
f 648/107/2 700/82/2 702/81/2 704/80/2
f 648/107/2 704/80/2 706/79/2 708/78/2
f 709/1/43 710/5/43 711/6/43 712/7/43
f 710/5/44 713/8/44 714/9/44 711/6/44
f 713/8/5 715/10/5 716/11/5 714/9/5
f 715/10/45 717/12/45 718/13/45 716/11/45
f 717/12/46 719/14/46 720/15/46 718/13/46
f 719/14/6 709/16/6 712/17/6 720/15/6
f 719/108/1 717/2/1 715/109/1 713/110/1
f 719/108/1 713/110/1 710/99/1 709/111/1
f 712/111/2 711/99/2 714/110/2 716/109/2
f 712/111/2 716/109/2 718/2/2 720/108/2
f 729/1/7 730/5/7 731/6/7 732/7/7
f 730/5/4 733/8/4 734/9/4 731/6/4
f 733/8/8 735/10/8 736/11/8 734/9/8
f 735/10/9 737/12/9 738/13/9 736/11/9
f 737/12/3 739/14/3 740/15/3 738/13/3
f 739/14/10 729/16/10 732/17/10 740/15/10
f 741/1/11 742/18/11 743/19/11 744/7/11
f 742/18/12 745/20/12 746/21/12 743/19/12
f 745/20/13 747/22/13 748/23/13 746/21/13
f 747/22/14 749/24/14 750/25/14 748/23/14
f 749/24/15 751/26/15 752/27/15 750/25/15
f 751/26/16 753/28/16 754/29/16 752/27/16
f 753/28/17 755/30/17 756/31/17 754/29/17
f 755/30/18 757/32/18 758/33/18 756/31/18
f 757/32/19 759/34/19 760/35/19 758/33/19
f 759/34/20 761/36/20 762/37/20 760/35/20
f 761/36/21 763/38/21 764/39/21 762/37/21
f 763/38/22 765/40/22 766/41/22 764/39/22
f 765/40/23 767/42/23 768/43/23 766/41/23
f 767/42/24 769/44/24 770/45/24 768/43/24
f 769/44/25 771/46/25 772/47/25 770/45/25
f 771/46/26 773/10/26 774/11/26 772/47/26
f 773/10/27 775/48/27 776/49/27 774/11/27
f 775/48/28 777/50/28 778/51/28 776/49/28
f 777/50/29 779/52/29 780/53/29 778/51/29
f 779/52/30 781/54/30 782/55/30 780/53/30
f 781/54/31 783/56/31 784/57/31 782/55/31
f 783/56/32 785/58/32 786/59/32 784/57/32
f 785/58/33 787/60/33 788/61/33 786/59/33
f 787/60/34 789/62/34 790/63/34 788/61/34
f 789/62/35 791/64/35 792/65/35 790/63/35
f 791/64/36 793/66/36 794/67/36 792/65/36
f 793/66/37 795/68/37 796/69/37 794/67/37
f 795/68/38 797/70/38 798/71/38 796/69/38
f 797/70/39 799/72/39 800/73/39 798/71/39
f 799/72/40 801/74/40 802/75/40 800/73/40
f 801/74/41 803/76/41 804/77/41 802/75/41
f 803/76/42 741/16/42 744/17/42 804/77/42
f 803/78/1 801/79/1 799/80/1 797/81/1
f 803/78/1 797/81/1 795/82/1 793/83/1
f 803/78/1 793/83/1 791/84/1 789/2/1
f 803/78/1 789/2/1 787/85/1 785/86/1
f 803/78/1 785/86/1 783/87/1 781/88/1
f 803/78/1 781/88/1 779/89/1 777/90/1
f 803/78/1 777/90/1 775/91/1 773/4/1
f 803/78/1 773/4/1 771/92/1 769/93/1
f 803/78/1 769/93/1 767/94/1 765/95/1
f 803/78/1 765/95/1 763/96/1 761/97/1
f 803/78/1 761/97/1 759/98/1 757/99/1
f 803/78/1 757/99/1 755/100/1 753/101/1
f 803/78/1 753/101/1 751/102/1 749/103/1
f 803/78/1 749/103/1 747/104/1 745/105/1
f 803/78/1 745/105/1 742/106/1 741/107/1
f 744/107/2 743/106/2 746/105/2 748/104/2
f 744/107/2 748/104/2 750/103/2 752/102/2
f 744/107/2 752/102/2 754/101/2 756/100/2
f 744/107/2 756/100/2 758/99/2 760/98/2
f 744/107/2 760/98/2 762/97/2 764/96/2
f 744/107/2 764/96/2 766/95/2 768/94/2
f 744/107/2 768/94/2 770/93/2 772/92/2
f 744/107/2 772/92/2 774/4/2 776/91/2
f 744/107/2 776/91/2 778/90/2 780/89/2
f 744/107/2 780/89/2 782/88/2 784/87/2
f 744/107/2 784/87/2 786/86/2 788/85/2
f 744/107/2 788/85/2 790/2/2 792/84/2
f 744/107/2 792/84/2 794/83/2 796/82/2
f 744/107/2 796/82/2 798/81/2 800/80/2
f 744/107/2 800/80/2 802/79/2 804/78/2
f 805/1/43 806/5/43 807/6/43 808/7/43
f 806/5/44 809/8/44 810/9/44 807/6/44
f 809/8/5 811/10/5 812/11/5 810/9/5
f 811/10/45 813/12/45 814/13/45 812/11/45
f 813/12/46 815/14/46 816/15/46 814/13/46
f 815/14/6 805/16/6 808/17/6 816/15/6
f 815/108/1 813/2/1 811/109/1 809/110/1
f 815/108/1 809/110/1 806/99/1 805/111/1
f 808/111/2 807/99/2 810/110/2 812/109/2
f 808/111/2 812/109/2 814/2/2 816/108/2
f 817/1/7 818/5/7 819/6/7 820/7/7
f 818/5/4 821/8/4 822/9/4 819/6/4
f 821/8/8 823/10/8 824/11/8 822/9/8
f 823/10/9 825/12/9 826/13/9 824/11/9
f 825/12/3 827/14/3 828/15/3 826/13/3
f 827/14/10 817/16/10 820/17/10 828/15/10
f 829/1/11 830/18/11 831/19/11 832/7/11
f 830/18/12 833/20/12 834/21/12 831/19/12
f 833/20/13 835/22/13 836/23/13 834/21/13
f 835/22/14 837/24/14 838/25/14 836/23/14
f 837/24/15 839/26/15 840/27/15 838/25/15
f 839/26/16 841/28/16 842/29/16 840/27/16
f 841/28/17 843/30/17 844/31/17 842/29/17
f 843/30/18 845/32/18 846/33/18 844/31/18
f 845/32/19 847/34/19 848/35/19 846/33/19
f 847/34/20 849/36/20 850/37/20 848/35/20
f 849/36/21 851/38/21 852/39/21 850/37/21
f 851/38/22 853/40/22 854/41/22 852/39/22
f 853/40/23 855/42/23 856/43/23 854/41/23
f 855/42/24 857/44/24 858/45/24 856/43/24
f 857/44/25 859/46/25 860/47/25 858/45/25
f 859/46/26 861/10/26 862/11/26 860/47/26
f 861/10/27 863/48/27 864/49/27 862/11/27
f 863/48/28 865/50/28 866/51/28 864/49/28
f 865/50/29 867/52/29 868/53/29 866/51/29
f 867/52/30 869/54/30 870/55/30 868/53/30
f 869/54/31 871/56/31 872/57/31 870/55/31
f 871/56/32 873/58/32 874/59/32 872/57/32
f 873/58/33 875/60/33 876/61/33 874/59/33
f 875/60/34 877/62/34 878/63/34 876/61/34
f 877/62/35 879/64/35 880/65/35 878/63/35
f 879/64/36 881/66/36 882/67/36 880/65/36
f 881/66/37 883/68/37 884/69/37 882/67/37
f 883/68/38 885/70/38 886/71/38 884/69/38
f 885/70/39 887/72/39 888/73/39 886/71/39
f 887/72/40 889/74/40 890/75/40 888/73/40
f 889/74/41 891/76/41 892/77/41 890/75/41
f 891/76/42 829/16/42 832/17/42 892/77/42
f 891/78/1 889/79/1 887/80/1 885/81/1
f 891/78/1 885/81/1 883/82/1 881/83/1
f 891/78/1 881/83/1 879/84/1 877/2/1
f 891/78/1 877/2/1 875/85/1 873/86/1
f 891/78/1 873/86/1 871/87/1 869/88/1
f 891/78/1 869/88/1 867/89/1 865/90/1
f 891/78/1 865/90/1 863/91/1 861/4/1
f 891/78/1 861/4/1 859/92/1 857/93/1
f 891/78/1 857/93/1 855/94/1 853/95/1
f 891/78/1 853/95/1 851/96/1 849/97/1
f 891/78/1 849/97/1 847/98/1 845/99/1
f 891/78/1 845/99/1 843/100/1 841/101/1
f 891/78/1 841/101/1 839/102/1 837/103/1
f 891/78/1 837/103/1 835/104/1 833/105/1
f 891/78/1 833/105/1 830/106/1 829/107/1
f 832/107/2 831/106/2 834/105/2 836/104/2
f 832/107/2 836/104/2 838/103/2 840/102/2
f 832/107/2 840/102/2 842/101/2 844/100/2
f 832/107/2 844/100/2 846/99/2 848/98/2
f 832/107/2 848/98/2 850/97/2 852/96/2
f 832/107/2 852/96/2 854/95/2 856/94/2
f 832/107/2 856/94/2 858/93/2 860/92/2
f 832/107/2 860/92/2 862/4/2 864/91/2
f 832/107/2 864/91/2 866/90/2 868/89/2
f 832/107/2 868/89/2 870/88/2 872/87/2
f 832/107/2 872/87/2 874/86/2 876/85/2
f 832/107/2 876/85/2 878/2/2 880/84/2
f 832/107/2 880/84/2 882/83/2 884/82/2
f 832/107/2 884/82/2 886/81/2 888/80/2
f 832/107/2 888/80/2 890/79/2 892/78/2
f 893/1/43 894/5/43 895/6/43 896/7/43
f 894/5/44 897/8/44 898/9/44 895/6/44
f 897/8/5 899/10/5 900/11/5 898/9/5
f 899/10/45 901/12/45 902/13/45 900/11/45
f 901/12/46 903/14/46 904/15/46 902/13/46
f 903/14/6 893/16/6 896/17/6 904/15/6
f 903/108/1 901/2/1 899/109/1 897/110/1
f 903/108/1 897/110/1 894/99/1 893/111/1
f 896/111/2 895/99/2 898/110/2 900/109/2
f 896/111/2 900/109/2 902/2/2 904/108/2
f 905/1/7 906/5/7 907/6/7 908/7/7
f 906/5/4 909/8/4 910/9/4 907/6/4
f 909/8/8 911/10/8 912/11/8 910/9/8
f 911/10/9 913/12/9 914/13/9 912/11/9
f 913/12/3 915/14/3 916/15/3 914/13/3
f 915/14/10 905/16/10 908/17/10 916/15/10
f 917/1/11 918/18/11 919/19/11 920/7/11
f 918/18/12 921/20/12 922/21/12 919/19/12
f 921/20/13 923/22/13 924/23/13 922/21/13
f 923/22/14 925/24/14 926/25/14 924/23/14
f 925/24/15 927/26/15 928/27/15 926/25/15
f 927/26/16 929/28/16 930/29/16 928/27/16
f 929/28/17 931/30/17 932/31/17 930/29/17
f 931/30/18 933/32/18 934/33/18 932/31/18
f 933/32/19 935/34/19 936/35/19 934/33/19
f 935/34/20 937/36/20 938/37/20 936/35/20
f 937/36/21 939/38/21 940/39/21 938/37/21
f 939/38/22 941/40/22 942/41/22 940/39/22
f 941/40/23 943/42/23 944/43/23 942/41/23
f 943/42/24 945/44/24 946/45/24 944/43/24
f 945/44/25 947/46/25 948/47/25 946/45/25
f 947/46/26 949/10/26 950/11/26 948/47/26
f 949/10/27 951/48/27 952/49/27 950/11/27
f 951/48/28 953/50/28 954/51/28 952/49/28
f 953/50/29 955/52/29 956/53/29 954/51/29
f 955/52/30 957/54/30 958/55/30 956/53/30
f 957/54/31 959/56/31 960/57/31 958/55/31
f 959/56/32 961/58/32 962/59/32 960/57/32
f 961/58/33 963/60/33 964/61/33 962/59/33
f 963/60/34 965/62/34 966/63/34 964/61/34
f 965/62/35 967/64/35 968/65/35 966/63/35
f 967/64/36 969/66/36 970/67/36 968/65/36
f 969/66/37 971/68/37 972/69/37 970/67/37
f 971/68/38 973/70/38 974/71/38 972/69/38
f 973/70/39 975/72/39 976/73/39 974/71/39
f 975/72/40 977/74/40 978/75/40 976/73/40
f 977/74/41 979/76/41 980/77/41 978/75/41
f 979/76/42 917/16/42 920/17/42 980/77/42
f 979/78/1 977/79/1 975/80/1 973/81/1
f 979/78/1 973/81/1 971/82/1 969/83/1
f 979/78/1 969/83/1 967/84/1 965/2/1
f 979/78/1 965/2/1 963/85/1 961/86/1
f 979/78/1 961/86/1 959/87/1 957/88/1
f 979/78/1 957/88/1 955/89/1 953/90/1
f 979/78/1 953/90/1 951/91/1 949/4/1
f 979/78/1 949/4/1 947/92/1 945/93/1
f 979/78/1 945/93/1 943/94/1 941/95/1
f 979/78/1 941/95/1 939/96/1 937/97/1
f 979/78/1 937/97/1 935/98/1 933/99/1
f 979/78/1 933/99/1 931/100/1 929/101/1
f 979/78/1 929/101/1 927/102/1 925/103/1
f 979/78/1 925/103/1 923/104/1 921/105/1
f 979/78/1 921/105/1 918/106/1 917/107/1
f 920/107/2 919/106/2 922/105/2 924/104/2
f 920/107/2 924/104/2 926/103/2 928/102/2
f 920/107/2 928/102/2 930/101/2 932/100/2
f 920/107/2 932/100/2 934/99/2 936/98/2
f 920/107/2 936/98/2 938/97/2 940/96/2
f 920/107/2 940/96/2 942/95/2 944/94/2
f 920/107/2 944/94/2 946/93/2 948/92/2
f 920/107/2 948/92/2 950/4/2 952/91/2
f 920/107/2 952/91/2 954/90/2 956/89/2
f 920/107/2 956/89/2 958/88/2 960/87/2
f 920/107/2 960/87/2 962/86/2 964/85/2
f 920/107/2 964/85/2 966/2/2 968/84/2
f 920/107/2 968/84/2 970/83/2 972/82/2
f 920/107/2 972/82/2 974/81/2 976/80/2
f 920/107/2 976/80/2 978/79/2 980/78/2
f 981/1/43 982/5/43 983/6/43 984/7/43
f 982/5/44 985/8/44 986/9/44 983/6/44
f 985/8/5 987/10/5 988/11/5 986/9/5
f 987/10/45 989/12/45 990/13/45 988/11/45
f 989/12/46 991/14/46 992/15/46 990/13/46
f 991/14/6 981/16/6 984/17/6 992/15/6
f 991/108/1 989/2/1 987/109/1 985/110/1
f 991/108/1 985/110/1 982/99/1 981/111/1
f 984/111/2 983/99/2 986/110/2 988/109/2
f 984/111/2 988/109/2 990/2/2 992/108/2
f 993/1/7 994/5/7 995/6/7 996/7/7
f 994/5/4 997/8/4 998/9/4 995/6/4
f 997/8/8 999/10/8 1000/11/8 998/9/8
f 999/10/9 1001/12/9 1002/13/9 1000/11/9
f 1001/12/3 1003/14/3 1004/15/3 1002/13/3
f 1003/14/10 993/16/10 996/17/10 1004/15/10
f 1005/1/11 1006/18/11 1007/19/11 1008/7/11
f 1006/18/12 1009/20/12 1010/21/12 1007/19/12
f 1009/20/13 1011/22/13 1012/23/13 1010/21/13
f 1011/22/14 1013/24/14 1014/25/14 1012/23/14
f 1013/24/15 1015/26/15 1016/27/15 1014/25/15
f 1015/26/16 1017/28/16 1018/29/16 1016/27/16
f 1017/28/17 1019/30/17 1020/31/17 1018/29/17
f 1019/30/18 1021/32/18 1022/33/18 1020/31/18
f 1021/32/19 1023/34/19 1024/35/19 1022/33/19
f 1023/34/20 1025/36/20 1026/37/20 1024/35/20
f 1025/36/21 1027/38/21 1028/39/21 1026/37/21
f 1027/38/22 1029/40/22 1030/41/22 1028/39/22
f 1029/40/23 1031/42/23 1032/43/23 1030/41/23
f 1031/42/24 1033/44/24 1034/45/24 1032/43/24
f 1033/44/25 1035/46/25 1036/47/25 1034/45/25
f 1035/46/26 1037/10/26 1038/11/26 1036/47/26
f 1037/10/27 1039/48/27 1040/49/27 1038/11/27
f 1039/48/28 1041/50/28 1042/51/28 1040/49/28
f 1041/50/29 1043/52/29 1044/53/29 1042/51/29
f 1043/52/30 1045/54/30 1046/55/30 1044/53/30
f 1045/54/31 1047/56/31 1048/57/31 1046/55/31
f 1047/56/32 1049/58/32 1050/59/32 1048/57/32
f 1049/58/33 1051/60/33 1052/61/33 1050/59/33
f 1051/60/34 1053/62/34 1054/63/34 1052/61/34
f 1053/62/35 1055/64/35 1056/65/35 1054/63/35
f 1055/64/36 1057/66/36 1058/67/36 1056/65/36
f 1057/66/37 1059/68/37 1060/69/37 1058/67/37
f 1059/68/38 1061/70/38 1062/71/38 1060/69/38
f 1061/70/39 1063/72/39 1064/73/39 1062/71/39
f 1063/72/40 1065/74/40 1066/75/40 1064/73/40
f 1065/74/41 1067/76/41 1068/77/41 1066/75/41
f 1067/76/42 1005/16/42 1008/17/42 1068/77/42
f 1067/78/1 1065/79/1 1063/80/1 1061/81/1
f 1067/78/1 1061/81/1 1059/82/1 1057/83/1
f 1067/78/1 1057/83/1 1055/84/1 1053/2/1
f 1067/78/1 1053/2/1 1051/85/1 1049/86/1
f 1067/78/1 1049/86/1 1047/87/1 1045/88/1
f 1067/78/1 1045/88/1 1043/89/1 1041/90/1
f 1067/78/1 1041/90/1 1039/91/1 1037/4/1
f 1067/78/1 1037/4/1 1035/92/1 1033/93/1
f 1067/78/1 1033/93/1 1031/94/1 1029/95/1
f 1067/78/1 1029/95/1 1027/96/1 1025/97/1
f 1067/78/1 1025/97/1 1023/98/1 1021/99/1
f 1067/78/1 1021/99/1 1019/100/1 1017/101/1
f 1067/78/1 1017/101/1 1015/102/1 1013/103/1
f 1067/78/1 1013/103/1 1011/104/1 1009/105/1
f 1067/78/1 1009/105/1 1006/106/1 1005/107/1
f 1008/107/2 1007/106/2 1010/105/2 1012/104/2
f 1008/107/2 1012/104/2 1014/103/2 1016/102/2
f 1008/107/2 1016/102/2 1018/101/2 1020/100/2
f 1008/107/2 1020/100/2 1022/99/2 1024/98/2
f 1008/107/2 1024/98/2 1026/97/2 1028/96/2
f 1008/107/2 1028/96/2 1030/95/2 1032/94/2
f 1008/107/2 1032/94/2 1034/93/2 1036/92/2
f 1008/107/2 1036/92/2 1038/4/2 1040/91/2
f 1008/107/2 1040/91/2 1042/90/2 1044/89/2
f 1008/107/2 1044/89/2 1046/88/2 1048/87/2
f 1008/107/2 1048/87/2 1050/86/2 1052/85/2
f 1008/107/2 1052/85/2 1054/2/2 1056/84/2
f 1008/107/2 1056/84/2 1058/83/2 1060/82/2
f 1008/107/2 1060/82/2 1062/81/2 1064/80/2
f 1008/107/2 1064/80/2 1066/79/2 1068/78/2
f 1069/1/43 1070/5/43 1071/6/43 1072/7/43
f 1070/5/44 1073/8/44 1074/9/44 1071/6/44
f 1073/8/5 1075/10/5 1076/11/5 1074/9/5
f 1075/10/45 1077/12/45 1078/13/45 1076/11/45
f 1077/12/46 1079/14/46 1080/15/46 1078/13/46
f 1079/14/6 1069/16/6 1072/17/6 1080/15/6
f 1079/108/1 1077/2/1 1075/109/1 1073/110/1
f 1079/108/1 1073/110/1 1070/99/1 1069/111/1
f 1072/111/2 1071/99/2 1074/110/2 1076/109/2
f 1072/111/2 1076/109/2 1078/2/2 1080/108/2
f 1089/1/7 1090/5/7 1091/6/7 1092/7/7
f 1090/5/4 1093/8/4 1094/9/4 1091/6/4
f 1093/8/8 1095/10/8 1096/11/8 1094/9/8
f 1095/10/9 1097/12/9 1098/13/9 1096/11/9
f 1097/12/3 1099/14/3 1100/15/3 1098/13/3
f 1099/14/10 1089/16/10 1092/17/10 1100/15/10
f 1101/1/11 1102/18/11 1103/19/11 1104/7/11
f 1102/18/12 1105/20/12 1106/21/12 1103/19/12
f 1105/20/13 1107/22/13 1108/23/13 1106/21/13
f 1107/22/14 1109/24/14 1110/25/14 1108/23/14
f 1109/24/15 1111/26/15 1112/27/15 1110/25/15
f 1111/26/16 1113/28/16 1114/29/16 1112/27/16
f 1113/28/17 1115/30/17 1116/31/17 1114/29/17
f 1115/30/18 1117/32/18 1118/33/18 1116/31/18
f 1117/32/19 1119/34/19 1120/35/19 1118/33/19
f 1119/34/20 1121/36/20 1122/37/20 1120/35/20
f 1121/36/21 1123/38/21 1124/39/21 1122/37/21
f 1123/38/22 1125/40/22 1126/41/22 1124/39/22
f 1125/40/23 1127/42/23 1128/43/23 1126/41/23
f 1127/42/24 1129/44/24 1130/45/24 1128/43/24
f 1129/44/25 1131/46/25 1132/47/25 1130/45/25
f 1131/46/26 1133/10/26 1134/11/26 1132/47/26
f 1133/10/27 1135/48/27 1136/49/27 1134/11/27
f 1135/48/28 1137/50/28 1138/51/28 1136/49/28
f 1137/50/29 1139/52/29 1140/53/29 1138/51/29
f 1139/52/30 1141/54/30 1142/55/30 1140/53/30
f 1141/54/31 1143/56/31 1144/57/31 1142/55/31
f 1143/56/32 1145/58/32 1146/59/32 1144/57/32
f 1145/58/33 1147/60/33 1148/61/33 1146/59/33
f 1147/60/34 1149/62/34 1150/63/34 1148/61/34
f 1149/62/35 1151/64/35 1152/65/35 1150/63/35
f 1151/64/36 1153/66/36 1154/67/36 1152/65/36
f 1153/66/37 1155/68/37 1156/69/37 1154/67/37
f 1155/68/38 1157/70/38 1158/71/38 1156/69/38
f 1157/70/39 1159/72/39 1160/73/39 1158/71/39
f 1159/72/40 1161/74/40 1162/75/40 1160/73/40
f 1161/74/41 1163/76/41 1164/77/41 1162/75/41
f 1163/76/42 1101/16/42 1104/17/42 1164/77/42
f 1163/78/1 1161/79/1 1159/80/1 1157/81/1
f 1163/78/1 1157/81/1 1155/82/1 1153/83/1
f 1163/78/1 1153/83/1 1151/84/1 1149/2/1
f 1163/78/1 1149/2/1 1147/85/1 1145/86/1
f 1163/78/1 1145/86/1 1143/87/1 1141/88/1
f 1163/78/1 1141/88/1 1139/89/1 1137/90/1
f 1163/78/1 1137/90/1 1135/91/1 1133/4/1
f 1163/78/1 1133/4/1 1131/92/1 1129/93/1
f 1163/78/1 1129/93/1 1127/94/1 1125/95/1
f 1163/78/1 1125/95/1 1123/96/1 1121/97/1
f 1163/78/1 1121/97/1 1119/98/1 1117/99/1
f 1163/78/1 1117/99/1 1115/100/1 1113/101/1
f 1163/78/1 1113/101/1 1111/102/1 1109/103/1
f 1163/78/1 1109/103/1 1107/104/1 1105/105/1
f 1163/78/1 1105/105/1 1102/106/1 1101/107/1
f 1104/107/2 1103/106/2 1106/105/2 1108/104/2
f 1104/107/2 1108/104/2 1110/103/2 1112/102/2
f 1104/107/2 1112/102/2 1114/101/2 1116/100/2
f 1104/107/2 1116/100/2 1118/99/2 1120/98/2
f 1104/107/2 1120/98/2 1122/97/2 1124/96/2
f 1104/107/2 1124/96/2 1126/95/2 1128/94/2
f 1104/107/2 1128/94/2 1130/93/2 1132/92/2
f 1104/107/2 1132/92/2 1134/4/2 1136/91/2
f 1104/107/2 1136/91/2 1138/90/2 1140/89/2
f 1104/107/2 1140/89/2 1142/88/2 1144/87/2
f 1104/107/2 1144/87/2 1146/86/2 1148/85/2
f 1104/107/2 1148/85/2 1150/2/2 1152/84/2
f 1104/107/2 1152/84/2 1154/83/2 1156/82/2
f 1104/107/2 1156/82/2 1158/81/2 1160/80/2
f 1104/107/2 1160/80/2 1162/79/2 1164/78/2
f 1165/1/43 1166/5/43 1167/6/43 1168/7/43
f 1166/5/44 1169/8/44 1170/9/44 1167/6/44
f 1169/8/5 1171/10/5 1172/11/5 1170/9/5
f 1171/10/45 1173/12/45 1174/13/45 1172/11/45
f 1173/12/46 1175/14/46 1176/15/46 1174/13/46
f 1175/14/6 1165/16/6 1168/17/6 1176/15/6
f 1175/108/1 1173/2/1 1171/109/1 1169/110/1
f 1175/108/1 1169/110/1 1166/99/1 1165/111/1
f 1168/111/2 1167/99/2 1170/110/2 1172/109/2
f 1168/111/2 1172/109/2 1174/2/2 1176/108/2
f 1177/1/7 1178/5/7 1179/6/7 1180/7/7
f 1178/5/4 1181/8/4 1182/9/4 1179/6/4
f 1181/8/8 1183/10/8 1184/11/8 1182/9/8
f 1183/10/9 1185/12/9 1186/13/9 1184/11/9
f 1185/12/3 1187/14/3 1188/15/3 1186/13/3
f 1187/14/10 1177/16/10 1180/17/10 1188/15/10
f 1189/1/11 1190/18/11 1191/19/11 1192/7/11
f 1190/18/12 1193/20/12 1194/21/12 1191/19/12
f 1193/20/13 1195/22/13 1196/23/13 1194/21/13
f 1195/22/14 1197/24/14 1198/25/14 1196/23/14
f 1197/24/15 1199/26/15 1200/27/15 1198/25/15
f 1199/26/16 1201/28/16 1202/29/16 1200/27/16
f 1201/28/17 1203/30/17 1204/31/17 1202/29/17
f 1203/30/18 1205/32/18 1206/33/18 1204/31/18
f 1205/32/19 1207/34/19 1208/35/19 1206/33/19
f 1207/34/20 1209/36/20 1210/37/20 1208/35/20
f 1209/36/21 1211/38/21 1212/39/21 1210/37/21
f 1211/38/22 1213/40/22 1214/41/22 1212/39/22
f 1213/40/23 1215/42/23 1216/43/23 1214/41/23
f 1215/42/24 1217/44/24 1218/45/24 1216/43/24
f 1217/44/25 1219/46/25 1220/47/25 1218/45/25
f 1219/46/26 1221/10/26 1222/11/26 1220/47/26
f 1221/10/27 1223/48/27 1224/49/27 1222/11/27
f 1223/48/28 1225/50/28 1226/51/28 1224/49/28
f 1225/50/29 1227/52/29 1228/53/29 1226/51/29
f 1227/52/30 1229/54/30 1230/55/30 1228/53/30
f 1229/54/31 1231/56/31 1232/57/31 1230/55/31
f 1231/56/32 1233/58/32 1234/59/32 1232/57/32
f 1233/58/33 1235/60/33 1236/61/33 1234/59/33
f 1235/60/34 1237/62/34 1238/63/34 1236/61/34
f 1237/62/35 1239/64/35 1240/65/35 1238/63/35
f 1239/64/36 1241/66/36 1242/67/36 1240/65/36
f 1241/66/37 1243/68/37 1244/69/37 1242/67/37
f 1243/68/38 1245/70/38 1246/71/38 1244/69/38
f 1245/70/39 1247/72/39 1248/73/39 1246/71/39
f 1247/72/40 1249/74/40 1250/75/40 1248/73/40
f 1249/74/41 1251/76/41 1252/77/41 1250/75/41
f 1251/76/42 1189/16/42 1192/17/42 1252/77/42
f 1251/78/1 1249/79/1 1247/80/1 1245/81/1
f 1251/78/1 1245/81/1 1243/82/1 1241/83/1
f 1251/78/1 1241/83/1 1239/84/1 1237/2/1
f 1251/78/1 1237/2/1 1235/85/1 1233/86/1
f 1251/78/1 1233/86/1 1231/87/1 1229/88/1
f 1251/78/1 1229/88/1 1227/89/1 1225/90/1
f 1251/78/1 1225/90/1 1223/91/1 1221/4/1
f 1251/78/1 1221/4/1 1219/92/1 1217/93/1
f 1251/78/1 1217/93/1 1215/94/1 1213/95/1
f 1251/78/1 1213/95/1 1211/96/1 1209/97/1
f 1251/78/1 1209/97/1 1207/98/1 1205/99/1
f 1251/78/1 1205/99/1 1203/100/1 1201/101/1
f 1251/78/1 1201/101/1 1199/102/1 1197/103/1
f 1251/78/1 1197/103/1 1195/104/1 1193/105/1
f 1251/78/1 1193/105/1 1190/106/1 1189/107/1
f 1192/107/2 1191/106/2 1194/105/2 1196/104/2
f 1192/107/2 1196/104/2 1198/103/2 1200/102/2
f 1192/107/2 1200/102/2 1202/101/2 1204/100/2
f 1192/107/2 1204/100/2 1206/99/2 1208/98/2
f 1192/107/2 1208/98/2 1210/97/2 1212/96/2
f 1192/107/2 1212/96/2 1214/95/2 1216/94/2
f 1192/107/2 1216/94/2 1218/93/2 1220/92/2
f 1192/107/2 1220/92/2 1222/4/2 1224/91/2
f 1192/107/2 1224/91/2 1226/90/2 1228/89/2
f 1192/107/2 1228/89/2 1230/88/2 1232/87/2
f 1192/107/2 1232/87/2 1234/86/2 1236/85/2
f 1192/107/2 1236/85/2 1238/2/2 1240/84/2
f 1192/107/2 1240/84/2 1242/83/2 1244/82/2
f 1192/107/2 1244/82/2 1246/81/2 1248/80/2
f 1192/107/2 1248/80/2 1250/79/2 1252/78/2
f 1253/1/43 1254/5/43 1255/6/43 1256/7/43
f 1254/5/44 1257/8/44 1258/9/44 1255/6/44
f 1257/8/5 1259/10/5 1260/11/5 1258/9/5
f 1259/10/45 1261/12/45 1262/13/45 1260/11/45
f 1261/12/46 1263/14/46 1264/15/46 1262/13/46
f 1263/14/6 1253/16/6 1256/17/6 1264/15/6
f 1263/108/1 1261/2/1 1259/109/1 1257/110/1
f 1263/108/1 1257/110/1 1254/99/1 1253/111/1
f 1256/111/2 1255/99/2 1258/110/2 1260/109/2
f 1256/111/2 1260/109/2 1262/2/2 1264/108/2
f 1265/1/7 1266/5/7 1267/6/7 1268/7/7
f 1266/5/4 1269/8/4 1270/9/4 1267/6/4
f 1269/8/8 1271/10/8 1272/11/8 1270/9/8
f 1271/10/9 1273/12/9 1274/13/9 1272/11/9
f 1273/12/3 1275/14/3 1276/15/3 1274/13/3
f 1275/14/10 1265/16/10 1268/17/10 1276/15/10
f 1277/1/11 1278/18/11 1279/19/11 1280/7/11
f 1278/18/12 1281/20/12 1282/21/12 1279/19/12
f 1281/20/13 1283/22/13 1284/23/13 1282/21/13
f 1283/22/14 1285/24/14 1286/25/14 1284/23/14
f 1285/24/15 1287/26/15 1288/27/15 1286/25/15
f 1287/26/16 1289/28/16 1290/29/16 1288/27/16
f 1289/28/17 1291/30/17 1292/31/17 1290/29/17
f 1291/30/18 1293/32/18 1294/33/18 1292/31/18
f 1293/32/19 1295/34/19 1296/35/19 1294/33/19
f 1295/34/20 1297/36/20 1298/37/20 1296/35/20
f 1297/36/21 1299/38/21 1300/39/21 1298/37/21
f 1299/38/22 1301/40/22 1302/41/22 1300/39/22
f 1301/40/23 1303/42/23 1304/43/23 1302/41/23
f 1303/42/24 1305/44/24 1306/45/24 1304/43/24
f 1305/44/25 1307/46/25 1308/47/25 1306/45/25
f 1307/46/26 1309/10/26 1310/11/26 1308/47/26
f 1309/10/27 1311/48/27 1312/49/27 1310/11/27
f 1311/48/28 1313/50/28 1314/51/28 1312/49/28
f 1313/50/29 1315/52/29 1316/53/29 1314/51/29
f 1315/52/30 1317/54/30 1318/55/30 1316/53/30
f 1317/54/31 1319/56/31 1320/57/31 1318/55/31
f 1319/56/32 1321/58/32 1322/59/32 1320/57/32
f 1321/58/33 1323/60/33 1324/61/33 1322/59/33
f 1323/60/34 1325/62/34 1326/63/34 1324/61/34
f 1325/62/35 1327/64/35 1328/65/35 1326/63/35
f 1327/64/36 1329/66/36 1330/67/36 1328/65/36
f 1329/66/37 1331/68/37 1332/69/37 1330/67/37
f 1331/68/38 1333/70/38 1334/71/38 1332/69/38
f 1333/70/39 1335/72/39 1336/73/39 1334/71/39
f 1335/72/40 1337/74/40 1338/75/40 1336/73/40
f 1337/74/41 1339/76/41 1340/77/41 1338/75/41
f 1339/76/42 1277/16/42 1280/17/42 1340/77/42
f 1339/78/1 1337/79/1 1335/80/1 1333/81/1
f 1339/78/1 1333/81/1 1331/82/1 1329/83/1
f 1339/78/1 1329/83/1 1327/84/1 1325/2/1
f 1339/78/1 1325/2/1 1323/85/1 1321/86/1
f 1339/78/1 1321/86/1 1319/87/1 1317/88/1
f 1339/78/1 1317/88/1 1315/89/1 1313/90/1
f 1339/78/1 1313/90/1 1311/91/1 1309/4/1
f 1339/78/1 1309/4/1 1307/92/1 1305/93/1
f 1339/78/1 1305/93/1 1303/94/1 1301/95/1
f 1339/78/1 1301/95/1 1299/96/1 1297/97/1
f 1339/78/1 1297/97/1 1295/98/1 1293/99/1
f 1339/78/1 1293/99/1 1291/100/1 1289/101/1
f 1339/78/1 1289/101/1 1287/102/1 1285/103/1
f 1339/78/1 1285/103/1 1283/104/1 1281/105/1
f 1339/78/1 1281/105/1 1278/106/1 1277/107/1
f 1280/107/2 1279/106/2 1282/105/2 1284/104/2
f 1280/107/2 1284/104/2 1286/103/2 1288/102/2
f 1280/107/2 1288/102/2 1290/101/2 1292/100/2
f 1280/107/2 1292/100/2 1294/99/2 1296/98/2
f 1280/107/2 1296/98/2 1298/97/2 1300/96/2
f 1280/107/2 1300/96/2 1302/95/2 1304/94/2
f 1280/107/2 1304/94/2 1306/93/2 1308/92/2
f 1280/107/2 1308/92/2 1310/4/2 1312/91/2
f 1280/107/2 1312/91/2 1314/90/2 1316/89/2
f 1280/107/2 1316/89/2 1318/88/2 1320/87/2
f 1280/107/2 1320/87/2 1322/86/2 1324/85/2
f 1280/107/2 1324/85/2 1326/2/2 1328/84/2
f 1280/107/2 1328/84/2 1330/83/2 1332/82/2
f 1280/107/2 1332/82/2 1334/81/2 1336/80/2
f 1280/107/2 1336/80/2 1338/79/2 1340/78/2
f 1341/1/43 1342/5/43 1343/6/43 1344/7/43
f 1342/5/44 1345/8/44 1346/9/44 1343/6/44
f 1345/8/5 1347/10/5 1348/11/5 1346/9/5
f 1347/10/45 1349/12/45 1350/13/45 1348/11/45
f 1349/12/46 1351/14/46 1352/15/46 1350/13/46
f 1351/14/6 1341/16/6 1344/17/6 1352/15/6
f 1351/108/1 1349/2/1 1347/109/1 1345/110/1
f 1351/108/1 1345/110/1 1342/99/1 1341/111/1
f 1344/111/2 1343/99/2 1346/110/2 1348/109/2
f 1344/111/2 1348/109/2 1350/2/2 1352/108/2
f 1353/1/7 1354/5/7 1355/6/7 1356/7/7
f 1354/5/4 1357/8/4 1358/9/4 1355/6/4
f 1357/8/8 1359/10/8 1360/11/8 1358/9/8
f 1359/10/9 1361/12/9 1362/13/9 1360/11/9
f 1361/12/3 1363/14/3 1364/15/3 1362/13/3
f 1363/14/10 1353/16/10 1356/17/10 1364/15/10
f 1365/1/11 1366/18/11 1367/19/11 1368/7/11
f 1366/18/12 1369/20/12 1370/21/12 1367/19/12
f 1369/20/13 1371/22/13 1372/23/13 1370/21/13
f 1371/22/14 1373/24/14 1374/25/14 1372/23/14
f 1373/24/15 1375/26/15 1376/27/15 1374/25/15
f 1375/26/16 1377/28/16 1378/29/16 1376/27/16
f 1377/28/17 1379/30/17 1380/31/17 1378/29/17
f 1379/30/18 1381/32/18 1382/33/18 1380/31/18
f 1381/32/19 1383/34/19 1384/35/19 1382/33/19
f 1383/34/20 1385/36/20 1386/37/20 1384/35/20
f 1385/36/21 1387/38/21 1388/39/21 1386/37/21
f 1387/38/22 1389/40/22 1390/41/22 1388/39/22
f 1389/40/23 1391/42/23 1392/43/23 1390/41/23
f 1391/42/24 1393/44/24 1394/45/24 1392/43/24
f 1393/44/25 1395/46/25 1396/47/25 1394/45/25
f 1395/46/26 1397/10/26 1398/11/26 1396/47/26
f 1397/10/27 1399/48/27 1400/49/27 1398/11/27
f 1399/48/28 1401/50/28 1402/51/28 1400/49/28
f 1401/50/29 1403/52/29 1404/53/29 1402/51/29
f 1403/52/30 1405/54/30 1406/55/30 1404/53/30
f 1405/54/31 1407/56/31 1408/57/31 1406/55/31
f 1407/56/32 1409/58/32 1410/59/32 1408/57/32
f 1409/58/33 1411/60/33 1412/61/33 1410/59/33
f 1411/60/34 1413/62/34 1414/63/34 1412/61/34
f 1413/62/35 1415/64/35 1416/65/35 1414/63/35
f 1415/64/36 1417/66/36 1418/67/36 1416/65/36
f 1417/66/37 1419/68/37 1420/69/37 1418/67/37
f 1419/68/38 1421/70/38 1422/71/38 1420/69/38
f 1421/70/39 1423/72/39 1424/73/39 1422/71/39
f 1423/72/40 1425/74/40 1426/75/40 1424/73/40
f 1425/74/41 1427/76/41 1428/77/41 1426/75/41
f 1427/76/42 1365/16/42 1368/17/42 1428/77/42
f 1427/78/1 1425/79/1 1423/80/1 1421/81/1
f 1427/78/1 1421/81/1 1419/82/1 1417/83/1
f 1427/78/1 1417/83/1 1415/84/1 1413/2/1
f 1427/78/1 1413/2/1 1411/85/1 1409/86/1
f 1427/78/1 1409/86/1 1407/87/1 1405/88/1
f 1427/78/1 1405/88/1 1403/89/1 1401/90/1
f 1427/78/1 1401/90/1 1399/91/1 1397/4/1
f 1427/78/1 1397/4/1 1395/92/1 1393/93/1
f 1427/78/1 1393/93/1 1391/94/1 1389/95/1
f 1427/78/1 1389/95/1 1387/96/1 1385/97/1
f 1427/78/1 1385/97/1 1383/98/1 1381/99/1
f 1427/78/1 1381/99/1 1379/100/1 1377/101/1
f 1427/78/1 1377/101/1 1375/102/1 1373/103/1
f 1427/78/1 1373/103/1 1371/104/1 1369/105/1
f 1427/78/1 1369/105/1 1366/106/1 1365/107/1
f 1368/107/2 1367/106/2 1370/105/2 1372/104/2
f 1368/107/2 1372/104/2 1374/103/2 1376/102/2
f 1368/107/2 1376/102/2 1378/101/2 1380/100/2
f 1368/107/2 1380/100/2 1382/99/2 1384/98/2
f 1368/107/2 1384/98/2 1386/97/2 1388/96/2
f 1368/107/2 1388/96/2 1390/95/2 1392/94/2
f 1368/107/2 1392/94/2 1394/93/2 1396/92/2
f 1368/107/2 1396/92/2 1398/4/2 1400/91/2
f 1368/107/2 1400/91/2 1402/90/2 1404/89/2
f 1368/107/2 1404/89/2 1406/88/2 1408/87/2
f 1368/107/2 1408/87/2 1410/86/2 1412/85/2
f 1368/107/2 1412/85/2 1414/2/2 1416/84/2
f 1368/107/2 1416/84/2 1418/83/2 1420/82/2
f 1368/107/2 1420/82/2 1422/81/2 1424/80/2
f 1368/107/2 1424/80/2 1426/79/2 1428/78/2
f 1429/1/43 1430/5/43 1431/6/43 1432/7/43
f 1430/5/44 1433/8/44 1434/9/44 1431/6/44
f 1433/8/5 1435/10/5 1436/11/5 1434/9/5
f 1435/10/45 1437/12/45 1438/13/45 1436/11/45
f 1437/12/46 1439/14/46 1440/15/46 1438/13/46
f 1439/14/6 1429/16/6 1432/17/6 1440/15/6
f 1439/108/1 1437/2/1 1435/109/1 1433/110/1
f 1439/108/1 1433/110/1 1430/99/1 1429/111/1
f 1432/111/2 1431/99/2 1434/110/2 1436/109/2
f 1432/111/2 1436/109/2 1438/2/2 1440/108/2
o arm
usemtl steel
f 2769/1/1 2770/112/1 2771/113/1 2772/114/1
f 2773/1/2 2774/112/2 2775/113/2 2776/114/2
f 2769/1/403 2772/112/403 2774/113/403 2773/114/403
f 2770/1/404 2776/112/404 2775/113/404 2771/114/404
f 2769/1/405 2773/112/405 2776/113/405 2770/114/405
f 2772/1/406 2771/112/406 2775/113/406 2774/114/406
f 2777/1/1 2778/112/1 2779/113/1 2780/114/1
f 2781/1/2 2782/112/2 2783/113/2 2784/114/2
f 2777/1/407 2780/112/407 2782/113/407 2781/114/407
f 2778/1/408 2784/112/408 2783/113/408 2779/114/408
f 2777/1/409 2781/112/409 2784/113/409 2778/114/409
f 2780/1/410 2779/112/410 2783/113/410 2782/114/410
f 2785/1/411 2786/112/411 2787/113/411 2788/114/411
f 2789/1/412 2790/112/412 2791/113/412 2792/114/412
f 2785/1/4 2788/112/4 2790/113/4 2789/114/4
f 2786/1/3 2792/112/3 2791/113/3 2787/114/3
f 2785/1/413 2789/112/413 2792/113/413 2786/114/413
f 2788/1/414 2787/112/414 2791/113/414 2790/114/414
f 2793/1/415 2794/112/415 2795/113/415 2796/114/415
f 2797/1/416 2798/112/416 2799/113/416 2800/114/416
f 2793/1/4 2796/112/4 2798/113/4 2797/114/4
f 2794/1/3 2800/112/3 2799/113/3 2795/114/3
f 2793/1/417 2797/112/417 2800/113/417 2794/114/417
f 2796/1/418 2795/112/418 2799/113/418 2798/114/418
f 2801/1/1 2802/112/1 2803/113/1 2804/114/1
f 2805/1/2 2806/112/2 2807/113/2 2808/114/2
f 2801/1/419 2804/112/419 2806/113/419 2805/114/419
f 2802/1/420 2808/112/420 2807/113/420 2803/114/420
f 2801/1/421 2805/112/421 2808/113/421 2802/114/421
f 2804/1/422 2803/112/422 2807/113/422 2806/114/422
f 2809/1/1 2810/112/1 2811/113/1 2812/114/1
f 2813/1/2 2814/112/2 2815/113/2 2816/114/2
f 2809/1/423 2812/112/423 2814/113/423 2813/114/423
f 2810/1/424 2816/112/424 2815/113/424 2811/114/424
f 2809/1/425 2813/112/425 2816/113/425 2810/114/425
f 2812/1/426 2811/112/426 2815/113/426 2814/114/426
f 2817/1/1 2818/112/1 2819/113/1 2820/114/1
f 2821/1/2 2822/112/2 2823/113/2 2824/114/2
f 2817/1/427 2820/112/427 2822/113/427 2821/114/427
f 2818/1/428 2824/112/428 2823/113/428 2819/114/428
f 2817/1/429 2821/112/429 2824/113/429 2818/114/429
f 2820/1/430 2819/112/430 2823/113/430 2822/114/430
f 2825/1/1 2826/112/1 2827/113/1 2828/114/1
f 2829/1/2 2830/112/2 2831/113/2 2832/114/2
f 2825/1/431 2828/112/431 2830/113/431 2829/114/431
f 2826/1/432 2832/112/432 2831/113/432 2827/114/432
f 2825/1/433 2829/112/433 2832/113/433 2826/114/433
f 2828/1/434 2827/112/434 2831/113/434 2830/114/434
f 2833/1/1 2834/112/1 2835/113/1 2836/114/1
f 2837/1/2 2838/112/2 2839/113/2 2840/114/2
f 2833/1/435 2836/112/435 2838/113/435 2837/114/435
f 2834/1/436 2840/112/436 2839/113/436 2835/114/436
f 2833/1/437 2837/112/437 2840/113/437 2834/114/437
f 2836/1/438 2835/112/438 2839/113/438 2838/114/438
f 2849/1/1 2850/112/1 2851/113/1 2852/114/1
f 2853/1/2 2854/112/2 2855/113/2 2856/114/2
f 2849/1/408 2852/112/408 2854/113/408 2853/114/408
f 2850/1/407 2856/112/407 2855/113/407 2851/114/407
f 2849/1/410 2853/112/410 2856/113/410 2850/114/410
f 2852/1/409 2851/112/409 2855/113/409 2854/114/409
f 2857/1/1 2858/112/1 2859/113/1 2860/114/1
f 2861/1/2 2862/112/2 2863/113/2 2864/114/2
f 2857/1/404 2860/112/404 2862/113/404 2861/114/404
f 2858/1/403 2864/112/403 2863/113/403 2859/114/403
f 2857/1/406 2861/112/406 2864/113/406 2858/114/406
f 2860/1/405 2859/112/405 2863/113/405 2862/114/405
f 2865/1/439 2866/112/439 2867/113/439 2868/114/439
f 2869/1/440 2870/112/440 2871/113/440 2872/114/440
f 2865/1/3 2868/112/3 2870/113/3 2869/114/3
f 2866/1/4 2872/112/4 2871/113/4 2867/114/4
f 2865/1/441 2869/112/441 2872/113/441 2866/114/441
f 2868/1/442 2867/112/442 2871/113/442 2870/114/442
f 2873/1/443 2874/112/443 2875/113/443 2876/114/443
f 2877/1/444 2878/112/444 2879/113/444 2880/114/444
f 2873/1/3 2876/112/3 2878/113/3 2877/114/3
f 2874/1/4 2880/112/4 2879/113/4 2875/114/4
f 2873/1/445 2877/112/445 2880/113/445 2874/114/445
f 2876/1/446 2875/112/446 2879/113/446 2878/114/446
f 2881/1/1 2882/112/1 2883/113/1 2884/114/1
f 2885/1/2 2886/112/2 2887/113/2 2888/114/2
f 2881/1/447 2884/112/447 2886/113/447 2885/114/447
f 2882/1/448 2888/112/448 2887/113/448 2883/114/448
f 2881/1/449 2885/112/449 2888/113/449 2882/114/449
f 2884/1/450 2883/112/450 2887/113/450 2886/114/450
f 2889/1/1 2890/112/1 2891/113/1 2892/114/1
f 2893/1/2 2894/112/2 2895/113/2 2896/114/2
f 2889/1/451 2892/112/451 2894/113/451 2893/114/451
f 2890/1/452 2896/112/452 2895/113/452 2891/114/452
f 2889/1/453 2893/112/453 2896/113/453 2890/114/453
f 2892/1/454 2891/112/454 2895/113/454 2894/114/454
f 2897/1/1 2898/112/1 2899/113/1 2900/114/1
f 2901/1/2 2902/112/2 2903/113/2 2904/114/2
f 2897/1/455 2900/112/455 2902/113/455 2901/114/455
f 2898/1/456 2904/112/456 2903/113/456 2899/114/456
f 2897/1/457 2901/112/457 2904/113/457 2898/114/457
f 2900/1/458 2899/112/458 2903/113/458 2902/114/458
f 2905/1/1 2906/112/1 2907/113/1 2908/114/1
f 2909/1/2 2910/112/2 2911/113/2 2912/114/2
f 2905/1/459 2908/112/459 2910/113/459 2909/114/459
f 2906/1/460 2912/112/460 2911/113/460 2907/114/460
f 2905/1/461 2909/112/461 2912/113/461 2906/114/461
f 2908/1/462 2907/112/462 2911/113/462 2910/114/462
f 2913/1/1 2914/112/1 2915/113/1 2916/114/1
f 2917/1/2 2918/112/2 2919/113/2 2920/114/2
f 2913/1/463 2916/112/463 2918/113/463 2917/114/463
f 2914/1/464 2920/112/464 2919/113/464 2915/114/464
f 2913/1/465 2917/112/465 2920/113/465 2914/114/465
f 2916/1/466 2915/112/466 2919/113/466 2918/114/466
f 2929/1/1 2930/112/1 2931/113/1 2932/114/1
f 2933/1/2 2934/112/2 2935/113/2 2936/114/2
f 2929/1/467 2932/112/467 2934/113/467 2933/114/467
f 2930/1/468 2936/112/468 2935/113/468 2931/114/468
f 2929/1/469 2933/112/469 2936/113/469 2930/114/469
f 2932/1/470 2931/112/470 2935/113/470 2934/114/470
f 2937/1/1 2938/112/1 2939/113/1 2940/114/1
f 2941/1/2 2942/112/2 2943/113/2 2944/114/2
f 2937/1/471 2940/112/471 2942/113/471 2941/114/471
f 2938/1/472 2944/112/472 2943/113/472 2939/114/472
f 2937/1/473 2941/112/473 2944/113/473 2938/114/473
f 2940/1/474 2939/112/474 2943/113/474 2942/114/474
f 2945/1/475 2946/112/475 2947/113/475 2948/114/475
f 2949/1/476 2950/112/476 2951/113/476 2952/114/476
f 2945/1/4 2948/112/4 2950/113/4 2949/114/4
f 2946/1/3 2952/112/3 2951/113/3 2947/114/3
f 2945/1/477 2949/112/477 2952/113/477 2946/114/477
f 2948/1/478 2947/112/478 2951/113/478 2950/114/478
f 2953/1/479 2954/112/479 2955/113/479 2956/114/479
f 2957/1/480 2958/112/480 2959/113/480 2960/114/480
f 2953/1/4 2956/112/4 2958/113/4 2957/114/4
f 2954/1/3 2960/112/3 2959/113/3 2955/114/3
f 2953/1/481 2957/112/481 2960/113/481 2954/114/481
f 2956/1/482 2955/112/482 2959/113/482 2958/114/482
f 2961/1/1 2962/112/1 2963/113/1 2964/114/1
f 2965/1/2 2966/112/2 2967/113/2 2968/114/2
f 2961/1/483 2964/112/483 2966/113/483 2965/114/483
f 2962/1/484 2968/112/484 2967/113/484 2963/114/484
f 2961/1/485 2965/112/485 2968/113/485 2962/114/485
f 2964/1/486 2963/112/486 2967/113/486 2966/114/486
f 2969/1/1 2970/112/1 2971/113/1 2972/114/1
f 2973/1/2 2974/112/2 2975/113/2 2976/114/2
f 2969/1/487 2972/112/487 2974/113/487 2973/114/487
f 2970/1/488 2976/112/488 2975/113/488 2971/114/488
f 2969/1/489 2973/112/489 2976/113/489 2970/114/489
f 2972/1/490 2971/112/490 2975/113/490 2974/114/490
f 2977/1/1 2978/112/1 2979/113/1 2980/114/1
f 2981/1/2 2982/112/2 2983/113/2 2984/114/2
f 2977/1/491 2980/112/491 2982/113/491 2981/114/491
f 2978/1/492 2984/112/492 2983/113/492 2979/114/492
f 2977/1/493 2981/112/493 2984/113/493 2978/114/493
f 2980/1/494 2979/112/494 2983/113/494 2982/114/494
f 2985/1/1 2986/112/1 2987/113/1 2988/114/1
f 2989/1/2 2990/112/2 2991/113/2 2992/114/2
f 2985/1/495 2988/112/495 2990/113/495 2989/114/495
f 2986/1/496 2992/112/496 2991/113/496 2987/114/496
f 2985/1/497 2989/112/497 2992/113/497 2986/114/497
f 2988/1/498 2987/112/498 2991/113/498 2990/114/498
f 2993/1/1 2994/112/1 2995/113/1 2996/114/1
f 2997/1/2 2998/112/2 2999/113/2 3000/114/2
f 2993/1/499 2996/112/499 2998/113/499 2997/114/499
f 2994/1/500 3000/112/500 2999/113/500 2995/114/500
f 2993/1/501 2997/112/501 3000/113/501 2994/114/501
f 2996/1/502 2995/112/502 2999/113/502 2998/114/502
f 3009/1/1 3010/112/1 3011/113/1 3012/114/1
f 3013/1/2 3014/112/2 3015/113/2 3016/114/2
f 3009/1/472 3012/112/472 3014/113/472 3013/114/472
f 3010/1/471 3016/112/471 3015/113/471 3011/114/471
f 3009/1/474 3013/112/474 3016/113/474 3010/114/474
f 3012/1/473 3011/112/473 3015/113/473 3014/114/473
f 3017/1/1 3018/112/1 3019/113/1 3020/114/1
f 3021/1/2 3022/112/2 3023/113/2 3024/114/2
f 3017/1/468 3020/112/468 3022/113/468 3021/114/468
f 3018/1/467 3024/112/467 3023/113/467 3019/114/467
f 3017/1/470 3021/112/470 3024/113/470 3018/114/470
f 3020/1/469 3019/112/469 3023/113/469 3022/114/469
f 3025/1/503 3026/112/503 3027/113/503 3028/114/503
f 3029/1/504 3030/112/504 3031/113/504 3032/114/504
f 3025/1/3 3028/112/3 3030/113/3 3029/114/3
f 3026/1/4 3032/112/4 3031/113/4 3027/114/4
f 3025/1/505 3029/112/505 3032/113/505 3026/114/505
f 3028/1/506 3027/112/506 3031/113/506 3030/114/506
f 3033/1/507 3034/112/507 3035/113/507 3036/114/507
f 3037/1/508 3038/112/508 3039/113/508 3040/114/508
f 3033/1/3 3036/112/3 3038/113/3 3037/114/3
f 3034/1/4 3040/112/4 3039/113/4 3035/114/4
f 3033/1/509 3037/112/509 3040/113/509 3034/114/509
f 3036/1/510 3035/112/510 3039/113/510 3038/114/510
f 3041/1/1 3042/112/1 3043/113/1 3044/114/1
f 3045/1/2 3046/112/2 3047/113/2 3048/114/2
f 3041/1/511 3044/112/511 3046/113/511 3045/114/511
f 3042/1/512 3048/112/512 3047/113/512 3043/114/512
f 3041/1/513 3045/112/513 3048/113/513 3042/114/513
f 3044/1/514 3043/112/514 3047/113/514 3046/114/514
f 3049/1/1 3050/112/1 3051/113/1 3052/114/1
f 3053/1/2 3054/112/2 3055/113/2 3056/114/2
f 3049/1/515 3052/112/515 3054/113/515 3053/114/515
f 3050/1/516 3056/112/516 3055/113/516 3051/114/516
f 3049/1/517 3053/112/517 3056/113/517 3050/114/517
f 3052/1/518 3051/112/518 3055/113/518 3054/114/518
f 3057/1/1 3058/112/1 3059/113/1 3060/114/1
f 3061/1/2 3062/112/2 3063/113/2 3064/114/2
f 3057/1/519 3060/112/519 3062/113/519 3061/114/519
f 3058/1/520 3064/112/520 3063/113/520 3059/114/520
f 3057/1/521 3061/112/521 3064/113/521 3058/114/521
f 3060/1/522 3059/112/522 3063/113/522 3062/114/522
f 3065/1/1 3066/112/1 3067/113/1 3068/114/1
f 3069/1/2 3070/112/2 3071/113/2 3072/114/2
f 3065/1/523 3068/112/523 3070/113/523 3069/114/523
f 3066/1/524 3072/112/524 3071/113/524 3067/114/524
f 3065/1/525 3069/112/525 3072/113/525 3066/114/525
f 3068/1/526 3067/112/526 3071/113/526 3070/114/526
f 3073/1/1 3074/112/1 3075/113/1 3076/114/1
f 3077/1/2 3078/112/2 3079/113/2 3080/114/2
f 3073/1/527 3076/112/527 3078/113/527 3077/114/527
f 3074/1/528 3080/112/528 3079/113/528 3075/114/528
f 3073/1/529 3077/112/529 3080/113/529 3074/114/529
f 3076/1/530 3075/112/530 3079/113/530 3078/114/530
o arm
usemtl plate
f 2841/1/1 2842/115/1 2843/116/1 2844/117/1
f 2845/117/2 2846/116/2 2847/115/2 2848/1/2
f 2844/115/3 2843/1/3 2846/117/3 2845/116/3
f 2842/115/4 2841/1/4 2848/117/4 2847/116/4
f 2841/115/5 2844/1/5 2845/117/5 2848/116/5
f 2843/115/6 2842/1/6 2847/117/6 2846/116/6
f 2921/1/1 2922/115/1 2923/116/1 2924/117/1
f 2925/117/2 2926/116/2 2927/115/2 2928/1/2
f 2924/115/3 2923/1/3 2926/117/3 2925/116/3
f 2922/115/4 2921/1/4 2928/117/4 2927/116/4
f 2921/115/5 2924/1/5 2925/117/5 2928/116/5
f 2923/115/6 2922/1/6 2927/117/6 2926/116/6
f 3001/1/1 3002/115/1 3003/116/1 3004/117/1
f 3005/117/2 3006/116/2 3007/115/2 3008/1/2
f 3004/115/3 3003/1/3 3006/117/3 3005/116/3
f 3002/115/4 3001/1/4 3008/117/4 3007/116/4
f 3001/115/5 3004/1/5 3005/117/5 3008/116/5
f 3003/115/6 3002/1/6 3007/117/6 3006/116/6
f 3081/1/1 3082/115/1 3083/116/1 3084/117/1
f 3085/117/2 3086/116/2 3087/115/2 3088/1/2
f 3084/115/3 3083/1/3 3086/117/3 3085/116/3
f 3082/115/4 3081/1/4 3088/117/4 3087/116/4
f 3081/115/5 3084/1/5 3085/117/5 3088/116/5
f 3083/115/6 3082/1/6 3087/117/6 3086/116/6
o peak
usemtl plate
f 3185/1/11 3186/20/11 3187/118/11 3188/119/11
f 3186/20/12 3189/24/12 3190/120/12 3187/118/12
f 3189/24/13 3191/28/13 3192/121/13 3190/120/13
f 3191/28/14 3193/32/14 3194/122/14 3192/121/14
f 3193/32/15 3195/36/15 3196/123/15 3194/122/15
f 3195/36/16 3197/40/16 3198/124/16 3196/123/16
f 3197/40/17 3199/44/17 3200/125/17 3198/124/17
f 3199/44/18 3201/10/18 3202/126/18 3200/125/18
f 3201/10/19 3203/50/19 3204/127/19 3202/126/19
f 3203/50/20 3205/54/20 3206/128/20 3204/127/20
f 3205/54/21 3207/58/21 3208/129/21 3206/128/21
f 3207/58/22 3209/62/22 3210/130/22 3208/129/22
f 3209/62/23 3211/66/23 3212/131/23 3210/130/23
f 3211/66/24 3213/70/24 3214/132/24 3212/131/24
f 3213/70/25 3215/74/25 3216/133/25 3214/132/25
f 3215/74/26 3217/16/26 3218/134/26 3216/133/26
f 3217/16/27 3219/135/27 3220/136/27 3218/134/27
f 3219/135/28 3221/137/28 3222/138/28 3220/136/28
f 3221/137/29 3223/139/29 3224/140/29 3222/138/29
f 3223/139/30 3225/141/30 3226/142/30 3224/140/30
f 3225/141/31 3227/143/31 3228/144/31 3226/142/31
f 3227/143/32 3229/145/32 3230/146/32 3228/144/32
f 3229/145/33 3231/147/33 3232/148/33 3230/146/33
f 3231/147/34 3233/149/34 3234/150/34 3232/148/34
f 3233/149/35 3235/151/35 3236/152/35 3234/150/35
f 3235/151/36 3237/153/36 3238/154/36 3236/152/36
f 3237/153/37 3239/155/37 3240/156/37 3238/154/37
f 3239/155/38 3241/157/38 3242/158/38 3240/156/38
f 3241/157/39 3243/159/39 3244/160/39 3242/158/39
f 3243/159/40 3245/161/40 3246/162/40 3244/160/40
f 3245/161/41 3247/163/41 3248/164/41 3246/162/41
f 3247/163/42 3185/165/42 3188/166/42 3248/164/42
f 3247/78/1 3245/79/1 3243/80/1 3241/81/1
f 3247/78/1 3241/81/1 3239/82/1 3237/83/1
f 3247/78/1 3237/83/1 3235/84/1 3233/2/1
f 3247/78/1 3233/2/1 3231/85/1 3229/86/1
f 3247/78/1 3229/86/1 3227/87/1 3225/88/1
f 3247/78/1 3225/88/1 3223/89/1 3221/90/1
f 3247/78/1 3221/90/1 3219/91/1 3217/4/1
f 3247/78/1 3217/4/1 3215/92/1 3213/93/1
f 3247/78/1 3213/93/1 3211/94/1 3209/95/1
f 3247/78/1 3209/95/1 3207/96/1 3205/97/1
f 3247/78/1 3205/97/1 3203/98/1 3201/99/1
f 3247/78/1 3201/99/1 3199/100/1 3197/101/1
f 3247/78/1 3197/101/1 3195/102/1 3193/103/1
f 3247/78/1 3193/103/1 3191/104/1 3189/105/1
f 3247/78/1 3189/105/1 3186/106/1 3185/107/1
f 3188/107/2 3187/106/2 3190/105/2 3192/104/2
f 3188/107/2 3192/104/2 3194/103/2 3196/102/2
f 3188/107/2 3196/102/2 3198/101/2 3200/100/2
f 3188/107/2 3200/100/2 3202/99/2 3204/98/2
f 3188/107/2 3204/98/2 3206/97/2 3208/96/2
f 3188/107/2 3208/96/2 3210/95/2 3212/94/2
f 3188/107/2 3212/94/2 3214/93/2 3216/92/2
f 3188/107/2 3216/92/2 3218/4/2 3220/91/2
f 3188/107/2 3220/91/2 3222/90/2 3224/89/2
f 3188/107/2 3224/89/2 3226/88/2 3228/87/2
f 3188/107/2 3228/87/2 3230/86/2 3232/85/2
f 3188/107/2 3232/85/2 3234/2/2 3236/84/2
f 3188/107/2 3236/84/2 3238/83/2 3240/82/2
f 3188/107/2 3240/82/2 3242/81/2 3244/80/2
f 3188/107/2 3244/80/2 3246/79/2 3248/78/2
o insulator_1
usemtl porcelain
f 3249/1/551 3250/36/551 3251/167/551 3252/168/551
f 3250/36/552 3253/54/552 3254/169/552 3251/167/552
f 3253/54/553 3255/74/553 3256/170/553 3254/169/553
f 3255/74/554 3257/141/554 3258/171/554 3256/170/554
f 3257/141/555 3259/151/555 3260/172/555 3258/171/555
f 3259/151/556 3261/161/556 3262/173/556 3260/172/556
f 3261/161/557 3263/174/557 3264/175/557 3262/173/557
f 3263/174/558 3265/176/558 3266/177/558 3264/175/558
f 3265/176/559 3267/178/559 3268/179/559 3266/177/559
f 3267/178/560 3269/180/560 3270/181/560 3268/179/560
f 3269/180/561 3271/182/561 3272/183/561 3270/181/561
f 3271/182/562 3273/184/562 3274/185/562 3272/183/562
f 3273/184/563 3275/186/563 3276/187/563 3274/185/563
f 3275/186/564 3277/188/564 3278/189/564 3276/187/564
f 3277/188/565 3279/190/565 3280/191/565 3278/189/565
f 3279/190/566 3281/2/566 3282/99/566 3280/191/566
f 3281/2/567 3283/192/567 3284/193/567 3282/99/567
f 3283/192/568 3285/194/568 3286/195/568 3284/193/568
f 3285/194/569 3287/196/569 3288/197/569 3286/195/569
f 3287/196/570 3289/198/570 3290/199/570 3288/197/570
f 3289/198/571 3291/200/571 3292/201/571 3290/199/571
f 3291/200/572 3293/202/572 3294/203/572 3292/201/572
f 3293/202/573 3295/204/573 3296/205/573 3294/203/573
f 3295/204/574 3297/206/574 3298/207/574 3296/205/574
f 3297/206/575 3299/208/575 3300/209/575 3298/207/575
f 3299/208/576 3301/210/576 3302/211/576 3300/209/576
f 3301/210/577 3303/212/577 3304/213/577 3302/211/577
f 3303/212/578 3305/214/578 3306/215/578 3304/213/578
f 3305/214/579 3307/216/579 3308/217/579 3306/215/579
f 3307/216/580 3309/218/580 3310/219/580 3308/217/580
f 3309/218/581 3311/220/581 3312/221/581 3310/219/581
f 3311/220/582 3249/222/582 3252/223/582 3312/221/582
f 3377/1/551 3378/36/551 3379/167/551 3380/168/551
f 3378/36/552 3381/54/552 3382/169/552 3379/167/552
f 3381/54/553 3383/74/553 3384/170/553 3382/169/553
f 3383/74/554 3385/141/554 3386/171/554 3384/170/554
f 3385/141/555 3387/151/555 3388/172/555 3386/171/555
f 3387/151/556 3389/161/556 3390/173/556 3388/172/556
f 3389/161/557 3391/174/557 3392/175/557 3390/173/557
f 3391/174/558 3393/176/558 3394/177/558 3392/175/558
f 3393/176/559 3395/178/559 3396/179/559 3394/177/559
f 3395/178/560 3397/180/560 3398/181/560 3396/179/560
f 3397/180/561 3399/182/561 3400/183/561 3398/181/561
f 3399/182/562 3401/184/562 3402/185/562 3400/183/562
f 3401/184/563 3403/186/563 3404/187/563 3402/185/563
f 3403/186/564 3405/188/564 3406/189/564 3404/187/564
f 3405/188/565 3407/190/565 3408/191/565 3406/189/565
f 3407/190/566 3409/2/566 3410/99/566 3408/191/566
f 3409/2/567 3411/192/567 3412/193/567 3410/99/567
f 3411/192/568 3413/194/568 3414/195/568 3412/193/568
f 3413/194/569 3415/196/569 3416/197/569 3414/195/569
f 3415/196/570 3417/198/570 3418/199/570 3416/197/570
f 3417/198/571 3419/200/571 3420/201/571 3418/199/571
f 3419/200/572 3421/202/572 3422/203/572 3420/201/572
f 3421/202/573 3423/204/573 3424/205/573 3422/203/573
f 3423/204/574 3425/206/574 3426/207/574 3424/205/574
f 3425/206/575 3427/208/575 3428/209/575 3426/207/575
f 3427/208/576 3429/210/576 3430/211/576 3428/209/576
f 3429/210/577 3431/212/577 3432/213/577 3430/211/577
f 3431/212/578 3433/214/578 3434/215/578 3432/213/578
f 3433/214/579 3435/216/579 3436/217/579 3434/215/579
f 3435/216/580 3437/218/580 3438/219/580 3436/217/580
f 3437/218/581 3439/220/581 3440/221/581 3438/219/581
f 3439/220/582 3377/222/582 3380/223/582 3440/221/582
f 3473/1/551 3474/36/551 3475/167/551 3476/168/551
f 3474/36/552 3477/54/552 3478/169/552 3475/167/552
f 3477/54/553 3479/74/553 3480/170/553 3478/169/553
f 3479/74/554 3481/141/554 3482/171/554 3480/170/554
f 3481/141/555 3483/151/555 3484/172/555 3482/171/555
f 3483/151/556 3485/161/556 3486/173/556 3484/172/556
f 3485/161/557 3487/174/557 3488/175/557 3486/173/557
f 3487/174/558 3489/176/558 3490/177/558 3488/175/558
f 3489/176/559 3491/178/559 3492/179/559 3490/177/559
f 3491/178/560 3493/180/560 3494/181/560 3492/179/560
f 3493/180/561 3495/182/561 3496/183/561 3494/181/561
f 3495/182/562 3497/184/562 3498/185/562 3496/183/562
f 3497/184/563 3499/186/563 3500/187/563 3498/185/563
f 3499/186/564 3501/188/564 3502/189/564 3500/187/564
f 3501/188/565 3503/190/565 3504/191/565 3502/189/565
f 3503/190/566 3505/2/566 3506/99/566 3504/191/566
f 3505/2/567 3507/192/567 3508/193/567 3506/99/567
f 3507/192/568 3509/194/568 3510/195/568 3508/193/568
f 3509/194/569 3511/196/569 3512/197/569 3510/195/569
f 3511/196/570 3513/198/570 3514/199/570 3512/197/570
f 3513/198/571 3515/200/571 3516/201/571 3514/199/571
f 3515/200/572 3517/202/572 3518/203/572 3516/201/572
f 3517/202/573 3519/204/573 3520/205/573 3518/203/573
f 3519/204/574 3521/206/574 3522/207/574 3520/205/574
f 3521/206/575 3523/208/575 3524/209/575 3522/207/575
f 3523/208/576 3525/210/576 3526/211/576 3524/209/576
f 3525/210/577 3527/212/577 3528/213/577 3526/211/577
f 3527/212/578 3529/214/578 3530/215/578 3528/213/578
f 3529/214/579 3531/216/579 3532/217/579 3530/215/579
f 3531/216/580 3533/218/580 3534/219/580 3532/217/580
f 3533/218/581 3535/220/581 3536/221/581 3534/219/581
f 3535/220/582 3473/222/582 3476/223/582 3536/221/582
f 3569/1/551 3570/36/551 3571/167/551 3572/168/551
f 3570/36/552 3573/54/552 3574/169/552 3571/167/552
f 3573/54/553 3575/74/553 3576/170/553 3574/169/553
f 3575/74/554 3577/141/554 3578/171/554 3576/170/554
f 3577/141/555 3579/151/555 3580/172/555 3578/171/555
f 3579/151/556 3581/161/556 3582/173/556 3580/172/556
f 3581/161/557 3583/174/557 3584/175/557 3582/173/557
f 3583/174/558 3585/176/558 3586/177/558 3584/175/558
f 3585/176/559 3587/178/559 3588/179/559 3586/177/559
f 3587/178/560 3589/180/560 3590/181/560 3588/179/560
f 3589/180/561 3591/182/561 3592/183/561 3590/181/561
f 3591/182/562 3593/184/562 3594/185/562 3592/183/562
f 3593/184/563 3595/186/563 3596/187/563 3594/185/563
f 3595/186/564 3597/188/564 3598/189/564 3596/187/564
f 3597/188/565 3599/190/565 3600/191/565 3598/189/565
f 3599/190/566 3601/2/566 3602/99/566 3600/191/566
f 3601/2/567 3603/192/567 3604/193/567 3602/99/567
f 3603/192/568 3605/194/568 3606/195/568 3604/193/568
f 3605/194/569 3607/196/569 3608/197/569 3606/195/569
f 3607/196/570 3609/198/570 3610/199/570 3608/197/570
f 3609/198/571 3611/200/571 3612/201/571 3610/199/571
f 3611/200/572 3613/202/572 3614/203/572 3612/201/572
f 3613/202/573 3615/204/573 3616/205/573 3614/203/573
f 3615/204/574 3617/206/574 3618/207/574 3616/205/574
f 3617/206/575 3619/208/575 3620/209/575 3618/207/575
f 3619/208/576 3621/210/576 3622/211/576 3620/209/576
f 3621/210/577 3623/212/577 3624/213/577 3622/211/577
f 3623/212/578 3625/214/578 3626/215/578 3624/213/578
f 3625/214/579 3627/216/579 3628/217/579 3626/215/579
f 3627/216/580 3629/218/580 3630/219/580 3628/217/580
f 3629/218/581 3631/220/581 3632/221/581 3630/219/581
f 3631/220/582 3569/222/582 3572/223/582 3632/221/582
f 3665/1/551 3666/36/551 3667/167/551 3668/168/551
f 3666/36/552 3669/54/552 3670/169/552 3667/167/552
f 3669/54/553 3671/74/553 3672/170/553 3670/169/553
f 3671/74/554 3673/141/554 3674/171/554 3672/170/554
f 3673/141/555 3675/151/555 3676/172/555 3674/171/555
f 3675/151/556 3677/161/556 3678/173/556 3676/172/556
f 3677/161/557 3679/174/557 3680/175/557 3678/173/557
f 3679/174/558 3681/176/558 3682/177/558 3680/175/558
f 3681/176/559 3683/178/559 3684/179/559 3682/177/559
f 3683/178/560 3685/180/560 3686/181/560 3684/179/560
f 3685/180/561 3687/182/561 3688/183/561 3686/181/561
f 3687/182/562 3689/184/562 3690/185/562 3688/183/562
f 3689/184/563 3691/186/563 3692/187/563 3690/185/563
f 3691/186/564 3693/188/564 3694/189/564 3692/187/564
f 3693/188/565 3695/190/565 3696/191/565 3694/189/565
f 3695/190/566 3697/2/566 3698/99/566 3696/191/566
f 3697/2/567 3699/192/567 3700/193/567 3698/99/567
f 3699/192/568 3701/194/568 3702/195/568 3700/193/568
f 3701/194/569 3703/196/569 3704/197/569 3702/195/569
f 3703/196/570 3705/198/570 3706/199/570 3704/197/570
f 3705/198/571 3707/200/571 3708/201/571 3706/199/571
f 3707/200/572 3709/202/572 3710/203/572 3708/201/572
f 3709/202/573 3711/204/573 3712/205/573 3710/203/573
f 3711/204/574 3713/206/574 3714/207/574 3712/205/574
f 3713/206/575 3715/208/575 3716/209/575 3714/207/575
f 3715/208/576 3717/210/576 3718/211/576 3716/209/576
f 3717/210/577 3719/212/577 3720/213/577 3718/211/577
f 3719/212/578 3721/214/578 3722/215/578 3720/213/578
f 3721/214/579 3723/216/579 3724/217/579 3722/215/579
f 3723/216/580 3725/218/580 3726/219/580 3724/217/580
f 3725/218/581 3727/220/581 3728/221/581 3726/219/581
f 3727/220/582 3665/222/582 3668/223/582 3728/221/582
f 3761/1/551 3762/36/551 3763/167/551 3764/168/551
f 3762/36/552 3765/54/552 3766/169/552 3763/167/552
f 3765/54/553 3767/74/553 3768/170/553 3766/169/553
f 3767/74/554 3769/141/554 3770/171/554 3768/170/554
f 3769/141/555 3771/151/555 3772/172/555 3770/171/555
f 3771/151/556 3773/161/556 3774/173/556 3772/172/556
f 3773/161/557 3775/174/557 3776/175/557 3774/173/557
f 3775/174/558 3777/176/558 3778/177/558 3776/175/558
f 3777/176/559 3779/178/559 3780/179/559 3778/177/559
f 3779/178/560 3781/180/560 3782/181/560 3780/179/560
f 3781/180/561 3783/182/561 3784/183/561 3782/181/561
f 3783/182/562 3785/184/562 3786/185/562 3784/183/562
f 3785/184/563 3787/186/563 3788/187/563 3786/185/563
f 3787/186/564 3789/188/564 3790/189/564 3788/187/564
f 3789/188/565 3791/190/565 3792/191/565 3790/189/565
f 3791/190/566 3793/2/566 3794/99/566 3792/191/566
f 3793/2/567 3795/192/567 3796/193/567 3794/99/567
f 3795/192/568 3797/194/568 3798/195/568 3796/193/568
f 3797/194/569 3799/196/569 3800/197/569 3798/195/569
f 3799/196/570 3801/198/570 3802/199/570 3800/197/570
f 3801/198/571 3803/200/571 3804/201/571 3802/199/571
f 3803/200/572 3805/202/572 3806/203/572 3804/201/572
f 3805/202/573 3807/204/573 3808/205/573 3806/203/573
f 3807/204/574 3809/206/574 3810/207/574 3808/205/574
f 3809/206/575 3811/208/575 3812/209/575 3810/207/575
f 3811/208/576 3813/210/576 3814/211/576 3812/209/576
f 3813/210/577 3815/212/577 3816/213/577 3814/211/577
f 3815/212/578 3817/214/578 3818/215/578 3816/213/578
f 3817/214/579 3819/216/579 3820/217/579 3818/215/579
f 3819/216/580 3821/218/580 3822/219/580 3820/217/580
f 3821/218/581 3823/220/581 3824/221/581 3822/219/581
f 3823/220/582 3761/222/582 3764/223/582 3824/221/582
f 3857/1/551 3858/36/551 3859/167/551 3860/168/551
f 3858/36/552 3861/54/552 3862/169/552 3859/167/552
f 3861/54/553 3863/74/553 3864/170/553 3862/169/553
f 3863/74/554 3865/141/554 3866/171/554 3864/170/554
f 3865/141/555 3867/151/555 3868/172/555 3866/171/555
f 3867/151/556 3869/161/556 3870/173/556 3868/172/556
f 3869/161/557 3871/174/557 3872/175/557 3870/173/557
f 3871/174/558 3873/176/558 3874/177/558 3872/175/558
f 3873/176/559 3875/178/559 3876/179/559 3874/177/559
f 3875/178/560 3877/180/560 3878/181/560 3876/179/560
f 3877/180/561 3879/182/561 3880/183/561 3878/181/561
f 3879/182/562 3881/184/562 3882/185/562 3880/183/562
f 3881/184/563 3883/186/563 3884/187/563 3882/185/563
f 3883/186/564 3885/188/564 3886/189/564 3884/187/564
f 3885/188/565 3887/190/565 3888/191/565 3886/189/565
f 3887/190/566 3889/2/566 3890/99/566 3888/191/566
f 3889/2/567 3891/192/567 3892/193/567 3890/99/567
f 3891/192/568 3893/194/568 3894/195/568 3892/193/568
f 3893/194/569 3895/196/569 3896/197/569 3894/195/569
f 3895/196/570 3897/198/570 3898/199/570 3896/197/570
f 3897/198/571 3899/200/571 3900/201/571 3898/199/571
f 3899/200/572 3901/202/572 3902/203/572 3900/201/572
f 3901/202/573 3903/204/573 3904/205/573 3902/203/573
f 3903/204/574 3905/206/574 3906/207/574 3904/205/574
f 3905/206/575 3907/208/575 3908/209/575 3906/207/575
f 3907/208/576 3909/210/576 3910/211/576 3908/209/576
f 3909/210/577 3911/212/577 3912/213/577 3910/211/577
f 3911/212/578 3913/214/578 3914/215/578 3912/213/578
f 3913/214/579 3915/216/579 3916/217/579 3914/215/579
f 3915/216/580 3917/218/580 3918/219/580 3916/217/580
f 3917/218/581 3919/220/581 3920/221/581 3918/219/581
f 3919/220/582 3857/222/582 3860/223/582 3920/221/582
f 3953/1/551 3954/36/551 3955/167/551 3956/168/551
f 3954/36/552 3957/54/552 3958/169/552 3955/167/552
f 3957/54/553 3959/74/553 3960/170/553 3958/169/553
f 3959/74/554 3961/141/554 3962/171/554 3960/170/554
f 3961/141/555 3963/151/555 3964/172/555 3962/171/555
f 3963/151/556 3965/161/556 3966/173/556 3964/172/556
f 3965/161/557 3967/174/557 3968/175/557 3966/173/557
f 3967/174/558 3969/176/558 3970/177/558 3968/175/558
f 3969/176/559 3971/178/559 3972/179/559 3970/177/559
f 3971/178/560 3973/180/560 3974/181/560 3972/179/560
f 3973/180/561 3975/182/561 3976/183/561 3974/181/561
f 3975/182/562 3977/184/562 3978/185/562 3976/183/562
f 3977/184/563 3979/186/563 3980/187/563 3978/185/563
f 3979/186/564 3981/188/564 3982/189/564 3980/187/564
f 3981/188/565 3983/190/565 3984/191/565 3982/189/565
f 3983/190/566 3985/2/566 3986/99/566 3984/191/566
f 3985/2/567 3987/192/567 3988/193/567 3986/99/567
f 3987/192/568 3989/194/568 3990/195/568 3988/193/568
f 3989/194/569 3991/196/569 3992/197/569 3990/195/569
f 3991/196/570 3993/198/570 3994/199/570 3992/197/570
f 3993/198/571 3995/200/571 3996/201/571 3994/199/571
f 3995/200/572 3997/202/572 3998/203/572 3996/201/572
f 3997/202/573 3999/204/573 4000/205/573 3998/203/573
f 3999/204/574 4001/206/574 4002/207/574 4000/205/574
f 4001/206/575 4003/208/575 4004/209/575 4002/207/575
f 4003/208/576 4005/210/576 4006/211/576 4004/209/576
f 4005/210/577 4007/212/577 4008/213/577 4006/211/577
f 4007/212/578 4009/214/578 4010/215/578 4008/213/578
f 4009/214/579 4011/216/579 4012/217/579 4010/215/579
f 4011/216/580 4013/218/580 4014/219/580 4012/217/580
f 4013/218/581 4015/220/581 4016/221/581 4014/219/581
f 4015/220/582 3953/222/582 3956/223/582 4016/221/582
f 4049/1/551 4050/36/551 4051/167/551 4052/168/551
f 4050/36/552 4053/54/552 4054/169/552 4051/167/552
f 4053/54/553 4055/74/553 4056/170/553 4054/169/553
f 4055/74/554 4057/141/554 4058/171/554 4056/170/554
f 4057/141/555 4059/151/555 4060/172/555 4058/171/555
f 4059/151/556 4061/161/556 4062/173/556 4060/172/556
f 4061/161/557 4063/174/557 4064/175/557 4062/173/557
f 4063/174/558 4065/176/558 4066/177/558 4064/175/558
f 4065/176/559 4067/178/559 4068/179/559 4066/177/559
f 4067/178/560 4069/180/560 4070/181/560 4068/179/560
f 4069/180/561 4071/182/561 4072/183/561 4070/181/561
f 4071/182/562 4073/184/562 4074/185/562 4072/183/562
f 4073/184/563 4075/186/563 4076/187/563 4074/185/563
f 4075/186/564 4077/188/564 4078/189/564 4076/187/564
f 4077/188/565 4079/190/565 4080/191/565 4078/189/565
f 4079/190/566 4081/2/566 4082/99/566 4080/191/566
f 4081/2/567 4083/192/567 4084/193/567 4082/99/567
f 4083/192/568 4085/194/568 4086/195/568 4084/193/568
f 4085/194/569 4087/196/569 4088/197/569 4086/195/569
f 4087/196/570 4089/198/570 4090/199/570 4088/197/570
f 4089/198/571 4091/200/571 4092/201/571 4090/199/571
f 4091/200/572 4093/202/572 4094/203/572 4092/201/572
f 4093/202/573 4095/204/573 4096/205/573 4094/203/573
f 4095/204/574 4097/206/574 4098/207/574 4096/205/574
f 4097/206/575 4099/208/575 4100/209/575 4098/207/575
f 4099/208/576 4101/210/576 4102/211/576 4100/209/576
f 4101/210/577 4103/212/577 4104/213/577 4102/211/577
f 4103/212/578 4105/214/578 4106/215/578 4104/213/578
f 4105/214/579 4107/216/579 4108/217/579 4106/215/579
f 4107/216/580 4109/218/580 4110/219/580 4108/217/580
f 4109/218/581 4111/220/581 4112/221/581 4110/219/581
f 4111/220/582 4049/222/582 4052/223/582 4112/221/582
f 4145/1/551 4146/36/551 4147/167/551 4148/168/551
f 4146/36/552 4149/54/552 4150/169/552 4147/167/552
f 4149/54/553 4151/74/553 4152/170/553 4150/169/553
f 4151/74/554 4153/141/554 4154/171/554 4152/170/554
f 4153/141/555 4155/151/555 4156/172/555 4154/171/555
f 4155/151/556 4157/161/556 4158/173/556 4156/172/556
f 4157/161/557 4159/174/557 4160/175/557 4158/173/557
f 4159/174/558 4161/176/558 4162/177/558 4160/175/558
f 4161/176/559 4163/178/559 4164/179/559 4162/177/559
f 4163/178/560 4165/180/560 4166/181/560 4164/179/560
f 4165/180/561 4167/182/561 4168/183/561 4166/181/561
f 4167/182/562 4169/184/562 4170/185/562 4168/183/562
f 4169/184/563 4171/186/563 4172/187/563 4170/185/563
f 4171/186/564 4173/188/564 4174/189/564 4172/187/564
f 4173/188/565 4175/190/565 4176/191/565 4174/189/565
f 4175/190/566 4177/2/566 4178/99/566 4176/191/566
f 4177/2/567 4179/192/567 4180/193/567 4178/99/567
f 4179/192/568 4181/194/568 4182/195/568 4180/193/568
f 4181/194/569 4183/196/569 4184/197/569 4182/195/569
f 4183/196/570 4185/198/570 4186/199/570 4184/197/570
f 4185/198/571 4187/200/571 4188/201/571 4186/199/571
f 4187/200/572 4189/202/572 4190/203/572 4188/201/572
f 4189/202/573 4191/204/573 4192/205/573 4190/203/573
f 4191/204/574 4193/206/574 4194/207/574 4192/205/574
f 4193/206/575 4195/208/575 4196/209/575 4194/207/575
f 4195/208/576 4197/210/576 4198/211/576 4196/209/576
f 4197/210/577 4199/212/577 4200/213/577 4198/211/577
f 4199/212/578 4201/214/578 4202/215/578 4200/213/578
f 4201/214/579 4203/216/579 4204/217/579 4202/215/579
f 4203/216/580 4205/218/580 4206/219/580 4204/217/580
f 4205/218/581 4207/220/581 4208/221/581 4206/219/581
f 4207/220/582 4145/222/582 4148/223/582 4208/221/582
f 4241/1/551 4242/36/551 4243/167/551 4244/168/551
f 4242/36/552 4245/54/552 4246/169/552 4243/167/552
f 4245/54/553 4247/74/553 4248/170/553 4246/169/553
f 4247/74/554 4249/141/554 4250/171/554 4248/170/554
f 4249/141/555 4251/151/555 4252/172/555 4250/171/555
f 4251/151/556 4253/161/556 4254/173/556 4252/172/556
f 4253/161/557 4255/174/557 4256/175/557 4254/173/557
f 4255/174/558 4257/176/558 4258/177/558 4256/175/558
f 4257/176/559 4259/178/559 4260/179/559 4258/177/559
f 4259/178/560 4261/180/560 4262/181/560 4260/179/560
f 4261/180/561 4263/182/561 4264/183/561 4262/181/561
f 4263/182/562 4265/184/562 4266/185/562 4264/183/562
f 4265/184/563 4267/186/563 4268/187/563 4266/185/563
f 4267/186/564 4269/188/564 4270/189/564 4268/187/564
f 4269/188/565 4271/190/565 4272/191/565 4270/189/565
f 4271/190/566 4273/2/566 4274/99/566 4272/191/566
f 4273/2/567 4275/192/567 4276/193/567 4274/99/567
f 4275/192/568 4277/194/568 4278/195/568 4276/193/568
f 4277/194/569 4279/196/569 4280/197/569 4278/195/569
f 4279/196/570 4281/198/570 4282/199/570 4280/197/570
f 4281/198/571 4283/200/571 4284/201/571 4282/199/571
f 4283/200/572 4285/202/572 4286/203/572 4284/201/572
f 4285/202/573 4287/204/573 4288/205/573 4286/203/573
f 4287/204/574 4289/206/574 4290/207/574 4288/205/574
f 4289/206/575 4291/208/575 4292/209/575 4290/207/575
f 4291/208/576 4293/210/576 4294/211/576 4292/209/576
f 4293/210/577 4295/212/577 4296/213/577 4294/211/577
f 4295/212/578 4297/214/578 4298/215/578 4296/213/578
f 4297/214/579 4299/216/579 4300/217/579 4298/215/579
f 4299/216/580 4301/218/580 4302/219/580 4300/217/580
f 4301/218/581 4303/220/581 4304/221/581 4302/219/581
f 4303/220/582 4241/222/582 4244/223/582 4304/221/582
f 4337/1/551 4338/36/551 4339/167/551 4340/168/551
f 4338/36/552 4341/54/552 4342/169/552 4339/167/552
f 4341/54/553 4343/74/553 4344/170/553 4342/169/553
f 4343/74/554 4345/141/554 4346/171/554 4344/170/554
f 4345/141/555 4347/151/555 4348/172/555 4346/171/555
f 4347/151/556 4349/161/556 4350/173/556 4348/172/556
f 4349/161/557 4351/174/557 4352/175/557 4350/173/557
f 4351/174/558 4353/176/558 4354/177/558 4352/175/558
f 4353/176/559 4355/178/559 4356/179/559 4354/177/559
f 4355/178/560 4357/180/560 4358/181/560 4356/179/560
f 4357/180/561 4359/182/561 4360/183/561 4358/181/561
f 4359/182/562 4361/184/562 4362/185/562 4360/183/562
f 4361/184/563 4363/186/563 4364/187/563 4362/185/563
f 4363/186/564 4365/188/564 4366/189/564 4364/187/564
f 4365/188/565 4367/190/565 4368/191/565 4366/189/565
f 4367/190/566 4369/2/566 4370/99/566 4368/191/566
f 4369/2/567 4371/192/567 4372/193/567 4370/99/567
f 4371/192/568 4373/194/568 4374/195/568 4372/193/568
f 4373/194/569 4375/196/569 4376/197/569 4374/195/569
f 4375/196/570 4377/198/570 4378/199/570 4376/197/570
f 4377/198/571 4379/200/571 4380/201/571 4378/199/571
f 4379/200/572 4381/202/572 4382/203/572 4380/201/572
f 4381/202/573 4383/204/573 4384/205/573 4382/203/573
f 4383/204/574 4385/206/574 4386/207/574 4384/205/574
f 4385/206/575 4387/208/575 4388/209/575 4386/207/575
f 4387/208/576 4389/210/576 4390/211/576 4388/209/576
f 4389/210/577 4391/212/577 4392/213/577 4390/211/577
f 4391/212/578 4393/214/578 4394/215/578 4392/213/578
f 4393/214/579 4395/216/579 4396/217/579 4394/215/579
f 4395/216/580 4397/218/580 4398/219/580 4396/217/580
f 4397/218/581 4399/220/581 4400/221/581 4398/219/581
f 4399/220/582 4337/222/582 4340/223/582 4400/221/582
f 4433/1/551 4434/36/551 4435/167/551 4436/168/551
f 4434/36/552 4437/54/552 4438/169/552 4435/167/552
f 4437/54/553 4439/74/553 4440/170/553 4438/169/553
f 4439/74/554 4441/141/554 4442/171/554 4440/170/554
f 4441/141/555 4443/151/555 4444/172/555 4442/171/555
f 4443/151/556 4445/161/556 4446/173/556 4444/172/556
f 4445/161/557 4447/174/557 4448/175/557 4446/173/557
f 4447/174/558 4449/176/558 4450/177/558 4448/175/558
f 4449/176/559 4451/178/559 4452/179/559 4450/177/559
f 4451/178/560 4453/180/560 4454/181/560 4452/179/560
f 4453/180/561 4455/182/561 4456/183/561 4454/181/561
f 4455/182/562 4457/184/562 4458/185/562 4456/183/562
f 4457/184/563 4459/186/563 4460/187/563 4458/185/563
f 4459/186/564 4461/188/564 4462/189/564 4460/187/564
f 4461/188/565 4463/190/565 4464/191/565 4462/189/565
f 4463/190/566 4465/2/566 4466/99/566 4464/191/566
f 4465/2/567 4467/192/567 4468/193/567 4466/99/567
f 4467/192/568 4469/194/568 4470/195/568 4468/193/568
f 4469/194/569 4471/196/569 4472/197/569 4470/195/569
f 4471/196/570 4473/198/570 4474/199/570 4472/197/570
f 4473/198/571 4475/200/571 4476/201/571 4474/199/571
f 4475/200/572 4477/202/572 4478/203/572 4476/201/572
f 4477/202/573 4479/204/573 4480/205/573 4478/203/573
f 4479/204/574 4481/206/574 4482/207/574 4480/205/574
f 4481/206/575 4483/208/575 4484/209/575 4482/207/575
f 4483/208/576 4485/210/576 4486/211/576 4484/209/576
f 4485/210/577 4487/212/577 4488/213/577 4486/211/577
f 4487/212/578 4489/214/578 4490/215/578 4488/213/578
f 4489/214/579 4491/216/579 4492/217/579 4490/215/579
f 4491/216/580 4493/218/580 4494/219/580 4492/217/580
f 4493/218/581 4495/220/581 4496/221/581 4494/219/581
f 4495/220/582 4433/222/582 4436/223/582 4496/221/582
f 4529/1/551 4530/36/551 4531/167/551 4532/168/551
f 4530/36/552 4533/54/552 4534/169/552 4531/167/552
f 4533/54/553 4535/74/553 4536/170/553 4534/169/553
f 4535/74/554 4537/141/554 4538/171/554 4536/170/554
f 4537/141/555 4539/151/555 4540/172/555 4538/171/555
f 4539/151/556 4541/161/556 4542/173/556 4540/172/556
f 4541/161/557 4543/174/557 4544/175/557 4542/173/557
f 4543/174/558 4545/176/558 4546/177/558 4544/175/558
f 4545/176/559 4547/178/559 4548/179/559 4546/177/559
f 4547/178/560 4549/180/560 4550/181/560 4548/179/560
f 4549/180/561 4551/182/561 4552/183/561 4550/181/561
f 4551/182/562 4553/184/562 4554/185/562 4552/183/562
f 4553/184/563 4555/186/563 4556/187/563 4554/185/563
f 4555/186/564 4557/188/564 4558/189/564 4556/187/564
f 4557/188/565 4559/190/565 4560/191/565 4558/189/565
f 4559/190/566 4561/2/566 4562/99/566 4560/191/566
f 4561/2/567 4563/192/567 4564/193/567 4562/99/567
f 4563/192/568 4565/194/568 4566/195/568 4564/193/568
f 4565/194/569 4567/196/569 4568/197/569 4566/195/569
f 4567/196/570 4569/198/570 4570/199/570 4568/197/570
f 4569/198/571 4571/200/571 4572/201/571 4570/199/571
f 4571/200/572 4573/202/572 4574/203/572 4572/201/572
f 4573/202/573 4575/204/573 4576/205/573 4574/203/573
f 4575/204/574 4577/206/574 4578/207/574 4576/205/574
f 4577/206/575 4579/208/575 4580/209/575 4578/207/575
f 4579/208/576 4581/210/576 4582/211/576 4580/209/576
f 4581/210/577 4583/212/577 4584/213/577 4582/211/577
f 4583/212/578 4585/214/578 4586/215/578 4584/213/578
f 4585/214/579 4587/216/579 4588/217/579 4586/215/579
f 4587/216/580 4589/218/580 4590/219/580 4588/217/580
f 4589/218/581 4591/220/581 4592/221/581 4590/219/581
f 4591/220/582 4529/222/582 4532/223/582 4592/221/582
f 4625/1/551 4626/36/551 4627/167/551 4628/168/551
f 4626/36/552 4629/54/552 4630/169/552 4627/167/552
f 4629/54/553 4631/74/553 4632/170/553 4630/169/553
f 4631/74/554 4633/141/554 4634/171/554 4632/170/554
f 4633/141/555 4635/151/555 4636/172/555 4634/171/555
f 4635/151/556 4637/161/556 4638/173/556 4636/172/556
f 4637/161/557 4639/174/557 4640/175/557 4638/173/557
f 4639/174/558 4641/176/558 4642/177/558 4640/175/558
f 4641/176/559 4643/178/559 4644/179/559 4642/177/559
f 4643/178/560 4645/180/560 4646/181/560 4644/179/560
f 4645/180/561 4647/182/561 4648/183/561 4646/181/561
f 4647/182/562 4649/184/562 4650/185/562 4648/183/562
f 4649/184/563 4651/186/563 4652/187/563 4650/185/563
f 4651/186/564 4653/188/564 4654/189/564 4652/187/564
f 4653/188/565 4655/190/565 4656/191/565 4654/189/565
f 4655/190/566 4657/2/566 4658/99/566 4656/191/566
f 4657/2/567 4659/192/567 4660/193/567 4658/99/567
f 4659/192/568 4661/194/568 4662/195/568 4660/193/568
f 4661/194/569 4663/196/569 4664/197/569 4662/195/569
f 4663/196/570 4665/198/570 4666/199/570 4664/197/570
f 4665/198/571 4667/200/571 4668/201/571 4666/199/571
f 4667/200/572 4669/202/572 4670/203/572 4668/201/572
f 4669/202/573 4671/204/573 4672/205/573 4670/203/573
f 4671/204/574 4673/206/574 4674/207/574 4672/205/574
f 4673/206/575 4675/208/575 4676/209/575 4674/207/575
f 4675/208/576 4677/210/576 4678/211/576 4676/209/576
f 4677/210/577 4679/212/577 4680/213/577 4678/211/577
f 4679/212/578 4681/214/578 4682/215/578 4680/213/578
f 4681/214/579 4683/216/579 4684/217/579 4682/215/579
f 4683/216/580 4685/218/580 4686/219/580 4684/217/580
f 4685/218/581 4687/220/581 4688/221/581 4686/219/581
f 4687/220/582 4625/222/582 4628/223/582 4688/221/582
f 4721/1/551 4722/36/551 4723/167/551 4724/168/551
f 4722/36/552 4725/54/552 4726/169/552 4723/167/552
f 4725/54/553 4727/74/553 4728/170/553 4726/169/553
f 4727/74/554 4729/141/554 4730/171/554 4728/170/554
f 4729/141/555 4731/151/555 4732/172/555 4730/171/555
f 4731/151/556 4733/161/556 4734/173/556 4732/172/556
f 4733/161/557 4735/174/557 4736/175/557 4734/173/557
f 4735/174/558 4737/176/558 4738/177/558 4736/175/558
f 4737/176/559 4739/178/559 4740/179/559 4738/177/559
f 4739/178/560 4741/180/560 4742/181/560 4740/179/560
f 4741/180/561 4743/182/561 4744/183/561 4742/181/561
f 4743/182/562 4745/184/562 4746/185/562 4744/183/562
f 4745/184/563 4747/186/563 4748/187/563 4746/185/563
f 4747/186/564 4749/188/564 4750/189/564 4748/187/564
f 4749/188/565 4751/190/565 4752/191/565 4750/189/565
f 4751/190/566 4753/2/566 4754/99/566 4752/191/566
f 4753/2/567 4755/192/567 4756/193/567 4754/99/567
f 4755/192/568 4757/194/568 4758/195/568 4756/193/568
f 4757/194/569 4759/196/569 4760/197/569 4758/195/569
f 4759/196/570 4761/198/570 4762/199/570 4760/197/570
f 4761/198/571 4763/200/571 4764/201/571 4762/199/571
f 4763/200/572 4765/202/572 4766/203/572 4764/201/572
f 4765/202/573 4767/204/573 4768/205/573 4766/203/573
f 4767/204/574 4769/206/574 4770/207/574 4768/205/574
f 4769/206/575 4771/208/575 4772/209/575 4770/207/575
f 4771/208/576 4773/210/576 4774/211/576 4772/209/576
f 4773/210/577 4775/212/577 4776/213/577 4774/211/577
f 4775/212/578 4777/214/578 4778/215/578 4776/213/578
f 4777/214/579 4779/216/579 4780/217/579 4778/215/579
f 4779/216/580 4781/218/580 4782/219/580 4780/217/580
f 4781/218/581 4783/220/581 4784/221/581 4782/219/581
f 4783/220/582 4721/222/582 4724/223/582 4784/221/582
f 4817/1/551 4818/36/551 4819/167/551 4820/168/551
f 4818/36/552 4821/54/552 4822/169/552 4819/167/552
f 4821/54/553 4823/74/553 4824/170/553 4822/169/553
f 4823/74/554 4825/141/554 4826/171/554 4824/170/554
f 4825/141/555 4827/151/555 4828/172/555 4826/171/555
f 4827/151/556 4829/161/556 4830/173/556 4828/172/556
f 4829/161/557 4831/174/557 4832/175/557 4830/173/557
f 4831/174/558 4833/176/558 4834/177/558 4832/175/558
f 4833/176/559 4835/178/559 4836/179/559 4834/177/559
f 4835/178/560 4837/180/560 4838/181/560 4836/179/560
f 4837/180/561 4839/182/561 4840/183/561 4838/181/561
f 4839/182/562 4841/184/562 4842/185/562 4840/183/562
f 4841/184/563 4843/186/563 4844/187/563 4842/185/563
f 4843/186/564 4845/188/564 4846/189/564 4844/187/564
f 4845/188/565 4847/190/565 4848/191/565 4846/189/565
f 4847/190/566 4849/2/566 4850/99/566 4848/191/566
f 4849/2/567 4851/192/567 4852/193/567 4850/99/567
f 4851/192/568 4853/194/568 4854/195/568 4852/193/568
f 4853/194/569 4855/196/569 4856/197/569 4854/195/569
f 4855/196/570 4857/198/570 4858/199/570 4856/197/570
f 4857/198/571 4859/200/571 4860/201/571 4858/199/571
f 4859/200/572 4861/202/572 4862/203/572 4860/201/572
f 4861/202/573 4863/204/573 4864/205/573 4862/203/573
f 4863/204/574 4865/206/574 4866/207/574 4864/205/574
f 4865/206/575 4867/208/575 4868/209/575 4866/207/575
f 4867/208/576 4869/210/576 4870/211/576 4868/209/576
f 4869/210/577 4871/212/577 4872/213/577 4870/211/577
f 4871/212/578 4873/214/578 4874/215/578 4872/213/578
f 4873/214/579 4875/216/579 4876/217/579 4874/215/579
f 4875/216/580 4877/218/580 4878/219/580 4876/217/580
f 4877/218/581 4879/220/581 4880/221/581 4878/219/581
f 4879/220/582 4817/222/582 4820/223/582 4880/221/582
f 4913/1/551 4914/36/551 4915/167/551 4916/168/551
f 4914/36/552 4917/54/552 4918/169/552 4915/167/552
f 4917/54/553 4919/74/553 4920/170/553 4918/169/553
f 4919/74/554 4921/141/554 4922/171/554 4920/170/554
f 4921/141/555 4923/151/555 4924/172/555 4922/171/555
f 4923/151/556 4925/161/556 4926/173/556 4924/172/556
f 4925/161/557 4927/174/557 4928/175/557 4926/173/557
f 4927/174/558 4929/176/558 4930/177/558 4928/175/558
f 4929/176/559 4931/178/559 4932/179/559 4930/177/559
f 4931/178/560 4933/180/560 4934/181/560 4932/179/560
f 4933/180/561 4935/182/561 4936/183/561 4934/181/561
f 4935/182/562 4937/184/562 4938/185/562 4936/183/562
f 4937/184/563 4939/186/563 4940/187/563 4938/185/563
f 4939/186/564 4941/188/564 4942/189/564 4940/187/564
f 4941/188/565 4943/190/565 4944/191/565 4942/189/565
f 4943/190/566 4945/2/566 4946/99/566 4944/191/566
f 4945/2/567 4947/192/567 4948/193/567 4946/99/567
f 4947/192/568 4949/194/568 4950/195/568 4948/193/568
f 4949/194/569 4951/196/569 4952/197/569 4950/195/569
f 4951/196/570 4953/198/570 4954/199/570 4952/197/570
f 4953/198/571 4955/200/571 4956/201/571 4954/199/571
f 4955/200/572 4957/202/572 4958/203/572 4956/201/572
f 4957/202/573 4959/204/573 4960/205/573 4958/203/573
f 4959/204/574 4961/206/574 4962/207/574 4960/205/574
f 4961/206/575 4963/208/575 4964/209/575 4962/207/575
f 4963/208/576 4965/210/576 4966/211/576 4964/209/576
f 4965/210/577 4967/212/577 4968/213/577 4966/211/577
f 4967/212/578 4969/214/578 4970/215/578 4968/213/578
f 4969/214/579 4971/216/579 4972/217/579 4970/215/579
f 4971/216/580 4973/218/580 4974/219/580 4972/217/580
f 4973/218/581 4975/220/581 4976/221/581 4974/219/581
f 4975/220/582 4913/222/582 4916/223/582 4976/221/582
o string_1
usemtl steel
f 3313/1/583 3314/24/583 3315/224/583 3316/117/583
f 3314/24/584 3317/32/584 3318/225/584 3315/224/584
f 3317/32/585 3319/40/585 3320/226/585 3318/225/585
f 3319/40/586 3321/10/586 3322/227/586 3320/226/586
f 3321/10/587 3323/54/587 3324/228/587 3322/227/587
f 3323/54/588 3325/62/588 3326/229/588 3324/228/588
f 3325/62/589 3327/70/589 3328/230/589 3326/229/589
f 3327/70/590 3329/16/590 3330/231/590 3328/230/590
f 3329/16/591 3331/137/591 3332/232/591 3330/231/591
f 3331/137/592 3333/141/592 3334/233/592 3332/232/592
f 3333/141/593 3335/145/593 3336/234/593 3334/233/593
f 3335/145/594 3337/149/594 3338/235/594 3336/234/594
f 3337/149/595 3339/153/595 3340/236/595 3338/235/595
f 3339/153/596 3341/157/596 3342/237/596 3340/236/596
f 3341/157/597 3343/161/597 3344/238/597 3342/237/597
f 3343/161/598 3345/165/598 3346/239/598 3344/238/598
f 3345/165/599 3347/240/599 3348/241/599 3346/239/599
f 3347/240/600 3349/242/600 3350/243/600 3348/241/600
f 3349/242/601 3351/244/601 3352/245/601 3350/243/601
f 3351/244/602 3353/176/602 3354/246/602 3352/245/602
f 3353/176/603 3355/247/603 3356/248/603 3354/246/603
f 3355/247/604 3357/249/604 3358/250/604 3356/248/604
f 3357/249/605 3359/251/605 3360/252/605 3358/250/605
f 3359/251/606 3361/112/606 3362/253/606 3360/252/606
f 3361/112/607 3363/180/607 3364/254/607 3362/253/607
f 3363/180/608 3365/255/608 3366/256/608 3364/254/608
f 3365/255/609 3367/257/609 3368/258/609 3366/256/609
f 3367/257/610 3369/259/610 3370/260/610 3368/258/610
f 3369/259/611 3371/261/611 3372/262/611 3370/260/611
f 3371/261/612 3373/184/612 3374/263/612 3372/262/612
f 3373/184/613 3375/264/613 3376/265/613 3374/263/613
f 3375/264/614 3313/115/614 3316/116/614 3376/265/614
f 3441/1/583 3442/24/583 3314/224/583 3313/117/583
f 3442/24/584 3443/32/584 3317/225/584 3314/224/584
f 3443/32/585 3444/40/585 3319/226/585 3317/225/585
f 3444/40/586 3445/10/586 3321/227/586 3319/226/586
f 3445/10/587 3446/54/587 3323/228/587 3321/227/587
f 3446/54/588 3447/62/588 3325/229/588 3323/228/588
f 3447/62/589 3448/70/589 3327/230/589 3325/229/589
f 3448/70/590 3449/16/590 3329/231/590 3327/230/590
f 3449/16/591 3450/137/591 3331/232/591 3329/231/591
f 3450/137/592 3451/141/592 3333/233/592 3331/232/592
f 3451/141/593 3452/145/593 3335/234/593 3333/233/593
f 3452/145/594 3453/149/594 3337/235/594 3335/234/594
f 3453/149/595 3454/153/595 3339/236/595 3337/235/595
f 3454/153/596 3455/157/596 3341/237/596 3339/236/596
f 3455/157/597 3456/161/597 3343/238/597 3341/237/597
f 3456/161/598 3457/165/598 3345/239/598 3343/238/598
f 3457/165/599 3458/240/599 3347/241/599 3345/239/599
f 3458/240/600 3459/242/600 3349/243/600 3347/241/600
f 3459/242/601 3460/244/601 3351/245/601 3349/243/601
f 3460/244/602 3461/176/602 3353/246/602 3351/245/602
f 3461/176/603 3462/247/603 3355/248/603 3353/246/603
f 3462/247/604 3463/249/604 3357/250/604 3355/248/604
f 3463/249/605 3464/251/605 3359/252/605 3357/250/605
f 3464/251/606 3465/112/606 3361/253/606 3359/252/606
f 3465/112/607 3466/180/607 3363/254/607 3361/253/607
f 3466/180/608 3467/255/608 3365/256/608 3363/254/608
f 3467/255/609 3468/257/609 3367/258/609 3365/256/609
f 3468/257/610 3469/259/610 3369/260/610 3367/258/610
f 3469/259/611 3470/261/611 3371/262/611 3369/260/611
f 3470/261/612 3471/184/612 3373/263/612 3371/262/612
f 3471/184/613 3472/264/613 3375/265/613 3373/263/613
f 3472/264/614 3441/115/614 3313/116/614 3375/265/614
f 3537/1/583 3538/24/583 3442/224/583 3441/117/583
f 3538/24/584 3539/32/584 3443/225/584 3442/224/584
f 3539/32/585 3540/40/585 3444/226/585 3443/225/585
f 3540/40/586 3541/10/586 3445/227/586 3444/226/586
f 3541/10/587 3542/54/587 3446/228/587 3445/227/587
f 3542/54/588 3543/62/588 3447/229/588 3446/228/588
f 3543/62/589 3544/70/589 3448/230/589 3447/229/589
f 3544/70/590 3545/16/590 3449/231/590 3448/230/590
f 3545/16/591 3546/137/591 3450/232/591 3449/231/591
f 3546/137/592 3547/141/592 3451/233/592 3450/232/592
f 3547/141/593 3548/145/593 3452/234/593 3451/233/593
f 3548/145/594 3549/149/594 3453/235/594 3452/234/594
f 3549/149/595 3550/153/595 3454/236/595 3453/235/595
f 3550/153/596 3551/157/596 3455/237/596 3454/236/596
f 3551/157/597 3552/161/597 3456/238/597 3455/237/597
f 3552/161/598 3553/165/598 3457/239/598 3456/238/598
f 3553/165/599 3554/240/599 3458/241/599 3457/239/599
f 3554/240/600 3555/242/600 3459/243/600 3458/241/600
f 3555/242/601 3556/244/601 3460/245/601 3459/243/601
f 3556/244/602 3557/176/602 3461/246/602 3460/245/602
f 3557/176/603 3558/247/603 3462/248/603 3461/246/603
f 3558/247/604 3559/249/604 3463/250/604 3462/248/604
f 3559/249/605 3560/251/605 3464/252/605 3463/250/605
f 3560/251/606 3561/112/606 3465/253/606 3464/252/606
f 3561/112/607 3562/180/607 3466/254/607 3465/253/607
f 3562/180/608 3563/255/608 3467/256/608 3466/254/608
f 3563/255/609 3564/257/609 3468/258/609 3467/256/609
f 3564/257/610 3565/259/610 3469/260/610 3468/258/610
f 3565/259/611 3566/261/611 3470/262/611 3469/260/611
f 3566/261/612 3567/184/612 3471/263/612 3470/262/612
f 3567/184/613 3568/264/613 3472/265/613 3471/263/613
f 3568/264/614 3537/115/614 3441/116/614 3472/265/614
f 3633/1/583 3634/24/583 3538/224/583 3537/117/583
f 3634/24/584 3635/32/584 3539/225/584 3538/224/584
f 3635/32/585 3636/40/585 3540/226/585 3539/225/585
f 3636/40/586 3637/10/586 3541/227/586 3540/226/586
f 3637/10/587 3638/54/587 3542/228/587 3541/227/587
f 3638/54/588 3639/62/588 3543/229/588 3542/228/588
f 3639/62/589 3640/70/589 3544/230/589 3543/229/589
f 3640/70/590 3641/16/590 3545/231/590 3544/230/590
f 3641/16/591 3642/137/591 3546/232/591 3545/231/591
f 3642/137/592 3643/141/592 3547/233/592 3546/232/592
f 3643/141/593 3644/145/593 3548/234/593 3547/233/593
f 3644/145/594 3645/149/594 3549/235/594 3548/234/594
f 3645/149/595 3646/153/595 3550/236/595 3549/235/595
f 3646/153/596 3647/157/596 3551/237/596 3550/236/596
f 3647/157/597 3648/161/597 3552/238/597 3551/237/597
f 3648/161/598 3649/165/598 3553/239/598 3552/238/598
f 3649/165/599 3650/240/599 3554/241/599 3553/239/599
f 3650/240/600 3651/242/600 3555/243/600 3554/241/600
f 3651/242/601 3652/244/601 3556/245/601 3555/243/601
f 3652/244/602 3653/176/602 3557/246/602 3556/245/602
f 3653/176/603 3654/247/603 3558/248/603 3557/246/603
f 3654/247/604 3655/249/604 3559/250/604 3558/248/604
f 3655/249/605 3656/251/605 3560/252/605 3559/250/605
f 3656/251/606 3657/112/606 3561/253/606 3560/252/606
f 3657/112/607 3658/180/607 3562/254/607 3561/253/607
f 3658/180/608 3659/255/608 3563/256/608 3562/254/608
f 3659/255/609 3660/257/609 3564/258/609 3563/256/609
f 3660/257/610 3661/259/610 3565/260/610 3564/258/610
f 3661/259/611 3662/261/611 3566/262/611 3565/260/611
f 3662/261/612 3663/184/612 3567/263/612 3566/262/612
f 3663/184/613 3664/264/613 3568/265/613 3567/263/613
f 3664/264/614 3633/115/614 3537/116/614 3568/265/614
f 3729/1/583 3730/24/583 3634/224/583 3633/117/583
f 3730/24/584 3731/32/584 3635/225/584 3634/224/584
f 3731/32/585 3732/40/585 3636/226/585 3635/225/585
f 3732/40/586 3733/10/586 3637/227/586 3636/226/586
f 3733/10/587 3734/54/587 3638/228/587 3637/227/587
f 3734/54/588 3735/62/588 3639/229/588 3638/228/588
f 3735/62/589 3736/70/589 3640/230/589 3639/229/589
f 3736/70/590 3737/16/590 3641/231/590 3640/230/590
f 3737/16/591 3738/137/591 3642/232/591 3641/231/591
f 3738/137/592 3739/141/592 3643/233/592 3642/232/592
f 3739/141/593 3740/145/593 3644/234/593 3643/233/593
f 3740/145/594 3741/149/594 3645/235/594 3644/234/594
f 3741/149/595 3742/153/595 3646/236/595 3645/235/595
f 3742/153/596 3743/157/596 3647/237/596 3646/236/596
f 3743/157/597 3744/161/597 3648/238/597 3647/237/597
f 3744/161/598 3745/165/598 3649/239/598 3648/238/598
f 3745/165/599 3746/240/599 3650/241/599 3649/239/599
f 3746/240/600 3747/242/600 3651/243/600 3650/241/600
f 3747/242/601 3748/244/601 3652/245/601 3651/243/601
f 3748/244/602 3749/176/602 3653/246/602 3652/245/602
f 3749/176/603 3750/247/603 3654/248/603 3653/246/603
f 3750/247/604 3751/249/604 3655/250/604 3654/248/604
f 3751/249/605 3752/251/605 3656/252/605 3655/250/605
f 3752/251/606 3753/112/606 3657/253/606 3656/252/606
f 3753/112/607 3754/180/607 3658/254/607 3657/253/607
f 3754/180/608 3755/255/608 3659/256/608 3658/254/608
f 3755/255/609 3756/257/609 3660/258/609 3659/256/609
f 3756/257/610 3757/259/610 3661/260/610 3660/258/610
f 3757/259/611 3758/261/611 3662/262/611 3661/260/611
f 3758/261/612 3759/184/612 3663/263/612 3662/262/612
f 3759/184/613 3760/264/613 3664/265/613 3663/263/613
f 3760/264/614 3729/115/614 3633/116/614 3664/265/614
f 3825/1/583 3826/24/583 3730/224/583 3729/117/583
f 3826/24/584 3827/32/584 3731/225/584 3730/224/584
f 3827/32/585 3828/40/585 3732/226/585 3731/225/585
f 3828/40/586 3829/10/586 3733/227/586 3732/226/586
f 3829/10/587 3830/54/587 3734/228/587 3733/227/587
f 3830/54/588 3831/62/588 3735/229/588 3734/228/588
f 3831/62/589 3832/70/589 3736/230/589 3735/229/589
f 3832/70/590 3833/16/590 3737/231/590 3736/230/590
f 3833/16/591 3834/137/591 3738/232/591 3737/231/591
f 3834/137/592 3835/141/592 3739/233/592 3738/232/592
f 3835/141/593 3836/145/593 3740/234/593 3739/233/593
f 3836/145/594 3837/149/594 3741/235/594 3740/234/594
f 3837/149/595 3838/153/595 3742/236/595 3741/235/595
f 3838/153/596 3839/157/596 3743/237/596 3742/236/596
f 3839/157/597 3840/161/597 3744/238/597 3743/237/597
f 3840/161/598 3841/165/598 3745/239/598 3744/238/598
f 3841/165/599 3842/240/599 3746/241/599 3745/239/599
f 3842/240/600 3843/242/600 3747/243/600 3746/241/600
f 3843/242/601 3844/244/601 3748/245/601 3747/243/601
f 3844/244/602 3845/176/602 3749/246/602 3748/245/602
f 3845/176/603 3846/247/603 3750/248/603 3749/246/603
f 3846/247/604 3847/249/604 3751/250/604 3750/248/604
f 3847/249/605 3848/251/605 3752/252/605 3751/250/605
f 3848/251/606 3849/112/606 3753/253/606 3752/252/606
f 3849/112/607 3850/180/607 3754/254/607 3753/253/607
f 3850/180/608 3851/255/608 3755/256/608 3754/254/608
f 3851/255/609 3852/257/609 3756/258/609 3755/256/609
f 3852/257/610 3853/259/610 3757/260/610 3756/258/610
f 3853/259/611 3854/261/611 3758/262/611 3757/260/611
f 3854/261/612 3855/184/612 3759/263/612 3758/262/612
f 3855/184/613 3856/264/613 3760/265/613 3759/263/613
f 3856/264/614 3825/115/614 3729/116/614 3760/265/614
f 3921/1/583 3922/24/583 3826/224/583 3825/117/583
f 3922/24/584 3923/32/584 3827/225/584 3826/224/584
f 3923/32/585 3924/40/585 3828/226/585 3827/225/585
f 3924/40/586 3925/10/586 3829/227/586 3828/226/586
f 3925/10/587 3926/54/587 3830/228/587 3829/227/587
f 3926/54/588 3927/62/588 3831/229/588 3830/228/588
f 3927/62/589 3928/70/589 3832/230/589 3831/229/589
f 3928/70/590 3929/16/590 3833/231/590 3832/230/590
f 3929/16/591 3930/137/591 3834/232/591 3833/231/591
f 3930/137/592 3931/141/592 3835/233/592 3834/232/592
f 3931/141/593 3932/145/593 3836/234/593 3835/233/593
f 3932/145/594 3933/149/594 3837/235/594 3836/234/594
f 3933/149/595 3934/153/595 3838/236/595 3837/235/595
f 3934/153/596 3935/157/596 3839/237/596 3838/236/596
f 3935/157/597 3936/161/597 3840/238/597 3839/237/597
f 3936/161/598 3937/165/598 3841/239/598 3840/238/598
f 3937/165/599 3938/240/599 3842/241/599 3841/239/599
f 3938/240/600 3939/242/600 3843/243/600 3842/241/600
f 3939/242/601 3940/244/601 3844/245/601 3843/243/601
f 3940/244/602 3941/176/602 3845/246/602 3844/245/602
f 3941/176/603 3942/247/603 3846/248/603 3845/246/603
f 3942/247/604 3943/249/604 3847/250/604 3846/248/604
f 3943/249/605 3944/251/605 3848/252/605 3847/250/605
f 3944/251/606 3945/112/606 3849/253/606 3848/252/606
f 3945/112/607 3946/180/607 3850/254/607 3849/253/607
f 3946/180/608 3947/255/608 3851/256/608 3850/254/608
f 3947/255/609 3948/257/609 3852/258/609 3851/256/609
f 3948/257/610 3949/259/610 3853/260/610 3852/258/610
f 3949/259/611 3950/261/611 3854/262/611 3853/260/611
f 3950/261/612 3951/184/612 3855/263/612 3854/262/612
f 3951/184/613 3952/264/613 3856/265/613 3855/263/613
f 3952/264/614 3921/115/614 3825/116/614 3856/265/614
f 4017/1/583 4018/24/583 3922/224/583 3921/117/583
f 4018/24/584 4019/32/584 3923/225/584 3922/224/584
f 4019/32/585 4020/40/585 3924/226/585 3923/225/585
f 4020/40/586 4021/10/586 3925/227/586 3924/226/586
f 4021/10/587 4022/54/587 3926/228/587 3925/227/587
f 4022/54/588 4023/62/588 3927/229/588 3926/228/588
f 4023/62/589 4024/70/589 3928/230/589 3927/229/589
f 4024/70/590 4025/16/590 3929/231/590 3928/230/590
f 4025/16/591 4026/137/591 3930/232/591 3929/231/591
f 4026/137/592 4027/141/592 3931/233/592 3930/232/592
f 4027/141/593 4028/145/593 3932/234/593 3931/233/593
f 4028/145/594 4029/149/594 3933/235/594 3932/234/594
f 4029/149/595 4030/153/595 3934/236/595 3933/235/595
f 4030/153/596 4031/157/596 3935/237/596 3934/236/596
f 4031/157/597 4032/161/597 3936/238/597 3935/237/597
f 4032/161/598 4033/165/598 3937/239/598 3936/238/598
f 4033/165/599 4034/240/599 3938/241/599 3937/239/599
f 4034/240/600 4035/242/600 3939/243/600 3938/241/600
f 4035/242/601 4036/244/601 3940/245/601 3939/243/601
f 4036/244/602 4037/176/602 3941/246/602 3940/245/602
f 4037/176/603 4038/247/603 3942/248/603 3941/246/603
f 4038/247/604 4039/249/604 3943/250/604 3942/248/604
f 4039/249/605 4040/251/605 3944/252/605 3943/250/605
f 4040/251/606 4041/112/606 3945/253/606 3944/252/606
f 4041/112/607 4042/180/607 3946/254/607 3945/253/607
f 4042/180/608 4043/255/608 3947/256/608 3946/254/608
f 4043/255/609 4044/257/609 3948/258/609 3947/256/609
f 4044/257/610 4045/259/610 3949/260/610 3948/258/610
f 4045/259/611 4046/261/611 3950/262/611 3949/260/611
f 4046/261/612 4047/184/612 3951/263/612 3950/262/612
f 4047/184/613 4048/264/613 3952/265/613 3951/263/613
f 4048/264/614 4017/115/614 3921/116/614 3952/265/614
f 4113/1/583 4114/24/583 4018/224/583 4017/117/583
f 4114/24/584 4115/32/584 4019/225/584 4018/224/584
f 4115/32/585 4116/40/585 4020/226/585 4019/225/585
f 4116/40/586 4117/10/586 4021/227/586 4020/226/586
f 4117/10/587 4118/54/587 4022/228/587 4021/227/587
f 4118/54/588 4119/62/588 4023/229/588 4022/228/588
f 4119/62/589 4120/70/589 4024/230/589 4023/229/589
f 4120/70/590 4121/16/590 4025/231/590 4024/230/590
f 4121/16/591 4122/137/591 4026/232/591 4025/231/591
f 4122/137/592 4123/141/592 4027/233/592 4026/232/592
f 4123/141/593 4124/145/593 4028/234/593 4027/233/593
f 4124/145/594 4125/149/594 4029/235/594 4028/234/594
f 4125/149/595 4126/153/595 4030/236/595 4029/235/595
f 4126/153/596 4127/157/596 4031/237/596 4030/236/596
f 4127/157/597 4128/161/597 4032/238/597 4031/237/597
f 4128/161/598 4129/165/598 4033/239/598 4032/238/598
f 4129/165/599 4130/240/599 4034/241/599 4033/239/599
f 4130/240/600 4131/242/600 4035/243/600 4034/241/600
f 4131/242/601 4132/244/601 4036/245/601 4035/243/601
f 4132/244/602 4133/176/602 4037/246/602 4036/245/602
f 4133/176/603 4134/247/603 4038/248/603 4037/246/603
f 4134/247/604 4135/249/604 4039/250/604 4038/248/604
f 4135/249/605 4136/251/605 4040/252/605 4039/250/605
f 4136/251/606 4137/112/606 4041/253/606 4040/252/606
f 4137/112/607 4138/180/607 4042/254/607 4041/253/607
f 4138/180/608 4139/255/608 4043/256/608 4042/254/608
f 4139/255/609 4140/257/609 4044/258/609 4043/256/609
f 4140/257/610 4141/259/610 4045/260/610 4044/258/610
f 4141/259/611 4142/261/611 4046/262/611 4045/260/611
f 4142/261/612 4143/184/612 4047/263/612 4046/262/612
f 4143/184/613 4144/264/613 4048/265/613 4047/263/613
f 4144/264/614 4113/115/614 4017/116/614 4048/265/614
f 4209/1/583 4210/24/583 4114/224/583 4113/117/583
f 4210/24/584 4211/32/584 4115/225/584 4114/224/584
f 4211/32/585 4212/40/585 4116/226/585 4115/225/585
f 4212/40/586 4213/10/586 4117/227/586 4116/226/586
f 4213/10/587 4214/54/587 4118/228/587 4117/227/587
f 4214/54/588 4215/62/588 4119/229/588 4118/228/588
f 4215/62/589 4216/70/589 4120/230/589 4119/229/589
f 4216/70/590 4217/16/590 4121/231/590 4120/230/590
f 4217/16/591 4218/137/591 4122/232/591 4121/231/591
f 4218/137/592 4219/141/592 4123/233/592 4122/232/592
f 4219/141/593 4220/145/593 4124/234/593 4123/233/593
f 4220/145/594 4221/149/594 4125/235/594 4124/234/594
f 4221/149/595 4222/153/595 4126/236/595 4125/235/595
f 4222/153/596 4223/157/596 4127/237/596 4126/236/596
f 4223/157/597 4224/161/597 4128/238/597 4127/237/597
f 4224/161/598 4225/165/598 4129/239/598 4128/238/598
f 4225/165/599 4226/240/599 4130/241/599 4129/239/599
f 4226/240/600 4227/242/600 4131/243/600 4130/241/600
f 4227/242/601 4228/244/601 4132/245/601 4131/243/601
f 4228/244/602 4229/176/602 4133/246/602 4132/245/602
f 4229/176/603 4230/247/603 4134/248/603 4133/246/603
f 4230/247/604 4231/249/604 4135/250/604 4134/248/604
f 4231/249/605 4232/251/605 4136/252/605 4135/250/605
f 4232/251/606 4233/112/606 4137/253/606 4136/252/606
f 4233/112/607 4234/180/607 4138/254/607 4137/253/607
f 4234/180/608 4235/255/608 4139/256/608 4138/254/608
f 4235/255/609 4236/257/609 4140/258/609 4139/256/609
f 4236/257/610 4237/259/610 4141/260/610 4140/258/610
f 4237/259/611 4238/261/611 4142/262/611 4141/260/611
f 4238/261/612 4239/184/612 4143/263/612 4142/262/612
f 4239/184/613 4240/264/613 4144/265/613 4143/263/613
f 4240/264/614 4209/115/614 4113/116/614 4144/265/614
f 4305/1/583 4306/24/583 4210/224/583 4209/117/583
f 4306/24/584 4307/32/584 4211/225/584 4210/224/584
f 4307/32/585 4308/40/585 4212/226/585 4211/225/585
f 4308/40/586 4309/10/586 4213/227/586 4212/226/586
f 4309/10/587 4310/54/587 4214/228/587 4213/227/587
f 4310/54/588 4311/62/588 4215/229/588 4214/228/588
f 4311/62/589 4312/70/589 4216/230/589 4215/229/589
f 4312/70/590 4313/16/590 4217/231/590 4216/230/590
f 4313/16/591 4314/137/591 4218/232/591 4217/231/591
f 4314/137/592 4315/141/592 4219/233/592 4218/232/592
f 4315/141/593 4316/145/593 4220/234/593 4219/233/593
f 4316/145/594 4317/149/594 4221/235/594 4220/234/594
f 4317/149/595 4318/153/595 4222/236/595 4221/235/595
f 4318/153/596 4319/157/596 4223/237/596 4222/236/596
f 4319/157/597 4320/161/597 4224/238/597 4223/237/597
f 4320/161/598 4321/165/598 4225/239/598 4224/238/598
f 4321/165/599 4322/240/599 4226/241/599 4225/239/599
f 4322/240/600 4323/242/600 4227/243/600 4226/241/600
f 4323/242/601 4324/244/601 4228/245/601 4227/243/601
f 4324/244/602 4325/176/602 4229/246/602 4228/245/602
f 4325/176/603 4326/247/603 4230/248/603 4229/246/603
f 4326/247/604 4327/249/604 4231/250/604 4230/248/604
f 4327/249/605 4328/251/605 4232/252/605 4231/250/605
f 4328/251/606 4329/112/606 4233/253/606 4232/252/606
f 4329/112/607 4330/180/607 4234/254/607 4233/253/607
f 4330/180/608 4331/255/608 4235/256/608 4234/254/608
f 4331/255/609 4332/257/609 4236/258/609 4235/256/609
f 4332/257/610 4333/259/610 4237/260/610 4236/258/610
f 4333/259/611 4334/261/611 4238/262/611 4237/260/611
f 4334/261/612 4335/184/612 4239/263/612 4238/262/612
f 4335/184/613 4336/264/613 4240/265/613 4239/263/613
f 4336/264/614 4305/115/614 4209/116/614 4240/265/614
f 4401/1/583 4402/24/583 4306/224/583 4305/117/583
f 4402/24/584 4403/32/584 4307/225/584 4306/224/584
f 4403/32/585 4404/40/585 4308/226/585 4307/225/585
f 4404/40/586 4405/10/586 4309/227/586 4308/226/586
f 4405/10/587 4406/54/587 4310/228/587 4309/227/587
f 4406/54/588 4407/62/588 4311/229/588 4310/228/588
f 4407/62/589 4408/70/589 4312/230/589 4311/229/589
f 4408/70/590 4409/16/590 4313/231/590 4312/230/590
f 4409/16/591 4410/137/591 4314/232/591 4313/231/591
f 4410/137/592 4411/141/592 4315/233/592 4314/232/592
f 4411/141/593 4412/145/593 4316/234/593 4315/233/593
f 4412/145/594 4413/149/594 4317/235/594 4316/234/594
f 4413/149/595 4414/153/595 4318/236/595 4317/235/595
f 4414/153/596 4415/157/596 4319/237/596 4318/236/596
f 4415/157/597 4416/161/597 4320/238/597 4319/237/597
f 4416/161/598 4417/165/598 4321/239/598 4320/238/598
f 4417/165/599 4418/240/599 4322/241/599 4321/239/599
f 4418/240/600 4419/242/600 4323/243/600 4322/241/600
f 4419/242/601 4420/244/601 4324/245/601 4323/243/601
f 4420/244/602 4421/176/602 4325/246/602 4324/245/602
f 4421/176/603 4422/247/603 4326/248/603 4325/246/603
f 4422/247/604 4423/249/604 4327/250/604 4326/248/604
f 4423/249/605 4424/251/605 4328/252/605 4327/250/605
f 4424/251/606 4425/112/606 4329/253/606 4328/252/606
f 4425/112/607 4426/180/607 4330/254/607 4329/253/607
f 4426/180/608 4427/255/608 4331/256/608 4330/254/608
f 4427/255/609 4428/257/609 4332/258/609 4331/256/609
f 4428/257/610 4429/259/610 4333/260/610 4332/258/610
f 4429/259/611 4430/261/611 4334/262/611 4333/260/611
f 4430/261/612 4431/184/612 4335/263/612 4334/262/612
f 4431/184/613 4432/264/613 4336/265/613 4335/263/613
f 4432/264/614 4401/115/614 4305/116/614 4336/265/614
f 4497/1/583 4498/24/583 4402/224/583 4401/117/583
f 4498/24/584 4499/32/584 4403/225/584 4402/224/584
f 4499/32/585 4500/40/585 4404/226/585 4403/225/585
f 4500/40/586 4501/10/586 4405/227/586 4404/226/586
f 4501/10/587 4502/54/587 4406/228/587 4405/227/587
f 4502/54/588 4503/62/588 4407/229/588 4406/228/588
f 4503/62/589 4504/70/589 4408/230/589 4407/229/589
f 4504/70/590 4505/16/590 4409/231/590 4408/230/590
f 4505/16/591 4506/137/591 4410/232/591 4409/231/591
f 4506/137/592 4507/141/592 4411/233/592 4410/232/592
f 4507/141/593 4508/145/593 4412/234/593 4411/233/593
f 4508/145/594 4509/149/594 4413/235/594 4412/234/594
f 4509/149/595 4510/153/595 4414/236/595 4413/235/595
f 4510/153/596 4511/157/596 4415/237/596 4414/236/596
f 4511/157/597 4512/161/597 4416/238/597 4415/237/597
f 4512/161/598 4513/165/598 4417/239/598 4416/238/598
f 4513/165/599 4514/240/599 4418/241/599 4417/239/599
f 4514/240/600 4515/242/600 4419/243/600 4418/241/600
f 4515/242/601 4516/244/601 4420/245/601 4419/243/601
f 4516/244/602 4517/176/602 4421/246/602 4420/245/602
f 4517/176/603 4518/247/603 4422/248/603 4421/246/603
f 4518/247/604 4519/249/604 4423/250/604 4422/248/604
f 4519/249/605 4520/251/605 4424/252/605 4423/250/605
f 4520/251/606 4521/112/606 4425/253/606 4424/252/606
f 4521/112/607 4522/180/607 4426/254/607 4425/253/607
f 4522/180/608 4523/255/608 4427/256/608 4426/254/608
f 4523/255/609 4524/257/609 4428/258/609 4427/256/609
f 4524/257/610 4525/259/610 4429/260/610 4428/258/610
f 4525/259/611 4526/261/611 4430/262/611 4429/260/611
f 4526/261/612 4527/184/612 4431/263/612 4430/262/612
f 4527/184/613 4528/264/613 4432/265/613 4431/263/613
f 4528/264/614 4497/115/614 4401/116/614 4432/265/614
f 4593/1/583 4594/24/583 4498/224/583 4497/117/583
f 4594/24/584 4595/32/584 4499/225/584 4498/224/584
f 4595/32/585 4596/40/585 4500/226/585 4499/225/585
f 4596/40/586 4597/10/586 4501/227/586 4500/226/586
f 4597/10/587 4598/54/587 4502/228/587 4501/227/587
f 4598/54/588 4599/62/588 4503/229/588 4502/228/588
f 4599/62/589 4600/70/589 4504/230/589 4503/229/589
f 4600/70/590 4601/16/590 4505/231/590 4504/230/590
f 4601/16/591 4602/137/591 4506/232/591 4505/231/591
f 4602/137/592 4603/141/592 4507/233/592 4506/232/592
f 4603/141/593 4604/145/593 4508/234/593 4507/233/593
f 4604/145/594 4605/149/594 4509/235/594 4508/234/594
f 4605/149/595 4606/153/595 4510/236/595 4509/235/595
f 4606/153/596 4607/157/596 4511/237/596 4510/236/596
f 4607/157/597 4608/161/597 4512/238/597 4511/237/597
f 4608/161/598 4609/165/598 4513/239/598 4512/238/598
f 4609/165/599 4610/240/599 4514/241/599 4513/239/599
f 4610/240/600 4611/242/600 4515/243/600 4514/241/600
f 4611/242/601 4612/244/601 4516/245/601 4515/243/601
f 4612/244/602 4613/176/602 4517/246/602 4516/245/602
f 4613/176/603 4614/247/603 4518/248/603 4517/246/603
f 4614/247/604 4615/249/604 4519/250/604 4518/248/604
f 4615/249/605 4616/251/605 4520/252/605 4519/250/605
f 4616/251/606 4617/112/606 4521/253/606 4520/252/606
f 4617/112/607 4618/180/607 4522/254/607 4521/253/607
f 4618/180/608 4619/255/608 4523/256/608 4522/254/608
f 4619/255/609 4620/257/609 4524/258/609 4523/256/609
f 4620/257/610 4621/259/610 4525/260/610 4524/258/610
f 4621/259/611 4622/261/611 4526/262/611 4525/260/611
f 4622/261/612 4623/184/612 4527/263/612 4526/262/612
f 4623/184/613 4624/264/613 4528/265/613 4527/263/613
f 4624/264/614 4593/115/614 4497/116/614 4528/265/614
f 4689/1/583 4690/24/583 4594/224/583 4593/117/583
f 4690/24/584 4691/32/584 4595/225/584 4594/224/584
f 4691/32/585 4692/40/585 4596/226/585 4595/225/585
f 4692/40/586 4693/10/586 4597/227/586 4596/226/586
f 4693/10/587 4694/54/587 4598/228/587 4597/227/587
f 4694/54/588 4695/62/588 4599/229/588 4598/228/588
f 4695/62/589 4696/70/589 4600/230/589 4599/229/589
f 4696/70/590 4697/16/590 4601/231/590 4600/230/590
f 4697/16/591 4698/137/591 4602/232/591 4601/231/591
f 4698/137/592 4699/141/592 4603/233/592 4602/232/592
f 4699/141/593 4700/145/593 4604/234/593 4603/233/593
f 4700/145/594 4701/149/594 4605/235/594 4604/234/594
f 4701/149/595 4702/153/595 4606/236/595 4605/235/595
f 4702/153/596 4703/157/596 4607/237/596 4606/236/596
f 4703/157/597 4704/161/597 4608/238/597 4607/237/597
f 4704/161/598 4705/165/598 4609/239/598 4608/238/598
f 4705/165/599 4706/240/599 4610/241/599 4609/239/599
f 4706/240/600 4707/242/600 4611/243/600 4610/241/600
f 4707/242/601 4708/244/601 4612/245/601 4611/243/601
f 4708/244/602 4709/176/602 4613/246/602 4612/245/602
f 4709/176/603 4710/247/603 4614/248/603 4613/246/603
f 4710/247/604 4711/249/604 4615/250/604 4614/248/604
f 4711/249/605 4712/251/605 4616/252/605 4615/250/605
f 4712/251/606 4713/112/606 4617/253/606 4616/252/606
f 4713/112/607 4714/180/607 4618/254/607 4617/253/607
f 4714/180/608 4715/255/608 4619/256/608 4618/254/608
f 4715/255/609 4716/257/609 4620/258/609 4619/256/609
f 4716/257/610 4717/259/610 4621/260/610 4620/258/610
f 4717/259/611 4718/261/611 4622/262/611 4621/260/611
f 4718/261/612 4719/184/612 4623/263/612 4622/262/612
f 4719/184/613 4720/264/613 4624/265/613 4623/263/613
f 4720/264/614 4689/115/614 4593/116/614 4624/265/614
f 4785/1/583 4786/24/583 4690/224/583 4689/117/583
f 4786/24/584 4787/32/584 4691/225/584 4690/224/584
f 4787/32/585 4788/40/585 4692/226/585 4691/225/585
f 4788/40/586 4789/10/586 4693/227/586 4692/226/586
f 4789/10/587 4790/54/587 4694/228/587 4693/227/587
f 4790/54/588 4791/62/588 4695/229/588 4694/228/588
f 4791/62/589 4792/70/589 4696/230/589 4695/229/589
f 4792/70/590 4793/16/590 4697/231/590 4696/230/590
f 4793/16/591 4794/137/591 4698/232/591 4697/231/591
f 4794/137/592 4795/141/592 4699/233/592 4698/232/592
f 4795/141/593 4796/145/593 4700/234/593 4699/233/593
f 4796/145/594 4797/149/594 4701/235/594 4700/234/594
f 4797/149/595 4798/153/595 4702/236/595 4701/235/595
f 4798/153/596 4799/157/596 4703/237/596 4702/236/596
f 4799/157/597 4800/161/597 4704/238/597 4703/237/597
f 4800/161/598 4801/165/598 4705/239/598 4704/238/598
f 4801/165/599 4802/240/599 4706/241/599 4705/239/599
f 4802/240/600 4803/242/600 4707/243/600 4706/241/600
f 4803/242/601 4804/244/601 4708/245/601 4707/243/601
f 4804/244/602 4805/176/602 4709/246/602 4708/245/602
f 4805/176/603 4806/247/603 4710/248/603 4709/246/603
f 4806/247/604 4807/249/604 4711/250/604 4710/248/604
f 4807/249/605 4808/251/605 4712/252/605 4711/250/605
f 4808/251/606 4809/112/606 4713/253/606 4712/252/606
f 4809/112/607 4810/180/607 4714/254/607 4713/253/607
f 4810/180/608 4811/255/608 4715/256/608 4714/254/608
f 4811/255/609 4812/257/609 4716/258/609 4715/256/609
f 4812/257/610 4813/259/610 4717/260/610 4716/258/610
f 4813/259/611 4814/261/611 4718/262/611 4717/260/611
f 4814/261/612 4815/184/612 4719/263/612 4718/262/612
f 4815/184/613 4816/264/613 4720/265/613 4719/263/613
f 4816/264/614 4785/115/614 4689/116/614 4720/265/614
f 4881/1/583 4882/24/583 4786/224/583 4785/117/583
f 4882/24/584 4883/32/584 4787/225/584 4786/224/584
f 4883/32/585 4884/40/585 4788/226/585 4787/225/585
f 4884/40/586 4885/10/586 4789/227/586 4788/226/586
f 4885/10/587 4886/54/587 4790/228/587 4789/227/587
f 4886/54/588 4887/62/588 4791/229/588 4790/228/588
f 4887/62/589 4888/70/589 4792/230/589 4791/229/589
f 4888/70/590 4889/16/590 4793/231/590 4792/230/590
f 4889/16/591 4890/137/591 4794/232/591 4793/231/591
f 4890/137/592 4891/141/592 4795/233/592 4794/232/592
f 4891/141/593 4892/145/593 4796/234/593 4795/233/593
f 4892/145/594 4893/149/594 4797/235/594 4796/234/594
f 4893/149/595 4894/153/595 4798/236/595 4797/235/595
f 4894/153/596 4895/157/596 4799/237/596 4798/236/596
f 4895/157/597 4896/161/597 4800/238/597 4799/237/597
f 4896/161/598 4897/165/598 4801/239/598 4800/238/598
f 4897/165/599 4898/240/599 4802/241/599 4801/239/599
f 4898/240/600 4899/242/600 4803/243/600 4802/241/600
f 4899/242/601 4900/244/601 4804/245/601 4803/243/601
f 4900/244/602 4901/176/602 4805/246/602 4804/245/602
f 4901/176/603 4902/247/603 4806/248/603 4805/246/603
f 4902/247/604 4903/249/604 4807/250/604 4806/248/604
f 4903/249/605 4904/251/605 4808/252/605 4807/250/605
f 4904/251/606 4905/112/606 4809/253/606 4808/252/606
f 4905/112/607 4906/180/607 4810/254/607 4809/253/607
f 4906/180/608 4907/255/608 4811/256/608 4810/254/608
f 4907/255/609 4908/257/609 4812/258/609 4811/256/609
f 4908/257/610 4909/259/610 4813/260/610 4812/258/610
f 4909/259/611 4910/261/611 4814/262/611 4813/260/611
f 4910/261/612 4911/184/612 4815/263/612 4814/262/612
f 4911/184/613 4912/264/613 4816/265/613 4815/263/613
f 4912/264/614 4881/115/614 4785/116/614 4816/265/614
f 4977/1/583 4978/24/583 4882/224/583 4881/117/583
f 4978/24/584 4979/32/584 4883/225/584 4882/224/584
f 4979/32/585 4980/40/585 4884/226/585 4883/225/585
f 4980/40/586 4981/10/586 4885/227/586 4884/226/586
f 4981/10/587 4982/54/587 4886/228/587 4885/227/587
f 4982/54/588 4983/62/588 4887/229/588 4886/228/588
f 4983/62/589 4984/70/589 4888/230/589 4887/229/589
f 4984/70/590 4985/16/590 4889/231/590 4888/230/590
f 4985/16/591 4986/137/591 4890/232/591 4889/231/591
f 4986/137/592 4987/141/592 4891/233/592 4890/232/592
f 4987/141/593 4988/145/593 4892/234/593 4891/233/593
f 4988/145/594 4989/149/594 4893/235/594 4892/234/594
f 4989/149/595 4990/153/595 4894/236/595 4893/235/595
f 4990/153/596 4991/157/596 4895/237/596 4894/236/596
f 4991/157/597 4992/161/597 4896/238/597 4895/237/597
f 4992/161/598 4993/165/598 4897/239/598 4896/238/598
f 4993/165/599 4994/240/599 4898/241/599 4897/239/599
f 4994/240/600 4995/242/600 4899/243/600 4898/241/600
f 4995/242/601 4996/244/601 4900/245/601 4899/243/601
f 4996/244/602 4997/176/602 4901/246/602 4900/245/602
f 4997/176/603 4998/247/603 4902/248/603 4901/246/603
f 4998/247/604 4999/249/604 4903/250/604 4902/248/604
f 4999/249/605 5000/251/605 4904/252/605 4903/250/605
f 5000/251/606 5001/112/606 4905/253/606 4904/252/606
f 5001/112/607 5002/180/607 4906/254/607 4905/253/607
f 5002/180/608 5003/255/608 4907/256/608 4906/254/608
f 5003/255/609 5004/257/609 4908/258/609 4907/256/609
f 5004/257/610 5005/259/610 4909/260/610 4908/258/610
f 5005/259/611 5006/261/611 4910/262/611 4909/260/611
f 5006/261/612 5007/184/612 4911/263/612 4910/262/612
f 5007/184/613 5008/264/613 4912/265/613 4911/263/613
f 5008/264/614 4977/115/614 4881/116/614 4912/265/614
f 5009/1/1 5010/165/1 5011/166/1 5012/119/1
f 5013/119/2 5014/166/2 5015/165/2 5016/1/2
f 5012/165/3 5011/1/3 5014/119/3 5013/166/3
f 5010/165/4 5009/1/4 5016/119/4 5015/166/4
f 5009/165/5 5012/1/5 5013/119/5 5016/166/5
f 5011/165/6 5010/1/6 5015/119/6 5014/166/6
o insulator_2
usemtl porcelain
f 5017/1/551 5018/36/551 5019/167/551 5020/168/551
f 5018/36/552 5021/54/552 5022/169/552 5019/167/552
f 5021/54/553 5023/74/553 5024/170/553 5022/169/553
f 5023/74/554 5025/141/554 5026/171/554 5024/170/554
f 5025/141/555 5027/151/555 5028/172/555 5026/171/555
f 5027/151/556 5029/161/556 5030/173/556 5028/172/556
f 5029/161/557 5031/174/557 5032/175/557 5030/173/557
f 5031/174/558 5033/176/558 5034/177/558 5032/175/558
f 5033/176/559 5035/178/559 5036/179/559 5034/177/559
f 5035/178/560 5037/180/560 5038/181/560 5036/179/560
f 5037/180/561 5039/182/561 5040/183/561 5038/181/561
f 5039/182/562 5041/184/562 5042/185/562 5040/183/562
f 5041/184/563 5043/186/563 5044/187/563 5042/185/563
f 5043/186/564 5045/188/564 5046/189/564 5044/187/564
f 5045/188/565 5047/190/565 5048/191/565 5046/189/565
f 5047/190/566 5049/2/566 5050/99/566 5048/191/566
f 5049/2/567 5051/192/567 5052/193/567 5050/99/567
f 5051/192/568 5053/194/568 5054/195/568 5052/193/568
f 5053/194/569 5055/196/569 5056/197/569 5054/195/569
f 5055/196/570 5057/198/570 5058/199/570 5056/197/570
f 5057/198/571 5059/200/571 5060/201/571 5058/199/571
f 5059/200/572 5061/202/572 5062/203/572 5060/201/572
f 5061/202/573 5063/204/573 5064/205/573 5062/203/573
f 5063/204/574 5065/206/574 5066/207/574 5064/205/574
f 5065/206/575 5067/208/575 5068/209/575 5066/207/575
f 5067/208/576 5069/210/576 5070/211/576 5068/209/576
f 5069/210/577 5071/212/577 5072/213/577 5070/211/577
f 5071/212/578 5073/214/578 5074/215/578 5072/213/578
f 5073/214/579 5075/216/579 5076/217/579 5074/215/579
f 5075/216/580 5077/218/580 5078/219/580 5076/217/580
f 5077/218/581 5079/220/581 5080/221/581 5078/219/581
f 5079/220/582 5017/222/582 5020/223/582 5080/221/582
f 5145/1/551 5146/36/551 5147/167/551 5148/168/551
f 5146/36/552 5149/54/552 5150/169/552 5147/167/552
f 5149/54/553 5151/74/553 5152/170/553 5150/169/553
f 5151/74/554 5153/141/554 5154/171/554 5152/170/554
f 5153/141/555 5155/151/555 5156/172/555 5154/171/555
f 5155/151/556 5157/161/556 5158/173/556 5156/172/556
f 5157/161/557 5159/174/557 5160/175/557 5158/173/557
f 5159/174/558 5161/176/558 5162/177/558 5160/175/558
f 5161/176/559 5163/178/559 5164/179/559 5162/177/559
f 5163/178/560 5165/180/560 5166/181/560 5164/179/560
f 5165/180/561 5167/182/561 5168/183/561 5166/181/561
f 5167/182/562 5169/184/562 5170/185/562 5168/183/562
f 5169/184/563 5171/186/563 5172/187/563 5170/185/563
f 5171/186/564 5173/188/564 5174/189/564 5172/187/564
f 5173/188/565 5175/190/565 5176/191/565 5174/189/565
f 5175/190/566 5177/2/566 5178/99/566 5176/191/566
f 5177/2/567 5179/192/567 5180/193/567 5178/99/567
f 5179/192/568 5181/194/568 5182/195/568 5180/193/568
f 5181/194/569 5183/196/569 5184/197/569 5182/195/569
f 5183/196/570 5185/198/570 5186/199/570 5184/197/570
f 5185/198/571 5187/200/571 5188/201/571 5186/199/571
f 5187/200/572 5189/202/572 5190/203/572 5188/201/572
f 5189/202/573 5191/204/573 5192/205/573 5190/203/573
f 5191/204/574 5193/206/574 5194/207/574 5192/205/574
f 5193/206/575 5195/208/575 5196/209/575 5194/207/575
f 5195/208/576 5197/210/576 5198/211/576 5196/209/576
f 5197/210/577 5199/212/577 5200/213/577 5198/211/577
f 5199/212/578 5201/214/578 5202/215/578 5200/213/578
f 5201/214/579 5203/216/579 5204/217/579 5202/215/579
f 5203/216/580 5205/218/580 5206/219/580 5204/217/580
f 5205/218/581 5207/220/581 5208/221/581 5206/219/581
f 5207/220/582 5145/222/582 5148/223/582 5208/221/582
f 5241/1/551 5242/36/551 5243/167/551 5244/168/551
f 5242/36/552 5245/54/552 5246/169/552 5243/167/552
f 5245/54/553 5247/74/553 5248/170/553 5246/169/553
f 5247/74/554 5249/141/554 5250/171/554 5248/170/554
f 5249/141/555 5251/151/555 5252/172/555 5250/171/555
f 5251/151/556 5253/161/556 5254/173/556 5252/172/556
f 5253/161/557 5255/174/557 5256/175/557 5254/173/557
f 5255/174/558 5257/176/558 5258/177/558 5256/175/558
f 5257/176/559 5259/178/559 5260/179/559 5258/177/559
f 5259/178/560 5261/180/560 5262/181/560 5260/179/560
f 5261/180/561 5263/182/561 5264/183/561 5262/181/561
f 5263/182/562 5265/184/562 5266/185/562 5264/183/562
f 5265/184/563 5267/186/563 5268/187/563 5266/185/563
f 5267/186/564 5269/188/564 5270/189/564 5268/187/564
f 5269/188/565 5271/190/565 5272/191/565 5270/189/565
f 5271/190/566 5273/2/566 5274/99/566 5272/191/566
f 5273/2/567 5275/192/567 5276/193/567 5274/99/567
f 5275/192/568 5277/194/568 5278/195/568 5276/193/568
f 5277/194/569 5279/196/569 5280/197/569 5278/195/569
f 5279/196/570 5281/198/570 5282/199/570 5280/197/570
f 5281/198/571 5283/200/571 5284/201/571 5282/199/571
f 5283/200/572 5285/202/572 5286/203/572 5284/201/572
f 5285/202/573 5287/204/573 5288/205/573 5286/203/573
f 5287/204/574 5289/206/574 5290/207/574 5288/205/574
f 5289/206/575 5291/208/575 5292/209/575 5290/207/575
f 5291/208/576 5293/210/576 5294/211/576 5292/209/576
f 5293/210/577 5295/212/577 5296/213/577 5294/211/577
f 5295/212/578 5297/214/578 5298/215/578 5296/213/578
f 5297/214/579 5299/216/579 5300/217/579 5298/215/579
f 5299/216/580 5301/218/580 5302/219/580 5300/217/580
f 5301/218/581 5303/220/581 5304/221/581 5302/219/581
f 5303/220/582 5241/222/582 5244/223/582 5304/221/582
f 5337/1/551 5338/36/551 5339/167/551 5340/168/551
f 5338/36/552 5341/54/552 5342/169/552 5339/167/552
f 5341/54/553 5343/74/553 5344/170/553 5342/169/553
f 5343/74/554 5345/141/554 5346/171/554 5344/170/554
f 5345/141/555 5347/151/555 5348/172/555 5346/171/555
f 5347/151/556 5349/161/556 5350/173/556 5348/172/556
f 5349/161/557 5351/174/557 5352/175/557 5350/173/557
f 5351/174/558 5353/176/558 5354/177/558 5352/175/558
f 5353/176/559 5355/178/559 5356/179/559 5354/177/559
f 5355/178/560 5357/180/560 5358/181/560 5356/179/560
f 5357/180/561 5359/182/561 5360/183/561 5358/181/561
f 5359/182/562 5361/184/562 5362/185/562 5360/183/562
f 5361/184/563 5363/186/563 5364/187/563 5362/185/563
f 5363/186/564 5365/188/564 5366/189/564 5364/187/564
f 5365/188/565 5367/190/565 5368/191/565 5366/189/565
f 5367/190/566 5369/2/566 5370/99/566 5368/191/566
f 5369/2/567 5371/192/567 5372/193/567 5370/99/567
f 5371/192/568 5373/194/568 5374/195/568 5372/193/568
f 5373/194/569 5375/196/569 5376/197/569 5374/195/569
f 5375/196/570 5377/198/570 5378/199/570 5376/197/570
f 5377/198/571 5379/200/571 5380/201/571 5378/199/571
f 5379/200/572 5381/202/572 5382/203/572 5380/201/572
f 5381/202/573 5383/204/573 5384/205/573 5382/203/573
f 5383/204/574 5385/206/574 5386/207/574 5384/205/574
f 5385/206/575 5387/208/575 5388/209/575 5386/207/575
f 5387/208/576 5389/210/576 5390/211/576 5388/209/576
f 5389/210/577 5391/212/577 5392/213/577 5390/211/577
f 5391/212/578 5393/214/578 5394/215/578 5392/213/578
f 5393/214/579 5395/216/579 5396/217/579 5394/215/579
f 5395/216/580 5397/218/580 5398/219/580 5396/217/580
f 5397/218/581 5399/220/581 5400/221/581 5398/219/581
f 5399/220/582 5337/222/582 5340/223/582 5400/221/582
f 5433/1/551 5434/36/551 5435/167/551 5436/168/551
f 5434/36/552 5437/54/552 5438/169/552 5435/167/552
f 5437/54/553 5439/74/553 5440/170/553 5438/169/553
f 5439/74/554 5441/141/554 5442/171/554 5440/170/554
f 5441/141/555 5443/151/555 5444/172/555 5442/171/555
f 5443/151/556 5445/161/556 5446/173/556 5444/172/556
f 5445/161/557 5447/174/557 5448/175/557 5446/173/557
f 5447/174/558 5449/176/558 5450/177/558 5448/175/558
f 5449/176/559 5451/178/559 5452/179/559 5450/177/559
f 5451/178/560 5453/180/560 5454/181/560 5452/179/560
f 5453/180/561 5455/182/561 5456/183/561 5454/181/561
f 5455/182/562 5457/184/562 5458/185/562 5456/183/562
f 5457/184/563 5459/186/563 5460/187/563 5458/185/563
f 5459/186/564 5461/188/564 5462/189/564 5460/187/564
f 5461/188/565 5463/190/565 5464/191/565 5462/189/565
f 5463/190/566 5465/2/566 5466/99/566 5464/191/566
f 5465/2/567 5467/192/567 5468/193/567 5466/99/567
f 5467/192/568 5469/194/568 5470/195/568 5468/193/568
f 5469/194/569 5471/196/569 5472/197/569 5470/195/569
f 5471/196/570 5473/198/570 5474/199/570 5472/197/570
f 5473/198/571 5475/200/571 5476/201/571 5474/199/571
f 5475/200/572 5477/202/572 5478/203/572 5476/201/572
f 5477/202/573 5479/204/573 5480/205/573 5478/203/573
f 5479/204/574 5481/206/574 5482/207/574 5480/205/574
f 5481/206/575 5483/208/575 5484/209/575 5482/207/575
f 5483/208/576 5485/210/576 5486/211/576 5484/209/576
f 5485/210/577 5487/212/577 5488/213/577 5486/211/577
f 5487/212/578 5489/214/578 5490/215/578 5488/213/578
f 5489/214/579 5491/216/579 5492/217/579 5490/215/579
f 5491/216/580 5493/218/580 5494/219/580 5492/217/580
f 5493/218/581 5495/220/581 5496/221/581 5494/219/581
f 5495/220/582 5433/222/582 5436/223/582 5496/221/582
f 5529/1/551 5530/36/551 5531/167/551 5532/168/551
f 5530/36/552 5533/54/552 5534/169/552 5531/167/552
f 5533/54/553 5535/74/553 5536/170/553 5534/169/553
f 5535/74/554 5537/141/554 5538/171/554 5536/170/554
f 5537/141/555 5539/151/555 5540/172/555 5538/171/555
f 5539/151/556 5541/161/556 5542/173/556 5540/172/556
f 5541/161/557 5543/174/557 5544/175/557 5542/173/557
f 5543/174/558 5545/176/558 5546/177/558 5544/175/558
f 5545/176/559 5547/178/559 5548/179/559 5546/177/559
f 5547/178/560 5549/180/560 5550/181/560 5548/179/560
f 5549/180/561 5551/182/561 5552/183/561 5550/181/561
f 5551/182/562 5553/184/562 5554/185/562 5552/183/562
f 5553/184/563 5555/186/563 5556/187/563 5554/185/563
f 5555/186/564 5557/188/564 5558/189/564 5556/187/564
f 5557/188/565 5559/190/565 5560/191/565 5558/189/565
f 5559/190/566 5561/2/566 5562/99/566 5560/191/566
f 5561/2/567 5563/192/567 5564/193/567 5562/99/567
f 5563/192/568 5565/194/568 5566/195/568 5564/193/568
f 5565/194/569 5567/196/569 5568/197/569 5566/195/569
f 5567/196/570 5569/198/570 5570/199/570 5568/197/570
f 5569/198/571 5571/200/571 5572/201/571 5570/199/571
f 5571/200/572 5573/202/572 5574/203/572 5572/201/572
f 5573/202/573 5575/204/573 5576/205/573 5574/203/573
f 5575/204/574 5577/206/574 5578/207/574 5576/205/574
f 5577/206/575 5579/208/575 5580/209/575 5578/207/575
f 5579/208/576 5581/210/576 5582/211/576 5580/209/576
f 5581/210/577 5583/212/577 5584/213/577 5582/211/577
f 5583/212/578 5585/214/578 5586/215/578 5584/213/578
f 5585/214/579 5587/216/579 5588/217/579 5586/215/579
f 5587/216/580 5589/218/580 5590/219/580 5588/217/580
f 5589/218/581 5591/220/581 5592/221/581 5590/219/581
f 5591/220/582 5529/222/582 5532/223/582 5592/221/582
f 5625/1/551 5626/36/551 5627/167/551 5628/168/551
f 5626/36/552 5629/54/552 5630/169/552 5627/167/552
f 5629/54/553 5631/74/553 5632/170/553 5630/169/553
f 5631/74/554 5633/141/554 5634/171/554 5632/170/554
f 5633/141/555 5635/151/555 5636/172/555 5634/171/555
f 5635/151/556 5637/161/556 5638/173/556 5636/172/556
f 5637/161/557 5639/174/557 5640/175/557 5638/173/557
f 5639/174/558 5641/176/558 5642/177/558 5640/175/558
f 5641/176/559 5643/178/559 5644/179/559 5642/177/559
f 5643/178/560 5645/180/560 5646/181/560 5644/179/560
f 5645/180/561 5647/182/561 5648/183/561 5646/181/561
f 5647/182/562 5649/184/562 5650/185/562 5648/183/562
f 5649/184/563 5651/186/563 5652/187/563 5650/185/563
f 5651/186/564 5653/188/564 5654/189/564 5652/187/564
f 5653/188/565 5655/190/565 5656/191/565 5654/189/565
f 5655/190/566 5657/2/566 5658/99/566 5656/191/566
f 5657/2/567 5659/192/567 5660/193/567 5658/99/567
f 5659/192/568 5661/194/568 5662/195/568 5660/193/568
f 5661/194/569 5663/196/569 5664/197/569 5662/195/569
f 5663/196/570 5665/198/570 5666/199/570 5664/197/570
f 5665/198/571 5667/200/571 5668/201/571 5666/199/571
f 5667/200/572 5669/202/572 5670/203/572 5668/201/572
f 5669/202/573 5671/204/573 5672/205/573 5670/203/573
f 5671/204/574 5673/206/574 5674/207/574 5672/205/574
f 5673/206/575 5675/208/575 5676/209/575 5674/207/575
f 5675/208/576 5677/210/576 5678/211/576 5676/209/576
f 5677/210/577 5679/212/577 5680/213/577 5678/211/577
f 5679/212/578 5681/214/578 5682/215/578 5680/213/578
f 5681/214/579 5683/216/579 5684/217/579 5682/215/579
f 5683/216/580 5685/218/580 5686/219/580 5684/217/580
f 5685/218/581 5687/220/581 5688/221/581 5686/219/581
f 5687/220/582 5625/222/582 5628/223/582 5688/221/582
f 5721/1/551 5722/36/551 5723/167/551 5724/168/551
f 5722/36/552 5725/54/552 5726/169/552 5723/167/552
f 5725/54/553 5727/74/553 5728/170/553 5726/169/553
f 5727/74/554 5729/141/554 5730/171/554 5728/170/554
f 5729/141/555 5731/151/555 5732/172/555 5730/171/555
f 5731/151/556 5733/161/556 5734/173/556 5732/172/556
f 5733/161/557 5735/174/557 5736/175/557 5734/173/557
f 5735/174/558 5737/176/558 5738/177/558 5736/175/558
f 5737/176/559 5739/178/559 5740/179/559 5738/177/559
f 5739/178/560 5741/180/560 5742/181/560 5740/179/560
f 5741/180/561 5743/182/561 5744/183/561 5742/181/561
f 5743/182/562 5745/184/562 5746/185/562 5744/183/562
f 5745/184/563 5747/186/563 5748/187/563 5746/185/563
f 5747/186/564 5749/188/564 5750/189/564 5748/187/564
f 5749/188/565 5751/190/565 5752/191/565 5750/189/565
f 5751/190/566 5753/2/566 5754/99/566 5752/191/566
f 5753/2/567 5755/192/567 5756/193/567 5754/99/567
f 5755/192/568 5757/194/568 5758/195/568 5756/193/568
f 5757/194/569 5759/196/569 5760/197/569 5758/195/569
f 5759/196/570 5761/198/570 5762/199/570 5760/197/570
f 5761/198/571 5763/200/571 5764/201/571 5762/199/571
f 5763/200/572 5765/202/572 5766/203/572 5764/201/572
f 5765/202/573 5767/204/573 5768/205/573 5766/203/573
f 5767/204/574 5769/206/574 5770/207/574 5768/205/574
f 5769/206/575 5771/208/575 5772/209/575 5770/207/575
f 5771/208/576 5773/210/576 5774/211/576 5772/209/576
f 5773/210/577 5775/212/577 5776/213/577 5774/211/577
f 5775/212/578 5777/214/578 5778/215/578 5776/213/578
f 5777/214/579 5779/216/579 5780/217/579 5778/215/579
f 5779/216/580 5781/218/580 5782/219/580 5780/217/580
f 5781/218/581 5783/220/581 5784/221/581 5782/219/581
f 5783/220/582 5721/222/582 5724/223/582 5784/221/582
f 5817/1/551 5818/36/551 5819/167/551 5820/168/551
f 5818/36/552 5821/54/552 5822/169/552 5819/167/552
f 5821/54/553 5823/74/553 5824/170/553 5822/169/553
f 5823/74/554 5825/141/554 5826/171/554 5824/170/554
f 5825/141/555 5827/151/555 5828/172/555 5826/171/555
f 5827/151/556 5829/161/556 5830/173/556 5828/172/556
f 5829/161/557 5831/174/557 5832/175/557 5830/173/557
f 5831/174/558 5833/176/558 5834/177/558 5832/175/558
f 5833/176/559 5835/178/559 5836/179/559 5834/177/559
f 5835/178/560 5837/180/560 5838/181/560 5836/179/560
f 5837/180/561 5839/182/561 5840/183/561 5838/181/561
f 5839/182/562 5841/184/562 5842/185/562 5840/183/562
f 5841/184/563 5843/186/563 5844/187/563 5842/185/563
f 5843/186/564 5845/188/564 5846/189/564 5844/187/564
f 5845/188/565 5847/190/565 5848/191/565 5846/189/565
f 5847/190/566 5849/2/566 5850/99/566 5848/191/566
f 5849/2/567 5851/192/567 5852/193/567 5850/99/567
f 5851/192/568 5853/194/568 5854/195/568 5852/193/568
f 5853/194/569 5855/196/569 5856/197/569 5854/195/569
f 5855/196/570 5857/198/570 5858/199/570 5856/197/570
f 5857/198/571 5859/200/571 5860/201/571 5858/199/571
f 5859/200/572 5861/202/572 5862/203/572 5860/201/572
f 5861/202/573 5863/204/573 5864/205/573 5862/203/573
f 5863/204/574 5865/206/574 5866/207/574 5864/205/574
f 5865/206/575 5867/208/575 5868/209/575 5866/207/575
f 5867/208/576 5869/210/576 5870/211/576 5868/209/576
f 5869/210/577 5871/212/577 5872/213/577 5870/211/577
f 5871/212/578 5873/214/578 5874/215/578 5872/213/578
f 5873/214/579 5875/216/579 5876/217/579 5874/215/579
f 5875/216/580 5877/218/580 5878/219/580 5876/217/580
f 5877/218/581 5879/220/581 5880/221/581 5878/219/581
f 5879/220/582 5817/222/582 5820/223/582 5880/221/582
f 5913/1/551 5914/36/551 5915/167/551 5916/168/551
f 5914/36/552 5917/54/552 5918/169/552 5915/167/552
f 5917/54/553 5919/74/553 5920/170/553 5918/169/553
f 5919/74/554 5921/141/554 5922/171/554 5920/170/554
f 5921/141/555 5923/151/555 5924/172/555 5922/171/555
f 5923/151/556 5925/161/556 5926/173/556 5924/172/556
f 5925/161/557 5927/174/557 5928/175/557 5926/173/557
f 5927/174/558 5929/176/558 5930/177/558 5928/175/558
f 5929/176/559 5931/178/559 5932/179/559 5930/177/559
f 5931/178/560 5933/180/560 5934/181/560 5932/179/560
f 5933/180/561 5935/182/561 5936/183/561 5934/181/561
f 5935/182/562 5937/184/562 5938/185/562 5936/183/562
f 5937/184/563 5939/186/563 5940/187/563 5938/185/563
f 5939/186/564 5941/188/564 5942/189/564 5940/187/564
f 5941/188/565 5943/190/565 5944/191/565 5942/189/565
f 5943/190/566 5945/2/566 5946/99/566 5944/191/566
f 5945/2/567 5947/192/567 5948/193/567 5946/99/567
f 5947/192/568 5949/194/568 5950/195/568 5948/193/568
f 5949/194/569 5951/196/569 5952/197/569 5950/195/569
f 5951/196/570 5953/198/570 5954/199/570 5952/197/570
f 5953/198/571 5955/200/571 5956/201/571 5954/199/571
f 5955/200/572 5957/202/572 5958/203/572 5956/201/572
f 5957/202/573 5959/204/573 5960/205/573 5958/203/573
f 5959/204/574 5961/206/574 5962/207/574 5960/205/574
f 5961/206/575 5963/208/575 5964/209/575 5962/207/575
f 5963/208/576 5965/210/576 5966/211/576 5964/209/576
f 5965/210/577 5967/212/577 5968/213/577 5966/211/577
f 5967/212/578 5969/214/578 5970/215/578 5968/213/578
f 5969/214/579 5971/216/579 5972/217/579 5970/215/579
f 5971/216/580 5973/218/580 5974/219/580 5972/217/580
f 5973/218/581 5975/220/581 5976/221/581 5974/219/581
f 5975/220/582 5913/222/582 5916/223/582 5976/221/582
f 6009/1/551 6010/36/551 6011/167/551 6012/168/551
f 6010/36/552 6013/54/552 6014/169/552 6011/167/552
f 6013/54/553 6015/74/553 6016/170/553 6014/169/553
f 6015/74/554 6017/141/554 6018/171/554 6016/170/554
f 6017/141/555 6019/151/555 6020/172/555 6018/171/555
f 6019/151/556 6021/161/556 6022/173/556 6020/172/556
f 6021/161/557 6023/174/557 6024/175/557 6022/173/557
f 6023/174/558 6025/176/558 6026/177/558 6024/175/558
f 6025/176/559 6027/178/559 6028/179/559 6026/177/559
f 6027/178/560 6029/180/560 6030/181/560 6028/179/560
f 6029/180/561 6031/182/561 6032/183/561 6030/181/561
f 6031/182/562 6033/184/562 6034/185/562 6032/183/562
f 6033/184/563 6035/186/563 6036/187/563 6034/185/563
f 6035/186/564 6037/188/564 6038/189/564 6036/187/564
f 6037/188/565 6039/190/565 6040/191/565 6038/189/565
f 6039/190/566 6041/2/566 6042/99/566 6040/191/566
f 6041/2/567 6043/192/567 6044/193/567 6042/99/567
f 6043/192/568 6045/194/568 6046/195/568 6044/193/568
f 6045/194/569 6047/196/569 6048/197/569 6046/195/569
f 6047/196/570 6049/198/570 6050/199/570 6048/197/570
f 6049/198/571 6051/200/571 6052/201/571 6050/199/571
f 6051/200/572 6053/202/572 6054/203/572 6052/201/572
f 6053/202/573 6055/204/573 6056/205/573 6054/203/573
f 6055/204/574 6057/206/574 6058/207/574 6056/205/574
f 6057/206/575 6059/208/575 6060/209/575 6058/207/575
f 6059/208/576 6061/210/576 6062/211/576 6060/209/576
f 6061/210/577 6063/212/577 6064/213/577 6062/211/577
f 6063/212/578 6065/214/578 6066/215/578 6064/213/578
f 6065/214/579 6067/216/579 6068/217/579 6066/215/579
f 6067/216/580 6069/218/580 6070/219/580 6068/217/580
f 6069/218/581 6071/220/581 6072/221/581 6070/219/581
f 6071/220/582 6009/222/582 6012/223/582 6072/221/582
f 6105/1/551 6106/36/551 6107/167/551 6108/168/551
f 6106/36/552 6109/54/552 6110/169/552 6107/167/552
f 6109/54/553 6111/74/553 6112/170/553 6110/169/553
f 6111/74/554 6113/141/554 6114/171/554 6112/170/554
f 6113/141/555 6115/151/555 6116/172/555 6114/171/555
f 6115/151/556 6117/161/556 6118/173/556 6116/172/556
f 6117/161/557 6119/174/557 6120/175/557 6118/173/557
f 6119/174/558 6121/176/558 6122/177/558 6120/175/558
f 6121/176/559 6123/178/559 6124/179/559 6122/177/559
f 6123/178/560 6125/180/560 6126/181/560 6124/179/560
f 6125/180/561 6127/182/561 6128/183/561 6126/181/561
f 6127/182/562 6129/184/562 6130/185/562 6128/183/562
f 6129/184/563 6131/186/563 6132/187/563 6130/185/563
f 6131/186/564 6133/188/564 6134/189/564 6132/187/564
f 6133/188/565 6135/190/565 6136/191/565 6134/189/565
f 6135/190/566 6137/2/566 6138/99/566 6136/191/566
f 6137/2/567 6139/192/567 6140/193/567 6138/99/567
f 6139/192/568 6141/194/568 6142/195/568 6140/193/568
f 6141/194/569 6143/196/569 6144/197/569 6142/195/569
f 6143/196/570 6145/198/570 6146/199/570 6144/197/570
f 6145/198/571 6147/200/571 6148/201/571 6146/199/571
f 6147/200/572 6149/202/572 6150/203/572 6148/201/572
f 6149/202/573 6151/204/573 6152/205/573 6150/203/573
f 6151/204/574 6153/206/574 6154/207/574 6152/205/574
f 6153/206/575 6155/208/575 6156/209/575 6154/207/575
f 6155/208/576 6157/210/576 6158/211/576 6156/209/576
f 6157/210/577 6159/212/577 6160/213/577 6158/211/577
f 6159/212/578 6161/214/578 6162/215/578 6160/213/578
f 6161/214/579 6163/216/579 6164/217/579 6162/215/579
f 6163/216/580 6165/218/580 6166/219/580 6164/217/580
f 6165/218/581 6167/220/581 6168/221/581 6166/219/581
f 6167/220/582 6105/222/582 6108/223/582 6168/221/582
f 6201/1/551 6202/36/551 6203/167/551 6204/168/551
f 6202/36/552 6205/54/552 6206/169/552 6203/167/552
f 6205/54/553 6207/74/553 6208/170/553 6206/169/553
f 6207/74/554 6209/141/554 6210/171/554 6208/170/554
f 6209/141/555 6211/151/555 6212/172/555 6210/171/555
f 6211/151/556 6213/161/556 6214/173/556 6212/172/556
f 6213/161/557 6215/174/557 6216/175/557 6214/173/557
f 6215/174/558 6217/176/558 6218/177/558 6216/175/558
f 6217/176/559 6219/178/559 6220/179/559 6218/177/559
f 6219/178/560 6221/180/560 6222/181/560 6220/179/560
f 6221/180/561 6223/182/561 6224/183/561 6222/181/561
f 6223/182/562 6225/184/562 6226/185/562 6224/183/562
f 6225/184/563 6227/186/563 6228/187/563 6226/185/563
f 6227/186/564 6229/188/564 6230/189/564 6228/187/564
f 6229/188/565 6231/190/565 6232/191/565 6230/189/565
f 6231/190/566 6233/2/566 6234/99/566 6232/191/566
f 6233/2/567 6235/192/567 6236/193/567 6234/99/567
f 6235/192/568 6237/194/568 6238/195/568 6236/193/568
f 6237/194/569 6239/196/569 6240/197/569 6238/195/569
f 6239/196/570 6241/198/570 6242/199/570 6240/197/570
f 6241/198/571 6243/200/571 6244/201/571 6242/199/571
f 6243/200/572 6245/202/572 6246/203/572 6244/201/572
f 6245/202/573 6247/204/573 6248/205/573 6246/203/573
f 6247/204/574 6249/206/574 6250/207/574 6248/205/574
f 6249/206/575 6251/208/575 6252/209/575 6250/207/575
f 6251/208/576 6253/210/576 6254/211/576 6252/209/576
f 6253/210/577 6255/212/577 6256/213/577 6254/211/577
f 6255/212/578 6257/214/578 6258/215/578 6256/213/578
f 6257/214/579 6259/216/579 6260/217/579 6258/215/579
f 6259/216/580 6261/218/580 6262/219/580 6260/217/580
f 6261/218/581 6263/220/581 6264/221/581 6262/219/581
f 6263/220/582 6201/222/582 6204/223/582 6264/221/582
f 6297/1/551 6298/36/551 6299/167/551 6300/168/551
f 6298/36/552 6301/54/552 6302/169/552 6299/167/552
f 6301/54/553 6303/74/553 6304/170/553 6302/169/553
f 6303/74/554 6305/141/554 6306/171/554 6304/170/554
f 6305/141/555 6307/151/555 6308/172/555 6306/171/555
f 6307/151/556 6309/161/556 6310/173/556 6308/172/556
f 6309/161/557 6311/174/557 6312/175/557 6310/173/557
f 6311/174/558 6313/176/558 6314/177/558 6312/175/558
f 6313/176/559 6315/178/559 6316/179/559 6314/177/559
f 6315/178/560 6317/180/560 6318/181/560 6316/179/560
f 6317/180/561 6319/182/561 6320/183/561 6318/181/561
f 6319/182/562 6321/184/562 6322/185/562 6320/183/562
f 6321/184/563 6323/186/563 6324/187/563 6322/185/563
f 6323/186/564 6325/188/564 6326/189/564 6324/187/564
f 6325/188/565 6327/190/565 6328/191/565 6326/189/565
f 6327/190/566 6329/2/566 6330/99/566 6328/191/566
f 6329/2/567 6331/192/567 6332/193/567 6330/99/567
f 6331/192/568 6333/194/568 6334/195/568 6332/193/568
f 6333/194/569 6335/196/569 6336/197/569 6334/195/569
f 6335/196/570 6337/198/570 6338/199/570 6336/197/570
f 6337/198/571 6339/200/571 6340/201/571 6338/199/571
f 6339/200/572 6341/202/572 6342/203/572 6340/201/572
f 6341/202/573 6343/204/573 6344/205/573 6342/203/573
f 6343/204/574 6345/206/574 6346/207/574 6344/205/574
f 6345/206/575 6347/208/575 6348/209/575 6346/207/575
f 6347/208/576 6349/210/576 6350/211/576 6348/209/576
f 6349/210/577 6351/212/577 6352/213/577 6350/211/577
f 6351/212/578 6353/214/578 6354/215/578 6352/213/578
f 6353/214/579 6355/216/579 6356/217/579 6354/215/579
f 6355/216/580 6357/218/580 6358/219/580 6356/217/580
f 6357/218/581 6359/220/581 6360/221/581 6358/219/581
f 6359/220/582 6297/222/582 6300/223/582 6360/221/582
f 6393/1/551 6394/36/551 6395/167/551 6396/168/551
f 6394/36/552 6397/54/552 6398/169/552 6395/167/552
f 6397/54/553 6399/74/553 6400/170/553 6398/169/553
f 6399/74/554 6401/141/554 6402/171/554 6400/170/554
f 6401/141/555 6403/151/555 6404/172/555 6402/171/555
f 6403/151/556 6405/161/556 6406/173/556 6404/172/556
f 6405/161/557 6407/174/557 6408/175/557 6406/173/557
f 6407/174/558 6409/176/558 6410/177/558 6408/175/558
f 6409/176/559 6411/178/559 6412/179/559 6410/177/559
f 6411/178/560 6413/180/560 6414/181/560 6412/179/560
f 6413/180/561 6415/182/561 6416/183/561 6414/181/561
f 6415/182/562 6417/184/562 6418/185/562 6416/183/562
f 6417/184/563 6419/186/563 6420/187/563 6418/185/563
f 6419/186/564 6421/188/564 6422/189/564 6420/187/564
f 6421/188/565 6423/190/565 6424/191/565 6422/189/565
f 6423/190/566 6425/2/566 6426/99/566 6424/191/566
f 6425/2/567 6427/192/567 6428/193/567 6426/99/567
f 6427/192/568 6429/194/568 6430/195/568 6428/193/568
f 6429/194/569 6431/196/569 6432/197/569 6430/195/569
f 6431/196/570 6433/198/570 6434/199/570 6432/197/570
f 6433/198/571 6435/200/571 6436/201/571 6434/199/571
f 6435/200/572 6437/202/572 6438/203/572 6436/201/572
f 6437/202/573 6439/204/573 6440/205/573 6438/203/573
f 6439/204/574 6441/206/574 6442/207/574 6440/205/574
f 6441/206/575 6443/208/575 6444/209/575 6442/207/575
f 6443/208/576 6445/210/576 6446/211/576 6444/209/576
f 6445/210/577 6447/212/577 6448/213/577 6446/211/577
f 6447/212/578 6449/214/578 6450/215/578 6448/213/578
f 6449/214/579 6451/216/579 6452/217/579 6450/215/579
f 6451/216/580 6453/218/580 6454/219/580 6452/217/580
f 6453/218/581 6455/220/581 6456/221/581 6454/219/581
f 6455/220/582 6393/222/582 6396/223/582 6456/221/582
f 6489/1/551 6490/36/551 6491/167/551 6492/168/551
f 6490/36/552 6493/54/552 6494/169/552 6491/167/552
f 6493/54/553 6495/74/553 6496/170/553 6494/169/553
f 6495/74/554 6497/141/554 6498/171/554 6496/170/554
f 6497/141/555 6499/151/555 6500/172/555 6498/171/555
f 6499/151/556 6501/161/556 6502/173/556 6500/172/556
f 6501/161/557 6503/174/557 6504/175/557 6502/173/557
f 6503/174/558 6505/176/558 6506/177/558 6504/175/558
f 6505/176/559 6507/178/559 6508/179/559 6506/177/559
f 6507/178/560 6509/180/560 6510/181/560 6508/179/560
f 6509/180/561 6511/182/561 6512/183/561 6510/181/561
f 6511/182/562 6513/184/562 6514/185/562 6512/183/562
f 6513/184/563 6515/186/563 6516/187/563 6514/185/563
f 6515/186/564 6517/188/564 6518/189/564 6516/187/564
f 6517/188/565 6519/190/565 6520/191/565 6518/189/565
f 6519/190/566 6521/2/566 6522/99/566 6520/191/566
f 6521/2/567 6523/192/567 6524/193/567 6522/99/567
f 6523/192/568 6525/194/568 6526/195/568 6524/193/568
f 6525/194/569 6527/196/569 6528/197/569 6526/195/569
f 6527/196/570 6529/198/570 6530/199/570 6528/197/570
f 6529/198/571 6531/200/571 6532/201/571 6530/199/571
f 6531/200/572 6533/202/572 6534/203/572 6532/201/572
f 6533/202/573 6535/204/573 6536/205/573 6534/203/573
f 6535/204/574 6537/206/574 6538/207/574 6536/205/574
f 6537/206/575 6539/208/575 6540/209/575 6538/207/575
f 6539/208/576 6541/210/576 6542/211/576 6540/209/576
f 6541/210/577 6543/212/577 6544/213/577 6542/211/577
f 6543/212/578 6545/214/578 6546/215/578 6544/213/578
f 6545/214/579 6547/216/579 6548/217/579 6546/215/579
f 6547/216/580 6549/218/580 6550/219/580 6548/217/580
f 6549/218/581 6551/220/581 6552/221/581 6550/219/581
f 6551/220/582 6489/222/582 6492/223/582 6552/221/582
f 6585/1/551 6586/36/551 6587/167/551 6588/168/551
f 6586/36/552 6589/54/552 6590/169/552 6587/167/552
f 6589/54/553 6591/74/553 6592/170/553 6590/169/553
f 6591/74/554 6593/141/554 6594/171/554 6592/170/554
f 6593/141/555 6595/151/555 6596/172/555 6594/171/555
f 6595/151/556 6597/161/556 6598/173/556 6596/172/556
f 6597/161/557 6599/174/557 6600/175/557 6598/173/557
f 6599/174/558 6601/176/558 6602/177/558 6600/175/558
f 6601/176/559 6603/178/559 6604/179/559 6602/177/559
f 6603/178/560 6605/180/560 6606/181/560 6604/179/560
f 6605/180/561 6607/182/561 6608/183/561 6606/181/561
f 6607/182/562 6609/184/562 6610/185/562 6608/183/562
f 6609/184/563 6611/186/563 6612/187/563 6610/185/563
f 6611/186/564 6613/188/564 6614/189/564 6612/187/564
f 6613/188/565 6615/190/565 6616/191/565 6614/189/565
f 6615/190/566 6617/2/566 6618/99/566 6616/191/566
f 6617/2/567 6619/192/567 6620/193/567 6618/99/567
f 6619/192/568 6621/194/568 6622/195/568 6620/193/568
f 6621/194/569 6623/196/569 6624/197/569 6622/195/569
f 6623/196/570 6625/198/570 6626/199/570 6624/197/570
f 6625/198/571 6627/200/571 6628/201/571 6626/199/571
f 6627/200/572 6629/202/572 6630/203/572 6628/201/572
f 6629/202/573 6631/204/573 6632/205/573 6630/203/573
f 6631/204/574 6633/206/574 6634/207/574 6632/205/574
f 6633/206/575 6635/208/575 6636/209/575 6634/207/575
f 6635/208/576 6637/210/576 6638/211/576 6636/209/576
f 6637/210/577 6639/212/577 6640/213/577 6638/211/577
f 6639/212/578 6641/214/578 6642/215/578 6640/213/578
f 6641/214/579 6643/216/579 6644/217/579 6642/215/579
f 6643/216/580 6645/218/580 6646/219/580 6644/217/580
f 6645/218/581 6647/220/581 6648/221/581 6646/219/581
f 6647/220/582 6585/222/582 6588/223/582 6648/221/582
f 6681/1/551 6682/36/551 6683/167/551 6684/168/551
f 6682/36/552 6685/54/552 6686/169/552 6683/167/552
f 6685/54/553 6687/74/553 6688/170/553 6686/169/553
f 6687/74/554 6689/141/554 6690/171/554 6688/170/554
f 6689/141/555 6691/151/555 6692/172/555 6690/171/555
f 6691/151/556 6693/161/556 6694/173/556 6692/172/556
f 6693/161/557 6695/174/557 6696/175/557 6694/173/557
f 6695/174/558 6697/176/558 6698/177/558 6696/175/558
f 6697/176/559 6699/178/559 6700/179/559 6698/177/559
f 6699/178/560 6701/180/560 6702/181/560 6700/179/560
f 6701/180/561 6703/182/561 6704/183/561 6702/181/561
f 6703/182/562 6705/184/562 6706/185/562 6704/183/562
f 6705/184/563 6707/186/563 6708/187/563 6706/185/563
f 6707/186/564 6709/188/564 6710/189/564 6708/187/564
f 6709/188/565 6711/190/565 6712/191/565 6710/189/565
f 6711/190/566 6713/2/566 6714/99/566 6712/191/566
f 6713/2/567 6715/192/567 6716/193/567 6714/99/567
f 6715/192/568 6717/194/568 6718/195/568 6716/193/568
f 6717/194/569 6719/196/569 6720/197/569 6718/195/569
f 6719/196/570 6721/198/570 6722/199/570 6720/197/570
f 6721/198/571 6723/200/571 6724/201/571 6722/199/571
f 6723/200/572 6725/202/572 6726/203/572 6724/201/572
f 6725/202/573 6727/204/573 6728/205/573 6726/203/573
f 6727/204/574 6729/206/574 6730/207/574 6728/205/574
f 6729/206/575 6731/208/575 6732/209/575 6730/207/575
f 6731/208/576 6733/210/576 6734/211/576 6732/209/576
f 6733/210/577 6735/212/577 6736/213/577 6734/211/577
f 6735/212/578 6737/214/578 6738/215/578 6736/213/578
f 6737/214/579 6739/216/579 6740/217/579 6738/215/579
f 6739/216/580 6741/218/580 6742/219/580 6740/217/580
f 6741/218/581 6743/220/581 6744/221/581 6742/219/581
f 6743/220/582 6681/222/582 6684/223/582 6744/221/582
o string_2
usemtl steel
f 5081/1/583 5082/24/583 5083/224/583 5084/117/583
f 5082/24/584 5085/32/584 5086/225/584 5083/224/584
f 5085/32/585 5087/40/585 5088/226/585 5086/225/585
f 5087/40/586 5089/10/586 5090/227/586 5088/226/586
f 5089/10/587 5091/54/587 5092/228/587 5090/227/587
f 5091/54/588 5093/62/588 5094/229/588 5092/228/588
f 5093/62/589 5095/70/589 5096/230/589 5094/229/589
f 5095/70/590 5097/16/590 5098/231/590 5096/230/590
f 5097/16/591 5099/137/591 5100/232/591 5098/231/591
f 5099/137/592 5101/141/592 5102/233/592 5100/232/592
f 5101/141/593 5103/145/593 5104/234/593 5102/233/593
f 5103/145/594 5105/149/594 5106/235/594 5104/234/594
f 5105/149/595 5107/153/595 5108/236/595 5106/235/595
f 5107/153/596 5109/157/596 5110/237/596 5108/236/596
f 5109/157/597 5111/161/597 5112/238/597 5110/237/597
f 5111/161/598 5113/165/598 5114/239/598 5112/238/598
f 5113/165/599 5115/240/599 5116/241/599 5114/239/599
f 5115/240/600 5117/242/600 5118/243/600 5116/241/600
f 5117/242/601 5119/244/601 5120/245/601 5118/243/601
f 5119/244/602 5121/176/602 5122/246/602 5120/245/602
f 5121/176/603 5123/247/603 5124/248/603 5122/246/603
f 5123/247/604 5125/249/604 5126/250/604 5124/248/604
f 5125/249/605 5127/251/605 5128/252/605 5126/250/605
f 5127/251/606 5129/112/606 5130/253/606 5128/252/606
f 5129/112/607 5131/180/607 5132/254/607 5130/253/607
f 5131/180/608 5133/255/608 5134/256/608 5132/254/608
f 5133/255/609 5135/257/609 5136/258/609 5134/256/609
f 5135/257/610 5137/259/610 5138/260/610 5136/258/610
f 5137/259/611 5139/261/611 5140/262/611 5138/260/611
f 5139/261/612 5141/184/612 5142/263/612 5140/262/612
f 5141/184/613 5143/264/613 5144/265/613 5142/263/613
f 5143/264/614 5081/115/614 5084/116/614 5144/265/614
f 5209/1/583 5210/24/583 5082/224/583 5081/117/583
f 5210/24/584 5211/32/584 5085/225/584 5082/224/584
f 5211/32/585 5212/40/585 5087/226/585 5085/225/585
f 5212/40/586 5213/10/586 5089/227/586 5087/226/586
f 5213/10/587 5214/54/587 5091/228/587 5089/227/587
f 5214/54/588 5215/62/588 5093/229/588 5091/228/588
f 5215/62/589 5216/70/589 5095/230/589 5093/229/589
f 5216/70/590 5217/16/590 5097/231/590 5095/230/590
f 5217/16/591 5218/137/591 5099/232/591 5097/231/591
f 5218/137/592 5219/141/592 5101/233/592 5099/232/592
f 5219/141/593 5220/145/593 5103/234/593 5101/233/593
f 5220/145/594 5221/149/594 5105/235/594 5103/234/594
f 5221/149/595 5222/153/595 5107/236/595 5105/235/595
f 5222/153/596 5223/157/596 5109/237/596 5107/236/596
f 5223/157/597 5224/161/597 5111/238/597 5109/237/597
f 5224/161/598 5225/165/598 5113/239/598 5111/238/598
f 5225/165/599 5226/240/599 5115/241/599 5113/239/599
f 5226/240/600 5227/242/600 5117/243/600 5115/241/600
f 5227/242/601 5228/244/601 5119/245/601 5117/243/601
f 5228/244/602 5229/176/602 5121/246/602 5119/245/602
f 5229/176/603 5230/247/603 5123/248/603 5121/246/603
f 5230/247/604 5231/249/604 5125/250/604 5123/248/604
f 5231/249/605 5232/251/605 5127/252/605 5125/250/605
f 5232/251/606 5233/112/606 5129/253/606 5127/252/606
f 5233/112/607 5234/180/607 5131/254/607 5129/253/607
f 5234/180/608 5235/255/608 5133/256/608 5131/254/608
f 5235/255/609 5236/257/609 5135/258/609 5133/256/609
f 5236/257/610 5237/259/610 5137/260/610 5135/258/610
f 5237/259/611 5238/261/611 5139/262/611 5137/260/611
f 5238/261/612 5239/184/612 5141/263/612 5139/262/612
f 5239/184/613 5240/264/613 5143/265/613 5141/263/613
f 5240/264/614 5209/115/614 5081/116/614 5143/265/614
f 5305/1/583 5306/24/583 5210/224/583 5209/117/583
f 5306/24/584 5307/32/584 5211/225/584 5210/224/584
f 5307/32/585 5308/40/585 5212/226/585 5211/225/585
f 5308/40/586 5309/10/586 5213/227/586 5212/226/586
f 5309/10/587 5310/54/587 5214/228/587 5213/227/587
f 5310/54/588 5311/62/588 5215/229/588 5214/228/588
f 5311/62/589 5312/70/589 5216/230/589 5215/229/589
f 5312/70/590 5313/16/590 5217/231/590 5216/230/590
f 5313/16/591 5314/137/591 5218/232/591 5217/231/591
f 5314/137/592 5315/141/592 5219/233/592 5218/232/592
f 5315/141/593 5316/145/593 5220/234/593 5219/233/593
f 5316/145/594 5317/149/594 5221/235/594 5220/234/594
f 5317/149/595 5318/153/595 5222/236/595 5221/235/595
f 5318/153/596 5319/157/596 5223/237/596 5222/236/596
f 5319/157/597 5320/161/597 5224/238/597 5223/237/597
f 5320/161/598 5321/165/598 5225/239/598 5224/238/598
f 5321/165/599 5322/240/599 5226/241/599 5225/239/599
f 5322/240/600 5323/242/600 5227/243/600 5226/241/600
f 5323/242/601 5324/244/601 5228/245/601 5227/243/601
f 5324/244/602 5325/176/602 5229/246/602 5228/245/602
f 5325/176/603 5326/247/603 5230/248/603 5229/246/603
f 5326/247/604 5327/249/604 5231/250/604 5230/248/604
f 5327/249/605 5328/251/605 5232/252/605 5231/250/605
f 5328/251/606 5329/112/606 5233/253/606 5232/252/606
f 5329/112/607 5330/180/607 5234/254/607 5233/253/607
f 5330/180/608 5331/255/608 5235/256/608 5234/254/608
f 5331/255/609 5332/257/609 5236/258/609 5235/256/609
f 5332/257/610 5333/259/610 5237/260/610 5236/258/610
f 5333/259/611 5334/261/611 5238/262/611 5237/260/611
f 5334/261/612 5335/184/612 5239/263/612 5238/262/612
f 5335/184/613 5336/264/613 5240/265/613 5239/263/613
f 5336/264/614 5305/115/614 5209/116/614 5240/265/614
f 5401/1/583 5402/24/583 5306/224/583 5305/117/583
f 5402/24/584 5403/32/584 5307/225/584 5306/224/584
f 5403/32/585 5404/40/585 5308/226/585 5307/225/585
f 5404/40/586 5405/10/586 5309/227/586 5308/226/586
f 5405/10/587 5406/54/587 5310/228/587 5309/227/587
f 5406/54/588 5407/62/588 5311/229/588 5310/228/588
f 5407/62/589 5408/70/589 5312/230/589 5311/229/589
f 5408/70/590 5409/16/590 5313/231/590 5312/230/590
f 5409/16/591 5410/137/591 5314/232/591 5313/231/591
f 5410/137/592 5411/141/592 5315/233/592 5314/232/592
f 5411/141/593 5412/145/593 5316/234/593 5315/233/593
f 5412/145/594 5413/149/594 5317/235/594 5316/234/594
f 5413/149/595 5414/153/595 5318/236/595 5317/235/595
f 5414/153/596 5415/157/596 5319/237/596 5318/236/596
f 5415/157/597 5416/161/597 5320/238/597 5319/237/597
f 5416/161/598 5417/165/598 5321/239/598 5320/238/598
f 5417/165/599 5418/240/599 5322/241/599 5321/239/599
f 5418/240/600 5419/242/600 5323/243/600 5322/241/600
f 5419/242/601 5420/244/601 5324/245/601 5323/243/601
f 5420/244/602 5421/176/602 5325/246/602 5324/245/602
f 5421/176/603 5422/247/603 5326/248/603 5325/246/603
f 5422/247/604 5423/249/604 5327/250/604 5326/248/604
f 5423/249/605 5424/251/605 5328/252/605 5327/250/605
f 5424/251/606 5425/112/606 5329/253/606 5328/252/606
f 5425/112/607 5426/180/607 5330/254/607 5329/253/607
f 5426/180/608 5427/255/608 5331/256/608 5330/254/608
f 5427/255/609 5428/257/609 5332/258/609 5331/256/609
f 5428/257/610 5429/259/610 5333/260/610 5332/258/610
f 5429/259/611 5430/261/611 5334/262/611 5333/260/611
f 5430/261/612 5431/184/612 5335/263/612 5334/262/612
f 5431/184/613 5432/264/613 5336/265/613 5335/263/613
f 5432/264/614 5401/115/614 5305/116/614 5336/265/614
f 5497/1/583 5498/24/583 5402/224/583 5401/117/583
f 5498/24/584 5499/32/584 5403/225/584 5402/224/584
f 5499/32/585 5500/40/585 5404/226/585 5403/225/585
f 5500/40/586 5501/10/586 5405/227/586 5404/226/586
f 5501/10/587 5502/54/587 5406/228/587 5405/227/587
f 5502/54/588 5503/62/588 5407/229/588 5406/228/588
f 5503/62/589 5504/70/589 5408/230/589 5407/229/589
f 5504/70/590 5505/16/590 5409/231/590 5408/230/590
f 5505/16/591 5506/137/591 5410/232/591 5409/231/591
f 5506/137/592 5507/141/592 5411/233/592 5410/232/592
f 5507/141/593 5508/145/593 5412/234/593 5411/233/593
f 5508/145/594 5509/149/594 5413/235/594 5412/234/594
f 5509/149/595 5510/153/595 5414/236/595 5413/235/595
f 5510/153/596 5511/157/596 5415/237/596 5414/236/596
f 5511/157/597 5512/161/597 5416/238/597 5415/237/597
f 5512/161/598 5513/165/598 5417/239/598 5416/238/598
f 5513/165/599 5514/240/599 5418/241/599 5417/239/599
f 5514/240/600 5515/242/600 5419/243/600 5418/241/600
f 5515/242/601 5516/244/601 5420/245/601 5419/243/601
f 5516/244/602 5517/176/602 5421/246/602 5420/245/602
f 5517/176/603 5518/247/603 5422/248/603 5421/246/603
f 5518/247/604 5519/249/604 5423/250/604 5422/248/604
f 5519/249/605 5520/251/605 5424/252/605 5423/250/605
f 5520/251/606 5521/112/606 5425/253/606 5424/252/606
f 5521/112/607 5522/180/607 5426/254/607 5425/253/607
f 5522/180/608 5523/255/608 5427/256/608 5426/254/608
f 5523/255/609 5524/257/609 5428/258/609 5427/256/609
f 5524/257/610 5525/259/610 5429/260/610 5428/258/610
f 5525/259/611 5526/261/611 5430/262/611 5429/260/611
f 5526/261/612 5527/184/612 5431/263/612 5430/262/612
f 5527/184/613 5528/264/613 5432/265/613 5431/263/613
f 5528/264/614 5497/115/614 5401/116/614 5432/265/614
f 5593/1/583 5594/24/583 5498/224/583 5497/117/583
f 5594/24/584 5595/32/584 5499/225/584 5498/224/584
f 5595/32/585 5596/40/585 5500/226/585 5499/225/585
f 5596/40/586 5597/10/586 5501/227/586 5500/226/586
f 5597/10/587 5598/54/587 5502/228/587 5501/227/587
f 5598/54/588 5599/62/588 5503/229/588 5502/228/588
f 5599/62/589 5600/70/589 5504/230/589 5503/229/589
f 5600/70/590 5601/16/590 5505/231/590 5504/230/590
f 5601/16/591 5602/137/591 5506/232/591 5505/231/591
f 5602/137/592 5603/141/592 5507/233/592 5506/232/592
f 5603/141/593 5604/145/593 5508/234/593 5507/233/593
f 5604/145/594 5605/149/594 5509/235/594 5508/234/594
f 5605/149/595 5606/153/595 5510/236/595 5509/235/595
f 5606/153/596 5607/157/596 5511/237/596 5510/236/596
f 5607/157/597 5608/161/597 5512/238/597 5511/237/597
f 5608/161/598 5609/165/598 5513/239/598 5512/238/598
f 5609/165/599 5610/240/599 5514/241/599 5513/239/599
f 5610/240/600 5611/242/600 5515/243/600 5514/241/600
f 5611/242/601 5612/244/601 5516/245/601 5515/243/601
f 5612/244/602 5613/176/602 5517/246/602 5516/245/602
f 5613/176/603 5614/247/603 5518/248/603 5517/246/603
f 5614/247/604 5615/249/604 5519/250/604 5518/248/604
f 5615/249/605 5616/251/605 5520/252/605 5519/250/605
f 5616/251/606 5617/112/606 5521/253/606 5520/252/606
f 5617/112/607 5618/180/607 5522/254/607 5521/253/607
f 5618/180/608 5619/255/608 5523/256/608 5522/254/608
f 5619/255/609 5620/257/609 5524/258/609 5523/256/609
f 5620/257/610 5621/259/610 5525/260/610 5524/258/610
f 5621/259/611 5622/261/611 5526/262/611 5525/260/611
f 5622/261/612 5623/184/612 5527/263/612 5526/262/612
f 5623/184/613 5624/264/613 5528/265/613 5527/263/613
f 5624/264/614 5593/115/614 5497/116/614 5528/265/614
f 5689/1/583 5690/24/583 5594/224/583 5593/117/583
f 5690/24/584 5691/32/584 5595/225/584 5594/224/584
f 5691/32/585 5692/40/585 5596/226/585 5595/225/585
f 5692/40/586 5693/10/586 5597/227/586 5596/226/586
f 5693/10/587 5694/54/587 5598/228/587 5597/227/587
f 5694/54/588 5695/62/588 5599/229/588 5598/228/588
f 5695/62/589 5696/70/589 5600/230/589 5599/229/589
f 5696/70/590 5697/16/590 5601/231/590 5600/230/590
f 5697/16/591 5698/137/591 5602/232/591 5601/231/591
f 5698/137/592 5699/141/592 5603/233/592 5602/232/592
f 5699/141/593 5700/145/593 5604/234/593 5603/233/593
f 5700/145/594 5701/149/594 5605/235/594 5604/234/594
f 5701/149/595 5702/153/595 5606/236/595 5605/235/595
f 5702/153/596 5703/157/596 5607/237/596 5606/236/596
f 5703/157/597 5704/161/597 5608/238/597 5607/237/597
f 5704/161/598 5705/165/598 5609/239/598 5608/238/598
f 5705/165/599 5706/240/599 5610/241/599 5609/239/599
f 5706/240/600 5707/242/600 5611/243/600 5610/241/600
f 5707/242/601 5708/244/601 5612/245/601 5611/243/601
f 5708/244/602 5709/176/602 5613/246/602 5612/245/602
f 5709/176/603 5710/247/603 5614/248/603 5613/246/603
f 5710/247/604 5711/249/604 5615/250/604 5614/248/604
f 5711/249/605 5712/251/605 5616/252/605 5615/250/605
f 5712/251/606 5713/112/606 5617/253/606 5616/252/606
f 5713/112/607 5714/180/607 5618/254/607 5617/253/607
f 5714/180/608 5715/255/608 5619/256/608 5618/254/608
f 5715/255/609 5716/257/609 5620/258/609 5619/256/609
f 5716/257/610 5717/259/610 5621/260/610 5620/258/610
f 5717/259/611 5718/261/611 5622/262/611 5621/260/611
f 5718/261/612 5719/184/612 5623/263/612 5622/262/612
f 5719/184/613 5720/264/613 5624/265/613 5623/263/613
f 5720/264/614 5689/115/614 5593/116/614 5624/265/614
f 5785/1/583 5786/24/583 5690/224/583 5689/117/583
f 5786/24/584 5787/32/584 5691/225/584 5690/224/584
f 5787/32/585 5788/40/585 5692/226/585 5691/225/585
f 5788/40/586 5789/10/586 5693/227/586 5692/226/586
f 5789/10/587 5790/54/587 5694/228/587 5693/227/587
f 5790/54/588 5791/62/588 5695/229/588 5694/228/588
f 5791/62/589 5792/70/589 5696/230/589 5695/229/589
f 5792/70/590 5793/16/590 5697/231/590 5696/230/590
f 5793/16/591 5794/137/591 5698/232/591 5697/231/591
f 5794/137/592 5795/141/592 5699/233/592 5698/232/592
f 5795/141/593 5796/145/593 5700/234/593 5699/233/593
f 5796/145/594 5797/149/594 5701/235/594 5700/234/594
f 5797/149/595 5798/153/595 5702/236/595 5701/235/595
f 5798/153/596 5799/157/596 5703/237/596 5702/236/596
f 5799/157/597 5800/161/597 5704/238/597 5703/237/597
f 5800/161/598 5801/165/598 5705/239/598 5704/238/598
f 5801/165/599 5802/240/599 5706/241/599 5705/239/599
f 5802/240/600 5803/242/600 5707/243/600 5706/241/600
f 5803/242/601 5804/244/601 5708/245/601 5707/243/601
f 5804/244/602 5805/176/602 5709/246/602 5708/245/602
f 5805/176/603 5806/247/603 5710/248/603 5709/246/603
f 5806/247/604 5807/249/604 5711/250/604 5710/248/604
f 5807/249/605 5808/251/605 5712/252/605 5711/250/605
f 5808/251/606 5809/112/606 5713/253/606 5712/252/606
f 5809/112/607 5810/180/607 5714/254/607 5713/253/607
f 5810/180/608 5811/255/608 5715/256/608 5714/254/608
f 5811/255/609 5812/257/609 5716/258/609 5715/256/609
f 5812/257/610 5813/259/610 5717/260/610 5716/258/610
f 5813/259/611 5814/261/611 5718/262/611 5717/260/611
f 5814/261/612 5815/184/612 5719/263/612 5718/262/612
f 5815/184/613 5816/264/613 5720/265/613 5719/263/613
f 5816/264/614 5785/115/614 5689/116/614 5720/265/614
f 5881/1/583 5882/24/583 5786/224/583 5785/117/583
f 5882/24/584 5883/32/584 5787/225/584 5786/224/584
f 5883/32/585 5884/40/585 5788/226/585 5787/225/585
f 5884/40/586 5885/10/586 5789/227/586 5788/226/586
f 5885/10/587 5886/54/587 5790/228/587 5789/227/587
f 5886/54/588 5887/62/588 5791/229/588 5790/228/588
f 5887/62/589 5888/70/589 5792/230/589 5791/229/589
f 5888/70/590 5889/16/590 5793/231/590 5792/230/590
f 5889/16/591 5890/137/591 5794/232/591 5793/231/591
f 5890/137/592 5891/141/592 5795/233/592 5794/232/592
f 5891/141/593 5892/145/593 5796/234/593 5795/233/593
f 5892/145/594 5893/149/594 5797/235/594 5796/234/594
f 5893/149/595 5894/153/595 5798/236/595 5797/235/595
f 5894/153/596 5895/157/596 5799/237/596 5798/236/596
f 5895/157/597 5896/161/597 5800/238/597 5799/237/597
f 5896/161/598 5897/165/598 5801/239/598 5800/238/598
f 5897/165/599 5898/240/599 5802/241/599 5801/239/599
f 5898/240/600 5899/242/600 5803/243/600 5802/241/600
f 5899/242/601 5900/244/601 5804/245/601 5803/243/601
f 5900/244/602 5901/176/602 5805/246/602 5804/245/602
f 5901/176/603 5902/247/603 5806/248/603 5805/246/603
f 5902/247/604 5903/249/604 5807/250/604 5806/248/604
f 5903/249/605 5904/251/605 5808/252/605 5807/250/605
f 5904/251/606 5905/112/606 5809/253/606 5808/252/606
f 5905/112/607 5906/180/607 5810/254/607 5809/253/607
f 5906/180/608 5907/255/608 5811/256/608 5810/254/608
f 5907/255/609 5908/257/609 5812/258/609 5811/256/609
f 5908/257/610 5909/259/610 5813/260/610 5812/258/610
f 5909/259/611 5910/261/611 5814/262/611 5813/260/611
f 5910/261/612 5911/184/612 5815/263/612 5814/262/612
f 5911/184/613 5912/264/613 5816/265/613 5815/263/613
f 5912/264/614 5881/115/614 5785/116/614 5816/265/614
f 5977/1/583 5978/24/583 5882/224/583 5881/117/583
f 5978/24/584 5979/32/584 5883/225/584 5882/224/584
f 5979/32/585 5980/40/585 5884/226/585 5883/225/585
f 5980/40/586 5981/10/586 5885/227/586 5884/226/586
f 5981/10/587 5982/54/587 5886/228/587 5885/227/587
f 5982/54/588 5983/62/588 5887/229/588 5886/228/588
f 5983/62/589 5984/70/589 5888/230/589 5887/229/589
f 5984/70/590 5985/16/590 5889/231/590 5888/230/590
f 5985/16/591 5986/137/591 5890/232/591 5889/231/591
f 5986/137/592 5987/141/592 5891/233/592 5890/232/592
f 5987/141/593 5988/145/593 5892/234/593 5891/233/593
f 5988/145/594 5989/149/594 5893/235/594 5892/234/594
f 5989/149/595 5990/153/595 5894/236/595 5893/235/595
f 5990/153/596 5991/157/596 5895/237/596 5894/236/596
f 5991/157/597 5992/161/597 5896/238/597 5895/237/597
f 5992/161/598 5993/165/598 5897/239/598 5896/238/598
f 5993/165/599 5994/240/599 5898/241/599 5897/239/599
f 5994/240/600 5995/242/600 5899/243/600 5898/241/600
f 5995/242/601 5996/244/601 5900/245/601 5899/243/601
f 5996/244/602 5997/176/602 5901/246/602 5900/245/602
f 5997/176/603 5998/247/603 5902/248/603 5901/246/603
f 5998/247/604 5999/249/604 5903/250/604 5902/248/604
f 5999/249/605 6000/251/605 5904/252/605 5903/250/605
f 6000/251/606 6001/112/606 5905/253/606 5904/252/606
f 6001/112/607 6002/180/607 5906/254/607 5905/253/607
f 6002/180/608 6003/255/608 5907/256/608 5906/254/608
f 6003/255/609 6004/257/609 5908/258/609 5907/256/609
f 6004/257/610 6005/259/610 5909/260/610 5908/258/610
f 6005/259/611 6006/261/611 5910/262/611 5909/260/611
f 6006/261/612 6007/184/612 5911/263/612 5910/262/612
f 6007/184/613 6008/264/613 5912/265/613 5911/263/613
f 6008/264/614 5977/115/614 5881/116/614 5912/265/614
f 6073/1/583 6074/24/583 5978/224/583 5977/117/583
f 6074/24/584 6075/32/584 5979/225/584 5978/224/584
f 6075/32/585 6076/40/585 5980/226/585 5979/225/585
f 6076/40/586 6077/10/586 5981/227/586 5980/226/586
f 6077/10/587 6078/54/587 5982/228/587 5981/227/587
f 6078/54/588 6079/62/588 5983/229/588 5982/228/588
f 6079/62/589 6080/70/589 5984/230/589 5983/229/589
f 6080/70/590 6081/16/590 5985/231/590 5984/230/590
f 6081/16/591 6082/137/591 5986/232/591 5985/231/591
f 6082/137/592 6083/141/592 5987/233/592 5986/232/592
f 6083/141/593 6084/145/593 5988/234/593 5987/233/593
f 6084/145/594 6085/149/594 5989/235/594 5988/234/594
f 6085/149/595 6086/153/595 5990/236/595 5989/235/595
f 6086/153/596 6087/157/596 5991/237/596 5990/236/596
f 6087/157/597 6088/161/597 5992/238/597 5991/237/597
f 6088/161/598 6089/165/598 5993/239/598 5992/238/598
f 6089/165/599 6090/240/599 5994/241/599 5993/239/599
f 6090/240/600 6091/242/600 5995/243/600 5994/241/600
f 6091/242/601 6092/244/601 5996/245/601 5995/243/601
f 6092/244/602 6093/176/602 5997/246/602 5996/245/602
f 6093/176/603 6094/247/603 5998/248/603 5997/246/603
f 6094/247/604 6095/249/604 5999/250/604 5998/248/604
f 6095/249/605 6096/251/605 6000/252/605 5999/250/605
f 6096/251/606 6097/112/606 6001/253/606 6000/252/606
f 6097/112/607 6098/180/607 6002/254/607 6001/253/607
f 6098/180/608 6099/255/608 6003/256/608 6002/254/608
f 6099/255/609 6100/257/609 6004/258/609 6003/256/609
f 6100/257/610 6101/259/610 6005/260/610 6004/258/610
f 6101/259/611 6102/261/611 6006/262/611 6005/260/611
f 6102/261/612 6103/184/612 6007/263/612 6006/262/612
f 6103/184/613 6104/264/613 6008/265/613 6007/263/613
f 6104/264/614 6073/115/614 5977/116/614 6008/265/614
f 6169/1/583 6170/24/583 6074/224/583 6073/117/583
f 6170/24/584 6171/32/584 6075/225/584 6074/224/584
f 6171/32/585 6172/40/585 6076/226/585 6075/225/585
f 6172/40/586 6173/10/586 6077/227/586 6076/226/586
f 6173/10/587 6174/54/587 6078/228/587 6077/227/587
f 6174/54/588 6175/62/588 6079/229/588 6078/228/588
f 6175/62/589 6176/70/589 6080/230/589 6079/229/589
f 6176/70/590 6177/16/590 6081/231/590 6080/230/590
f 6177/16/591 6178/137/591 6082/232/591 6081/231/591
f 6178/137/592 6179/141/592 6083/233/592 6082/232/592
f 6179/141/593 6180/145/593 6084/234/593 6083/233/593
f 6180/145/594 6181/149/594 6085/235/594 6084/234/594
f 6181/149/595 6182/153/595 6086/236/595 6085/235/595
f 6182/153/596 6183/157/596 6087/237/596 6086/236/596
f 6183/157/597 6184/161/597 6088/238/597 6087/237/597
f 6184/161/598 6185/165/598 6089/239/598 6088/238/598
f 6185/165/599 6186/240/599 6090/241/599 6089/239/599
f 6186/240/600 6187/242/600 6091/243/600 6090/241/600
f 6187/242/601 6188/244/601 6092/245/601 6091/243/601
f 6188/244/602 6189/176/602 6093/246/602 6092/245/602
f 6189/176/603 6190/247/603 6094/248/603 6093/246/603
f 6190/247/604 6191/249/604 6095/250/604 6094/248/604
f 6191/249/605 6192/251/605 6096/252/605 6095/250/605
f 6192/251/606 6193/112/606 6097/253/606 6096/252/606
f 6193/112/607 6194/180/607 6098/254/607 6097/253/607
f 6194/180/608 6195/255/608 6099/256/608 6098/254/608
f 6195/255/609 6196/257/609 6100/258/609 6099/256/609
f 6196/257/610 6197/259/610 6101/260/610 6100/258/610
f 6197/259/611 6198/261/611 6102/262/611 6101/260/611
f 6198/261/612 6199/184/612 6103/263/612 6102/262/612
f 6199/184/613 6200/264/613 6104/265/613 6103/263/613
f 6200/264/614 6169/115/614 6073/116/614 6104/265/614
f 6265/1/583 6266/24/583 6170/224/583 6169/117/583
f 6266/24/584 6267/32/584 6171/225/584 6170/224/584
f 6267/32/585 6268/40/585 6172/226/585 6171/225/585
f 6268/40/586 6269/10/586 6173/227/586 6172/226/586
f 6269/10/587 6270/54/587 6174/228/587 6173/227/587
f 6270/54/588 6271/62/588 6175/229/588 6174/228/588
f 6271/62/589 6272/70/589 6176/230/589 6175/229/589
f 6272/70/590 6273/16/590 6177/231/590 6176/230/590
f 6273/16/591 6274/137/591 6178/232/591 6177/231/591
f 6274/137/592 6275/141/592 6179/233/592 6178/232/592
f 6275/141/593 6276/145/593 6180/234/593 6179/233/593
f 6276/145/594 6277/149/594 6181/235/594 6180/234/594
f 6277/149/595 6278/153/595 6182/236/595 6181/235/595
f 6278/153/596 6279/157/596 6183/237/596 6182/236/596
f 6279/157/597 6280/161/597 6184/238/597 6183/237/597
f 6280/161/598 6281/165/598 6185/239/598 6184/238/598
f 6281/165/599 6282/240/599 6186/241/599 6185/239/599
f 6282/240/600 6283/242/600 6187/243/600 6186/241/600
f 6283/242/601 6284/244/601 6188/245/601 6187/243/601
f 6284/244/602 6285/176/602 6189/246/602 6188/245/602
f 6285/176/603 6286/247/603 6190/248/603 6189/246/603
f 6286/247/604 6287/249/604 6191/250/604 6190/248/604
f 6287/249/605 6288/251/605 6192/252/605 6191/250/605
f 6288/251/606 6289/112/606 6193/253/606 6192/252/606
f 6289/112/607 6290/180/607 6194/254/607 6193/253/607
f 6290/180/608 6291/255/608 6195/256/608 6194/254/608
f 6291/255/609 6292/257/609 6196/258/609 6195/256/609
f 6292/257/610 6293/259/610 6197/260/610 6196/258/610
f 6293/259/611 6294/261/611 6198/262/611 6197/260/611
f 6294/261/612 6295/184/612 6199/263/612 6198/262/612
f 6295/184/613 6296/264/613 6200/265/613 6199/263/613
f 6296/264/614 6265/115/614 6169/116/614 6200/265/614
f 6361/1/583 6362/24/583 6266/224/583 6265/117/583
f 6362/24/584 6363/32/584 6267/225/584 6266/224/584
f 6363/32/585 6364/40/585 6268/226/585 6267/225/585
f 6364/40/586 6365/10/586 6269/227/586 6268/226/586
f 6365/10/587 6366/54/587 6270/228/587 6269/227/587
f 6366/54/588 6367/62/588 6271/229/588 6270/228/588
f 6367/62/589 6368/70/589 6272/230/589 6271/229/589
f 6368/70/590 6369/16/590 6273/231/590 6272/230/590
f 6369/16/591 6370/137/591 6274/232/591 6273/231/591
f 6370/137/592 6371/141/592 6275/233/592 6274/232/592
f 6371/141/593 6372/145/593 6276/234/593 6275/233/593
f 6372/145/594 6373/149/594 6277/235/594 6276/234/594
f 6373/149/595 6374/153/595 6278/236/595 6277/235/595
f 6374/153/596 6375/157/596 6279/237/596 6278/236/596
f 6375/157/597 6376/161/597 6280/238/597 6279/237/597
f 6376/161/598 6377/165/598 6281/239/598 6280/238/598
f 6377/165/599 6378/240/599 6282/241/599 6281/239/599
f 6378/240/600 6379/242/600 6283/243/600 6282/241/600
f 6379/242/601 6380/244/601 6284/245/601 6283/243/601
f 6380/244/602 6381/176/602 6285/246/602 6284/245/602
f 6381/176/603 6382/247/603 6286/248/603 6285/246/603
f 6382/247/604 6383/249/604 6287/250/604 6286/248/604
f 6383/249/605 6384/251/605 6288/252/605 6287/250/605
f 6384/251/606 6385/112/606 6289/253/606 6288/252/606
f 6385/112/607 6386/180/607 6290/254/607 6289/253/607
f 6386/180/608 6387/255/608 6291/256/608 6290/254/608
f 6387/255/609 6388/257/609 6292/258/609 6291/256/609
f 6388/257/610 6389/259/610 6293/260/610 6292/258/610
f 6389/259/611 6390/261/611 6294/262/611 6293/260/611
f 6390/261/612 6391/184/612 6295/263/612 6294/262/612
f 6391/184/613 6392/264/613 6296/265/613 6295/263/613
f 6392/264/614 6361/115/614 6265/116/614 6296/265/614
f 6457/1/583 6458/24/583 6362/224/583 6361/117/583
f 6458/24/584 6459/32/584 6363/225/584 6362/224/584
f 6459/32/585 6460/40/585 6364/226/585 6363/225/585
f 6460/40/586 6461/10/586 6365/227/586 6364/226/586
f 6461/10/587 6462/54/587 6366/228/587 6365/227/587
f 6462/54/588 6463/62/588 6367/229/588 6366/228/588
f 6463/62/589 6464/70/589 6368/230/589 6367/229/589
f 6464/70/590 6465/16/590 6369/231/590 6368/230/590
f 6465/16/591 6466/137/591 6370/232/591 6369/231/591
f 6466/137/592 6467/141/592 6371/233/592 6370/232/592
f 6467/141/593 6468/145/593 6372/234/593 6371/233/593
f 6468/145/594 6469/149/594 6373/235/594 6372/234/594
f 6469/149/595 6470/153/595 6374/236/595 6373/235/595
f 6470/153/596 6471/157/596 6375/237/596 6374/236/596
f 6471/157/597 6472/161/597 6376/238/597 6375/237/597
f 6472/161/598 6473/165/598 6377/239/598 6376/238/598
f 6473/165/599 6474/240/599 6378/241/599 6377/239/599
f 6474/240/600 6475/242/600 6379/243/600 6378/241/600
f 6475/242/601 6476/244/601 6380/245/601 6379/243/601
f 6476/244/602 6477/176/602 6381/246/602 6380/245/602
f 6477/176/603 6478/247/603 6382/248/603 6381/246/603
f 6478/247/604 6479/249/604 6383/250/604 6382/248/604
f 6479/249/605 6480/251/605 6384/252/605 6383/250/605
f 6480/251/606 6481/112/606 6385/253/606 6384/252/606
f 6481/112/607 6482/180/607 6386/254/607 6385/253/607
f 6482/180/608 6483/255/608 6387/256/608 6386/254/608
f 6483/255/609 6484/257/609 6388/258/609 6387/256/609
f 6484/257/610 6485/259/610 6389/260/610 6388/258/610
f 6485/259/611 6486/261/611 6390/262/611 6389/260/611
f 6486/261/612 6487/184/612 6391/263/612 6390/262/612
f 6487/184/613 6488/264/613 6392/265/613 6391/263/613
f 6488/264/614 6457/115/614 6361/116/614 6392/265/614
f 6553/1/583 6554/24/583 6458/224/583 6457/117/583
f 6554/24/584 6555/32/584 6459/225/584 6458/224/584
f 6555/32/585 6556/40/585 6460/226/585 6459/225/585
f 6556/40/586 6557/10/586 6461/227/586 6460/226/586
f 6557/10/587 6558/54/587 6462/228/587 6461/227/587
f 6558/54/588 6559/62/588 6463/229/588 6462/228/588
f 6559/62/589 6560/70/589 6464/230/589 6463/229/589
f 6560/70/590 6561/16/590 6465/231/590 6464/230/590
f 6561/16/591 6562/137/591 6466/232/591 6465/231/591
f 6562/137/592 6563/141/592 6467/233/592 6466/232/592
f 6563/141/593 6564/145/593 6468/234/593 6467/233/593
f 6564/145/594 6565/149/594 6469/235/594 6468/234/594
f 6565/149/595 6566/153/595 6470/236/595 6469/235/595
f 6566/153/596 6567/157/596 6471/237/596 6470/236/596
f 6567/157/597 6568/161/597 6472/238/597 6471/237/597
f 6568/161/598 6569/165/598 6473/239/598 6472/238/598
f 6569/165/599 6570/240/599 6474/241/599 6473/239/599
f 6570/240/600 6571/242/600 6475/243/600 6474/241/600
f 6571/242/601 6572/244/601 6476/245/601 6475/243/601
f 6572/244/602 6573/176/602 6477/246/602 6476/245/602
f 6573/176/603 6574/247/603 6478/248/603 6477/246/603
f 6574/247/604 6575/249/604 6479/250/604 6478/248/604
f 6575/249/605 6576/251/605 6480/252/605 6479/250/605
f 6576/251/606 6577/112/606 6481/253/606 6480/252/606
f 6577/112/607 6578/180/607 6482/254/607 6481/253/607
f 6578/180/608 6579/255/608 6483/256/608 6482/254/608
f 6579/255/609 6580/257/609 6484/258/609 6483/256/609
f 6580/257/610 6581/259/610 6485/260/610 6484/258/610
f 6581/259/611 6582/261/611 6486/262/611 6485/260/611
f 6582/261/612 6583/184/612 6487/263/612 6486/262/612
f 6583/184/613 6584/264/613 6488/265/613 6487/263/613
f 6584/264/614 6553/115/614 6457/116/614 6488/265/614
f 6649/1/583 6650/24/583 6554/224/583 6553/117/583
f 6650/24/584 6651/32/584 6555/225/584 6554/224/584
f 6651/32/585 6652/40/585 6556/226/585 6555/225/585
f 6652/40/586 6653/10/586 6557/227/586 6556/226/586
f 6653/10/587 6654/54/587 6558/228/587 6557/227/587
f 6654/54/588 6655/62/588 6559/229/588 6558/228/588
f 6655/62/589 6656/70/589 6560/230/589 6559/229/589
f 6656/70/590 6657/16/590 6561/231/590 6560/230/590
f 6657/16/591 6658/137/591 6562/232/591 6561/231/591
f 6658/137/592 6659/141/592 6563/233/592 6562/232/592
f 6659/141/593 6660/145/593 6564/234/593 6563/233/593
f 6660/145/594 6661/149/594 6565/235/594 6564/234/594
f 6661/149/595 6662/153/595 6566/236/595 6565/235/595
f 6662/153/596 6663/157/596 6567/237/596 6566/236/596
f 6663/157/597 6664/161/597 6568/238/597 6567/237/597
f 6664/161/598 6665/165/598 6569/239/598 6568/238/598
f 6665/165/599 6666/240/599 6570/241/599 6569/239/599
f 6666/240/600 6667/242/600 6571/243/600 6570/241/600
f 6667/242/601 6668/244/601 6572/245/601 6571/243/601
f 6668/244/602 6669/176/602 6573/246/602 6572/245/602
f 6669/176/603 6670/247/603 6574/248/603 6573/246/603
f 6670/247/604 6671/249/604 6575/250/604 6574/248/604
f 6671/249/605 6672/251/605 6576/252/605 6575/250/605
f 6672/251/606 6673/112/606 6577/253/606 6576/252/606
f 6673/112/607 6674/180/607 6578/254/607 6577/253/607
f 6674/180/608 6675/255/608 6579/256/608 6578/254/608
f 6675/255/609 6676/257/609 6580/258/609 6579/256/609
f 6676/257/610 6677/259/610 6581/260/610 6580/258/610
f 6677/259/611 6678/261/611 6582/262/611 6581/260/611
f 6678/261/612 6679/184/612 6583/263/612 6582/262/612
f 6679/184/613 6680/264/613 6584/265/613 6583/263/613
f 6680/264/614 6649/115/614 6553/116/614 6584/265/614
f 6745/1/583 6746/24/583 6650/224/583 6649/117/583
f 6746/24/584 6747/32/584 6651/225/584 6650/224/584
f 6747/32/585 6748/40/585 6652/226/585 6651/225/585
f 6748/40/586 6749/10/586 6653/227/586 6652/226/586
f 6749/10/587 6750/54/587 6654/228/587 6653/227/587
f 6750/54/588 6751/62/588 6655/229/588 6654/228/588
f 6751/62/589 6752/70/589 6656/230/589 6655/229/589
f 6752/70/590 6753/16/590 6657/231/590 6656/230/590
f 6753/16/591 6754/137/591 6658/232/591 6657/231/591
f 6754/137/592 6755/141/592 6659/233/592 6658/232/592
f 6755/141/593 6756/145/593 6660/234/593 6659/233/593
f 6756/145/594 6757/149/594 6661/235/594 6660/234/594
f 6757/149/595 6758/153/595 6662/236/595 6661/235/595
f 6758/153/596 6759/157/596 6663/237/596 6662/236/596
f 6759/157/597 6760/161/597 6664/238/597 6663/237/597
f 6760/161/598 6761/165/598 6665/239/598 6664/238/598
f 6761/165/599 6762/240/599 6666/241/599 6665/239/599
f 6762/240/600 6763/242/600 6667/243/600 6666/241/600
f 6763/242/601 6764/244/601 6668/245/601 6667/243/601
f 6764/244/602 6765/176/602 6669/246/602 6668/245/602
f 6765/176/603 6766/247/603 6670/248/603 6669/246/603
f 6766/247/604 6767/249/604 6671/250/604 6670/248/604
f 6767/249/605 6768/251/605 6672/252/605 6671/250/605
f 6768/251/606 6769/112/606 6673/253/606 6672/252/606
f 6769/112/607 6770/180/607 6674/254/607 6673/253/607
f 6770/180/608 6771/255/608 6675/256/608 6674/254/608
f 6771/255/609 6772/257/609 6676/258/609 6675/256/609
f 6772/257/610 6773/259/610 6677/260/610 6676/258/610
f 6773/259/611 6774/261/611 6678/262/611 6677/260/611
f 6774/261/612 6775/184/612 6679/263/612 6678/262/612
f 6775/184/613 6776/264/613 6680/265/613 6679/263/613
f 6776/264/614 6745/115/614 6649/116/614 6680/265/614
f 6777/1/1 6778/165/1 6779/166/1 6780/119/1
f 6781/119/2 6782/166/2 6783/165/2 6784/1/2
f 6780/165/3 6779/1/3 6782/119/3 6781/166/3
f 6778/165/4 6777/1/4 6784/119/4 6783/166/4
f 6777/165/5 6780/1/5 6781/119/5 6784/166/5
f 6779/165/6 6778/1/6 6783/119/6 6782/166/6
o insulator_3
usemtl porcelain
f 6785/1/551 6786/36/551 6787/167/551 6788/168/551
f 6786/36/552 6789/54/552 6790/169/552 6787/167/552
f 6789/54/553 6791/74/553 6792/170/553 6790/169/553
f 6791/74/554 6793/141/554 6794/171/554 6792/170/554
f 6793/141/555 6795/151/555 6796/172/555 6794/171/555
f 6795/151/556 6797/161/556 6798/173/556 6796/172/556
f 6797/161/557 6799/174/557 6800/175/557 6798/173/557
f 6799/174/558 6801/176/558 6802/177/558 6800/175/558
f 6801/176/559 6803/178/559 6804/179/559 6802/177/559
f 6803/178/560 6805/180/560 6806/181/560 6804/179/560
f 6805/180/561 6807/182/561 6808/183/561 6806/181/561
f 6807/182/562 6809/184/562 6810/185/562 6808/183/562
f 6809/184/563 6811/186/563 6812/187/563 6810/185/563
f 6811/186/564 6813/188/564 6814/189/564 6812/187/564
f 6813/188/565 6815/190/565 6816/191/565 6814/189/565
f 6815/190/566 6817/2/566 6818/99/566 6816/191/566
f 6817/2/567 6819/192/567 6820/193/567 6818/99/567
f 6819/192/568 6821/194/568 6822/195/568 6820/193/568
f 6821/194/569 6823/196/569 6824/197/569 6822/195/569
f 6823/196/570 6825/198/570 6826/199/570 6824/197/570
f 6825/198/571 6827/200/571 6828/201/571 6826/199/571
f 6827/200/572 6829/202/572 6830/203/572 6828/201/572
f 6829/202/573 6831/204/573 6832/205/573 6830/203/573
f 6831/204/574 6833/206/574 6834/207/574 6832/205/574
f 6833/206/575 6835/208/575 6836/209/575 6834/207/575
f 6835/208/576 6837/210/576 6838/211/576 6836/209/576
f 6837/210/577 6839/212/577 6840/213/577 6838/211/577
f 6839/212/578 6841/214/578 6842/215/578 6840/213/578
f 6841/214/579 6843/216/579 6844/217/579 6842/215/579
f 6843/216/580 6845/218/580 6846/219/580 6844/217/580
f 6845/218/581 6847/220/581 6848/221/581 6846/219/581
f 6847/220/582 6785/222/582 6788/223/582 6848/221/582
f 6913/1/551 6914/36/551 6915/167/551 6916/168/551
f 6914/36/552 6917/54/552 6918/169/552 6915/167/552
f 6917/54/553 6919/74/553 6920/170/553 6918/169/553
f 6919/74/554 6921/141/554 6922/171/554 6920/170/554
f 6921/141/555 6923/151/555 6924/172/555 6922/171/555
f 6923/151/556 6925/161/556 6926/173/556 6924/172/556
f 6925/161/557 6927/174/557 6928/175/557 6926/173/557
f 6927/174/558 6929/176/558 6930/177/558 6928/175/558
f 6929/176/559 6931/178/559 6932/179/559 6930/177/559
f 6931/178/560 6933/180/560 6934/181/560 6932/179/560
f 6933/180/561 6935/182/561 6936/183/561 6934/181/561
f 6935/182/562 6937/184/562 6938/185/562 6936/183/562
f 6937/184/563 6939/186/563 6940/187/563 6938/185/563
f 6939/186/564 6941/188/564 6942/189/564 6940/187/564
f 6941/188/565 6943/190/565 6944/191/565 6942/189/565
f 6943/190/566 6945/2/566 6946/99/566 6944/191/566
f 6945/2/567 6947/192/567 6948/193/567 6946/99/567
f 6947/192/568 6949/194/568 6950/195/568 6948/193/568
f 6949/194/569 6951/196/569 6952/197/569 6950/195/569
f 6951/196/570 6953/198/570 6954/199/570 6952/197/570
f 6953/198/571 6955/200/571 6956/201/571 6954/199/571
f 6955/200/572 6957/202/572 6958/203/572 6956/201/572
f 6957/202/573 6959/204/573 6960/205/573 6958/203/573
f 6959/204/574 6961/206/574 6962/207/574 6960/205/574
f 6961/206/575 6963/208/575 6964/209/575 6962/207/575
f 6963/208/576 6965/210/576 6966/211/576 6964/209/576
f 6965/210/577 6967/212/577 6968/213/577 6966/211/577
f 6967/212/578 6969/214/578 6970/215/578 6968/213/578
f 6969/214/579 6971/216/579 6972/217/579 6970/215/579
f 6971/216/580 6973/218/580 6974/219/580 6972/217/580
f 6973/218/581 6975/220/581 6976/221/581 6974/219/581
f 6975/220/582 6913/222/582 6916/223/582 6976/221/582
f 7009/1/551 7010/36/551 7011/167/551 7012/168/551
f 7010/36/552 7013/54/552 7014/169/552 7011/167/552
f 7013/54/553 7015/74/553 7016/170/553 7014/169/553
f 7015/74/554 7017/141/554 7018/171/554 7016/170/554
f 7017/141/555 7019/151/555 7020/172/555 7018/171/555
f 7019/151/556 7021/161/556 7022/173/556 7020/172/556
f 7021/161/557 7023/174/557 7024/175/557 7022/173/557
f 7023/174/558 7025/176/558 7026/177/558 7024/175/558
f 7025/176/559 7027/178/559 7028/179/559 7026/177/559
f 7027/178/560 7029/180/560 7030/181/560 7028/179/560
f 7029/180/561 7031/182/561 7032/183/561 7030/181/561
f 7031/182/562 7033/184/562 7034/185/562 7032/183/562
f 7033/184/563 7035/186/563 7036/187/563 7034/185/563
f 7035/186/564 7037/188/564 7038/189/564 7036/187/564
f 7037/188/565 7039/190/565 7040/191/565 7038/189/565
f 7039/190/566 7041/2/566 7042/99/566 7040/191/566
f 7041/2/567 7043/192/567 7044/193/567 7042/99/567
f 7043/192/568 7045/194/568 7046/195/568 7044/193/568
f 7045/194/569 7047/196/569 7048/197/569 7046/195/569
f 7047/196/570 7049/198/570 7050/199/570 7048/197/570
f 7049/198/571 7051/200/571 7052/201/571 7050/199/571
f 7051/200/572 7053/202/572 7054/203/572 7052/201/572
f 7053/202/573 7055/204/573 7056/205/573 7054/203/573
f 7055/204/574 7057/206/574 7058/207/574 7056/205/574
f 7057/206/575 7059/208/575 7060/209/575 7058/207/575
f 7059/208/576 7061/210/576 7062/211/576 7060/209/576
f 7061/210/577 7063/212/577 7064/213/577 7062/211/577
f 7063/212/578 7065/214/578 7066/215/578 7064/213/578
f 7065/214/579 7067/216/579 7068/217/579 7066/215/579
f 7067/216/580 7069/218/580 7070/219/580 7068/217/580
f 7069/218/581 7071/220/581 7072/221/581 7070/219/581
f 7071/220/582 7009/222/582 7012/223/582 7072/221/582
f 7105/1/551 7106/36/551 7107/167/551 7108/168/551
f 7106/36/552 7109/54/552 7110/169/552 7107/167/552
f 7109/54/553 7111/74/553 7112/170/553 7110/169/553
f 7111/74/554 7113/141/554 7114/171/554 7112/170/554
f 7113/141/555 7115/151/555 7116/172/555 7114/171/555
f 7115/151/556 7117/161/556 7118/173/556 7116/172/556
f 7117/161/557 7119/174/557 7120/175/557 7118/173/557
f 7119/174/558 7121/176/558 7122/177/558 7120/175/558
f 7121/176/559 7123/178/559 7124/179/559 7122/177/559
f 7123/178/560 7125/180/560 7126/181/560 7124/179/560
f 7125/180/561 7127/182/561 7128/183/561 7126/181/561
f 7127/182/562 7129/184/562 7130/185/562 7128/183/562
f 7129/184/563 7131/186/563 7132/187/563 7130/185/563
f 7131/186/564 7133/188/564 7134/189/564 7132/187/564
f 7133/188/565 7135/190/565 7136/191/565 7134/189/565
f 7135/190/566 7137/2/566 7138/99/566 7136/191/566
f 7137/2/567 7139/192/567 7140/193/567 7138/99/567
f 7139/192/568 7141/194/568 7142/195/568 7140/193/568
f 7141/194/569 7143/196/569 7144/197/569 7142/195/569
f 7143/196/570 7145/198/570 7146/199/570 7144/197/570
f 7145/198/571 7147/200/571 7148/201/571 7146/199/571
f 7147/200/572 7149/202/572 7150/203/572 7148/201/572
f 7149/202/573 7151/204/573 7152/205/573 7150/203/573
f 7151/204/574 7153/206/574 7154/207/574 7152/205/574
f 7153/206/575 7155/208/575 7156/209/575 7154/207/575
f 7155/208/576 7157/210/576 7158/211/576 7156/209/576
f 7157/210/577 7159/212/577 7160/213/577 7158/211/577
f 7159/212/578 7161/214/578 7162/215/578 7160/213/578
f 7161/214/579 7163/216/579 7164/217/579 7162/215/579
f 7163/216/580 7165/218/580 7166/219/580 7164/217/580
f 7165/218/581 7167/220/581 7168/221/581 7166/219/581
f 7167/220/582 7105/222/582 7108/223/582 7168/221/582
f 7201/1/551 7202/36/551 7203/167/551 7204/168/551
f 7202/36/552 7205/54/552 7206/169/552 7203/167/552
f 7205/54/553 7207/74/553 7208/170/553 7206/169/553
f 7207/74/554 7209/141/554 7210/171/554 7208/170/554
f 7209/141/555 7211/151/555 7212/172/555 7210/171/555
f 7211/151/556 7213/161/556 7214/173/556 7212/172/556
f 7213/161/557 7215/174/557 7216/175/557 7214/173/557
f 7215/174/558 7217/176/558 7218/177/558 7216/175/558
f 7217/176/559 7219/178/559 7220/179/559 7218/177/559
f 7219/178/560 7221/180/560 7222/181/560 7220/179/560
f 7221/180/561 7223/182/561 7224/183/561 7222/181/561
f 7223/182/562 7225/184/562 7226/185/562 7224/183/562
f 7225/184/563 7227/186/563 7228/187/563 7226/185/563
f 7227/186/564 7229/188/564 7230/189/564 7228/187/564
f 7229/188/565 7231/190/565 7232/191/565 7230/189/565
f 7231/190/566 7233/2/566 7234/99/566 7232/191/566
f 7233/2/567 7235/192/567 7236/193/567 7234/99/567
f 7235/192/568 7237/194/568 7238/195/568 7236/193/568
f 7237/194/569 7239/196/569 7240/197/569 7238/195/569
f 7239/196/570 7241/198/570 7242/199/570 7240/197/570
f 7241/198/571 7243/200/571 7244/201/571 7242/199/571
f 7243/200/572 7245/202/572 7246/203/572 7244/201/572
f 7245/202/573 7247/204/573 7248/205/573 7246/203/573
f 7247/204/574 7249/206/574 7250/207/574 7248/205/574
f 7249/206/575 7251/208/575 7252/209/575 7250/207/575
f 7251/208/576 7253/210/576 7254/211/576 7252/209/576
f 7253/210/577 7255/212/577 7256/213/577 7254/211/577
f 7255/212/578 7257/214/578 7258/215/578 7256/213/578
f 7257/214/579 7259/216/579 7260/217/579 7258/215/579
f 7259/216/580 7261/218/580 7262/219/580 7260/217/580
f 7261/218/581 7263/220/581 7264/221/581 7262/219/581
f 7263/220/582 7201/222/582 7204/223/582 7264/221/582
f 7297/1/551 7298/36/551 7299/167/551 7300/168/551
f 7298/36/552 7301/54/552 7302/169/552 7299/167/552
f 7301/54/553 7303/74/553 7304/170/553 7302/169/553
f 7303/74/554 7305/141/554 7306/171/554 7304/170/554
f 7305/141/555 7307/151/555 7308/172/555 7306/171/555
f 7307/151/556 7309/161/556 7310/173/556 7308/172/556
f 7309/161/557 7311/174/557 7312/175/557 7310/173/557
f 7311/174/558 7313/176/558 7314/177/558 7312/175/558
f 7313/176/559 7315/178/559 7316/179/559 7314/177/559
f 7315/178/560 7317/180/560 7318/181/560 7316/179/560
f 7317/180/561 7319/182/561 7320/183/561 7318/181/561
f 7319/182/562 7321/184/562 7322/185/562 7320/183/562
f 7321/184/563 7323/186/563 7324/187/563 7322/185/563
f 7323/186/564 7325/188/564 7326/189/564 7324/187/564
f 7325/188/565 7327/190/565 7328/191/565 7326/189/565
f 7327/190/566 7329/2/566 7330/99/566 7328/191/566
f 7329/2/567 7331/192/567 7332/193/567 7330/99/567
f 7331/192/568 7333/194/568 7334/195/568 7332/193/568
f 7333/194/569 7335/196/569 7336/197/569 7334/195/569
f 7335/196/570 7337/198/570 7338/199/570 7336/197/570
f 7337/198/571 7339/200/571 7340/201/571 7338/199/571
f 7339/200/572 7341/202/572 7342/203/572 7340/201/572
f 7341/202/573 7343/204/573 7344/205/573 7342/203/573
f 7343/204/574 7345/206/574 7346/207/574 7344/205/574
f 7345/206/575 7347/208/575 7348/209/575 7346/207/575
f 7347/208/576 7349/210/576 7350/211/576 7348/209/576
f 7349/210/577 7351/212/577 7352/213/577 7350/211/577
f 7351/212/578 7353/214/578 7354/215/578 7352/213/578
f 7353/214/579 7355/216/579 7356/217/579 7354/215/579
f 7355/216/580 7357/218/580 7358/219/580 7356/217/580
f 7357/218/581 7359/220/581 7360/221/581 7358/219/581
f 7359/220/582 7297/222/582 7300/223/582 7360/221/582
f 7393/1/551 7394/36/551 7395/167/551 7396/168/551
f 7394/36/552 7397/54/552 7398/169/552 7395/167/552
f 7397/54/553 7399/74/553 7400/170/553 7398/169/553
f 7399/74/554 7401/141/554 7402/171/554 7400/170/554
f 7401/141/555 7403/151/555 7404/172/555 7402/171/555
f 7403/151/556 7405/161/556 7406/173/556 7404/172/556
f 7405/161/557 7407/174/557 7408/175/557 7406/173/557
f 7407/174/558 7409/176/558 7410/177/558 7408/175/558
f 7409/176/559 7411/178/559 7412/179/559 7410/177/559
f 7411/178/560 7413/180/560 7414/181/560 7412/179/560
f 7413/180/561 7415/182/561 7416/183/561 7414/181/561
f 7415/182/562 7417/184/562 7418/185/562 7416/183/562
f 7417/184/563 7419/186/563 7420/187/563 7418/185/563
f 7419/186/564 7421/188/564 7422/189/564 7420/187/564
f 7421/188/565 7423/190/565 7424/191/565 7422/189/565
f 7423/190/566 7425/2/566 7426/99/566 7424/191/566
f 7425/2/567 7427/192/567 7428/193/567 7426/99/567
f 7427/192/568 7429/194/568 7430/195/568 7428/193/568
f 7429/194/569 7431/196/569 7432/197/569 7430/195/569
f 7431/196/570 7433/198/570 7434/199/570 7432/197/570
f 7433/198/571 7435/200/571 7436/201/571 7434/199/571
f 7435/200/572 7437/202/572 7438/203/572 7436/201/572
f 7437/202/573 7439/204/573 7440/205/573 7438/203/573
f 7439/204/574 7441/206/574 7442/207/574 7440/205/574
f 7441/206/575 7443/208/575 7444/209/575 7442/207/575
f 7443/208/576 7445/210/576 7446/211/576 7444/209/576
f 7445/210/577 7447/212/577 7448/213/577 7446/211/577
f 7447/212/578 7449/214/578 7450/215/578 7448/213/578
f 7449/214/579 7451/216/579 7452/217/579 7450/215/579
f 7451/216/580 7453/218/580 7454/219/580 7452/217/580
f 7453/218/581 7455/220/581 7456/221/581 7454/219/581
f 7455/220/582 7393/222/582 7396/223/582 7456/221/582
f 7489/1/551 7490/36/551 7491/167/551 7492/168/551
f 7490/36/552 7493/54/552 7494/169/552 7491/167/552
f 7493/54/553 7495/74/553 7496/170/553 7494/169/553
f 7495/74/554 7497/141/554 7498/171/554 7496/170/554
f 7497/141/555 7499/151/555 7500/172/555 7498/171/555
f 7499/151/556 7501/161/556 7502/173/556 7500/172/556
f 7501/161/557 7503/174/557 7504/175/557 7502/173/557
f 7503/174/558 7505/176/558 7506/177/558 7504/175/558
f 7505/176/559 7507/178/559 7508/179/559 7506/177/559
f 7507/178/560 7509/180/560 7510/181/560 7508/179/560
f 7509/180/561 7511/182/561 7512/183/561 7510/181/561
f 7511/182/562 7513/184/562 7514/185/562 7512/183/562
f 7513/184/563 7515/186/563 7516/187/563 7514/185/563
f 7515/186/564 7517/188/564 7518/189/564 7516/187/564
f 7517/188/565 7519/190/565 7520/191/565 7518/189/565
f 7519/190/566 7521/2/566 7522/99/566 7520/191/566
f 7521/2/567 7523/192/567 7524/193/567 7522/99/567
f 7523/192/568 7525/194/568 7526/195/568 7524/193/568
f 7525/194/569 7527/196/569 7528/197/569 7526/195/569
f 7527/196/570 7529/198/570 7530/199/570 7528/197/570
f 7529/198/571 7531/200/571 7532/201/571 7530/199/571
f 7531/200/572 7533/202/572 7534/203/572 7532/201/572
f 7533/202/573 7535/204/573 7536/205/573 7534/203/573
f 7535/204/574 7537/206/574 7538/207/574 7536/205/574
f 7537/206/575 7539/208/575 7540/209/575 7538/207/575
f 7539/208/576 7541/210/576 7542/211/576 7540/209/576
f 7541/210/577 7543/212/577 7544/213/577 7542/211/577
f 7543/212/578 7545/214/578 7546/215/578 7544/213/578
f 7545/214/579 7547/216/579 7548/217/579 7546/215/579
f 7547/216/580 7549/218/580 7550/219/580 7548/217/580
f 7549/218/581 7551/220/581 7552/221/581 7550/219/581
f 7551/220/582 7489/222/582 7492/223/582 7552/221/582
f 7585/1/551 7586/36/551 7587/167/551 7588/168/551
f 7586/36/552 7589/54/552 7590/169/552 7587/167/552
f 7589/54/553 7591/74/553 7592/170/553 7590/169/553
f 7591/74/554 7593/141/554 7594/171/554 7592/170/554
f 7593/141/555 7595/151/555 7596/172/555 7594/171/555
f 7595/151/556 7597/161/556 7598/173/556 7596/172/556
f 7597/161/557 7599/174/557 7600/175/557 7598/173/557
f 7599/174/558 7601/176/558 7602/177/558 7600/175/558
f 7601/176/559 7603/178/559 7604/179/559 7602/177/559
f 7603/178/560 7605/180/560 7606/181/560 7604/179/560
f 7605/180/561 7607/182/561 7608/183/561 7606/181/561
f 7607/182/562 7609/184/562 7610/185/562 7608/183/562
f 7609/184/563 7611/186/563 7612/187/563 7610/185/563
f 7611/186/564 7613/188/564 7614/189/564 7612/187/564
f 7613/188/565 7615/190/565 7616/191/565 7614/189/565
f 7615/190/566 7617/2/566 7618/99/566 7616/191/566
f 7617/2/567 7619/192/567 7620/193/567 7618/99/567
f 7619/192/568 7621/194/568 7622/195/568 7620/193/568
f 7621/194/569 7623/196/569 7624/197/569 7622/195/569
f 7623/196/570 7625/198/570 7626/199/570 7624/197/570
f 7625/198/571 7627/200/571 7628/201/571 7626/199/571
f 7627/200/572 7629/202/572 7630/203/572 7628/201/572
f 7629/202/573 7631/204/573 7632/205/573 7630/203/573
f 7631/204/574 7633/206/574 7634/207/574 7632/205/574
f 7633/206/575 7635/208/575 7636/209/575 7634/207/575
f 7635/208/576 7637/210/576 7638/211/576 7636/209/576
f 7637/210/577 7639/212/577 7640/213/577 7638/211/577
f 7639/212/578 7641/214/578 7642/215/578 7640/213/578
f 7641/214/579 7643/216/579 7644/217/579 7642/215/579
f 7643/216/580 7645/218/580 7646/219/580 7644/217/580
f 7645/218/581 7647/220/581 7648/221/581 7646/219/581
f 7647/220/582 7585/222/582 7588/223/582 7648/221/582
f 7681/1/551 7682/36/551 7683/167/551 7684/168/551
f 7682/36/552 7685/54/552 7686/169/552 7683/167/552
f 7685/54/553 7687/74/553 7688/170/553 7686/169/553
f 7687/74/554 7689/141/554 7690/171/554 7688/170/554
f 7689/141/555 7691/151/555 7692/172/555 7690/171/555
f 7691/151/556 7693/161/556 7694/173/556 7692/172/556
f 7693/161/557 7695/174/557 7696/175/557 7694/173/557
f 7695/174/558 7697/176/558 7698/177/558 7696/175/558
f 7697/176/559 7699/178/559 7700/179/559 7698/177/559
f 7699/178/560 7701/180/560 7702/181/560 7700/179/560
f 7701/180/561 7703/182/561 7704/183/561 7702/181/561
f 7703/182/562 7705/184/562 7706/185/562 7704/183/562
f 7705/184/563 7707/186/563 7708/187/563 7706/185/563
f 7707/186/564 7709/188/564 7710/189/564 7708/187/564
f 7709/188/565 7711/190/565 7712/191/565 7710/189/565
f 7711/190/566 7713/2/566 7714/99/566 7712/191/566
f 7713/2/567 7715/192/567 7716/193/567 7714/99/567
f 7715/192/568 7717/194/568 7718/195/568 7716/193/568
f 7717/194/569 7719/196/569 7720/197/569 7718/195/569
f 7719/196/570 7721/198/570 7722/199/570 7720/197/570
f 7721/198/571 7723/200/571 7724/201/571 7722/199/571
f 7723/200/572 7725/202/572 7726/203/572 7724/201/572
f 7725/202/573 7727/204/573 7728/205/573 7726/203/573
f 7727/204/574 7729/206/574 7730/207/574 7728/205/574
f 7729/206/575 7731/208/575 7732/209/575 7730/207/575
f 7731/208/576 7733/210/576 7734/211/576 7732/209/576
f 7733/210/577 7735/212/577 7736/213/577 7734/211/577
f 7735/212/578 7737/214/578 7738/215/578 7736/213/578
f 7737/214/579 7739/216/579 7740/217/579 7738/215/579
f 7739/216/580 7741/218/580 7742/219/580 7740/217/580
f 7741/218/581 7743/220/581 7744/221/581 7742/219/581
f 7743/220/582 7681/222/582 7684/223/582 7744/221/582
f 7777/1/551 7778/36/551 7779/167/551 7780/168/551
f 7778/36/552 7781/54/552 7782/169/552 7779/167/552
f 7781/54/553 7783/74/553 7784/170/553 7782/169/553
f 7783/74/554 7785/141/554 7786/171/554 7784/170/554
f 7785/141/555 7787/151/555 7788/172/555 7786/171/555
f 7787/151/556 7789/161/556 7790/173/556 7788/172/556
f 7789/161/557 7791/174/557 7792/175/557 7790/173/557
f 7791/174/558 7793/176/558 7794/177/558 7792/175/558
f 7793/176/559 7795/178/559 7796/179/559 7794/177/559
f 7795/178/560 7797/180/560 7798/181/560 7796/179/560
f 7797/180/561 7799/182/561 7800/183/561 7798/181/561
f 7799/182/562 7801/184/562 7802/185/562 7800/183/562
f 7801/184/563 7803/186/563 7804/187/563 7802/185/563
f 7803/186/564 7805/188/564 7806/189/564 7804/187/564
f 7805/188/565 7807/190/565 7808/191/565 7806/189/565
f 7807/190/566 7809/2/566 7810/99/566 7808/191/566
f 7809/2/567 7811/192/567 7812/193/567 7810/99/567
f 7811/192/568 7813/194/568 7814/195/568 7812/193/568
f 7813/194/569 7815/196/569 7816/197/569 7814/195/569
f 7815/196/570 7817/198/570 7818/199/570 7816/197/570
f 7817/198/571 7819/200/571 7820/201/571 7818/199/571
f 7819/200/572 7821/202/572 7822/203/572 7820/201/572
f 7821/202/573 7823/204/573 7824/205/573 7822/203/573
f 7823/204/574 7825/206/574 7826/207/574 7824/205/574
f 7825/206/575 7827/208/575 7828/209/575 7826/207/575
f 7827/208/576 7829/210/576 7830/211/576 7828/209/576
f 7829/210/577 7831/212/577 7832/213/577 7830/211/577
f 7831/212/578 7833/214/578 7834/215/578 7832/213/578
f 7833/214/579 7835/216/579 7836/217/579 7834/215/579
f 7835/216/580 7837/218/580 7838/219/580 7836/217/580
f 7837/218/581 7839/220/581 7840/221/581 7838/219/581
f 7839/220/582 7777/222/582 7780/223/582 7840/221/582
f 7873/1/551 7874/36/551 7875/167/551 7876/168/551
f 7874/36/552 7877/54/552 7878/169/552 7875/167/552
f 7877/54/553 7879/74/553 7880/170/553 7878/169/553
f 7879/74/554 7881/141/554 7882/171/554 7880/170/554
f 7881/141/555 7883/151/555 7884/172/555 7882/171/555
f 7883/151/556 7885/161/556 7886/173/556 7884/172/556
f 7885/161/557 7887/174/557 7888/175/557 7886/173/557
f 7887/174/558 7889/176/558 7890/177/558 7888/175/558
f 7889/176/559 7891/178/559 7892/179/559 7890/177/559
f 7891/178/560 7893/180/560 7894/181/560 7892/179/560
f 7893/180/561 7895/182/561 7896/183/561 7894/181/561
f 7895/182/562 7897/184/562 7898/185/562 7896/183/562
f 7897/184/563 7899/186/563 7900/187/563 7898/185/563
f 7899/186/564 7901/188/564 7902/189/564 7900/187/564
f 7901/188/565 7903/190/565 7904/191/565 7902/189/565
f 7903/190/566 7905/2/566 7906/99/566 7904/191/566
f 7905/2/567 7907/192/567 7908/193/567 7906/99/567
f 7907/192/568 7909/194/568 7910/195/568 7908/193/568
f 7909/194/569 7911/196/569 7912/197/569 7910/195/569
f 7911/196/570 7913/198/570 7914/199/570 7912/197/570
f 7913/198/571 7915/200/571 7916/201/571 7914/199/571
f 7915/200/572 7917/202/572 7918/203/572 7916/201/572
f 7917/202/573 7919/204/573 7920/205/573 7918/203/573
f 7919/204/574 7921/206/574 7922/207/574 7920/205/574
f 7921/206/575 7923/208/575 7924/209/575 7922/207/575
f 7923/208/576 7925/210/576 7926/211/576 7924/209/576
f 7925/210/577 7927/212/577 7928/213/577 7926/211/577
f 7927/212/578 7929/214/578 7930/215/578 7928/213/578
f 7929/214/579 7931/216/579 7932/217/579 7930/215/579
f 7931/216/580 7933/218/580 7934/219/580 7932/217/580
f 7933/218/581 7935/220/581 7936/221/581 7934/219/581
f 7935/220/582 7873/222/582 7876/223/582 7936/221/582
f 7969/1/551 7970/36/551 7971/167/551 7972/168/551
f 7970/36/552 7973/54/552 7974/169/552 7971/167/552
f 7973/54/553 7975/74/553 7976/170/553 7974/169/553
f 7975/74/554 7977/141/554 7978/171/554 7976/170/554
f 7977/141/555 7979/151/555 7980/172/555 7978/171/555
f 7979/151/556 7981/161/556 7982/173/556 7980/172/556
f 7981/161/557 7983/174/557 7984/175/557 7982/173/557
f 7983/174/558 7985/176/558 7986/177/558 7984/175/558
f 7985/176/559 7987/178/559 7988/179/559 7986/177/559
f 7987/178/560 7989/180/560 7990/181/560 7988/179/560
f 7989/180/561 7991/182/561 7992/183/561 7990/181/561
f 7991/182/562 7993/184/562 7994/185/562 7992/183/562
f 7993/184/563 7995/186/563 7996/187/563 7994/185/563
f 7995/186/564 7997/188/564 7998/189/564 7996/187/564
f 7997/188/565 7999/190/565 8000/191/565 7998/189/565
f 7999/190/566 8001/2/566 8002/99/566 8000/191/566
f 8001/2/567 8003/192/567 8004/193/567 8002/99/567
f 8003/192/568 8005/194/568 8006/195/568 8004/193/568
f 8005/194/569 8007/196/569 8008/197/569 8006/195/569
f 8007/196/570 8009/198/570 8010/199/570 8008/197/570
f 8009/198/571 8011/200/571 8012/201/571 8010/199/571
f 8011/200/572 8013/202/572 8014/203/572 8012/201/572
f 8013/202/573 8015/204/573 8016/205/573 8014/203/573
f 8015/204/574 8017/206/574 8018/207/574 8016/205/574
f 8017/206/575 8019/208/575 8020/209/575 8018/207/575
f 8019/208/576 8021/210/576 8022/211/576 8020/209/576
f 8021/210/577 8023/212/577 8024/213/577 8022/211/577
f 8023/212/578 8025/214/578 8026/215/578 8024/213/578
f 8025/214/579 8027/216/579 8028/217/579 8026/215/579
f 8027/216/580 8029/218/580 8030/219/580 8028/217/580
f 8029/218/581 8031/220/581 8032/221/581 8030/219/581
f 8031/220/582 7969/222/582 7972/223/582 8032/221/582
f 8065/1/551 8066/36/551 8067/167/551 8068/168/551
f 8066/36/552 8069/54/552 8070/169/552 8067/167/552
f 8069/54/553 8071/74/553 8072/170/553 8070/169/553
f 8071/74/554 8073/141/554 8074/171/554 8072/170/554
f 8073/141/555 8075/151/555 8076/172/555 8074/171/555
f 8075/151/556 8077/161/556 8078/173/556 8076/172/556
f 8077/161/557 8079/174/557 8080/175/557 8078/173/557
f 8079/174/558 8081/176/558 8082/177/558 8080/175/558
f 8081/176/559 8083/178/559 8084/179/559 8082/177/559
f 8083/178/560 8085/180/560 8086/181/560 8084/179/560
f 8085/180/561 8087/182/561 8088/183/561 8086/181/561
f 8087/182/562 8089/184/562 8090/185/562 8088/183/562
f 8089/184/563 8091/186/563 8092/187/563 8090/185/563
f 8091/186/564 8093/188/564 8094/189/564 8092/187/564
f 8093/188/565 8095/190/565 8096/191/565 8094/189/565
f 8095/190/566 8097/2/566 8098/99/566 8096/191/566
f 8097/2/567 8099/192/567 8100/193/567 8098/99/567
f 8099/192/568 8101/194/568 8102/195/568 8100/193/568
f 8101/194/569 8103/196/569 8104/197/569 8102/195/569
f 8103/196/570 8105/198/570 8106/199/570 8104/197/570
f 8105/198/571 8107/200/571 8108/201/571 8106/199/571
f 8107/200/572 8109/202/572 8110/203/572 8108/201/572
f 8109/202/573 8111/204/573 8112/205/573 8110/203/573
f 8111/204/574 8113/206/574 8114/207/574 8112/205/574
f 8113/206/575 8115/208/575 8116/209/575 8114/207/575
f 8115/208/576 8117/210/576 8118/211/576 8116/209/576
f 8117/210/577 8119/212/577 8120/213/577 8118/211/577
f 8119/212/578 8121/214/578 8122/215/578 8120/213/578
f 8121/214/579 8123/216/579 8124/217/579 8122/215/579
f 8123/216/580 8125/218/580 8126/219/580 8124/217/580
f 8125/218/581 8127/220/581 8128/221/581 8126/219/581
f 8127/220/582 8065/222/582 8068/223/582 8128/221/582
f 8161/1/551 8162/36/551 8163/167/551 8164/168/551
f 8162/36/552 8165/54/552 8166/169/552 8163/167/552
f 8165/54/553 8167/74/553 8168/170/553 8166/169/553
f 8167/74/554 8169/141/554 8170/171/554 8168/170/554
f 8169/141/555 8171/151/555 8172/172/555 8170/171/555
f 8171/151/556 8173/161/556 8174/173/556 8172/172/556
f 8173/161/557 8175/174/557 8176/175/557 8174/173/557
f 8175/174/558 8177/176/558 8178/177/558 8176/175/558
f 8177/176/559 8179/178/559 8180/179/559 8178/177/559
f 8179/178/560 8181/180/560 8182/181/560 8180/179/560
f 8181/180/561 8183/182/561 8184/183/561 8182/181/561
f 8183/182/562 8185/184/562 8186/185/562 8184/183/562
f 8185/184/563 8187/186/563 8188/187/563 8186/185/563
f 8187/186/564 8189/188/564 8190/189/564 8188/187/564
f 8189/188/565 8191/190/565 8192/191/565 8190/189/565
f 8191/190/566 8193/2/566 8194/99/566 8192/191/566
f 8193/2/567 8195/192/567 8196/193/567 8194/99/567
f 8195/192/568 8197/194/568 8198/195/568 8196/193/568
f 8197/194/569 8199/196/569 8200/197/569 8198/195/569
f 8199/196/570 8201/198/570 8202/199/570 8200/197/570
f 8201/198/571 8203/200/571 8204/201/571 8202/199/571
f 8203/200/572 8205/202/572 8206/203/572 8204/201/572
f 8205/202/573 8207/204/573 8208/205/573 8206/203/573
f 8207/204/574 8209/206/574 8210/207/574 8208/205/574
f 8209/206/575 8211/208/575 8212/209/575 8210/207/575
f 8211/208/576 8213/210/576 8214/211/576 8212/209/576
f 8213/210/577 8215/212/577 8216/213/577 8214/211/577
f 8215/212/578 8217/214/578 8218/215/578 8216/213/578
f 8217/214/579 8219/216/579 8220/217/579 8218/215/579
f 8219/216/580 8221/218/580 8222/219/580 8220/217/580
f 8221/218/581 8223/220/581 8224/221/581 8222/219/581
f 8223/220/582 8161/222/582 8164/223/582 8224/221/582
f 8257/1/551 8258/36/551 8259/167/551 8260/168/551
f 8258/36/552 8261/54/552 8262/169/552 8259/167/552
f 8261/54/553 8263/74/553 8264/170/553 8262/169/553
f 8263/74/554 8265/141/554 8266/171/554 8264/170/554
f 8265/141/555 8267/151/555 8268/172/555 8266/171/555
f 8267/151/556 8269/161/556 8270/173/556 8268/172/556
f 8269/161/557 8271/174/557 8272/175/557 8270/173/557
f 8271/174/558 8273/176/558 8274/177/558 8272/175/558
f 8273/176/559 8275/178/559 8276/179/559 8274/177/559
f 8275/178/560 8277/180/560 8278/181/560 8276/179/560
f 8277/180/561 8279/182/561 8280/183/561 8278/181/561
f 8279/182/562 8281/184/562 8282/185/562 8280/183/562
f 8281/184/563 8283/186/563 8284/187/563 8282/185/563
f 8283/186/564 8285/188/564 8286/189/564 8284/187/564
f 8285/188/565 8287/190/565 8288/191/565 8286/189/565
f 8287/190/566 8289/2/566 8290/99/566 8288/191/566
f 8289/2/567 8291/192/567 8292/193/567 8290/99/567
f 8291/192/568 8293/194/568 8294/195/568 8292/193/568
f 8293/194/569 8295/196/569 8296/197/569 8294/195/569
f 8295/196/570 8297/198/570 8298/199/570 8296/197/570
f 8297/198/571 8299/200/571 8300/201/571 8298/199/571
f 8299/200/572 8301/202/572 8302/203/572 8300/201/572
f 8301/202/573 8303/204/573 8304/205/573 8302/203/573
f 8303/204/574 8305/206/574 8306/207/574 8304/205/574
f 8305/206/575 8307/208/575 8308/209/575 8306/207/575
f 8307/208/576 8309/210/576 8310/211/576 8308/209/576
f 8309/210/577 8311/212/577 8312/213/577 8310/211/577
f 8311/212/578 8313/214/578 8314/215/578 8312/213/578
f 8313/214/579 8315/216/579 8316/217/579 8314/215/579
f 8315/216/580 8317/218/580 8318/219/580 8316/217/580
f 8317/218/581 8319/220/581 8320/221/581 8318/219/581
f 8319/220/582 8257/222/582 8260/223/582 8320/221/582
f 8353/1/551 8354/36/551 8355/167/551 8356/168/551
f 8354/36/552 8357/54/552 8358/169/552 8355/167/552
f 8357/54/553 8359/74/553 8360/170/553 8358/169/553
f 8359/74/554 8361/141/554 8362/171/554 8360/170/554
f 8361/141/555 8363/151/555 8364/172/555 8362/171/555
f 8363/151/556 8365/161/556 8366/173/556 8364/172/556
f 8365/161/557 8367/174/557 8368/175/557 8366/173/557
f 8367/174/558 8369/176/558 8370/177/558 8368/175/558
f 8369/176/559 8371/178/559 8372/179/559 8370/177/559
f 8371/178/560 8373/180/560 8374/181/560 8372/179/560
f 8373/180/561 8375/182/561 8376/183/561 8374/181/561
f 8375/182/562 8377/184/562 8378/185/562 8376/183/562
f 8377/184/563 8379/186/563 8380/187/563 8378/185/563
f 8379/186/564 8381/188/564 8382/189/564 8380/187/564
f 8381/188/565 8383/190/565 8384/191/565 8382/189/565
f 8383/190/566 8385/2/566 8386/99/566 8384/191/566
f 8385/2/567 8387/192/567 8388/193/567 8386/99/567
f 8387/192/568 8389/194/568 8390/195/568 8388/193/568
f 8389/194/569 8391/196/569 8392/197/569 8390/195/569
f 8391/196/570 8393/198/570 8394/199/570 8392/197/570
f 8393/198/571 8395/200/571 8396/201/571 8394/199/571
f 8395/200/572 8397/202/572 8398/203/572 8396/201/572
f 8397/202/573 8399/204/573 8400/205/573 8398/203/573
f 8399/204/574 8401/206/574 8402/207/574 8400/205/574
f 8401/206/575 8403/208/575 8404/209/575 8402/207/575
f 8403/208/576 8405/210/576 8406/211/576 8404/209/576
f 8405/210/577 8407/212/577 8408/213/577 8406/211/577
f 8407/212/578 8409/214/578 8410/215/578 8408/213/578
f 8409/214/579 8411/216/579 8412/217/579 8410/215/579
f 8411/216/580 8413/218/580 8414/219/580 8412/217/580
f 8413/218/581 8415/220/581 8416/221/581 8414/219/581
f 8415/220/582 8353/222/582 8356/223/582 8416/221/582
f 8449/1/551 8450/36/551 8451/167/551 8452/168/551
f 8450/36/552 8453/54/552 8454/169/552 8451/167/552
f 8453/54/553 8455/74/553 8456/170/553 8454/169/553
f 8455/74/554 8457/141/554 8458/171/554 8456/170/554
f 8457/141/555 8459/151/555 8460/172/555 8458/171/555
f 8459/151/556 8461/161/556 8462/173/556 8460/172/556
f 8461/161/557 8463/174/557 8464/175/557 8462/173/557
f 8463/174/558 8465/176/558 8466/177/558 8464/175/558
f 8465/176/559 8467/178/559 8468/179/559 8466/177/559
f 8467/178/560 8469/180/560 8470/181/560 8468/179/560
f 8469/180/561 8471/182/561 8472/183/561 8470/181/561
f 8471/182/562 8473/184/562 8474/185/562 8472/183/562
f 8473/184/563 8475/186/563 8476/187/563 8474/185/563
f 8475/186/564 8477/188/564 8478/189/564 8476/187/564
f 8477/188/565 8479/190/565 8480/191/565 8478/189/565
f 8479/190/566 8481/2/566 8482/99/566 8480/191/566
f 8481/2/567 8483/192/567 8484/193/567 8482/99/567
f 8483/192/568 8485/194/568 8486/195/568 8484/193/568
f 8485/194/569 8487/196/569 8488/197/569 8486/195/569
f 8487/196/570 8489/198/570 8490/199/570 8488/197/570
f 8489/198/571 8491/200/571 8492/201/571 8490/199/571
f 8491/200/572 8493/202/572 8494/203/572 8492/201/572
f 8493/202/573 8495/204/573 8496/205/573 8494/203/573
f 8495/204/574 8497/206/574 8498/207/574 8496/205/574
f 8497/206/575 8499/208/575 8500/209/575 8498/207/575
f 8499/208/576 8501/210/576 8502/211/576 8500/209/576
f 8501/210/577 8503/212/577 8504/213/577 8502/211/577
f 8503/212/578 8505/214/578 8506/215/578 8504/213/578
f 8505/214/579 8507/216/579 8508/217/579 8506/215/579
f 8507/216/580 8509/218/580 8510/219/580 8508/217/580
f 8509/218/581 8511/220/581 8512/221/581 8510/219/581
f 8511/220/582 8449/222/582 8452/223/582 8512/221/582
o string_3
usemtl steel
f 6849/1/583 6850/24/583 6851/224/583 6852/117/583
f 6850/24/584 6853/32/584 6854/225/584 6851/224/584
f 6853/32/585 6855/40/585 6856/226/585 6854/225/585
f 6855/40/586 6857/10/586 6858/227/586 6856/226/586
f 6857/10/587 6859/54/587 6860/228/587 6858/227/587
f 6859/54/588 6861/62/588 6862/229/588 6860/228/588
f 6861/62/589 6863/70/589 6864/230/589 6862/229/589
f 6863/70/590 6865/16/590 6866/231/590 6864/230/590
f 6865/16/591 6867/137/591 6868/232/591 6866/231/591
f 6867/137/592 6869/141/592 6870/233/592 6868/232/592
f 6869/141/593 6871/145/593 6872/234/593 6870/233/593
f 6871/145/594 6873/149/594 6874/235/594 6872/234/594
f 6873/149/595 6875/153/595 6876/236/595 6874/235/595
f 6875/153/596 6877/157/596 6878/237/596 6876/236/596
f 6877/157/597 6879/161/597 6880/238/597 6878/237/597
f 6879/161/598 6881/165/598 6882/239/598 6880/238/598
f 6881/165/599 6883/240/599 6884/241/599 6882/239/599
f 6883/240/600 6885/242/600 6886/243/600 6884/241/600
f 6885/242/601 6887/244/601 6888/245/601 6886/243/601
f 6887/244/602 6889/176/602 6890/246/602 6888/245/602
f 6889/176/603 6891/247/603 6892/248/603 6890/246/603
f 6891/247/604 6893/249/604 6894/250/604 6892/248/604
f 6893/249/605 6895/251/605 6896/252/605 6894/250/605
f 6895/251/606 6897/112/606 6898/253/606 6896/252/606
f 6897/112/607 6899/180/607 6900/254/607 6898/253/607
f 6899/180/608 6901/255/608 6902/256/608 6900/254/608
f 6901/255/609 6903/257/609 6904/258/609 6902/256/609
f 6903/257/610 6905/259/610 6906/260/610 6904/258/610
f 6905/259/611 6907/261/611 6908/262/611 6906/260/611
f 6907/261/612 6909/184/612 6910/263/612 6908/262/612
f 6909/184/613 6911/264/613 6912/265/613 6910/263/613
f 6911/264/614 6849/115/614 6852/116/614 6912/265/614
f 6852/1/583 6851/24/583 6977/224/583 6978/117/583
f 6851/24/584 6854/32/584 6979/225/584 6977/224/584
f 6854/32/585 6856/40/585 6980/226/585 6979/225/585
f 6856/40/586 6858/10/586 6981/227/586 6980/226/586
f 6858/10/587 6860/54/587 6982/228/587 6981/227/587
f 6860/54/588 6862/62/588 6983/229/588 6982/228/588
f 6862/62/589 6864/70/589 6984/230/589 6983/229/589
f 6864/70/590 6866/16/590 6985/231/590 6984/230/590
f 6866/16/591 6868/137/591 6986/232/591 6985/231/591
f 6868/137/592 6870/141/592 6987/233/592 6986/232/592
f 6870/141/593 6872/145/593 6988/234/593 6987/233/593
f 6872/145/594 6874/149/594 6989/235/594 6988/234/594
f 6874/149/595 6876/153/595 6990/236/595 6989/235/595
f 6876/153/596 6878/157/596 6991/237/596 6990/236/596
f 6878/157/597 6880/161/597 6992/238/597 6991/237/597
f 6880/161/598 6882/165/598 6993/239/598 6992/238/598
f 6882/165/599 6884/240/599 6994/241/599 6993/239/599
f 6884/240/600 6886/242/600 6995/243/600 6994/241/600
f 6886/242/601 6888/244/601 6996/245/601 6995/243/601
f 6888/244/602 6890/176/602 6997/246/602 6996/245/602
f 6890/176/603 6892/247/603 6998/248/603 6997/246/603
f 6892/247/604 6894/249/604 6999/250/604 6998/248/604
f 6894/249/605 6896/251/605 7000/252/605 6999/250/605
f 6896/251/606 6898/112/606 7001/253/606 7000/252/606
f 6898/112/607 6900/180/607 7002/254/607 7001/253/607
f 6900/180/608 6902/255/608 7003/256/608 7002/254/608
f 6902/255/609 6904/257/609 7004/258/609 7003/256/609
f 6904/257/610 6906/259/610 7005/260/610 7004/258/610
f 6906/259/611 6908/261/611 7006/262/611 7005/260/611
f 6908/261/612 6910/184/612 7007/263/612 7006/262/612
f 6910/184/613 6912/264/613 7008/265/613 7007/263/613
f 6912/264/614 6852/115/614 6978/116/614 7008/265/614
f 6978/1/583 6977/24/583 7073/224/583 7074/117/583
f 6977/24/584 6979/32/584 7075/225/584 7073/224/584
f 6979/32/585 6980/40/585 7076/226/585 7075/225/585
f 6980/40/586 6981/10/586 7077/227/586 7076/226/586
f 6981/10/587 6982/54/587 7078/228/587 7077/227/587
f 6982/54/588 6983/62/588 7079/229/588 7078/228/588
f 6983/62/589 6984/70/589 7080/230/589 7079/229/589
f 6984/70/590 6985/16/590 7081/231/590 7080/230/590
f 6985/16/591 6986/137/591 7082/232/591 7081/231/591
f 6986/137/592 6987/141/592 7083/233/592 7082/232/592
f 6987/141/593 6988/145/593 7084/234/593 7083/233/593
f 6988/145/594 6989/149/594 7085/235/594 7084/234/594
f 6989/149/595 6990/153/595 7086/236/595 7085/235/595
f 6990/153/596 6991/157/596 7087/237/596 7086/236/596
f 6991/157/597 6992/161/597 7088/238/597 7087/237/597
f 6992/161/598 6993/165/598 7089/239/598 7088/238/598
f 6993/165/599 6994/240/599 7090/241/599 7089/239/599
f 6994/240/600 6995/242/600 7091/243/600 7090/241/600
f 6995/242/601 6996/244/601 7092/245/601 7091/243/601
f 6996/244/602 6997/176/602 7093/246/602 7092/245/602
f 6997/176/603 6998/247/603 7094/248/603 7093/246/603
f 6998/247/604 6999/249/604 7095/250/604 7094/248/604
f 6999/249/605 7000/251/605 7096/252/605 7095/250/605
f 7000/251/606 7001/112/606 7097/253/606 7096/252/606
f 7001/112/607 7002/180/607 7098/254/607 7097/253/607
f 7002/180/608 7003/255/608 7099/256/608 7098/254/608
f 7003/255/609 7004/257/609 7100/258/609 7099/256/609
f 7004/257/610 7005/259/610 7101/260/610 7100/258/610
f 7005/259/611 7006/261/611 7102/262/611 7101/260/611
f 7006/261/612 7007/184/612 7103/263/612 7102/262/612
f 7007/184/613 7008/264/613 7104/265/613 7103/263/613
f 7008/264/614 6978/115/614 7074/116/614 7104/265/614
f 7074/1/583 7073/24/583 7169/224/583 7170/117/583
f 7073/24/584 7075/32/584 7171/225/584 7169/224/584
f 7075/32/585 7076/40/585 7172/226/585 7171/225/585
f 7076/40/586 7077/10/586 7173/227/586 7172/226/586
f 7077/10/587 7078/54/587 7174/228/587 7173/227/587
f 7078/54/588 7079/62/588 7175/229/588 7174/228/588
f 7079/62/589 7080/70/589 7176/230/589 7175/229/589
f 7080/70/590 7081/16/590 7177/231/590 7176/230/590
f 7081/16/591 7082/137/591 7178/232/591 7177/231/591
f 7082/137/592 7083/141/592 7179/233/592 7178/232/592
f 7083/141/593 7084/145/593 7180/234/593 7179/233/593
f 7084/145/594 7085/149/594 7181/235/594 7180/234/594
f 7085/149/595 7086/153/595 7182/236/595 7181/235/595
f 7086/153/596 7087/157/596 7183/237/596 7182/236/596
f 7087/157/597 7088/161/597 7184/238/597 7183/237/597
f 7088/161/598 7089/165/598 7185/239/598 7184/238/598
f 7089/165/599 7090/240/599 7186/241/599 7185/239/599
f 7090/240/600 7091/242/600 7187/243/600 7186/241/600
f 7091/242/601 7092/244/601 7188/245/601 7187/243/601
f 7092/244/602 7093/176/602 7189/246/602 7188/245/602
f 7093/176/603 7094/247/603 7190/248/603 7189/246/603
f 7094/247/604 7095/249/604 7191/250/604 7190/248/604
f 7095/249/605 7096/251/605 7192/252/605 7191/250/605
f 7096/251/606 7097/112/606 7193/253/606 7192/252/606
f 7097/112/607 7098/180/607 7194/254/607 7193/253/607
f 7098/180/608 7099/255/608 7195/256/608 7194/254/608
f 7099/255/609 7100/257/609 7196/258/609 7195/256/609
f 7100/257/610 7101/259/610 7197/260/610 7196/258/610
f 7101/259/611 7102/261/611 7198/262/611 7197/260/611
f 7102/261/612 7103/184/612 7199/263/612 7198/262/612
f 7103/184/613 7104/264/613 7200/265/613 7199/263/613
f 7104/264/614 7074/115/614 7170/116/614 7200/265/614
f 7170/1/583 7169/24/583 7265/224/583 7266/117/583
f 7169/24/584 7171/32/584 7267/225/584 7265/224/584
f 7171/32/585 7172/40/585 7268/226/585 7267/225/585
f 7172/40/586 7173/10/586 7269/227/586 7268/226/586
f 7173/10/587 7174/54/587 7270/228/587 7269/227/587
f 7174/54/588 7175/62/588 7271/229/588 7270/228/588
f 7175/62/589 7176/70/589 7272/230/589 7271/229/589
f 7176/70/590 7177/16/590 7273/231/590 7272/230/590
f 7177/16/591 7178/137/591 7274/232/591 7273/231/591
f 7178/137/592 7179/141/592 7275/233/592 7274/232/592
f 7179/141/593 7180/145/593 7276/234/593 7275/233/593
f 7180/145/594 7181/149/594 7277/235/594 7276/234/594
f 7181/149/595 7182/153/595 7278/236/595 7277/235/595
f 7182/153/596 7183/157/596 7279/237/596 7278/236/596
f 7183/157/597 7184/161/597 7280/238/597 7279/237/597
f 7184/161/598 7185/165/598 7281/239/598 7280/238/598
f 7185/165/599 7186/240/599 7282/241/599 7281/239/599
f 7186/240/600 7187/242/600 7283/243/600 7282/241/600
f 7187/242/601 7188/244/601 7284/245/601 7283/243/601
f 7188/244/602 7189/176/602 7285/246/602 7284/245/602
f 7189/176/603 7190/247/603 7286/248/603 7285/246/603
f 7190/247/604 7191/249/604 7287/250/604 7286/248/604
f 7191/249/605 7192/251/605 7288/252/605 7287/250/605
f 7192/251/606 7193/112/606 7289/253/606 7288/252/606
f 7193/112/607 7194/180/607 7290/254/607 7289/253/607
f 7194/180/608 7195/255/608 7291/256/608 7290/254/608
f 7195/255/609 7196/257/609 7292/258/609 7291/256/609
f 7196/257/610 7197/259/610 7293/260/610 7292/258/610
f 7197/259/611 7198/261/611 7294/262/611 7293/260/611
f 7198/261/612 7199/184/612 7295/263/612 7294/262/612
f 7199/184/613 7200/264/613 7296/265/613 7295/263/613
f 7200/264/614 7170/115/614 7266/116/614 7296/265/614
f 7266/1/583 7265/24/583 7361/224/583 7362/117/583
f 7265/24/584 7267/32/584 7363/225/584 7361/224/584
f 7267/32/585 7268/40/585 7364/226/585 7363/225/585
f 7268/40/586 7269/10/586 7365/227/586 7364/226/586
f 7269/10/587 7270/54/587 7366/228/587 7365/227/587
f 7270/54/588 7271/62/588 7367/229/588 7366/228/588
f 7271/62/589 7272/70/589 7368/230/589 7367/229/589
f 7272/70/590 7273/16/590 7369/231/590 7368/230/590
f 7273/16/591 7274/137/591 7370/232/591 7369/231/591
f 7274/137/592 7275/141/592 7371/233/592 7370/232/592
f 7275/141/593 7276/145/593 7372/234/593 7371/233/593
f 7276/145/594 7277/149/594 7373/235/594 7372/234/594
f 7277/149/595 7278/153/595 7374/236/595 7373/235/595
f 7278/153/596 7279/157/596 7375/237/596 7374/236/596
f 7279/157/597 7280/161/597 7376/238/597 7375/237/597
f 7280/161/598 7281/165/598 7377/239/598 7376/238/598
f 7281/165/599 7282/240/599 7378/241/599 7377/239/599
f 7282/240/600 7283/242/600 7379/243/600 7378/241/600
f 7283/242/601 7284/244/601 7380/245/601 7379/243/601
f 7284/244/602 7285/176/602 7381/246/602 7380/245/602
f 7285/176/603 7286/247/603 7382/248/603 7381/246/603
f 7286/247/604 7287/249/604 7383/250/604 7382/248/604
f 7287/249/605 7288/251/605 7384/252/605 7383/250/605
f 7288/251/606 7289/112/606 7385/253/606 7384/252/606
f 7289/112/607 7290/180/607 7386/254/607 7385/253/607
f 7290/180/608 7291/255/608 7387/256/608 7386/254/608
f 7291/255/609 7292/257/609 7388/258/609 7387/256/609
f 7292/257/610 7293/259/610 7389/260/610 7388/258/610
f 7293/259/611 7294/261/611 7390/262/611 7389/260/611
f 7294/261/612 7295/184/612 7391/263/612 7390/262/612
f 7295/184/613 7296/264/613 7392/265/613 7391/263/613
f 7296/264/614 7266/115/614 7362/116/614 7392/265/614
f 7362/1/583 7361/24/583 7457/224/583 7458/117/583
f 7361/24/584 7363/32/584 7459/225/584 7457/224/584
f 7363/32/585 7364/40/585 7460/226/585 7459/225/585
f 7364/40/586 7365/10/586 7461/227/586 7460/226/586
f 7365/10/587 7366/54/587 7462/228/587 7461/227/587
f 7366/54/588 7367/62/588 7463/229/588 7462/228/588
f 7367/62/589 7368/70/589 7464/230/589 7463/229/589
f 7368/70/590 7369/16/590 7465/231/590 7464/230/590
f 7369/16/591 7370/137/591 7466/232/591 7465/231/591
f 7370/137/592 7371/141/592 7467/233/592 7466/232/592
f 7371/141/593 7372/145/593 7468/234/593 7467/233/593
f 7372/145/594 7373/149/594 7469/235/594 7468/234/594
f 7373/149/595 7374/153/595 7470/236/595 7469/235/595
f 7374/153/596 7375/157/596 7471/237/596 7470/236/596
f 7375/157/597 7376/161/597 7472/238/597 7471/237/597
f 7376/161/598 7377/165/598 7473/239/598 7472/238/598
f 7377/165/599 7378/240/599 7474/241/599 7473/239/599
f 7378/240/600 7379/242/600 7475/243/600 7474/241/600
f 7379/242/601 7380/244/601 7476/245/601 7475/243/601
f 7380/244/602 7381/176/602 7477/246/602 7476/245/602
f 7381/176/603 7382/247/603 7478/248/603 7477/246/603
f 7382/247/604 7383/249/604 7479/250/604 7478/248/604
f 7383/249/605 7384/251/605 7480/252/605 7479/250/605
f 7384/251/606 7385/112/606 7481/253/606 7480/252/606
f 7385/112/607 7386/180/607 7482/254/607 7481/253/607
f 7386/180/608 7387/255/608 7483/256/608 7482/254/608
f 7387/255/609 7388/257/609 7484/258/609 7483/256/609
f 7388/257/610 7389/259/610 7485/260/610 7484/258/610
f 7389/259/611 7390/261/611 7486/262/611 7485/260/611
f 7390/261/612 7391/184/612 7487/263/612 7486/262/612
f 7391/184/613 7392/264/613 7488/265/613 7487/263/613
f 7392/264/614 7362/115/614 7458/116/614 7488/265/614
f 7458/1/583 7457/24/583 7553/224/583 7554/117/583
f 7457/24/584 7459/32/584 7555/225/584 7553/224/584
f 7459/32/585 7460/40/585 7556/226/585 7555/225/585
f 7460/40/586 7461/10/586 7557/227/586 7556/226/586
f 7461/10/587 7462/54/587 7558/228/587 7557/227/587
f 7462/54/588 7463/62/588 7559/229/588 7558/228/588
f 7463/62/589 7464/70/589 7560/230/589 7559/229/589
f 7464/70/590 7465/16/590 7561/231/590 7560/230/590
f 7465/16/591 7466/137/591 7562/232/591 7561/231/591
f 7466/137/592 7467/141/592 7563/233/592 7562/232/592
f 7467/141/593 7468/145/593 7564/234/593 7563/233/593
f 7468/145/594 7469/149/594 7565/235/594 7564/234/594
f 7469/149/595 7470/153/595 7566/236/595 7565/235/595
f 7470/153/596 7471/157/596 7567/237/596 7566/236/596
f 7471/157/597 7472/161/597 7568/238/597 7567/237/597
f 7472/161/598 7473/165/598 7569/239/598 7568/238/598
f 7473/165/599 7474/240/599 7570/241/599 7569/239/599
f 7474/240/600 7475/242/600 7571/243/600 7570/241/600
f 7475/242/601 7476/244/601 7572/245/601 7571/243/601
f 7476/244/602 7477/176/602 7573/246/602 7572/245/602
f 7477/176/603 7478/247/603 7574/248/603 7573/246/603
f 7478/247/604 7479/249/604 7575/250/604 7574/248/604
f 7479/249/605 7480/251/605 7576/252/605 7575/250/605
f 7480/251/606 7481/112/606 7577/253/606 7576/252/606
f 7481/112/607 7482/180/607 7578/254/607 7577/253/607
f 7482/180/608 7483/255/608 7579/256/608 7578/254/608
f 7483/255/609 7484/257/609 7580/258/609 7579/256/609
f 7484/257/610 7485/259/610 7581/260/610 7580/258/610
f 7485/259/611 7486/261/611 7582/262/611 7581/260/611
f 7486/261/612 7487/184/612 7583/263/612 7582/262/612
f 7487/184/613 7488/264/613 7584/265/613 7583/263/613
f 7488/264/614 7458/115/614 7554/116/614 7584/265/614
f 7554/1/583 7553/24/583 7649/224/583 7650/117/583
f 7553/24/584 7555/32/584 7651/225/584 7649/224/584
f 7555/32/585 7556/40/585 7652/226/585 7651/225/585
f 7556/40/586 7557/10/586 7653/227/586 7652/226/586
f 7557/10/587 7558/54/587 7654/228/587 7653/227/587
f 7558/54/588 7559/62/588 7655/229/588 7654/228/588
f 7559/62/589 7560/70/589 7656/230/589 7655/229/589
f 7560/70/590 7561/16/590 7657/231/590 7656/230/590
f 7561/16/591 7562/137/591 7658/232/591 7657/231/591
f 7562/137/592 7563/141/592 7659/233/592 7658/232/592
f 7563/141/593 7564/145/593 7660/234/593 7659/233/593
f 7564/145/594 7565/149/594 7661/235/594 7660/234/594
f 7565/149/595 7566/153/595 7662/236/595 7661/235/595
f 7566/153/596 7567/157/596 7663/237/596 7662/236/596
f 7567/157/597 7568/161/597 7664/238/597 7663/237/597
f 7568/161/598 7569/165/598 7665/239/598 7664/238/598
f 7569/165/599 7570/240/599 7666/241/599 7665/239/599
f 7570/240/600 7571/242/600 7667/243/600 7666/241/600
f 7571/242/601 7572/244/601 7668/245/601 7667/243/601
f 7572/244/602 7573/176/602 7669/246/602 7668/245/602
f 7573/176/603 7574/247/603 7670/248/603 7669/246/603
f 7574/247/604 7575/249/604 7671/250/604 7670/248/604
f 7575/249/605 7576/251/605 7672/252/605 7671/250/605
f 7576/251/606 7577/112/606 7673/253/606 7672/252/606
f 7577/112/607 7578/180/607 7674/254/607 7673/253/607
f 7578/180/608 7579/255/608 7675/256/608 7674/254/608
f 7579/255/609 7580/257/609 7676/258/609 7675/256/609
f 7580/257/610 7581/259/610 7677/260/610 7676/258/610
f 7581/259/611 7582/261/611 7678/262/611 7677/260/611
f 7582/261/612 7583/184/612 7679/263/612 7678/262/612
f 7583/184/613 7584/264/613 7680/265/613 7679/263/613
f 7584/264/614 7554/115/614 7650/116/614 7680/265/614
f 7650/1/583 7649/24/583 7745/224/583 7746/117/583
f 7649/24/584 7651/32/584 7747/225/584 7745/224/584
f 7651/32/585 7652/40/585 7748/226/585 7747/225/585
f 7652/40/586 7653/10/586 7749/227/586 7748/226/586
f 7653/10/587 7654/54/587 7750/228/587 7749/227/587
f 7654/54/588 7655/62/588 7751/229/588 7750/228/588
f 7655/62/589 7656/70/589 7752/230/589 7751/229/589
f 7656/70/590 7657/16/590 7753/231/590 7752/230/590
f 7657/16/591 7658/137/591 7754/232/591 7753/231/591
f 7658/137/592 7659/141/592 7755/233/592 7754/232/592
f 7659/141/593 7660/145/593 7756/234/593 7755/233/593
f 7660/145/594 7661/149/594 7757/235/594 7756/234/594
f 7661/149/595 7662/153/595 7758/236/595 7757/235/595
f 7662/153/596 7663/157/596 7759/237/596 7758/236/596
f 7663/157/597 7664/161/597 7760/238/597 7759/237/597
f 7664/161/598 7665/165/598 7761/239/598 7760/238/598
f 7665/165/599 7666/240/599 7762/241/599 7761/239/599
f 7666/240/600 7667/242/600 7763/243/600 7762/241/600
f 7667/242/601 7668/244/601 7764/245/601 7763/243/601
f 7668/244/602 7669/176/602 7765/246/602 7764/245/602
f 7669/176/603 7670/247/603 7766/248/603 7765/246/603
f 7670/247/604 7671/249/604 7767/250/604 7766/248/604
f 7671/249/605 7672/251/605 7768/252/605 7767/250/605
f 7672/251/606 7673/112/606 7769/253/606 7768/252/606
f 7673/112/607 7674/180/607 7770/254/607 7769/253/607
f 7674/180/608 7675/255/608 7771/256/608 7770/254/608
f 7675/255/609 7676/257/609 7772/258/609 7771/256/609
f 7676/257/610 7677/259/610 7773/260/610 7772/258/610
f 7677/259/611 7678/261/611 7774/262/611 7773/260/611
f 7678/261/612 7679/184/612 7775/263/612 7774/262/612
f 7679/184/613 7680/264/613 7776/265/613 7775/263/613
f 7680/264/614 7650/115/614 7746/116/614 7776/265/614
f 7746/1/583 7745/24/583 7841/224/583 7842/117/583
f 7745/24/584 7747/32/584 7843/225/584 7841/224/584
f 7747/32/585 7748/40/585 7844/226/585 7843/225/585
f 7748/40/586 7749/10/586 7845/227/586 7844/226/586
f 7749/10/587 7750/54/587 7846/228/587 7845/227/587
f 7750/54/588 7751/62/588 7847/229/588 7846/228/588
f 7751/62/589 7752/70/589 7848/230/589 7847/229/589
f 7752/70/590 7753/16/590 7849/231/590 7848/230/590
f 7753/16/591 7754/137/591 7850/232/591 7849/231/591
f 7754/137/592 7755/141/592 7851/233/592 7850/232/592
f 7755/141/593 7756/145/593 7852/234/593 7851/233/593
f 7756/145/594 7757/149/594 7853/235/594 7852/234/594
f 7757/149/595 7758/153/595 7854/236/595 7853/235/595
f 7758/153/596 7759/157/596 7855/237/596 7854/236/596
f 7759/157/597 7760/161/597 7856/238/597 7855/237/597
f 7760/161/598 7761/165/598 7857/239/598 7856/238/598
f 7761/165/599 7762/240/599 7858/241/599 7857/239/599
f 7762/240/600 7763/242/600 7859/243/600 7858/241/600
f 7763/242/601 7764/244/601 7860/245/601 7859/243/601
f 7764/244/602 7765/176/602 7861/246/602 7860/245/602
f 7765/176/603 7766/247/603 7862/248/603 7861/246/603
f 7766/247/604 7767/249/604 7863/250/604 7862/248/604
f 7767/249/605 7768/251/605 7864/252/605 7863/250/605
f 7768/251/606 7769/112/606 7865/253/606 7864/252/606
f 7769/112/607 7770/180/607 7866/254/607 7865/253/607
f 7770/180/608 7771/255/608 7867/256/608 7866/254/608
f 7771/255/609 7772/257/609 7868/258/609 7867/256/609
f 7772/257/610 7773/259/610 7869/260/610 7868/258/610
f 7773/259/611 7774/261/611 7870/262/611 7869/260/611
f 7774/261/612 7775/184/612 7871/263/612 7870/262/612
f 7775/184/613 7776/264/613 7872/265/613 7871/263/613
f 7776/264/614 7746/115/614 7842/116/614 7872/265/614
f 7842/1/583 7841/24/583 7937/224/583 7938/117/583
f 7841/24/584 7843/32/584 7939/225/584 7937/224/584
f 7843/32/585 7844/40/585 7940/226/585 7939/225/585
f 7844/40/586 7845/10/586 7941/227/586 7940/226/586
f 7845/10/587 7846/54/587 7942/228/587 7941/227/587
f 7846/54/588 7847/62/588 7943/229/588 7942/228/588
f 7847/62/589 7848/70/589 7944/230/589 7943/229/589
f 7848/70/590 7849/16/590 7945/231/590 7944/230/590
f 7849/16/591 7850/137/591 7946/232/591 7945/231/591
f 7850/137/592 7851/141/592 7947/233/592 7946/232/592
f 7851/141/593 7852/145/593 7948/234/593 7947/233/593
f 7852/145/594 7853/149/594 7949/235/594 7948/234/594
f 7853/149/595 7854/153/595 7950/236/595 7949/235/595
f 7854/153/596 7855/157/596 7951/237/596 7950/236/596
f 7855/157/597 7856/161/597 7952/238/597 7951/237/597
f 7856/161/598 7857/165/598 7953/239/598 7952/238/598
f 7857/165/599 7858/240/599 7954/241/599 7953/239/599
f 7858/240/600 7859/242/600 7955/243/600 7954/241/600
f 7859/242/601 7860/244/601 7956/245/601 7955/243/601
f 7860/244/602 7861/176/602 7957/246/602 7956/245/602
f 7861/176/603 7862/247/603 7958/248/603 7957/246/603
f 7862/247/604 7863/249/604 7959/250/604 7958/248/604
f 7863/249/605 7864/251/605 7960/252/605 7959/250/605
f 7864/251/606 7865/112/606 7961/253/606 7960/252/606
f 7865/112/607 7866/180/607 7962/254/607 7961/253/607
f 7866/180/608 7867/255/608 7963/256/608 7962/254/608
f 7867/255/609 7868/257/609 7964/258/609 7963/256/609
f 7868/257/610 7869/259/610 7965/260/610 7964/258/610
f 7869/259/611 7870/261/611 7966/262/611 7965/260/611
f 7870/261/612 7871/184/612 7967/263/612 7966/262/612
f 7871/184/613 7872/264/613 7968/265/613 7967/263/613
f 7872/264/614 7842/115/614 7938/116/614 7968/265/614
f 7938/1/583 7937/24/583 8033/224/583 8034/117/583
f 7937/24/584 7939/32/584 8035/225/584 8033/224/584
f 7939/32/585 7940/40/585 8036/226/585 8035/225/585
f 7940/40/586 7941/10/586 8037/227/586 8036/226/586
f 7941/10/587 7942/54/587 8038/228/587 8037/227/587
f 7942/54/588 7943/62/588 8039/229/588 8038/228/588
f 7943/62/589 7944/70/589 8040/230/589 8039/229/589
f 7944/70/590 7945/16/590 8041/231/590 8040/230/590
f 7945/16/591 7946/137/591 8042/232/591 8041/231/591
f 7946/137/592 7947/141/592 8043/233/592 8042/232/592
f 7947/141/593 7948/145/593 8044/234/593 8043/233/593
f 7948/145/594 7949/149/594 8045/235/594 8044/234/594
f 7949/149/595 7950/153/595 8046/236/595 8045/235/595
f 7950/153/596 7951/157/596 8047/237/596 8046/236/596
f 7951/157/597 7952/161/597 8048/238/597 8047/237/597
f 7952/161/598 7953/165/598 8049/239/598 8048/238/598
f 7953/165/599 7954/240/599 8050/241/599 8049/239/599
f 7954/240/600 7955/242/600 8051/243/600 8050/241/600
f 7955/242/601 7956/244/601 8052/245/601 8051/243/601
f 7956/244/602 7957/176/602 8053/246/602 8052/245/602
f 7957/176/603 7958/247/603 8054/248/603 8053/246/603
f 7958/247/604 7959/249/604 8055/250/604 8054/248/604
f 7959/249/605 7960/251/605 8056/252/605 8055/250/605
f 7960/251/606 7961/112/606 8057/253/606 8056/252/606
f 7961/112/607 7962/180/607 8058/254/607 8057/253/607
f 7962/180/608 7963/255/608 8059/256/608 8058/254/608
f 7963/255/609 7964/257/609 8060/258/609 8059/256/609
f 7964/257/610 7965/259/610 8061/260/610 8060/258/610
f 7965/259/611 7966/261/611 8062/262/611 8061/260/611
f 7966/261/612 7967/184/612 8063/263/612 8062/262/612
f 7967/184/613 7968/264/613 8064/265/613 8063/263/613
f 7968/264/614 7938/115/614 8034/116/614 8064/265/614
f 8034/1/583 8033/24/583 8129/224/583 8130/117/583
f 8033/24/584 8035/32/584 8131/225/584 8129/224/584
f 8035/32/585 8036/40/585 8132/226/585 8131/225/585
f 8036/40/586 8037/10/586 8133/227/586 8132/226/586
f 8037/10/587 8038/54/587 8134/228/587 8133/227/587
f 8038/54/588 8039/62/588 8135/229/588 8134/228/588
f 8039/62/589 8040/70/589 8136/230/589 8135/229/589
f 8040/70/590 8041/16/590 8137/231/590 8136/230/590
f 8041/16/591 8042/137/591 8138/232/591 8137/231/591
f 8042/137/592 8043/141/592 8139/233/592 8138/232/592
f 8043/141/593 8044/145/593 8140/234/593 8139/233/593
f 8044/145/594 8045/149/594 8141/235/594 8140/234/594
f 8045/149/595 8046/153/595 8142/236/595 8141/235/595
f 8046/153/596 8047/157/596 8143/237/596 8142/236/596
f 8047/157/597 8048/161/597 8144/238/597 8143/237/597
f 8048/161/598 8049/165/598 8145/239/598 8144/238/598
f 8049/165/599 8050/240/599 8146/241/599 8145/239/599
f 8050/240/600 8051/242/600 8147/243/600 8146/241/600
f 8051/242/601 8052/244/601 8148/245/601 8147/243/601
f 8052/244/602 8053/176/602 8149/246/602 8148/245/602
f 8053/176/603 8054/247/603 8150/248/603 8149/246/603
f 8054/247/604 8055/249/604 8151/250/604 8150/248/604
f 8055/249/605 8056/251/605 8152/252/605 8151/250/605
f 8056/251/606 8057/112/606 8153/253/606 8152/252/606
f 8057/112/607 8058/180/607 8154/254/607 8153/253/607
f 8058/180/608 8059/255/608 8155/256/608 8154/254/608
f 8059/255/609 8060/257/609 8156/258/609 8155/256/609
f 8060/257/610 8061/259/610 8157/260/610 8156/258/610
f 8061/259/611 8062/261/611 8158/262/611 8157/260/611
f 8062/261/612 8063/184/612 8159/263/612 8158/262/612
f 8063/184/613 8064/264/613 8160/265/613 8159/263/613
f 8064/264/614 8034/115/614 8130/116/614 8160/265/614
f 8130/1/583 8129/24/583 8225/224/583 8226/117/583
f 8129/24/584 8131/32/584 8227/225/584 8225/224/584
f 8131/32/585 8132/40/585 8228/226/585 8227/225/585
f 8132/40/586 8133/10/586 8229/227/586 8228/226/586
f 8133/10/587 8134/54/587 8230/228/587 8229/227/587
f 8134/54/588 8135/62/588 8231/229/588 8230/228/588
f 8135/62/589 8136/70/589 8232/230/589 8231/229/589
f 8136/70/590 8137/16/590 8233/231/590 8232/230/590
f 8137/16/591 8138/137/591 8234/232/591 8233/231/591
f 8138/137/592 8139/141/592 8235/233/592 8234/232/592
f 8139/141/593 8140/145/593 8236/234/593 8235/233/593
f 8140/145/594 8141/149/594 8237/235/594 8236/234/594
f 8141/149/595 8142/153/595 8238/236/595 8237/235/595
f 8142/153/596 8143/157/596 8239/237/596 8238/236/596
f 8143/157/597 8144/161/597 8240/238/597 8239/237/597
f 8144/161/598 8145/165/598 8241/239/598 8240/238/598
f 8145/165/599 8146/240/599 8242/241/599 8241/239/599
f 8146/240/600 8147/242/600 8243/243/600 8242/241/600
f 8147/242/601 8148/244/601 8244/245/601 8243/243/601
f 8148/244/602 8149/176/602 8245/246/602 8244/245/602
f 8149/176/603 8150/247/603 8246/248/603 8245/246/603
f 8150/247/604 8151/249/604 8247/250/604 8246/248/604
f 8151/249/605 8152/251/605 8248/252/605 8247/250/605
f 8152/251/606 8153/112/606 8249/253/606 8248/252/606
f 8153/112/607 8154/180/607 8250/254/607 8249/253/607
f 8154/180/608 8155/255/608 8251/256/608 8250/254/608
f 8155/255/609 8156/257/609 8252/258/609 8251/256/609
f 8156/257/610 8157/259/610 8253/260/610 8252/258/610
f 8157/259/611 8158/261/611 8254/262/611 8253/260/611
f 8158/261/612 8159/184/612 8255/263/612 8254/262/612
f 8159/184/613 8160/264/613 8256/265/613 8255/263/613
f 8160/264/614 8130/115/614 8226/116/614 8256/265/614
f 8226/1/583 8225/24/583 8321/224/583 8322/117/583
f 8225/24/584 8227/32/584 8323/225/584 8321/224/584
f 8227/32/585 8228/40/585 8324/226/585 8323/225/585
f 8228/40/586 8229/10/586 8325/227/586 8324/226/586
f 8229/10/587 8230/54/587 8326/228/587 8325/227/587
f 8230/54/588 8231/62/588 8327/229/588 8326/228/588
f 8231/62/589 8232/70/589 8328/230/589 8327/229/589
f 8232/70/590 8233/16/590 8329/231/590 8328/230/590
f 8233/16/591 8234/137/591 8330/232/591 8329/231/591
f 8234/137/592 8235/141/592 8331/233/592 8330/232/592
f 8235/141/593 8236/145/593 8332/234/593 8331/233/593
f 8236/145/594 8237/149/594 8333/235/594 8332/234/594
f 8237/149/595 8238/153/595 8334/236/595 8333/235/595
f 8238/153/596 8239/157/596 8335/237/596 8334/236/596
f 8239/157/597 8240/161/597 8336/238/597 8335/237/597
f 8240/161/598 8241/165/598 8337/239/598 8336/238/598
f 8241/165/599 8242/240/599 8338/241/599 8337/239/599
f 8242/240/600 8243/242/600 8339/243/600 8338/241/600
f 8243/242/601 8244/244/601 8340/245/601 8339/243/601
f 8244/244/602 8245/176/602 8341/246/602 8340/245/602
f 8245/176/603 8246/247/603 8342/248/603 8341/246/603
f 8246/247/604 8247/249/604 8343/250/604 8342/248/604
f 8247/249/605 8248/251/605 8344/252/605 8343/250/605
f 8248/251/606 8249/112/606 8345/253/606 8344/252/606
f 8249/112/607 8250/180/607 8346/254/607 8345/253/607
f 8250/180/608 8251/255/608 8347/256/608 8346/254/608
f 8251/255/609 8252/257/609 8348/258/609 8347/256/609
f 8252/257/610 8253/259/610 8349/260/610 8348/258/610
f 8253/259/611 8254/261/611 8350/262/611 8349/260/611
f 8254/261/612 8255/184/612 8351/263/612 8350/262/612
f 8255/184/613 8256/264/613 8352/265/613 8351/263/613
f 8256/264/614 8226/115/614 8322/116/614 8352/265/614
f 8322/1/583 8321/24/583 8417/224/583 8418/117/583
f 8321/24/584 8323/32/584 8419/225/584 8417/224/584
f 8323/32/585 8324/40/585 8420/226/585 8419/225/585
f 8324/40/586 8325/10/586 8421/227/586 8420/226/586
f 8325/10/587 8326/54/587 8422/228/587 8421/227/587
f 8326/54/588 8327/62/588 8423/229/588 8422/228/588
f 8327/62/589 8328/70/589 8424/230/589 8423/229/589
f 8328/70/590 8329/16/590 8425/231/590 8424/230/590
f 8329/16/591 8330/137/591 8426/232/591 8425/231/591
f 8330/137/592 8331/141/592 8427/233/592 8426/232/592
f 8331/141/593 8332/145/593 8428/234/593 8427/233/593
f 8332/145/594 8333/149/594 8429/235/594 8428/234/594
f 8333/149/595 8334/153/595 8430/236/595 8429/235/595
f 8334/153/596 8335/157/596 8431/237/596 8430/236/596
f 8335/157/597 8336/161/597 8432/238/597 8431/237/597
f 8336/161/598 8337/165/598 8433/239/598 8432/238/598
f 8337/165/599 8338/240/599 8434/241/599 8433/239/599
f 8338/240/600 8339/242/600 8435/243/600 8434/241/600
f 8339/242/601 8340/244/601 8436/245/601 8435/243/601
f 8340/244/602 8341/176/602 8437/246/602 8436/245/602
f 8341/176/603 8342/247/603 8438/248/603 8437/246/603
f 8342/247/604 8343/249/604 8439/250/604 8438/248/604
f 8343/249/605 8344/251/605 8440/252/605 8439/250/605
f 8344/251/606 8345/112/606 8441/253/606 8440/252/606
f 8345/112/607 8346/180/607 8442/254/607 8441/253/607
f 8346/180/608 8347/255/608 8443/256/608 8442/254/608
f 8347/255/609 8348/257/609 8444/258/609 8443/256/609
f 8348/257/610 8349/259/610 8445/260/610 8444/258/610
f 8349/259/611 8350/261/611 8446/262/611 8445/260/611
f 8350/261/612 8351/184/612 8447/263/612 8446/262/612
f 8351/184/613 8352/264/613 8448/265/613 8447/263/613
f 8352/264/614 8322/115/614 8418/116/614 8448/265/614
f 8418/1/583 8417/24/583 8513/224/583 8514/117/583
f 8417/24/584 8419/32/584 8515/225/584 8513/224/584
f 8419/32/585 8420/40/585 8516/226/585 8515/225/585
f 8420/40/586 8421/10/586 8517/227/586 8516/226/586
f 8421/10/587 8422/54/587 8518/228/587 8517/227/587
f 8422/54/588 8423/62/588 8519/229/588 8518/228/588
f 8423/62/589 8424/70/589 8520/230/589 8519/229/589
f 8424/70/590 8425/16/590 8521/231/590 8520/230/590
f 8425/16/591 8426/137/591 8522/232/591 8521/231/591
f 8426/137/592 8427/141/592 8523/233/592 8522/232/592
f 8427/141/593 8428/145/593 8524/234/593 8523/233/593
f 8428/145/594 8429/149/594 8525/235/594 8524/234/594
f 8429/149/595 8430/153/595 8526/236/595 8525/235/595
f 8430/153/596 8431/157/596 8527/237/596 8526/236/596
f 8431/157/597 8432/161/597 8528/238/597 8527/237/597
f 8432/161/598 8433/165/598 8529/239/598 8528/238/598
f 8433/165/599 8434/240/599 8530/241/599 8529/239/599
f 8434/240/600 8435/242/600 8531/243/600 8530/241/600
f 8435/242/601 8436/244/601 8532/245/601 8531/243/601
f 8436/244/602 8437/176/602 8533/246/602 8532/245/602
f 8437/176/603 8438/247/603 8534/248/603 8533/246/603
f 8438/247/604 8439/249/604 8535/250/604 8534/248/604
f 8439/249/605 8440/251/605 8536/252/605 8535/250/605
f 8440/251/606 8441/112/606 8537/253/606 8536/252/606
f 8441/112/607 8442/180/607 8538/254/607 8537/253/607
f 8442/180/608 8443/255/608 8539/256/608 8538/254/608
f 8443/255/609 8444/257/609 8540/258/609 8539/256/609
f 8444/257/610 8445/259/610 8541/260/610 8540/258/610
f 8445/259/611 8446/261/611 8542/262/611 8541/260/611
f 8446/261/612 8447/184/612 8543/263/612 8542/262/612
f 8447/184/613 8448/264/613 8544/265/613 8543/263/613
f 8448/264/614 8418/115/614 8514/116/614 8544/265/614
f 8545/1/1 8546/165/1 8547/166/1 8548/119/1
f 8549/119/2 8550/166/2 8551/165/2 8552/1/2
f 8548/165/3 8547/1/3 8550/119/3 8549/166/3
f 8546/165/4 8545/1/4 8552/119/4 8551/166/4
f 8545/165/5 8548/1/5 8549/119/5 8552/166/5
f 8547/165/6 8546/1/6 8551/119/6 8550/166/6
o insulator_4
usemtl porcelain
f 8553/1/551 8554/36/551 8555/167/551 8556/168/551
f 8554/36/552 8557/54/552 8558/169/552 8555/167/552
f 8557/54/553 8559/74/553 8560/170/553 8558/169/553
f 8559/74/554 8561/141/554 8562/171/554 8560/170/554
f 8561/141/555 8563/151/555 8564/172/555 8562/171/555
f 8563/151/556 8565/161/556 8566/173/556 8564/172/556
f 8565/161/557 8567/174/557 8568/175/557 8566/173/557
f 8567/174/558 8569/176/558 8570/177/558 8568/175/558
f 8569/176/559 8571/178/559 8572/179/559 8570/177/559
f 8571/178/560 8573/180/560 8574/181/560 8572/179/560
f 8573/180/561 8575/182/561 8576/183/561 8574/181/561
f 8575/182/562 8577/184/562 8578/185/562 8576/183/562
f 8577/184/563 8579/186/563 8580/187/563 8578/185/563
f 8579/186/564 8581/188/564 8582/189/564 8580/187/564
f 8581/188/565 8583/190/565 8584/191/565 8582/189/565
f 8583/190/566 8585/2/566 8586/99/566 8584/191/566
f 8585/2/567 8587/192/567 8588/193/567 8586/99/567
f 8587/192/568 8589/194/568 8590/195/568 8588/193/568
f 8589/194/569 8591/196/569 8592/197/569 8590/195/569
f 8591/196/570 8593/198/570 8594/199/570 8592/197/570
f 8593/198/571 8595/200/571 8596/201/571 8594/199/571
f 8595/200/572 8597/202/572 8598/203/572 8596/201/572
f 8597/202/573 8599/204/573 8600/205/573 8598/203/573
f 8599/204/574 8601/206/574 8602/207/574 8600/205/574
f 8601/206/575 8603/208/575 8604/209/575 8602/207/575
f 8603/208/576 8605/210/576 8606/211/576 8604/209/576
f 8605/210/577 8607/212/577 8608/213/577 8606/211/577
f 8607/212/578 8609/214/578 8610/215/578 8608/213/578
f 8609/214/579 8611/216/579 8612/217/579 8610/215/579
f 8611/216/580 8613/218/580 8614/219/580 8612/217/580
f 8613/218/581 8615/220/581 8616/221/581 8614/219/581
f 8615/220/582 8553/222/582 8556/223/582 8616/221/582
f 8681/1/551 8682/36/551 8683/167/551 8684/168/551
f 8682/36/552 8685/54/552 8686/169/552 8683/167/552
f 8685/54/553 8687/74/553 8688/170/553 8686/169/553
f 8687/74/554 8689/141/554 8690/171/554 8688/170/554
f 8689/141/555 8691/151/555 8692/172/555 8690/171/555
f 8691/151/556 8693/161/556 8694/173/556 8692/172/556
f 8693/161/557 8695/174/557 8696/175/557 8694/173/557
f 8695/174/558 8697/176/558 8698/177/558 8696/175/558
f 8697/176/559 8699/178/559 8700/179/559 8698/177/559
f 8699/178/560 8701/180/560 8702/181/560 8700/179/560
f 8701/180/561 8703/182/561 8704/183/561 8702/181/561
f 8703/182/562 8705/184/562 8706/185/562 8704/183/562
f 8705/184/563 8707/186/563 8708/187/563 8706/185/563
f 8707/186/564 8709/188/564 8710/189/564 8708/187/564
f 8709/188/565 8711/190/565 8712/191/565 8710/189/565
f 8711/190/566 8713/2/566 8714/99/566 8712/191/566
f 8713/2/567 8715/192/567 8716/193/567 8714/99/567
f 8715/192/568 8717/194/568 8718/195/568 8716/193/568
f 8717/194/569 8719/196/569 8720/197/569 8718/195/569
f 8719/196/570 8721/198/570 8722/199/570 8720/197/570
f 8721/198/571 8723/200/571 8724/201/571 8722/199/571
f 8723/200/572 8725/202/572 8726/203/572 8724/201/572
f 8725/202/573 8727/204/573 8728/205/573 8726/203/573
f 8727/204/574 8729/206/574 8730/207/574 8728/205/574
f 8729/206/575 8731/208/575 8732/209/575 8730/207/575
f 8731/208/576 8733/210/576 8734/211/576 8732/209/576
f 8733/210/577 8735/212/577 8736/213/577 8734/211/577
f 8735/212/578 8737/214/578 8738/215/578 8736/213/578
f 8737/214/579 8739/216/579 8740/217/579 8738/215/579
f 8739/216/580 8741/218/580 8742/219/580 8740/217/580
f 8741/218/581 8743/220/581 8744/221/581 8742/219/581
f 8743/220/582 8681/222/582 8684/223/582 8744/221/582
f 8777/1/551 8778/36/551 8779/167/551 8780/168/551
f 8778/36/552 8781/54/552 8782/169/552 8779/167/552
f 8781/54/553 8783/74/553 8784/170/553 8782/169/553
f 8783/74/554 8785/141/554 8786/171/554 8784/170/554
f 8785/141/555 8787/151/555 8788/172/555 8786/171/555
f 8787/151/556 8789/161/556 8790/173/556 8788/172/556
f 8789/161/557 8791/174/557 8792/175/557 8790/173/557
f 8791/174/558 8793/176/558 8794/177/558 8792/175/558
f 8793/176/559 8795/178/559 8796/179/559 8794/177/559
f 8795/178/560 8797/180/560 8798/181/560 8796/179/560
f 8797/180/561 8799/182/561 8800/183/561 8798/181/561
f 8799/182/562 8801/184/562 8802/185/562 8800/183/562
f 8801/184/563 8803/186/563 8804/187/563 8802/185/563
f 8803/186/564 8805/188/564 8806/189/564 8804/187/564
f 8805/188/565 8807/190/565 8808/191/565 8806/189/565
f 8807/190/566 8809/2/566 8810/99/566 8808/191/566
f 8809/2/567 8811/192/567 8812/193/567 8810/99/567
f 8811/192/568 8813/194/568 8814/195/568 8812/193/568
f 8813/194/569 8815/196/569 8816/197/569 8814/195/569
f 8815/196/570 8817/198/570 8818/199/570 8816/197/570
f 8817/198/571 8819/200/571 8820/201/571 8818/199/571
f 8819/200/572 8821/202/572 8822/203/572 8820/201/572
f 8821/202/573 8823/204/573 8824/205/573 8822/203/573
f 8823/204/574 8825/206/574 8826/207/574 8824/205/574
f 8825/206/575 8827/208/575 8828/209/575 8826/207/575
f 8827/208/576 8829/210/576 8830/211/576 8828/209/576
f 8829/210/577 8831/212/577 8832/213/577 8830/211/577
f 8831/212/578 8833/214/578 8834/215/578 8832/213/578
f 8833/214/579 8835/216/579 8836/217/579 8834/215/579
f 8835/216/580 8837/218/580 8838/219/580 8836/217/580
f 8837/218/581 8839/220/581 8840/221/581 8838/219/581
f 8839/220/582 8777/222/582 8780/223/582 8840/221/582
f 8873/1/551 8874/36/551 8875/167/551 8876/168/551
f 8874/36/552 8877/54/552 8878/169/552 8875/167/552
f 8877/54/553 8879/74/553 8880/170/553 8878/169/553
f 8879/74/554 8881/141/554 8882/171/554 8880/170/554
f 8881/141/555 8883/151/555 8884/172/555 8882/171/555
f 8883/151/556 8885/161/556 8886/173/556 8884/172/556
f 8885/161/557 8887/174/557 8888/175/557 8886/173/557
f 8887/174/558 8889/176/558 8890/177/558 8888/175/558
f 8889/176/559 8891/178/559 8892/179/559 8890/177/559
f 8891/178/560 8893/180/560 8894/181/560 8892/179/560
f 8893/180/561 8895/182/561 8896/183/561 8894/181/561
f 8895/182/562 8897/184/562 8898/185/562 8896/183/562
f 8897/184/563 8899/186/563 8900/187/563 8898/185/563
f 8899/186/564 8901/188/564 8902/189/564 8900/187/564
f 8901/188/565 8903/190/565 8904/191/565 8902/189/565
f 8903/190/566 8905/2/566 8906/99/566 8904/191/566
f 8905/2/567 8907/192/567 8908/193/567 8906/99/567
f 8907/192/568 8909/194/568 8910/195/568 8908/193/568
f 8909/194/569 8911/196/569 8912/197/569 8910/195/569
f 8911/196/570 8913/198/570 8914/199/570 8912/197/570
f 8913/198/571 8915/200/571 8916/201/571 8914/199/571
f 8915/200/572 8917/202/572 8918/203/572 8916/201/572
f 8917/202/573 8919/204/573 8920/205/573 8918/203/573
f 8919/204/574 8921/206/574 8922/207/574 8920/205/574
f 8921/206/575 8923/208/575 8924/209/575 8922/207/575
f 8923/208/576 8925/210/576 8926/211/576 8924/209/576
f 8925/210/577 8927/212/577 8928/213/577 8926/211/577
f 8927/212/578 8929/214/578 8930/215/578 8928/213/578
f 8929/214/579 8931/216/579 8932/217/579 8930/215/579
f 8931/216/580 8933/218/580 8934/219/580 8932/217/580
f 8933/218/581 8935/220/581 8936/221/581 8934/219/581
f 8935/220/582 8873/222/582 8876/223/582 8936/221/582
f 8969/1/551 8970/36/551 8971/167/551 8972/168/551
f 8970/36/552 8973/54/552 8974/169/552 8971/167/552
f 8973/54/553 8975/74/553 8976/170/553 8974/169/553
f 8975/74/554 8977/141/554 8978/171/554 8976/170/554
f 8977/141/555 8979/151/555 8980/172/555 8978/171/555
f 8979/151/556 8981/161/556 8982/173/556 8980/172/556
f 8981/161/557 8983/174/557 8984/175/557 8982/173/557
f 8983/174/558 8985/176/558 8986/177/558 8984/175/558
f 8985/176/559 8987/178/559 8988/179/559 8986/177/559
f 8987/178/560 8989/180/560 8990/181/560 8988/179/560
f 8989/180/561 8991/182/561 8992/183/561 8990/181/561
f 8991/182/562 8993/184/562 8994/185/562 8992/183/562
f 8993/184/563 8995/186/563 8996/187/563 8994/185/563
f 8995/186/564 8997/188/564 8998/189/564 8996/187/564
f 8997/188/565 8999/190/565 9000/191/565 8998/189/565
f 8999/190/566 9001/2/566 9002/99/566 9000/191/566
f 9001/2/567 9003/192/567 9004/193/567 9002/99/567
f 9003/192/568 9005/194/568 9006/195/568 9004/193/568
f 9005/194/569 9007/196/569 9008/197/569 9006/195/569
f 9007/196/570 9009/198/570 9010/199/570 9008/197/570
f 9009/198/571 9011/200/571 9012/201/571 9010/199/571
f 9011/200/572 9013/202/572 9014/203/572 9012/201/572
f 9013/202/573 9015/204/573 9016/205/573 9014/203/573
f 9015/204/574 9017/206/574 9018/207/574 9016/205/574
f 9017/206/575 9019/208/575 9020/209/575 9018/207/575
f 9019/208/576 9021/210/576 9022/211/576 9020/209/576
f 9021/210/577 9023/212/577 9024/213/577 9022/211/577
f 9023/212/578 9025/214/578 9026/215/578 9024/213/578
f 9025/214/579 9027/216/579 9028/217/579 9026/215/579
f 9027/216/580 9029/218/580 9030/219/580 9028/217/580
f 9029/218/581 9031/220/581 9032/221/581 9030/219/581
f 9031/220/582 8969/222/582 8972/223/582 9032/221/582
f 9065/1/551 9066/36/551 9067/167/551 9068/168/551
f 9066/36/552 9069/54/552 9070/169/552 9067/167/552
f 9069/54/553 9071/74/553 9072/170/553 9070/169/553
f 9071/74/554 9073/141/554 9074/171/554 9072/170/554
f 9073/141/555 9075/151/555 9076/172/555 9074/171/555
f 9075/151/556 9077/161/556 9078/173/556 9076/172/556
f 9077/161/557 9079/174/557 9080/175/557 9078/173/557
f 9079/174/558 9081/176/558 9082/177/558 9080/175/558
f 9081/176/559 9083/178/559 9084/179/559 9082/177/559
f 9083/178/560 9085/180/560 9086/181/560 9084/179/560
f 9085/180/561 9087/182/561 9088/183/561 9086/181/561
f 9087/182/562 9089/184/562 9090/185/562 9088/183/562
f 9089/184/563 9091/186/563 9092/187/563 9090/185/563
f 9091/186/564 9093/188/564 9094/189/564 9092/187/564
f 9093/188/565 9095/190/565 9096/191/565 9094/189/565
f 9095/190/566 9097/2/566 9098/99/566 9096/191/566
f 9097/2/567 9099/192/567 9100/193/567 9098/99/567
f 9099/192/568 9101/194/568 9102/195/568 9100/193/568
f 9101/194/569 9103/196/569 9104/197/569 9102/195/569
f 9103/196/570 9105/198/570 9106/199/570 9104/197/570
f 9105/198/571 9107/200/571 9108/201/571 9106/199/571
f 9107/200/572 9109/202/572 9110/203/572 9108/201/572
f 9109/202/573 9111/204/573 9112/205/573 9110/203/573
f 9111/204/574 9113/206/574 9114/207/574 9112/205/574
f 9113/206/575 9115/208/575 9116/209/575 9114/207/575
f 9115/208/576 9117/210/576 9118/211/576 9116/209/576
f 9117/210/577 9119/212/577 9120/213/577 9118/211/577
f 9119/212/578 9121/214/578 9122/215/578 9120/213/578
f 9121/214/579 9123/216/579 9124/217/579 9122/215/579
f 9123/216/580 9125/218/580 9126/219/580 9124/217/580
f 9125/218/581 9127/220/581 9128/221/581 9126/219/581
f 9127/220/582 9065/222/582 9068/223/582 9128/221/582
f 9161/1/551 9162/36/551 9163/167/551 9164/168/551
f 9162/36/552 9165/54/552 9166/169/552 9163/167/552
f 9165/54/553 9167/74/553 9168/170/553 9166/169/553
f 9167/74/554 9169/141/554 9170/171/554 9168/170/554
f 9169/141/555 9171/151/555 9172/172/555 9170/171/555
f 9171/151/556 9173/161/556 9174/173/556 9172/172/556
f 9173/161/557 9175/174/557 9176/175/557 9174/173/557
f 9175/174/558 9177/176/558 9178/177/558 9176/175/558
f 9177/176/559 9179/178/559 9180/179/559 9178/177/559
f 9179/178/560 9181/180/560 9182/181/560 9180/179/560
f 9181/180/561 9183/182/561 9184/183/561 9182/181/561
f 9183/182/562 9185/184/562 9186/185/562 9184/183/562
f 9185/184/563 9187/186/563 9188/187/563 9186/185/563
f 9187/186/564 9189/188/564 9190/189/564 9188/187/564
f 9189/188/565 9191/190/565 9192/191/565 9190/189/565
f 9191/190/566 9193/2/566 9194/99/566 9192/191/566
f 9193/2/567 9195/192/567 9196/193/567 9194/99/567
f 9195/192/568 9197/194/568 9198/195/568 9196/193/568
f 9197/194/569 9199/196/569 9200/197/569 9198/195/569
f 9199/196/570 9201/198/570 9202/199/570 9200/197/570
f 9201/198/571 9203/200/571 9204/201/571 9202/199/571
f 9203/200/572 9205/202/572 9206/203/572 9204/201/572
f 9205/202/573 9207/204/573 9208/205/573 9206/203/573
f 9207/204/574 9209/206/574 9210/207/574 9208/205/574
f 9209/206/575 9211/208/575 9212/209/575 9210/207/575
f 9211/208/576 9213/210/576 9214/211/576 9212/209/576
f 9213/210/577 9215/212/577 9216/213/577 9214/211/577
f 9215/212/578 9217/214/578 9218/215/578 9216/213/578
f 9217/214/579 9219/216/579 9220/217/579 9218/215/579
f 9219/216/580 9221/218/580 9222/219/580 9220/217/580
f 9221/218/581 9223/220/581 9224/221/581 9222/219/581
f 9223/220/582 9161/222/582 9164/223/582 9224/221/582
f 9257/1/551 9258/36/551 9259/167/551 9260/168/551
f 9258/36/552 9261/54/552 9262/169/552 9259/167/552
f 9261/54/553 9263/74/553 9264/170/553 9262/169/553
f 9263/74/554 9265/141/554 9266/171/554 9264/170/554
f 9265/141/555 9267/151/555 9268/172/555 9266/171/555
f 9267/151/556 9269/161/556 9270/173/556 9268/172/556
f 9269/161/557 9271/174/557 9272/175/557 9270/173/557
f 9271/174/558 9273/176/558 9274/177/558 9272/175/558
f 9273/176/559 9275/178/559 9276/179/559 9274/177/559
f 9275/178/560 9277/180/560 9278/181/560 9276/179/560
f 9277/180/561 9279/182/561 9280/183/561 9278/181/561
f 9279/182/562 9281/184/562 9282/185/562 9280/183/562
f 9281/184/563 9283/186/563 9284/187/563 9282/185/563
f 9283/186/564 9285/188/564 9286/189/564 9284/187/564
f 9285/188/565 9287/190/565 9288/191/565 9286/189/565
f 9287/190/566 9289/2/566 9290/99/566 9288/191/566
f 9289/2/567 9291/192/567 9292/193/567 9290/99/567
f 9291/192/568 9293/194/568 9294/195/568 9292/193/568
f 9293/194/569 9295/196/569 9296/197/569 9294/195/569
f 9295/196/570 9297/198/570 9298/199/570 9296/197/570
f 9297/198/571 9299/200/571 9300/201/571 9298/199/571
f 9299/200/572 9301/202/572 9302/203/572 9300/201/572
f 9301/202/573 9303/204/573 9304/205/573 9302/203/573
f 9303/204/574 9305/206/574 9306/207/574 9304/205/574
f 9305/206/575 9307/208/575 9308/209/575 9306/207/575
f 9307/208/576 9309/210/576 9310/211/576 9308/209/576
f 9309/210/577 9311/212/577 9312/213/577 9310/211/577
f 9311/212/578 9313/214/578 9314/215/578 9312/213/578
f 9313/214/579 9315/216/579 9316/217/579 9314/215/579
f 9315/216/580 9317/218/580 9318/219/580 9316/217/580
f 9317/218/581 9319/220/581 9320/221/581 9318/219/581
f 9319/220/582 9257/222/582 9260/223/582 9320/221/582
f 9353/1/551 9354/36/551 9355/167/551 9356/168/551
f 9354/36/552 9357/54/552 9358/169/552 9355/167/552
f 9357/54/553 9359/74/553 9360/170/553 9358/169/553
f 9359/74/554 9361/141/554 9362/171/554 9360/170/554
f 9361/141/555 9363/151/555 9364/172/555 9362/171/555
f 9363/151/556 9365/161/556 9366/173/556 9364/172/556
f 9365/161/557 9367/174/557 9368/175/557 9366/173/557
f 9367/174/558 9369/176/558 9370/177/558 9368/175/558
f 9369/176/559 9371/178/559 9372/179/559 9370/177/559
f 9371/178/560 9373/180/560 9374/181/560 9372/179/560
f 9373/180/561 9375/182/561 9376/183/561 9374/181/561
f 9375/182/562 9377/184/562 9378/185/562 9376/183/562
f 9377/184/563 9379/186/563 9380/187/563 9378/185/563
f 9379/186/564 9381/188/564 9382/189/564 9380/187/564
f 9381/188/565 9383/190/565 9384/191/565 9382/189/565
f 9383/190/566 9385/2/566 9386/99/566 9384/191/566
f 9385/2/567 9387/192/567 9388/193/567 9386/99/567
f 9387/192/568 9389/194/568 9390/195/568 9388/193/568
f 9389/194/569 9391/196/569 9392/197/569 9390/195/569
f 9391/196/570 9393/198/570 9394/199/570 9392/197/570
f 9393/198/571 9395/200/571 9396/201/571 9394/199/571
f 9395/200/572 9397/202/572 9398/203/572 9396/201/572
f 9397/202/573 9399/204/573 9400/205/573 9398/203/573
f 9399/204/574 9401/206/574 9402/207/574 9400/205/574
f 9401/206/575 9403/208/575 9404/209/575 9402/207/575
f 9403/208/576 9405/210/576 9406/211/576 9404/209/576
f 9405/210/577 9407/212/577 9408/213/577 9406/211/577
f 9407/212/578 9409/214/578 9410/215/578 9408/213/578
f 9409/214/579 9411/216/579 9412/217/579 9410/215/579
f 9411/216/580 9413/218/580 9414/219/580 9412/217/580
f 9413/218/581 9415/220/581 9416/221/581 9414/219/581
f 9415/220/582 9353/222/582 9356/223/582 9416/221/582
f 9449/1/551 9450/36/551 9451/167/551 9452/168/551
f 9450/36/552 9453/54/552 9454/169/552 9451/167/552
f 9453/54/553 9455/74/553 9456/170/553 9454/169/553
f 9455/74/554 9457/141/554 9458/171/554 9456/170/554
f 9457/141/555 9459/151/555 9460/172/555 9458/171/555
f 9459/151/556 9461/161/556 9462/173/556 9460/172/556
f 9461/161/557 9463/174/557 9464/175/557 9462/173/557
f 9463/174/558 9465/176/558 9466/177/558 9464/175/558
f 9465/176/559 9467/178/559 9468/179/559 9466/177/559
f 9467/178/560 9469/180/560 9470/181/560 9468/179/560
f 9469/180/561 9471/182/561 9472/183/561 9470/181/561
f 9471/182/562 9473/184/562 9474/185/562 9472/183/562
f 9473/184/563 9475/186/563 9476/187/563 9474/185/563
f 9475/186/564 9477/188/564 9478/189/564 9476/187/564
f 9477/188/565 9479/190/565 9480/191/565 9478/189/565
f 9479/190/566 9481/2/566 9482/99/566 9480/191/566
f 9481/2/567 9483/192/567 9484/193/567 9482/99/567
f 9483/192/568 9485/194/568 9486/195/568 9484/193/568
f 9485/194/569 9487/196/569 9488/197/569 9486/195/569
f 9487/196/570 9489/198/570 9490/199/570 9488/197/570
f 9489/198/571 9491/200/571 9492/201/571 9490/199/571
f 9491/200/572 9493/202/572 9494/203/572 9492/201/572
f 9493/202/573 9495/204/573 9496/205/573 9494/203/573
f 9495/204/574 9497/206/574 9498/207/574 9496/205/574
f 9497/206/575 9499/208/575 9500/209/575 9498/207/575
f 9499/208/576 9501/210/576 9502/211/576 9500/209/576
f 9501/210/577 9503/212/577 9504/213/577 9502/211/577
f 9503/212/578 9505/214/578 9506/215/578 9504/213/578
f 9505/214/579 9507/216/579 9508/217/579 9506/215/579
f 9507/216/580 9509/218/580 9510/219/580 9508/217/580
f 9509/218/581 9511/220/581 9512/221/581 9510/219/581
f 9511/220/582 9449/222/582 9452/223/582 9512/221/582
f 9545/1/551 9546/36/551 9547/167/551 9548/168/551
f 9546/36/552 9549/54/552 9550/169/552 9547/167/552
f 9549/54/553 9551/74/553 9552/170/553 9550/169/553
f 9551/74/554 9553/141/554 9554/171/554 9552/170/554
f 9553/141/555 9555/151/555 9556/172/555 9554/171/555
f 9555/151/556 9557/161/556 9558/173/556 9556/172/556
f 9557/161/557 9559/174/557 9560/175/557 9558/173/557
f 9559/174/558 9561/176/558 9562/177/558 9560/175/558
f 9561/176/559 9563/178/559 9564/179/559 9562/177/559
f 9563/178/560 9565/180/560 9566/181/560 9564/179/560
f 9565/180/561 9567/182/561 9568/183/561 9566/181/561
f 9567/182/562 9569/184/562 9570/185/562 9568/183/562
f 9569/184/563 9571/186/563 9572/187/563 9570/185/563
f 9571/186/564 9573/188/564 9574/189/564 9572/187/564
f 9573/188/565 9575/190/565 9576/191/565 9574/189/565
f 9575/190/566 9577/2/566 9578/99/566 9576/191/566
f 9577/2/567 9579/192/567 9580/193/567 9578/99/567
f 9579/192/568 9581/194/568 9582/195/568 9580/193/568
f 9581/194/569 9583/196/569 9584/197/569 9582/195/569
f 9583/196/570 9585/198/570 9586/199/570 9584/197/570
f 9585/198/571 9587/200/571 9588/201/571 9586/199/571
f 9587/200/572 9589/202/572 9590/203/572 9588/201/572
f 9589/202/573 9591/204/573 9592/205/573 9590/203/573
f 9591/204/574 9593/206/574 9594/207/574 9592/205/574
f 9593/206/575 9595/208/575 9596/209/575 9594/207/575
f 9595/208/576 9597/210/576 9598/211/576 9596/209/576
f 9597/210/577 9599/212/577 9600/213/577 9598/211/577
f 9599/212/578 9601/214/578 9602/215/578 9600/213/578
f 9601/214/579 9603/216/579 9604/217/579 9602/215/579
f 9603/216/580 9605/218/580 9606/219/580 9604/217/580
f 9605/218/581 9607/220/581 9608/221/581 9606/219/581
f 9607/220/582 9545/222/582 9548/223/582 9608/221/582
f 9641/1/551 9642/36/551 9643/167/551 9644/168/551
f 9642/36/552 9645/54/552 9646/169/552 9643/167/552
f 9645/54/553 9647/74/553 9648/170/553 9646/169/553
f 9647/74/554 9649/141/554 9650/171/554 9648/170/554
f 9649/141/555 9651/151/555 9652/172/555 9650/171/555
f 9651/151/556 9653/161/556 9654/173/556 9652/172/556
f 9653/161/557 9655/174/557 9656/175/557 9654/173/557
f 9655/174/558 9657/176/558 9658/177/558 9656/175/558
f 9657/176/559 9659/178/559 9660/179/559 9658/177/559
f 9659/178/560 9661/180/560 9662/181/560 9660/179/560
f 9661/180/561 9663/182/561 9664/183/561 9662/181/561
f 9663/182/562 9665/184/562 9666/185/562 9664/183/562
f 9665/184/563 9667/186/563 9668/187/563 9666/185/563
f 9667/186/564 9669/188/564 9670/189/564 9668/187/564
f 9669/188/565 9671/190/565 9672/191/565 9670/189/565
f 9671/190/566 9673/2/566 9674/99/566 9672/191/566
f 9673/2/567 9675/192/567 9676/193/567 9674/99/567
f 9675/192/568 9677/194/568 9678/195/568 9676/193/568
f 9677/194/569 9679/196/569 9680/197/569 9678/195/569
f 9679/196/570 9681/198/570 9682/199/570 9680/197/570
f 9681/198/571 9683/200/571 9684/201/571 9682/199/571
f 9683/200/572 9685/202/572 9686/203/572 9684/201/572
f 9685/202/573 9687/204/573 9688/205/573 9686/203/573
f 9687/204/574 9689/206/574 9690/207/574 9688/205/574
f 9689/206/575 9691/208/575 9692/209/575 9690/207/575
f 9691/208/576 9693/210/576 9694/211/576 9692/209/576
f 9693/210/577 9695/212/577 9696/213/577 9694/211/577
f 9695/212/578 9697/214/578 9698/215/578 9696/213/578
f 9697/214/579 9699/216/579 9700/217/579 9698/215/579
f 9699/216/580 9701/218/580 9702/219/580 9700/217/580
f 9701/218/581 9703/220/581 9704/221/581 9702/219/581
f 9703/220/582 9641/222/582 9644/223/582 9704/221/582
f 9737/1/551 9738/36/551 9739/167/551 9740/168/551
f 9738/36/552 9741/54/552 9742/169/552 9739/167/552
f 9741/54/553 9743/74/553 9744/170/553 9742/169/553
f 9743/74/554 9745/141/554 9746/171/554 9744/170/554
f 9745/141/555 9747/151/555 9748/172/555 9746/171/555
f 9747/151/556 9749/161/556 9750/173/556 9748/172/556
f 9749/161/557 9751/174/557 9752/175/557 9750/173/557
f 9751/174/558 9753/176/558 9754/177/558 9752/175/558
f 9753/176/559 9755/178/559 9756/179/559 9754/177/559
f 9755/178/560 9757/180/560 9758/181/560 9756/179/560
f 9757/180/561 9759/182/561 9760/183/561 9758/181/561
f 9759/182/562 9761/184/562 9762/185/562 9760/183/562
f 9761/184/563 9763/186/563 9764/187/563 9762/185/563
f 9763/186/564 9765/188/564 9766/189/564 9764/187/564
f 9765/188/565 9767/190/565 9768/191/565 9766/189/565
f 9767/190/566 9769/2/566 9770/99/566 9768/191/566
f 9769/2/567 9771/192/567 9772/193/567 9770/99/567
f 9771/192/568 9773/194/568 9774/195/568 9772/193/568
f 9773/194/569 9775/196/569 9776/197/569 9774/195/569
f 9775/196/570 9777/198/570 9778/199/570 9776/197/570
f 9777/198/571 9779/200/571 9780/201/571 9778/199/571
f 9779/200/572 9781/202/572 9782/203/572 9780/201/572
f 9781/202/573 9783/204/573 9784/205/573 9782/203/573
f 9783/204/574 9785/206/574 9786/207/574 9784/205/574
f 9785/206/575 9787/208/575 9788/209/575 9786/207/575
f 9787/208/576 9789/210/576 9790/211/576 9788/209/576
f 9789/210/577 9791/212/577 9792/213/577 9790/211/577
f 9791/212/578 9793/214/578 9794/215/578 9792/213/578
f 9793/214/579 9795/216/579 9796/217/579 9794/215/579
f 9795/216/580 9797/218/580 9798/219/580 9796/217/580
f 9797/218/581 9799/220/581 9800/221/581 9798/219/581
f 9799/220/582 9737/222/582 9740/223/582 9800/221/582
f 9833/1/551 9834/36/551 9835/167/551 9836/168/551
f 9834/36/552 9837/54/552 9838/169/552 9835/167/552
f 9837/54/553 9839/74/553 9840/170/553 9838/169/553
f 9839/74/554 9841/141/554 9842/171/554 9840/170/554
f 9841/141/555 9843/151/555 9844/172/555 9842/171/555
f 9843/151/556 9845/161/556 9846/173/556 9844/172/556
f 9845/161/557 9847/174/557 9848/175/557 9846/173/557
f 9847/174/558 9849/176/558 9850/177/558 9848/175/558
f 9849/176/559 9851/178/559 9852/179/559 9850/177/559
f 9851/178/560 9853/180/560 9854/181/560 9852/179/560
f 9853/180/561 9855/182/561 9856/183/561 9854/181/561
f 9855/182/562 9857/184/562 9858/185/562 9856/183/562
f 9857/184/563 9859/186/563 9860/187/563 9858/185/563
f 9859/186/564 9861/188/564 9862/189/564 9860/187/564
f 9861/188/565 9863/190/565 9864/191/565 9862/189/565
f 9863/190/566 9865/2/566 9866/99/566 9864/191/566
f 9865/2/567 9867/192/567 9868/193/567 9866/99/567
f 9867/192/568 9869/194/568 9870/195/568 9868/193/568
f 9869/194/569 9871/196/569 9872/197/569 9870/195/569
f 9871/196/570 9873/198/570 9874/199/570 9872/197/570
f 9873/198/571 9875/200/571 9876/201/571 9874/199/571
f 9875/200/572 9877/202/572 9878/203/572 9876/201/572
f 9877/202/573 9879/204/573 9880/205/573 9878/203/573
f 9879/204/574 9881/206/574 9882/207/574 9880/205/574
f 9881/206/575 9883/208/575 9884/209/575 9882/207/575
f 9883/208/576 9885/210/576 9886/211/576 9884/209/576
f 9885/210/577 9887/212/577 9888/213/577 9886/211/577
f 9887/212/578 9889/214/578 9890/215/578 9888/213/578
f 9889/214/579 9891/216/579 9892/217/579 9890/215/579
f 9891/216/580 9893/218/580 9894/219/580 9892/217/580
f 9893/218/581 9895/220/581 9896/221/581 9894/219/581
f 9895/220/582 9833/222/582 9836/223/582 9896/221/582
f 9929/1/551 9930/36/551 9931/167/551 9932/168/551
f 9930/36/552 9933/54/552 9934/169/552 9931/167/552
f 9933/54/553 9935/74/553 9936/170/553 9934/169/553
f 9935/74/554 9937/141/554 9938/171/554 9936/170/554
f 9937/141/555 9939/151/555 9940/172/555 9938/171/555
f 9939/151/556 9941/161/556 9942/173/556 9940/172/556
f 9941/161/557 9943/174/557 9944/175/557 9942/173/557
f 9943/174/558 9945/176/558 9946/177/558 9944/175/558
f 9945/176/559 9947/178/559 9948/179/559 9946/177/559
f 9947/178/560 9949/180/560 9950/181/560 9948/179/560
f 9949/180/561 9951/182/561 9952/183/561 9950/181/561
f 9951/182/562 9953/184/562 9954/185/562 9952/183/562
f 9953/184/563 9955/186/563 9956/187/563 9954/185/563
f 9955/186/564 9957/188/564 9958/189/564 9956/187/564
f 9957/188/565 9959/190/565 9960/191/565 9958/189/565
f 9959/190/566 9961/2/566 9962/99/566 9960/191/566
f 9961/2/567 9963/192/567 9964/193/567 9962/99/567
f 9963/192/568 9965/194/568 9966/195/568 9964/193/568
f 9965/194/569 9967/196/569 9968/197/569 9966/195/569
f 9967/196/570 9969/198/570 9970/199/570 9968/197/570
f 9969/198/571 9971/200/571 9972/201/571 9970/199/571
f 9971/200/572 9973/202/572 9974/203/572 9972/201/572
f 9973/202/573 9975/204/573 9976/205/573 9974/203/573
f 9975/204/574 9977/206/574 9978/207/574 9976/205/574
f 9977/206/575 9979/208/575 9980/209/575 9978/207/575
f 9979/208/576 9981/210/576 9982/211/576 9980/209/576
f 9981/210/577 9983/212/577 9984/213/577 9982/211/577
f 9983/212/578 9985/214/578 9986/215/578 9984/213/578
f 9985/214/579 9987/216/579 9988/217/579 9986/215/579
f 9987/216/580 9989/218/580 9990/219/580 9988/217/580
f 9989/218/581 9991/220/581 9992/221/581 9990/219/581
f 9991/220/582 9929/222/582 9932/223/582 9992/221/582
f 10025/1/551 10026/36/551 10027/167/551 10028/168/551
f 10026/36/552 10029/54/552 10030/169/552 10027/167/552
f 10029/54/553 10031/74/553 10032/170/553 10030/169/553
f 10031/74/554 10033/141/554 10034/171/554 10032/170/554
f 10033/141/555 10035/151/555 10036/172/555 10034/171/555
f 10035/151/556 10037/161/556 10038/173/556 10036/172/556
f 10037/161/557 10039/174/557 10040/175/557 10038/173/557
f 10039/174/558 10041/176/558 10042/177/558 10040/175/558
f 10041/176/559 10043/178/559 10044/179/559 10042/177/559
f 10043/178/560 10045/180/560 10046/181/560 10044/179/560
f 10045/180/561 10047/182/561 10048/183/561 10046/181/561
f 10047/182/562 10049/184/562 10050/185/562 10048/183/562
f 10049/184/563 10051/186/563 10052/187/563 10050/185/563
f 10051/186/564 10053/188/564 10054/189/564 10052/187/564
f 10053/188/565 10055/190/565 10056/191/565 10054/189/565
f 10055/190/566 10057/2/566 10058/99/566 10056/191/566
f 10057/2/567 10059/192/567 10060/193/567 10058/99/567
f 10059/192/568 10061/194/568 10062/195/568 10060/193/568
f 10061/194/569 10063/196/569 10064/197/569 10062/195/569
f 10063/196/570 10065/198/570 10066/199/570 10064/197/570
f 10065/198/571 10067/200/571 10068/201/571 10066/199/571
f 10067/200/572 10069/202/572 10070/203/572 10068/201/572
f 10069/202/573 10071/204/573 10072/205/573 10070/203/573
f 10071/204/574 10073/206/574 10074/207/574 10072/205/574
f 10073/206/575 10075/208/575 10076/209/575 10074/207/575
f 10075/208/576 10077/210/576 10078/211/576 10076/209/576
f 10077/210/577 10079/212/577 10080/213/577 10078/211/577
f 10079/212/578 10081/214/578 10082/215/578 10080/213/578
f 10081/214/579 10083/216/579 10084/217/579 10082/215/579
f 10083/216/580 10085/218/580 10086/219/580 10084/217/580
f 10085/218/581 10087/220/581 10088/221/581 10086/219/581
f 10087/220/582 10025/222/582 10028/223/582 10088/221/582
f 10121/1/551 10122/36/551 10123/167/551 10124/168/551
f 10122/36/552 10125/54/552 10126/169/552 10123/167/552
f 10125/54/553 10127/74/553 10128/170/553 10126/169/553
f 10127/74/554 10129/141/554 10130/171/554 10128/170/554
f 10129/141/555 10131/151/555 10132/172/555 10130/171/555
f 10131/151/556 10133/161/556 10134/173/556 10132/172/556
f 10133/161/557 10135/174/557 10136/175/557 10134/173/557
f 10135/174/558 10137/176/558 10138/177/558 10136/175/558
f 10137/176/559 10139/178/559 10140/179/559 10138/177/559
f 10139/178/560 10141/180/560 10142/181/560 10140/179/560
f 10141/180/561 10143/182/561 10144/183/561 10142/181/561
f 10143/182/562 10145/184/562 10146/185/562 10144/183/562
f 10145/184/563 10147/186/563 10148/187/563 10146/185/563
f 10147/186/564 10149/188/564 10150/189/564 10148/187/564
f 10149/188/565 10151/190/565 10152/191/565 10150/189/565
f 10151/190/566 10153/2/566 10154/99/566 10152/191/566
f 10153/2/567 10155/192/567 10156/193/567 10154/99/567
f 10155/192/568 10157/194/568 10158/195/568 10156/193/568
f 10157/194/569 10159/196/569 10160/197/569 10158/195/569
f 10159/196/570 10161/198/570 10162/199/570 10160/197/570
f 10161/198/571 10163/200/571 10164/201/571 10162/199/571
f 10163/200/572 10165/202/572 10166/203/572 10164/201/572
f 10165/202/573 10167/204/573 10168/205/573 10166/203/573
f 10167/204/574 10169/206/574 10170/207/574 10168/205/574
f 10169/206/575 10171/208/575 10172/209/575 10170/207/575
f 10171/208/576 10173/210/576 10174/211/576 10172/209/576
f 10173/210/577 10175/212/577 10176/213/577 10174/211/577
f 10175/212/578 10177/214/578 10178/215/578 10176/213/578
f 10177/214/579 10179/216/579 10180/217/579 10178/215/579
f 10179/216/580 10181/218/580 10182/219/580 10180/217/580
f 10181/218/581 10183/220/581 10184/221/581 10182/219/581
f 10183/220/582 10121/222/582 10124/223/582 10184/221/582
f 10217/1/551 10218/36/551 10219/167/551 10220/168/551
f 10218/36/552 10221/54/552 10222/169/552 10219/167/552
f 10221/54/553 10223/74/553 10224/170/553 10222/169/553
f 10223/74/554 10225/141/554 10226/171/554 10224/170/554
f 10225/141/555 10227/151/555 10228/172/555 10226/171/555
f 10227/151/556 10229/161/556 10230/173/556 10228/172/556
f 10229/161/557 10231/174/557 10232/175/557 10230/173/557
f 10231/174/558 10233/176/558 10234/177/558 10232/175/558
f 10233/176/559 10235/178/559 10236/179/559 10234/177/559
f 10235/178/560 10237/180/560 10238/181/560 10236/179/560
f 10237/180/561 10239/182/561 10240/183/561 10238/181/561
f 10239/182/562 10241/184/562 10242/185/562 10240/183/562
f 10241/184/563 10243/186/563 10244/187/563 10242/185/563
f 10243/186/564 10245/188/564 10246/189/564 10244/187/564
f 10245/188/565 10247/190/565 10248/191/565 10246/189/565
f 10247/190/566 10249/2/566 10250/99/566 10248/191/566
f 10249/2/567 10251/192/567 10252/193/567 10250/99/567
f 10251/192/568 10253/194/568 10254/195/568 10252/193/568
f 10253/194/569 10255/196/569 10256/197/569 10254/195/569
f 10255/196/570 10257/198/570 10258/199/570 10256/197/570
f 10257/198/571 10259/200/571 10260/201/571 10258/199/571
f 10259/200/572 10261/202/572 10262/203/572 10260/201/572
f 10261/202/573 10263/204/573 10264/205/573 10262/203/573
f 10263/204/574 10265/206/574 10266/207/574 10264/205/574
f 10265/206/575 10267/208/575 10268/209/575 10266/207/575
f 10267/208/576 10269/210/576 10270/211/576 10268/209/576
f 10269/210/577 10271/212/577 10272/213/577 10270/211/577
f 10271/212/578 10273/214/578 10274/215/578 10272/213/578
f 10273/214/579 10275/216/579 10276/217/579 10274/215/579
f 10275/216/580 10277/218/580 10278/219/580 10276/217/580
f 10277/218/581 10279/220/581 10280/221/581 10278/219/581
f 10279/220/582 10217/222/582 10220/223/582 10280/221/582
o string_4
usemtl steel
f 8617/1/583 8618/24/583 8619/224/583 8620/117/583
f 8618/24/584 8621/32/584 8622/225/584 8619/224/584
f 8621/32/585 8623/40/585 8624/226/585 8622/225/585
f 8623/40/586 8625/10/586 8626/227/586 8624/226/586
f 8625/10/587 8627/54/587 8628/228/587 8626/227/587
f 8627/54/588 8629/62/588 8630/229/588 8628/228/588
f 8629/62/589 8631/70/589 8632/230/589 8630/229/589
f 8631/70/590 8633/16/590 8634/231/590 8632/230/590
f 8633/16/591 8635/137/591 8636/232/591 8634/231/591
f 8635/137/592 8637/141/592 8638/233/592 8636/232/592
f 8637/141/593 8639/145/593 8640/234/593 8638/233/593
f 8639/145/594 8641/149/594 8642/235/594 8640/234/594
f 8641/149/595 8643/153/595 8644/236/595 8642/235/595
f 8643/153/596 8645/157/596 8646/237/596 8644/236/596
f 8645/157/597 8647/161/597 8648/238/597 8646/237/597
f 8647/161/598 8649/165/598 8650/239/598 8648/238/598
f 8649/165/599 8651/240/599 8652/241/599 8650/239/599
f 8651/240/600 8653/242/600 8654/243/600 8652/241/600
f 8653/242/601 8655/244/601 8656/245/601 8654/243/601
f 8655/244/602 8657/176/602 8658/246/602 8656/245/602
f 8657/176/603 8659/247/603 8660/248/603 8658/246/603
f 8659/247/604 8661/249/604 8662/250/604 8660/248/604
f 8661/249/605 8663/251/605 8664/252/605 8662/250/605
f 8663/251/606 8665/112/606 8666/253/606 8664/252/606
f 8665/112/607 8667/180/607 8668/254/607 8666/253/607
f 8667/180/608 8669/255/608 8670/256/608 8668/254/608
f 8669/255/609 8671/257/609 8672/258/609 8670/256/609
f 8671/257/610 8673/259/610 8674/260/610 8672/258/610
f 8673/259/611 8675/261/611 8676/262/611 8674/260/611
f 8675/261/612 8677/184/612 8678/263/612 8676/262/612
f 8677/184/613 8679/264/613 8680/265/613 8678/263/613
f 8679/264/614 8617/115/614 8620/116/614 8680/265/614
f 8620/1/583 8619/24/583 8745/224/583 8746/117/583
f 8619/24/584 8622/32/584 8747/225/584 8745/224/584
f 8622/32/585 8624/40/585 8748/226/585 8747/225/585
f 8624/40/586 8626/10/586 8749/227/586 8748/226/586
f 8626/10/587 8628/54/587 8750/228/587 8749/227/587
f 8628/54/588 8630/62/588 8751/229/588 8750/228/588
f 8630/62/589 8632/70/589 8752/230/589 8751/229/589
f 8632/70/590 8634/16/590 8753/231/590 8752/230/590
f 8634/16/591 8636/137/591 8754/232/591 8753/231/591
f 8636/137/592 8638/141/592 8755/233/592 8754/232/592
f 8638/141/593 8640/145/593 8756/234/593 8755/233/593
f 8640/145/594 8642/149/594 8757/235/594 8756/234/594
f 8642/149/595 8644/153/595 8758/236/595 8757/235/595
f 8644/153/596 8646/157/596 8759/237/596 8758/236/596
f 8646/157/597 8648/161/597 8760/238/597 8759/237/597
f 8648/161/598 8650/165/598 8761/239/598 8760/238/598
f 8650/165/599 8652/240/599 8762/241/599 8761/239/599
f 8652/240/600 8654/242/600 8763/243/600 8762/241/600
f 8654/242/601 8656/244/601 8764/245/601 8763/243/601
f 8656/244/602 8658/176/602 8765/246/602 8764/245/602
f 8658/176/603 8660/247/603 8766/248/603 8765/246/603
f 8660/247/604 8662/249/604 8767/250/604 8766/248/604
f 8662/249/605 8664/251/605 8768/252/605 8767/250/605
f 8664/251/606 8666/112/606 8769/253/606 8768/252/606
f 8666/112/607 8668/180/607 8770/254/607 8769/253/607
f 8668/180/608 8670/255/608 8771/256/608 8770/254/608
f 8670/255/609 8672/257/609 8772/258/609 8771/256/609
f 8672/257/610 8674/259/610 8773/260/610 8772/258/610
f 8674/259/611 8676/261/611 8774/262/611 8773/260/611
f 8676/261/612 8678/184/612 8775/263/612 8774/262/612
f 8678/184/613 8680/264/613 8776/265/613 8775/263/613
f 8680/264/614 8620/115/614 8746/116/614 8776/265/614
f 8746/1/583 8745/24/583 8841/224/583 8842/117/583
f 8745/24/584 8747/32/584 8843/225/584 8841/224/584
f 8747/32/585 8748/40/585 8844/226/585 8843/225/585
f 8748/40/586 8749/10/586 8845/227/586 8844/226/586
f 8749/10/587 8750/54/587 8846/228/587 8845/227/587
f 8750/54/588 8751/62/588 8847/229/588 8846/228/588
f 8751/62/589 8752/70/589 8848/230/589 8847/229/589
f 8752/70/590 8753/16/590 8849/231/590 8848/230/590
f 8753/16/591 8754/137/591 8850/232/591 8849/231/591
f 8754/137/592 8755/141/592 8851/233/592 8850/232/592
f 8755/141/593 8756/145/593 8852/234/593 8851/233/593
f 8756/145/594 8757/149/594 8853/235/594 8852/234/594
f 8757/149/595 8758/153/595 8854/236/595 8853/235/595
f 8758/153/596 8759/157/596 8855/237/596 8854/236/596
f 8759/157/597 8760/161/597 8856/238/597 8855/237/597
f 8760/161/598 8761/165/598 8857/239/598 8856/238/598
f 8761/165/599 8762/240/599 8858/241/599 8857/239/599
f 8762/240/600 8763/242/600 8859/243/600 8858/241/600
f 8763/242/601 8764/244/601 8860/245/601 8859/243/601
f 8764/244/602 8765/176/602 8861/246/602 8860/245/602
f 8765/176/603 8766/247/603 8862/248/603 8861/246/603
f 8766/247/604 8767/249/604 8863/250/604 8862/248/604
f 8767/249/605 8768/251/605 8864/252/605 8863/250/605
f 8768/251/606 8769/112/606 8865/253/606 8864/252/606
f 8769/112/607 8770/180/607 8866/254/607 8865/253/607
f 8770/180/608 8771/255/608 8867/256/608 8866/254/608
f 8771/255/609 8772/257/609 8868/258/609 8867/256/609
f 8772/257/610 8773/259/610 8869/260/610 8868/258/610
f 8773/259/611 8774/261/611 8870/262/611 8869/260/611
f 8774/261/612 8775/184/612 8871/263/612 8870/262/612
f 8775/184/613 8776/264/613 8872/265/613 8871/263/613
f 8776/264/614 8746/115/614 8842/116/614 8872/265/614
f 8842/1/583 8841/24/583 8937/224/583 8938/117/583
f 8841/24/584 8843/32/584 8939/225/584 8937/224/584
f 8843/32/585 8844/40/585 8940/226/585 8939/225/585
f 8844/40/586 8845/10/586 8941/227/586 8940/226/586
f 8845/10/587 8846/54/587 8942/228/587 8941/227/587
f 8846/54/588 8847/62/588 8943/229/588 8942/228/588
f 8847/62/589 8848/70/589 8944/230/589 8943/229/589
f 8848/70/590 8849/16/590 8945/231/590 8944/230/590
f 8849/16/591 8850/137/591 8946/232/591 8945/231/591
f 8850/137/592 8851/141/592 8947/233/592 8946/232/592
f 8851/141/593 8852/145/593 8948/234/593 8947/233/593
f 8852/145/594 8853/149/594 8949/235/594 8948/234/594
f 8853/149/595 8854/153/595 8950/236/595 8949/235/595
f 8854/153/596 8855/157/596 8951/237/596 8950/236/596
f 8855/157/597 8856/161/597 8952/238/597 8951/237/597
f 8856/161/598 8857/165/598 8953/239/598 8952/238/598
f 8857/165/599 8858/240/599 8954/241/599 8953/239/599
f 8858/240/600 8859/242/600 8955/243/600 8954/241/600
f 8859/242/601 8860/244/601 8956/245/601 8955/243/601
f 8860/244/602 8861/176/602 8957/246/602 8956/245/602
f 8861/176/603 8862/247/603 8958/248/603 8957/246/603
f 8862/247/604 8863/249/604 8959/250/604 8958/248/604
f 8863/249/605 8864/251/605 8960/252/605 8959/250/605
f 8864/251/606 8865/112/606 8961/253/606 8960/252/606
f 8865/112/607 8866/180/607 8962/254/607 8961/253/607
f 8866/180/608 8867/255/608 8963/256/608 8962/254/608
f 8867/255/609 8868/257/609 8964/258/609 8963/256/609
f 8868/257/610 8869/259/610 8965/260/610 8964/258/610
f 8869/259/611 8870/261/611 8966/262/611 8965/260/611
f 8870/261/612 8871/184/612 8967/263/612 8966/262/612
f 8871/184/613 8872/264/613 8968/265/613 8967/263/613
f 8872/264/614 8842/115/614 8938/116/614 8968/265/614
f 8938/1/583 8937/24/583 9033/224/583 9034/117/583
f 8937/24/584 8939/32/584 9035/225/584 9033/224/584
f 8939/32/585 8940/40/585 9036/226/585 9035/225/585
f 8940/40/586 8941/10/586 9037/227/586 9036/226/586
f 8941/10/587 8942/54/587 9038/228/587 9037/227/587
f 8942/54/588 8943/62/588 9039/229/588 9038/228/588
f 8943/62/589 8944/70/589 9040/230/589 9039/229/589
f 8944/70/590 8945/16/590 9041/231/590 9040/230/590
f 8945/16/591 8946/137/591 9042/232/591 9041/231/591
f 8946/137/592 8947/141/592 9043/233/592 9042/232/592
f 8947/141/593 8948/145/593 9044/234/593 9043/233/593
f 8948/145/594 8949/149/594 9045/235/594 9044/234/594
f 8949/149/595 8950/153/595 9046/236/595 9045/235/595
f 8950/153/596 8951/157/596 9047/237/596 9046/236/596
f 8951/157/597 8952/161/597 9048/238/597 9047/237/597
f 8952/161/598 8953/165/598 9049/239/598 9048/238/598
f 8953/165/599 8954/240/599 9050/241/599 9049/239/599
f 8954/240/600 8955/242/600 9051/243/600 9050/241/600
f 8955/242/601 8956/244/601 9052/245/601 9051/243/601
f 8956/244/602 8957/176/602 9053/246/602 9052/245/602
f 8957/176/603 8958/247/603 9054/248/603 9053/246/603
f 8958/247/604 8959/249/604 9055/250/604 9054/248/604
f 8959/249/605 8960/251/605 9056/252/605 9055/250/605
f 8960/251/606 8961/112/606 9057/253/606 9056/252/606
f 8961/112/607 8962/180/607 9058/254/607 9057/253/607
f 8962/180/608 8963/255/608 9059/256/608 9058/254/608
f 8963/255/609 8964/257/609 9060/258/609 9059/256/609
f 8964/257/610 8965/259/610 9061/260/610 9060/258/610
f 8965/259/611 8966/261/611 9062/262/611 9061/260/611
f 8966/261/612 8967/184/612 9063/263/612 9062/262/612
f 8967/184/613 8968/264/613 9064/265/613 9063/263/613
f 8968/264/614 8938/115/614 9034/116/614 9064/265/614
f 9034/1/583 9033/24/583 9129/224/583 9130/117/583
f 9033/24/584 9035/32/584 9131/225/584 9129/224/584
f 9035/32/585 9036/40/585 9132/226/585 9131/225/585
f 9036/40/586 9037/10/586 9133/227/586 9132/226/586
f 9037/10/587 9038/54/587 9134/228/587 9133/227/587
f 9038/54/588 9039/62/588 9135/229/588 9134/228/588
f 9039/62/589 9040/70/589 9136/230/589 9135/229/589
f 9040/70/590 9041/16/590 9137/231/590 9136/230/590
f 9041/16/591 9042/137/591 9138/232/591 9137/231/591
f 9042/137/592 9043/141/592 9139/233/592 9138/232/592
f 9043/141/593 9044/145/593 9140/234/593 9139/233/593
f 9044/145/594 9045/149/594 9141/235/594 9140/234/594
f 9045/149/595 9046/153/595 9142/236/595 9141/235/595
f 9046/153/596 9047/157/596 9143/237/596 9142/236/596
f 9047/157/597 9048/161/597 9144/238/597 9143/237/597
f 9048/161/598 9049/165/598 9145/239/598 9144/238/598
f 9049/165/599 9050/240/599 9146/241/599 9145/239/599
f 9050/240/600 9051/242/600 9147/243/600 9146/241/600
f 9051/242/601 9052/244/601 9148/245/601 9147/243/601
f 9052/244/602 9053/176/602 9149/246/602 9148/245/602
f 9053/176/603 9054/247/603 9150/248/603 9149/246/603
f 9054/247/604 9055/249/604 9151/250/604 9150/248/604
f 9055/249/605 9056/251/605 9152/252/605 9151/250/605
f 9056/251/606 9057/112/606 9153/253/606 9152/252/606
f 9057/112/607 9058/180/607 9154/254/607 9153/253/607
f 9058/180/608 9059/255/608 9155/256/608 9154/254/608
f 9059/255/609 9060/257/609 9156/258/609 9155/256/609
f 9060/257/610 9061/259/610 9157/260/610 9156/258/610
f 9061/259/611 9062/261/611 9158/262/611 9157/260/611
f 9062/261/612 9063/184/612 9159/263/612 9158/262/612
f 9063/184/613 9064/264/613 9160/265/613 9159/263/613
f 9064/264/614 9034/115/614 9130/116/614 9160/265/614
f 9130/1/583 9129/24/583 9225/224/583 9226/117/583
f 9129/24/584 9131/32/584 9227/225/584 9225/224/584
f 9131/32/585 9132/40/585 9228/226/585 9227/225/585
f 9132/40/586 9133/10/586 9229/227/586 9228/226/586
f 9133/10/587 9134/54/587 9230/228/587 9229/227/587
f 9134/54/588 9135/62/588 9231/229/588 9230/228/588
f 9135/62/589 9136/70/589 9232/230/589 9231/229/589
f 9136/70/590 9137/16/590 9233/231/590 9232/230/590
f 9137/16/591 9138/137/591 9234/232/591 9233/231/591
f 9138/137/592 9139/141/592 9235/233/592 9234/232/592
f 9139/141/593 9140/145/593 9236/234/593 9235/233/593
f 9140/145/594 9141/149/594 9237/235/594 9236/234/594
f 9141/149/595 9142/153/595 9238/236/595 9237/235/595
f 9142/153/596 9143/157/596 9239/237/596 9238/236/596
f 9143/157/597 9144/161/597 9240/238/597 9239/237/597
f 9144/161/598 9145/165/598 9241/239/598 9240/238/598
f 9145/165/599 9146/240/599 9242/241/599 9241/239/599
f 9146/240/600 9147/242/600 9243/243/600 9242/241/600
f 9147/242/601 9148/244/601 9244/245/601 9243/243/601
f 9148/244/602 9149/176/602 9245/246/602 9244/245/602
f 9149/176/603 9150/247/603 9246/248/603 9245/246/603
f 9150/247/604 9151/249/604 9247/250/604 9246/248/604
f 9151/249/605 9152/251/605 9248/252/605 9247/250/605
f 9152/251/606 9153/112/606 9249/253/606 9248/252/606
f 9153/112/607 9154/180/607 9250/254/607 9249/253/607
f 9154/180/608 9155/255/608 9251/256/608 9250/254/608
f 9155/255/609 9156/257/609 9252/258/609 9251/256/609
f 9156/257/610 9157/259/610 9253/260/610 9252/258/610
f 9157/259/611 9158/261/611 9254/262/611 9253/260/611
f 9158/261/612 9159/184/612 9255/263/612 9254/262/612
f 9159/184/613 9160/264/613 9256/265/613 9255/263/613
f 9160/264/614 9130/115/614 9226/116/614 9256/265/614
f 9226/1/583 9225/24/583 9321/224/583 9322/117/583
f 9225/24/584 9227/32/584 9323/225/584 9321/224/584
f 9227/32/585 9228/40/585 9324/226/585 9323/225/585
f 9228/40/586 9229/10/586 9325/227/586 9324/226/586
f 9229/10/587 9230/54/587 9326/228/587 9325/227/587
f 9230/54/588 9231/62/588 9327/229/588 9326/228/588
f 9231/62/589 9232/70/589 9328/230/589 9327/229/589
f 9232/70/590 9233/16/590 9329/231/590 9328/230/590
f 9233/16/591 9234/137/591 9330/232/591 9329/231/591
f 9234/137/592 9235/141/592 9331/233/592 9330/232/592
f 9235/141/593 9236/145/593 9332/234/593 9331/233/593
f 9236/145/594 9237/149/594 9333/235/594 9332/234/594
f 9237/149/595 9238/153/595 9334/236/595 9333/235/595
f 9238/153/596 9239/157/596 9335/237/596 9334/236/596
f 9239/157/597 9240/161/597 9336/238/597 9335/237/597
f 9240/161/598 9241/165/598 9337/239/598 9336/238/598
f 9241/165/599 9242/240/599 9338/241/599 9337/239/599
f 9242/240/600 9243/242/600 9339/243/600 9338/241/600
f 9243/242/601 9244/244/601 9340/245/601 9339/243/601
f 9244/244/602 9245/176/602 9341/246/602 9340/245/602
f 9245/176/603 9246/247/603 9342/248/603 9341/246/603
f 9246/247/604 9247/249/604 9343/250/604 9342/248/604
f 9247/249/605 9248/251/605 9344/252/605 9343/250/605
f 9248/251/606 9249/112/606 9345/253/606 9344/252/606
f 9249/112/607 9250/180/607 9346/254/607 9345/253/607
f 9250/180/608 9251/255/608 9347/256/608 9346/254/608
f 9251/255/609 9252/257/609 9348/258/609 9347/256/609
f 9252/257/610 9253/259/610 9349/260/610 9348/258/610
f 9253/259/611 9254/261/611 9350/262/611 9349/260/611
f 9254/261/612 9255/184/612 9351/263/612 9350/262/612
f 9255/184/613 9256/264/613 9352/265/613 9351/263/613
f 9256/264/614 9226/115/614 9322/116/614 9352/265/614
f 9322/1/583 9321/24/583 9417/224/583 9418/117/583
f 9321/24/584 9323/32/584 9419/225/584 9417/224/584
f 9323/32/585 9324/40/585 9420/226/585 9419/225/585
f 9324/40/586 9325/10/586 9421/227/586 9420/226/586
f 9325/10/587 9326/54/587 9422/228/587 9421/227/587
f 9326/54/588 9327/62/588 9423/229/588 9422/228/588
f 9327/62/589 9328/70/589 9424/230/589 9423/229/589
f 9328/70/590 9329/16/590 9425/231/590 9424/230/590
f 9329/16/591 9330/137/591 9426/232/591 9425/231/591
f 9330/137/592 9331/141/592 9427/233/592 9426/232/592
f 9331/141/593 9332/145/593 9428/234/593 9427/233/593
f 9332/145/594 9333/149/594 9429/235/594 9428/234/594
f 9333/149/595 9334/153/595 9430/236/595 9429/235/595
f 9334/153/596 9335/157/596 9431/237/596 9430/236/596
f 9335/157/597 9336/161/597 9432/238/597 9431/237/597
f 9336/161/598 9337/165/598 9433/239/598 9432/238/598
f 9337/165/599 9338/240/599 9434/241/599 9433/239/599
f 9338/240/600 9339/242/600 9435/243/600 9434/241/600
f 9339/242/601 9340/244/601 9436/245/601 9435/243/601
f 9340/244/602 9341/176/602 9437/246/602 9436/245/602
f 9341/176/603 9342/247/603 9438/248/603 9437/246/603
f 9342/247/604 9343/249/604 9439/250/604 9438/248/604
f 9343/249/605 9344/251/605 9440/252/605 9439/250/605
f 9344/251/606 9345/112/606 9441/253/606 9440/252/606
f 9345/112/607 9346/180/607 9442/254/607 9441/253/607
f 9346/180/608 9347/255/608 9443/256/608 9442/254/608
f 9347/255/609 9348/257/609 9444/258/609 9443/256/609
f 9348/257/610 9349/259/610 9445/260/610 9444/258/610
f 9349/259/611 9350/261/611 9446/262/611 9445/260/611
f 9350/261/612 9351/184/612 9447/263/612 9446/262/612
f 9351/184/613 9352/264/613 9448/265/613 9447/263/613
f 9352/264/614 9322/115/614 9418/116/614 9448/265/614
f 9418/1/583 9417/24/583 9513/224/583 9514/117/583
f 9417/24/584 9419/32/584 9515/225/584 9513/224/584
f 9419/32/585 9420/40/585 9516/226/585 9515/225/585
f 9420/40/586 9421/10/586 9517/227/586 9516/226/586
f 9421/10/587 9422/54/587 9518/228/587 9517/227/587
f 9422/54/588 9423/62/588 9519/229/588 9518/228/588
f 9423/62/589 9424/70/589 9520/230/589 9519/229/589
f 9424/70/590 9425/16/590 9521/231/590 9520/230/590
f 9425/16/591 9426/137/591 9522/232/591 9521/231/591
f 9426/137/592 9427/141/592 9523/233/592 9522/232/592
f 9427/141/593 9428/145/593 9524/234/593 9523/233/593
f 9428/145/594 9429/149/594 9525/235/594 9524/234/594
f 9429/149/595 9430/153/595 9526/236/595 9525/235/595
f 9430/153/596 9431/157/596 9527/237/596 9526/236/596
f 9431/157/597 9432/161/597 9528/238/597 9527/237/597
f 9432/161/598 9433/165/598 9529/239/598 9528/238/598
f 9433/165/599 9434/240/599 9530/241/599 9529/239/599
f 9434/240/600 9435/242/600 9531/243/600 9530/241/600
f 9435/242/601 9436/244/601 9532/245/601 9531/243/601
f 9436/244/602 9437/176/602 9533/246/602 9532/245/602
f 9437/176/603 9438/247/603 9534/248/603 9533/246/603
f 9438/247/604 9439/249/604 9535/250/604 9534/248/604
f 9439/249/605 9440/251/605 9536/252/605 9535/250/605
f 9440/251/606 9441/112/606 9537/253/606 9536/252/606
f 9441/112/607 9442/180/607 9538/254/607 9537/253/607
f 9442/180/608 9443/255/608 9539/256/608 9538/254/608
f 9443/255/609 9444/257/609 9540/258/609 9539/256/609
f 9444/257/610 9445/259/610 9541/260/610 9540/258/610
f 9445/259/611 9446/261/611 9542/262/611 9541/260/611
f 9446/261/612 9447/184/612 9543/263/612 9542/262/612
f 9447/184/613 9448/264/613 9544/265/613 9543/263/613
f 9448/264/614 9418/115/614 9514/116/614 9544/265/614
f 9514/1/583 9513/24/583 9609/224/583 9610/117/583
f 9513/24/584 9515/32/584 9611/225/584 9609/224/584
f 9515/32/585 9516/40/585 9612/226/585 9611/225/585
f 9516/40/586 9517/10/586 9613/227/586 9612/226/586
f 9517/10/587 9518/54/587 9614/228/587 9613/227/587
f 9518/54/588 9519/62/588 9615/229/588 9614/228/588
f 9519/62/589 9520/70/589 9616/230/589 9615/229/589
f 9520/70/590 9521/16/590 9617/231/590 9616/230/590
f 9521/16/591 9522/137/591 9618/232/591 9617/231/591
f 9522/137/592 9523/141/592 9619/233/592 9618/232/592
f 9523/141/593 9524/145/593 9620/234/593 9619/233/593
f 9524/145/594 9525/149/594 9621/235/594 9620/234/594
f 9525/149/595 9526/153/595 9622/236/595 9621/235/595
f 9526/153/596 9527/157/596 9623/237/596 9622/236/596
f 9527/157/597 9528/161/597 9624/238/597 9623/237/597
f 9528/161/598 9529/165/598 9625/239/598 9624/238/598
f 9529/165/599 9530/240/599 9626/241/599 9625/239/599
f 9530/240/600 9531/242/600 9627/243/600 9626/241/600
f 9531/242/601 9532/244/601 9628/245/601 9627/243/601
f 9532/244/602 9533/176/602 9629/246/602 9628/245/602
f 9533/176/603 9534/247/603 9630/248/603 9629/246/603
f 9534/247/604 9535/249/604 9631/250/604 9630/248/604
f 9535/249/605 9536/251/605 9632/252/605 9631/250/605
f 9536/251/606 9537/112/606 9633/253/606 9632/252/606
f 9537/112/607 9538/180/607 9634/254/607 9633/253/607
f 9538/180/608 9539/255/608 9635/256/608 9634/254/608
f 9539/255/609 9540/257/609 9636/258/609 9635/256/609
f 9540/257/610 9541/259/610 9637/260/610 9636/258/610
f 9541/259/611 9542/261/611 9638/262/611 9637/260/611
f 9542/261/612 9543/184/612 9639/263/612 9638/262/612
f 9543/184/613 9544/264/613 9640/265/613 9639/263/613
f 9544/264/614 9514/115/614 9610/116/614 9640/265/614
f 9610/1/583 9609/24/583 9705/224/583 9706/117/583
f 9609/24/584 9611/32/584 9707/225/584 9705/224/584
f 9611/32/585 9612/40/585 9708/226/585 9707/225/585
f 9612/40/586 9613/10/586 9709/227/586 9708/226/586
f 9613/10/587 9614/54/587 9710/228/587 9709/227/587
f 9614/54/588 9615/62/588 9711/229/588 9710/228/588
f 9615/62/589 9616/70/589 9712/230/589 9711/229/589
f 9616/70/590 9617/16/590 9713/231/590 9712/230/590
f 9617/16/591 9618/137/591 9714/232/591 9713/231/591
f 9618/137/592 9619/141/592 9715/233/592 9714/232/592
f 9619/141/593 9620/145/593 9716/234/593 9715/233/593
f 9620/145/594 9621/149/594 9717/235/594 9716/234/594
f 9621/149/595 9622/153/595 9718/236/595 9717/235/595
f 9622/153/596 9623/157/596 9719/237/596 9718/236/596
f 9623/157/597 9624/161/597 9720/238/597 9719/237/597
f 9624/161/598 9625/165/598 9721/239/598 9720/238/598
f 9625/165/599 9626/240/599 9722/241/599 9721/239/599
f 9626/240/600 9627/242/600 9723/243/600 9722/241/600
f 9627/242/601 9628/244/601 9724/245/601 9723/243/601
f 9628/244/602 9629/176/602 9725/246/602 9724/245/602
f 9629/176/603 9630/247/603 9726/248/603 9725/246/603
f 9630/247/604 9631/249/604 9727/250/604 9726/248/604
f 9631/249/605 9632/251/605 9728/252/605 9727/250/605
f 9632/251/606 9633/112/606 9729/253/606 9728/252/606
f 9633/112/607 9634/180/607 9730/254/607 9729/253/607
f 9634/180/608 9635/255/608 9731/256/608 9730/254/608
f 9635/255/609 9636/257/609 9732/258/609 9731/256/609
f 9636/257/610 9637/259/610 9733/260/610 9732/258/610
f 9637/259/611 9638/261/611 9734/262/611 9733/260/611
f 9638/261/612 9639/184/612 9735/263/612 9734/262/612
f 9639/184/613 9640/264/613 9736/265/613 9735/263/613
f 9640/264/614 9610/115/614 9706/116/614 9736/265/614
f 9706/1/583 9705/24/583 9801/224/583 9802/117/583
f 9705/24/584 9707/32/584 9803/225/584 9801/224/584
f 9707/32/585 9708/40/585 9804/226/585 9803/225/585
f 9708/40/586 9709/10/586 9805/227/586 9804/226/586
f 9709/10/587 9710/54/587 9806/228/587 9805/227/587
f 9710/54/588 9711/62/588 9807/229/588 9806/228/588
f 9711/62/589 9712/70/589 9808/230/589 9807/229/589
f 9712/70/590 9713/16/590 9809/231/590 9808/230/590
f 9713/16/591 9714/137/591 9810/232/591 9809/231/591
f 9714/137/592 9715/141/592 9811/233/592 9810/232/592
f 9715/141/593 9716/145/593 9812/234/593 9811/233/593
f 9716/145/594 9717/149/594 9813/235/594 9812/234/594
f 9717/149/595 9718/153/595 9814/236/595 9813/235/595
f 9718/153/596 9719/157/596 9815/237/596 9814/236/596
f 9719/157/597 9720/161/597 9816/238/597 9815/237/597
f 9720/161/598 9721/165/598 9817/239/598 9816/238/598
f 9721/165/599 9722/240/599 9818/241/599 9817/239/599
f 9722/240/600 9723/242/600 9819/243/600 9818/241/600
f 9723/242/601 9724/244/601 9820/245/601 9819/243/601
f 9724/244/602 9725/176/602 9821/246/602 9820/245/602
f 9725/176/603 9726/247/603 9822/248/603 9821/246/603
f 9726/247/604 9727/249/604 9823/250/604 9822/248/604
f 9727/249/605 9728/251/605 9824/252/605 9823/250/605
f 9728/251/606 9729/112/606 9825/253/606 9824/252/606
f 9729/112/607 9730/180/607 9826/254/607 9825/253/607
f 9730/180/608 9731/255/608 9827/256/608 9826/254/608
f 9731/255/609 9732/257/609 9828/258/609 9827/256/609
f 9732/257/610 9733/259/610 9829/260/610 9828/258/610
f 9733/259/611 9734/261/611 9830/262/611 9829/260/611
f 9734/261/612 9735/184/612 9831/263/612 9830/262/612
f 9735/184/613 9736/264/613 9832/265/613 9831/263/613
f 9736/264/614 9706/115/614 9802/116/614 9832/265/614
f 9802/1/583 9801/24/583 9897/224/583 9898/117/583
f 9801/24/584 9803/32/584 9899/225/584 9897/224/584
f 9803/32/585 9804/40/585 9900/226/585 9899/225/585
f 9804/40/586 9805/10/586 9901/227/586 9900/226/586
f 9805/10/587 9806/54/587 9902/228/587 9901/227/587
f 9806/54/588 9807/62/588 9903/229/588 9902/228/588
f 9807/62/589 9808/70/589 9904/230/589 9903/229/589
f 9808/70/590 9809/16/590 9905/231/590 9904/230/590
f 9809/16/591 9810/137/591 9906/232/591 9905/231/591
f 9810/137/592 9811/141/592 9907/233/592 9906/232/592
f 9811/141/593 9812/145/593 9908/234/593 9907/233/593
f 9812/145/594 9813/149/594 9909/235/594 9908/234/594
f 9813/149/595 9814/153/595 9910/236/595 9909/235/595
f 9814/153/596 9815/157/596 9911/237/596 9910/236/596
f 9815/157/597 9816/161/597 9912/238/597 9911/237/597
f 9816/161/598 9817/165/598 9913/239/598 9912/238/598
f 9817/165/599 9818/240/599 9914/241/599 9913/239/599
f 9818/240/600 9819/242/600 9915/243/600 9914/241/600
f 9819/242/601 9820/244/601 9916/245/601 9915/243/601
f 9820/244/602 9821/176/602 9917/246/602 9916/245/602
f 9821/176/603 9822/247/603 9918/248/603 9917/246/603
f 9822/247/604 9823/249/604 9919/250/604 9918/248/604
f 9823/249/605 9824/251/605 9920/252/605 9919/250/605
f 9824/251/606 9825/112/606 9921/253/606 9920/252/606
f 9825/112/607 9826/180/607 9922/254/607 9921/253/607
f 9826/180/608 9827/255/608 9923/256/608 9922/254/608
f 9827/255/609 9828/257/609 9924/258/609 9923/256/609
f 9828/257/610 9829/259/610 9925/260/610 9924/258/610
f 9829/259/611 9830/261/611 9926/262/611 9925/260/611
f 9830/261/612 9831/184/612 9927/263/612 9926/262/612
f 9831/184/613 9832/264/613 9928/265/613 9927/263/613
f 9832/264/614 9802/115/614 9898/116/614 9928/265/614
f 9898/1/583 9897/24/583 9993/224/583 9994/117/583
f 9897/24/584 9899/32/584 9995/225/584 9993/224/584
f 9899/32/585 9900/40/585 9996/226/585 9995/225/585
f 9900/40/586 9901/10/586 9997/227/586 9996/226/586
f 9901/10/587 9902/54/587 9998/228/587 9997/227/587
f 9902/54/588 9903/62/588 9999/229/588 9998/228/588
f 9903/62/589 9904/70/589 10000/230/589 9999/229/589
f 9904/70/590 9905/16/590 10001/231/590 10000/230/590
f 9905/16/591 9906/137/591 10002/232/591 10001/231/591
f 9906/137/592 9907/141/592 10003/233/592 10002/232/592
f 9907/141/593 9908/145/593 10004/234/593 10003/233/593
f 9908/145/594 9909/149/594 10005/235/594 10004/234/594
f 9909/149/595 9910/153/595 10006/236/595 10005/235/595
f 9910/153/596 9911/157/596 10007/237/596 10006/236/596
f 9911/157/597 9912/161/597 10008/238/597 10007/237/597
f 9912/161/598 9913/165/598 10009/239/598 10008/238/598
f 9913/165/599 9914/240/599 10010/241/599 10009/239/599
f 9914/240/600 9915/242/600 10011/243/600 10010/241/600
f 9915/242/601 9916/244/601 10012/245/601 10011/243/601
f 9916/244/602 9917/176/602 10013/246/602 10012/245/602
f 9917/176/603 9918/247/603 10014/248/603 10013/246/603
f 9918/247/604 9919/249/604 10015/250/604 10014/248/604
f 9919/249/605 9920/251/605 10016/252/605 10015/250/605
f 9920/251/606 9921/112/606 10017/253/606 10016/252/606
f 9921/112/607 9922/180/607 10018/254/607 10017/253/607
f 9922/180/608 9923/255/608 10019/256/608 10018/254/608
f 9923/255/609 9924/257/609 10020/258/609 10019/256/609
f 9924/257/610 9925/259/610 10021/260/610 10020/258/610
f 9925/259/611 9926/261/611 10022/262/611 10021/260/611
f 9926/261/612 9927/184/612 10023/263/612 10022/262/612
f 9927/184/613 9928/264/613 10024/265/613 10023/263/613
f 9928/264/614 9898/115/614 9994/116/614 10024/265/614
f 9994/1/583 9993/24/583 10089/224/583 10090/117/583
f 9993/24/584 9995/32/584 10091/225/584 10089/224/584
f 9995/32/585 9996/40/585 10092/226/585 10091/225/585
f 9996/40/586 9997/10/586 10093/227/586 10092/226/586
f 9997/10/587 9998/54/587 10094/228/587 10093/227/587
f 9998/54/588 9999/62/588 10095/229/588 10094/228/588
f 9999/62/589 10000/70/589 10096/230/589 10095/229/589
f 10000/70/590 10001/16/590 10097/231/590 10096/230/590
f 10001/16/591 10002/137/591 10098/232/591 10097/231/591
f 10002/137/592 10003/141/592 10099/233/592 10098/232/592
f 10003/141/593 10004/145/593 10100/234/593 10099/233/593
f 10004/145/594 10005/149/594 10101/235/594 10100/234/594
f 10005/149/595 10006/153/595 10102/236/595 10101/235/595
f 10006/153/596 10007/157/596 10103/237/596 10102/236/596
f 10007/157/597 10008/161/597 10104/238/597 10103/237/597
f 10008/161/598 10009/165/598 10105/239/598 10104/238/598
f 10009/165/599 10010/240/599 10106/241/599 10105/239/599
f 10010/240/600 10011/242/600 10107/243/600 10106/241/600
f 10011/242/601 10012/244/601 10108/245/601 10107/243/601
f 10012/244/602 10013/176/602 10109/246/602 10108/245/602
f 10013/176/603 10014/247/603 10110/248/603 10109/246/603
f 10014/247/604 10015/249/604 10111/250/604 10110/248/604
f 10015/249/605 10016/251/605 10112/252/605 10111/250/605
f 10016/251/606 10017/112/606 10113/253/606 10112/252/606
f 10017/112/607 10018/180/607 10114/254/607 10113/253/607
f 10018/180/608 10019/255/608 10115/256/608 10114/254/608
f 10019/255/609 10020/257/609 10116/258/609 10115/256/609
f 10020/257/610 10021/259/610 10117/260/610 10116/258/610
f 10021/259/611 10022/261/611 10118/262/611 10117/260/611
f 10022/261/612 10023/184/612 10119/263/612 10118/262/612
f 10023/184/613 10024/264/613 10120/265/613 10119/263/613
f 10024/264/614 9994/115/614 10090/116/614 10120/265/614
f 10090/1/583 10089/24/583 10185/224/583 10186/117/583
f 10089/24/584 10091/32/584 10187/225/584 10185/224/584
f 10091/32/585 10092/40/585 10188/226/585 10187/225/585
f 10092/40/586 10093/10/586 10189/227/586 10188/226/586
f 10093/10/587 10094/54/587 10190/228/587 10189/227/587
f 10094/54/588 10095/62/588 10191/229/588 10190/228/588
f 10095/62/589 10096/70/589 10192/230/589 10191/229/589
f 10096/70/590 10097/16/590 10193/231/590 10192/230/590
f 10097/16/591 10098/137/591 10194/232/591 10193/231/591
f 10098/137/592 10099/141/592 10195/233/592 10194/232/592
f 10099/141/593 10100/145/593 10196/234/593 10195/233/593
f 10100/145/594 10101/149/594 10197/235/594 10196/234/594
f 10101/149/595 10102/153/595 10198/236/595 10197/235/595
f 10102/153/596 10103/157/596 10199/237/596 10198/236/596
f 10103/157/597 10104/161/597 10200/238/597 10199/237/597
f 10104/161/598 10105/165/598 10201/239/598 10200/238/598
f 10105/165/599 10106/240/599 10202/241/599 10201/239/599
f 10106/240/600 10107/242/600 10203/243/600 10202/241/600
f 10107/242/601 10108/244/601 10204/245/601 10203/243/601
f 10108/244/602 10109/176/602 10205/246/602 10204/245/602
f 10109/176/603 10110/247/603 10206/248/603 10205/246/603
f 10110/247/604 10111/249/604 10207/250/604 10206/248/604
f 10111/249/605 10112/251/605 10208/252/605 10207/250/605
f 10112/251/606 10113/112/606 10209/253/606 10208/252/606
f 10113/112/607 10114/180/607 10210/254/607 10209/253/607
f 10114/180/608 10115/255/608 10211/256/608 10210/254/608
f 10115/255/609 10116/257/609 10212/258/609 10211/256/609
f 10116/257/610 10117/259/610 10213/260/610 10212/258/610
f 10117/259/611 10118/261/611 10214/262/611 10213/260/611
f 10118/261/612 10119/184/612 10215/263/612 10214/262/612
f 10119/184/613 10120/264/613 10216/265/613 10215/263/613
f 10120/264/614 10090/115/614 10186/116/614 10216/265/614
f 10186/1/583 10185/24/583 10281/224/583 10282/117/583
f 10185/24/584 10187/32/584 10283/225/584 10281/224/584
f 10187/32/585 10188/40/585 10284/226/585 10283/225/585
f 10188/40/586 10189/10/586 10285/227/586 10284/226/586
f 10189/10/587 10190/54/587 10286/228/587 10285/227/587
f 10190/54/588 10191/62/588 10287/229/588 10286/228/588
f 10191/62/589 10192/70/589 10288/230/589 10287/229/589
f 10192/70/590 10193/16/590 10289/231/590 10288/230/590
f 10193/16/591 10194/137/591 10290/232/591 10289/231/591
f 10194/137/592 10195/141/592 10291/233/592 10290/232/592
f 10195/141/593 10196/145/593 10292/234/593 10291/233/593
f 10196/145/594 10197/149/594 10293/235/594 10292/234/594
f 10197/149/595 10198/153/595 10294/236/595 10293/235/595
f 10198/153/596 10199/157/596 10295/237/596 10294/236/596
f 10199/157/597 10200/161/597 10296/238/597 10295/237/597
f 10200/161/598 10201/165/598 10297/239/598 10296/238/598
f 10201/165/599 10202/240/599 10298/241/599 10297/239/599
f 10202/240/600 10203/242/600 10299/243/600 10298/241/600
f 10203/242/601 10204/244/601 10300/245/601 10299/243/601
f 10204/244/602 10205/176/602 10301/246/602 10300/245/602
f 10205/176/603 10206/247/603 10302/248/603 10301/246/603
f 10206/247/604 10207/249/604 10303/250/604 10302/248/604
f 10207/249/605 10208/251/605 10304/252/605 10303/250/605
f 10208/251/606 10209/112/606 10305/253/606 10304/252/606
f 10209/112/607 10210/180/607 10306/254/607 10305/253/607
f 10210/180/608 10211/255/608 10307/256/608 10306/254/608
f 10211/255/609 10212/257/609 10308/258/609 10307/256/609
f 10212/257/610 10213/259/610 10309/260/610 10308/258/610
f 10213/259/611 10214/261/611 10310/262/611 10309/260/611
f 10214/261/612 10215/184/612 10311/263/612 10310/262/612
f 10215/184/613 10216/264/613 10312/265/613 10311/263/613
f 10216/264/614 10186/115/614 10282/116/614 10312/265/614
f 10313/1/1 10314/165/1 10315/166/1 10316/119/1
f 10317/119/2 10318/166/2 10319/165/2 10320/1/2
f 10316/165/3 10315/1/3 10318/119/3 10317/166/3
f 10314/165/4 10313/1/4 10320/119/4 10319/166/4
f 10313/165/5 10316/1/5 10317/119/5 10320/166/5
f 10315/165/6 10314/1/6 10319/119/6 10318/166/6
o insulator_5
usemtl porcelain
f 10321/1/551 10322/36/551 10323/167/551 10324/168/551
f 10322/36/552 10325/54/552 10326/169/552 10323/167/552
f 10325/54/553 10327/74/553 10328/170/553 10326/169/553
f 10327/74/554 10329/141/554 10330/171/554 10328/170/554
f 10329/141/555 10331/151/555 10332/172/555 10330/171/555
f 10331/151/556 10333/161/556 10334/173/556 10332/172/556
f 10333/161/557 10335/174/557 10336/175/557 10334/173/557
f 10335/174/558 10337/176/558 10338/177/558 10336/175/558
f 10337/176/559 10339/178/559 10340/179/559 10338/177/559
f 10339/178/560 10341/180/560 10342/181/560 10340/179/560
f 10341/180/561 10343/182/561 10344/183/561 10342/181/561
f 10343/182/562 10345/184/562 10346/185/562 10344/183/562
f 10345/184/563 10347/186/563 10348/187/563 10346/185/563
f 10347/186/564 10349/188/564 10350/189/564 10348/187/564
f 10349/188/565 10351/190/565 10352/191/565 10350/189/565
f 10351/190/566 10353/2/566 10354/99/566 10352/191/566
f 10353/2/567 10355/192/567 10356/193/567 10354/99/567
f 10355/192/568 10357/194/568 10358/195/568 10356/193/568
f 10357/194/569 10359/196/569 10360/197/569 10358/195/569
f 10359/196/570 10361/198/570 10362/199/570 10360/197/570
f 10361/198/571 10363/200/571 10364/201/571 10362/199/571
f 10363/200/572 10365/202/572 10366/203/572 10364/201/572
f 10365/202/573 10367/204/573 10368/205/573 10366/203/573
f 10367/204/574 10369/206/574 10370/207/574 10368/205/574
f 10369/206/575 10371/208/575 10372/209/575 10370/207/575
f 10371/208/576 10373/210/576 10374/211/576 10372/209/576
f 10373/210/577 10375/212/577 10376/213/577 10374/211/577
f 10375/212/578 10377/214/578 10378/215/578 10376/213/578
f 10377/214/579 10379/216/579 10380/217/579 10378/215/579
f 10379/216/580 10381/218/580 10382/219/580 10380/217/580
f 10381/218/581 10383/220/581 10384/221/581 10382/219/581
f 10383/220/582 10321/222/582 10324/223/582 10384/221/582
f 10449/1/551 10450/36/551 10451/167/551 10452/168/551
f 10450/36/552 10453/54/552 10454/169/552 10451/167/552
f 10453/54/553 10455/74/553 10456/170/553 10454/169/553
f 10455/74/554 10457/141/554 10458/171/554 10456/170/554
f 10457/141/555 10459/151/555 10460/172/555 10458/171/555
f 10459/151/556 10461/161/556 10462/173/556 10460/172/556
f 10461/161/557 10463/174/557 10464/175/557 10462/173/557
f 10463/174/558 10465/176/558 10466/177/558 10464/175/558
f 10465/176/559 10467/178/559 10468/179/559 10466/177/559
f 10467/178/560 10469/180/560 10470/181/560 10468/179/560
f 10469/180/561 10471/182/561 10472/183/561 10470/181/561
f 10471/182/562 10473/184/562 10474/185/562 10472/183/562
f 10473/184/563 10475/186/563 10476/187/563 10474/185/563
f 10475/186/564 10477/188/564 10478/189/564 10476/187/564
f 10477/188/565 10479/190/565 10480/191/565 10478/189/565
f 10479/190/566 10481/2/566 10482/99/566 10480/191/566
f 10481/2/567 10483/192/567 10484/193/567 10482/99/567
f 10483/192/568 10485/194/568 10486/195/568 10484/193/568
f 10485/194/569 10487/196/569 10488/197/569 10486/195/569
f 10487/196/570 10489/198/570 10490/199/570 10488/197/570
f 10489/198/571 10491/200/571 10492/201/571 10490/199/571
f 10491/200/572 10493/202/572 10494/203/572 10492/201/572
f 10493/202/573 10495/204/573 10496/205/573 10494/203/573
f 10495/204/574 10497/206/574 10498/207/574 10496/205/574
f 10497/206/575 10499/208/575 10500/209/575 10498/207/575
f 10499/208/576 10501/210/576 10502/211/576 10500/209/576
f 10501/210/577 10503/212/577 10504/213/577 10502/211/577
f 10503/212/578 10505/214/578 10506/215/578 10504/213/578
f 10505/214/579 10507/216/579 10508/217/579 10506/215/579
f 10507/216/580 10509/218/580 10510/219/580 10508/217/580
f 10509/218/581 10511/220/581 10512/221/581 10510/219/581
f 10511/220/582 10449/222/582 10452/223/582 10512/221/582
f 10545/1/551 10546/36/551 10547/167/551 10548/168/551
f 10546/36/552 10549/54/552 10550/169/552 10547/167/552
f 10549/54/553 10551/74/553 10552/170/553 10550/169/553
f 10551/74/554 10553/141/554 10554/171/554 10552/170/554
f 10553/141/555 10555/151/555 10556/172/555 10554/171/555
f 10555/151/556 10557/161/556 10558/173/556 10556/172/556
f 10557/161/557 10559/174/557 10560/175/557 10558/173/557
f 10559/174/558 10561/176/558 10562/177/558 10560/175/558
f 10561/176/559 10563/178/559 10564/179/559 10562/177/559
f 10563/178/560 10565/180/560 10566/181/560 10564/179/560
f 10565/180/561 10567/182/561 10568/183/561 10566/181/561
f 10567/182/562 10569/184/562 10570/185/562 10568/183/562
f 10569/184/563 10571/186/563 10572/187/563 10570/185/563
f 10571/186/564 10573/188/564 10574/189/564 10572/187/564
f 10573/188/565 10575/190/565 10576/191/565 10574/189/565
f 10575/190/566 10577/2/566 10578/99/566 10576/191/566
f 10577/2/567 10579/192/567 10580/193/567 10578/99/567
f 10579/192/568 10581/194/568 10582/195/568 10580/193/568
f 10581/194/569 10583/196/569 10584/197/569 10582/195/569
f 10583/196/570 10585/198/570 10586/199/570 10584/197/570
f 10585/198/571 10587/200/571 10588/201/571 10586/199/571
f 10587/200/572 10589/202/572 10590/203/572 10588/201/572
f 10589/202/573 10591/204/573 10592/205/573 10590/203/573
f 10591/204/574 10593/206/574 10594/207/574 10592/205/574
f 10593/206/575 10595/208/575 10596/209/575 10594/207/575
f 10595/208/576 10597/210/576 10598/211/576 10596/209/576
f 10597/210/577 10599/212/577 10600/213/577 10598/211/577
f 10599/212/578 10601/214/578 10602/215/578 10600/213/578
f 10601/214/579 10603/216/579 10604/217/579 10602/215/579
f 10603/216/580 10605/218/580 10606/219/580 10604/217/580
f 10605/218/581 10607/220/581 10608/221/581 10606/219/581
f 10607/220/582 10545/222/582 10548/223/582 10608/221/582
f 10641/1/551 10642/36/551 10643/167/551 10644/168/551
f 10642/36/552 10645/54/552 10646/169/552 10643/167/552
f 10645/54/553 10647/74/553 10648/170/553 10646/169/553
f 10647/74/554 10649/141/554 10650/171/554 10648/170/554
f 10649/141/555 10651/151/555 10652/172/555 10650/171/555
f 10651/151/556 10653/161/556 10654/173/556 10652/172/556
f 10653/161/557 10655/174/557 10656/175/557 10654/173/557
f 10655/174/558 10657/176/558 10658/177/558 10656/175/558
f 10657/176/559 10659/178/559 10660/179/559 10658/177/559
f 10659/178/560 10661/180/560 10662/181/560 10660/179/560
f 10661/180/561 10663/182/561 10664/183/561 10662/181/561
f 10663/182/562 10665/184/562 10666/185/562 10664/183/562
f 10665/184/563 10667/186/563 10668/187/563 10666/185/563
f 10667/186/564 10669/188/564 10670/189/564 10668/187/564
f 10669/188/565 10671/190/565 10672/191/565 10670/189/565
f 10671/190/566 10673/2/566 10674/99/566 10672/191/566
f 10673/2/567 10675/192/567 10676/193/567 10674/99/567
f 10675/192/568 10677/194/568 10678/195/568 10676/193/568
f 10677/194/569 10679/196/569 10680/197/569 10678/195/569
f 10679/196/570 10681/198/570 10682/199/570 10680/197/570
f 10681/198/571 10683/200/571 10684/201/571 10682/199/571
f 10683/200/572 10685/202/572 10686/203/572 10684/201/572
f 10685/202/573 10687/204/573 10688/205/573 10686/203/573
f 10687/204/574 10689/206/574 10690/207/574 10688/205/574
f 10689/206/575 10691/208/575 10692/209/575 10690/207/575
f 10691/208/576 10693/210/576 10694/211/576 10692/209/576
f 10693/210/577 10695/212/577 10696/213/577 10694/211/577
f 10695/212/578 10697/214/578 10698/215/578 10696/213/578
f 10697/214/579 10699/216/579 10700/217/579 10698/215/579
f 10699/216/580 10701/218/580 10702/219/580 10700/217/580
f 10701/218/581 10703/220/581 10704/221/581 10702/219/581
f 10703/220/582 10641/222/582 10644/223/582 10704/221/582
f 10737/1/551 10738/36/551 10739/167/551 10740/168/551
f 10738/36/552 10741/54/552 10742/169/552 10739/167/552
f 10741/54/553 10743/74/553 10744/170/553 10742/169/553
f 10743/74/554 10745/141/554 10746/171/554 10744/170/554
f 10745/141/555 10747/151/555 10748/172/555 10746/171/555
f 10747/151/556 10749/161/556 10750/173/556 10748/172/556
f 10749/161/557 10751/174/557 10752/175/557 10750/173/557
f 10751/174/558 10753/176/558 10754/177/558 10752/175/558
f 10753/176/559 10755/178/559 10756/179/559 10754/177/559
f 10755/178/560 10757/180/560 10758/181/560 10756/179/560
f 10757/180/561 10759/182/561 10760/183/561 10758/181/561
f 10759/182/562 10761/184/562 10762/185/562 10760/183/562
f 10761/184/563 10763/186/563 10764/187/563 10762/185/563
f 10763/186/564 10765/188/564 10766/189/564 10764/187/564
f 10765/188/565 10767/190/565 10768/191/565 10766/189/565
f 10767/190/566 10769/2/566 10770/99/566 10768/191/566
f 10769/2/567 10771/192/567 10772/193/567 10770/99/567
f 10771/192/568 10773/194/568 10774/195/568 10772/193/568
f 10773/194/569 10775/196/569 10776/197/569 10774/195/569
f 10775/196/570 10777/198/570 10778/199/570 10776/197/570
f 10777/198/571 10779/200/571 10780/201/571 10778/199/571
f 10779/200/572 10781/202/572 10782/203/572 10780/201/572
f 10781/202/573 10783/204/573 10784/205/573 10782/203/573
f 10783/204/574 10785/206/574 10786/207/574 10784/205/574
f 10785/206/575 10787/208/575 10788/209/575 10786/207/575
f 10787/208/576 10789/210/576 10790/211/576 10788/209/576
f 10789/210/577 10791/212/577 10792/213/577 10790/211/577
f 10791/212/578 10793/214/578 10794/215/578 10792/213/578
f 10793/214/579 10795/216/579 10796/217/579 10794/215/579
f 10795/216/580 10797/218/580 10798/219/580 10796/217/580
f 10797/218/581 10799/220/581 10800/221/581 10798/219/581
f 10799/220/582 10737/222/582 10740/223/582 10800/221/582
f 10833/1/551 10834/36/551 10835/167/551 10836/168/551
f 10834/36/552 10837/54/552 10838/169/552 10835/167/552
f 10837/54/553 10839/74/553 10840/170/553 10838/169/553
f 10839/74/554 10841/141/554 10842/171/554 10840/170/554
f 10841/141/555 10843/151/555 10844/172/555 10842/171/555
f 10843/151/556 10845/161/556 10846/173/556 10844/172/556
f 10845/161/557 10847/174/557 10848/175/557 10846/173/557
f 10847/174/558 10849/176/558 10850/177/558 10848/175/558
f 10849/176/559 10851/178/559 10852/179/559 10850/177/559
f 10851/178/560 10853/180/560 10854/181/560 10852/179/560
f 10853/180/561 10855/182/561 10856/183/561 10854/181/561
f 10855/182/562 10857/184/562 10858/185/562 10856/183/562
f 10857/184/563 10859/186/563 10860/187/563 10858/185/563
f 10859/186/564 10861/188/564 10862/189/564 10860/187/564
f 10861/188/565 10863/190/565 10864/191/565 10862/189/565
f 10863/190/566 10865/2/566 10866/99/566 10864/191/566
f 10865/2/567 10867/192/567 10868/193/567 10866/99/567
f 10867/192/568 10869/194/568 10870/195/568 10868/193/568
f 10869/194/569 10871/196/569 10872/197/569 10870/195/569
f 10871/196/570 10873/198/570 10874/199/570 10872/197/570
f 10873/198/571 10875/200/571 10876/201/571 10874/199/571
f 10875/200/572 10877/202/572 10878/203/572 10876/201/572
f 10877/202/573 10879/204/573 10880/205/573 10878/203/573
f 10879/204/574 10881/206/574 10882/207/574 10880/205/574
f 10881/206/575 10883/208/575 10884/209/575 10882/207/575
f 10883/208/576 10885/210/576 10886/211/576 10884/209/576
f 10885/210/577 10887/212/577 10888/213/577 10886/211/577
f 10887/212/578 10889/214/578 10890/215/578 10888/213/578
f 10889/214/579 10891/216/579 10892/217/579 10890/215/579
f 10891/216/580 10893/218/580 10894/219/580 10892/217/580
f 10893/218/581 10895/220/581 10896/221/581 10894/219/581
f 10895/220/582 10833/222/582 10836/223/582 10896/221/582
f 10929/1/551 10930/36/551 10931/167/551 10932/168/551
f 10930/36/552 10933/54/552 10934/169/552 10931/167/552
f 10933/54/553 10935/74/553 10936/170/553 10934/169/553
f 10935/74/554 10937/141/554 10938/171/554 10936/170/554
f 10937/141/555 10939/151/555 10940/172/555 10938/171/555
f 10939/151/556 10941/161/556 10942/173/556 10940/172/556
f 10941/161/557 10943/174/557 10944/175/557 10942/173/557
f 10943/174/558 10945/176/558 10946/177/558 10944/175/558
f 10945/176/559 10947/178/559 10948/179/559 10946/177/559
f 10947/178/560 10949/180/560 10950/181/560 10948/179/560
f 10949/180/561 10951/182/561 10952/183/561 10950/181/561
f 10951/182/562 10953/184/562 10954/185/562 10952/183/562
f 10953/184/563 10955/186/563 10956/187/563 10954/185/563
f 10955/186/564 10957/188/564 10958/189/564 10956/187/564
f 10957/188/565 10959/190/565 10960/191/565 10958/189/565
f 10959/190/566 10961/2/566 10962/99/566 10960/191/566
f 10961/2/567 10963/192/567 10964/193/567 10962/99/567
f 10963/192/568 10965/194/568 10966/195/568 10964/193/568
f 10965/194/569 10967/196/569 10968/197/569 10966/195/569
f 10967/196/570 10969/198/570 10970/199/570 10968/197/570
f 10969/198/571 10971/200/571 10972/201/571 10970/199/571
f 10971/200/572 10973/202/572 10974/203/572 10972/201/572
f 10973/202/573 10975/204/573 10976/205/573 10974/203/573
f 10975/204/574 10977/206/574 10978/207/574 10976/205/574
f 10977/206/575 10979/208/575 10980/209/575 10978/207/575
f 10979/208/576 10981/210/576 10982/211/576 10980/209/576
f 10981/210/577 10983/212/577 10984/213/577 10982/211/577
f 10983/212/578 10985/214/578 10986/215/578 10984/213/578
f 10985/214/579 10987/216/579 10988/217/579 10986/215/579
f 10987/216/580 10989/218/580 10990/219/580 10988/217/580
f 10989/218/581 10991/220/581 10992/221/581 10990/219/581
f 10991/220/582 10929/222/582 10932/223/582 10992/221/582
f 11025/1/551 11026/36/551 11027/167/551 11028/168/551
f 11026/36/552 11029/54/552 11030/169/552 11027/167/552
f 11029/54/553 11031/74/553 11032/170/553 11030/169/553
f 11031/74/554 11033/141/554 11034/171/554 11032/170/554
f 11033/141/555 11035/151/555 11036/172/555 11034/171/555
f 11035/151/556 11037/161/556 11038/173/556 11036/172/556
f 11037/161/557 11039/174/557 11040/175/557 11038/173/557
f 11039/174/558 11041/176/558 11042/177/558 11040/175/558
f 11041/176/559 11043/178/559 11044/179/559 11042/177/559
f 11043/178/560 11045/180/560 11046/181/560 11044/179/560
f 11045/180/561 11047/182/561 11048/183/561 11046/181/561
f 11047/182/562 11049/184/562 11050/185/562 11048/183/562
f 11049/184/563 11051/186/563 11052/187/563 11050/185/563
f 11051/186/564 11053/188/564 11054/189/564 11052/187/564
f 11053/188/565 11055/190/565 11056/191/565 11054/189/565
f 11055/190/566 11057/2/566 11058/99/566 11056/191/566
f 11057/2/567 11059/192/567 11060/193/567 11058/99/567
f 11059/192/568 11061/194/568 11062/195/568 11060/193/568
f 11061/194/569 11063/196/569 11064/197/569 11062/195/569
f 11063/196/570 11065/198/570 11066/199/570 11064/197/570
f 11065/198/571 11067/200/571 11068/201/571 11066/199/571
f 11067/200/572 11069/202/572 11070/203/572 11068/201/572
f 11069/202/573 11071/204/573 11072/205/573 11070/203/573
f 11071/204/574 11073/206/574 11074/207/574 11072/205/574
f 11073/206/575 11075/208/575 11076/209/575 11074/207/575
f 11075/208/576 11077/210/576 11078/211/576 11076/209/576
f 11077/210/577 11079/212/577 11080/213/577 11078/211/577
f 11079/212/578 11081/214/578 11082/215/578 11080/213/578
f 11081/214/579 11083/216/579 11084/217/579 11082/215/579
f 11083/216/580 11085/218/580 11086/219/580 11084/217/580
f 11085/218/581 11087/220/581 11088/221/581 11086/219/581
f 11087/220/582 11025/222/582 11028/223/582 11088/221/582
f 11121/1/551 11122/36/551 11123/167/551 11124/168/551
f 11122/36/552 11125/54/552 11126/169/552 11123/167/552
f 11125/54/553 11127/74/553 11128/170/553 11126/169/553
f 11127/74/554 11129/141/554 11130/171/554 11128/170/554
f 11129/141/555 11131/151/555 11132/172/555 11130/171/555
f 11131/151/556 11133/161/556 11134/173/556 11132/172/556
f 11133/161/557 11135/174/557 11136/175/557 11134/173/557
f 11135/174/558 11137/176/558 11138/177/558 11136/175/558
f 11137/176/559 11139/178/559 11140/179/559 11138/177/559
f 11139/178/560 11141/180/560 11142/181/560 11140/179/560
f 11141/180/561 11143/182/561 11144/183/561 11142/181/561
f 11143/182/562 11145/184/562 11146/185/562 11144/183/562
f 11145/184/563 11147/186/563 11148/187/563 11146/185/563
f 11147/186/564 11149/188/564 11150/189/564 11148/187/564
f 11149/188/565 11151/190/565 11152/191/565 11150/189/565
f 11151/190/566 11153/2/566 11154/99/566 11152/191/566
f 11153/2/567 11155/192/567 11156/193/567 11154/99/567
f 11155/192/568 11157/194/568 11158/195/568 11156/193/568
f 11157/194/569 11159/196/569 11160/197/569 11158/195/569
f 11159/196/570 11161/198/570 11162/199/570 11160/197/570
f 11161/198/571 11163/200/571 11164/201/571 11162/199/571
f 11163/200/572 11165/202/572 11166/203/572 11164/201/572
f 11165/202/573 11167/204/573 11168/205/573 11166/203/573
f 11167/204/574 11169/206/574 11170/207/574 11168/205/574
f 11169/206/575 11171/208/575 11172/209/575 11170/207/575
f 11171/208/576 11173/210/576 11174/211/576 11172/209/576
f 11173/210/577 11175/212/577 11176/213/577 11174/211/577
f 11175/212/578 11177/214/578 11178/215/578 11176/213/578
f 11177/214/579 11179/216/579 11180/217/579 11178/215/579
f 11179/216/580 11181/218/580 11182/219/580 11180/217/580
f 11181/218/581 11183/220/581 11184/221/581 11182/219/581
f 11183/220/582 11121/222/582 11124/223/582 11184/221/582
f 11217/1/551 11218/36/551 11219/167/551 11220/168/551
f 11218/36/552 11221/54/552 11222/169/552 11219/167/552
f 11221/54/553 11223/74/553 11224/170/553 11222/169/553
f 11223/74/554 11225/141/554 11226/171/554 11224/170/554
f 11225/141/555 11227/151/555 11228/172/555 11226/171/555
f 11227/151/556 11229/161/556 11230/173/556 11228/172/556
f 11229/161/557 11231/174/557 11232/175/557 11230/173/557
f 11231/174/558 11233/176/558 11234/177/558 11232/175/558
f 11233/176/559 11235/178/559 11236/179/559 11234/177/559
f 11235/178/560 11237/180/560 11238/181/560 11236/179/560
f 11237/180/561 11239/182/561 11240/183/561 11238/181/561
f 11239/182/562 11241/184/562 11242/185/562 11240/183/562
f 11241/184/563 11243/186/563 11244/187/563 11242/185/563
f 11243/186/564 11245/188/564 11246/189/564 11244/187/564
f 11245/188/565 11247/190/565 11248/191/565 11246/189/565
f 11247/190/566 11249/2/566 11250/99/566 11248/191/566
f 11249/2/567 11251/192/567 11252/193/567 11250/99/567
f 11251/192/568 11253/194/568 11254/195/568 11252/193/568
f 11253/194/569 11255/196/569 11256/197/569 11254/195/569
f 11255/196/570 11257/198/570 11258/199/570 11256/197/570
f 11257/198/571 11259/200/571 11260/201/571 11258/199/571
f 11259/200/572 11261/202/572 11262/203/572 11260/201/572
f 11261/202/573 11263/204/573 11264/205/573 11262/203/573
f 11263/204/574 11265/206/574 11266/207/574 11264/205/574
f 11265/206/575 11267/208/575 11268/209/575 11266/207/575
f 11267/208/576 11269/210/576 11270/211/576 11268/209/576
f 11269/210/577 11271/212/577 11272/213/577 11270/211/577
f 11271/212/578 11273/214/578 11274/215/578 11272/213/578
f 11273/214/579 11275/216/579 11276/217/579 11274/215/579
f 11275/216/580 11277/218/580 11278/219/580 11276/217/580
f 11277/218/581 11279/220/581 11280/221/581 11278/219/581
f 11279/220/582 11217/222/582 11220/223/582 11280/221/582
f 11313/1/551 11314/36/551 11315/167/551 11316/168/551
f 11314/36/552 11317/54/552 11318/169/552 11315/167/552
f 11317/54/553 11319/74/553 11320/170/553 11318/169/553
f 11319/74/554 11321/141/554 11322/171/554 11320/170/554
f 11321/141/555 11323/151/555 11324/172/555 11322/171/555
f 11323/151/556 11325/161/556 11326/173/556 11324/172/556
f 11325/161/557 11327/174/557 11328/175/557 11326/173/557
f 11327/174/558 11329/176/558 11330/177/558 11328/175/558
f 11329/176/559 11331/178/559 11332/179/559 11330/177/559
f 11331/178/560 11333/180/560 11334/181/560 11332/179/560
f 11333/180/561 11335/182/561 11336/183/561 11334/181/561
f 11335/182/562 11337/184/562 11338/185/562 11336/183/562
f 11337/184/563 11339/186/563 11340/187/563 11338/185/563
f 11339/186/564 11341/188/564 11342/189/564 11340/187/564
f 11341/188/565 11343/190/565 11344/191/565 11342/189/565
f 11343/190/566 11345/2/566 11346/99/566 11344/191/566
f 11345/2/567 11347/192/567 11348/193/567 11346/99/567
f 11347/192/568 11349/194/568 11350/195/568 11348/193/568
f 11349/194/569 11351/196/569 11352/197/569 11350/195/569
f 11351/196/570 11353/198/570 11354/199/570 11352/197/570
f 11353/198/571 11355/200/571 11356/201/571 11354/199/571
f 11355/200/572 11357/202/572 11358/203/572 11356/201/572
f 11357/202/573 11359/204/573 11360/205/573 11358/203/573
f 11359/204/574 11361/206/574 11362/207/574 11360/205/574
f 11361/206/575 11363/208/575 11364/209/575 11362/207/575
f 11363/208/576 11365/210/576 11366/211/576 11364/209/576
f 11365/210/577 11367/212/577 11368/213/577 11366/211/577
f 11367/212/578 11369/214/578 11370/215/578 11368/213/578
f 11369/214/579 11371/216/579 11372/217/579 11370/215/579
f 11371/216/580 11373/218/580 11374/219/580 11372/217/580
f 11373/218/581 11375/220/581 11376/221/581 11374/219/581
f 11375/220/582 11313/222/582 11316/223/582 11376/221/582
f 11409/1/551 11410/36/551 11411/167/551 11412/168/551
f 11410/36/552 11413/54/552 11414/169/552 11411/167/552
f 11413/54/553 11415/74/553 11416/170/553 11414/169/553
f 11415/74/554 11417/141/554 11418/171/554 11416/170/554
f 11417/141/555 11419/151/555 11420/172/555 11418/171/555
f 11419/151/556 11421/161/556 11422/173/556 11420/172/556
f 11421/161/557 11423/174/557 11424/175/557 11422/173/557
f 11423/174/558 11425/176/558 11426/177/558 11424/175/558
f 11425/176/559 11427/178/559 11428/179/559 11426/177/559
f 11427/178/560 11429/180/560 11430/181/560 11428/179/560
f 11429/180/561 11431/182/561 11432/183/561 11430/181/561
f 11431/182/562 11433/184/562 11434/185/562 11432/183/562
f 11433/184/563 11435/186/563 11436/187/563 11434/185/563
f 11435/186/564 11437/188/564 11438/189/564 11436/187/564
f 11437/188/565 11439/190/565 11440/191/565 11438/189/565
f 11439/190/566 11441/2/566 11442/99/566 11440/191/566
f 11441/2/567 11443/192/567 11444/193/567 11442/99/567
f 11443/192/568 11445/194/568 11446/195/568 11444/193/568
f 11445/194/569 11447/196/569 11448/197/569 11446/195/569
f 11447/196/570 11449/198/570 11450/199/570 11448/197/570
f 11449/198/571 11451/200/571 11452/201/571 11450/199/571
f 11451/200/572 11453/202/572 11454/203/572 11452/201/572
f 11453/202/573 11455/204/573 11456/205/573 11454/203/573
f 11455/204/574 11457/206/574 11458/207/574 11456/205/574
f 11457/206/575 11459/208/575 11460/209/575 11458/207/575
f 11459/208/576 11461/210/576 11462/211/576 11460/209/576
f 11461/210/577 11463/212/577 11464/213/577 11462/211/577
f 11463/212/578 11465/214/578 11466/215/578 11464/213/578
f 11465/214/579 11467/216/579 11468/217/579 11466/215/579
f 11467/216/580 11469/218/580 11470/219/580 11468/217/580
f 11469/218/581 11471/220/581 11472/221/581 11470/219/581
f 11471/220/582 11409/222/582 11412/223/582 11472/221/582
f 11505/1/551 11506/36/551 11507/167/551 11508/168/551
f 11506/36/552 11509/54/552 11510/169/552 11507/167/552
f 11509/54/553 11511/74/553 11512/170/553 11510/169/553
f 11511/74/554 11513/141/554 11514/171/554 11512/170/554
f 11513/141/555 11515/151/555 11516/172/555 11514/171/555
f 11515/151/556 11517/161/556 11518/173/556 11516/172/556
f 11517/161/557 11519/174/557 11520/175/557 11518/173/557
f 11519/174/558 11521/176/558 11522/177/558 11520/175/558
f 11521/176/559 11523/178/559 11524/179/559 11522/177/559
f 11523/178/560 11525/180/560 11526/181/560 11524/179/560
f 11525/180/561 11527/182/561 11528/183/561 11526/181/561
f 11527/182/562 11529/184/562 11530/185/562 11528/183/562
f 11529/184/563 11531/186/563 11532/187/563 11530/185/563
f 11531/186/564 11533/188/564 11534/189/564 11532/187/564
f 11533/188/565 11535/190/565 11536/191/565 11534/189/565
f 11535/190/566 11537/2/566 11538/99/566 11536/191/566
f 11537/2/567 11539/192/567 11540/193/567 11538/99/567
f 11539/192/568 11541/194/568 11542/195/568 11540/193/568
f 11541/194/569 11543/196/569 11544/197/569 11542/195/569
f 11543/196/570 11545/198/570 11546/199/570 11544/197/570
f 11545/198/571 11547/200/571 11548/201/571 11546/199/571
f 11547/200/572 11549/202/572 11550/203/572 11548/201/572
f 11549/202/573 11551/204/573 11552/205/573 11550/203/573
f 11551/204/574 11553/206/574 11554/207/574 11552/205/574
f 11553/206/575 11555/208/575 11556/209/575 11554/207/575
f 11555/208/576 11557/210/576 11558/211/576 11556/209/576
f 11557/210/577 11559/212/577 11560/213/577 11558/211/577
f 11559/212/578 11561/214/578 11562/215/578 11560/213/578
f 11561/214/579 11563/216/579 11564/217/579 11562/215/579
f 11563/216/580 11565/218/580 11566/219/580 11564/217/580
f 11565/218/581 11567/220/581 11568/221/581 11566/219/581
f 11567/220/582 11505/222/582 11508/223/582 11568/221/582
f 11601/1/551 11602/36/551 11603/167/551 11604/168/551
f 11602/36/552 11605/54/552 11606/169/552 11603/167/552
f 11605/54/553 11607/74/553 11608/170/553 11606/169/553
f 11607/74/554 11609/141/554 11610/171/554 11608/170/554
f 11609/141/555 11611/151/555 11612/172/555 11610/171/555
f 11611/151/556 11613/161/556 11614/173/556 11612/172/556
f 11613/161/557 11615/174/557 11616/175/557 11614/173/557
f 11615/174/558 11617/176/558 11618/177/558 11616/175/558
f 11617/176/559 11619/178/559 11620/179/559 11618/177/559
f 11619/178/560 11621/180/560 11622/181/560 11620/179/560
f 11621/180/561 11623/182/561 11624/183/561 11622/181/561
f 11623/182/562 11625/184/562 11626/185/562 11624/183/562
f 11625/184/563 11627/186/563 11628/187/563 11626/185/563
f 11627/186/564 11629/188/564 11630/189/564 11628/187/564
f 11629/188/565 11631/190/565 11632/191/565 11630/189/565
f 11631/190/566 11633/2/566 11634/99/566 11632/191/566
f 11633/2/567 11635/192/567 11636/193/567 11634/99/567
f 11635/192/568 11637/194/568 11638/195/568 11636/193/568
f 11637/194/569 11639/196/569 11640/197/569 11638/195/569
f 11639/196/570 11641/198/570 11642/199/570 11640/197/570
f 11641/198/571 11643/200/571 11644/201/571 11642/199/571
f 11643/200/572 11645/202/572 11646/203/572 11644/201/572
f 11645/202/573 11647/204/573 11648/205/573 11646/203/573
f 11647/204/574 11649/206/574 11650/207/574 11648/205/574
f 11649/206/575 11651/208/575 11652/209/575 11650/207/575
f 11651/208/576 11653/210/576 11654/211/576 11652/209/576
f 11653/210/577 11655/212/577 11656/213/577 11654/211/577
f 11655/212/578 11657/214/578 11658/215/578 11656/213/578
f 11657/214/579 11659/216/579 11660/217/579 11658/215/579
f 11659/216/580 11661/218/580 11662/219/580 11660/217/580
f 11661/218/581 11663/220/581 11664/221/581 11662/219/581
f 11663/220/582 11601/222/582 11604/223/582 11664/221/582
f 11697/1/551 11698/36/551 11699/167/551 11700/168/551
f 11698/36/552 11701/54/552 11702/169/552 11699/167/552
f 11701/54/553 11703/74/553 11704/170/553 11702/169/553
f 11703/74/554 11705/141/554 11706/171/554 11704/170/554
f 11705/141/555 11707/151/555 11708/172/555 11706/171/555
f 11707/151/556 11709/161/556 11710/173/556 11708/172/556
f 11709/161/557 11711/174/557 11712/175/557 11710/173/557
f 11711/174/558 11713/176/558 11714/177/558 11712/175/558
f 11713/176/559 11715/178/559 11716/179/559 11714/177/559
f 11715/178/560 11717/180/560 11718/181/560 11716/179/560
f 11717/180/561 11719/182/561 11720/183/561 11718/181/561
f 11719/182/562 11721/184/562 11722/185/562 11720/183/562
f 11721/184/563 11723/186/563 11724/187/563 11722/185/563
f 11723/186/564 11725/188/564 11726/189/564 11724/187/564
f 11725/188/565 11727/190/565 11728/191/565 11726/189/565
f 11727/190/566 11729/2/566 11730/99/566 11728/191/566
f 11729/2/567 11731/192/567 11732/193/567 11730/99/567
f 11731/192/568 11733/194/568 11734/195/568 11732/193/568
f 11733/194/569 11735/196/569 11736/197/569 11734/195/569
f 11735/196/570 11737/198/570 11738/199/570 11736/197/570
f 11737/198/571 11739/200/571 11740/201/571 11738/199/571
f 11739/200/572 11741/202/572 11742/203/572 11740/201/572
f 11741/202/573 11743/204/573 11744/205/573 11742/203/573
f 11743/204/574 11745/206/574 11746/207/574 11744/205/574
f 11745/206/575 11747/208/575 11748/209/575 11746/207/575
f 11747/208/576 11749/210/576 11750/211/576 11748/209/576
f 11749/210/577 11751/212/577 11752/213/577 11750/211/577
f 11751/212/578 11753/214/578 11754/215/578 11752/213/578
f 11753/214/579 11755/216/579 11756/217/579 11754/215/579
f 11755/216/580 11757/218/580 11758/219/580 11756/217/580
f 11757/218/581 11759/220/581 11760/221/581 11758/219/581
f 11759/220/582 11697/222/582 11700/223/582 11760/221/582
f 11793/1/551 11794/36/551 11795/167/551 11796/168/551
f 11794/36/552 11797/54/552 11798/169/552 11795/167/552
f 11797/54/553 11799/74/553 11800/170/553 11798/169/553
f 11799/74/554 11801/141/554 11802/171/554 11800/170/554
f 11801/141/555 11803/151/555 11804/172/555 11802/171/555
f 11803/151/556 11805/161/556 11806/173/556 11804/172/556
f 11805/161/557 11807/174/557 11808/175/557 11806/173/557
f 11807/174/558 11809/176/558 11810/177/558 11808/175/558
f 11809/176/559 11811/178/559 11812/179/559 11810/177/559
f 11811/178/560 11813/180/560 11814/181/560 11812/179/560
f 11813/180/561 11815/182/561 11816/183/561 11814/181/561
f 11815/182/562 11817/184/562 11818/185/562 11816/183/562
f 11817/184/563 11819/186/563 11820/187/563 11818/185/563
f 11819/186/564 11821/188/564 11822/189/564 11820/187/564
f 11821/188/565 11823/190/565 11824/191/565 11822/189/565
f 11823/190/566 11825/2/566 11826/99/566 11824/191/566
f 11825/2/567 11827/192/567 11828/193/567 11826/99/567
f 11827/192/568 11829/194/568 11830/195/568 11828/193/568
f 11829/194/569 11831/196/569 11832/197/569 11830/195/569
f 11831/196/570 11833/198/570 11834/199/570 11832/197/570
f 11833/198/571 11835/200/571 11836/201/571 11834/199/571
f 11835/200/572 11837/202/572 11838/203/572 11836/201/572
f 11837/202/573 11839/204/573 11840/205/573 11838/203/573
f 11839/204/574 11841/206/574 11842/207/574 11840/205/574
f 11841/206/575 11843/208/575 11844/209/575 11842/207/575
f 11843/208/576 11845/210/576 11846/211/576 11844/209/576
f 11845/210/577 11847/212/577 11848/213/577 11846/211/577
f 11847/212/578 11849/214/578 11850/215/578 11848/213/578
f 11849/214/579 11851/216/579 11852/217/579 11850/215/579
f 11851/216/580 11853/218/580 11854/219/580 11852/217/580
f 11853/218/581 11855/220/581 11856/221/581 11854/219/581
f 11855/220/582 11793/222/582 11796/223/582 11856/221/582
f 11889/1/551 11890/36/551 11891/167/551 11892/168/551
f 11890/36/552 11893/54/552 11894/169/552 11891/167/552
f 11893/54/553 11895/74/553 11896/170/553 11894/169/553
f 11895/74/554 11897/141/554 11898/171/554 11896/170/554
f 11897/141/555 11899/151/555 11900/172/555 11898/171/555
f 11899/151/556 11901/161/556 11902/173/556 11900/172/556
f 11901/161/557 11903/174/557 11904/175/557 11902/173/557
f 11903/174/558 11905/176/558 11906/177/558 11904/175/558
f 11905/176/559 11907/178/559 11908/179/559 11906/177/559
f 11907/178/560 11909/180/560 11910/181/560 11908/179/560
f 11909/180/561 11911/182/561 11912/183/561 11910/181/561
f 11911/182/562 11913/184/562 11914/185/562 11912/183/562
f 11913/184/563 11915/186/563 11916/187/563 11914/185/563
f 11915/186/564 11917/188/564 11918/189/564 11916/187/564
f 11917/188/565 11919/190/565 11920/191/565 11918/189/565
f 11919/190/566 11921/2/566 11922/99/566 11920/191/566
f 11921/2/567 11923/192/567 11924/193/567 11922/99/567
f 11923/192/568 11925/194/568 11926/195/568 11924/193/568
f 11925/194/569 11927/196/569 11928/197/569 11926/195/569
f 11927/196/570 11929/198/570 11930/199/570 11928/197/570
f 11929/198/571 11931/200/571 11932/201/571 11930/199/571
f 11931/200/572 11933/202/572 11934/203/572 11932/201/572
f 11933/202/573 11935/204/573 11936/205/573 11934/203/573
f 11935/204/574 11937/206/574 11938/207/574 11936/205/574
f 11937/206/575 11939/208/575 11940/209/575 11938/207/575
f 11939/208/576 11941/210/576 11942/211/576 11940/209/576
f 11941/210/577 11943/212/577 11944/213/577 11942/211/577
f 11943/212/578 11945/214/578 11946/215/578 11944/213/578
f 11945/214/579 11947/216/579 11948/217/579 11946/215/579
f 11947/216/580 11949/218/580 11950/219/580 11948/217/580
f 11949/218/581 11951/220/581 11952/221/581 11950/219/581
f 11951/220/582 11889/222/582 11892/223/582 11952/221/582
f 11985/1/551 11986/36/551 11987/167/551 11988/168/551
f 11986/36/552 11989/54/552 11990/169/552 11987/167/552
f 11989/54/553 11991/74/553 11992/170/553 11990/169/553
f 11991/74/554 11993/141/554 11994/171/554 11992/170/554
f 11993/141/555 11995/151/555 11996/172/555 11994/171/555
f 11995/151/556 11997/161/556 11998/173/556 11996/172/556
f 11997/161/557 11999/174/557 12000/175/557 11998/173/557
f 11999/174/558 12001/176/558 12002/177/558 12000/175/558
f 12001/176/559 12003/178/559 12004/179/559 12002/177/559
f 12003/178/560 12005/180/560 12006/181/560 12004/179/560
f 12005/180/561 12007/182/561 12008/183/561 12006/181/561
f 12007/182/562 12009/184/562 12010/185/562 12008/183/562
f 12009/184/563 12011/186/563 12012/187/563 12010/185/563
f 12011/186/564 12013/188/564 12014/189/564 12012/187/564
f 12013/188/565 12015/190/565 12016/191/565 12014/189/565
f 12015/190/566 12017/2/566 12018/99/566 12016/191/566
f 12017/2/567 12019/192/567 12020/193/567 12018/99/567
f 12019/192/568 12021/194/568 12022/195/568 12020/193/568
f 12021/194/569 12023/196/569 12024/197/569 12022/195/569
f 12023/196/570 12025/198/570 12026/199/570 12024/197/570
f 12025/198/571 12027/200/571 12028/201/571 12026/199/571
f 12027/200/572 12029/202/572 12030/203/572 12028/201/572
f 12029/202/573 12031/204/573 12032/205/573 12030/203/573
f 12031/204/574 12033/206/574 12034/207/574 12032/205/574
f 12033/206/575 12035/208/575 12036/209/575 12034/207/575
f 12035/208/576 12037/210/576 12038/211/576 12036/209/576
f 12037/210/577 12039/212/577 12040/213/577 12038/211/577
f 12039/212/578 12041/214/578 12042/215/578 12040/213/578
f 12041/214/579 12043/216/579 12044/217/579 12042/215/579
f 12043/216/580 12045/218/580 12046/219/580 12044/217/580
f 12045/218/581 12047/220/581 12048/221/581 12046/219/581
f 12047/220/582 11985/222/582 11988/223/582 12048/221/582
o string_5
usemtl steel
f 10385/1/583 10386/24/583 10387/224/583 10388/117/583
f 10386/24/584 10389/32/584 10390/225/584 10387/224/584
f 10389/32/585 10391/40/585 10392/226/585 10390/225/585
f 10391/40/586 10393/10/586 10394/227/586 10392/226/586
f 10393/10/587 10395/54/587 10396/228/587 10394/227/587
f 10395/54/588 10397/62/588 10398/229/588 10396/228/588
f 10397/62/589 10399/70/589 10400/230/589 10398/229/589
f 10399/70/590 10401/16/590 10402/231/590 10400/230/590
f 10401/16/591 10403/137/591 10404/232/591 10402/231/591
f 10403/137/592 10405/141/592 10406/233/592 10404/232/592
f 10405/141/593 10407/145/593 10408/234/593 10406/233/593
f 10407/145/594 10409/149/594 10410/235/594 10408/234/594
f 10409/149/595 10411/153/595 10412/236/595 10410/235/595
f 10411/153/596 10413/157/596 10414/237/596 10412/236/596
f 10413/157/597 10415/161/597 10416/238/597 10414/237/597
f 10415/161/598 10417/165/598 10418/239/598 10416/238/598
f 10417/165/599 10419/240/599 10420/241/599 10418/239/599
f 10419/240/600 10421/242/600 10422/243/600 10420/241/600
f 10421/242/601 10423/244/601 10424/245/601 10422/243/601
f 10423/244/602 10425/176/602 10426/246/602 10424/245/602
f 10425/176/603 10427/247/603 10428/248/603 10426/246/603
f 10427/247/604 10429/249/604 10430/250/604 10428/248/604
f 10429/249/605 10431/251/605 10432/252/605 10430/250/605
f 10431/251/606 10433/112/606 10434/253/606 10432/252/606
f 10433/112/607 10435/180/607 10436/254/607 10434/253/607
f 10435/180/608 10437/255/608 10438/256/608 10436/254/608
f 10437/255/609 10439/257/609 10440/258/609 10438/256/609
f 10439/257/610 10441/259/610 10442/260/610 10440/258/610
f 10441/259/611 10443/261/611 10444/262/611 10442/260/611
f 10443/261/612 10445/184/612 10446/263/612 10444/262/612
f 10445/184/613 10447/264/613 10448/265/613 10446/263/613
f 10447/264/614 10385/115/614 10388/116/614 10448/265/614
f 10513/1/583 10514/24/583 10386/224/583 10385/117/583
f 10514/24/584 10515/32/584 10389/225/584 10386/224/584
f 10515/32/585 10516/40/585 10391/226/585 10389/225/585
f 10516/40/586 10517/10/586 10393/227/586 10391/226/586
f 10517/10/587 10518/54/587 10395/228/587 10393/227/587
f 10518/54/588 10519/62/588 10397/229/588 10395/228/588
f 10519/62/589 10520/70/589 10399/230/589 10397/229/589
f 10520/70/590 10521/16/590 10401/231/590 10399/230/590
f 10521/16/591 10522/137/591 10403/232/591 10401/231/591
f 10522/137/592 10523/141/592 10405/233/592 10403/232/592
f 10523/141/593 10524/145/593 10407/234/593 10405/233/593
f 10524/145/594 10525/149/594 10409/235/594 10407/234/594
f 10525/149/595 10526/153/595 10411/236/595 10409/235/595
f 10526/153/596 10527/157/596 10413/237/596 10411/236/596
f 10527/157/597 10528/161/597 10415/238/597 10413/237/597
f 10528/161/598 10529/165/598 10417/239/598 10415/238/598
f 10529/165/599 10530/240/599 10419/241/599 10417/239/599
f 10530/240/600 10531/242/600 10421/243/600 10419/241/600
f 10531/242/601 10532/244/601 10423/245/601 10421/243/601
f 10532/244/602 10533/176/602 10425/246/602 10423/245/602
f 10533/176/603 10534/247/603 10427/248/603 10425/246/603
f 10534/247/604 10535/249/604 10429/250/604 10427/248/604
f 10535/249/605 10536/251/605 10431/252/605 10429/250/605
f 10536/251/606 10537/112/606 10433/253/606 10431/252/606
f 10537/112/607 10538/180/607 10435/254/607 10433/253/607
f 10538/180/608 10539/255/608 10437/256/608 10435/254/608
f 10539/255/609 10540/257/609 10439/258/609 10437/256/609
f 10540/257/610 10541/259/610 10441/260/610 10439/258/610
f 10541/259/611 10542/261/611 10443/262/611 10441/260/611
f 10542/261/612 10543/184/612 10445/263/612 10443/262/612
f 10543/184/613 10544/264/613 10447/265/613 10445/263/613
f 10544/264/614 10513/115/614 10385/116/614 10447/265/614
f 10609/1/583 10610/24/583 10514/224/583 10513/117/583
f 10610/24/584 10611/32/584 10515/225/584 10514/224/584
f 10611/32/585 10612/40/585 10516/226/585 10515/225/585
f 10612/40/586 10613/10/586 10517/227/586 10516/226/586
f 10613/10/587 10614/54/587 10518/228/587 10517/227/587
f 10614/54/588 10615/62/588 10519/229/588 10518/228/588
f 10615/62/589 10616/70/589 10520/230/589 10519/229/589
f 10616/70/590 10617/16/590 10521/231/590 10520/230/590
f 10617/16/591 10618/137/591 10522/232/591 10521/231/591
f 10618/137/592 10619/141/592 10523/233/592 10522/232/592
f 10619/141/593 10620/145/593 10524/234/593 10523/233/593
f 10620/145/594 10621/149/594 10525/235/594 10524/234/594
f 10621/149/595 10622/153/595 10526/236/595 10525/235/595
f 10622/153/596 10623/157/596 10527/237/596 10526/236/596
f 10623/157/597 10624/161/597 10528/238/597 10527/237/597
f 10624/161/598 10625/165/598 10529/239/598 10528/238/598
f 10625/165/599 10626/240/599 10530/241/599 10529/239/599
f 10626/240/600 10627/242/600 10531/243/600 10530/241/600
f 10627/242/601 10628/244/601 10532/245/601 10531/243/601
f 10628/244/602 10629/176/602 10533/246/602 10532/245/602
f 10629/176/603 10630/247/603 10534/248/603 10533/246/603
f 10630/247/604 10631/249/604 10535/250/604 10534/248/604
f 10631/249/605 10632/251/605 10536/252/605 10535/250/605
f 10632/251/606 10633/112/606 10537/253/606 10536/252/606
f 10633/112/607 10634/180/607 10538/254/607 10537/253/607
f 10634/180/608 10635/255/608 10539/256/608 10538/254/608
f 10635/255/609 10636/257/609 10540/258/609 10539/256/609
f 10636/257/610 10637/259/610 10541/260/610 10540/258/610
f 10637/259/611 10638/261/611 10542/262/611 10541/260/611
f 10638/261/612 10639/184/612 10543/263/612 10542/262/612
f 10639/184/613 10640/264/613 10544/265/613 10543/263/613
f 10640/264/614 10609/115/614 10513/116/614 10544/265/614
f 10705/1/583 10706/24/583 10610/224/583 10609/117/583
f 10706/24/584 10707/32/584 10611/225/584 10610/224/584
f 10707/32/585 10708/40/585 10612/226/585 10611/225/585
f 10708/40/586 10709/10/586 10613/227/586 10612/226/586
f 10709/10/587 10710/54/587 10614/228/587 10613/227/587
f 10710/54/588 10711/62/588 10615/229/588 10614/228/588
f 10711/62/589 10712/70/589 10616/230/589 10615/229/589
f 10712/70/590 10713/16/590 10617/231/590 10616/230/590
f 10713/16/591 10714/137/591 10618/232/591 10617/231/591
f 10714/137/592 10715/141/592 10619/233/592 10618/232/592
f 10715/141/593 10716/145/593 10620/234/593 10619/233/593
f 10716/145/594 10717/149/594 10621/235/594 10620/234/594
f 10717/149/595 10718/153/595 10622/236/595 10621/235/595
f 10718/153/596 10719/157/596 10623/237/596 10622/236/596
f 10719/157/597 10720/161/597 10624/238/597 10623/237/597
f 10720/161/598 10721/165/598 10625/239/598 10624/238/598
f 10721/165/599 10722/240/599 10626/241/599 10625/239/599
f 10722/240/600 10723/242/600 10627/243/600 10626/241/600
f 10723/242/601 10724/244/601 10628/245/601 10627/243/601
f 10724/244/602 10725/176/602 10629/246/602 10628/245/602
f 10725/176/603 10726/247/603 10630/248/603 10629/246/603
f 10726/247/604 10727/249/604 10631/250/604 10630/248/604
f 10727/249/605 10728/251/605 10632/252/605 10631/250/605
f 10728/251/606 10729/112/606 10633/253/606 10632/252/606
f 10729/112/607 10730/180/607 10634/254/607 10633/253/607
f 10730/180/608 10731/255/608 10635/256/608 10634/254/608
f 10731/255/609 10732/257/609 10636/258/609 10635/256/609
f 10732/257/610 10733/259/610 10637/260/610 10636/258/610
f 10733/259/611 10734/261/611 10638/262/611 10637/260/611
f 10734/261/612 10735/184/612 10639/263/612 10638/262/612
f 10735/184/613 10736/264/613 10640/265/613 10639/263/613
f 10736/264/614 10705/115/614 10609/116/614 10640/265/614
f 10801/1/583 10802/24/583 10706/224/583 10705/117/583
f 10802/24/584 10803/32/584 10707/225/584 10706/224/584
f 10803/32/585 10804/40/585 10708/226/585 10707/225/585
f 10804/40/586 10805/10/586 10709/227/586 10708/226/586
f 10805/10/587 10806/54/587 10710/228/587 10709/227/587
f 10806/54/588 10807/62/588 10711/229/588 10710/228/588
f 10807/62/589 10808/70/589 10712/230/589 10711/229/589
f 10808/70/590 10809/16/590 10713/231/590 10712/230/590
f 10809/16/591 10810/137/591 10714/232/591 10713/231/591
f 10810/137/592 10811/141/592 10715/233/592 10714/232/592
f 10811/141/593 10812/145/593 10716/234/593 10715/233/593
f 10812/145/594 10813/149/594 10717/235/594 10716/234/594
f 10813/149/595 10814/153/595 10718/236/595 10717/235/595
f 10814/153/596 10815/157/596 10719/237/596 10718/236/596
f 10815/157/597 10816/161/597 10720/238/597 10719/237/597
f 10816/161/598 10817/165/598 10721/239/598 10720/238/598
f 10817/165/599 10818/240/599 10722/241/599 10721/239/599
f 10818/240/600 10819/242/600 10723/243/600 10722/241/600
f 10819/242/601 10820/244/601 10724/245/601 10723/243/601
f 10820/244/602 10821/176/602 10725/246/602 10724/245/602
f 10821/176/603 10822/247/603 10726/248/603 10725/246/603
f 10822/247/604 10823/249/604 10727/250/604 10726/248/604
f 10823/249/605 10824/251/605 10728/252/605 10727/250/605
f 10824/251/606 10825/112/606 10729/253/606 10728/252/606
f 10825/112/607 10826/180/607 10730/254/607 10729/253/607
f 10826/180/608 10827/255/608 10731/256/608 10730/254/608
f 10827/255/609 10828/257/609 10732/258/609 10731/256/609
f 10828/257/610 10829/259/610 10733/260/610 10732/258/610
f 10829/259/611 10830/261/611 10734/262/611 10733/260/611
f 10830/261/612 10831/184/612 10735/263/612 10734/262/612
f 10831/184/613 10832/264/613 10736/265/613 10735/263/613
f 10832/264/614 10801/115/614 10705/116/614 10736/265/614
f 10897/1/583 10898/24/583 10802/224/583 10801/117/583
f 10898/24/584 10899/32/584 10803/225/584 10802/224/584
f 10899/32/585 10900/40/585 10804/226/585 10803/225/585
f 10900/40/586 10901/10/586 10805/227/586 10804/226/586
f 10901/10/587 10902/54/587 10806/228/587 10805/227/587
f 10902/54/588 10903/62/588 10807/229/588 10806/228/588
f 10903/62/589 10904/70/589 10808/230/589 10807/229/589
f 10904/70/590 10905/16/590 10809/231/590 10808/230/590
f 10905/16/591 10906/137/591 10810/232/591 10809/231/591
f 10906/137/592 10907/141/592 10811/233/592 10810/232/592
f 10907/141/593 10908/145/593 10812/234/593 10811/233/593
f 10908/145/594 10909/149/594 10813/235/594 10812/234/594
f 10909/149/595 10910/153/595 10814/236/595 10813/235/595
f 10910/153/596 10911/157/596 10815/237/596 10814/236/596
f 10911/157/597 10912/161/597 10816/238/597 10815/237/597
f 10912/161/598 10913/165/598 10817/239/598 10816/238/598
f 10913/165/599 10914/240/599 10818/241/599 10817/239/599
f 10914/240/600 10915/242/600 10819/243/600 10818/241/600
f 10915/242/601 10916/244/601 10820/245/601 10819/243/601
f 10916/244/602 10917/176/602 10821/246/602 10820/245/602
f 10917/176/603 10918/247/603 10822/248/603 10821/246/603
f 10918/247/604 10919/249/604 10823/250/604 10822/248/604
f 10919/249/605 10920/251/605 10824/252/605 10823/250/605
f 10920/251/606 10921/112/606 10825/253/606 10824/252/606
f 10921/112/607 10922/180/607 10826/254/607 10825/253/607
f 10922/180/608 10923/255/608 10827/256/608 10826/254/608
f 10923/255/609 10924/257/609 10828/258/609 10827/256/609
f 10924/257/610 10925/259/610 10829/260/610 10828/258/610
f 10925/259/611 10926/261/611 10830/262/611 10829/260/611
f 10926/261/612 10927/184/612 10831/263/612 10830/262/612
f 10927/184/613 10928/264/613 10832/265/613 10831/263/613
f 10928/264/614 10897/115/614 10801/116/614 10832/265/614
f 10993/1/583 10994/24/583 10898/224/583 10897/117/583
f 10994/24/584 10995/32/584 10899/225/584 10898/224/584
f 10995/32/585 10996/40/585 10900/226/585 10899/225/585
f 10996/40/586 10997/10/586 10901/227/586 10900/226/586
f 10997/10/587 10998/54/587 10902/228/587 10901/227/587
f 10998/54/588 10999/62/588 10903/229/588 10902/228/588
f 10999/62/589 11000/70/589 10904/230/589 10903/229/589
f 11000/70/590 11001/16/590 10905/231/590 10904/230/590
f 11001/16/591 11002/137/591 10906/232/591 10905/231/591
f 11002/137/592 11003/141/592 10907/233/592 10906/232/592
f 11003/141/593 11004/145/593 10908/234/593 10907/233/593
f 11004/145/594 11005/149/594 10909/235/594 10908/234/594
f 11005/149/595 11006/153/595 10910/236/595 10909/235/595
f 11006/153/596 11007/157/596 10911/237/596 10910/236/596
f 11007/157/597 11008/161/597 10912/238/597 10911/237/597
f 11008/161/598 11009/165/598 10913/239/598 10912/238/598
f 11009/165/599 11010/240/599 10914/241/599 10913/239/599
f 11010/240/600 11011/242/600 10915/243/600 10914/241/600
f 11011/242/601 11012/244/601 10916/245/601 10915/243/601
f 11012/244/602 11013/176/602 10917/246/602 10916/245/602
f 11013/176/603 11014/247/603 10918/248/603 10917/246/603
f 11014/247/604 11015/249/604 10919/250/604 10918/248/604
f 11015/249/605 11016/251/605 10920/252/605 10919/250/605
f 11016/251/606 11017/112/606 10921/253/606 10920/252/606
f 11017/112/607 11018/180/607 10922/254/607 10921/253/607
f 11018/180/608 11019/255/608 10923/256/608 10922/254/608
f 11019/255/609 11020/257/609 10924/258/609 10923/256/609
f 11020/257/610 11021/259/610 10925/260/610 10924/258/610
f 11021/259/611 11022/261/611 10926/262/611 10925/260/611
f 11022/261/612 11023/184/612 10927/263/612 10926/262/612
f 11023/184/613 11024/264/613 10928/265/613 10927/263/613
f 11024/264/614 10993/115/614 10897/116/614 10928/265/614
f 11089/1/583 11090/24/583 10994/224/583 10993/117/583
f 11090/24/584 11091/32/584 10995/225/584 10994/224/584
f 11091/32/585 11092/40/585 10996/226/585 10995/225/585
f 11092/40/586 11093/10/586 10997/227/586 10996/226/586
f 11093/10/587 11094/54/587 10998/228/587 10997/227/587
f 11094/54/588 11095/62/588 10999/229/588 10998/228/588
f 11095/62/589 11096/70/589 11000/230/589 10999/229/589
f 11096/70/590 11097/16/590 11001/231/590 11000/230/590
f 11097/16/591 11098/137/591 11002/232/591 11001/231/591
f 11098/137/592 11099/141/592 11003/233/592 11002/232/592
f 11099/141/593 11100/145/593 11004/234/593 11003/233/593
f 11100/145/594 11101/149/594 11005/235/594 11004/234/594
f 11101/149/595 11102/153/595 11006/236/595 11005/235/595
f 11102/153/596 11103/157/596 11007/237/596 11006/236/596
f 11103/157/597 11104/161/597 11008/238/597 11007/237/597
f 11104/161/598 11105/165/598 11009/239/598 11008/238/598
f 11105/165/599 11106/240/599 11010/241/599 11009/239/599
f 11106/240/600 11107/242/600 11011/243/600 11010/241/600
f 11107/242/601 11108/244/601 11012/245/601 11011/243/601
f 11108/244/602 11109/176/602 11013/246/602 11012/245/602
f 11109/176/603 11110/247/603 11014/248/603 11013/246/603
f 11110/247/604 11111/249/604 11015/250/604 11014/248/604
f 11111/249/605 11112/251/605 11016/252/605 11015/250/605
f 11112/251/606 11113/112/606 11017/253/606 11016/252/606
f 11113/112/607 11114/180/607 11018/254/607 11017/253/607
f 11114/180/608 11115/255/608 11019/256/608 11018/254/608
f 11115/255/609 11116/257/609 11020/258/609 11019/256/609
f 11116/257/610 11117/259/610 11021/260/610 11020/258/610
f 11117/259/611 11118/261/611 11022/262/611 11021/260/611
f 11118/261/612 11119/184/612 11023/263/612 11022/262/612
f 11119/184/613 11120/264/613 11024/265/613 11023/263/613
f 11120/264/614 11089/115/614 10993/116/614 11024/265/614
f 11185/1/583 11186/24/583 11090/224/583 11089/117/583
f 11186/24/584 11187/32/584 11091/225/584 11090/224/584
f 11187/32/585 11188/40/585 11092/226/585 11091/225/585
f 11188/40/586 11189/10/586 11093/227/586 11092/226/586
f 11189/10/587 11190/54/587 11094/228/587 11093/227/587
f 11190/54/588 11191/62/588 11095/229/588 11094/228/588
f 11191/62/589 11192/70/589 11096/230/589 11095/229/589
f 11192/70/590 11193/16/590 11097/231/590 11096/230/590
f 11193/16/591 11194/137/591 11098/232/591 11097/231/591
f 11194/137/592 11195/141/592 11099/233/592 11098/232/592
f 11195/141/593 11196/145/593 11100/234/593 11099/233/593
f 11196/145/594 11197/149/594 11101/235/594 11100/234/594
f 11197/149/595 11198/153/595 11102/236/595 11101/235/595
f 11198/153/596 11199/157/596 11103/237/596 11102/236/596
f 11199/157/597 11200/161/597 11104/238/597 11103/237/597
f 11200/161/598 11201/165/598 11105/239/598 11104/238/598
f 11201/165/599 11202/240/599 11106/241/599 11105/239/599
f 11202/240/600 11203/242/600 11107/243/600 11106/241/600
f 11203/242/601 11204/244/601 11108/245/601 11107/243/601
f 11204/244/602 11205/176/602 11109/246/602 11108/245/602
f 11205/176/603 11206/247/603 11110/248/603 11109/246/603
f 11206/247/604 11207/249/604 11111/250/604 11110/248/604
f 11207/249/605 11208/251/605 11112/252/605 11111/250/605
f 11208/251/606 11209/112/606 11113/253/606 11112/252/606
f 11209/112/607 11210/180/607 11114/254/607 11113/253/607
f 11210/180/608 11211/255/608 11115/256/608 11114/254/608
f 11211/255/609 11212/257/609 11116/258/609 11115/256/609
f 11212/257/610 11213/259/610 11117/260/610 11116/258/610
f 11213/259/611 11214/261/611 11118/262/611 11117/260/611
f 11214/261/612 11215/184/612 11119/263/612 11118/262/612
f 11215/184/613 11216/264/613 11120/265/613 11119/263/613
f 11216/264/614 11185/115/614 11089/116/614 11120/265/614
f 11281/1/583 11282/24/583 11186/224/583 11185/117/583
f 11282/24/584 11283/32/584 11187/225/584 11186/224/584
f 11283/32/585 11284/40/585 11188/226/585 11187/225/585
f 11284/40/586 11285/10/586 11189/227/586 11188/226/586
f 11285/10/587 11286/54/587 11190/228/587 11189/227/587
f 11286/54/588 11287/62/588 11191/229/588 11190/228/588
f 11287/62/589 11288/70/589 11192/230/589 11191/229/589
f 11288/70/590 11289/16/590 11193/231/590 11192/230/590
f 11289/16/591 11290/137/591 11194/232/591 11193/231/591
f 11290/137/592 11291/141/592 11195/233/592 11194/232/592
f 11291/141/593 11292/145/593 11196/234/593 11195/233/593
f 11292/145/594 11293/149/594 11197/235/594 11196/234/594
f 11293/149/595 11294/153/595 11198/236/595 11197/235/595
f 11294/153/596 11295/157/596 11199/237/596 11198/236/596
f 11295/157/597 11296/161/597 11200/238/597 11199/237/597
f 11296/161/598 11297/165/598 11201/239/598 11200/238/598
f 11297/165/599 11298/240/599 11202/241/599 11201/239/599
f 11298/240/600 11299/242/600 11203/243/600 11202/241/600
f 11299/242/601 11300/244/601 11204/245/601 11203/243/601
f 11300/244/602 11301/176/602 11205/246/602 11204/245/602
f 11301/176/603 11302/247/603 11206/248/603 11205/246/603
f 11302/247/604 11303/249/604 11207/250/604 11206/248/604
f 11303/249/605 11304/251/605 11208/252/605 11207/250/605
f 11304/251/606 11305/112/606 11209/253/606 11208/252/606
f 11305/112/607 11306/180/607 11210/254/607 11209/253/607
f 11306/180/608 11307/255/608 11211/256/608 11210/254/608
f 11307/255/609 11308/257/609 11212/258/609 11211/256/609
f 11308/257/610 11309/259/610 11213/260/610 11212/258/610
f 11309/259/611 11310/261/611 11214/262/611 11213/260/611
f 11310/261/612 11311/184/612 11215/263/612 11214/262/612
f 11311/184/613 11312/264/613 11216/265/613 11215/263/613
f 11312/264/614 11281/115/614 11185/116/614 11216/265/614
f 11377/1/583 11378/24/583 11282/224/583 11281/117/583
f 11378/24/584 11379/32/584 11283/225/584 11282/224/584
f 11379/32/585 11380/40/585 11284/226/585 11283/225/585
f 11380/40/586 11381/10/586 11285/227/586 11284/226/586
f 11381/10/587 11382/54/587 11286/228/587 11285/227/587
f 11382/54/588 11383/62/588 11287/229/588 11286/228/588
f 11383/62/589 11384/70/589 11288/230/589 11287/229/589
f 11384/70/590 11385/16/590 11289/231/590 11288/230/590
f 11385/16/591 11386/137/591 11290/232/591 11289/231/591
f 11386/137/592 11387/141/592 11291/233/592 11290/232/592
f 11387/141/593 11388/145/593 11292/234/593 11291/233/593
f 11388/145/594 11389/149/594 11293/235/594 11292/234/594
f 11389/149/595 11390/153/595 11294/236/595 11293/235/595
f 11390/153/596 11391/157/596 11295/237/596 11294/236/596
f 11391/157/597 11392/161/597 11296/238/597 11295/237/597
f 11392/161/598 11393/165/598 11297/239/598 11296/238/598
f 11393/165/599 11394/240/599 11298/241/599 11297/239/599
f 11394/240/600 11395/242/600 11299/243/600 11298/241/600
f 11395/242/601 11396/244/601 11300/245/601 11299/243/601
f 11396/244/602 11397/176/602 11301/246/602 11300/245/602
f 11397/176/603 11398/247/603 11302/248/603 11301/246/603
f 11398/247/604 11399/249/604 11303/250/604 11302/248/604
f 11399/249/605 11400/251/605 11304/252/605 11303/250/605
f 11400/251/606 11401/112/606 11305/253/606 11304/252/606
f 11401/112/607 11402/180/607 11306/254/607 11305/253/607
f 11402/180/608 11403/255/608 11307/256/608 11306/254/608
f 11403/255/609 11404/257/609 11308/258/609 11307/256/609
f 11404/257/610 11405/259/610 11309/260/610 11308/258/610
f 11405/259/611 11406/261/611 11310/262/611 11309/260/611
f 11406/261/612 11407/184/612 11311/263/612 11310/262/612
f 11407/184/613 11408/264/613 11312/265/613 11311/263/613
f 11408/264/614 11377/115/614 11281/116/614 11312/265/614
f 11473/1/583 11474/24/583 11378/224/583 11377/117/583
f 11474/24/584 11475/32/584 11379/225/584 11378/224/584
f 11475/32/585 11476/40/585 11380/226/585 11379/225/585
f 11476/40/586 11477/10/586 11381/227/586 11380/226/586
f 11477/10/587 11478/54/587 11382/228/587 11381/227/587
f 11478/54/588 11479/62/588 11383/229/588 11382/228/588
f 11479/62/589 11480/70/589 11384/230/589 11383/229/589
f 11480/70/590 11481/16/590 11385/231/590 11384/230/590
f 11481/16/591 11482/137/591 11386/232/591 11385/231/591
f 11482/137/592 11483/141/592 11387/233/592 11386/232/592
f 11483/141/593 11484/145/593 11388/234/593 11387/233/593
f 11484/145/594 11485/149/594 11389/235/594 11388/234/594
f 11485/149/595 11486/153/595 11390/236/595 11389/235/595
f 11486/153/596 11487/157/596 11391/237/596 11390/236/596
f 11487/157/597 11488/161/597 11392/238/597 11391/237/597
f 11488/161/598 11489/165/598 11393/239/598 11392/238/598
f 11489/165/599 11490/240/599 11394/241/599 11393/239/599
f 11490/240/600 11491/242/600 11395/243/600 11394/241/600
f 11491/242/601 11492/244/601 11396/245/601 11395/243/601
f 11492/244/602 11493/176/602 11397/246/602 11396/245/602
f 11493/176/603 11494/247/603 11398/248/603 11397/246/603
f 11494/247/604 11495/249/604 11399/250/604 11398/248/604
f 11495/249/605 11496/251/605 11400/252/605 11399/250/605
f 11496/251/606 11497/112/606 11401/253/606 11400/252/606
f 11497/112/607 11498/180/607 11402/254/607 11401/253/607
f 11498/180/608 11499/255/608 11403/256/608 11402/254/608
f 11499/255/609 11500/257/609 11404/258/609 11403/256/609
f 11500/257/610 11501/259/610 11405/260/610 11404/258/610
f 11501/259/611 11502/261/611 11406/262/611 11405/260/611
f 11502/261/612 11503/184/612 11407/263/612 11406/262/612
f 11503/184/613 11504/264/613 11408/265/613 11407/263/613
f 11504/264/614 11473/115/614 11377/116/614 11408/265/614
f 11569/1/583 11570/24/583 11474/224/583 11473/117/583
f 11570/24/584 11571/32/584 11475/225/584 11474/224/584
f 11571/32/585 11572/40/585 11476/226/585 11475/225/585
f 11572/40/586 11573/10/586 11477/227/586 11476/226/586
f 11573/10/587 11574/54/587 11478/228/587 11477/227/587
f 11574/54/588 11575/62/588 11479/229/588 11478/228/588
f 11575/62/589 11576/70/589 11480/230/589 11479/229/589
f 11576/70/590 11577/16/590 11481/231/590 11480/230/590
f 11577/16/591 11578/137/591 11482/232/591 11481/231/591
f 11578/137/592 11579/141/592 11483/233/592 11482/232/592
f 11579/141/593 11580/145/593 11484/234/593 11483/233/593
f 11580/145/594 11581/149/594 11485/235/594 11484/234/594
f 11581/149/595 11582/153/595 11486/236/595 11485/235/595
f 11582/153/596 11583/157/596 11487/237/596 11486/236/596
f 11583/157/597 11584/161/597 11488/238/597 11487/237/597
f 11584/161/598 11585/165/598 11489/239/598 11488/238/598
f 11585/165/599 11586/240/599 11490/241/599 11489/239/599
f 11586/240/600 11587/242/600 11491/243/600 11490/241/600
f 11587/242/601 11588/244/601 11492/245/601 11491/243/601
f 11588/244/602 11589/176/602 11493/246/602 11492/245/602
f 11589/176/603 11590/247/603 11494/248/603 11493/246/603
f 11590/247/604 11591/249/604 11495/250/604 11494/248/604
f 11591/249/605 11592/251/605 11496/252/605 11495/250/605
f 11592/251/606 11593/112/606 11497/253/606 11496/252/606
f 11593/112/607 11594/180/607 11498/254/607 11497/253/607
f 11594/180/608 11595/255/608 11499/256/608 11498/254/608
f 11595/255/609 11596/257/609 11500/258/609 11499/256/609
f 11596/257/610 11597/259/610 11501/260/610 11500/258/610
f 11597/259/611 11598/261/611 11502/262/611 11501/260/611
f 11598/261/612 11599/184/612 11503/263/612 11502/262/612
f 11599/184/613 11600/264/613 11504/265/613 11503/263/613
f 11600/264/614 11569/115/614 11473/116/614 11504/265/614
f 11665/1/583 11666/24/583 11570/224/583 11569/117/583
f 11666/24/584 11667/32/584 11571/225/584 11570/224/584
f 11667/32/585 11668/40/585 11572/226/585 11571/225/585
f 11668/40/586 11669/10/586 11573/227/586 11572/226/586
f 11669/10/587 11670/54/587 11574/228/587 11573/227/587
f 11670/54/588 11671/62/588 11575/229/588 11574/228/588
f 11671/62/589 11672/70/589 11576/230/589 11575/229/589
f 11672/70/590 11673/16/590 11577/231/590 11576/230/590
f 11673/16/591 11674/137/591 11578/232/591 11577/231/591
f 11674/137/592 11675/141/592 11579/233/592 11578/232/592
f 11675/141/593 11676/145/593 11580/234/593 11579/233/593
f 11676/145/594 11677/149/594 11581/235/594 11580/234/594
f 11677/149/595 11678/153/595 11582/236/595 11581/235/595
f 11678/153/596 11679/157/596 11583/237/596 11582/236/596
f 11679/157/597 11680/161/597 11584/238/597 11583/237/597
f 11680/161/598 11681/165/598 11585/239/598 11584/238/598
f 11681/165/599 11682/240/599 11586/241/599 11585/239/599
f 11682/240/600 11683/242/600 11587/243/600 11586/241/600
f 11683/242/601 11684/244/601 11588/245/601 11587/243/601
f 11684/244/602 11685/176/602 11589/246/602 11588/245/602
f 11685/176/603 11686/247/603 11590/248/603 11589/246/603
f 11686/247/604 11687/249/604 11591/250/604 11590/248/604
f 11687/249/605 11688/251/605 11592/252/605 11591/250/605
f 11688/251/606 11689/112/606 11593/253/606 11592/252/606
f 11689/112/607 11690/180/607 11594/254/607 11593/253/607
f 11690/180/608 11691/255/608 11595/256/608 11594/254/608
f 11691/255/609 11692/257/609 11596/258/609 11595/256/609
f 11692/257/610 11693/259/610 11597/260/610 11596/258/610
f 11693/259/611 11694/261/611 11598/262/611 11597/260/611
f 11694/261/612 11695/184/612 11599/263/612 11598/262/612
f 11695/184/613 11696/264/613 11600/265/613 11599/263/613
f 11696/264/614 11665/115/614 11569/116/614 11600/265/614
f 11761/1/583 11762/24/583 11666/224/583 11665/117/583
f 11762/24/584 11763/32/584 11667/225/584 11666/224/584
f 11763/32/585 11764/40/585 11668/226/585 11667/225/585
f 11764/40/586 11765/10/586 11669/227/586 11668/226/586
f 11765/10/587 11766/54/587 11670/228/587 11669/227/587
f 11766/54/588 11767/62/588 11671/229/588 11670/228/588
f 11767/62/589 11768/70/589 11672/230/589 11671/229/589
f 11768/70/590 11769/16/590 11673/231/590 11672/230/590
f 11769/16/591 11770/137/591 11674/232/591 11673/231/591
f 11770/137/592 11771/141/592 11675/233/592 11674/232/592
f 11771/141/593 11772/145/593 11676/234/593 11675/233/593
f 11772/145/594 11773/149/594 11677/235/594 11676/234/594
f 11773/149/595 11774/153/595 11678/236/595 11677/235/595
f 11774/153/596 11775/157/596 11679/237/596 11678/236/596
f 11775/157/597 11776/161/597 11680/238/597 11679/237/597
f 11776/161/598 11777/165/598 11681/239/598 11680/238/598
f 11777/165/599 11778/240/599 11682/241/599 11681/239/599
f 11778/240/600 11779/242/600 11683/243/600 11682/241/600
f 11779/242/601 11780/244/601 11684/245/601 11683/243/601
f 11780/244/602 11781/176/602 11685/246/602 11684/245/602
f 11781/176/603 11782/247/603 11686/248/603 11685/246/603
f 11782/247/604 11783/249/604 11687/250/604 11686/248/604
f 11783/249/605 11784/251/605 11688/252/605 11687/250/605
f 11784/251/606 11785/112/606 11689/253/606 11688/252/606
f 11785/112/607 11786/180/607 11690/254/607 11689/253/607
f 11786/180/608 11787/255/608 11691/256/608 11690/254/608
f 11787/255/609 11788/257/609 11692/258/609 11691/256/609
f 11788/257/610 11789/259/610 11693/260/610 11692/258/610
f 11789/259/611 11790/261/611 11694/262/611 11693/260/611
f 11790/261/612 11791/184/612 11695/263/612 11694/262/612
f 11791/184/613 11792/264/613 11696/265/613 11695/263/613
f 11792/264/614 11761/115/614 11665/116/614 11696/265/614
f 11857/1/583 11858/24/583 11762/224/583 11761/117/583
f 11858/24/584 11859/32/584 11763/225/584 11762/224/584
f 11859/32/585 11860/40/585 11764/226/585 11763/225/585
f 11860/40/586 11861/10/586 11765/227/586 11764/226/586
f 11861/10/587 11862/54/587 11766/228/587 11765/227/587
f 11862/54/588 11863/62/588 11767/229/588 11766/228/588
f 11863/62/589 11864/70/589 11768/230/589 11767/229/589
f 11864/70/590 11865/16/590 11769/231/590 11768/230/590
f 11865/16/591 11866/137/591 11770/232/591 11769/231/591
f 11866/137/592 11867/141/592 11771/233/592 11770/232/592
f 11867/141/593 11868/145/593 11772/234/593 11771/233/593
f 11868/145/594 11869/149/594 11773/235/594 11772/234/594
f 11869/149/595 11870/153/595 11774/236/595 11773/235/595
f 11870/153/596 11871/157/596 11775/237/596 11774/236/596
f 11871/157/597 11872/161/597 11776/238/597 11775/237/597
f 11872/161/598 11873/165/598 11777/239/598 11776/238/598
f 11873/165/599 11874/240/599 11778/241/599 11777/239/599
f 11874/240/600 11875/242/600 11779/243/600 11778/241/600
f 11875/242/601 11876/244/601 11780/245/601 11779/243/601
f 11876/244/602 11877/176/602 11781/246/602 11780/245/602
f 11877/176/603 11878/247/603 11782/248/603 11781/246/603
f 11878/247/604 11879/249/604 11783/250/604 11782/248/604
f 11879/249/605 11880/251/605 11784/252/605 11783/250/605
f 11880/251/606 11881/112/606 11785/253/606 11784/252/606
f 11881/112/607 11882/180/607 11786/254/607 11785/253/607
f 11882/180/608 11883/255/608 11787/256/608 11786/254/608
f 11883/255/609 11884/257/609 11788/258/609 11787/256/609
f 11884/257/610 11885/259/610 11789/260/610 11788/258/610
f 11885/259/611 11886/261/611 11790/262/611 11789/260/611
f 11886/261/612 11887/184/612 11791/263/612 11790/262/612
f 11887/184/613 11888/264/613 11792/265/613 11791/263/613
f 11888/264/614 11857/115/614 11761/116/614 11792/265/614
f 11953/1/583 11954/24/583 11858/224/583 11857/117/583
f 11954/24/584 11955/32/584 11859/225/584 11858/224/584
f 11955/32/585 11956/40/585 11860/226/585 11859/225/585
f 11956/40/586 11957/10/586 11861/227/586 11860/226/586
f 11957/10/587 11958/54/587 11862/228/587 11861/227/587
f 11958/54/588 11959/62/588 11863/229/588 11862/228/588
f 11959/62/589 11960/70/589 11864/230/589 11863/229/589
f 11960/70/590 11961/16/590 11865/231/590 11864/230/590
f 11961/16/591 11962/137/591 11866/232/591 11865/231/591
f 11962/137/592 11963/141/592 11867/233/592 11866/232/592
f 11963/141/593 11964/145/593 11868/234/593 11867/233/593
f 11964/145/594 11965/149/594 11869/235/594 11868/234/594
f 11965/149/595 11966/153/595 11870/236/595 11869/235/595
f 11966/153/596 11967/157/596 11871/237/596 11870/236/596
f 11967/157/597 11968/161/597 11872/238/597 11871/237/597
f 11968/161/598 11969/165/598 11873/239/598 11872/238/598
f 11969/165/599 11970/240/599 11874/241/599 11873/239/599
f 11970/240/600 11971/242/600 11875/243/600 11874/241/600
f 11971/242/601 11972/244/601 11876/245/601 11875/243/601
f 11972/244/602 11973/176/602 11877/246/602 11876/245/602
f 11973/176/603 11974/247/603 11878/248/603 11877/246/603
f 11974/247/604 11975/249/604 11879/250/604 11878/248/604
f 11975/249/605 11976/251/605 11880/252/605 11879/250/605
f 11976/251/606 11977/112/606 11881/253/606 11880/252/606
f 11977/112/607 11978/180/607 11882/254/607 11881/253/607
f 11978/180/608 11979/255/608 11883/256/608 11882/254/608
f 11979/255/609 11980/257/609 11884/258/609 11883/256/609
f 11980/257/610 11981/259/610 11885/260/610 11884/258/610
f 11981/259/611 11982/261/611 11886/262/611 11885/260/611
f 11982/261/612 11983/184/612 11887/263/612 11886/262/612
f 11983/184/613 11984/264/613 11888/265/613 11887/263/613
f 11984/264/614 11953/115/614 11857/116/614 11888/265/614
f 12049/1/583 12050/24/583 11954/224/583 11953/117/583
f 12050/24/584 12051/32/584 11955/225/584 11954/224/584
f 12051/32/585 12052/40/585 11956/226/585 11955/225/585
f 12052/40/586 12053/10/586 11957/227/586 11956/226/586
f 12053/10/587 12054/54/587 11958/228/587 11957/227/587
f 12054/54/588 12055/62/588 11959/229/588 11958/228/588
f 12055/62/589 12056/70/589 11960/230/589 11959/229/589
f 12056/70/590 12057/16/590 11961/231/590 11960/230/590
f 12057/16/591 12058/137/591 11962/232/591 11961/231/591
f 12058/137/592 12059/141/592 11963/233/592 11962/232/592
f 12059/141/593 12060/145/593 11964/234/593 11963/233/593
f 12060/145/594 12061/149/594 11965/235/594 11964/234/594
f 12061/149/595 12062/153/595 11966/236/595 11965/235/595
f 12062/153/596 12063/157/596 11967/237/596 11966/236/596
f 12063/157/597 12064/161/597 11968/238/597 11967/237/597
f 12064/161/598 12065/165/598 11969/239/598 11968/238/598
f 12065/165/599 12066/240/599 11970/241/599 11969/239/599
f 12066/240/600 12067/242/600 11971/243/600 11970/241/600
f 12067/242/601 12068/244/601 11972/245/601 11971/243/601
f 12068/244/602 12069/176/602 11973/246/602 11972/245/602
f 12069/176/603 12070/247/603 11974/248/603 11973/246/603
f 12070/247/604 12071/249/604 11975/250/604 11974/248/604
f 12071/249/605 12072/251/605 11976/252/605 11975/250/605
f 12072/251/606 12073/112/606 11977/253/606 11976/252/606
f 12073/112/607 12074/180/607 11978/254/607 11977/253/607
f 12074/180/608 12075/255/608 11979/256/608 11978/254/608
f 12075/255/609 12076/257/609 11980/258/609 11979/256/609
f 12076/257/610 12077/259/610 11981/260/610 11980/258/610
f 12077/259/611 12078/261/611 11982/262/611 11981/260/611
f 12078/261/612 12079/184/612 11983/263/612 11982/262/612
f 12079/184/613 12080/264/613 11984/265/613 11983/263/613
f 12080/264/614 12049/115/614 11953/116/614 11984/265/614
f 12081/1/1 12082/165/1 12083/166/1 12084/119/1
f 12085/119/2 12086/166/2 12087/165/2 12088/1/2
f 12084/165/3 12083/1/3 12086/119/3 12085/166/3
f 12082/165/4 12081/1/4 12088/119/4 12087/166/4
f 12081/165/5 12084/1/5 12085/119/5 12088/166/5
f 12083/165/6 12082/1/6 12087/119/6 12086/166/6
o insulator_6
usemtl porcelain
f 12089/1/551 12090/36/551 12091/167/551 12092/168/551
f 12090/36/552 12093/54/552 12094/169/552 12091/167/552
f 12093/54/553 12095/74/553 12096/170/553 12094/169/553
f 12095/74/554 12097/141/554 12098/171/554 12096/170/554
f 12097/141/555 12099/151/555 12100/172/555 12098/171/555
f 12099/151/556 12101/161/556 12102/173/556 12100/172/556
f 12101/161/557 12103/174/557 12104/175/557 12102/173/557
f 12103/174/558 12105/176/558 12106/177/558 12104/175/558
f 12105/176/559 12107/178/559 12108/179/559 12106/177/559
f 12107/178/560 12109/180/560 12110/181/560 12108/179/560
f 12109/180/561 12111/182/561 12112/183/561 12110/181/561
f 12111/182/562 12113/184/562 12114/185/562 12112/183/562
f 12113/184/563 12115/186/563 12116/187/563 12114/185/563
f 12115/186/564 12117/188/564 12118/189/564 12116/187/564
f 12117/188/565 12119/190/565 12120/191/565 12118/189/565
f 12119/190/566 12121/2/566 12122/99/566 12120/191/566
f 12121/2/567 12123/192/567 12124/193/567 12122/99/567
f 12123/192/568 12125/194/568 12126/195/568 12124/193/568
f 12125/194/569 12127/196/569 12128/197/569 12126/195/569
f 12127/196/570 12129/198/570 12130/199/570 12128/197/570
f 12129/198/571 12131/200/571 12132/201/571 12130/199/571
f 12131/200/572 12133/202/572 12134/203/572 12132/201/572
f 12133/202/573 12135/204/573 12136/205/573 12134/203/573
f 12135/204/574 12137/206/574 12138/207/574 12136/205/574
f 12137/206/575 12139/208/575 12140/209/575 12138/207/575
f 12139/208/576 12141/210/576 12142/211/576 12140/209/576
f 12141/210/577 12143/212/577 12144/213/577 12142/211/577
f 12143/212/578 12145/214/578 12146/215/578 12144/213/578
f 12145/214/579 12147/216/579 12148/217/579 12146/215/579
f 12147/216/580 12149/218/580 12150/219/580 12148/217/580
f 12149/218/581 12151/220/581 12152/221/581 12150/219/581
f 12151/220/582 12089/222/582 12092/223/582 12152/221/582
f 12217/1/551 12218/36/551 12219/167/551 12220/168/551
f 12218/36/552 12221/54/552 12222/169/552 12219/167/552
f 12221/54/553 12223/74/553 12224/170/553 12222/169/553
f 12223/74/554 12225/141/554 12226/171/554 12224/170/554
f 12225/141/555 12227/151/555 12228/172/555 12226/171/555
f 12227/151/556 12229/161/556 12230/173/556 12228/172/556
f 12229/161/557 12231/174/557 12232/175/557 12230/173/557
f 12231/174/558 12233/176/558 12234/177/558 12232/175/558
f 12233/176/559 12235/178/559 12236/179/559 12234/177/559
f 12235/178/560 12237/180/560 12238/181/560 12236/179/560
f 12237/180/561 12239/182/561 12240/183/561 12238/181/561
f 12239/182/562 12241/184/562 12242/185/562 12240/183/562
f 12241/184/563 12243/186/563 12244/187/563 12242/185/563
f 12243/186/564 12245/188/564 12246/189/564 12244/187/564
f 12245/188/565 12247/190/565 12248/191/565 12246/189/565
f 12247/190/566 12249/2/566 12250/99/566 12248/191/566
f 12249/2/567 12251/192/567 12252/193/567 12250/99/567
f 12251/192/568 12253/194/568 12254/195/568 12252/193/568
f 12253/194/569 12255/196/569 12256/197/569 12254/195/569
f 12255/196/570 12257/198/570 12258/199/570 12256/197/570
f 12257/198/571 12259/200/571 12260/201/571 12258/199/571
f 12259/200/572 12261/202/572 12262/203/572 12260/201/572
f 12261/202/573 12263/204/573 12264/205/573 12262/203/573
f 12263/204/574 12265/206/574 12266/207/574 12264/205/574
f 12265/206/575 12267/208/575 12268/209/575 12266/207/575
f 12267/208/576 12269/210/576 12270/211/576 12268/209/576
f 12269/210/577 12271/212/577 12272/213/577 12270/211/577
f 12271/212/578 12273/214/578 12274/215/578 12272/213/578
f 12273/214/579 12275/216/579 12276/217/579 12274/215/579
f 12275/216/580 12277/218/580 12278/219/580 12276/217/580
f 12277/218/581 12279/220/581 12280/221/581 12278/219/581
f 12279/220/582 12217/222/582 12220/223/582 12280/221/582
f 12313/1/551 12314/36/551 12315/167/551 12316/168/551
f 12314/36/552 12317/54/552 12318/169/552 12315/167/552
f 12317/54/553 12319/74/553 12320/170/553 12318/169/553
f 12319/74/554 12321/141/554 12322/171/554 12320/170/554
f 12321/141/555 12323/151/555 12324/172/555 12322/171/555
f 12323/151/556 12325/161/556 12326/173/556 12324/172/556
f 12325/161/557 12327/174/557 12328/175/557 12326/173/557
f 12327/174/558 12329/176/558 12330/177/558 12328/175/558
f 12329/176/559 12331/178/559 12332/179/559 12330/177/559
f 12331/178/560 12333/180/560 12334/181/560 12332/179/560
f 12333/180/561 12335/182/561 12336/183/561 12334/181/561
f 12335/182/562 12337/184/562 12338/185/562 12336/183/562
f 12337/184/563 12339/186/563 12340/187/563 12338/185/563
f 12339/186/564 12341/188/564 12342/189/564 12340/187/564
f 12341/188/565 12343/190/565 12344/191/565 12342/189/565
f 12343/190/566 12345/2/566 12346/99/566 12344/191/566
f 12345/2/567 12347/192/567 12348/193/567 12346/99/567
f 12347/192/568 12349/194/568 12350/195/568 12348/193/568
f 12349/194/569 12351/196/569 12352/197/569 12350/195/569
f 12351/196/570 12353/198/570 12354/199/570 12352/197/570
f 12353/198/571 12355/200/571 12356/201/571 12354/199/571
f 12355/200/572 12357/202/572 12358/203/572 12356/201/572
f 12357/202/573 12359/204/573 12360/205/573 12358/203/573
f 12359/204/574 12361/206/574 12362/207/574 12360/205/574
f 12361/206/575 12363/208/575 12364/209/575 12362/207/575
f 12363/208/576 12365/210/576 12366/211/576 12364/209/576
f 12365/210/577 12367/212/577 12368/213/577 12366/211/577
f 12367/212/578 12369/214/578 12370/215/578 12368/213/578
f 12369/214/579 12371/216/579 12372/217/579 12370/215/579
f 12371/216/580 12373/218/580 12374/219/580 12372/217/580
f 12373/218/581 12375/220/581 12376/221/581 12374/219/581
f 12375/220/582 12313/222/582 12316/223/582 12376/221/582
f 12409/1/551 12410/36/551 12411/167/551 12412/168/551
f 12410/36/552 12413/54/552 12414/169/552 12411/167/552
f 12413/54/553 12415/74/553 12416/170/553 12414/169/553
f 12415/74/554 12417/141/554 12418/171/554 12416/170/554
f 12417/141/555 12419/151/555 12420/172/555 12418/171/555
f 12419/151/556 12421/161/556 12422/173/556 12420/172/556
f 12421/161/557 12423/174/557 12424/175/557 12422/173/557
f 12423/174/558 12425/176/558 12426/177/558 12424/175/558
f 12425/176/559 12427/178/559 12428/179/559 12426/177/559
f 12427/178/560 12429/180/560 12430/181/560 12428/179/560
f 12429/180/561 12431/182/561 12432/183/561 12430/181/561
f 12431/182/562 12433/184/562 12434/185/562 12432/183/562
f 12433/184/563 12435/186/563 12436/187/563 12434/185/563
f 12435/186/564 12437/188/564 12438/189/564 12436/187/564
f 12437/188/565 12439/190/565 12440/191/565 12438/189/565
f 12439/190/566 12441/2/566 12442/99/566 12440/191/566
f 12441/2/567 12443/192/567 12444/193/567 12442/99/567
f 12443/192/568 12445/194/568 12446/195/568 12444/193/568
f 12445/194/569 12447/196/569 12448/197/569 12446/195/569
f 12447/196/570 12449/198/570 12450/199/570 12448/197/570
f 12449/198/571 12451/200/571 12452/201/571 12450/199/571
f 12451/200/572 12453/202/572 12454/203/572 12452/201/572
f 12453/202/573 12455/204/573 12456/205/573 12454/203/573
f 12455/204/574 12457/206/574 12458/207/574 12456/205/574
f 12457/206/575 12459/208/575 12460/209/575 12458/207/575
f 12459/208/576 12461/210/576 12462/211/576 12460/209/576
f 12461/210/577 12463/212/577 12464/213/577 12462/211/577
f 12463/212/578 12465/214/578 12466/215/578 12464/213/578
f 12465/214/579 12467/216/579 12468/217/579 12466/215/579
f 12467/216/580 12469/218/580 12470/219/580 12468/217/580
f 12469/218/581 12471/220/581 12472/221/581 12470/219/581
f 12471/220/582 12409/222/582 12412/223/582 12472/221/582
f 12505/1/551 12506/36/551 12507/167/551 12508/168/551
f 12506/36/552 12509/54/552 12510/169/552 12507/167/552
f 12509/54/553 12511/74/553 12512/170/553 12510/169/553
f 12511/74/554 12513/141/554 12514/171/554 12512/170/554
f 12513/141/555 12515/151/555 12516/172/555 12514/171/555
f 12515/151/556 12517/161/556 12518/173/556 12516/172/556
f 12517/161/557 12519/174/557 12520/175/557 12518/173/557
f 12519/174/558 12521/176/558 12522/177/558 12520/175/558
f 12521/176/559 12523/178/559 12524/179/559 12522/177/559
f 12523/178/560 12525/180/560 12526/181/560 12524/179/560
f 12525/180/561 12527/182/561 12528/183/561 12526/181/561
f 12527/182/562 12529/184/562 12530/185/562 12528/183/562
f 12529/184/563 12531/186/563 12532/187/563 12530/185/563
f 12531/186/564 12533/188/564 12534/189/564 12532/187/564
f 12533/188/565 12535/190/565 12536/191/565 12534/189/565
f 12535/190/566 12537/2/566 12538/99/566 12536/191/566
f 12537/2/567 12539/192/567 12540/193/567 12538/99/567
f 12539/192/568 12541/194/568 12542/195/568 12540/193/568
f 12541/194/569 12543/196/569 12544/197/569 12542/195/569
f 12543/196/570 12545/198/570 12546/199/570 12544/197/570
f 12545/198/571 12547/200/571 12548/201/571 12546/199/571
f 12547/200/572 12549/202/572 12550/203/572 12548/201/572
f 12549/202/573 12551/204/573 12552/205/573 12550/203/573
f 12551/204/574 12553/206/574 12554/207/574 12552/205/574
f 12553/206/575 12555/208/575 12556/209/575 12554/207/575
f 12555/208/576 12557/210/576 12558/211/576 12556/209/576
f 12557/210/577 12559/212/577 12560/213/577 12558/211/577
f 12559/212/578 12561/214/578 12562/215/578 12560/213/578
f 12561/214/579 12563/216/579 12564/217/579 12562/215/579
f 12563/216/580 12565/218/580 12566/219/580 12564/217/580
f 12565/218/581 12567/220/581 12568/221/581 12566/219/581
f 12567/220/582 12505/222/582 12508/223/582 12568/221/582
f 12601/1/551 12602/36/551 12603/167/551 12604/168/551
f 12602/36/552 12605/54/552 12606/169/552 12603/167/552
f 12605/54/553 12607/74/553 12608/170/553 12606/169/553
f 12607/74/554 12609/141/554 12610/171/554 12608/170/554
f 12609/141/555 12611/151/555 12612/172/555 12610/171/555
f 12611/151/556 12613/161/556 12614/173/556 12612/172/556
f 12613/161/557 12615/174/557 12616/175/557 12614/173/557
f 12615/174/558 12617/176/558 12618/177/558 12616/175/558
f 12617/176/559 12619/178/559 12620/179/559 12618/177/559
f 12619/178/560 12621/180/560 12622/181/560 12620/179/560
f 12621/180/561 12623/182/561 12624/183/561 12622/181/561
f 12623/182/562 12625/184/562 12626/185/562 12624/183/562
f 12625/184/563 12627/186/563 12628/187/563 12626/185/563
f 12627/186/564 12629/188/564 12630/189/564 12628/187/564
f 12629/188/565 12631/190/565 12632/191/565 12630/189/565
f 12631/190/566 12633/2/566 12634/99/566 12632/191/566
f 12633/2/567 12635/192/567 12636/193/567 12634/99/567
f 12635/192/568 12637/194/568 12638/195/568 12636/193/568
f 12637/194/569 12639/196/569 12640/197/569 12638/195/569
f 12639/196/570 12641/198/570 12642/199/570 12640/197/570
f 12641/198/571 12643/200/571 12644/201/571 12642/199/571
f 12643/200/572 12645/202/572 12646/203/572 12644/201/572
f 12645/202/573 12647/204/573 12648/205/573 12646/203/573
f 12647/204/574 12649/206/574 12650/207/574 12648/205/574
f 12649/206/575 12651/208/575 12652/209/575 12650/207/575
f 12651/208/576 12653/210/576 12654/211/576 12652/209/576
f 12653/210/577 12655/212/577 12656/213/577 12654/211/577
f 12655/212/578 12657/214/578 12658/215/578 12656/213/578
f 12657/214/579 12659/216/579 12660/217/579 12658/215/579
f 12659/216/580 12661/218/580 12662/219/580 12660/217/580
f 12661/218/581 12663/220/581 12664/221/581 12662/219/581
f 12663/220/582 12601/222/582 12604/223/582 12664/221/582
f 12697/1/551 12698/36/551 12699/167/551 12700/168/551
f 12698/36/552 12701/54/552 12702/169/552 12699/167/552
f 12701/54/553 12703/74/553 12704/170/553 12702/169/553
f 12703/74/554 12705/141/554 12706/171/554 12704/170/554
f 12705/141/555 12707/151/555 12708/172/555 12706/171/555
f 12707/151/556 12709/161/556 12710/173/556 12708/172/556
f 12709/161/557 12711/174/557 12712/175/557 12710/173/557
f 12711/174/558 12713/176/558 12714/177/558 12712/175/558
f 12713/176/559 12715/178/559 12716/179/559 12714/177/559
f 12715/178/560 12717/180/560 12718/181/560 12716/179/560
f 12717/180/561 12719/182/561 12720/183/561 12718/181/561
f 12719/182/562 12721/184/562 12722/185/562 12720/183/562
f 12721/184/563 12723/186/563 12724/187/563 12722/185/563
f 12723/186/564 12725/188/564 12726/189/564 12724/187/564
f 12725/188/565 12727/190/565 12728/191/565 12726/189/565
f 12727/190/566 12729/2/566 12730/99/566 12728/191/566
f 12729/2/567 12731/192/567 12732/193/567 12730/99/567
f 12731/192/568 12733/194/568 12734/195/568 12732/193/568
f 12733/194/569 12735/196/569 12736/197/569 12734/195/569
f 12735/196/570 12737/198/570 12738/199/570 12736/197/570
f 12737/198/571 12739/200/571 12740/201/571 12738/199/571
f 12739/200/572 12741/202/572 12742/203/572 12740/201/572
f 12741/202/573 12743/204/573 12744/205/573 12742/203/573
f 12743/204/574 12745/206/574 12746/207/574 12744/205/574
f 12745/206/575 12747/208/575 12748/209/575 12746/207/575
f 12747/208/576 12749/210/576 12750/211/576 12748/209/576
f 12749/210/577 12751/212/577 12752/213/577 12750/211/577
f 12751/212/578 12753/214/578 12754/215/578 12752/213/578
f 12753/214/579 12755/216/579 12756/217/579 12754/215/579
f 12755/216/580 12757/218/580 12758/219/580 12756/217/580
f 12757/218/581 12759/220/581 12760/221/581 12758/219/581
f 12759/220/582 12697/222/582 12700/223/582 12760/221/582
f 12793/1/551 12794/36/551 12795/167/551 12796/168/551
f 12794/36/552 12797/54/552 12798/169/552 12795/167/552
f 12797/54/553 12799/74/553 12800/170/553 12798/169/553
f 12799/74/554 12801/141/554 12802/171/554 12800/170/554
f 12801/141/555 12803/151/555 12804/172/555 12802/171/555
f 12803/151/556 12805/161/556 12806/173/556 12804/172/556
f 12805/161/557 12807/174/557 12808/175/557 12806/173/557
f 12807/174/558 12809/176/558 12810/177/558 12808/175/558
f 12809/176/559 12811/178/559 12812/179/559 12810/177/559
f 12811/178/560 12813/180/560 12814/181/560 12812/179/560
f 12813/180/561 12815/182/561 12816/183/561 12814/181/561
f 12815/182/562 12817/184/562 12818/185/562 12816/183/562
f 12817/184/563 12819/186/563 12820/187/563 12818/185/563
f 12819/186/564 12821/188/564 12822/189/564 12820/187/564
f 12821/188/565 12823/190/565 12824/191/565 12822/189/565
f 12823/190/566 12825/2/566 12826/99/566 12824/191/566
f 12825/2/567 12827/192/567 12828/193/567 12826/99/567
f 12827/192/568 12829/194/568 12830/195/568 12828/193/568
f 12829/194/569 12831/196/569 12832/197/569 12830/195/569
f 12831/196/570 12833/198/570 12834/199/570 12832/197/570
f 12833/198/571 12835/200/571 12836/201/571 12834/199/571
f 12835/200/572 12837/202/572 12838/203/572 12836/201/572
f 12837/202/573 12839/204/573 12840/205/573 12838/203/573
f 12839/204/574 12841/206/574 12842/207/574 12840/205/574
f 12841/206/575 12843/208/575 12844/209/575 12842/207/575
f 12843/208/576 12845/210/576 12846/211/576 12844/209/576
f 12845/210/577 12847/212/577 12848/213/577 12846/211/577
f 12847/212/578 12849/214/578 12850/215/578 12848/213/578
f 12849/214/579 12851/216/579 12852/217/579 12850/215/579
f 12851/216/580 12853/218/580 12854/219/580 12852/217/580
f 12853/218/581 12855/220/581 12856/221/581 12854/219/581
f 12855/220/582 12793/222/582 12796/223/582 12856/221/582
f 12889/1/551 12890/36/551 12891/167/551 12892/168/551
f 12890/36/552 12893/54/552 12894/169/552 12891/167/552
f 12893/54/553 12895/74/553 12896/170/553 12894/169/553
f 12895/74/554 12897/141/554 12898/171/554 12896/170/554
f 12897/141/555 12899/151/555 12900/172/555 12898/171/555
f 12899/151/556 12901/161/556 12902/173/556 12900/172/556
f 12901/161/557 12903/174/557 12904/175/557 12902/173/557
f 12903/174/558 12905/176/558 12906/177/558 12904/175/558
f 12905/176/559 12907/178/559 12908/179/559 12906/177/559
f 12907/178/560 12909/180/560 12910/181/560 12908/179/560
f 12909/180/561 12911/182/561 12912/183/561 12910/181/561
f 12911/182/562 12913/184/562 12914/185/562 12912/183/562
f 12913/184/563 12915/186/563 12916/187/563 12914/185/563
f 12915/186/564 12917/188/564 12918/189/564 12916/187/564
f 12917/188/565 12919/190/565 12920/191/565 12918/189/565
f 12919/190/566 12921/2/566 12922/99/566 12920/191/566
f 12921/2/567 12923/192/567 12924/193/567 12922/99/567
f 12923/192/568 12925/194/568 12926/195/568 12924/193/568
f 12925/194/569 12927/196/569 12928/197/569 12926/195/569
f 12927/196/570 12929/198/570 12930/199/570 12928/197/570
f 12929/198/571 12931/200/571 12932/201/571 12930/199/571
f 12931/200/572 12933/202/572 12934/203/572 12932/201/572
f 12933/202/573 12935/204/573 12936/205/573 12934/203/573
f 12935/204/574 12937/206/574 12938/207/574 12936/205/574
f 12937/206/575 12939/208/575 12940/209/575 12938/207/575
f 12939/208/576 12941/210/576 12942/211/576 12940/209/576
f 12941/210/577 12943/212/577 12944/213/577 12942/211/577
f 12943/212/578 12945/214/578 12946/215/578 12944/213/578
f 12945/214/579 12947/216/579 12948/217/579 12946/215/579
f 12947/216/580 12949/218/580 12950/219/580 12948/217/580
f 12949/218/581 12951/220/581 12952/221/581 12950/219/581
f 12951/220/582 12889/222/582 12892/223/582 12952/221/582
f 12985/1/551 12986/36/551 12987/167/551 12988/168/551
f 12986/36/552 12989/54/552 12990/169/552 12987/167/552
f 12989/54/553 12991/74/553 12992/170/553 12990/169/553
f 12991/74/554 12993/141/554 12994/171/554 12992/170/554
f 12993/141/555 12995/151/555 12996/172/555 12994/171/555
f 12995/151/556 12997/161/556 12998/173/556 12996/172/556
f 12997/161/557 12999/174/557 13000/175/557 12998/173/557
f 12999/174/558 13001/176/558 13002/177/558 13000/175/558
f 13001/176/559 13003/178/559 13004/179/559 13002/177/559
f 13003/178/560 13005/180/560 13006/181/560 13004/179/560
f 13005/180/561 13007/182/561 13008/183/561 13006/181/561
f 13007/182/562 13009/184/562 13010/185/562 13008/183/562
f 13009/184/563 13011/186/563 13012/187/563 13010/185/563
f 13011/186/564 13013/188/564 13014/189/564 13012/187/564
f 13013/188/565 13015/190/565 13016/191/565 13014/189/565
f 13015/190/566 13017/2/566 13018/99/566 13016/191/566
f 13017/2/567 13019/192/567 13020/193/567 13018/99/567
f 13019/192/568 13021/194/568 13022/195/568 13020/193/568
f 13021/194/569 13023/196/569 13024/197/569 13022/195/569
f 13023/196/570 13025/198/570 13026/199/570 13024/197/570
f 13025/198/571 13027/200/571 13028/201/571 13026/199/571
f 13027/200/572 13029/202/572 13030/203/572 13028/201/572
f 13029/202/573 13031/204/573 13032/205/573 13030/203/573
f 13031/204/574 13033/206/574 13034/207/574 13032/205/574
f 13033/206/575 13035/208/575 13036/209/575 13034/207/575
f 13035/208/576 13037/210/576 13038/211/576 13036/209/576
f 13037/210/577 13039/212/577 13040/213/577 13038/211/577
f 13039/212/578 13041/214/578 13042/215/578 13040/213/578
f 13041/214/579 13043/216/579 13044/217/579 13042/215/579
f 13043/216/580 13045/218/580 13046/219/580 13044/217/580
f 13045/218/581 13047/220/581 13048/221/581 13046/219/581
f 13047/220/582 12985/222/582 12988/223/582 13048/221/582
f 13081/1/551 13082/36/551 13083/167/551 13084/168/551
f 13082/36/552 13085/54/552 13086/169/552 13083/167/552
f 13085/54/553 13087/74/553 13088/170/553 13086/169/553
f 13087/74/554 13089/141/554 13090/171/554 13088/170/554
f 13089/141/555 13091/151/555 13092/172/555 13090/171/555
f 13091/151/556 13093/161/556 13094/173/556 13092/172/556
f 13093/161/557 13095/174/557 13096/175/557 13094/173/557
f 13095/174/558 13097/176/558 13098/177/558 13096/175/558
f 13097/176/559 13099/178/559 13100/179/559 13098/177/559
f 13099/178/560 13101/180/560 13102/181/560 13100/179/560
f 13101/180/561 13103/182/561 13104/183/561 13102/181/561
f 13103/182/562 13105/184/562 13106/185/562 13104/183/562
f 13105/184/563 13107/186/563 13108/187/563 13106/185/563
f 13107/186/564 13109/188/564 13110/189/564 13108/187/564
f 13109/188/565 13111/190/565 13112/191/565 13110/189/565
f 13111/190/566 13113/2/566 13114/99/566 13112/191/566
f 13113/2/567 13115/192/567 13116/193/567 13114/99/567
f 13115/192/568 13117/194/568 13118/195/568 13116/193/568
f 13117/194/569 13119/196/569 13120/197/569 13118/195/569
f 13119/196/570 13121/198/570 13122/199/570 13120/197/570
f 13121/198/571 13123/200/571 13124/201/571 13122/199/571
f 13123/200/572 13125/202/572 13126/203/572 13124/201/572
f 13125/202/573 13127/204/573 13128/205/573 13126/203/573
f 13127/204/574 13129/206/574 13130/207/574 13128/205/574
f 13129/206/575 13131/208/575 13132/209/575 13130/207/575
f 13131/208/576 13133/210/576 13134/211/576 13132/209/576
f 13133/210/577 13135/212/577 13136/213/577 13134/211/577
f 13135/212/578 13137/214/578 13138/215/578 13136/213/578
f 13137/214/579 13139/216/579 13140/217/579 13138/215/579
f 13139/216/580 13141/218/580 13142/219/580 13140/217/580
f 13141/218/581 13143/220/581 13144/221/581 13142/219/581
f 13143/220/582 13081/222/582 13084/223/582 13144/221/582
f 13177/1/551 13178/36/551 13179/167/551 13180/168/551
f 13178/36/552 13181/54/552 13182/169/552 13179/167/552
f 13181/54/553 13183/74/553 13184/170/553 13182/169/553
f 13183/74/554 13185/141/554 13186/171/554 13184/170/554
f 13185/141/555 13187/151/555 13188/172/555 13186/171/555
f 13187/151/556 13189/161/556 13190/173/556 13188/172/556
f 13189/161/557 13191/174/557 13192/175/557 13190/173/557
f 13191/174/558 13193/176/558 13194/177/558 13192/175/558
f 13193/176/559 13195/178/559 13196/179/559 13194/177/559
f 13195/178/560 13197/180/560 13198/181/560 13196/179/560
f 13197/180/561 13199/182/561 13200/183/561 13198/181/561
f 13199/182/562 13201/184/562 13202/185/562 13200/183/562
f 13201/184/563 13203/186/563 13204/187/563 13202/185/563
f 13203/186/564 13205/188/564 13206/189/564 13204/187/564
f 13205/188/565 13207/190/565 13208/191/565 13206/189/565
f 13207/190/566 13209/2/566 13210/99/566 13208/191/566
f 13209/2/567 13211/192/567 13212/193/567 13210/99/567
f 13211/192/568 13213/194/568 13214/195/568 13212/193/568
f 13213/194/569 13215/196/569 13216/197/569 13214/195/569
f 13215/196/570 13217/198/570 13218/199/570 13216/197/570
f 13217/198/571 13219/200/571 13220/201/571 13218/199/571
f 13219/200/572 13221/202/572 13222/203/572 13220/201/572
f 13221/202/573 13223/204/573 13224/205/573 13222/203/573
f 13223/204/574 13225/206/574 13226/207/574 13224/205/574
f 13225/206/575 13227/208/575 13228/209/575 13226/207/575
f 13227/208/576 13229/210/576 13230/211/576 13228/209/576
f 13229/210/577 13231/212/577 13232/213/577 13230/211/577
f 13231/212/578 13233/214/578 13234/215/578 13232/213/578
f 13233/214/579 13235/216/579 13236/217/579 13234/215/579
f 13235/216/580 13237/218/580 13238/219/580 13236/217/580
f 13237/218/581 13239/220/581 13240/221/581 13238/219/581
f 13239/220/582 13177/222/582 13180/223/582 13240/221/582
f 13273/1/551 13274/36/551 13275/167/551 13276/168/551
f 13274/36/552 13277/54/552 13278/169/552 13275/167/552
f 13277/54/553 13279/74/553 13280/170/553 13278/169/553
f 13279/74/554 13281/141/554 13282/171/554 13280/170/554
f 13281/141/555 13283/151/555 13284/172/555 13282/171/555
f 13283/151/556 13285/161/556 13286/173/556 13284/172/556
f 13285/161/557 13287/174/557 13288/175/557 13286/173/557
f 13287/174/558 13289/176/558 13290/177/558 13288/175/558
f 13289/176/559 13291/178/559 13292/179/559 13290/177/559
f 13291/178/560 13293/180/560 13294/181/560 13292/179/560
f 13293/180/561 13295/182/561 13296/183/561 13294/181/561
f 13295/182/562 13297/184/562 13298/185/562 13296/183/562
f 13297/184/563 13299/186/563 13300/187/563 13298/185/563
f 13299/186/564 13301/188/564 13302/189/564 13300/187/564
f 13301/188/565 13303/190/565 13304/191/565 13302/189/565
f 13303/190/566 13305/2/566 13306/99/566 13304/191/566
f 13305/2/567 13307/192/567 13308/193/567 13306/99/567
f 13307/192/568 13309/194/568 13310/195/568 13308/193/568
f 13309/194/569 13311/196/569 13312/197/569 13310/195/569
f 13311/196/570 13313/198/570 13314/199/570 13312/197/570
f 13313/198/571 13315/200/571 13316/201/571 13314/199/571
f 13315/200/572 13317/202/572 13318/203/572 13316/201/572
f 13317/202/573 13319/204/573 13320/205/573 13318/203/573
f 13319/204/574 13321/206/574 13322/207/574 13320/205/574
f 13321/206/575 13323/208/575 13324/209/575 13322/207/575
f 13323/208/576 13325/210/576 13326/211/576 13324/209/576
f 13325/210/577 13327/212/577 13328/213/577 13326/211/577
f 13327/212/578 13329/214/578 13330/215/578 13328/213/578
f 13329/214/579 13331/216/579 13332/217/579 13330/215/579
f 13331/216/580 13333/218/580 13334/219/580 13332/217/580
f 13333/218/581 13335/220/581 13336/221/581 13334/219/581
f 13335/220/582 13273/222/582 13276/223/582 13336/221/582
f 13369/1/551 13370/36/551 13371/167/551 13372/168/551
f 13370/36/552 13373/54/552 13374/169/552 13371/167/552
f 13373/54/553 13375/74/553 13376/170/553 13374/169/553
f 13375/74/554 13377/141/554 13378/171/554 13376/170/554
f 13377/141/555 13379/151/555 13380/172/555 13378/171/555
f 13379/151/556 13381/161/556 13382/173/556 13380/172/556
f 13381/161/557 13383/174/557 13384/175/557 13382/173/557
f 13383/174/558 13385/176/558 13386/177/558 13384/175/558
f 13385/176/559 13387/178/559 13388/179/559 13386/177/559
f 13387/178/560 13389/180/560 13390/181/560 13388/179/560
f 13389/180/561 13391/182/561 13392/183/561 13390/181/561
f 13391/182/562 13393/184/562 13394/185/562 13392/183/562
f 13393/184/563 13395/186/563 13396/187/563 13394/185/563
f 13395/186/564 13397/188/564 13398/189/564 13396/187/564
f 13397/188/565 13399/190/565 13400/191/565 13398/189/565
f 13399/190/566 13401/2/566 13402/99/566 13400/191/566
f 13401/2/567 13403/192/567 13404/193/567 13402/99/567
f 13403/192/568 13405/194/568 13406/195/568 13404/193/568
f 13405/194/569 13407/196/569 13408/197/569 13406/195/569
f 13407/196/570 13409/198/570 13410/199/570 13408/197/570
f 13409/198/571 13411/200/571 13412/201/571 13410/199/571
f 13411/200/572 13413/202/572 13414/203/572 13412/201/572
f 13413/202/573 13415/204/573 13416/205/573 13414/203/573
f 13415/204/574 13417/206/574 13418/207/574 13416/205/574
f 13417/206/575 13419/208/575 13420/209/575 13418/207/575
f 13419/208/576 13421/210/576 13422/211/576 13420/209/576
f 13421/210/577 13423/212/577 13424/213/577 13422/211/577
f 13423/212/578 13425/214/578 13426/215/578 13424/213/578
f 13425/214/579 13427/216/579 13428/217/579 13426/215/579
f 13427/216/580 13429/218/580 13430/219/580 13428/217/580
f 13429/218/581 13431/220/581 13432/221/581 13430/219/581
f 13431/220/582 13369/222/582 13372/223/582 13432/221/582
f 13465/1/551 13466/36/551 13467/167/551 13468/168/551
f 13466/36/552 13469/54/552 13470/169/552 13467/167/552
f 13469/54/553 13471/74/553 13472/170/553 13470/169/553
f 13471/74/554 13473/141/554 13474/171/554 13472/170/554
f 13473/141/555 13475/151/555 13476/172/555 13474/171/555
f 13475/151/556 13477/161/556 13478/173/556 13476/172/556
f 13477/161/557 13479/174/557 13480/175/557 13478/173/557
f 13479/174/558 13481/176/558 13482/177/558 13480/175/558
f 13481/176/559 13483/178/559 13484/179/559 13482/177/559
f 13483/178/560 13485/180/560 13486/181/560 13484/179/560
f 13485/180/561 13487/182/561 13488/183/561 13486/181/561
f 13487/182/562 13489/184/562 13490/185/562 13488/183/562
f 13489/184/563 13491/186/563 13492/187/563 13490/185/563
f 13491/186/564 13493/188/564 13494/189/564 13492/187/564
f 13493/188/565 13495/190/565 13496/191/565 13494/189/565
f 13495/190/566 13497/2/566 13498/99/566 13496/191/566
f 13497/2/567 13499/192/567 13500/193/567 13498/99/567
f 13499/192/568 13501/194/568 13502/195/568 13500/193/568
f 13501/194/569 13503/196/569 13504/197/569 13502/195/569
f 13503/196/570 13505/198/570 13506/199/570 13504/197/570
f 13505/198/571 13507/200/571 13508/201/571 13506/199/571
f 13507/200/572 13509/202/572 13510/203/572 13508/201/572
f 13509/202/573 13511/204/573 13512/205/573 13510/203/573
f 13511/204/574 13513/206/574 13514/207/574 13512/205/574
f 13513/206/575 13515/208/575 13516/209/575 13514/207/575
f 13515/208/576 13517/210/576 13518/211/576 13516/209/576
f 13517/210/577 13519/212/577 13520/213/577 13518/211/577
f 13519/212/578 13521/214/578 13522/215/578 13520/213/578
f 13521/214/579 13523/216/579 13524/217/579 13522/215/579
f 13523/216/580 13525/218/580 13526/219/580 13524/217/580
f 13525/218/581 13527/220/581 13528/221/581 13526/219/581
f 13527/220/582 13465/222/582 13468/223/582 13528/221/582
f 13561/1/551 13562/36/551 13563/167/551 13564/168/551
f 13562/36/552 13565/54/552 13566/169/552 13563/167/552
f 13565/54/553 13567/74/553 13568/170/553 13566/169/553
f 13567/74/554 13569/141/554 13570/171/554 13568/170/554
f 13569/141/555 13571/151/555 13572/172/555 13570/171/555
f 13571/151/556 13573/161/556 13574/173/556 13572/172/556
f 13573/161/557 13575/174/557 13576/175/557 13574/173/557
f 13575/174/558 13577/176/558 13578/177/558 13576/175/558
f 13577/176/559 13579/178/559 13580/179/559 13578/177/559
f 13579/178/560 13581/180/560 13582/181/560 13580/179/560
f 13581/180/561 13583/182/561 13584/183/561 13582/181/561
f 13583/182/562 13585/184/562 13586/185/562 13584/183/562
f 13585/184/563 13587/186/563 13588/187/563 13586/185/563
f 13587/186/564 13589/188/564 13590/189/564 13588/187/564
f 13589/188/565 13591/190/565 13592/191/565 13590/189/565
f 13591/190/566 13593/2/566 13594/99/566 13592/191/566
f 13593/2/567 13595/192/567 13596/193/567 13594/99/567
f 13595/192/568 13597/194/568 13598/195/568 13596/193/568
f 13597/194/569 13599/196/569 13600/197/569 13598/195/569
f 13599/196/570 13601/198/570 13602/199/570 13600/197/570
f 13601/198/571 13603/200/571 13604/201/571 13602/199/571
f 13603/200/572 13605/202/572 13606/203/572 13604/201/572
f 13605/202/573 13607/204/573 13608/205/573 13606/203/573
f 13607/204/574 13609/206/574 13610/207/574 13608/205/574
f 13609/206/575 13611/208/575 13612/209/575 13610/207/575
f 13611/208/576 13613/210/576 13614/211/576 13612/209/576
f 13613/210/577 13615/212/577 13616/213/577 13614/211/577
f 13615/212/578 13617/214/578 13618/215/578 13616/213/578
f 13617/214/579 13619/216/579 13620/217/579 13618/215/579
f 13619/216/580 13621/218/580 13622/219/580 13620/217/580
f 13621/218/581 13623/220/581 13624/221/581 13622/219/581
f 13623/220/582 13561/222/582 13564/223/582 13624/221/582
f 13657/1/551 13658/36/551 13659/167/551 13660/168/551
f 13658/36/552 13661/54/552 13662/169/552 13659/167/552
f 13661/54/553 13663/74/553 13664/170/553 13662/169/553
f 13663/74/554 13665/141/554 13666/171/554 13664/170/554
f 13665/141/555 13667/151/555 13668/172/555 13666/171/555
f 13667/151/556 13669/161/556 13670/173/556 13668/172/556
f 13669/161/557 13671/174/557 13672/175/557 13670/173/557
f 13671/174/558 13673/176/558 13674/177/558 13672/175/558
f 13673/176/559 13675/178/559 13676/179/559 13674/177/559
f 13675/178/560 13677/180/560 13678/181/560 13676/179/560
f 13677/180/561 13679/182/561 13680/183/561 13678/181/561
f 13679/182/562 13681/184/562 13682/185/562 13680/183/562
f 13681/184/563 13683/186/563 13684/187/563 13682/185/563
f 13683/186/564 13685/188/564 13686/189/564 13684/187/564
f 13685/188/565 13687/190/565 13688/191/565 13686/189/565
f 13687/190/566 13689/2/566 13690/99/566 13688/191/566
f 13689/2/567 13691/192/567 13692/193/567 13690/99/567
f 13691/192/568 13693/194/568 13694/195/568 13692/193/568
f 13693/194/569 13695/196/569 13696/197/569 13694/195/569
f 13695/196/570 13697/198/570 13698/199/570 13696/197/570
f 13697/198/571 13699/200/571 13700/201/571 13698/199/571
f 13699/200/572 13701/202/572 13702/203/572 13700/201/572
f 13701/202/573 13703/204/573 13704/205/573 13702/203/573
f 13703/204/574 13705/206/574 13706/207/574 13704/205/574
f 13705/206/575 13707/208/575 13708/209/575 13706/207/575
f 13707/208/576 13709/210/576 13710/211/576 13708/209/576
f 13709/210/577 13711/212/577 13712/213/577 13710/211/577
f 13711/212/578 13713/214/578 13714/215/578 13712/213/578
f 13713/214/579 13715/216/579 13716/217/579 13714/215/579
f 13715/216/580 13717/218/580 13718/219/580 13716/217/580
f 13717/218/581 13719/220/581 13720/221/581 13718/219/581
f 13719/220/582 13657/222/582 13660/223/582 13720/221/582
f 13753/1/551 13754/36/551 13755/167/551 13756/168/551
f 13754/36/552 13757/54/552 13758/169/552 13755/167/552
f 13757/54/553 13759/74/553 13760/170/553 13758/169/553
f 13759/74/554 13761/141/554 13762/171/554 13760/170/554
f 13761/141/555 13763/151/555 13764/172/555 13762/171/555
f 13763/151/556 13765/161/556 13766/173/556 13764/172/556
f 13765/161/557 13767/174/557 13768/175/557 13766/173/557
f 13767/174/558 13769/176/558 13770/177/558 13768/175/558
f 13769/176/559 13771/178/559 13772/179/559 13770/177/559
f 13771/178/560 13773/180/560 13774/181/560 13772/179/560
f 13773/180/561 13775/182/561 13776/183/561 13774/181/561
f 13775/182/562 13777/184/562 13778/185/562 13776/183/562
f 13777/184/563 13779/186/563 13780/187/563 13778/185/563
f 13779/186/564 13781/188/564 13782/189/564 13780/187/564
f 13781/188/565 13783/190/565 13784/191/565 13782/189/565
f 13783/190/566 13785/2/566 13786/99/566 13784/191/566
f 13785/2/567 13787/192/567 13788/193/567 13786/99/567
f 13787/192/568 13789/194/568 13790/195/568 13788/193/568
f 13789/194/569 13791/196/569 13792/197/569 13790/195/569
f 13791/196/570 13793/198/570 13794/199/570 13792/197/570
f 13793/198/571 13795/200/571 13796/201/571 13794/199/571
f 13795/200/572 13797/202/572 13798/203/572 13796/201/572
f 13797/202/573 13799/204/573 13800/205/573 13798/203/573
f 13799/204/574 13801/206/574 13802/207/574 13800/205/574
f 13801/206/575 13803/208/575 13804/209/575 13802/207/575
f 13803/208/576 13805/210/576 13806/211/576 13804/209/576
f 13805/210/577 13807/212/577 13808/213/577 13806/211/577
f 13807/212/578 13809/214/578 13810/215/578 13808/213/578
f 13809/214/579 13811/216/579 13812/217/579 13810/215/579
f 13811/216/580 13813/218/580 13814/219/580 13812/217/580
f 13813/218/581 13815/220/581 13816/221/581 13814/219/581
f 13815/220/582 13753/222/582 13756/223/582 13816/221/582
o string_6
usemtl steel
f 12153/1/583 12154/24/583 12155/224/583 12156/117/583
f 12154/24/584 12157/32/584 12158/225/584 12155/224/584
f 12157/32/585 12159/40/585 12160/226/585 12158/225/585
f 12159/40/586 12161/10/586 12162/227/586 12160/226/586
f 12161/10/587 12163/54/587 12164/228/587 12162/227/587
f 12163/54/588 12165/62/588 12166/229/588 12164/228/588
f 12165/62/589 12167/70/589 12168/230/589 12166/229/589
f 12167/70/590 12169/16/590 12170/231/590 12168/230/590
f 12169/16/591 12171/137/591 12172/232/591 12170/231/591
f 12171/137/592 12173/141/592 12174/233/592 12172/232/592
f 12173/141/593 12175/145/593 12176/234/593 12174/233/593
f 12175/145/594 12177/149/594 12178/235/594 12176/234/594
f 12177/149/595 12179/153/595 12180/236/595 12178/235/595
f 12179/153/596 12181/157/596 12182/237/596 12180/236/596
f 12181/157/597 12183/161/597 12184/238/597 12182/237/597
f 12183/161/598 12185/165/598 12186/239/598 12184/238/598
f 12185/165/599 12187/240/599 12188/241/599 12186/239/599
f 12187/240/600 12189/242/600 12190/243/600 12188/241/600
f 12189/242/601 12191/244/601 12192/245/601 12190/243/601
f 12191/244/602 12193/176/602 12194/246/602 12192/245/602
f 12193/176/603 12195/247/603 12196/248/603 12194/246/603
f 12195/247/604 12197/249/604 12198/250/604 12196/248/604
f 12197/249/605 12199/251/605 12200/252/605 12198/250/605
f 12199/251/606 12201/112/606 12202/253/606 12200/252/606
f 12201/112/607 12203/180/607 12204/254/607 12202/253/607
f 12203/180/608 12205/255/608 12206/256/608 12204/254/608
f 12205/255/609 12207/257/609 12208/258/609 12206/256/609
f 12207/257/610 12209/259/610 12210/260/610 12208/258/610
f 12209/259/611 12211/261/611 12212/262/611 12210/260/611
f 12211/261/612 12213/184/612 12214/263/612 12212/262/612
f 12213/184/613 12215/264/613 12216/265/613 12214/263/613
f 12215/264/614 12153/115/614 12156/116/614 12216/265/614
f 12156/1/583 12155/24/583 12281/224/583 12282/117/583
f 12155/24/584 12158/32/584 12283/225/584 12281/224/584
f 12158/32/585 12160/40/585 12284/226/585 12283/225/585
f 12160/40/586 12162/10/586 12285/227/586 12284/226/586
f 12162/10/587 12164/54/587 12286/228/587 12285/227/587
f 12164/54/588 12166/62/588 12287/229/588 12286/228/588
f 12166/62/589 12168/70/589 12288/230/589 12287/229/589
f 12168/70/590 12170/16/590 12289/231/590 12288/230/590
f 12170/16/591 12172/137/591 12290/232/591 12289/231/591
f 12172/137/592 12174/141/592 12291/233/592 12290/232/592
f 12174/141/593 12176/145/593 12292/234/593 12291/233/593
f 12176/145/594 12178/149/594 12293/235/594 12292/234/594
f 12178/149/595 12180/153/595 12294/236/595 12293/235/595
f 12180/153/596 12182/157/596 12295/237/596 12294/236/596
f 12182/157/597 12184/161/597 12296/238/597 12295/237/597
f 12184/161/598 12186/165/598 12297/239/598 12296/238/598
f 12186/165/599 12188/240/599 12298/241/599 12297/239/599
f 12188/240/600 12190/242/600 12299/243/600 12298/241/600
f 12190/242/601 12192/244/601 12300/245/601 12299/243/601
f 12192/244/602 12194/176/602 12301/246/602 12300/245/602
f 12194/176/603 12196/247/603 12302/248/603 12301/246/603
f 12196/247/604 12198/249/604 12303/250/604 12302/248/604
f 12198/249/605 12200/251/605 12304/252/605 12303/250/605
f 12200/251/606 12202/112/606 12305/253/606 12304/252/606
f 12202/112/607 12204/180/607 12306/254/607 12305/253/607
f 12204/180/608 12206/255/608 12307/256/608 12306/254/608
f 12206/255/609 12208/257/609 12308/258/609 12307/256/609
f 12208/257/610 12210/259/610 12309/260/610 12308/258/610
f 12210/259/611 12212/261/611 12310/262/611 12309/260/611
f 12212/261/612 12214/184/612 12311/263/612 12310/262/612
f 12214/184/613 12216/264/613 12312/265/613 12311/263/613
f 12216/264/614 12156/115/614 12282/116/614 12312/265/614
f 12282/1/583 12281/24/583 12377/224/583 12378/117/583
f 12281/24/584 12283/32/584 12379/225/584 12377/224/584
f 12283/32/585 12284/40/585 12380/226/585 12379/225/585
f 12284/40/586 12285/10/586 12381/227/586 12380/226/586
f 12285/10/587 12286/54/587 12382/228/587 12381/227/587
f 12286/54/588 12287/62/588 12383/229/588 12382/228/588
f 12287/62/589 12288/70/589 12384/230/589 12383/229/589
f 12288/70/590 12289/16/590 12385/231/590 12384/230/590
f 12289/16/591 12290/137/591 12386/232/591 12385/231/591
f 12290/137/592 12291/141/592 12387/233/592 12386/232/592
f 12291/141/593 12292/145/593 12388/234/593 12387/233/593
f 12292/145/594 12293/149/594 12389/235/594 12388/234/594
f 12293/149/595 12294/153/595 12390/236/595 12389/235/595
f 12294/153/596 12295/157/596 12391/237/596 12390/236/596
f 12295/157/597 12296/161/597 12392/238/597 12391/237/597
f 12296/161/598 12297/165/598 12393/239/598 12392/238/598
f 12297/165/599 12298/240/599 12394/241/599 12393/239/599
f 12298/240/600 12299/242/600 12395/243/600 12394/241/600
f 12299/242/601 12300/244/601 12396/245/601 12395/243/601
f 12300/244/602 12301/176/602 12397/246/602 12396/245/602
f 12301/176/603 12302/247/603 12398/248/603 12397/246/603
f 12302/247/604 12303/249/604 12399/250/604 12398/248/604
f 12303/249/605 12304/251/605 12400/252/605 12399/250/605
f 12304/251/606 12305/112/606 12401/253/606 12400/252/606
f 12305/112/607 12306/180/607 12402/254/607 12401/253/607
f 12306/180/608 12307/255/608 12403/256/608 12402/254/608
f 12307/255/609 12308/257/609 12404/258/609 12403/256/609
f 12308/257/610 12309/259/610 12405/260/610 12404/258/610
f 12309/259/611 12310/261/611 12406/262/611 12405/260/611
f 12310/261/612 12311/184/612 12407/263/612 12406/262/612
f 12311/184/613 12312/264/613 12408/265/613 12407/263/613
f 12312/264/614 12282/115/614 12378/116/614 12408/265/614
f 12378/1/583 12377/24/583 12473/224/583 12474/117/583
f 12377/24/584 12379/32/584 12475/225/584 12473/224/584
f 12379/32/585 12380/40/585 12476/226/585 12475/225/585
f 12380/40/586 12381/10/586 12477/227/586 12476/226/586
f 12381/10/587 12382/54/587 12478/228/587 12477/227/587
f 12382/54/588 12383/62/588 12479/229/588 12478/228/588
f 12383/62/589 12384/70/589 12480/230/589 12479/229/589
f 12384/70/590 12385/16/590 12481/231/590 12480/230/590
f 12385/16/591 12386/137/591 12482/232/591 12481/231/591
f 12386/137/592 12387/141/592 12483/233/592 12482/232/592
f 12387/141/593 12388/145/593 12484/234/593 12483/233/593
f 12388/145/594 12389/149/594 12485/235/594 12484/234/594
f 12389/149/595 12390/153/595 12486/236/595 12485/235/595
f 12390/153/596 12391/157/596 12487/237/596 12486/236/596
f 12391/157/597 12392/161/597 12488/238/597 12487/237/597
f 12392/161/598 12393/165/598 12489/239/598 12488/238/598
f 12393/165/599 12394/240/599 12490/241/599 12489/239/599
f 12394/240/600 12395/242/600 12491/243/600 12490/241/600
f 12395/242/601 12396/244/601 12492/245/601 12491/243/601
f 12396/244/602 12397/176/602 12493/246/602 12492/245/602
f 12397/176/603 12398/247/603 12494/248/603 12493/246/603
f 12398/247/604 12399/249/604 12495/250/604 12494/248/604
f 12399/249/605 12400/251/605 12496/252/605 12495/250/605
f 12400/251/606 12401/112/606 12497/253/606 12496/252/606
f 12401/112/607 12402/180/607 12498/254/607 12497/253/607
f 12402/180/608 12403/255/608 12499/256/608 12498/254/608
f 12403/255/609 12404/257/609 12500/258/609 12499/256/609
f 12404/257/610 12405/259/610 12501/260/610 12500/258/610
f 12405/259/611 12406/261/611 12502/262/611 12501/260/611
f 12406/261/612 12407/184/612 12503/263/612 12502/262/612
f 12407/184/613 12408/264/613 12504/265/613 12503/263/613
f 12408/264/614 12378/115/614 12474/116/614 12504/265/614
f 12474/1/583 12473/24/583 12569/224/583 12570/117/583
f 12473/24/584 12475/32/584 12571/225/584 12569/224/584
f 12475/32/585 12476/40/585 12572/226/585 12571/225/585
f 12476/40/586 12477/10/586 12573/227/586 12572/226/586
f 12477/10/587 12478/54/587 12574/228/587 12573/227/587
f 12478/54/588 12479/62/588 12575/229/588 12574/228/588
f 12479/62/589 12480/70/589 12576/230/589 12575/229/589
f 12480/70/590 12481/16/590 12577/231/590 12576/230/590
f 12481/16/591 12482/137/591 12578/232/591 12577/231/591
f 12482/137/592 12483/141/592 12579/233/592 12578/232/592
f 12483/141/593 12484/145/593 12580/234/593 12579/233/593
f 12484/145/594 12485/149/594 12581/235/594 12580/234/594
f 12485/149/595 12486/153/595 12582/236/595 12581/235/595
f 12486/153/596 12487/157/596 12583/237/596 12582/236/596
f 12487/157/597 12488/161/597 12584/238/597 12583/237/597
f 12488/161/598 12489/165/598 12585/239/598 12584/238/598
f 12489/165/599 12490/240/599 12586/241/599 12585/239/599
f 12490/240/600 12491/242/600 12587/243/600 12586/241/600
f 12491/242/601 12492/244/601 12588/245/601 12587/243/601
f 12492/244/602 12493/176/602 12589/246/602 12588/245/602
f 12493/176/603 12494/247/603 12590/248/603 12589/246/603
f 12494/247/604 12495/249/604 12591/250/604 12590/248/604
f 12495/249/605 12496/251/605 12592/252/605 12591/250/605
f 12496/251/606 12497/112/606 12593/253/606 12592/252/606
f 12497/112/607 12498/180/607 12594/254/607 12593/253/607
f 12498/180/608 12499/255/608 12595/256/608 12594/254/608
f 12499/255/609 12500/257/609 12596/258/609 12595/256/609
f 12500/257/610 12501/259/610 12597/260/610 12596/258/610
f 12501/259/611 12502/261/611 12598/262/611 12597/260/611
f 12502/261/612 12503/184/612 12599/263/612 12598/262/612
f 12503/184/613 12504/264/613 12600/265/613 12599/263/613
f 12504/264/614 12474/115/614 12570/116/614 12600/265/614
f 12570/1/583 12569/24/583 12665/224/583 12666/117/583
f 12569/24/584 12571/32/584 12667/225/584 12665/224/584
f 12571/32/585 12572/40/585 12668/226/585 12667/225/585
f 12572/40/586 12573/10/586 12669/227/586 12668/226/586
f 12573/10/587 12574/54/587 12670/228/587 12669/227/587
f 12574/54/588 12575/62/588 12671/229/588 12670/228/588
f 12575/62/589 12576/70/589 12672/230/589 12671/229/589
f 12576/70/590 12577/16/590 12673/231/590 12672/230/590
f 12577/16/591 12578/137/591 12674/232/591 12673/231/591
f 12578/137/592 12579/141/592 12675/233/592 12674/232/592
f 12579/141/593 12580/145/593 12676/234/593 12675/233/593
f 12580/145/594 12581/149/594 12677/235/594 12676/234/594
f 12581/149/595 12582/153/595 12678/236/595 12677/235/595
f 12582/153/596 12583/157/596 12679/237/596 12678/236/596
f 12583/157/597 12584/161/597 12680/238/597 12679/237/597
f 12584/161/598 12585/165/598 12681/239/598 12680/238/598
f 12585/165/599 12586/240/599 12682/241/599 12681/239/599
f 12586/240/600 12587/242/600 12683/243/600 12682/241/600
f 12587/242/601 12588/244/601 12684/245/601 12683/243/601
f 12588/244/602 12589/176/602 12685/246/602 12684/245/602
f 12589/176/603 12590/247/603 12686/248/603 12685/246/603
f 12590/247/604 12591/249/604 12687/250/604 12686/248/604
f 12591/249/605 12592/251/605 12688/252/605 12687/250/605
f 12592/251/606 12593/112/606 12689/253/606 12688/252/606
f 12593/112/607 12594/180/607 12690/254/607 12689/253/607
f 12594/180/608 12595/255/608 12691/256/608 12690/254/608
f 12595/255/609 12596/257/609 12692/258/609 12691/256/609
f 12596/257/610 12597/259/610 12693/260/610 12692/258/610
f 12597/259/611 12598/261/611 12694/262/611 12693/260/611
f 12598/261/612 12599/184/612 12695/263/612 12694/262/612
f 12599/184/613 12600/264/613 12696/265/613 12695/263/613
f 12600/264/614 12570/115/614 12666/116/614 12696/265/614
f 12666/1/583 12665/24/583 12761/224/583 12762/117/583
f 12665/24/584 12667/32/584 12763/225/584 12761/224/584
f 12667/32/585 12668/40/585 12764/226/585 12763/225/585
f 12668/40/586 12669/10/586 12765/227/586 12764/226/586
f 12669/10/587 12670/54/587 12766/228/587 12765/227/587
f 12670/54/588 12671/62/588 12767/229/588 12766/228/588
f 12671/62/589 12672/70/589 12768/230/589 12767/229/589
f 12672/70/590 12673/16/590 12769/231/590 12768/230/590
f 12673/16/591 12674/137/591 12770/232/591 12769/231/591
f 12674/137/592 12675/141/592 12771/233/592 12770/232/592
f 12675/141/593 12676/145/593 12772/234/593 12771/233/593
f 12676/145/594 12677/149/594 12773/235/594 12772/234/594
f 12677/149/595 12678/153/595 12774/236/595 12773/235/595
f 12678/153/596 12679/157/596 12775/237/596 12774/236/596
f 12679/157/597 12680/161/597 12776/238/597 12775/237/597
f 12680/161/598 12681/165/598 12777/239/598 12776/238/598
f 12681/165/599 12682/240/599 12778/241/599 12777/239/599
f 12682/240/600 12683/242/600 12779/243/600 12778/241/600
f 12683/242/601 12684/244/601 12780/245/601 12779/243/601
f 12684/244/602 12685/176/602 12781/246/602 12780/245/602
f 12685/176/603 12686/247/603 12782/248/603 12781/246/603
f 12686/247/604 12687/249/604 12783/250/604 12782/248/604
f 12687/249/605 12688/251/605 12784/252/605 12783/250/605
f 12688/251/606 12689/112/606 12785/253/606 12784/252/606
f 12689/112/607 12690/180/607 12786/254/607 12785/253/607
f 12690/180/608 12691/255/608 12787/256/608 12786/254/608
f 12691/255/609 12692/257/609 12788/258/609 12787/256/609
f 12692/257/610 12693/259/610 12789/260/610 12788/258/610
f 12693/259/611 12694/261/611 12790/262/611 12789/260/611
f 12694/261/612 12695/184/612 12791/263/612 12790/262/612
f 12695/184/613 12696/264/613 12792/265/613 12791/263/613
f 12696/264/614 12666/115/614 12762/116/614 12792/265/614
f 12762/1/583 12761/24/583 12857/224/583 12858/117/583
f 12761/24/584 12763/32/584 12859/225/584 12857/224/584
f 12763/32/585 12764/40/585 12860/226/585 12859/225/585
f 12764/40/586 12765/10/586 12861/227/586 12860/226/586
f 12765/10/587 12766/54/587 12862/228/587 12861/227/587
f 12766/54/588 12767/62/588 12863/229/588 12862/228/588
f 12767/62/589 12768/70/589 12864/230/589 12863/229/589
f 12768/70/590 12769/16/590 12865/231/590 12864/230/590
f 12769/16/591 12770/137/591 12866/232/591 12865/231/591
f 12770/137/592 12771/141/592 12867/233/592 12866/232/592
f 12771/141/593 12772/145/593 12868/234/593 12867/233/593
f 12772/145/594 12773/149/594 12869/235/594 12868/234/594
f 12773/149/595 12774/153/595 12870/236/595 12869/235/595
f 12774/153/596 12775/157/596 12871/237/596 12870/236/596
f 12775/157/597 12776/161/597 12872/238/597 12871/237/597
f 12776/161/598 12777/165/598 12873/239/598 12872/238/598
f 12777/165/599 12778/240/599 12874/241/599 12873/239/599
f 12778/240/600 12779/242/600 12875/243/600 12874/241/600
f 12779/242/601 12780/244/601 12876/245/601 12875/243/601
f 12780/244/602 12781/176/602 12877/246/602 12876/245/602
f 12781/176/603 12782/247/603 12878/248/603 12877/246/603
f 12782/247/604 12783/249/604 12879/250/604 12878/248/604
f 12783/249/605 12784/251/605 12880/252/605 12879/250/605
f 12784/251/606 12785/112/606 12881/253/606 12880/252/606
f 12785/112/607 12786/180/607 12882/254/607 12881/253/607
f 12786/180/608 12787/255/608 12883/256/608 12882/254/608
f 12787/255/609 12788/257/609 12884/258/609 12883/256/609
f 12788/257/610 12789/259/610 12885/260/610 12884/258/610
f 12789/259/611 12790/261/611 12886/262/611 12885/260/611
f 12790/261/612 12791/184/612 12887/263/612 12886/262/612
f 12791/184/613 12792/264/613 12888/265/613 12887/263/613
f 12792/264/614 12762/115/614 12858/116/614 12888/265/614
f 12858/1/583 12857/24/583 12953/224/583 12954/117/583
f 12857/24/584 12859/32/584 12955/225/584 12953/224/584
f 12859/32/585 12860/40/585 12956/226/585 12955/225/585
f 12860/40/586 12861/10/586 12957/227/586 12956/226/586
f 12861/10/587 12862/54/587 12958/228/587 12957/227/587
f 12862/54/588 12863/62/588 12959/229/588 12958/228/588
f 12863/62/589 12864/70/589 12960/230/589 12959/229/589
f 12864/70/590 12865/16/590 12961/231/590 12960/230/590
f 12865/16/591 12866/137/591 12962/232/591 12961/231/591
f 12866/137/592 12867/141/592 12963/233/592 12962/232/592
f 12867/141/593 12868/145/593 12964/234/593 12963/233/593
f 12868/145/594 12869/149/594 12965/235/594 12964/234/594
f 12869/149/595 12870/153/595 12966/236/595 12965/235/595
f 12870/153/596 12871/157/596 12967/237/596 12966/236/596
f 12871/157/597 12872/161/597 12968/238/597 12967/237/597
f 12872/161/598 12873/165/598 12969/239/598 12968/238/598
f 12873/165/599 12874/240/599 12970/241/599 12969/239/599
f 12874/240/600 12875/242/600 12971/243/600 12970/241/600
f 12875/242/601 12876/244/601 12972/245/601 12971/243/601
f 12876/244/602 12877/176/602 12973/246/602 12972/245/602
f 12877/176/603 12878/247/603 12974/248/603 12973/246/603
f 12878/247/604 12879/249/604 12975/250/604 12974/248/604
f 12879/249/605 12880/251/605 12976/252/605 12975/250/605
f 12880/251/606 12881/112/606 12977/253/606 12976/252/606
f 12881/112/607 12882/180/607 12978/254/607 12977/253/607
f 12882/180/608 12883/255/608 12979/256/608 12978/254/608
f 12883/255/609 12884/257/609 12980/258/609 12979/256/609
f 12884/257/610 12885/259/610 12981/260/610 12980/258/610
f 12885/259/611 12886/261/611 12982/262/611 12981/260/611
f 12886/261/612 12887/184/612 12983/263/612 12982/262/612
f 12887/184/613 12888/264/613 12984/265/613 12983/263/613
f 12888/264/614 12858/115/614 12954/116/614 12984/265/614
f 12954/1/583 12953/24/583 13049/224/583 13050/117/583
f 12953/24/584 12955/32/584 13051/225/584 13049/224/584
f 12955/32/585 12956/40/585 13052/226/585 13051/225/585
f 12956/40/586 12957/10/586 13053/227/586 13052/226/586
f 12957/10/587 12958/54/587 13054/228/587 13053/227/587
f 12958/54/588 12959/62/588 13055/229/588 13054/228/588
f 12959/62/589 12960/70/589 13056/230/589 13055/229/589
f 12960/70/590 12961/16/590 13057/231/590 13056/230/590
f 12961/16/591 12962/137/591 13058/232/591 13057/231/591
f 12962/137/592 12963/141/592 13059/233/592 13058/232/592
f 12963/141/593 12964/145/593 13060/234/593 13059/233/593
f 12964/145/594 12965/149/594 13061/235/594 13060/234/594
f 12965/149/595 12966/153/595 13062/236/595 13061/235/595
f 12966/153/596 12967/157/596 13063/237/596 13062/236/596
f 12967/157/597 12968/161/597 13064/238/597 13063/237/597
f 12968/161/598 12969/165/598 13065/239/598 13064/238/598
f 12969/165/599 12970/240/599 13066/241/599 13065/239/599
f 12970/240/600 12971/242/600 13067/243/600 13066/241/600
f 12971/242/601 12972/244/601 13068/245/601 13067/243/601
f 12972/244/602 12973/176/602 13069/246/602 13068/245/602
f 12973/176/603 12974/247/603 13070/248/603 13069/246/603
f 12974/247/604 12975/249/604 13071/250/604 13070/248/604
f 12975/249/605 12976/251/605 13072/252/605 13071/250/605
f 12976/251/606 12977/112/606 13073/253/606 13072/252/606
f 12977/112/607 12978/180/607 13074/254/607 13073/253/607
f 12978/180/608 12979/255/608 13075/256/608 13074/254/608
f 12979/255/609 12980/257/609 13076/258/609 13075/256/609
f 12980/257/610 12981/259/610 13077/260/610 13076/258/610
f 12981/259/611 12982/261/611 13078/262/611 13077/260/611
f 12982/261/612 12983/184/612 13079/263/612 13078/262/612
f 12983/184/613 12984/264/613 13080/265/613 13079/263/613
f 12984/264/614 12954/115/614 13050/116/614 13080/265/614
f 13050/1/583 13049/24/583 13145/224/583 13146/117/583
f 13049/24/584 13051/32/584 13147/225/584 13145/224/584
f 13051/32/585 13052/40/585 13148/226/585 13147/225/585
f 13052/40/586 13053/10/586 13149/227/586 13148/226/586
f 13053/10/587 13054/54/587 13150/228/587 13149/227/587
f 13054/54/588 13055/62/588 13151/229/588 13150/228/588
f 13055/62/589 13056/70/589 13152/230/589 13151/229/589
f 13056/70/590 13057/16/590 13153/231/590 13152/230/590
f 13057/16/591 13058/137/591 13154/232/591 13153/231/591
f 13058/137/592 13059/141/592 13155/233/592 13154/232/592
f 13059/141/593 13060/145/593 13156/234/593 13155/233/593
f 13060/145/594 13061/149/594 13157/235/594 13156/234/594
f 13061/149/595 13062/153/595 13158/236/595 13157/235/595
f 13062/153/596 13063/157/596 13159/237/596 13158/236/596
f 13063/157/597 13064/161/597 13160/238/597 13159/237/597
f 13064/161/598 13065/165/598 13161/239/598 13160/238/598
f 13065/165/599 13066/240/599 13162/241/599 13161/239/599
f 13066/240/600 13067/242/600 13163/243/600 13162/241/600
f 13067/242/601 13068/244/601 13164/245/601 13163/243/601
f 13068/244/602 13069/176/602 13165/246/602 13164/245/602
f 13069/176/603 13070/247/603 13166/248/603 13165/246/603
f 13070/247/604 13071/249/604 13167/250/604 13166/248/604
f 13071/249/605 13072/251/605 13168/252/605 13167/250/605
f 13072/251/606 13073/112/606 13169/253/606 13168/252/606
f 13073/112/607 13074/180/607 13170/254/607 13169/253/607
f 13074/180/608 13075/255/608 13171/256/608 13170/254/608
f 13075/255/609 13076/257/609 13172/258/609 13171/256/609
f 13076/257/610 13077/259/610 13173/260/610 13172/258/610
f 13077/259/611 13078/261/611 13174/262/611 13173/260/611
f 13078/261/612 13079/184/612 13175/263/612 13174/262/612
f 13079/184/613 13080/264/613 13176/265/613 13175/263/613
f 13080/264/614 13050/115/614 13146/116/614 13176/265/614
f 13146/1/583 13145/24/583 13241/224/583 13242/117/583
f 13145/24/584 13147/32/584 13243/225/584 13241/224/584
f 13147/32/585 13148/40/585 13244/226/585 13243/225/585
f 13148/40/586 13149/10/586 13245/227/586 13244/226/586
f 13149/10/587 13150/54/587 13246/228/587 13245/227/587
f 13150/54/588 13151/62/588 13247/229/588 13246/228/588
f 13151/62/589 13152/70/589 13248/230/589 13247/229/589
f 13152/70/590 13153/16/590 13249/231/590 13248/230/590
f 13153/16/591 13154/137/591 13250/232/591 13249/231/591
f 13154/137/592 13155/141/592 13251/233/592 13250/232/592
f 13155/141/593 13156/145/593 13252/234/593 13251/233/593
f 13156/145/594 13157/149/594 13253/235/594 13252/234/594
f 13157/149/595 13158/153/595 13254/236/595 13253/235/595
f 13158/153/596 13159/157/596 13255/237/596 13254/236/596
f 13159/157/597 13160/161/597 13256/238/597 13255/237/597
f 13160/161/598 13161/165/598 13257/239/598 13256/238/598
f 13161/165/599 13162/240/599 13258/241/599 13257/239/599
f 13162/240/600 13163/242/600 13259/243/600 13258/241/600
f 13163/242/601 13164/244/601 13260/245/601 13259/243/601
f 13164/244/602 13165/176/602 13261/246/602 13260/245/602
f 13165/176/603 13166/247/603 13262/248/603 13261/246/603
f 13166/247/604 13167/249/604 13263/250/604 13262/248/604
f 13167/249/605 13168/251/605 13264/252/605 13263/250/605
f 13168/251/606 13169/112/606 13265/253/606 13264/252/606
f 13169/112/607 13170/180/607 13266/254/607 13265/253/607
f 13170/180/608 13171/255/608 13267/256/608 13266/254/608
f 13171/255/609 13172/257/609 13268/258/609 13267/256/609
f 13172/257/610 13173/259/610 13269/260/610 13268/258/610
f 13173/259/611 13174/261/611 13270/262/611 13269/260/611
f 13174/261/612 13175/184/612 13271/263/612 13270/262/612
f 13175/184/613 13176/264/613 13272/265/613 13271/263/613
f 13176/264/614 13146/115/614 13242/116/614 13272/265/614
f 13242/1/583 13241/24/583 13337/224/583 13338/117/583
f 13241/24/584 13243/32/584 13339/225/584 13337/224/584
f 13243/32/585 13244/40/585 13340/226/585 13339/225/585
f 13244/40/586 13245/10/586 13341/227/586 13340/226/586
f 13245/10/587 13246/54/587 13342/228/587 13341/227/587
f 13246/54/588 13247/62/588 13343/229/588 13342/228/588
f 13247/62/589 13248/70/589 13344/230/589 13343/229/589
f 13248/70/590 13249/16/590 13345/231/590 13344/230/590
f 13249/16/591 13250/137/591 13346/232/591 13345/231/591
f 13250/137/592 13251/141/592 13347/233/592 13346/232/592
f 13251/141/593 13252/145/593 13348/234/593 13347/233/593
f 13252/145/594 13253/149/594 13349/235/594 13348/234/594
f 13253/149/595 13254/153/595 13350/236/595 13349/235/595
f 13254/153/596 13255/157/596 13351/237/596 13350/236/596
f 13255/157/597 13256/161/597 13352/238/597 13351/237/597
f 13256/161/598 13257/165/598 13353/239/598 13352/238/598
f 13257/165/599 13258/240/599 13354/241/599 13353/239/599
f 13258/240/600 13259/242/600 13355/243/600 13354/241/600
f 13259/242/601 13260/244/601 13356/245/601 13355/243/601
f 13260/244/602 13261/176/602 13357/246/602 13356/245/602
f 13261/176/603 13262/247/603 13358/248/603 13357/246/603
f 13262/247/604 13263/249/604 13359/250/604 13358/248/604
f 13263/249/605 13264/251/605 13360/252/605 13359/250/605
f 13264/251/606 13265/112/606 13361/253/606 13360/252/606
f 13265/112/607 13266/180/607 13362/254/607 13361/253/607
f 13266/180/608 13267/255/608 13363/256/608 13362/254/608
f 13267/255/609 13268/257/609 13364/258/609 13363/256/609
f 13268/257/610 13269/259/610 13365/260/610 13364/258/610
f 13269/259/611 13270/261/611 13366/262/611 13365/260/611
f 13270/261/612 13271/184/612 13367/263/612 13366/262/612
f 13271/184/613 13272/264/613 13368/265/613 13367/263/613
f 13272/264/614 13242/115/614 13338/116/614 13368/265/614
f 13338/1/583 13337/24/583 13433/224/583 13434/117/583
f 13337/24/584 13339/32/584 13435/225/584 13433/224/584
f 13339/32/585 13340/40/585 13436/226/585 13435/225/585
f 13340/40/586 13341/10/586 13437/227/586 13436/226/586
f 13341/10/587 13342/54/587 13438/228/587 13437/227/587
f 13342/54/588 13343/62/588 13439/229/588 13438/228/588
f 13343/62/589 13344/70/589 13440/230/589 13439/229/589
f 13344/70/590 13345/16/590 13441/231/590 13440/230/590
f 13345/16/591 13346/137/591 13442/232/591 13441/231/591
f 13346/137/592 13347/141/592 13443/233/592 13442/232/592
f 13347/141/593 13348/145/593 13444/234/593 13443/233/593
f 13348/145/594 13349/149/594 13445/235/594 13444/234/594
f 13349/149/595 13350/153/595 13446/236/595 13445/235/595
f 13350/153/596 13351/157/596 13447/237/596 13446/236/596
f 13351/157/597 13352/161/597 13448/238/597 13447/237/597
f 13352/161/598 13353/165/598 13449/239/598 13448/238/598
f 13353/165/599 13354/240/599 13450/241/599 13449/239/599
f 13354/240/600 13355/242/600 13451/243/600 13450/241/600
f 13355/242/601 13356/244/601 13452/245/601 13451/243/601
f 13356/244/602 13357/176/602 13453/246/602 13452/245/602
f 13357/176/603 13358/247/603 13454/248/603 13453/246/603
f 13358/247/604 13359/249/604 13455/250/604 13454/248/604
f 13359/249/605 13360/251/605 13456/252/605 13455/250/605
f 13360/251/606 13361/112/606 13457/253/606 13456/252/606
f 13361/112/607 13362/180/607 13458/254/607 13457/253/607
f 13362/180/608 13363/255/608 13459/256/608 13458/254/608
f 13363/255/609 13364/257/609 13460/258/609 13459/256/609
f 13364/257/610 13365/259/610 13461/260/610 13460/258/610
f 13365/259/611 13366/261/611 13462/262/611 13461/260/611
f 13366/261/612 13367/184/612 13463/263/612 13462/262/612
f 13367/184/613 13368/264/613 13464/265/613 13463/263/613
f 13368/264/614 13338/115/614 13434/116/614 13464/265/614
f 13434/1/583 13433/24/583 13529/224/583 13530/117/583
f 13433/24/584 13435/32/584 13531/225/584 13529/224/584
f 13435/32/585 13436/40/585 13532/226/585 13531/225/585
f 13436/40/586 13437/10/586 13533/227/586 13532/226/586
f 13437/10/587 13438/54/587 13534/228/587 13533/227/587
f 13438/54/588 13439/62/588 13535/229/588 13534/228/588
f 13439/62/589 13440/70/589 13536/230/589 13535/229/589
f 13440/70/590 13441/16/590 13537/231/590 13536/230/590
f 13441/16/591 13442/137/591 13538/232/591 13537/231/591
f 13442/137/592 13443/141/592 13539/233/592 13538/232/592
f 13443/141/593 13444/145/593 13540/234/593 13539/233/593
f 13444/145/594 13445/149/594 13541/235/594 13540/234/594
f 13445/149/595 13446/153/595 13542/236/595 13541/235/595
f 13446/153/596 13447/157/596 13543/237/596 13542/236/596
f 13447/157/597 13448/161/597 13544/238/597 13543/237/597
f 13448/161/598 13449/165/598 13545/239/598 13544/238/598
f 13449/165/599 13450/240/599 13546/241/599 13545/239/599
f 13450/240/600 13451/242/600 13547/243/600 13546/241/600
f 13451/242/601 13452/244/601 13548/245/601 13547/243/601
f 13452/244/602 13453/176/602 13549/246/602 13548/245/602
f 13453/176/603 13454/247/603 13550/248/603 13549/246/603
f 13454/247/604 13455/249/604 13551/250/604 13550/248/604
f 13455/249/605 13456/251/605 13552/252/605 13551/250/605
f 13456/251/606 13457/112/606 13553/253/606 13552/252/606
f 13457/112/607 13458/180/607 13554/254/607 13553/253/607
f 13458/180/608 13459/255/608 13555/256/608 13554/254/608
f 13459/255/609 13460/257/609 13556/258/609 13555/256/609
f 13460/257/610 13461/259/610 13557/260/610 13556/258/610
f 13461/259/611 13462/261/611 13558/262/611 13557/260/611
f 13462/261/612 13463/184/612 13559/263/612 13558/262/612
f 13463/184/613 13464/264/613 13560/265/613 13559/263/613
f 13464/264/614 13434/115/614 13530/116/614 13560/265/614
f 13530/1/583 13529/24/583 13625/224/583 13626/117/583
f 13529/24/584 13531/32/584 13627/225/584 13625/224/584
f 13531/32/585 13532/40/585 13628/226/585 13627/225/585
f 13532/40/586 13533/10/586 13629/227/586 13628/226/586
f 13533/10/587 13534/54/587 13630/228/587 13629/227/587
f 13534/54/588 13535/62/588 13631/229/588 13630/228/588
f 13535/62/589 13536/70/589 13632/230/589 13631/229/589
f 13536/70/590 13537/16/590 13633/231/590 13632/230/590
f 13537/16/591 13538/137/591 13634/232/591 13633/231/591
f 13538/137/592 13539/141/592 13635/233/592 13634/232/592
f 13539/141/593 13540/145/593 13636/234/593 13635/233/593
f 13540/145/594 13541/149/594 13637/235/594 13636/234/594
f 13541/149/595 13542/153/595 13638/236/595 13637/235/595
f 13542/153/596 13543/157/596 13639/237/596 13638/236/596
f 13543/157/597 13544/161/597 13640/238/597 13639/237/597
f 13544/161/598 13545/165/598 13641/239/598 13640/238/598
f 13545/165/599 13546/240/599 13642/241/599 13641/239/599
f 13546/240/600 13547/242/600 13643/243/600 13642/241/600
f 13547/242/601 13548/244/601 13644/245/601 13643/243/601
f 13548/244/602 13549/176/602 13645/246/602 13644/245/602
f 13549/176/603 13550/247/603 13646/248/603 13645/246/603
f 13550/247/604 13551/249/604 13647/250/604 13646/248/604
f 13551/249/605 13552/251/605 13648/252/605 13647/250/605
f 13552/251/606 13553/112/606 13649/253/606 13648/252/606
f 13553/112/607 13554/180/607 13650/254/607 13649/253/607
f 13554/180/608 13555/255/608 13651/256/608 13650/254/608
f 13555/255/609 13556/257/609 13652/258/609 13651/256/609
f 13556/257/610 13557/259/610 13653/260/610 13652/258/610
f 13557/259/611 13558/261/611 13654/262/611 13653/260/611
f 13558/261/612 13559/184/612 13655/263/612 13654/262/612
f 13559/184/613 13560/264/613 13656/265/613 13655/263/613
f 13560/264/614 13530/115/614 13626/116/614 13656/265/614
f 13626/1/583 13625/24/583 13721/224/583 13722/117/583
f 13625/24/584 13627/32/584 13723/225/584 13721/224/584
f 13627/32/585 13628/40/585 13724/226/585 13723/225/585
f 13628/40/586 13629/10/586 13725/227/586 13724/226/586
f 13629/10/587 13630/54/587 13726/228/587 13725/227/587
f 13630/54/588 13631/62/588 13727/229/588 13726/228/588
f 13631/62/589 13632/70/589 13728/230/589 13727/229/589
f 13632/70/590 13633/16/590 13729/231/590 13728/230/590
f 13633/16/591 13634/137/591 13730/232/591 13729/231/591
f 13634/137/592 13635/141/592 13731/233/592 13730/232/592
f 13635/141/593 13636/145/593 13732/234/593 13731/233/593
f 13636/145/594 13637/149/594 13733/235/594 13732/234/594
f 13637/149/595 13638/153/595 13734/236/595 13733/235/595
f 13638/153/596 13639/157/596 13735/237/596 13734/236/596
f 13639/157/597 13640/161/597 13736/238/597 13735/237/597
f 13640/161/598 13641/165/598 13737/239/598 13736/238/598
f 13641/165/599 13642/240/599 13738/241/599 13737/239/599
f 13642/240/600 13643/242/600 13739/243/600 13738/241/600
f 13643/242/601 13644/244/601 13740/245/601 13739/243/601
f 13644/244/602 13645/176/602 13741/246/602 13740/245/602
f 13645/176/603 13646/247/603 13742/248/603 13741/246/603
f 13646/247/604 13647/249/604 13743/250/604 13742/248/604
f 13647/249/605 13648/251/605 13744/252/605 13743/250/605
f 13648/251/606 13649/112/606 13745/253/606 13744/252/606
f 13649/112/607 13650/180/607 13746/254/607 13745/253/607
f 13650/180/608 13651/255/608 13747/256/608 13746/254/608
f 13651/255/609 13652/257/609 13748/258/609 13747/256/609
f 13652/257/610 13653/259/610 13749/260/610 13748/258/610
f 13653/259/611 13654/261/611 13750/262/611 13749/260/611
f 13654/261/612 13655/184/612 13751/263/612 13750/262/612
f 13655/184/613 13656/264/613 13752/265/613 13751/263/613
f 13656/264/614 13626/115/614 13722/116/614 13752/265/614
f 13722/1/583 13721/24/583 13817/224/583 13818/117/583
f 13721/24/584 13723/32/584 13819/225/584 13817/224/584
f 13723/32/585 13724/40/585 13820/226/585 13819/225/585
f 13724/40/586 13725/10/586 13821/227/586 13820/226/586
f 13725/10/587 13726/54/587 13822/228/587 13821/227/587
f 13726/54/588 13727/62/588 13823/229/588 13822/228/588
f 13727/62/589 13728/70/589 13824/230/589 13823/229/589
f 13728/70/590 13729/16/590 13825/231/590 13824/230/590
f 13729/16/591 13730/137/591 13826/232/591 13825/231/591
f 13730/137/592 13731/141/592 13827/233/592 13826/232/592
f 13731/141/593 13732/145/593 13828/234/593 13827/233/593
f 13732/145/594 13733/149/594 13829/235/594 13828/234/594
f 13733/149/595 13734/153/595 13830/236/595 13829/235/595
f 13734/153/596 13735/157/596 13831/237/596 13830/236/596
f 13735/157/597 13736/161/597 13832/238/597 13831/237/597
f 13736/161/598 13737/165/598 13833/239/598 13832/238/598
f 13737/165/599 13738/240/599 13834/241/599 13833/239/599
f 13738/240/600 13739/242/600 13835/243/600 13834/241/600
f 13739/242/601 13740/244/601 13836/245/601 13835/243/601
f 13740/244/602 13741/176/602 13837/246/602 13836/245/602
f 13741/176/603 13742/247/603 13838/248/603 13837/246/603
f 13742/247/604 13743/249/604 13839/250/604 13838/248/604
f 13743/249/605 13744/251/605 13840/252/605 13839/250/605
f 13744/251/606 13745/112/606 13841/253/606 13840/252/606
f 13745/112/607 13746/180/607 13842/254/607 13841/253/607
f 13746/180/608 13747/255/608 13843/256/608 13842/254/608
f 13747/255/609 13748/257/609 13844/258/609 13843/256/609
f 13748/257/610 13749/259/610 13845/260/610 13844/258/610
f 13749/259/611 13750/261/611 13846/262/611 13845/260/611
f 13750/261/612 13751/184/612 13847/263/612 13846/262/612
f 13751/184/613 13752/264/613 13848/265/613 13847/263/613
f 13752/264/614 13722/115/614 13818/116/614 13848/265/614
f 13849/1/1 13850/165/1 13851/166/1 13852/119/1
f 13853/119/2 13854/166/2 13855/165/2 13856/1/2
f 13852/165/3 13851/1/3 13854/119/3 13853/166/3
f 13850/165/4 13849/1/4 13856/119/4 13855/166/4
f 13849/165/5 13852/1/5 13853/119/5 13856/166/5
f 13851/165/6 13850/1/6 13855/119/6 13854/166/6
o stay
usemtl steel
f 13857/1/615 13858/115/615 13859/116/615 13860/117/615
f 13861/1/616 13862/115/616 13863/116/616 13864/117/616
f 13857/1/617 13860/115/617 13862/116/617 13861/117/617
f 13858/1/618 13864/115/618 13863/116/618 13859/117/618
f 13857/1/619 13861/115/619 13864/116/619 13858/117/619
f 13860/1/620 13859/115/620 13863/116/620 13862/117/620
f 13873/1/621 13874/115/621 13875/116/621 13876/117/621
f 13877/1/622 13878/115/622 13879/116/622 13880/117/622
f 13873/1/617 13876/115/617 13878/116/617 13877/117/617
f 13874/1/618 13880/115/618 13879/116/618 13875/117/618
f 13873/1/623 13877/115/623 13880/116/623 13874/117/623
f 13876/1/624 13875/115/624 13879/116/624 13878/117/624
o stay
usemtl concrete
f 13865/1/1 13866/2/1 13867/3/1 13868/4/1
f 13869/4/2 13870/3/2 13871/2/2 13872/1/2
f 13868/2/3 13867/1/3 13870/4/3 13869/3/3
f 13866/2/4 13865/1/4 13872/4/4 13871/3/4
f 13865/2/5 13868/1/5 13869/4/5 13872/3/5
f 13867/2/6 13866/1/6 13871/4/6 13870/3/6
f 13881/1/1 13882/2/1 13883/3/1 13884/4/1
f 13885/4/2 13886/3/2 13887/2/2 13888/1/2
f 13884/2/3 13883/1/3 13886/4/3 13885/3/3
f 13882/2/4 13881/1/4 13888/4/4 13887/3/4
f 13881/2/5 13884/1/5 13885/4/5 13888/3/5
f 13883/2/6 13882/1/6 13887/4/6 13886/3/6
o plate
usemtl sign
f 13889/1/1 13890/222/1 13891/223/1 13892/168/1
f 13893/168/2 13894/223/2 13895/222/2 13896/1/2
f 13892/222/3 13891/1/3 13894/168/3 13893/223/3
f 13890/222/4 13889/1/4 13896/168/4 13895/223/4
f 13889/222/5 13892/1/5 13893/168/5 13896/223/5
f 13891/222/6 13890/1/6 13895/168/6 13894/223/6
