# generated by tools/gen_cab_models.py - do not edit by hand
mtllib cab.mtl
v -0.585000 0.000000 -1.195000
v 0.585000 0.000000 -1.195000
v 0.585000 0.000000 1.195000
v -0.585000 0.000000 1.195000
v -0.585000 0.140000 1.195000
v 0.585000 0.140000 1.195000
v 0.585000 0.140000 -1.195000
v -0.585000 0.140000 -1.195000
v -0.568000 0.140000 -1.178000
v 0.568000 0.140000 -1.178000
v 0.568000 0.140000 1.178000
v -0.568000 0.140000 1.178000
v -0.568000 0.160000 1.178000
v 0.568000 0.160000 1.178000
v 0.568000 0.160000 -1.178000
v -0.568000 0.160000 -1.178000
v -0.550000 0.160000 -1.160000
v 0.550000 0.160000 -1.160000
v 0.550000 0.160000 1.160000
v -0.550000 0.160000 1.160000
v -0.550000 2.550000 1.160000
v 0.550000 2.550000 1.160000
v 0.550000 2.550000 -1.160000
v -0.550000 2.550000 -1.160000
v -0.574000 0.162000 -1.184000
v -0.552000 0.162000 -1.184000
v -0.552000 0.162000 -1.162000
v -0.574000 0.162000 -1.162000
v -0.574000 2.550000 -1.162000
v -0.552000 2.550000 -1.162000
v -0.552000 2.550000 -1.184000
v -0.574000 2.550000 -1.184000
v -0.574000 0.162000 1.162000
v -0.552000 0.162000 1.162000
v -0.552000 0.162000 1.184000
v -0.574000 0.162000 1.184000
v -0.574000 2.550000 1.184000
v -0.552000 2.550000 1.184000
v -0.552000 2.550000 1.162000
v -0.574000 2.550000 1.162000
v 0.552000 0.162000 -1.184000
v 0.574000 0.162000 -1.184000
v 0.574000 0.162000 -1.162000
v 0.552000 0.162000 -1.162000
v 0.552000 2.550000 -1.162000
v 0.574000 2.550000 -1.162000
v 0.574000 2.550000 -1.184000
v 0.552000 2.550000 -1.184000
v 0.552000 0.162000 1.162000
v 0.574000 0.162000 1.162000
v 0.574000 0.162000 1.184000
v 0.552000 0.162000 1.184000
v 0.552000 2.550000 1.184000
v 0.574000 2.550000 1.184000
v 0.574000 2.550000 1.162000
v 0.552000 2.550000 1.162000
v -0.564000 0.160000 -0.712000
v -0.552000 0.160000 -0.712000
v -0.552000 0.160000 -0.680000
v -0.564000 0.160000 -0.680000
v -0.564000 2.530000 -0.680000
v -0.552000 2.530000 -0.680000
v -0.552000 2.530000 -0.712000
v -0.564000 2.530000 -0.712000
v 0.552000 0.160000 -0.712000
v 0.564000 0.160000 -0.712000
v 0.564000 0.160000 -0.680000
v 0.552000 0.160000 -0.680000
v 0.552000 2.530000 -0.680000
v 0.564000 2.530000 -0.680000
v 0.564000 2.530000 -0.712000
v 0.552000 2.530000 -0.712000
v -0.564000 0.160000 -0.248000
v -0.552000 0.160000 -0.248000
v -0.552000 0.160000 -0.216000
v -0.564000 0.160000 -0.216000
v -0.564000 2.530000 -0.216000
v -0.552000 2.530000 -0.216000
v -0.552000 2.530000 -0.248000
v -0.564000 2.530000 -0.248000
v 0.552000 0.160000 -0.248000
v 0.564000 0.160000 -0.248000
v 0.564000 0.160000 -0.216000
v 0.552000 0.160000 -0.216000
v 0.552000 2.530000 -0.216000
v 0.564000 2.530000 -0.216000
v 0.564000 2.530000 -0.248000
v 0.552000 2.530000 -0.248000
v -0.564000 0.160000 0.216000
v -0.552000 0.160000 0.216000
v -0.552000 0.160000 0.248000
v -0.564000 0.160000 0.248000
v -0.564000 2.530000 0.248000
v -0.552000 2.530000 0.248000
v -0.552000 2.530000 0.216000
v -0.564000 2.530000 0.216000
v 0.552000 0.160000 0.216000
v 0.564000 0.160000 0.216000
v 0.564000 0.160000 0.248000
v 0.552000 0.160000 0.248000
v 0.552000 2.530000 0.248000
v 0.564000 2.530000 0.248000
v 0.564000 2.530000 0.216000
v 0.552000 2.530000 0.216000
v -0.564000 0.160000 0.680000
v -0.552000 0.160000 0.680000
v -0.552000 0.160000 0.712000
v -0.564000 0.160000 0.712000
v -0.564000 2.530000 0.712000
v -0.552000 2.530000 0.712000
v -0.552000 2.530000 0.680000
v -0.564000 2.530000 0.680000
v 0.552000 0.160000 0.680000
v 0.564000 0.160000 0.680000
v 0.564000 0.160000 0.712000
v 0.552000 0.160000 0.712000
v 0.552000 2.530000 0.712000
v 0.564000 2.530000 0.712000
v 0.564000 2.530000 0.680000
v 0.552000 2.530000 0.680000
v -0.600000 2.550000 -1.210000
v 0.600000 2.550000 -1.210000
v 0.600000 2.550000 1.210000
v -0.600000 2.550000 1.210000
v -0.600000 2.720000 1.210000
v 0.600000 2.720000 1.210000
v 0.600000 2.720000 -1.210000
v -0.600000 2.720000 -1.210000
v -0.600000 2.720000 1.140000
v 0.600000 2.720000 1.140000
v -0.600000 2.775000 1.210000
v 0.600000 2.775000 1.210000
v 0.600000 2.775000 1.140000
v -0.600000 2.775000 1.140000
v -0.530000 2.720000 -1.210000
v -0.530000 2.720000 1.210000
v -0.530000 2.775000 1.210000
v -0.530000 2.775000 -1.210000
v -0.600000 2.775000 -1.210000
v 0.530000 2.720000 -1.210000
v 0.530000 2.720000 1.210000
v 0.530000 2.775000 1.210000
v 0.600000 2.775000 -1.210000
v 0.530000 2.775000 -1.210000
v -0.600000 2.522000 -1.210000
v 0.600000 2.522000 -1.210000
v 0.600000 2.522000 -1.192000
v -0.600000 2.522000 -1.192000
v -0.600000 2.554000 -1.192000
v 0.600000 2.554000 -1.192000
v 0.600000 2.554000 -1.210000
v -0.600000 2.554000 -1.210000
v -0.477600 2.727440 -1.060000
v -0.478544 2.727440 -1.055255
v -0.478544 2.720000 -1.055255
v -0.477600 2.720000 -1.060000
v -0.481232 2.727440 -1.051232
v -0.481232 2.720000 -1.051232
v -0.485255 2.727440 -1.048544
v -0.485255 2.720000 -1.048544
v -0.490000 2.727440 -1.047600
v -0.490000 2.720000 -1.047600
v -0.494745 2.727440 -1.048544
v -0.494745 2.720000 -1.048544
v -0.498768 2.727440 -1.051232
v -0.498768 2.720000 -1.051232
v -0.501456 2.727440 -1.055255
v -0.501456 2.720000 -1.055255
v -0.502400 2.727440 -1.060000
v -0.502400 2.720000 -1.060000
v -0.501456 2.727440 -1.064745
v -0.501456 2.720000 -1.064745
v -0.498768 2.727440 -1.068768
v -0.498768 2.720000 -1.068768
v -0.494745 2.727440 -1.071456
v -0.494745 2.720000 -1.071456
v -0.490000 2.727440 -1.072400
v -0.490000 2.720000 -1.072400
v -0.485255 2.727440 -1.071456
v -0.485255 2.720000 -1.071456
v -0.481232 2.727440 -1.068768
v -0.481232 2.720000 -1.068768
v -0.478544 2.727440 -1.064745
v -0.478544 2.720000 -1.064745
v -0.491171 2.733325 -1.060000
v -0.490585 2.730382 -1.054804
v -0.483494 2.731734 -1.054804
v -0.484642 2.734506 -1.060000
v -0.489415 2.724498 -1.054804
v -0.481198 2.726191 -1.054804
v -0.488829 2.721555 -1.060000
v -0.480050 2.723419 -1.060000
v -0.489415 2.724498 -1.065196
v -0.481198 2.726191 -1.065196
v -0.490585 2.730382 -1.065196
v -0.483494 2.731734 -1.065196
v -0.477979 2.735419 -1.054804
v -0.480101 2.737541 -1.060000
v -0.473737 2.731177 -1.054804
v -0.471615 2.729055 -1.060000
v -0.473737 2.731177 -1.065196
v -0.477979 2.735419 -1.065196
v -0.474294 2.740934 -1.054804
v -0.477066 2.742082 -1.060000
v -0.468751 2.738638 -1.054804
v -0.465979 2.737490 -1.060000
v -0.468751 2.738638 -1.065196
v -0.474294 2.740934 -1.065196
v -0.473000 2.747440 -1.054804
v -0.476000 2.747440 -1.060000
v -0.467000 2.747440 -1.054804
v -0.464000 2.747440 -1.060000
v -0.467000 2.747440 -1.065196
v -0.473000 2.747440 -1.065196
v -0.474294 2.753946 -1.054804
v -0.477066 2.752798 -1.060000
v -0.468751 2.756242 -1.054804
v -0.465979 2.757390 -1.060000
v -0.468751 2.756242 -1.065196
v -0.474294 2.753946 -1.065196
v -0.477979 2.759461 -1.054804
v -0.480101 2.757339 -1.060000
v -0.473737 2.763703 -1.054804
v -0.471615 2.765825 -1.060000
v -0.473737 2.763703 -1.065196
v -0.477979 2.759461 -1.065196
v -0.483494 2.763146 -1.054804
v -0.484642 2.760374 -1.060000
v -0.481198 2.768689 -1.054804
v -0.480050 2.771461 -1.060000
v -0.481198 2.768689 -1.065196
v -0.483494 2.763146 -1.065196
v -0.490000 2.764440 -1.054804
v -0.490000 2.761440 -1.060000
v -0.490000 2.770440 -1.054804
v -0.490000 2.773440 -1.060000
v -0.490000 2.770440 -1.065196
v -0.490000 2.764440 -1.065196
v -0.496506 2.763146 -1.054804
v -0.495358 2.760374 -1.060000
v -0.498802 2.768689 -1.054804
v -0.499950 2.771461 -1.060000
v -0.498802 2.768689 -1.065196
v -0.496506 2.763146 -1.065196
v -0.502021 2.759461 -1.054804
v -0.499899 2.757339 -1.060000
v -0.506263 2.763703 -1.054804
v -0.508385 2.765825 -1.060000
v -0.506263 2.763703 -1.065196
v -0.502021 2.759461 -1.065196
v -0.505706 2.753946 -1.054804
v -0.502934 2.752798 -1.060000
v -0.511249 2.756242 -1.054804
v -0.514021 2.757390 -1.060000
v -0.511249 2.756242 -1.065196
v -0.505706 2.753946 -1.065196
v -0.507000 2.747440 -1.054804
v -0.504000 2.747440 -1.060000
v -0.513000 2.747440 -1.054804
v -0.516000 2.747440 -1.060000
v -0.513000 2.747440 -1.065196
v -0.507000 2.747440 -1.065196
v -0.505706 2.740934 -1.054804
v -0.502934 2.742082 -1.060000
v -0.511249 2.738638 -1.054804
v -0.514021 2.737490 -1.060000
v -0.511249 2.738638 -1.065196
v -0.505706 2.740934 -1.065196
v -0.502021 2.735419 -1.054804
v -0.499899 2.737541 -1.060000
v -0.506263 2.731177 -1.054804
v -0.508385 2.729055 -1.060000
v -0.506263 2.731177 -1.065196
v -0.502021 2.735419 -1.065196
v -0.496506 2.731734 -1.054804
v -0.495358 2.734506 -1.060000
v -0.498802 2.726191 -1.054804
v -0.499950 2.723419 -1.060000
v -0.498802 2.726191 -1.065196
v -0.496506 2.731734 -1.065196
v -0.489415 2.730382 -1.054804
v -0.488829 2.733325 -1.060000
v -0.490585 2.724498 -1.054804
v -0.491171 2.721555 -1.060000
v -0.490585 2.724498 -1.065196
v -0.489415 2.730382 -1.065196
v -0.477600 2.727440 1.060000
v -0.478544 2.727440 1.064745
v -0.478544 2.720000 1.064745
v -0.477600 2.720000 1.060000
v -0.481232 2.727440 1.068768
v -0.481232 2.720000 1.068768
v -0.485255 2.727440 1.071456
v -0.485255 2.720000 1.071456
v -0.490000 2.727440 1.072400
v -0.490000 2.720000 1.072400
v -0.494745 2.727440 1.071456
v -0.494745 2.720000 1.071456
v -0.498768 2.727440 1.068768
v -0.498768 2.720000 1.068768
v -0.501456 2.727440 1.064745
v -0.501456 2.720000 1.064745
v -0.502400 2.727440 1.060000
v -0.502400 2.720000 1.060000
v -0.501456 2.727440 1.055255
v -0.501456 2.720000 1.055255
v -0.498768 2.727440 1.051232
v -0.498768 2.720000 1.051232
v -0.494745 2.727440 1.048544
v -0.494745 2.720000 1.048544
v -0.490000 2.727440 1.047600
v -0.490000 2.720000 1.047600
v -0.485255 2.727440 1.048544
v -0.485255 2.720000 1.048544
v -0.481232 2.727440 1.051232
v -0.481232 2.720000 1.051232
v -0.478544 2.727440 1.055255
v -0.478544 2.720000 1.055255
v -0.491171 2.733325 1.060000
v -0.490585 2.730382 1.065196
v -0.483494 2.731734 1.065196
v -0.484642 2.734506 1.060000
v -0.489415 2.724498 1.065196
v -0.481198 2.726191 1.065196
v -0.488829 2.721555 1.060000
v -0.480050 2.723419 1.060000
v -0.489415 2.724498 1.054804
v -0.481198 2.726191 1.054804
v -0.490585 2.730382 1.054804
v -0.483494 2.731734 1.054804
v -0.477979 2.735419 1.065196
v -0.480101 2.737541 1.060000
v -0.473737 2.731177 1.065196
v -0.471615 2.729055 1.060000
v -0.473737 2.731177 1.054804
v -0.477979 2.735419 1.054804
v -0.474294 2.740934 1.065196
v -0.477066 2.742082 1.060000
v -0.468751 2.738638 1.065196
v -0.465979 2.737490 1.060000
v -0.468751 2.738638 1.054804
v -0.474294 2.740934 1.054804
v -0.473000 2.747440 1.065196
v -0.476000 2.747440 1.060000
v -0.467000 2.747440 1.065196
v -0.464000 2.747440 1.060000
v -0.467000 2.747440 1.054804
v -0.473000 2.747440 1.054804
v -0.474294 2.753946 1.065196
v -0.477066 2.752798 1.060000
v -0.468751 2.756242 1.065196
v -0.465979 2.757390 1.060000
v -0.468751 2.756242 1.054804
v -0.474294 2.753946 1.054804
v -0.477979 2.759461 1.065196
v -0.480101 2.757339 1.060000
v -0.473737 2.763703 1.065196
v -0.471615 2.765825 1.060000
v -0.473737 2.763703 1.054804
v -0.477979 2.759461 1.054804
v -0.483494 2.763146 1.065196
v -0.484642 2.760374 1.060000
v -0.481198 2.768689 1.065196
v -0.480050 2.771461 1.060000
v -0.481198 2.768689 1.054804
v -0.483494 2.763146 1.054804
v -0.490000 2.764440 1.065196
v -0.490000 2.761440 1.060000
v -0.490000 2.770440 1.065196
v -0.490000 2.773440 1.060000
v -0.490000 2.770440 1.054804
v -0.490000 2.764440 1.054804
v -0.496506 2.763146 1.065196
v -0.495358 2.760374 1.060000
v -0.498802 2.768689 1.065196
v -0.499950 2.771461 1.060000
v -0.498802 2.768689 1.054804
v -0.496506 2.763146 1.054804
v -0.502021 2.759461 1.065196
v -0.499899 2.757339 1.060000
v -0.506263 2.763703 1.065196
v -0.508385 2.765825 1.060000
v -0.506263 2.763703 1.054804
v -0.502021 2.759461 1.054804
v -0.505706 2.753946 1.065196
v -0.502934 2.752798 1.060000
v -0.511249 2.756242 1.065196
v -0.514021 2.757390 1.060000
v -0.511249 2.756242 1.054804
v -0.505706 2.753946 1.054804
v -0.507000 2.747440 1.065196
v -0.504000 2.747440 1.060000
v -0.513000 2.747440 1.065196
v -0.516000 2.747440 1.060000
v -0.513000 2.747440 1.054804
v -0.507000 2.747440 1.054804
v -0.505706 2.740934 1.065196
v -0.502934 2.742082 1.060000
v -0.511249 2.738638 1.065196
v -0.514021 2.737490 1.060000
v -0.511249 2.738638 1.054804
v -0.505706 2.740934 1.054804
v -0.502021 2.735419 1.065196
v -0.499899 2.737541 1.060000
v -0.506263 2.731177 1.065196
v -0.508385 2.729055 1.060000
v -0.506263 2.731177 1.054804
v -0.502021 2.735419 1.054804
v -0.496506 2.731734 1.065196
v -0.495358 2.734506 1.060000
v -0.498802 2.726191 1.065196
v -0.499950 2.723419 1.060000
v -0.498802 2.726191 1.054804
v -0.496506 2.731734 1.054804
v -0.489415 2.730382 1.065196
v -0.488829 2.733325 1.060000
v -0.490585 2.724498 1.065196
v -0.491171 2.721555 1.060000
v -0.490585 2.724498 1.054804
v -0.489415 2.730382 1.054804
v 0.502400 2.727440 -1.060000
v 0.501456 2.727440 -1.055255
v 0.501456 2.720000 -1.055255
v 0.502400 2.720000 -1.060000
v 0.498768 2.727440 -1.051232
v 0.498768 2.720000 -1.051232
v 0.494745 2.727440 -1.048544
v 0.494745 2.720000 -1.048544
v 0.490000 2.727440 -1.047600
v 0.490000 2.720000 -1.047600
v 0.485255 2.727440 -1.048544
v 0.485255 2.720000 -1.048544
v 0.481232 2.727440 -1.051232
v 0.481232 2.720000 -1.051232
v 0.478544 2.727440 -1.055255
v 0.478544 2.720000 -1.055255
v 0.477600 2.727440 -1.060000
v 0.477600 2.720000 -1.060000
v 0.478544 2.727440 -1.064745
v 0.478544 2.720000 -1.064745
v 0.481232 2.727440 -1.068768
v 0.481232 2.720000 -1.068768
v 0.485255 2.727440 -1.071456
v 0.485255 2.720000 -1.071456
v 0.490000 2.727440 -1.072400
v 0.490000 2.720000 -1.072400
v 0.494745 2.727440 -1.071456
v 0.494745 2.720000 -1.071456
v 0.498768 2.727440 -1.068768
v 0.498768 2.720000 -1.068768
v 0.501456 2.727440 -1.064745
v 0.501456 2.720000 -1.064745
v 0.488829 2.733325 -1.060000
v 0.489415 2.730382 -1.054804
v 0.496506 2.731734 -1.054804
v 0.495358 2.734506 -1.060000
v 0.490585 2.724498 -1.054804
v 0.498802 2.726191 -1.054804
v 0.491171 2.721555 -1.060000
v 0.499950 2.723419 -1.060000
v 0.490585 2.724498 -1.065196
v 0.498802 2.726191 -1.065196
v 0.489415 2.730382 -1.065196
v 0.496506 2.731734 -1.065196
v 0.502021 2.735419 -1.054804
v 0.499899 2.737541 -1.060000
v 0.506263 2.731177 -1.054804
v 0.508385 2.729055 -1.060000
v 0.506263 2.731177 -1.065196
v 0.502021 2.735419 -1.065196
v 0.505706 2.740934 -1.054804
v 0.502934 2.742082 -1.060000
v 0.511249 2.738638 -1.054804
v 0.514021 2.737490 -1.060000
v 0.511249 2.738638 -1.065196
v 0.505706 2.740934 -1.065196
v 0.507000 2.747440 -1.054804
v 0.504000 2.747440 -1.060000
v 0.513000 2.747440 -1.054804
v 0.516000 2.747440 -1.060000
v 0.513000 2.747440 -1.065196
v 0.507000 2.747440 -1.065196
v 0.505706 2.753946 -1.054804
v 0.502934 2.752798 -1.060000
v 0.511249 2.756242 -1.054804
v 0.514021 2.757390 -1.060000
v 0.511249 2.756242 -1.065196
v 0.505706 2.753946 -1.065196
v 0.502021 2.759461 -1.054804
v 0.499899 2.757339 -1.060000
v 0.506263 2.763703 -1.054804
v 0.508385 2.765825 -1.060000
v 0.506263 2.763703 -1.065196
v 0.502021 2.759461 -1.065196
v 0.496506 2.763146 -1.054804
v 0.495358 2.760374 -1.060000
v 0.498802 2.768689 -1.054804
v 0.499950 2.771461 -1.060000
v 0.498802 2.768689 -1.065196
v 0.496506 2.763146 -1.065196
v 0.490000 2.764440 -1.054804
v 0.490000 2.761440 -1.060000
v 0.490000 2.770440 -1.054804
v 0.490000 2.773440 -1.060000
v 0.490000 2.770440 -1.065196
v 0.490000 2.764440 -1.065196
v 0.483494 2.763146 -1.054804
v 0.484642 2.760374 -1.060000
v 0.481198 2.768689 -1.054804
v 0.480050 2.771461 -1.060000
v 0.481198 2.768689 -1.065196
v 0.483494 2.763146 -1.065196
v 0.477979 2.759461 -1.054804
v 0.480101 2.757339 -1.060000
v 0.473737 2.763703 -1.054804
v 0.471615 2.765825 -1.060000
v 0.473737 2.763703 -1.065196
v 0.477979 2.759461 -1.065196
v 0.474294 2.753946 -1.054804
v 0.477066 2.752798 -1.060000
v 0.468751 2.756242 -1.054804
v 0.465979 2.757390 -1.060000
v 0.468751 2.756242 -1.065196
v 0.474294 2.753946 -1.065196
v 0.473000 2.747440 -1.054804
v 0.476000 2.747440 -1.060000
v 0.467000 2.747440 -1.054804
v 0.464000 2.747440 -1.060000
v 0.467000 2.747440 -1.065196
v 0.473000 2.747440 -1.065196
v 0.474294 2.740934 -1.054804
v 0.477066 2.742082 -1.060000
v 0.468751 2.738638 -1.054804
v 0.465979 2.737490 -1.060000
v 0.468751 2.738638 -1.065196
v 0.474294 2.740934 -1.065196
v 0.477979 2.735419 -1.054804
v 0.480101 2.737541 -1.060000
v 0.473737 2.731177 -1.054804
v 0.471615 2.729055 -1.060000
v 0.473737 2.731177 -1.065196
v 0.477979 2.735419 -1.065196
v 0.483494 2.731734 -1.054804
v 0.484642 2.734506 -1.060000
v 0.481198 2.726191 -1.054804
v 0.480050 2.723419 -1.060000
v 0.481198 2.726191 -1.065196
v 0.483494 2.731734 -1.065196
v 0.490585 2.730382 -1.054804
v 0.491171 2.733325 -1.060000
v 0.489415 2.724498 -1.054804
v 0.488829 2.721555 -1.060000
v 0.489415 2.724498 -1.065196
v 0.490585 2.730382 -1.065196
v 0.502400 2.727440 1.060000
v 0.501456 2.727440 1.064745
v 0.501456 2.720000 1.064745
v 0.502400 2.720000 1.060000
v 0.498768 2.727440 1.068768
v 0.498768 2.720000 1.068768
v 0.494745 2.727440 1.071456
v 0.494745 2.720000 1.071456
v 0.490000 2.727440 1.072400
v 0.490000 2.720000 1.072400
v 0.485255 2.727440 1.071456
v 0.485255 2.720000 1.071456
v 0.481232 2.727440 1.068768
v 0.481232 2.720000 1.068768
v 0.478544 2.727440 1.064745
v 0.478544 2.720000 1.064745
v 0.477600 2.727440 1.060000
v 0.477600 2.720000 1.060000
v 0.478544 2.727440 1.055255
v 0.478544 2.720000 1.055255
v 0.481232 2.727440 1.051232
v 0.481232 2.720000 1.051232
v 0.485255 2.727440 1.048544
v 0.485255 2.720000 1.048544
v 0.490000 2.727440 1.047600
v 0.490000 2.720000 1.047600
v 0.494745 2.727440 1.048544
v 0.494745 2.720000 1.048544
v 0.498768 2.727440 1.051232
v 0.498768 2.720000 1.051232
v 0.501456 2.727440 1.055255
v 0.501456 2.720000 1.055255
v 0.488829 2.733325 1.060000
v 0.489415 2.730382 1.065196
v 0.496506 2.731734 1.065196
v 0.495358 2.734506 1.060000
v 0.490585 2.724498 1.065196
v 0.498802 2.726191 1.065196
v 0.491171 2.721555 1.060000
v 0.499950 2.723419 1.060000
v 0.490585 2.724498 1.054804
v 0.498802 2.726191 1.054804
v 0.489415 2.730382 1.054804
v 0.496506 2.731734 1.054804
v 0.502021 2.735419 1.065196
v 0.499899 2.737541 1.060000
v 0.506263 2.731177 1.065196
v 0.508385 2.729055 1.060000
v 0.506263 2.731177 1.054804
v 0.502021 2.735419 1.054804
v 0.505706 2.740934 1.065196
v 0.502934 2.742082 1.060000
v 0.511249 2.738638 1.065196
v 0.514021 2.737490 1.060000
v 0.511249 2.738638 1.054804
v 0.505706 2.740934 1.054804
v 0.507000 2.747440 1.065196
v 0.504000 2.747440 1.060000
v 0.513000 2.747440 1.065196
v 0.516000 2.747440 1.060000
v 0.513000 2.747440 1.054804
v 0.507000 2.747440 1.054804
v 0.505706 2.753946 1.065196
v 0.502934 2.752798 1.060000
v 0.511249 2.756242 1.065196
v 0.514021 2.757390 1.060000
v 0.511249 2.756242 1.054804
v 0.505706 2.753946 1.054804
v 0.502021 2.759461 1.065196
v 0.499899 2.757339 1.060000
v 0.506263 2.763703 1.065196
v 0.508385 2.765825 1.060000
v 0.506263 2.763703 1.054804
v 0.502021 2.759461 1.054804
v 0.496506 2.763146 1.065196
v 0.495358 2.760374 1.060000
v 0.498802 2.768689 1.065196
v 0.499950 2.771461 1.060000
v 0.498802 2.768689 1.054804
v 0.496506 2.763146 1.054804
v 0.490000 2.764440 1.065196
v 0.490000 2.761440 1.060000
v 0.490000 2.770440 1.065196
v 0.490000 2.773440 1.060000
v 0.490000 2.770440 1.054804
v 0.490000 2.764440 1.054804
v 0.483494 2.763146 1.065196
v 0.484642 2.760374 1.060000
v 0.481198 2.768689 1.065196
v 0.480050 2.771461 1.060000
v 0.481198 2.768689 1.054804
v 0.483494 2.763146 1.054804
v 0.477979 2.759461 1.065196
v 0.480101 2.757339 1.060000
v 0.473737 2.763703 1.065196
v 0.471615 2.765825 1.060000
v 0.473737 2.763703 1.054804
v 0.477979 2.759461 1.054804
v 0.474294 2.753946 1.065196
v 0.477066 2.752798 1.060000
v 0.468751 2.756242 1.065196
v 0.465979 2.757390 1.060000
v 0.468751 2.756242 1.054804
v 0.474294 2.753946 1.054804
v 0.473000 2.747440 1.065196
v 0.476000 2.747440 1.060000
v 0.467000 2.747440 1.065196
v 0.464000 2.747440 1.060000
v 0.467000 2.747440 1.054804
v 0.473000 2.747440 1.054804
v 0.474294 2.740934 1.065196
v 0.477066 2.742082 1.060000
v 0.468751 2.738638 1.065196
v 0.465979 2.737490 1.060000
v 0.468751 2.738638 1.054804
v 0.474294 2.740934 1.054804
v 0.477979 2.735419 1.065196
v 0.480101 2.737541 1.060000
v 0.473737 2.731177 1.065196
v 0.471615 2.729055 1.060000
v 0.473737 2.731177 1.054804
v 0.477979 2.735419 1.054804
v 0.483494 2.731734 1.065196
v 0.484642 2.734506 1.060000
v 0.481198 2.726191 1.065196
v 0.480050 2.723419 1.060000
v 0.481198 2.726191 1.054804
v 0.483494 2.731734 1.054804
v 0.490585 2.730382 1.065196
v 0.491171 2.733325 1.060000
v 0.489415 2.724498 1.065196
v 0.488829 2.721555 1.060000
v 0.489415 2.724498 1.054804
v 0.490585 2.730382 1.054804
v -0.505000 0.200000 -1.190000
v -0.010000 0.200000 -1.190000
v -0.010000 0.200000 -1.160000
v -0.505000 0.200000 -1.160000
v -0.505000 2.450000 -1.160000
v -0.010000 2.450000 -1.160000
v -0.010000 2.450000 -1.190000
v -0.505000 2.450000 -1.190000
v -0.065000 1.120000 -1.218000
v -0.042000 1.120000 -1.218000
v -0.042000 1.120000 -1.190000
v -0.065000 1.120000 -1.190000
v -0.065000 1.340000 -1.190000
v -0.042000 1.340000 -1.190000
v -0.042000 1.340000 -1.218000
v -0.065000 1.340000 -1.218000
v -0.505000 0.300000 -1.204000
v -0.492000 0.300000 -1.204000
v -0.492000 0.300000 -1.190000
v -0.505000 0.300000 -1.190000
v -0.505000 0.370000 -1.190000
v -0.492000 0.370000 -1.190000
v -0.492000 0.370000 -1.204000
v -0.505000 0.370000 -1.204000
v -0.505000 1.240000 -1.204000
v -0.492000 1.240000 -1.204000
v -0.492000 1.240000 -1.190000
v -0.505000 1.240000 -1.190000
v -0.505000 1.310000 -1.190000
v -0.492000 1.310000 -1.190000
v -0.492000 1.310000 -1.204000
v -0.505000 1.310000 -1.204000
v -0.505000 2.330000 -1.204000
v -0.492000 2.330000 -1.204000
v -0.492000 2.330000 -1.190000
v -0.505000 2.330000 -1.190000
v -0.505000 2.400000 -1.190000
v -0.492000 2.400000 -1.190000
v -0.492000 2.400000 -1.204000
v -0.505000 2.400000 -1.204000
v 0.010000 0.200000 -1.190000
v 0.505000 0.200000 -1.190000
v 0.505000 0.200000 -1.160000
v 0.010000 0.200000 -1.160000
v 0.010000 2.450000 -1.160000
v 0.505000 2.450000 -1.160000
v 0.505000 2.450000 -1.190000
v 0.010000 2.450000 -1.190000
v 0.042000 1.120000 -1.218000
v 0.065000 1.120000 -1.218000
v 0.065000 1.120000 -1.190000
v 0.042000 1.120000 -1.190000
v 0.042000 1.340000 -1.190000
v 0.065000 1.340000 -1.190000
v 0.065000 1.340000 -1.218000
v 0.042000 1.340000 -1.218000
v 0.492000 0.300000 -1.204000
v 0.505000 0.300000 -1.204000
v 0.505000 0.300000 -1.190000
v 0.492000 0.300000 -1.190000
v 0.492000 0.370000 -1.190000
v 0.505000 0.370000 -1.190000
v 0.505000 0.370000 -1.204000
v 0.492000 0.370000 -1.204000
v 0.492000 1.240000 -1.204000
v 0.505000 1.240000 -1.204000
v 0.505000 1.240000 -1.190000
v 0.492000 1.240000 -1.190000
v 0.492000 1.310000 -1.190000
v 0.505000 1.310000 -1.190000
v 0.505000 1.310000 -1.204000
v 0.492000 1.310000 -1.204000
v 0.492000 2.330000 -1.204000
v 0.505000 2.330000 -1.204000
v 0.505000 2.330000 -1.190000
v 0.492000 2.330000 -1.190000
v 0.492000 2.400000 -1.190000
v 0.505000 2.400000 -1.190000
v 0.505000 2.400000 -1.204000
v 0.492000 2.400000 -1.204000
v -0.013000 0.200000 -1.194000
v 0.013000 0.200000 -1.194000
v 0.013000 0.200000 -1.186000
v -0.013000 0.200000 -1.186000
v -0.013000 2.450000 -1.186000
v 0.013000 2.450000 -1.186000
v 0.013000 2.450000 -1.194000
v -0.013000 2.450000 -1.194000
v -0.505000 0.142000 -1.194000
v 0.505000 0.142000 -1.194000
v 0.505000 0.142000 -1.168000
v -0.505000 0.142000 -1.168000
v -0.505000 0.200000 -1.168000
v 0.505000 0.200000 -1.168000
v 0.505000 0.200000 -1.194000
v -0.505000 0.200000 -1.194000
v -0.555000 0.280000 -0.620000
v -0.545000 0.280000 -0.620000
v -0.545000 0.280000 0.620000
v -0.555000 0.280000 0.620000
v -0.555000 0.840000 0.620000
v -0.545000 0.840000 0.620000
v -0.545000 0.840000 -0.620000
v -0.555000 0.840000 -0.620000
v -0.561000 0.255000 -0.645000
v -0.555000 0.255000 -0.645000
v -0.555000 0.255000 -0.620000
v -0.561000 0.255000 -0.620000
v -0.561000 0.865000 -0.620000
v -0.555000 0.865000 -0.620000
v -0.555000 0.865000 -0.645000
v -0.561000 0.865000 -0.645000
v -0.561000 0.255000 0.620000
v -0.555000 0.255000 0.620000
v -0.555000 0.255000 0.645000
v -0.561000 0.255000 0.645000
v -0.561000 0.865000 0.645000
v -0.555000 0.865000 0.645000
v -0.555000 0.865000 0.620000
v -0.561000 0.865000 0.620000
v 0.545000 1.690000 -0.620000
v 0.555000 1.690000 -0.620000
v 0.555000 1.690000 0.620000
v 0.545000 1.690000 0.620000
v 0.545000 2.250000 0.620000
v 0.555000 2.250000 0.620000
v 0.555000 2.250000 -0.620000
v 0.545000 2.250000 -0.620000
v 0.555000 1.665000 -0.645000
v 0.561000 1.665000 -0.645000
v 0.561000 1.665000 -0.620000
v 0.555000 1.665000 -0.620000
v 0.555000 2.275000 -0.620000
v 0.561000 2.275000 -0.620000
v 0.561000 2.275000 -0.645000
v 0.555000 2.275000 -0.645000
v 0.555000 1.665000 0.620000
v 0.561000 1.665000 0.620000
v 0.561000 1.665000 0.645000
v 0.555000 1.665000 0.645000
v 0.555000 2.275000 0.645000
v 0.561000 2.275000 0.645000
v 0.561000 2.275000 0.620000
v 0.555000 2.275000 0.620000
v -0.075000 2.722000 0.645000
v 0.075000 2.722000 0.645000
v 0.075000 2.722000 0.795000
v -0.075000 2.722000 0.795000
v -0.075000 2.740000 0.795000
v 0.075000 2.740000 0.795000
v 0.075000 2.740000 0.645000
v -0.075000 2.740000 0.645000
v 0.049800 2.819549 0.720000
v 0.046009 2.819549 0.739058
v 0.076682 2.782000 0.751763
v 0.083000 2.782000 0.720000
v 0.035214 2.819549 0.755214
v 0.058690 2.782000 0.778690
v 0.019058 2.819549 0.766009
v 0.031763 2.782000 0.796682
v 0.000000 2.819549 0.769800
v 0.000000 2.782000 0.803000
v -0.019058 2.819549 0.766009
v -0.031763 2.782000 0.796682
v -0.035214 2.819549 0.755214
v -0.058690 2.782000 0.778690
v -0.046009 2.819549 0.739058
v -0.076682 2.782000 0.751763
v -0.049800 2.819549 0.720000
v -0.083000 2.782000 0.720000
v -0.046009 2.819549 0.700942
v -0.076682 2.782000 0.688237
v -0.035214 2.819549 0.684786
v -0.058690 2.782000 0.661310
v -0.019058 2.819549 0.673991
v -0.031763 2.782000 0.643318
v -0.000000 2.819549 0.670200
v -0.000000 2.782000 0.637000
v 0.019058 2.819549 0.673991
v 0.031763 2.782000 0.643318
v 0.035214 2.819549 0.684786
v 0.058690 2.782000 0.661310
v 0.046009 2.819549 0.700942
v 0.076682 2.782000 0.688237
v 0.042330 2.819549 0.720000
v 0.039108 2.819549 0.736199
v 0.029932 2.819549 0.749932
v 0.016199 2.819549 0.759108
v 0.000000 2.819549 0.762330
v -0.016199 2.819549 0.759108
v -0.029932 2.819549 0.749932
v -0.039108 2.819549 0.736199
v -0.042330 2.819549 0.720000
v -0.039108 2.819549 0.703801
v -0.029932 2.819549 0.690068
v -0.016199 2.819549 0.680892
v -0.000000 2.819549 0.677670
v 0.016199 2.819549 0.680892
v 0.029932 2.819549 0.690068
v 0.039108 2.819549 0.703801
v 0.042330 2.826023 0.720000
v 0.039108 2.826023 0.736199
v 0.029932 2.826023 0.749932
v 0.016199 2.826023 0.759108
v 0.000000 2.826023 0.762330
v -0.016199 2.826023 0.759108
v -0.029932 2.826023 0.749932
v -0.039108 2.826023 0.736199
v -0.042330 2.826023 0.720000
v -0.039108 2.826023 0.703801
v -0.029932 2.826023 0.690068
v -0.016199 2.826023 0.680892
v -0.000000 2.826023 0.677670
v 0.016199 2.826023 0.680892
v 0.029932 2.826023 0.690068
v 0.039108 2.826023 0.703801
v 0.066400 2.826023 0.720000
v 0.061346 2.826023 0.745410
v 0.046952 2.826023 0.766952
v 0.025410 2.826023 0.781346
v 0.000000 2.826023 0.786400
v -0.025410 2.826023 0.781346
v -0.046952 2.826023 0.766952
v -0.061346 2.826023 0.745410
v -0.066400 2.826023 0.720000
v -0.061346 2.826023 0.694590
v -0.046952 2.826023 0.673048
v -0.025410 2.826023 0.658654
v -0.000000 2.826023 0.653600
v 0.025410 2.826023 0.658654
v 0.046952 2.826023 0.673048
v 0.061346 2.826023 0.694590
v 0.040670 2.855156 0.720000
v 0.037574 2.855156 0.735564
v 0.028758 2.855156 0.748758
v 0.015564 2.855156 0.757574
v 0.000000 2.855156 0.760670
v -0.015564 2.855156 0.757574
v -0.028758 2.855156 0.748758
v -0.037574 2.855156 0.735564
v -0.040670 2.855156 0.720000
v -0.037574 2.855156 0.704436
v -0.028758 2.855156 0.691242
v -0.015564 2.855156 0.682426
v -0.000000 2.855156 0.679330
v 0.015564 2.855156 0.682426
v 0.028758 2.855156 0.691242
v 0.037574 2.855156 0.704436
v 0.039010 2.855156 0.720000
v 0.036041 2.855156 0.734928
v 0.027584 2.855156 0.747584
v 0.014928 2.855156 0.756041
v 0.000000 2.855156 0.759010
v -0.014928 2.855156 0.756041
v -0.027584 2.855156 0.747584
v -0.036041 2.855156 0.734928
v -0.039010 2.855156 0.720000
v -0.036041 2.855156 0.705072
v -0.027584 2.855156 0.692416
v -0.014928 2.855156 0.683959
v -0.000000 2.855156 0.680990
v 0.014928 2.855156 0.683959
v 0.027584 2.855156 0.692416
v 0.036041 2.855156 0.705072
v 0.039010 2.867457 0.720000
v 0.036041 2.867457 0.734928
v 0.027584 2.867457 0.747584
v 0.014928 2.867457 0.756041
v 0.000000 2.867457 0.759010
v -0.014928 2.867457 0.756041
v -0.027584 2.867457 0.747584
v -0.036041 2.867457 0.734928
v -0.039010 2.867457 0.720000
v -0.036041 2.867457 0.705072
v -0.027584 2.867457 0.692416
v -0.014928 2.867457 0.683959
v -0.000000 2.867457 0.680990
v 0.014928 2.867457 0.683959
v 0.027584 2.867457 0.692416
v 0.036041 2.867457 0.705072
v 0.048140 2.867457 0.720000
v 0.044476 2.867457 0.738422
v 0.034040 2.867457 0.754040
v 0.018422 2.867457 0.764476
v 0.000000 2.867457 0.768140
v -0.018422 2.867457 0.764476
v -0.034040 2.867457 0.754040
v -0.044476 2.867457 0.738422
v -0.048140 2.867457 0.720000
v -0.044476 2.867457 0.701578
v -0.034040 2.867457 0.685960
v -0.018422 2.867457 0.675524
v -0.000000 2.867457 0.671860
v 0.018422 2.867457 0.675524
v 0.034040 2.867457 0.685960
v 0.044476 2.867457 0.701578
v 0.048140 2.874190 0.720000
v 0.044476 2.874190 0.738422
v 0.034040 2.874190 0.754040
v 0.018422 2.874190 0.764476
v 0.000000 2.874190 0.768140
v -0.018422 2.874190 0.764476
v -0.034040 2.874190 0.754040
v -0.044476 2.874190 0.738422
v -0.048140 2.874190 0.720000
v -0.044476 2.874190 0.701578
v -0.034040 2.874190 0.685960
v -0.018422 2.874190 0.675524
v -0.000000 2.874190 0.671860
v 0.018422 2.874190 0.675524
v 0.034040 2.874190 0.685960
v 0.044476 2.874190 0.701578
v 0.039508 2.874190 0.720000
v 0.036501 2.874190 0.735119
v 0.027936 2.874190 0.747936
v 0.015119 2.874190 0.756501
v 0.000000 2.874190 0.759508
v -0.015119 2.874190 0.756501
v -0.027936 2.874190 0.747936
v -0.036501 2.874190 0.735119
v -0.039508 2.874190 0.720000
v -0.036501 2.874190 0.704881
v -0.027936 2.874190 0.692064
v -0.015119 2.874190 0.683499
v -0.000000 2.874190 0.680492
v 0.015119 2.874190 0.683499
v 0.027936 2.874190 0.692064
v 0.036501 2.874190 0.704881
v 0.039508 2.881441 0.720000
v 0.036501 2.881441 0.735119
v 0.027936 2.881441 0.747936
v 0.015119 2.881441 0.756501
v 0.000000 2.881441 0.759508
v -0.015119 2.881441 0.756501
v -0.027936 2.881441 0.747936
v -0.036501 2.881441 0.735119
v -0.039508 2.881441 0.720000
v -0.036501 2.881441 0.704881
v -0.027936 2.881441 0.692064
v -0.015119 2.881441 0.683499
v -0.000000 2.881441 0.680492
v 0.015119 2.881441 0.683499
v 0.027936 2.881441 0.692064
v 0.036501 2.881441 0.704881
v 0.048140 2.881441 0.720000
v 0.044476 2.881441 0.738422
v 0.034040 2.881441 0.754040
v 0.018422 2.881441 0.764476
v 0.000000 2.881441 0.768140
v -0.018422 2.881441 0.764476
v -0.034040 2.881441 0.754040
v -0.044476 2.881441 0.738422
v -0.048140 2.881441 0.720000
v -0.044476 2.881441 0.701578
v -0.034040 2.881441 0.685960
v -0.018422 2.881441 0.675524
v -0.000000 2.881441 0.671860
v 0.018422 2.881441 0.675524
v 0.034040 2.881441 0.685960
v 0.044476 2.881441 0.701578
v 0.048140 2.887138 0.720000
v 0.044476 2.887138 0.738422
v 0.034040 2.887138 0.754040
v 0.018422 2.887138 0.764476
v 0.000000 2.887138 0.768140
v -0.018422 2.887138 0.764476
v -0.034040 2.887138 0.754040
v -0.044476 2.887138 0.738422
v -0.048140 2.887138 0.720000
v -0.044476 2.887138 0.701578
v -0.034040 2.887138 0.685960
v -0.018422 2.887138 0.675524
v -0.000000 2.887138 0.671860
v 0.018422 2.887138 0.675524
v 0.034040 2.887138 0.685960
v 0.044476 2.887138 0.701578
v 0.031208 2.887138 0.720000
v 0.028832 2.887138 0.731943
v 0.022067 2.887138 0.742067
v 0.011943 2.887138 0.748832
v 0.000000 2.887138 0.751208
v -0.011943 2.887138 0.748832
v -0.022067 2.887138 0.742067
v -0.028832 2.887138 0.731943
v -0.031208 2.887138 0.720000
v -0.028832 2.887138 0.708057
v -0.022067 2.887138 0.697933
v -0.011943 2.887138 0.691168
v -0.000000 2.887138 0.688792
v 0.011943 2.887138 0.691168
v 0.022067 2.887138 0.697933
v 0.028832 2.887138 0.708057
v 0.031208 2.898273 0.720000
v 0.028832 2.898273 0.731943
v 0.022067 2.898273 0.742067
v 0.011943 2.898273 0.748832
v 0.000000 2.898273 0.751208
v -0.011943 2.898273 0.748832
v -0.022067 2.898273 0.742067
v -0.028832 2.898273 0.731943
v -0.031208 2.898273 0.720000
v -0.028832 2.898273 0.708057
v -0.022067 2.898273 0.697933
v -0.011943 2.898273 0.691168
v -0.000000 2.898273 0.688792
v 0.011943 2.898273 0.691168
v 0.022067 2.898273 0.697933
v 0.028832 2.898273 0.708057
v 0.044156 2.898273 0.720000
v 0.040795 2.898273 0.736898
v 0.031223 2.898273 0.751223
v 0.016898 2.898273 0.760795
v 0.000000 2.898273 0.764156
v -0.016898 2.898273 0.760795
v -0.031223 2.898273 0.751223
v -0.040795 2.898273 0.736898
v -0.044156 2.898273 0.720000
v -0.040795 2.898273 0.703102
v -0.031223 2.898273 0.688777
v -0.016898 2.898273 0.679205
v -0.000000 2.898273 0.675844
v 0.016898 2.898273 0.679205
v 0.031223 2.898273 0.688777
v 0.040795 2.898273 0.703102
v 0.037184 2.911480 0.720000
v 0.034354 2.911480 0.734230
v 0.026293 2.911480 0.746293
v 0.014230 2.911480 0.754354
v 0.000000 2.911480 0.757184
v -0.014230 2.911480 0.754354
v -0.026293 2.911480 0.746293
v -0.034354 2.911480 0.734230
v -0.037184 2.911480 0.720000
v -0.034354 2.911480 0.705770
v -0.026293 2.911480 0.693707
v -0.014230 2.911480 0.685646
v -0.000000 2.911480 0.682816
v 0.014230 2.911480 0.685646
v 0.026293 2.911480 0.693707
v 0.034354 2.911480 0.705770
v 0.000000 2.911480 0.720000
v 0.014110 2.769052 0.720000
v 0.009977 2.769052 0.729977
v 0.009977 2.737977 0.729977
v 0.014110 2.737977 0.720000
v 0.000000 2.769052 0.734110
v 0.000000 2.737977 0.734110
v -0.009977 2.769052 0.729977
v -0.009977 2.737977 0.729977
v -0.014110 2.769052 0.720000
v -0.014110 2.737977 0.720000
v -0.009977 2.769052 0.710023
v -0.009977 2.737977 0.710023
v -0.000000 2.769052 0.705890
v -0.000000 2.737977 0.705890
v 0.009977 2.769052 0.710023
v 0.009977 2.737977 0.710023
v 0.019588 2.771642 0.720000
v 0.013851 2.771642 0.733851
v 0.000000 2.771642 0.739588
v -0.013851 2.771642 0.733851
v -0.019588 2.771642 0.720000
v -0.013851 2.771642 0.706149
v -0.000000 2.771642 0.700412
v 0.013851 2.771642 0.706149
v 0.019588 2.781353 0.720000
v 0.013851 2.781353 0.733851
v 0.000000 2.781353 0.739588
v -0.013851 2.781353 0.733851
v -0.019588 2.781353 0.720000
v -0.013851 2.781353 0.706149
v -0.000000 2.781353 0.700412
v 0.013851 2.781353 0.706149
v 0.000000 2.781353 0.720000
v -0.075000 2.722000 -0.795000
v 0.075000 2.722000 -0.795000
v 0.075000 2.722000 -0.645000
v -0.075000 2.722000 -0.645000
v -0.075000 2.740000 -0.645000
v 0.075000 2.740000 -0.645000
v 0.075000 2.740000 -0.795000
v -0.075000 2.740000 -0.795000
v 0.049800 2.819549 -0.720000
v 0.046009 2.819549 -0.700942
v 0.076682 2.782000 -0.688237
v 0.083000 2.782000 -0.720000
v 0.035214 2.819549 -0.684786
v 0.058690 2.782000 -0.661310
v 0.019058 2.819549 -0.673991
v 0.031763 2.782000 -0.643318
v 0.000000 2.819549 -0.670200
v 0.000000 2.782000 -0.637000
v -0.019058 2.819549 -0.673991
v -0.031763 2.782000 -0.643318
v -0.035214 2.819549 -0.684786
v -0.058690 2.782000 -0.661310
v -0.046009 2.819549 -0.700942
v -0.076682 2.782000 -0.688237
v -0.049800 2.819549 -0.720000
v -0.083000 2.782000 -0.720000
v -0.046009 2.819549 -0.739058
v -0.076682 2.782000 -0.751763
v -0.035214 2.819549 -0.755214
v -0.058690 2.782000 -0.778690
v -0.019058 2.819549 -0.766009
v -0.031763 2.782000 -0.796682
v -0.000000 2.819549 -0.769800
v -0.000000 2.782000 -0.803000
v 0.019058 2.819549 -0.766009
v 0.031763 2.782000 -0.796682
v 0.035214 2.819549 -0.755214
v 0.058690 2.782000 -0.778690
v 0.046009 2.819549 -0.739058
v 0.076682 2.782000 -0.751763
v 0.042330 2.819549 -0.720000
v 0.039108 2.819549 -0.703801
v 0.029932 2.819549 -0.690068
v 0.016199 2.819549 -0.680892
v 0.000000 2.819549 -0.677670
v -0.016199 2.819549 -0.680892
v -0.029932 2.819549 -0.690068
v -0.039108 2.819549 -0.703801
v -0.042330 2.819549 -0.720000
v -0.039108 2.819549 -0.736199
v -0.029932 2.819549 -0.749932
v -0.016199 2.819549 -0.759108
v -0.000000 2.819549 -0.762330
v 0.016199 2.819549 -0.759108
v 0.029932 2.819549 -0.749932
v 0.039108 2.819549 -0.736199
v 0.042330 2.826023 -0.720000
v 0.039108 2.826023 -0.703801
v 0.029932 2.826023 -0.690068
v 0.016199 2.826023 -0.680892
v 0.000000 2.826023 -0.677670
v -0.016199 2.826023 -0.680892
v -0.029932 2.826023 -0.690068
v -0.039108 2.826023 -0.703801
v -0.042330 2.826023 -0.720000
v -0.039108 2.826023 -0.736199
v -0.029932 2.826023 -0.749932
v -0.016199 2.826023 -0.759108
v -0.000000 2.826023 -0.762330
v 0.016199 2.826023 -0.759108
v 0.029932 2.826023 -0.749932
v 0.039108 2.826023 -0.736199
v 0.066400 2.826023 -0.720000
v 0.061346 2.826023 -0.694590
v 0.046952 2.826023 -0.673048
v 0.025410 2.826023 -0.658654
v 0.000000 2.826023 -0.653600
v -0.025410 2.826023 -0.658654
v -0.046952 2.826023 -0.673048
v -0.061346 2.826023 -0.694590
v -0.066400 2.826023 -0.720000
v -0.061346 2.826023 -0.745410
v -0.046952 2.826023 -0.766952
v -0.025410 2.826023 -0.781346
v -0.000000 2.826023 -0.786400
v 0.025410 2.826023 -0.781346
v 0.046952 2.826023 -0.766952
v 0.061346 2.826023 -0.745410
v 0.040670 2.855156 -0.720000
v 0.037574 2.855156 -0.704436
v 0.028758 2.855156 -0.691242
v 0.015564 2.855156 -0.682426
v 0.000000 2.855156 -0.679330
v -0.015564 2.855156 -0.682426
v -0.028758 2.855156 -0.691242
v -0.037574 2.855156 -0.704436
v -0.040670 2.855156 -0.720000
v -0.037574 2.855156 -0.735564
v -0.028758 2.855156 -0.748758
v -0.015564 2.855156 -0.757574
v -0.000000 2.855156 -0.760670
v 0.015564 2.855156 -0.757574
v 0.028758 2.855156 -0.748758
v 0.037574 2.855156 -0.735564
v 0.039010 2.855156 -0.720000
v 0.036041 2.855156 -0.705072
v 0.027584 2.855156 -0.692416
v 0.014928 2.855156 -0.683959
v 0.000000 2.855156 -0.680990
v -0.014928 2.855156 -0.683959
v -0.027584 2.855156 -0.692416
v -0.036041 2.855156 -0.705072
v -0.039010 2.855156 -0.720000
v -0.036041 2.855156 -0.734928
v -0.027584 2.855156 -0.747584
v -0.014928 2.855156 -0.756041
v -0.000000 2.855156 -0.759010
v 0.014928 2.855156 -0.756041
v 0.027584 2.855156 -0.747584
v 0.036041 2.855156 -0.734928
v 0.039010 2.867457 -0.720000
v 0.036041 2.867457 -0.705072
v 0.027584 2.867457 -0.692416
v 0.014928 2.867457 -0.683959
v 0.000000 2.867457 -0.680990
v -0.014928 2.867457 -0.683959
v -0.027584 2.867457 -0.692416
v -0.036041 2.867457 -0.705072
v -0.039010 2.867457 -0.720000
v -0.036041 2.867457 -0.734928
v -0.027584 2.867457 -0.747584
v -0.014928 2.867457 -0.756041
v -0.000000 2.867457 -0.759010
v 0.014928 2.867457 -0.756041
v 0.027584 2.867457 -0.747584
v 0.036041 2.867457 -0.734928
v 0.048140 2.867457 -0.720000
v 0.044476 2.867457 -0.701578
v 0.034040 2.867457 -0.685960
v 0.018422 2.867457 -0.675524
v 0.000000 2.867457 -0.671860
v -0.018422 2.867457 -0.675524
v -0.034040 2.867457 -0.685960
v -0.044476 2.867457 -0.701578
v -0.048140 2.867457 -0.720000
v -0.044476 2.867457 -0.738422
v -0.034040 2.867457 -0.754040
v -0.018422 2.867457 -0.764476
v -0.000000 2.867457 -0.768140
v 0.018422 2.867457 -0.764476
v 0.034040 2.867457 -0.754040
v 0.044476 2.867457 -0.738422
v 0.048140 2.874190 -0.720000
v 0.044476 2.874190 -0.701578
v 0.034040 2.874190 -0.685960
v 0.018422 2.874190 -0.675524
v 0.000000 2.874190 -0.671860
v -0.018422 2.874190 -0.675524
v -0.034040 2.874190 -0.685960
v -0.044476 2.874190 -0.701578
v -0.048140 2.874190 -0.720000
v -0.044476 2.874190 -0.738422
v -0.034040 2.874190 -0.754040
v -0.018422 2.874190 -0.764476
v -0.000000 2.874190 -0.768140
v 0.018422 2.874190 -0.764476
v 0.034040 2.874190 -0.754040
v 0.044476 2.874190 -0.738422
v 0.039508 2.874190 -0.720000
v 0.036501 2.874190 -0.704881
v 0.027936 2.874190 -0.692064
v 0.015119 2.874190 -0.683499
v 0.000000 2.874190 -0.680492
v -0.015119 2.874190 -0.683499
v -0.027936 2.874190 -0.692064
v -0.036501 2.874190 -0.704881
v -0.039508 2.874190 -0.720000
v -0.036501 2.874190 -0.735119
v -0.027936 2.874190 -0.747936
v -0.015119 2.874190 -0.756501
v -0.000000 2.874190 -0.759508
v 0.015119 2.874190 -0.756501
v 0.027936 2.874190 -0.747936
v 0.036501 2.874190 -0.735119
v 0.039508 2.881441 -0.720000
v 0.036501 2.881441 -0.704881
v 0.027936 2.881441 -0.692064
v 0.015119 2.881441 -0.683499
v 0.000000 2.881441 -0.680492
v -0.015119 2.881441 -0.683499
v -0.027936 2.881441 -0.692064
v -0.036501 2.881441 -0.704881
v -0.039508 2.881441 -0.720000
v -0.036501 2.881441 -0.735119
v -0.027936 2.881441 -0.747936
v -0.015119 2.881441 -0.756501
v -0.000000 2.881441 -0.759508
v 0.015119 2.881441 -0.756501
v 0.027936 2.881441 -0.747936
v 0.036501 2.881441 -0.735119
v 0.048140 2.881441 -0.720000
v 0.044476 2.881441 -0.701578
v 0.034040 2.881441 -0.685960
v 0.018422 2.881441 -0.675524
v 0.000000 2.881441 -0.671860
v -0.018422 2.881441 -0.675524
v -0.034040 2.881441 -0.685960
v -0.044476 2.881441 -0.701578
v -0.048140 2.881441 -0.720000
v -0.044476 2.881441 -0.738422
v -0.034040 2.881441 -0.754040
v -0.018422 2.881441 -0.764476
v -0.000000 2.881441 -0.768140
v 0.018422 2.881441 -0.764476
v 0.034040 2.881441 -0.754040
v 0.044476 2.881441 -0.738422
v 0.048140 2.887138 -0.720000
v 0.044476 2.887138 -0.701578
v 0.034040 2.887138 -0.685960
v 0.018422 2.887138 -0.675524
v 0.000000 2.887138 -0.671860
v -0.018422 2.887138 -0.675524
v -0.034040 2.887138 -0.685960
v -0.044476 2.887138 -0.701578
v -0.048140 2.887138 -0.720000
v -0.044476 2.887138 -0.738422
v -0.034040 2.887138 -0.754040
v -0.018422 2.887138 -0.764476
v -0.000000 2.887138 -0.768140
v 0.018422 2.887138 -0.764476
v 0.034040 2.887138 -0.754040
v 0.044476 2.887138 -0.738422
v 0.031208 2.887138 -0.720000
v 0.028832 2.887138 -0.708057
v 0.022067 2.887138 -0.697933
v 0.011943 2.887138 -0.691168
v 0.000000 2.887138 -0.688792
v -0.011943 2.887138 -0.691168
v -0.022067 2.887138 -0.697933
v -0.028832 2.887138 -0.708057
v -0.031208 2.887138 -0.720000
v -0.028832 2.887138 -0.731943
v -0.022067 2.887138 -0.742067
v -0.011943 2.887138 -0.748832
v -0.000000 2.887138 -0.751208
v 0.011943 2.887138 -0.748832
v 0.022067 2.887138 -0.742067
v 0.028832 2.887138 -0.731943
v 0.031208 2.898273 -0.720000
v 0.028832 2.898273 -0.708057
v 0.022067 2.898273 -0.697933
v 0.011943 2.898273 -0.691168
v 0.000000 2.898273 -0.688792
v -0.011943 2.898273 -0.691168
v -0.022067 2.898273 -0.697933
v -0.028832 2.898273 -0.708057
v -0.031208 2.898273 -0.720000
v -0.028832 2.898273 -0.731943
v -0.022067 2.898273 -0.742067
v -0.011943 2.898273 -0.748832
v -0.000000 2.898273 -0.751208
v 0.011943 2.898273 -0.748832
v 0.022067 2.898273 -0.742067
v 0.028832 2.898273 -0.731943
v 0.044156 2.898273 -0.720000
v 0.040795 2.898273 -0.703102
v 0.031223 2.898273 -0.688777
v 0.016898 2.898273 -0.679205
v 0.000000 2.898273 -0.675844
v -0.016898 2.898273 -0.679205
v -0.031223 2.898273 -0.688777
v -0.040795 2.898273 -0.703102
v -0.044156 2.898273 -0.720000
v -0.040795 2.898273 -0.736898
v -0.031223 2.898273 -0.751223
v -0.016898 2.898273 -0.760795
v -0.000000 2.898273 -0.764156
v 0.016898 2.898273 -0.760795
v 0.031223 2.898273 -0.751223
v 0.040795 2.898273 -0.736898
v 0.037184 2.911480 -0.720000
v 0.034354 2.911480 -0.705770
v 0.026293 2.911480 -0.693707
v 0.014230 2.911480 -0.685646
v 0.000000 2.911480 -0.682816
v -0.014230 2.911480 -0.685646
v -0.026293 2.911480 -0.693707
v -0.034354 2.911480 -0.705770
v -0.037184 2.911480 -0.720000
v -0.034354 2.911480 -0.734230
v -0.026293 2.911480 -0.746293
v -0.014230 2.911480 -0.754354
v -0.000000 2.911480 -0.757184
v 0.014230 2.911480 -0.754354
v 0.026293 2.911480 -0.746293
v 0.034354 2.911480 -0.734230
v 0.000000 2.911480 -0.720000
v 0.014110 2.769052 -0.720000
v 0.009977 2.769052 -0.710023
v 0.009977 2.737977 -0.710023
v 0.014110 2.737977 -0.720000
v 0.000000 2.769052 -0.705890
v 0.000000 2.737977 -0.705890
v -0.009977 2.769052 -0.710023
v -0.009977 2.737977 -0.710023
v -0.014110 2.769052 -0.720000
v -0.014110 2.737977 -0.720000
v -0.009977 2.769052 -0.729977
v -0.009977 2.737977 -0.729977
v -0.000000 2.769052 -0.734110
v -0.000000 2.737977 -0.734110
v 0.009977 2.769052 -0.729977
v 0.009977 2.737977 -0.729977
v 0.019588 2.771642 -0.720000
v 0.013851 2.771642 -0.706149
v 0.000000 2.771642 -0.700412
v -0.013851 2.771642 -0.706149
v -0.019588 2.771642 -0.720000
v -0.013851 2.771642 -0.733851
v -0.000000 2.771642 -0.739588
v 0.013851 2.771642 -0.733851
v 0.019588 2.781353 -0.720000
v 0.013851 2.781353 -0.706149
v 0.000000 2.781353 -0.700412
v -0.013851 2.781353 -0.706149
v -0.019588 2.781353 -0.720000
v -0.013851 2.781353 -0.733851
v -0.000000 2.781353 -0.739588
v 0.013851 2.781353 -0.733851
v 0.000000 2.781353 -0.720000
v -0.248000 2.754000 1.020000
v -0.251958 2.754000 1.039900
v -0.251958 2.726000 1.039900
v -0.248000 2.726000 1.020000
v -0.263230 2.754000 1.056770
v -0.263230 2.726000 1.056770
v -0.280100 2.754000 1.068042
v -0.280100 2.726000 1.068042
v -0.300000 2.754000 1.072000
v -0.300000 2.726000 1.072000
v -0.319900 2.754000 1.068042
v -0.319900 2.726000 1.068042
v -0.336770 2.754000 1.056770
v -0.336770 2.726000 1.056770
v -0.348042 2.754000 1.039900
v -0.348042 2.726000 1.039900
v -0.352000 2.754000 1.020000
v -0.352000 2.726000 1.020000
v -0.348042 2.754000 1.000100
v -0.348042 2.726000 1.000100
v -0.336770 2.754000 0.983230
v -0.336770 2.726000 0.983230
v -0.319900 2.754000 0.971958
v -0.319900 2.726000 0.971958
v -0.300000 2.754000 0.968000
v -0.300000 2.726000 0.968000
v -0.280100 2.754000 0.971958
v -0.280100 2.726000 0.971958
v -0.263230 2.754000 0.983230
v -0.263230 2.726000 0.983230
v -0.251958 2.754000 1.000100
v -0.251958 2.726000 1.000100
v -0.270000 2.768000 1.020000
v -0.272284 2.768000 1.031481
v -0.272284 2.754000 1.031481
v -0.270000 2.754000 1.020000
v -0.278787 2.768000 1.041213
v -0.278787 2.754000 1.041213
v -0.288519 2.768000 1.047716
v -0.288519 2.754000 1.047716
v -0.300000 2.768000 1.050000
v -0.300000 2.754000 1.050000
v -0.311481 2.768000 1.047716
v -0.311481 2.754000 1.047716
v -0.321213 2.768000 1.041213
v -0.321213 2.754000 1.041213
v -0.327716 2.768000 1.031481
v -0.327716 2.754000 1.031481
v -0.330000 2.768000 1.020000
v -0.330000 2.754000 1.020000
v -0.327716 2.768000 1.008519
v -0.327716 2.754000 1.008519
v -0.321213 2.768000 0.998787
v -0.321213 2.754000 0.998787
v -0.311481 2.768000 0.992284
v -0.311481 2.754000 0.992284
v -0.300000 2.768000 0.990000
v -0.300000 2.754000 0.990000
v -0.288519 2.768000 0.992284
v -0.288519 2.754000 0.992284
v -0.278787 2.768000 0.998787
v -0.278787 2.754000 0.998787
v -0.272284 2.768000 1.008519
v -0.272284 2.754000 1.008519
v -0.254000 2.777000 1.020000
v -0.257502 2.777000 1.037603
v -0.267473 2.777000 1.052527
v -0.282397 2.777000 1.062498
v -0.300000 2.777000 1.066000
v -0.317603 2.777000 1.062498
v -0.332527 2.777000 1.052527
v -0.342498 2.777000 1.037603
v -0.346000 2.777000 1.020000
v -0.342498 2.777000 1.002397
v -0.332527 2.777000 0.987473
v -0.317603 2.777000 0.977502
v -0.300000 2.777000 0.974000
v -0.282397 2.777000 0.977502
v -0.267473 2.777000 0.987473
v -0.257502 2.777000 1.002397
v -0.270000 2.784000 1.020000
v -0.272284 2.784000 1.031481
v -0.278787 2.784000 1.041213
v -0.288519 2.784000 1.047716
v -0.300000 2.784000 1.050000
v -0.311481 2.784000 1.047716
v -0.321213 2.784000 1.041213
v -0.327716 2.784000 1.031481
v -0.330000 2.784000 1.020000
v -0.327716 2.784000 1.008519
v -0.321213 2.784000 0.998787
v -0.311481 2.784000 0.992284
v -0.300000 2.784000 0.990000
v -0.288519 2.784000 0.992284
v -0.278787 2.784000 0.998787
v -0.272284 2.784000 1.008519
v -0.270000 2.798000 1.020000
v -0.272284 2.798000 1.031481
v -0.278787 2.798000 1.041213
v -0.288519 2.798000 1.047716
v -0.300000 2.798000 1.050000
v -0.311481 2.798000 1.047716
v -0.321213 2.798000 1.041213
v -0.327716 2.798000 1.031481
v -0.330000 2.798000 1.020000
v -0.327716 2.798000 1.008519
v -0.321213 2.798000 0.998787
v -0.311481 2.798000 0.992284
v -0.300000 2.798000 0.990000
v -0.288519 2.798000 0.992284
v -0.278787 2.798000 0.998787
v -0.272284 2.798000 1.008519
v -0.254000 2.807000 1.020000
v -0.257502 2.807000 1.037603
v -0.267473 2.807000 1.052527
v -0.282397 2.807000 1.062498
v -0.300000 2.807000 1.066000
v -0.317603 2.807000 1.062498
v -0.332527 2.807000 1.052527
v -0.342498 2.807000 1.037603
v -0.346000 2.807000 1.020000
v -0.342498 2.807000 1.002397
v -0.332527 2.807000 0.987473
v -0.317603 2.807000 0.977502
v -0.300000 2.807000 0.974000
v -0.282397 2.807000 0.977502
v -0.267473 2.807000 0.987473
v -0.257502 2.807000 1.002397
v -0.270000 2.814000 1.020000
v -0.272284 2.814000 1.031481
v -0.278787 2.814000 1.041213
v -0.288519 2.814000 1.047716
v -0.300000 2.814000 1.050000
v -0.311481 2.814000 1.047716
v -0.321213 2.814000 1.041213
v -0.327716 2.814000 1.031481
v -0.330000 2.814000 1.020000
v -0.327716 2.814000 1.008519
v -0.321213 2.814000 0.998787
v -0.311481 2.814000 0.992284
v -0.300000 2.814000 0.990000
v -0.288519 2.814000 0.992284
v -0.278787 2.814000 0.998787
v -0.272284 2.814000 1.008519
v -0.270000 2.828000 1.020000
v -0.272284 2.828000 1.031481
v -0.278787 2.828000 1.041213
v -0.288519 2.828000 1.047716
v -0.300000 2.828000 1.050000
v -0.311481 2.828000 1.047716
v -0.321213 2.828000 1.041213
v -0.327716 2.828000 1.031481
v -0.330000 2.828000 1.020000
v -0.327716 2.828000 1.008519
v -0.321213 2.828000 0.998787
v -0.311481 2.828000 0.992284
v -0.300000 2.828000 0.990000
v -0.288519 2.828000 0.992284
v -0.278787 2.828000 0.998787
v -0.272284 2.828000 1.008519
v -0.254000 2.837000 1.020000
v -0.257502 2.837000 1.037603
v -0.267473 2.837000 1.052527
v -0.282397 2.837000 1.062498
v -0.300000 2.837000 1.066000
v -0.317603 2.837000 1.062498
v -0.332527 2.837000 1.052527
v -0.342498 2.837000 1.037603
v -0.346000 2.837000 1.020000
v -0.342498 2.837000 1.002397
v -0.332527 2.837000 0.987473
v -0.317603 2.837000 0.977502
v -0.300000 2.837000 0.974000
v -0.282397 2.837000 0.977502
v -0.267473 2.837000 0.987473
v -0.257502 2.837000 1.002397
v -0.270000 2.844000 1.020000
v -0.272284 2.844000 1.031481
v -0.278787 2.844000 1.041213
v -0.288519 2.844000 1.047716
v -0.300000 2.844000 1.050000
v -0.311481 2.844000 1.047716
v -0.321213 2.844000 1.041213
v -0.327716 2.844000 1.031481
v -0.330000 2.844000 1.020000
v -0.327716 2.844000 1.008519
v -0.321213 2.844000 0.998787
v -0.311481 2.844000 0.992284
v -0.300000 2.844000 0.990000
v -0.288519 2.844000 0.992284
v -0.278787 2.844000 0.998787
v -0.272284 2.844000 1.008519
v -0.270000 2.858000 1.020000
v -0.272284 2.858000 1.031481
v -0.278787 2.858000 1.041213
v -0.288519 2.858000 1.047716
v -0.300000 2.858000 1.050000
v -0.311481 2.858000 1.047716
v -0.321213 2.858000 1.041213
v -0.327716 2.858000 1.031481
v -0.330000 2.858000 1.020000
v -0.327716 2.858000 1.008519
v -0.321213 2.858000 0.998787
v -0.311481 2.858000 0.992284
v -0.300000 2.858000 0.990000
v -0.288519 2.858000 0.992284
v -0.278787 2.858000 0.998787
v -0.272284 2.858000 1.008519
v -0.254000 2.867000 1.020000
v -0.257502 2.867000 1.037603
v -0.267473 2.867000 1.052527
v -0.282397 2.867000 1.062498
v -0.300000 2.867000 1.066000
v -0.317603 2.867000 1.062498
v -0.332527 2.867000 1.052527
v -0.342498 2.867000 1.037603
v -0.346000 2.867000 1.020000
v -0.342498 2.867000 1.002397
v -0.332527 2.867000 0.987473
v -0.317603 2.867000 0.977502
v -0.300000 2.867000 0.974000
v -0.282397 2.867000 0.977502
v -0.267473 2.867000 0.987473
v -0.257502 2.867000 1.002397
v -0.270000 2.874000 1.020000
v -0.272284 2.874000 1.031481
v -0.278787 2.874000 1.041213
v -0.288519 2.874000 1.047716
v -0.300000 2.874000 1.050000
v -0.311481 2.874000 1.047716
v -0.321213 2.874000 1.041213
v -0.327716 2.874000 1.031481
v -0.330000 2.874000 1.020000
v -0.327716 2.874000 1.008519
v -0.321213 2.874000 0.998787
v -0.311481 2.874000 0.992284
v -0.300000 2.874000 0.990000
v -0.288519 2.874000 0.992284
v -0.278787 2.874000 0.998787
v -0.272284 2.874000 1.008519
v -0.270000 2.888000 1.020000
v -0.272284 2.888000 1.031481
v -0.278787 2.888000 1.041213
v -0.288519 2.888000 1.047716
v -0.300000 2.888000 1.050000
v -0.311481 2.888000 1.047716
v -0.321213 2.888000 1.041213
v -0.327716 2.888000 1.031481
v -0.330000 2.888000 1.020000
v -0.327716 2.888000 1.008519
v -0.321213 2.888000 0.998787
v -0.311481 2.888000 0.992284
v -0.300000 2.888000 0.990000
v -0.288519 2.888000 0.992284
v -0.278787 2.888000 0.998787
v -0.272284 2.888000 1.008519
v -0.254000 2.897000 1.020000
v -0.257502 2.897000 1.037603
v -0.267473 2.897000 1.052527
v -0.282397 2.897000 1.062498
v -0.300000 2.897000 1.066000
v -0.317603 2.897000 1.062498
v -0.332527 2.897000 1.052527
v -0.342498 2.897000 1.037603
v -0.346000 2.897000 1.020000
v -0.342498 2.897000 1.002397
v -0.332527 2.897000 0.987473
v -0.317603 2.897000 0.977502
v -0.300000 2.897000 0.974000
v -0.282397 2.897000 0.977502
v -0.267473 2.897000 0.987473
v -0.257502 2.897000 1.002397
v -0.270000 2.904000 1.020000
v -0.272284 2.904000 1.031481
v -0.278787 2.904000 1.041213
v -0.288519 2.904000 1.047716
v -0.300000 2.904000 1.050000
v -0.311481 2.904000 1.047716
v -0.321213 2.904000 1.041213
v -0.327716 2.904000 1.031481
v -0.330000 2.904000 1.020000
v -0.327716 2.904000 1.008519
v -0.321213 2.904000 0.998787
v -0.311481 2.904000 0.992284
v -0.300000 2.904000 0.990000
v -0.288519 2.904000 0.992284
v -0.278787 2.904000 0.998787
v -0.272284 2.904000 1.008519
v -0.270000 2.918000 1.020000
v -0.272284 2.918000 1.031481
v -0.278787 2.918000 1.041213
v -0.288519 2.918000 1.047716
v -0.300000 2.918000 1.050000
v -0.311481 2.918000 1.047716
v -0.321213 2.918000 1.041213
v -0.327716 2.918000 1.031481
v -0.330000 2.918000 1.020000
v -0.327716 2.918000 1.008519
v -0.321213 2.918000 0.998787
v -0.311481 2.918000 0.992284
v -0.300000 2.918000 0.990000
v -0.288519 2.918000 0.992284
v -0.278787 2.918000 0.998787
v -0.272284 2.918000 1.008519
v -0.254000 2.927000 1.020000
v -0.257502 2.927000 1.037603
v -0.267473 2.927000 1.052527
v -0.282397 2.927000 1.062498
v -0.300000 2.927000 1.066000
v -0.317603 2.927000 1.062498
v -0.332527 2.927000 1.052527
v -0.342498 2.927000 1.037603
v -0.346000 2.927000 1.020000
v -0.342498 2.927000 1.002397
v -0.332527 2.927000 0.987473
v -0.317603 2.927000 0.977502
v -0.300000 2.927000 0.974000
v -0.282397 2.927000 0.977502
v -0.267473 2.927000 0.987473
v -0.257502 2.927000 1.002397
v -0.270000 2.934000 1.020000
v -0.272284 2.934000 1.031481
v -0.278787 2.934000 1.041213
v -0.288519 2.934000 1.047716
v -0.300000 2.934000 1.050000
v -0.311481 2.934000 1.047716
v -0.321213 2.934000 1.041213
v -0.327716 2.934000 1.031481
v -0.330000 2.934000 1.020000
v -0.327716 2.934000 1.008519
v -0.321213 2.934000 0.998787
v -0.311481 2.934000 0.992284
v -0.300000 2.934000 0.990000
v -0.288519 2.934000 0.992284
v -0.278787 2.934000 0.998787
v -0.272284 2.934000 1.008519
v -0.270000 2.948000 1.020000
v -0.272284 2.948000 1.031481
v -0.278787 2.948000 1.041213
v -0.288519 2.948000 1.047716
v -0.300000 2.948000 1.050000
v -0.311481 2.948000 1.047716
v -0.321213 2.948000 1.041213
v -0.327716 2.948000 1.031481
v -0.330000 2.948000 1.020000
v -0.327716 2.948000 1.008519
v -0.321213 2.948000 0.998787
v -0.311481 2.948000 0.992284
v -0.300000 2.948000 0.990000
v -0.288519 2.948000 0.992284
v -0.278787 2.948000 0.998787
v -0.272284 2.948000 1.008519
v -0.254000 2.957000 1.020000
v -0.257502 2.957000 1.037603
v -0.267473 2.957000 1.052527
v -0.282397 2.957000 1.062498
v -0.300000 2.957000 1.066000
v -0.317603 2.957000 1.062498
v -0.332527 2.957000 1.052527
v -0.342498 2.957000 1.037603
v -0.346000 2.957000 1.020000
v -0.342498 2.957000 1.002397
v -0.332527 2.957000 0.987473
v -0.317603 2.957000 0.977502
v -0.300000 2.957000 0.974000
v -0.282397 2.957000 0.977502
v -0.267473 2.957000 0.987473
v -0.257502 2.957000 1.002397
v -0.270000 2.964000 1.020000
v -0.272284 2.964000 1.031481
v -0.278787 2.964000 1.041213
v -0.288519 2.964000 1.047716
v -0.300000 2.964000 1.050000
v -0.311481 2.964000 1.047716
v -0.321213 2.964000 1.041213
v -0.327716 2.964000 1.031481
v -0.330000 2.964000 1.020000
v -0.327716 2.964000 1.008519
v -0.321213 2.964000 0.998787
v -0.311481 2.964000 0.992284
v -0.300000 2.964000 0.990000
v -0.288519 2.964000 0.992284
v -0.278787 2.964000 0.998787
v -0.272284 2.964000 1.008519
v -0.270000 2.978000 1.020000
v -0.272284 2.978000 1.031481
v -0.278787 2.978000 1.041213
v -0.288519 2.978000 1.047716
v -0.300000 2.978000 1.050000
v -0.311481 2.978000 1.047716
v -0.321213 2.978000 1.041213
v -0.327716 2.978000 1.031481
v -0.330000 2.978000 1.020000
v -0.327716 2.978000 1.008519
v -0.321213 2.978000 0.998787
v -0.311481 2.978000 0.992284
v -0.300000 2.978000 0.990000
v -0.288519 2.978000 0.992284
v -0.278787 2.978000 0.998787
v -0.272284 2.978000 1.008519
v -0.254000 2.987000 1.020000
v -0.257502 2.987000 1.037603
v -0.267473 2.987000 1.052527
v -0.282397 2.987000 1.062498
v -0.300000 2.987000 1.066000
v -0.317603 2.987000 1.062498
v -0.332527 2.987000 1.052527
v -0.342498 2.987000 1.037603
v -0.346000 2.987000 1.020000
v -0.342498 2.987000 1.002397
v -0.332527 2.987000 0.987473
v -0.317603 2.987000 0.977502
v -0.300000 2.987000 0.974000
v -0.282397 2.987000 0.977502
v -0.267473 2.987000 0.987473
v -0.257502 2.987000 1.002397
v -0.270000 2.994000 1.020000
v -0.272284 2.994000 1.031481
v -0.278787 2.994000 1.041213
v -0.288519 2.994000 1.047716
v -0.300000 2.994000 1.050000
v -0.311481 2.994000 1.047716
v -0.321213 2.994000 1.041213
v -0.327716 2.994000 1.031481
v -0.330000 2.994000 1.020000
v -0.327716 2.994000 1.008519
v -0.321213 2.994000 0.998787
v -0.311481 2.994000 0.992284
v -0.300000 2.994000 0.990000
v -0.288519 2.994000 0.992284
v -0.278787 2.994000 0.998787
v -0.272284 2.994000 1.008519
v -0.274000 3.016000 1.020000
v -0.275979 3.016000 1.029950
v -0.281615 3.016000 1.038385
v -0.290050 3.016000 1.044021
v -0.300000 3.016000 1.046000
v -0.309950 3.016000 1.044021
v -0.318385 3.016000 1.038385
v -0.324021 3.016000 1.029950
v -0.326000 3.016000 1.020000
v -0.324021 3.016000 1.010050
v -0.318385 3.016000 1.001615
v -0.309950 3.016000 0.995979
v -0.300000 3.016000 0.994000
v -0.290050 3.016000 0.995979
v -0.281615 3.016000 1.001615
v -0.275979 3.016000 1.010050
v -0.300000 3.016000 1.020000
v -0.284000 3.028000 1.020000
v -0.285218 3.028000 1.026123
v -0.285218 3.004000 1.026123
v -0.284000 3.004000 1.020000
v -0.288686 3.028000 1.031314
v -0.288686 3.004000 1.031314
v -0.293877 3.028000 1.034782
v -0.293877 3.004000 1.034782
v -0.300000 3.028000 1.036000
v -0.300000 3.004000 1.036000
v -0.306123 3.028000 1.034782
v -0.306123 3.004000 1.034782
v -0.311314 3.028000 1.031314
v -0.311314 3.004000 1.031314
v -0.314782 3.028000 1.026123
v -0.314782 3.004000 1.026123
v -0.316000 3.028000 1.020000
v -0.316000 3.004000 1.020000
v -0.314782 3.028000 1.013877
v -0.314782 3.004000 1.013877
v -0.311314 3.028000 1.008686
v -0.311314 3.004000 1.008686
v -0.306123 3.028000 1.005218
v -0.306123 3.004000 1.005218
v -0.300000 3.028000 1.004000
v -0.300000 3.004000 1.004000
v -0.293877 3.028000 1.005218
v -0.293877 3.004000 1.005218
v -0.288686 3.028000 1.008686
v -0.288686 3.004000 1.008686
v -0.285218 3.028000 1.013877
v -0.285218 3.004000 1.013877
v -0.308000 2.738000 1.070000
v -0.292000 2.738000 1.070000
v -0.292000 2.738000 1.082000
v -0.308000 2.738000 1.082000
v -0.308000 2.770000 1.082000
v -0.292000 2.770000 1.082000
v -0.292000 2.770000 1.070000
v -0.308000 2.770000 1.070000
v 0.052000 2.754000 1.020000
v 0.048042 2.754000 1.039900
v 0.048042 2.726000 1.039900
v 0.052000 2.726000 1.020000
v 0.036770 2.754000 1.056770
v 0.036770 2.726000 1.056770
v 0.019900 2.754000 1.068042
v 0.019900 2.726000 1.068042
v 0.000000 2.754000 1.072000
v 0.000000 2.726000 1.072000
v -0.019900 2.754000 1.068042
v -0.019900 2.726000 1.068042
v -0.036770 2.754000 1.056770
v -0.036770 2.726000 1.056770
v -0.048042 2.754000 1.039900
v -0.048042 2.726000 1.039900
v -0.052000 2.754000 1.020000
v -0.052000 2.726000 1.020000
v -0.048042 2.754000 1.000100
v -0.048042 2.726000 1.000100
v -0.036770 2.754000 0.983230
v -0.036770 2.726000 0.983230
v -0.019900 2.754000 0.971958
v -0.019900 2.726000 0.971958
v -0.000000 2.754000 0.968000
v -0.000000 2.726000 0.968000
v 0.019900 2.754000 0.971958
v 0.019900 2.726000 0.971958
v 0.036770 2.754000 0.983230
v 0.036770 2.726000 0.983230
v 0.048042 2.754000 1.000100
v 0.048042 2.726000 1.000100
v 0.030000 2.768000 1.020000
v 0.027716 2.768000 1.031481
v 0.027716 2.754000 1.031481
v 0.030000 2.754000 1.020000
v 0.021213 2.768000 1.041213
v 0.021213 2.754000 1.041213
v 0.011481 2.768000 1.047716
v 0.011481 2.754000 1.047716
v 0.000000 2.768000 1.050000
v 0.000000 2.754000 1.050000
v -0.011481 2.768000 1.047716
v -0.011481 2.754000 1.047716
v -0.021213 2.768000 1.041213
v -0.021213 2.754000 1.041213
v -0.027716 2.768000 1.031481
v -0.027716 2.754000 1.031481
v -0.030000 2.768000 1.020000
v -0.030000 2.754000 1.020000
v -0.027716 2.768000 1.008519
v -0.027716 2.754000 1.008519
v -0.021213 2.768000 0.998787
v -0.021213 2.754000 0.998787
v -0.011481 2.768000 0.992284
v -0.011481 2.754000 0.992284
v -0.000000 2.768000 0.990000
v -0.000000 2.754000 0.990000
v 0.011481 2.768000 0.992284
v 0.011481 2.754000 0.992284
v 0.021213 2.768000 0.998787
v 0.021213 2.754000 0.998787
v 0.027716 2.768000 1.008519
v 0.027716 2.754000 1.008519
v 0.046000 2.777000 1.020000
v 0.042498 2.777000 1.037603
v 0.032527 2.777000 1.052527
v 0.017603 2.777000 1.062498
v 0.000000 2.777000 1.066000
v -0.017603 2.777000 1.062498
v -0.032527 2.777000 1.052527
v -0.042498 2.777000 1.037603
v -0.046000 2.777000 1.020000
v -0.042498 2.777000 1.002397
v -0.032527 2.777000 0.987473
v -0.017603 2.777000 0.977502
v -0.000000 2.777000 0.974000
v 0.017603 2.777000 0.977502
v 0.032527 2.777000 0.987473
v 0.042498 2.777000 1.002397
v 0.030000 2.784000 1.020000
v 0.027716 2.784000 1.031481
v 0.021213 2.784000 1.041213
v 0.011481 2.784000 1.047716
v 0.000000 2.784000 1.050000
v -0.011481 2.784000 1.047716
v -0.021213 2.784000 1.041213
v -0.027716 2.784000 1.031481
v -0.030000 2.784000 1.020000
v -0.027716 2.784000 1.008519
v -0.021213 2.784000 0.998787
v -0.011481 2.784000 0.992284
v -0.000000 2.784000 0.990000
v 0.011481 2.784000 0.992284
v 0.021213 2.784000 0.998787
v 0.027716 2.784000 1.008519
v 0.030000 2.798000 1.020000
v 0.027716 2.798000 1.031481
v 0.021213 2.798000 1.041213
v 0.011481 2.798000 1.047716
v 0.000000 2.798000 1.050000
v -0.011481 2.798000 1.047716
v -0.021213 2.798000 1.041213
v -0.027716 2.798000 1.031481
v -0.030000 2.798000 1.020000
v -0.027716 2.798000 1.008519
v -0.021213 2.798000 0.998787
v -0.011481 2.798000 0.992284
v -0.000000 2.798000 0.990000
v 0.011481 2.798000 0.992284
v 0.021213 2.798000 0.998787
v 0.027716 2.798000 1.008519
v 0.046000 2.807000 1.020000
v 0.042498 2.807000 1.037603
v 0.032527 2.807000 1.052527
v 0.017603 2.807000 1.062498
v 0.000000 2.807000 1.066000
v -0.017603 2.807000 1.062498
v -0.032527 2.807000 1.052527
v -0.042498 2.807000 1.037603
v -0.046000 2.807000 1.020000
v -0.042498 2.807000 1.002397
v -0.032527 2.807000 0.987473
v -0.017603 2.807000 0.977502
v -0.000000 2.807000 0.974000
v 0.017603 2.807000 0.977502
v 0.032527 2.807000 0.987473
v 0.042498 2.807000 1.002397
v 0.030000 2.814000 1.020000
v 0.027716 2.814000 1.031481
v 0.021213 2.814000 1.041213
v 0.011481 2.814000 1.047716
v 0.000000 2.814000 1.050000
v -0.011481 2.814000 1.047716
v -0.021213 2.814000 1.041213
v -0.027716 2.814000 1.031481
v -0.030000 2.814000 1.020000
v -0.027716 2.814000 1.008519
v -0.021213 2.814000 0.998787
v -0.011481 2.814000 0.992284
v -0.000000 2.814000 0.990000
v 0.011481 2.814000 0.992284
v 0.021213 2.814000 0.998787
v 0.027716 2.814000 1.008519
v 0.030000 2.828000 1.020000
v 0.027716 2.828000 1.031481
v 0.021213 2.828000 1.041213
v 0.011481 2.828000 1.047716
v 0.000000 2.828000 1.050000
v -0.011481 2.828000 1.047716
v -0.021213 2.828000 1.041213
v -0.027716 2.828000 1.031481
v -0.030000 2.828000 1.020000
v -0.027716 2.828000 1.008519
v -0.021213 2.828000 0.998787
v -0.011481 2.828000 0.992284
v -0.000000 2.828000 0.990000
v 0.011481 2.828000 0.992284
v 0.021213 2.828000 0.998787
v 0.027716 2.828000 1.008519
v 0.046000 2.837000 1.020000
v 0.042498 2.837000 1.037603
v 0.032527 2.837000 1.052527
v 0.017603 2.837000 1.062498
v 0.000000 2.837000 1.066000
v -0.017603 2.837000 1.062498
v -0.032527 2.837000 1.052527
v -0.042498 2.837000 1.037603
v -0.046000 2.837000 1.020000
v -0.042498 2.837000 1.002397
v -0.032527 2.837000 0.987473
v -0.017603 2.837000 0.977502
v -0.000000 2.837000 0.974000
v 0.017603 2.837000 0.977502
v 0.032527 2.837000 0.987473
v 0.042498 2.837000 1.002397
v 0.030000 2.844000 1.020000
v 0.027716 2.844000 1.031481
v 0.021213 2.844000 1.041213
v 0.011481 2.844000 1.047716
v 0.000000 2.844000 1.050000
v -0.011481 2.844000 1.047716
v -0.021213 2.844000 1.041213
v -0.027716 2.844000 1.031481
v -0.030000 2.844000 1.020000
v -0.027716 2.844000 1.008519
v -0.021213 2.844000 0.998787
v -0.011481 2.844000 0.992284
v -0.000000 2.844000 0.990000
v 0.011481 2.844000 0.992284
v 0.021213 2.844000 0.998787
v 0.027716 2.844000 1.008519
v 0.030000 2.858000 1.020000
v 0.027716 2.858000 1.031481
v 0.021213 2.858000 1.041213
v 0.011481 2.858000 1.047716
v 0.000000 2.858000 1.050000
v -0.011481 2.858000 1.047716
v -0.021213 2.858000 1.041213
v -0.027716 2.858000 1.031481
v -0.030000 2.858000 1.020000
v -0.027716 2.858000 1.008519
v -0.021213 2.858000 0.998787
v -0.011481 2.858000 0.992284
v -0.000000 2.858000 0.990000
v 0.011481 2.858000 0.992284
v 0.021213 2.858000 0.998787
v 0.027716 2.858000 1.008519
v 0.046000 2.867000 1.020000
v 0.042498 2.867000 1.037603
v 0.032527 2.867000 1.052527
v 0.017603 2.867000 1.062498
v 0.000000 2.867000 1.066000
v -0.017603 2.867000 1.062498
v -0.032527 2.867000 1.052527
v -0.042498 2.867000 1.037603
v -0.046000 2.867000 1.020000
v -0.042498 2.867000 1.002397
v -0.032527 2.867000 0.987473
v -0.017603 2.867000 0.977502
v -0.000000 2.867000 0.974000
v 0.017603 2.867000 0.977502
v 0.032527 2.867000 0.987473
v 0.042498 2.867000 1.002397
v 0.030000 2.874000 1.020000
v 0.027716 2.874000 1.031481
v 0.021213 2.874000 1.041213
v 0.011481 2.874000 1.047716
v 0.000000 2.874000 1.050000
v -0.011481 2.874000 1.047716
v -0.021213 2.874000 1.041213
v -0.027716 2.874000 1.031481
v -0.030000 2.874000 1.020000
v -0.027716 2.874000 1.008519
v -0.021213 2.874000 0.998787
v -0.011481 2.874000 0.992284
v -0.000000 2.874000 0.990000
v 0.011481 2.874000 0.992284
v 0.021213 2.874000 0.998787
v 0.027716 2.874000 1.008519
v 0.030000 2.888000 1.020000
v 0.027716 2.888000 1.031481
v 0.021213 2.888000 1.041213
v 0.011481 2.888000 1.047716
v 0.000000 2.888000 1.050000
v -0.011481 2.888000 1.047716
v -0.021213 2.888000 1.041213
v -0.027716 2.888000 1.031481
v -0.030000 2.888000 1.020000
v -0.027716 2.888000 1.008519
v -0.021213 2.888000 0.998787
v -0.011481 2.888000 0.992284
v -0.000000 2.888000 0.990000
v 0.011481 2.888000 0.992284
v 0.021213 2.888000 0.998787
v 0.027716 2.888000 1.008519
v 0.046000 2.897000 1.020000
v 0.042498 2.897000 1.037603
v 0.032527 2.897000 1.052527
v 0.017603 2.897000 1.062498
v 0.000000 2.897000 1.066000
v -0.017603 2.897000 1.062498
v -0.032527 2.897000 1.052527
v -0.042498 2.897000 1.037603
v -0.046000 2.897000 1.020000
v -0.042498 2.897000 1.002397
v -0.032527 2.897000 0.987473
v -0.017603 2.897000 0.977502
v -0.000000 2.897000 0.974000
v 0.017603 2.897000 0.977502
v 0.032527 2.897000 0.987473
v 0.042498 2.897000 1.002397
v 0.030000 2.904000 1.020000
v 0.027716 2.904000 1.031481
v 0.021213 2.904000 1.041213
v 0.011481 2.904000 1.047716
v 0.000000 2.904000 1.050000
v -0.011481 2.904000 1.047716
v -0.021213 2.904000 1.041213
v -0.027716 2.904000 1.031481
v -0.030000 2.904000 1.020000
v -0.027716 2.904000 1.008519
v -0.021213 2.904000 0.998787
v -0.011481 2.904000 0.992284
v -0.000000 2.904000 0.990000
v 0.011481 2.904000 0.992284
v 0.021213 2.904000 0.998787
v 0.027716 2.904000 1.008519
v 0.030000 2.918000 1.020000
v 0.027716 2.918000 1.031481
v 0.021213 2.918000 1.041213
v 0.011481 2.918000 1.047716
v 0.000000 2.918000 1.050000
v -0.011481 2.918000 1.047716
v -0.021213 2.918000 1.041213
v -0.027716 2.918000 1.031481
v -0.030000 2.918000 1.020000
v -0.027716 2.918000 1.008519
v -0.021213 2.918000 0.998787
v -0.011481 2.918000 0.992284
v -0.000000 2.918000 0.990000
v 0.011481 2.918000 0.992284
v 0.021213 2.918000 0.998787
v 0.027716 2.918000 1.008519
v 0.046000 2.927000 1.020000
v 0.042498 2.927000 1.037603
v 0.032527 2.927000 1.052527
v 0.017603 2.927000 1.062498
v 0.000000 2.927000 1.066000
v -0.017603 2.927000 1.062498
v -0.032527 2.927000 1.052527
v -0.042498 2.927000 1.037603
v -0.046000 2.927000 1.020000
v -0.042498 2.927000 1.002397
v -0.032527 2.927000 0.987473
v -0.017603 2.927000 0.977502
v -0.000000 2.927000 0.974000
v 0.017603 2.927000 0.977502
v 0.032527 2.927000 0.987473
v 0.042498 2.927000 1.002397
v 0.030000 2.934000 1.020000
v 0.027716 2.934000 1.031481
v 0.021213 2.934000 1.041213
v 0.011481 2.934000 1.047716
v 0.000000 2.934000 1.050000
v -0.011481 2.934000 1.047716
v -0.021213 2.934000 1.041213
v -0.027716 2.934000 1.031481
v -0.030000 2.934000 1.020000
v -0.027716 2.934000 1.008519
v -0.021213 2.934000 0.998787
v -0.011481 2.934000 0.992284
v -0.000000 2.934000 0.990000
v 0.011481 2.934000 0.992284
v 0.021213 2.934000 0.998787
v 0.027716 2.934000 1.008519
v 0.030000 2.948000 1.020000
v 0.027716 2.948000 1.031481
v 0.021213 2.948000 1.041213
v 0.011481 2.948000 1.047716
v 0.000000 2.948000 1.050000
v -0.011481 2.948000 1.047716
v -0.021213 2.948000 1.041213
v -0.027716 2.948000 1.031481
v -0.030000 2.948000 1.020000
v -0.027716 2.948000 1.008519
v -0.021213 2.948000 0.998787
v -0.011481 2.948000 0.992284
v -0.000000 2.948000 0.990000
v 0.011481 2.948000 0.992284
v 0.021213 2.948000 0.998787
v 0.027716 2.948000 1.008519
v 0.046000 2.957000 1.020000
v 0.042498 2.957000 1.037603
v 0.032527 2.957000 1.052527
v 0.017603 2.957000 1.062498
v 0.000000 2.957000 1.066000
v -0.017603 2.957000 1.062498
v -0.032527 2.957000 1.052527
v -0.042498 2.957000 1.037603
v -0.046000 2.957000 1.020000
v -0.042498 2.957000 1.002397
v -0.032527 2.957000 0.987473
v -0.017603 2.957000 0.977502
v -0.000000 2.957000 0.974000
v 0.017603 2.957000 0.977502
v 0.032527 2.957000 0.987473
v 0.042498 2.957000 1.002397
v 0.030000 2.964000 1.020000
v 0.027716 2.964000 1.031481
v 0.021213 2.964000 1.041213
v 0.011481 2.964000 1.047716
v 0.000000 2.964000 1.050000
v -0.011481 2.964000 1.047716
v -0.021213 2.964000 1.041213
v -0.027716 2.964000 1.031481
v -0.030000 2.964000 1.020000
v -0.027716 2.964000 1.008519
v -0.021213 2.964000 0.998787
v -0.011481 2.964000 0.992284
v -0.000000 2.964000 0.990000
v 0.011481 2.964000 0.992284
v 0.021213 2.964000 0.998787
v 0.027716 2.964000 1.008519
v 0.030000 2.978000 1.020000
v 0.027716 2.978000 1.031481
v 0.021213 2.978000 1.041213
v 0.011481 2.978000 1.047716
v 0.000000 2.978000 1.050000
v -0.011481 2.978000 1.047716
v -0.021213 2.978000 1.041213
v -0.027716 2.978000 1.031481
v -0.030000 2.978000 1.020000
v -0.027716 2.978000 1.008519
v -0.021213 2.978000 0.998787
v -0.011481 2.978000 0.992284
v -0.000000 2.978000 0.990000
v 0.011481 2.978000 0.992284
v 0.021213 2.978000 0.998787
v 0.027716 2.978000 1.008519
v 0.046000 2.987000 1.020000
v 0.042498 2.987000 1.037603
v 0.032527 2.987000 1.052527
v 0.017603 2.987000 1.062498
v 0.000000 2.987000 1.066000
v -0.017603 2.987000 1.062498
v -0.032527 2.987000 1.052527
v -0.042498 2.987000 1.037603
v -0.046000 2.987000 1.020000
v -0.042498 2.987000 1.002397
v -0.032527 2.987000 0.987473
v -0.017603 2.987000 0.977502
v -0.000000 2.987000 0.974000
v 0.017603 2.987000 0.977502
v 0.032527 2.987000 0.987473
v 0.042498 2.987000 1.002397
v 0.030000 2.994000 1.020000
v 0.027716 2.994000 1.031481
v 0.021213 2.994000 1.041213
v 0.011481 2.994000 1.047716
v 0.000000 2.994000 1.050000
v -0.011481 2.994000 1.047716
v -0.021213 2.994000 1.041213
v -0.027716 2.994000 1.031481
v -0.030000 2.994000 1.020000
v -0.027716 2.994000 1.008519
v -0.021213 2.994000 0.998787
v -0.011481 2.994000 0.992284
v -0.000000 2.994000 0.990000
v 0.011481 2.994000 0.992284
v 0.021213 2.994000 0.998787
v 0.027716 2.994000 1.008519
v 0.026000 3.016000 1.020000
v 0.024021 3.016000 1.029950
v 0.018385 3.016000 1.038385
v 0.009950 3.016000 1.044021
v 0.000000 3.016000 1.046000
v -0.009950 3.016000 1.044021
v -0.018385 3.016000 1.038385
v -0.024021 3.016000 1.029950
v -0.026000 3.016000 1.020000
v -0.024021 3.016000 1.010050
v -0.018385 3.016000 1.001615
v -0.009950 3.016000 0.995979
v -0.000000 3.016000 0.994000
v 0.009950 3.016000 0.995979
v 0.018385 3.016000 1.001615
v 0.024021 3.016000 1.010050
v 0.000000 3.016000 1.020000
v 0.016000 3.028000 1.020000
v 0.014782 3.028000 1.026123
v 0.014782 3.004000 1.026123
v 0.016000 3.004000 1.020000
v 0.011314 3.028000 1.031314
v 0.011314 3.004000 1.031314
v 0.006123 3.028000 1.034782
v 0.006123 3.004000 1.034782
v 0.000000 3.028000 1.036000
v 0.000000 3.004000 1.036000
v -0.006123 3.028000 1.034782
v -0.006123 3.004000 1.034782
v -0.011314 3.028000 1.031314
v -0.011314 3.004000 1.031314
v -0.014782 3.028000 1.026123
v -0.014782 3.004000 1.026123
v -0.016000 3.028000 1.020000
v -0.016000 3.004000 1.020000
v -0.014782 3.028000 1.013877
v -0.014782 3.004000 1.013877
v -0.011314 3.028000 1.008686
v -0.011314 3.004000 1.008686
v -0.006123 3.028000 1.005218
v -0.006123 3.004000 1.005218
v -0.000000 3.028000 1.004000
v -0.000000 3.004000 1.004000
v 0.006123 3.028000 1.005218
v 0.006123 3.004000 1.005218
v 0.011314 3.028000 1.008686
v 0.011314 3.004000 1.008686
v 0.014782 3.028000 1.013877
v 0.014782 3.004000 1.013877
v -0.008000 2.738000 1.070000
v 0.008000 2.738000 1.070000
v 0.008000 2.738000 1.082000
v -0.008000 2.738000 1.082000
v -0.008000 2.770000 1.082000
v 0.008000 2.770000 1.082000
v 0.008000 2.770000 1.070000
v -0.008000 2.770000 1.070000
v 0.352000 2.754000 1.020000
v 0.348042 2.754000 1.039900
v 0.348042 2.726000 1.039900
v 0.352000 2.726000 1.020000
v 0.336770 2.754000 1.056770
v 0.336770 2.726000 1.056770
v 0.319900 2.754000 1.068042
v 0.319900 2.726000 1.068042
v 0.300000 2.754000 1.072000
v 0.300000 2.726000 1.072000
v 0.280100 2.754000 1.068042
v 0.280100 2.726000 1.068042
v 0.263230 2.754000 1.056770
v 0.263230 2.726000 1.056770
v 0.251958 2.754000 1.039900
v 0.251958 2.726000 1.039900
v 0.248000 2.754000 1.020000
v 0.248000 2.726000 1.020000
v 0.251958 2.754000 1.000100
v 0.251958 2.726000 1.000100
v 0.263230 2.754000 0.983230
v 0.263230 2.726000 0.983230
v 0.280100 2.754000 0.971958
v 0.280100 2.726000 0.971958
v 0.300000 2.754000 0.968000
v 0.300000 2.726000 0.968000
v 0.319900 2.754000 0.971958
v 0.319900 2.726000 0.971958
v 0.336770 2.754000 0.983230
v 0.336770 2.726000 0.983230
v 0.348042 2.754000 1.000100
v 0.348042 2.726000 1.000100
v 0.330000 2.768000 1.020000
v 0.327716 2.768000 1.031481
v 0.327716 2.754000 1.031481
v 0.330000 2.754000 1.020000
v 0.321213 2.768000 1.041213
v 0.321213 2.754000 1.041213
v 0.311481 2.768000 1.047716
v 0.311481 2.754000 1.047716
v 0.300000 2.768000 1.050000
v 0.300000 2.754000 1.050000
v 0.288519 2.768000 1.047716
v 0.288519 2.754000 1.047716
v 0.278787 2.768000 1.041213
v 0.278787 2.754000 1.041213
v 0.272284 2.768000 1.031481
v 0.272284 2.754000 1.031481
v 0.270000 2.768000 1.020000
v 0.270000 2.754000 1.020000
v 0.272284 2.768000 1.008519
v 0.272284 2.754000 1.008519
v 0.278787 2.768000 0.998787
v 0.278787 2.754000 0.998787
v 0.288519 2.768000 0.992284
v 0.288519 2.754000 0.992284
v 0.300000 2.768000 0.990000
v 0.300000 2.754000 0.990000
v 0.311481 2.768000 0.992284
v 0.311481 2.754000 0.992284
v 0.321213 2.768000 0.998787
v 0.321213 2.754000 0.998787
v 0.327716 2.768000 1.008519
v 0.327716 2.754000 1.008519
v 0.346000 2.777000 1.020000
v 0.342498 2.777000 1.037603
v 0.332527 2.777000 1.052527
v 0.317603 2.777000 1.062498
v 0.300000 2.777000 1.066000
v 0.282397 2.777000 1.062498
v 0.267473 2.777000 1.052527
v 0.257502 2.777000 1.037603
v 0.254000 2.777000 1.020000
v 0.257502 2.777000 1.002397
v 0.267473 2.777000 0.987473
v 0.282397 2.777000 0.977502
v 0.300000 2.777000 0.974000
v 0.317603 2.777000 0.977502
v 0.332527 2.777000 0.987473
v 0.342498 2.777000 1.002397
v 0.330000 2.784000 1.020000
v 0.327716 2.784000 1.031481
v 0.321213 2.784000 1.041213
v 0.311481 2.784000 1.047716
v 0.300000 2.784000 1.050000
v 0.288519 2.784000 1.047716
v 0.278787 2.784000 1.041213
v 0.272284 2.784000 1.031481
v 0.270000 2.784000 1.020000
v 0.272284 2.784000 1.008519
v 0.278787 2.784000 0.998787
v 0.288519 2.784000 0.992284
v 0.300000 2.784000 0.990000
v 0.311481 2.784000 0.992284
v 0.321213 2.784000 0.998787
v 0.327716 2.784000 1.008519
v 0.330000 2.798000 1.020000
v 0.327716 2.798000 1.031481
v 0.321213 2.798000 1.041213
v 0.311481 2.798000 1.047716
v 0.300000 2.798000 1.050000
v 0.288519 2.798000 1.047716
v 0.278787 2.798000 1.041213
v 0.272284 2.798000 1.031481
v 0.270000 2.798000 1.020000
v 0.272284 2.798000 1.008519
v 0.278787 2.798000 0.998787
v 0.288519 2.798000 0.992284
v 0.300000 2.798000 0.990000
v 0.311481 2.798000 0.992284
v 0.321213 2.798000 0.998787
v 0.327716 2.798000 1.008519
v 0.346000 2.807000 1.020000
v 0.342498 2.807000 1.037603
v 0.332527 2.807000 1.052527
v 0.317603 2.807000 1.062498
v 0.300000 2.807000 1.066000
v 0.282397 2.807000 1.062498
v 0.267473 2.807000 1.052527
v 0.257502 2.807000 1.037603
v 0.254000 2.807000 1.020000
v 0.257502 2.807000 1.002397
v 0.267473 2.807000 0.987473
v 0.282397 2.807000 0.977502
v 0.300000 2.807000 0.974000
v 0.317603 2.807000 0.977502
v 0.332527 2.807000 0.987473
v 0.342498 2.807000 1.002397
v 0.330000 2.814000 1.020000
v 0.327716 2.814000 1.031481
v 0.321213 2.814000 1.041213
v 0.311481 2.814000 1.047716
v 0.300000 2.814000 1.050000
v 0.288519 2.814000 1.047716
v 0.278787 2.814000 1.041213
v 0.272284 2.814000 1.031481
v 0.270000 2.814000 1.020000
v 0.272284 2.814000 1.008519
v 0.278787 2.814000 0.998787
v 0.288519 2.814000 0.992284
v 0.300000 2.814000 0.990000
v 0.311481 2.814000 0.992284
v 0.321213 2.814000 0.998787
v 0.327716 2.814000 1.008519
v 0.330000 2.828000 1.020000
v 0.327716 2.828000 1.031481
v 0.321213 2.828000 1.041213
v 0.311481 2.828000 1.047716
v 0.300000 2.828000 1.050000
v 0.288519 2.828000 1.047716
v 0.278787 2.828000 1.041213
v 0.272284 2.828000 1.031481
v 0.270000 2.828000 1.020000
v 0.272284 2.828000 1.008519
v 0.278787 2.828000 0.998787
v 0.288519 2.828000 0.992284
v 0.300000 2.828000 0.990000
v 0.311481 2.828000 0.992284
v 0.321213 2.828000 0.998787
v 0.327716 2.828000 1.008519
v 0.346000 2.837000 1.020000
v 0.342498 2.837000 1.037603
v 0.332527 2.837000 1.052527
v 0.317603 2.837000 1.062498
v 0.300000 2.837000 1.066000
v 0.282397 2.837000 1.062498
v 0.267473 2.837000 1.052527
v 0.257502 2.837000 1.037603
v 0.254000 2.837000 1.020000
v 0.257502 2.837000 1.002397
v 0.267473 2.837000 0.987473
v 0.282397 2.837000 0.977502
v 0.300000 2.837000 0.974000
v 0.317603 2.837000 0.977502
v 0.332527 2.837000 0.987473
v 0.342498 2.837000 1.002397
v 0.330000 2.844000 1.020000
v 0.327716 2.844000 1.031481
v 0.321213 2.844000 1.041213
v 0.311481 2.844000 1.047716
v 0.300000 2.844000 1.050000
v 0.288519 2.844000 1.047716
v 0.278787 2.844000 1.041213
v 0.272284 2.844000 1.031481
v 0.270000 2.844000 1.020000
v 0.272284 2.844000 1.008519
v 0.278787 2.844000 0.998787
v 0.288519 2.844000 0.992284
v 0.300000 2.844000 0.990000
v 0.311481 2.844000 0.992284
v 0.321213 2.844000 0.998787
v 0.327716 2.844000 1.008519
v 0.330000 2.858000 1.020000
v 0.327716 2.858000 1.031481
v 0.321213 2.858000 1.041213
v 0.311481 2.858000 1.047716
v 0.300000 2.858000 1.050000
v 0.288519 2.858000 1.047716
v 0.278787 2.858000 1.041213
v 0.272284 2.858000 1.031481
v 0.270000 2.858000 1.020000
v 0.272284 2.858000 1.008519
v 0.278787 2.858000 0.998787
v 0.288519 2.858000 0.992284
v 0.300000 2.858000 0.990000
v 0.311481 2.858000 0.992284
v 0.321213 2.858000 0.998787
v 0.327716 2.858000 1.008519
v 0.346000 2.867000 1.020000
v 0.342498 2.867000 1.037603
v 0.332527 2.867000 1.052527
v 0.317603 2.867000 1.062498
v 0.300000 2.867000 1.066000
v 0.282397 2.867000 1.062498
v 0.267473 2.867000 1.052527
v 0.257502 2.867000 1.037603
v 0.254000 2.867000 1.020000
v 0.257502 2.867000 1.002397
v 0.267473 2.867000 0.987473
v 0.282397 2.867000 0.977502
v 0.300000 2.867000 0.974000
v 0.317603 2.867000 0.977502
v 0.332527 2.867000 0.987473
v 0.342498 2.867000 1.002397
v 0.330000 2.874000 1.020000
v 0.327716 2.874000 1.031481
v 0.321213 2.874000 1.041213
v 0.311481 2.874000 1.047716
v 0.300000 2.874000 1.050000
v 0.288519 2.874000 1.047716
v 0.278787 2.874000 1.041213
v 0.272284 2.874000 1.031481
v 0.270000 2.874000 1.020000
v 0.272284 2.874000 1.008519
v 0.278787 2.874000 0.998787
v 0.288519 2.874000 0.992284
v 0.300000 2.874000 0.990000
v 0.311481 2.874000 0.992284
v 0.321213 2.874000 0.998787
v 0.327716 2.874000 1.008519
v 0.330000 2.888000 1.020000
v 0.327716 2.888000 1.031481
v 0.321213 2.888000 1.041213
v 0.311481 2.888000 1.047716
v 0.300000 2.888000 1.050000
v 0.288519 2.888000 1.047716
v 0.278787 2.888000 1.041213
v 0.272284 2.888000 1.031481
v 0.270000 2.888000 1.020000
v 0.272284 2.888000 1.008519
v 0.278787 2.888000 0.998787
v 0.288519 2.888000 0.992284
v 0.300000 2.888000 0.990000
v 0.311481 2.888000 0.992284
v 0.321213 2.888000 0.998787
v 0.327716 2.888000 1.008519
v 0.346000 2.897000 1.020000
v 0.342498 2.897000 1.037603
v 0.332527 2.897000 1.052527
v 0.317603 2.897000 1.062498
v 0.300000 2.897000 1.066000
v 0.282397 2.897000 1.062498
v 0.267473 2.897000 1.052527
v 0.257502 2.897000 1.037603
v 0.254000 2.897000 1.020000
v 0.257502 2.897000 1.002397
v 0.267473 2.897000 0.987473
v 0.282397 2.897000 0.977502
v 0.300000 2.897000 0.974000
v 0.317603 2.897000 0.977502
v 0.332527 2.897000 0.987473
v 0.342498 2.897000 1.002397
v 0.330000 2.904000 1.020000
v 0.327716 2.904000 1.031481
v 0.321213 2.904000 1.041213
v 0.311481 2.904000 1.047716
v 0.300000 2.904000 1.050000
v 0.288519 2.904000 1.047716
v 0.278787 2.904000 1.041213
v 0.272284 2.904000 1.031481
v 0.270000 2.904000 1.020000
v 0.272284 2.904000 1.008519
v 0.278787 2.904000 0.998787
v 0.288519 2.904000 0.992284
v 0.300000 2.904000 0.990000
v 0.311481 2.904000 0.992284
v 0.321213 2.904000 0.998787
v 0.327716 2.904000 1.008519
v 0.330000 2.918000 1.020000
v 0.327716 2.918000 1.031481
v 0.321213 2.918000 1.041213
v 0.311481 2.918000 1.047716
v 0.300000 2.918000 1.050000
v 0.288519 2.918000 1.047716
v 0.278787 2.918000 1.041213
v 0.272284 2.918000 1.031481
v 0.270000 2.918000 1.020000
v 0.272284 2.918000 1.008519
v 0.278787 2.918000 0.998787
v 0.288519 2.918000 0.992284
v 0.300000 2.918000 0.990000
v 0.311481 2.918000 0.992284
v 0.321213 2.918000 0.998787
v 0.327716 2.918000 1.008519
v 0.346000 2.927000 1.020000
v 0.342498 2.927000 1.037603
v 0.332527 2.927000 1.052527
v 0.317603 2.927000 1.062498
v 0.300000 2.927000 1.066000
v 0.282397 2.927000 1.062498
v 0.267473 2.927000 1.052527
v 0.257502 2.927000 1.037603
v 0.254000 2.927000 1.020000
v 0.257502 2.927000 1.002397
v 0.267473 2.927000 0.987473
v 0.282397 2.927000 0.977502
v 0.300000 2.927000 0.974000
v 0.317603 2.927000 0.977502
v 0.332527 2.927000 0.987473
v 0.342498 2.927000 1.002397
v 0.330000 2.934000 1.020000
v 0.327716 2.934000 1.031481
v 0.321213 2.934000 1.041213
v 0.311481 2.934000 1.047716
v 0.300000 2.934000 1.050000
v 0.288519 2.934000 1.047716
v 0.278787 2.934000 1.041213
v 0.272284 2.934000 1.031481
v 0.270000 2.934000 1.020000
v 0.272284 2.934000 1.008519
v 0.278787 2.934000 0.998787
v 0.288519 2.934000 0.992284
v 0.300000 2.934000 0.990000
v 0.311481 2.934000 0.992284
v 0.321213 2.934000 0.998787
v 0.327716 2.934000 1.008519
v 0.330000 2.948000 1.020000
v 0.327716 2.948000 1.031481
v 0.321213 2.948000 1.041213
v 0.311481 2.948000 1.047716
v 0.300000 2.948000 1.050000
v 0.288519 2.948000 1.047716
v 0.278787 2.948000 1.041213
v 0.272284 2.948000 1.031481
v 0.270000 2.948000 1.020000
v 0.272284 2.948000 1.008519
v 0.278787 2.948000 0.998787
v 0.288519 2.948000 0.992284
v 0.300000 2.948000 0.990000
v 0.311481 2.948000 0.992284
v 0.321213 2.948000 0.998787
v 0.327716 2.948000 1.008519
v 0.346000 2.957000 1.020000
v 0.342498 2.957000 1.037603
v 0.332527 2.957000 1.052527
v 0.317603 2.957000 1.062498
v 0.300000 2.957000 1.066000
v 0.282397 2.957000 1.062498
v 0.267473 2.957000 1.052527
v 0.257502 2.957000 1.037603
v 0.254000 2.957000 1.020000
v 0.257502 2.957000 1.002397
v 0.267473 2.957000 0.987473
v 0.282397 2.957000 0.977502
v 0.300000 2.957000 0.974000
v 0.317603 2.957000 0.977502
v 0.332527 2.957000 0.987473
v 0.342498 2.957000 1.002397
v 0.330000 2.964000 1.020000
v 0.327716 2.964000 1.031481
v 0.321213 2.964000 1.041213
v 0.311481 2.964000 1.047716
v 0.300000 2.964000 1.050000
v 0.288519 2.964000 1.047716
v 0.278787 2.964000 1.041213
v 0.272284 2.964000 1.031481
v 0.270000 2.964000 1.020000
v 0.272284 2.964000 1.008519
v 0.278787 2.964000 0.998787
v 0.288519 2.964000 0.992284
v 0.300000 2.964000 0.990000
v 0.311481 2.964000 0.992284
v 0.321213 2.964000 0.998787
v 0.327716 2.964000 1.008519
v 0.330000 2.978000 1.020000
v 0.327716 2.978000 1.031481
v 0.321213 2.978000 1.041213
v 0.311481 2.978000 1.047716
v 0.300000 2.978000 1.050000
v 0.288519 2.978000 1.047716
v 0.278787 2.978000 1.041213
v 0.272284 2.978000 1.031481
v 0.270000 2.978000 1.020000
v 0.272284 2.978000 1.008519
v 0.278787 2.978000 0.998787
v 0.288519 2.978000 0.992284
v 0.300000 2.978000 0.990000
v 0.311481 2.978000 0.992284
v 0.321213 2.978000 0.998787
v 0.327716 2.978000 1.008519
v 0.346000 2.987000 1.020000
v 0.342498 2.987000 1.037603
v 0.332527 2.987000 1.052527
v 0.317603 2.987000 1.062498
v 0.300000 2.987000 1.066000
v 0.282397 2.987000 1.062498
v 0.267473 2.987000 1.052527
v 0.257502 2.987000 1.037603
v 0.254000 2.987000 1.020000
v 0.257502 2.987000 1.002397
v 0.267473 2.987000 0.987473
v 0.282397 2.987000 0.977502
v 0.300000 2.987000 0.974000
v 0.317603 2.987000 0.977502
v 0.332527 2.987000 0.987473
v 0.342498 2.987000 1.002397
v 0.330000 2.994000 1.020000
v 0.327716 2.994000 1.031481
v 0.321213 2.994000 1.041213
v 0.311481 2.994000 1.047716
v 0.300000 2.994000 1.050000
v 0.288519 2.994000 1.047716
v 0.278787 2.994000 1.041213
v 0.272284 2.994000 1.031481
v 0.270000 2.994000 1.020000
v 0.272284 2.994000 1.008519
v 0.278787 2.994000 0.998787
v 0.288519 2.994000 0.992284
v 0.300000 2.994000 0.990000
v 0.311481 2.994000 0.992284
v 0.321213 2.994000 0.998787
v 0.327716 2.994000 1.008519
v 0.326000 3.016000 1.020000
v 0.324021 3.016000 1.029950
v 0.318385 3.016000 1.038385
v 0.309950 3.016000 1.044021
v 0.300000 3.016000 1.046000
v 0.290050 3.016000 1.044021
v 0.281615 3.016000 1.038385
v 0.275979 3.016000 1.029950
v 0.274000 3.016000 1.020000
v 0.275979 3.016000 1.010050
v 0.281615 3.016000 1.001615
v 0.290050 3.016000 0.995979
v 0.300000 3.016000 0.994000
v 0.309950 3.016000 0.995979
v 0.318385 3.016000 1.001615
v 0.324021 3.016000 1.010050
v 0.300000 3.016000 1.020000
v 0.316000 3.028000 1.020000
v 0.314782 3.028000 1.026123
v 0.314782 3.004000 1.026123
v 0.316000 3.004000 1.020000
v 0.311314 3.028000 1.031314
v 0.311314 3.004000 1.031314
v 0.306123 3.028000 1.034782
v 0.306123 3.004000 1.034782
v 0.300000 3.028000 1.036000
v 0.300000 3.004000 1.036000
v 0.293877 3.028000 1.034782
v 0.293877 3.004000 1.034782
v 0.288686 3.028000 1.031314
v 0.288686 3.004000 1.031314
v 0.285218 3.028000 1.026123
v 0.285218 3.004000 1.026123
v 0.284000 3.028000 1.020000
v 0.284000 3.004000 1.020000
v 0.285218 3.028000 1.013877
v 0.285218 3.004000 1.013877
v 0.288686 3.028000 1.008686
v 0.288686 3.004000 1.008686
v 0.293877 3.028000 1.005218
v 0.293877 3.004000 1.005218
v 0.300000 3.028000 1.004000
v 0.300000 3.004000 1.004000
v 0.306123 3.028000 1.005218
v 0.306123 3.004000 1.005218
v 0.311314 3.028000 1.008686
v 0.311314 3.004000 1.008686
v 0.314782 3.028000 1.013877
v 0.314782 3.004000 1.013877
v 0.292000 2.738000 1.070000
v 0.308000 2.738000 1.070000
v 0.308000 2.738000 1.082000
v 0.292000 2.738000 1.082000
v 0.292000 2.770000 1.082000
v 0.308000 2.770000 1.082000
v 0.308000 2.770000 1.070000
v 0.292000 2.770000 1.070000
v 0.200000 1.620000 -1.196000
v 0.420000 1.620000 -1.196000
v 0.420000 1.620000 -1.192000
v 0.200000 1.620000 -1.192000
v 0.200000 1.920000 -1.192000
v 0.420000 1.920000 -1.192000
v 0.420000 1.920000 -1.196000
v 0.200000 1.920000 -1.196000
v 0.380000 0.240000 1.160000
v 0.520000 0.240000 1.160000
v 0.520000 0.240000 1.180000
v 0.380000 0.240000 1.180000
v 0.380000 0.300000 1.180000
v 0.520000 0.300000 1.180000
v 0.520000 0.300000 1.160000
v 0.380000 0.300000 1.160000
v 0.430000 0.270000 1.180000
v 0.425000 0.278660 1.180000
v 0.425000 0.278660 1.194000
v 0.430000 0.270000 1.194000
v 0.415000 0.278660 1.180000
v 0.415000 0.278660 1.194000
v 0.410000 0.270000 1.180000
v 0.410000 0.270000 1.194000
v 0.415000 0.261340 1.180000
v 0.415000 0.261340 1.194000
v 0.425000 0.261340 1.180000
v 0.425000 0.261340 1.194000
v 0.439550 0.270000 1.179160
v 0.438062 0.277481 1.179160
v 0.438062 0.277481 1.180840
v 0.439550 0.270000 1.180840
v 0.433824 0.283824 1.179160
v 0.433824 0.283824 1.180840
v 0.427481 0.288062 1.179160
v 0.427481 0.288062 1.180840
v 0.420000 0.289550 1.179160
v 0.420000 0.289550 1.180840
v 0.412519 0.288062 1.179160
v 0.412519 0.288062 1.180840
v 0.406176 0.283824 1.179160
v 0.406176 0.283824 1.180840
v 0.401938 0.277481 1.179160
v 0.401938 0.277481 1.180840
v 0.400450 0.270000 1.179160
v 0.400450 0.270000 1.180840
v 0.401938 0.262519 1.179160
v 0.401938 0.262519 1.180840
v 0.406176 0.256176 1.179160
v 0.406176 0.256176 1.180840
v 0.412519 0.251938 1.179160
v 0.412519 0.251938 1.180840
v 0.420000 0.250450 1.179160
v 0.420000 0.250450 1.180840
v 0.427481 0.251938 1.179160
v 0.427481 0.251938 1.180840
v 0.433824 0.256176 1.179160
v 0.433824 0.256176 1.180840
v 0.438062 0.262519 1.179160
v 0.438062 0.262519 1.180840
v 0.434722 0.278500 1.180000
v 0.420000 0.287000 1.180000
v 0.420000 0.287000 1.182800
v 0.434722 0.278500 1.182800
v 0.405278 0.278500 1.180000
v 0.405278 0.278500 1.182800
v 0.405278 0.261500 1.180000
v 0.405278 0.261500 1.182800
v 0.420000 0.253000 1.180000
v 0.420000 0.253000 1.182800
v 0.434722 0.261500 1.180000
v 0.434722 0.261500 1.182800
v 0.490000 0.270000 1.180000
v 0.485000 0.278660 1.180000
v 0.485000 0.278660 1.194000
v 0.490000 0.270000 1.194000
v 0.475000 0.278660 1.180000
v 0.475000 0.278660 1.194000
v 0.470000 0.270000 1.180000
v 0.470000 0.270000 1.194000
v 0.475000 0.261340 1.180000
v 0.475000 0.261340 1.194000
v 0.485000 0.261340 1.180000
v 0.485000 0.261340 1.194000
v 0.499550 0.270000 1.179160
v 0.498062 0.277481 1.179160
v 0.498062 0.277481 1.180840
v 0.499550 0.270000 1.180840
v 0.493824 0.283824 1.179160
v 0.493824 0.283824 1.180840
v 0.487481 0.288062 1.179160
v 0.487481 0.288062 1.180840
v 0.480000 0.289550 1.179160
v 0.480000 0.289550 1.180840
v 0.472519 0.288062 1.179160
v 0.472519 0.288062 1.180840
v 0.466176 0.283824 1.179160
v 0.466176 0.283824 1.180840
v 0.461938 0.277481 1.179160
v 0.461938 0.277481 1.180840
v 0.460450 0.270000 1.179160
v 0.460450 0.270000 1.180840
v 0.461938 0.262519 1.179160
v 0.461938 0.262519 1.180840
v 0.466176 0.256176 1.179160
v 0.466176 0.256176 1.180840
v 0.472519 0.251938 1.179160
v 0.472519 0.251938 1.180840
v 0.480000 0.250450 1.179160
v 0.480000 0.250450 1.180840
v 0.487481 0.251938 1.179160
v 0.487481 0.251938 1.180840
v 0.493824 0.256176 1.179160
v 0.493824 0.256176 1.180840
v 0.498062 0.262519 1.179160
v 0.498062 0.262519 1.180840
v 0.494722 0.278500 1.180000
v 0.480000 0.287000 1.180000
v 0.480000 0.287000 1.182800
v 0.494722 0.278500 1.182800
v 0.465278 0.278500 1.180000
v 0.465278 0.278500 1.182800
v 0.465278 0.261500 1.180000
v 0.465278 0.261500 1.182800
v 0.480000 0.253000 1.180000
v 0.480000 0.253000 1.182800
v 0.494722 0.261500 1.180000
v 0.494722 0.261500 1.182800
v 0.524000 0.270000 1.164000
v 0.544000 0.270000 1.164000
v 0.544000 0.270000 1.176000
v 0.524000 0.270000 1.176000
v 0.524000 2.550000 1.176000
v 0.544000 2.550000 1.176000
v 0.544000 2.550000 1.164000
v 0.524000 2.550000 1.164000
v -0.340000 0.160000 1.160000
v 0.340000 0.160000 1.160000
v 0.340000 0.160000 1.186000
v -0.340000 0.160000 1.186000
v -0.340000 0.480000 1.186000
v 0.340000 0.480000 1.186000
v 0.340000 0.480000 1.160000
v -0.340000 0.480000 1.160000
v -0.221000 0.176000 1.173000
v -0.222446 0.176000 1.180271
v -0.222446 0.132000 1.180271
v -0.221000 0.132000 1.173000
v -0.226565 0.176000 1.186435
v -0.226565 0.132000 1.186435
v -0.232729 0.176000 1.190554
v -0.232729 0.132000 1.190554
v -0.240000 0.176000 1.192000
v -0.240000 0.132000 1.192000
v -0.247271 0.176000 1.190554
v -0.247271 0.132000 1.190554
v -0.253435 0.176000 1.186435
v -0.253435 0.132000 1.186435
v -0.257554 0.176000 1.180271
v -0.257554 0.132000 1.180271
v -0.259000 0.176000 1.173000
v -0.259000 0.132000 1.173000
v -0.257554 0.176000 1.165729
v -0.257554 0.132000 1.165729
v -0.253435 0.176000 1.159565
v -0.253435 0.132000 1.159565
v -0.247271 0.176000 1.155446
v -0.247271 0.132000 1.155446
v -0.240000 0.176000 1.154000
v -0.240000 0.132000 1.154000
v -0.232729 0.176000 1.155446
v -0.232729 0.132000 1.155446
v -0.226565 0.176000 1.159565
v -0.226565 0.132000 1.159565
v -0.222446 0.176000 1.165729
v -0.222446 0.132000 1.165729
v -0.101000 0.176000 1.173000
v -0.102446 0.176000 1.180271
v -0.102446 0.132000 1.180271
v -0.101000 0.132000 1.173000
v -0.106565 0.176000 1.186435
v -0.106565 0.132000 1.186435
v -0.112729 0.176000 1.190554
v -0.112729 0.132000 1.190554
v -0.120000 0.176000 1.192000
v -0.120000 0.132000 1.192000
v -0.127271 0.176000 1.190554
v -0.127271 0.132000 1.190554
v -0.133435 0.176000 1.186435
v -0.133435 0.132000 1.186435
v -0.137554 0.176000 1.180271
v -0.137554 0.132000 1.180271
v -0.139000 0.176000 1.173000
v -0.139000 0.132000 1.173000
v -0.137554 0.176000 1.165729
v -0.137554 0.132000 1.165729
v -0.133435 0.176000 1.159565
v -0.133435 0.132000 1.159565
v -0.127271 0.176000 1.155446
v -0.127271 0.132000 1.155446
v -0.120000 0.176000 1.154000
v -0.120000 0.132000 1.154000
v -0.112729 0.176000 1.155446
v -0.112729 0.132000 1.155446
v -0.106565 0.176000 1.159565
v -0.106565 0.132000 1.159565
v -0.102446 0.176000 1.165729
v -0.102446 0.132000 1.165729
v 0.019000 0.176000 1.173000
v 0.017554 0.176000 1.180271
v 0.017554 0.132000 1.180271
v 0.019000 0.132000 1.173000
v 0.013435 0.176000 1.186435
v 0.013435 0.132000 1.186435
v 0.007271 0.176000 1.190554
v 0.007271 0.132000 1.190554
v 0.000000 0.176000 1.192000
v 0.000000 0.132000 1.192000
v -0.007271 0.176000 1.190554
v -0.007271 0.132000 1.190554
v -0.013435 0.176000 1.186435
v -0.013435 0.132000 1.186435
v -0.017554 0.176000 1.180271
v -0.017554 0.132000 1.180271
v -0.019000 0.176000 1.173000
v -0.019000 0.132000 1.173000
v -0.017554 0.176000 1.165729
v -0.017554 0.132000 1.165729
v -0.013435 0.176000 1.159565
v -0.013435 0.132000 1.159565
v -0.007271 0.176000 1.155446
v -0.007271 0.132000 1.155446
v -0.000000 0.176000 1.154000
v -0.000000 0.132000 1.154000
v 0.007271 0.176000 1.155446
v 0.007271 0.132000 1.155446
v 0.013435 0.176000 1.159565
v 0.013435 0.132000 1.159565
v 0.017554 0.176000 1.165729
v 0.017554 0.132000 1.165729
v 0.139000 0.176000 1.173000
v 0.137554 0.176000 1.180271
v 0.137554 0.132000 1.180271
v 0.139000 0.132000 1.173000
v 0.133435 0.176000 1.186435
v 0.133435 0.132000 1.186435
v 0.127271 0.176000 1.190554
v 0.127271 0.132000 1.190554
v 0.120000 0.176000 1.192000
v 0.120000 0.132000 1.192000
v 0.112729 0.176000 1.190554
v 0.112729 0.132000 1.190554
v 0.106565 0.176000 1.186435
v 0.106565 0.132000 1.186435
v 0.102446 0.176000 1.180271
v 0.102446 0.132000 1.180271
v 0.101000 0.176000 1.173000
v 0.101000 0.132000 1.173000
v 0.102446 0.176000 1.165729
v 0.102446 0.132000 1.165729
v 0.106565 0.176000 1.159565
v 0.106565 0.132000 1.159565
v 0.112729 0.176000 1.155446
v 0.112729 0.132000 1.155446
v 0.120000 0.176000 1.154000
v 0.120000 0.132000 1.154000
v 0.127271 0.176000 1.155446
v 0.127271 0.132000 1.155446
v 0.133435 0.176000 1.159565
v 0.133435 0.132000 1.159565
v 0.137554 0.176000 1.165729
v 0.137554 0.132000 1.165729
v 0.259000 0.176000 1.173000
v 0.257554 0.176000 1.180271
v 0.257554 0.132000 1.180271
v 0.259000 0.132000 1.173000
v 0.253435 0.176000 1.186435
v 0.253435 0.132000 1.186435
v 0.247271 0.176000 1.190554
v 0.247271 0.132000 1.190554
v 0.240000 0.176000 1.192000
v 0.240000 0.132000 1.192000
v 0.232729 0.176000 1.190554
v 0.232729 0.132000 1.190554
v 0.226565 0.176000 1.186435
v 0.226565 0.132000 1.186435
v 0.222446 0.176000 1.180271
v 0.222446 0.132000 1.180271
v 0.221000 0.176000 1.173000
v 0.221000 0.132000 1.173000
v 0.222446 0.176000 1.165729
v 0.222446 0.132000 1.165729
v 0.226565 0.176000 1.159565
v 0.226565 0.132000 1.159565
v 0.232729 0.176000 1.155446
v 0.232729 0.132000 1.155446
v 0.240000 0.176000 1.154000
v 0.240000 0.132000 1.154000
v 0.247271 0.176000 1.155446
v 0.247271 0.132000 1.155446
v 0.253435 0.176000 1.159565
v 0.253435 0.132000 1.159565
v 0.257554 0.176000 1.165729
v 0.257554 0.132000 1.165729
vn 0.0000 -1.0000 0.0000
vn 0.0000 1.0000 0.0000
vn 0.0000 0.0000 -1.0000
vn 0.0000 0.0000 1.0000
vn -1.0000 0.0000 0.0000
vn 1.0000 0.0000 0.0000
vn 0.9808 0.0000 0.1951
vn 0.8315 0.0000 0.5556
vn 0.5556 0.0000 0.8315
vn 0.1951 0.0000 0.9808
vn -0.1951 0.0000 0.9808
vn -0.5556 0.0000 0.8315
vn -0.8315 0.0000 0.5556
vn -0.9808 0.0000 0.1951
vn -0.9808 0.0000 -0.1951
vn -0.8315 0.0000 -0.5556
vn -0.5556 0.0000 -0.8315
vn -0.1951 0.0000 -0.9808
vn 0.1951 0.0000 -0.9808
vn 0.5556 0.0000 -0.8315
vn 0.8315 0.0000 -0.5556
vn 0.9808 0.0000 -0.1951
vn -0.1463 0.7356 0.4330
vn -0.0000 0.0000 0.8660
vn 0.1463 -0.7356 0.4330
vn 0.1463 -0.7356 -0.4330
vn 0.0000 -0.0000 -0.8660
vn -0.1463 0.7356 -0.4330
vn -0.2870 0.6929 0.4330
vn 0.2870 -0.6929 0.4330
vn 0.2870 -0.6929 -0.4330
vn -0.2870 0.6929 -0.4330
vn -0.5303 0.5303 0.4330
vn 0.5303 -0.5303 0.4330
vn 0.5303 -0.5303 -0.4330
vn -0.5303 0.5303 -0.4330
vn -0.6929 0.2870 0.4330
vn 0.6929 -0.2870 0.4330
vn 0.6929 -0.2870 -0.4330
vn -0.6929 0.2870 -0.4330
vn -0.7500 0.0000 0.4330
vn 0.7500 -0.0000 0.4330
vn 0.7500 0.0000 -0.4330
vn -0.7500 0.0000 -0.4330
vn -0.6929 -0.2870 0.4330
vn 0.6929 0.2870 0.4330
vn 0.6929 0.2870 -0.4330
vn -0.6929 -0.2870 -0.4330
vn -0.5303 -0.5303 0.4330
vn 0.5303 0.5303 0.4330
vn 0.5303 0.5303 -0.4330
vn -0.5303 -0.5303 -0.4330
vn -0.2870 -0.6929 0.4330
vn 0.2870 0.6929 0.4330
vn 0.2870 0.6929 -0.4330
vn -0.2870 -0.6929 -0.4330
vn 0.0000 -0.7500 0.4330
vn 0.0000 0.7500 0.4330
vn 0.0000 0.7500 -0.4330
vn 0.0000 -0.7500 -0.4330
vn 0.7348 0.6624 0.1462
vn 0.6229 0.6624 0.4162
vn 0.4162 0.6624 0.6229
vn 0.1462 0.6624 0.7348
vn -0.1462 0.6624 0.7348
vn -0.4162 0.6624 0.6229
vn -0.6229 0.6624 0.4162
vn -0.7348 0.6624 0.1462
vn -0.7348 0.6624 -0.1462
vn -0.6229 0.6624 -0.4162
vn -0.4162 0.6624 -0.6229
vn -0.1462 0.6624 -0.7348
vn 0.1462 0.6624 -0.7348
vn 0.4162 0.6624 -0.6229
vn 0.6229 0.6624 -0.4162
vn 0.7348 0.6624 -0.1462
vn 0.7351 0.6620 0.1462
vn 0.6232 0.6620 0.4164
vn 0.4164 0.6620 0.6232
vn 0.1462 0.6620 0.7351
vn -0.1462 0.6620 0.7351
vn -0.4164 0.6620 0.6232
vn -0.6232 0.6620 0.4164
vn -0.7351 0.6620 0.1462
vn -0.7351 0.6620 -0.1462
vn -0.6232 0.6620 -0.4164
vn -0.4164 0.6620 -0.6232
vn -0.1462 0.6620 -0.7351
vn 0.1462 0.6620 -0.7351
vn 0.4164 0.6620 -0.6232
vn 0.6232 0.6620 -0.4164
vn 0.7351 0.6620 -0.1462
vn 0.8673 0.4668 0.1725
vn 0.7353 0.4668 0.4913
vn 0.4913 0.4668 0.7353
vn 0.1725 0.4668 0.8673
vn -0.1725 0.4668 0.8673
vn -0.4913 0.4668 0.7353
vn -0.7353 0.4668 0.4913
vn -0.8673 0.4668 0.1725
vn -0.8673 0.4668 -0.1725
vn -0.7353 0.4668 -0.4913
vn -0.4913 0.4668 -0.7353
vn -0.1725 0.4668 -0.8673
vn 0.1725 0.4668 -0.8673
vn 0.4913 0.4668 -0.7353
vn 0.7353 0.4668 -0.4913
vn 0.8673 0.4668 -0.1725
vn 0.9239 -0.0000 0.3827
vn 0.3827 -0.0000 0.9239
vn -0.3827 -0.0000 0.9239
vn -0.9239 -0.0000 0.3827
vn -0.9239 -0.0000 -0.3827
vn -0.3827 -0.0000 -0.9239
vn 0.3827 -0.0000 -0.9239
vn 0.9239 -0.0000 -0.3827
vn 0.3948 -0.9041 0.1636
vn 0.1636 -0.9041 0.3948
vn -0.1636 -0.9041 0.3948
vn -0.3948 -0.9041 0.1636
vn -0.3948 -0.9041 -0.1636
vn -0.1636 -0.9041 -0.3948
vn 0.1636 -0.9041 -0.3948
vn 0.3948 -0.9041 -0.1636
vn 0.4808 -0.8716 0.0956
vn 0.4076 -0.8716 0.2724
vn 0.2724 -0.8716 0.4076
vn 0.0956 -0.8716 0.4808
vn -0.0956 -0.8716 0.4808
vn -0.2724 -0.8716 0.4076
vn -0.4076 -0.8716 0.2724
vn -0.4808 -0.8716 0.0956
vn -0.4808 -0.8716 -0.0956
vn -0.4076 -0.8716 -0.2724
vn -0.2724 -0.8716 -0.4076
vn -0.0956 -0.8716 -0.4808
vn 0.0956 -0.8716 -0.4808
vn 0.2724 -0.8716 -0.4076
vn 0.4076 -0.8716 -0.2724
vn 0.4808 -0.8716 -0.0956
vn 0.3931 0.9162 0.0782
vn 0.3333 0.9162 0.2227
vn 0.2227 0.9162 0.3333
vn 0.0782 0.9162 0.3931
vn -0.0782 0.9162 0.3931
vn -0.2227 0.9162 0.3333
vn -0.3333 0.9162 0.2227
vn -0.3931 0.9162 0.0782
vn -0.3931 0.9162 -0.0782
vn -0.3333 0.9162 -0.2227
vn -0.2227 0.9162 -0.3333
vn -0.0782 0.9162 -0.3931
vn 0.0782 0.9162 -0.3931
vn 0.2227 0.9162 -0.3333
vn 0.3333 0.9162 -0.2227
vn 0.3931 0.9162 -0.0782
vn 0.9650 0.1789 0.1919
vn 0.8181 0.1789 0.5466
vn 0.5466 0.1789 0.8181
vn 0.1919 0.1789 0.9650
vn -0.1919 0.1789 0.9650
vn -0.5466 0.1789 0.8181
vn -0.8181 0.1789 0.5466
vn -0.9650 0.1789 0.1919
vn -0.9650 0.1789 -0.1919
vn -0.8181 0.1789 -0.5466
vn -0.5466 0.1789 -0.8181
vn -0.1919 0.1789 -0.9650
vn 0.1919 0.1789 -0.9650
vn 0.5466 0.1789 -0.8181
vn 0.8181 0.1789 -0.5466
vn 0.9650 0.1789 -0.1919
vn 0.8660 0.5000 0.0000
vn -0.8660 0.5000 0.0000
vn -0.8660 -0.5000 0.0000
vn 0.8660 -0.5000 0.0000
vn 0.9808 0.1951 0.0000
vn 0.8315 0.5556 0.0000
vn 0.5556 0.8315 0.0000
vn 0.1951 0.9808 0.0000
vn -0.1951 0.9808 0.0000
vn -0.5556 0.8315 0.0000
vn -0.8315 0.5556 0.0000
vn -0.9808 0.1951 0.0000
vn -0.9808 -0.1951 0.0000
vn -0.8315 -0.5556 0.0000
vn -0.5556 -0.8315 0.0000
vn -0.1951 -0.9808 0.0000
vn 0.1951 -0.9808 0.0000
vn 0.5556 -0.8315 0.0000
vn 0.8315 -0.5556 0.0000
vn 0.9808 -0.1951 0.0000
vn 0.5000 0.8660 0.0000
vn -0.5000 0.8660 0.0000
vn -0.5000 -0.8660 0.0000
vn 0.5000 -0.8660 0.0000
vt 0.000000 1.400000
vt 1.400000 1.400000
vt 1.400000 0.000000
vt 0.000000 0.000000
vt 0.000000 0.800000
vt 0.800000 0.800000
vt 0.800000 0.000000
vt 0.000000 1.000000
vt 1.000000 1.000000
vt 1.000000 0.000000
vt 0.000000 0.120000
vt 0.120000 0.120000
vt 0.120000 0.000000
vt 0.000000 0.100000
vt 0.100000 0.100000
vt 0.100000 0.000000
vt 0.000000 1.200000
vt 1.200000 1.200000
vt 1.200000 0.000000
vt 0.000000 0.400000
vt 0.400000 0.400000
vt 0.400000 0.000000
vt 0.000000 0.300000
vt 0.300000 0.300000
vt 0.300000 0.000000
vt 0.006250 0.100000
vt 0.006250 0.000000
vt 0.012500 0.100000
vt 0.012500 0.000000
vt 0.018750 0.100000
vt 0.018750 0.000000
vt 0.025000 0.100000
vt 0.025000 0.000000
vt 0.031250 0.100000
vt 0.031250 0.000000
vt 0.037500 0.100000
vt 0.037500 0.000000
vt 0.043750 0.100000
vt 0.043750 0.000000
vt 0.050000 0.100000
vt 0.050000 0.000000
vt 0.056250 0.100000
vt 0.056250 0.000000
vt 0.062500 0.100000
vt 0.062500 0.000000
vt 0.068750 0.100000
vt 0.068750 0.000000
vt 0.075000 0.100000
vt 0.075000 0.000000
vt 0.081250 0.100000
vt 0.081250 0.000000
vt 0.087500 0.100000
vt 0.087500 0.000000
vt 0.093750 0.100000
vt 0.093750 0.000000
vt 0.691342 0.961940
vt 0.853553 0.853553
vt 0.961940 0.691342
vt 1.000000 0.500000
vt 0.308658 0.961940
vt 0.500000 1.000000
vt 0.038060 0.691342
vt 0.146447 0.853553
vt 0.038060 0.308658
vt 0.000000 0.500000
vt 0.308658 0.038060
vt 0.146447 0.146447
vt 0.691342 0.038060
vt 0.500000 0.000000
vt 0.961940 0.308658
vt 0.853553 0.146447
vt 0.166667 0.000000
vt 0.166667 0.062500
vt 0.000000 0.062500
vt 0.333333 0.000000
vt 0.333333 0.062500
vt 0.500000 0.062500
vt 0.666667 0.000000
vt 0.666667 0.062500
vt 0.833333 0.000000
vt 0.833333 0.062500
vt 1.000000 0.062500
vt 0.166667 0.125000
vt 0.000000 0.125000
vt 0.333333 0.125000
vt 0.500000 0.125000
vt 0.666667 0.125000
vt 0.833333 0.125000
vt 1.000000 0.125000
vt 0.166667 0.187500
vt 0.000000 0.187500
vt 0.333333 0.187500
vt 0.500000 0.187500
vt 0.666667 0.187500
vt 0.833333 0.187500
vt 1.000000 0.187500
vt 0.166667 0.250000
vt 0.000000 0.250000
vt 0.333333 0.250000
vt 0.500000 0.250000
vt 0.666667 0.250000
vt 0.833333 0.250000
vt 1.000000 0.250000
vt 0.166667 0.312500
vt 0.000000 0.312500
vt 0.333333 0.312500
vt 0.500000 0.312500
vt 0.666667 0.312500
vt 0.833333 0.312500
vt 1.000000 0.312500
vt 0.166667 0.375000
vt 0.000000 0.375000
vt 0.333333 0.375000
vt 0.500000 0.375000
vt 0.666667 0.375000
vt 0.833333 0.375000
vt 1.000000 0.375000
vt 0.166667 0.437500
vt 0.000000 0.437500
vt 0.333333 0.437500
vt 0.500000 0.437500
vt 0.666667 0.437500
vt 0.833333 0.437500
vt 1.000000 0.437500
vt 0.166667 0.500000
vt 0.333333 0.500000
vt 0.500000 0.500000
vt 0.666667 0.500000
vt 0.833333 0.500000
vt 0.166667 0.562500
vt 0.000000 0.562500
vt 0.333333 0.562500
vt 0.500000 0.562500
vt 0.666667 0.562500
vt 0.833333 0.562500
vt 1.000000 0.562500
vt 0.166667 0.625000
vt 0.000000 0.625000
vt 0.333333 0.625000
vt 0.500000 0.625000
vt 0.666667 0.625000
vt 0.833333 0.625000
vt 1.000000 0.625000
vt 0.166667 0.687500
vt 0.000000 0.687500
vt 0.333333 0.687500
vt 0.500000 0.687500
vt 0.666667 0.687500
vt 0.833333 0.687500
vt 1.000000 0.687500
vt 0.166667 0.750000
vt 0.000000 0.750000
vt 0.333333 0.750000
vt 0.500000 0.750000
vt 0.666667 0.750000
vt 0.833333 0.750000
vt 1.000000 0.750000
vt 0.166667 0.812500
vt 0.000000 0.812500
vt 0.333333 0.812500
vt 0.500000 0.812500
vt 0.666667 0.812500
vt 0.833333 0.812500
vt 1.000000 0.812500
vt 0.166667 0.875000
vt 0.000000 0.875000
vt 0.333333 0.875000
vt 0.500000 0.875000
vt 0.666667 0.875000
vt 0.833333 0.875000
vt 1.000000 0.875000
vt 0.166667 0.937500
vt 0.000000 0.937500
vt 0.333333 0.937500
vt 0.500000 0.937500
vt 0.666667 0.937500
vt 0.833333 0.937500
vt 1.000000 0.937500
vt 0.166667 1.000000
vt 0.333333 1.000000
vt 0.666667 1.000000
vt 0.833333 1.000000
vt 0.000000 0.366551
vt 0.062500 0.366551
vt 0.062500 0.228541
vt 0.000000 0.228541
vt 0.125000 0.366551
vt 0.125000 0.228541
vt 0.187500 0.366551
vt 0.187500 0.228541
vt 0.250000 0.366551
vt 0.250000 0.228541
vt 0.312500 0.366551
vt 0.312500 0.228541
vt 0.375000 0.366551
vt 0.375000 0.228541
vt 0.437500 0.366551
vt 0.437500 0.228541
vt 0.500000 0.366551
vt 0.500000 0.228541
vt 0.562500 0.366551
vt 0.562500 0.228541
vt 0.625000 0.366551
vt 0.625000 0.228541
vt 0.687500 0.366551
vt 0.687500 0.228541
vt 0.750000 0.366551
vt 0.750000 0.228541
vt 0.812500 0.366551
vt 0.812500 0.228541
vt 0.875000 0.366551
vt 0.875000 0.228541
vt 0.937500 0.366551
vt 0.937500 0.228541
vt 1.000000 0.366551
vt 1.000000 0.228541
vt 0.000000 0.387120
vt 0.062500 0.387120
vt 0.125000 0.387120
vt 0.187500 0.387120
vt 0.250000 0.387120
vt 0.312500 0.387120
vt 0.375000 0.387120
vt 0.437500 0.387120
vt 0.500000 0.387120
vt 0.562500 0.387120
vt 0.625000 0.387120
vt 0.687500 0.387120
vt 0.750000 0.387120
vt 0.812500 0.387120
vt 0.875000 0.387120
vt 0.937500 0.387120
vt 1.000000 0.387120
vt 0.000000 0.404946
vt 0.062500 0.404946
vt 0.125000 0.404946
vt 0.187500 0.404946
vt 0.250000 0.404946
vt 0.312500 0.404946
vt 0.375000 0.404946
vt 0.437500 0.404946
vt 0.500000 0.404946
vt 0.562500 0.404946
vt 0.625000 0.404946
vt 0.687500 0.404946
vt 0.750000 0.404946
vt 0.812500 0.404946
vt 0.875000 0.404946
vt 0.937500 0.404946
vt 1.000000 0.404946
vt 0.000000 0.471223
vt 0.062500 0.471223
vt 0.125000 0.471223
vt 0.187500 0.471223
vt 0.250000 0.471223
vt 0.312500 0.471223
vt 0.375000 0.471223
vt 0.437500 0.471223
vt 0.500000 0.471223
vt 0.562500 0.471223
vt 0.625000 0.471223
vt 0.687500 0.471223
vt 0.750000 0.471223
vt 0.812500 0.471223
vt 0.875000 0.471223
vt 0.937500 0.471223
vt 1.000000 0.471223
vt 0.000000 0.578248
vt 0.062500 0.578248
vt 0.125000 0.578248
vt 0.187500 0.578248
vt 0.250000 0.578248
vt 0.312500 0.578248
vt 0.375000 0.578248
vt 0.437500 0.578248
vt 0.500000 0.578248
vt 0.562500 0.578248
vt 0.625000 0.578248
vt 0.687500 0.578248
vt 0.750000 0.578248
vt 0.812500 0.578248
vt 0.875000 0.578248
vt 0.937500 0.578248
vt 1.000000 0.578248
vt 0.000000 0.582819
vt 0.062500 0.582819
vt 0.125000 0.582819
vt 0.187500 0.582819
vt 0.250000 0.582819
vt 0.312500 0.582819
vt 0.375000 0.582819
vt 0.437500 0.582819
vt 0.500000 0.582819
vt 0.562500 0.582819
vt 0.625000 0.582819
vt 0.687500 0.582819
vt 0.750000 0.582819
vt 0.812500 0.582819
vt 0.875000 0.582819
vt 0.937500 0.582819
vt 1.000000 0.582819
vt 0.000000 0.616689
vt 0.062500 0.616689
vt 0.125000 0.616689
vt 0.187500 0.616689
vt 0.250000 0.616689
vt 0.312500 0.616689
vt 0.375000 0.616689
vt 0.437500 0.616689
vt 0.500000 0.616689
vt 0.562500 0.616689
vt 0.625000 0.616689
vt 0.687500 0.616689
vt 0.750000 0.616689
vt 0.812500 0.616689
vt 0.875000 0.616689
vt 0.937500 0.616689
vt 1.000000 0.616689
vt 0.000000 0.641828
vt 0.062500 0.641828
vt 0.125000 0.641828
vt 0.187500 0.641828
vt 0.250000 0.641828
vt 0.312500 0.641828
vt 0.375000 0.641828
vt 0.437500 0.641828
vt 0.500000 0.641828
vt 0.562500 0.641828
vt 0.625000 0.641828
vt 0.687500 0.641828
vt 0.750000 0.641828
vt 0.812500 0.641828
vt 0.875000 0.641828
vt 0.937500 0.641828
vt 1.000000 0.641828
vt 0.000000 0.660367
vt 0.062500 0.660367
vt 0.125000 0.660367
vt 0.187500 0.660367
vt 0.250000 0.660367
vt 0.312500 0.660367
vt 0.375000 0.660367
vt 0.437500 0.660367
vt 0.500000 0.660367
vt 0.562500 0.660367
vt 0.625000 0.660367
vt 0.687500 0.660367
vt 0.750000 0.660367
vt 0.812500 0.660367
vt 0.875000 0.660367
vt 0.937500 0.660367
vt 1.000000 0.660367
vt 0.000000 0.684136
vt 0.062500 0.684136
vt 0.125000 0.684136
vt 0.187500 0.684136
vt 0.250000 0.684136
vt 0.312500 0.684136
vt 0.375000 0.684136
vt 0.437500 0.684136
vt 0.500000 0.684136
vt 0.562500 0.684136
vt 0.625000 0.684136
vt 0.687500 0.684136
vt 0.750000 0.684136
vt 0.812500 0.684136
vt 0.875000 0.684136
vt 0.937500 0.684136
vt 1.000000 0.684136
vt 0.000000 0.704101
vt 0.062500 0.704101
vt 0.125000 0.704101
vt 0.187500 0.704101
vt 0.250000 0.704101
vt 0.312500 0.704101
vt 0.375000 0.704101
vt 0.437500 0.704101
vt 0.500000 0.704101
vt 0.562500 0.704101
vt 0.625000 0.704101
vt 0.687500 0.704101
vt 0.750000 0.704101
vt 0.812500 0.704101
vt 0.875000 0.704101
vt 0.937500 0.704101
vt 1.000000 0.704101
vt 0.000000 0.727869
vt 0.062500 0.727869
vt 0.125000 0.727869
vt 0.187500 0.727869
vt 0.250000 0.727869
vt 0.312500 0.727869
vt 0.375000 0.727869
vt 0.437500 0.727869
vt 0.500000 0.727869
vt 0.562500 0.727869
vt 0.625000 0.727869
vt 0.687500 0.727869
vt 0.750000 0.727869
vt 0.812500 0.727869
vt 0.875000 0.727869
vt 0.937500 0.727869
vt 1.000000 0.727869
vt 0.000000 0.743556
vt 0.062500 0.743556
vt 0.125000 0.743556
vt 0.187500 0.743556
vt 0.250000 0.743556
vt 0.312500 0.743556
vt 0.375000 0.743556
vt 0.437500 0.743556
vt 0.500000 0.743556
vt 0.562500 0.743556
vt 0.625000 0.743556
vt 0.687500 0.743556
vt 0.750000 0.743556
vt 0.812500 0.743556
vt 0.875000 0.743556
vt 0.937500 0.743556
vt 1.000000 0.743556
vt 0.000000 0.790179
vt 0.062500 0.790179
vt 0.125000 0.790179
vt 0.187500 0.790179
vt 0.250000 0.790179
vt 0.312500 0.790179
vt 0.375000 0.790179
vt 0.437500 0.790179
vt 0.500000 0.790179
vt 0.562500 0.790179
vt 0.625000 0.790179
vt 0.687500 0.790179
vt 0.750000 0.790179
vt 0.812500 0.790179
vt 0.875000 0.790179
vt 0.937500 0.790179
vt 1.000000 0.790179
vt 0.000000 0.820840
vt 0.062500 0.820840
vt 0.125000 0.820840
vt 0.187500 0.820840
vt 0.250000 0.820840
vt 0.312500 0.820840
vt 0.375000 0.820840
vt 0.437500 0.820840
vt 0.500000 0.820840
vt 0.562500 0.820840
vt 0.625000 0.820840
vt 0.687500 0.820840
vt 0.750000 0.820840
vt 0.812500 0.820840
vt 0.875000 0.820840
vt 0.937500 0.820840
vt 1.000000 0.820840
vt 0.000000 0.856492
vt 0.062500 0.856492
vt 0.125000 0.856492
vt 0.187500 0.856492
vt 0.250000 0.856492
vt 0.312500 0.856492
vt 0.375000 0.856492
vt 0.437500 0.856492
vt 0.500000 0.856492
vt 0.562500 0.856492
vt 0.625000 0.856492
vt 0.687500 0.856492
vt 0.750000 0.856492
vt 0.812500 0.856492
vt 0.875000 0.856492
vt 0.937500 0.856492
vt 1.000000 0.856492
vt 0.000000 0.897614
vt 0.062500 0.897614
vt 0.125000 0.897614
vt 0.187500 0.897614
vt 0.250000 0.897614
vt 0.312500 0.897614
vt 0.375000 0.897614
vt 0.437500 0.897614
vt 0.500000 0.897614
vt 0.562500 0.897614
vt 0.625000 0.897614
vt 0.687500 0.897614
vt 0.750000 0.897614
vt 0.812500 0.897614
vt 0.875000 0.897614
vt 0.937500 0.897614
vt 1.000000 0.897614
vt 0.062500 1.000000
vt 0.125000 1.000000
vt 0.187500 1.000000
vt 0.250000 1.000000
vt 0.312500 1.000000
vt 0.375000 1.000000
vt 0.437500 1.000000
vt 0.562500 1.000000
vt 0.625000 1.000000
vt 0.687500 1.000000
vt 0.750000 1.000000
vt 0.812500 1.000000
vt 0.875000 1.000000
vt 0.937500 1.000000
vt 0.000000 0.561004
vt 0.125000 0.561004
vt 0.125000 0.175185
vt 0.000000 0.175185
vt 0.250000 0.561004
vt 0.250000 0.175185
vt 0.375000 0.561004
vt 0.375000 0.175185
vt 0.500000 0.561004
vt 0.500000 0.175185
vt 0.625000 0.561004
vt 0.625000 0.175185
vt 0.750000 0.561004
vt 0.750000 0.175185
vt 0.875000 0.561004
vt 0.875000 0.175185
vt 1.000000 0.561004
vt 1.000000 0.175185
vt 0.000000 0.636234
vt 0.125000 0.636234
vt 0.250000 0.636234
vt 0.375000 0.636234
vt 0.500000 0.636234
vt 0.625000 0.636234
vt 0.750000 0.636234
vt 0.875000 0.636234
vt 1.000000 0.636234
vt 0.000000 0.756802
vt 0.125000 0.756802
vt 0.250000 0.756802
vt 0.375000 0.756802
vt 0.500000 0.756802
vt 0.625000 0.756802
vt 0.750000 0.756802
vt 0.875000 0.756802
vt 1.000000 0.756802
vt 0.000000 0.200000
vt 0.012500 0.200000
vt 0.025000 0.200000
vt 0.037500 0.200000
vt 0.050000 0.200000
vt 0.062500 0.200000
vt 0.075000 0.200000
vt 0.087500 0.200000
vt 0.100000 0.200000
vt 0.112500 0.200000
vt 0.112500 0.000000
vt 0.125000 0.200000
vt 0.125000 0.000000
vt 0.137500 0.200000
vt 0.137500 0.000000
vt 0.150000 0.200000
vt 0.150000 0.000000
vt 0.162500 0.200000
vt 0.162500 0.000000
vt 0.175000 0.200000
vt 0.175000 0.000000
vt 0.187500 0.200000
vt 0.187500 0.000000
vt 0.200000 0.200000
vt 0.200000 0.000000
vt 0.000000 0.031324
vt 0.062500 0.031324
vt 0.125000 0.031324
vt 0.187500 0.031324
vt 0.250000 0.031324
vt 0.250000 0.000000
vt 0.312500 0.031324
vt 0.312500 0.000000
vt 0.375000 0.031324
vt 0.375000 0.000000
vt 0.437500 0.031324
vt 0.437500 0.000000
vt 0.500000 0.031324
vt 0.562500 0.031324
vt 0.562500 0.000000
vt 0.625000 0.031324
vt 0.625000 0.000000
vt 0.687500 0.031324
vt 0.687500 0.000000
vt 0.750000 0.031324
vt 0.750000 0.000000
vt 0.812500 0.031324
vt 0.812500 0.000000
vt 0.875000 0.031324
vt 0.875000 0.000000
vt 0.937500 0.031324
vt 0.937500 0.000000
vt 1.000000 0.031324
vt 0.000000 0.072399
vt 0.062500 0.072399
vt 0.125000 0.072399
vt 0.187500 0.072399
vt 0.250000 0.072399
vt 0.312500 0.072399
vt 0.375000 0.072399
vt 0.437500 0.072399
vt 0.500000 0.072399
vt 0.562500 0.072399
vt 0.625000 0.072399
vt 0.687500 0.072399
vt 0.750000 0.072399
vt 0.812500 0.072399
vt 0.875000 0.072399
vt 0.937500 0.072399
vt 1.000000 0.072399
vt 0.000000 0.111474
vt 0.062500 0.111474
vt 0.125000 0.111474
vt 0.187500 0.111474
vt 0.250000 0.111474
vt 0.312500 0.111474
vt 0.375000 0.111474
vt 0.437500 0.111474
vt 0.500000 0.111474
vt 0.562500 0.111474
vt 0.625000 0.111474
vt 0.687500 0.111474
vt 0.750000 0.111474
vt 0.812500 0.111474
vt 0.875000 0.111474
vt 0.937500 0.111474
vt 1.000000 0.111474
vt 0.000000 0.142799
vt 0.062500 0.142799
vt 0.125000 0.142799
vt 0.187500 0.142799
vt 0.250000 0.142799
vt 0.312500 0.142799
vt 0.375000 0.142799
vt 0.437500 0.142799
vt 0.500000 0.142799
vt 0.562500 0.142799
vt 0.625000 0.142799
vt 0.687500 0.142799
vt 0.750000 0.142799
vt 0.812500 0.142799
vt 0.875000 0.142799
vt 0.937500 0.142799
vt 1.000000 0.142799
vt 0.000000 0.183873
vt 0.062500 0.183873
vt 0.125000 0.183873
vt 0.187500 0.183873
vt 0.250000 0.183873
vt 0.312500 0.183873
vt 0.375000 0.183873
vt 0.437500 0.183873
vt 0.500000 0.183873
vt 0.562500 0.183873
vt 0.625000 0.183873
vt 0.687500 0.183873
vt 0.750000 0.183873
vt 0.812500 0.183873
vt 0.875000 0.183873
vt 0.937500 0.183873
vt 1.000000 0.183873
vt 0.000000 0.222949
vt 0.062500 0.222949
vt 0.125000 0.222949
vt 0.187500 0.222949
vt 0.250000 0.222949
vt 0.312500 0.222949
vt 0.375000 0.222949
vt 0.437500 0.222949
vt 0.500000 0.222949
vt 0.562500 0.222949
vt 0.625000 0.222949
vt 0.687500 0.222949
vt 0.750000 0.222949
vt 0.812500 0.222949
vt 0.875000 0.222949
vt 0.937500 0.222949
vt 1.000000 0.222949
vt 0.000000 0.254273
vt 0.062500 0.254273
vt 0.125000 0.254273
vt 0.187500 0.254273
vt 0.250000 0.254273
vt 0.312500 0.254273
vt 0.375000 0.254273
vt 0.437500 0.254273
vt 0.500000 0.254273
vt 0.562500 0.254273
vt 0.625000 0.254273
vt 0.687500 0.254273
vt 0.750000 0.254273
vt 0.812500 0.254273
vt 0.875000 0.254273
vt 0.937500 0.254273
vt 1.000000 0.254273
vt 0.000000 0.295347
vt 0.062500 0.295347
vt 0.125000 0.295347
vt 0.187500 0.295347
vt 0.250000 0.295347
vt 0.312500 0.295347
vt 0.375000 0.295347
vt 0.437500 0.295347
vt 0.500000 0.295347
vt 0.562500 0.295347
vt 0.625000 0.295347
vt 0.687500 0.295347
vt 0.750000 0.295347
vt 0.812500 0.295347
vt 0.875000 0.295347
vt 0.937500 0.295347
vt 1.000000 0.295347
vt 0.000000 0.334423
vt 0.062500 0.334423
vt 0.125000 0.334423
vt 0.187500 0.334423
vt 0.250000 0.334423
vt 0.312500 0.334423
vt 0.375000 0.334423
vt 0.437500 0.334423
vt 0.500000 0.334423
vt 0.562500 0.334423
vt 0.625000 0.334423
vt 0.687500 0.334423
vt 0.750000 0.334423
vt 0.812500 0.334423
vt 0.875000 0.334423
vt 0.937500 0.334423
vt 1.000000 0.334423
vt 0.000000 0.365748
vt 0.062500 0.365748
vt 0.125000 0.365748
vt 0.187500 0.365748
vt 0.250000 0.365748
vt 0.312500 0.365748
vt 0.375000 0.365748
vt 0.437500 0.365748
vt 0.500000 0.365748
vt 0.562500 0.365748
vt 0.625000 0.365748
vt 0.687500 0.365748
vt 0.750000 0.365748
vt 0.812500 0.365748
vt 0.875000 0.365748
vt 0.937500 0.365748
vt 1.000000 0.365748
vt 0.000000 0.406822
vt 0.062500 0.406822
vt 0.125000 0.406822
vt 0.187500 0.406822
vt 0.250000 0.406822
vt 0.312500 0.406822
vt 0.375000 0.406822
vt 0.437500 0.406822
vt 0.500000 0.406822
vt 0.562500 0.406822
vt 0.625000 0.406822
vt 0.687500 0.406822
vt 0.750000 0.406822
vt 0.812500 0.406822
vt 0.875000 0.406822
vt 0.937500 0.406822
vt 1.000000 0.406822
vt 0.000000 0.445897
vt 0.062500 0.445897
vt 0.125000 0.445897
vt 0.187500 0.445897
vt 0.250000 0.445897
vt 0.312500 0.445897
vt 0.375000 0.445897
vt 0.437500 0.445897
vt 0.500000 0.445897
vt 0.562500 0.445897
vt 0.625000 0.445897
vt 0.687500 0.445897
vt 0.750000 0.445897
vt 0.812500 0.445897
vt 0.875000 0.445897
vt 0.937500 0.445897
vt 1.000000 0.445897
vt 0.000000 0.477222
vt 0.062500 0.477222
vt 0.125000 0.477222
vt 0.187500 0.477222
vt 0.250000 0.477222
vt 0.312500 0.477222
vt 0.375000 0.477222
vt 0.437500 0.477222
vt 0.500000 0.477222
vt 0.562500 0.477222
vt 0.625000 0.477222
vt 0.687500 0.477222
vt 0.750000 0.477222
vt 0.812500 0.477222
vt 0.875000 0.477222
vt 0.937500 0.477222
vt 1.000000 0.477222
vt 0.000000 0.518296
vt 0.062500 0.518296
vt 0.125000 0.518296
vt 0.187500 0.518296
vt 0.250000 0.518296
vt 0.312500 0.518296
vt 0.375000 0.518296
vt 0.437500 0.518296
vt 0.500000 0.518296
vt 0.562500 0.518296
vt 0.625000 0.518296
vt 0.687500 0.518296
vt 0.750000 0.518296
vt 0.812500 0.518296
vt 0.875000 0.518296
vt 0.937500 0.518296
vt 1.000000 0.518296
vt 0.000000 0.557372
vt 0.062500 0.557372
vt 0.125000 0.557372
vt 0.187500 0.557372
vt 0.250000 0.557372
vt 0.312500 0.557372
vt 0.375000 0.557372
vt 0.437500 0.557372
vt 0.500000 0.557372
vt 0.562500 0.557372
vt 0.625000 0.557372
vt 0.687500 0.557372
vt 0.750000 0.557372
vt 0.812500 0.557372
vt 0.875000 0.557372
vt 0.937500 0.557372
vt 1.000000 0.557372
vt 0.000000 0.588696
vt 0.062500 0.588696
vt 0.125000 0.588696
vt 0.187500 0.588696
vt 0.250000 0.588696
vt 0.312500 0.588696
vt 0.375000 0.588696
vt 0.437500 0.588696
vt 0.500000 0.588696
vt 0.562500 0.588696
vt 0.625000 0.588696
vt 0.687500 0.588696
vt 0.750000 0.588696
vt 0.812500 0.588696
vt 0.875000 0.588696
vt 0.937500 0.588696
vt 1.000000 0.588696
vt 0.000000 0.629771
vt 0.062500 0.629771
vt 0.125000 0.629771
vt 0.187500 0.629771
vt 0.250000 0.629771
vt 0.312500 0.629771
vt 0.375000 0.629771
vt 0.437500 0.629771
vt 0.500000 0.629771
vt 0.562500 0.629771
vt 0.625000 0.629771
vt 0.687500 0.629771
vt 0.750000 0.629771
vt 0.812500 0.629771
vt 0.875000 0.629771
vt 0.937500 0.629771
vt 1.000000 0.629771
vt 0.000000 0.668846
vt 0.062500 0.668846
vt 0.125000 0.668846
vt 0.187500 0.668846
vt 0.250000 0.668846
vt 0.312500 0.668846
vt 0.375000 0.668846
vt 0.437500 0.668846
vt 0.500000 0.668846
vt 0.562500 0.668846
vt 0.625000 0.668846
vt 0.687500 0.668846
vt 0.750000 0.668846
vt 0.812500 0.668846
vt 0.875000 0.668846
vt 0.937500 0.668846
vt 1.000000 0.668846
vt 0.000000 0.700171
vt 0.062500 0.700171
vt 0.125000 0.700171
vt 0.187500 0.700171
vt 0.250000 0.700171
vt 0.312500 0.700171
vt 0.375000 0.700171
vt 0.437500 0.700171
vt 0.500000 0.700171
vt 0.562500 0.700171
vt 0.625000 0.700171
vt 0.687500 0.700171
vt 0.750000 0.700171
vt 0.812500 0.700171
vt 0.875000 0.700171
vt 0.937500 0.700171
vt 1.000000 0.700171
vt 0.000000 0.741245
vt 0.062500 0.741245
vt 0.125000 0.741245
vt 0.187500 0.741245
vt 0.250000 0.741245
vt 0.312500 0.741245
vt 0.375000 0.741245
vt 0.437500 0.741245
vt 0.500000 0.741245
vt 0.562500 0.741245
vt 0.625000 0.741245
vt 0.687500 0.741245
vt 0.750000 0.741245
vt 0.812500 0.741245
vt 0.875000 0.741245
vt 0.937500 0.741245
vt 1.000000 0.741245
vt 0.000000 0.780321
vt 0.062500 0.780321
vt 0.125000 0.780321
vt 0.187500 0.780321
vt 0.250000 0.780321
vt 0.312500 0.780321
vt 0.375000 0.780321
vt 0.437500 0.780321
vt 0.500000 0.780321
vt 0.562500 0.780321
vt 0.625000 0.780321
vt 0.687500 0.780321
vt 0.750000 0.780321
vt 0.812500 0.780321
vt 0.875000 0.780321
vt 0.937500 0.780321
vt 1.000000 0.780321
vt 0.000000 0.811645
vt 0.062500 0.811645
vt 0.125000 0.811645
vt 0.187500 0.811645
vt 0.250000 0.811645
vt 0.312500 0.811645
vt 0.375000 0.811645
vt 0.437500 0.811645
vt 0.500000 0.811645
vt 0.562500 0.811645
vt 0.625000 0.811645
vt 0.687500 0.811645
vt 0.750000 0.811645
vt 0.812500 0.811645
vt 0.875000 0.811645
vt 0.937500 0.811645
vt 1.000000 0.811645
vt 0.000000 0.852719
vt 0.062500 0.852719
vt 0.125000 0.852719
vt 0.187500 0.852719
vt 0.250000 0.852719
vt 0.312500 0.852719
vt 0.375000 0.852719
vt 0.437500 0.852719
vt 0.500000 0.852719
vt 0.562500 0.852719
vt 0.625000 0.852719
vt 0.687500 0.852719
vt 0.750000 0.852719
vt 0.812500 0.852719
vt 0.875000 0.852719
vt 0.937500 0.852719
vt 1.000000 0.852719
vt 0.000000 0.891795
vt 0.062500 0.891795
vt 0.125000 0.891795
vt 0.187500 0.891795
vt 0.250000 0.891795
vt 0.312500 0.891795
vt 0.375000 0.891795
vt 0.437500 0.891795
vt 0.500000 0.891795
vt 0.562500 0.891795
vt 0.625000 0.891795
vt 0.687500 0.891795
vt 0.750000 0.891795
vt 0.812500 0.891795
vt 0.875000 0.891795
vt 0.937500 0.891795
vt 1.000000 0.891795
vt 0.000000 0.941826
vt 0.062500 0.941826
vt 0.125000 0.941826
vt 0.187500 0.941826
vt 0.250000 0.941826
vt 0.312500 0.941826
vt 0.375000 0.941826
vt 0.437500 0.941826
vt 0.500000 0.941826
vt 0.562500 0.941826
vt 0.625000 0.941826
vt 0.687500 0.941826
vt 0.750000 0.941826
vt 0.812500 0.941826
vt 0.875000 0.941826
vt 0.937500 0.941826
vt 1.000000 0.941826
vt 0.013333 0.000000
vt 0.013333 0.080000
vt 0.000000 0.080000
vt 0.026667 0.000000
vt 0.026667 0.080000
vt 0.040000 0.000000
vt 0.040000 0.080000
vt 0.053333 0.000000
vt 0.053333 0.080000
vt 0.066667 0.000000
vt 0.066667 0.080000
vt 0.080000 0.000000
vt 0.080000 0.080000
vt 0.005000 0.000000
vt 0.005000 0.080000
vt 0.010000 0.000000
vt 0.010000 0.080000
vt 0.015000 0.000000
vt 0.015000 0.080000
vt 0.020000 0.000000
vt 0.020000 0.080000
vt 0.025000 0.080000
vt 0.030000 0.000000
vt 0.030000 0.080000
vt 0.035000 0.000000
vt 0.035000 0.080000
vt 0.045000 0.000000
vt 0.045000 0.080000
vt 0.050000 0.080000
vt 0.055000 0.000000
vt 0.055000 0.080000
vt 0.060000 0.000000
vt 0.060000 0.080000
vt 0.065000 0.000000
vt 0.065000 0.080000
vt 0.070000 0.000000
vt 0.070000 0.080000
vt 0.075000 0.080000
vt 0.933013 0.250000
vt 0.066987 0.250000
vt 0.066987 0.750000
vt 0.933013 0.750000
vt 0.000000 0.600000
vt 0.600000 0.600000
vt 0.600000 0.000000
o plinth
usemtl plinth
f 1/1/1 2/2/1 3/3/1 4/4/1
f 8/2/3 7/1/3 2/4/3 1/3/3
f 6/2/4 5/1/4 4/4/4 3/3/4
f 5/2/5 8/1/5 1/4/5 4/3/5
f 7/2/6 6/1/6 3/4/6 2/3/6
f 9/5/1 10/6/1 11/7/1 12/4/1
f 13/4/2 14/7/2 15/6/2 16/5/2
f 16/6/3 15/5/3 10/4/3 9/7/3
f 14/6/4 13/5/4 12/4/4 11/7/4
f 13/6/5 16/5/5 9/4/5 12/7/5
f 15/6/6 14/5/6 11/4/6 10/7/6
usemtl plate
f 5/4/2 6/3/2 7/2/2 8/1/2
o body
usemtl panel
f 17/8/1 18/9/1 19/10/1 20/4/1
f 24/9/3 23/8/3 18/4/3 17/10/3
f 22/9/4 21/8/4 20/4/4 19/10/4
f 21/9/5 24/8/5 17/4/5 20/10/5
f 23/9/6 22/8/6 19/4/6 18/10/6
f 25/11/1 26/12/1 27/13/1 28/4/1
f 29/4/2 30/13/2 31/12/2 32/11/2
f 32/12/3 31/11/3 26/4/3 25/13/3
f 30/12/4 29/11/4 28/4/4 27/13/4
f 29/12/5 32/11/5 25/4/5 28/13/5
f 31/12/6 30/11/6 27/4/6 26/13/6
f 33/11/1 34/12/1 35/13/1 36/4/1
f 37/4/2 38/13/2 39/12/2 40/11/2
f 40/12/3 39/11/3 34/4/3 33/13/3
f 38/12/4 37/11/4 36/4/4 35/13/4
f 37/12/5 40/11/5 33/4/5 36/13/5
f 39/12/6 38/11/6 35/4/6 34/13/6
f 41/11/1 42/12/1 43/13/1 44/4/1
f 45/4/2 46/13/2 47/12/2 48/11/2
f 48/12/3 47/11/3 42/4/3 41/13/3
f 46/12/4 45/11/4 44/4/4 43/13/4
f 45/12/5 48/11/5 41/4/5 44/13/5
f 47/12/6 46/11/6 43/4/6 42/13/6
f 49/11/1 50/12/1 51/13/1 52/4/1
f 53/4/2 54/13/2 55/12/2 56/11/2
f 56/12/3 55/11/3 50/4/3 49/13/3
f 54/12/4 53/11/4 52/4/4 51/13/4
f 53/12/5 56/11/5 49/4/5 52/13/5
f 55/12/6 54/11/6 51/4/6 50/13/6
f 57/14/1 58/15/1 59/16/1 60/4/1
f 61/4/2 62/16/2 63/15/2 64/14/2
f 64/15/3 63/14/3 58/4/3 57/16/3
f 62/15/4 61/14/4 60/4/4 59/16/4
f 61/15/5 64/14/5 57/4/5 60/16/5
f 63/15/6 62/14/6 59/4/6 58/16/6
f 65/14/1 66/15/1 67/16/1 68/4/1
f 69/4/2 70/16/2 71/15/2 72/14/2
f 72/15/3 71/14/3 66/4/3 65/16/3
f 70/15/4 69/14/4 68/4/4 67/16/4
f 69/15/5 72/14/5 65/4/5 68/16/5
f 71/15/6 70/14/6 67/4/6 66/16/6
f 73/14/1 74/15/1 75/16/1 76/4/1
f 77/4/2 78/16/2 79/15/2 80/14/2
f 80/15/3 79/14/3 74/4/3 73/16/3
f 78/15/4 77/14/4 76/4/4 75/16/4
f 77/15/5 80/14/5 73/4/5 76/16/5
f 79/15/6 78/14/6 75/4/6 74/16/6
f 81/14/1 82/15/1 83/16/1 84/4/1
f 85/4/2 86/16/2 87/15/2 88/14/2
f 88/15/3 87/14/3 82/4/3 81/16/3
f 86/15/4 85/14/4 84/4/4 83/16/4
f 85/15/5 88/14/5 81/4/5 84/16/5
f 87/15/6 86/14/6 83/4/6 82/16/6
f 89/14/1 90/15/1 91/16/1 92/4/1
f 93/4/2 94/16/2 95/15/2 96/14/2
f 96/15/3 95/14/3 90/4/3 89/16/3
f 94/15/4 93/14/4 92/4/4 91/16/4
f 93/15/5 96/14/5 89/4/5 92/16/5
f 95/15/6 94/14/6 91/4/6 90/16/6
f 97/14/1 98/15/1 99/16/1 100/4/1
f 101/4/2 102/16/2 103/15/2 104/14/2
f 104/15/3 103/14/3 98/4/3 97/16/3
f 102/15/4 101/14/4 100/4/4 99/16/4
f 101/15/5 104/14/5 97/4/5 100/16/5
f 103/15/6 102/14/6 99/4/6 98/16/6
f 105/14/1 106/15/1 107/16/1 108/4/1
f 109/4/2 110/16/2 111/15/2 112/14/2
f 112/15/3 111/14/3 106/4/3 105/16/3
f 110/15/4 109/14/4 108/4/4 107/16/4
f 109/15/5 112/14/5 105/4/5 108/16/5
f 111/15/6 110/14/6 107/4/6 106/16/6
f 113/14/1 114/15/1 115/16/1 116/4/1
f 117/4/2 118/16/2 119/15/2 120/14/2
f 120/15/3 119/14/3 114/4/3 113/16/3
f 118/15/4 117/14/4 116/4/4 115/16/4
f 117/15/5 120/14/5 113/4/5 116/16/5
f 119/15/6 118/14/6 115/4/6 114/16/6
usemtl roof
f 21/4/2 22/10/2 23/9/2 24/8/2
usemtl steel
f 769/14/1 770/15/1 771/16/1 772/4/1
f 773/4/2 774/16/2 775/15/2 776/14/2
f 776/15/3 775/14/3 770/4/3 769/16/3
f 774/15/4 773/14/4 772/4/4 771/16/4
f 773/15/5 776/14/5 769/4/5 772/16/5
f 775/15/6 774/14/6 771/4/6 770/16/6
usemtl plate
f 777/23/1 778/24/1 779/25/1 780/4/1
f 781/4/2 782/25/2 783/24/2 784/23/2
f 784/24/3 783/23/3 778/4/3 777/25/3
f 782/24/4 781/23/4 780/4/4 779/25/4
f 781/24/5 784/23/5 777/4/5 780/25/5
f 783/24/6 782/23/6 779/4/6 778/25/6
o roof
usemtl sheet
f 121/17/1 122/18/1 123/19/1 124/4/1
f 128/18/3 127/17/3 122/4/3 121/19/3
f 126/18/4 125/17/4 124/4/4 123/19/4
f 125/18/5 128/17/5 121/4/5 124/19/5
f 127/18/6 126/17/6 123/4/6 122/19/6
f 129/20/1 130/21/1 126/22/1 125/4/1
f 131/4/2 132/22/2 133/21/2 134/20/2
f 134/21/3 133/20/3 130/4/3 129/22/3
f 132/21/4 131/20/4 125/4/4 126/22/4
f 131/21/5 134/20/5 129/4/5 125/22/5
f 133/21/6 132/20/6 126/4/6 130/22/6
f 128/20/1 135/21/1 136/22/1 125/4/1
f 131/4/2 137/22/2 138/21/2 139/20/2
f 139/21/3 138/20/3 135/4/3 128/22/3
f 137/21/4 131/20/4 125/4/4 136/22/4
f 131/21/5 139/20/5 128/4/5 125/22/5
f 138/21/6 137/20/6 136/4/6 135/22/6
f 140/20/1 127/21/1 126/22/1 141/4/1
f 142/4/2 132/22/2 143/21/2 144/20/2
f 144/21/3 143/20/3 127/4/3 140/22/3
f 132/21/4 142/20/4 141/4/4 126/22/4
f 142/21/5 144/20/5 140/4/5 141/22/5
f 143/21/6 132/20/6 126/4/6 127/22/6
f 145/23/1 146/24/1 147/25/1 148/4/1
f 149/4/2 150/25/2 151/24/2 152/23/2
f 152/24/3 151/23/3 146/4/3 145/25/3
f 150/24/4 149/23/4 148/4/4 147/25/4
f 149/24/5 152/23/5 145/4/5 148/25/5
f 151/24/6 150/23/6 147/4/6 146/25/6
usemtl roof
f 125/4/2 126/19/2 127/18/2 128/17/2
usemtl steel
f 153/14/7 154/26/7 155/27/7 156/4/7
f 154/26/8 157/28/8 158/29/8 155/27/8
f 157/28/9 159/30/9 160/31/9 158/29/9
f 159/30/10 161/32/10 162/33/10 160/31/10
f 161/32/11 163/34/11 164/35/11 162/33/11
f 163/34/12 165/36/12 166/37/12 164/35/12
f 165/36/13 167/38/13 168/39/13 166/37/13
f 167/38/14 169/40/14 170/41/14 168/39/14
f 169/40/15 171/42/15 172/43/15 170/41/15
f 171/42/16 173/44/16 174/45/16 172/43/16
f 173/44/17 175/46/17 176/47/17 174/45/17
f 175/46/18 177/48/18 178/49/18 176/47/18
f 177/48/19 179/50/19 180/51/19 178/49/19
f 179/50/20 181/52/20 182/53/20 180/51/20
f 181/52/21 183/54/21 184/55/21 182/53/21
f 183/54/22 153/15/22 156/16/22 184/55/22
f 159/56/2 157/57/2 154/58/2 153/59/2
f 163/60/2 161/61/2 159/56/2 153/59/2
f 167/62/2 165/63/2 163/60/2 153/59/2
f 171/64/2 169/65/2 167/62/2 153/59/2
f 175/66/2 173/67/2 171/64/2 153/59/2
f 179/68/2 177/69/2 175/66/2 153/59/2
f 183/70/2 181/71/2 179/68/2 153/59/2
f 185/4/23 186/72/23 187/73/23 188/74/23
f 186/72/24 189/75/24 190/76/24 187/73/24
f 189/75/25 191/69/25 192/77/25 190/76/25
f 191/69/26 193/78/26 194/79/26 192/77/26
f 193/78/27 195/80/27 196/81/27 194/79/27
f 195/80/28 185/10/28 188/82/28 196/81/28
f 188/74/29 187/73/29 197/83/29 198/84/29
f 187/73/24 190/76/24 199/85/24 197/83/24
f 190/76/30 192/77/30 200/86/30 199/85/30
f 192/77/31 194/79/31 201/87/31 200/86/31
f 194/79/27 196/81/27 202/88/27 201/87/27
f 196/81/32 188/82/32 198/89/32 202/88/32
f 198/84/33 197/83/33 203/90/33 204/91/33
f 197/83/24 199/85/24 205/92/24 203/90/24
f 199/85/34 200/86/34 206/93/34 205/92/34
f 200/86/35 201/87/35 207/94/35 206/93/35
f 201/87/27 202/88/27 208/95/27 207/94/27
f 202/88/36 198/89/36 204/96/36 208/95/36
f 204/91/37 203/90/37 209/97/37 210/98/37
f 203/90/24 205/92/24 211/99/24 209/97/24
f 205/92/38 206/93/38 212/100/38 211/99/38
f 206/93/39 207/94/39 213/101/39 212/100/39
f 207/94/27 208/95/27 214/102/27 213/101/27
f 208/95/40 204/96/40 210/103/40 214/102/40
f 210/98/41 209/97/41 215/104/41 216/105/41
f 209/97/24 211/99/24 217/106/24 215/104/24
f 211/99/42 212/100/42 218/107/42 217/106/42
f 212/100/43 213/101/43 219/108/43 218/107/43
f 213/101/27 214/102/27 220/109/27 219/108/27
f 214/102/44 210/103/44 216/110/44 220/109/44
f 216/105/45 215/104/45 221/111/45 222/112/45
f 215/104/24 217/106/24 223/113/24 221/111/24
f 217/106/46 218/107/46 224/114/46 223/113/46
f 218/107/47 219/108/47 225/115/47 224/114/47
f 219/108/27 220/109/27 226/116/27 225/115/27
f 220/109/48 216/110/48 222/117/48 226/116/48
f 222/112/49 221/111/49 227/118/49 228/119/49
f 221/111/24 223/113/24 229/120/24 227/118/24
f 223/113/50 224/114/50 230/121/50 229/120/50
f 224/114/51 225/115/51 231/122/51 230/121/51
f 225/115/27 226/116/27 232/123/27 231/122/27
f 226/116/52 222/117/52 228/124/52 232/123/52
f 228/119/53 227/118/53 233/125/53 234/65/53
f 227/118/24 229/120/24 235/126/24 233/125/24
f 229/120/54 230/121/54 236/127/54 235/126/54
f 230/121/55 231/122/55 237/128/55 236/127/55
f 231/122/27 232/123/27 238/129/27 237/128/27
f 232/123/56 228/124/56 234/59/56 238/129/56
f 234/65/57 233/125/57 239/130/57 240/131/57
f 233/125/24 235/126/24 241/132/24 239/130/24
f 235/126/58 236/127/58 242/133/58 241/132/58
f 236/127/59 237/128/59 243/134/59 242/133/59
f 237/128/27 238/129/27 244/135/27 243/134/27
f 238/129/60 234/59/60 240/136/60 244/135/60
f 240/131/30 239/130/30 245/137/30 246/138/30
f 239/130/24 241/132/24 247/139/24 245/137/24
f 241/132/29 242/133/29 248/140/29 247/139/29
f 242/133/32 243/134/32 249/141/32 248/140/32
f 243/134/27 244/135/27 250/142/27 249/141/27
f 244/135/31 240/136/31 246/143/31 250/142/31
f 246/138/34 245/137/34 251/144/34 252/145/34
f 245/137/24 247/139/24 253/146/24 251/144/24
f 247/139/33 248/140/33 254/147/33 253/146/33
f 248/140/36 249/141/36 255/148/36 254/147/36
f 249/141/27 250/142/27 256/149/27 255/148/27
f 250/142/35 246/143/35 252/150/35 256/149/35
f 252/145/38 251/144/38 257/151/38 258/152/38
f 251/144/24 253/146/24 259/153/24 257/151/24
f 253/146/37 254/147/37 260/154/37 259/153/37
f 254/147/40 255/148/40 261/155/40 260/154/40
f 255/148/27 256/149/27 262/156/27 261/155/27
f 256/149/39 252/150/39 258/157/39 262/156/39
f 258/152/42 257/151/42 263/158/42 264/159/42
f 257/151/24 259/153/24 265/160/24 263/158/24
f 259/153/41 260/154/41 266/161/41 265/160/41
f 260/154/44 261/155/44 267/162/44 266/161/44
f 261/155/27 262/156/27 268/163/27 267/162/27
f 262/156/43 258/157/43 264/164/43 268/163/43
f 264/159/46 263/158/46 269/165/46 270/166/46
f 263/158/24 265/160/24 271/167/24 269/165/24
f 265/160/45 266/161/45 272/168/45 271/167/45
f 266/161/48 267/162/48 273/169/48 272/168/48
f 267/162/27 268/163/27 274/170/27 273/169/27
f 268/163/47 264/164/47 270/171/47 274/170/47
f 270/166/50 269/165/50 275/172/50 276/173/50
f 269/165/24 271/167/24 277/174/24 275/172/24
f 271/167/49 272/168/49 278/175/49 277/174/49
f 272/168/52 273/169/52 279/176/52 278/175/52
f 273/169/27 274/170/27 280/177/27 279/176/27
f 274/170/51 270/171/51 276/178/51 280/177/51
f 276/173/54 275/172/54 281/179/54 282/8/54
f 275/172/24 277/174/24 283/180/24 281/179/24
f 277/174/53 278/175/53 284/61/53 283/180/53
f 278/175/56 279/176/56 285/181/56 284/61/56
f 279/176/27 280/177/27 286/182/27 285/181/27
f 280/177/55 276/178/55 282/9/55 286/182/55
f 287/14/7 288/26/7 289/27/7 290/4/7
f 288/26/8 291/28/8 292/29/8 289/27/8
f 291/28/9 293/30/9 294/31/9 292/29/9
f 293/30/10 295/32/10 296/33/10 294/31/10
f 295/32/11 297/34/11 298/35/11 296/33/11
f 297/34/12 299/36/12 300/37/12 298/35/12
f 299/36/13 301/38/13 302/39/13 300/37/13
f 301/38/14 303/40/14 304/41/14 302/39/14
f 303/40/15 305/42/15 306/43/15 304/41/15
f 305/42/16 307/44/16 308/45/16 306/43/16
f 307/44/17 309/46/17 310/47/17 308/45/17
f 309/46/18 311/48/18 312/49/18 310/47/18
f 311/48/19 313/50/19 314/51/19 312/49/19
f 313/50/20 315/52/20 316/53/20 314/51/20
f 315/52/21 317/54/21 318/55/21 316/53/21
f 317/54/22 287/15/22 290/16/22 318/55/22
f 293/56/2 291/57/2 288/58/2 287/59/2
f 297/60/2 295/61/2 293/56/2 287/59/2
f 301/62/2 299/63/2 297/60/2 287/59/2
f 305/64/2 303/65/2 301/62/2 287/59/2
f 309/66/2 307/67/2 305/64/2 287/59/2
f 313/68/2 311/69/2 309/66/2 287/59/2
f 317/70/2 315/71/2 313/68/2 287/59/2
f 319/4/23 320/72/23 321/73/23 322/74/23
f 320/72/24 323/75/24 324/76/24 321/73/24
f 323/75/25 325/69/25 326/77/25 324/76/25
f 325/69/26 327/78/26 328/79/26 326/77/26
f 327/78/27 329/80/27 330/81/27 328/79/27
f 329/80/28 319/10/28 322/82/28 330/81/28
f 322/74/29 321/73/29 331/83/29 332/84/29
f 321/73/24 324/76/24 333/85/24 331/83/24
f 324/76/30 326/77/30 334/86/30 333/85/30
f 326/77/31 328/79/31 335/87/31 334/86/31
f 328/79/27 330/81/27 336/88/27 335/87/27
f 330/81/32 322/82/32 332/89/32 336/88/32
f 332/84/33 331/83/33 337/90/33 338/91/33
f 331/83/24 333/85/24 339/92/24 337/90/24
f 333/85/34 334/86/34 340/93/34 339/92/34
f 334/86/35 335/87/35 341/94/35 340/93/35
f 335/87/27 336/88/27 342/95/27 341/94/27
f 336/88/36 332/89/36 338/96/36 342/95/36
f 338/91/37 337/90/37 343/97/37 344/98/37
f 337/90/24 339/92/24 345/99/24 343/97/24
f 339/92/38 340/93/38 346/100/38 345/99/38
f 340/93/39 341/94/39 347/101/39 346/100/39
f 341/94/27 342/95/27 348/102/27 347/101/27
f 342/95/40 338/96/40 344/103/40 348/102/40
f 344/98/41 343/97/41 349/104/41 350/105/41
f 343/97/24 345/99/24 351/106/24 349/104/24
f 345/99/42 346/100/42 352/107/42 351/106/42
f 346/100/43 347/101/43 353/108/43 352/107/43
f 347/101/27 348/102/27 354/109/27 353/108/27
f 348/102/44 344/103/44 350/110/44 354/109/44
f 350/105/45 349/104/45 355/111/45 356/112/45
f 349/104/24 351/106/24 357/113/24 355/111/24
f 351/106/46 352/107/46 358/114/46 357/113/46
f 352/107/47 353/108/47 359/115/47 358/114/47
f 353/108/27 354/109/27 360/116/27 359/115/27
f 354/109/48 350/110/48 356/117/48 360/116/48
f 356/112/49 355/111/49 361/118/49 362/119/49
f 355/111/24 357/113/24 363/120/24 361/118/24
f 357/113/50 358/114/50 364/121/50 363/120/50
f 358/114/51 359/115/51 365/122/51 364/121/51
f 359/115/27 360/116/27 366/123/27 365/122/27
f 360/116/52 356/117/52 362/124/52 366/123/52
f 362/119/53 361/118/53 367/125/53 368/65/53
f 361/118/24 363/120/24 369/126/24 367/125/24
f 363/120/54 364/121/54 370/127/54 369/126/54
f 364/121/55 365/122/55 371/128/55 370/127/55
f 365/122/27 366/123/27 372/129/27 371/128/27
f 366/123/56 362/124/56 368/59/56 372/129/56
f 368/65/57 367/125/57 373/130/57 374/131/57
f 367/125/24 369/126/24 375/132/24 373/130/24
f 369/126/58 370/127/58 376/133/58 375/132/58
f 370/127/59 371/128/59 377/134/59 376/133/59
f 371/128/27 372/129/27 378/135/27 377/134/27
f 372/129/60 368/59/60 374/136/60 378/135/60
f 374/131/30 373/130/30 379/137/30 380/138/30
f 373/130/24 375/132/24 381/139/24 379/137/24
f 375/132/29 376/133/29 382/140/29 381/139/29
f 376/133/32 377/134/32 383/141/32 382/140/32
f 377/134/27 378/135/27 384/142/27 383/141/27
f 378/135/31 374/136/31 380/143/31 384/142/31
f 380/138/34 379/137/34 385/144/34 386/145/34
f 379/137/24 381/139/24 387/146/24 385/144/24
f 381/139/33 382/140/33 388/147/33 387/146/33
f 382/140/36 383/141/36 389/148/36 388/147/36
f 383/141/27 384/142/27 390/149/27 389/148/27
f 384/142/35 380/143/35 386/150/35 390/149/35
f 386/145/38 385/144/38 391/151/38 392/152/38
f 385/144/24 387/146/24 393/153/24 391/151/24
f 387/146/37 388/147/37 394/154/37 393/153/37
f 388/147/40 389/148/40 395/155/40 394/154/40
f 389/148/27 390/149/27 396/156/27 395/155/27
f 390/149/39 386/150/39 392/157/39 396/156/39
f 392/152/42 391/151/42 397/158/42 398/159/42
f 391/151/24 393/153/24 399/160/24 397/158/24
f 393/153/41 394/154/41 400/161/41 399/160/41
f 394/154/44 395/155/44 401/162/44 400/161/44
f 395/155/27 396/156/27 402/163/27 401/162/27
f 396/156/43 392/157/43 398/164/43 402/163/43
f 398/159/46 397/158/46 403/165/46 404/166/46
f 397/158/24 399/160/24 405/167/24 403/165/24
f 399/160/45 400/161/45 406/168/45 405/167/45
f 400/161/48 401/162/48 407/169/48 406/168/48
f 401/162/27 402/163/27 408/170/27 407/169/27
f 402/163/47 398/164/47 404/171/47 408/170/47
f 404/166/50 403/165/50 409/172/50 410/173/50
f 403/165/24 405/167/24 411/174/24 409/172/24
f 405/167/49 406/168/49 412/175/49 411/174/49
f 406/168/52 407/169/52 413/176/52 412/175/52
f 407/169/27 408/170/27 414/177/27 413/176/27
f 408/170/51 404/171/51 410/178/51 414/177/51
f 410/173/54 409/172/54 415/179/54 416/8/54
f 409/172/24 411/174/24 417/180/24 415/179/24
f 411/174/53 412/175/53 418/61/53 417/180/53
f 412/175/56 413/176/56 419/181/56 418/61/56
f 413/176/27 414/177/27 420/182/27 419/181/27
f 414/177/55 410/178/55 416/9/55 420/182/55
f 421/14/7 422/26/7 423/27/7 424/4/7
f 422/26/8 425/28/8 426/29/8 423/27/8
f 425/28/9 427/30/9 428/31/9 426/29/9
f 427/30/10 429/32/10 430/33/10 428/31/10
f 429/32/11 431/34/11 432/35/11 430/33/11
f 431/34/12 433/36/12 434/37/12 432/35/12
f 433/36/13 435/38/13 436/39/13 434/37/13
f 435/38/14 437/40/14 438/41/14 436/39/14
f 437/40/15 439/42/15 440/43/15 438/41/15
f 439/42/16 441/44/16 442/45/16 440/43/16
f 441/44/17 443/46/17 444/47/17 442/45/17
f 443/46/18 445/48/18 446/49/18 444/47/18
f 445/48/19 447/50/19 448/51/19 446/49/19
f 447/50/20 449/52/20 450/53/20 448/51/20
f 449/52/21 451/54/21 452/55/21 450/53/21
f 451/54/22 421/15/22 424/16/22 452/55/22
f 427/56/2 425/57/2 422/58/2 421/59/2
f 431/60/2 429/61/2 427/56/2 421/59/2
f 435/62/2 433/63/2 431/60/2 421/59/2
f 439/64/2 437/65/2 435/62/2 421/59/2
f 443/66/2 441/67/2 439/64/2 421/59/2
f 447/68/2 445/69/2 443/66/2 421/59/2
f 451/70/2 449/71/2 447/68/2 421/59/2
f 453/4/23 454/72/23 455/73/23 456/74/23
f 454/72/24 457/75/24 458/76/24 455/73/24
f 457/75/25 459/69/25 460/77/25 458/76/25
f 459/69/26 461/78/26 462/79/26 460/77/26
f 461/78/27 463/80/27 464/81/27 462/79/27
f 463/80/28 453/10/28 456/82/28 464/81/28
f 456/74/29 455/73/29 465/83/29 466/84/29
f 455/73/24 458/76/24 467/85/24 465/83/24
f 458/76/30 460/77/30 468/86/30 467/85/30
f 460/77/31 462/79/31 469/87/31 468/86/31
f 462/79/27 464/81/27 470/88/27 469/87/27
f 464/81/32 456/82/32 466/89/32 470/88/32
f 466/84/33 465/83/33 471/90/33 472/91/33
f 465/83/24 467/85/24 473/92/24 471/90/24
f 467/85/34 468/86/34 474/93/34 473/92/34
f 468/86/35 469/87/35 475/94/35 474/93/35
f 469/87/27 470/88/27 476/95/27 475/94/27
f 470/88/36 466/89/36 472/96/36 476/95/36
f 472/91/37 471/90/37 477/97/37 478/98/37
f 471/90/24 473/92/24 479/99/24 477/97/24
f 473/92/38 474/93/38 480/100/38 479/99/38
f 474/93/39 475/94/39 481/101/39 480/100/39
f 475/94/27 476/95/27 482/102/27 481/101/27
f 476/95/40 472/96/40 478/103/40 482/102/40
f 478/98/41 477/97/41 483/104/41 484/105/41
f 477/97/24 479/99/24 485/106/24 483/104/24
f 479/99/42 480/100/42 486/107/42 485/106/42
f 480/100/43 481/101/43 487/108/43 486/107/43
f 481/101/27 482/102/27 488/109/27 487/108/27
f 482/102/44 478/103/44 484/110/44 488/109/44
f 484/105/45 483/104/45 489/111/45 490/112/45
f 483/104/24 485/106/24 491/113/24 489/111/24
f 485/106/46 486/107/46 492/114/46 491/113/46
f 486/107/47 487/108/47 493/115/47 492/114/47
f 487/108/27 488/109/27 494/116/27 493/115/27
f 488/109/48 484/110/48 490/117/48 494/116/48
f 490/112/49 489/111/49 495/118/49 496/119/49
f 489/111/24 491/113/24 497/120/24 495/118/24
f 491/113/50 492/114/50 498/121/50 497/120/50
f 492/114/51 493/115/51 499/122/51 498/121/51
f 493/115/27 494/116/27 500/123/27 499/122/27
f 494/116/52 490/117/52 496/124/52 500/123/52
f 496/119/53 495/118/53 501/125/53 502/65/53
f 495/118/24 497/120/24 503/126/24 501/125/24
f 497/120/54 498/121/54 504/127/54 503/126/54
f 498/121/55 499/122/55 505/128/55 504/127/55
f 499/122/27 500/123/27 506/129/27 505/128/27
f 500/123/56 496/124/56 502/59/56 506/129/56
f 502/65/57 501/125/57 507/130/57 508/131/57
f 501/125/24 503/126/24 509/132/24 507/130/24
f 503/126/58 504/127/58 510/133/58 509/132/58
f 504/127/59 505/128/59 511/134/59 510/133/59
f 505/128/27 506/129/27 512/135/27 511/134/27
f 506/129/60 502/59/60 508/136/60 512/135/60
f 508/131/30 507/130/30 513/137/30 514/138/30
f 507/130/24 509/132/24 515/139/24 513/137/24
f 509/132/29 510/133/29 516/140/29 515/139/29
f 510/133/32 511/134/32 517/141/32 516/140/32
f 511/134/27 512/135/27 518/142/27 517/141/27
f 512/135/31 508/136/31 514/143/31 518/142/31
f 514/138/34 513/137/34 519/144/34 520/145/34
f 513/137/24 515/139/24 521/146/24 519/144/24
f 515/139/33 516/140/33 522/147/33 521/146/33
f 516/140/36 517/141/36 523/148/36 522/147/36
f 517/141/27 518/142/27 524/149/27 523/148/27
f 518/142/35 514/143/35 520/150/35 524/149/35
f 520/145/38 519/144/38 525/151/38 526/152/38
f 519/144/24 521/146/24 527/153/24 525/151/24
f 521/146/37 522/147/37 528/154/37 527/153/37
f 522/147/40 523/148/40 529/155/40 528/154/40
f 523/148/27 524/149/27 530/156/27 529/155/27
f 524/149/39 520/150/39 526/157/39 530/156/39
f 526/152/42 525/151/42 531/158/42 532/159/42
f 525/151/24 527/153/24 533/160/24 531/158/24
f 527/153/41 528/154/41 534/161/41 533/160/41
f 528/154/44 529/155/44 535/162/44 534/161/44
f 529/155/27 530/156/27 536/163/27 535/162/27
f 530/156/43 526/157/43 532/164/43 536/163/43
f 532/159/46 531/158/46 537/165/46 538/166/46
f 531/158/24 533/160/24 539/167/24 537/165/24
f 533/160/45 534/161/45 540/168/45 539/167/45
f 534/161/48 535/162/48 541/169/48 540/168/48
f 535/162/27 536/163/27 542/170/27 541/169/27
f 536/163/47 532/164/47 538/171/47 542/170/47
f 538/166/50 537/165/50 543/172/50 544/173/50
f 537/165/24 539/167/24 545/174/24 543/172/24
f 539/167/49 540/168/49 546/175/49 545/174/49
f 540/168/52 541/169/52 547/176/52 546/175/52
f 541/169/27 542/170/27 548/177/27 547/176/27
f 542/170/51 538/171/51 544/178/51 548/177/51
f 544/173/54 543/172/54 549/179/54 550/8/54
f 543/172/24 545/174/24 551/180/24 549/179/24
f 545/174/53 546/175/53 552/61/53 551/180/53
f 546/175/56 547/176/56 553/181/56 552/61/56
f 547/176/27 548/177/27 554/182/27 553/181/27
f 548/177/55 544/178/55 550/9/55 554/182/55
f 555/14/7 556/26/7 557/27/7 558/4/7
f 556/26/8 559/28/8 560/29/8 557/27/8
f 559/28/9 561/30/9 562/31/9 560/29/9
f 561/30/10 563/32/10 564/33/10 562/31/10
f 563/32/11 565/34/11 566/35/11 564/33/11
f 565/34/12 567/36/12 568/37/12 566/35/12
f 567/36/13 569/38/13 570/39/13 568/37/13
f 569/38/14 571/40/14 572/41/14 570/39/14
f 571/40/15 573/42/15 574/43/15 572/41/15
f 573/42/16 575/44/16 576/45/16 574/43/16
f 575/44/17 577/46/17 578/47/17 576/45/17
f 577/46/18 579/48/18 580/49/18 578/47/18
f 579/48/19 581/50/19 582/51/19 580/49/19
f 581/50/20 583/52/20 584/53/20 582/51/20
f 583/52/21 585/54/21 586/55/21 584/53/21
f 585/54/22 555/15/22 558/16/22 586/55/22
f 561/56/2 559/57/2 556/58/2 555/59/2
f 565/60/2 563/61/2 561/56/2 555/59/2
f 569/62/2 567/63/2 565/60/2 555/59/2
f 573/64/2 571/65/2 569/62/2 555/59/2
f 577/66/2 575/67/2 573/64/2 555/59/2
f 581/68/2 579/69/2 577/66/2 555/59/2
f 585/70/2 583/71/2 581/68/2 555/59/2
f 587/4/23 588/72/23 589/73/23 590/74/23
f 588/72/24 591/75/24 592/76/24 589/73/24
f 591/75/25 593/69/25 594/77/25 592/76/25
f 593/69/26 595/78/26 596/79/26 594/77/26
f 595/78/27 597/80/27 598/81/27 596/79/27
f 597/80/28 587/10/28 590/82/28 598/81/28
f 590/74/29 589/73/29 599/83/29 600/84/29
f 589/73/24 592/76/24 601/85/24 599/83/24
f 592/76/30 594/77/30 602/86/30 601/85/30
f 594/77/31 596/79/31 603/87/31 602/86/31
f 596/79/27 598/81/27 604/88/27 603/87/27
f 598/81/32 590/82/32 600/89/32 604/88/32
f 600/84/33 599/83/33 605/90/33 606/91/33
f 599/83/24 601/85/24 607/92/24 605/90/24
f 601/85/34 602/86/34 608/93/34 607/92/34
f 602/86/35 603/87/35 609/94/35 608/93/35
f 603/87/27 604/88/27 610/95/27 609/94/27
f 604/88/36 600/89/36 606/96/36 610/95/36
f 606/91/37 605/90/37 611/97/37 612/98/37
f 605/90/24 607/92/24 613/99/24 611/97/24
f 607/92/38 608/93/38 614/100/38 613/99/38
f 608/93/39 609/94/39 615/101/39 614/100/39
f 609/94/27 610/95/27 616/102/27 615/101/27
f 610/95/40 606/96/40 612/103/40 616/102/40
f 612/98/41 611/97/41 617/104/41 618/105/41
f 611/97/24 613/99/24 619/106/24 617/104/24
f 613/99/42 614/100/42 620/107/42 619/106/42
f 614/100/43 615/101/43 621/108/43 620/107/43
f 615/101/27 616/102/27 622/109/27 621/108/27
f 616/102/44 612/103/44 618/110/44 622/109/44
f 618/105/45 617/104/45 623/111/45 624/112/45
f 617/104/24 619/106/24 625/113/24 623/111/24
f 619/106/46 620/107/46 626/114/46 625/113/46
f 620/107/47 621/108/47 627/115/47 626/114/47
f 621/108/27 622/109/27 628/116/27 627/115/27
f 622/109/48 618/110/48 624/117/48 628/116/48
f 624/112/49 623/111/49 629/118/49 630/119/49
f 623/111/24 625/113/24 631/120/24 629/118/24
f 625/113/50 626/114/50 632/121/50 631/120/50
f 626/114/51 627/115/51 633/122/51 632/121/51
f 627/115/27 628/116/27 634/123/27 633/122/27
f 628/116/52 624/117/52 630/124/52 634/123/52
f 630/119/53 629/118/53 635/125/53 636/65/53
f 629/118/24 631/120/24 637/126/24 635/125/24
f 631/120/54 632/121/54 638/127/54 637/126/54
f 632/121/55 633/122/55 639/128/55 638/127/55
f 633/122/27 634/123/27 640/129/27 639/128/27
f 634/123/56 630/124/56 636/59/56 640/129/56
f 636/65/57 635/125/57 641/130/57 642/131/57
f 635/125/24 637/126/24 643/132/24 641/130/24
f 637/126/58 638/127/58 644/133/58 643/132/58
f 638/127/59 639/128/59 645/134/59 644/133/59
f 639/128/27 640/129/27 646/135/27 645/134/27
f 640/129/60 636/59/60 642/136/60 646/135/60
f 642/131/30 641/130/30 647/137/30 648/138/30
f 641/130/24 643/132/24 649/139/24 647/137/24
f 643/132/29 644/133/29 650/140/29 649/139/29
f 644/133/32 645/134/32 651/141/32 650/140/32
f 645/134/27 646/135/27 652/142/27 651/141/27
f 646/135/31 642/136/31 648/143/31 652/142/31
f 648/138/34 647/137/34 653/144/34 654/145/34
f 647/137/24 649/139/24 655/146/24 653/144/24
f 649/139/33 650/140/33 656/147/33 655/146/33
f 650/140/36 651/141/36 657/148/36 656/147/36
f 651/141/27 652/142/27 658/149/27 657/148/27
f 652/142/35 648/143/35 654/150/35 658/149/35
f 654/145/38 653/144/38 659/151/38 660/152/38
f 653/144/24 655/146/24 661/153/24 659/151/24
f 655/146/37 656/147/37 662/154/37 661/153/37
f 656/147/40 657/148/40 663/155/40 662/154/40
f 657/148/27 658/149/27 664/156/27 663/155/27
f 658/149/39 654/150/39 660/157/39 664/156/39
f 660/152/42 659/151/42 665/158/42 666/159/42
f 659/151/24 661/153/24 667/160/24 665/158/24
f 661/153/41 662/154/41 668/161/41 667/160/41
f 662/154/44 663/155/44 669/162/44 668/161/44
f 663/155/27 664/156/27 670/163/27 669/162/27
f 664/156/43 660/157/43 666/164/43 670/163/43
f 666/159/46 665/158/46 671/165/46 672/166/46
f 665/158/24 667/160/24 673/167/24 671/165/24
f 667/160/45 668/161/45 674/168/45 673/167/45
f 668/161/48 669/162/48 675/169/48 674/168/48
f 669/162/27 670/163/27 676/170/27 675/169/27
f 670/163/47 666/164/47 672/171/47 676/170/47
f 672/166/50 671/165/50 677/172/50 678/173/50
f 671/165/24 673/167/24 679/174/24 677/172/24
f 673/167/49 674/168/49 680/175/49 679/174/49
f 674/168/52 675/169/52 681/176/52 680/175/52
f 675/169/27 676/170/27 682/177/27 681/176/27
f 676/170/51 672/171/51 678/178/51 682/177/51
f 678/173/54 677/172/54 683/179/54 684/8/54
f 677/172/24 679/174/24 685/180/24 683/179/24
f 679/174/53 680/175/53 686/61/53 685/180/53
f 680/175/56 681/176/56 687/181/56 686/61/56
f 681/176/27 682/177/27 688/182/27 687/181/27
f 682/177/55 678/178/55 684/9/55 688/182/55
o door
usemtl sheet
f 689/8/1 690/9/1 691/10/1 692/4/1
f 693/4/2 694/10/2 695/9/2 696/8/2
f 694/9/4 693/8/4 692/4/4 691/10/4
f 693/9/5 696/8/5 689/4/5 692/10/5
f 695/9/6 694/8/6 691/4/6 690/10/6
f 729/8/1 730/9/1 731/10/1 732/4/1
f 733/4/2 734/10/2 735/9/2 736/8/2
f 734/9/4 733/8/4 732/4/4 731/10/4
f 733/9/5 736/8/5 729/4/5 732/10/5
f 735/9/6 734/8/6 731/4/6 730/10/6
usemtl door
f 696/9/3 695/8/3 690/4/3 689/10/3
usemtl steel
f 697/11/1 698/12/1 699/13/1 700/4/1
f 701/4/2 702/13/2 703/12/2 704/11/2
f 704/12/3 703/11/3 698/4/3 697/13/3
f 702/12/4 701/11/4 700/4/4 699/13/4
f 701/12/5 704/11/5 697/4/5 700/13/5
f 703/12/6 702/11/6 699/4/6 698/13/6
f 705/14/1 706/15/1 707/16/1 708/4/1
f 709/4/2 710/16/2 711/15/2 712/14/2
f 712/15/3 711/14/3 706/4/3 705/16/3
f 710/15/4 709/14/4 708/4/4 707/16/4
f 709/15/5 712/14/5 705/4/5 708/16/5
f 711/15/6 710/14/6 707/4/6 706/16/6
f 713/14/1 714/15/1 715/16/1 716/4/1
f 717/4/2 718/16/2 719/15/2 720/14/2
f 720/15/3 719/14/3 714/4/3 713/16/3
f 718/15/4 717/14/4 716/4/4 715/16/4
f 717/15/5 720/14/5 713/4/5 716/16/5
f 719/15/6 718/14/6 715/4/6 714/16/6
f 721/14/1 722/15/1 723/16/1 724/4/1
f 725/4/2 726/16/2 727/15/2 728/14/2
f 728/15/3 727/14/3 722/4/3 721/16/3
f 726/15/4 725/14/4 724/4/4 723/16/4
f 725/15/5 728/14/5 721/4/5 724/16/5
f 727/15/6 726/14/6 723/4/6 722/16/6
f 737/11/1 738/12/1 739/13/1 740/4/1
f 741/4/2 742/13/2 743/12/2 744/11/2
f 744/12/3 743/11/3 738/4/3 737/13/3
f 742/12/4 741/11/4 740/4/4 739/13/4
f 741/12/5 744/11/5 737/4/5 740/13/5
f 743/12/6 742/11/6 739/4/6 738/13/6
f 745/14/1 746/15/1 747/16/1 748/4/1
f 749/4/2 750/16/2 751/15/2 752/14/2
f 752/15/3 751/14/3 746/4/3 745/16/3
f 750/15/4 749/14/4 748/4/4 747/16/4
f 749/15/5 752/14/5 745/4/5 748/16/5
f 751/15/6 750/14/6 747/4/6 746/16/6
f 753/14/1 754/15/1 755/16/1 756/4/1
f 757/4/2 758/16/2 759/15/2 760/14/2
f 760/15/3 759/14/3 754/4/3 753/16/3
f 758/15/4 757/14/4 756/4/4 755/16/4
f 757/15/5 760/14/5 753/4/5 756/16/5
f 759/15/6 758/14/6 755/4/6 754/16/6
f 761/14/1 762/15/1 763/16/1 764/4/1
f 765/4/2 766/16/2 767/15/2 768/14/2
f 768/15/3 767/14/3 762/4/3 761/16/3
f 766/15/4 765/14/4 764/4/4 763/16/4
f 765/15/5 768/14/5 761/4/5 764/16/5
f 767/15/6 766/14/6 763/4/6 762/16/6
usemtl leaf
f 736/9/3 735/8/3 730/4/3 729/10/3
o vent
usemtl sheet
f 785/8/1 786/9/1 787/10/1 788/4/1
f 789/4/2 790/10/2 791/9/2 792/8/2
f 792/9/3 791/8/3 786/4/3 785/10/3
f 790/9/4 789/8/4 788/4/4 787/10/4
f 791/9/6 790/8/6 787/4/6 786/10/6
f 809/8/1 810/9/1 811/10/1 812/4/1
f 813/4/2 814/10/2 815/9/2 816/8/2
f 816/9/3 815/8/3 810/4/3 809/10/3
f 814/9/4 813/8/4 812/4/4 811/10/4
f 813/9/5 816/8/5 809/4/5 812/10/5
usemtl vent
f 789/9/5 792/8/5 785/4/5 788/10/5
f 815/9/6 814/8/6 811/4/6 810/10/6
usemtl panel
f 793/14/1 794/15/1 795/16/1 796/4/1
f 797/4/2 798/16/2 799/15/2 800/14/2
f 800/15/3 799/14/3 794/4/3 793/16/3
f 798/15/4 797/14/4 796/4/4 795/16/4
f 797/15/5 800/14/5 793/4/5 796/16/5
f 799/15/6 798/14/6 795/4/6 794/16/6
f 801/14/1 802/15/1 803/16/1 804/4/1
f 805/4/2 806/16/2 807/15/2 808/14/2
f 808/15/3 807/14/3 802/4/3 801/16/3
f 806/15/4 805/14/4 804/4/4 803/16/4
f 805/15/5 808/14/5 801/4/5 804/16/5
f 807/15/6 806/14/6 803/4/6 802/16/6
f 817/14/1 818/15/1 819/16/1 820/4/1
f 821/4/2 822/16/2 823/15/2 824/14/2
f 824/15/3 823/14/3 818/4/3 817/16/3
f 822/15/4 821/14/4 820/4/4 819/16/4
f 821/15/5 824/14/5 817/4/5 820/16/5
f 823/15/6 822/14/6 819/4/6 818/16/6
f 825/14/1 826/15/1 827/16/1 828/4/1
f 829/4/2 830/16/2 831/15/2 832/14/2
f 832/15/3 831/14/3 826/4/3 825/16/3
f 830/15/4 829/14/4 828/4/4 827/16/4
f 829/15/5 832/14/5 825/4/5 828/16/5
f 831/15/6 830/14/6 827/4/6 826/16/6
o hardware
usemtl steel
f 833/23/1 834/24/1 835/25/1 836/4/1
f 837/4/2 838/25/2 839/24/2 840/23/2
f 840/24/3 839/23/3 834/4/3 833/25/3
f 838/24/4 837/23/4 836/4/4 835/25/4
f 837/24/5 840/23/5 833/4/5 836/25/5
f 839/24/6 838/23/6 835/4/6 834/25/6
f 1130/503/109 1131/504/109 1132/505/109 1133/506/109
f 1131/504/110 1134/507/110 1135/508/110 1132/505/110
f 1134/507/111 1136/509/111 1137/510/111 1135/508/111
f 1136/509/112 1138/511/112 1139/512/112 1137/510/112
f 1138/511/113 1140/513/113 1141/514/113 1139/512/113
f 1140/513/114 1142/515/114 1143/516/114 1141/514/114
f 1142/515/115 1144/517/115 1145/518/115 1143/516/115
f 1144/517/116 1130/519/116 1133/520/116 1145/518/116
f 1146/521/117 1147/522/117 1131/504/117 1130/503/117
f 1147/522/118 1148/523/118 1134/507/118 1131/504/118
f 1148/523/119 1149/524/119 1136/509/119 1134/507/119
f 1149/524/120 1150/525/120 1138/511/120 1136/509/120
f 1150/525/121 1151/526/121 1140/513/121 1138/511/121
f 1151/526/122 1152/527/122 1142/515/122 1140/513/122
f 1152/527/123 1153/528/123 1144/517/123 1142/515/123
f 1153/528/124 1146/529/124 1130/519/124 1144/517/124
f 1154/530/109 1155/531/109 1147/522/109 1146/521/109
f 1155/531/110 1156/532/110 1148/523/110 1147/522/110
f 1156/532/111 1157/533/111 1149/524/111 1148/523/111
f 1157/533/112 1158/534/112 1150/525/112 1149/524/112
f 1158/534/113 1159/535/113 1151/526/113 1150/525/113
f 1159/535/114 1160/536/114 1152/527/114 1151/526/114
f 1160/536/115 1161/537/115 1153/528/115 1152/527/115
f 1161/537/116 1154/538/116 1146/529/116 1153/528/116
f 1162/8/2 1162/490/2 1155/531/2 1154/530/2
f 1162/490/2 1162/492/2 1156/532/2 1155/531/2
f 1162/492/2 1162/494/2 1157/533/2 1156/532/2
f 1162/494/2 1162/61/2 1158/534/2 1157/533/2
f 1162/61/2 1162/497/2 1159/535/2 1158/534/2
f 1162/497/2 1162/499/2 1160/536/2 1159/535/2
f 1162/499/2 1162/501/2 1161/537/2 1160/536/2
f 1162/501/2 1162/9/2 1154/538/2 1161/537/2
f 1163/23/1 1164/24/1 1165/25/1 1166/4/1
f 1167/4/2 1168/25/2 1169/24/2 1170/23/2
f 1170/24/3 1169/23/3 1164/4/3 1163/25/3
f 1168/24/4 1167/23/4 1166/4/4 1165/25/4
f 1167/24/5 1170/23/5 1163/4/5 1166/25/5
f 1169/24/6 1168/23/6 1165/4/6 1164/25/6
f 1460/503/109 1461/504/109 1462/505/109 1463/506/109
f 1461/504/110 1464/507/110 1465/508/110 1462/505/110
f 1464/507/111 1466/509/111 1467/510/111 1465/508/111
f 1466/509/112 1468/511/112 1469/512/112 1467/510/112
f 1468/511/113 1470/513/113 1471/514/113 1469/512/113
f 1470/513/114 1472/515/114 1473/516/114 1471/514/114
f 1472/515/115 1474/517/115 1475/518/115 1473/516/115
f 1474/517/116 1460/519/116 1463/520/116 1475/518/116
f 1476/521/117 1477/522/117 1461/504/117 1460/503/117
f 1477/522/118 1478/523/118 1464/507/118 1461/504/118
f 1478/523/119 1479/524/119 1466/509/119 1464/507/119
f 1479/524/120 1480/525/120 1468/511/120 1466/509/120
f 1480/525/121 1481/526/121 1470/513/121 1468/511/121
f 1481/526/122 1482/527/122 1472/515/122 1470/513/122
f 1482/527/123 1483/528/123 1474/517/123 1472/515/123
f 1483/528/124 1476/529/124 1460/519/124 1474/517/124
f 1484/530/109 1485/531/109 1477/522/109 1476/521/109
f 1485/531/110 1486/532/110 1478/523/110 1477/522/110
f 1486/532/111 1487/533/111 1479/524/111 1478/523/111
f 1487/533/112 1488/534/112 1480/525/112 1479/524/112
f 1488/534/113 1489/535/113 1481/526/113 1480/525/113
f 1489/535/114 1490/536/114 1482/527/114 1481/526/114
f 1490/536/115 1491/537/115 1483/528/115 1482/527/115
f 1491/537/116 1484/538/116 1476/529/116 1483/528/116
f 1492/8/2 1492/490/2 1485/531/2 1484/530/2
f 1492/490/2 1492/492/2 1486/532/2 1485/531/2
f 1492/492/2 1492/494/2 1487/533/2 1486/532/2
f 1492/494/2 1492/61/2 1488/534/2 1487/533/2
f 1492/61/2 1492/497/2 1489/535/2 1488/534/2
f 1492/497/2 1492/499/2 1490/536/2 1489/535/2
f 1492/499/2 1492/501/2 1491/537/2 1490/536/2
f 1492/501/2 1492/9/2 1484/538/2 1491/537/2
o insulator_input
usemtl porcelain
f 841/183/61 842/184/61 843/185/61 844/186/61
f 842/184/62 845/187/62 846/188/62 843/185/62
f 845/187/63 847/189/63 848/190/63 846/188/63
f 847/189/64 849/191/64 850/192/64 848/190/64
f 849/191/65 851/193/65 852/194/65 850/192/65
f 851/193/66 853/195/66 854/196/66 852/194/66
f 853/195/67 855/197/67 856/198/67 854/196/67
f 855/197/68 857/199/68 858/200/68 856/198/68
f 857/199/69 859/201/69 860/202/69 858/200/69
f 859/201/70 861/203/70 862/204/70 860/202/70
f 861/203/71 863/205/71 864/206/71 862/204/71
f 863/205/72 865/207/72 866/208/72 864/206/72
f 865/207/73 867/209/73 868/210/73 866/208/73
f 867/209/74 869/211/74 870/212/74 868/210/74
f 869/211/75 871/213/75 872/214/75 870/212/75
f 871/213/76 841/215/76 844/216/76 872/214/76
f 873/217/2 874/218/2 842/184/2 841/183/2
f 874/218/2 875/219/2 845/187/2 842/184/2
f 875/219/2 876/220/2 847/189/2 845/187/2
f 876/220/2 877/221/2 849/191/2 847/189/2
f 877/221/2 878/222/2 851/193/2 849/191/2
f 878/222/2 879/223/2 853/195/2 851/193/2
f 879/223/2 880/224/2 855/197/2 853/195/2
f 880/224/2 881/225/2 857/199/2 855/197/2
f 881/225/2 882/226/2 859/201/2 857/199/2
f 882/226/2 883/227/2 861/203/2 859/201/2
f 883/227/2 884/228/2 863/205/2 861/203/2
f 884/228/2 885/229/2 865/207/2 863/205/2
f 885/229/2 886/230/2 867/209/2 865/207/2
f 886/230/2 887/231/2 869/211/2 867/209/2
f 887/231/2 888/232/2 871/213/2 869/211/2
f 888/232/2 873/233/2 841/215/2 871/213/2
f 889/234/7 890/235/7 874/218/7 873/217/7
f 890/235/8 891/236/8 875/219/8 874/218/8
f 891/236/9 892/237/9 876/220/9 875/219/9
f 892/237/10 893/238/10 877/221/10 876/220/10
f 893/238/11 894/239/11 878/222/11 877/221/11
f 894/239/12 895/240/12 879/223/12 878/222/12
f 895/240/13 896/241/13 880/224/13 879/223/13
f 896/241/14 897/242/14 881/225/14 880/224/14
f 897/242/15 898/243/15 882/226/15 881/225/15
f 898/243/16 899/244/16 883/227/16 882/226/16
f 899/244/17 900/245/17 884/228/17 883/227/17
f 900/245/18 901/246/18 885/229/18 884/228/18
f 901/246/19 902/247/19 886/230/19 885/229/19
f 902/247/20 903/248/20 887/231/20 886/230/20
f 903/248/21 904/249/21 888/232/21 887/231/21
f 904/249/22 889/250/22 873/233/22 888/232/22
f 905/251/1 906/252/1 890/235/1 889/234/1
f 906/252/1 907/253/1 891/236/1 890/235/1
f 907/253/1 908/254/1 892/237/1 891/236/1
f 908/254/1 909/255/1 893/238/1 892/237/1
f 909/255/1 910/256/1 894/239/1 893/238/1
f 910/256/1 911/257/1 895/240/1 894/239/1
f 911/257/1 912/258/1 896/241/1 895/240/1
f 912/258/1 913/259/1 897/242/1 896/241/1
f 913/259/1 914/260/1 898/243/1 897/242/1
f 914/260/1 915/261/1 899/244/1 898/243/1
f 915/261/1 916/262/1 900/245/1 899/244/1
f 916/262/1 917/263/1 901/246/1 900/245/1
f 917/263/1 918/264/1 902/247/1 901/246/1
f 918/264/1 919/265/1 903/248/1 902/247/1
f 919/265/1 920/266/1 904/249/1 903/248/1
f 920/266/1 905/267/1 889/250/1 904/249/1
f 921/268/77 922/269/77 906/252/77 905/251/77
f 922/269/78 923/270/78 907/253/78 906/252/78
f 923/270/79 924/271/79 908/254/79 907/253/79
f 924/271/80 925/272/80 909/255/80 908/254/80
f 925/272/81 926/273/81 910/256/81 909/255/81
f 926/273/82 927/274/82 911/257/82 910/256/82
f 927/274/83 928/275/83 912/258/83 911/257/83
f 928/275/84 929/276/84 913/259/84 912/258/84
f 929/276/85 930/277/85 914/260/85 913/259/85
f 930/277/86 931/278/86 915/261/86 914/260/86
f 931/278/87 932/279/87 916/262/87 915/261/87
f 932/279/88 933/280/88 917/263/88 916/262/88
f 933/280/89 934/281/89 918/264/89 917/263/89
f 934/281/90 935/282/90 919/265/90 918/264/90
f 935/282/91 936/283/91 920/266/91 919/265/91
f 936/283/92 921/284/92 905/267/92 920/266/92
f 937/285/2 938/286/2 922/269/2 921/268/2
f 938/286/2 939/287/2 923/270/2 922/269/2
f 939/287/2 940/288/2 924/271/2 923/270/2
f 940/288/2 941/289/2 925/272/2 924/271/2
f 941/289/2 942/290/2 926/273/2 925/272/2
f 942/290/2 943/291/2 927/274/2 926/273/2
f 943/291/2 944/292/2 928/275/2 927/274/2
f 944/292/2 945/293/2 929/276/2 928/275/2
f 945/293/2 946/294/2 930/277/2 929/276/2
f 946/294/2 947/295/2 931/278/2 930/277/2
f 947/295/2 948/296/2 932/279/2 931/278/2
f 948/296/2 949/297/2 933/280/2 932/279/2
f 949/297/2 950/298/2 934/281/2 933/280/2
f 950/298/2 951/299/2 935/282/2 934/281/2
f 951/299/2 952/300/2 936/283/2 935/282/2
f 952/300/2 937/301/2 921/284/2 936/283/2
f 953/302/7 954/303/7 938/286/7 937/285/7
f 954/303/8 955/304/8 939/287/8 938/286/8
f 955/304/9 956/305/9 940/288/9 939/287/9
f 956/305/10 957/306/10 941/289/10 940/288/10
f 957/306/11 958/307/11 942/290/11 941/289/11
f 958/307/12 959/308/12 943/291/12 942/290/12
f 959/308/13 960/309/13 944/292/13 943/291/13
f 960/309/14 961/310/14 945/293/14 944/292/14
f 961/310/15 962/311/15 946/294/15 945/293/15
f 962/311/16 963/312/16 947/295/16 946/294/16
f 963/312/17 964/313/17 948/296/17 947/295/17
f 964/313/18 965/314/18 949/297/18 948/296/18
f 965/314/19 966/315/19 950/298/19 949/297/19
f 966/315/20 967/316/20 951/299/20 950/298/20
f 967/316/21 968/317/21 952/300/21 951/299/21
f 968/317/22 953/318/22 937/301/22 952/300/22
f 969/319/1 970/320/1 954/303/1 953/302/1
f 970/320/1 971/321/1 955/304/1 954/303/1
f 971/321/1 972/322/1 956/305/1 955/304/1
f 972/322/1 973/323/1 957/306/1 956/305/1
f 973/323/1 974/324/1 958/307/1 957/306/1
f 974/324/1 975/325/1 959/308/1 958/307/1
f 975/325/1 976/326/1 960/309/1 959/308/1
f 976/326/1 977/327/1 961/310/1 960/309/1
f 977/327/1 978/328/1 962/311/1 961/310/1
f 978/328/1 979/329/1 963/312/1 962/311/1
f 979/329/1 980/330/1 964/313/1 963/312/1
f 980/330/1 981/331/1 965/314/1 964/313/1
f 981/331/1 982/332/1 966/315/1 965/314/1
f 982/332/1 983/333/1 967/316/1 966/315/1
f 983/333/1 984/334/1 968/317/1 967/316/1
f 984/334/1 969/335/1 953/318/1 968/317/1
f 985/336/7 986/337/7 970/320/7 969/319/7
f 986/337/8 987/338/8 971/321/8 970/320/8
f 987/338/9 988/339/9 972/322/9 971/321/9
f 988/339/10 989/340/10 973/323/10 972/322/10
f 989/340/11 990/341/11 974/324/11 973/323/11
f 990/341/12 991/342/12 975/325/12 974/324/12
f 991/342/13 992/343/13 976/326/13 975/325/13
f 992/343/14 993/344/14 977/327/14 976/326/14
f 993/344/15 994/345/15 978/328/15 977/327/15
f 994/345/16 995/346/16 979/329/16 978/328/16
f 995/346/17 996/347/17 980/330/17 979/329/17
f 996/347/18 997/348/18 981/331/18 980/330/18
f 997/348/19 998/349/19 982/332/19 981/331/19
f 998/349/20 999/350/20 983/333/20 982/332/20
f 999/350/21 1000/351/21 984/334/21 983/333/21
f 1000/351/22 985/352/22 969/335/22 984/334/22
f 1001/353/2 1002/354/2 986/337/2 985/336/2
f 1002/354/2 1003/355/2 987/338/2 986/337/2
f 1003/355/2 1004/356/2 988/339/2 987/338/2
f 1004/356/2 1005/357/2 989/340/2 988/339/2
f 1005/357/2 1006/358/2 990/341/2 989/340/2
f 1006/358/2 1007/359/2 991/342/2 990/341/2
f 1007/359/2 1008/360/2 992/343/2 991/342/2
f 1008/360/2 1009/361/2 993/344/2 992/343/2
f 1009/361/2 1010/362/2 994/345/2 993/344/2
f 1010/362/2 1011/363/2 995/346/2 994/345/2
f 1011/363/2 1012/364/2 996/347/2 995/346/2
f 1012/364/2 1013/365/2 997/348/2 996/347/2
f 1013/365/2 1014/366/2 998/349/2 997/348/2
f 1014/366/2 1015/367/2 999/350/2 998/349/2
f 1015/367/2 1016/368/2 1000/351/2 999/350/2
f 1016/368/2 1001/369/2 985/352/2 1000/351/2
f 1017/370/7 1018/371/7 1002/354/7 1001/353/7
f 1018/371/8 1019/372/8 1003/355/8 1002/354/8
f 1019/372/9 1020/373/9 1004/356/9 1003/355/9
f 1020/373/10 1021/374/10 1005/357/10 1004/356/10
f 1021/374/11 1022/375/11 1006/358/11 1005/357/11
f 1022/375/12 1023/376/12 1007/359/12 1006/358/12
f 1023/376/13 1024/377/13 1008/360/13 1007/359/13
f 1024/377/14 1025/378/14 1009/361/14 1008/360/14
f 1025/378/15 1026/379/15 1010/362/15 1009/361/15
f 1026/379/16 1027/380/16 1011/363/16 1010/362/16
f 1027/380/17 1028/381/17 1012/364/17 1011/363/17
f 1028/381/18 1029/382/18 1013/365/18 1012/364/18
f 1029/382/19 1030/383/19 1014/366/19 1013/365/19
f 1030/383/20 1031/384/20 1015/367/20 1014/366/20
f 1031/384/21 1032/385/21 1016/368/21 1015/367/21
f 1032/385/22 1017/386/22 1001/369/22 1016/368/22
f 1033/387/1 1034/388/1 1018/371/1 1017/370/1
f 1034/388/1 1035/389/1 1019/372/1 1018/371/1
f 1035/389/1 1036/390/1 1020/373/1 1019/372/1
f 1036/390/1 1037/391/1 1021/374/1 1020/373/1
f 1037/391/1 1038/392/1 1022/375/1 1021/374/1
f 1038/392/1 1039/393/1 1023/376/1 1022/375/1
f 1039/393/1 1040/394/1 1024/377/1 1023/376/1
f 1040/394/1 1041/395/1 1025/378/1 1024/377/1
f 1041/395/1 1042/396/1 1026/379/1 1025/378/1
f 1042/396/1 1043/397/1 1027/380/1 1026/379/1
f 1043/397/1 1044/398/1 1028/381/1 1027/380/1
f 1044/398/1 1045/399/1 1029/382/1 1028/381/1
f 1045/399/1 1046/400/1 1030/383/1 1029/382/1
f 1046/400/1 1047/401/1 1031/384/1 1030/383/1
f 1047/401/1 1048/402/1 1032/385/1 1031/384/1
f 1048/402/1 1033/403/1 1017/386/1 1032/385/1
f 1049/404/7 1050/405/7 1034/388/7 1033/387/7
f 1050/405/8 1051/406/8 1035/389/8 1034/388/8
f 1051/406/9 1052/407/9 1036/390/9 1035/389/9
f 1052/407/10 1053/408/10 1037/391/10 1036/390/10
f 1053/408/11 1054/409/11 1038/392/11 1037/391/11
f 1054/409/12 1055/410/12 1039/393/12 1038/392/12
f 1055/410/13 1056/411/13 1040/394/13 1039/393/13
f 1056/411/14 1057/412/14 1041/395/14 1040/394/14
f 1057/412/15 1058/413/15 1042/396/15 1041/395/15
f 1058/413/16 1059/414/16 1043/397/16 1042/396/16
f 1059/414/17 1060/415/17 1044/398/17 1043/397/17
f 1060/415/18 1061/416/18 1045/399/18 1044/398/18
f 1061/416/19 1062/417/19 1046/400/19 1045/399/19
f 1062/417/20 1063/418/20 1047/401/20 1046/400/20
f 1063/418/21 1064/419/21 1048/402/21 1047/401/21
f 1064/419/22 1049/420/22 1033/403/22 1048/402/22
f 1065/421/2 1066/422/2 1050/405/2 1049/404/2
f 1066/422/2 1067/423/2 1051/406/2 1050/405/2
f 1067/423/2 1068/424/2 1052/407/2 1051/406/2
f 1068/424/2 1069/425/2 1053/408/2 1052/407/2
f 1069/425/2 1070/426/2 1054/409/2 1053/408/2
f 1070/426/2 1071/427/2 1055/410/2 1054/409/2
f 1071/427/2 1072/428/2 1056/411/2 1055/410/2
f 1072/428/2 1073/429/2 1057/412/2 1056/411/2
f 1073/429/2 1074/430/2 1058/413/2 1057/412/2
f 1074/430/2 1075/431/2 1059/414/2 1058/413/2
f 1075/431/2 1076/432/2 1060/415/2 1059/414/2
f 1076/432/2 1077/433/2 1061/416/2 1060/415/2
f 1077/433/2 1078/434/2 1062/417/2 1061/416/2
f 1078/434/2 1079/435/2 1063/418/2 1062/417/2
f 1079/435/2 1080/436/2 1064/419/2 1063/418/2
f 1080/436/2 1065/437/2 1049/420/2 1064/419/2
f 1081/438/7 1082/439/7 1066/422/7 1065/421/7
f 1082/439/8 1083/440/8 1067/423/8 1066/422/8
f 1083/440/9 1084/441/9 1068/424/9 1067/423/9
f 1084/441/10 1085/442/10 1069/425/10 1068/424/10
f 1085/442/11 1086/443/11 1070/426/11 1069/425/11
f 1086/443/12 1087/444/12 1071/427/12 1070/426/12
f 1087/444/13 1088/445/13 1072/428/13 1071/427/13
f 1088/445/14 1089/446/14 1073/429/14 1072/428/14
f 1089/446/15 1090/447/15 1074/430/15 1073/429/15
f 1090/447/16 1091/448/16 1075/431/16 1074/430/16
f 1091/448/17 1092/449/17 1076/432/17 1075/431/17
f 1092/449/18 1093/450/18 1077/433/18 1076/432/18
f 1093/450/19 1094/451/19 1078/434/19 1077/433/19
f 1094/451/20 1095/452/20 1079/435/20 1078/434/20
f 1095/452/21 1096/453/21 1080/436/21 1079/435/21
f 1096/453/22 1081/454/22 1065/437/22 1080/436/22
f 1097/455/1 1098/456/1 1082/439/1 1081/438/1
f 1098/456/1 1099/457/1 1083/440/1 1082/439/1
f 1099/457/1 1100/458/1 1084/441/1 1083/440/1
f 1100/458/1 1101/459/1 1085/442/1 1084/441/1
f 1101/459/1 1102/460/1 1086/443/1 1085/442/1
f 1102/460/1 1103/461/1 1087/444/1 1086/443/1
f 1103/461/1 1104/462/1 1088/445/1 1087/444/1
f 1104/462/1 1105/463/1 1089/446/1 1088/445/1
f 1105/463/1 1106/464/1 1090/447/1 1089/446/1
f 1106/464/1 1107/465/1 1091/448/1 1090/447/1
f 1107/465/1 1108/466/1 1092/449/1 1091/448/1
f 1108/466/1 1109/467/1 1093/450/1 1092/449/1
f 1109/467/1 1110/468/1 1094/451/1 1093/450/1
f 1110/468/1 1111/469/1 1095/452/1 1094/451/1
f 1111/469/1 1112/470/1 1096/453/1 1095/452/1
f 1112/470/1 1097/471/1 1081/454/1 1096/453/1
f 1113/472/93 1114/473/93 1098/456/93 1097/455/93
f 1114/473/94 1115/474/94 1099/457/94 1098/456/94
f 1115/474/95 1116/475/95 1100/458/95 1099/457/95
f 1116/475/96 1117/476/96 1101/459/96 1100/458/96
f 1117/476/97 1118/477/97 1102/460/97 1101/459/97
f 1118/477/98 1119/478/98 1103/461/98 1102/460/98
f 1119/478/99 1120/479/99 1104/462/99 1103/461/99
f 1120/479/100 1121/480/100 1105/463/100 1104/462/100
f 1121/480/101 1122/481/101 1106/464/101 1105/463/101
f 1122/481/102 1123/482/102 1107/465/102 1106/464/102
f 1123/482/103 1124/483/103 1108/466/103 1107/465/103
f 1124/483/104 1125/484/104 1109/467/104 1108/466/104
f 1125/484/105 1126/485/105 1110/468/105 1109/467/105
f 1126/485/106 1127/486/106 1111/469/106 1110/468/106
f 1127/486/107 1128/487/107 1112/470/107 1111/469/107
f 1128/487/108 1113/488/108 1097/471/108 1112/470/108
f 1129/8/2 1129/489/2 1114/473/2 1113/472/2
f 1129/489/2 1129/490/2 1115/474/2 1114/473/2
f 1129/490/2 1129/491/2 1116/475/2 1115/474/2
f 1129/491/2 1129/492/2 1117/476/2 1116/475/2
f 1129/492/2 1129/493/2 1118/477/2 1117/476/2
f 1129/493/2 1129/494/2 1119/478/2 1118/477/2
f 1129/494/2 1129/495/2 1120/479/2 1119/478/2
f 1129/495/2 1129/61/2 1121/480/2 1120/479/2
f 1129/61/2 1129/496/2 1122/481/2 1121/480/2
f 1129/496/2 1129/497/2 1123/482/2 1122/481/2
f 1129/497/2 1129/498/2 1124/483/2 1123/482/2
f 1129/498/2 1129/499/2 1125/484/2 1124/483/2
f 1129/499/2 1129/500/2 1126/485/2 1125/484/2
f 1129/500/2 1129/501/2 1127/486/2 1126/485/2
f 1129/501/2 1129/502/2 1128/487/2 1127/486/2
f 1129/502/2 1129/9/2 1113/488/2 1128/487/2
o insulator_output
usemtl porcelain
f 1171/183/61 1172/184/61 1173/185/61 1174/186/61
f 1172/184/62 1175/187/62 1176/188/62 1173/185/62
f 1175/187/63 1177/189/63 1178/190/63 1176/188/63
f 1177/189/64 1179/191/64 1180/192/64 1178/190/64
f 1179/191/65 1181/193/65 1182/194/65 1180/192/65
f 1181/193/66 1183/195/66 1184/196/66 1182/194/66
f 1183/195/67 1185/197/67 1186/198/67 1184/196/67
f 1185/197/68 1187/199/68 1188/200/68 1186/198/68
f 1187/199/69 1189/201/69 1190/202/69 1188/200/69
f 1189/201/70 1191/203/70 1192/204/70 1190/202/70
f 1191/203/71 1193/205/71 1194/206/71 1192/204/71
f 1193/205/72 1195/207/72 1196/208/72 1194/206/72
f 1195/207/73 1197/209/73 1198/210/73 1196/208/73
f 1197/209/74 1199/211/74 1200/212/74 1198/210/74
f 1199/211/75 1201/213/75 1202/214/75 1200/212/75
f 1201/213/76 1171/215/76 1174/216/76 1202/214/76
f 1203/217/2 1204/218/2 1172/184/2 1171/183/2
f 1204/218/2 1205/219/2 1175/187/2 1172/184/2
f 1205/219/2 1206/220/2 1177/189/2 1175/187/2
f 1206/220/2 1207/221/2 1179/191/2 1177/189/2
f 1207/221/2 1208/222/2 1181/193/2 1179/191/2
f 1208/222/2 1209/223/2 1183/195/2 1181/193/2
f 1209/223/2 1210/224/2 1185/197/2 1183/195/2
f 1210/224/2 1211/225/2 1187/199/2 1185/197/2
f 1211/225/2 1212/226/2 1189/201/2 1187/199/2
f 1212/226/2 1213/227/2 1191/203/2 1189/201/2
f 1213/227/2 1214/228/2 1193/205/2 1191/203/2
f 1214/228/2 1215/229/2 1195/207/2 1193/205/2
f 1215/229/2 1216/230/2 1197/209/2 1195/207/2
f 1216/230/2 1217/231/2 1199/211/2 1197/209/2
f 1217/231/2 1218/232/2 1201/213/2 1199/211/2
f 1218/232/2 1203/233/2 1171/215/2 1201/213/2
f 1219/234/7 1220/235/7 1204/218/7 1203/217/7
f 1220/235/8 1221/236/8 1205/219/8 1204/218/8
f 1221/236/9 1222/237/9 1206/220/9 1205/219/9
f 1222/237/10 1223/238/10 1207/221/10 1206/220/10
f 1223/238/11 1224/239/11 1208/222/11 1207/221/11
f 1224/239/12 1225/240/12 1209/223/12 1208/222/12
f 1225/240/13 1226/241/13 1210/224/13 1209/223/13
f 1226/241/14 1227/242/14 1211/225/14 1210/224/14
f 1227/242/15 1228/243/15 1212/226/15 1211/225/15
f 1228/243/16 1229/244/16 1213/227/16 1212/226/16
f 1229/244/17 1230/245/17 1214/228/17 1213/227/17
f 1230/245/18 1231/246/18 1215/229/18 1214/228/18
f 1231/246/19 1232/247/19 1216/230/19 1215/229/19
f 1232/247/20 1233/248/20 1217/231/20 1216/230/20
f 1233/248/21 1234/249/21 1218/232/21 1217/231/21
f 1234/249/22 1219/250/22 1203/233/22 1218/232/22
f 1235/251/1 1236/252/1 1220/235/1 1219/234/1
f 1236/252/1 1237/253/1 1221/236/1 1220/235/1
f 1237/253/1 1238/254/1 1222/237/1 1221/236/1
f 1238/254/1 1239/255/1 1223/238/1 1222/237/1
f 1239/255/1 1240/256/1 1224/239/1 1223/238/1
f 1240/256/1 1241/257/1 1225/240/1 1224/239/1
f 1241/257/1 1242/258/1 1226/241/1 1225/240/1
f 1242/258/1 1243/259/1 1227/242/1 1226/241/1
f 1243/259/1 1244/260/1 1228/243/1 1227/242/1
f 1244/260/1 1245/261/1 1229/244/1 1228/243/1
f 1245/261/1 1246/262/1 1230/245/1 1229/244/1
f 1246/262/1 1247/263/1 1231/246/1 1230/245/1
f 1247/263/1 1248/264/1 1232/247/1 1231/246/1
f 1248/264/1 1249/265/1 1233/248/1 1232/247/1
f 1249/265/1 1250/266/1 1234/249/1 1233/248/1
f 1250/266/1 1235/267/1 1219/250/1 1234/249/1
f 1251/268/77 1252/269/77 1236/252/77 1235/251/77
f 1252/269/78 1253/270/78 1237/253/78 1236/252/78
f 1253/270/79 1254/271/79 1238/254/79 1237/253/79
f 1254/271/80 1255/272/80 1239/255/80 1238/254/80
f 1255/272/81 1256/273/81 1240/256/81 1239/255/81
f 1256/273/82 1257/274/82 1241/257/82 1240/256/82
f 1257/274/83 1258/275/83 1242/258/83 1241/257/83
f 1258/275/84 1259/276/84 1243/259/84 1242/258/84
f 1259/276/85 1260/277/85 1244/260/85 1243/259/85
f 1260/277/86 1261/278/86 1245/261/86 1244/260/86
f 1261/278/87 1262/279/87 1246/262/87 1245/261/87
f 1262/279/88 1263/280/88 1247/263/88 1246/262/88
f 1263/280/89 1264/281/89 1248/264/89 1247/263/89
f 1264/281/90 1265/282/90 1249/265/90 1248/264/90
f 1265/282/91 1266/283/91 1250/266/91 1249/265/91
f 1266/283/92 1251/284/92 1235/267/92 1250/266/92
f 1267/285/2 1268/286/2 1252/269/2 1251/268/2
f 1268/286/2 1269/287/2 1253/270/2 1252/269/2
f 1269/287/2 1270/288/2 1254/271/2 1253/270/2
f 1270/288/2 1271/289/2 1255/272/2 1254/271/2
f 1271/289/2 1272/290/2 1256/273/2 1255/272/2
f 1272/290/2 1273/291/2 1257/274/2 1256/273/2
f 1273/291/2 1274/292/2 1258/275/2 1257/274/2
f 1274/292/2 1275/293/2 1259/276/2 1258/275/2
f 1275/293/2 1276/294/2 1260/277/2 1259/276/2
f 1276/294/2 1277/295/2 1261/278/2 1260/277/2
f 1277/295/2 1278/296/2 1262/279/2 1261/278/2
f 1278/296/2 1279/297/2 1263/280/2 1262/279/2
f 1279/297/2 1280/298/2 1264/281/2 1263/280/2
f 1280/298/2 1281/299/2 1265/282/2 1264/281/2
f 1281/299/2 1282/300/2 1266/283/2 1265/282/2
f 1282/300/2 1267/301/2 1251/284/2 1266/283/2
f 1283/302/7 1284/303/7 1268/286/7 1267/285/7
f 1284/303/8 1285/304/8 1269/287/8 1268/286/8
f 1285/304/9 1286/305/9 1270/288/9 1269/287/9
f 1286/305/10 1287/306/10 1271/289/10 1270/288/10
f 1287/306/11 1288/307/11 1272/290/11 1271/289/11
f 1288/307/12 1289/308/12 1273/291/12 1272/290/12
f 1289/308/13 1290/309/13 1274/292/13 1273/291/13
f 1290/309/14 1291/310/14 1275/293/14 1274/292/14
f 1291/310/15 1292/311/15 1276/294/15 1275/293/15
f 1292/311/16 1293/312/16 1277/295/16 1276/294/16
f 1293/312/17 1294/313/17 1278/296/17 1277/295/17
f 1294/313/18 1295/314/18 1279/297/18 1278/296/18
f 1295/314/19 1296/315/19 1280/298/19 1279/297/19
f 1296/315/20 1297/316/20 1281/299/20 1280/298/20
f 1297/316/21 1298/317/21 1282/300/21 1281/299/21
f 1298/317/22 1283/318/22 1267/301/22 1282/300/22
f 1299/319/1 1300/320/1 1284/303/1 1283/302/1
f 1300/320/1 1301/321/1 1285/304/1 1284/303/1
f 1301/321/1 1302/322/1 1286/305/1 1285/304/1
f 1302/322/1 1303/323/1 1287/306/1 1286/305/1
f 1303/323/1 1304/324/1 1288/307/1 1287/306/1
f 1304/324/1 1305/325/1 1289/308/1 1288/307/1
f 1305/325/1 1306/326/1 1290/309/1 1289/308/1
f 1306/326/1 1307/327/1 1291/310/1 1290/309/1
f 1307/327/1 1308/328/1 1292/311/1 1291/310/1
f 1308/328/1 1309/329/1 1293/312/1 1292/311/1
f 1309/329/1 1310/330/1 1294/313/1 1293/312/1
f 1310/330/1 1311/331/1 1295/314/1 1294/313/1
f 1311/331/1 1312/332/1 1296/315/1 1295/314/1
f 1312/332/1 1313/333/1 1297/316/1 1296/315/1
f 1313/333/1 1314/334/1 1298/317/1 1297/316/1
f 1314/334/1 1299/335/1 1283/318/1 1298/317/1
f 1315/336/7 1316/337/7 1300/320/7 1299/319/7
f 1316/337/8 1317/338/8 1301/321/8 1300/320/8
f 1317/338/9 1318/339/9 1302/322/9 1301/321/9
f 1318/339/10 1319/340/10 1303/323/10 1302/322/10
f 1319/340/11 1320/341/11 1304/324/11 1303/323/11
f 1320/341/12 1321/342/12 1305/325/12 1304/324/12
f 1321/342/13 1322/343/13 1306/326/13 1305/325/13
f 1322/343/14 1323/344/14 1307/327/14 1306/326/14
f 1323/344/15 1324/345/15 1308/328/15 1307/327/15
f 1324/345/16 1325/346/16 1309/329/16 1308/328/16
f 1325/346/17 1326/347/17 1310/330/17 1309/329/17
f 1326/347/18 1327/348/18 1311/331/18 1310/330/18
f 1327/348/19 1328/349/19 1312/332/19 1311/331/19
f 1328/349/20 1329/350/20 1313/333/20 1312/332/20
f 1329/350/21 1330/351/21 1314/334/21 1313/333/21
f 1330/351/22 1315/352/22 1299/335/22 1314/334/22
f 1331/353/2 1332/354/2 1316/337/2 1315/336/2
f 1332/354/2 1333/355/2 1317/338/2 1316/337/2
f 1333/355/2 1334/356/2 1318/339/2 1317/338/2
f 1334/356/2 1335/357/2 1319/340/2 1318/339/2
f 1335/357/2 1336/358/2 1320/341/2 1319/340/2
f 1336/358/2 1337/359/2 1321/342/2 1320/341/2
f 1337/359/2 1338/360/2 1322/343/2 1321/342/2
f 1338/360/2 1339/361/2 1323/344/2 1322/343/2
f 1339/361/2 1340/362/2 1324/345/2 1323/344/2
f 1340/362/2 1341/363/2 1325/346/2 1324/345/2
f 1341/363/2 1342/364/2 1326/347/2 1325/346/2
f 1342/364/2 1343/365/2 1327/348/2 1326/347/2
f 1343/365/2 1344/366/2 1328/349/2 1327/348/2
f 1344/366/2 1345/367/2 1329/350/2 1328/349/2
f 1345/367/2 1346/368/2 1330/351/2 1329/350/2
f 1346/368/2 1331/369/2 1315/352/2 1330/351/2
f 1347/370/7 1348/371/7 1332/354/7 1331/353/7
f 1348/371/8 1349/372/8 1333/355/8 1332/354/8
f 1349/372/9 1350/373/9 1334/356/9 1333/355/9
f 1350/373/10 1351/374/10 1335/357/10 1334/356/10
f 1351/374/11 1352/375/11 1336/358/11 1335/357/11
f 1352/375/12 1353/376/12 1337/359/12 1336/358/12
f 1353/376/13 1354/377/13 1338/360/13 1337/359/13
f 1354/377/14 1355/378/14 1339/361/14 1338/360/14
f 1355/378/15 1356/379/15 1340/362/15 1339/361/15
f 1356/379/16 1357/380/16 1341/363/16 1340/362/16
f 1357/380/17 1358/381/17 1342/364/17 1341/363/17
f 1358/381/18 1359/382/18 1343/365/18 1342/364/18
f 1359/382/19 1360/383/19 1344/366/19 1343/365/19
f 1360/383/20 1361/384/20 1345/367/20 1344/366/20
f 1361/384/21 1362/385/21 1346/368/21 1345/367/21
f 1362/385/22 1347/386/22 1331/369/22 1346/368/22
f 1363/387/1 1364/388/1 1348/371/1 1347/370/1
f 1364/388/1 1365/389/1 1349/372/1 1348/371/1
f 1365/389/1 1366/390/1 1350/373/1 1349/372/1
f 1366/390/1 1367/391/1 1351/374/1 1350/373/1
f 1367/391/1 1368/392/1 1352/375/1 1351/374/1
f 1368/392/1 1369/393/1 1353/376/1 1352/375/1
f 1369/393/1 1370/394/1 1354/377/1 1353/376/1
f 1370/394/1 1371/395/1 1355/378/1 1354/377/1
f 1371/395/1 1372/396/1 1356/379/1 1355/378/1
f 1372/396/1 1373/397/1 1357/380/1 1356/379/1
f 1373/397/1 1374/398/1 1358/381/1 1357/380/1
f 1374/398/1 1375/399/1 1359/382/1 1358/381/1
f 1375/399/1 1376/400/1 1360/383/1 1359/382/1
f 1376/400/1 1377/401/1 1361/384/1 1360/383/1
f 1377/401/1 1378/402/1 1362/385/1 1361/384/1
f 1378/402/1 1363/403/1 1347/386/1 1362/385/1
f 1379/404/7 1380/405/7 1364/388/7 1363/387/7
f 1380/405/8 1381/406/8 1365/389/8 1364/388/8
f 1381/406/9 1382/407/9 1366/390/9 1365/389/9
f 1382/407/10 1383/408/10 1367/391/10 1366/390/10
f 1383/408/11 1384/409/11 1368/392/11 1367/391/11
f 1384/409/12 1385/410/12 1369/393/12 1368/392/12
f 1385/410/13 1386/411/13 1370/394/13 1369/393/13
f 1386/411/14 1387/412/14 1371/395/14 1370/394/14
f 1387/412/15 1388/413/15 1372/396/15 1371/395/15
f 1388/413/16 1389/414/16 1373/397/16 1372/396/16
f 1389/414/17 1390/415/17 1374/398/17 1373/397/17
f 1390/415/18 1391/416/18 1375/399/18 1374/398/18
f 1391/416/19 1392/417/19 1376/400/19 1375/399/19
f 1392/417/20 1393/418/20 1377/401/20 1376/400/20
f 1393/418/21 1394/419/21 1378/402/21 1377/401/21
f 1394/419/22 1379/420/22 1363/403/22 1378/402/22
f 1395/421/2 1396/422/2 1380/405/2 1379/404/2
f 1396/422/2 1397/423/2 1381/406/2 1380/405/2
f 1397/423/2 1398/424/2 1382/407/2 1381/406/2
f 1398/424/2 1399/425/2 1383/408/2 1382/407/2
f 1399/425/2 1400/426/2 1384/409/2 1383/408/2
f 1400/426/2 1401/427/2 1385/410/2 1384/409/2
f 1401/427/2 1402/428/2 1386/411/2 1385/410/2
f 1402/428/2 1403/429/2 1387/412/2 1386/411/2
f 1403/429/2 1404/430/2 1388/413/2 1387/412/2
f 1404/430/2 1405/431/2 1389/414/2 1388/413/2
f 1405/431/2 1406/432/2 1390/415/2 1389/414/2
f 1406/432/2 1407/433/2 1391/416/2 1390/415/2
f 1407/433/2 1408/434/2 1392/417/2 1391/416/2
f 1408/434/2 1409/435/2 1393/418/2 1392/417/2
f 1409/435/2 1410/436/2 1394/419/2 1393/418/2
f 1410/436/2 1395/437/2 1379/420/2 1394/419/2
f 1411/438/7 1412/439/7 1396/422/7 1395/421/7
f 1412/439/8 1413/440/8 1397/423/8 1396/422/8
f 1413/440/9 1414/441/9 1398/424/9 1397/423/9
f 1414/441/10 1415/442/10 1399/425/10 1398/424/10
f 1415/442/11 1416/443/11 1400/426/11 1399/425/11
f 1416/443/12 1417/444/12 1401/427/12 1400/426/12
f 1417/444/13 1418/445/13 1402/428/13 1401/427/13
f 1418/445/14 1419/446/14 1403/429/14 1402/428/14
f 1419/446/15 1420/447/15 1404/430/15 1403/429/15
f 1420/447/16 1421/448/16 1405/431/16 1404/430/16
f 1421/448/17 1422/449/17 1406/432/17 1405/431/17
f 1422/449/18 1423/450/18 1407/433/18 1406/432/18
f 1423/450/19 1424/451/19 1408/434/19 1407/433/19
f 1424/451/20 1425/452/20 1409/435/20 1408/434/20
f 1425/452/21 1426/453/21 1410/436/21 1409/435/21
f 1426/453/22 1411/454/22 1395/437/22 1410/436/22
f 1427/455/1 1428/456/1 1412/439/1 1411/438/1
f 1428/456/1 1429/457/1 1413/440/1 1412/439/1
f 1429/457/1 1430/458/1 1414/441/1 1413/440/1
f 1430/458/1 1431/459/1 1415/442/1 1414/441/1
f 1431/459/1 1432/460/1 1416/443/1 1415/442/1
f 1432/460/1 1433/461/1 1417/444/1 1416/443/1
f 1433/461/1 1434/462/1 1418/445/1 1417/444/1
f 1434/462/1 1435/463/1 1419/446/1 1418/445/1
f 1435/463/1 1436/464/1 1420/447/1 1419/446/1
f 1436/464/1 1437/465/1 1421/448/1 1420/447/1
f 1437/465/1 1438/466/1 1422/449/1 1421/448/1
f 1438/466/1 1439/467/1 1423/450/1 1422/449/1
f 1439/467/1 1440/468/1 1424/451/1 1423/450/1
f 1440/468/1 1441/469/1 1425/452/1 1424/451/1
f 1441/469/1 1442/470/1 1426/453/1 1425/452/1
f 1442/470/1 1427/471/1 1411/454/1 1426/453/1
f 1443/472/93 1444/473/93 1428/456/93 1427/455/93
f 1444/473/94 1445/474/94 1429/457/94 1428/456/94
f 1445/474/95 1446/475/95 1430/458/95 1429/457/95
f 1446/475/96 1447/476/96 1431/459/96 1430/458/96
f 1447/476/97 1448/477/97 1432/460/97 1431/459/97
f 1448/477/98 1449/478/98 1433/461/98 1432/460/98
f 1449/478/99 1450/479/99 1434/462/99 1433/461/99
f 1450/479/100 1451/480/100 1435/463/100 1434/462/100
f 1451/480/101 1452/481/101 1436/464/101 1435/463/101
f 1452/481/102 1453/482/102 1437/465/102 1436/464/102
f 1453/482/103 1454/483/103 1438/466/103 1437/465/103
f 1454/483/104 1455/484/104 1439/467/104 1438/466/104
f 1455/484/105 1456/485/105 1440/468/105 1439/467/105
f 1456/485/106 1457/486/106 1441/469/106 1440/468/106
f 1457/486/107 1458/487/107 1442/470/107 1441/469/107
f 1458/487/108 1443/488/108 1427/471/108 1442/470/108
f 1459/8/2 1459/489/2 1444/473/2 1443/472/2
f 1459/489/2 1459/490/2 1445/474/2 1444/473/2
f 1459/490/2 1459/491/2 1446/475/2 1445/474/2
f 1459/491/2 1459/492/2 1447/476/2 1446/475/2
f 1459/492/2 1459/493/2 1448/477/2 1447/476/2
f 1459/493/2 1459/494/2 1449/478/2 1448/477/2
f 1459/494/2 1459/495/2 1450/479/2 1449/478/2
f 1459/495/2 1459/61/2 1451/480/2 1450/479/2
f 1459/61/2 1459/496/2 1452/481/2 1451/480/2
f 1459/496/2 1459/497/2 1453/482/2 1452/481/2
f 1459/497/2 1459/498/2 1454/483/2 1453/482/2
f 1459/498/2 1459/499/2 1455/484/2 1454/483/2
f 1459/499/2 1459/500/2 1456/485/2 1455/484/2
f 1459/500/2 1459/501/2 1457/486/2 1456/485/2
f 1459/501/2 1459/502/2 1458/487/2 1457/486/2
f 1459/502/2 1459/9/2 1443/488/2 1458/487/2
o arrester_1
usemtl arrester
f 1525/564/7 1526/565/7 1527/45/7 1528/4/7
f 1526/565/8 1529/566/8 1530/551/8 1527/45/8
f 1529/566/9 1531/567/9 1532/561/9 1530/551/9
f 1531/567/10 1533/568/10 1534/569/10 1532/561/10
f 1533/568/11 1535/570/11 1536/571/11 1534/569/11
f 1535/570/12 1537/572/12 1538/573/12 1536/571/12
f 1537/572/13 1539/574/13 1540/575/13 1538/573/13
f 1539/574/14 1541/576/14 1542/69/14 1540/575/14
f 1541/576/15 1543/577/15 1544/578/15 1542/69/15
f 1543/577/16 1545/579/16 1546/580/16 1544/578/16
f 1545/579/17 1547/581/17 1548/582/17 1546/580/17
f 1547/581/18 1549/583/18 1550/584/18 1548/582/18
f 1549/583/19 1551/585/19 1552/586/19 1550/584/19
f 1551/585/20 1553/587/20 1554/588/20 1552/586/20
f 1553/587/21 1555/589/21 1556/590/21 1554/588/21
f 1555/589/22 1525/591/22 1528/10/22 1556/590/22
f 1557/592/125 1558/593/125 1526/565/125 1525/564/125
f 1558/593/126 1559/594/126 1529/566/126 1526/565/126
f 1559/594/127 1560/595/127 1531/567/127 1529/566/127
f 1560/595/128 1561/596/128 1533/568/128 1531/567/128
f 1561/596/129 1562/597/129 1535/570/129 1533/568/129
f 1562/597/130 1563/598/130 1537/572/130 1535/570/130
f 1563/598/131 1564/599/131 1539/574/131 1537/572/131
f 1564/599/132 1565/600/132 1541/576/132 1539/574/132
f 1565/600/133 1566/601/133 1543/577/133 1541/576/133
f 1566/601/134 1567/602/134 1545/579/134 1543/577/134
f 1567/602/135 1568/603/135 1547/581/135 1545/579/135
f 1568/603/136 1569/604/136 1549/583/136 1547/581/136
f 1569/604/137 1570/605/137 1551/585/137 1549/583/137
f 1570/605/138 1571/606/138 1553/587/138 1551/585/138
f 1571/606/139 1572/607/139 1555/589/139 1553/587/139
f 1572/607/140 1557/608/140 1525/591/140 1555/589/140
f 1573/609/141 1574/610/141 1558/593/141 1557/592/141
f 1574/610/142 1575/611/142 1559/594/142 1558/593/142
f 1575/611/143 1576/612/143 1560/595/143 1559/594/143
f 1576/612/144 1577/613/144 1561/596/144 1560/595/144
f 1577/613/145 1578/614/145 1562/597/145 1561/596/145
f 1578/614/146 1579/615/146 1563/598/146 1562/597/146
f 1579/615/147 1580/616/147 1564/599/147 1563/598/147
f 1580/616/148 1581/617/148 1565/600/148 1564/599/148
f 1581/617/149 1582/618/149 1566/601/149 1565/600/149
f 1582/618/150 1583/619/150 1567/602/150 1566/601/150
f 1583/619/151 1584/620/151 1568/603/151 1567/602/151
f 1584/620/152 1585/621/152 1569/604/152 1568/603/152
f 1585/621/153 1586/622/153 1570/605/153 1569/604/153
f 1586/622/154 1587/623/154 1571/606/154 1570/605/154
f 1587/623/155 1588/624/155 1572/607/155 1571/606/155
f 1588/624/156 1573/625/156 1557/608/156 1572/607/156
f 1589/626/7 1590/627/7 1574/610/7 1573/609/7
f 1590/627/8 1591/628/8 1575/611/8 1574/610/8
f 1591/628/9 1592/629/9 1576/612/9 1575/611/9
f 1592/629/10 1593/630/10 1577/613/10 1576/612/10
f 1593/630/11 1594/631/11 1578/614/11 1577/613/11
f 1594/631/12 1595/632/12 1579/615/12 1578/614/12
f 1595/632/13 1596/633/13 1580/616/13 1579/615/13
f 1596/633/14 1597/634/14 1581/617/14 1580/616/14
f 1597/634/15 1598/635/15 1582/618/15 1581/617/15
f 1598/635/16 1599/636/16 1583/619/16 1582/618/16
f 1599/636/17 1600/637/17 1584/620/17 1583/619/17
f 1600/637/18 1601/638/18 1585/621/18 1584/620/18
f 1601/638/19 1602/639/19 1586/622/19 1585/621/19
f 1602/639/20 1603/640/20 1587/623/20 1586/622/20
f 1603/640/21 1604/641/21 1588/624/21 1587/623/21
f 1604/641/22 1589/642/22 1573/625/22 1588/624/22
f 1605/643/125 1606/644/125 1590/627/125 1589/626/125
f 1606/644/126 1607/645/126 1591/628/126 1590/627/126
f 1607/645/127 1608/646/127 1592/629/127 1591/628/127
f 1608/646/128 1609/647/128 1593/630/128 1592/629/128
f 1609/647/129 1610/648/129 1594/631/129 1593/630/129
f 1610/648/130 1611/649/130 1595/632/130 1594/631/130
f 1611/649/131 1612/650/131 1596/633/131 1595/632/131
f 1612/650/132 1613/651/132 1597/634/132 1596/633/132
f 1613/651/133 1614/652/133 1598/635/133 1597/634/133
f 1614/652/134 1615/653/134 1599/636/134 1598/635/134
f 1615/653/135 1616/654/135 1600/637/135 1599/636/135
f 1616/654/136 1617/655/136 1601/638/136 1600/637/136
f 1617/655/137 1618/656/137 1602/639/137 1601/638/137
f 1618/656/138 1619/657/138 1603/640/138 1602/639/138
f 1619/657/139 1620/658/139 1604/641/139 1603/640/139
f 1620/658/140 1605/659/140 1589/642/140 1604/641/140
f 1621/660/141 1622/661/141 1606/644/141 1605/643/141
f 1622/661/142 1623/662/142 1607/645/142 1606/644/142
f 1623/662/143 1624/663/143 1608/646/143 1607/645/143
f 1624/663/144 1625/664/144 1609/647/144 1608/646/144
f 1625/664/145 1626/665/145 1610/648/145 1609/647/145
f 1626/665/146 1627/666/146 1611/649/146 1610/648/146
f 1627/666/147 1628/667/147 1612/650/147 1611/649/147
f 1628/667/148 1629/668/148 1613/651/148 1612/650/148
f 1629/668/149 1630/669/149 1614/652/149 1613/651/149
f 1630/669/150 1631/670/150 1615/653/150 1614/652/150
f 1631/670/151 1632/671/151 1616/654/151 1615/653/151
f 1632/671/152 1633/672/152 1617/655/152 1616/654/152
f 1633/672/153 1634/673/153 1618/656/153 1617/655/153
f 1634/673/154 1635/674/154 1619/657/154 1618/656/154
f 1635/674/155 1636/675/155 1620/658/155 1619/657/155
f 1636/675/156 1621/676/156 1605/659/156 1620/658/156
f 1637/677/7 1638/678/7 1622/661/7 1621/660/7
f 1638/678/8 1639/679/8 1623/662/8 1622/661/8
f 1639/679/9 1640/680/9 1624/663/9 1623/662/9
f 1640/680/10 1641/681/10 1625/664/10 1624/663/10
f 1641/681/11 1642/682/11 1626/665/11 1625/664/11
f 1642/682/12 1643/683/12 1627/666/12 1626/665/12
f 1643/683/13 1644/684/13 1628/667/13 1627/666/13
f 1644/684/14 1645/685/14 1629/668/14 1628/667/14
f 1645/685/15 1646/686/15 1630/669/15 1629/668/15
f 1646/686/16 1647/687/16 1631/670/16 1630/669/16
f 1647/687/17 1648/688/17 1632/671/17 1631/670/17
f 1648/688/18 1649/689/18 1633/672/18 1632/671/18
f 1649/689/19 1650/690/19 1634/673/19 1633/672/19
f 1650/690/20 1651/691/20 1635/674/20 1634/673/20
f 1651/691/21 1652/692/21 1636/675/21 1635/674/21
f 1652/692/22 1637/693/22 1621/676/22 1636/675/22
f 1653/694/125 1654/695/125 1638/678/125 1637/677/125
f 1654/695/126 1655/696/126 1639/679/126 1638/678/126
f 1655/696/127 1656/697/127 1640/680/127 1639/679/127
f 1656/697/128 1657/698/128 1641/681/128 1640/680/128
f 1657/698/129 1658/699/129 1642/682/129 1641/681/129
f 1658/699/130 1659/700/130 1643/683/130 1642/682/130
f 1659/700/131 1660/701/131 1644/684/131 1643/683/131
f 1660/701/132 1661/702/132 1645/685/132 1644/684/132
f 1661/702/133 1662/703/133 1646/686/133 1645/685/133
f 1662/703/134 1663/704/134 1647/687/134 1646/686/134
f 1663/704/135 1664/705/135 1648/688/135 1647/687/135
f 1664/705/136 1665/706/136 1649/689/136 1648/688/136
f 1665/706/137 1666/707/137 1650/690/137 1649/689/137
f 1666/707/138 1667/708/138 1651/691/138 1650/690/138
f 1667/708/139 1668/709/139 1652/692/139 1651/691/139
f 1668/709/140 1653/710/140 1637/693/140 1652/692/140
f 1669/711/141 1670/712/141 1654/695/141 1653/694/141
f 1670/712/142 1671/713/142 1655/696/142 1654/695/142
f 1671/713/143 1672/714/143 1656/697/143 1655/696/143
f 1672/714/144 1673/715/144 1657/698/144 1656/697/144
f 1673/715/145 1674/716/145 1658/699/145 1657/698/145
f 1674/716/146 1675/717/146 1659/700/146 1658/699/146
f 1675/717/147 1676/718/147 1660/701/147 1659/700/147
f 1676/718/148 1677/719/148 1661/702/148 1660/701/148
f 1677/719/149 1678/720/149 1662/703/149 1661/702/149
f 1678/720/150 1679/721/150 1663/704/150 1662/703/150
f 1679/721/151 1680/722/151 1664/705/151 1663/704/151
f 1680/722/152 1681/723/152 1665/706/152 1664/705/152
f 1681/723/153 1682/724/153 1666/707/153 1665/706/153
f 1682/724/154 1683/725/154 1667/708/154 1666/707/154
f 1683/725/155 1684/726/155 1668/709/155 1667/708/155
f 1684/726/156 1669/727/156 1653/710/156 1668/709/156
f 1685/728/7 1686/729/7 1670/712/7 1669/711/7
f 1686/729/8 1687/730/8 1671/713/8 1670/712/8
f 1687/730/9 1688/731/9 1672/714/9 1671/713/9
f 1688/731/10 1689/732/10 1673/715/10 1672/714/10
f 1689/732/11 1690/733/11 1674/716/11 1673/715/11
f 1690/733/12 1691/734/12 1675/717/12 1674/716/12
f 1691/734/13 1692/735/13 1676/718/13 1675/717/13
f 1692/735/14 1693/736/14 1677/719/14 1676/718/14
f 1693/736/15 1694/737/15 1678/720/15 1677/719/15
f 1694/737/16 1695/738/16 1679/721/16 1678/720/16
f 1695/738/17 1696/739/17 1680/722/17 1679/721/17
f 1696/739/18 1697/740/18 1681/723/18 1680/722/18
f 1697/740/19 1698/741/19 1682/724/19 1681/723/19
f 1698/741/20 1699/742/20 1683/725/20 1682/724/20
f 1699/742/21 1700/743/21 1684/726/21 1683/725/21
f 1700/743/22 1685/744/22 1669/727/22 1684/726/22
f 1701/745/125 1702/746/125 1686/729/125 1685/728/125
f 1702/746/126 1703/747/126 1687/730/126 1686/729/126
f 1703/747/127 1704/748/127 1688/731/127 1687/730/127
f 1704/748/128 1705/749/128 1689/732/128 1688/731/128
f 1705/749/129 1706/750/129 1690/733/129 1689/732/129
f 1706/750/130 1707/751/130 1691/734/130 1690/733/130
f 1707/751/131 1708/752/131 1692/735/131 1691/734/131
f 1708/752/132 1709/753/132 1693/736/132 1692/735/132
f 1709/753/133 1710/754/133 1694/737/133 1693/736/133
f 1710/754/134 1711/755/134 1695/738/134 1694/737/134
f 1711/755/135 1712/756/135 1696/739/135 1695/738/135
f 1712/756/136 1713/757/136 1697/740/136 1696/739/136
f 1713/757/137 1714/758/137 1698/741/137 1697/740/137
f 1714/758/138 1715/759/138 1699/742/138 1698/741/138
f 1715/759/139 1716/760/139 1700/743/139 1699/742/139
f 1716/760/140 1701/761/140 1685/744/140 1700/743/140
f 1717/762/141 1718/763/141 1702/746/141 1701/745/141
f 1718/763/142 1719/764/142 1703/747/142 1702/746/142
f 1719/764/143 1720/765/143 1704/748/143 1703/747/143
f 1720/765/144 1721/766/144 1705/749/144 1704/748/144
f 1721/766/145 1722/767/145 1706/750/145 1705/749/145
f 1722/767/146 1723/768/146 1707/751/146 1706/750/146
f 1723/768/147 1724/769/147 1708/752/147 1707/751/147
f 1724/769/148 1725/770/148 1709/753/148 1708/752/148
f 1725/770/149 1726/771/149 1710/754/149 1709/753/149
f 1726/771/150 1727/772/150 1711/755/150 1710/754/150
f 1727/772/151 1728/773/151 1712/756/151 1711/755/151
f 1728/773/152 1729/774/152 1713/757/152 1712/756/152
f 1729/774/153 1730/775/153 1714/758/153 1713/757/153
f 1730/775/154 1731/776/154 1715/759/154 1714/758/154
f 1731/776/155 1732/777/155 1716/760/155 1715/759/155
f 1732/777/156 1717/778/156 1701/761/156 1716/760/156
f 1733/779/7 1734/780/7 1718/763/7 1717/762/7
f 1734/780/8 1735/781/8 1719/764/8 1718/763/8
f 1735/781/9 1736/782/9 1720/765/9 1719/764/9
f 1736/782/10 1737/783/10 1721/766/10 1720/765/10
f 1737/783/11 1738/784/11 1722/767/11 1721/766/11
f 1738/784/12 1739/785/12 1723/768/12 1722/767/12
f 1739/785/13 1740/786/13 1724/769/13 1723/768/13
f 1740/786/14 1741/787/14 1725/770/14 1724/769/14
f 1741/787/15 1742/788/15 1726/771/15 1725/770/15
f 1742/788/16 1743/789/16 1727/772/16 1726/771/16
f 1743/789/17 1744/790/17 1728/773/17 1727/772/17
f 1744/790/18 1745/791/18 1729/774/18 1728/773/18
f 1745/791/19 1746/792/19 1730/775/19 1729/774/19
f 1746/792/20 1747/793/20 1731/776/20 1730/775/20
f 1747/793/21 1748/794/21 1732/777/21 1731/776/21
f 1748/794/22 1733/795/22 1717/778/22 1732/777/22
f 1749/796/125 1750/797/125 1734/780/125 1733/779/125
f 1750/797/126 1751/798/126 1735/781/126 1734/780/126
f 1751/798/127 1752/799/127 1736/782/127 1735/781/127
f 1752/799/128 1753/800/128 1737/783/128 1736/782/128
f 1753/800/129 1754/801/129 1738/784/129 1737/783/129
f 1754/801/130 1755/802/130 1739/785/130 1738/784/130
f 1755/802/131 1756/803/131 1740/786/131 1739/785/131
f 1756/803/132 1757/804/132 1741/787/132 1740/786/132
f 1757/804/133 1758/805/133 1742/788/133 1741/787/133
f 1758/805/134 1759/806/134 1743/789/134 1742/788/134
f 1759/806/135 1760/807/135 1744/790/135 1743/789/135
f 1760/807/136 1761/808/136 1745/791/136 1744/790/136
f 1761/808/137 1762/809/137 1746/792/137 1745/791/137
f 1762/809/138 1763/810/138 1747/793/138 1746/792/138
f 1763/810/139 1764/811/139 1748/794/139 1747/793/139
f 1764/811/140 1749/812/140 1733/795/140 1748/794/140
f 1765/813/141 1766/814/141 1750/797/141 1749/796/141
f 1766/814/142 1767/815/142 1751/798/142 1750/797/142
f 1767/815/143 1768/816/143 1752/799/143 1751/798/143
f 1768/816/144 1769/817/144 1753/800/144 1752/799/144
f 1769/817/145 1770/818/145 1754/801/145 1753/800/145
f 1770/818/146 1771/819/146 1755/802/146 1754/801/146
f 1771/819/147 1772/820/147 1756/803/147 1755/802/147
f 1772/820/148 1773/821/148 1757/804/148 1756/803/148
f 1773/821/149 1774/822/149 1758/805/149 1757/804/149
f 1774/822/150 1775/823/150 1759/806/150 1758/805/150
f 1775/823/151 1776/824/151 1760/807/151 1759/806/151
f 1776/824/152 1777/825/152 1761/808/152 1760/807/152
f 1777/825/153 1778/826/153 1762/809/153 1761/808/153
f 1778/826/154 1779/827/154 1763/810/154 1762/809/154
f 1779/827/155 1780/828/155 1764/811/155 1763/810/155
f 1780/828/156 1765/829/156 1749/812/156 1764/811/156
f 1781/830/7 1782/831/7 1766/814/7 1765/813/7
f 1782/831/8 1783/832/8 1767/815/8 1766/814/8
f 1783/832/9 1784/833/9 1768/816/9 1767/815/9
f 1784/833/10 1785/834/10 1769/817/10 1768/816/10
f 1785/834/11 1786/835/11 1770/818/11 1769/817/11
f 1786/835/12 1787/836/12 1771/819/12 1770/818/12
f 1787/836/13 1788/837/13 1772/820/13 1771/819/13
f 1788/837/14 1789/838/14 1773/821/14 1772/820/14
f 1789/838/15 1790/839/15 1774/822/15 1773/821/15
f 1790/839/16 1791/840/16 1775/823/16 1774/822/16
f 1791/840/17 1792/841/17 1776/824/17 1775/823/17
f 1792/841/18 1793/842/18 1777/825/18 1776/824/18
f 1793/842/19 1794/843/19 1778/826/19 1777/825/19
f 1794/843/20 1795/844/20 1779/827/20 1778/826/20
f 1795/844/21 1796/845/21 1780/828/21 1779/827/21
f 1796/845/22 1781/846/22 1765/829/22 1780/828/22
f 1797/847/125 1798/848/125 1782/831/125 1781/830/125
f 1798/848/126 1799/849/126 1783/832/126 1782/831/126
f 1799/849/127 1800/850/127 1784/833/127 1783/832/127
f 1800/850/128 1801/851/128 1785/834/128 1784/833/128
f 1801/851/129 1802/852/129 1786/835/129 1785/834/129
f 1802/852/130 1803/853/130 1787/836/130 1786/835/130
f 1803/853/131 1804/854/131 1788/837/131 1787/836/131
f 1804/854/132 1805/855/132 1789/838/132 1788/837/132
f 1805/855/133 1806/856/133 1790/839/133 1789/838/133
f 1806/856/134 1807/857/134 1791/840/134 1790/839/134
f 1807/857/135 1808/858/135 1792/841/135 1791/840/135
f 1808/858/136 1809/859/136 1793/842/136 1792/841/136
f 1809/859/137 1810/860/137 1794/843/137 1793/842/137
f 1810/860/138 1811/861/138 1795/844/138 1794/843/138
f 1811/861/139 1812/862/139 1796/845/139 1795/844/139
f 1812/862/140 1797/863/140 1781/846/140 1796/845/140
f 1813/864/141 1814/865/141 1798/848/141 1797/847/141
f 1814/865/142 1815/866/142 1799/849/142 1798/848/142
f 1815/866/143 1816/867/143 1800/850/143 1799/849/143
f 1816/867/144 1817/868/144 1801/851/144 1800/850/144
f 1817/868/145 1818/869/145 1802/852/145 1801/851/145
f 1818/869/146 1819/870/146 1803/853/146 1802/852/146
f 1819/870/147 1820/871/147 1804/854/147 1803/853/147
f 1820/871/148 1821/872/148 1805/855/148 1804/854/148
f 1821/872/149 1822/873/149 1806/856/149 1805/855/149
f 1822/873/150 1823/874/150 1807/857/150 1806/856/150
f 1823/874/151 1824/875/151 1808/858/151 1807/857/151
f 1824/875/152 1825/876/152 1809/859/152 1808/858/152
f 1825/876/153 1826/877/153 1810/860/153 1809/859/153
f 1826/877/154 1827/878/154 1811/861/154 1810/860/154
f 1827/878/155 1828/879/155 1812/862/155 1811/861/155
f 1828/879/156 1813/880/156 1797/863/156 1812/862/156
f 1829/881/7 1830/882/7 1814/865/7 1813/864/7
f 1830/882/8 1831/883/8 1815/866/8 1814/865/8
f 1831/883/9 1832/884/9 1816/867/9 1815/866/9
f 1832/884/10 1833/885/10 1817/868/10 1816/867/10
f 1833/885/11 1834/886/11 1818/869/11 1817/868/11
f 1834/886/12 1835/887/12 1819/870/12 1818/869/12
f 1835/887/13 1836/888/13 1820/871/13 1819/870/13
f 1836/888/14 1837/889/14 1821/872/14 1820/871/14
f 1837/889/15 1838/890/15 1822/873/15 1821/872/15
f 1838/890/16 1839/891/16 1823/874/16 1822/873/16
f 1839/891/17 1840/892/17 1824/875/17 1823/874/17
f 1840/892/18 1841/893/18 1825/876/18 1824/875/18
f 1841/893/19 1842/894/19 1826/877/19 1825/876/19
f 1842/894/20 1843/895/20 1827/878/20 1826/877/20
f 1843/895/21 1844/896/21 1828/879/21 1827/878/21
f 1844/896/22 1829/897/22 1813/880/22 1828/879/22
f 1845/898/125 1846/899/125 1830/882/125 1829/881/125
f 1846/899/126 1847/900/126 1831/883/126 1830/882/126
f 1847/900/127 1848/901/127 1832/884/127 1831/883/127
f 1848/901/128 1849/902/128 1833/885/128 1832/884/128
f 1849/902/129 1850/903/129 1834/886/129 1833/885/129
f 1850/903/130 1851/904/130 1835/887/130 1834/886/130
f 1851/904/131 1852/905/131 1836/888/131 1835/887/131
f 1852/905/132 1853/906/132 1837/889/132 1836/888/132
f 1853/906/133 1854/907/133 1838/890/133 1837/889/133
f 1854/907/134 1855/908/134 1839/891/134 1838/890/134
f 1855/908/135 1856/909/135 1840/892/135 1839/891/135
f 1856/909/136 1857/910/136 1841/893/136 1840/892/136
f 1857/910/137 1858/911/137 1842/894/137 1841/893/137
f 1858/911/138 1859/912/138 1843/895/138 1842/894/138
f 1859/912/139 1860/913/139 1844/896/139 1843/895/139
f 1860/913/140 1845/914/140 1829/897/140 1844/896/140
f 1861/915/141 1862/916/141 1846/899/141 1845/898/141
f 1862/916/142 1863/917/142 1847/900/142 1846/899/142
f 1863/917/143 1864/918/143 1848/901/143 1847/900/143
f 1864/918/144 1865/919/144 1849/902/144 1848/901/144
f 1865/919/145 1866/920/145 1850/903/145 1849/902/145
f 1866/920/146 1867/921/146 1851/904/146 1850/903/146
f 1867/921/147 1868/922/147 1852/905/147 1851/904/147
f 1868/922/148 1869/923/148 1853/906/148 1852/905/148
f 1869/923/149 1870/924/149 1854/907/149 1853/906/149
f 1870/924/150 1871/925/150 1855/908/150 1854/907/150
f 1871/925/151 1872/926/151 1856/909/151 1855/908/151
f 1872/926/152 1873/927/152 1857/910/152 1856/909/152
f 1873/927/153 1874/928/153 1858/911/153 1857/910/153
f 1874/928/154 1875/929/154 1859/912/154 1858/911/154
f 1875/929/155 1876/930/155 1860/913/155 1859/912/155
f 1876/930/156 1861/931/156 1845/914/156 1860/913/156
f 1877/932/7 1878/933/7 1862/916/7 1861/915/7
f 1878/933/8 1879/934/8 1863/917/8 1862/916/8
f 1879/934/9 1880/935/9 1864/918/9 1863/917/9
f 1880/935/10 1881/936/10 1865/919/10 1864/918/10
f 1881/936/11 1882/937/11 1866/920/11 1865/919/11
f 1882/937/12 1883/938/12 1867/921/12 1866/920/12
f 1883/938/13 1884/939/13 1868/922/13 1867/921/13
f 1884/939/14 1885/940/14 1869/923/14 1868/922/14
f 1885/940/15 1886/941/15 1870/924/15 1869/923/15
f 1886/941/16 1887/942/16 1871/925/16 1870/924/16
f 1887/942/17 1888/943/17 1872/926/17 1871/925/17
f 1888/943/18 1889/944/18 1873/927/18 1872/926/18
f 1889/944/19 1890/945/19 1874/928/19 1873/927/19
f 1890/945/20 1891/946/20 1875/929/20 1874/928/20
f 1891/946/21 1892/947/21 1876/930/21 1875/929/21
f 1892/947/22 1877/948/22 1861/931/22 1876/930/22
f 1893/949/125 1894/950/125 1878/933/125 1877/932/125
f 1894/950/126 1895/951/126 1879/934/126 1878/933/126
f 1895/951/127 1896/952/127 1880/935/127 1879/934/127
f 1896/952/128 1897/953/128 1881/936/128 1880/935/128
f 1897/953/129 1898/954/129 1882/937/129 1881/936/129
f 1898/954/130 1899/955/130 1883/938/130 1882/937/130
f 1899/955/131 1900/956/131 1884/939/131 1883/938/131
f 1900/956/132 1901/957/132 1885/940/132 1884/939/132
f 1901/957/133 1902/958/133 1886/941/133 1885/940/133
f 1902/958/134 1903/959/134 1887/942/134 1886/941/134
f 1903/959/135 1904/960/135 1888/943/135 1887/942/135
f 1904/960/136 1905/961/136 1889/944/136 1888/943/136
f 1905/961/137 1906/962/137 1890/945/137 1889/944/137
f 1906/962/138 1907/963/138 1891/946/138 1890/945/138
f 1907/963/139 1908/964/139 1892/947/139 1891/946/139
f 1908/964/140 1893/965/140 1877/948/140 1892/947/140
f 1909/966/141 1910/967/141 1894/950/141 1893/949/141
f 1910/967/142 1911/968/142 1895/951/142 1894/950/142
f 1911/968/143 1912/969/143 1896/952/143 1895/951/143
f 1912/969/144 1913/970/144 1897/953/144 1896/952/144
f 1913/970/145 1914/971/145 1898/954/145 1897/953/145
f 1914/971/146 1915/972/146 1899/955/146 1898/954/146
f 1915/972/147 1916/973/147 1900/956/147 1899/955/147
f 1916/973/148 1917/974/148 1901/957/148 1900/956/148
f 1917/974/149 1918/975/149 1902/958/149 1901/957/149
f 1918/975/150 1919/976/150 1903/959/150 1902/958/150
f 1919/976/151 1920/977/151 1904/960/151 1903/959/151
f 1920/977/152 1921/978/152 1905/961/152 1904/960/152
f 1921/978/153 1922/979/153 1906/962/153 1905/961/153
f 1922/979/154 1923/980/154 1907/963/154 1906/962/154
f 1923/980/155 1924/981/155 1908/964/155 1907/963/155
f 1924/981/156 1909/982/156 1893/965/156 1908/964/156
f 1925/983/157 1926/984/157 1910/967/157 1909/966/157
f 1926/984/158 1927/985/158 1911/968/158 1910/967/158
f 1927/985/159 1928/986/159 1912/969/159 1911/968/159
f 1928/986/160 1929/987/160 1913/970/160 1912/969/160
f 1929/987/161 1930/988/161 1914/971/161 1913/970/161
f 1930/988/162 1931/989/162 1915/972/162 1914/971/162
f 1931/989/163 1932/990/163 1916/973/163 1915/972/163
f 1932/990/164 1933/991/164 1917/974/164 1916/973/164
f 1933/991/165 1934/992/165 1918/975/165 1917/974/165
f 1934/992/166 1935/993/166 1919/976/166 1918/975/166
f 1935/993/167 1936/994/167 1920/977/167 1919/976/167
f 1936/994/168 1937/995/168 1921/978/168 1920/977/168
f 1937/995/169 1938/996/169 1922/979/169 1921/978/169
f 1938/996/170 1939/997/170 1923/980/170 1922/979/170
f 1939/997/171 1940/998/171 1924/981/171 1923/980/171
f 1940/998/172 1925/999/172 1909/982/172 1924/981/172
f 1941/8/2 1941/489/2 1926/984/2 1925/983/2
f 1941/489/2 1941/490/2 1927/985/2 1926/984/2
f 1941/490/2 1941/491/2 1928/986/2 1927/985/2
f 1941/491/2 1941/492/2 1929/987/2 1928/986/2
f 1941/492/2 1941/493/2 1930/988/2 1929/987/2
f 1941/493/2 1941/494/2 1931/989/2 1930/988/2
f 1941/494/2 1941/495/2 1932/990/2 1931/989/2
f 1941/495/2 1941/61/2 1933/991/2 1932/990/2
f 1941/61/2 1941/496/2 1934/992/2 1933/991/2
f 1941/496/2 1941/497/2 1935/993/2 1934/992/2
f 1941/497/2 1941/498/2 1936/994/2 1935/993/2
f 1941/498/2 1941/499/2 1937/995/2 1936/994/2
f 1941/499/2 1941/500/2 1938/996/2 1937/995/2
f 1941/500/2 1941/501/2 1939/997/2 1938/996/2
f 1941/501/2 1941/502/2 1940/998/2 1939/997/2
f 1941/502/2 1941/9/2 1925/999/2 1940/998/2
usemtl steel
f 1493/539/7 1494/540/7 1495/29/7 1496/4/7
f 1494/540/8 1497/541/8 1498/33/8 1495/29/8
f 1497/541/9 1499/542/9 1500/37/9 1498/33/9
f 1499/542/10 1501/543/10 1502/41/10 1500/37/10
f 1501/543/11 1503/544/11 1504/45/11 1502/41/11
f 1503/544/12 1505/545/12 1506/49/12 1504/45/12
f 1505/545/13 1507/546/13 1508/53/13 1506/49/13
f 1507/546/14 1509/547/14 1510/16/14 1508/53/14
f 1509/547/15 1511/548/15 1512/549/15 1510/16/15
f 1511/548/16 1513/550/16 1514/551/16 1512/549/16
f 1513/550/17 1515/552/17 1516/553/17 1514/551/17
f 1515/552/18 1517/554/18 1518/555/18 1516/553/18
f 1517/554/19 1519/556/19 1520/557/19 1518/555/19
f 1519/556/20 1521/558/20 1522/559/20 1520/557/20
f 1521/558/21 1523/560/21 1524/561/21 1522/559/21
f 1523/560/22 1493/562/22 1496/563/22 1524/561/22
f 1518/69/1 1520/68/1 1522/71/1 1524/70/1
f 1514/67/1 1516/66/1 1518/69/1 1524/70/1
f 1510/65/1 1512/64/1 1514/67/1 1524/70/1
f 1506/63/1 1508/62/1 1510/65/1 1524/70/1
f 1502/61/1 1504/60/1 1506/63/1 1524/70/1
f 1498/57/1 1500/56/1 1502/61/1 1524/70/1
f 1496/59/1 1495/58/1 1498/57/1 1524/70/1
f 1499/56/2 1497/57/2 1494/58/2 1493/59/2
f 1503/60/2 1501/61/2 1499/56/2 1493/59/2
f 1507/62/2 1505/63/2 1503/60/2 1493/59/2
f 1511/64/2 1509/65/2 1507/62/2 1493/59/2
f 1515/66/2 1513/67/2 1511/64/2 1493/59/2
f 1519/68/2 1517/69/2 1515/66/2 1493/59/2
f 1523/70/2 1521/71/2 1519/68/2 1493/59/2
f 1942/539/7 1943/540/7 1944/29/7 1945/4/7
f 1943/540/8 1946/541/8 1947/33/8 1944/29/8
f 1946/541/9 1948/542/9 1949/37/9 1947/33/9
f 1948/542/10 1950/543/10 1951/41/10 1949/37/10
f 1950/543/11 1952/544/11 1953/45/11 1951/41/11
f 1952/544/12 1954/545/12 1955/49/12 1953/45/12
f 1954/545/13 1956/546/13 1957/53/13 1955/49/13
f 1956/546/14 1958/547/14 1959/16/14 1957/53/14
f 1958/547/15 1960/548/15 1961/549/15 1959/16/15
f 1960/548/16 1962/550/16 1963/551/16 1961/549/16
f 1962/550/17 1964/552/17 1965/553/17 1963/551/17
f 1964/552/18 1966/554/18 1967/555/18 1965/553/18
f 1966/554/19 1968/556/19 1969/557/19 1967/555/19
f 1968/556/20 1970/558/20 1971/559/20 1969/557/20
f 1970/558/21 1972/560/21 1973/561/21 1971/559/21
f 1972/560/22 1942/562/22 1945/563/22 1973/561/22
f 1967/69/1 1969/68/1 1971/71/1 1973/70/1
f 1963/67/1 1965/66/1 1967/69/1 1973/70/1
f 1959/65/1 1961/64/1 1963/67/1 1973/70/1
f 1955/63/1 1957/62/1 1959/65/1 1973/70/1
f 1951/61/1 1953/60/1 1955/63/1 1973/70/1
f 1947/57/1 1949/56/1 1951/61/1 1973/70/1
f 1945/59/1 1944/58/1 1947/57/1 1973/70/1
f 1948/56/2 1946/57/2 1943/58/2 1942/59/2
f 1952/60/2 1950/61/2 1948/56/2 1942/59/2
f 1956/62/2 1954/63/2 1952/60/2 1942/59/2
f 1960/64/2 1958/65/2 1956/62/2 1942/59/2
f 1964/66/2 1962/67/2 1960/64/2 1942/59/2
f 1968/68/2 1966/69/2 1964/66/2 1942/59/2
f 1972/70/2 1970/71/2 1968/68/2 1942/59/2
f 1974/14/1 1975/15/1 1976/16/1 1977/4/1
f 1978/4/2 1979/16/2 1980/15/2 1981/14/2
f 1981/15/3 1980/14/3 1975/4/3 1974/16/3
f 1979/15/4 1978/14/4 1977/4/4 1976/16/4
f 1978/15/5 1981/14/5 1974/4/5 1977/16/5
f 1980/15/6 1979/14/6 1976/4/6 1975/16/6
o arrester_2
usemtl arrester
f 2014/564/7 2015/565/7 2016/45/7 2017/4/7
f 2015/565/8 2018/566/8 2019/551/8 2016/45/8
f 2018/566/9 2020/567/9 2021/561/9 2019/551/9
f 2020/567/10 2022/568/10 2023/569/10 2021/561/10
f 2022/568/11 2024/570/11 2025/571/11 2023/569/11
f 2024/570/12 2026/572/12 2027/573/12 2025/571/12
f 2026/572/13 2028/574/13 2029/575/13 2027/573/13
f 2028/574/14 2030/576/14 2031/69/14 2029/575/14
f 2030/576/15 2032/577/15 2033/578/15 2031/69/15
f 2032/577/16 2034/579/16 2035/580/16 2033/578/16
f 2034/579/17 2036/581/17 2037/582/17 2035/580/17
f 2036/581/18 2038/583/18 2039/584/18 2037/582/18
f 2038/583/19 2040/585/19 2041/586/19 2039/584/19
f 2040/585/20 2042/587/20 2043/588/20 2041/586/20
f 2042/587/21 2044/589/21 2045/590/21 2043/588/21
f 2044/589/22 2014/591/22 2017/10/22 2045/590/22
f 2046/592/125 2047/593/125 2015/565/125 2014/564/125
f 2047/593/126 2048/594/126 2018/566/126 2015/565/126
f 2048/594/127 2049/595/127 2020/567/127 2018/566/127
f 2049/595/128 2050/596/128 2022/568/128 2020/567/128
f 2050/596/129 2051/597/129 2024/570/129 2022/568/129
f 2051/597/130 2052/598/130 2026/572/130 2024/570/130
f 2052/598/131 2053/599/131 2028/574/131 2026/572/131
f 2053/599/132 2054/600/132 2030/576/132 2028/574/132
f 2054/600/133 2055/601/133 2032/577/133 2030/576/133
f 2055/601/134 2056/602/134 2034/579/134 2032/577/134
f 2056/602/135 2057/603/135 2036/581/135 2034/579/135
f 2057/603/136 2058/604/136 2038/583/136 2036/581/136
f 2058/604/137 2059/605/137 2040/585/137 2038/583/137
f 2059/605/138 2060/606/138 2042/587/138 2040/585/138
f 2060/606/139 2061/607/139 2044/589/139 2042/587/139
f 2061/607/140 2046/608/140 2014/591/140 2044/589/140
f 2062/609/141 2063/610/141 2047/593/141 2046/592/141
f 2063/610/142 2064/611/142 2048/594/142 2047/593/142
f 2064/611/143 2065/612/143 2049/595/143 2048/594/143
f 2065/612/144 2066/613/144 2050/596/144 2049/595/144
f 2066/613/145 2067/614/145 2051/597/145 2050/596/145
f 2067/614/146 2068/615/146 2052/598/146 2051/597/146
f 2068/615/147 2069/616/147 2053/599/147 2052/598/147
f 2069/616/148 2070/617/148 2054/600/148 2053/599/148
f 2070/617/149 2071/618/149 2055/601/149 2054/600/149
f 2071/618/150 2072/619/150 2056/602/150 2055/601/150
f 2072/619/151 2073/620/151 2057/603/151 2056/602/151
f 2073/620/152 2074/621/152 2058/604/152 2057/603/152
f 2074/621/153 2075/622/153 2059/605/153 2058/604/153
f 2075/622/154 2076/623/154 2060/606/154 2059/605/154
f 2076/623/155 2077/624/155 2061/607/155 2060/606/155
f 2077/624/156 2062/625/156 2046/608/156 2061/607/156
f 2078/626/7 2079/627/7 2063/610/7 2062/609/7
f 2079/627/8 2080/628/8 2064/611/8 2063/610/8
f 2080/628/9 2081/629/9 2065/612/9 2064/611/9
f 2081/629/10 2082/630/10 2066/613/10 2065/612/10
f 2082/630/11 2083/631/11 2067/614/11 2066/613/11
f 2083/631/12 2084/632/12 2068/615/12 2067/614/12
f 2084/632/13 2085/633/13 2069/616/13 2068/615/13
f 2085/633/14 2086/634/14 2070/617/14 2069/616/14
f 2086/634/15 2087/635/15 2071/618/15 2070/617/15
f 2087/635/16 2088/636/16 2072/619/16 2071/618/16
f 2088/636/17 2089/637/17 2073/620/17 2072/619/17
f 2089/637/18 2090/638/18 2074/621/18 2073/620/18
f 2090/638/19 2091/639/19 2075/622/19 2074/621/19
f 2091/639/20 2092/640/20 2076/623/20 2075/622/20
f 2092/640/21 2093/641/21 2077/624/21 2076/623/21
f 2093/641/22 2078/642/22 2062/625/22 2077/624/22
f 2094/643/125 2095/644/125 2079/627/125 2078/626/125
f 2095/644/126 2096/645/126 2080/628/126 2079/627/126
f 2096/645/127 2097/646/127 2081/629/127 2080/628/127
f 2097/646/128 2098/647/128 2082/630/128 2081/629/128
f 2098/647/129 2099/648/129 2083/631/129 2082/630/129
f 2099/648/130 2100/649/130 2084/632/130 2083/631/130
f 2100/649/131 2101/650/131 2085/633/131 2084/632/131
f 2101/650/132 2102/651/132 2086/634/132 2085/633/132
f 2102/651/133 2103/652/133 2087/635/133 2086/634/133
f 2103/652/134 2104/653/134 2088/636/134 2087/635/134
f 2104/653/135 2105/654/135 2089/637/135 2088/636/135
f 2105/654/136 2106/655/136 2090/638/136 2089/637/136
f 2106/655/137 2107/656/137 2091/639/137 2090/638/137
f 2107/656/138 2108/657/138 2092/640/138 2091/639/138
f 2108/657/139 2109/658/139 2093/641/139 2092/640/139
f 2109/658/140 2094/659/140 2078/642/140 2093/641/140
f 2110/660/141 2111/661/141 2095/644/141 2094/643/141
f 2111/661/142 2112/662/142 2096/645/142 2095/644/142
f 2112/662/143 2113/663/143 2097/646/143 2096/645/143
f 2113/663/144 2114/664/144 2098/647/144 2097/646/144
f 2114/664/145 2115/665/145 2099/648/145 2098/647/145
f 2115/665/146 2116/666/146 2100/649/146 2099/648/146
f 2116/666/147 2117/667/147 2101/650/147 2100/649/147
f 2117/667/148 2118/668/148 2102/651/148 2101/650/148
f 2118/668/149 2119/669/149 2103/652/149 2102/651/149
f 2119/669/150 2120/670/150 2104/653/150 2103/652/150
f 2120/670/151 2121/671/151 2105/654/151 2104/653/151
f 2121/671/152 2122/672/152 2106/655/152 2105/654/152
f 2122/672/153 2123/673/153 2107/656/153 2106/655/153
f 2123/673/154 2124/674/154 2108/657/154 2107/656/154
f 2124/674/155 2125/675/155 2109/658/155 2108/657/155
f 2125/675/156 2110/676/156 2094/659/156 2109/658/156
f 2126/677/7 2127/678/7 2111/661/7 2110/660/7
f 2127/678/8 2128/679/8 2112/662/8 2111/661/8
f 2128/679/9 2129/680/9 2113/663/9 2112/662/9
f 2129/680/10 2130/681/10 2114/664/10 2113/663/10
f 2130/681/11 2131/682/11 2115/665/11 2114/664/11
f 2131/682/12 2132/683/12 2116/666/12 2115/665/12
f 2132/683/13 2133/684/13 2117/667/13 2116/666/13
f 2133/684/14 2134/685/14 2118/668/14 2117/667/14
f 2134/685/15 2135/686/15 2119/669/15 2118/668/15
f 2135/686/16 2136/687/16 2120/670/16 2119/669/16
f 2136/687/17 2137/688/17 2121/671/17 2120/670/17
f 2137/688/18 2138/689/18 2122/672/18 2121/671/18
f 2138/689/19 2139/690/19 2123/673/19 2122/672/19
f 2139/690/20 2140/691/20 2124/674/20 2123/673/20
f 2140/691/21 2141/692/21 2125/675/21 2124/674/21
f 2141/692/22 2126/693/22 2110/676/22 2125/675/22
f 2142/694/125 2143/695/125 2127/678/125 2126/677/125
f 2143/695/126 2144/696/126 2128/679/126 2127/678/126
f 2144/696/127 2145/697/127 2129/680/127 2128/679/127
f 2145/697/128 2146/698/128 2130/681/128 2129/680/128
f 2146/698/129 2147/699/129 2131/682/129 2130/681/129
f 2147/699/130 2148/700/130 2132/683/130 2131/682/130
f 2148/700/131 2149/701/131 2133/684/131 2132/683/131
f 2149/701/132 2150/702/132 2134/685/132 2133/684/132
f 2150/702/133 2151/703/133 2135/686/133 2134/685/133
f 2151/703/134 2152/704/134 2136/687/134 2135/686/134
f 2152/704/135 2153/705/135 2137/688/135 2136/687/135
f 2153/705/136 2154/706/136 2138/689/136 2137/688/136
f 2154/706/137 2155/707/137 2139/690/137 2138/689/137
f 2155/707/138 2156/708/138 2140/691/138 2139/690/138
f 2156/708/139 2157/709/139 2141/692/139 2140/691/139
f 2157/709/140 2142/710/140 2126/693/140 2141/692/140
f 2158/711/141 2159/712/141 2143/695/141 2142/694/141
f 2159/712/142 2160/713/142 2144/696/142 2143/695/142
f 2160/713/143 2161/714/143 2145/697/143 2144/696/143
f 2161/714/144 2162/715/144 2146/698/144 2145/697/144
f 2162/715/145 2163/716/145 2147/699/145 2146/698/145
f 2163/716/146 2164/717/146 2148/700/146 2147/699/146
f 2164/717/147 2165/718/147 2149/701/147 2148/700/147
f 2165/718/148 2166/719/148 2150/702/148 2149/701/148
f 2166/719/149 2167/720/149 2151/703/149 2150/702/149
f 2167/720/150 2168/721/150 2152/704/150 2151/703/150
f 2168/721/151 2169/722/151 2153/705/151 2152/704/151
f 2169/722/152 2170/723/152 2154/706/152 2153/705/152
f 2170/723/153 2171/724/153 2155/707/153 2154/706/153
f 2171/724/154 2172/725/154 2156/708/154 2155/707/154
f 2172/725/155 2173/726/155 2157/709/155 2156/708/155
f 2173/726/156 2158/727/156 2142/710/156 2157/709/156
f 2174/728/7 2175/729/7 2159/712/7 2158/711/7
f 2175/729/8 2176/730/8 2160/713/8 2159/712/8
f 2176/730/9 2177/731/9 2161/714/9 2160/713/9
f 2177/731/10 2178/732/10 2162/715/10 2161/714/10
f 2178/732/11 2179/733/11 2163/716/11 2162/715/11
f 2179/733/12 2180/734/12 2164/717/12 2163/716/12
f 2180/734/13 2181/735/13 2165/718/13 2164/717/13
f 2181/735/14 2182/736/14 2166/719/14 2165/718/14
f 2182/736/15 2183/737/15 2167/720/15 2166/719/15
f 2183/737/16 2184/738/16 2168/721/16 2167/720/16
f 2184/738/17 2185/739/17 2169/722/17 2168/721/17
f 2185/739/18 2186/740/18 2170/723/18 2169/722/18
f 2186/740/19 2187/741/19 2171/724/19 2170/723/19
f 2187/741/20 2188/742/20 2172/725/20 2171/724/20
f 2188/742/21 2189/743/21 2173/726/21 2172/725/21
f 2189/743/22 2174/744/22 2158/727/22 2173/726/22
f 2190/745/125 2191/746/125 2175/729/125 2174/728/125
f 2191/746/126 2192/747/126 2176/730/126 2175/729/126
f 2192/747/127 2193/748/127 2177/731/127 2176/730/127
f 2193/748/128 2194/749/128 2178/732/128 2177/731/128
f 2194/749/129 2195/750/129 2179/733/129 2178/732/129
f 2195/750/130 2196/751/130 2180/734/130 2179/733/130
f 2196/751/131 2197/752/131 2181/735/131 2180/734/131
f 2197/752/132 2198/753/132 2182/736/132 2181/735/132
f 2198/753/133 2199/754/133 2183/737/133 2182/736/133
f 2199/754/134 2200/755/134 2184/738/134 2183/737/134
f 2200/755/135 2201/756/135 2185/739/135 2184/738/135
f 2201/756/136 2202/757/136 2186/740/136 2185/739/136
f 2202/757/137 2203/758/137 2187/741/137 2186/740/137
f 2203/758/138 2204/759/138 2188/742/138 2187/741/138
f 2204/759/139 2205/760/139 2189/743/139 2188/742/139
f 2205/760/140 2190/761/140 2174/744/140 2189/743/140
f 2206/762/141 2207/763/141 2191/746/141 2190/745/141
f 2207/763/142 2208/764/142 2192/747/142 2191/746/142
f 2208/764/143 2209/765/143 2193/748/143 2192/747/143
f 2209/765/144 2210/766/144 2194/749/144 2193/748/144
f 2210/766/145 2211/767/145 2195/750/145 2194/749/145
f 2211/767/146 2212/768/146 2196/751/146 2195/750/146
f 2212/768/147 2213/769/147 2197/752/147 2196/751/147
f 2213/769/148 2214/770/148 2198/753/148 2197/752/148
f 2214/770/149 2215/771/149 2199/754/149 2198/753/149
f 2215/771/150 2216/772/150 2200/755/150 2199/754/150
f 2216/772/151 2217/773/151 2201/756/151 2200/755/151
f 2217/773/152 2218/774/152 2202/757/152 2201/756/152
f 2218/774/153 2219/775/153 2203/758/153 2202/757/153
f 2219/775/154 2220/776/154 2204/759/154 2203/758/154
f 2220/776/155 2221/777/155 2205/760/155 2204/759/155
f 2221/777/156 2206/778/156 2190/761/156 2205/760/156
f 2222/779/7 2223/780/7 2207/763/7 2206/762/7
f 2223/780/8 2224/781/8 2208/764/8 2207/763/8
f 2224/781/9 2225/782/9 2209/765/9 2208/764/9
f 2225/782/10 2226/783/10 2210/766/10 2209/765/10
f 2226/783/11 2227/784/11 2211/767/11 2210/766/11
f 2227/784/12 2228/785/12 2212/768/12 2211/767/12
f 2228/785/13 2229/786/13 2213/769/13 2212/768/13
f 2229/786/14 2230/787/14 2214/770/14 2213/769/14
f 2230/787/15 2231/788/15 2215/771/15 2214/770/15
f 2231/788/16 2232/789/16 2216/772/16 2215/771/16
f 2232/789/17 2233/790/17 2217/773/17 2216/772/17
f 2233/790/18 2234/791/18 2218/774/18 2217/773/18
f 2234/791/19 2235/792/19 2219/775/19 2218/774/19
f 2235/792/20 2236/793/20 2220/776/20 2219/775/20
f 2236/793/21 2237/794/21 2221/777/21 2220/776/21
f 2237/794/22 2222/795/22 2206/778/22 2221/777/22
f 2238/796/125 2239/797/125 2223/780/125 2222/779/125
f 2239/797/126 2240/798/126 2224/781/126 2223/780/126
f 2240/798/127 2241/799/127 2225/782/127 2224/781/127
f 2241/799/128 2242/800/128 2226/783/128 2225/782/128
f 2242/800/129 2243/801/129 2227/784/129 2226/783/129
f 2243/801/130 2244/802/130 2228/785/130 2227/784/130
f 2244/802/131 2245/803/131 2229/786/131 2228/785/131
f 2245/803/132 2246/804/132 2230/787/132 2229/786/132
f 2246/804/133 2247/805/133 2231/788/133 2230/787/133
f 2247/805/134 2248/806/134 2232/789/134 2231/788/134
f 2248/806/135 2249/807/135 2233/790/135 2232/789/135
f 2249/807/136 2250/808/136 2234/791/136 2233/790/136
f 2250/808/137 2251/809/137 2235/792/137 2234/791/137
f 2251/809/138 2252/810/138 2236/793/138 2235/792/138
f 2252/810/139 2253/811/139 2237/794/139 2236/793/139
f 2253/811/140 2238/812/140 2222/795/140 2237/794/140
f 2254/813/141 2255/814/141 2239/797/141 2238/796/141
f 2255/814/142 2256/815/142 2240/798/142 2239/797/142
f 2256/815/143 2257/816/143 2241/799/143 2240/798/143
f 2257/816/144 2258/817/144 2242/800/144 2241/799/144
f 2258/817/145 2259/818/145 2243/801/145 2242/800/145
f 2259/818/146 2260/819/146 2244/802/146 2243/801/146
f 2260/819/147 2261/820/147 2245/803/147 2244/802/147
f 2261/820/148 2262/821/148 2246/804/148 2245/803/148
f 2262/821/149 2263/822/149 2247/805/149 2246/804/149
f 2263/822/150 2264/823/150 2248/806/150 2247/805/150
f 2264/823/151 2265/824/151 2249/807/151 2248/806/151
f 2265/824/152 2266/825/152 2250/808/152 2249/807/152
f 2266/825/153 2267/826/153 2251/809/153 2250/808/153
f 2267/826/154 2268/827/154 2252/810/154 2251/809/154
f 2268/827/155 2269/828/155 2253/811/155 2252/810/155
f 2269/828/156 2254/829/156 2238/812/156 2253/811/156
f 2270/830/7 2271/831/7 2255/814/7 2254/813/7
f 2271/831/8 2272/832/8 2256/815/8 2255/814/8
f 2272/832/9 2273/833/9 2257/816/9 2256/815/9
f 2273/833/10 2274/834/10 2258/817/10 2257/816/10
f 2274/834/11 2275/835/11 2259/818/11 2258/817/11
f 2275/835/12 2276/836/12 2260/819/12 2259/818/12
f 2276/836/13 2277/837/13 2261/820/13 2260/819/13
f 2277/837/14 2278/838/14 2262/821/14 2261/820/14
f 2278/838/15 2279/839/15 2263/822/15 2262/821/15
f 2279/839/16 2280/840/16 2264/823/16 2263/822/16
f 2280/840/17 2281/841/17 2265/824/17 2264/823/17
f 2281/841/18 2282/842/18 2266/825/18 2265/824/18
f 2282/842/19 2283/843/19 2267/826/19 2266/825/19
f 2283/843/20 2284/844/20 2268/827/20 2267/826/20
f 2284/844/21 2285/845/21 2269/828/21 2268/827/21
f 2285/845/22 2270/846/22 2254/829/22 2269/828/22
f 2286/847/125 2287/848/125 2271/831/125 2270/830/125
f 2287/848/126 2288/849/126 2272/832/126 2271/831/126
f 2288/849/127 2289/850/127 2273/833/127 2272/832/127
f 2289/850/128 2290/851/128 2274/834/128 2273/833/128
f 2290/851/129 2291/852/129 2275/835/129 2274/834/129
f 2291/852/130 2292/853/130 2276/836/130 2275/835/130
f 2292/853/131 2293/854/131 2277/837/131 2276/836/131
f 2293/854/132 2294/855/132 2278/838/132 2277/837/132
f 2294/855/133 2295/856/133 2279/839/133 2278/838/133
f 2295/856/134 2296/857/134 2280/840/134 2279/839/134
f 2296/857/135 2297/858/135 2281/841/135 2280/840/135
f 2297/858/136 2298/859/136 2282/842/136 2281/841/136
f 2298/859/137 2299/860/137 2283/843/137 2282/842/137
f 2299/860/138 2300/861/138 2284/844/138 2283/843/138
f 2300/861/139 2301/862/139 2285/845/139 2284/844/139
f 2301/862/140 2286/863/140 2270/846/140 2285/845/140
f 2302/864/141 2303/865/141 2287/848/141 2286/847/141
f 2303/865/142 2304/866/142 2288/849/142 2287/848/142
f 2304/866/143 2305/867/143 2289/850/143 2288/849/143
f 2305/867/144 2306/868/144 2290/851/144 2289/850/144
f 2306/868/145 2307/869/145 2291/852/145 2290/851/145
f 2307/869/146 2308/870/146 2292/853/146 2291/852/146
f 2308/870/147 2309/871/147 2293/854/147 2292/853/147
f 2309/871/148 2310/872/148 2294/855/148 2293/854/148
f 2310/872/149 2311/873/149 2295/856/149 2294/855/149
f 2311/873/150 2312/874/150 2296/857/150 2295/856/150
f 2312/874/151 2313/875/151 2297/858/151 2296/857/151
f 2313/875/152 2314/876/152 2298/859/152 2297/858/152
f 2314/876/153 2315/877/153 2299/860/153 2298/859/153
f 2315/877/154 2316/878/154 2300/861/154 2299/860/154
f 2316/878/155 2317/879/155 2301/862/155 2300/861/155
f 2317/879/156 2302/880/156 2286/863/156 2301/862/156
f 2318/881/7 2319/882/7 2303/865/7 2302/864/7
f 2319/882/8 2320/883/8 2304/866/8 2303/865/8
f 2320/883/9 2321/884/9 2305/867/9 2304/866/9
f 2321/884/10 2322/885/10 2306/868/10 2305/867/10
f 2322/885/11 2323/886/11 2307/869/11 2306/868/11
f 2323/886/12 2324/887/12 2308/870/12 2307/869/12
f 2324/887/13 2325/888/13 2309/871/13 2308/870/13
f 2325/888/14 2326/889/14 2310/872/14 2309/871/14
f 2326/889/15 2327/890/15 2311/873/15 2310/872/15
f 2327/890/16 2328/891/16 2312/874/16 2311/873/16
f 2328/891/17 2329/892/17 2313/875/17 2312/874/17
f 2329/892/18 2330/893/18 2314/876/18 2313/875/18
f 2330/893/19 2331/894/19 2315/877/19 2314/876/19
f 2331/894/20 2332/895/20 2316/878/20 2315/877/20
f 2332/895/21 2333/896/21 2317/879/21 2316/878/21
f 2333/896/22 2318/897/22 2302/880/22 2317/879/22
f 2334/898/125 2335/899/125 2319/882/125 2318/881/125
f 2335/899/126 2336/900/126 2320/883/126 2319/882/126
f 2336/900/127 2337/901/127 2321/884/127 2320/883/127
f 2337/901/128 2338/902/128 2322/885/128 2321/884/128
f 2338/902/129 2339/903/129 2323/886/129 2322/885/129
f 2339/903/130 2340/904/130 2324/887/130 2323/886/130
f 2340/904/131 2341/905/131 2325/888/131 2324/887/131
f 2341/905/132 2342/906/132 2326/889/132 2325/888/132
f 2342/906/133 2343/907/133 2327/890/133 2326/889/133
f 2343/907/134 2344/908/134 2328/891/134 2327/890/134
f 2344/908/135 2345/909/135 2329/892/135 2328/891/135
f 2345/909/136 2346/910/136 2330/893/136 2329/892/136
f 2346/910/137 2347/911/137 2331/894/137 2330/893/137
f 2347/911/138 2348/912/138 2332/895/138 2331/894/138
f 2348/912/139 2349/913/139 2333/896/139 2332/895/139
f 2349/913/140 2334/914/140 2318/897/140 2333/896/140
f 2350/915/141 2351/916/141 2335/899/141 2334/898/141
f 2351/916/142 2352/917/142 2336/900/142 2335/899/142
f 2352/917/143 2353/918/143 2337/901/143 2336/900/143
f 2353/918/144 2354/919/144 2338/902/144 2337/901/144
f 2354/919/145 2355/920/145 2339/903/145 2338/902/145
f 2355/920/146 2356/921/146 2340/904/146 2339/903/146
f 2356/921/147 2357/922/147 2341/905/147 2340/904/147
f 2357/922/148 2358/923/148 2342/906/148 2341/905/148
f 2358/923/149 2359/924/149 2343/907/149 2342/906/149
f 2359/924/150 2360/925/150 2344/908/150 2343/907/150
f 2360/925/151 2361/926/151 2345/909/151 2344/908/151
f 2361/926/152 2362/927/152 2346/910/152 2345/909/152
f 2362/927/153 2363/928/153 2347/911/153 2346/910/153
f 2363/928/154 2364/929/154 2348/912/154 2347/911/154
f 2364/929/155 2365/930/155 2349/913/155 2348/912/155
f 2365/930/156 2350/931/156 2334/914/156 2349/913/156
f 2366/932/7 2367/933/7 2351/916/7 2350/915/7
f 2367/933/8 2368/934/8 2352/917/8 2351/916/8
f 2368/934/9 2369/935/9 2353/918/9 2352/917/9
f 2369/935/10 2370/936/10 2354/919/10 2353/918/10
f 2370/936/11 2371/937/11 2355/920/11 2354/919/11
f 2371/937/12 2372/938/12 2356/921/12 2355/920/12
f 2372/938/13 2373/939/13 2357/922/13 2356/921/13
f 2373/939/14 2374/940/14 2358/923/14 2357/922/14
f 2374/940/15 2375/941/15 2359/924/15 2358/923/15
f 2375/941/16 2376/942/16 2360/925/16 2359/924/16
f 2376/942/17 2377/943/17 2361/926/17 2360/925/17
f 2377/943/18 2378/944/18 2362/927/18 2361/926/18
f 2378/944/19 2379/945/19 2363/928/19 2362/927/19
f 2379/945/20 2380/946/20 2364/929/20 2363/928/20
f 2380/946/21 2381/947/21 2365/930/21 2364/929/21
f 2381/947/22 2366/948/22 2350/931/22 2365/930/22
f 2382/949/125 2383/950/125 2367/933/125 2366/932/125
f 2383/950/126 2384/951/126 2368/934/126 2367/933/126
f 2384/951/127 2385/952/127 2369/935/127 2368/934/127
f 2385/952/128 2386/953/128 2370/936/128 2369/935/128
f 2386/953/129 2387/954/129 2371/937/129 2370/936/129
f 2387/954/130 2388/955/130 2372/938/130 2371/937/130
f 2388/955/131 2389/956/131 2373/939/131 2372/938/131
f 2389/956/132 2390/957/132 2374/940/132 2373/939/132
f 2390/957/133 2391/958/133 2375/941/133 2374/940/133
f 2391/958/134 2392/959/134 2376/942/134 2375/941/134
f 2392/959/135 2393/960/135 2377/943/135 2376/942/135
f 2393/960/136 2394/961/136 2378/944/136 2377/943/136
f 2394/961/137 2395/962/137 2379/945/137 2378/944/137
f 2395/962/138 2396/963/138 2380/946/138 2379/945/138
f 2396/963/139 2397/964/139 2381/947/139 2380/946/139
f 2397/964/140 2382/965/140 2366/948/140 2381/947/140
f 2398/966/141 2399/967/141 2383/950/141 2382/949/141
f 2399/967/142 2400/968/142 2384/951/142 2383/950/142
f 2400/968/143 2401/969/143 2385/952/143 2384/951/143
f 2401/969/144 2402/970/144 2386/953/144 2385/952/144
f 2402/970/145 2403/971/145 2387/954/145 2386/953/145
f 2403/971/146 2404/972/146 2388/955/146 2387/954/146
f 2404/972/147 2405/973/147 2389/956/147 2388/955/147
f 2405/973/148 2406/974/148 2390/957/148 2389/956/148
f 2406/974/149 2407/975/149 2391/958/149 2390/957/149
f 2407/975/150 2408/976/150 2392/959/150 2391/958/150
f 2408/976/151 2409/977/151 2393/960/151 2392/959/151
f 2409/977/152 2410/978/152 2394/961/152 2393/960/152
f 2410/978/153 2411/979/153 2395/962/153 2394/961/153
f 2411/979/154 2412/980/154 2396/963/154 2395/962/154
f 2412/980/155 2413/981/155 2397/964/155 2396/963/155
f 2413/981/156 2398/982/156 2382/965/156 2397/964/156
f 2414/983/157 2415/984/157 2399/967/157 2398/966/157
f 2415/984/158 2416/985/158 2400/968/158 2399/967/158
f 2416/985/159 2417/986/159 2401/969/159 2400/968/159
f 2417/986/160 2418/987/160 2402/970/160 2401/969/160
f 2418/987/161 2419/988/161 2403/971/161 2402/970/161
f 2419/988/162 2420/989/162 2404/972/162 2403/971/162
f 2420/989/163 2421/990/163 2405/973/163 2404/972/163
f 2421/990/164 2422/991/164 2406/974/164 2405/973/164
f 2422/991/165 2423/992/165 2407/975/165 2406/974/165
f 2423/992/166 2424/993/166 2408/976/166 2407/975/166
f 2424/993/167 2425/994/167 2409/977/167 2408/976/167
f 2425/994/168 2426/995/168 2410/978/168 2409/977/168
f 2426/995/169 2427/996/169 2411/979/169 2410/978/169
f 2427/996/170 2428/997/170 2412/980/170 2411/979/170
f 2428/997/171 2429/998/171 2413/981/171 2412/980/171
f 2429/998/172 2414/999/172 2398/982/172 2413/981/172
f 2430/8/2 2430/489/2 2415/984/2 2414/983/2
f 2430/489/2 2430/490/2 2416/985/2 2415/984/2
f 2430/490/2 2430/491/2 2417/986/2 2416/985/2
f 2430/491/2 2430/492/2 2418/987/2 2417/986/2
f 2430/492/2 2430/493/2 2419/988/2 2418/987/2
f 2430/493/2 2430/494/2 2420/989/2 2419/988/2
f 2430/494/2 2430/495/2 2421/990/2 2420/989/2
f 2430/495/2 2430/61/2 2422/991/2 2421/990/2
f 2430/61/2 2430/496/2 2423/992/2 2422/991/2
f 2430/496/2 2430/497/2 2424/993/2 2423/992/2
f 2430/497/2 2430/498/2 2425/994/2 2424/993/2
f 2430/498/2 2430/499/2 2426/995/2 2425/994/2
f 2430/499/2 2430/500/2 2427/996/2 2426/995/2
f 2430/500/2 2430/501/2 2428/997/2 2427/996/2
f 2430/501/2 2430/502/2 2429/998/2 2428/997/2
f 2430/502/2 2430/9/2 2414/999/2 2429/998/2
usemtl steel
f 1982/539/7 1983/540/7 1984/29/7 1985/4/7
f 1983/540/8 1986/541/8 1987/33/8 1984/29/8
f 1986/541/9 1988/542/9 1989/37/9 1987/33/9
f 1988/542/10 1990/543/10 1991/41/10 1989/37/10
f 1990/543/11 1992/544/11 1993/45/11 1991/41/11
f 1992/544/12 1994/545/12 1995/49/12 1993/45/12
f 1994/545/13 1996/546/13 1997/53/13 1995/49/13
f 1996/546/14 1998/547/14 1999/16/14 1997/53/14
f 1998/547/15 2000/548/15 2001/549/15 1999/16/15
f 2000/548/16 2002/550/16 2003/551/16 2001/549/16
f 2002/550/17 2004/552/17 2005/553/17 2003/551/17
f 2004/552/18 2006/554/18 2007/555/18 2005/553/18
f 2006/554/19 2008/556/19 2009/557/19 2007/555/19
f 2008/556/20 2010/558/20 2011/559/20 2009/557/20
f 2010/558/21 2012/560/21 2013/561/21 2011/559/21
f 2012/560/22 1982/562/22 1985/563/22 2013/561/22
f 2007/69/1 2009/68/1 2011/71/1 2013/70/1
f 2003/67/1 2005/66/1 2007/69/1 2013/70/1
f 1999/65/1 2001/64/1 2003/67/1 2013/70/1
f 1995/63/1 1997/62/1 1999/65/1 2013/70/1
f 1991/61/1 1993/60/1 1995/63/1 2013/70/1
f 1987/57/1 1989/56/1 1991/61/1 2013/70/1
f 1985/59/1 1984/58/1 1987/57/1 2013/70/1
f 1988/56/2 1986/57/2 1983/58/2 1982/59/2
f 1992/60/2 1990/61/2 1988/56/2 1982/59/2
f 1996/62/2 1994/63/2 1992/60/2 1982/59/2
f 2000/64/2 1998/65/2 1996/62/2 1982/59/2
f 2004/66/2 2002/67/2 2000/64/2 1982/59/2
f 2008/68/2 2006/69/2 2004/66/2 1982/59/2
f 2012/70/2 2010/71/2 2008/68/2 1982/59/2
f 2431/539/7 2432/540/7 2433/29/7 2434/4/7
f 2432/540/8 2435/541/8 2436/33/8 2433/29/8
f 2435/541/9 2437/542/9 2438/37/9 2436/33/9
f 2437/542/10 2439/543/10 2440/41/10 2438/37/10
f 2439/543/11 2441/544/11 2442/45/11 2440/41/11
f 2441/544/12 2443/545/12 2444/49/12 2442/45/12
f 2443/545/13 2445/546/13 2446/53/13 2444/49/13
f 2445/546/14 2447/547/14 2448/16/14 2446/53/14
f 2447/547/15 2449/548/15 2450/549/15 2448/16/15
f 2449/548/16 2451/550/16 2452/551/16 2450/549/16
f 2451/550/17 2453/552/17 2454/553/17 2452/551/17
f 2453/552/18 2455/554/18 2456/555/18 2454/553/18
f 2455/554/19 2457/556/19 2458/557/19 2456/555/19
f 2457/556/20 2459/558/20 2460/559/20 2458/557/20
f 2459/558/21 2461/560/21 2462/561/21 2460/559/21
f 2461/560/22 2431/562/22 2434/563/22 2462/561/22
f 2456/69/1 2458/68/1 2460/71/1 2462/70/1
f 2452/67/1 2454/66/1 2456/69/1 2462/70/1
f 2448/65/1 2450/64/1 2452/67/1 2462/70/1
f 2444/63/1 2446/62/1 2448/65/1 2462/70/1
f 2440/61/1 2442/60/1 2444/63/1 2462/70/1
f 2436/57/1 2438/56/1 2440/61/1 2462/70/1
f 2434/59/1 2433/58/1 2436/57/1 2462/70/1
f 2437/56/2 2435/57/2 2432/58/2 2431/59/2
f 2441/60/2 2439/61/2 2437/56/2 2431/59/2
f 2445/62/2 2443/63/2 2441/60/2 2431/59/2
f 2449/64/2 2447/65/2 2445/62/2 2431/59/2
f 2453/66/2 2451/67/2 2449/64/2 2431/59/2
f 2457/68/2 2455/69/2 2453/66/2 2431/59/2
f 2461/70/2 2459/71/2 2457/68/2 2431/59/2
f 2463/14/1 2464/15/1 2465/16/1 2466/4/1
f 2467/4/2 2468/16/2 2469/15/2 2470/14/2
f 2470/15/3 2469/14/3 2464/4/3 2463/16/3
f 2468/15/4 2467/14/4 2466/4/4 2465/16/4
f 2467/15/5 2470/14/5 2463/4/5 2466/16/5
f 2469/15/6 2468/14/6 2465/4/6 2464/16/6
o arrester_3
usemtl arrester
f 2503/564/7 2504/565/7 2505/45/7 2506/4/7
f 2504/565/8 2507/566/8 2508/551/8 2505/45/8
f 2507/566/9 2509/567/9 2510/561/9 2508/551/9
f 2509/567/10 2511/568/10 2512/569/10 2510/561/10
f 2511/568/11 2513/570/11 2514/571/11 2512/569/11
f 2513/570/12 2515/572/12 2516/573/12 2514/571/12
f 2515/572/13 2517/574/13 2518/575/13 2516/573/13
f 2517/574/14 2519/576/14 2520/69/14 2518/575/14
f 2519/576/15 2521/577/15 2522/578/15 2520/69/15
f 2521/577/16 2523/579/16 2524/580/16 2522/578/16
f 2523/579/17 2525/581/17 2526/582/17 2524/580/17
f 2525/581/18 2527/583/18 2528/584/18 2526/582/18
f 2527/583/19 2529/585/19 2530/586/19 2528/584/19
f 2529/585/20 2531/587/20 2532/588/20 2530/586/20
f 2531/587/21 2533/589/21 2534/590/21 2532/588/21
f 2533/589/22 2503/591/22 2506/10/22 2534/590/22
f 2535/592/125 2536/593/125 2504/565/125 2503/564/125
f 2536/593/126 2537/594/126 2507/566/126 2504/565/126
f 2537/594/127 2538/595/127 2509/567/127 2507/566/127
f 2538/595/128 2539/596/128 2511/568/128 2509/567/128
f 2539/596/129 2540/597/129 2513/570/129 2511/568/129
f 2540/597/130 2541/598/130 2515/572/130 2513/570/130
f 2541/598/131 2542/599/131 2517/574/131 2515/572/131
f 2542/599/132 2543/600/132 2519/576/132 2517/574/132
f 2543/600/133 2544/601/133 2521/577/133 2519/576/133
f 2544/601/134 2545/602/134 2523/579/134 2521/577/134
f 2545/602/135 2546/603/135 2525/581/135 2523/579/135
f 2546/603/136 2547/604/136 2527/583/136 2525/581/136
f 2547/604/137 2548/605/137 2529/585/137 2527/583/137
f 2548/605/138 2549/606/138 2531/587/138 2529/585/138
f 2549/606/139 2550/607/139 2533/589/139 2531/587/139
f 2550/607/140 2535/608/140 2503/591/140 2533/589/140
f 2551/609/141 2552/610/141 2536/593/141 2535/592/141
f 2552/610/142 2553/611/142 2537/594/142 2536/593/142
f 2553/611/143 2554/612/143 2538/595/143 2537/594/143
f 2554/612/144 2555/613/144 2539/596/144 2538/595/144
f 2555/613/145 2556/614/145 2540/597/145 2539/596/145
f 2556/614/146 2557/615/146 2541/598/146 2540/597/146
f 2557/615/147 2558/616/147 2542/599/147 2541/598/147
f 2558/616/148 2559/617/148 2543/600/148 2542/599/148
f 2559/617/149 2560/618/149 2544/601/149 2543/600/149
f 2560/618/150 2561/619/150 2545/602/150 2544/601/150
f 2561/619/151 2562/620/151 2546/603/151 2545/602/151
f 2562/620/152 2563/621/152 2547/604/152 2546/603/152
f 2563/621/153 2564/622/153 2548/605/153 2547/604/153
f 2564/622/154 2565/623/154 2549/606/154 2548/605/154
f 2565/623/155 2566/624/155 2550/607/155 2549/606/155
f 2566/624/156 2551/625/156 2535/608/156 2550/607/156
f 2567/626/7 2568/627/7 2552/610/7 2551/609/7
f 2568/627/8 2569/628/8 2553/611/8 2552/610/8
f 2569/628/9 2570/629/9 2554/612/9 2553/611/9
f 2570/629/10 2571/630/10 2555/613/10 2554/612/10
f 2571/630/11 2572/631/11 2556/614/11 2555/613/11
f 2572/631/12 2573/632/12 2557/615/12 2556/614/12
f 2573/632/13 2574/633/13 2558/616/13 2557/615/13
f 2574/633/14 2575/634/14 2559/617/14 2558/616/14
f 2575/634/15 2576/635/15 2560/618/15 2559/617/15
f 2576/635/16 2577/636/16 2561/619/16 2560/618/16
f 2577/636/17 2578/637/17 2562/620/17 2561/619/17
f 2578/637/18 2579/638/18 2563/621/18 2562/620/18
f 2579/638/19 2580/639/19 2564/622/19 2563/621/19
f 2580/639/20 2581/640/20 2565/623/20 2564/622/20
f 2581/640/21 2582/641/21 2566/624/21 2565/623/21
f 2582/641/22 2567/642/22 2551/625/22 2566/624/22
f 2583/643/125 2584/644/125 2568/627/125 2567/626/125
f 2584/644/126 2585/645/126 2569/628/126 2568/627/126
f 2585/645/127 2586/646/127 2570/629/127 2569/628/127
f 2586/646/128 2587/647/128 2571/630/128 2570/629/128
f 2587/647/129 2588/648/129 2572/631/129 2571/630/129
f 2588/648/130 2589/649/130 2573/632/130 2572/631/130
f 2589/649/131 2590/650/131 2574/633/131 2573/632/131
f 2590/650/132 2591/651/132 2575/634/132 2574/633/132
f 2591/651/133 2592/652/133 2576/635/133 2575/634/133
f 2592/652/134 2593/653/134 2577/636/134 2576/635/134
f 2593/653/135 2594/654/135 2578/637/135 2577/636/135
f 2594/654/136 2595/655/136 2579/638/136 2578/637/136
f 2595/655/137 2596/656/137 2580/639/137 2579/638/137
f 2596/656/138 2597/657/138 2581/640/138 2580/639/138
f 2597/657/139 2598/658/139 2582/641/139 2581/640/139
f 2598/658/140 2583/659/140 2567/642/140 2582/641/140
f 2599/660/141 2600/661/141 2584/644/141 2583/643/141
f 2600/661/142 2601/662/142 2585/645/142 2584/644/142
f 2601/662/143 2602/663/143 2586/646/143 2585/645/143
f 2602/663/144 2603/664/144 2587/647/144 2586/646/144
f 2603/664/145 2604/665/145 2588/648/145 2587/647/145
f 2604/665/146 2605/666/146 2589/649/146 2588/648/146
f 2605/666/147 2606/667/147 2590/650/147 2589/649/147
f 2606/667/148 2607/668/148 2591/651/148 2590/650/148
f 2607/668/149 2608/669/149 2592/652/149 2591/651/149
f 2608/669/150 2609/670/150 2593/653/150 2592/652/150
f 2609/670/151 2610/671/151 2594/654/151 2593/653/151
f 2610/671/152 2611/672/152 2595/655/152 2594/654/152
f 2611/672/153 2612/673/153 2596/656/153 2595/655/153
f 2612/673/154 2613/674/154 2597/657/154 2596/656/154
f 2613/674/155 2614/675/155 2598/658/155 2597/657/155
f 2614/675/156 2599/676/156 2583/659/156 2598/658/156
f 2615/677/7 2616/678/7 2600/661/7 2599/660/7
f 2616/678/8 2617/679/8 2601/662/8 2600/661/8
f 2617/679/9 2618/680/9 2602/663/9 2601/662/9
f 2618/680/10 2619/681/10 2603/664/10 2602/663/10
f 2619/681/11 2620/682/11 2604/665/11 2603/664/11
f 2620/682/12 2621/683/12 2605/666/12 2604/665/12
f 2621/683/13 2622/684/13 2606/667/13 2605/666/13
f 2622/684/14 2623/685/14 2607/668/14 2606/667/14
f 2623/685/15 2624/686/15 2608/669/15 2607/668/15
f 2624/686/16 2625/687/16 2609/670/16 2608/669/16
f 2625/687/17 2626/688/17 2610/671/17 2609/670/17
f 2626/688/18 2627/689/18 2611/672/18 2610/671/18
f 2627/689/19 2628/690/19 2612/673/19 2611/672/19
f 2628/690/20 2629/691/20 2613/674/20 2612/673/20
f 2629/691/21 2630/692/21 2614/675/21 2613/674/21
f 2630/692/22 2615/693/22 2599/676/22 2614/675/22
f 2631/694/125 2632/695/125 2616/678/125 2615/677/125
f 2632/695/126 2633/696/126 2617/679/126 2616/678/126
f 2633/696/127 2634/697/127 2618/680/127 2617/679/127
f 2634/697/128 2635/698/128 2619/681/128 2618/680/128
f 2635/698/129 2636/699/129 2620/682/129 2619/681/129
f 2636/699/130 2637/700/130 2621/683/130 2620/682/130
f 2637/700/131 2638/701/131 2622/684/131 2621/683/131
f 2638/701/132 2639/702/132 2623/685/132 2622/684/132
f 2639/702/133 2640/703/133 2624/686/133 2623/685/133
f 2640/703/134 2641/704/134 2625/687/134 2624/686/134
f 2641/704/135 2642/705/135 2626/688/135 2625/687/135
f 2642/705/136 2643/706/136 2627/689/136 2626/688/136
f 2643/706/137 2644/707/137 2628/690/137 2627/689/137
f 2644/707/138 2645/708/138 2629/691/138 2628/690/138
f 2645/708/139 2646/709/139 2630/692/139 2629/691/139
f 2646/709/140 2631/710/140 2615/693/140 2630/692/140
f 2647/711/141 2648/712/141 2632/695/141 2631/694/141
f 2648/712/142 2649/713/142 2633/696/142 2632/695/142
f 2649/713/143 2650/714/143 2634/697/143 2633/696/143
f 2650/714/144 2651/715/144 2635/698/144 2634/697/144
f 2651/715/145 2652/716/145 2636/699/145 2635/698/145
f 2652/716/146 2653/717/146 2637/700/146 2636/699/146
f 2653/717/147 2654/718/147 2638/701/147 2637/700/147
f 2654/718/148 2655/719/148 2639/702/148 2638/701/148
f 2655/719/149 2656/720/149 2640/703/149 2639/702/149
f 2656/720/150 2657/721/150 2641/704/150 2640/703/150
f 2657/721/151 2658/722/151 2642/705/151 2641/704/151
f 2658/722/152 2659/723/152 2643/706/152 2642/705/152
f 2659/723/153 2660/724/153 2644/707/153 2643/706/153
f 2660/724/154 2661/725/154 2645/708/154 2644/707/154
f 2661/725/155 2662/726/155 2646/709/155 2645/708/155
f 2662/726/156 2647/727/156 2631/710/156 2646/709/156
f 2663/728/7 2664/729/7 2648/712/7 2647/711/7
f 2664/729/8 2665/730/8 2649/713/8 2648/712/8
f 2665/730/9 2666/731/9 2650/714/9 2649/713/9
f 2666/731/10 2667/732/10 2651/715/10 2650/714/10
f 2667/732/11 2668/733/11 2652/716/11 2651/715/11
f 2668/733/12 2669/734/12 2653/717/12 2652/716/12
f 2669/734/13 2670/735/13 2654/718/13 2653/717/13
f 2670/735/14 2671/736/14 2655/719/14 2654/718/14
f 2671/736/15 2672/737/15 2656/720/15 2655/719/15
f 2672/737/16 2673/738/16 2657/721/16 2656/720/16
f 2673/738/17 2674/739/17 2658/722/17 2657/721/17
f 2674/739/18 2675/740/18 2659/723/18 2658/722/18
f 2675/740/19 2676/741/19 2660/724/19 2659/723/19
f 2676/741/20 2677/742/20 2661/725/20 2660/724/20
f 2677/742/21 2678/743/21 2662/726/21 2661/725/21
f 2678/743/22 2663/744/22 2647/727/22 2662/726/22
f 2679/745/125 2680/746/125 2664/729/125 2663/728/125
f 2680/746/126 2681/747/126 2665/730/126 2664/729/126
f 2681/747/127 2682/748/127 2666/731/127 2665/730/127
f 2682/748/128 2683/749/128 2667/732/128 2666/731/128
f 2683/749/129 2684/750/129 2668/733/129 2667/732/129
f 2684/750/130 2685/751/130 2669/734/130 2668/733/130
f 2685/751/131 2686/752/131 2670/735/131 2669/734/131
f 2686/752/132 2687/753/132 2671/736/132 2670/735/132
f 2687/753/133 2688/754/133 2672/737/133 2671/736/133
f 2688/754/134 2689/755/134 2673/738/134 2672/737/134
f 2689/755/135 2690/756/135 2674/739/135 2673/738/135
f 2690/756/136 2691/757/136 2675/740/136 2674/739/136
f 2691/757/137 2692/758/137 2676/741/137 2675/740/137
f 2692/758/138 2693/759/138 2677/742/138 2676/741/138
f 2693/759/139 2694/760/139 2678/743/139 2677/742/139
f 2694/760/140 2679/761/140 2663/744/140 2678/743/140
f 2695/762/141 2696/763/141 2680/746/141 2679/745/141
f 2696/763/142 2697/764/142 2681/747/142 2680/746/142
f 2697/764/143 2698/765/143 2682/748/143 2681/747/143
f 2698/765/144 2699/766/144 2683/749/144 2682/748/144
f 2699/766/145 2700/767/145 2684/750/145 2683/749/145
f 2700/767/146 2701/768/146 2685/751/146 2684/750/146
f 2701/768/147 2702/769/147 2686/752/147 2685/751/147
f 2702/769/148 2703/770/148 2687/753/148 2686/752/148
f 2703/770/149 2704/771/149 2688/754/149 2687/753/149
f 2704/771/150 2705/772/150 2689/755/150 2688/754/150
f 2705/772/151 2706/773/151 2690/756/151 2689/755/151
f 2706/773/152 2707/774/152 2691/757/152 2690/756/152
f 2707/774/153 2708/775/153 2692/758/153 2691/757/153
f 2708/775/154 2709/776/154 2693/759/154 2692/758/154
f 2709/776/155 2710/777/155 2694/760/155 2693/759/155
f 2710/777/156 2695/778/156 2679/761/156 2694/760/156
f 2711/779/7 2712/780/7 2696/763/7 2695/762/7
f 2712/780/8 2713/781/8 2697/764/8 2696/763/8
f 2713/781/9 2714/782/9 2698/765/9 2697/764/9
f 2714/782/10 2715/783/10 2699/766/10 2698/765/10
f 2715/783/11 2716/784/11 2700/767/11 2699/766/11
f 2716/784/12 2717/785/12 2701/768/12 2700/767/12
f 2717/785/13 2718/786/13 2702/769/13 2701/768/13
f 2718/786/14 2719/787/14 2703/770/14 2702/769/14
f 2719/787/15 2720/788/15 2704/771/15 2703/770/15
f 2720/788/16 2721/789/16 2705/772/16 2704/771/16
f 2721/789/17 2722/790/17 2706/773/17 2705/772/17
f 2722/790/18 2723/791/18 2707/774/18 2706/773/18
f 2723/791/19 2724/792/19 2708/775/19 2707/774/19
f 2724/792/20 2725/793/20 2709/776/20 2708/775/20
f 2725/793/21 2726/794/21 2710/777/21 2709/776/21
f 2726/794/22 2711/795/22 2695/778/22 2710/777/22
f 2727/796/125 2728/797/125 2712/780/125 2711/779/125
f 2728/797/126 2729/798/126 2713/781/126 2712/780/126
f 2729/798/127 2730/799/127 2714/782/127 2713/781/127
f 2730/799/128 2731/800/128 2715/783/128 2714/782/128
f 2731/800/129 2732/801/129 2716/784/129 2715/783/129
f 2732/801/130 2733/802/130 2717/785/130 2716/784/130
f 2733/802/131 2734/803/131 2718/786/131 2717/785/131
f 2734/803/132 2735/804/132 2719/787/132 2718/786/132
f 2735/804/133 2736/805/133 2720/788/133 2719/787/133
f 2736/805/134 2737/806/134 2721/789/134 2720/788/134
f 2737/806/135 2738/807/135 2722/790/135 2721/789/135
f 2738/807/136 2739/808/136 2723/791/136 2722/790/136
f 2739/808/137 2740/809/137 2724/792/137 2723/791/137
f 2740/809/138 2741/810/138 2725/793/138 2724/792/138
f 2741/810/139 2742/811/139 2726/794/139 2725/793/139
f 2742/811/140 2727/812/140 2711/795/140 2726/794/140
f 2743/813/141 2744/814/141 2728/797/141 2727/796/141
f 2744/814/142 2745/815/142 2729/798/142 2728/797/142
f 2745/815/143 2746/816/143 2730/799/143 2729/798/143
f 2746/816/144 2747/817/144 2731/800/144 2730/799/144
f 2747/817/145 2748/818/145 2732/801/145 2731/800/145
f 2748/818/146 2749/819/146 2733/802/146 2732/801/146
f 2749/819/147 2750/820/147 2734/803/147 2733/802/147
f 2750/820/148 2751/821/148 2735/804/148 2734/803/148
f 2751/821/149 2752/822/149 2736/805/149 2735/804/149
f 2752/822/150 2753/823/150 2737/806/150 2736/805/150
f 2753/823/151 2754/824/151 2738/807/151 2737/806/151
f 2754/824/152 2755/825/152 2739/808/152 2738/807/152
f 2755/825/153 2756/826/153 2740/809/153 2739/808/153
f 2756/826/154 2757/827/154 2741/810/154 2740/809/154
f 2757/827/155 2758/828/155 2742/811/155 2741/810/155
f 2758/828/156 2743/829/156 2727/812/156 2742/811/156
f 2759/830/7 2760/831/7 2744/814/7 2743/813/7
f 2760/831/8 2761/832/8 2745/815/8 2744/814/8
f 2761/832/9 2762/833/9 2746/816/9 2745/815/9
f 2762/833/10 2763/834/10 2747/817/10 2746/816/10
f 2763/834/11 2764/835/11 2748/818/11 2747/817/11
f 2764/835/12 2765/836/12 2749/819/12 2748/818/12
f 2765/836/13 2766/837/13 2750/820/13 2749/819/13
f 2766/837/14 2767/838/14 2751/821/14 2750/820/14
f 2767/838/15 2768/839/15 2752/822/15 2751/821/15
f 2768/839/16 2769/840/16 2753/823/16 2752/822/16
f 2769/840/17 2770/841/17 2754/824/17 2753/823/17
f 2770/841/18 2771/842/18 2755/825/18 2754/824/18
f 2771/842/19 2772/843/19 2756/826/19 2755/825/19
f 2772/843/20 2773/844/20 2757/827/20 2756/826/20
f 2773/844/21 2774/845/21 2758/828/21 2757/827/21
f 2774/845/22 2759/846/22 2743/829/22 2758/828/22
f 2775/847/125 2776/848/125 2760/831/125 2759/830/125
f 2776/848/126 2777/849/126 2761/832/126 2760/831/126
f 2777/849/127 2778/850/127 2762/833/127 2761/832/127
f 2778/850/128 2779/851/128 2763/834/128 2762/833/128
f 2779/851/129 2780/852/129 2764/835/129 2763/834/129
f 2780/852/130 2781/853/130 2765/836/130 2764/835/130
f 2781/853/131 2782/854/131 2766/837/131 2765/836/131
f 2782/854/132 2783/855/132 2767/838/132 2766/837/132
f 2783/855/133 2784/856/133 2768/839/133 2767/838/133
f 2784/856/134 2785/857/134 2769/840/134 2768/839/134
f 2785/857/135 2786/858/135 2770/841/135 2769/840/135
f 2786/858/136 2787/859/136 2771/842/136 2770/841/136
f 2787/859/137 2788/860/137 2772/843/137 2771/842/137
f 2788/860/138 2789/861/138 2773/844/138 2772/843/138
f 2789/861/139 2790/862/139 2774/845/139 2773/844/139
f 2790/862/140 2775/863/140 2759/846/140 2774/845/140
f 2791/864/141 2792/865/141 2776/848/141 2775/847/141
f 2792/865/142 2793/866/142 2777/849/142 2776/848/142
f 2793/866/143 2794/867/143 2778/850/143 2777/849/143
f 2794/867/144 2795/868/144 2779/851/144 2778/850/144
f 2795/868/145 2796/869/145 2780/852/145 2779/851/145
f 2796/869/146 2797/870/146 2781/853/146 2780/852/146
f 2797/870/147 2798/871/147 2782/854/147 2781/853/147
f 2798/871/148 2799/872/148 2783/855/148 2782/854/148
f 2799/872/149 2800/873/149 2784/856/149 2783/855/149
f 2800/873/150 2801/874/150 2785/857/150 2784/856/150
f 2801/874/151 2802/875/151 2786/858/151 2785/857/151
f 2802/875/152 2803/876/152 2787/859/152 2786/858/152
f 2803/876/153 2804/877/153 2788/860/153 2787/859/153
f 2804/877/154 2805/878/154 2789/861/154 2788/860/154
f 2805/878/155 2806/879/155 2790/862/155 2789/861/155
f 2806/879/156 2791/880/156 2775/863/156 2790/862/156
f 2807/881/7 2808/882/7 2792/865/7 2791/864/7
f 2808/882/8 2809/883/8 2793/866/8 2792/865/8
f 2809/883/9 2810/884/9 2794/867/9 2793/866/9
f 2810/884/10 2811/885/10 2795/868/10 2794/867/10
f 2811/885/11 2812/886/11 2796/869/11 2795/868/11
f 2812/886/12 2813/887/12 2797/870/12 2796/869/12
f 2813/887/13 2814/888/13 2798/871/13 2797/870/13
f 2814/888/14 2815/889/14 2799/872/14 2798/871/14
f 2815/889/15 2816/890/15 2800/873/15 2799/872/15
f 2816/890/16 2817/891/16 2801/874/16 2800/873/16
f 2817/891/17 2818/892/17 2802/875/17 2801/874/17
f 2818/892/18 2819/893/18 2803/876/18 2802/875/18
f 2819/893/19 2820/894/19 2804/877/19 2803/876/19
f 2820/894/20 2821/895/20 2805/878/20 2804/877/20
f 2821/895/21 2822/896/21 2806/879/21 2805/878/21
f 2822/896/22 2807/897/22 2791/880/22 2806/879/22
f 2823/898/125 2824/899/125 2808/882/125 2807/881/125
f 2824/899/126 2825/900/126 2809/883/126 2808/882/126
f 2825/900/127 2826/901/127 2810/884/127 2809/883/127
f 2826/901/128 2827/902/128 2811/885/128 2810/884/128
f 2827/902/129 2828/903/129 2812/886/129 2811/885/129
f 2828/903/130 2829/904/130 2813/887/130 2812/886/130
f 2829/904/131 2830/905/131 2814/888/131 2813/887/131
f 2830/905/132 2831/906/132 2815/889/132 2814/888/132
f 2831/906/133 2832/907/133 2816/890/133 2815/889/133
f 2832/907/134 2833/908/134 2817/891/134 2816/890/134
f 2833/908/135 2834/909/135 2818/892/135 2817/891/135
f 2834/909/136 2835/910/136 2819/893/136 2818/892/136
f 2835/910/137 2836/911/137 2820/894/137 2819/893/137
f 2836/911/138 2837/912/138 2821/895/138 2820/894/138
f 2837/912/139 2838/913/139 2822/896/139 2821/895/139
f 2838/913/140 2823/914/140 2807/897/140 2822/896/140
f 2839/915/141 2840/916/141 2824/899/141 2823/898/141
f 2840/916/142 2841/917/142 2825/900/142 2824/899/142
f 2841/917/143 2842/918/143 2826/901/143 2825/900/143
f 2842/918/144 2843/919/144 2827/902/144 2826/901/144
f 2843/919/145 2844/920/145 2828/903/145 2827/902/145
f 2844/920/146 2845/921/146 2829/904/146 2828/903/146
f 2845/921/147 2846/922/147 2830/905/147 2829/904/147
f 2846/922/148 2847/923/148 2831/906/148 2830/905/148
f 2847/923/149 2848/924/149 2832/907/149 2831/906/149
f 2848/924/150 2849/925/150 2833/908/150 2832/907/150
f 2849/925/151 2850/926/151 2834/909/151 2833/908/151
f 2850/926/152 2851/927/152 2835/910/152 2834/909/152
f 2851/927/153 2852/928/153 2836/911/153 2835/910/153
f 2852/928/154 2853/929/154 2837/912/154 2836/911/154
f 2853/929/155 2854/930/155 2838/913/155 2837/912/155
f 2854/930/156 2839/931/156 2823/914/156 2838/913/156
f 2855/932/7 2856/933/7 2840/916/7 2839/915/7
f 2856/933/8 2857/934/8 2841/917/8 2840/916/8
f 2857/934/9 2858/935/9 2842/918/9 2841/917/9
f 2858/935/10 2859/936/10 2843/919/10 2842/918/10
f 2859/936/11 2860/937/11 2844/920/11 2843/919/11
f 2860/937/12 2861/938/12 2845/921/12 2844/920/12
f 2861/938/13 2862/939/13 2846/922/13 2845/921/13
f 2862/939/14 2863/940/14 2847/923/14 2846/922/14
f 2863/940/15 2864/941/15 2848/924/15 2847/923/15
f 2864/941/16 2865/942/16 2849/925/16 2848/924/16
f 2865/942/17 2866/943/17 2850/926/17 2849/925/17
f 2866/943/18 2867/944/18 2851/927/18 2850/926/18
f 2867/944/19 2868/945/19 2852/928/19 2851/927/19
f 2868/945/20 2869/946/20 2853/929/20 2852/928/20
f 2869/946/21 2870/947/21 2854/930/21 2853/929/21
f 2870/947/22 2855/948/22 2839/931/22 2854/930/22
f 2871/949/125 2872/950/125 2856/933/125 2855/932/125
f 2872/950/126 2873/951/126 2857/934/126 2856/933/126
f 2873/951/127 2874/952/127 2858/935/127 2857/934/127
f 2874/952/128 2875/953/128 2859/936/128 2858/935/128
f 2875/953/129 2876/954/129 2860/937/129 2859/936/129
f 2876/954/130 2877/955/130 2861/938/130 2860/937/130
f 2877/955/131 2878/956/131 2862/939/131 2861/938/131
f 2878/956/132 2879/957/132 2863/940/132 2862/939/132
f 2879/957/133 2880/958/133 2864/941/133 2863/940/133
f 2880/958/134 2881/959/134 2865/942/134 2864/941/134
f 2881/959/135 2882/960/135 2866/943/135 2865/942/135
f 2882/960/136 2883/961/136 2867/944/136 2866/943/136
f 2883/961/137 2884/962/137 2868/945/137 2867/944/137
f 2884/962/138 2885/963/138 2869/946/138 2868/945/138
f 2885/963/139 2886/964/139 2870/947/139 2869/946/139
f 2886/964/140 2871/965/140 2855/948/140 2870/947/140
f 2887/966/141 2888/967/141 2872/950/141 2871/949/141
f 2888/967/142 2889/968/142 2873/951/142 2872/950/142
f 2889/968/143 2890/969/143 2874/952/143 2873/951/143
f 2890/969/144 2891/970/144 2875/953/144 2874/952/144
f 2891/970/145 2892/971/145 2876/954/145 2875/953/145
f 2892/971/146 2893/972/146 2877/955/146 2876/954/146
f 2893/972/147 2894/973/147 2878/956/147 2877/955/147
f 2894/973/148 2895/974/148 2879/957/148 2878/956/148
f 2895/974/149 2896/975/149 2880/958/149 2879/957/149
f 2896/975/150 2897/976/150 2881/959/150 2880/958/150
f 2897/976/151 2898/977/151 2882/960/151 2881/959/151
f 2898/977/152 2899/978/152 2883/961/152 2882/960/152
f 2899/978/153 2900/979/153 2884/962/153 2883/961/153
f 2900/979/154 2901/980/154 2885/963/154 2884/962/154
f 2901/980/155 2902/981/155 2886/964/155 2885/963/155
f 2902/981/156 2887/982/156 2871/965/156 2886/964/156
f 2903/983/157 2904/984/157 2888/967/157 2887/966/157
f 2904/984/158 2905/985/158 2889/968/158 2888/967/158
f 2905/985/159 2906/986/159 2890/969/159 2889/968/159
f 2906/986/160 2907/987/160 2891/970/160 2890/969/160
f 2907/987/161 2908/988/161 2892/971/161 2891/970/161
f 2908/988/162 2909/989/162 2893/972/162 2892/971/162
f 2909/989/163 2910/990/163 2894/973/163 2893/972/163
f 2910/990/164 2911/991/164 2895/974/164 2894/973/164
f 2911/991/165 2912/992/165 2896/975/165 2895/974/165
f 2912/992/166 2913/993/166 2897/976/166 2896/975/166
f 2913/993/167 2914/994/167 2898/977/167 2897/976/167
f 2914/994/168 2915/995/168 2899/978/168 2898/977/168
f 2915/995/169 2916/996/169 2900/979/169 2899/978/169
f 2916/996/170 2917/997/170 2901/980/170 2900/979/170
f 2917/997/171 2918/998/171 2902/981/171 2901/980/171
f 2918/998/172 2903/999/172 2887/982/172 2902/981/172
f 2919/8/2 2919/489/2 2904/984/2 2903/983/2
f 2919/489/2 2919/490/2 2905/985/2 2904/984/2
f 2919/490/2 2919/491/2 2906/986/2 2905/985/2
f 2919/491/2 2919/492/2 2907/987/2 2906/986/2
f 2919/492/2 2919/493/2 2908/988/2 2907/987/2
f 2919/493/2 2919/494/2 2909/989/2 2908/988/2
f 2919/494/2 2919/495/2 2910/990/2 2909/989/2
f 2919/495/2 2919/61/2 2911/991/2 2910/990/2
f 2919/61/2 2919/496/2 2912/992/2 2911/991/2
f 2919/496/2 2919/497/2 2913/993/2 2912/992/2
f 2919/497/2 2919/498/2 2914/994/2 2913/993/2
f 2919/498/2 2919/499/2 2915/995/2 2914/994/2
f 2919/499/2 2919/500/2 2916/996/2 2915/995/2
f 2919/500/2 2919/501/2 2917/997/2 2916/996/2
f 2919/501/2 2919/502/2 2918/998/2 2917/997/2
f 2919/502/2 2919/9/2 2903/999/2 2918/998/2
usemtl steel
f 2471/539/7 2472/540/7 2473/29/7 2474/4/7
f 2472/540/8 2475/541/8 2476/33/8 2473/29/8
f 2475/541/9 2477/542/9 2478/37/9 2476/33/9
f 2477/542/10 2479/543/10 2480/41/10 2478/37/10
f 2479/543/11 2481/544/11 2482/45/11 2480/41/11
f 2481/544/12 2483/545/12 2484/49/12 2482/45/12
f 2483/545/13 2485/546/13 2486/53/13 2484/49/13
f 2485/546/14 2487/547/14 2488/16/14 2486/53/14
f 2487/547/15 2489/548/15 2490/549/15 2488/16/15
f 2489/548/16 2491/550/16 2492/551/16 2490/549/16
f 2491/550/17 2493/552/17 2494/553/17 2492/551/17
f 2493/552/18 2495/554/18 2496/555/18 2494/553/18
f 2495/554/19 2497/556/19 2498/557/19 2496/555/19
f 2497/556/20 2499/558/20 2500/559/20 2498/557/20
f 2499/558/21 2501/560/21 2502/561/21 2500/559/21
f 2501/560/22 2471/562/22 2474/563/22 2502/561/22
f 2496/69/1 2498/68/1 2500/71/1 2502/70/1
f 2492/67/1 2494/66/1 2496/69/1 2502/70/1
f 2488/65/1 2490/64/1 2492/67/1 2502/70/1
f 2484/63/1 2486/62/1 2488/65/1 2502/70/1
f 2480/61/1 2482/60/1 2484/63/1 2502/70/1
f 2476/57/1 2478/56/1 2480/61/1 2502/70/1
f 2474/59/1 2473/58/1 2476/57/1 2502/70/1
f 2477/56/2 2475/57/2 2472/58/2 2471/59/2
f 2481/60/2 2479/61/2 2477/56/2 2471/59/2
f 2485/62/2 2483/63/2 2481/60/2 2471/59/2
f 2489/64/2 2487/65/2 2485/62/2 2471/59/2
f 2493/66/2 2491/67/2 2489/64/2 2471/59/2
f 2497/68/2 2495/69/2 2493/66/2 2471/59/2
f 2501/70/2 2499/71/2 2497/68/2 2471/59/2
f 2920/539/7 2921/540/7 2922/29/7 2923/4/7
f 2921/540/8 2924/541/8 2925/33/8 2922/29/8
f 2924/541/9 2926/542/9 2927/37/9 2925/33/9
f 2926/542/10 2928/543/10 2929/41/10 2927/37/10
f 2928/543/11 2930/544/11 2931/45/11 2929/41/11
f 2930/544/12 2932/545/12 2933/49/12 2931/45/12
f 2932/545/13 2934/546/13 2935/53/13 2933/49/13
f 2934/546/14 2936/547/14 2937/16/14 2935/53/14
f 2936/547/15 2938/548/15 2939/549/15 2937/16/15
f 2938/548/16 2940/550/16 2941/551/16 2939/549/16
f 2940/550/17 2942/552/17 2943/553/17 2941/551/17
f 2942/552/18 2944/554/18 2945/555/18 2943/553/18
f 2944/554/19 2946/556/19 2947/557/19 2945/555/19
f 2946/556/20 2948/558/20 2949/559/20 2947/557/20
f 2948/558/21 2950/560/21 2951/561/21 2949/559/21
f 2950/560/22 2920/562/22 2923/563/22 2951/561/22
f 2945/69/1 2947/68/1 2949/71/1 2951/70/1
f 2941/67/1 2943/66/1 2945/69/1 2951/70/1
f 2937/65/1 2939/64/1 2941/67/1 2951/70/1
f 2933/63/1 2935/62/1 2937/65/1 2951/70/1
f 2929/61/1 2931/60/1 2933/63/1 2951/70/1
f 2925/57/1 2927/56/1 2929/61/1 2951/70/1
f 2923/59/1 2922/58/1 2925/57/1 2951/70/1
f 2926/56/2 2924/57/2 2921/58/2 2920/59/2
f 2930/60/2 2928/61/2 2926/56/2 2920/59/2
f 2934/62/2 2932/63/2 2930/60/2 2920/59/2
f 2938/64/2 2936/65/2 2934/62/2 2920/59/2
f 2942/66/2 2940/67/2 2938/64/2 2920/59/2
f 2946/68/2 2944/69/2 2942/66/2 2920/59/2
f 2950/70/2 2948/71/2 2946/68/2 2920/59/2
f 2952/14/1 2953/15/1 2954/16/1 2955/4/1
f 2956/4/2 2957/16/2 2958/15/2 2959/14/2
f 2959/15/3 2958/14/3 2953/4/3 2952/16/3
f 2957/15/4 2956/14/4 2955/4/4 2954/16/4
f 2956/15/5 2959/14/5 2952/4/5 2955/16/5
f 2958/15/6 2957/14/6 2954/4/6 2953/16/6
o signage
usemtl plate
f 2960/8/1 2961/9/1 2962/10/1 2963/4/1
f 2964/4/2 2965/10/2 2966/9/2 2967/8/2
f 2967/9/3 2966/8/3 2961/4/3 2960/10/3
f 2965/9/4 2964/8/4 2963/4/4 2962/10/4
f 2964/9/5 2967/8/5 2960/4/5 2963/10/5
f 2966/9/6 2965/8/6 2962/4/6 2961/10/6
usemtl steel
f 2968/539/1 2969/562/1 2970/563/1 2971/4/1
f 2972/4/2 2973/563/2 2974/562/2 2975/539/2
f 2975/562/3 2974/539/3 2969/4/3 2968/563/3
f 2973/562/4 2972/539/4 2971/4/4 2970/563/4
f 2972/562/5 2975/539/5 2968/4/5 2971/563/5
f 2974/562/6 2973/539/6 2970/4/6 2969/563/6
f 2976/4/173 2977/1000/173 2978/1001/173 2979/1002/173
f 2977/1000/2 2980/1003/2 2981/1004/2 2978/1001/2
f 2980/1003/174 2982/1005/174 2983/1006/174 2981/1004/174
f 2982/1005/175 2984/1007/175 2985/1008/175 2983/1006/175
f 2984/1007/1 2986/1009/1 2987/1010/1 2985/1008/1
f 2986/1009/176 2976/1011/176 2979/1012/176 2987/1010/176
f 2988/4/177 2989/1013/177 2990/1014/177 2991/1002/177
f 2989/1013/178 2992/1015/178 2993/1016/178 2990/1014/178
f 2992/1015/179 2994/1017/179 2995/1018/179 2993/1016/179
f 2994/1017/180 2996/1019/180 2997/1020/180 2995/1018/180
f 2996/1019/181 2998/33/181 2999/1021/181 2997/1020/181
f 2998/33/182 3000/1022/182 3001/1023/182 2999/1021/182
f 3000/1022/183 3002/1024/183 3003/1025/183 3001/1023/183
f 3002/1024/184 3004/1005/184 3005/1006/184 3003/1025/184
f 3004/1005/185 3006/1026/185 3007/1027/185 3005/1006/185
f 3006/1026/186 3008/41/186 3009/1028/186 3007/1027/186
f 3008/41/187 3010/1029/187 3011/1030/187 3009/1028/187
f 3010/1029/188 3012/1031/188 3013/1032/188 3011/1030/188
f 3012/1031/189 3014/1033/189 3015/1034/189 3013/1032/189
f 3014/1033/190 3016/1035/190 3017/1036/190 3015/1034/190
f 3016/1035/191 3018/49/191 3019/1037/191 3017/1036/191
f 3018/49/192 2988/1011/192 2991/1012/192 3019/1037/192
f 3018/70/3 3016/71/3 3014/68/3 3012/69/3
f 3018/70/3 3012/69/3 3010/66/3 3008/67/3
f 3018/70/3 3008/67/3 3006/64/3 3004/65/3
f 3018/70/3 3004/65/3 3002/62/3 3000/63/3
f 3018/70/3 3000/63/3 2998/60/3 2996/61/3
f 3018/70/3 2996/61/3 2994/56/3 2992/57/3
f 3018/70/3 2992/57/3 2989/58/3 2988/59/3
f 2991/59/4 2990/58/4 2993/57/4 2995/56/4
f 2991/59/4 2995/56/4 2997/61/4 2999/60/4
f 2991/59/4 2999/60/4 3001/63/4 3003/62/4
f 2991/59/4 3003/62/4 3005/65/4 3007/64/4
f 2991/59/4 3007/64/4 3009/67/4 3011/66/4
f 2991/59/4 3011/66/4 3013/69/4 3015/68/4
f 2991/59/4 3015/68/4 3017/71/4 3019/70/4
f 3020/4/193 3021/1000/193 3022/1001/193 3023/1002/193
f 3021/1000/194 3024/1003/194 3025/1004/194 3022/1001/194
f 3024/1003/5 3026/1005/5 3027/1006/5 3025/1004/5
f 3026/1005/195 3028/1007/195 3029/1008/195 3027/1006/195
f 3028/1007/196 3030/1009/196 3031/1010/196 3029/1008/196
f 3030/1009/6 3020/1011/6 3023/1012/6 3031/1010/6
f 3030/1038/3 3028/69/3 3026/1039/3 3024/1040/3
f 3030/1038/3 3024/1040/3 3021/61/3 3020/1041/3
f 3023/1041/4 3022/61/4 3025/1040/4 3027/1039/4
f 3023/1041/4 3027/1039/4 3029/69/4 3031/1038/4
f 3032/4/173 3033/1000/173 3034/1001/173 3035/1002/173
f 3033/1000/2 3036/1003/2 3037/1004/2 3034/1001/2
f 3036/1003/174 3038/1005/174 3039/1006/174 3037/1004/174
f 3038/1005/175 3040/1007/175 3041/1008/175 3039/1006/175
f 3040/1007/1 3042/1009/1 3043/1010/1 3041/1008/1
f 3042/1009/176 3032/1011/176 3035/1012/176 3043/1010/176
f 3044/4/177 3045/1013/177 3046/1014/177 3047/1002/177
f 3045/1013/178 3048/1015/178 3049/1016/178 3046/1014/178
f 3048/1015/179 3050/1017/179 3051/1018/179 3049/1016/179
f 3050/1017/180 3052/1019/180 3053/1020/180 3051/1018/180
f 3052/1019/181 3054/33/181 3055/1021/181 3053/1020/181
f 3054/33/182 3056/1022/182 3057/1023/182 3055/1021/182
f 3056/1022/183 3058/1024/183 3059/1025/183 3057/1023/183
f 3058/1024/184 3060/1005/184 3061/1006/184 3059/1025/184
f 3060/1005/185 3062/1026/185 3063/1027/185 3061/1006/185
f 3062/1026/186 3064/41/186 3065/1028/186 3063/1027/186
f 3064/41/187 3066/1029/187 3067/1030/187 3065/1028/187
f 3066/1029/188 3068/1031/188 3069/1032/188 3067/1030/188
f 3068/1031/189 3070/1033/189 3071/1034/189 3069/1032/189
f 3070/1033/190 3072/1035/190 3073/1036/190 3071/1034/190
f 3072/1035/191 3074/49/191 3075/1037/191 3073/1036/191
f 3074/49/192 3044/1011/192 3047/1012/192 3075/1037/192
f 3074/70/3 3072/71/3 3070/68/3 3068/69/3
f 3074/70/3 3068/69/3 3066/66/3 3064/67/3
f 3074/70/3 3064/67/3 3062/64/3 3060/65/3
f 3074/70/3 3060/65/3 3058/62/3 3056/63/3
f 3074/70/3 3056/63/3 3054/60/3 3052/61/3
f 3074/70/3 3052/61/3 3050/56/3 3048/57/3
f 3074/70/3 3048/57/3 3045/58/3 3044/59/3
f 3047/59/4 3046/58/4 3049/57/4 3051/56/4
f 3047/59/4 3051/56/4 3053/61/4 3055/60/4
f 3047/59/4 3055/60/4 3057/63/4 3059/62/4
f 3047/59/4 3059/62/4 3061/65/4 3063/64/4
f 3047/59/4 3063/64/4 3065/67/4 3067/66/4
f 3047/59/4 3067/66/4 3069/69/4 3071/68/4
f 3047/59/4 3071/68/4 3073/71/4 3075/70/4
f 3076/4/193 3077/1000/193 3078/1001/193 3079/1002/193
f 3077/1000/194 3080/1003/194 3081/1004/194 3078/1001/194
f 3080/1003/5 3082/1005/5 3083/1006/5 3081/1004/5
f 3082/1005/195 3084/1007/195 3085/1008/195 3083/1006/195
f 3084/1007/196 3086/1009/196 3087/1010/196 3085/1008/196
f 3086/1009/6 3076/1011/6 3079/1012/6 3087/1010/6
f 3086/1038/3 3084/69/3 3082/1039/3 3080/1040/3
f 3086/1038/3 3080/1040/3 3077/61/3 3076/1041/3
f 3079/1041/4 3078/61/4 3081/1040/4 3083/1039/4
f 3079/1041/4 3083/1039/4 3085/69/4 3087/1038/4
f 3088/14/1 3089/15/1 3090/16/1 3091/4/1
f 3092/4/2 3093/16/2 3094/15/2 3095/14/2
f 3095/15/3 3094/14/3 3089/4/3 3088/16/3
f 3093/15/4 3092/14/4 3091/4/4 3090/16/4
f 3092/15/5 3095/14/5 3088/4/5 3091/16/5
f 3094/15/6 3093/14/6 3090/4/6 3089/16/6
o entryplate
usemtl sheet
f 3096/1042/1 3097/1043/1 3098/1044/1 3099/4/1
f 3100/4/2 3101/1044/2 3102/1043/2 3103/1042/2
f 3103/1043/3 3102/1042/3 3097/4/3 3096/1044/3
f 3100/1043/5 3103/1042/5 3096/4/5 3099/1044/5
f 3102/1043/6 3101/1042/6 3098/4/6 3097/1044/6
usemtl plate
f 3101/1043/4 3100/1042/4 3099/4/4 3098/1044/4
usemtl steel
f 3104/539/7 3105/540/7 3106/29/7 3107/4/7
f 3105/540/8 3108/541/8 3109/33/8 3106/29/8
f 3108/541/9 3110/542/9 3111/37/9 3109/33/9
f 3110/542/10 3112/543/10 3113/41/10 3111/37/10
f 3112/543/11 3114/544/11 3115/45/11 3113/41/11
f 3114/544/12 3116/545/12 3117/49/12 3115/45/12
f 3116/545/13 3118/546/13 3119/53/13 3117/49/13
f 3118/546/14 3120/547/14 3121/16/14 3119/53/14
f 3120/547/15 3122/548/15 3123/549/15 3121/16/15
f 3122/548/16 3124/550/16 3125/551/16 3123/549/16
f 3124/550/17 3126/552/17 3127/553/17 3125/551/17
f 3126/552/18 3128/554/18 3129/555/18 3127/553/18
f 3128/554/19 3130/556/19 3131/557/19 3129/555/19
f 3130/556/20 3132/558/20 3133/559/20 3131/557/20
f 3132/558/21 3134/560/21 3135/561/21 3133/559/21
f 3134/560/22 3104/562/22 3107/563/22 3135/561/22
f 3129/69/1 3131/68/1 3133/71/1 3135/70/1
f 3125/67/1 3127/66/1 3129/69/1 3135/70/1
f 3121/65/1 3123/64/1 3125/67/1 3135/70/1
f 3117/63/1 3119/62/1 3121/65/1 3135/70/1
f 3113/61/1 3115/60/1 3117/63/1 3135/70/1
f 3109/57/1 3111/56/1 3113/61/1 3135/70/1
f 3107/59/1 3106/58/1 3109/57/1 3135/70/1
f 3110/56/2 3108/57/2 3105/58/2 3104/59/2
f 3114/60/2 3112/61/2 3110/56/2 3104/59/2
f 3118/62/2 3116/63/2 3114/60/2 3104/59/2
f 3122/64/2 3120/65/2 3118/62/2 3104/59/2
f 3126/66/2 3124/67/2 3122/64/2 3104/59/2
f 3130/68/2 3128/69/2 3126/66/2 3104/59/2
f 3134/70/2 3132/71/2 3130/68/2 3104/59/2
f 3136/539/7 3137/540/7 3138/29/7 3139/4/7
f 3137/540/8 3140/541/8 3141/33/8 3138/29/8
f 3140/541/9 3142/542/9 3143/37/9 3141/33/9
f 3142/542/10 3144/543/10 3145/41/10 3143/37/10
f 3144/543/11 3146/544/11 3147/45/11 3145/41/11
f 3146/544/12 3148/545/12 3149/49/12 3147/45/12
f 3148/545/13 3150/546/13 3151/53/13 3149/49/13
f 3150/546/14 3152/547/14 3153/16/14 3151/53/14
f 3152/547/15 3154/548/15 3155/549/15 3153/16/15
f 3154/548/16 3156/550/16 3157/551/16 3155/549/16
f 3156/550/17 3158/552/17 3159/553/17 3157/551/17
f 3158/552/18 3160/554/18 3161/555/18 3159/553/18
f 3160/554/19 3162/556/19 3163/557/19 3161/555/19
f 3162/556/20 3164/558/20 3165/559/20 3163/557/20
f 3164/558/21 3166/560/21 3167/561/21 3165/559/21
f 3166/560/22 3136/562/22 3139/563/22 3167/561/22
f 3161/69/1 3163/68/1 3165/71/1 3167/70/1
f 3157/67/1 3159/66/1 3161/69/1 3167/70/1
f 3153/65/1 3155/64/1 3157/67/1 3167/70/1
f 3149/63/1 3151/62/1 3153/65/1 3167/70/1
f 3145/61/1 3147/60/1 3149/63/1 3167/70/1
f 3141/57/1 3143/56/1 3145/61/1 3167/70/1
f 3139/59/1 3138/58/1 3141/57/1 3167/70/1
f 3142/56/2 3140/57/2 3137/58/2 3136/59/2
f 3146/60/2 3144/61/2 3142/56/2 3136/59/2
f 3150/62/2 3148/63/2 3146/60/2 3136/59/2
f 3154/64/2 3152/65/2 3150/62/2 3136/59/2
f 3158/66/2 3156/67/2 3154/64/2 3136/59/2
f 3162/68/2 3160/69/2 3158/66/2 3136/59/2
f 3166/70/2 3164/71/2 3162/68/2 3136/59/2
f 3168/539/7 3169/540/7 3170/29/7 3171/4/7
f 3169/540/8 3172/541/8 3173/33/8 3170/29/8
f 3172/541/9 3174/542/9 3175/37/9 3173/33/9
f 3174/542/10 3176/543/10 3177/41/10 3175/37/10
f 3176/543/11 3178/544/11 3179/45/11 3177/41/11
f 3178/544/12 3180/545/12 3181/49/12 3179/45/12
f 3180/545/13 3182/546/13 3183/53/13 3181/49/13
f 3182/546/14 3184/547/14 3185/16/14 3183/53/14
f 3184/547/15 3186/548/15 3187/549/15 3185/16/15
f 3186/548/16 3188/550/16 3189/551/16 3187/549/16
f 3188/550/17 3190/552/17 3191/553/17 3189/551/17
f 3190/552/18 3192/554/18 3193/555/18 3191/553/18
f 3192/554/19 3194/556/19 3195/557/19 3193/555/19
f 3194/556/20 3196/558/20 3197/559/20 3195/557/20
f 3196/558/21 3198/560/21 3199/561/21 3197/559/21
f 3198/560/22 3168/562/22 3171/563/22 3199/561/22
f 3193/69/1 3195/68/1 3197/71/1 3199/70/1
f 3189/67/1 3191/66/1 3193/69/1 3199/70/1
f 3185/65/1 3187/64/1 3189/67/1 3199/70/1
f 3181/63/1 3183/62/1 3185/65/1 3199/70/1
f 3177/61/1 3179/60/1 3181/63/1 3199/70/1
f 3173/57/1 3175/56/1 3177/61/1 3199/70/1
f 3171/59/1 3170/58/1 3173/57/1 3199/70/1
f 3174/56/2 3172/57/2 3169/58/2 3168/59/2
f 3178/60/2 3176/61/2 3174/56/2 3168/59/2
f 3182/62/2 3180/63/2 3178/60/2 3168/59/2
f 3186/64/2 3184/65/2 3182/62/2 3168/59/2
f 3190/66/2 3188/67/2 3186/64/2 3168/59/2
f 3194/68/2 3192/69/2 3190/66/2 3168/59/2
f 3198/70/2 3196/71/2 3194/68/2 3168/59/2
f 3200/539/7 3201/540/7 3202/29/7 3203/4/7
f 3201/540/8 3204/541/8 3205/33/8 3202/29/8
f 3204/541/9 3206/542/9 3207/37/9 3205/33/9
f 3206/542/10 3208/543/10 3209/41/10 3207/37/10
f 3208/543/11 3210/544/11 3211/45/11 3209/41/11
f 3210/544/12 3212/545/12 3213/49/12 3211/45/12
f 3212/545/13 3214/546/13 3215/53/13 3213/49/13
f 3214/546/14 3216/547/14 3217/16/14 3215/53/14
f 3216/547/15 3218/548/15 3219/549/15 3217/16/15
f 3218/548/16 3220/550/16 3221/551/16 3219/549/16
f 3220/550/17 3222/552/17 3223/553/17 3221/551/17
f 3222/552/18 3224/554/18 3225/555/18 3223/553/18
f 3224/554/19 3226/556/19 3227/557/19 3225/555/19
f 3226/556/20 3228/558/20 3229/559/20 3227/557/20
f 3228/558/21 3230/560/21 3231/561/21 3229/559/21
f 3230/560/22 3200/562/22 3203/563/22 3231/561/22
f 3225/69/1 3227/68/1 3229/71/1 3231/70/1
f 3221/67/1 3223/66/1 3225/69/1 3231/70/1
f 3217/65/1 3219/64/1 3221/67/1 3231/70/1
f 3213/63/1 3215/62/1 3217/65/1 3231/70/1
f 3209/61/1 3211/60/1 3213/63/1 3231/70/1
f 3205/57/1 3207/56/1 3209/61/1 3231/70/1
f 3203/59/1 3202/58/1 3205/57/1 3231/70/1
f 3206/56/2 3204/57/2 3201/58/2 3200/59/2
f 3210/60/2 3208/61/2 3206/56/2 3200/59/2
f 3214/62/2 3212/63/2 3210/60/2 3200/59/2
f 3218/64/2 3216/65/2 3214/62/2 3200/59/2
f 3222/66/2 3220/67/2 3218/64/2 3200/59/2
f 3226/68/2 3224/69/2 3222/66/2 3200/59/2
f 3230/70/2 3228/71/2 3226/68/2 3200/59/2
f 3232/539/7 3233/540/7 3234/29/7 3235/4/7
f 3233/540/8 3236/541/8 3237/33/8 3234/29/8
f 3236/541/9 3238/542/9 3239/37/9 3237/33/9
f 3238/542/10 3240/543/10 3241/41/10 3239/37/10
f 3240/543/11 3242/544/11 3243/45/11 3241/41/11
f 3242/544/12 3244/545/12 3245/49/12 3243/45/12
f 3244/545/13 3246/546/13 3247/53/13 3245/49/13
f 3246/546/14 3248/547/14 3249/16/14 3247/53/14
f 3248/547/15 3250/548/15 3251/549/15 3249/16/15
f 3250/548/16 3252/550/16 3253/551/16 3251/549/16
f 3252/550/17 3254/552/17 3255/553/17 3253/551/17
f 3254/552/18 3256/554/18 3257/555/18 3255/553/18
f 3256/554/19 3258/556/19 3259/557/19 3257/555/19
f 3258/556/20 3260/558/20 3261/559/20 3259/557/20
f 3260/558/21 3262/560/21 3263/561/21 3261/559/21
f 3262/560/22 3232/562/22 3235/563/22 3263/561/22
f 3257/69/1 3259/68/1 3261/71/1 3263/70/1
f 3253/67/1 3255/66/1 3257/69/1 3263/70/1
f 3249/65/1 3251/64/1 3253/67/1 3263/70/1
f 3245/63/1 3247/62/1 3249/65/1 3263/70/1
f 3241/61/1 3243/60/1 3245/63/1 3263/70/1
f 3237/57/1 3239/56/1 3241/61/1 3263/70/1
f 3235/59/1 3234/58/1 3237/57/1 3263/70/1
f 3238/56/2 3236/57/2 3233/58/2 3232/59/2
f 3242/60/2 3240/61/2 3238/56/2 3232/59/2
f 3246/62/2 3244/63/2 3242/60/2 3232/59/2
f 3250/64/2 3248/65/2 3246/62/2 3232/59/2
f 3254/66/2 3252/67/2 3250/64/2 3232/59/2
f 3258/68/2 3256/69/2 3254/66/2 3232/59/2
f 3262/70/2 3260/71/2 3258/68/2 3232/59/2
