# generated by tools/gen_cable_models.py - do not edit by hand
mtllib dc_string_cable_trench_line.mtl
v 0.421875 0.848750 0.387500
v 0.413584 0.847933 0.387500
v 0.411635 0.857729 0.412500
v 0.421875 0.858738 0.412500
v 0.405611 0.845515 0.387500
v 0.401789 0.854742 0.412500
v 0.398263 0.841587 0.387500
v 0.392715 0.849892 0.412500
v 0.391823 0.836302 0.387500
v 0.384761 0.843364 0.412500
v 0.386538 0.829862 0.387500
v 0.378233 0.835410 0.412500
v 0.382610 0.822514 0.387500
v 0.373383 0.826336 0.412500
v 0.380192 0.814541 0.387500
v 0.370396 0.816490 0.412500
v 0.379375 0.806250 0.387500
v 0.369387 0.806250 0.412500
v 0.380192 0.797959 0.387500
v 0.370396 0.796010 0.412500
v 0.382610 0.789986 0.387500
v 0.373383 0.786164 0.412500
v 0.386538 0.782638 0.387500
v 0.378233 0.777090 0.412500
v 0.391823 0.776198 0.387500
v 0.384761 0.769136 0.412500
v 0.398263 0.770913 0.387500
v 0.392715 0.762608 0.412500
v 0.405611 0.766985 0.387500
v 0.401789 0.757758 0.412500
v 0.413584 0.764567 0.387500
v 0.411635 0.754771 0.412500
v 0.421875 0.763750 0.387500
v 0.421875 0.753763 0.412500
v 0.430166 0.764567 0.387500
v 0.432115 0.754771 0.412500
v 0.438139 0.766985 0.387500
v 0.441961 0.757758 0.412500
v 0.445487 0.770913 0.387500
v 0.451035 0.762608 0.412500
v 0.451927 0.776198 0.387500
v 0.458989 0.769136 0.412500
v 0.457212 0.782638 0.387500
v 0.465517 0.777090 0.412500
v 0.461140 0.789986 0.387500
v 0.470367 0.786164 0.412500
v 0.463558 0.797959 0.387500
v 0.473354 0.796010 0.412500
v 0.464375 0.806250 0.387500
v 0.474363 0.806250 0.412500
v 0.463558 0.814541 0.387500
v 0.473354 0.816490 0.412500
v 0.461140 0.822514 0.387500
v 0.470367 0.826336 0.412500
v 0.457212 0.829862 0.387500
v 0.465517 0.835410 0.412500
v 0.451927 0.836302 0.387500
v 0.458989 0.843364 0.412500
v 0.445487 0.841587 0.387500
v 0.451035 0.849892 0.412500
v 0.438139 0.845515 0.387500
v 0.441961 0.854742 0.412500
v 0.430166 0.847933 0.387500
v 0.432115 0.857729 0.412500
v 0.421875 0.865625 0.412500
v 0.410292 0.864484 0.412500
v 0.410292 0.864484 0.453125
v 0.421875 0.865625 0.453125
v 0.399153 0.861105 0.412500
v 0.399153 0.861105 0.453125
v 0.388888 0.855619 0.412500
v 0.388888 0.855619 0.453125
v 0.379891 0.848234 0.412500
v 0.379891 0.848234 0.453125
v 0.372506 0.839237 0.412500
v 0.372506 0.839237 0.453125
v 0.367020 0.828972 0.412500
v 0.367020 0.828972 0.453125
v 0.363641 0.817833 0.412500
v 0.363641 0.817833 0.453125
v 0.362500 0.806250 0.412500
v 0.362500 0.806250 0.453125
v 0.363641 0.794667 0.412500
v 0.363641 0.794667 0.453125
v 0.367020 0.783528 0.412500
v 0.367020 0.783528 0.453125
v 0.372506 0.773263 0.412500
v 0.372506 0.773263 0.453125
v 0.379891 0.764266 0.412500
v 0.379891 0.764266 0.453125
v 0.388888 0.756881 0.412500
v 0.388888 0.756881 0.453125
v 0.399153 0.751395 0.412500
v 0.399153 0.751395 0.453125
v 0.410292 0.748016 0.412500
v 0.410292 0.748016 0.453125
v 0.421875 0.746875 0.412500
v 0.421875 0.746875 0.453125
v 0.433458 0.748016 0.412500
v 0.433458 0.748016 0.453125
v 0.444597 0.751395 0.412500
v 0.444597 0.751395 0.453125
v 0.454862 0.756881 0.412500
v 0.454862 0.756881 0.453125
v 0.463859 0.764266 0.412500
v 0.463859 0.764266 0.453125
v 0.471244 0.773263 0.412500
v 0.471244 0.773263 0.453125
v 0.476730 0.783528 0.412500
v 0.476730 0.783528 0.453125
v 0.480109 0.794667 0.412500
v 0.480109 0.794667 0.453125
v 0.481250 0.806250 0.412500
v 0.481250 0.806250 0.453125
v 0.480109 0.817833 0.412500
v 0.480109 0.817833 0.453125
v 0.476730 0.828972 0.412500
v 0.476730 0.828972 0.453125
v 0.471244 0.839237 0.412500
v 0.471244 0.839237 0.453125
v 0.463859 0.848234 0.412500
v 0.463859 0.848234 0.453125
v 0.454862 0.855619 0.412500
v 0.454862 0.855619 0.453125
v 0.444597 0.861105 0.412500
v 0.444597 0.861105 0.453125
v 0.433458 0.864484 0.412500
v 0.433458 0.864484 0.453125
v 0.421875 0.856250 0.453125
v 0.412120 0.855289 0.453125
v 0.412120 0.855289 0.468750
v 0.421875 0.856250 0.468750
v 0.402741 0.852444 0.453125
v 0.402741 0.852444 0.468750
v 0.394096 0.847823 0.453125
v 0.394096 0.847823 0.468750
v 0.386520 0.841605 0.453125
v 0.386520 0.841605 0.468750
v 0.380302 0.834029 0.453125
v 0.380302 0.834029 0.468750
v 0.375681 0.825384 0.453125
v 0.375681 0.825384 0.468750
v 0.372836 0.816005 0.453125
v 0.372836 0.816005 0.468750
v 0.371875 0.806250 0.453125
v 0.371875 0.806250 0.468750
v 0.372836 0.796495 0.453125
v 0.372836 0.796495 0.468750
v 0.375681 0.787116 0.453125
v 0.375681 0.787116 0.468750
v 0.380302 0.778471 0.453125
v 0.380302 0.778471 0.468750
v 0.386520 0.770895 0.453125
v 0.386520 0.770895 0.468750
v 0.394096 0.764677 0.453125
v 0.394096 0.764677 0.468750
v 0.402741 0.760056 0.453125
v 0.402741 0.760056 0.468750
v 0.412120 0.757211 0.453125
v 0.412120 0.757211 0.468750
v 0.421875 0.756250 0.453125
v 0.421875 0.756250 0.468750
v 0.431630 0.757211 0.453125
v 0.431630 0.757211 0.468750
v 0.441009 0.760056 0.453125
v 0.441009 0.760056 0.468750
v 0.449654 0.764677 0.453125
v 0.449654 0.764677 0.468750
v 0.457230 0.770895 0.453125
v 0.457230 0.770895 0.468750
v 0.463448 0.778471 0.453125
v 0.463448 0.778471 0.468750
v 0.468069 0.787116 0.453125
v 0.468069 0.787116 0.468750
v 0.470914 0.796495 0.453125
v 0.470914 0.796495 0.468750
v 0.471875 0.806250 0.453125
v 0.471875 0.806250 0.468750
v 0.470914 0.816005 0.453125
v 0.470914 0.816005 0.468750
v 0.468069 0.825384 0.453125
v 0.468069 0.825384 0.468750
v 0.463448 0.834029 0.453125
v 0.463448 0.834029 0.468750
v 0.457230 0.841605 0.453125
v 0.457230 0.841605 0.468750
v 0.449654 0.847823 0.453125
v 0.449654 0.847823 0.468750
v 0.441009 0.852444 0.453125
v 0.441009 0.852444 0.468750
v 0.431630 0.855289 0.453125
v 0.431630 0.855289 0.468750
v 0.421875 0.875000 0.468750
v 0.408463 0.873679 0.468750
v 0.408463 0.873679 0.531250
v 0.421875 0.875000 0.531250
v 0.395566 0.869767 0.468750
v 0.395566 0.869767 0.531250
v 0.383680 0.863414 0.468750
v 0.383680 0.863414 0.531250
v 0.373261 0.854864 0.468750
v 0.373261 0.854864 0.531250
v 0.364711 0.844445 0.468750
v 0.364711 0.844445 0.531250
v 0.358358 0.832559 0.468750
v 0.358358 0.832559 0.531250
v 0.354446 0.819662 0.468750
v 0.354446 0.819662 0.531250
v 0.353125 0.806250 0.468750
v 0.353125 0.806250 0.531250
v 0.354446 0.792838 0.468750
v 0.354446 0.792838 0.531250
v 0.358358 0.779941 0.468750
v 0.358358 0.779941 0.531250
v 0.364711 0.768055 0.468750
v 0.364711 0.768055 0.531250
v 0.373261 0.757636 0.468750
v 0.373261 0.757636 0.531250
v 0.383680 0.749086 0.468750
v 0.383680 0.749086 0.531250
v 0.395566 0.742733 0.468750
v 0.395566 0.742733 0.531250
v 0.408463 0.738821 0.468750
v 0.408463 0.738821 0.531250
v 0.421875 0.737500 0.468750
v 0.421875 0.737500 0.531250
v 0.435287 0.738821 0.468750
v 0.435287 0.738821 0.531250
v 0.448184 0.742733 0.468750
v 0.448184 0.742733 0.531250
v 0.460070 0.749086 0.468750
v 0.460070 0.749086 0.531250
v 0.470489 0.757636 0.468750
v 0.470489 0.757636 0.531250
v 0.479039 0.768055 0.468750
v 0.479039 0.768055 0.531250
v 0.485392 0.779941 0.468750
v 0.485392 0.779941 0.531250
v 0.489304 0.792838 0.468750
v 0.489304 0.792838 0.531250
v 0.490625 0.806250 0.468750
v 0.490625 0.806250 0.531250
v 0.489304 0.819662 0.468750
v 0.489304 0.819662 0.531250
v 0.485392 0.832559 0.468750
v 0.485392 0.832559 0.531250
v 0.479039 0.844445 0.468750
v 0.479039 0.844445 0.531250
v 0.470489 0.854864 0.468750
v 0.470489 0.854864 0.531250
v 0.460070 0.863414 0.468750
v 0.460070 0.863414 0.531250
v 0.448184 0.869767 0.468750
v 0.448184 0.869767 0.531250
v 0.435287 0.873679 0.468750
v 0.435287 0.873679 0.531250
v 0.421875 0.856250 0.531250
v 0.412120 0.855289 0.531250
v 0.412120 0.855289 0.546875
v 0.421875 0.856250 0.546875
v 0.402741 0.852444 0.531250
v 0.402741 0.852444 0.546875
v 0.394096 0.847823 0.531250
v 0.394096 0.847823 0.546875
v 0.386520 0.841605 0.531250
v 0.386520 0.841605 0.546875
v 0.380302 0.834029 0.531250
v 0.380302 0.834029 0.546875
v 0.375681 0.825384 0.531250
v 0.375681 0.825384 0.546875
v 0.372836 0.816005 0.531250
v 0.372836 0.816005 0.546875
v 0.371875 0.806250 0.531250
v 0.371875 0.806250 0.546875
v 0.372836 0.796495 0.531250
v 0.372836 0.796495 0.546875
v 0.375681 0.787116 0.531250
v 0.375681 0.787116 0.546875
v 0.380302 0.778471 0.531250
v 0.380302 0.778471 0.546875
v 0.386520 0.770895 0.531250
v 0.386520 0.770895 0.546875
v 0.394096 0.764677 0.531250
v 0.394096 0.764677 0.546875
v 0.402741 0.760056 0.531250
v 0.402741 0.760056 0.546875
v 0.412120 0.757211 0.531250
v 0.412120 0.757211 0.546875
v 0.421875 0.756250 0.531250
v 0.421875 0.756250 0.546875
v 0.431630 0.757211 0.531250
v 0.431630 0.757211 0.546875
v 0.441009 0.760056 0.531250
v 0.441009 0.760056 0.546875
v 0.449654 0.764677 0.531250
v 0.449654 0.764677 0.546875
v 0.457230 0.770895 0.531250
v 0.457230 0.770895 0.546875
v 0.463448 0.778471 0.531250
v 0.463448 0.778471 0.546875
v 0.468069 0.787116 0.531250
v 0.468069 0.787116 0.546875
v 0.470914 0.796495 0.531250
v 0.470914 0.796495 0.546875
v 0.471875 0.806250 0.531250
v 0.471875 0.806250 0.546875
v 0.470914 0.816005 0.531250
v 0.470914 0.816005 0.546875
v 0.468069 0.825384 0.531250
v 0.468069 0.825384 0.546875
v 0.463448 0.834029 0.531250
v 0.463448 0.834029 0.546875
v 0.457230 0.841605 0.531250
v 0.457230 0.841605 0.546875
v 0.449654 0.847823 0.531250
v 0.449654 0.847823 0.546875
v 0.441009 0.852444 0.531250
v 0.441009 0.852444 0.546875
v 0.431630 0.855289 0.531250
v 0.431630 0.855289 0.546875
v 0.421875 0.865625 0.546875
v 0.410292 0.864484 0.546875
v 0.410292 0.864484 0.587500
v 0.421875 0.865625 0.587500
v 0.399153 0.861105 0.546875
v 0.399153 0.861105 0.587500
v 0.388888 0.855619 0.546875
v 0.388888 0.855619 0.587500
v 0.379891 0.848234 0.546875
v 0.379891 0.848234 0.587500
v 0.372506 0.839237 0.546875
v 0.372506 0.839237 0.587500
v 0.367020 0.828972 0.546875
v 0.367020 0.828972 0.587500
v 0.363641 0.817833 0.546875
v 0.363641 0.817833 0.587500
v 0.362500 0.806250 0.546875
v 0.362500 0.806250 0.587500
v 0.363641 0.794667 0.546875
v 0.363641 0.794667 0.587500
v 0.367020 0.783528 0.546875
v 0.367020 0.783528 0.587500
v 0.372506 0.773263 0.546875
v 0.372506 0.773263 0.587500
v 0.379891 0.764266 0.546875
v 0.379891 0.764266 0.587500
v 0.388888 0.756881 0.546875
v 0.388888 0.756881 0.587500
v 0.399153 0.751395 0.546875
v 0.399153 0.751395 0.587500
v 0.410292 0.748016 0.546875
v 0.410292 0.748016 0.587500
v 0.421875 0.746875 0.546875
v 0.421875 0.746875 0.587500
v 0.433458 0.748016 0.546875
v 0.433458 0.748016 0.587500
v 0.444597 0.751395 0.546875
v 0.444597 0.751395 0.587500
v 0.454862 0.756881 0.546875
v 0.454862 0.756881 0.587500
v 0.463859 0.764266 0.546875
v 0.463859 0.764266 0.587500
v 0.471244 0.773263 0.546875
v 0.471244 0.773263 0.587500
v 0.476730 0.783528 0.546875
v 0.476730 0.783528 0.587500
v 0.480109 0.794667 0.546875
v 0.480109 0.794667 0.587500
v 0.481250 0.806250 0.546875
v 0.481250 0.806250 0.587500
v 0.480109 0.817833 0.546875
v 0.480109 0.817833 0.587500
v 0.476730 0.828972 0.546875
v 0.476730 0.828972 0.587500
v 0.471244 0.839237 0.546875
v 0.471244 0.839237 0.587500
v 0.463859 0.848234 0.546875
v 0.463859 0.848234 0.587500
v 0.454862 0.855619 0.546875
v 0.454862 0.855619 0.587500
v 0.444597 0.861105 0.546875
v 0.444597 0.861105 0.587500
v 0.433458 0.864484 0.546875
v 0.433458 0.864484 0.587500
v 0.421875 0.858750 0.587500
v 0.411633 0.857741 0.587500
v 0.413579 0.847958 0.612500
v 0.421875 0.848775 0.612500
v 0.401784 0.854754 0.587500
v 0.405601 0.845538 0.612500
v 0.392708 0.849902 0.587500
v 0.398249 0.841608 0.612500
v 0.384752 0.843373 0.587500
v 0.391805 0.836320 0.612500
v 0.378223 0.835417 0.587500
v 0.386517 0.829876 0.612500
v 0.373371 0.826341 0.587500
v 0.382587 0.822524 0.612500
v 0.370384 0.816492 0.587500
v 0.380167 0.814546 0.612500
v 0.369375 0.806250 0.587500
v 0.379350 0.806250 0.612500
v 0.370384 0.796008 0.587500
v 0.380167 0.797954 0.612500
v 0.373371 0.786159 0.587500
v 0.382587 0.789976 0.612500
v 0.378223 0.777083 0.587500
v 0.386517 0.782624 0.612500
v 0.384752 0.769127 0.587500
v 0.391805 0.776180 0.612500
v 0.392708 0.762598 0.587500
v 0.398249 0.770892 0.612500
v 0.401784 0.757746 0.587500
v 0.405601 0.766962 0.612500
v 0.411633 0.754759 0.587500
v 0.413579 0.764542 0.612500
v 0.421875 0.753750 0.587500
v 0.421875 0.763725 0.612500
v 0.432117 0.754759 0.587500
v 0.430171 0.764542 0.612500
v 0.441966 0.757746 0.587500
v 0.438149 0.766962 0.612500
v 0.451042 0.762598 0.587500
v 0.445501 0.770892 0.612500
v 0.458998 0.769127 0.587500
v 0.451945 0.776180 0.612500
v 0.465527 0.777083 0.587500
v 0.457233 0.782624 0.612500
v 0.470379 0.786159 0.587500
v 0.461163 0.789976 0.612500
v 0.473366 0.796008 0.587500
v 0.463583 0.797954 0.612500
v 0.474375 0.806250 0.587500
v 0.464400 0.806250 0.612500
v 0.473366 0.816492 0.587500
v 0.463583 0.814546 0.612500
v 0.470379 0.826341 0.587500
v 0.461163 0.822524 0.612500
v 0.465527 0.835417 0.587500
v 0.457233 0.829876 0.612500
v 0.458998 0.843373 0.587500
v 0.451945 0.836320 0.612500
v 0.451042 0.849902 0.587500
v 0.445501 0.841608 0.612500
v 0.441966 0.854754 0.587500
v 0.438149 0.845538 0.612500
v 0.432117 0.857741 0.587500
v 0.430171 0.847958 0.612500
v 0.434375 0.818750 0.337500
v 0.426449 0.817969 0.337500
v 0.427461 0.816896 0.341279
v 0.435362 0.817655 0.341935
v 0.418828 0.815658 0.337500
v 0.419826 0.814646 0.341006
v 0.411805 0.811903 0.337500
v 0.412751 0.810993 0.341127
v 0.405649 0.806851 0.337500
v 0.406506 0.806077 0.341638
v 0.400597 0.800695 0.337500
v 0.401333 0.800087 0.342517
v 0.396842 0.793672 0.337500
v 0.397429 0.793253 0.343732
v 0.394531 0.786051 0.337500
v 0.394945 0.785837 0.345236
v 0.393750 0.778125 0.337500
v 0.393976 0.778125 0.346971
v 0.394531 0.770199 0.337500
v 0.394560 0.770413 0.348871
v 0.396842 0.762578 0.337500
v 0.396674 0.762997 0.350862
v 0.400597 0.755555 0.337500
v 0.400236 0.756163 0.352868
v 0.405649 0.749399 0.337500
v 0.405111 0.750173 0.354812
v 0.411805 0.744347 0.337500
v 0.411110 0.745257 0.356618
v 0.418828 0.740592 0.337500
v 0.418003 0.741604 0.358219
v 0.426449 0.738281 0.337500
v 0.425526 0.739354 0.359552
v 0.434375 0.737500 0.337500
v 0.433388 0.738595 0.360565
v 0.442301 0.738281 0.337500
v 0.441289 0.739354 0.361221
v 0.449922 0.740592 0.337500
v 0.448924 0.741604 0.361494
v 0.456945 0.744347 0.337500
v 0.455999 0.745257 0.361373
v 0.463101 0.749399 0.337500
v 0.462244 0.750173 0.360862
v 0.468153 0.755555 0.337500
v 0.467417 0.756163 0.359983
v 0.471908 0.762578 0.337500
v 0.471321 0.762997 0.358768
v 0.474219 0.770199 0.337500
v 0.473805 0.770413 0.357264
v 0.475000 0.778125 0.337500
v 0.474774 0.778125 0.355529
v 0.474219 0.786051 0.337500
v 0.474190 0.785837 0.353629
v 0.471908 0.793672 0.337500
v 0.472076 0.793253 0.351638
v 0.468153 0.800695 0.337500
v 0.468514 0.800087 0.349632
v 0.463101 0.806851 0.337500
v 0.463639 0.806077 0.347688
v 0.456945 0.811903 0.337500
v 0.457640 0.810993 0.345882
v 0.449922 0.815658 0.337500
v 0.450747 0.814646 0.344281
v 0.442301 0.817969 0.337500
v 0.443224 0.816896 0.342948
v 0.416983 0.841696 0.387013
v 0.424787 0.842592 0.388328
v 0.409368 0.839437 0.386437
v 0.402234 0.835904 0.386622
v 0.395854 0.831231 0.387562
v 0.390474 0.825598 0.389220
v 0.386301 0.819221 0.391532
v 0.383495 0.812346 0.394410
v 0.382164 0.805236 0.397743
v 0.382359 0.798166 0.401403
v 0.384072 0.791406 0.405249
v 0.387239 0.785217 0.409134
v 0.391736 0.779836 0.412907
v 0.397392 0.775470 0.416425
v 0.403988 0.772287 0.419552
v 0.411272 0.770409 0.422168
v 0.418963 0.769908 0.424172
v 0.426767 0.770804 0.425487
v 0.434382 0.773063 0.426063
v 0.441516 0.776596 0.425878
v 0.447896 0.781269 0.424938
v 0.453276 0.786902 0.423280
v 0.457449 0.793279 0.420968
v 0.460255 0.800154 0.418090
v 0.461586 0.807264 0.414757
v 0.461391 0.814334 0.411097
v 0.459678 0.821094 0.407251
v 0.456511 0.827283 0.403366
v 0.452014 0.832664 0.399593
v 0.446358 0.837030 0.396075
v 0.439762 0.840213 0.392948
v 0.432478 0.842091 0.390332
v 0.425893 0.842606 0.611428
v 0.418087 0.841907 0.612845
v 0.429617 0.817255 0.658578
v 0.437538 0.817598 0.657821
v 0.410427 0.839838 0.613528
v 0.421880 0.815408 0.658958
v 0.403207 0.836479 0.613451
v 0.414622 0.812129 0.658945
v 0.396704 0.831957 0.612616
v 0.408124 0.807543 0.658540
v 0.391169 0.826448 0.611057
v 0.402634 0.801826 0.657760
v 0.386813 0.820163 0.608833
v 0.398365 0.795199 0.656632
v 0.383805 0.813343 0.606029
v 0.395479 0.787915 0.655202
v 0.382260 0.806250 0.602753
v 0.394088 0.780256 0.653524
v 0.382238 0.799157 0.599132
v 0.394245 0.772514 0.651663
v 0.383738 0.792337 0.595303
v 0.395944 0.764988 0.649690
v 0.386704 0.786052 0.591415
v 0.399120 0.757967 0.647680
v 0.391022 0.780543 0.587616
v 0.403651 0.751720 0.645712
v 0.396526 0.776021 0.584053
v 0.409363 0.746488 0.643860
v 0.403003 0.772662 0.580863
v 0.416036 0.742472 0.642196
v 0.410206 0.770593 0.578168
v 0.423414 0.739826 0.640785
v 0.417857 0.769894 0.576072
v 0.431212 0.738652 0.639679
v 0.425663 0.770593 0.574655
v 0.439133 0.738995 0.638922
v 0.433323 0.772662 0.573972
v 0.446870 0.740842 0.638542
v 0.440543 0.776021 0.574049
v 0.454128 0.744121 0.638555
v 0.447046 0.780543 0.574884
v 0.460626 0.748707 0.638960
v 0.452581 0.786052 0.576443
v 0.466116 0.754424 0.639740
v 0.456937 0.792337 0.578667
v 0.470385 0.761051 0.640868
v 0.459945 0.799157 0.581471
v 0.473271 0.768335 0.642298
v 0.461490 0.806250 0.584747
v 0.474662 0.775994 0.643976
v 0.461512 0.813343 0.588368
v 0.474505 0.783736 0.645837
v 0.460012 0.820163 0.592197
v 0.472806 0.791262 0.647810
v 0.457046 0.826448 0.596085
v 0.469630 0.798283 0.649820
v 0.452728 0.831957 0.599884
v 0.465099 0.804530 0.651788
v 0.447224 0.836479 0.603447
v 0.459387 0.809762 0.653640
v 0.440747 0.839838 0.606637
v 0.452714 0.813778 0.655304
v 0.433544 0.841907 0.609332
v 0.445336 0.816424 0.656715
v 0.429657 0.818475 0.662500
v 0.437619 0.818620 0.662500
v 0.421876 0.816779 0.662500
v 0.414575 0.813598 0.662500
v 0.408035 0.809054 0.662500
v 0.402507 0.803321 0.662500
v 0.398204 0.796619 0.662500
v 0.395291 0.789207 0.662500
v 0.393880 0.781369 0.662500
v 0.394025 0.773407 0.662500
v 0.395721 0.765626 0.662500
v 0.398902 0.758325 0.662500
v 0.403446 0.751785 0.662500
v 0.409179 0.746257 0.662500
v 0.415881 0.741954 0.662500
v 0.423293 0.739041 0.662500
v 0.431131 0.737630 0.662500
v 0.439093 0.737775 0.662500
v 0.446874 0.739471 0.662500
v 0.454175 0.742652 0.662500
v 0.460715 0.747196 0.662500
v 0.466243 0.752929 0.662500
v 0.470546 0.759631 0.662500
v 0.473459 0.767043 0.662500
v 0.474870 0.774881 0.662500
v 0.474725 0.782843 0.662500
v 0.473029 0.790624 0.662500
v 0.469848 0.797925 0.662500
v 0.465304 0.804465 0.662500
v 0.459571 0.809993 0.662500
v 0.452869 0.814296 0.662500
v 0.445457 0.817209 0.662500
v 0.578125 0.848750 0.387500
v 0.569834 0.847933 0.387500
v 0.567885 0.857729 0.412500
v 0.578125 0.858738 0.412500
v 0.561861 0.845515 0.387500
v 0.558039 0.854742 0.412500
v 0.554513 0.841587 0.387500
v 0.548965 0.849892 0.412500
v 0.548073 0.836302 0.387500
v 0.541011 0.843364 0.412500
v 0.542788 0.829862 0.387500
v 0.534483 0.835410 0.412500
v 0.538860 0.822514 0.387500
v 0.529633 0.826336 0.412500
v 0.536442 0.814541 0.387500
v 0.526646 0.816490 0.412500
v 0.535625 0.806250 0.387500
v 0.525637 0.806250 0.412500
v 0.536442 0.797959 0.387500
v 0.526646 0.796010 0.412500
v 0.538860 0.789986 0.387500
v 0.529633 0.786164 0.412500
v 0.542788 0.782638 0.387500
v 0.534483 0.777090 0.412500
v 0.548073 0.776198 0.387500
v 0.541011 0.769136 0.412500
v 0.554513 0.770913 0.387500
v 0.548965 0.762608 0.412500
v 0.561861 0.766985 0.387500
v 0.558039 0.757758 0.412500
v 0.569834 0.764567 0.387500
v 0.567885 0.754771 0.412500
v 0.578125 0.763750 0.387500
v 0.578125 0.753763 0.412500
v 0.586416 0.764567 0.387500
v 0.588365 0.754771 0.412500
v 0.594389 0.766985 0.387500
v 0.598211 0.757758 0.412500
v 0.601737 0.770913 0.387500
v 0.607285 0.762608 0.412500
v 0.608177 0.776198 0.387500
v 0.615239 0.769136 0.412500
v 0.613462 0.782638 0.387500
v 0.621767 0.777090 0.412500
v 0.617390 0.789986 0.387500
v 0.626617 0.786164 0.412500
v 0.619808 0.797959 0.387500
v 0.629604 0.796010 0.412500
v 0.620625 0.806250 0.387500
v 0.630613 0.806250 0.412500
v 0.619808 0.814541 0.387500
v 0.629604 0.816490 0.412500
v 0.617390 0.822514 0.387500
v 0.626617 0.826336 0.412500
v 0.613462 0.829862 0.387500
v 0.621767 0.835410 0.412500
v 0.608177 0.836302 0.387500
v 0.615239 0.843364 0.412500
v 0.601737 0.841587 0.387500
v 0.607285 0.849892 0.412500
v 0.594389 0.845515 0.387500
v 0.598211 0.854742 0.412500
v 0.586416 0.847933 0.387500
v 0.588365 0.857729 0.412500
v 0.578125 0.865625 0.412500
v 0.566542 0.864484 0.412500
v 0.566542 0.864484 0.453125
v 0.578125 0.865625 0.453125
v 0.555403 0.861105 0.412500
v 0.555403 0.861105 0.453125
v 0.545138 0.855619 0.412500
v 0.545138 0.855619 0.453125
v 0.536141 0.848234 0.412500
v 0.536141 0.848234 0.453125
v 0.528756 0.839237 0.412500
v 0.528756 0.839237 0.453125
v 0.523270 0.828972 0.412500
v 0.523270 0.828972 0.453125
v 0.519891 0.817833 0.412500
v 0.519891 0.817833 0.453125
v 0.518750 0.806250 0.412500
v 0.518750 0.806250 0.453125
v 0.519891 0.794667 0.412500
v 0.519891 0.794667 0.453125
v 0.523270 0.783528 0.412500
v 0.523270 0.783528 0.453125
v 0.528756 0.773263 0.412500
v 0.528756 0.773263 0.453125
v 0.536141 0.764266 0.412500
v 0.536141 0.764266 0.453125
v 0.545138 0.756881 0.412500
v 0.545138 0.756881 0.453125
v 0.555403 0.751395 0.412500
v 0.555403 0.751395 0.453125
v 0.566542 0.748016 0.412500
v 0.566542 0.748016 0.453125
v 0.578125 0.746875 0.412500
v 0.578125 0.746875 0.453125
v 0.589708 0.748016 0.412500
v 0.589708 0.748016 0.453125
v 0.600847 0.751395 0.412500
v 0.600847 0.751395 0.453125
v 0.611112 0.756881 0.412500
v 0.611112 0.756881 0.453125
v 0.620109 0.764266 0.412500
v 0.620109 0.764266 0.453125
v 0.627494 0.773263 0.412500
v 0.627494 0.773263 0.453125
v 0.632980 0.783528 0.412500
v 0.632980 0.783528 0.453125
v 0.636359 0.794667 0.412500
v 0.636359 0.794667 0.453125
v 0.637500 0.806250 0.412500
v 0.637500 0.806250 0.453125
v 0.636359 0.817833 0.412500
v 0.636359 0.817833 0.453125
v 0.632980 0.828972 0.412500
v 0.632980 0.828972 0.453125
v 0.627494 0.839237 0.412500
v 0.627494 0.839237 0.453125
v 0.620109 0.848234 0.412500
v 0.620109 0.848234 0.453125
v 0.611112 0.855619 0.412500
v 0.611112 0.855619 0.453125
v 0.600847 0.861105 0.412500
v 0.600847 0.861105 0.453125
v 0.589708 0.864484 0.412500
v 0.589708 0.864484 0.453125
v 0.578125 0.856250 0.453125
v 0.568370 0.855289 0.453125
v 0.568370 0.855289 0.468750
v 0.578125 0.856250 0.468750
v 0.558991 0.852444 0.453125
v 0.558991 0.852444 0.468750
v 0.550346 0.847823 0.453125
v 0.550346 0.847823 0.468750
v 0.542770 0.841605 0.453125
v 0.542770 0.841605 0.468750
v 0.536552 0.834029 0.453125
v 0.536552 0.834029 0.468750
v 0.531931 0.825384 0.453125
v 0.531931 0.825384 0.468750
v 0.529086 0.816005 0.453125
v 0.529086 0.816005 0.468750
v 0.528125 0.806250 0.453125
v 0.528125 0.806250 0.468750
v 0.529086 0.796495 0.453125
v 0.529086 0.796495 0.468750
v 0.531931 0.787116 0.453125
v 0.531931 0.787116 0.468750
v 0.536552 0.778471 0.453125
v 0.536552 0.778471 0.468750
v 0.542770 0.770895 0.453125
v 0.542770 0.770895 0.468750
v 0.550346 0.764677 0.453125
v 0.550346 0.764677 0.468750
v 0.558991 0.760056 0.453125
v 0.558991 0.760056 0.468750
v 0.568370 0.757211 0.453125
v 0.568370 0.757211 0.468750
v 0.578125 0.756250 0.453125
v 0.578125 0.756250 0.468750
v 0.587880 0.757211 0.453125
v 0.587880 0.757211 0.468750
v 0.597259 0.760056 0.453125
v 0.597259 0.760056 0.468750
v 0.605904 0.764677 0.453125
v 0.605904 0.764677 0.468750
v 0.613480 0.770895 0.453125
v 0.613480 0.770895 0.468750
v 0.619698 0.778471 0.453125
v 0.619698 0.778471 0.468750
v 0.624319 0.787116 0.453125
v 0.624319 0.787116 0.468750
v 0.627164 0.796495 0.453125
v 0.627164 0.796495 0.468750
v 0.628125 0.806250 0.453125
v 0.628125 0.806250 0.468750
v 0.627164 0.816005 0.453125
v 0.627164 0.816005 0.468750
v 0.624319 0.825384 0.453125
v 0.624319 0.825384 0.468750
v 0.619698 0.834029 0.453125
v 0.619698 0.834029 0.468750
v 0.613480 0.841605 0.453125
v 0.613480 0.841605 0.468750
v 0.605904 0.847823 0.453125
v 0.605904 0.847823 0.468750
v 0.597259 0.852444 0.453125
v 0.597259 0.852444 0.468750
v 0.587880 0.855289 0.453125
v 0.587880 0.855289 0.468750
v 0.578125 0.875000 0.468750
v 0.564713 0.873679 0.468750
v 0.564713 0.873679 0.531250
v 0.578125 0.875000 0.531250
v 0.551816 0.869767 0.468750
v 0.551816 0.869767 0.531250
v 0.539930 0.863414 0.468750
v 0.539930 0.863414 0.531250
v 0.529511 0.854864 0.468750
v 0.529511 0.854864 0.531250
v 0.520961 0.844445 0.468750
v 0.520961 0.844445 0.531250
v 0.514608 0.832559 0.468750
v 0.514608 0.832559 0.531250
v 0.510696 0.819662 0.468750
v 0.510696 0.819662 0.531250
v 0.509375 0.806250 0.468750
v 0.509375 0.806250 0.531250
v 0.510696 0.792838 0.468750
v 0.510696 0.792838 0.531250
v 0.514608 0.779941 0.468750
v 0.514608 0.779941 0.531250
v 0.520961 0.768055 0.468750
v 0.520961 0.768055 0.531250
v 0.529511 0.757636 0.468750
v 0.529511 0.757636 0.531250
v 0.539930 0.749086 0.468750
v 0.539930 0.749086 0.531250
v 0.551816 0.742733 0.468750
v 0.551816 0.742733 0.531250
v 0.564713 0.738821 0.468750
v 0.564713 0.738821 0.531250
v 0.578125 0.737500 0.468750
v 0.578125 0.737500 0.531250
v 0.591537 0.738821 0.468750
v 0.591537 0.738821 0.531250
v 0.604434 0.742733 0.468750
v 0.604434 0.742733 0.531250
v 0.616320 0.749086 0.468750
v 0.616320 0.749086 0.531250
v 0.626739 0.757636 0.468750
v 0.626739 0.757636 0.531250
v 0.635289 0.768055 0.468750
v 0.635289 0.768055 0.531250
v 0.641642 0.779941 0.468750
v 0.641642 0.779941 0.531250
v 0.645554 0.792838 0.468750
v 0.645554 0.792838 0.531250
v 0.646875 0.806250 0.468750
v 0.646875 0.806250 0.531250
v 0.645554 0.819662 0.468750
v 0.645554 0.819662 0.531250
v 0.641642 0.832559 0.468750
v 0.641642 0.832559 0.531250
v 0.635289 0.844445 0.468750
v 0.635289 0.844445 0.531250
v 0.626739 0.854864 0.468750
v 0.626739 0.854864 0.531250
v 0.616320 0.863414 0.468750
v 0.616320 0.863414 0.531250
v 0.604434 0.869767 0.468750
v 0.604434 0.869767 0.531250
v 0.591537 0.873679 0.468750
v 0.591537 0.873679 0.531250
v 0.578125 0.856250 0.531250
v 0.568370 0.855289 0.531250
v 0.568370 0.855289 0.546875
v 0.578125 0.856250 0.546875
v 0.558991 0.852444 0.531250
v 0.558991 0.852444 0.546875
v 0.550346 0.847823 0.531250
v 0.550346 0.847823 0.546875
v 0.542770 0.841605 0.531250
v 0.542770 0.841605 0.546875
v 0.536552 0.834029 0.531250
v 0.536552 0.834029 0.546875
v 0.531931 0.825384 0.531250
v 0.531931 0.825384 0.546875
v 0.529086 0.816005 0.531250
v 0.529086 0.816005 0.546875
v 0.528125 0.806250 0.531250
v 0.528125 0.806250 0.546875
v 0.529086 0.796495 0.531250
v 0.529086 0.796495 0.546875
v 0.531931 0.787116 0.531250
v 0.531931 0.787116 0.546875
v 0.536552 0.778471 0.531250
v 0.536552 0.778471 0.546875
v 0.542770 0.770895 0.531250
v 0.542770 0.770895 0.546875
v 0.550346 0.764677 0.531250
v 0.550346 0.764677 0.546875
v 0.558991 0.760056 0.531250
v 0.558991 0.760056 0.546875
v 0.568370 0.757211 0.531250
v 0.568370 0.757211 0.546875
v 0.578125 0.756250 0.531250
v 0.578125 0.756250 0.546875
v 0.587880 0.757211 0.531250
v 0.587880 0.757211 0.546875
v 0.597259 0.760056 0.531250
v 0.597259 0.760056 0.546875
v 0.605904 0.764677 0.531250
v 0.605904 0.764677 0.546875
v 0.613480 0.770895 0.531250
v 0.613480 0.770895 0.546875
v 0.619698 0.778471 0.531250
v 0.619698 0.778471 0.546875
v 0.624319 0.787116 0.531250
v 0.624319 0.787116 0.546875
v 0.627164 0.796495 0.531250
v 0.627164 0.796495 0.546875
v 0.628125 0.806250 0.531250
v 0.628125 0.806250 0.546875
v 0.627164 0.816005 0.531250
v 0.627164 0.816005 0.546875
v 0.624319 0.825384 0.531250
v 0.624319 0.825384 0.546875
v 0.619698 0.834029 0.531250
v 0.619698 0.834029 0.546875
v 0.613480 0.841605 0.531250
v 0.613480 0.841605 0.546875
v 0.605904 0.847823 0.531250
v 0.605904 0.847823 0.546875
v 0.597259 0.852444 0.531250
v 0.597259 0.852444 0.546875
v 0.587880 0.855289 0.531250
v 0.587880 0.855289 0.546875
v 0.578125 0.865625 0.546875
v 0.566542 0.864484 0.546875
v 0.566542 0.864484 0.587500
v 0.578125 0.865625 0.587500
v 0.555403 0.861105 0.546875
v 0.555403 0.861105 0.587500
v 0.545138 0.855619 0.546875
v 0.545138 0.855619 0.587500
v 0.536141 0.848234 0.546875
v 0.536141 0.848234 0.587500
v 0.528756 0.839237 0.546875
v 0.528756 0.839237 0.587500
v 0.523270 0.828972 0.546875
v 0.523270 0.828972 0.587500
v 0.519891 0.817833 0.546875
v 0.519891 0.817833 0.587500
v 0.518750 0.806250 0.546875
v 0.518750 0.806250 0.587500
v 0.519891 0.794667 0.546875
v 0.519891 0.794667 0.587500
v 0.523270 0.783528 0.546875
v 0.523270 0.783528 0.587500
v 0.528756 0.773263 0.546875
v 0.528756 0.773263 0.587500
v 0.536141 0.764266 0.546875
v 0.536141 0.764266 0.587500
v 0.545138 0.756881 0.546875
v 0.545138 0.756881 0.587500
v 0.555403 0.751395 0.546875
v 0.555403 0.751395 0.587500
v 0.566542 0.748016 0.546875
v 0.566542 0.748016 0.587500
v 0.578125 0.746875 0.546875
v 0.578125 0.746875 0.587500
v 0.589708 0.748016 0.546875
v 0.589708 0.748016 0.587500
v 0.600847 0.751395 0.546875
v 0.600847 0.751395 0.587500
v 0.611112 0.756881 0.546875
v 0.611112 0.756881 0.587500
v 0.620109 0.764266 0.546875
v 0.620109 0.764266 0.587500
v 0.627494 0.773263 0.546875
v 0.627494 0.773263 0.587500
v 0.632980 0.783528 0.546875
v 0.632980 0.783528 0.587500
v 0.636359 0.794667 0.546875
v 0.636359 0.794667 0.587500
v 0.637500 0.806250 0.546875
v 0.637500 0.806250 0.587500
v 0.636359 0.817833 0.546875
v 0.636359 0.817833 0.587500
v 0.632980 0.828972 0.546875
v 0.632980 0.828972 0.587500
v 0.627494 0.839237 0.546875
v 0.627494 0.839237 0.587500
v 0.620109 0.848234 0.546875
v 0.620109 0.848234 0.587500
v 0.611112 0.855619 0.546875
v 0.611112 0.855619 0.587500
v 0.600847 0.861105 0.546875
v 0.600847 0.861105 0.587500
v 0.589708 0.864484 0.546875
v 0.589708 0.864484 0.587500
v 0.578125 0.858750 0.587500
v 0.567883 0.857741 0.587500
v 0.569829 0.847958 0.612500
v 0.578125 0.848775 0.612500
v 0.558034 0.854754 0.587500
v 0.561851 0.845538 0.612500
v 0.548958 0.849902 0.587500
v 0.554499 0.841608 0.612500
v 0.541002 0.843373 0.587500
v 0.548055 0.836320 0.612500
v 0.534473 0.835417 0.587500
v 0.542767 0.829876 0.612500
v 0.529621 0.826341 0.587500
v 0.538837 0.822524 0.612500
v 0.526634 0.816492 0.587500
v 0.536417 0.814546 0.612500
v 0.525625 0.806250 0.587500
v 0.535600 0.806250 0.612500
v 0.526634 0.796008 0.587500
v 0.536417 0.797954 0.612500
v 0.529621 0.786159 0.587500
v 0.538837 0.789976 0.612500
v 0.534473 0.777083 0.587500
v 0.542767 0.782624 0.612500
v 0.541002 0.769127 0.587500
v 0.548055 0.776180 0.612500
v 0.548958 0.762598 0.587500
v 0.554499 0.770892 0.612500
v 0.558034 0.757746 0.587500
v 0.561851 0.766962 0.612500
v 0.567883 0.754759 0.587500
v 0.569829 0.764542 0.612500
v 0.578125 0.753750 0.587500
v 0.578125 0.763725 0.612500
v 0.588367 0.754759 0.587500
v 0.586421 0.764542 0.612500
v 0.598216 0.757746 0.587500
v 0.594399 0.766962 0.612500
v 0.607292 0.762598 0.587500
v 0.601751 0.770892 0.612500
v 0.615248 0.769127 0.587500
v 0.608195 0.776180 0.612500
v 0.621777 0.777083 0.587500
v 0.613483 0.782624 0.612500
v 0.626629 0.786159 0.587500
v 0.617413 0.789976 0.612500
v 0.629616 0.796008 0.587500
v 0.619833 0.797954 0.612500
v 0.630625 0.806250 0.587500
v 0.620650 0.806250 0.612500
v 0.629616 0.816492 0.587500
v 0.619833 0.814546 0.612500
v 0.626629 0.826341 0.587500
v 0.617413 0.822524 0.612500
v 0.621777 0.835417 0.587500
v 0.613483 0.829876 0.612500
v 0.615248 0.843373 0.587500
v 0.608195 0.836320 0.612500
v 0.607292 0.849902 0.587500
v 0.601751 0.841608 0.612500
v 0.598216 0.854754 0.587500
v 0.594399 0.845538 0.612500
v 0.588367 0.857741 0.587500
v 0.586421 0.847958 0.612500
v 0.565625 0.818750 0.337500
v 0.557699 0.817969 0.337500
v 0.556776 0.816896 0.342948
v 0.564638 0.817655 0.341935
v 0.550078 0.815658 0.337500
v 0.549253 0.814646 0.344281
v 0.543055 0.811903 0.337500
v 0.542360 0.810993 0.345882
v 0.536899 0.806851 0.337500
v 0.536361 0.806077 0.347688
v 0.531847 0.800695 0.337500
v 0.531486 0.800087 0.349632
v 0.528092 0.793672 0.337500
v 0.527924 0.793253 0.351638
v 0.525781 0.786051 0.337500
v 0.525810 0.785837 0.353629
v 0.525000 0.778125 0.337500
v 0.525226 0.778125 0.355529
v 0.525781 0.770199 0.337500
v 0.526195 0.770413 0.357264
v 0.528092 0.762578 0.337500
v 0.528679 0.762997 0.358768
v 0.531847 0.755555 0.337500
v 0.532583 0.756163 0.359983
v 0.536899 0.749399 0.337500
v 0.537756 0.750173 0.360862
v 0.543055 0.744347 0.337500
v 0.544001 0.745257 0.361373
v 0.550078 0.740592 0.337500
v 0.551076 0.741604 0.361494
v 0.557699 0.738281 0.337500
v 0.558711 0.739354 0.361221
v 0.565625 0.737500 0.337500
v 0.566612 0.738595 0.360565
v 0.573551 0.738281 0.337500
v 0.574474 0.739354 0.359552
v 0.581172 0.740592 0.337500
v 0.581997 0.741604 0.358219
v 0.588195 0.744347 0.337500
v 0.588890 0.745257 0.356618
v 0.594351 0.749399 0.337500
v 0.594889 0.750173 0.354812
v 0.599403 0.755555 0.337500
v 0.599764 0.756163 0.352868
v 0.603158 0.762578 0.337500
v 0.603326 0.762997 0.350862
v 0.605469 0.770199 0.337500
v 0.605440 0.770413 0.348871
v 0.606250 0.778125 0.337500
v 0.606024 0.778125 0.346971
v 0.605469 0.786051 0.337500
v 0.605055 0.785837 0.345236
v 0.603158 0.793672 0.337500
v 0.602571 0.793253 0.343732
v 0.599403 0.800695 0.337500
v 0.598667 0.800087 0.342517
v 0.594351 0.806851 0.337500
v 0.593494 0.806077 0.341638
v 0.588195 0.811903 0.337500
v 0.587249 0.810993 0.341127
v 0.581172 0.815658 0.337500
v 0.580174 0.814646 0.341006
v 0.573551 0.817969 0.337500
v 0.572539 0.816896 0.341279
v 0.567522 0.842091 0.390332
v 0.575213 0.842592 0.388328
v 0.560238 0.840213 0.392948
v 0.553642 0.837030 0.396075
v 0.547986 0.832664 0.399593
v 0.543489 0.827283 0.403366
v 0.540322 0.821094 0.407251
v 0.538609 0.814334 0.411097
v 0.538414 0.807264 0.414757
v 0.539745 0.800154 0.418090
v 0.542551 0.793279 0.420968
v 0.546724 0.786902 0.423280
v 0.552104 0.781269 0.424938
v 0.558484 0.776596 0.425878
v 0.565618 0.773063 0.426063
v 0.573233 0.770804 0.425487
v 0.581037 0.769908 0.424172
v 0.588728 0.770409 0.422168
v 0.596012 0.772287 0.419552
v 0.602608 0.775470 0.416425
v 0.608264 0.779836 0.412907
v 0.612761 0.785217 0.409134
v 0.615928 0.791406 0.405249
v 0.617641 0.798166 0.401403
v 0.617836 0.805236 0.397743
v 0.616505 0.812346 0.394410
v 0.613699 0.819221 0.391532
v 0.609526 0.825598 0.389220
v 0.604146 0.831231 0.387562
v 0.597766 0.835904 0.386622
v 0.590632 0.839437 0.386437
v 0.583017 0.841696 0.387013
v 0.574107 0.842606 0.611428
v 0.566456 0.841907 0.609332
v 0.554664 0.816424 0.656715
v 0.562462 0.817598 0.657821
v 0.559253 0.839838 0.606637
v 0.547286 0.813778 0.655304
v 0.552776 0.836479 0.603447
v 0.540613 0.809762 0.653640
v 0.547272 0.831957 0.599884
v 0.534901 0.804530 0.651788
v 0.542954 0.826448 0.596085
v 0.530370 0.798283 0.649820
v 0.539988 0.820163 0.592197
v 0.527194 0.791262 0.647810
v 0.538488 0.813343 0.588368
v 0.525495 0.783736 0.645837
v 0.538510 0.806250 0.584747
v 0.525338 0.775994 0.643976
v 0.540055 0.799157 0.581471
v 0.526729 0.768335 0.642298
v 0.543063 0.792337 0.578667
v 0.529615 0.761051 0.640868
v 0.547419 0.786052 0.576443
v 0.533884 0.754424 0.639740
v 0.552954 0.780543 0.574884
v 0.539374 0.748707 0.638960
v 0.559457 0.776021 0.574049
v 0.545872 0.744121 0.638555
v 0.566677 0.772662 0.573972
v 0.553130 0.740842 0.638542
v 0.574337 0.770593 0.574655
v 0.560867 0.738995 0.638922
v 0.582143 0.769894 0.576072
v 0.568788 0.738652 0.639679
v 0.589794 0.770593 0.578168
v 0.576586 0.739826 0.640785
v 0.596997 0.772662 0.580863
v 0.583964 0.742472 0.642196
v 0.603474 0.776021 0.584053
v 0.590637 0.746488 0.643860
v 0.608978 0.780543 0.587616
v 0.596349 0.751720 0.645712
v 0.613296 0.786052 0.591415
v 0.600880 0.757967 0.647680
v 0.616262 0.792337 0.595303
v 0.604056 0.764988 0.649690
v 0.617762 0.799157 0.599132
v 0.605755 0.772514 0.651663
v 0.617740 0.806250 0.602753
v 0.605912 0.780256 0.653524
v 0.616195 0.813343 0.606029
v 0.604521 0.787915 0.655202
v 0.613187 0.820163 0.608833
v 0.601635 0.795199 0.656632
v 0.608831 0.826448 0.611057
v 0.597366 0.801826 0.657760
v 0.603296 0.831957 0.612616
v 0.591876 0.807543 0.658540
v 0.596793 0.836479 0.613451
v 0.585378 0.812129 0.658945
v 0.589573 0.839838 0.613528
v 0.578120 0.815408 0.658958
v 0.581913 0.841907 0.612845
v 0.570383 0.817255 0.658578
v 0.554543 0.817209 0.662500
v 0.562381 0.818620 0.662500
v 0.547131 0.814296 0.662500
v 0.540429 0.809993 0.662500
v 0.534696 0.804465 0.662500
v 0.530152 0.797925 0.662500
v 0.526971 0.790624 0.662500
v 0.525275 0.782843 0.662500
v 0.525130 0.774881 0.662500
v 0.526541 0.767043 0.662500
v 0.529454 0.759631 0.662500
v 0.533757 0.752929 0.662500
v 0.539285 0.747196 0.662500
v 0.545825 0.742652 0.662500
v 0.553126 0.739471 0.662500
v 0.560907 0.737775 0.662500
v 0.568869 0.737630 0.662500
v 0.576707 0.739041 0.662500
v 0.584119 0.741954 0.662500
v 0.590821 0.746257 0.662500
v 0.596554 0.751785 0.662500
v 0.601098 0.758325 0.662500
v 0.604279 0.765626 0.662500
v 0.605975 0.773407 0.662500
v 0.606120 0.781369 0.662500
v 0.604709 0.789207 0.662500
v 0.601796 0.796619 0.662500
v 0.597493 0.803321 0.662500
v 0.591965 0.809054 0.662500
v 0.585425 0.813598 0.662500
v 0.578124 0.816779 0.662500
v 0.570343 0.818475 0.662500
v 0.000000 0.000000 0.000000
v 1.000000 0.000000 0.000000
v 1.000000 0.000000 1.000000
v 0.000000 0.000000 1.000000
v 0.000000 0.737500 1.000000
v 1.000000 0.737500 1.000000
v 1.000000 0.737500 0.000000
v 0.000000 0.737500 0.000000
v 1.000000 0.737500 0.062500
v 0.000000 0.737500 0.062500
v 0.000000 1.000000 0.062500
v 1.000000 1.000000 0.062500
v 1.000000 1.000000 0.000000
v 0.000000 1.000000 0.000000
v 0.000000 0.737500 0.937500
v 1.000000 0.737500 0.937500
v 0.000000 1.000000 1.000000
v 1.000000 1.000000 1.000000
v 1.000000 1.000000 0.937500
v 0.000000 1.000000 0.937500
v 0.062500 0.737500 0.062500
v 0.062500 0.737500 0.937500
v 0.062500 1.000000 0.937500
v 0.062500 1.000000 0.062500
v 0.937500 0.737500 0.062500
v 0.937500 0.737500 0.937500
v 0.937500 1.000000 0.937500
v 0.937500 1.000000 0.062500
vn -0.1083 0.9941 0.0000
vn -0.3002 0.9539 0.0000
vn -0.4805 0.8770 0.0000
vn -0.6424 0.7664 0.0000
vn -0.7795 0.6264 0.0000
vn -0.8868 0.4622 0.0000
vn -0.9599 0.2804 0.0000
vn -0.9961 0.0877 0.0000
vn -0.9941 -0.1083 0.0000
vn -0.9539 -0.3002 0.0000
vn -0.8770 -0.4805 0.0000
vn -0.7664 -0.6424 0.0000
vn -0.6264 -0.7795 0.0000
vn -0.4622 -0.8868 0.0000
vn -0.2804 -0.9599 0.0000
vn -0.0877 -0.9961 0.0000
vn 0.1083 -0.9941 0.0000
vn 0.3002 -0.9539 0.0000
vn 0.4805 -0.8770 0.0000
vn 0.6424 -0.7664 0.0000
vn 0.7795 -0.6264 0.0000
vn 0.8868 -0.4622 0.0000
vn 0.9599 -0.2804 0.0000
vn 0.9961 -0.0877 0.0000
vn 0.9941 0.1083 0.0000
vn 0.9539 0.3002 0.0000
vn 0.8770 0.4805 0.0000
vn 0.7664 0.6424 0.0000
vn 0.6264 0.7795 0.0000
vn 0.4622 0.8868 0.0000
vn 0.2804 0.9599 0.0000
vn 0.0877 0.9961 0.0000
vn -0.0000 -0.0000 -1.0000
vn -0.0980 0.9952 0.0000
vn -0.2903 0.9569 0.0000
vn -0.4714 0.8819 0.0000
vn -0.6344 0.7730 0.0000
vn -0.7730 0.6344 0.0000
vn -0.8819 0.4714 0.0000
vn -0.9569 0.2903 0.0000
vn -0.9952 0.0980 0.0000
vn -0.9952 -0.0980 0.0000
vn -0.9569 -0.2903 0.0000
vn -0.8819 -0.4714 0.0000
vn -0.7730 -0.6344 0.0000
vn -0.6344 -0.7730 0.0000
vn -0.4714 -0.8819 0.0000
vn -0.2903 -0.9569 0.0000
vn -0.0980 -0.9952 0.0000
vn 0.0980 -0.9952 0.0000
vn 0.2903 -0.9569 0.0000
vn 0.4714 -0.8819 0.0000
vn 0.6344 -0.7730 0.0000
vn 0.7730 -0.6344 0.0000
vn 0.8819 -0.4714 0.0000
vn 0.9569 -0.2903 0.0000
vn 0.9952 -0.0980 0.0000
vn 0.9952 0.0980 0.0000
vn 0.9569 0.2903 0.0000
vn 0.8819 0.4714 0.0000
vn 0.7730 0.6344 0.0000
vn 0.6344 0.7730 0.0000
vn 0.4714 0.8819 0.0000
vn 0.2903 0.9569 0.0000
vn 0.0980 0.9952 0.0000
vn 0.0000 0.0000 1.0000
vn -0.0877 0.9961 0.0000
vn -0.2804 0.9599 0.0000
vn -0.4623 0.8867 0.0000
vn -0.6264 0.7795 0.0000
vn -0.7664 0.6424 0.0000
vn -0.8770 0.4805 0.0000
vn -0.9539 0.3002 0.0000
vn -0.9941 0.1083 0.0000
vn -0.9961 -0.0877 0.0000
vn -0.9599 -0.2804 0.0000
vn -0.8867 -0.4623 0.0000
vn -0.7795 -0.6264 0.0000
vn -0.6424 -0.7664 0.0000
vn -0.4805 -0.8770 0.0000
vn -0.3002 -0.9539 0.0000
vn -0.1083 -0.9941 0.0000
vn 0.0877 -0.9961 0.0000
vn 0.2804 -0.9599 0.0000
vn 0.4623 -0.8867 0.0000
vn 0.6264 -0.7795 0.0000
vn 0.7664 -0.6424 0.0000
vn 0.8770 -0.4805 0.0000
vn 0.9539 -0.3002 0.0000
vn 0.9941 -0.1083 0.0000
vn 0.9961 0.0877 0.0000
vn 0.9599 0.2804 0.0000
vn 0.8867 0.4623 0.0000
vn 0.7795 0.6264 0.0000
vn 0.6424 0.7664 0.0000
vn 0.4805 0.8770 0.0000
vn 0.3002 0.9539 0.0000
vn 0.1083 0.9941 0.0000
vn -0.0975 0.9904 0.0000
vn -0.2889 0.9523 0.0000
vn -0.4691 0.8777 0.0000
vn -0.6313 0.7693 0.0000
vn -0.7693 0.6313 0.0000
vn -0.8777 0.4691 0.0000
vn -0.9523 0.2889 0.0000
vn -0.9904 0.0975 0.0000
vn -0.9904 -0.0975 0.0000
vn -0.9523 -0.2889 0.0000
vn -0.8777 -0.4691 0.0000
vn -0.7693 -0.6313 0.0000
vn -0.6313 -0.7693 0.0000
vn -0.4691 -0.8777 0.0000
vn -0.2889 -0.9523 0.0000
vn -0.0975 -0.9904 0.0000
vn 0.0975 -0.9904 0.0000
vn 0.2889 -0.9523 0.0000
vn 0.4691 -0.8777 0.0000
vn 0.6313 -0.7693 0.0000
vn 0.7693 -0.6313 0.0000
vn 0.8777 -0.4691 0.0000
vn 0.9523 -0.2889 0.0000
vn 0.9904 -0.0975 0.0000
vn 0.9904 0.0975 0.0000
vn 0.9523 0.2889 -0.0000
vn 0.8777 0.4691 -0.0000
vn 0.7693 0.6313 -0.0000
vn 0.6313 0.7693 -0.0000
vn 0.4691 0.8777 -0.0000
vn 0.2889 0.9523 -0.0000
vn 0.0975 0.9904 0.0000
vn -0.0730 0.9637 -0.2374
vn -0.2642 0.9267 -0.2488
vn -0.4452 0.8540 -0.2507
vn -0.6091 0.7486 -0.2429
vn -0.7497 0.6143 -0.2258
vn -0.8614 0.4565 -0.2000
vn -0.9400 0.2811 -0.1665
vn -0.9825 0.0949 -0.1267
vn -0.9873 -0.0949 -0.0819
vn -0.9541 -0.2811 -0.0341
vn -0.8842 -0.4565 0.0151
vn -0.7803 -0.6143 0.0637
vn -0.6465 -0.7486 0.1099
vn -0.4878 -0.8540 0.1518
vn -0.3104 -0.9267 0.1879
vn -0.1211 -0.9637 0.2168
vn 0.0730 -0.9637 0.2374
vn 0.2642 -0.9267 0.2488
vn 0.4452 -0.8540 0.2507
vn 0.6091 -0.7486 0.2429
vn 0.7497 -0.6143 0.2258
vn 0.8614 -0.4565 0.2000
vn 0.9400 -0.2811 0.1665
vn 0.9825 -0.0949 0.1267
vn 0.9873 0.0949 0.0819
vn 0.9541 0.2811 0.0341
vn 0.8842 0.4565 -0.0151
vn 0.7803 0.6143 -0.0637
vn 0.6465 0.7486 -0.1099
vn 0.4878 0.8540 -0.1518
vn 0.3104 0.9267 -0.1879
vn 0.1211 0.9637 -0.2168
vn -0.1983 0.4462 0.8727
vn 0.0028 0.8863 0.4526
vn -0.1875 0.8523 0.4784
vn -0.3707 0.7854 0.4859
vn -0.5396 0.6884 0.4747
vn -0.6877 0.5650 0.4452
vn -0.8095 0.4198 0.3987
vn -0.9001 0.2585 0.3368
vn -0.9561 0.0873 0.2619
vn -0.9754 -0.0873 0.1770
vn -0.9572 -0.2585 0.0853
vn -0.9022 -0.4198 -0.0096
vn -0.8126 -0.5650 -0.1042
vn -0.6917 -0.6884 -0.1948
vn -0.5443 -0.7854 -0.2779
vn -0.3759 -0.8523 -0.3504
vn -0.1931 -0.8863 -0.4093
vn -0.0028 -0.8863 -0.4526
vn 0.1875 -0.8523 -0.4784
vn 0.3707 -0.7854 -0.4859
vn 0.5396 -0.6884 -0.4747
vn 0.6877 -0.5650 -0.4452
vn 0.8095 -0.4198 -0.3987
vn 0.9001 -0.2585 -0.3368
vn 0.9561 -0.0873 -0.2619
vn 0.9754 0.0873 -0.1770
vn 0.9572 0.2585 -0.0853
vn 0.9022 0.4198 0.0096
vn 0.8126 0.5650 0.1042
vn 0.6917 0.6884 0.1948
vn 0.5443 0.7854 0.2779
vn 0.3759 0.8523 0.3504
vn 0.1931 0.8863 0.4093
vn -0.0196 0.9674 0.2326
vn -0.2123 0.9405 0.2466
vn -0.3969 0.8774 0.2511
vn -0.5662 0.7806 0.2460
vn -0.7137 0.6538 0.2314
vn -0.8339 0.5019 0.2079
vn -0.9219 0.3306 0.1764
vn -0.9746 0.1467 0.1382
vn -0.9898 -0.0428 0.0946
vn -0.9669 -0.2307 0.0474
vn -0.9069 -0.4098 -0.0016
vn -0.8120 -0.5731 -0.0506
vn -0.6860 -0.7144 -0.0976
vn -0.5336 -0.8282 -0.1408
vn -0.3606 -0.9102 -0.1787
vn -0.1738 -0.9572 -0.2097
vn 0.0196 -0.9674 -0.2326
vn 0.2123 -0.9405 -0.2466
vn 0.3969 -0.8774 -0.2511
vn 0.5662 -0.7806 -0.2460
vn 0.7137 -0.6538 -0.2314
vn 0.8339 -0.5019 -0.2079
vn 0.9219 -0.3306 -0.1764
vn 0.9746 -0.1467 -0.1382
vn 0.9898 0.0428 -0.0946
vn 0.9669 0.2307 -0.0474
vn 0.9069 0.4098 0.0016
vn 0.8120 0.5731 0.0506
vn 0.6860 0.7144 0.0976
vn 0.5336 0.8282 0.1408
vn 0.3606 0.9102 0.1787
vn 0.1738 0.9572 0.2097
vn -0.1983 0.4462 -0.8727
vn -0.1211 0.9637 -0.2168
vn -0.3104 0.9267 -0.1879
vn -0.4878 0.8540 -0.1518
vn -0.6465 0.7486 -0.1099
vn -0.7803 0.6143 -0.0637
vn -0.8842 0.4565 -0.0151
vn -0.9541 0.2811 0.0341
vn -0.9873 0.0949 0.0819
vn -0.9825 -0.0949 0.1267
vn -0.9400 -0.2811 0.1665
vn -0.8614 -0.4565 0.2000
vn -0.7497 -0.6143 0.2258
vn -0.6091 -0.7486 0.2429
vn -0.4452 -0.8540 0.2507
vn -0.2642 -0.9267 0.2488
vn -0.0730 -0.9637 0.2374
vn 0.1211 -0.9637 0.2168
vn 0.3104 -0.9267 0.1879
vn 0.4878 -0.8540 0.1518
vn 0.6465 -0.7486 0.1099
vn 0.7803 -0.6143 0.0637
vn 0.8842 -0.4565 0.0151
vn 0.9541 -0.2811 -0.0341
vn 0.9873 -0.0949 -0.0819
vn 0.9825 0.0949 -0.1267
vn 0.9400 0.2811 -0.1665
vn 0.8614 0.4565 -0.2000
vn 0.7497 0.6143 -0.2258
vn 0.6091 0.7486 -0.2429
vn 0.4452 0.8540 -0.2507
vn 0.2642 0.9267 -0.2488
vn 0.0730 0.9637 -0.2374
vn 0.1983 0.4462 0.8727
vn -0.1931 0.8863 0.4093
vn -0.3759 0.8523 0.3504
vn -0.5443 0.7854 0.2779
vn -0.6917 0.6884 0.1948
vn -0.8126 0.5650 0.1042
vn -0.9022 0.4198 0.0096
vn -0.9572 0.2585 -0.0853
vn -0.9754 0.0873 -0.1770
vn -0.9561 -0.0873 -0.2619
vn -0.9001 -0.2585 -0.3368
vn -0.8095 -0.4198 -0.3987
vn -0.6877 -0.5650 -0.4452
vn -0.5396 -0.6884 -0.4747
vn -0.3707 -0.7854 -0.4859
vn -0.1875 -0.8523 -0.4784
vn 0.0028 -0.8863 -0.4526
vn 0.1931 -0.8863 -0.4093
vn 0.3759 -0.8523 -0.3504
vn 0.5443 -0.7854 -0.2779
vn 0.6917 -0.6884 -0.1948
vn 0.8126 -0.5650 -0.1042
vn 0.9022 -0.4198 -0.0096
vn 0.9572 -0.2585 0.0853
vn 0.9754 -0.0873 0.1770
vn 0.9561 0.0873 0.2619
vn 0.9001 0.2585 0.3368
vn 0.8095 0.4198 0.3987
vn 0.6877 0.5650 0.4452
vn 0.5396 0.6884 0.4747
vn 0.3707 0.7854 0.4859
vn 0.1875 0.8523 0.4784
vn -0.0028 0.8863 0.4526
vn -0.1738 0.9572 0.2097
vn -0.3606 0.9102 0.1787
vn -0.5336 0.8282 0.1408
vn -0.6860 0.7144 0.0976
vn -0.8120 0.5731 0.0506
vn -0.9069 0.4098 0.0016
vn -0.9669 0.2307 -0.0474
vn -0.9898 0.0428 -0.0946
vn -0.9746 -0.1467 -0.1382
vn -0.9219 -0.3306 -0.1764
vn -0.8339 -0.5019 -0.2079
vn -0.7137 -0.6538 -0.2314
vn -0.5662 -0.7806 -0.2460
vn -0.3969 -0.8774 -0.2511
vn -0.2123 -0.9405 -0.2466
vn -0.0196 -0.9674 -0.2326
vn 0.1738 -0.9572 -0.2097
vn 0.3606 -0.9102 -0.1787
vn 0.5336 -0.8282 -0.1408
vn 0.6860 -0.7144 -0.0976
vn 0.8120 -0.5731 -0.0506
vn 0.9069 -0.4098 -0.0016
vn 0.9669 -0.2307 0.0474
vn 0.9898 -0.0428 0.0946
vn 0.9746 0.1467 0.1382
vn 0.9219 0.3306 0.1764
vn 0.8339 0.5019 0.2079
vn 0.7137 0.6538 0.2314
vn 0.5662 0.7806 0.2460
vn 0.3969 0.8774 0.2511
vn 0.2123 0.9405 0.2466
vn 0.0196 0.9674 0.2326
vn 0.1983 0.4462 -0.8727
vn 0.0000 -1.0000 0.0000
vn 0.0000 1.0000 0.0000
vn -1.0000 0.0000 0.0000
vn 1.0000 0.0000 0.0000
vt 0.000000 0.000000
vt 0.031250 0.000000
vt 0.031250 0.111100
vt 0.000000 0.111100
vt 0.062500 0.000000
vt 0.062500 0.111100
vt 0.093750 0.000000
vt 0.093750 0.111100
vt 0.125000 0.000000
vt 0.125000 0.111100
vt 0.156250 0.000000
vt 0.156250 0.111100
vt 0.187500 0.000000
vt 0.187500 0.111100
vt 0.218750 0.000000
vt 0.218750 0.111100
vt 0.250000 0.000000
vt 0.250000 0.111100
vt 0.281250 0.000000
vt 0.281250 0.111100
vt 0.312500 0.000000
vt 0.312500 0.111100
vt 0.343750 0.000000
vt 0.343750 0.111100
vt 0.375000 0.000000
vt 0.375000 0.111100
vt 0.406250 0.000000
vt 0.406250 0.111100
vt 0.437500 0.000000
vt 0.437500 0.111100
vt 0.468750 0.000000
vt 0.468750 0.111100
vt 0.500000 0.000000
vt 0.500000 0.111100
vt 0.531250 0.000000
vt 0.531250 0.111100
vt 0.562500 0.000000
vt 0.562500 0.111100
vt 0.593750 0.000000
vt 0.593750 0.111100
vt 0.625000 0.000000
vt 0.625000 0.111100
vt 0.656250 0.000000
vt 0.656250 0.111100
vt 0.687500 0.000000
vt 0.687500 0.111100
vt 0.718750 0.000000
vt 0.718750 0.111100
vt 0.750000 0.000000
vt 0.750000 0.111100
vt 0.781250 0.000000
vt 0.781250 0.111100
vt 0.812500 0.000000
vt 0.812500 0.111100
vt 0.843750 0.000000
vt 0.843750 0.111100
vt 0.875000 0.000000
vt 0.875000 0.111100
vt 0.906250 0.000000
vt 0.906250 0.111100
vt 0.937500 0.000000
vt 0.937500 0.111100
vt 0.968750 0.000000
vt 0.968750 0.111100
vt 1.000000 0.000000
vt 1.000000 0.111100
vt 0.548773 0.082791
vt 0.595671 0.081211
vt 0.638893 0.078644
vt 0.676777 0.075190
vt 0.707867 0.070981
vt 0.730970 0.066179
vt 0.745196 0.060969
vt 0.750000 0.055550
vt 0.745196 0.050131
vt 0.730970 0.044921
vt 0.707867 0.040119
vt 0.676777 0.035910
vt 0.638893 0.032456
vt 0.595671 0.029889
vt 0.548773 0.028309
vt 0.500000 0.027775
vt 0.451227 0.028309
vt 0.404329 0.029889
vt 0.361107 0.032456
vt 0.323223 0.035910
vt 0.292133 0.040119
vt 0.269030 0.044921
vt 0.254804 0.050131
vt 0.250000 0.055550
vt 0.254804 0.060969
vt 0.269030 0.066179
vt 0.292133 0.070981
vt 0.323223 0.075190
vt 0.361107 0.078644
vt 0.404329 0.081211
vt 0.451227 0.082791
vt 0.500000 0.083325
vt 0.031250 0.291700
vt 0.000000 0.291700
vt 0.062500 0.291700
vt 0.093750 0.291700
vt 0.125000 0.291700
vt 0.156250 0.291700
vt 0.187500 0.291700
vt 0.218750 0.291700
vt 0.250000 0.291700
vt 0.281250 0.291700
vt 0.312500 0.291700
vt 0.343750 0.291700
vt 0.375000 0.291700
vt 0.406250 0.291700
vt 0.437500 0.291700
vt 0.468750 0.291700
vt 0.500000 0.291700
vt 0.531250 0.291700
vt 0.562500 0.291700
vt 0.593750 0.291700
vt 0.625000 0.291700
vt 0.656250 0.291700
vt 0.687500 0.291700
vt 0.718750 0.291700
vt 0.750000 0.291700
vt 0.781250 0.291700
vt 0.812500 0.291700
vt 0.843750 0.291700
vt 0.875000 0.291700
vt 0.906250 0.291700
vt 0.937500 0.291700
vt 0.968750 0.291700
vt 1.000000 0.291700
vt 0.548773 0.245682
vt 0.595671 0.243113
vt 0.638893 0.238941
vt 0.676777 0.233326
vt 0.707867 0.226484
vt 0.730970 0.218678
vt 0.745196 0.210208
vt 0.750000 0.201400
vt 0.745196 0.192592
vt 0.730970 0.184122
vt 0.707867 0.176316
vt 0.676777 0.169474
vt 0.638893 0.163859
vt 0.595671 0.159687
vt 0.548773 0.157118
vt 0.500000 0.156250
vt 0.451227 0.157118
vt 0.404329 0.159687
vt 0.361107 0.163859
vt 0.323223 0.169474
vt 0.292133 0.176316
vt 0.269030 0.184122
vt 0.254804 0.192592
vt 0.250000 0.201400
vt 0.254804 0.210208
vt 0.269030 0.218678
vt 0.292133 0.226484
vt 0.323223 0.233326
vt 0.361107 0.238941
vt 0.404329 0.243113
vt 0.451227 0.245682
vt 0.500000 0.246550
vt 0.031250 0.361100
vt 0.000000 0.361100
vt 0.062500 0.361100
vt 0.093750 0.361100
vt 0.125000 0.361100
vt 0.156250 0.361100
vt 0.187500 0.361100
vt 0.218750 0.361100
vt 0.250000 0.361100
vt 0.281250 0.361100
vt 0.312500 0.361100
vt 0.343750 0.361100
vt 0.375000 0.361100
vt 0.406250 0.361100
vt 0.437500 0.361100
vt 0.468750 0.361100
vt 0.500000 0.361100
vt 0.531250 0.361100
vt 0.562500 0.361100
vt 0.593750 0.361100
vt 0.625000 0.361100
vt 0.656250 0.361100
vt 0.687500 0.361100
vt 0.718750 0.361100
vt 0.750000 0.361100
vt 0.781250 0.361100
vt 0.812500 0.361100
vt 0.843750 0.361100
vt 0.875000 0.361100
vt 0.906250 0.361100
vt 0.937500 0.361100
vt 0.968750 0.361100
vt 1.000000 0.361100
vt 0.031250 0.638900
vt 0.000000 0.638900
vt 0.062500 0.638900
vt 0.093750 0.638900
vt 0.125000 0.638900
vt 0.156250 0.638900
vt 0.187500 0.638900
vt 0.218750 0.638900
vt 0.250000 0.638900
vt 0.281250 0.638900
vt 0.312500 0.638900
vt 0.343750 0.638900
vt 0.375000 0.638900
vt 0.406250 0.638900
vt 0.437500 0.638900
vt 0.468750 0.638900
vt 0.500000 0.638900
vt 0.531250 0.638900
vt 0.562500 0.638900
vt 0.593750 0.638900
vt 0.625000 0.638900
vt 0.656250 0.638900
vt 0.687500 0.638900
vt 0.718750 0.638900
vt 0.750000 0.638900
vt 0.781250 0.638900
vt 0.812500 0.638900
vt 0.843750 0.638900
vt 0.875000 0.638900
vt 0.906250 0.638900
vt 0.937500 0.638900
vt 0.968750 0.638900
vt 1.000000 0.638900
vt 0.548773 0.568116
vt 0.595671 0.564163
vt 0.638893 0.557746
vt 0.676777 0.549109
vt 0.707867 0.538584
vt 0.730970 0.526577
vt 0.745196 0.513549
vt 0.750000 0.500000
vt 0.745196 0.486451
vt 0.730970 0.473423
vt 0.707867 0.461416
vt 0.676777 0.450891
vt 0.638893 0.442254
vt 0.595671 0.435837
vt 0.548773 0.431884
vt 0.500000 0.430550
vt 0.451227 0.431884
vt 0.404329 0.435837
vt 0.361107 0.442254
vt 0.323223 0.450891
vt 0.292133 0.461416
vt 0.269030 0.473423
vt 0.254804 0.486451
vt 0.250000 0.500000
vt 0.254804 0.513549
vt 0.269030 0.526577
vt 0.292133 0.538584
vt 0.323223 0.549109
vt 0.361107 0.557746
vt 0.404329 0.564163
vt 0.451227 0.568116
vt 0.500000 0.569450
vt 0.031250 0.708300
vt 0.000000 0.708300
vt 0.062500 0.708300
vt 0.093750 0.708300
vt 0.125000 0.708300
vt 0.156250 0.708300
vt 0.187500 0.708300
vt 0.218750 0.708300
vt 0.250000 0.708300
vt 0.281250 0.708300
vt 0.312500 0.708300
vt 0.343750 0.708300
vt 0.375000 0.708300
vt 0.406250 0.708300
vt 0.437500 0.708300
vt 0.468750 0.708300
vt 0.500000 0.708300
vt 0.531250 0.708300
vt 0.562500 0.708300
vt 0.593750 0.708300
vt 0.625000 0.708300
vt 0.656250 0.708300
vt 0.687500 0.708300
vt 0.718750 0.708300
vt 0.750000 0.708300
vt 0.781250 0.708300
vt 0.812500 0.708300
vt 0.843750 0.708300
vt 0.875000 0.708300
vt 0.906250 0.708300
vt 0.937500 0.708300
vt 0.968750 0.708300
vt 1.000000 0.708300
vt 0.031250 0.888900
vt 0.000000 0.888900
vt 0.062500 0.888900
vt 0.093750 0.888900
vt 0.125000 0.888900
vt 0.156250 0.888900
vt 0.187500 0.888900
vt 0.218750 0.888900
vt 0.250000 0.888900
vt 0.281250 0.888900
vt 0.312500 0.888900
vt 0.343750 0.888900
vt 0.375000 0.888900
vt 0.406250 0.888900
vt 0.437500 0.888900
vt 0.468750 0.888900
vt 0.500000 0.888900
vt 0.531250 0.888900
vt 0.562500 0.888900
vt 0.593750 0.888900
vt 0.625000 0.888900
vt 0.656250 0.888900
vt 0.687500 0.888900
vt 0.718750 0.888900
vt 0.750000 0.888900
vt 0.781250 0.888900
vt 0.812500 0.888900
vt 0.843750 0.888900
vt 0.875000 0.888900
vt 0.906250 0.888900
vt 0.937500 0.888900
vt 0.968750 0.888900
vt 1.000000 0.888900
vt 0.548773 0.842882
vt 0.595671 0.840313
vt 0.638893 0.836141
vt 0.676777 0.830526
vt 0.707867 0.823684
vt 0.730970 0.815878
vt 0.745196 0.807408
vt 0.750000 0.798600
vt 0.745196 0.789792
vt 0.730970 0.781322
vt 0.707867 0.773516
vt 0.676777 0.766674
vt 0.638893 0.761059
vt 0.595671 0.756887
vt 0.548773 0.754318
vt 0.500000 0.753450
vt 0.451227 0.754318
vt 0.404329 0.756887
vt 0.361107 0.761059
vt 0.323223 0.766674
vt 0.292133 0.773516
vt 0.269030 0.781322
vt 0.254804 0.789792
vt 0.250000 0.798600
vt 0.254804 0.807408
vt 0.269030 0.815878
vt 0.292133 0.823684
vt 0.323223 0.830526
vt 0.361107 0.836141
vt 0.404329 0.840313
vt 0.451227 0.842882
vt 0.500000 0.843750
vt 0.031250 1.000000
vt 0.000000 1.000000
vt 0.062500 1.000000
vt 0.093750 1.000000
vt 0.125000 1.000000
vt 0.156250 1.000000
vt 0.187500 1.000000
vt 0.218750 1.000000
vt 0.250000 1.000000
vt 0.281250 1.000000
vt 0.312500 1.000000
vt 0.343750 1.000000
vt 0.375000 1.000000
vt 0.406250 1.000000
vt 0.437500 1.000000
vt 0.468750 1.000000
vt 0.500000 1.000000
vt 0.531250 1.000000
vt 0.562500 1.000000
vt 0.593750 1.000000
vt 0.625000 1.000000
vt 0.656250 1.000000
vt 0.687500 1.000000
vt 0.718750 1.000000
vt 0.750000 1.000000
vt 0.781250 1.000000
vt 0.812500 1.000000
vt 0.843750 1.000000
vt 0.875000 1.000000
vt 0.906250 1.000000
vt 0.937500 1.000000
vt 0.968750 1.000000
vt 1.000000 1.000000
vt 0.500000 0.972225
vt 0.451227 0.971691
vt 0.404329 0.970111
vt 0.361107 0.967544
vt 0.323223 0.964090
vt 0.292133 0.959881
vt 0.269030 0.955079
vt 0.254804 0.949869
vt 0.250000 0.944450
vt 0.254804 0.939031
vt 0.269030 0.933821
vt 0.292133 0.929019
vt 0.323223 0.924810
vt 0.361107 0.921356
vt 0.404329 0.918789
vt 0.451227 0.917209
vt 0.500000 0.916675
vt 0.548773 0.917209
vt 0.595671 0.918789
vt 0.638893 0.921356
vt 0.676777 0.924810
vt 0.707867 0.929019
vt 0.730970 0.933821
vt 0.745196 0.939031
vt 0.750000 0.944450
vt 0.745196 0.949869
vt 0.730970 0.955079
vt 0.707867 0.959881
vt 0.676777 0.964090
vt 0.638893 0.967544
vt 0.595671 0.970111
vt 0.548773 0.971691
vt 0.031250 0.179093
vt 0.000000 0.179093
vt 0.062500 0.179093
vt 0.093750 0.179093
vt 0.125000 0.179093
vt 0.156250 0.179093
vt 0.187500 0.179093
vt 0.218750 0.179093
vt 0.250000 0.179093
vt 0.281250 0.179093
vt 0.312500 0.179093
vt 0.343750 0.179093
vt 0.375000 0.179093
vt 0.406250 0.179093
vt 0.437500 0.179093
vt 0.468750 0.179093
vt 0.500000 0.179093
vt 0.531250 0.179093
vt 0.562500 0.179093
vt 0.593750 0.179093
vt 0.625000 0.179093
vt 0.656250 0.179093
vt 0.687500 0.179093
vt 0.718750 0.179093
vt 0.750000 0.179093
vt 0.781250 0.179093
vt 0.812500 0.179093
vt 0.843750 0.179093
vt 0.875000 0.179093
vt 0.906250 0.179093
vt 0.937500 0.179093
vt 0.968750 0.179093
vt 1.000000 0.179093
vt 1.000000 0.500000
vt 0.990393 0.597545
vt 0.961940 0.691342
vt 0.915735 0.777785
vt 0.853553 0.853553
vt 0.777785 0.915735
vt 0.691342 0.961940
vt 0.597545 0.990393
vt 0.402455 0.990393
vt 0.308658 0.961940
vt 0.222215 0.915735
vt 0.146447 0.853553
vt 0.084265 0.777785
vt 0.038060 0.691342
vt 0.009607 0.597545
vt 0.000000 0.500000
vt 0.009607 0.402455
vt 0.038060 0.308658
vt 0.084265 0.222215
vt 0.146447 0.146447
vt 0.222215 0.084265
vt 0.308658 0.038060
vt 0.402455 0.009607
vt 0.597545 0.009607
vt 0.691342 0.038060
vt 0.777785 0.084265
vt 0.853553 0.146447
vt 0.915735 0.222215
vt 0.961940 0.308658
vt 0.990393 0.402455
vt 0.031250 0.820907
vt 0.000000 0.820907
vt 0.062500 0.820907
vt 0.093750 0.820907
vt 0.125000 0.820907
vt 0.156250 0.820907
vt 0.187500 0.820907
vt 0.218750 0.820907
vt 0.250000 0.820907
vt 0.281250 0.820907
vt 0.312500 0.820907
vt 0.343750 0.820907
vt 0.375000 0.820907
vt 0.406250 0.820907
vt 0.437500 0.820907
vt 0.468750 0.820907
vt 0.500000 0.820907
vt 0.531250 0.820907
vt 0.562500 0.820907
vt 0.593750 0.820907
vt 0.625000 0.820907
vt 0.656250 0.820907
vt 0.687500 0.820907
vt 0.718750 0.820907
vt 0.750000 0.820907
vt 0.781250 0.820907
vt 0.812500 0.820907
vt 0.843750 0.820907
vt 0.875000 0.820907
vt 0.906250 0.820907
vt 0.937500 0.820907
vt 0.968750 0.820907
vt 1.000000 0.820907
vt 0.500000 0.500000
o joint_plus
usemtl joint_plus
f 1/1/1 2/2/1 3/3/1 4/4/1
f 2/2/2 5/5/2 6/6/2 3/3/2
f 5/5/3 7/7/3 8/8/3 6/6/3
f 7/7/4 9/9/4 10/10/4 8/8/4
f 9/9/5 11/11/5 12/12/5 10/10/5
f 11/11/6 13/13/6 14/14/6 12/12/6
f 13/13/7 15/15/7 16/16/7 14/14/7
f 15/15/8 17/17/8 18/18/8 16/16/8
f 17/17/9 19/19/9 20/20/9 18/18/9
f 19/19/10 21/21/10 22/22/10 20/20/10
f 21/21/11 23/23/11 24/24/11 22/22/11
f 23/23/12 25/25/12 26/26/12 24/24/12
f 25/25/13 27/27/13 28/28/13 26/26/13
f 27/27/14 29/29/14 30/30/14 28/28/14
f 29/29/15 31/31/15 32/32/15 30/30/15
f 31/31/16 33/33/16 34/34/16 32/32/16
f 33/33/17 35/35/17 36/36/17 34/34/17
f 35/35/18 37/37/18 38/38/18 36/36/18
f 37/37/19 39/39/19 40/40/19 38/38/19
f 39/39/20 41/41/20 42/42/20 40/40/20
f 41/41/21 43/43/21 44/44/21 42/42/21
f 43/43/22 45/45/22 46/46/22 44/44/22
f 45/45/23 47/47/23 48/48/23 46/46/23
f 47/47/24 49/49/24 50/50/24 48/48/24
f 49/49/25 51/51/25 52/52/25 50/50/25
f 51/51/26 53/53/26 54/54/26 52/52/26
f 53/53/27 55/55/27 56/56/27 54/54/27
f 55/55/28 57/57/28 58/58/28 56/56/28
f 57/57/29 59/59/29 60/60/29 58/58/29
f 59/59/30 61/61/30 62/62/30 60/60/30
f 61/61/31 63/63/31 64/64/31 62/62/31
f 63/63/32 1/65/32 4/66/32 64/64/32
f 63/67/33 61/68/33 59/69/33 57/70/33
f 63/67/33 57/70/33 55/71/33 53/72/33
f 63/67/33 53/72/33 51/73/33 49/74/33
f 63/67/33 49/74/33 47/75/33 45/76/33
f 63/67/33 45/76/33 43/77/33 41/78/33
f 63/67/33 41/78/33 39/79/33 37/80/33
f 63/67/33 37/80/33 35/81/33 33/82/33
f 63/67/33 33/82/33 31/83/33 29/84/33
f 63/67/33 29/84/33 27/85/33 25/86/33
f 63/67/33 25/86/33 23/87/33 21/88/33
f 63/67/33 21/88/33 19/89/33 17/90/33
f 63/67/33 17/90/33 15/91/33 13/92/33
f 63/67/33 13/92/33 11/93/33 9/94/33
f 63/67/33 9/94/33 7/95/33 5/96/33
f 63/67/33 5/96/33 2/97/33 1/98/33
f 65/4/34 66/3/34 67/99/34 68/100/34
f 66/3/35 69/6/35 70/101/35 67/99/35
f 69/6/36 71/8/36 72/102/36 70/101/36
f 71/8/37 73/10/37 74/103/37 72/102/37
f 73/10/38 75/12/38 76/104/38 74/103/38
f 75/12/39 77/14/39 78/105/39 76/104/39
f 77/14/40 79/16/40 80/106/40 78/105/40
f 79/16/41 81/18/41 82/107/41 80/106/41
f 81/18/42 83/20/42 84/108/42 82/107/42
f 83/20/43 85/22/43 86/109/43 84/108/43
f 85/22/44 87/24/44 88/110/44 86/109/44
f 87/24/45 89/26/45 90/111/45 88/110/45
f 89/26/46 91/28/46 92/112/46 90/111/46
f 91/28/47 93/30/47 94/113/47 92/112/47
f 93/30/48 95/32/48 96/114/48 94/113/48
f 95/32/49 97/34/49 98/115/49 96/114/49
f 97/34/50 99/36/50 100/116/50 98/115/50
f 99/36/51 101/38/51 102/117/51 100/116/51
f 101/38/52 103/40/52 104/118/52 102/117/52
f 103/40/53 105/42/53 106/119/53 104/118/53
f 105/42/54 107/44/54 108/120/54 106/119/54
f 107/44/55 109/46/55 110/121/55 108/120/55
f 109/46/56 111/48/56 112/122/56 110/121/56
f 111/48/57 113/50/57 114/123/57 112/122/57
f 113/50/58 115/52/58 116/124/58 114/123/58
f 115/52/59 117/54/59 118/125/59 116/124/59
f 117/54/60 119/56/60 120/126/60 118/125/60
f 119/56/61 121/58/61 122/127/61 120/126/61
f 121/58/62 123/60/62 124/128/62 122/127/62
f 123/60/63 125/62/63 126/129/63 124/128/63
f 125/62/64 127/64/64 128/130/64 126/129/64
f 127/64/65 65/66/65 68/131/65 128/130/65
f 127/132/33 125/133/33 123/134/33 121/135/33
f 127/132/33 121/135/33 119/136/33 117/137/33
f 127/132/33 117/137/33 115/138/33 113/139/33
f 127/132/33 113/139/33 111/140/33 109/141/33
f 127/132/33 109/141/33 107/142/33 105/143/33
f 127/132/33 105/143/33 103/144/33 101/145/33
f 127/132/33 101/145/33 99/146/33 97/147/33
f 127/132/33 97/147/33 95/148/33 93/149/33
f 127/132/33 93/149/33 91/150/33 89/151/33
f 127/132/33 89/151/33 87/152/33 85/153/33
f 127/132/33 85/153/33 83/154/33 81/155/33
f 127/132/33 81/155/33 79/156/33 77/157/33
f 127/132/33 77/157/33 75/158/33 73/159/33
f 127/132/33 73/159/33 71/160/33 69/161/33
f 127/132/33 69/161/33 66/162/33 65/163/33
f 68/163/66 67/162/66 70/161/66 72/160/66
f 68/163/66 72/160/66 74/159/66 76/158/66
f 68/163/66 76/158/66 78/157/66 80/156/66
f 68/163/66 80/156/66 82/155/66 84/154/66
f 68/163/66 84/154/66 86/153/66 88/152/66
f 68/163/66 88/152/66 90/151/66 92/150/66
f 68/163/66 92/150/66 94/149/66 96/148/66
f 68/163/66 96/148/66 98/147/66 100/146/66
f 68/163/66 100/146/66 102/145/66 104/144/66
f 68/163/66 104/144/66 106/143/66 108/142/66
f 68/163/66 108/142/66 110/141/66 112/140/66
f 68/163/66 112/140/66 114/139/66 116/138/66
f 68/163/66 116/138/66 118/137/66 120/136/66
f 68/163/66 120/136/66 122/135/66 124/134/66
f 68/163/66 124/134/66 126/133/66 128/132/66
f 129/100/34 130/99/34 131/164/34 132/165/34
f 130/99/35 133/101/35 134/166/35 131/164/35
f 133/101/36 135/102/36 136/167/36 134/166/36
f 135/102/37 137/103/37 138/168/37 136/167/37
f 137/103/38 139/104/38 140/169/38 138/168/38
f 139/104/39 141/105/39 142/170/39 140/169/39
f 141/105/40 143/106/40 144/171/40 142/170/40
f 143/106/41 145/107/41 146/172/41 144/171/41
f 145/107/42 147/108/42 148/173/42 146/172/42
f 147/108/43 149/109/43 150/174/43 148/173/43
f 149/109/44 151/110/44 152/175/44 150/174/44
f 151/110/45 153/111/45 154/176/45 152/175/45
f 153/111/46 155/112/46 156/177/46 154/176/46
f 155/112/47 157/113/47 158/178/47 156/177/47
f 157/113/48 159/114/48 160/179/48 158/178/48
f 159/114/49 161/115/49 162/180/49 160/179/49
f 161/115/50 163/116/50 164/181/50 162/180/50
f 163/116/51 165/117/51 166/182/51 164/181/51
f 165/117/52 167/118/52 168/183/52 166/182/52
f 167/118/53 169/119/53 170/184/53 168/183/53
f 169/119/54 171/120/54 172/185/54 170/184/54
f 171/120/55 173/121/55 174/186/55 172/185/55
f 173/121/56 175/122/56 176/187/56 174/186/56
f 175/122/57 177/123/57 178/188/57 176/187/57
f 177/123/58 179/124/58 180/189/58 178/188/58
f 179/124/59 181/125/59 182/190/59 180/189/59
f 181/125/60 183/126/60 184/191/60 182/190/60
f 183/126/61 185/127/61 186/192/61 184/191/61
f 185/127/62 187/128/62 188/193/62 186/192/62
f 187/128/63 189/129/63 190/194/63 188/193/63
f 189/129/64 191/130/64 192/195/64 190/194/64
f 191/130/65 129/131/65 132/196/65 192/195/65
f 193/165/34 194/164/34 195/197/34 196/198/34
f 194/164/35 197/166/35 198/199/35 195/197/35
f 197/166/36 199/167/36 200/200/36 198/199/36
f 199/167/37 201/168/37 202/201/37 200/200/37
f 201/168/38 203/169/38 204/202/38 202/201/38
f 203/169/39 205/170/39 206/203/39 204/202/39
f 205/170/40 207/171/40 208/204/40 206/203/40
f 207/171/41 209/172/41 210/205/41 208/204/41
f 209/172/42 211/173/42 212/206/42 210/205/42
f 211/173/43 213/174/43 214/207/43 212/206/43
f 213/174/44 215/175/44 216/208/44 214/207/44
f 215/175/45 217/176/45 218/209/45 216/208/45
f 217/176/46 219/177/46 220/210/46 218/209/46
f 219/177/47 221/178/47 222/211/47 220/210/47
f 221/178/48 223/179/48 224/212/48 222/211/48
f 223/179/49 225/180/49 226/213/49 224/212/49
f 225/180/50 227/181/50 228/214/50 226/213/50
f 227/181/51 229/182/51 230/215/51 228/214/51
f 229/182/52 231/183/52 232/216/52 230/215/52
f 231/183/53 233/184/53 234/217/53 232/216/53
f 233/184/54 235/185/54 236/218/54 234/217/54
f 235/185/55 237/186/55 238/219/55 236/218/55
f 237/186/56 239/187/56 240/220/56 238/219/56
f 239/187/57 241/188/57 242/221/57 240/220/57
f 241/188/58 243/189/58 244/222/58 242/221/58
f 243/189/59 245/190/59 246/223/59 244/222/59
f 245/190/60 247/191/60 248/224/60 246/223/60
f 247/191/61 249/192/61 250/225/61 248/224/61
f 249/192/62 251/193/62 252/226/62 250/225/62
f 251/193/63 253/194/63 254/227/63 252/226/63
f 253/194/64 255/195/64 256/228/64 254/227/64
f 255/195/65 193/196/65 196/229/65 256/228/65
f 255/230/33 253/231/33 251/232/33 249/233/33
f 255/230/33 249/233/33 247/234/33 245/235/33
f 255/230/33 245/235/33 243/236/33 241/237/33
f 255/230/33 241/237/33 239/238/33 237/239/33
f 255/230/33 237/239/33 235/240/33 233/241/33
f 255/230/33 233/241/33 231/242/33 229/243/33
f 255/230/33 229/243/33 227/244/33 225/245/33
f 255/230/33 225/245/33 223/246/33 221/247/33
f 255/230/33 221/247/33 219/248/33 217/249/33
f 255/230/33 217/249/33 215/250/33 213/251/33
f 255/230/33 213/251/33 211/252/33 209/253/33
f 255/230/33 209/253/33 207/254/33 205/255/33
f 255/230/33 205/255/33 203/256/33 201/257/33
f 255/230/33 201/257/33 199/258/33 197/259/33
f 255/230/33 197/259/33 194/260/33 193/261/33
f 196/261/66 195/260/66 198/259/66 200/258/66
f 196/261/66 200/258/66 202/257/66 204/256/66
f 196/261/66 204/256/66 206/255/66 208/254/66
f 196/261/66 208/254/66 210/253/66 212/252/66
f 196/261/66 212/252/66 214/251/66 216/250/66
f 196/261/66 216/250/66 218/249/66 220/248/66
f 196/261/66 220/248/66 222/247/66 224/246/66
f 196/261/66 224/246/66 226/245/66 228/244/66
f 196/261/66 228/244/66 230/243/66 232/242/66
f 196/261/66 232/242/66 234/241/66 236/240/66
f 196/261/66 236/240/66 238/239/66 240/238/66
f 196/261/66 240/238/66 242/237/66 244/236/66
f 196/261/66 244/236/66 246/235/66 248/234/66
f 196/261/66 248/234/66 250/233/66 252/232/66
f 196/261/66 252/232/66 254/231/66 256/230/66
f 257/198/34 258/197/34 259/262/34 260/263/34
f 258/197/35 261/199/35 262/264/35 259/262/35
f 261/199/36 263/200/36 264/265/36 262/264/36
f 263/200/37 265/201/37 266/266/37 264/265/37
f 265/201/38 267/202/38 268/267/38 266/266/38
f 267/202/39 269/203/39 270/268/39 268/267/39
f 269/203/40 271/204/40 272/269/40 270/268/40
f 271/204/41 273/205/41 274/270/41 272/269/41
f 273/205/42 275/206/42 276/271/42 274/270/42
f 275/206/43 277/207/43 278/272/43 276/271/43
f 277/207/44 279/208/44 280/273/44 278/272/44
f 279/208/45 281/209/45 282/274/45 280/273/45
f 281/209/46 283/210/46 284/275/46 282/274/46
f 283/210/47 285/211/47 286/276/47 284/275/47
f 285/211/48 287/212/48 288/277/48 286/276/48
f 287/212/49 289/213/49 290/278/49 288/277/49
f 289/213/50 291/214/50 292/279/50 290/278/50
f 291/214/51 293/215/51 294/280/51 292/279/51
f 293/215/52 295/216/52 296/281/52 294/280/52
f 295/216/53 297/217/53 298/282/53 296/281/53
f 297/217/54 299/218/54 300/283/54 298/282/54
f 299/218/55 301/219/55 302/284/55 300/283/55
f 301/219/56 303/220/56 304/285/56 302/284/56
f 303/220/57 305/221/57 306/286/57 304/285/57
f 305/221/58 307/222/58 308/287/58 306/286/58
f 307/222/59 309/223/59 310/288/59 308/287/59
f 309/223/60 311/224/60 312/289/60 310/288/60
f 311/224/61 313/225/61 314/290/61 312/289/61
f 313/225/62 315/226/62 316/291/62 314/290/62
f 315/226/63 317/227/63 318/292/63 316/291/63
f 317/227/64 319/228/64 320/293/64 318/292/64
f 319/228/65 257/229/65 260/294/65 320/293/65
f 321/263/34 322/262/34 323/295/34 324/296/34
f 322/262/35 325/264/35 326/297/35 323/295/35
f 325/264/36 327/265/36 328/298/36 326/297/36
f 327/265/37 329/266/37 330/299/37 328/298/37
f 329/266/38 331/267/38 332/300/38 330/299/38
f 331/267/39 333/268/39 334/301/39 332/300/39
f 333/268/40 335/269/40 336/302/40 334/301/40
f 335/269/41 337/270/41 338/303/41 336/302/41
f 337/270/42 339/271/42 340/304/42 338/303/42
f 339/271/43 341/272/43 342/305/43 340/304/43
f 341/272/44 343/273/44 344/306/44 342/305/44
f 343/273/45 345/274/45 346/307/45 344/306/45
f 345/274/46 347/275/46 348/308/46 346/307/46
f 347/275/47 349/276/47 350/309/47 348/308/47
f 349/276/48 351/277/48 352/310/48 350/309/48
f 351/277/49 353/278/49 354/311/49 352/310/49
f 353/278/50 355/279/50 356/312/50 354/311/50
f 355/279/51 357/280/51 358/313/51 356/312/51
f 357/280/52 359/281/52 360/314/52 358/313/52
f 359/281/53 361/282/53 362/315/53 360/314/53
f 361/282/54 363/283/54 364/316/54 362/315/54
f 363/283/55 365/284/55 366/317/55 364/316/55
f 365/284/56 367/285/56 368/318/56 366/317/56
f 367/285/57 369/286/57 370/319/57 368/318/57
f 369/286/58 371/287/58 372/320/58 370/319/58
f 371/287/59 373/288/59 374/321/59 372/320/59
f 373/288/60 375/289/60 376/322/60 374/321/60
f 375/289/61 377/290/61 378/323/61 376/322/61
f 377/290/62 379/291/62 380/324/62 378/323/62
f 379/291/63 381/292/63 382/325/63 380/324/63
f 381/292/64 383/293/64 384/326/64 382/325/64
f 383/293/65 321/294/65 324/327/65 384/326/65
f 383/328/33 381/329/33 379/330/33 377/331/33
f 383/328/33 377/331/33 375/332/33 373/333/33
f 383/328/33 373/333/33 371/334/33 369/335/33
f 383/328/33 369/335/33 367/336/33 365/337/33
f 383/328/33 365/337/33 363/338/33 361/339/33
f 383/328/33 361/339/33 359/340/33 357/341/33
f 383/328/33 357/341/33 355/342/33 353/343/33
f 383/328/33 353/343/33 351/344/33 349/345/33
f 383/328/33 349/345/33 347/346/33 345/347/33
f 383/328/33 345/347/33 343/348/33 341/349/33
f 383/328/33 341/349/33 339/350/33 337/351/33
f 383/328/33 337/351/33 335/352/33 333/353/33
f 383/328/33 333/353/33 331/354/33 329/355/33
f 383/328/33 329/355/33 327/356/33 325/357/33
f 383/328/33 325/357/33 322/358/33 321/359/33
f 324/359/66 323/358/66 326/357/66 328/356/66
f 324/359/66 328/356/66 330/355/66 332/354/66
f 324/359/66 332/354/66 334/353/66 336/352/66
f 324/359/66 336/352/66 338/351/66 340/350/66
f 324/359/66 340/350/66 342/349/66 344/348/66
f 324/359/66 344/348/66 346/347/66 348/346/66
f 324/359/66 348/346/66 350/345/66 352/344/66
f 324/359/66 352/344/66 354/343/66 356/342/66
f 324/359/66 356/342/66 358/341/66 360/340/66
f 324/359/66 360/340/66 362/339/66 364/338/66
f 324/359/66 364/338/66 366/337/66 368/336/66
f 324/359/66 368/336/66 370/335/66 372/334/66
f 324/359/66 372/334/66 374/333/66 376/332/66
f 324/359/66 376/332/66 378/331/66 380/330/66
f 324/359/66 380/330/66 382/329/66 384/328/66
f 385/296/67 386/295/67 387/360/67 388/361/67
f 386/295/68 389/297/68 390/362/68 387/360/68
f 389/297/69 391/298/69 392/363/69 390/362/69
f 391/298/70 393/299/70 394/364/70 392/363/70
f 393/299/71 395/300/71 396/365/71 394/364/71
f 395/300/72 397/301/72 398/366/72 396/365/72
f 397/301/73 399/302/73 400/367/73 398/366/73
f 399/302/74 401/303/74 402/368/74 400/367/74
f 401/303/75 403/304/75 404/369/75 402/368/75
f 403/304/76 405/305/76 406/370/76 404/369/76
f 405/305/77 407/306/77 408/371/77 406/370/77
f 407/306/78 409/307/78 410/372/78 408/371/78
f 409/307/79 411/308/79 412/373/79 410/372/79
f 411/308/80 413/309/80 414/374/80 412/373/80
f 413/309/81 415/310/81 416/375/81 414/374/81
f 415/310/82 417/311/82 418/376/82 416/375/82
f 417/311/83 419/312/83 420/377/83 418/376/83
f 419/312/84 421/313/84 422/378/84 420/377/84
f 421/313/85 423/314/85 424/379/85 422/378/85
f 423/314/86 425/315/86 426/380/86 424/379/86
f 425/315/87 427/316/87 428/381/87 426/380/87
f 427/316/88 429/317/88 430/382/88 428/381/88
f 429/317/89 431/318/89 432/383/89 430/382/89
f 431/318/90 433/319/90 434/384/90 432/383/90
f 433/319/91 435/320/91 436/385/91 434/384/91
f 435/320/92 437/321/92 438/386/92 436/385/92
f 437/321/93 439/322/93 440/387/93 438/386/93
f 439/322/94 441/323/94 442/388/94 440/387/94
f 441/323/95 443/324/95 444/389/95 442/388/95
f 443/324/96 445/325/96 446/390/96 444/389/96
f 445/325/97 447/326/97 448/391/97 446/390/97
f 447/326/98 385/327/98 388/392/98 448/391/98
f 388/393/66 387/394/66 390/395/66 392/396/66
f 388/393/66 392/396/66 394/397/66 396/398/66
f 388/393/66 396/398/66 398/399/66 400/400/66
f 388/393/66 400/400/66 402/401/66 404/402/66
f 388/393/66 404/402/66 406/403/66 408/404/66
f 388/393/66 408/404/66 410/405/66 412/406/66
f 388/393/66 412/406/66 414/407/66 416/408/66
f 388/393/66 416/408/66 418/409/66 420/410/66
f 388/393/66 420/410/66 422/411/66 424/412/66
f 388/393/66 424/412/66 426/413/66 428/414/66
f 388/393/66 428/414/66 430/415/66 432/416/66
f 388/393/66 432/416/66 434/417/66 436/418/66
f 388/393/66 436/418/66 438/419/66 440/420/66
f 388/393/66 440/420/66 442/421/66 444/422/66
f 388/393/66 444/422/66 446/423/66 448/424/66
o cable
usemtl core
f 449/1/99 450/2/99 451/425/99 452/426/99
f 450/2/100 453/5/100 454/427/100 451/425/100
f 453/5/101 455/7/101 456/428/101 454/427/101
f 455/7/102 457/9/102 458/429/102 456/428/102
f 457/9/103 459/11/103 460/430/103 458/429/103
f 459/11/104 461/13/104 462/431/104 460/430/104
f 461/13/105 463/15/105 464/432/105 462/431/105
f 463/15/106 465/17/106 466/433/106 464/432/106
f 465/17/107 467/19/107 468/434/107 466/433/107
f 467/19/108 469/21/108 470/435/108 468/434/108
f 469/21/109 471/23/109 472/436/109 470/435/109
f 471/23/110 473/25/110 474/437/110 472/436/110
f 473/25/111 475/27/111 476/438/111 474/437/111
f 475/27/112 477/29/112 478/439/112 476/438/112
f 477/29/113 479/31/113 480/440/113 478/439/113
f 479/31/114 481/33/114 482/441/114 480/440/114
f 481/33/115 483/35/115 484/442/115 482/441/115
f 483/35/116 485/37/116 486/443/116 484/442/116
f 485/37/117 487/39/117 488/444/117 486/443/117
f 487/39/118 489/41/118 490/445/118 488/444/118
f 489/41/119 491/43/119 492/446/119 490/445/119
f 491/43/120 493/45/120 494/447/120 492/446/120
f 493/45/121 495/47/121 496/448/121 494/447/121
f 495/47/122 497/49/122 498/449/122 496/448/122
f 497/49/123 499/51/123 500/450/123 498/449/123
f 499/51/124 501/53/124 502/451/124 500/450/124
f 501/53/125 503/55/125 504/452/125 502/451/125
f 503/55/126 505/57/126 506/453/126 504/452/126
f 505/57/127 507/59/127 508/454/127 506/453/127
f 507/59/128 509/61/128 510/455/128 508/454/128
f 509/61/129 511/63/129 512/456/129 510/455/129
f 511/63/130 449/65/130 452/457/130 512/456/130
f 452/426/131 451/425/131 513/360/131 514/361/131
f 451/425/132 454/427/132 515/362/132 513/360/132
f 454/427/133 456/428/133 516/363/133 515/362/133
f 456/428/134 458/429/134 517/364/134 516/363/134
f 458/429/135 460/430/135 518/365/135 517/364/135
f 460/430/136 462/431/136 519/366/136 518/365/136
f 462/431/137 464/432/137 520/367/137 519/366/137
f 464/432/138 466/433/138 521/368/138 520/367/138
f 466/433/139 468/434/139 522/369/139 521/368/139
f 468/434/140 470/435/140 523/370/140 522/369/140
f 470/435/141 472/436/141 524/371/141 523/370/141
f 472/436/142 474/437/142 525/372/142 524/371/142
f 474/437/143 476/438/143 526/373/143 525/372/143
f 476/438/144 478/439/144 527/374/144 526/373/144
f 478/439/145 480/440/145 528/375/145 527/374/145
f 480/440/146 482/441/146 529/376/146 528/375/146
f 482/441/147 484/442/147 530/377/147 529/376/147
f 484/442/148 486/443/148 531/378/148 530/377/148
f 486/443/149 488/444/149 532/379/149 531/378/149
f 488/444/150 490/445/150 533/380/150 532/379/150
f 490/445/151 492/446/151 534/381/151 533/380/151
f 492/446/152 494/447/152 535/382/152 534/381/152
f 494/447/153 496/448/153 536/383/153 535/382/153
f 496/448/154 498/449/154 537/384/154 536/383/154
f 498/449/155 500/450/155 538/385/155 537/384/155
f 500/450/156 502/451/156 539/386/156 538/385/156
f 502/451/157 504/452/157 540/387/157 539/386/157
f 504/452/158 506/453/158 541/388/158 540/387/158
f 506/453/159 508/454/159 542/389/159 541/388/159
f 508/454/160 510/455/160 543/390/160 542/389/160
f 510/455/161 512/456/161 544/391/161 543/390/161
f 512/456/162 452/457/162 514/392/162 544/391/162
f 514/458/163 513/459/163 515/460/163 516/461/163 517/462/163 518/463/163 519/464/163 520/465/163 521/376/163 522/466/163 523/467/163 524/468/163 525/469/163 526/470/163 527/471/163 528/472/163 529/473/163 530/474/163 531/475/163 532/476/163 533/477/163 534/478/163 535/479/163 536/480/163 537/33/163 538/481/163 539/482/163 540/483/163 541/484/163 542/485/163 543/486/163 544/487/163
f 545/1/164 546/2/164 547/488/164 548/489/164
f 546/2/165 549/5/165 550/490/165 547/488/165
f 549/5/166 551/7/166 552/491/166 550/490/166
f 551/7/167 553/9/167 554/492/167 552/491/167
f 553/9/168 555/11/168 556/493/168 554/492/168
f 555/11/169 557/13/169 558/494/169 556/493/169
f 557/13/170 559/15/170 560/495/170 558/494/170
f 559/15/171 561/17/171 562/496/171 560/495/171
f 561/17/172 563/19/172 564/497/172 562/496/172
f 563/19/173 565/21/173 566/498/173 564/497/173
f 565/21/174 567/23/174 568/499/174 566/498/174
f 567/23/175 569/25/175 570/500/175 568/499/175
f 569/25/176 571/27/176 572/501/176 570/500/176
f 571/27/177 573/29/177 574/502/177 572/501/177
f 573/29/178 575/31/178 576/503/178 574/502/178
f 575/31/179 577/33/179 578/504/179 576/503/179
f 577/33/180 579/35/180 580/505/180 578/504/180
f 579/35/181 581/37/181 582/506/181 580/505/181
f 581/37/182 583/39/182 584/507/182 582/506/182
f 583/39/183 585/41/183 586/508/183 584/507/183
f 585/41/184 587/43/184 588/509/184 586/508/184
f 587/43/185 589/45/185 590/510/185 588/509/185
f 589/45/186 591/47/186 592/511/186 590/510/186
f 591/47/187 593/49/187 594/512/187 592/511/187
f 593/49/188 595/51/188 596/513/188 594/512/188
f 595/51/189 597/53/189 598/514/189 596/513/189
f 597/53/190 599/55/190 600/515/190 598/514/190
f 599/55/191 601/57/191 602/516/191 600/515/191
f 601/57/192 603/59/192 604/517/192 602/516/192
f 603/59/193 605/61/193 606/518/193 604/517/193
f 605/61/194 607/63/194 608/519/194 606/518/194
f 607/63/195 545/65/195 548/520/195 608/519/195
f 548/489/196 547/488/196 609/360/196 610/361/196
f 547/488/197 550/490/197 611/362/197 609/360/197
f 550/490/198 552/491/198 612/363/198 611/362/198
f 552/491/199 554/492/199 613/364/199 612/363/199
f 554/492/200 556/493/200 614/365/200 613/364/200
f 556/493/201 558/494/201 615/366/201 614/365/201
f 558/494/202 560/495/202 616/367/202 615/366/202
f 560/495/203 562/496/203 617/368/203 616/367/203
f 562/496/204 564/497/204 618/369/204 617/368/204
f 564/497/205 566/498/205 619/370/205 618/369/205
f 566/498/206 568/499/206 620/371/206 619/370/206
f 568/499/207 570/500/207 621/372/207 620/371/207
f 570/500/208 572/501/208 622/373/208 621/372/208
f 572/501/209 574/502/209 623/374/209 622/373/209
f 574/502/210 576/503/210 624/375/210 623/374/210
f 576/503/211 578/504/211 625/376/211 624/375/211
f 578/504/212 580/505/212 626/377/212 625/376/212
f 580/505/213 582/506/213 627/378/213 626/377/213
f 582/506/214 584/507/214 628/379/214 627/378/214
f 584/507/215 586/508/215 629/380/215 628/379/215
f 586/508/216 588/509/216 630/381/216 629/380/216
f 588/509/217 590/510/217 631/382/217 630/381/217
f 590/510/218 592/511/218 632/383/218 631/382/218
f 592/511/219 594/512/219 633/384/219 632/383/219
f 594/512/220 596/513/220 634/385/220 633/384/220
f 596/513/221 598/514/221 635/386/221 634/385/221
f 598/514/222 600/515/222 636/387/222 635/386/222
f 600/515/223 602/516/223 637/388/223 636/387/223
f 602/516/224 604/517/224 638/389/224 637/388/224
f 604/517/225 606/518/225 639/390/225 638/389/225
f 606/518/226 608/519/226 640/391/226 639/390/226
f 608/519/227 548/520/227 610/392/227 640/391/227
f 607/487/228 605/486/228 603/485/228 601/484/228 599/483/228 597/482/228 595/481/228 593/33/228 591/480/228 589/479/228 587/478/228 585/477/228 583/476/228 581/475/228 579/474/228 577/473/228 575/472/228 573/471/228 571/470/228 569/469/228 567/468/228 565/467/228 563/466/228 561/376/228 559/465/228 557/464/228 555/463/228 553/462/228 551/461/228 549/460/228 546/459/228 545/458/228
f 1089/1/99 1090/2/99 1091/425/99 1092/426/99
f 1090/2/100 1093/5/100 1094/427/100 1091/425/100
f 1093/5/101 1095/7/101 1096/428/101 1094/427/101
f 1095/7/102 1097/9/102 1098/429/102 1096/428/102
f 1097/9/103 1099/11/103 1100/430/103 1098/429/103
f 1099/11/104 1101/13/104 1102/431/104 1100/430/104
f 1101/13/105 1103/15/105 1104/432/105 1102/431/105
f 1103/15/106 1105/17/106 1106/433/106 1104/432/106
f 1105/17/107 1107/19/107 1108/434/107 1106/433/107
f 1107/19/108 1109/21/108 1110/435/108 1108/434/108
f 1109/21/109 1111/23/109 1112/436/109 1110/435/109
f 1111/23/110 1113/25/110 1114/437/110 1112/436/110
f 1113/25/111 1115/27/111 1116/438/111 1114/437/111
f 1115/27/112 1117/29/112 1118/439/112 1116/438/112
f 1117/29/113 1119/31/113 1120/440/113 1118/439/113
f 1119/31/114 1121/33/114 1122/441/114 1120/440/114
f 1121/33/115 1123/35/115 1124/442/115 1122/441/115
f 1123/35/116 1125/37/116 1126/443/116 1124/442/116
f 1125/37/117 1127/39/117 1128/444/117 1126/443/117
f 1127/39/118 1129/41/118 1130/445/118 1128/444/118
f 1129/41/119 1131/43/119 1132/446/119 1130/445/119
f 1131/43/120 1133/45/120 1134/447/120 1132/446/120
f 1133/45/121 1135/47/121 1136/448/121 1134/447/121
f 1135/47/122 1137/49/122 1138/449/122 1136/448/122
f 1137/49/123 1139/51/123 1140/450/123 1138/449/123
f 1139/51/124 1141/53/124 1142/451/124 1140/450/124
f 1141/53/125 1143/55/125 1144/452/125 1142/451/125
f 1143/55/126 1145/57/126 1146/453/126 1144/452/126
f 1145/57/127 1147/59/127 1148/454/127 1146/453/127
f 1147/59/128 1149/61/128 1150/455/128 1148/454/128
f 1149/61/129 1151/63/129 1152/456/129 1150/455/129
f 1151/63/130 1089/65/130 1092/457/130 1152/456/130
f 1092/426/229 1091/425/229 1153/360/229 1154/361/229
f 1091/425/230 1094/427/230 1155/362/230 1153/360/230
f 1094/427/231 1096/428/231 1156/363/231 1155/362/231
f 1096/428/232 1098/429/232 1157/364/232 1156/363/232
f 1098/429/233 1100/430/233 1158/365/233 1157/364/233
f 1100/430/234 1102/431/234 1159/366/234 1158/365/234
f 1102/431/235 1104/432/235 1160/367/235 1159/366/235
f 1104/432/236 1106/433/236 1161/368/236 1160/367/236
f 1106/433/237 1108/434/237 1162/369/237 1161/368/237
f 1108/434/238 1110/435/238 1163/370/238 1162/369/238
f 1110/435/239 1112/436/239 1164/371/239 1163/370/239
f 1112/436/240 1114/437/240 1165/372/240 1164/371/240
f 1114/437/241 1116/438/241 1166/373/241 1165/372/241
f 1116/438/242 1118/439/242 1167/374/242 1166/373/242
f 1118/439/243 1120/440/243 1168/375/243 1167/374/243
f 1120/440/244 1122/441/244 1169/376/244 1168/375/244
f 1122/441/245 1124/442/245 1170/377/245 1169/376/245
f 1124/442/246 1126/443/246 1171/378/246 1170/377/246
f 1126/443/247 1128/444/247 1172/379/247 1171/378/247
f 1128/444/248 1130/445/248 1173/380/248 1172/379/248
f 1130/445/249 1132/446/249 1174/381/249 1173/380/249
f 1132/446/250 1134/447/250 1175/382/250 1174/381/250
f 1134/447/251 1136/448/251 1176/383/251 1175/382/251
f 1136/448/252 1138/449/252 1177/384/252 1176/383/252
f 1138/449/253 1140/450/253 1178/385/253 1177/384/253
f 1140/450/254 1142/451/254 1179/386/254 1178/385/254
f 1142/451/255 1144/452/255 1180/387/255 1179/386/255
f 1144/452/256 1146/453/256 1181/388/256 1180/387/256
f 1146/453/257 1148/454/257 1182/389/257 1181/388/257
f 1148/454/258 1150/455/258 1183/390/258 1182/389/258
f 1150/455/259 1152/456/259 1184/391/259 1183/390/259
f 1152/456/260 1092/457/260 1154/392/260 1184/391/260
f 1154/458/261 1153/459/261 1155/460/261 1156/461/261 1157/462/261 1158/463/261 1159/464/261 1160/465/261 1161/376/261 1162/466/261 1163/467/261 1164/468/261 1165/469/261 1166/470/261 1167/471/261 1168/472/261 1169/473/261 1170/474/261 1171/475/261 1172/476/261 1173/477/261 1174/478/261 1175/479/261 1176/480/261 1177/33/261 1178/481/261 1179/482/261 1180/483/261 1181/484/261 1182/485/261 1183/486/261 1184/487/261
f 1185/1/262 1186/2/262 1187/488/262 1188/489/262
f 1186/2/263 1189/5/263 1190/490/263 1187/488/263
f 1189/5/264 1191/7/264 1192/491/264 1190/490/264
f 1191/7/265 1193/9/265 1194/492/265 1192/491/265
f 1193/9/266 1195/11/266 1196/493/266 1194/492/266
f 1195/11/267 1197/13/267 1198/494/267 1196/493/267
f 1197/13/268 1199/15/268 1200/495/268 1198/494/268
f 1199/15/269 1201/17/269 1202/496/269 1200/495/269
f 1201/17/270 1203/19/270 1204/497/270 1202/496/270
f 1203/19/271 1205/21/271 1206/498/271 1204/497/271
f 1205/21/272 1207/23/272 1208/499/272 1206/498/272
f 1207/23/273 1209/25/273 1210/500/273 1208/499/273
f 1209/25/274 1211/27/274 1212/501/274 1210/500/274
f 1211/27/275 1213/29/275 1214/502/275 1212/501/275
f 1213/29/276 1215/31/276 1216/503/276 1214/502/276
f 1215/31/277 1217/33/277 1218/504/277 1216/503/277
f 1217/33/278 1219/35/278 1220/505/278 1218/504/278
f 1219/35/279 1221/37/279 1222/506/279 1220/505/279
f 1221/37/280 1223/39/280 1224/507/280 1222/506/280
f 1223/39/281 1225/41/281 1226/508/281 1224/507/281
f 1225/41/282 1227/43/282 1228/509/282 1226/508/282
f 1227/43/283 1229/45/283 1230/510/283 1228/509/283
f 1229/45/284 1231/47/284 1232/511/284 1230/510/284
f 1231/47/285 1233/49/285 1234/512/285 1232/511/285
f 1233/49/286 1235/51/286 1236/513/286 1234/512/286
f 1235/51/287 1237/53/287 1238/514/287 1236/513/287
f 1237/53/288 1239/55/288 1240/515/288 1238/514/288
f 1239/55/289 1241/57/289 1242/516/289 1240/515/289
f 1241/57/290 1243/59/290 1244/517/290 1242/516/290
f 1243/59/291 1245/61/291 1246/518/291 1244/517/291
f 1245/61/292 1247/63/292 1248/519/292 1246/518/292
f 1247/63/293 1185/65/293 1188/520/293 1248/519/293
f 1188/489/294 1187/488/294 1249/360/294 1250/361/294
f 1187/488/295 1190/490/295 1251/362/295 1249/360/295
f 1190/490/296 1192/491/296 1252/363/296 1251/362/296
f 1192/491/297 1194/492/297 1253/364/297 1252/363/297
f 1194/492/298 1196/493/298 1254/365/298 1253/364/298
f 1196/493/299 1198/494/299 1255/366/299 1254/365/299
f 1198/494/300 1200/495/300 1256/367/300 1255/366/300
f 1200/495/301 1202/496/301 1257/368/301 1256/367/301
f 1202/496/302 1204/497/302 1258/369/302 1257/368/302
f 1204/497/303 1206/498/303 1259/370/303 1258/369/303
f 1206/498/304 1208/499/304 1260/371/304 1259/370/304
f 1208/499/305 1210/500/305 1261/372/305 1260/371/305
f 1210/500/306 1212/501/306 1262/373/306 1261/372/306
f 1212/501/307 1214/502/307 1263/374/307 1262/373/307
f 1214/502/308 1216/503/308 1264/375/308 1263/374/308
f 1216/503/309 1218/504/309 1265/376/309 1264/375/309
f 1218/504/310 1220/505/310 1266/377/310 1265/376/310
f 1220/505/311 1222/506/311 1267/378/311 1266/377/311
f 1222/506/312 1224/507/312 1268/379/312 1267/378/312
f 1224/507/313 1226/508/313 1269/380/313 1268/379/313
f 1226/508/314 1228/509/314 1270/381/314 1269/380/314
f 1228/509/315 1230/510/315 1271/382/315 1270/381/315
f 1230/510/316 1232/511/316 1272/383/316 1271/382/316
f 1232/511/317 1234/512/317 1273/384/317 1272/383/317
f 1234/512/318 1236/513/318 1274/385/318 1273/384/318
f 1236/513/319 1238/514/319 1275/386/319 1274/385/319
f 1238/514/320 1240/515/320 1276/387/320 1275/386/320
f 1240/515/321 1242/516/321 1277/388/321 1276/387/321
f 1242/516/322 1244/517/322 1278/389/322 1277/388/322
f 1244/517/323 1246/518/323 1279/390/323 1278/389/323
f 1246/518/324 1248/519/324 1280/391/324 1279/390/324
f 1248/519/325 1188/520/325 1250/392/325 1280/391/325
f 1247/487/326 1245/486/326 1243/485/326 1241/484/326 1239/483/326 1237/482/326 1235/481/326 1233/33/326 1231/480/326 1229/479/326 1227/478/326 1225/477/326 1223/476/326 1221/475/326 1219/474/326 1217/473/326 1215/472/326 1213/471/326 1211/470/326 1209/469/326 1207/468/326 1205/467/326 1203/466/326 1201/376/326 1199/465/326 1197/464/326 1195/463/326 1193/462/326 1191/461/326 1189/460/326 1186/459/326 1185/458/326
o joint_minus
usemtl joint_minus
f 641/1/1 642/2/1 643/3/1 644/4/1
f 642/2/2 645/5/2 646/6/2 643/3/2
f 645/5/3 647/7/3 648/8/3 646/6/3
f 647/7/4 649/9/4 650/10/4 648/8/4
f 649/9/5 651/11/5 652/12/5 650/10/5
f 651/11/6 653/13/6 654/14/6 652/12/6
f 653/13/7 655/15/7 656/16/7 654/14/7
f 655/15/8 657/17/8 658/18/8 656/16/8
f 657/17/9 659/19/9 660/20/9 658/18/9
f 659/19/10 661/21/10 662/22/10 660/20/10
f 661/21/11 663/23/11 664/24/11 662/22/11
f 663/23/12 665/25/12 666/26/12 664/24/12
f 665/25/13 667/27/13 668/28/13 666/26/13
f 667/27/14 669/29/14 670/30/14 668/28/14
f 669/29/15 671/31/15 672/32/15 670/30/15
f 671/31/16 673/33/16 674/34/16 672/32/16
f 673/33/17 675/35/17 676/36/17 674/34/17
f 675/35/18 677/37/18 678/38/18 676/36/18
f 677/37/19 679/39/19 680/40/19 678/38/19
f 679/39/20 681/41/20 682/42/20 680/40/20
f 681/41/21 683/43/21 684/44/21 682/42/21
f 683/43/22 685/45/22 686/46/22 684/44/22
f 685/45/23 687/47/23 688/48/23 686/46/23
f 687/47/24 689/49/24 690/50/24 688/48/24
f 689/49/25 691/51/25 692/52/25 690/50/25
f 691/51/26 693/53/26 694/54/26 692/52/26
f 693/53/27 695/55/27 696/56/27 694/54/27
f 695/55/28 697/57/28 698/58/28 696/56/28
f 697/57/29 699/59/29 700/60/29 698/58/29
f 699/59/30 701/61/30 702/62/30 700/60/30
f 701/61/31 703/63/31 704/64/31 702/62/31
f 703/63/32 641/65/32 644/66/32 704/64/32
f 703/67/33 701/68/33 699/69/33 697/70/33
f 703/67/33 697/70/33 695/71/33 693/72/33
f 703/67/33 693/72/33 691/73/33 689/74/33
f 703/67/33 689/74/33 687/75/33 685/76/33
f 703/67/33 685/76/33 683/77/33 681/78/33
f 703/67/33 681/78/33 679/79/33 677/80/33
f 703/67/33 677/80/33 675/81/33 673/82/33
f 703/67/33 673/82/33 671/83/33 669/84/33
f 703/67/33 669/84/33 667/85/33 665/86/33
f 703/67/33 665/86/33 663/87/33 661/88/33
f 703/67/33 661/88/33 659/89/33 657/90/33
f 703/67/33 657/90/33 655/91/33 653/92/33
f 703/67/33 653/92/33 651/93/33 649/94/33
f 703/67/33 649/94/33 647/95/33 645/96/33
f 703/67/33 645/96/33 642/97/33 641/98/33
f 705/4/34 706/3/34 707/99/34 708/100/34
f 706/3/35 709/6/35 710/101/35 707/99/35
f 709/6/36 711/8/36 712/102/36 710/101/36
f 711/8/37 713/10/37 714/103/37 712/102/37
f 713/10/38 715/12/38 716/104/38 714/103/38
f 715/12/39 717/14/39 718/105/39 716/104/39
f 717/14/40 719/16/40 720/106/40 718/105/40
f 719/16/41 721/18/41 722/107/41 720/106/41
f 721/18/42 723/20/42 724/108/42 722/107/42
f 723/20/43 725/22/43 726/109/43 724/108/43
f 725/22/44 727/24/44 728/110/44 726/109/44
f 727/24/45 729/26/45 730/111/45 728/110/45
f 729/26/46 731/28/46 732/112/46 730/111/46
f 731/28/47 733/30/47 734/113/47 732/112/47
f 733/30/48 735/32/48 736/114/48 734/113/48
f 735/32/49 737/34/49 738/115/49 736/114/49
f 737/34/50 739/36/50 740/116/50 738/115/50
f 739/36/51 741/38/51 742/117/51 740/116/51
f 741/38/52 743/40/52 744/118/52 742/117/52
f 743/40/53 745/42/53 746/119/53 744/118/53
f 745/42/54 747/44/54 748/120/54 746/119/54
f 747/44/55 749/46/55 750/121/55 748/120/55
f 749/46/56 751/48/56 752/122/56 750/121/56
f 751/48/57 753/50/57 754/123/57 752/122/57
f 753/50/58 755/52/58 756/124/58 754/123/58
f 755/52/59 757/54/59 758/125/59 756/124/59
f 757/54/60 759/56/60 760/126/60 758/125/60
f 759/56/61 761/58/61 762/127/61 760/126/61
f 761/58/62 763/60/62 764/128/62 762/127/62
f 763/60/63 765/62/63 766/129/63 764/128/63
f 765/62/64 767/64/64 768/130/64 766/129/64
f 767/64/65 705/66/65 708/131/65 768/130/65
f 767/132/33 765/133/33 763/134/33 761/135/33
f 767/132/33 761/135/33 759/136/33 757/137/33
f 767/132/33 757/137/33 755/138/33 753/139/33
f 767/132/33 753/139/33 751/140/33 749/141/33
f 767/132/33 749/141/33 747/142/33 745/143/33
f 767/132/33 745/143/33 743/144/33 741/145/33
f 767/132/33 741/145/33 739/146/33 737/147/33
f 767/132/33 737/147/33 735/148/33 733/149/33
f 767/132/33 733/149/33 731/150/33 729/151/33
f 767/132/33 729/151/33 727/152/33 725/153/33
f 767/132/33 725/153/33 723/154/33 721/155/33
f 767/132/33 721/155/33 719/156/33 717/157/33
f 767/132/33 717/157/33 715/158/33 713/159/33
f 767/132/33 713/159/33 711/160/33 709/161/33
f 767/132/33 709/161/33 706/162/33 705/163/33
f 708/163/66 707/162/66 710/161/66 712/160/66
f 708/163/66 712/160/66 714/159/66 716/158/66
f 708/163/66 716/158/66 718/157/66 720/156/66
f 708/163/66 720/156/66 722/155/66 724/154/66
f 708/163/66 724/154/66 726/153/66 728/152/66
f 708/163/66 728/152/66 730/151/66 732/150/66
f 708/163/66 732/150/66 734/149/66 736/148/66
f 708/163/66 736/148/66 738/147/66 740/146/66
f 708/163/66 740/146/66 742/145/66 744/144/66
f 708/163/66 744/144/66 746/143/66 748/142/66
f 708/163/66 748/142/66 750/141/66 752/140/66
f 708/163/66 752/140/66 754/139/66 756/138/66
f 708/163/66 756/138/66 758/137/66 760/136/66
f 708/163/66 760/136/66 762/135/66 764/134/66
f 708/163/66 764/134/66 766/133/66 768/132/66
f 769/100/34 770/99/34 771/164/34 772/165/34
f 770/99/35 773/101/35 774/166/35 771/164/35
f 773/101/36 775/102/36 776/167/36 774/166/36
f 775/102/37 777/103/37 778/168/37 776/167/37
f 777/103/38 779/104/38 780/169/38 778/168/38
f 779/104/39 781/105/39 782/170/39 780/169/39
f 781/105/40 783/106/40 784/171/40 782/170/40
f 783/106/41 785/107/41 786/172/41 784/171/41
f 785/107/42 787/108/42 788/173/42 786/172/42
f 787/108/43 789/109/43 790/174/43 788/173/43
f 789/109/44 791/110/44 792/175/44 790/174/44
f 791/110/45 793/111/45 794/176/45 792/175/45
f 793/111/46 795/112/46 796/177/46 794/176/46
f 795/112/47 797/113/47 798/178/47 796/177/47
f 797/113/48 799/114/48 800/179/48 798/178/48
f 799/114/49 801/115/49 802/180/49 800/179/49
f 801/115/50 803/116/50 804/181/50 802/180/50
f 803/116/51 805/117/51 806/182/51 804/181/51
f 805/117/52 807/118/52 808/183/52 806/182/52
f 807/118/53 809/119/53 810/184/53 808/183/53
f 809/119/54 811/120/54 812/185/54 810/184/54
f 811/120/55 813/121/55 814/186/55 812/185/55
f 813/121/56 815/122/56 816/187/56 814/186/56
f 815/122/57 817/123/57 818/188/57 816/187/57
f 817/123/58 819/124/58 820/189/58 818/188/58
f 819/124/59 821/125/59 822/190/59 820/189/59
f 821/125/60 823/126/60 824/191/60 822/190/60
f 823/126/61 825/127/61 826/192/61 824/191/61
f 825/127/62 827/128/62 828/193/62 826/192/62
f 827/128/63 829/129/63 830/194/63 828/193/63
f 829/129/64 831/130/64 832/195/64 830/194/64
f 831/130/65 769/131/65 772/196/65 832/195/65
f 833/165/34 834/164/34 835/197/34 836/198/34
f 834/164/35 837/166/35 838/199/35 835/197/35
f 837/166/36 839/167/36 840/200/36 838/199/36
f 839/167/37 841/168/37 842/201/37 840/200/37
f 841/168/38 843/169/38 844/202/38 842/201/38
f 843/169/39 845/170/39 846/203/39 844/202/39
f 845/170/40 847/171/40 848/204/40 846/203/40
f 847/171/41 849/172/41 850/205/41 848/204/41
f 849/172/42 851/173/42 852/206/42 850/205/42
f 851/173/43 853/174/43 854/207/43 852/206/43
f 853/174/44 855/175/44 856/208/44 854/207/44
f 855/175/45 857/176/45 858/209/45 856/208/45
f 857/176/46 859/177/46 860/210/46 858/209/46
f 859/177/47 861/178/47 862/211/47 860/210/47
f 861/178/48 863/179/48 864/212/48 862/211/48
f 863/179/49 865/180/49 866/213/49 864/212/49
f 865/180/50 867/181/50 868/214/50 866/213/50
f 867/181/51 869/182/51 870/215/51 868/214/51
f 869/182/52 871/183/52 872/216/52 870/215/52
f 871/183/53 873/184/53 874/217/53 872/216/53
f 873/184/54 875/185/54 876/218/54 874/217/54
f 875/185/55 877/186/55 878/219/55 876/218/55
f 877/186/56 879/187/56 880/220/56 878/219/56
f 879/187/57 881/188/57 882/221/57 880/220/57
f 881/188/58 883/189/58 884/222/58 882/221/58
f 883/189/59 885/190/59 886/223/59 884/222/59
f 885/190/60 887/191/60 888/224/60 886/223/60
f 887/191/61 889/192/61 890/225/61 888/224/61
f 889/192/62 891/193/62 892/226/62 890/225/62
f 891/193/63 893/194/63 894/227/63 892/226/63
f 893/194/64 895/195/64 896/228/64 894/227/64
f 895/195/65 833/196/65 836/229/65 896/228/65
f 895/230/33 893/231/33 891/232/33 889/233/33
f 895/230/33 889/233/33 887/234/33 885/235/33
f 895/230/33 885/235/33 883/236/33 881/237/33
f 895/230/33 881/237/33 879/238/33 877/239/33
f 895/230/33 877/239/33 875/240/33 873/241/33
f 895/230/33 873/241/33 871/242/33 869/243/33
f 895/230/33 869/243/33 867/244/33 865/245/33
f 895/230/33 865/245/33 863/246/33 861/247/33
f 895/230/33 861/247/33 859/248/33 857/249/33
f 895/230/33 857/249/33 855/250/33 853/251/33
f 895/230/33 853/251/33 851/252/33 849/253/33
f 895/230/33 849/253/33 847/254/33 845/255/33
f 895/230/33 845/255/33 843/256/33 841/257/33
f 895/230/33 841/257/33 839/258/33 837/259/33
f 895/230/33 837/259/33 834/260/33 833/261/33
f 836/261/66 835/260/66 838/259/66 840/258/66
f 836/261/66 840/258/66 842/257/66 844/256/66
f 836/261/66 844/256/66 846/255/66 848/254/66
f 836/261/66 848/254/66 850/253/66 852/252/66
f 836/261/66 852/252/66 854/251/66 856/250/66
f 836/261/66 856/250/66 858/249/66 860/248/66
f 836/261/66 860/248/66 862/247/66 864/246/66
f 836/261/66 864/246/66 866/245/66 868/244/66
f 836/261/66 868/244/66 870/243/66 872/242/66
f 836/261/66 872/242/66 874/241/66 876/240/66
f 836/261/66 876/240/66 878/239/66 880/238/66
f 836/261/66 880/238/66 882/237/66 884/236/66
f 836/261/66 884/236/66 886/235/66 888/234/66
f 836/261/66 888/234/66 890/233/66 892/232/66
f 836/261/66 892/232/66 894/231/66 896/230/66
f 897/198/34 898/197/34 899/262/34 900/263/34
f 898/197/35 901/199/35 902/264/35 899/262/35
f 901/199/36 903/200/36 904/265/36 902/264/36
f 903/200/37 905/201/37 906/266/37 904/265/37
f 905/201/38 907/202/38 908/267/38 906/266/38
f 907/202/39 909/203/39 910/268/39 908/267/39
f 909/203/40 911/204/40 912/269/40 910/268/40
f 911/204/41 913/205/41 914/270/41 912/269/41
f 913/205/42 915/206/42 916/271/42 914/270/42
f 915/206/43 917/207/43 918/272/43 916/271/43
f 917/207/44 919/208/44 920/273/44 918/272/44
f 919/208/45 921/209/45 922/274/45 920/273/45
f 921/209/46 923/210/46 924/275/46 922/274/46
f 923/210/47 925/211/47 926/276/47 924/275/47
f 925/211/48 927/212/48 928/277/48 926/276/48
f 927/212/49 929/213/49 930/278/49 928/277/49
f 929/213/50 931/214/50 932/279/50 930/278/50
f 931/214/51 933/215/51 934/280/51 932/279/51
f 933/215/52 935/216/52 936/281/52 934/280/52
f 935/216/53 937/217/53 938/282/53 936/281/53
f 937/217/54 939/218/54 940/283/54 938/282/54
f 939/218/55 941/219/55 942/284/55 940/283/55
f 941/219/56 943/220/56 944/285/56 942/284/56
f 943/220/57 945/221/57 946/286/57 944/285/57
f 945/221/58 947/222/58 948/287/58 946/286/58
f 947/222/59 949/223/59 950/288/59 948/287/59
f 949/223/60 951/224/60 952/289/60 950/288/60
f 951/224/61 953/225/61 954/290/61 952/289/61
f 953/225/62 955/226/62 956/291/62 954/290/62
f 955/226/63 957/227/63 958/292/63 956/291/63
f 957/227/64 959/228/64 960/293/64 958/292/64
f 959/228/65 897/229/65 900/294/65 960/293/65
f 961/263/34 962/262/34 963/295/34 964/296/34
f 962/262/35 965/264/35 966/297/35 963/295/35
f 965/264/36 967/265/36 968/298/36 966/297/36
f 967/265/37 969/266/37 970/299/37 968/298/37
f 969/266/38 971/267/38 972/300/38 970/299/38
f 971/267/39 973/268/39 974/301/39 972/300/39
f 973/268/40 975/269/40 976/302/40 974/301/40
f 975/269/41 977/270/41 978/303/41 976/302/41
f 977/270/42 979/271/42 980/304/42 978/303/42
f 979/271/43 981/272/43 982/305/43 980/304/43
f 981/272/44 983/273/44 984/306/44 982/305/44
f 983/273/45 985/274/45 986/307/45 984/306/45
f 985/274/46 987/275/46 988/308/46 986/307/46
f 987/275/47 989/276/47 990/309/47 988/308/47
f 989/276/48 991/277/48 992/310/48 990/309/48
f 991/277/49 993/278/49 994/311/49 992/310/49
f 993/278/50 995/279/50 996/312/50 994/311/50
f 995/279/51 997/280/51 998/313/51 996/312/51
f 997/280/52 999/281/52 1000/314/52 998/313/52
f 999/281/53 1001/282/53 1002/315/53 1000/314/53
f 1001/282/54 1003/283/54 1004/316/54 1002/315/54
f 1003/283/55 1005/284/55 1006/317/55 1004/316/55
f 1005/284/56 1007/285/56 1008/318/56 1006/317/56
f 1007/285/57 1009/286/57 1010/319/57 1008/318/57
f 1009/286/58 1011/287/58 1012/320/58 1010/319/58
f 1011/287/59 1013/288/59 1014/321/59 1012/320/59
f 1013/288/60 1015/289/60 1016/322/60 1014/321/60
f 1015/289/61 1017/290/61 1018/323/61 1016/322/61
f 1017/290/62 1019/291/62 1020/324/62 1018/323/62
f 1019/291/63 1021/292/63 1022/325/63 1020/324/63
f 1021/292/64 1023/293/64 1024/326/64 1022/325/64
f 1023/293/65 961/294/65 964/327/65 1024/326/65
f 1023/328/33 1021/329/33 1019/330/33 1017/331/33
f 1023/328/33 1017/331/33 1015/332/33 1013/333/33
f 1023/328/33 1013/333/33 1011/334/33 1009/335/33
f 1023/328/33 1009/335/33 1007/336/33 1005/337/33
f 1023/328/33 1005/337/33 1003/338/33 1001/339/33
f 1023/328/33 1001/339/33 999/340/33 997/341/33
f 1023/328/33 997/341/33 995/342/33 993/343/33
f 1023/328/33 993/343/33 991/344/33 989/345/33
f 1023/328/33 989/345/33 987/346/33 985/347/33
f 1023/328/33 985/347/33 983/348/33 981/349/33
f 1023/328/33 981/349/33 979/350/33 977/351/33
f 1023/328/33 977/351/33 975/352/33 973/353/33
f 1023/328/33 973/353/33 971/354/33 969/355/33
f 1023/328/33 969/355/33 967/356/33 965/357/33
f 1023/328/33 965/357/33 962/358/33 961/359/33
f 964/359/66 963/358/66 966/357/66 968/356/66
f 964/359/66 968/356/66 970/355/66 972/354/66
f 964/359/66 972/354/66 974/353/66 976/352/66
f 964/359/66 976/352/66 978/351/66 980/350/66
f 964/359/66 980/350/66 982/349/66 984/348/66
f 964/359/66 984/348/66 986/347/66 988/346/66
f 964/359/66 988/346/66 990/345/66 992/344/66
f 964/359/66 992/344/66 994/343/66 996/342/66
f 964/359/66 996/342/66 998/341/66 1000/340/66
f 964/359/66 1000/340/66 1002/339/66 1004/338/66
f 964/359/66 1004/338/66 1006/337/66 1008/336/66
f 964/359/66 1008/336/66 1010/335/66 1012/334/66
f 964/359/66 1012/334/66 1014/333/66 1016/332/66
f 964/359/66 1016/332/66 1018/331/66 1020/330/66
f 964/359/66 1020/330/66 1022/329/66 1024/328/66
f 1025/296/67 1026/295/67 1027/360/67 1028/361/67
f 1026/295/68 1029/297/68 1030/362/68 1027/360/68
f 1029/297/69 1031/298/69 1032/363/69 1030/362/69
f 1031/298/70 1033/299/70 1034/364/70 1032/363/70
f 1033/299/71 1035/300/71 1036/365/71 1034/364/71
f 1035/300/72 1037/301/72 1038/366/72 1036/365/72
f 1037/301/73 1039/302/73 1040/367/73 1038/366/73
f 1039/302/74 1041/303/74 1042/368/74 1040/367/74
f 1041/303/75 1043/304/75 1044/369/75 1042/368/75
f 1043/304/76 1045/305/76 1046/370/76 1044/369/76
f 1045/305/77 1047/306/77 1048/371/77 1046/370/77
f 1047/306/78 1049/307/78 1050/372/78 1048/371/78
f 1049/307/79 1051/308/79 1052/373/79 1050/372/79
f 1051/308/80 1053/309/80 1054/374/80 1052/373/80
f 1053/309/81 1055/310/81 1056/375/81 1054/374/81
f 1055/310/82 1057/311/82 1058/376/82 1056/375/82
f 1057/311/83 1059/312/83 1060/377/83 1058/376/83
f 1059/312/84 1061/313/84 1062/378/84 1060/377/84
f 1061/313/85 1063/314/85 1064/379/85 1062/378/85
f 1063/314/86 1065/315/86 1066/380/86 1064/379/86
f 1065/315/87 1067/316/87 1068/381/87 1066/380/87
f 1067/316/88 1069/317/88 1070/382/88 1068/381/88
f 1069/317/89 1071/318/89 1072/383/89 1070/382/89
f 1071/318/90 1073/319/90 1074/384/90 1072/383/90
f 1073/319/91 1075/320/91 1076/385/91 1074/384/91
f 1075/320/92 1077/321/92 1078/386/92 1076/385/92
f 1077/321/93 1079/322/93 1080/387/93 1078/386/93
f 1079/322/94 1081/323/94 1082/388/94 1080/387/94
f 1081/323/95 1083/324/95 1084/389/95 1082/388/95
f 1083/324/96 1085/325/96 1086/390/96 1084/389/96
f 1085/325/97 1087/326/97 1088/391/97 1086/390/97
f 1087/326/98 1025/327/98 1028/392/98 1088/391/98
f 1028/393/66 1027/394/66 1030/395/66 1032/396/66
f 1028/393/66 1032/396/66 1034/397/66 1036/398/66
f 1028/393/66 1036/398/66 1038/399/66 1040/400/66
f 1028/393/66 1040/400/66 1042/401/66 1044/402/66
f 1028/393/66 1044/402/66 1046/403/66 1048/404/66
f 1028/393/66 1048/404/66 1050/405/66 1052/406/66
f 1028/393/66 1052/406/66 1054/407/66 1056/408/66
f 1028/393/66 1056/408/66 1058/409/66 1060/410/66
f 1028/393/66 1060/410/66 1062/411/66 1064/412/66
f 1028/393/66 1064/412/66 1066/413/66 1068/414/66
f 1028/393/66 1068/414/66 1070/415/66 1072/416/66
f 1028/393/66 1072/416/66 1074/417/66 1076/418/66
f 1028/393/66 1076/418/66 1078/419/66 1080/420/66
f 1028/393/66 1080/420/66 1082/421/66 1084/422/66
f 1028/393/66 1084/422/66 1086/423/66 1088/424/66
o bedding
usemtl trench
f 1281/361/327 1282/392/327 1283/65/327 1284/1/327
f 1285/1/328 1286/65/328 1287/392/328 1288/361/328
f 1288/392/33 1287/361/33 1282/1/33 1281/65/33
f 1286/392/66 1285/361/66 1284/1/66 1283/65/66
f 1285/392/329 1288/361/329 1281/1/329 1284/65/329
f 1287/392/330 1286/361/330 1283/1/330 1282/65/330
f 1288/473/327 1287/521/327 1289/33/327 1290/1/327
f 1291/1/328 1292/33/328 1293/521/328 1294/473/328
f 1294/521/33 1293/473/33 1287/1/33 1288/33/33
f 1292/521/66 1291/473/66 1290/1/66 1289/33/66
f 1291/521/329 1294/473/329 1288/1/329 1290/33/329
f 1293/521/330 1292/473/330 1289/1/330 1287/33/330
f 1295/473/327 1296/521/327 1286/33/327 1285/1/327
f 1297/1/328 1298/33/328 1299/521/328 1300/473/328
f 1300/521/33 1299/473/33 1296/1/33 1295/33/33
f 1298/521/66 1297/473/66 1285/1/66 1286/33/66
f 1297/521/329 1300/473/329 1295/1/329 1285/33/329
f 1299/521/330 1298/473/330 1286/1/330 1296/33/330
f 1290/473/327 1301/521/327 1302/33/327 1295/1/327
f 1300/1/328 1303/33/328 1304/521/328 1291/473/328
f 1291/521/33 1304/473/33 1301/1/33 1290/33/33
f 1303/521/66 1300/473/66 1295/1/66 1302/33/66
f 1300/521/329 1291/473/329 1290/1/329 1295/33/329
f 1304/521/330 1303/473/330 1302/1/330 1301/33/330
f 1305/473/327 1289/521/327 1296/33/327 1306/1/327
f 1307/1/328 1299/33/328 1292/521/328 1308/473/328
f 1308/521/33 1292/473/33 1289/1/33 1305/33/33
f 1299/521/66 1307/473/66 1306/1/66 1296/33/66
f 1307/521/329 1308/473/329 1305/1/329 1306/33/329
f 1292/521/330 1299/473/330 1296/1/330 1289/33/330
